person_id,n_orders,net_rev,contribution,first_date,first_month,second_date,days_to_second,first_codes,first_welcome,first_group,first_net_sales,first_contribution,first_order_id,raw_label,source,ambiguous,accepts_marketing,created_utc
0000000497e9,1,117.3,71.63999999999999,2026-06-18,2026-06,,,WELCOME15,True,item_discount,117.3,71.63999999999999,5841,google_ads,google_ads,False,False,2026-06-09T10:30:00Z
0000000ef572,1,69.36,30.54999999999999,2026-05-04,2026-05,,,MOMS15+WELCOME15,True,item_discount,69.36,30.54999999999999,5090,meta,meta_ads,False,False,2026-05-04T13:07:56Z
0000001952fb,1,110.0,72.73,2026-04-21,2026-04,,,,False,no_code,110.0,72.73,4872,meta,meta_ads,False,False,2026-04-21T01:03:27Z
00000023b084,1,37.4,24.51,2026-03-05,2026-03,,,WELCOME15,True,item_discount,37.4,24.51,4092,organic_search,organic_search,False,True,2026-03-05T13:54:45Z
000000294c42,1,35.2,22.480000000000008,2025-07-22,2025-07,,,SUMMER20,False,item_discount,35.2,22.480000000000008,1172,,unknown,False,True,2025-07-22T10:39:08Z
0000002e0e0d,1,27.45,16.68,2026-02-03,2026-02,,,SKINBYJORDAN15+WELCOME15,True,item_discount,27.45,16.68,3679,influencer,influencer,False,True,2026-02-03T11:07:52Z
00000033a9cb,2,52.7,31.670000000000005,2025-09-17,2025-09,2025-11-30,74.0,WELCOME15,True,item_discount,28.9,18.370000000000005,1648,direct,direct,False,True,2025-09-17T02:29:06Z
0000003b50f0,1,34.0,23.37,2025-07-07,2025-07,,,,False,no_code,34.0,23.37,1042,meta,meta_ads,False,False,2025-07-07T23:32:26Z
0000007df02d,1,36.0,24.450000000000003,2026-04-08,2026-04,,,,False,no_code,36.0,24.450000000000003,4681,google_ads,google_ads,False,False,2026-04-08T23:11:33Z
000000884cef,3,146.6,75.83,2025-12-02,2025-12,2025-12-31,29.0,AMELIA10,False,item_discount,30.6,14.289999999999994,2872,influencer,influencer,False,True,2025-12-02T04:28:13Z
000000884db6,2,74.0,43.64,2026-03-25,2026-03,2026-04-27,33.0,,False,no_code,50.0,27.76,4472,referral,referral,False,True,2026-03-25T14:00:49Z
0000008de974,1,28.0,15.570000000000002,2025-07-20,2025-07,,,,False,no_code,28.0,15.570000000000002,1150,tiktok,tiktok_ads,False,True,2025-07-20T00:30:41Z
00000092aa78,1,26.0,16.349999999999998,2026-01-09,2026-01,,,,False,no_code,26.0,16.349999999999998,3382,organic_search,organic_search,False,True,2026-01-09T22:32:48Z
00000092ab3f,2,226.4,148.76999999999998,2026-02-26,2026-02,2026-03-31,33.0,,False,no_code,194.0,126.85,3994,organic_search,organic_search,False,False,2026-02-26T12:13:59Z
0000009846fd,1,30.6,20.000000000000004,2025-09-20,2025-09,,,DERMDIARY10,False,item_discount,30.6,20.000000000000004,1684,influencer,influencer,False,True,2025-09-20T03:08:38Z
0000009d0801,1,88.0,54.79,2026-02-01,2026-02,,,,False,no_code,88.0,54.79,3649,organic_search,organic_search,False,True,2026-02-01T13:42:14Z
0000009d08c8,3,207.0,118.03,2025-12-14,2025-12,2026-02-22,70.0,,False,no_code,112.0,62.91,3028,organic_search,organic_search,False,True,2025-12-14T03:12:57Z
000000a2a486,3,105.8,63.90999999999999,2025-10-13,2025-10,2025-12-18,66.0,WELCOME15,True,item_discount,57.8,30.78,1963,meta,meta_ads,False,False,2025-10-07T15:57:01Z
000000a2a54d,1,110.0,60.28,2026-05-11,2026-05,,,,False,no_code,110.0,60.28,5225,referral,referral,False,True,2026-05-11T01:12:07Z
000000a7658a,1,96.0,61.21,2026-03-27,2026-03,,,,False,no_code,96.0,61.21,4495,direct,direct,False,False,2026-03-27T00:22:54Z
000000a76651,1,27.2,17.92,2025-11-23,2025-11,,,WELCOME15,True,item_discount,27.2,17.92,2396,tiktok,tiktok_ads,False,True,2025-11-06T13:48:56Z
000000ad020f,2,134.39999999999998,70.95999999999998,2025-11-28,2025-11,2025-12-20,22.0,BFCM30,False,item_discount,58.8,28.68,2695,meta,meta_ads,False,False,2025-11-28T15:59:08Z
000000b1c313,1,0.0,-12.93,2026-05-05,2026-05,,,MOMS15,False,item_discount,37.4,-12.93,5106,google_ads,google_ads,False,False,2026-05-05T03:53:54Z
000000f74871,1,74.8,39.06,2026-02-23,2026-02,,,WELCOME15,True,item_discount,74.8,39.06,3964,direct,direct,False,True,2026-02-23T22:24:00Z
000000fc0975,3,120.4,74.35999999999999,2025-08-26,2025-08,2025-10-22,57.0,WELCOME15,True,item_discount,27.2,17.47,1444,Facebook,meta_ads,False,True,2025-08-26T16:25:07Z
00000101a5fa,1,78.0,44.61999999999999,2025-12-10,2025-12,,,,False,no_code,78.0,44.61999999999999,2977,organic_search,organic_search,False,True,2025-12-10T07:02:52Z
0000010c02bc,1,24.65,16.589999999999993,2026-03-08,2026-03,,,WELCOME15,True,item_discount,24.65,16.589999999999993,4118,tiktok,tiktok_ads,False,True,2026-03-08T01:55:50Z
0000010c0383,1,44.8,19.730000000000004,2025-11-27,2025-11,,,BFCM30,False,item_discount,44.8,19.730000000000004,2651,meta,meta_ads,False,True,2025-11-27T20:35:36Z
000001166045,1,76.0,49.16,2026-05-26,2026-05,,,,False,no_code,76.0,49.16,5460,tiktok,tiktok_ads,False,True,2026-05-26T15:56:40Z
00000116610c,1,40.8,24.910000000000004,2025-10-08,2025-10,,,WELCOME15,True,item_discount,40.8,24.910000000000004,1888,google_ads,google_ads,False,True,2025-10-08T13:38:40Z
00000120bdce,1,47.0,22.34,2026-06-14,2026-06,,,,False,no_code,62.0,22.34,5782,meta,meta_ads,False,True,2026-06-05T21:47:36Z
00000120be95,1,28.9,19.280000000000005,2025-09-24,2025-09,,,WELCOME15,True,item_discount,28.9,19.280000000000005,1721,google_ads,google_ads,False,True,2025-09-24T14:50:14Z
0000014ea1f9,3,204.4,118.13000000000001,2025-07-26,2025-07,2025-10-22,88.0,SUMMER20,False,item_discount,70.4,38.32000000000001,1192,organic_search,organic_search,False,True,2025-07-26T14:19:19Z
00000158ff82,1,28.9,18.4,2025-08-28,2025-08,,,WELCOME15,True,item_discount,28.9,18.4,1460,referral,referral,False,True,2025-08-28T13:29:37Z
000001590049,1,34.0,24.39,2026-06-01,2026-06,,,,False,no_code,34.0,24.39,5557,google_ads,google_ads,False,False,2026-06-01T20:34:10Z
000001635d0b,1,70.0,43.72,2025-10-08,2025-10,,,,False,no_code,70.0,43.72,1884,Direct,direct,False,True,2025-10-08T11:29:47Z
000001709fee,1,93.0,48.63,2026-03-15,2026-03,,,SPRING25,False,item_discount,93.0,48.63,4231,meta,meta_ads,False,False,2026-03-15T12:57:50Z
0000017afd77,1,100.3,45.6,2026-05-18,2026-05,,,WELCOME15,True,item_discount,100.3,45.6,5342,meta,meta_ads,False,True,2026-05-18T07:45:41Z
000001855b00,2,98.0,62.53000000000001,2026-06-01,2026-06,2026-06-22,21.0,,False,no_code,38.0,26.760000000000005,5550,,unknown,False,True,2026-06-01T03:34:05Z
000001ada36d,1,51.0,28.890000000000004,2026-03-26,2026-03,,,,False,no_code,51.0,28.890000000000004,4486,facebook_ads,meta_ads,False,True,2026-03-26T12:07:43Z
000001b33f2b,1,84.0,49.13,2025-07-28,2025-07,,,,False,no_code,84.0,49.13,1212,meta,meta_ads,False,True,2025-07-28T02:30:17Z
000001b8002f,1,30.6,20.540000000000003,2025-12-28,2025-12,,,WELCOME15,True,item_discount,30.6,20.540000000000003,3200,meta,meta_ads,False,True,2025-12-28T01:01:31Z
000001b800f6,1,57.8,34.32,2026-02-10,2026-02,,,WELCOME15,True,item_discount,57.8,34.32,3794,tiktok,tiktok_ads,False,True,2026-02-10T12:17:06Z
000001bd9cb4,1,28.9,17.92,2025-08-27,2025-08,,,WELCOME15,True,item_discount,28.9,17.92,1452,meta,meta_ads,False,True,2025-08-27T16:18:16Z
000001bd9d7b,1,93.5,52.50999999999999,2026-06-21,2026-06,,,SKINBYJORDAN15,False,item_discount,93.5,52.50999999999999,5913,influencer,influencer,False,True,2026-06-21T20:59:20Z
000001c25e7f,1,22.0,14.69,2026-01-16,2026-01,,,,False,no_code,22.0,14.69,3448,meta,meta_ads,False,True,2026-01-01T04:11:50Z
000001c7fa3d,3,219.4,119.39,2025-10-24,2025-10,2025-11-26,33.0,WELCOME15,True,item_discount,28.9,18.53,2101,IG,meta_ads,True,False,2025-10-24T10:19:03Z
000001c7fb04,1,32.3,21.44,2026-05-17,2026-05,,,WELCOME15,True,item_discount,32.3,21.44,5325,influencer,influencer,False,False,2026-05-17T02:27:11Z
000001ccbc08,1,60.0,35.46,2025-11-21,2025-11,,,,False,no_code,60.0,35.46,2379,direct,direct,False,True,2025-11-21T15:42:28Z
000001d257c6,1,25.2,15.28,2025-11-24,2025-11,,,BFCM30,False,item_discount,25.2,15.28,2456,meta,meta_ads,False,False,2025-11-24T22:43:37Z
000001d2588d,2,108.9,60.63,2026-04-16,2026-04,2026-06-27,72.0,,False,no_code,54.0,30.33,4800,IG,meta_ads,True,True,2026-04-16T22:07:55Z
000001d71991,1,129.0,84.14,2025-11-10,2025-11,,,,False,no_code,129.0,84.14,2279,,unknown,False,True,2025-11-10T07:38:05Z
000001dcb54f,1,130.9,77.55,2025-12-16,2025-12,,,HOLIDAY15,False,item_discount,130.9,77.55,3064,direct,direct,False,False,2025-12-16T16:55:28Z
0000022239e6,1,24.56,14.06,2025-08-30,2025-08,,,LABORDAY15+WELCOME15,True,item_discount,24.560000000000002,14.06,1477,influencer,influencer,False,False,2025-08-30T23:26:04Z
00000226fbb1,2,191.9,124.97,2026-01-04,2026-01,2026-01-22,18.0,WELCOME15,True,item_discount,45.9,28.83,3291,referral,referral,False,False,2026-01-04T03:29:35Z
0000022c976f,1,36.0,25.23,2025-10-24,2025-10,,,,False,no_code,36.0,25.23,2094,meta,meta_ads,False,False,2025-10-24T00:54:40Z
000002315873,3,274.6,168.48,2026-03-25,2026-03,2026-04-21,27.0,,False,no_code,86.0,54.53,4478,google_ads,google_ads,False,True,2026-03-25T21:34:45Z
00000231593a,1,16.8,9.87,2025-11-27,2025-11,,,BFCM30,False,item_discount,16.8,9.87,2635,,unknown,False,True,2025-11-27T14:46:43Z
00000236f4f8,3,206.4,83.88999999999999,2025-11-28,2025-11,2026-01-04,37.0,BFCM30,False,item_discount,107.8,37.37,2697,organic_search,organic_search,False,True,2025-11-28T16:53:14Z
0000023bb5fc,1,58.0,33.74,2026-04-10,2026-04,,,,False,no_code,58.0,33.74,4715,tiktok,tiktok_ads,False,True,2026-04-10T16:48:00Z
0000023bb6c3,1,89.6,42.37,2025-11-30,2025-11,,,BFCM30,False,item_discount,89.6,42.37,2826,influencer,influencer,False,False,2025-11-30T23:04:22Z
000002415281,1,34.0,23.390000000000004,2025-12-15,2025-12,,,,False,no_code,34.0,23.390000000000004,3050,direct,direct,False,True,2025-12-15T23:11:50Z
000002461385,1,62.05,34.87,2026-05-23,2026-05,,,WELCOME15,True,item_discount,62.05,34.87,5405,organic_search,organic_search,False,False,2026-05-23T05:50:42Z
00000246144c,1,106.0,65.12,2025-10-16,2025-10,,,,False,no_code,106.0,65.12,1988,google_ads,google_ads,False,True,2025-10-16T10:00:31Z
0000024bb00a,2,95.2,61.61000000000001,2026-01-11,2026-01,2026-04-20,99.0,,False,no_code,34.0,24.39,3410,,unknown,False,False,2026-01-11T23:04:47Z
00000250710e,1,44.0,26.29,2026-06-25,2026-06,,,,False,no_code,44.0,26.29,5978,organic_search,organic_search,False,False,2026-06-25T12:47:24Z
0000025071d5,1,37.4,24.159999999999997,2025-08-11,2025-08,,,WELCOME15,True,item_discount,37.4,24.159999999999997,1324,IG,meta_ads,True,True,2025-08-11T23:43:04Z
000002560d93,1,32.3,21.36,2026-02-20,2026-02,,,WELCOME15,True,item_discount,32.3,21.36,3923,organic_search,organic_search,False,True,2026-02-20T23:16:24Z
0000027e5600,1,22.1,12.15,2026-06-23,2026-06,,,WELCOME15,True,item_discount,22.1,12.15,5942,meta,meta_ads,False,True,2026-05-30T06:36:31Z
00000288b389,1,28.8,18.65,2026-05-03,2026-05,,,DERMDIARY10,False,item_discount,28.8,18.65,5069,influencer,influencer,False,False,2026-05-03T04:13:18Z
00000295f66c,1,58.8,23.55,2025-11-25,2025-11,,,BFCM30,False,item_discount,58.8,23.55,2464,organic_search,organic_search,False,False,2025-11-25T00:18:00Z
000002a053f5,1,54.6,25.130000000000003,2025-11-27,2025-11,,,BFCM30,False,item_discount,54.6,25.130000000000003,2630,organic_search,organic_search,False,False,2025-11-27T13:51:45Z
000002aab0b7,1,28.9,18.860000000000003,2026-05-06,2026-05,,,MOMS15,False,item_discount,28.9,18.860000000000003,5131,google_ads,google_ads,False,True,2026-05-06T10:29:31Z
000002aab17e,1,30.6,20.58,2025-10-18,2025-10,,,WELCOME15,True,item_discount,30.6,20.58,2021,meta,meta_ads,False,False,2025-09-16T21:16:59Z
000002b50e40,1,110.0,68.69999999999999,2026-06-03,2026-06,,,,False,no_code,110.0,68.69999999999999,5581,Direct,direct,False,True,2026-06-03T15:12:04Z
000002b50f07,2,195.2,109.49,2025-08-21,2025-08,2025-10-13,53.0,,False,no_code,116.0,72.02,1410,direct,direct,False,True,2025-08-21T04:58:55Z
000002e2f26b,3,219.0,126.47999999999999,2025-08-31,2025-08,2025-10-23,53.0,LABORDAY15,False,item_discount,71.4,36.720000000000006,1482,meta,meta_ads,False,True,2025-08-31T14:25:58Z
000002e2f332,1,28.9,19.450000000000003,2026-06-12,2026-06,,,WELCOME15,True,item_discount,28.9,19.450000000000003,5751,direct,direct,False,False,2026-06-12T22:56:48Z
000002ed4ff4,1,22.0,14.929999999999998,2025-09-10,2025-09,,,,False,no_code,22.0,14.929999999999998,1585,Direct,direct,False,False,2025-09-10T17:46:49Z
000002ed50bb,1,38.0,26.74,2026-05-19,2026-05,,,,False,no_code,38.0,26.74,5360,Facebook,meta_ads,False,False,2026-05-19T14:19:00Z
000002f7ad7d,1,58.8,23.66,2025-11-26,2025-11,,,BFCM30,False,item_discount,58.8,23.66,2592,google_ads,google_ads,False,True,2025-11-26T21:03:15Z
000002f7ae44,1,25.5,15.58,2026-04-09,2026-04,,,WELCOME15,True,item_discount,25.5,15.58,4684,Facebook,meta_ads,False,True,2026-04-09T02:05:05Z
000003020b06,1,137.2,72.17,2025-11-26,2025-11,,,BFCM30,False,item_discount,137.2,72.17,2601,organic_search,organic_search,False,True,2025-11-26T23:48:30Z
000003020bcd,1,64.6,23.01,2026-03-30,2026-03,,,SKINBYJORDAN15,False,item_discount,102.0,23.01,4539,influencer,influencer,False,False,2026-03-30T19:40:56Z
00000307a78b,1,35.2,22.360000000000003,2025-07-31,2025-07,,,SUMMER20,False,item_discount,35.2,22.360000000000003,1240,meta,meta_ads,False,True,2025-07-31T21:02:36Z
0000030c688f,1,37.4,24.28,2025-12-04,2025-12,,,HOLIDAY15,False,item_discount,37.4,24.28,2908,facebook_ads,meta_ads,False,True,2025-12-04T21:31:35Z
00000319ab72,1,63.36,36.46,2026-06-27,2026-06,,,GLOWWITHSAM12,False,item_discount,63.36,36.46,6013,influencer,influencer,False,False,2026-06-27T23:18:11Z
000003479064,1,22.0,14.839999999999998,2026-06-26,2026-06,,,,False,no_code,22.0,14.839999999999998,5987,meta,meta_ads,False,True,2026-06-26T03:33:43Z
00000351eded,2,142.6,91.99000000000001,2026-05-06,2026-05,2026-06-12,37.0,WELCOME15,True,item_discount,30.6,20.200000000000003,5140,google_ads,google_ads,False,True,2026-05-06T21:23:38Z
00000356aef1,2,152.0,91.15,2025-12-20,2025-12,2026-02-25,67.0,,False,no_code,32.0,22.06,3127,referral,referral,False,True,2025-12-20T12:07:28Z
0000035c4aaf,3,247.2,159.24,2025-11-30,2025-11,2025-12-22,22.0,WELCOME15,True,item_discount,49.3,34.410000000000004,2792,organic_search,organic_search,False,True,2025-10-18T13:29:00Z
0000035c4b76,2,130.0,83.31,2026-04-16,2026-04,2026-06-04,49.0,,False,no_code,104.0,67.31,4796,google_ads,google_ads,False,False,2026-04-16T19:21:41Z
000003610bb3,1,34.2,23.040000000000006,2026-04-28,2026-04,,,AMELIA10,False,item_discount,34.2,23.040000000000006,4996,influencer,influencer,False,True,2026-04-28T12:38:50Z
000003610c7a,1,30.0,14.589999999999998,2025-11-30,2025-11,,,FREESHIP,False,freeship_only,30.0,14.589999999999998,2791,organic_search,organic_search,False,True,2025-11-30T12:27:52Z
00000366a838,3,276.6,161.17000000000002,2025-11-25,2025-11,2026-02-12,79.0,BFCM30,False,item_discount,39.2,23.230000000000004,2469,meta,meta_ads,False,True,2025-11-25T01:52:54Z
0000036b693c,1,49.3,33.78,2026-05-07,2026-05,,,MOMS15,False,item_discount,49.3,33.78,5144,organic_search,organic_search,False,True,2026-05-07T00:35:07Z
0000036b6a03,1,28.9,18.28,2025-10-09,2025-10,,,WELCOME15,True,item_discount,28.9,18.28,1904,organic_search,organic_search,False,True,2025-10-09T21:30:29Z
0000037105c1,2,68.0,48.94,2025-12-10,2025-12,2026-01-23,44.0,,False,no_code,34.0,24.76,2973,tiktok,tiktok_ads,False,False,2025-12-10T00:45:57Z
000003710688,1,94.0,59.64,2026-02-03,2026-02,,,,False,no_code,94.0,59.64,3681,direct,direct,False,True,2026-01-23T12:29:15Z
00000375c6c5,1,155.0,102.16,2026-06-29,2026-06,,,,False,no_code,155.0,102.16,6039,organic_search,organic_search,False,False,2026-06-16T14:28:38Z
00000375c78c,1,60.0,40.28999999999999,2025-09-07,2025-09,,,,False,no_code,60.0,40.28999999999999,1547,organic_search,organic_search,False,True,2025-08-10T00:22:32Z
0000037b634a,1,124.0,69.7,2026-02-12,2026-02,,,,False,no_code,124.0,69.7,3816,meta,meta_ads,False,False,2026-02-12T11:34:17Z
0000037b6411,2,268.0,174.46,2026-01-24,2026-01,2026-03-22,57.0,,False,no_code,148.0,96.72,3553,google_ads,google_ads,False,False,2026-01-24T19:12:08Z
000003802515,2,83.6,51.010000000000005,2025-07-01,2025-07,2025-10-08,99.0,SUMMER20,False,item_discount,17.6,11.2,1006,google_ads,google_ads,False,False,2025-07-01T20:38:10Z
00000385c0d3,1,42.07,16.279999999999994,2026-03-14,2026-03,,,SPRING25+WELCOME15,True,item_discount,42.07,16.279999999999994,4210,google_ads,google_ads,False,True,2026-03-14T18:22:35Z
000003cb456a,1,38.5,22.300000000000004,2025-11-24,2025-11,,,BFCM30,False,item_discount,38.5,22.300000000000004,2421,organic_search,organic_search,False,False,2025-11-24T08:54:52Z
000003d00735,1,71.4,36.68,2025-10-31,2025-10,,,WELCOME15,True,item_discount,71.4,36.68,2182,organic_search,organic_search,False,True,2025-10-31T15:52:28Z
000003d5a2f3,1,28.9,18.42,2025-12-27,2025-12,,,WELCOME15,True,item_discount,28.9,18.42,3196,meta,meta_ads,False,True,2025-12-27T18:25:07Z
000003da63f7,1,25.5,15.83,2026-06-15,2026-06,,,WELCOME15,True,item_discount,25.5,15.83,5794,google_ads,google_ads,False,True,2026-06-15T12:16:15Z
000003da64be,1,57.8,33.27,2025-09-02,2025-09,,,LABORDAY15,False,item_discount,57.8,33.27,1505,meta,meta_ads,False,False,2025-09-02T23:25:24Z
000003e0007c,1,42.5,26.270000000000003,2026-02-25,2026-02,,,WELCOME15,True,item_discount,42.5,26.270000000000003,3979,organic_search,organic_search,False,True,2026-02-25T11:43:31Z
000003e4c247,3,188.8,125.11000000000001,2025-07-08,2025-07,2025-09-07,61.0,,False,no_code,97.0,63.58000000000001,1053,organic_search,organic_search,False,False,2025-07-08T19:19:13Z
000003ea5e05,1,51.0,32.16,2026-03-04,2026-03,,,NOURISHED15,False,item_discount,51.0,32.16,4073,influencer,influencer,False,True,2026-03-04T00:11:38Z
000003f4bb8e,1,32.3,21.31,2026-04-06,2026-04,,,WELCOME15,True,item_discount,32.3,21.31,4631,meta,meta_ads,False,True,2026-04-06T13:23:18Z
00000412a5ab,1,27.2,17.529999999999998,2025-09-13,2025-09,,,WELCOME15,True,item_discount,27.2,17.529999999999998,1613,google_ads,google_ads,False,True,2025-09-13T00:39:40Z
00000412a672,1,94.0,52.47,2026-06-05,2026-06,,,,False,no_code,94.0,52.47,5618,meta,meta_ads,False,False,2026-05-27T22:45:07Z
0000041d0334,1,61.0,36.01,2025-10-05,2025-10,,,,False,no_code,61.0,36.01,1858,meta,meta_ads,False,True,2025-10-05T16:28:12Z
0000041d03fb,1,180.0,119.38,2026-05-15,2026-05,,,,False,no_code,180.0,119.38,5302,Facebook,meta_ads,False,True,2026-05-15T17:58:09Z
000004276184,1,32.0,21.520000000000003,2026-04-14,2026-04,,,,False,no_code,32.0,21.520000000000003,4766,organic_search,organic_search,False,True,2026-04-14T15:35:08Z
00000431bf0d,1,19.8,12.52,2026-03-25,2026-03,,,DERMDIARY10,False,item_discount,19.8,12.52,4473,influencer,influencer,False,True,2026-03-25T15:06:30Z
000004375acb,1,24.65,16.929999999999996,2025-08-24,2025-08,,,WELCOME15,True,item_discount,24.65,16.929999999999996,1424,organic_search,organic_search,False,True,2025-08-24T00:15:45Z
0000043f01f0,1,39.1,24.24,2025-09-20,2025-09,,,WELCOME15,True,item_discount,39.1,24.24,1690,direct,direct,False,True,2025-09-20T22:49:31Z
000004495f79,4,300.79999999999995,190.85000000000002,2025-07-26,2025-07,2025-10-14,80.0,SUMMER20,False,item_discount,35.2,22.510000000000005,1194,,unknown,False,False,2025-07-26T19:23:27Z
00000481a12d,1,23.8,11.57,2026-05-23,2026-05,,,WELCOME15,True,item_discount,23.8,11.57,5413,,unknown,False,True,2026-05-23T15:07:45Z
0000048bfdef,1,74.19999999999999,33.24999999999999,2025-11-24,2025-11,,,BFCM30,False,item_discount,74.2,33.24999999999999,2434,Facebook,meta_ads,False,True,2025-11-24T13:53:17Z
0000048bfeb6,1,34.2,23.410000000000007,2026-04-02,2026-04,,,AMELIA10,False,item_discount,34.2,23.410000000000007,4578,influencer,influencer,False,False,2026-04-02T21:29:24Z
000004965b78,1,44.1,26.97000000000001,2025-12-01,2025-12,,,BFCM30,False,item_discount,44.1,26.97000000000001,2866,influencer,influencer,False,True,2025-12-01T22:13:11Z
000004965c3f,2,76.0,53.5,2026-03-27,2026-03,2026-05-23,57.0,,False,no_code,38.0,26.67,4496,organic_search,organic_search,False,False,2026-03-27T00:45:53Z
0000049bf7fd,1,23.12,12.719999999999992,2025-08-05,2025-08,,,SUMMER20+WELCOME15,True,item_discount,23.119999999999997,12.719999999999992,1272,google_ads,google_ads,False,True,2025-08-05T13:29:15Z
000004a0b9c8,1,67.2,32.67,2026-01-10,2026-01,,,NEWYEAR20,False,item_discount,67.2,32.67,3386,direct,direct,False,True,2026-01-10T02:31:36Z
000004a65586,2,34.0,3.240000000000002,2025-09-04,2025-09,2025-10-11,37.0,,False,no_code,34.0,23.540000000000003,1524,google_ads,google_ads,False,True,2025-09-04T13:41:49Z
000004ab168a,1,64.6,37.99,2026-03-11,2026-03,,,WELCOME15,True,item_discount,64.6,37.99,4151,IG,meta_ads,True,False,2026-03-11T18:08:35Z
000004ab1751,1,71.4,35.6,2025-12-11,2025-12,,,HOLIDAY15,False,item_discount,71.4,35.6,2985,organic_search,organic_search,False,True,2025-11-04T01:58:19Z
000004b0b30f,1,58.8,23.29,2025-11-24,2025-11,,,BFCM30,False,item_discount,58.8,23.29,2454,organic_search,organic_search,False,True,2025-11-24T21:09:28Z
000004b57413,2,110.0,66.84,2026-04-11,2026-04,2026-05-02,21.0,,False,no_code,88.0,52.220000000000006,4727,organic_search,organic_search,False,True,2026-04-11T11:27:45Z
000004f09be8,1,76.5,37.88,2026-04-30,2026-04,,,WELCOME15,True,item_discount,76.5,37.88,5020,organic_search,organic_search,False,False,2026-04-30T01:19:37Z
000004faf971,1,230.0,155.23000000000002,2026-03-17,2026-03,,,,False,no_code,230.0,155.23000000000002,4290,organic_search,organic_search,False,True,2026-03-17T08:32:28Z
000004ffba75,2,133.3,80.07,2025-09-06,2025-09,2025-10-13,37.0,WELCOME15,True,item_discount,49.3,30.849999999999994,1542,Facebook,meta_ads,False,True,2025-09-06T19:55:24Z
000005055633,1,28.9,18.410000000000004,2026-01-02,2026-01,,,WELCOME15,True,item_discount,28.9,18.410000000000004,3262,tiktok,tiktok_ads,False,False,2026-01-02T13:53:15Z
0000050556fa,1,142.79999999999998,87.38,2026-01-28,2026-01,,,SKINBYJORDAN15,False,item_discount,142.8,87.38,3603,Influencer,influencer,False,True,2026-01-28T07:39:22Z
0000050a1737,1,92.0,59.16,2026-06-16,2026-06,,,,False,no_code,92.0,59.16,5803,organic_search,organic_search,False,True,2026-06-16T02:00:46Z
0000050a17fe,1,34.0,24.78,2025-08-08,2025-08,,,,False,no_code,34.0,24.78,1295,Facebook,meta_ads,False,True,2025-08-08T18:52:28Z
0000050fb3bc,1,24.0,16.309999999999995,2026-03-07,2026-03,,,,False,no_code,24.0,16.309999999999995,4115,tiktok,tiktok_ads,False,True,2026-03-07T15:12:13Z
0000050fb483,3,109.0,49.78,2025-12-28,2025-12,2026-01-24,27.0,,False,no_code,58.0,34.03,3204,meta,meta_ads,False,True,2025-12-28T10:00:50Z
0000051a1145,1,49.3,26.02,2026-04-05,2026-04,,,NOURISHED15,False,item_discount,49.3,26.02,4613,influencer,influencer,False,True,2026-04-05T00:19:17Z
0000051a120c,1,33.6,9.640000000000002,2025-11-27,2025-11,,,BFCM30,False,item_discount,43.4,9.640000000000002,2631,direct,direct,False,True,2025-11-27T13:58:52Z
000005246ece,1,24.65,16.699999999999996,2026-05-18,2026-05,,,WELCOME15,True,item_discount,24.65,16.699999999999996,5346,referral,referral,False,True,2026-05-18T13:20:06Z
0000052ecc57,1,38.0,26.89,2026-06-13,2026-06,,,,False,no_code,38.0,26.89,5766,meta,meta_ads,False,True,2026-06-13T22:45:11Z
0000055cb082,1,18.7,6.329999999999999,2025-07-24,2025-07,,,FREESHIP+WELCOME15,True,item_discount,18.7,6.329999999999999,1183,direct,direct,False,True,2025-07-24T16:24:39Z
000005670e0b,3,142.9,72.84,2025-09-08,2025-09,2025-10-04,26.0,,False,no_code,88.0,50.9,1567,direct,direct,False,True,2025-09-08T21:24:50Z
0000056eb530,3,234.4,140.23000000000002,2025-08-15,2025-08,2025-10-07,53.0,SUMMER20,False,item_discount,54.4,28.05,1351,Direct,direct,False,True,2025-08-15T02:44:50Z
0000057eae77,1,44.0,30.72000000000001,2026-04-03,2026-04,,,,False,no_code,44.0,30.72000000000001,4586,organic_search,organic_search,False,False,2026-04-03T15:08:43Z
000005890c00,2,251.1,150.58999999999997,2026-05-01,2026-05,2026-06-28,58.0,WELCOME15,True,item_discount,141.1,81.8,5032,influencer,influencer,False,False,2026-05-01T01:26:34Z
000005936989,1,78.19999999999999,47.22,2026-06-20,2026-06,,,WELCOME15,True,item_discount,78.2,47.22,5887,direct,direct,False,False,2026-05-31T22:39:34Z
000005b1546d,1,78.5,34.559999999999995,2026-04-06,2026-04,,,,False,no_code,93.0,34.559999999999995,4638,organic_search,organic_search,False,True,2026-04-06T20:28:27Z
000005bbb12f,1,117.6,56.25,2025-11-25,2025-11,,,BFCM30,False,item_discount,117.6,56.25,2518,facebook_ads,meta_ads,False,True,2025-11-25T16:40:33Z
000005bbb1f6,3,126.0,82.49000000000001,2026-03-03,2026-03,2026-03-19,16.0,,False,no_code,34.0,23.98,4072,organic_search,organic_search,False,True,2026-03-03T22:57:43Z
000005c14db4,1,71.4,28.980000000000004,2025-07-27,2025-07,,,WELCOME15,True,item_discount,96.05,28.980000000000004,1206,,unknown,False,True,2025-07-27T16:24:13Z
000005c60eb8,1,89.59,45.85999999999999,2026-01-22,2026-01,,,SKINBYJORDAN15+WELCOME15,True,item_discount,89.59,45.85999999999999,3529,influencer,influencer,False,True,2026-01-22T16:48:19Z
000005c60f7f,1,22.0,14.69,2026-02-08,2026-02,,,,False,no_code,22.0,14.69,3770,tiktok,tiktok_ads,False,True,2026-02-08T22:59:20Z
000005cbab3d,1,28.9,19.800000000000004,2025-09-01,2025-09,,,LABORDAY15,False,item_discount,28.9,19.800000000000004,1487,meta,meta_ads,False,False,2025-09-01T11:45:18Z
000005cbac04,1,132.0,89.7,2026-06-24,2026-06,,,,False,no_code,132.0,89.7,5957,Google,google_ads,True,True,2026-06-24T01:58:06Z
000005d06c41,1,81.6,47.82999999999999,2026-02-13,2026-02,,,WELCOME15,True,item_discount,81.6,47.82999999999999,3839,meta,meta_ads,False,True,2026-02-13T21:15:45Z
000005d06d08,1,22.4,12.369999999999996,2025-12-01,2025-12,,,BFCM30,False,item_discount,22.4,12.369999999999996,2831,referral,referral,False,True,2025-12-01T01:26:32Z
000005d608c6,1,24.0,16.709999999999994,2025-10-08,2025-10,,,,False,no_code,24.0,16.709999999999994,1892,google_ads,google_ads,False,True,2025-10-08T22:18:04Z
000005daca91,2,37.4,24.429999999999996,2025-11-27,2025-11,2025-12-31,34.0,BFCM30,False,item_discount,15.4,8.96,2628,google_ads,google_ads,False,True,2025-10-26T13:19:42Z
000005e0664f,1,21.0,11.419999999999998,2025-11-29,2025-11,,,BFCM30,False,item_discount,21.0,11.419999999999998,2736,facebook_ads,meta_ads,False,True,2025-11-29T12:42:53Z
000006204f28,1,67.15,34.86,2026-03-03,2026-03,,,WELCOME15,True,item_discount,67.15,34.86,4066,tiktok,tiktok_ads,False,False,2026-03-03T11:21:17Z
00000625eae6,1,67.32,32.75,2025-07-08,2025-07,,,GLOWWITHSAM12+WELCOME15,True,item_discount,67.32,32.75,1055,influencer,influencer,False,True,2025-07-08T21:13:19Z
0000062aacb1,1,48.0,32.29,2026-02-09,2026-02,,,,False,no_code,48.0,32.29,3788,meta,meta_ads,False,True,2026-02-09T23:38:33Z
0000062f6db5,1,71.4,33.980000000000004,2025-08-25,2025-08,,,WELCOME15,True,item_discount,71.4,33.980000000000004,1436,meta,meta_ads,False,False,2025-08-25T22:14:00Z
00000630486f,1,0.0,-10.330000000000002,2025-09-29,2025-09,,,WELCOME15,True,item_discount,28.9,-10.330000000000002,1777,meta,meta_ads,False,True,2025-09-29T23:07:38Z
000006350973,1,32.0,21.61,2026-02-06,2026-02,,,,False,no_code,32.0,21.61,3714,organic_search,organic_search,False,True,2026-02-06T02:55:49Z
000006350a3a,1,32.0,14.470000000000004,2025-12-13,2025-12,,,,False,no_code,32.0,14.470000000000004,3022,organic_search,organic_search,False,True,2025-10-31T17:49:58Z
0000063aa5f8,2,162.4,89.28,2025-10-08,2025-10,2025-11-25,48.0,,False,no_code,91.0,52.7,1889,organic_search,organic_search,False,True,2025-10-08T13:42:10Z
0000063f66fc,1,0.0,-35.980000000000004,2026-03-13,2026-03,,,GLOWWITHSAM12,False,item_discount,77.44,-35.980000000000004,4172,influencer,influencer,False,True,2026-02-10T02:24:53Z
0000063f67c3,4,236.8,98.86000000000001,2025-11-25,2025-11,2026-02-23,90.0,BFCM30,False,item_discount,120.4,35.489999999999995,2510,organic_search,organic_search,False,True,2025-11-25T14:27:17Z
000006450381,1,33.32,17.200000000000003,2025-11-24,2025-11,,,BFCM30+WELCOME15,True,item_discount,33.32,17.200000000000003,2426,meta,meta_ads,False,False,2025-11-24T11:25:50Z
00000649c485,2,110.0,71.07000000000001,2026-04-21,2026-04,2026-06-15,55.0,,False,no_code,36.0,25.40000000000001,4894,tiktok,tiktok_ads,False,False,2026-03-10T23:39:14Z
00000649c54c,1,17.85,-25.76,2025-11-24,2025-11,,,BFCM30+WELCOME15,True,item_discount,67.83,-25.76,2416,referral,referral,False,True,2025-11-24T04:23:10Z
0000064f610a,1,78.19999999999999,43.18,2025-12-06,2025-12,,,HOLIDAY15,False,item_discount,78.2,43.18,2928,tiktok,tiktok_ads,False,False,2025-12-06T15:04:40Z
00000654220e,1,28.9,19.129999999999992,2026-05-26,2026-05,,,WELCOME15,True,item_discount,28.9,19.129999999999992,5451,,unknown,False,True,2026-05-26T01:19:31Z
0000065422d5,1,94.0,60.24,2025-09-11,2025-09,,,,False,no_code,94.0,60.24,1592,google_ads,google_ads,False,True,2025-09-11T04:25:10Z
0000065e7f97,1,56.0,36.56,2026-06-19,2026-06,,,,False,no_code,56.0,36.56,5869,meta,meta_ads,False,True,2026-06-19T22:54:59Z
0000068c6489,1,120.0,74.10000000000001,2026-06-17,2026-06,,,,False,no_code,120.0,74.10000000000001,5819,google_ads,google_ads,False,True,2026-05-05T00:33:46Z
00000699a76c,1,65.44999999999999,35.05,2025-12-12,2025-12,,,HOLIDAY15,False,item_discount,65.45,35.05,3008,direct,direct,False,True,2025-12-12T21:46:49Z
000006a4042e,1,38.0,26.910000000000004,2026-03-12,2026-03,,,,False,no_code,38.0,26.910000000000004,4160,tiktok,tiktok_ads,False,True,2026-03-12T14:41:07Z
000006ae61b7,1,36.0,25.520000000000003,2026-04-24,2026-04,,,,False,no_code,36.0,25.520000000000003,4935,meta,meta_ads,False,True,2026-04-24T05:27:04Z
000006ae627e,3,212.0,98.86999999999998,2025-11-26,2025-11,2025-12-25,29.0,WELCOME15,True,item_discount,96.9,13.639999999999995,2548,organic_search,organic_search,False,False,2025-11-26T03:21:43Z
000006b8bf40,2,66.2,42.769999999999996,2026-05-06,2026-05,2026-06-09,34.0,WELCOME15,True,item_discount,37.4,24.47,5125,google_ads,google_ads,False,True,2026-05-06T00:35:45Z
000006b8c007,1,27.2,17.34,2025-09-17,2025-09,,,WELCOME15,True,item_discount,27.2,17.34,1652,meta,meta_ads,False,False,2025-09-17T18:28:17Z
000006c31cc9,1,23.8,11.52,2026-06-27,2026-06,,,WELCOME15,True,item_discount,23.8,11.52,6004,tiktok,tiktok_ads,False,True,2026-06-27T10:31:58Z
000006c31d90,1,27.2,17.099999999999998,2025-08-22,2025-08,,,WELCOME15,True,item_discount,27.2,17.099999999999998,1414,direct,direct,False,False,2025-08-22T13:48:49Z
000006f100f4,2,59.5,41.09000000000001,2025-08-25,2025-08,2025-10-18,54.0,WELCOME15,True,item_discount,28.9,19.78,1431,organic_search,organic_search,False,True,2025-08-25T02:56:37Z
000006f101bb,1,18.7,11.539999999999996,2026-06-28,2026-06,,,WELCOME15,True,item_discount,18.7,11.539999999999996,6028,meta,meta_ads,False,True,2026-06-01T16:21:15Z
000006fb5e7d,1,0.0,-11.03,2025-10-03,2025-10,,,AMELIA10,False,item_discount,30.6,-11.03,1829,influencer,influencer,False,True,2025-10-03T13:23:00Z
000006fb5f44,1,79.05,45.86,2026-05-04,2026-05,,,MOMS15,False,item_discount,79.05,45.86,5091,organic_search,organic_search,False,True,2026-05-04T14:10:49Z
00000705bc06,1,30.8,-16.22,2025-11-29,2025-11,,,BFCM30,False,item_discount,89.6,-16.22,2742,organic_search,organic_search,False,True,2025-11-29T14:07:53Z
00000705bccd,1,32.0,6.85,2026-04-15,2026-04,,,,False,no_code,58.0,6.85,4774,tiktok,tiktok_ads,False,True,2026-04-15T10:40:29Z
00000710198f,1,99.4,50.88,2025-11-25,2025-11,,,BFCM30,False,item_discount,99.4,50.88,2505,organic_search,organic_search,False,True,2025-11-25T13:45:39Z
0000071d5c72,1,27.2,17.38,2026-05-16,2026-05,,,WELCOME15,True,item_discount,27.2,17.38,5311,Direct,direct,False,True,2026-05-16T10:53:44Z
00000727b9fb,1,170.0,101.56,2026-06-16,2026-06,,,,False,no_code,170.0,101.56,5815,google_ads,google_ads,False,False,2026-06-16T17:58:55Z
000007559e26,1,30.6,20.070000000000004,2025-08-27,2025-08,,,AMELIA10,False,item_discount,30.6,20.070000000000004,1450,influencer,influencer,False,True,2025-08-27T15:48:36Z
000007559eed,1,74.8,38.61,2026-06-12,2026-06,,,WELCOME15,True,item_discount,74.8,38.61,5738,google_ads,google_ads,False,True,2026-06-12T11:16:01Z
0000075a5ff1,1,18.7,11.739999999999997,2026-01-19,2026-01,,,WELCOME15,True,item_discount,18.7,11.739999999999997,3500,organic_search,organic_search,False,False,2026-01-19T21:05:40Z
0000075ffbaf,1,116.0,57.31999999999999,2025-10-06,2025-10,,,,False,no_code,116.0,57.31999999999999,1865,organic_search,organic_search,False,False,2025-10-06T16:42:32Z
0000075ffc76,1,114.0,71.08000000000001,2026-05-13,2026-05,,,,False,no_code,114.0,71.08000000000001,5262,meta,meta_ads,False,False,2026-05-13T11:35:46Z
00000764bcb3,1,30.6,11.419999999999996,2026-03-22,2026-03,,,SKINBYJORDAN15,False,item_discount,30.6,11.419999999999996,4449,influencer,influencer,False,False,2026-03-22T23:11:11Z
00000764bd7a,1,47.6,29.229999999999997,2025-12-21,2025-12,,,WELCOME15,True,item_discount,47.6,29.229999999999997,3133,meta,meta_ads,False,True,2025-12-21T01:05:01Z
0000076a5938,1,78.4,42.96,2025-11-26,2025-11,,,BFCM30,False,item_discount,78.4,42.96,2598,Facebook,meta_ads,False,False,2025-11-26T22:56:26Z
0000076a59ff,1,82.0,51.02,2026-04-29,2026-04,,,,False,no_code,82.0,51.02,5014,organic_search,organic_search,False,True,2026-04-29T16:39:06Z
0000076f1a3c,1,29.0,20.670000000000005,2026-04-19,2026-04,,,,False,no_code,29.0,20.670000000000005,4845,tiktok,tiktok_ads,False,True,2026-04-19T13:12:51Z
0000076f1b03,3,289.4,173.03,2025-11-30,2025-11,2025-12-26,26.0,BFCM30,False,item_discount,113.4,55.66,2779,influencer,influencer,False,True,2025-11-13T06:03:21Z
00000774b6c1,2,83.6,57.21000000000001,2025-11-06,2025-11,2026-01-30,85.0,,False,no_code,44.0,30.950000000000003,2233,meta,meta_ads,False,True,2025-11-06T01:54:12Z
00000774b788,1,90.1,53.42999999999999,2026-03-21,2026-03,,,WELCOME15,True,item_discount,90.1,53.42999999999999,4432,direct,direct,False,False,2026-03-21T23:29:10Z
0000077977c5,1,34.0,19.26,2026-05-22,2026-05,,,,False,no_code,34.0,19.26,5402,facebook_ads,meta_ads,False,False,2026-05-22T22:50:23Z
00000779788c,3,122.0,78.21000000000001,2025-10-26,2025-10,2025-12-16,51.0,,False,no_code,56.0,32.27,2132,meta,meta_ads,False,True,2025-10-26T18:33:24Z
0000077f144a,1,28.0,-10.359999999999998,2026-01-18,2026-01,,,,False,no_code,28.0,-10.359999999999998,3478,google_ads,google_ads,False,True,2026-01-18T13:40:49Z
00000783d54e,1,28.0,15.370000000000005,2026-06-04,2026-06,,,,False,no_code,28.0,15.370000000000005,5604,referral,referral,False,True,2026-06-04T20:56:46Z
00000783d615,1,98.0,62.83,2025-08-07,2025-08,,,,False,no_code,98.0,62.83,1286,meta,meta_ads,False,False,2025-08-07T02:52:16Z
0000078971d3,1,36.0,25.450000000000003,2026-02-22,2026-02,,,,False,no_code,36.0,25.450000000000003,3950,tiktok,tiktok_ads,False,False,2026-02-22T23:40:14Z
000007c95aac,1,70.7,32.17,2025-12-01,2025-12,,,BFCM30,False,item_discount,70.7,32.17,2835,organic_search,organic_search,False,True,2025-12-01T02:10:47Z
000007cef66a,1,81.19999999999999,38.11999999999999,2025-11-30,2025-11,,,BFCM30,False,item_discount,81.2,38.11999999999999,2828,Direct,direct,False,True,2025-11-30T23:17:39Z
000007d3b835,1,59.5,32.52,2025-11-26,2025-11,,,BFCM30,False,item_discount,59.5,32.52,2553,influencer,influencer,False,False,2025-11-26T09:55:33Z
000007d953f3,1,66.0,38.73,2025-11-15,2025-11,,,,False,no_code,66.0,38.73,2321,,unknown,False,True,2025-11-15T02:06:47Z
000007de14f7,1,36.0,25.520000000000003,2026-05-17,2026-05,,,,False,no_code,36.0,25.520000000000003,5335,meta,meta_ads,False,True,2026-05-17T23:07:45Z
000007de15be,3,134.9,82.83000000000001,2025-10-29,2025-10,2025-11-30,32.0,,False,no_code,64.0,38.92,2166,organic_search,organic_search,False,False,2025-10-29T16:48:50Z
000007e3b17c,1,74.8,42.24,2026-01-31,2026-01,,,WELCOME15,True,item_discount,74.8,42.24,3640,direct,direct,False,False,2026-01-31T13:03:13Z
000007e87280,1,38.0,26.99,2026-06-15,2026-06,,,,False,no_code,38.0,26.99,5795,IG,meta_ads,True,False,2026-06-15T14:09:47Z
000007e87347,1,61.6,36.64,2025-08-08,2025-08,,,SUMMER20,False,item_discount,61.6,36.64,1294,facebook_ads,meta_ads,False,False,2025-08-08T13:59:47Z
000007ee0f05,2,68.0,47.92,2026-02-28,2026-02,2026-05-28,89.0,,False,no_code,34.0,24.13,4029,direct,direct,False,True,2026-02-28T19:43:47Z
000007f2d0d0,1,22.1,13.299999999999995,2025-07-30,2025-07,,,WELCOME15,True,item_discount,22.1,13.299999999999995,1229,meta,meta_ads,False,True,2025-07-30T15:03:43Z
000007f86c8e,1,72.0,39.2,2026-03-20,2026-03,,,SPRING25,False,item_discount,72.0,39.2,4379,Direct,direct,False,True,2026-03-20T10:15:08Z
0000081656ab,1,27.2,18.19,2025-07-17,2025-07,,,SUMMER20,False,item_discount,27.2,18.19,1125,direct,direct,False,False,2025-07-17T13:01:02Z
00000820b434,1,44.0,16.14,2025-09-12,2025-09,,,,False,no_code,72.0,16.14,1603,organic_search,organic_search,False,False,2025-09-12T07:26:28Z
00000820b4fb,1,28.9,19.380000000000003,2026-06-16,2026-06,,,WELCOME15,True,item_discount,28.9,19.380000000000003,5813,organic_search,organic_search,False,False,2026-06-16T15:56:02Z
0000082b11bd,1,118.0,59.35,2025-10-30,2025-10,,,,False,no_code,118.0,59.35,2172,organic_search,organic_search,False,True,2025-10-30T12:58:01Z
0000082b1284,1,20.4,12.559999999999995,2026-05-28,2026-05,,,WELCOME15,True,item_discount,20.4,12.559999999999995,5505,meta,meta_ads,False,False,2026-05-28T19:49:45Z
00000835700d,1,79.2,44.080000000000005,2026-03-15,2026-03,,,AMELIA10,False,item_discount,79.2,44.080000000000005,4228,influencer,influencer,False,True,2026-03-15T09:00:04Z
00000842b2f0,2,119.8,68.53,2025-10-10,2025-10,2025-11-28,49.0,,False,no_code,96.0,55.15,1911,direct,direct,False,False,2025-10-10T13:28:45Z
0000084d0fb2,1,34.0,4.419999999999998,2026-06-12,2026-06,,,,False,no_code,78.0,4.419999999999998,5744,,unknown,False,False,2026-06-12T19:12:27Z
0000084d1079,1,18.7,6.339999999999998,2025-08-28,2025-08,,,FREESHIP+WELCOME15,True,item_discount,18.7,6.339999999999998,1458,organic_search,organic_search,False,True,2025-08-28T10:16:46Z
000008576e02,1,63.0,39.34,2025-07-21,2025-07,,,,False,no_code,63.0,39.34,1159,meta,meta_ads,False,False,2025-07-21T00:04:08Z
00000885522d,1,130.9,79.08,2026-06-22,2026-06,,,WELCOME15,True,item_discount,130.9,79.08,5936,referral,referral,False,True,2026-06-22T21:15:54Z
0000088a1331,3,247.25,127.67,2025-12-15,2025-12,2026-02-23,70.0,HOLIDAY15,False,item_discount,96.05,44.47,3041,direct,direct,False,False,2025-12-15T10:35:09Z
0000088faeef,2,44.4,29.55999999999999,2025-10-20,2025-10,2026-01-13,85.0,WELCOME15,True,item_discount,20.4,13.179999999999996,2042,influencer,influencer,False,True,2025-10-20T09:23:52Z
0000088fafb6,1,32.3,21.09,2026-05-04,2026-05,,,WELCOME15,True,item_discount,32.3,21.09,5093,google_ads,google_ads,False,True,2026-05-04T15:37:41Z
0000089470ba,1,142.79999999999998,88.89,2025-11-16,2025-11,,,WELCOME15,True,item_discount,142.8,88.89,2335,google_ads,google_ads,False,True,2025-11-16T20:24:55Z
0000089a0c78,1,74.2,34.48,2025-11-27,2025-11,,,BFCM30,False,item_discount,74.2,34.48,2608,google_ads,google_ads,False,True,2025-11-27T01:41:40Z
0000089a0d3f,1,103.7,59.92999999999999,2026-03-19,2026-03,,,WELCOME15,True,item_discount,103.7,59.92999999999999,4349,meta,meta_ads,False,True,2026-03-19T02:53:46Z
000008a46a01,3,144.0,87.85,2025-12-19,2025-12,2026-01-27,39.0,,False,no_code,22.0,15.23,3116,IG,meta_ads,True,True,2025-12-19T13:27:13Z
000008a46ac8,1,26.0,15.889999999999995,2026-02-13,2026-02,,,,False,no_code,26.0,15.889999999999995,3829,tiktok,tiktok_ads,False,False,2026-02-13T09:13:19Z
000008aa0686,1,17.6,2.47,2025-08-14,2025-08,,,SUMMER20,False,item_discount,17.6,2.47,1343,google_ads,google_ads,False,False,2025-08-14T02:18:14Z
000008aec78a,1,64.0,36.13,2026-02-05,2026-02,,,,False,no_code,64.0,36.13,3703,tiktok,tiktok_ads,False,True,2026-02-05T12:36:11Z
000008b92513,1,47.6,29.1,2026-03-15,2026-03,,,WELCOME15,True,item_discount,47.6,29.1,4241,influencer,influencer,False,False,2026-03-15T23:19:04Z
000008f44ce8,1,32.0,14.400000000000007,2026-05-15,2026-05,,,,False,no_code,32.0,14.400000000000007,5290,TikTok,tiktok_ads,False,True,2026-04-24T01:13:30Z
000008fea9aa,1,19.6,7.91,2025-11-25,2025-11,,,BFCM30,False,item_discount,19.6,7.91,2514,Google,google_ads,True,False,2025-11-25T15:14:07Z
000008feaa71,1,92.0,44.55,2026-03-07,2026-03,,,,False,no_code,92.0,44.55,4108,organic_search,organic_search,False,True,2026-03-07T01:51:58Z
000009036b75,2,125.8,72.66,2025-10-11,2025-10,2025-12-23,73.0,WELCOME15,True,item_discount,57.8,31.29,1922,,unknown,False,True,2025-10-11T01:26:25Z
000009090733,2,230.0,144.07999999999998,2025-12-23,2025-12,2026-01-21,29.0,,False,no_code,84.0,48.83,3161,meta,meta_ads,False,True,2025-11-17T21:28:55Z
0000090907fa,1,27.2,16.999999999999996,2026-02-24,2026-02,,,WELCOME15,True,item_discount,27.2,16.999999999999996,3972,TikTok,tiktok_ads,False,True,2026-02-24T13:02:43Z
0000090dc837,1,38.0,26.940000000000005,2026-06-29,2026-06,,,,False,no_code,38.0,26.940000000000005,6035,meta,meta_ads,False,False,2026-06-29T03:05:33Z
0000090dc8fe,1,44.0,31.040000000000006,2025-09-06,2025-09,,,,False,no_code,44.0,31.040000000000006,1546,google_ads,google_ads,False,False,2025-09-06T23:22:13Z
0000091364bc,1,23.8,11.25,2026-02-24,2026-02,,,WELCOME15,True,item_discount,23.8,11.25,3973,tiktok,tiktok_ads,False,True,2026-02-24T14:57:41Z
000009136583,1,74.8,42.12,2026-01-18,2026-01,,,WELCOME15,True,item_discount,74.8,42.12,3479,meta,meta_ads,False,True,2026-01-18T13:46:39Z
000009182687,1,23.12,14.029999999999998,2025-07-07,2025-07,,,SUMMER20+WELCOME15,True,item_discount,23.119999999999997,14.029999999999998,1040,meta,meta_ads,False,True,2025-07-07T13:40:46Z
0000091dc245,1,92.65,56.03,2026-03-07,2026-03,,,WELCOME15,True,item_discount,92.65,56.03,4113,Facebook,meta_ads,False,True,2026-02-13T13:16:47Z
0000091dc30c,1,25.5,16.06,2025-12-19,2025-12,,,HOLIDAY15,False,item_discount,25.5,16.06,3106,tiktok,tiktok_ads,False,False,2025-12-19T07:16:11Z
000009281fce,1,28.9,14.26999999999999,2026-04-04,2026-04,,,WELCOME15,True,item_discount,28.9,14.26999999999999,4599,google_ads,google_ads,False,True,2026-02-21T07:34:46Z
0000096abf0b,1,104.55,59.84,2025-07-26,2025-07,,,WELCOME15,True,item_discount,104.55,59.84,1187,tiktok,tiktok_ads,False,True,2025-07-26T01:03:02Z
000009726630,1,98.0,61.28,2025-09-30,2025-09,,,,False,no_code,98.0,61.28,1786,Facebook,meta_ads,False,True,2025-09-30T14:23:32Z
0000097801ee,2,132.0,86.17,2026-02-21,2026-02,2026-05-23,91.0,,False,no_code,34.0,24.17,3924,,unknown,False,True,2026-02-21T01:32:19Z
0000097cc3b9,3,293.4,178.07999999999998,2025-07-10,2025-07,2025-08-27,48.0,SUMMER20,False,item_discount,94.4,51.83,1068,,unknown,False,False,2025-07-10T11:15:53Z
0000098cbd00,1,56.0,31.15,2026-04-07,2026-04,,,,False,no_code,56.0,31.15,4663,organic_search,organic_search,False,False,2026-04-07T22:27:56Z
000009971a89,1,23.8,11.32,2026-05-10,2026-05,,,WELCOME15,True,item_discount,23.8,11.32,5206,meta,meta_ads,False,True,2026-05-10T00:05:44Z
000009a17812,1,44.0,23.57,2026-06-20,2026-06,,,FREESHIP,False,freeship_only,44.0,23.57,5882,,unknown,False,False,2026-06-20T15:35:05Z
000009b5056d,1,32.0,21.69,2026-05-01,2026-05,,,,False,no_code,32.0,21.69,5043,meta,meta_ads,False,True,2026-05-01T20:49:30Z
000009bf62f6,2,159.4,98.37,2026-04-17,2026-04,2026-05-19,32.0,,False,no_code,100.0,64.81,4817,direct,direct,False,True,2026-04-17T21:07:57Z
000009c9bfb8,2,96.0,63.03,2025-12-04,2025-12,2026-01-26,53.0,,False,no_code,58.0,36.59,2900,google_ads,google_ads,False,True,2025-10-28T05:42:31Z
000009c9c07f,1,70.0,42.31999999999999,2026-03-31,2026-03,,,,False,no_code,70.0,42.31999999999999,4543,organic_search,organic_search,False,False,2026-03-31T00:37:47Z
000009d41d41,1,28.0,15.170000000000002,2026-01-24,2026-01,,,,False,no_code,28.0,15.170000000000002,3550,google_ads,google_ads,False,False,2026-01-24T13:13:44Z
000009d41e08,1,184.0,119.34,2026-02-16,2026-02,,,,False,no_code,184.0,119.34,3875,Google,google_ads,True,True,2026-02-16T14:35:05Z
000009d9b9c6,1,187.0,126.84,2025-09-23,2025-09,,,,False,no_code,187.0,126.84,1707,meta,meta_ads,False,True,2025-09-23T13:03:13Z
000009de7aca,1,36.0,25.620000000000005,2026-02-07,2026-02,,,,False,no_code,36.0,25.620000000000005,3739,,unknown,False,True,2026-02-07T11:53:19Z
000009de7b91,1,20.4,13.129999999999995,2025-12-08,2025-12,,,HOLIDAY15,False,item_discount,20.4,13.129999999999995,2950,google_ads,google_ads,False,True,2025-12-08T16:16:32Z
000009e8d853,1,0.0,-8.09,2026-03-20,2026-03,,,SPRING25,False,item_discount,21.75,-8.09,4394,google_ads,google_ads,False,True,2026-03-20T20:57:37Z
00000a240028,2,152.0,97.66,2026-04-18,2026-04,2026-06-04,47.0,,False,no_code,76.0,48.52,4821,Facebook,meta_ads,False,False,2026-04-18T00:56:42Z
00000a2e5db1,2,90.4,49.35,2026-03-10,2026-03,2026-06-19,101.0,SKINBYJORDAN15,False,item_discount,54.4,24.110000000000003,4137,influencer,influencer,False,False,2026-03-10T02:46:48Z
00000a331eb5,1,24.0,16.669999999999995,2025-10-04,2025-10,,,,False,no_code,24.0,16.669999999999995,1841,influencer,influencer,False,True,2025-10-04T14:04:12Z
00000a33f96f,3,318.0,203.0,2025-07-31,2025-07,2025-09-11,42.0,,False,no_code,99.0,62.870000000000005,1238,Facebook,meta_ads,False,True,2025-07-31T14:29:27Z
00000a38ba73,1,112.0,63.49,2026-01-08,2026-01,,,NEWYEAR20,False,item_discount,112.0,63.49,3355,google_ads,google_ads,False,False,2026-01-07T23:59:30Z
00000a38bb3a,1,24.65,16.119999999999997,2026-02-13,2026-02,,,WELCOME15,True,item_discount,24.65,16.119999999999997,3832,meta,meta_ads,False,False,2026-02-13T12:31:34Z
00000a3d7c3e,1,56.0,33.25,2025-08-06,2025-08,,,,False,no_code,56.0,33.25,1274,direct,direct,False,False,2025-08-06T00:10:32Z
00000a3e56f8,1,71.4,37.27,2025-09-23,2025-09,,,SKINBYJORDAN15,False,item_discount,71.4,37.27,1712,influencer,influencer,False,False,2025-09-23T16:09:48Z
00000a4317fc,1,120.7,70.91,2026-02-16,2026-02,,,WELCOME15,True,item_discount,120.7,70.91,3873,organic_search,organic_search,False,True,2026-02-16T12:03:11Z
00000a4318c3,1,100.0,63.040000000000006,2025-12-27,2025-12,,,,False,no_code,100.0,63.040000000000006,3185,organic_search,organic_search,False,False,2025-12-27T00:43:09Z
00000a48b481,1,54.56,24.480000000000004,2025-10-22,2025-10,,,GLOWWITHSAM12,False,item_discount,54.56,24.480000000000004,2076,Influencer,influencer,False,True,2025-10-15T14:42:11Z
00000a4d7585,1,94.35,44.89,2026-03-15,2026-03,,,SPRING25+WELCOME15,True,item_discount,94.35,44.89,4238,meta,meta_ads,False,False,2026-03-15T20:27:06Z
00000a4d764c,3,168.0,101.57000000000001,2025-11-30,2025-11,2025-12-19,19.0,,False,no_code,62.0,37.17,2813,direct,direct,False,True,2025-11-30T20:50:25Z
00000a57d30e,1,160.0,105.65,2026-05-14,2026-05,,,,False,no_code,160.0,105.65,5275,meta,meta_ads,False,True,2026-05-14T01:18:50Z
00000a623097,1,32.0,21.78,2026-06-07,2026-06,,,,False,no_code,32.0,21.78,5641,organic_search,organic_search,False,True,2026-06-07T03:21:23Z
00000a9014c2,2,74.0,48.6,2025-07-08,2025-07,2025-09-07,61.0,,False,no_code,48.0,32.63,1054,meta,meta_ads,False,True,2025-07-08T20:56:09Z
00000a9d586c,3,158.6,103.77000000000001,2026-01-02,2026-01,2026-01-19,17.0,WELCOME15,True,item_discount,30.6,20.430000000000003,3264,organic_search,organic_search,False,True,2026-01-02T16:25:23Z
00000aa21970,2,25.2,1.0199999999999978,2025-08-02,2025-08,2025-08-23,21.0,SUMMER20,False,item_discount,22.4,-12.15,1253,referral,referral,False,False,2025-08-02T13:07:45Z
00000aa7b52e,1,22.88,12.79,2026-02-05,2026-02,,,GLOWWITHSAM12,False,item_discount,22.88,12.79,3705,influencer,influencer,False,True,2026-02-05T13:53:39Z
00000aa7b5f5,1,71.4,39.760000000000005,2025-12-14,2025-12,,,SKINBYJORDAN15,False,item_discount,71.4,39.760000000000005,3037,,unknown,False,False,2025-12-14T21:15:58Z
00000ab212b7,1,95.0,61.16,2026-03-24,2026-03,,,,False,no_code,95.0,61.16,4456,meta,meta_ads,False,True,2026-03-24T00:58:56Z
00000ab2137e,1,24.65,16.779999999999994,2025-11-21,2025-11,,,WELCOME15,True,item_discount,24.65,16.779999999999994,2380,google_ads,google_ads,False,False,2025-10-30T16:19:53Z
00000abc7040,2,57.8,36.72,2026-05-24,2026-05,2026-06-19,26.0,SKINBYJORDAN15,False,item_discount,27.2,16.919999999999998,5426,influencer,influencer,False,False,2026-05-24T13:51:18Z
00000abc7107,3,146.9,90.84,2025-10-25,2025-10,2025-12-19,55.0,WELCOME15,True,item_discount,28.9,18.370000000000005,2114,organic_search,organic_search,False,True,2025-10-25T15:02:57Z
00000ac6cdc9,1,29.0,20.690000000000005,2026-06-21,2026-06,,,,False,no_code,29.0,20.690000000000005,5901,tiktok,tiktok_ads,False,True,2026-06-21T12:10:07Z
00000ac6ce90,2,142.0,90.92000000000002,2025-09-08,2025-09,2025-10-12,34.0,,False,no_code,22.0,15.21,1568,meta,meta_ads,False,True,2025-09-08T22:26:00Z
00000ae4b8ad,2,73.0,49.72000000000001,2026-04-26,2026-04,2026-05-22,26.0,,False,no_code,44.0,30.19,4973,organic_search,organic_search,False,True,2026-04-26T16:26:26Z
00000aef1636,1,32.3,21.32,2026-03-31,2026-03,,,WELCOME15,True,item_discount,32.3,21.32,4553,google_ads,google_ads,False,True,2026-03-31T18:06:55Z
00000af4b1f4,1,28.9,19.6,2025-07-21,2025-07,,,SKINBYJORDAN15,False,item_discount,28.9,19.6,1163,influencer,influencer,False,True,2025-07-21T02:42:53Z
00000aff0f7d,1,27.2,17.080000000000002,2025-08-01,2025-08,,,WELCOME15,True,item_discount,27.2,17.080000000000002,1244,organic_search,organic_search,False,True,2025-08-01T06:26:24Z
00000aff1044,1,68.0,48.1,2026-06-21,2026-06,,,,False,no_code,68.0,48.1,5900,referral,referral,False,True,2026-06-21T11:55:04Z
00000b096d06,1,46.0,31.330000000000005,2025-10-22,2025-10,,,,False,no_code,46.0,31.330000000000005,2074,google_ads,google_ads,False,False,2025-10-22T12:39:08Z
00000b13ca8f,1,39.2,13.850000000000009,2025-11-27,2025-11,,,BFCM30,False,item_discount,39.2,13.850000000000009,2639,referral,referral,False,False,2025-11-27T15:44:10Z
00000b210d72,1,54.4,28.19,2026-05-09,2026-05,,,MOMS15,False,item_discount,54.4,28.19,5202,influencer,influencer,False,True,2026-05-09T17:22:11Z
00000b2b6afb,1,88.0,52.080000000000005,2026-06-23,2026-06,,,,False,no_code,88.0,52.080000000000005,5944,influencer,influencer,False,True,2026-06-23T12:28:52Z
00000b53b368,3,211.0,130.51,2026-03-15,2026-03,2026-05-29,75.0,,False,no_code,34.0,24.49,4236,meta,meta_ads,False,True,2026-03-15T20:23:29Z
00000b594f26,1,24.0,10.950000000000005,2025-07-25,2025-07,,,,False,no_code,24.0,10.950000000000005,1184,,unknown,False,True,2025-07-25T15:37:34Z
00000b5e10f1,1,68.0,22.790000000000006,2026-02-03,2026-02,,,,False,no_code,94.0,22.790000000000006,3673,,unknown,False,True,2026-02-03T00:29:54Z
00000b63acaf,1,44.88,19.33999999999999,2025-08-01,2025-08,,,SUMMER20+WELCOME15,True,item_discount,44.879999999999995,19.33999999999999,1246,organic_search,organic_search,False,True,2025-08-01T12:17:57Z
00000b63ad76,1,22.1,12.36,2026-06-25,2026-06,,,WELCOME15,True,item_discount,22.1,12.36,5982,direct,direct,False,False,2026-06-25T15:22:26Z
00000b686db3,3,178.3,117.78,2026-02-19,2026-02,2026-04-10,50.0,WELCOME15,True,item_discount,32.3,21.36,3906,referral,referral,False,False,2026-02-19T15:18:38Z
00000b686e7a,2,169.0,104.5,2026-01-09,2026-01,2026-03-02,52.0,NEWYEAR20,False,item_discount,44.8,28.21,3381,organic_search,organic_search,False,True,2026-01-09T22:30:23Z
00000b6e0a38,1,108.8,52.510000000000005,2025-10-14,2025-10,,,WELCOME15,True,item_discount,108.8,52.510000000000005,1976,meta,meta_ads,False,False,2025-10-14T13:58:17Z
00000b6e0aff,1,98.0,62.15,2026-05-31,2026-05,,,,False,no_code,98.0,62.15,5540,,unknown,False,True,2026-05-31T13:29:05Z
00000b72cb3c,1,137.25,77.39,2026-03-21,2026-03,,,SPRING25,False,item_discount,137.25,77.39,4423,direct,direct,False,False,2026-03-21T20:16:44Z
00000b72cc03,1,15.47,6.130000000000002,2025-11-29,2025-11,,,BFCM30+WELCOME15,True,item_discount,15.47,6.130000000000002,2732,meta,meta_ads,False,True,2025-11-29T11:29:01Z
00000b7867c1,3,255.6,166.95000000000002,2025-11-30,2025-11,2026-01-16,47.0,BFCM30,False,item_discount,47.6,29.010000000000005,2788,meta,meta_ads,False,False,2025-11-30T10:56:15Z
00000b786888,1,32.3,21.380000000000003,2026-04-29,2026-04,,,WELCOME15,True,item_discount,32.3,21.380000000000003,5017,organic_search,organic_search,False,False,2026-04-29T22:58:13Z
00000b7d28c5,1,18.7,11.879999999999995,2026-04-17,2026-04,,,WELCOME15,True,item_discount,18.7,11.879999999999995,4814,TikTok,tiktok_ads,False,True,2026-04-17T16:49:27Z
00000b7d298c,1,58.8,23.379999999999995,2025-11-25,2025-11,,,BFCM30,False,item_discount,58.8,23.379999999999995,2536,direct,direct,False,False,2025-11-25T23:02:14Z
00000b82c54a,1,28.0,-1.4199999999999982,2025-12-09,2025-12,,,,False,no_code,28.0,-1.4199999999999982,2964,organic_search,organic_search,False,True,2025-12-09T13:46:30Z
00000b87864e,1,29.0,20.670000000000005,2026-05-22,2026-05,,,,False,no_code,29.0,20.670000000000005,5393,organic_search,organic_search,False,True,2026-05-22T14:30:05Z
00000b878715,2,187.4,106.38999999999999,2025-10-11,2025-10,2025-12-09,59.0,WELCOME15,True,item_discount,71.4,35.51,1923,Direct,direct,False,True,2025-10-11T02:29:46Z
00000b91e3d7,1,88.0,38.2,2026-06-30,2026-06,,,,False,no_code,88.0,38.2,6063,organic_search,organic_search,False,False,2026-06-30T14:12:40Z
00000bd2a76a,1,84.0,48.52,2025-10-01,2025-10,,,,False,no_code,84.0,48.52,1797,google_ads,google_ads,False,True,2025-10-01T11:26:37Z
00000bd7686e,1,38.0,26.85,2026-03-24,2026-03,,,,False,no_code,38.0,26.85,4457,meta,meta_ads,False,True,2026-03-24T01:18:56Z
00000bd76935,1,54.6,22.160000000000004,2025-11-24,2025-11,,,BFCM30,False,item_discount,54.6,22.160000000000004,2445,meta,meta_ads,False,False,2025-11-24T17:23:15Z
00000be1c5f7,1,38.0,26.510000000000005,2026-04-10,2026-04,,,,False,no_code,38.0,26.510000000000005,4708,organic_search,organic_search,False,True,2026-04-10T12:02:46Z
00000be1c6be,1,30.8,17.199999999999996,2025-11-25,2025-11,,,BFCM30,False,item_discount,30.8,17.199999999999996,2500,referral,referral,False,True,2025-11-25T12:36:59Z
00000be7627c,1,70.0,31.1,2025-12-01,2025-12,,,BFCM30,False,item_discount,70.0,31.1,2869,referral,referral,False,True,2025-12-01T23:51:59Z
00000bec2380,1,24.65,15.579999999999997,2026-05-09,2026-05,,,WELCOME15,True,item_discount,24.65,15.579999999999997,5200,IG,meta_ads,True,True,2026-05-09T15:49:28Z
00000bec2447,1,44.0,13.699999999999998,2025-10-15,2025-10,,,FREESHIP,False,freeship_only,44.0,13.699999999999998,1982,facebook_ads,meta_ads,False,True,2025-10-15T01:02:27Z
00000bf1c005,2,202.0,138.3,2026-01-24,2026-01,2026-03-09,44.0,,False,no_code,168.0,113.75,3543,direct,direct,False,False,2026-01-24T03:35:01Z
00000bf68109,1,22.0,13.870000000000005,2026-06-26,2026-06,,,,False,no_code,22.0,13.870000000000005,5997,meta,meta_ads,False,True,2026-06-26T21:16:29Z
00000bfc1d8e,1,22.0,15.159999999999998,2026-02-08,2026-02,,,,False,no_code,22.0,15.159999999999998,3761,meta,meta_ads,False,False,2026-02-08T12:48:30Z
00000c246534,1,62.400000000000006,32.160000000000004,2025-08-06,2025-08,,,SUMMER20,False,item_discount,62.4,32.160000000000004,1282,Facebook,meta_ads,False,True,2025-08-06T13:58:11Z
00000c2465fb,1,93.5,54.37999999999999,2026-06-20,2026-06,,,SKINBYJORDAN15,False,item_discount,93.5,54.37999999999999,5879,,unknown,False,True,2026-06-20T13:22:25Z
00000c2ec2bd,1,66.0,39.83,2025-09-25,2025-09,,,,False,no_code,66.0,39.83,1728,Facebook,meta_ads,False,False,2025-09-25T02:43:43Z
00000c2ec384,2,104.0,67.52000000000001,2026-05-16,2026-05,2026-06-18,33.0,,False,no_code,36.0,25.330000000000005,5314,Google,google_ads,True,False,2026-05-16T12:06:58Z
00000c392046,1,35.7,20.77,2025-11-29,2025-11,,,BFCM30,False,item_discount,35.7,20.77,2721,,unknown,False,True,2025-11-29T03:51:46Z
00000c39210d,1,60.0,35.64,2026-04-27,2026-04,,,,False,no_code,60.0,35.64,4988,google_ads,google_ads,False,False,2026-04-27T22:49:52Z
00000c437dcf,1,34.0,20.54,2025-11-04,2025-11,,,,False,no_code,34.0,20.54,2225,meta,meta_ads,False,False,2025-11-04T22:01:48Z
00000c4663f0,1,99.4,48.06999999999999,2025-11-26,2025-11,,,BFCM30,False,item_discount,99.4,48.06999999999999,2584,facebook_ads,meta_ads,False,True,2025-11-26T19:15:08Z
00000c50c0b2,1,38.0,26.56,2026-05-09,2026-05,,,,False,no_code,38.0,26.56,5193,google_ads,google_ads,False,True,2026-04-23T14:10:52Z
00000c50c179,2,52.8,32.650000000000006,2025-09-09,2025-09,2025-11-01,53.0,WELCOME15,True,item_discount,23.8,11.64,1578,Facebook,meta_ads,False,True,2025-09-09T17:59:42Z
00000c5b1e3b,1,38.0,26.96,2026-06-02,2026-06,,,,False,no_code,38.0,26.96,5560,tiktok,tiktok_ads,False,True,2026-06-02T00:07:08Z
00000c5b1f02,3,146.0,97.34000000000002,2025-08-10,2025-08,2025-11-04,86.0,,False,no_code,44.0,30.800000000000004,1309,organic_search,organic_search,False,True,2025-08-10T23:42:03Z
00000c890266,1,54.0,31.07,2025-08-19,2025-08,,,,False,no_code,54.0,31.07,1398,meta,meta_ads,False,False,2025-08-19T21:20:55Z
00000c89032d,1,32.0,14.580000000000004,2026-06-20,2026-06,,,,False,no_code,32.0,14.580000000000004,5875,meta,meta_ads,False,True,2026-06-20T12:24:56Z
00000c8dc431,2,109.2,67.81,2026-01-12,2026-01,2026-04-05,83.0,NEWYEAR20,False,item_discount,27.2,16.599999999999998,3422,meta,meta_ads,False,True,2026-01-12T19:39:27Z
00000c935fef,1,34.0,23.410000000000004,2025-09-29,2025-09,,,,False,no_code,34.0,23.410000000000004,1770,direct,direct,False,True,2025-09-29T09:13:18Z
00000c9360b6,1,32.3,21.29,2026-05-15,2026-05,,,WELCOME15,True,item_discount,32.3,21.29,5296,,unknown,False,False,2026-05-15T13:38:39Z
00000c9821ba,1,85.0,49.38,2025-12-18,2025-12,,,HOLIDAY15,False,item_discount,85.0,49.38,3089,influencer,influencer,False,False,2025-11-20T02:10:22Z
00000c9dbd78,1,44.8,24.87,2025-11-30,2025-11,,,BFCM30,False,item_discount,44.8,24.87,2801,facebook_ads,meta_ads,False,False,2025-11-30T16:15:18Z
00000c9dbe3f,1,45.9,27.91,2026-04-26,2026-04,,,WELCOME15,True,item_discount,45.9,27.91,4971,organic_search,organic_search,False,False,2026-04-26T15:50:03Z
00000ca27f43,1,82.6,40.03999999999999,2025-11-28,2025-11,,,BFCM30,False,item_discount,82.6,40.03999999999999,2685,direct,direct,False,True,2025-11-28T12:32:53Z
00000ca81b01,1,59.5,29.4,2025-11-27,2025-11,,,BFCM30,False,item_discount,59.5,29.4,2634,,unknown,False,True,2025-11-27T14:49:43Z
00000ca81bc8,1,22.0,14.869999999999996,2026-03-26,2026-03,,,,False,no_code,22.0,14.869999999999996,4491,organic_search,organic_search,False,True,2026-03-26T14:21:20Z
00000cadb786,1,32.0,21.9,2025-07-09,2025-07,,,,False,no_code,32.0,21.9,1064,meta,meta_ads,False,True,2025-07-09T15:20:57Z
00000cb2788a,1,15.4,8.830000000000002,2025-12-01,2025-12,,,BFCM30,False,item_discount,15.4,8.830000000000002,2858,organic_search,organic_search,False,False,2025-12-01T16:33:44Z
00000cf7fde8,1,36.55,20.32,2026-05-12,2026-05,,,WELCOME15,True,item_discount,49.3,20.32,5242,Direct,direct,False,False,2026-05-12T14:52:08Z
00000cfcbeec,1,28.9,19.770000000000003,2025-12-03,2025-12,,,WELCOME15,True,item_discount,28.9,19.770000000000003,2879,referral,referral,False,True,2025-12-03T01:39:26Z
00000d025aaa,1,89.6,43.760000000000005,2025-11-29,2025-11,,,BFCM30,False,item_discount,89.6,43.760000000000005,2715,tiktok,tiktok_ads,False,False,2025-11-29T00:37:21Z
00000d025b71,2,227.39999999999998,126.92999999999999,2026-04-05,2026-04,2026-04-27,22.0,WELCOME15,True,item_discount,139.4,84.38,4614,google_ads,google_ads,False,True,2026-04-05T00:53:49Z
00000d071bae,1,53.0,30.870000000000005,2026-04-10,2026-04,,,,False,no_code,53.0,30.870000000000005,4702,Google,google_ads,True,True,2026-03-30T04:06:11Z
00000d071c75,1,27.2,17.05,2025-11-18,2025-11,,,WELCOME15,True,item_discount,27.2,17.05,2359,organic_search,organic_search,False,True,2025-11-18T18:28:33Z
00000d0cb833,1,68.0,42.92,2025-11-08,2025-11,,,,False,no_code,68.0,42.92,2265,organic_search,organic_search,False,True,2025-11-08T21:39:07Z
00000d0cb8fa,1,23.4,13.249999999999998,2026-03-21,2026-03,,,AMELIA10,False,item_discount,23.4,13.249999999999998,4424,Influencer,influencer,False,True,2026-03-18T20:38:57Z
00000d117937,1,119.0,71.30000000000001,2026-05-20,2026-05,,,WELCOME15,True,item_discount,119.0,71.30000000000001,5365,meta,meta_ads,False,True,2026-05-20T01:22:53Z
00000d1179fe,1,74.8,42.13,2025-10-18,2025-10,,,WELCOME15,True,item_discount,74.8,42.13,2016,organic_search,organic_search,False,True,2025-10-01T13:14:39Z
00000d1715bc,1,28.9,19.680000000000003,2025-12-23,2025-12,,,WELCOME15,True,item_discount,28.9,19.680000000000003,3160,google_ads,google_ads,False,True,2025-12-23T17:04:37Z
00000d171683,1,22.0,14.99,2026-02-11,2026-02,,,,False,no_code,22.0,14.99,3803,Google,google_ads,True,False,2026-01-31T15:36:26Z
00000d1bd6c0,1,49.3,31.599999999999994,2026-06-04,2026-06,,,WELCOME15,True,item_discount,49.3,31.599999999999994,5587,tiktok,tiktok_ads,False,True,2026-06-04T05:20:17Z
00000d1bd787,1,23.8,2.4599999999999973,2025-09-23,2025-09,,,WELCOME15,True,item_discount,23.8,2.4599999999999973,1704,organic_search,organic_search,False,True,2025-09-23T07:20:44Z
00000d217345,1,0.0,-10.45,2026-02-09,2026-02,,,,False,no_code,26.0,-10.45,3776,meta,meta_ads,False,False,2026-02-09T05:53:54Z
00000d21740c,1,76.0,42.66,2026-01-05,2026-01,,,,False,no_code,76.0,42.66,3318,Facebook,meta_ads,False,True,2026-01-05T15:27:14Z
00000d263510,1,17.6,0.3400000000000007,2025-07-08,2025-07,,,SUMMER20,False,item_discount,44.8,0.3400000000000007,1051,meta,meta_ads,False,True,2025-07-08T14:13:25Z
00000d2bd0ce,2,114.0,65.44,2026-03-03,2026-03,2026-05-06,64.0,,False,no_code,38.0,19.880000000000003,4068,referral,referral,False,True,2026-02-08T12:16:17Z
00000d761730,2,133.45,78.33999999999999,2025-10-28,2025-10,2025-12-24,57.0,WELCOME15,True,item_discount,72.25,41.78999999999999,2158,IG,meta_ads,True,False,2025-10-28T16:53:23Z
00000d8073f2,1,29.0,20.72000000000001,2026-06-11,2026-06,,,,False,no_code,29.0,20.72000000000001,5716,influencer,influencer,False,True,2026-06-11T10:40:57Z
00000d8074b9,3,154.0,89.67,2025-09-07,2025-09,2025-11-07,61.0,WELCOME15,True,item_discount,47.6,30.91,1550,facebook_ads,meta_ads,False,True,2025-09-07T03:01:56Z
00000d861077,2,100.0,53.7,2026-02-26,2026-02,2026-04-30,63.0,,False,no_code,38.0,19.94,3996,direct,direct,False,False,2026-02-26T14:08:46Z
00000d8ad242,1,32.0,22.19,2025-07-29,2025-07,,,,False,no_code,32.0,22.19,1217,direct,direct,False,False,2025-07-29T08:23:47Z
00000d906e00,1,66.0,30.35,2026-03-17,2026-03,,,SPRING25,False,item_discount,66.0,30.35,4284,meta,meta_ads,False,True,2026-03-17T02:58:25Z
00000d9acb89,1,106.0,68.85,2026-04-30,2026-04,,,,False,no_code,106.0,68.85,5027,meta,meta_ads,False,False,2026-04-30T11:01:47Z
00000da52912,1,57.8,30.95,2026-05-14,2026-05,,,WELCOME15,True,item_discount,57.8,30.95,5281,,unknown,False,False,2026-05-14T10:10:37Z
00000db8b66d,1,25.5,15.159999999999997,2026-06-07,2026-06,,,WELCOME15,True,item_discount,25.5,15.159999999999997,5656,meta,meta_ads,False,False,2026-06-07T23:33:51Z
00000dc3132f,1,56.0,25.290000000000003,2025-10-16,2025-10,,,,False,no_code,56.0,25.290000000000003,1990,Direct,direct,False,True,2025-10-16T13:31:30Z
00000dc313f6,1,73.94999999999999,43.78,2026-05-28,2026-05,,,WELCOME15,True,item_discount,73.95,43.78,5502,tiktok,tiktok_ads,False,True,2026-04-27T13:45:11Z
00000dcd70b8,4,306.7,129.70999999999998,2025-11-22,2025-11,2026-01-09,48.0,WELCOME15,True,item_discount,166.6,48.59,2390,direct,direct,False,True,2025-11-22T23:20:25Z
00000dcd717f,1,106.0,67.29,2026-04-22,2026-04,,,,False,no_code,106.0,67.29,4908,organic_search,organic_search,False,True,2026-04-22T16:54:36Z
00000dd7ce41,1,37.4,23.77,2025-12-24,2025-12,,,WELCOME15,True,item_discount,37.4,23.77,3165,referral,referral,False,False,2025-12-24T02:51:54Z
00000dd7cf08,2,143.0,91.96000000000001,2026-03-21,2026-03,2026-05-28,68.0,,False,no_code,76.0,49.03,4400,tiktok,tiktok_ads,False,True,2026-03-21T00:28:43Z
00000ddd6ac6,1,52.0,14.410000000000004,2025-08-05,2025-08,,,,False,no_code,86.0,14.410000000000004,1273,organic_search,organic_search,False,True,2025-08-05T18:49:31Z
00000de22bca,1,22.4,10.299999999999995,2026-01-07,2026-01,,,NEWYEAR20,False,item_discount,22.4,10.299999999999995,3343,referral,referral,False,True,2026-01-07T10:47:13Z
00000de511eb,1,28.9,18.09,2025-09-06,2025-09,,,WELCOME15,True,item_discount,28.9,18.09,1539,direct,direct,False,True,2025-09-06T13:48:28Z
00000dec8953,1,16.5,8.44,2026-03-17,2026-03,,,SPRING25,False,item_discount,16.5,8.44,4303,direct,direct,False,True,2026-03-17T16:56:17Z
00000def6f74,2,110.0,65.36000000000001,2025-07-19,2025-07,2025-08-28,40.0,SUMMER20,False,item_discount,70.4,38.59,1145,organic_search,organic_search,False,False,2025-07-19T15:47:40Z
00000e27b128,1,85.0,36.77,2026-05-18,2026-05,,,WELCOME15,True,item_discount,85.0,36.77,5343,organic_search,organic_search,False,True,2026-05-18T10:38:58Z
00000e2c722c,2,100.4,46.540000000000006,2025-11-17,2025-11,2026-01-21,65.0,,False,no_code,66.0,4.789999999999999,2340,meta,meta_ads,False,False,2025-11-17T02:22:59Z
00000e320dea,1,103.6,37.66,2025-11-27,2025-11,,,BFCM30,False,item_discount,121.8,37.66,2611,direct,direct,False,True,2025-11-27T02:30:49Z
00000e320eb1,1,38.0,26.980000000000004,2026-04-07,2026-04,,,,False,no_code,38.0,26.980000000000004,4650,,unknown,False,False,2026-04-07T14:18:17Z
00000e36cfb5,1,25.2,15.32,2025-11-26,2025-11,,,BFCM30,False,item_discount,25.2,15.32,2580,meta,meta_ads,False,True,2025-11-26T16:49:26Z
00000e3c6b73,1,61.2,34.45,2025-12-29,2025-12,,,SKINBYJORDAN15,False,item_discount,61.2,34.45,3224,,unknown,False,True,2025-12-29T17:38:42Z
00000e3c6c3a,1,57.0,30.360000000000003,2026-03-14,2026-03,,,SPRING25,False,item_discount,57.0,30.360000000000003,4185,meta,meta_ads,False,False,2026-03-14T00:55:17Z
00000e412d3e,1,26.0,9.970000000000002,2025-09-05,2025-09,,,,False,no_code,26.0,9.970000000000002,1531,organic_search,organic_search,False,True,2025-07-26T18:17:05Z
00000e4207f8,2,182.0,118.53,2025-08-06,2025-08,2025-10-17,72.0,,False,no_code,34.0,23.380000000000003,1280,organic_search,organic_search,False,False,2025-08-06T10:17:15Z
00000e46c8fc,1,29.0,21.210000000000004,2026-01-01,2026-01,,,,False,no_code,29.0,21.210000000000004,3256,organic_search,organic_search,False,False,2026-01-01T21:00:42Z
00000e46c9c3,1,55.25,31.01,2026-01-10,2026-01,,,WELCOME15,True,item_discount,55.25,31.01,3389,meta,meta_ads,False,True,2026-01-10T14:39:33Z
00000e4b8ac7,1,120.7,69.14,2025-08-16,2025-08,,,WELCOME15,True,item_discount,120.7,69.14,1364,google_ads,google_ads,False,False,2025-08-16T21:16:46Z
00000e4c6581,4,321.6,210.24,2025-09-28,2025-09,2025-11-19,52.0,,False,no_code,63.0,40.27,1762,organic_search,organic_search,False,False,2025-09-28T01:27:13Z
00000e512685,1,74.8,33.81999999999999,2026-03-14,2026-03,,,WELCOME15,True,item_discount,93.5,33.81999999999999,4215,organic_search,organic_search,False,True,2026-03-14T20:03:47Z
00000e51274c,2,97.2,62.730000000000004,2025-12-30,2025-12,2026-04-06,97.0,,False,no_code,63.0,39.58,3233,meta,meta_ads,False,True,2025-12-30T13:16:39Z
00000e56c30a,1,19.6,7.67,2025-11-25,2025-11,,,BFCM30,False,item_discount,19.6,7.67,2524,direct,direct,False,True,2025-11-25T18:52:00Z
00000e5b840e,1,34.0,22.93,2026-04-05,2026-04,,,,False,no_code,34.0,22.93,4624,google_ads,google_ads,False,True,2026-04-05T20:41:29Z
00000e9e234b,1,27.2,18.18,2025-07-30,2025-07,,,SUMMER20,False,item_discount,27.2,18.18,1230,direct,direct,False,False,2025-07-30T15:44:46Z
00000ea1096c,2,128.1,81.86,2026-03-19,2026-03,2026-05-21,63.0,WELCOME15,True,item_discount,90.1,54.86,4366,organic_search,organic_search,False,False,2026-03-19T22:06:33Z
00000ea5ca70,1,29.0,21.170000000000005,2025-09-09,2025-09,,,,False,no_code,29.0,21.170000000000005,1575,direct,direct,False,False,2025-09-09T13:35:11Z
00000eab662e,2,123.25,71.13,2026-01-24,2026-01,2026-03-05,40.0,WELCOME15,True,item_discount,55.25,30.42,3551,direct,direct,False,True,2026-01-24T15:23:43Z
00000eab66f5,1,94.35,49.11999999999999,2026-01-20,2026-01,,,WELCOME15,True,item_discount,94.35,49.11999999999999,3503,,unknown,False,True,2026-01-20T01:41:17Z
00000eb02732,1,37.4,23.75,2026-06-04,2026-06,,,WELCOME15,True,item_discount,37.4,23.75,5585,Facebook,meta_ads,False,False,2026-06-04T02:51:10Z
00000eb027f9,1,27.2,13.019999999999996,2025-08-09,2025-08,,,SUMMER20,False,item_discount,27.2,13.019999999999996,1301,referral,referral,False,True,2025-08-09T22:35:29Z
00000eb5c3b7,1,44.2,27.129999999999995,2026-03-07,2026-03,,,WELCOME15,True,item_discount,44.2,27.129999999999995,4110,google_ads,google_ads,False,True,2026-03-07T03:09:10Z
00000eb5c47e,1,14.45,-3.380000000000001,2025-12-13,2025-12,,,WELCOME15,True,item_discount,28.9,-3.380000000000001,3020,meta,meta_ads,False,True,2025-12-13T15:27:36Z
00000ec02140,1,32.0,-12.530000000000005,2026-04-24,2026-04,,,,False,no_code,120.0,-12.530000000000005,4943,meta,meta_ads,False,False,2026-04-24T17:46:51Z
00000ec02207,1,20.3,12.62,2025-11-24,2025-11,,,BFCM30,False,item_discount,20.3,12.62,2443,tiktok,tiktok_ads,False,True,2025-11-24T17:11:15Z
00000eca7ec9,1,56.1,30.14,2026-05-28,2026-05,,,WELCOME15,True,item_discount,56.1,30.14,5490,google_ads,google_ads,False,True,2026-05-28T01:44:13Z
00000eca7f90,1,27.2,17.529999999999998,2025-10-30,2025-10,,,WELCOME15,True,item_discount,27.2,17.529999999999998,2169,organic_search,organic_search,False,True,2025-10-30T00:44:30Z
00000ed4dc52,1,27.2,17.069999999999997,2026-06-21,2026-06,,,WELCOME15,True,item_discount,27.2,17.069999999999997,5914,direct,direct,False,False,2026-06-21T21:12:31Z
00000ede0c24,1,120.0,76.21,2026-06-22,2026-06,,,,False,no_code,120.0,76.21,5921,tiktok,tiktok_ads,False,True,2026-05-11T02:10:18Z
00000ee869ad,1,37.4,24.04,2026-05-25,2026-05,,,NOURISHED15,False,item_discount,37.4,24.04,5439,influencer,influencer,False,False,2026-05-25T11:29:13Z
00000ef2c736,2,93.4,57.7,2026-04-05,2026-04,2026-05-06,31.0,,False,no_code,73.0,45.190000000000005,4616,organic_search,organic_search,False,False,2026-04-05T04:55:01Z
00000efd24bf,1,68.0,42.44,2026-03-20,2026-03,,,,False,no_code,68.0,42.44,4372,organic_search,organic_search,False,False,2026-02-15T01:00:34Z
00000f02c07d,3,219.2,129.44,2025-07-20,2025-07,2025-10-01,73.0,SUMMER20,False,item_discount,67.2,32.74,1156,direct,direct,False,True,2025-07-20T13:52:47Z
00000f078248,1,112.0,49.42000000000001,2026-02-11,2026-02,,,,False,no_code,112.0,49.42000000000001,3807,referral,referral,False,True,2026-02-11T23:56:46Z
00000f0d1e06,1,56.0,32.94,2025-09-26,2025-09,,,,False,no_code,56.0,32.94,1744,,unknown,False,False,2025-09-26T00:01:59Z
00000f397984,1,29.0,20.81,2026-06-21,2026-06,,,,False,no_code,29.0,20.81,5893,organic_search,organic_search,False,True,2026-05-29T02:08:09Z
00000f576468,2,44.4,16.790000000000003,2026-04-19,2026-04,2026-06-12,54.0,WELCOME15,True,item_discount,20.4,7.089999999999997,4840,organic_search,organic_search,False,True,2026-04-19T09:43:06Z
00000f61c12a,1,42.0,23.19,2025-11-30,2025-11,,,BFCM30,False,item_discount,42.0,23.19,2815,,unknown,False,True,2025-11-30T21:00:26Z
00000f61c1f1,1,75.75,42.09,2026-03-17,2026-03,,,SPRING25,False,item_discount,75.75,42.09,4301,direct,direct,False,True,2026-03-17T15:59:03Z
00000f675daf,2,105.4,62.7,2025-07-10,2025-07,2025-09-16,68.0,SUMMER20,False,item_discount,35.2,22.620000000000005,1073,tiktok,tiktok_ads,False,False,2025-07-10T23:12:29Z
00000f6c1eb3,1,49.3,16.79,2026-01-15,2026-01,,,WELCOME15,True,item_discount,49.3,16.79,3445,google_ads,google_ads,False,True,2026-01-15T21:17:21Z
00000f6c1f7a,1,27.2,17.22,2026-02-09,2026-02,,,WELCOME15,True,item_discount,27.2,17.22,3787,Facebook,meta_ads,False,True,2026-02-09T23:33:57Z
00000f71bb38,1,36.0,25.790000000000006,2025-09-30,2025-09,,,,False,no_code,36.0,25.790000000000006,1780,organic_search,organic_search,False,True,2025-09-30T02:47:04Z
00000f71bbff,1,67.0,43.11,2026-06-14,2026-06,,,,False,no_code,67.0,43.11,5768,organic_search,organic_search,False,False,2026-06-14T02:56:04Z
00000f767c3c,1,97.0,38.53,2026-02-12,2026-02,,,,False,no_code,97.0,38.53,3809,TikTok,tiktok_ads,False,False,2026-02-12T00:51:09Z
00000f767d03,1,0.0,-7.800000000000001,2025-12-20,2025-12,,,,False,no_code,29.0,-7.800000000000001,3128,direct,direct,False,True,2025-11-09T12:22:16Z
00000f7c18c1,1,0.0,-10.02,2025-10-24,2025-10,,,WELCOME15,True,item_discount,27.2,-10.02,2102,google_ads,google_ads,False,True,2025-10-24T13:09:44Z
00000f7c1988,1,20.4,12.809999999999995,2026-05-24,2026-05,,,WELCOME15,True,item_discount,20.4,12.809999999999995,5428,meta,meta_ads,False,True,2026-05-24T14:26:42Z
00000f80d9c5,1,22.0,15.189999999999996,2026-03-21,2026-03,,,,False,no_code,22.0,15.189999999999996,4420,meta,meta_ads,False,True,2026-03-21T15:40:14Z
00000f80da8c,1,0.0,-7.51,2025-11-26,2025-11,,,BFCM30,False,item_discount,20.3,-7.51,2576,direct,direct,False,True,2025-11-26T16:31:28Z
00000f86764a,1,23.8,5.130000000000003,2025-11-24,2025-11,,,BFCM30,False,item_discount,46.2,5.130000000000003,2412,referral,referral,False,False,2025-11-24T03:49:56Z
00000f8b374e,1,56.0,24.8,2026-04-04,2026-04,,,,False,no_code,56.0,24.8,4607,organic_search,organic_search,False,True,2026-04-04T14:40:53Z
00000f9594d7,1,84.14999999999999,39.67999999999999,2026-05-06,2026-05,,,MOMS15,False,item_discount,106.25,39.67999999999999,5141,google_ads,google_ads,False,True,2026-05-06T21:51:25Z
00000fd0bcac,1,27.2,16.959999999999997,2026-02-14,2026-02,,,WELCOME15,True,item_discount,27.2,16.959999999999997,3845,meta,meta_ads,False,True,2026-02-14T10:56:09Z
00000fdb196e,1,20.4,12.369999999999996,2026-02-16,2026-02,,,WELCOME15,True,item_discount,20.4,12.369999999999996,3866,,unknown,False,False,2026-02-16T01:42:55Z
00000fdb1a35,1,24.65,17.019999999999996,2025-12-04,2025-12,,,HOLIDAY15,False,item_discount,24.65,17.019999999999996,2903,tiktok,tiktok_ads,False,False,2025-12-04T14:35:06Z
00000fdfdb39,1,25.6,15.81,2025-07-03,2025-07,,,SUMMER20,False,item_discount,25.6,15.81,1021,influencer,influencer,False,True,2025-07-03T20:46:52Z
00000fe0b5f3,1,28.0,15.870000000000005,2025-10-26,2025-10,,,,False,no_code,28.0,15.870000000000005,2120,google_ads,google_ads,False,True,2025-10-26T01:46:20Z
00000fe576f7,1,0.0,-13.220000000000002,2026-03-06,2026-03,,,WELCOME15,True,item_discount,37.4,-13.220000000000002,4101,,unknown,False,True,2026-03-06T16:14:30Z
00000fe577be,1,64.0,43.290000000000006,2025-11-16,2025-11,,,,False,no_code,64.0,43.290000000000006,2330,organic_search,organic_search,False,True,2025-11-16T02:49:37Z
00000feb137c,1,90.95,55.39,2025-11-09,2025-11,,,WELCOME15,True,item_discount,90.95,55.39,2268,Facebook,meta_ads,False,True,2025-11-09T01:08:55Z
00000fefd480,1,68.0,15.459999999999996,2026-04-15,2026-04,,,,False,no_code,156.0,15.459999999999996,4777,meta,meta_ads,False,True,2026-04-15T16:49:29Z
00000fefd547,1,23.8,7.129999999999999,2025-11-30,2025-11,,,BFCM30,False,item_discount,23.8,7.129999999999999,2774,referral,referral,False,False,2025-11-28T02:11:48Z
00000ff57105,3,107.8,64.88000000000001,2025-12-13,2025-12,2026-01-23,41.0,,False,no_code,34.0,23.350000000000005,3024,,unknown,False,False,2025-12-13T20:05:02Z
00000ffa3209,1,0.0,-8.02,2026-05-30,2026-05,,,WELCOME15,True,item_discount,24.65,-8.02,5528,Influencer,influencer,False,True,2026-05-23T10:46:51Z
00000ffa32d0,1,84.15,49.74,2025-09-26,2025-09,,,WELCOME15,True,item_discount,84.15,49.74,1747,meta,meta_ads,False,True,2025-09-26T12:27:48Z
00000fffce8e,3,196.8,101.29,2026-01-03,2026-01,2026-03-02,58.0,NEWYEAR20,False,item_discount,89.6,42.540000000000006,3278,facebook_ads,meta_ads,False,False,2026-01-03T07:22:46Z
000010048f92,1,29.0,20.790000000000006,2026-06-21,2026-06,,,,False,no_code,29.0,20.790000000000006,5908,Facebook,meta_ads,False,True,2026-06-21T15:42:01Z
0000103273bd,1,17.68,8.459999999999999,2025-08-12,2025-08,,,SUMMER20+WELCOME15,True,item_discount,17.68,8.459999999999999,1329,google_ads,google_ads,False,True,2025-08-12T15:29:15Z
000010327484,1,62.0,36.66,2026-06-14,2026-06,,,,False,no_code,62.0,36.66,5771,meta,meta_ads,False,True,2026-06-14T12:45:44Z
0000103cd146,1,22.0,15.42,2025-10-08,2025-10,,,,False,no_code,22.0,15.42,1886,google_ads,google_ads,False,True,2025-10-08T13:06:42Z
0000103fb767,1,53.46,26.8,2025-12-08,2025-12,,,HOLIDAY15+WELCOME15,True,item_discount,53.46,26.8,2951,google_ads,google_ads,False,True,2025-12-08T19:37:21Z
000010472ecf,1,60.2,22.9,2025-11-25,2025-11,,,BFCM30,False,item_discount,60.2,22.9,2481,Google,google_ads,True,False,2025-11-25T04:08:26Z
0000104a14f0,1,38.5,22.160000000000004,2025-11-26,2025-11,,,BFCM30,False,item_discount,38.5,22.160000000000004,2551,facebook_ads,meta_ads,False,True,2025-11-26T09:16:03Z
0000105471b2,3,384.0,254.63,2026-04-13,2026-04,2026-05-11,28.0,,False,no_code,66.0,39.89,4752,meta,meta_ads,False,False,2026-04-13T18:38:06Z
000010547279,1,18.2,8.989999999999998,2025-11-30,2025-11,,,BFCM30,False,item_discount,18.2,8.989999999999998,2793,direct,direct,False,False,2025-11-30T13:52:24Z
0000105ecf3b,1,36.0,25.450000000000003,2026-05-17,2026-05,,,,False,no_code,36.0,25.450000000000003,5324,google_ads,google_ads,False,False,2026-05-17T01:24:31Z
0000105ed002,3,350.4,210.24,2025-09-06,2025-09,2025-11-20,75.0,WELCOME15,True,item_discount,71.4,36.690000000000005,1538,,unknown,False,False,2025-09-06T13:37:50Z
000010692cc4,1,60.0,35.52,2026-06-06,2026-06,,,,False,no_code,60.0,35.52,5632,organic_search,organic_search,False,False,2026-06-06T19:18:04Z
000010692d8b,1,22.0,15.409999999999998,2025-08-16,2025-08,,,,False,no_code,22.0,15.409999999999998,1362,Facebook,meta_ads,False,False,2025-08-16T13:05:47Z
0000108717a8,1,49.3,31.41,2026-03-14,2026-03,,,WELCOME15,True,item_discount,49.3,31.41,4188,direct,direct,False,True,2026-03-14T02:13:02Z
000010917531,1,32.0,21.61,2026-02-12,2026-02,,,,False,no_code,32.0,21.61,3818,meta,meta_ads,False,False,2026-02-10T13:22:12Z
0000109710ef,1,20.4,13.539999999999996,2025-08-30,2025-08,,,WELCOME15,True,item_discount,20.4,13.539999999999996,1474,google_ads,google_ads,False,True,2025-08-30T18:10:09Z
0000109711b6,1,28.9,13.6,2026-06-08,2026-06,,,FREESHIP+WELCOME15,True,item_discount,28.9,13.6,5662,organic_search,organic_search,False,True,2026-06-08T05:30:11Z
0000109bd2ba,2,60.0,40.150000000000006,2026-01-24,2026-01,2026-02-22,29.0,,False,no_code,30.0,20.1,3552,referral,referral,False,True,2026-01-24T17:37:39Z
000010a16e78,1,28.9,19.699999999999992,2025-10-08,2025-10,,,WELCOME15,True,item_discount,28.9,19.699999999999992,1880,google_ads,google_ads,False,True,2025-10-08T01:27:53Z
000010a16f3f,1,56.1,29.629999999999995,2026-05-01,2026-05,,,WELCOME15,True,item_discount,56.1,29.629999999999995,5040,google_ads,google_ads,False,False,2026-03-20T18:09:20Z
000010a63043,2,192.55,99.44999999999999,2025-12-06,2025-12,2026-01-31,56.0,HOLIDAY15,False,item_discount,53.55,28.359999999999992,2926,organic_search,organic_search,False,True,2025-12-06T13:08:18Z
000010abcc01,1,30.8,12.38,2025-11-27,2025-11,,,BFCM30+FREESHIP,False,item_discount,30.8,12.38,2660,meta,meta_ads,False,False,2025-11-27T23:22:32Z
000010abccc8,1,18.7,11.549999999999995,2026-04-15,2026-04,,,WELCOME15,True,item_discount,18.7,11.549999999999995,4782,direct,direct,False,True,2026-04-15T22:22:43Z
000010b08dcc,1,58.8,22.489999999999995,2025-11-24,2025-11,,,BFCM30,False,item_discount,58.8,22.489999999999995,2452,google_ads,google_ads,False,True,2025-11-24T19:42:27Z
000010b6298a,1,39.2,21.54,2025-11-28,2025-11,,,BFCM30,False,item_discount,39.2,21.54,2681,tiktok,tiktok_ads,False,True,2025-11-28T11:13:01Z
000010fbaee8,1,37.4,24.13,2026-06-01,2026-06,,,WELCOME15,True,item_discount,37.4,24.13,5554,Influencer,influencer,False,False,2026-06-01T17:50:38Z
000011006fec,3,325.8,196.33,2026-01-08,2026-01,2026-02-23,46.0,WELCOME15,True,item_discount,71.4,36.720000000000006,3358,google_ads,google_ads,False,True,2026-01-08T10:39:50Z
000011060baa,2,94.0,58.230000000000004,2025-10-08,2025-10,2026-02-27,142.0,,False,no_code,34.0,22.660000000000004,1887,meta,meta_ads,False,True,2025-10-08T13:37:24Z
000011060c71,1,20.4,12.769999999999996,2026-05-21,2026-05,,,WELCOME15,True,item_discount,20.4,12.769999999999996,5383,organic_search,organic_search,False,True,2026-05-08T17:52:58Z
0000110accae,2,87.02,50.07999999999999,2026-03-17,2026-03,2026-05-14,58.0,SPRING25+WELCOME15,True,item_discount,14.02,7.349999999999997,4294,direct,direct,False,False,2026-03-17T11:56:31Z
0000110acd75,2,137.0,74.43,2025-12-01,2025-12,2026-01-17,47.0,BFCM30,False,item_discount,105.0,52.6,2842,organic_search,organic_search,False,False,2025-12-01T04:59:57Z
000011106933,2,241.2,137.46,2025-11-26,2025-11,2026-01-12,47.0,BFCM30,False,item_discount,123.2,64.9,2569,meta,meta_ads,False,False,2025-11-26T14:07:43Z
0000111069fa,1,122.0,60.13999999999999,2026-04-28,2026-04,,,,False,no_code,122.0,60.13999999999999,5005,Facebook,meta_ads,False,False,2026-04-28T22:33:51Z
000011152a37,1,22.1,12.39,2026-04-19,2026-04,,,WELCOME15,True,item_discount,22.1,12.39,4849,tiktok,tiktok_ads,False,False,2026-04-19T19:33:48Z
000011152afe,1,39.2,21.5,2025-11-25,2025-11,,,BFCM30,False,item_discount,39.2,21.5,2534,direct,direct,False,True,2025-11-25T21:59:43Z
0000111ac6bc,1,128.1,57.52,2025-11-24,2025-11,,,BFCM30,False,item_discount,148.4,57.52,2461,meta,meta_ads,False,True,2025-11-24T23:34:22Z
0000111ac783,1,18.0,0.9700000000000006,2026-03-20,2026-03,,,SPRING25,False,item_discount,34.5,0.9700000000000006,4395,Facebook,meta_ads,False,True,2026-03-20T22:20:10Z
0000111f87c0,1,74.8,39.67999999999999,2026-05-08,2026-05,,,WELCOME15,True,item_discount,74.8,39.67999999999999,5178,organic_search,organic_search,False,True,2026-05-08T13:38:56Z
0000111f8887,4,208.4,114.65,2025-10-10,2025-10,2025-10-29,19.0,WELCOME15,True,item_discount,45.9,23.47,1918,organic_search,organic_search,False,True,2025-10-10T17:00:41Z
000011252445,1,158.0,103.55,2026-01-31,2026-01,,,,False,no_code,158.0,103.55,3638,meta,meta_ads,False,True,2026-01-31T11:41:59Z
00001125250c,2,184.0,116.29,2026-02-06,2026-02,2026-05-05,88.0,,False,no_code,70.0,42.260000000000005,3724,meta,meta_ads,False,False,2026-02-06T17:45:24Z
00001129e549,1,72.0,46.66,2026-06-24,2026-06,,,,False,no_code,72.0,46.66,5955,organic_search,organic_search,False,False,2026-06-24T00:59:11Z
00001129e610,1,27.2,18.08,2025-08-02,2025-08,,,SUMMER20,False,item_discount,27.2,18.08,1255,meta,meta_ads,False,True,2025-08-02T14:57:37Z
0000112f81ce,1,45.9,28.25,2026-02-15,2026-02,,,WELCOME15,True,item_discount,45.9,28.25,3860,referral,referral,False,True,2026-02-15T13:16:21Z
0000116227c4,1,110.0,68.53,2026-06-20,2026-06,,,,False,no_code,110.0,68.53,5886,organic_search,organic_search,False,False,2026-06-20T22:17:06Z
00001179c830,3,164.1,99.75999999999999,2025-11-05,2025-11,2025-12-05,30.0,NOURISHED15,False,item_discount,37.4,24.66,2228,influencer,influencer,False,False,2025-11-05T13:11:05Z
0000118424f2,1,28.9,19.430000000000003,2026-05-04,2026-05,,,MOMS15,False,item_discount,28.9,19.430000000000003,5099,organic_search,organic_search,False,True,2026-05-04T19:43:53Z
0000118425b9,1,88.4,51.760000000000005,2025-10-09,2025-10,,,WELCOME15,True,item_discount,88.4,51.760000000000005,1902,organic_search,organic_search,False,True,2025-10-09T15:56:50Z
0000118e827b,1,64.6,37.35,2026-06-10,2026-06,,,SKINBYJORDAN15,False,item_discount,64.6,37.35,5706,influencer,influencer,False,True,2026-06-10T23:32:00Z
0000118e8342,2,127.6,81.94,2025-08-14,2025-08,2025-09-28,45.0,,False,no_code,88.0,55.66,1344,google_ads,google_ads,False,False,2025-08-14T02:59:58Z
000011941f00,1,113.4,67.09,2026-02-27,2026-02,,,AMELIA10,False,item_discount,113.4,67.09,4007,Influencer,influencer,False,False,2026-02-27T12:41:05Z
00001198e0cb,1,92.8,36.73,2025-07-29,2025-07,,,SUMMER20,False,item_discount,128.0,36.73,1221,influencer,influencer,False,True,2025-07-29T12:53:59Z
0000119e7c89,2,68.0,48.65,2026-03-23,2026-03,2026-05-25,63.0,,False,no_code,34.0,24.32,4455,tiktok,tiktok_ads,False,True,2026-03-23T21:54:00Z
000011bc66a6,1,122.0,71.78999999999999,2025-07-17,2025-07,,,,False,no_code,122.0,71.78999999999999,1130,organic_search,organic_search,False,False,2025-07-17T16:54:44Z
000011c6c42f,4,161.6,100.6,2025-09-18,2025-09,2025-10-11,23.0,,False,no_code,26.0,16.18,1659,google_ads,google_ads,False,False,2025-09-18T03:06:48Z
000011c6c4f6,1,102.0,57.93999999999999,2026-06-07,2026-06,,,WELCOME15,True,item_discount,102.0,57.93999999999999,5637,organic_search,organic_search,False,True,2026-06-07T00:25:44Z
000011d121b8,1,95.4,54.92999999999999,2025-10-01,2025-10,,,AMELIA10,False,item_discount,95.4,54.92999999999999,1806,influencer,influencer,False,False,2025-10-01T14:14:42Z
000011d1227f,1,133.2,76.47,2026-04-10,2026-04,,,AMELIA10,False,item_discount,133.2,76.47,4703,influencer,influencer,False,True,2026-04-10T09:23:55Z
000011db7f41,1,84.0,48.13,2025-11-29,2025-11,,,,False,no_code,84.0,48.13,2722,Direct,direct,False,True,2025-11-29T03:53:11Z
000011db8008,1,25.5,15.95,2026-03-15,2026-03,,,SPRING25,False,item_discount,25.5,15.95,4234,meta,meta_ads,False,True,2026-03-15T15:04:38Z
000011e11bc6,3,221.2,136.59,2025-07-16,2025-07,2025-09-21,67.0,SUMMER20,False,item_discount,27.2,15.709999999999996,1116,influencer,influencer,False,True,2025-07-16T01:57:25Z
000011e5dcca,1,62.9,35.01,2025-12-06,2025-12,,,HOLIDAY15,False,item_discount,62.9,35.01,2924,Google,google_ads,True,False,2025-10-27T08:09:48Z
000011f31fad,1,82.0,50.31,2026-06-03,2026-06,,,,False,no_code,82.0,50.31,5575,Facebook,meta_ads,False,True,2026-06-03T10:41:04Z
000011f32074,1,45.760000000000005,24.48,2025-08-20,2025-08,,,GLOWWITHSAM12,False,item_discount,45.76,24.48,1401,influencer,influencer,False,False,2025-08-20T03:08:57Z
000011fd7dfd,1,45.9,20.809999999999995,2025-07-03,2025-07,,,WELCOME15,True,item_discount,45.9,20.809999999999995,1022,facebook_ads,meta_ads,False,False,2025-07-03T23:44:38Z
0000122b6228,1,38.0,26.78,2026-05-26,2026-05,,,,False,no_code,38.0,26.78,5457,tiktok,tiktok_ads,False,False,2026-05-26T09:37:03Z
00001230232c,1,18.7,12.309999999999995,2025-12-03,2025-12,,,HOLIDAY15,False,item_discount,18.7,12.309999999999995,2887,TikTok,tiktok_ads,False,True,2025-12-03T14:39:03Z
00001235beea,1,78.0,48.94,2025-10-24,2025-10,,,,False,no_code,78.0,48.94,2093,google_ads,google_ads,False,True,2025-10-24T00:01:27Z
00001235bfb1,1,52.7,33.05999999999999,2026-04-01,2026-04,,,WELCOME15,True,item_discount,52.7,33.05999999999999,4558,direct,direct,False,True,2026-04-01T00:34:16Z
0000123a80b5,1,16.8,-1.3299999999999963,2025-11-26,2025-11,,,BFCM30,False,item_discount,40.6,-1.3299999999999963,2566,,unknown,False,True,2025-10-25T13:03:45Z
000012401c73,3,198.9,122.49,2025-11-22,2025-11,2026-02-28,98.0,WELCOME15,True,item_discount,28.9,19.449999999999992,2387,google_ads,google_ads,False,True,2025-11-22T13:19:33Z
000012401d3a,2,140.5,44.81999999999999,2026-03-14,2026-03,2026-04-24,41.0,SPRING25,False,item_discount,118.5,38.88999999999999,4211,direct,direct,False,True,2026-03-14T19:24:31Z
00001244de3e,3,105.2,65.75,2025-10-04,2025-10,2025-11-04,31.0,WELCOME15,True,item_discount,37.4,24.28,1834,google_ads,google_ads,False,False,2025-10-04T03:20:08Z
00001245b8f8,1,78.19999999999999,46.36,2025-07-20,2025-07,,,WELCOME15,True,item_discount,78.2,46.36,1153,Facebook,meta_ads,False,False,2025-07-20T12:11:25Z
0000124a79fc,1,91.8,51.08,2025-12-06,2025-12,,,HOLIDAY15,False,item_discount,91.8,51.08,2930,meta,meta_ads,False,True,2025-12-06T19:12:42Z
0000124a7ac3,3,342.6,206.81,2026-02-10,2026-02,2026-05-05,84.0,WELCOME15,True,item_discount,74.8,39.53999999999999,3789,organic_search,organic_search,False,False,2026-02-10T00:58:03Z
0000124f3bc7,1,176.0,118.53,2025-09-14,2025-09,,,,False,no_code,176.0,118.53,1623,meta,meta_ads,False,False,2025-09-14T11:12:53Z
000012501681,1,56.0,32.01,2025-08-19,2025-08,,,,False,no_code,56.0,32.01,1399,Facebook,meta_ads,False,True,2025-08-19T22:30:13Z
00001254d785,2,160.2,96.43,2026-02-07,2026-02,2026-05-12,94.0,,False,no_code,126.0,79.18,3736,tiktok,tiktok_ads,False,False,2026-01-28T09:54:45Z
00001254d84c,1,38.0,26.520000000000003,2026-01-18,2026-01,,,,False,no_code,38.0,26.520000000000003,3481,Google,google_ads,True,False,2026-01-18T14:35:42Z
000012599950,1,62.0,28.23,2025-07-15,2025-07,,,,False,no_code,62.0,28.23,1114,google_ads,google_ads,False,True,2025-07-15T16:23:50Z
0000125a740a,1,34.0,24.69,2025-10-04,2025-10,,,,False,no_code,34.0,24.69,1839,Facebook,meta_ads,False,False,2025-10-04T13:11:52Z
0000125f350e,1,73.0,45.73,2026-03-31,2026-03,,,,False,no_code,73.0,45.73,4546,influencer,influencer,False,True,2026-03-31T08:40:30Z
000012a4ba6c,1,93.08,43.93,2026-03-16,2026-03,,,SPRING25+WELCOME15,True,item_discount,93.08,43.93,4259,Influencer,influencer,False,True,2026-03-16T13:05:26Z
000012a97b70,1,23.93,5.9,2025-10-10,2025-10,,,GLOWWITHSAM12+WELCOME15,True,item_discount,43.38,5.9,1913,influencer,influencer,False,False,2025-10-10T13:44:33Z
000012af172e,1,29.0,21.06,2025-12-27,2025-12,,,,False,no_code,29.0,21.06,3197,tiktok,tiktok_ads,False,True,2025-12-27T20:28:31Z
000012af17f5,1,27.2,17.12,2026-02-22,2026-02,,,WELCOME15,True,item_discount,27.2,17.12,3943,organic_search,organic_search,False,False,2026-02-22T11:39:58Z
000012b3d832,1,22.1,12.02,2026-06-30,2026-06,,,WELCOME15,True,item_discount,22.1,12.02,6068,,unknown,False,True,2026-06-30T18:13:33Z
000012b3d8f9,3,172.0,96.13,2025-09-12,2025-09,2025-11-16,65.0,,False,no_code,73.0,45.32,1607,google_ads,google_ads,False,True,2025-08-01T13:11:38Z
000012b974b7,1,39.1,24.270000000000003,2026-02-09,2026-02,,,SKINBYJORDAN15,False,item_discount,39.1,24.270000000000003,3781,influencer,influencer,False,True,2026-02-09T15:54:27Z
000012b9757e,1,27.2,18.02,2026-01-07,2026-01,,,NEWYEAR20,False,item_discount,27.2,18.02,3353,meta,meta_ads,False,False,2026-01-07T22:52:52Z
000012be3682,1,17.6,5.319999999999999,2025-07-25,2025-07,,,SUMMER20,False,item_discount,17.6,5.319999999999999,1185,Facebook,meta_ads,False,True,2025-07-25T16:13:01Z
000012c3d240,3,94.6,65.38,2026-03-26,2026-03,2026-05-27,62.0,,False,no_code,34.0,24.2,4488,referral,referral,False,True,2026-03-26T13:03:24Z
000012c3d307,1,15.4,-4.240000000000002,2025-11-30,2025-11,,,BFCM30,False,item_discount,35.7,-4.240000000000002,2796,organic_search,organic_search,False,True,2025-11-30T14:36:02Z
000012ce2fc9,1,30.6,20.410000000000004,2026-04-20,2026-04,,,WELCOME15,True,item_discount,30.6,20.410000000000004,4869,meta,meta_ads,False,False,2026-04-20T23:26:01Z
000012d88d52,1,37.4,19.249999999999996,2026-05-08,2026-05,,,WELCOME15,True,item_discount,37.4,19.249999999999996,5166,meta,meta_ads,False,True,2026-05-08T00:48:16Z
000012ec1aad,1,44.0,30.770000000000003,2026-06-27,2026-06,,,,False,no_code,44.0,30.770000000000003,6003,meta,meta_ads,False,False,2026-06-27T07:23:35Z
000012f67836,1,20.4,13.059999999999995,2026-05-23,2026-05,,,WELCOME15,True,item_discount,20.4,13.059999999999995,5417,tiktok,tiktok_ads,False,False,2026-05-23T21:03:17Z
00001300d5bf,1,28.9,19.290000000000003,2026-04-20,2026-04,,,WELCOME15,True,item_discount,28.9,19.290000000000003,4863,meta,meta_ads,False,True,2026-04-20T18:32:38Z
0000130b3348,1,67.0,43.0,2026-03-27,2026-03,,,,False,no_code,67.0,43.0,4501,Facebook,meta_ads,False,False,2026-03-27T18:20:12Z
00001310cf06,1,25.6,15.749999999999998,2025-07-01,2025-07,,,SUMMER20,False,item_discount,25.6,15.749999999999998,1003,google_ads,google_ads,False,True,2025-07-01T14:33:55Z
00001318762b,2,147.25,88.13000000000001,2025-09-30,2025-09,2025-12-04,65.0,NOURISHED15,False,item_discount,55.25,30.76,1784,influencer,influencer,False,True,2025-09-30T12:19:19Z
00001322d3b4,1,52.7,22.5,2025-07-27,2025-07,,,NOURISHED15,False,item_discount,52.7,22.5,1199,influencer,influencer,False,True,2025-07-27T01:10:05Z
00001347880d,1,24.0,16.409999999999997,2026-06-01,2026-06,,,,False,no_code,24.0,16.409999999999997,5547,tiktok,tiktok_ads,False,True,2026-05-12T00:17:03Z
0000135b1568,1,24.0,16.379999999999995,2026-05-09,2026-05,,,,False,no_code,24.0,16.379999999999995,5199,google_ads,google_ads,False,False,2026-05-09T15:40:52Z
00001365722a,1,111.35,65.61,2025-11-30,2025-11,,,WELCOME15,True,item_discount,111.35,65.61,2787,google_ads,google_ads,False,True,2025-11-30T10:53:35Z
0000136572f1,1,0.0,-10.96,2026-04-19,2026-04,,,,False,no_code,38.0,-10.96,4848,google_ads,google_ads,False,True,2026-04-19T19:10:51Z
0000136fcfb3,1,44.1,18.930000000000003,2025-12-01,2025-12,,,BFCM30,False,item_discount,44.1,18.930000000000003,2852,organic_search,organic_search,False,False,2025-12-01T14:29:05Z
0000136fd07a,1,68.0,40.92999999999999,2026-03-17,2026-03,,,,False,no_code,68.0,40.92999999999999,4275,google_ads,google_ads,False,True,2026-03-17T01:10:37Z
000013756c38,1,44.0,24.71,2025-07-20,2025-07,,,FREESHIP,False,freeship_only,44.0,24.71,1155,organic_search,organic_search,False,False,2025-06-07T13:27:59Z
000013756cff,1,68.0,43.64000000000001,2026-06-25,2026-06,,,,False,no_code,68.0,43.64000000000001,5974,google_ads,google_ads,False,False,2026-06-25T05:26:52Z
0000137a2d3c,1,27.2,18.17,2026-01-05,2026-01,,,NEWYEAR20,False,item_discount,27.2,18.17,3317,meta,meta_ads,False,True,2026-01-05T14:14:38Z
0000137a2e03,1,24.65,9.889999999999992,2026-01-04,2026-01,,,WELCOME15,True,item_discount,24.65,9.889999999999992,3304,organic_search,organic_search,False,False,2026-01-04T22:39:43Z
0000137fc9c1,1,24.65,16.979999999999993,2025-09-21,2025-09,,,WELCOME15,True,item_discount,24.65,16.979999999999993,1696,meta,meta_ads,False,True,2025-09-21T22:23:17Z
000013848ac5,1,56.0,22.41,2026-02-14,2026-02,,,,False,no_code,80.0,22.41,3847,meta,meta_ads,False,False,2026-02-14T17:01:15Z
000013848b8c,1,54.6,14.79,2025-12-01,2025-12,,,BFCM30,False,item_discount,79.8,14.79,2837,Facebook,meta_ads,False,True,2025-12-01T03:00:41Z
0000138a274a,1,28.9,18.39,2025-10-04,2025-10,,,WELCOME15,True,item_discount,28.9,18.39,1847,referral,referral,False,False,2025-10-04T23:05:23Z
0000138ee84e,1,34.0,24.29,2026-03-21,2026-03,,,,False,no_code,34.0,24.29,4416,direct,direct,False,True,2026-03-21T13:39:05Z
000013ca1023,1,98.0,61.89,2026-04-29,2026-04,,,,False,no_code,98.0,61.89,5018,direct,direct,False,True,2026-04-29T23:41:00Z
000013d46dac,2,96.0,58.56,2026-03-12,2026-03,2026-05-03,52.0,,False,no_code,32.0,21.75,4167,organic_search,organic_search,False,False,2026-03-12T22:42:48Z
000013d92eb0,1,63.0,39.45,2025-10-13,2025-10,,,,False,no_code,63.0,39.45,1952,,unknown,False,False,2025-10-13T00:46:14Z
000013deca6e,1,95.2,54.03,2026-01-28,2026-01,,,SKINBYJORDAN15,False,item_discount,95.2,54.03,3604,influencer,influencer,False,True,2026-01-28T09:24:57Z
000013decb35,3,197.2,116.13,2026-01-31,2026-01,2026-03-09,37.0,,False,no_code,68.0,40.98,3643,google_ads,google_ads,False,True,2026-01-31T23:13:31Z
000013e38c39,1,47.6,29.639999999999997,2025-08-19,2025-08,,,WELCOME15,True,item_discount,47.6,29.639999999999997,1390,influencer,influencer,False,False,2025-08-19T14:28:04Z
000013e927f7,1,114.0,70.92,2026-02-21,2026-02,,,,False,no_code,114.0,70.92,3932,direct,direct,False,True,2026-02-21T19:18:29Z
000013e928be,1,86.69999999999999,51.83,2025-12-16,2025-12,,,WELCOME15,True,item_discount,86.7,51.83,3062,,unknown,False,False,2025-12-16T12:32:29Z
000013eec47c,1,30.8,-1.6000000000000014,2025-11-25,2025-11,,,BFCM30,False,item_discount,53.2,-1.6000000000000014,2528,,unknown,False,True,2025-11-25T20:57:26Z
000013f38580,1,27.2,0.0,2026-03-04,2026-03,,,WELCOME15,True,item_discount,59.5,0.0,4081,meta,meta_ads,False,False,2026-02-13T11:35:59Z
000013f38647,2,135.1,82.05000000000001,2025-11-30,2025-11,2026-01-15,46.0,BFCM30,False,item_discount,44.1,28.19000000000001,2807,organic_search,organic_search,False,True,2025-11-30T17:59:20Z
000013f92205,1,56.0,32.160000000000004,2025-11-08,2025-11,,,,False,no_code,56.0,32.160000000000004,2260,organic_search,organic_search,False,True,2025-11-08T12:33:32Z
000013fde309,2,49.4,19.889999999999993,2026-05-27,2026-05,2026-06-26,30.0,,False,no_code,26.0,11.43,5464,meta,meta_ads,False,True,2026-05-27T01:06:40Z
000013fde3d0,2,59.8,37.08,2025-10-02,2025-10,2025-11-11,40.0,WELCOME15,True,item_discount,23.8,11.45,1821,meta,meta_ads,False,False,2025-10-02T16:40:48Z
000014084092,1,44.0,30.700000000000003,2026-06-14,2026-06,,,,False,no_code,44.0,30.700000000000003,5770,referral,referral,False,True,2026-06-14T10:55:35Z
0000143624bd,1,19.72,11.959999999999996,2025-07-03,2025-07,,,SUMMER20+WELCOME15,True,item_discount,19.72,11.959999999999996,1015,facebook_ads,meta_ads,False,True,2025-07-03T00:27:56Z
000014408246,1,28.9,18.119999999999997,2025-08-03,2025-08,,,WELCOME15,True,item_discount,28.9,18.119999999999997,1260,meta,meta_ads,False,True,2025-08-03T13:32:56Z
0000144dc529,2,64.6,44.83000000000001,2026-03-25,2026-03,2026-05-15,51.0,,False,no_code,34.0,24.3,4470,,unknown,False,True,2026-03-25T11:25:40Z
0000145822b2,1,32.0,21.68,2026-04-14,2026-04,,,,False,no_code,32.0,21.68,4757,meta,meta_ads,False,True,2026-04-14T02:44:18Z
000014582379,1,19.36,12.929999999999998,2025-11-26,2025-11,,,GLOWWITHSAM12,False,item_discount,19.36,12.929999999999998,2595,,unknown,False,True,2025-11-26T22:14:43Z
00001462803b,1,113.04999999999998,70.9,2026-05-27,2026-05,,,WELCOME15,True,item_discount,113.05,70.9,5479,meta,meta_ads,False,False,2026-05-27T15:38:36Z
000014628102,1,29.0,15.270000000000003,2025-10-03,2025-10,,,,False,no_code,29.0,15.270000000000003,1832,meta,meta_ads,False,True,2025-10-03T15:06:45Z
0000146cddc4,1,24.65,16.869999999999994,2026-06-17,2026-06,,,WELCOME15,True,item_discount,24.65,16.869999999999994,5831,meta,meta_ads,False,False,2026-06-17T18:12:43Z
0000146cde8b,1,62.0,32.67,2025-09-09,2025-09,,,,False,no_code,62.0,32.67,1579,organic_search,organic_search,False,True,2025-09-09T18:48:52Z
0000148ac8a8,1,28.9,3.99,2026-04-23,2026-04,,,WELCOME15,True,item_discount,61.2,3.99,4927,organic_search,organic_search,False,True,2026-04-23T20:35:01Z
000014952631,1,26.0,15.849999999999998,2026-03-23,2026-03,,,,False,no_code,26.0,15.849999999999998,4454,organic_search,organic_search,False,True,2026-03-23T19:02:18Z
0000149ac1ef,1,32.0,21.950000000000003,2025-07-13,2025-07,,,,False,no_code,32.0,21.950000000000003,1102,,unknown,False,False,2025-07-13T21:23:02Z
0000149f83ba,1,74.8,37.0,2026-02-28,2026-02,,,WELCOME15,True,item_discount,74.8,37.0,4020,tiktok,tiktok_ads,False,True,2026-02-28T01:44:57Z
000014a51f78,1,144.0,91.79,2025-09-03,2025-09,,,,False,no_code,144.0,91.79,1507,google_ads,google_ads,False,True,2025-09-03T02:31:38Z
000014a5203f,1,93.5,49.77,2026-06-05,2026-06,,,WELCOME15,True,item_discount,93.5,49.77,5610,referral,referral,False,True,2026-06-05T11:26:59Z
000014a9e143,1,71.4,37.07,2026-01-06,2026-01,,,WELCOME15,True,item_discount,71.4,37.07,3327,meta,meta_ads,False,False,2026-01-06T01:14:33Z
000014af7d01,1,59.5,32.050000000000004,2025-10-23,2025-10,,,WELCOME15,True,item_discount,59.5,32.050000000000004,2085,meta,meta_ads,False,True,2025-10-23T09:21:55Z
000014af7dc8,1,55.25,21.76,2026-05-27,2026-05,,,WELCOME15,True,item_discount,64.6,21.76,5485,organic_search,organic_search,False,True,2026-05-27T18:55:51Z
000014b43ecc,1,28.9,18.230000000000004,2025-11-04,2025-11,,,WELCOME15,True,item_discount,28.9,18.230000000000004,2218,google_ads,google_ads,False,True,2025-10-06T10:43:56Z
000014b9da8a,1,44.0,30.980000000000004,2025-11-28,2025-11,,,,False,no_code,44.0,30.980000000000004,2664,TikTok,tiktok_ads,False,False,2025-11-28T02:20:03Z
000014ff5f21,2,57.8,36.800000000000004,2025-07-04,2025-07,2025-08-31,58.0,SUMMER20,False,item_discount,27.2,16.77,1025,referral,referral,False,True,2025-07-04T12:27:56Z
0000150420ec,1,121.5,74.77000000000001,2026-02-05,2026-02,,,AMELIA10,False,item_discount,121.5,74.77000000000001,3702,influencer,influencer,False,False,2026-02-05T09:35:11Z
00001509bcaa,1,22.0,15.469999999999995,2025-09-25,2025-09,,,,False,no_code,22.0,15.469999999999995,1729,meta,meta_ads,False,True,2025-09-25T04:37:54Z
00001509bd71,1,53.55,31.25,2026-06-01,2026-06,,,WELCOME15,True,item_discount,53.55,31.25,5556,meta,meta_ads,False,False,2026-06-01T18:42:37Z
0000150e7dae,3,215.79999999999998,125.05,2026-02-28,2026-02,2026-04-07,38.0,,False,no_code,52.0,24.65,4021,,unknown,False,True,2026-02-28T02:09:28Z
0000150e7e75,1,32.64,17.770000000000003,2026-01-03,2026-01,,,NEWYEAR20+WELCOME15,True,item_discount,32.64,17.770000000000003,3283,google_ads,google_ads,False,True,2026-01-03T16:09:14Z
000015141a33,1,24.0,16.799999999999997,2025-10-27,2025-10,,,,False,no_code,24.0,16.799999999999997,2135,direct,direct,False,True,2025-10-27T08:13:52Z
000015141afa,1,129.2,76.91999999999999,2026-05-02,2026-05,,,WELCOME15,True,item_discount,129.2,76.91999999999999,5062,meta,meta_ads,False,False,2026-05-02T22:02:11Z
00001518db37,1,66.0,31.200000000000003,2026-03-17,2026-03,,,SPRING25,False,item_discount,66.0,31.200000000000003,4298,referral,referral,False,True,2026-03-17T14:09:01Z
00001518dbfe,1,47.6,26.590000000000003,2025-11-30,2025-11,,,BFCM30,False,item_discount,47.6,26.590000000000003,2769,,unknown,False,True,2025-11-30T00:09:24Z
0000151e77bc,1,70.21000000000001,25.179999999999996,2025-11-27,2025-11,,,BFCM30+WELCOME15,True,item_discount,70.21000000000001,25.179999999999996,2603,Facebook,meta_ads,False,True,2025-11-27T01:00:24Z
0000151e7883,1,105.4,60.78,2026-04-12,2026-04,,,WELCOME15,True,item_discount,105.4,60.78,4738,referral,referral,False,True,2026-04-12T01:49:41Z
0000152338c0,1,80.0,49.6,2026-04-07,2026-04,,,,False,no_code,80.0,49.6,4660,direct,direct,False,True,2026-04-06T20:36:29Z
000015233987,1,82.44999999999999,47.98,2025-11-24,2025-11,,,WELCOME15,True,item_discount,82.45,47.98,2446,facebook_ads,meta_ads,False,False,2025-11-24T17:33:27Z
00001528d545,2,72.0,50.19,2025-12-02,2025-12,2026-01-26,55.0,,False,no_code,34.0,23.15,2870,direct,direct,False,True,2025-12-02T00:25:26Z
0000152d9649,1,98.6,53.56999999999999,2026-05-22,2026-05,,,WELCOME15,True,item_discount,98.6,53.56999999999999,5395,google_ads,google_ads,False,False,2026-05-06T14:46:09Z
0000152d9710,4,281.0,168.44000000000003,2025-09-11,2025-09,2025-10-28,47.0,FREESHIP,False,freeship_only,24.0,10.990000000000002,1590,IG,meta_ads,True,False,2025-09-11T00:40:18Z
0000153332ce,1,66.0,39.620000000000005,2026-01-30,2026-01,,,,False,no_code,66.0,39.620000000000005,3627,direct,direct,False,False,2026-01-30T16:25:07Z
00001537f3d2,1,34.2,16.590000000000003,2026-06-28,2026-06,,,AMELIA10,False,item_discount,34.2,16.590000000000003,6022,influencer,influencer,False,False,2026-06-28T12:10:50Z
00001565d8c4,1,37.4,24.3,2026-06-25,2026-06,,,WELCOME15,True,item_discount,37.4,24.3,5977,,unknown,False,False,2026-06-25T12:25:41Z
000015731ba7,1,96.9,53.07000000000001,2026-01-06,2026-01,,,SKINBYJORDAN15,False,item_discount,96.9,53.07000000000001,3325,influencer,influencer,False,True,2026-01-06T00:27:20Z
0000157d7930,1,25.2,9.37,2025-11-30,2025-11,,,BFCM30+FREESHIP,False,item_discount,25.2,9.37,2802,meta,meta_ads,False,True,2025-11-30T16:17:55Z
00001587d5f2,1,115.6,71.67,2026-04-16,2026-04,,,WELCOME15,True,item_discount,115.6,71.67,4802,referral,referral,False,False,2026-04-16T23:16:54Z
00001587d6b9,1,97.0,60.51,2025-11-28,2025-11,,,,False,no_code,97.0,60.51,2692,tiktok,tiktok_ads,False,True,2025-11-28T14:11:45Z
00001592337b,1,34.0,24.19,2026-05-13,2026-05,,,,False,no_code,34.0,24.19,5261,organic_search,organic_search,False,False,2026-05-13T10:34:14Z
000015923442,1,37.4,24.55,2025-09-10,2025-09,,,SKINBYJORDAN15,False,item_discount,37.4,24.55,1581,Influencer,influencer,False,True,2025-09-04T12:59:56Z
0000159c9104,1,59.5,33.39,2026-06-07,2026-06,,,WELCOME15,True,item_discount,59.5,33.39,5642,tiktok,tiktok_ads,False,False,2026-06-07T04:38:05Z
0000159c91cb,1,100.3,57.41,2025-08-13,2025-08,,,WELCOME15,True,item_discount,100.3,57.41,1341,meta,meta_ads,False,False,2025-08-13T23:53:55Z
000015ca752f,2,61.2,34.290000000000006,2025-08-28,2025-08,2026-01-11,136.0,,False,no_code,34.0,23.210000000000004,1461,organic_search,organic_search,False,True,2025-08-28T14:19:31Z
000015ca75f6,1,75.65,44.55,2026-06-26,2026-06,,,WELCOME15,True,item_discount,75.65,44.55,5993,Google,google_ads,True,False,2026-06-26T14:39:17Z
000015d4d2b8,1,66.0,38.01,2025-09-24,2025-09,,,,False,no_code,66.0,38.01,1715,organic_search,organic_search,False,True,2025-09-24T00:13:41Z
000015d4d37f,1,68.0,40.26,2026-05-12,2026-05,,,,False,no_code,68.0,40.26,5241,direct,direct,False,False,2026-05-12T13:51:05Z
000015df3041,1,63.0,30.290000000000003,2025-11-29,2025-11,,,BFCM30,False,item_discount,63.0,30.290000000000003,2725,IG,meta_ads,True,True,2025-11-29T08:11:43Z
000015df3108,1,99.0,64.5,2026-04-28,2026-04,,,,False,no_code,99.0,64.5,5000,meta,meta_ads,False,True,2026-04-28T18:01:02Z
000015e98dca,1,82.6,34.539999999999985,2025-11-26,2025-11,,,BFCM30,False,item_discount,82.6,34.539999999999985,2571,facebook_ads,meta_ads,False,True,2025-11-26T15:01:11Z
000015f6d0ad,1,82.0,57.28,2026-05-28,2026-05,,,,False,no_code,82.0,57.28,5504,Google,google_ads,True,True,2026-05-28T15:14:46Z
000016012e36,1,64.0,38.54,2026-06-21,2026-06,,,,False,no_code,64.0,38.54,5897,google_ads,google_ads,False,True,2026-06-21T03:50:28Z
0000162f1328,1,72.0,46.120000000000005,2026-06-13,2026-06,,,,False,no_code,72.0,46.120000000000005,5758,meta,meta_ads,False,True,2026-06-13T09:38:12Z
00001633d42c,2,104.0,69.55000000000001,2026-01-17,2026-01,2026-02-06,20.0,,False,no_code,68.0,44.17,3459,meta,meta_ads,False,True,2026-01-17T01:18:51Z
000016396fea,1,128.0,79.19,2025-09-19,2025-09,,,,False,no_code,128.0,79.19,1679,Facebook,meta_ads,False,False,2025-09-14T23:32:38Z
0000163970b1,1,53.55,31.25,2026-05-13,2026-05,,,WELCOME15,True,item_discount,53.55,31.25,5252,organic_search,organic_search,False,True,2026-05-13T01:15:55Z
0000163e31b5,2,134.2,61.339999999999996,2025-12-29,2025-12,2026-02-14,47.0,WELCOME15,True,item_discount,28.9,12.139999999999992,3226,meta,meta_ads,False,False,2025-12-29T21:05:45Z
00001643cd73,3,192.79999999999998,112.00999999999999,2025-11-29,2025-11,2025-12-23,24.0,BFCM30,False,item_discount,131.6,69.41,2734,google_ads,google_ads,False,True,2025-11-29T12:22:34Z
00001643ce3a,2,119.2,67.55000000000001,2026-04-21,2026-04,2026-06-11,51.0,WELCOME15,True,item_discount,61.2,33.93,4884,meta,meta_ads,False,False,2026-04-21T14:49:57Z
000016488f3e,1,23.8,-21.270000000000003,2025-11-24,2025-11,,,BFCM30,False,item_discount,82.6,-21.270000000000003,2409,facebook_ads,meta_ads,False,True,2025-11-24T02:06:44Z
0000164e2afc,1,23.8,13.47,2025-11-26,2025-11,,,BFCM30,False,item_discount,23.8,13.47,2583,influencer,influencer,False,True,2025-11-26T19:11:19Z
0000164e2bc3,1,34.0,18.12,2026-03-31,2026-03,,,FREESHIP,False,freeship_only,34.0,18.12,4555,google_ads,google_ads,False,False,2026-03-31T20:05:53Z
00001652ecc7,1,63.0,38.97,2025-10-21,2025-10,,,,False,no_code,63.0,38.97,2063,organic_search,organic_search,False,True,2025-10-21T13:55:13Z
00001653c781,3,121.2,74.73,2025-07-21,2025-07,2025-08-28,38.0,SUMMER20,False,item_discount,19.2,11.97,1169,influencer,influencer,False,False,2025-07-21T20:24:55Z
000016588885,1,0.0,-9.32,2026-01-03,2026-01,,,WELCOME15,True,item_discount,28.9,-9.32,3284,,unknown,False,True,2026-01-03T17:57:51Z
00001658894c,1,44.0,30.550000000000004,2026-02-26,2026-02,,,,False,no_code,44.0,30.550000000000004,3991,referral,referral,False,False,2026-02-26T04:15:00Z
0000165d4a50,1,56.0,32.22,2025-09-24,2025-09,,,,False,no_code,56.0,32.22,1724,organic_search,organic_search,False,False,2025-09-24T18:23:27Z
00001662e60e,1,73.1,40.26,2026-02-07,2026-02,,,WELCOME15,True,item_discount,73.1,40.26,3745,direct,direct,False,False,2026-02-07T18:06:20Z
000016ad2c70,1,58.8,23.169999999999995,2025-11-26,2025-11,,,BFCM30,False,item_discount,58.8,23.169999999999995,2555,organic_search,organic_search,False,True,2025-11-26T10:52:10Z
000016b2c82e,1,22.0,10.070000000000002,2025-11-17,2025-11,,,,False,no_code,22.0,10.070000000000002,2348,Influencer,influencer,False,True,2025-11-17T22:22:30Z
000016b2c8f5,1,58.5,29.61,2026-03-14,2026-03,,,SPRING25,False,item_discount,58.5,29.61,4201,organic_search,organic_search,False,False,2026-03-14T11:09:22Z
000016b78932,1,88.0,52.56,2026-05-29,2026-05,,,,False,no_code,88.0,52.56,5520,organic_search,organic_search,False,True,2026-05-29T18:02:47Z
000016b789f9,3,294.0,184.02,2025-10-12,2025-10,2025-11-19,38.0,,False,no_code,68.0,41.14,1938,facebook_ads,meta_ads,False,True,2025-10-12T07:15:30Z
000016bd25b7,1,32.0,21.500000000000007,2026-01-13,2026-01,,,,False,no_code,32.0,21.500000000000007,3426,meta,meta_ads,False,False,2026-01-13T10:17:18Z
000016bd267e,1,24.0,16.319999999999997,2026-02-24,2026-02,,,,False,no_code,24.0,16.319999999999997,3975,meta,meta_ads,False,True,2026-02-06T22:56:45Z
000016c1e6bb,1,22.0,13.660000000000002,2026-06-25,2026-06,,,,False,no_code,22.0,13.660000000000002,5981,organic_search,organic_search,False,True,2026-06-25T13:26:44Z
000016c1e782,3,127.6,78.36,2025-09-18,2025-09,2025-10-31,43.0,,False,no_code,56.0,32.45,1662,Facebook,meta_ads,False,False,2025-08-11T05:12:10Z
000016c78340,3,148.5,86.10000000000001,2026-02-07,2026-02,2026-03-16,37.0,,False,no_code,36.0,25.35,3731,organic_search,organic_search,False,True,2026-02-07T03:04:59Z
000016c78407,1,27.2,17.51,2025-12-29,2025-12,,,WELCOME15,True,item_discount,27.2,17.51,3217,direct,direct,False,False,2025-12-29T04:58:17Z
000016cc450b,1,27.2,16.81,2025-07-23,2025-07,,,SUMMER20,False,item_discount,27.2,16.81,1178,TikTok,tiktok_ads,False,False,2025-07-23T23:44:20Z
000016d1e0c9,1,52.2,31.04000000000001,2026-03-24,2026-03,,,AMELIA10,False,item_discount,52.2,31.04000000000001,4462,influencer,influencer,False,True,2026-03-24T13:28:49Z
000016fa2936,1,19.8,-2.9700000000000006,2026-06-17,2026-06,,,DERMDIARY10,False,item_discount,50.4,-2.9700000000000006,5825,influencer,influencer,False,True,2026-06-17T11:01:23Z
0000170486bf,1,88.0,35.5,2026-05-17,2026-05,,,,False,no_code,88.0,35.5,5332,referral,referral,False,False,2026-05-17T17:57:12Z
0000170ee448,1,38.0,26.76,2026-04-28,2026-04,,,,False,no_code,38.0,26.76,4990,direct,direct,False,True,2026-03-29T00:23:23Z
0000171c272b,1,34.0,24.54,2025-10-25,2025-10,,,,False,no_code,34.0,24.54,2115,organic_search,organic_search,False,False,2025-10-25T16:04:47Z
0000172683ed,2,301.65,170.84,2026-06-02,2026-06,2026-06-19,17.0,WELCOME15,True,item_discount,150.45,80.82,5561,meta,meta_ads,False,True,2026-06-02T02:04:36Z
0000172684b4,3,92.1,39.599999999999994,2025-09-24,2025-09,2025-11-29,66.0,,False,no_code,26.0,16.24,1723,facebook_ads,meta_ads,False,True,2025-09-24T18:17:28Z
00001730e23d,1,62.400000000000006,31.9,2025-07-11,2025-07,,,SUMMER20,False,item_discount,62.4,31.9,1076,meta,meta_ads,False,True,2025-07-11T00:57:33Z
0000175ec668,1,62.9,34.97,2026-06-03,2026-06,,,WELCOME15,True,item_discount,62.9,34.97,5578,tiktok,tiktok_ads,False,False,2026-06-03T13:36:22Z
00001769232a,2,65.2,41.68,2025-10-18,2025-10,2026-01-08,82.0,,False,no_code,22.0,15.57,2020,direct,direct,False,True,2025-10-18T18:13:16Z
0000176923f1,1,54.4,30.16,2026-05-10,2026-05,,,MOMS15,False,item_discount,54.4,30.16,5223,organic_search,organic_search,False,True,2026-05-10T23:49:04Z
0000177380b3,1,23.8,10.700000000000005,2025-11-26,2025-11,,,BFCM30,False,item_discount,46.2,10.700000000000005,2541,direct,direct,False,False,2025-11-26T00:19:59Z
00001773817a,1,24.65,10.979999999999997,2026-04-11,2026-04,,,WELCOME15,True,item_discount,24.65,10.979999999999997,4721,google_ads,google_ads,False,False,2026-04-11T01:46:03Z
0000177dde3c,3,172.0,92.83,2025-12-18,2025-12,2026-01-30,43.0,,False,no_code,56.0,32.24,3103,meta,meta_ads,False,False,2025-12-18T23:12:02Z
0000177ddf03,1,77.44,42.05,2026-03-09,2026-03,,,GLOWWITHSAM12,False,item_discount,77.44,42.05,4130,influencer,influencer,False,True,2026-03-09T14:16:51Z
000017837ac1,1,23.8,11.77,2025-08-13,2025-08,,,WELCOME15,True,item_discount,23.8,11.77,1339,organic_search,organic_search,False,False,2025-08-13T19:53:06Z
000017883bc5,1,17.6,11.19,2026-01-03,2026-01,,,NEWYEAR20,False,item_discount,17.6,11.19,3282,organic_search,organic_search,False,True,2026-01-03T15:33:56Z
000017883c8c,1,57.8,34.1,2026-01-22,2026-01,,,WELCOME15,True,item_discount,57.8,34.1,3530,google_ads,google_ads,False,False,2026-01-22T19:32:00Z
00001792994e,1,29.0,20.620000000000005,2026-03-13,2026-03,,,,False,no_code,29.0,20.620000000000005,4179,influencer,influencer,False,False,2026-03-13T15:39:59Z
000017d81de5,1,84.0,47.74999999999999,2025-11-26,2025-11,,,,False,no_code,84.0,47.74999999999999,2563,meta,meta_ads,False,True,2025-11-26T12:38:46Z
000017d81eac,1,24.65,16.579999999999995,2026-04-24,2026-04,,,WELCOME15,True,item_discount,24.65,16.579999999999995,4940,organic_search,organic_search,False,False,2026-04-24T14:10:27Z
000017dcdfb0,1,23.4,14.05,2025-11-04,2025-11,,,AMELIA10,False,item_discount,23.4,14.05,2222,,unknown,False,False,2025-11-04T16:22:35Z
000017e27b6e,2,127.0,75.09,2025-12-13,2025-12,2026-03-08,85.0,,False,no_code,66.0,38.81,3021,organic_search,organic_search,False,False,2025-12-13T15:34:14Z
000017e27c35,1,30.0,20.730000000000004,2026-03-04,2026-03,,,,False,no_code,30.0,20.730000000000004,4082,meta,meta_ads,False,False,2026-03-04T12:33:59Z
000017e73d39,3,130.9,80.35,2025-09-03,2025-09,2025-10-23,50.0,FREESHIP+WELCOME15,True,item_discount,28.9,12.579999999999998,1515,organic_search,organic_search,False,False,2025-09-03T23:18:16Z
000017ecd8f7,1,121.04,62.76,2026-01-11,2026-01,,,NEWYEAR20+WELCOME15,True,item_discount,121.03999999999999,62.76,3397,tiktok,tiktok_ads,False,False,2026-01-11T01:27:08Z
000017ecd9be,3,144.0,72.77000000000001,2026-01-11,2026-01,2026-02-05,25.0,,False,no_code,56.0,27.44,3402,direct,direct,False,True,2026-01-11T10:51:30Z
000017f19ac2,1,62.400000000000006,32.74,2025-08-07,2025-08,,,SUMMER20,False,item_discount,62.4,32.74,1289,influencer,influencer,False,True,2025-08-07T15:04:22Z
000017f73680,1,87.75,46.26,2026-03-17,2026-03,,,SPRING25,False,item_discount,87.75,46.26,4274,organic_search,organic_search,False,True,2026-03-17T00:43:30Z
000017f73747,1,113.0,69.69,2025-12-01,2025-12,,,,False,no_code,113.0,69.69,2833,organic_search,organic_search,False,True,2025-12-01T01:52:15Z
000018019409,1,18.7,11.519999999999996,2026-04-09,2026-04,,,WELCOME15,True,item_discount,18.7,11.519999999999996,4692,google_ads,google_ads,False,False,2026-04-09T15:25:49Z
0000180bf192,1,72.25,42.76,2026-05-20,2026-05,,,SKINBYJORDAN15,False,item_discount,72.25,42.76,5374,influencer,influencer,False,True,2026-05-20T18:13:55Z
000018443346,3,113.9,69.72000000000001,2025-07-11,2025-07,2025-08-15,35.0,WELCOME15,True,item_discount,28.9,19.680000000000003,1078,organic_search,organic_search,False,False,2025-07-11T13:30:11Z
0000184bda6b,1,40.8,25.76,2025-09-11,2025-09,,,SKINBYJORDAN15,False,item_discount,40.8,25.76,1595,Influencer,influencer,False,False,2025-09-11T12:55:00Z
000018517629,2,52.0,31.72,2026-01-22,2026-01,2026-04-23,91.0,,False,no_code,26.0,15.88,3527,google_ads,google_ads,False,False,2026-01-22T09:46:42Z
0000185637f4,1,24.65,16.669999999999995,2025-08-02,2025-08,,,WELCOME15,True,item_discount,24.65,16.669999999999995,1252,influencer,influencer,False,True,2025-08-02T12:59:07Z
0000185bd3b2,1,125.79999999999998,75.49,2026-03-23,2026-03,,,WELCOME15,True,item_discount,125.8,75.49,4451,google_ads,google_ads,False,False,2026-03-23T11:06:05Z
00001866313b,2,46.95,25.94000000000001,2026-04-12,2026-04,2026-06-06,55.0,WELCOME15,True,item_discount,25.5,2.719999999999999,4742,meta,meta_ads,False,True,2026-04-12T12:35:02Z
000018663202,2,122.0,78.30000000000001,2025-11-18,2025-11,2025-12-16,28.0,,False,no_code,44.0,30.440000000000005,2350,organic_search,organic_search,False,False,2025-10-09T00:41:15Z
000018708ec4,1,57.8,30.91,2026-05-26,2026-05,,,WELCOME15,True,item_discount,57.8,30.91,5459,tiktok,tiktok_ads,False,True,2026-05-26T12:09:38Z
000018708f8b,2,206.8,121.47000000000003,2025-10-03,2025-10,2025-11-19,47.0,,False,no_code,68.0,9.070000000000002,1830,google_ads,google_ads,False,True,2025-10-03T13:26:35Z
0000187aec4d,1,47.6,30.59,2026-06-14,2026-06,,,WELCOME15,True,item_discount,47.6,30.59,5779,google_ads,google_ads,False,True,2026-06-14T17:42:04Z
0000188e79a8,1,30.0,20.28,2026-05-18,2026-05,,,,False,no_code,30.0,20.28,5350,direct,direct,False,False,2026-05-18T23:39:32Z
00001898d731,1,30.0,20.12,2026-04-02,2026-04,,,,False,no_code,30.0,20.12,4579,Facebook,meta_ads,False,True,2026-04-02T23:01:06Z
000018a8d078,1,27.2,16.38,2025-07-19,2025-07,,,SUMMER20,False,item_discount,27.2,16.38,1144,meta,meta_ads,False,False,2025-07-19T15:28:48Z
000018ad9243,1,32.3,21.3,2026-02-13,2026-02,,,WELCOME15,True,item_discount,32.3,21.3,3840,organic_search,organic_search,False,True,2026-02-13T21:46:11Z
000018b32e01,1,39.53,15.239999999999998,2025-09-22,2025-09,,,WELCOME15,True,item_discount,51.85,15.239999999999998,1701,,unknown,False,True,2025-09-22T04:10:58Z
000018b7efcc,2,128.7,80.58,2025-12-13,2025-12,2026-02-02,51.0,WELCOME15,True,item_discount,18.7,12.019999999999996,3013,organic_search,organic_search,False,True,2025-12-13T02:28:58Z
000018bd8b8a,1,22.1,12.49,2025-10-31,2025-10,,,WELCOME15,True,item_discount,22.1,12.49,2183,organic_search,organic_search,False,True,2025-10-31T16:34:55Z
000018fd7463,1,32.0,21.840000000000003,2026-04-28,2026-04,,,,False,no_code,32.0,21.840000000000003,4991,meta,meta_ads,False,True,2026-04-28T02:01:47Z
00001907d1ec,1,80.0,54.75,2026-03-24,2026-03,,,,False,no_code,80.0,54.75,4467,IG,meta_ads,True,True,2026-02-27T21:45:52Z
0000190d6daa,1,22.4,2.179999999999999,2025-07-09,2025-07,,,SUMMER20,False,item_discount,40.0,2.179999999999999,1063,direct,direct,False,False,2025-07-09T15:04:41Z
000019122eae,2,134.9,84.89,2026-01-12,2026-01,2026-04-06,84.0,WELCOME15,True,item_discount,28.9,18.340000000000003,3417,,unknown,False,True,2026-01-12T10:08:13Z
000019122f75,1,64.6,35.23,2026-02-14,2026-02,,,WELCOME15,True,item_discount,64.6,35.23,3850,organic_search,organic_search,False,False,2026-02-11T19:01:24Z
00001917cb33,2,143.2,86.72,2025-09-08,2025-09,2025-10-29,51.0,,False,no_code,118.0,73.4,1562,meta,meta_ads,False,True,2025-09-08T11:28:09Z
00001917cbfa,1,47.6,30.049999999999997,2026-06-29,2026-06,,,WELCOME15,True,item_discount,47.6,30.049999999999997,6049,organic_search,organic_search,False,False,2026-06-16T21:22:41Z
0000191c8c37,2,52.0,22.09,2026-02-25,2026-02,2026-03-25,28.0,,False,no_code,26.0,11.58,3982,tiktok,tiktok_ads,False,False,2026-02-25T14:52:51Z
0000191c8cfe,3,196.4,126.19,2025-12-04,2025-12,2026-03-04,90.0,DERMDIARY10,False,item_discount,32.4,21.67,2895,influencer,influencer,False,False,2025-12-04T01:08:09Z
0000192228bc,1,23.8,11.44,2025-10-19,2025-10,,,WELCOME15,True,item_discount,23.8,11.44,2030,google_ads,google_ads,False,False,2025-09-12T14:32:23Z
000019222983,1,49.3,31.51,2026-05-23,2026-05,,,WELCOME15,True,item_discount,49.3,31.51,5410,tiktok,tiktok_ads,False,True,2026-05-23T10:37:43Z
00001926e9c0,1,107.1,37.38,2026-03-17,2026-03,,,WELCOME15,True,item_discount,107.1,37.38,4304,google_ads,google_ads,False,False,2026-02-14T17:21:10Z
00001926ea87,1,58.8,24.48,2025-11-24,2025-11,,,BFCM30,False,item_discount,58.8,24.48,2410,tiktok,tiktok_ads,False,True,2025-11-24T02:29:08Z
0000192c8645,1,55.8,13.080000000000002,2025-11-17,2025-11,,,DERMDIARY10,False,item_discount,88.2,13.080000000000002,2347,influencer,influencer,False,False,2025-11-17T21:58:28Z
000019314749,1,24.0,16.379999999999995,2026-04-07,2026-04,,,,False,no_code,24.0,16.379999999999995,4662,tiktok,tiktok_ads,False,True,2026-04-07T21:46:39Z
000019314810,1,49.0,27.31,2025-11-26,2025-11,,,BFCM30,False,item_discount,49.0,27.31,2545,Google,google_ads,True,True,2025-11-09T01:57:22Z
0000193ba4d2,1,24.0,16.289999999999996,2026-05-14,2026-05,,,,False,no_code,24.0,16.289999999999996,5274,organic_search,organic_search,False,True,2026-05-14T00:56:36Z
00001976cca7,2,102.4,17.52,2026-02-09,2026-02,2026-03-28,47.0,,False,no_code,122.0,-10.270000000000003,3780,tiktok,tiktok_ads,False,True,2026-02-09T12:42:41Z
000019812969,1,13.6,-2.490000000000001,2026-02-15,2026-02,,,FREESHIP+WELCOME15,True,item_discount,27.2,-2.490000000000001,3857,organic_search,organic_search,False,True,2026-02-15T02:06:24Z
000019812a30,1,18.7,12.139999999999995,2025-12-23,2025-12,,,WELCOME15,True,item_discount,18.7,12.139999999999995,3156,organic_search,organic_search,False,True,2025-12-23T10:23:16Z
00001985eb34,3,119.0,73.52000000000001,2025-07-30,2025-07,2025-10-12,74.0,SUMMER20,False,item_discount,54.4,27.790000000000003,1227,direct,direct,False,True,2025-07-30T07:32:45Z
0000198b86f2,1,24.0,16.33,2026-03-31,2026-03,,,,False,no_code,24.0,16.33,4554,meta,meta_ads,False,True,2026-03-31T19:26:02Z
00001995e47b,1,64.0,38.51,2026-04-11,2026-04,,,,False,no_code,64.0,38.51,4730,meta,meta_ads,False,True,2026-04-11T16:51:54Z
00001995e542,2,82.0,40.61000000000001,2025-10-20,2025-10,2025-11-23,34.0,,False,no_code,28.0,16.000000000000007,2045,influencer,influencer,False,False,2025-10-20T13:12:05Z
000019a04204,1,24.56,15.070000000000004,2026-05-09,2026-05,,,MOMS15+WELCOME15,True,item_discount,24.560000000000002,15.070000000000004,5192,influencer,influencer,False,True,2026-05-09T13:58:57Z
000019a042cb,1,20.94,8.75,2025-09-01,2025-09,,,GLOWWITHSAM12+WELCOME15,True,item_discount,20.94,8.75,1486,influencer,influencer,False,False,2025-09-01T06:53:16Z
000019aa9f8d,1,34.0,24.34,2026-06-12,2026-06,,,,False,no_code,34.0,24.34,5734,organic_search,organic_search,False,False,2026-06-12T08:50:02Z
000019ce262f,1,102.4,54.39,2025-07-14,2025-07,,,SUMMER20,False,item_discount,102.4,54.39,1105,,unknown,False,True,2025-07-14T15:43:45Z
000019d8847f,1,60.0,35.489999999999995,2026-06-28,2026-06,,,,False,no_code,60.0,35.489999999999995,6023,organic_search,organic_search,False,True,2026-06-28T12:42:11Z
000019e2e141,1,28.9,19.33,2025-10-18,2025-10,,,WELCOME15,True,item_discount,28.9,19.33,2012,google_ads,google_ads,False,True,2025-10-18T02:07:09Z
000019e2e208,1,51.0,26.84,2026-05-17,2026-05,,,WELCOME15,True,item_discount,51.0,26.84,5326,organic_search,organic_search,False,True,2026-05-17T02:52:29Z
000019ed3eca,1,47.6,8.670000000000002,2025-11-25,2025-11,,,BFCM30,False,item_discount,70.0,8.670000000000002,2491,direct,direct,False,False,2025-11-25T10:21:45Z
000019fa81ad,1,76.0,53.14,2026-04-16,2026-04,,,,False,no_code,76.0,53.14,4786,meta,meta_ads,False,True,2026-04-16T03:29:11Z
00001a04df36,1,59.5,32.03999999999999,2026-05-20,2026-05,,,WELCOME15,True,item_discount,59.5,32.03999999999999,5368,tiktok,tiktok_ads,False,True,2026-05-20T03:54:11Z
00001a32c361,1,39.44,21.379999999999995,2025-07-19,2025-07,,,SUMMER20+WELCOME15,True,item_discount,39.44,21.379999999999995,1137,organic_search,organic_search,False,True,2025-06-19T04:26:03Z
00001a37852c,1,24.65,3.240000000000001,2026-02-27,2026-02,,,FREESHIP+WELCOME15,True,item_discount,24.65,3.240000000000001,4015,Direct,direct,False,True,2026-02-27T21:35:22Z
00001a3d20ea,3,156.4,97.44000000000001,2025-08-11,2025-08,2025-10-01,51.0,SUMMER20,False,item_discount,27.2,18.06,1320,meta,meta_ads,False,True,2025-08-11T20:49:10Z
00001a3d21b1,1,37.4,24.45,2026-06-07,2026-06,,,NOURISHED15,False,item_discount,37.4,24.45,5638,influencer,influencer,False,True,2026-06-07T01:44:39Z
00001a41e2b5,2,188.0,90.2,2026-01-07,2026-01,2026-05-22,135.0,,False,no_code,86.0,40.24,3346,referral,referral,False,True,2026-01-07T12:40:31Z
00001a477f3a,1,38.0,26.800000000000004,2026-05-13,2026-05,,,,False,no_code,38.0,26.800000000000004,5264,IG,meta_ads,True,False,2026-05-13T12:49:02Z
00001a4c403e,3,321.0,185.68,2025-12-11,2025-12,2026-01-10,30.0,WELCOME15,True,item_discount,71.4,35.5,2993,referral,referral,False,True,2025-12-11T17:15:54Z
00001a51dbfc,2,127.0,61.309999999999995,2025-11-06,2025-11,2026-01-11,66.0,,False,no_code,127.0,84.69,2240,,unknown,False,True,2025-11-06T12:55:39Z
00001a51dcc3,1,28.9,19.510000000000005,2026-04-25,2026-04,,,WELCOME15,True,item_discount,28.9,19.510000000000005,4950,tiktok,tiktok_ads,False,False,2026-04-25T10:00:17Z
00001a569dc7,1,44.2,27.300000000000004,2025-11-28,2025-11,,,WELCOME15,True,item_discount,44.2,27.300000000000004,2680,google_ads,google_ads,False,True,2025-11-28T10:37:32Z
00001a5c3985,2,147.32,71.34,2025-12-01,2025-12,2026-01-19,49.0,BFCM30+WELCOME15,True,item_discount,80.32,28.82,2840,google_ads,google_ads,False,True,2025-12-01T04:23:51Z
00001a60fb50,1,37.4,24.11,2025-10-19,2025-10,,,WELCOME15,True,item_discount,37.4,24.11,2025,Facebook,meta_ads,False,True,2025-10-19T12:12:18Z
00001aac1ba5,2,79.6,37.03,2025-10-07,2025-10,2025-12-14,68.0,WELCOME15,True,item_discount,23.8,11.58,1868,IG,meta_ads,True,True,2025-10-07T02:17:19Z
00001ab0dca9,1,93.0,59.23,2026-03-22,2026-03,,,,False,no_code,93.0,59.23,4441,google_ads,google_ads,False,True,2026-03-22T15:03:57Z
00001ab0dd70,2,129.8,72.53999999999999,2025-11-25,2025-11,2026-01-30,66.0,BFCM30,False,item_discount,16.8,9.1,2535,direct,direct,False,False,2025-11-25T22:44:59Z
00001ab6792e,1,94.0,58.50999999999999,2025-11-17,2025-11,,,,False,no_code,94.0,58.50999999999999,2344,Google,google_ads,True,True,2025-10-16T11:09:43Z
00001abb3a32,1,82.0,51.5,2026-04-25,2026-04,,,,False,no_code,82.0,51.5,4947,organic_search,organic_search,False,True,2026-04-25T04:13:58Z
00001abb3af9,1,42.0,23.79,2025-11-26,2025-11,,,BFCM30,False,item_discount,42.0,23.79,2562,google_ads,google_ads,False,True,2025-11-26T12:39:42Z
00001ac0d6b7,1,28.9,18.450000000000003,2025-12-17,2025-12,,,WELCOME15,True,item_discount,28.9,18.450000000000003,3085,tiktok,tiktok_ads,False,False,2025-12-17T22:43:21Z
00001ac597bb,1,36.120000000000005,12.739999999999998,2026-05-04,2026-05,,,MOMS15+WELCOME15,True,item_discount,36.12,12.739999999999998,5098,google_ads,google_ads,False,False,2026-05-04T19:36:48Z
00001ac59882,1,62.0,37.64,2025-10-27,2025-10,,,,False,no_code,62.0,37.64,2139,organic_search,organic_search,False,False,2025-10-27T14:48:06Z
00001acb3440,1,29.0,4.230000000000004,2026-01-24,2026-01,,,,False,no_code,67.0,4.230000000000004,3559,Facebook,meta_ads,False,False,2026-01-24T23:44:16Z
00001acff544,1,38.0,26.92,2026-06-20,2026-06,,,,False,no_code,38.0,26.92,5880,meta,meta_ads,False,False,2026-06-20T14:35:33Z
00001acff60b,2,78.4,36.04,2025-08-01,2025-08,2025-11-04,95.0,SUMMER20,False,item_discount,22.4,10.179999999999998,1241,tiktok,tiktok_ads,False,True,2025-08-01T00:01:13Z
00001ad591c9,1,30.0,20.050000000000004,2026-02-18,2026-02,,,,False,no_code,30.0,20.050000000000004,3897,meta,meta_ads,False,True,2026-02-18T15:54:09Z
00001b0837bf,2,88.0,55.13000000000001,2026-05-14,2026-05,2026-06-22,39.0,,False,no_code,56.0,33.24,5272,referral,referral,False,True,2026-05-14T00:26:08Z
00001b129548,2,134.6,88.67,2026-04-11,2026-04,2026-06-12,62.0,,False,no_code,104.0,67.58,4718,meta,meta_ads,False,True,2026-03-30T01:19:50Z
00001b1fd82b,1,22.4,-0.1000000000000027,2025-11-24,2025-11,,,BFCM30+FREESHIP,False,item_discount,22.4,-0.1000000000000027,2440,influencer,influencer,False,False,2025-11-24T15:22:41Z
00001b2a34ed,1,102.0,49.22,2026-05-04,2026-05,,,MOMS15,False,item_discount,102.0,49.22,5083,organic_search,organic_search,False,True,2026-05-04T05:25:25Z
00001b2a35b4,1,28.0,15.360000000000005,2025-10-04,2025-10,,,,False,no_code,28.0,15.360000000000005,1837,Google,google_ads,True,True,2025-10-04T10:28:23Z
00001b349276,1,44.0,30.690000000000005,2026-06-16,2026-06,,,,False,no_code,44.0,30.690000000000005,5817,direct,direct,False,True,2026-06-16T20:52:21Z
00001b34933d,1,82.44999999999999,47.22999999999999,2025-08-10,2025-08,,,WELCOME15,True,item_discount,82.45,47.22999999999999,1307,referral,referral,False,True,2025-08-10T19:22:13Z
00001b627768,1,66.0,34.91,2026-06-17,2026-06,,,,False,no_code,66.0,34.91,5833,referral,referral,False,False,2026-06-17T23:07:53Z
00001b6cd42a,1,37.4,8.68,2025-09-02,2025-09,,,LABORDAY15,False,item_discount,66.3,8.68,1498,influencer,influencer,False,False,2025-09-02T09:02:06Z
00001b6cd4f1,1,38.0,26.97000000000001,2026-05-05,2026-05,,,,False,no_code,38.0,26.97000000000001,5109,referral,referral,False,False,2026-05-05T10:56:50Z
00001b7731b3,1,54.0,26.19,2025-10-19,2025-10,,,,False,no_code,54.0,26.19,2027,meta,meta_ads,False,True,2025-10-19T13:26:05Z
00001b77327a,1,94.0,57.52,2026-04-09,2026-04,,,,False,no_code,94.0,57.52,4690,tiktok,tiktok_ads,False,True,2026-04-09T12:17:52Z
00001b818f3c,2,134.0,79.48,2025-11-14,2025-11,2026-01-02,49.0,,False,no_code,98.0,54.19,2320,meta,meta_ads,False,True,2025-11-14T20:26:36Z
00001b819003,1,18.0,-0.8300000000000001,2026-03-18,2026-03,,,SPRING25,False,item_discount,46.5,-0.8300000000000001,4324,google_ads,google_ads,False,True,2026-03-18T09:10:21Z
00001b872bc1,1,23.2,5.0600000000000005,2025-07-21,2025-07,,,SUMMER20,False,item_discount,50.4,5.0600000000000005,1162,TikTok,tiktok_ads,False,True,2025-07-21T01:59:20Z
00001b8becc5,1,20.3,12.740000000000002,2025-12-01,2025-12,,,BFCM30,False,item_discount,20.3,12.740000000000002,2863,google_ads,google_ads,False,True,2025-12-01T20:33:40Z
00001b964a4e,1,132.0,84.71000000000001,2026-02-10,2026-02,,,,False,no_code,132.0,84.71000000000001,3795,tiktok,tiktok_ads,False,True,2026-02-10T14:32:51Z
00001bd17223,1,34.0,24.4,2026-05-10,2026-05,,,,False,no_code,34.0,24.4,5216,tiktok,tiktok_ads,False,True,2026-05-10T16:49:43Z
00001bd63327,1,27.2,17.34,2025-12-15,2025-12,,,HOLIDAY15,False,item_discount,27.2,17.34,3042,Facebook,meta_ads,False,False,2025-12-15T10:54:55Z
00001bdbcee5,1,22.0,15.309999999999995,2025-11-01,2025-11,,,,False,no_code,22.0,15.309999999999995,2194,google_ads,google_ads,False,True,2025-11-01T09:38:43Z
00001bdbcfac,1,45.05,28.84,2026-04-14,2026-04,,,WELCOME15,True,item_discount,45.05,28.84,4764,TikTok,tiktok_ads,False,True,2026-04-14T13:49:32Z
00001be090b0,1,39.2,6.190000000000003,2025-11-30,2025-11,,,BFCM30,False,item_discount,57.4,6.190000000000003,2823,referral,referral,False,True,2025-11-30T22:28:41Z
00001be62c6e,1,23.8,13.45,2025-11-27,2025-11,,,BFCM30,False,item_discount,23.8,13.45,2626,influencer,influencer,False,False,2025-11-27T13:09:55Z
00001be62d35,1,64.5,25.39,2026-03-14,2026-03,,,SPRING25,False,item_discount,81.0,25.39,4192,Google,google_ads,True,True,2026-03-14T02:56:58Z
00001beaee39,1,34.0,23.3,2025-10-04,2025-10,,,,False,no_code,34.0,23.3,1844,influencer,influencer,False,False,2025-10-04T17:22:35Z
00001bf089f7,2,82.65,53.61,2025-12-09,2025-12,2026-05-29,171.0,HOLIDAY15,False,item_discount,24.65,16.909999999999993,2967,,unknown,False,True,2025-12-09T16:07:13Z
00001bf08abe,2,76.3,51.400000000000006,2026-02-28,2026-02,2026-04-10,41.0,WELCOME15,True,item_discount,32.3,20.86,4024,organic_search,organic_search,False,True,2026-02-28T12:28:45Z
00001bf54bc2,1,179.0,118.2,2025-09-07,2025-09,,,,False,no_code,179.0,118.2,1549,organic_search,organic_search,False,False,2025-09-07T01:24:40Z
00001bfae780,3,202.6,125.61000000000001,2026-02-03,2026-02,2026-04-09,65.0,,False,no_code,90.0,57.29,3684,google_ads,google_ads,False,False,2026-02-03T15:47:27Z
00001bfae847,3,127.8,53.98,2026-01-09,2026-01,2026-03-13,63.0,WELCOME15,True,item_discount,23.8,11.72,3373,meta,meta_ads,False,True,2026-01-09T10:08:10Z
00001bffa94b,2,103.1,58.0,2025-07-20,2025-07,2025-11-02,105.0,WELCOME15,True,item_discount,22.1,12.67,1154,google_ads,google_ads,False,False,2025-07-20T13:15:34Z
00001c054509,1,21.75,7.919999999999999,2026-03-15,2026-03,,,FREESHIP+SPRING25,False,item_discount,21.75,7.919999999999999,4242,meta,meta_ads,False,False,2026-03-15T23:29:39Z
00001c4f8b6b,1,24.0,16.839999999999996,2025-10-26,2025-10,,,,False,no_code,24.0,16.839999999999996,2124,meta,meta_ads,False,True,2025-10-26T08:16:49Z
00001c552729,1,60.0,36.08,2025-12-27,2025-12,,,,False,no_code,60.0,36.08,3192,tiktok,tiktok_ads,False,False,2025-12-27T13:41:05Z
00001c59e82d,1,72.0,44.53,2026-06-02,2026-06,,,,False,no_code,72.0,44.53,5567,referral,referral,False,False,2026-06-02T18:33:01Z
00001c59e8f4,2,160.0,102.07000000000001,2025-09-10,2025-09,2025-11-14,65.0,,False,no_code,92.0,59.06,1580,meta,meta_ads,False,False,2025-09-10T01:07:48Z
00001c5f84b2,1,66.0,39.03,2026-02-10,2026-02,,,,False,no_code,66.0,39.03,3796,referral,referral,False,False,2026-02-10T19:07:32Z
00001c64467d,2,163.64999999999998,78.56,2025-07-22,2025-07,2025-08-31,40.0,WELCOME15,True,item_discount,94.35,54.16,1171,referral,referral,False,True,2025-07-22T09:58:43Z
00001c69e23b,1,21.0,8.439999999999998,2026-03-17,2026-03,,,SPRING25,False,item_discount,21.0,8.439999999999998,4312,tiktok,tiktok_ads,False,False,2026-03-17T23:54:52Z
00001c743fc4,1,27.2,17.279999999999998,2026-04-07,2026-04,,,WELCOME15,True,item_discount,27.2,17.279999999999998,4651,Google,google_ads,True,False,2026-04-07T14:51:06Z
00001c7e9d4d,1,38.0,26.39,2026-05-17,2026-05,,,,False,no_code,38.0,26.39,5323,google_ads,google_ads,False,False,2026-05-17T01:23:29Z
00001c922aa8,1,20.4,12.989999999999997,2026-06-15,2026-06,,,WELCOME15,True,item_discount,20.4,12.989999999999997,5788,organic_search,organic_search,False,True,2026-05-11T02:01:15Z
00001c9c8831,1,164.0,101.68,2026-05-02,2026-05,,,,False,no_code,164.0,101.68,5053,Facebook,meta_ads,False,False,2026-05-02T11:34:20Z
00001ca6e5ba,1,120.7,75.44999999999999,2026-04-18,2026-04,,,WELCOME15,True,item_discount,120.7,75.44999999999999,4828,Google,google_ads,True,True,2026-04-18T13:30:11Z
00001cb14343,1,25.5,15.94,2026-03-19,2026-03,,,SPRING25,False,item_discount,25.5,15.94,4364,meta,meta_ads,False,True,2026-03-19T21:14:36Z
00001cb6df01,1,25.6,15.679999999999998,2025-08-01,2025-08,,,SUMMER20,False,item_discount,25.6,15.679999999999998,1248,organic_search,organic_search,False,True,2025-08-01T17:43:04Z
00001cbba0cc,1,22.0,13.580000000000002,2026-01-22,2026-01,,,,False,no_code,22.0,13.580000000000002,3521,meta,meta_ads,False,False,2026-01-22T01:15:58Z
00001cc8e3af,1,22.4,3.129999999999993,2025-07-08,2025-07,,,SUMMER20,False,item_discount,22.4,3.129999999999993,1046,direct,direct,False,True,2025-07-08T06:21:57Z
00001d012563,1,54.4,28.91,2026-05-19,2026-05,,,WELCOME15,True,item_discount,54.4,28.91,5355,meta,meta_ads,False,True,2026-05-19T08:02:48Z
00001d0b8225,1,53.2,22.959999999999997,2025-11-28,2025-11,,,BFCM30,False,item_discount,53.2,22.959999999999997,2702,organic_search,organic_search,False,False,2025-11-28T19:05:43Z
00001d0b82ec,2,159.0,105.16,2026-04-07,2026-04,2026-05-22,45.0,,False,no_code,121.0,78.33,4653,facebook_ads,meta_ads,False,True,2026-04-07T14:55:36Z
00001d15dfae,3,184.85,119.52000000000001,2025-12-15,2025-12,2026-02-19,66.0,HOLIDAY15,False,item_discount,24.65,16.989999999999995,3049,influencer,influencer,False,False,2025-12-15T21:50:06Z
00001d15e075,1,0.0,-23.94,2026-03-22,2026-03,,,,False,no_code,67.0,-23.94,4448,Google,google_ads,True,True,2026-03-22T22:40:03Z
00001d1b7c33,2,64.0,38.309999999999995,2025-08-24,2025-08,2025-10-18,55.0,FREESHIP,False,freeship_only,32.0,15.989999999999997,1428,meta,meta_ads,False,False,2025-08-24T11:41:47Z
00001d203d37,1,146.4,78.53,2026-01-11,2026-01,,,NEWYEAR20,False,item_discount,146.4,78.53,3400,organic_search,organic_search,False,False,2026-01-11T07:45:27Z
00001d203dfe,4,194.5,111.36000000000001,2026-01-29,2026-01,2026-03-09,39.0,WELCOME15,True,item_discount,42.5,21.59,3619,influencer,influencer,False,True,2026-01-29T14:55:45Z
00001d25d9bc,1,24.65,16.769999999999996,2025-09-18,2025-09,,,WELCOME15,True,item_discount,24.65,16.769999999999996,1669,influencer,influencer,False,True,2025-09-18T20:35:31Z
00001d25da83,1,44.2,22.64,2026-05-09,2026-05,,,MOMS15,False,item_discount,44.2,22.64,5196,google_ads,google_ads,False,True,2026-05-09T15:04:53Z
00001d2a9ac0,1,44.0,21.83,2026-03-16,2026-03,,,,False,no_code,73.0,21.83,4253,direct,direct,False,True,2026-03-16T10:29:14Z
00001d303745,2,205.4,130.20000000000002,2025-11-26,2025-11,2026-01-01,36.0,BFCM30,False,item_discount,43.4,25.41,2589,meta,meta_ads,False,True,2025-11-26T20:09:01Z
00001d34f849,2,98.3,60.580000000000005,2026-04-29,2026-04,2026-05-30,31.0,WELCOME15,True,item_discount,32.3,21.520000000000003,5008,meta,meta_ads,False,True,2026-04-29T11:42:25Z
00001d3f55d2,1,22.0,6.360000000000002,2026-05-29,2026-05,,,,False,no_code,22.0,6.360000000000002,5519,,unknown,False,False,2026-05-29T17:49:35Z
00001d7a7da7,1,57.8,30.36,2026-03-17,2026-03,,,WELCOME15,True,item_discount,57.8,30.36,4285,organic_search,organic_search,False,True,2026-03-17T03:11:30Z
00001d7f3eab,1,88.0,55.220000000000006,2025-09-18,2025-09,,,,False,no_code,88.0,55.220000000000006,1668,Facebook,meta_ads,False,False,2025-09-18T15:16:24Z
00001d84da69,1,22.1,12.32,2026-01-13,2026-01,,,WELCOME15,True,item_discount,22.1,12.32,3429,organic_search,organic_search,False,False,2026-01-13T21:54:22Z
00001d84db30,1,47.6,30.609999999999992,2026-01-02,2026-01,,,WELCOME15,True,item_discount,47.6,30.609999999999992,3263,meta,meta_ads,False,True,2026-01-02T14:04:09Z
00001d899c34,1,53.55,20.54,2025-08-15,2025-08,,,WELCOME15,True,item_discount,68.0,20.54,1357,organic_search,organic_search,False,True,2025-08-15T18:52:35Z
00001d8f37f2,1,102.0,57.89999999999999,2026-03-21,2026-03,,,WELCOME15,True,item_discount,102.0,57.89999999999999,4421,meta,meta_ads,False,False,2026-03-21T16:27:11Z
00001d8f38b9,1,58.0,33.4,2025-12-24,2025-12,,,,False,no_code,58.0,33.4,3172,organic_search,organic_search,False,True,2025-12-24T23:10:56Z
00001d99957b,1,38.0,26.840000000000003,2026-04-26,2026-04,,,,False,no_code,38.0,26.840000000000003,4977,organic_search,organic_search,False,False,2026-04-26T23:48:11Z
00001d999642,1,57.8,31.46,2025-11-29,2025-11,,,WELCOME15,True,item_discount,57.8,31.46,2746,direct,direct,False,True,2025-11-29T15:13:02Z
00001da3f304,1,56.0,30.959999999999997,2026-05-06,2026-05,,,,False,no_code,56.0,30.959999999999997,5139,meta,meta_ads,False,False,2026-05-06T21:09:37Z
00001da3f3cb,1,0.0,-2.4099999999999997,2025-10-23,2025-10,,,,False,no_code,44.0,-2.4099999999999997,2089,organic_search,organic_search,False,False,2025-10-23T20:11:29Z
00001dae508d,1,64.0,38.09,2026-06-11,2026-06,,,,False,no_code,64.0,38.09,5714,Google,google_ads,True,True,2026-06-11T08:50:32Z
00001ddc34b8,1,27.2,16.59,2025-07-07,2025-07,,,SUMMER20,False,item_discount,27.2,16.59,1039,meta,meta_ads,False,False,2025-07-07T13:06:22Z
00001de69241,2,231.2,143.29,2025-09-16,2025-09,2026-01-14,120.0,WELCOME15,True,item_discount,129.2,76.57,1636,google_ads,google_ads,False,False,2025-09-16T03:50:53Z
00001df0efca,3,209.2,123.43,2025-10-14,2025-10,2025-10-28,14.0,,False,no_code,108.0,66.71000000000001,1973,referral,referral,False,True,2025-10-14T03:16:43Z
00001dfe32ad,2,72.0,39.290000000000006,2026-04-15,2026-04,2026-05-20,35.0,,False,no_code,36.0,19.35,4781,organic_search,organic_search,False,True,2026-04-15T21:38:50Z
00001e089036,2,116.2,74.43,2026-05-23,2026-05,2026-06-26,34.0,,False,no_code,82.0,51.27,5408,meta,meta_ads,False,False,2026-05-23T08:17:41Z
00001e12edbf,1,48.0,32.18000000000001,2026-06-11,2026-06,,,,False,no_code,48.0,32.18000000000001,5711,direct,direct,False,False,2026-06-11T02:14:08Z
00001e30d8a3,1,23.8,2.4800000000000018,2026-04-20,2026-04,,,WELCOME15,True,item_discount,23.8,2.4800000000000018,4860,IG,meta_ads,True,True,2026-04-20T12:27:10Z
00001e3b362c,1,28.0,15.190000000000005,2026-03-14,2026-03,,,,False,no_code,28.0,15.190000000000005,4184,meta,meta_ads,False,True,2026-02-19T00:18:26Z
00001e40d1ea,1,25.6,15.29,2025-07-26,2025-07,,,SUMMER20,False,item_discount,25.6,15.29,1196,meta,meta_ads,False,True,2025-07-26T23:00:18Z
00001e4592ee,3,298.0,169.42000000000002,2025-12-03,2025-12,2025-12-31,28.0,,False,no_code,136.0,80.87,2892,google_ads,google_ads,False,True,2025-12-03T20:06:46Z
00001e4593b5,1,19.8,13.01,2026-02-08,2026-02,,,AMELIA10,False,item_discount,19.8,13.01,3762,influencer,influencer,False,False,2026-02-08T14:52:57Z
00001e4b2f73,1,32.0,22.15,2025-09-30,2025-09,,,,False,no_code,32.0,22.15,1782,organic_search,organic_search,False,True,2025-09-30T10:32:51Z
00001e4b303a,1,0.0,-43.13,2026-06-01,2026-06,,,,False,no_code,88.0,-43.13,5552,meta,meta_ads,False,True,2026-06-01T14:22:11Z
00001e4ff13e,2,68.0,48.53,2026-01-09,2026-01,2026-03-09,59.0,,False,no_code,34.0,24.33,3377,direct,direct,False,True,2026-01-09T12:02:55Z
00001e558cfc,2,217.75,118.09,2025-10-19,2025-10,2025-12-17,59.0,WELCOME15,True,item_discount,62.05,36.17,2032,organic_search,organic_search,False,False,2025-09-30T15:42:43Z
00001e558dc3,1,139.39999999999998,84.57999999999998,2026-05-05,2026-05,,,WELCOME15,True,item_discount,139.4,84.57999999999998,5104,Facebook,meta_ads,False,True,2026-05-05T02:18:15Z
00001e5a4ec7,3,246.5,150.40999999999997,2025-11-10,2025-11,2026-01-28,79.0,WELCOME15,True,item_discount,57.8,33.39,2283,meta,meta_ads,False,False,2025-11-10T19:06:44Z
00001e5fea85,1,56.0,27.09,2025-11-27,2025-11,,,BFCM30,False,item_discount,56.0,27.09,2615,meta,meta_ads,False,False,2025-10-27T09:57:52Z
00001eaa30e7,1,72.0,38.3,2026-02-06,2026-02,,,,False,no_code,72.0,38.3,3716,direct,direct,False,True,2026-02-06T10:27:59Z
00001eafcca5,2,178.0,115.20000000000002,2025-09-18,2025-09,2025-11-19,62.0,,False,no_code,134.0,85.52000000000001,1667,tiktok,tiktok_ads,False,True,2025-09-18T13:35:13Z
00001eb48da9,3,150.0,83.84,2026-02-14,2026-02,2026-04-03,48.0,,False,no_code,38.0,26.87,3846,direct,direct,False,False,2026-02-14T14:09:29Z
00001eb48e70,3,216.3,125.07000000000001,2025-12-01,2025-12,2026-01-08,38.0,WELCOME15,True,item_discount,100.3,54.05000000000001,2867,referral,referral,False,True,2025-12-01T23:05:41Z
00001eba2a2e,1,34.0,23.140000000000004,2025-10-18,2025-10,,,,False,no_code,34.0,23.140000000000004,2009,meta,meta_ads,False,True,2025-10-18T00:18:20Z
00001ebeeb32,1,74.0,45.94,2026-03-26,2026-03,,,,False,no_code,74.0,45.94,4487,meta,meta_ads,False,False,2026-03-26T12:25:41Z
00001ebeebf9,4,156.7,91.62,2025-11-07,2025-11,2025-12-18,41.0,WELCOME15,True,item_discount,52.7,22.74,2252,facebook_ads,meta_ads,False,True,2025-11-07T09:50:38Z
00001ec487b7,2,93.2,55.98,2025-11-24,2025-11,2026-01-14,51.0,BFCM30,False,item_discount,25.2,15.18,2402,IG,meta_ads,True,True,2025-11-24T00:12:19Z
00001ec948bb,1,188.0,122.88,2026-04-14,2026-04,,,,False,no_code,188.0,122.88,4763,organic_search,organic_search,False,True,2026-04-14T13:28:58Z
00001ec94982,1,24.65,12.569999999999997,2025-11-03,2025-11,,,WELCOME15,True,item_discount,24.65,12.569999999999997,2207,meta,meta_ads,False,True,2025-11-03T00:36:21Z
00001ecee540,1,44.0,31.03,2025-12-15,2025-12,,,,False,no_code,44.0,31.03,3047,influencer,influencer,False,True,2025-12-15T20:46:25Z
00001ed3a644,1,22.0,9.15,2026-05-17,2026-05,,,FREESHIP,False,freeship_only,22.0,9.15,5327,meta,meta_ads,False,True,2026-05-17T03:20:40Z
00001ed3a70b,1,63.0,39.06,2025-09-20,2025-09,,,,False,no_code,63.0,39.06,1688,meta,meta_ads,False,False,2025-09-20T15:45:01Z
00001ed942c9,2,61.6,40.52,2026-01-31,2026-01,2026-05-09,98.0,,False,no_code,22.0,15.13,3637,meta,meta_ads,False,False,2026-01-31T11:39:35Z
00001ede03cd,1,69.69999999999999,39.24,2026-06-14,2026-06,,,WELCOME15,True,item_discount,69.7,39.24,5772,organic_search,organic_search,False,True,2026-06-14T13:05:17Z
00001f0be8bf,1,22.0,15.119999999999996,2026-06-20,2026-06,,,,False,no_code,22.0,15.119999999999996,5883,organic_search,organic_search,False,False,2026-06-20T16:26:46Z
00001f164648,1,38.0,26.82,2026-05-02,2026-05,,,,False,no_code,38.0,26.82,5058,meta,meta_ads,False,False,2026-05-02T14:57:22Z
00001f23892b,1,90.3,44.83,2025-11-29,2025-11,,,BFCM30,False,item_discount,90.3,44.83,2758,organic_search,organic_search,False,False,2025-11-29T20:07:22Z
00001f2de5ed,2,158.0,99.27,2026-04-18,2026-04,2026-06-06,49.0,,False,no_code,68.0,42.44,4823,google_ads,google_ads,False,True,2026-04-18T02:43:16Z
00001f2de6b4,1,23.8,-6.82,2025-11-25,2025-11,,,BFCM30,False,item_discount,54.6,-6.82,2479,IG,meta_ads,True,False,2025-11-25T03:48:11Z
00001f384376,1,135.0,84.19,2026-05-01,2026-05,,,DERMDIARY10,False,item_discount,135.0,84.19,5044,influencer,influencer,False,True,2026-05-01T23:11:46Z
00001f38443d,1,52.7,28.270000000000003,2025-09-14,2025-09,,,WELCOME15,True,item_discount,52.7,28.270000000000003,1626,meta,meta_ads,False,True,2025-09-14T15:40:12Z
00001f42a0ff,1,22.0,14.899999999999997,2026-06-30,2026-06,,,,False,no_code,22.0,14.899999999999997,6057,tiktok,tiktok_ads,False,False,2026-06-30T05:44:06Z
00001f42a1c6,3,194.0,117.84,2025-08-26,2025-08,2025-10-17,52.0,WELCOME15,True,item_discount,61.2,33.06,1439,organic_search,organic_search,False,False,2025-08-26T11:12:56Z
00001f70852a,1,67.2,32.96,2025-08-12,2025-08,,,SUMMER20,False,item_discount,67.2,32.96,1331,organic_search,organic_search,False,True,2025-08-12T17:57:40Z
00001f7085f1,1,74.8,38.93,2026-06-11,2026-06,,,WELCOME15,True,item_discount,74.8,38.93,5708,tiktok,tiktok_ads,False,False,2026-06-10T23:58:58Z
00001f7ae2b3,3,162.0,100.13999999999999,2025-09-06,2025-09,2025-10-05,29.0,,False,no_code,22.0,15.72,1540,Google,google_ads,True,False,2025-08-10T14:24:00Z
00001f7ae37a,1,54.4,27.169999999999995,2026-05-17,2026-05,,,WELCOME15,True,item_discount,54.4,27.169999999999995,5334,referral,referral,False,True,2026-05-17T22:19:06Z
00001f85403c,1,78.4,35.14,2025-11-25,2025-11,,,BFCM30,False,item_discount,88.9,35.14,2540,organic_search,organic_search,False,True,2025-11-25T23:44:23Z
00001f854103,1,54.0,29.92,2026-04-26,2026-04,,,,False,no_code,54.0,29.92,4968,google_ads,google_ads,False,True,2026-04-26T15:00:43Z
00001f8f9dc5,1,30.94,14.69,2025-11-25,2025-11,,,BFCM30+WELCOME15,True,item_discount,30.94,14.69,2527,IG,meta_ads,True,True,2025-11-25T20:28:24Z
00001f9ce0a8,1,52.7,27.81,2026-05-13,2026-05,,,WELCOME15,True,item_discount,52.7,27.81,5269,meta,meta_ads,False,True,2026-04-18T20:00:22Z
00001fa73e31,1,34.0,24.0,2026-06-12,2026-06,,,,False,no_code,34.0,24.0,5739,referral,referral,False,True,2026-06-12T13:39:55Z
00001fd52323,1,24.0,2.3500000000000005,2026-06-22,2026-06,,,FREESHIP,False,freeship_only,24.0,2.3500000000000005,5930,IG,meta_ads,True,True,2026-06-22T14:13:55Z
00001fd9e427,3,155.8,93.96999999999998,2026-01-29,2026-01,2026-03-12,42.0,WELCOME15,True,item_discount,57.8,31.18999999999999,3618,organic_search,organic_search,False,False,2026-01-29T14:52:11Z
00001fdf7fe5,1,28.9,19.610000000000003,2025-09-04,2025-09,,,WELCOME15,True,item_discount,28.9,19.610000000000003,1525,organic_search,organic_search,False,True,2025-09-04T18:30:55Z
00001fdf80ac,1,27.2,17.09,2026-05-08,2026-05,,,MOMS15,False,item_discount,27.2,17.09,5175,meta,meta_ads,False,False,2026-05-08T12:02:17Z
00001fe440e9,1,140.4,86.43,2026-03-18,2026-03,,,AMELIA10,False,item_discount,140.4,86.43,4329,influencer,influencer,False,True,2026-03-18T11:28:48Z
00001fe441b0,2,214.5,125.14,2025-12-05,2025-12,2026-02-11,68.0,HOLIDAY15,False,item_discount,144.5,83.45,2921,organic_search,organic_search,False,True,2025-12-05T23:31:21Z
00001fe9dd6e,2,306.0,178.60000000000002,2025-11-05,2025-11,2026-02-04,91.0,,False,no_code,128.0,36.68000000000001,2232,organic_search,organic_search,False,False,2025-11-03T18:30:47Z
00001fe9de35,1,44.0,20.87,2026-04-19,2026-04,,,,False,no_code,44.0,20.87,4853,meta,meta_ads,False,True,2026-04-19T22:45:27Z
00001fee9e72,1,51.0,21.130000000000003,2026-04-20,2026-04,,,WELCOME15,True,item_discount,51.0,21.130000000000003,4859,direct,direct,False,True,2026-04-20T07:57:34Z
00001fee9f39,1,0.0,-9.79,2025-11-27,2025-11,,,BFCM30,False,item_discount,25.2,-9.79,2605,meta,meta_ads,False,False,2025-11-27T01:28:46Z
00001ff43af7,1,15.4,0.9900000000000002,2025-11-27,2025-11,,,BFCM30,False,item_discount,15.4,0.9900000000000002,2654,,unknown,False,True,2025-11-27T21:34:18Z
00001ff43bbe,1,45.9,28.0,2026-03-16,2026-03,,,WELCOME15,True,item_discount,45.9,28.0,4263,meta,meta_ads,False,True,2026-03-16T15:53:08Z
00001ff8fbfb,1,22.0,15.28,2026-05-22,2026-05,,,,False,no_code,22.0,15.28,5385,organic_search,organic_search,False,True,2026-05-22T01:40:06Z
00001ff8fcc2,1,23.8,11.71,2025-10-21,2025-10,,,WELCOME15,True,item_discount,23.8,11.71,2057,meta,meta_ads,False,True,2025-10-21T06:58:23Z
00001ffe9880,1,120.0,75.82000000000001,2026-01-01,2026-01,,,,False,no_code,120.0,75.82000000000001,3257,tiktok,tiktok_ads,False,True,2026-01-01T23:27:43Z
00001ffe9947,2,196.10000000000002,122.6,2026-02-21,2026-02,2026-06-28,127.0,WELCOME15,True,item_discount,32.3,21.35,3926,google_ads,google_ads,False,True,2026-02-21T12:27:40Z
000020035a4b,1,55.25,30.39,2025-09-13,2025-09,,,WELCOME15,True,item_discount,55.25,30.39,1614,Facebook,meta_ads,False,True,2025-09-13T14:34:32Z
00002008f609,1,36.0,24.950000000000003,2026-02-12,2026-02,,,,False,no_code,36.0,24.950000000000003,3817,google_ads,google_ads,False,True,2026-02-12T11:52:22Z
000020533c6b,3,145.2,91.04,2025-11-25,2025-11,2026-03-19,114.0,BFCM30,False,item_discount,30.8,18.14,2512,,unknown,False,True,2025-11-25T14:50:35Z
00002058d829,3,262.2,162.63,2025-11-08,2025-11,2026-01-23,76.0,,False,no_code,66.0,44.82,2257,organic_search,organic_search,False,True,2025-11-08T00:13:02Z
0000205d992d,1,123.25,65.61999999999999,2026-05-08,2026-05,,,WELCOME15,True,item_discount,123.25,65.61999999999999,5168,direct,direct,False,False,2026-05-08T04:36:58Z
0000205d99f4,1,22.0,15.27,2025-10-16,2025-10,,,,False,no_code,22.0,15.27,1991,organic_search,organic_search,False,True,2025-10-16T17:27:53Z
0000206335b2,2,52.0,31.72,2026-01-24,2026-01,2026-03-24,59.0,,False,no_code,26.0,15.69,3554,organic_search,organic_search,False,True,2026-01-24T21:11:38Z
00002067f6b6,1,33.44,22.4,2026-06-02,2026-06,,,GLOWWITHSAM12,False,item_discount,33.44,22.4,5565,influencer,influencer,False,True,2026-06-02T14:08:45Z
00002067f77d,1,64.0,37.49999999999999,2025-09-11,2025-09,,,,False,no_code,64.0,37.49999999999999,1596,Google,google_ads,True,True,2025-09-11T17:06:40Z
0000206d933b,1,61.0,35.86,2026-02-22,2026-02,,,,False,no_code,61.0,35.86,3945,Facebook,meta_ads,False,False,2026-02-22T14:45:11Z
000020725506,2,91.8,56.66,2025-07-08,2025-07,2025-08-21,44.0,WELCOME15,True,item_discount,57.8,33.129999999999995,1045,meta,meta_ads,False,True,2025-07-08T03:43:30Z
00002077f0c4,1,125.8,69.19,2026-03-05,2026-03,,,WELCOME15,True,item_discount,125.8,69.19,4089,IG,meta_ads,True,True,2026-03-05T06:33:35Z
000020824e4d,2,162.8,97.00999999999999,2026-04-16,2026-04,2026-05-07,21.0,,False,no_code,88.0,55.01,4793,IG,meta_ads,True,False,2026-04-16T15:39:38Z
00002095dae1,1,17.6,11.18,2025-07-02,2025-07,,,SUMMER20,False,item_discount,17.6,11.18,1009,Google,google_ads,True,True,2025-07-02T10:56:01Z
000020a0386a,1,36.0,20.64,2025-09-15,2025-09,,,,False,no_code,36.0,20.64,1628,meta,meta_ads,False,True,2025-09-15T00:39:53Z
000020a03931,1,0.0,-12.32,2026-06-15,2026-06,,,WELCOME15,True,item_discount,32.3,-12.32,5799,,unknown,False,True,2026-06-15T22:38:43Z
000020aa96ba,1,38.0,26.46,2026-05-18,2026-05,,,,False,no_code,38.0,26.46,5348,Facebook,meta_ads,False,True,2026-05-18T21:45:10Z
000020b4f443,1,126.0,80.54,2026-04-11,2026-04,,,,False,no_code,126.0,80.54,4725,tiktok,tiktok_ads,False,True,2026-02-27T10:22:40Z
000020c23726,2,50.1,-5.07,2025-10-13,2025-10,2025-11-21,39.0,FREESHIP,False,freeship_only,24.0,10.93,1957,meta,meta_ads,False,True,2025-10-13T11:15:24Z
000020cc94af,2,137.3,70.89,2025-08-10,2025-08,2025-08-28,18.0,WELCOME15,True,item_discount,52.7,21.86,1306,facebook_ads,meta_ads,False,False,2025-08-10T19:09:39Z
000020d6f238,1,118.0,73.22,2025-07-05,2025-07,,,,False,no_code,118.0,73.22,1029,google_ads,google_ads,False,True,2025-07-05T01:50:40Z
00002104d663,1,27.2,17.209999999999997,2026-06-30,2026-06,,,WELCOME15,True,item_discount,27.2,17.209999999999997,6060,influencer,influencer,False,True,2026-06-30T11:08:59Z
0000210f3325,1,30.6,0.3399999999999998,2025-10-03,2025-10,,,AMELIA10,False,item_discount,70.2,0.3399999999999998,1833,influencer,influencer,False,True,2025-10-03T19:24:52Z
0000210f33ec,1,23.8,11.32,2026-05-09,2026-05,,,WELCOME15,True,item_discount,23.8,11.32,5190,referral,referral,False,True,2026-05-09T12:15:34Z
0000211990ae,2,98.0,56.599999999999994,2025-11-27,2025-11,2026-03-10,103.0,WELCOME15,True,item_discount,18.7,-6.81,2643,meta,meta_ads,False,True,2025-11-27T17:34:26Z
000021199175,1,60.0,28.05,2026-03-14,2026-03,,,SPRING25,False,item_discount,60.0,28.05,4213,meta,meta_ads,False,True,2026-03-14T19:41:26Z
00002123ee37,2,66.9,45.290000000000006,2025-12-10,2025-12,2026-02-07,59.0,HOLIDAY15,False,item_discount,28.9,18.370000000000005,2978,meta,meta_ads,False,False,2025-12-10T11:02:28Z
00002123eefe,1,136.0,71.88999999999999,2026-02-03,2026-02,,,WELCOME15,True,item_discount,158.1,71.88999999999999,3675,direct,direct,False,False,2026-02-03T02:00:15Z
000021298abc,1,35.2,17.700000000000006,2025-08-11,2025-08,,,SUMMER20,False,item_discount,35.2,17.700000000000006,1316,Google,google_ads,True,True,2025-08-11T11:43:07Z
0000212e4bc0,1,148.0,96.27,2026-01-22,2026-01,,,,False,no_code,148.0,96.27,3525,meta,meta_ads,False,True,2026-01-22T03:41:31Z
00002133e845,2,173.48000000000002,92.57,2025-10-07,2025-10,2025-11-01,25.0,SKINBYJORDAN15+WELCOME15,True,item_discount,105.47999999999999,49.54,1876,influencer,influencer,False,False,2025-10-07T15:14:34Z
00002138a949,1,64.0,39.18000000000001,2026-03-22,2026-03,,,,False,no_code,64.0,39.18000000000001,4436,organic_search,organic_search,False,True,2026-03-22T02:49:27Z
00002173d11e,1,24.65,15.999999999999996,2026-05-07,2026-05,,,WELCOME15,True,item_discount,24.65,15.999999999999996,5155,referral,referral,False,False,2026-05-07T12:09:37Z
0000217e2ea7,2,86.9,51.41000000000001,2026-03-14,2026-03,2026-04-11,28.0,,False,no_code,32.0,21.210000000000004,4197,Google,google_ads,True,True,2026-03-14T10:18:33Z
00002182efab,3,100.6,66.12,2025-10-07,2025-10,2026-01-16,101.0,,False,no_code,34.0,23.270000000000003,1875,meta,meta_ads,False,True,2025-10-07T12:41:02Z
000021888b69,1,48.0,32.9,2025-12-17,2025-12,,,,False,no_code,48.0,32.9,3074,meta,meta_ads,False,True,2025-12-17T03:26:10Z
000021888c30,1,126.0,63.35000000000001,2026-02-22,2026-02,,,,False,no_code,126.0,63.35000000000001,3941,organic_search,organic_search,False,True,2026-02-22T10:14:35Z
0000218d4c6d,2,94.0,60.12,2026-05-25,2026-05,2026-06-11,17.0,,False,no_code,30.0,20.15,5449,organic_search,organic_search,False,True,2026-05-25T23:41:16Z
0000218d4d34,1,44.0,31.020000000000003,2025-09-29,2025-09,,,,False,no_code,44.0,31.020000000000003,1773,organic_search,organic_search,False,True,2025-09-29T15:17:30Z
00002192e8f2,1,24.65,16.559999999999995,2026-01-27,2026-01,,,WELCOME15,True,item_discount,24.65,16.559999999999995,3596,organic_search,organic_search,False,True,2026-01-27T21:10:59Z
00002192e9b9,1,34.0,24.2,2026-01-27,2026-01,,,,False,no_code,34.0,24.2,3592,tiktok,tiktok_ads,False,False,2026-01-27T12:22:06Z
00002197a9f6,1,99.45,56.13,2026-06-06,2026-06,,,WELCOME15,True,item_discount,99.45,56.13,5622,organic_search,organic_search,False,True,2026-06-06T09:16:46Z
00002197aabd,1,57.8,37.25,2025-07-09,2025-07,,,WELCOME15,True,item_discount,57.8,37.25,1062,organic_search,organic_search,False,True,2025-07-09T12:57:59Z
0000219d467b,1,19.8,12.64,2026-03-14,2026-03,,,AMELIA10,False,item_discount,19.8,12.64,4202,influencer,influencer,False,True,2026-03-14T12:13:07Z
0000219d4742,1,24.0,16.789999999999996,2025-12-10,2025-12,,,,False,no_code,24.0,16.789999999999996,2979,tiktok,tiktok_ads,False,False,2025-12-10T12:10:12Z
000021a7a404,1,32.0,21.15,2026-04-06,2026-04,,,,False,no_code,32.0,21.15,4639,tiktok,tiktok_ads,False,False,2026-04-06T20:36:48Z
000021a7a4cb,1,44.8,11.769999999999996,2025-11-28,2025-11,,,BFCM30+FREESHIP,False,item_discount,44.8,11.769999999999996,2666,,unknown,False,True,2025-10-25T02:39:11Z
000021b2018d,1,32.0,21.700000000000003,2026-05-27,2026-05,,,,False,no_code,32.0,21.700000000000003,5480,organic_search,organic_search,False,False,2026-05-27T15:58:49Z
000021ea4341,1,40.8,25.43,2025-07-03,2025-07,,,SUMMER20,False,item_discount,40.8,25.43,1020,influencer,influencer,False,False,2025-07-03T20:10:30Z
000021f78624,2,167.2,96.05000000000001,2026-02-03,2026-02,2026-03-30,55.0,AMELIA10,False,item_discount,79.2,43.52,3683,influencer,influencer,False,False,2026-02-03T15:16:13Z
000021fc47ef,1,133.0,64.59,2025-07-08,2025-07,,,,False,no_code,133.0,64.59,1048,meta,meta_ads,False,True,2025-07-08T10:41:20Z
00002201e3ad,1,28.9,19.32,2026-03-21,2026-03,,,WELCOME15,True,item_discount,28.9,19.32,4426,organic_search,organic_search,False,True,2026-03-21T20:56:17Z
0000220c4136,1,56.0,32.55,2026-04-21,2026-04,,,,False,no_code,56.0,32.55,4873,google_ads,google_ads,False,False,2026-04-21T03:34:33Z
000022169ebf,2,98.0,58.14000000000001,2026-05-22,2026-05,2026-06-16,25.0,,False,no_code,28.0,14.790000000000004,5387,direct,direct,False,False,2026-05-17T02:38:11Z
00002220fc48,1,53.0,35.28,2026-06-03,2026-06,,,,False,no_code,53.0,35.28,5571,Google,google_ads,True,True,2026-06-03T04:26:29Z
0000223489a3,1,98.0,62.27,2026-05-29,2026-05,,,,False,no_code,98.0,62.27,5512,,unknown,False,True,2026-05-29T08:58:02Z
0000223ee665,1,20.4,13.189999999999996,2025-11-04,2025-11,,,WELCOME15,True,item_discount,20.4,13.189999999999996,2215,meta,meta_ads,False,True,2025-11-04T01:56:52Z
0000223ee72c,1,61.2,38.57000000000001,2026-04-12,2026-04,,,WELCOME15,True,item_discount,61.2,38.57000000000001,4739,tiktok,tiktok_ads,False,False,2026-04-12T02:48:30Z
0000224943ee,3,260.6,161.6,2025-11-30,2025-11,2026-01-25,56.0,BFCM30,False,item_discount,38.5,22.340000000000003,2775,direct,direct,False,True,2025-11-30T02:49:59Z
0000224944b5,1,103.5,52.32,2026-03-17,2026-03,,,SPRING25,False,item_discount,103.5,52.32,4277,google_ads,google_ads,False,False,2026-03-17T01:39:09Z
0000224ee073,1,27.2,2.85,2025-07-01,2025-07,,,SUMMER20,False,item_discount,49.6,2.85,1002,meta,meta_ads,False,False,2025-07-01T09:50:20Z
00002253a177,1,17.6,9.97,2026-01-07,2026-01,,,NEWYEAR20,False,item_discount,17.6,9.97,3349,meta,meta_ads,False,True,2026-01-07T20:24:52Z
00002253a23e,1,61.0,36.31,2026-02-28,2026-02,,,,False,no_code,61.0,36.31,4025,google_ads,google_ads,False,True,2026-02-28T14:03:54Z
000022593dfc,2,58.0,42.13000000000001,2025-09-04,2025-09,2025-10-27,53.0,,False,no_code,29.0,21.070000000000007,1523,meta,meta_ads,False,False,2025-09-04T12:03:11Z
000022593ec3,1,136.0,82.77,2026-06-15,2026-06,,,WELCOME15,True,item_discount,136.0,82.77,5786,organic_search,organic_search,False,False,2026-06-15T00:31:45Z
0000225dffc7,2,293.2,149.63,2025-12-25,2025-12,2026-01-25,31.0,WELCOME15,True,item_discount,129.2,58.22,3176,organic_search,organic_search,False,True,2025-12-25T14:22:52Z
000022639b85,1,54.0,31.15,2025-10-18,2025-10,,,,False,no_code,54.0,31.15,2013,tiktok,tiktok_ads,False,False,2025-10-18T10:21:24Z
000022ade1e7,1,90.75,48.26,2026-03-18,2026-03,,,SPRING25,False,item_discount,90.75,48.26,4346,meta,meta_ads,False,False,2026-03-18T23:47:33Z
000022b2a2eb,1,56.0,32.17,2025-10-20,2025-10,,,,False,no_code,56.0,32.17,2040,meta,meta_ads,False,False,2025-10-20T05:34:36Z
000022b37da5,1,94.4,50.21,2025-07-02,2025-07,,,SUMMER20,False,item_discount,94.4,50.21,1012,meta,meta_ads,False,True,2025-06-03T15:27:57Z
000022b83ea9,3,220.0,131.07,2026-01-15,2026-01,2026-02-02,18.0,,False,no_code,68.0,44.02,3441,direct,direct,False,True,2026-01-15T05:27:47Z
000022b83f70,3,158.0,53.34,2026-02-07,2026-02,2026-03-19,40.0,,False,no_code,57.0,24.980000000000004,3740,meta,meta_ads,False,False,2026-01-29T12:09:48Z
000022bddb2e,1,66.3,35.61,2025-09-06,2025-09,,,WELCOME15,True,item_discount,66.3,35.61,1541,google_ads,google_ads,False,True,2025-09-06T16:01:56Z
000022c29c32,1,88.0,51.940000000000005,2026-02-05,2026-02,,,,False,no_code,88.0,51.940000000000005,3707,tiktok,tiktok_ads,False,True,2026-02-05T14:17:11Z
000022c29cf9,1,64.6,34.45,2025-12-28,2025-12,,,SKINBYJORDAN15,False,item_discount,64.6,34.45,3212,influencer,influencer,False,True,2025-12-28T14:44:57Z
000022c838b7,1,40.8,25.57,2025-10-12,2025-10,,,WELCOME15,True,item_discount,40.8,25.57,1937,meta,meta_ads,False,True,2025-10-12T06:29:59Z
000022ccf9bb,1,27.2,17.29,2026-03-26,2026-03,,,WELCOME15,True,item_discount,27.2,17.29,4485,organic_search,organic_search,False,True,2026-03-26T10:38:39Z
000022ccfa82,1,74.19999999999999,32.93,2025-11-30,2025-11,,,BFCM30,False,item_discount,74.2,32.93,2810,organic_search,organic_search,False,False,2025-11-30T19:45:00Z
000022d29640,2,43.6,29.499999999999993,2025-11-11,2025-11,2026-02-12,93.0,,False,no_code,22.0,15.469999999999995,2284,facebook_ads,meta_ads,False,False,2025-11-11T00:51:30Z
000022d75744,1,38.0,26.910000000000004,2026-04-21,2026-04,,,,False,no_code,38.0,26.910000000000004,4870,referral,referral,False,True,2026-03-26T00:42:32Z
000022d7580b,4,239.8,151.67000000000002,2025-10-20,2025-10,2026-01-10,82.0,,False,no_code,58.0,37.52,2052,organic_search,organic_search,False,True,2025-09-26T18:09:33Z
000022dcf3c9,1,17.259999999999998,9.389999999999995,2025-12-01,2025-12,,,BFCM30+WELCOME15,True,item_discount,17.259999999999998,9.389999999999995,2859,direct,direct,False,True,2025-12-01T19:02:51Z
000022e1b4cd,1,103.7,42.51,2026-06-03,2026-06,,,SKINBYJORDAN15,False,item_discount,103.7,42.51,5577,influencer,influencer,False,False,2026-06-03T12:46:39Z
0000231cdca2,1,75.68,44.38,2026-02-07,2026-02,,,GLOWWITHSAM12,False,item_discount,75.68,44.38,3744,,unknown,False,False,2026-02-07T16:12:22Z
0000232bfb2f,1,50.4,27.41,2025-07-27,2025-07,,,SUMMER20,False,item_discount,50.4,27.41,1198,Facebook,meta_ads,False,False,2025-07-27T00:45:46Z
0000233196ed,1,58.5,29.82,2026-03-21,2026-03,,,SPRING25,False,item_discount,58.5,29.82,4401,direct,direct,False,True,2026-03-21T00:54:04Z
0000233197b4,3,223.6,124.34,2025-11-24,2025-11,2026-02-01,69.0,BFCM30,False,item_discount,70.0,35.35,2420,organic_search,organic_search,False,True,2025-11-24T08:27:34Z
0000233bf476,1,51.0,28.86,2026-05-19,2026-05,,,,False,no_code,51.0,28.86,5353,organic_search,organic_search,False,True,2026-05-19T02:19:09Z
0000233bf53d,2,123.9,65.24000000000001,2025-10-24,2025-10,2025-12-09,46.0,,False,no_code,95.0,61.650000000000006,2106,Google,google_ads,True,False,2025-10-24T15:18:33Z
0000234651ff,1,89.0,57.7,2026-06-29,2026-06,,,,False,no_code,89.0,57.7,6047,facebook_ads,meta_ads,False,True,2026-06-29T19:43:14Z
0000234652c6,1,34.0,23.26,2025-09-18,2025-09,,,,False,no_code,34.0,23.26,1655,influencer,influencer,False,False,2025-09-18T00:17:54Z
000023643ce3,1,60.0,35.46,2026-04-02,2026-04,,,,False,no_code,60.0,35.46,4570,referral,referral,False,False,2026-04-02T10:59:13Z
00002374362a,3,136.0,76.71000000000001,2025-07-03,2025-07,2025-10-05,94.0,,False,no_code,32.0,21.890000000000004,1018,facebook_ads,meta_ads,False,True,2025-07-03T18:56:04Z
0000237e93b3,1,56.0,32.31,2025-08-22,2025-08,,,,False,no_code,56.0,32.31,1415,tiktok,tiktok_ads,False,False,2025-08-22T14:17:38Z
0000237e947a,1,34.0,23.88,2026-06-19,2026-06,,,,False,no_code,34.0,23.88,5870,google_ads,google_ads,False,True,2026-06-19T23:02:08Z
00002388f13c,1,40.8,25.49,2025-10-11,2025-10,,,WELCOME15,True,item_discount,40.8,25.49,1928,meta,meta_ads,False,True,2025-10-11T17:46:55Z
00002388f203,1,38.0,21.75,2026-05-02,2026-05,,,,False,no_code,38.0,21.75,5047,meta,meta_ads,False,True,2026-05-02T07:42:43Z
000023934ec5,1,40.6,17.89,2025-11-29,2025-11,,,BFCM30+FREESHIP,False,item_discount,40.6,17.89,2754,organic_search,organic_search,False,False,2025-11-29T16:32:47Z
000023a091a8,1,176.0,116.03000000000002,2026-05-27,2026-05,,,,False,no_code,176.0,116.03000000000002,5484,Direct,direct,False,True,2026-05-27T18:36:35Z
000023aaef31,1,28.0,15.24,2026-06-11,2026-06,,,,False,no_code,28.0,15.24,5726,influencer,influencer,False,True,2026-06-11T16:14:40Z
000023dd9527,2,155.0,97.19,2026-02-11,2026-02,2026-04-11,59.0,,False,no_code,89.0,57.73,3798,meta,meta_ads,False,True,2026-02-11T02:44:58Z
000023e330e5,1,23.12,14.07,2025-08-04,2025-08,,,SUMMER20+WELCOME15,True,item_discount,23.119999999999997,14.07,1268,influencer,influencer,False,True,2025-08-04T15:47:09Z
000023e331ac,1,30.0,20.200000000000003,2026-06-22,2026-06,,,,False,no_code,30.0,20.200000000000003,5918,organic_search,organic_search,False,False,2026-06-22T00:33:42Z
000023e7f1e9,1,0.0,-2.58,2026-02-23,2026-02,,,,False,no_code,29.0,-2.58,3962,google_ads,google_ads,False,True,2026-02-23T16:46:02Z
000023e7f2b0,1,66.0,39.370000000000005,2026-01-08,2026-01,,,,False,no_code,66.0,39.370000000000005,3367,meta,meta_ads,False,True,2026-01-08T20:42:39Z
000023ed8e6e,1,179.35,109.19,2025-10-13,2025-10,,,WELCOME15,True,item_discount,179.35,109.19,1955,meta,meta_ads,False,True,2025-10-13T06:40:08Z
000023ed8f35,1,27.2,16.499999999999996,2026-05-21,2026-05,,,WELCOME15,True,item_discount,27.2,16.499999999999996,5379,referral,referral,False,False,2026-05-21T12:56:48Z
000023f24f72,1,154.7,95.74,2026-03-12,2026-03,,,WELCOME15,True,item_discount,154.7,95.74,4155,meta,meta_ads,False,True,2026-02-12T00:50:41Z
000023f25039,1,42.0,23.71,2025-11-24,2025-11,,,BFCM30,False,item_discount,42.0,23.71,2439,organic_search,organic_search,False,True,2025-11-24T15:21:52Z
000023f7ebf7,1,20.3,12.500000000000002,2025-11-28,2025-11,,,BFCM30,False,item_discount,20.3,12.500000000000002,2693,direct,direct,False,True,2025-11-28T15:37:31Z
000023f7ecbe,1,28.9,4.969999999999999,2026-04-15,2026-04,,,WELCOME15,True,item_discount,51.0,4.969999999999999,4770,meta,meta_ads,False,False,2026-04-15T01:32:17Z
000023fcacfb,1,44.0,30.680000000000007,2026-04-16,2026-04,,,,False,no_code,44.0,30.680000000000007,4792,referral,referral,False,True,2026-04-16T15:25:09Z
000023fcadc2,1,51.0,26.78,2025-11-25,2025-11,,,WELCOME15,True,item_discount,51.0,26.78,2477,organic_search,organic_search,False,True,2025-11-25T03:02:12Z
000024024980,1,30.6,-0.3199999999999967,2025-12-20,2025-12,,,SKINBYJORDAN15,False,item_discount,68.0,-0.3199999999999967,3123,influencer,influencer,False,True,2025-12-20T04:55:36Z
000024024a47,1,28.5,17.85,2026-03-18,2026-03,,,SPRING25,False,item_discount,28.5,17.85,4334,tiktok,tiktok_ads,False,True,2026-03-18T15:09:39Z
000024070a84,1,37.4,24.34,2026-05-17,2026-05,,,WELCOME15,True,item_discount,37.4,24.34,5331,referral,referral,False,False,2026-05-17T16:14:52Z
000024070b4b,1,20.4,12.279999999999996,2025-10-10,2025-10,,,WELCOME15,True,item_discount,20.4,12.279999999999996,1906,,unknown,False,True,2025-10-10T00:25:11Z
0000240ca709,1,61.2,36.27,2026-01-16,2026-01,,,WELCOME15,True,item_discount,61.2,36.27,3453,organic_search,organic_search,False,True,2026-01-16T15:07:21Z
000024522ba0,1,28.9,12.68,2025-10-05,2025-10,,,FREESHIP+WELCOME15,True,item_discount,28.9,12.68,1854,meta,meta_ads,False,True,2025-10-05T11:18:25Z
00002456ed6b,1,0.0,-33.01,2025-11-29,2025-11,,,BFCM30,False,item_discount,61.6,-33.01,2735,influencer,influencer,False,True,2025-11-29T12:33:32Z
0000245c8929,1,23.8,13.44,2025-11-25,2025-11,,,BFCM30,False,item_discount,23.8,13.44,2489,tiktok,tiktok_ads,False,False,2025-11-25T09:54:26Z
000024614a2d,1,27.2,16.889999999999997,2026-04-19,2026-04,,,WELCOME15,True,item_discount,27.2,16.889999999999997,4847,organic_search,organic_search,False,False,2026-04-19T18:46:02Z
000024614af4,2,83.3,27.59,2025-11-09,2025-11,2025-12-14,35.0,WELCOME15,True,item_discount,56.1,-1.6700000000000017,2276,,unknown,False,True,2025-11-09T23:02:06Z
00002466e6b2,2,78.0,53.09,2025-12-30,2025-12,2026-02-17,49.0,,False,no_code,34.0,23.37,3234,meta,meta_ads,False,True,2025-12-30T15:19:10Z
0000246ba7b6,1,30.0,19.770000000000007,2026-05-31,2026-05,,,,False,no_code,30.0,19.770000000000007,5539,organic_search,organic_search,False,False,2026-05-31T12:19:20Z
0000246ba87d,1,34.0,23.24,2025-10-28,2025-10,,,,False,no_code,34.0,23.24,2156,direct,direct,False,False,2025-10-28T12:47:49Z
00002471443b,1,100.3,56.05,2026-01-02,2026-01,,,WELCOME15,True,item_discount,100.3,56.05,3265,meta,meta_ads,False,True,2026-01-02T16:55:50Z
00002476053f,1,18.7,11.849999999999998,2026-06-21,2026-06,,,WELCOME15,True,item_discount,18.7,11.849999999999998,5899,meta,meta_ads,False,True,2026-06-21T10:47:15Z
000024760606,1,46.4,31.82,2025-08-08,2025-08,,,SUMMER20,False,item_discount,46.4,31.82,1296,,unknown,False,True,2025-08-08T21:28:46Z
0000247ba1c4,1,27.2,17.16,2026-02-09,2026-02,,,WELCOME15,True,item_discount,27.2,17.16,3782,referral,referral,False,True,2026-02-09T16:17:48Z
000024a3e96a,1,56.0,24.99,2025-08-14,2025-08,,,,False,no_code,56.0,24.99,1349,referral,referral,False,True,2025-08-14T21:30:43Z
000024a3ea31,1,26.0,15.91,2026-06-18,2026-06,,,,False,no_code,26.0,15.91,5846,tiktok,tiktok_ads,False,False,2026-06-18T20:56:21Z
000024ae46f3,1,122.0,77.78,2025-09-23,2025-09,,,,False,no_code,122.0,77.78,1705,meta,meta_ads,False,True,2025-09-23T08:52:48Z
000024ae47ba,2,188.0,118.94,2026-05-03,2026-05,2026-06-18,46.0,,False,no_code,124.0,79.09,5076,google_ads,google_ads,False,False,2026-05-03T18:10:45Z
000024b8a543,2,76.4,44.599999999999994,2026-04-03,2026-04,2026-05-18,45.0,WELCOME15,True,item_discount,20.4,12.999999999999996,4593,direct,direct,False,False,2026-04-03T22:57:34Z
000024c5e826,1,58.8,23.279999999999998,2025-11-27,2025-11,,,BFCM30,False,item_discount,58.8,23.279999999999998,2606,direct,direct,False,True,2025-11-27T01:33:46Z
000024d044e8,1,34.0,24.2,2026-05-28,2026-05,,,,False,no_code,34.0,24.2,5508,,unknown,False,True,2026-05-28T22:56:45Z
000024d045af,1,29.0,10.47,2025-10-01,2025-10,,,,False,no_code,65.0,10.47,1808,organic_search,organic_search,False,False,2025-10-01T16:11:31Z
000024daa271,1,108.0,70.53999999999999,2026-06-22,2026-06,,,,False,no_code,108.0,70.53999999999999,5925,Facebook,meta_ads,False,True,2026-06-22T02:54:22Z
000024daa338,2,117.6,73.9,2025-08-18,2025-08,2025-11-14,88.0,,False,no_code,78.0,47.02,1382,google_ads,google_ads,False,False,2025-08-18T22:59:35Z
000025088763,1,80.0,44.25,2026-06-20,2026-06,,,,False,no_code,80.0,44.25,5885,organic_search,organic_search,False,True,2026-06-20T22:04:29Z
0000250d4867,1,25.5,15.720000000000002,2026-01-25,2026-01,,,WELCOME15,True,item_discount,25.5,15.720000000000002,3568,organic_search,organic_search,False,False,2026-01-25T15:59:25Z
00002512e425,1,44.0,30.460000000000008,2025-09-06,2025-09,,,,False,no_code,44.0,30.460000000000008,1544,direct,direct,False,False,2025-09-06T20:55:02Z
00002512e4ec,1,113.9,68.39,2026-05-14,2026-05,,,WELCOME15,True,item_discount,113.9,68.39,5273,tiktok,tiktok_ads,False,True,2026-05-14T00:32:09Z
00002517a5f0,1,24.65,16.929999999999996,2025-12-20,2025-12,,,HOLIDAY15,False,item_discount,24.65,16.929999999999996,3122,Google,google_ads,True,False,2025-12-20T01:33:59Z
0000251d41ae,2,92.1,55.34,2025-11-15,2025-11,2025-12-19,34.0,WELCOME15,True,item_discount,56.1,29.48,2327,google_ads,google_ads,False,False,2025-11-15T14:52:36Z
0000251d4275,1,88.0,52.37000000000001,2026-04-12,2026-04,,,,False,no_code,88.0,52.37000000000001,4736,meta,meta_ads,False,True,2026-04-12T00:46:20Z
000025279f37,4,193.8,113.65,2025-11-06,2025-11,2026-01-19,74.0,WELCOME15,True,item_discount,37.4,24.230000000000004,2248,organic_search,organic_search,False,True,2025-11-06T18:36:36Z
000025279ffe,1,0.0,-20.89,2026-03-17,2026-03,,,FREESHIP,False,freeship_only,29.0,-20.89,4306,direct,direct,False,True,2026-03-17T20:20:47Z
0000252d3bbc,3,180.8,118.4,2025-07-27,2025-07,2025-11-02,98.0,,False,no_code,32.0,21.74000000000001,1207,google_ads,google_ads,False,True,2025-07-27T18:19:50Z
00002531fcc0,2,81.4,55.690000000000005,2025-12-03,2025-12,2026-01-18,46.0,HOLIDAY15,False,item_discount,37.4,24.89,2883,organic_search,organic_search,False,True,2025-12-03T07:14:06Z
00002531fd87,1,22.1,12.06,2026-02-15,2026-02,,,WELCOME15,True,item_discount,22.1,12.06,3859,organic_search,organic_search,False,True,2026-02-15T10:00:08Z
0000253c5a49,2,210.0,137.01,2026-02-08,2026-02,2026-05-03,84.0,,False,no_code,72.0,46.48,3758,referral,referral,False,False,2026-02-08T10:37:17Z
00002577821e,1,22.0,15.07,2026-05-27,2026-05,,,,False,no_code,22.0,15.07,5471,direct,direct,False,False,2026-05-27T11:27:19Z
00002581dee0,1,40.6,10.909999999999997,2025-11-29,2025-11,,,BFCM30,False,item_discount,64.4,10.909999999999997,2724,referral,referral,False,True,2025-11-29T06:20:26Z
00002581dfa7,1,24.65,16.469999999999995,2026-04-22,2026-04,,,WELCOME15,True,item_discount,24.65,16.469999999999995,4897,referral,referral,False,True,2026-04-22T02:29:27Z
00002586a0ab,1,82.6,37.94,2025-11-30,2025-11,,,BFCM30,False,item_discount,82.6,37.94,2789,organic_search,organic_search,False,True,2025-11-30T10:54:09Z
0000258c3c69,2,72.0,26.200000000000003,2025-11-06,2025-11,2025-12-07,31.0,,False,no_code,50.0,19.51,2242,google_ads,google_ads,False,True,2025-11-06T13:16:26Z
0000258c3d30,3,273.2,176.01999999999998,2026-03-31,2026-03,2026-04-30,30.0,WELCOME15,True,item_discount,61.2,36.1,4550,,unknown,False,True,2026-03-31T16:10:37Z
00002590fd6d,2,167.2,91.06,2026-05-12,2026-05,2026-06-20,39.0,WELCOME15,True,item_discount,61.2,27.779999999999998,5243,meta,meta_ads,False,False,2026-05-12T15:53:53Z
00002590fe34,3,183.60000000000002,99.44000000000003,2025-10-17,2025-10,2025-11-19,33.0,WELCOME15,True,item_discount,23.8,11.7,2003,referral,referral,False,True,2025-10-17T15:27:34Z
0000259699f2,1,37.4,-0.6000000000000014,2025-12-17,2025-12,,,HOLIDAY15,False,item_discount,81.6,-0.6000000000000014,3076,google_ads,google_ads,False,True,2025-12-17T10:09:36Z
000025969ab9,1,48.0,31.93000000000001,2026-02-12,2026-02,,,,False,no_code,48.0,31.93000000000001,3810,tiktok,tiktok_ads,False,True,2026-02-12T01:08:53Z
0000259b5af6,1,25.5,15.979999999999997,2026-06-12,2026-06,,,WELCOME15,True,item_discount,25.5,15.979999999999997,5730,organic_search,organic_search,False,False,2026-06-12T04:08:09Z
0000259b5bbd,1,32.0,22.130000000000003,2025-09-05,2025-09,,,,False,no_code,32.0,22.130000000000003,1530,Google,google_ads,True,False,2025-09-05T17:57:05Z
000025a0f77b,2,116.0,49.49,2026-02-12,2026-02,2026-03-29,45.0,,False,no_code,72.0,38.6,3814,,unknown,False,False,2026-02-12T06:42:48Z
000025a0f842,1,38.0,26.910000000000004,2026-01-20,2026-01,,,,False,no_code,38.0,26.910000000000004,3508,influencer,influencer,False,True,2026-01-20T16:54:13Z
000025a5b946,1,27.2,17.89,2025-07-30,2025-07,,,SUMMER20,False,item_discount,27.2,17.89,1226,direct,direct,False,False,2025-07-30T01:34:28Z
000025ab5504,1,0.0,-10.0,2026-03-15,2026-03,,,,False,no_code,30.0,-10.0,4220,tiktok,tiktok_ads,False,True,2026-03-15T00:58:34Z
000025f59b66,1,51.85,26.97,2025-10-27,2025-10,,,WELCOME15,True,item_discount,51.85,26.97,2142,meta,meta_ads,False,True,2025-10-27T18:00:06Z
000025fb3724,1,110.0,60.89999999999999,2025-12-30,2025-12,,,,False,no_code,110.0,60.89999999999999,3232,organic_search,organic_search,False,False,2025-12-30T11:05:56Z
000025fff8ef,1,27.2,17.49,2025-09-23,2025-09,,,WELCOME15,True,item_discount,27.2,17.49,1711,meta,meta_ads,False,False,2025-09-23T16:03:49Z
0000260594ad,1,28.0,15.230000000000002,2026-02-27,2026-02,,,,False,no_code,28.0,15.230000000000002,4011,referral,referral,False,False,2026-02-27T14:36:50Z
0000260a5678,2,133.0,81.03,2025-07-31,2025-07,2025-09-25,56.0,FREESHIP,False,freeship_only,34.0,17.5,1235,,unknown,False,False,2025-07-02T01:01:11Z
0000260ff236,1,51.0,26.929999999999996,2026-03-03,2026-03,,,WELCOME15,True,item_discount,51.0,26.929999999999996,4071,meta,meta_ads,False,True,2026-03-03T21:01:32Z
0000261a4fbf,2,58.0,37.12000000000001,2026-04-03,2026-04,2026-05-16,43.0,,False,no_code,26.0,16.160000000000004,4585,google_ads,google_ads,False,False,2026-04-03T14:16:44Z
00002624ad48,1,25.5,15.729999999999997,2026-05-07,2026-05,,,MOMS15,False,item_discount,25.5,15.729999999999997,5163,organic_search,organic_search,False,True,2026-05-07T18:07:16Z
000026383aa3,1,38.0,26.92,2026-06-18,2026-06,,,,False,no_code,38.0,26.92,5836,referral,referral,False,True,2026-06-18T03:41:37Z
000026429765,2,72.0,43.79,2025-10-26,2025-10,2026-01-22,88.0,FREESHIP,False,freeship_only,34.0,16.98,2127,direct,direct,False,False,2025-10-26T14:00:18Z
00002642982c,2,131.25,77.94000000000001,2026-05-01,2026-05,2026-06-06,36.0,WELCOME15,True,item_discount,48.45,26.160000000000004,5041,meta,meta_ads,False,True,2026-05-01T18:19:49Z
0000264cf4ee,1,20.3,12.78,2025-11-29,2025-11,,,BFCM30,False,item_discount,20.3,12.78,2739,,unknown,False,True,2025-11-29T13:42:43Z
0000264cf5b5,1,74.8,39.32999999999999,2026-04-28,2026-04,,,WELCOME15,True,item_discount,74.8,39.32999999999999,5003,organic_search,organic_search,False,False,2026-04-28T19:14:38Z
000026575277,2,140.0,92.95,2025-12-13,2025-12,2026-01-31,49.0,,False,no_code,34.0,23.390000000000004,3023,direct,direct,False,False,2025-12-13T18:07:01Z
00002657533e,2,92.0,61.31,2026-03-25,2026-03,2026-05-13,49.0,,False,no_code,29.0,20.780000000000005,4471,,unknown,False,True,2026-03-09T13:07:06Z
0000265ceefc,1,17.6,11.2,2025-08-11,2025-08,,,SUMMER20,False,item_discount,17.6,11.2,1319,influencer,influencer,False,False,2025-08-11T17:42:07Z
00002661b000,1,18.7,6.459999999999998,2026-01-19,2026-01,,,FREESHIP+WELCOME15,True,item_discount,18.7,6.459999999999998,3485,direct,direct,False,False,2026-01-19T00:17:17Z
00002661b0c7,1,18.7,-9.840000000000003,2026-01-26,2026-01,,,FREESHIP+WELCOME15,True,item_discount,18.7,-9.840000000000003,3574,facebook_ads,meta_ads,False,False,2026-01-26T01:11:12Z
000026674c85,2,146.0,89.93,2025-09-30,2025-09,2025-11-14,45.0,,False,no_code,58.0,33.6,1779,,unknown,False,True,2025-09-30T01:11:34Z
0000266c0d89,1,0.0,-35.9,2026-03-01,2026-03,,,,False,no_code,88.0,-35.9,4043,IG,meta_ads,True,True,2026-03-01T13:16:51Z
0000266ef3aa,1,32.0,22.17,2025-07-16,2025-07,,,,False,no_code,32.0,22.17,1121,referral,referral,False,True,2025-07-16T20:24:18Z
000026a7355e,1,27.2,17.29,2026-05-11,2026-05,,,WELCOME15,True,item_discount,27.2,17.29,5228,meta,meta_ads,False,True,2026-05-11T11:03:20Z
000026b192e7,1,51.85,27.44,2026-04-28,2026-04,,,WELCOME15,True,item_discount,51.85,27.44,5002,TikTok,tiktok_ads,False,True,2026-04-09T18:48:18Z
000026b653eb,1,41.3,24.640000000000008,2025-11-28,2025-11,,,BFCM30,False,item_discount,41.3,24.640000000000008,2663,direct,direct,False,True,2025-11-10T02:21:36Z
000026bbefa9,1,28.9,18.479999999999997,2025-12-30,2025-12,,,WELCOME15,True,item_discount,28.9,18.479999999999997,3236,Facebook,meta_ads,False,False,2025-12-30T20:02:45Z
000026bbf070,3,87.0,61.63000000000001,2026-03-03,2026-03,2026-04-08,36.0,,False,no_code,29.0,20.180000000000003,4067,Direct,direct,False,True,2026-03-03T11:57:36Z
000026c0b174,1,34.0,24.69,2025-09-09,2025-09,,,,False,no_code,34.0,24.69,1569,IG,meta_ads,True,True,2025-08-16T00:30:58Z
000026c18c2e,1,51.85,27.54,2025-08-19,2025-08,,,WELCOME15,True,item_discount,51.85,27.54,1396,,unknown,False,False,2025-08-19T18:25:15Z
000026c64d32,1,17.6,9.85,2026-01-06,2026-01,,,NEWYEAR20,False,item_discount,17.6,9.85,3332,Facebook,meta_ads,False,True,2026-01-06T11:01:21Z
000026c64df9,1,18.7,11.539999999999996,2026-01-19,2026-01,,,WELCOME15,True,item_discount,18.7,11.539999999999996,3497,organic_search,organic_search,False,True,2026-01-19T16:45:28Z
000026cb0efd,1,112.0,41.35000000000001,2025-08-15,2025-08,,,SUMMER20,False,item_discount,147.2,41.35000000000001,1353,google_ads,google_ads,False,True,2025-08-15T06:22:37Z
000026cbe9b7,2,106.9,66.29,2025-09-28,2025-09,2025-11-04,37.0,WELCOME15,True,item_discount,28.9,18.480000000000004,1761,google_ads,google_ads,False,True,2025-09-28T01:03:07Z
000026d0aabb,2,108.0,49.21,2026-03-06,2026-03,2026-04-23,48.0,,False,no_code,76.0,11.9,4104,direct,direct,False,True,2026-03-06T21:40:25Z
000026d0ab82,1,34.0,24.94,2025-12-06,2025-12,,,,False,no_code,34.0,24.94,2931,organic_search,organic_search,False,True,2025-12-06T20:05:02Z
000026d64740,3,100.0,38.470000000000006,2025-11-27,2025-11,2026-01-25,59.0,BFCM30,False,item_discount,21.0,11.65,2640,google_ads,google_ads,False,False,2025-11-27T15:49:22Z
000026db0844,2,68.2,38.010000000000005,2026-04-19,2026-04,2026-06-06,48.0,,False,no_code,34.0,19.64,4844,meta,meta_ads,False,True,2026-04-19T12:55:28Z
000026db090b,1,22.4,12.749999999999996,2025-11-29,2025-11,,,BFCM30,False,item_discount,22.4,12.749999999999996,2738,meta,meta_ads,False,False,2025-11-29T13:30:56Z
000026e565cd,2,106.4,68.63,2026-05-05,2026-05,2026-06-23,49.0,,False,no_code,38.0,26.72,5108,organic_search,organic_search,False,True,2026-05-05T07:53:33Z
000027208da2,2,149.5,75.12,2026-03-17,2026-03,2026-04-24,38.0,SPRING25,False,item_discount,52.5,25.200000000000003,4291,referral,referral,False,True,2026-03-17T09:11:53Z
0000272aea64,1,37.4,24.610000000000003,2026-01-05,2026-01,,,SKINBYJORDAN15,False,item_discount,37.4,24.610000000000003,3308,influencer,influencer,False,True,2026-01-05T02:26:01Z
0000272aeb2b,1,44.0,30.15000000000001,2026-01-27,2026-01,,,,False,no_code,44.0,30.15000000000001,3597,organic_search,organic_search,False,True,2026-01-27T22:43:54Z
0000272fac2f,1,28.9,13.959999999999994,2025-08-19,2025-08,,,WELCOME15,True,item_discount,28.9,13.959999999999994,1384,meta,meta_ads,False,False,2025-08-19T01:23:01Z
0000273547ed,1,28.9,19.4,2026-03-18,2026-03,,,WELCOME15,True,item_discount,28.9,19.4,4338,meta,meta_ads,False,False,2026-03-18T17:11:44Z
0000273548b4,1,51.0,27.32,2025-12-18,2025-12,,,WELCOME15,True,item_discount,51.0,27.32,3090,Google,google_ads,True,True,2025-12-18T02:32:36Z
0000273fa576,2,174.0,102.93,2026-04-14,2026-04,2026-06-21,68.0,,False,no_code,86.0,51.67,4761,meta,meta_ads,False,False,2026-04-14T12:48:22Z
0000273fa63d,1,20.3,12.32,2025-11-30,2025-11,,,BFCM30,False,item_discount,20.3,12.32,2780,meta,meta_ads,False,True,2025-11-30T08:57:41Z
0000274a02ff,1,32.3,5.73,2026-05-19,2026-05,,,WELCOME15,True,item_discount,32.3,5.73,5364,organic_search,organic_search,False,True,2026-05-19T22:36:28Z
0000274a03c6,1,60.0,35.03,2025-10-15,2025-10,,,,False,no_code,60.0,35.03,1983,referral,referral,False,True,2025-10-07T07:29:36Z
000027546088,1,37.4,24.33,2026-06-18,2026-06,,,WELCOME15,True,item_discount,37.4,24.33,5843,meta,meta_ads,False,False,2026-06-18T15:54:42Z
00002767ede3,1,125.8,75.25999999999999,2026-05-13,2026-05,,,WELCOME15,True,item_discount,125.8,75.25999999999999,5260,organic_search,organic_search,False,False,2026-05-13T10:24:40Z
000027724b6c,1,28.9,17.68999999999999,2026-04-20,2026-04,,,WELCOME15,True,item_discount,28.9,17.68999999999999,4861,google_ads,google_ads,False,False,2026-04-20T16:08:25Z
0000278244b3,2,175.4,98.25,2025-07-27,2025-07,2025-11-06,102.0,SUMMER20,False,item_discount,94.4,50.69,1208,influencer,influencer,False,True,2025-07-27T18:31:27Z
0000278ca23c,1,73.0,43.33,2025-09-19,2025-09,,,,False,no_code,73.0,43.33,1678,meta,meta_ads,False,True,2025-09-19T20:46:56Z
0000278ca303,1,30.6,20.13000000000001,2026-06-27,2026-06,,,WELCOME15,True,item_discount,30.6,20.13000000000001,6009,TikTok,tiktok_ads,False,True,2026-06-27T14:43:19Z
000027a442a8,1,51.04,26.26,2026-04-09,2026-04,,,GLOWWITHSAM12,False,item_discount,51.04,26.26,4694,influencer,influencer,False,False,2026-04-09T17:51:51Z
000027aea031,1,44.79,26.28,2026-05-05,2026-05,,,MOMS15+WELCOME15,True,item_discount,44.79,26.28,5120,tiktok,tiktok_ads,False,False,2026-05-05T22:13:12Z
000027b8fdba,1,26.0,16.029999999999998,2026-06-08,2026-06,,,,False,no_code,26.0,16.029999999999998,5663,organic_search,organic_search,False,True,2026-06-08T08:33:29Z
000027e14627,1,22.0,14.000000000000002,2026-03-18,2026-03,,,,False,no_code,22.0,14.000000000000002,4328,google_ads,google_ads,False,True,2026-03-18T11:12:40Z
000027e6e1e5,1,32.0,21.570000000000004,2025-07-06,2025-07,,,,False,no_code,32.0,21.570000000000004,1035,Facebook,meta_ads,False,True,2025-07-06T15:15:11Z
000027eba2e9,1,51.0,25.56000000000001,2026-01-07,2026-01,,,WELCOME15,True,item_discount,51.0,25.56000000000001,3341,Facebook,meta_ads,False,True,2026-01-07T02:55:04Z
000027eba3b0,1,62.9,29.69,2026-02-15,2026-02,,,WELCOME15,True,item_discount,81.6,29.69,3862,direct,direct,False,True,2026-02-15T13:52:20Z
000027f13f6e,2,73.1,37.07,2025-09-26,2025-09,2025-11-25,60.0,,False,no_code,29.0,16.01,1746,,unknown,False,False,2025-09-26T11:02:42Z
000027f14035,1,32.0,21.90000000000001,2026-06-13,2026-06,,,,False,no_code,32.0,21.90000000000001,5762,organic_search,organic_search,False,True,2026-06-13T16:07:44Z
000027f60072,1,24.0,7.340000000000001,2026-02-03,2026-02,,,,False,no_code,62.0,7.340000000000001,3676,referral,referral,False,False,2026-02-03T05:04:09Z
000027f60139,1,66.0,38.6,2025-12-18,2025-12,,,,False,no_code,66.0,38.6,3104,google_ads,google_ads,False,True,2025-12-18T23:51:06Z
000027fb9cf7,1,28.9,18.15,2025-10-13,2025-10,,,WELCOME15,True,item_discount,28.9,18.15,1953,IG,meta_ads,True,True,2025-10-13T01:24:04Z
000027fb9dbe,1,38.0,26.770000000000003,2026-05-05,2026-05,,,,False,no_code,38.0,26.770000000000003,5102,referral,referral,False,False,2026-05-05T00:34:40Z
000028005ec2,1,81.2,31.940000000000005,2025-11-27,2025-11,,,BFCM30,False,item_discount,96.6,31.940000000000005,2637,organic_search,organic_search,False,True,2025-11-27T15:18:41Z
00002805fa80,1,63.0,27.04,2025-11-25,2025-11,,,BFCM30,False,item_discount,63.0,27.04,2537,direct,direct,False,True,2025-11-25T23:15:17Z
0000280abb84,1,88.0,52.3,2026-04-30,2026-04,,,,False,no_code,88.0,52.3,5030,meta,meta_ads,False,False,2026-04-30T20:47:41Z
0000280abc4b,1,49.98,20.77,2025-11-24,2025-11,,,BFCM30+WELCOME15,True,item_discount,49.98,20.77,2424,meta,meta_ads,False,False,2025-11-24T11:00:08Z
00002815190d,1,38.0,26.230000000000004,2026-05-26,2026-05,,,,False,no_code,38.0,26.230000000000004,5456,google_ads,google_ads,False,True,2026-05-26T08:11:59Z
0000285040e2,1,0.0,-11.05,2026-02-23,2026-02,,,SKINBYJORDAN15,False,item_discount,32.3,-11.05,3958,influencer,influencer,False,False,2026-02-23T13:58:33Z
00002855dca0,1,71.4,36.68,2025-09-28,2025-09,,,WELCOME15,True,item_discount,71.4,36.68,1768,,unknown,False,True,2025-09-28T20:11:58Z
0000285a9e6b,3,236.2,138.43,2025-12-04,2025-12,2026-01-12,39.0,HOLIDAY15,False,item_discount,18.7,12.279999999999998,2909,meta,meta_ads,False,False,2025-12-04T23:21:24Z
0000285f5f6f,1,67.2,32.99,2025-07-04,2025-07,,,SUMMER20,False,item_discount,67.2,32.99,1028,google_ads,google_ads,False,True,2025-07-04T22:37:05Z
000028603a29,1,32.0,17.440000000000005,2025-10-25,2025-10,,,,False,no_code,32.0,17.440000000000005,2111,meta,meta_ads,False,True,2025-10-25T11:16:59Z
00002864fb2d,2,302.0,193.44,2026-03-22,2026-03,2026-05-16,55.0,,False,no_code,120.0,75.69,4444,facebook_ads,meta_ads,False,False,2026-03-22T17:17:08Z
00002864fbf4,1,49.98,14.719999999999992,2025-11-27,2025-11,,,BFCM30+WELCOME15,True,item_discount,49.98,14.719999999999992,2625,meta,meta_ads,False,False,2025-11-27T12:58:48Z
0000286a97b2,1,25.2,15.010000000000002,2025-11-27,2025-11,,,BFCM30,False,item_discount,25.2,15.010000000000002,2602,google_ads,google_ads,False,False,2025-11-15T00:32:18Z
0000286f58b6,1,72.0,-2.190000000000005,2026-04-26,2026-04,,,,False,no_code,160.0,-2.190000000000005,4967,,unknown,False,True,2026-04-26T14:24:34Z
0000286f597d,1,59.5,22.55,2025-11-25,2025-11,,,BFCM30+WELCOME15,True,item_discount,59.5,22.55,2483,,unknown,False,True,2025-11-25T06:19:38Z
00002874f53b,1,22.0,14.929999999999998,2025-12-02,2025-12,,,,False,no_code,22.0,14.929999999999998,2871,google_ads,google_ads,False,True,2025-12-02T04:01:17Z
00002879b63f,1,27.2,17.02,2026-05-20,2026-05,,,WELCOME15,True,item_discount,27.2,17.02,5366,meta,meta_ads,False,True,2026-05-20T02:33:11Z
00002879b706,2,64.6,46.26,2025-09-25,2025-09,2025-11-08,44.0,,False,no_code,34.0,24.79,1739,organic_search,organic_search,False,True,2025-09-25T15:59:34Z
0000287f52c4,3,120.12,64.22000000000003,2026-01-12,2026-01,2026-03-18,65.0,NEWYEAR20+WELCOME15,True,item_discount,57.120000000000005,22.49000000000001,3421,organic_search,organic_search,False,True,2026-01-12T13:43:22Z
0000288413c8,1,24.65,16.569999999999997,2026-06-25,2026-06,,,WELCOME15,True,item_discount,24.65,16.569999999999997,5972,referral,referral,False,False,2026-06-25T03:21:14Z
000028b1f7f3,2,344.0,224.04,2025-08-26,2025-08,2025-10-22,57.0,,False,no_code,172.0,111.44,1443,meta,meta_ads,False,True,2025-08-26T15:55:50Z
000028b1f8ba,1,32.4,21.54,2026-06-07,2026-06,,,AMELIA10,False,item_discount,32.4,21.54,5649,influencer,influencer,False,False,2026-06-07T15:52:11Z
000028bc557c,1,0.0,-8.190000000000001,2025-09-22,2025-09,,,WELCOME15,True,item_discount,24.65,-8.190000000000001,1700,,unknown,False,False,2025-09-22T03:09:20Z
000028bc5643,1,96.9,55.06,2026-05-09,2026-05,,,MOMS15,False,item_discount,96.9,55.06,5201,meta,meta_ads,False,False,2026-05-09T15:48:50Z
000028c6b305,1,61.6,29.419999999999995,2025-11-24,2025-11,,,BFCM30,False,item_discount,61.6,29.419999999999995,2413,Direct,direct,False,True,2025-11-24T03:53:35Z
000028c99926,1,30.8,10.48,2025-11-27,2025-11,,,BFCM30,False,item_discount,46.2,10.48,2633,referral,referral,False,True,2025-11-27T14:45:31Z
000028d3f5e8,2,135.0,88.71000000000001,2026-04-11,2026-04,2026-05-16,35.0,,False,no_code,48.0,32.42,4732,facebook_ads,meta_ads,False,True,2026-03-09T19:42:47Z
000028d3f6af,3,130.9,90.0,2025-11-15,2025-11,2026-01-12,58.0,WELCOME15,True,item_discount,28.9,19.759999999999994,2328,Google,google_ads,True,True,2025-11-15T16:24:26Z
000028de5371,1,37.4,24.360000000000003,2026-05-30,2026-05,,,WELCOME15,True,item_discount,37.4,24.360000000000003,5525,direct,direct,False,True,2026-05-30T01:04:41Z
000028de5438,1,37.4,24.55,2025-09-26,2025-09,,,WELCOME15,True,item_discount,37.4,24.55,1750,,unknown,False,False,2025-09-26T22:48:02Z
000028e8b0fa,1,88.0,52.38000000000001,2026-06-23,2026-06,,,,False,no_code,88.0,52.38000000000001,5938,direct,direct,False,False,2026-06-23T00:06:47Z
000028e8b1c1,1,0.0,-3.45,2025-08-24,2025-08,,,WELCOME15,True,item_discount,22.1,-3.45,1427,organic_search,organic_search,False,True,2025-08-24T10:46:00Z
00002910f967,2,154.0,95.57,2026-02-08,2026-02,2026-05-03,84.0,,False,no_code,126.0,80.41,3754,google_ads,google_ads,False,False,2026-02-08T08:07:08Z
000029169525,1,51.85,27.54,2025-08-31,2025-08,,,LABORDAY15,False,item_discount,51.85,27.54,1480,influencer,influencer,False,False,2025-08-31T13:13:36Z
0000291695ec,1,34.2,23.170000000000005,2026-06-30,2026-06,,,DERMDIARY10,False,item_discount,34.2,23.170000000000005,6051,influencer,influencer,False,True,2026-06-30T01:31:53Z
0000291b56f0,2,59.5,24.259999999999984,2026-01-09,2026-01,2026-02-13,35.0,WELCOME15,True,item_discount,28.9,10.239999999999991,3369,organic_search,organic_search,False,True,2026-01-09T00:10:18Z
00002920f2ae,1,32.0,22.200000000000003,2025-10-07,2025-10,,,,False,no_code,32.0,22.200000000000003,1873,referral,referral,False,True,2025-10-07T08:47:10Z
00002920f375,1,51.0,27.0,2026-05-25,2026-05,,,WELCOME15,True,item_discount,51.0,27.0,5438,organic_search,organic_search,False,False,2026-05-25T09:23:36Z
00002925b479,2,146.2,71.28,2025-12-12,2025-12,2026-01-25,44.0,WELCOME15,True,item_discount,112.2,52.14,3007,meta,meta_ads,False,False,2025-12-12T20:51:49Z
0000292b5037,2,122.15,72.91000000000001,2025-11-22,2025-11,2026-01-01,40.0,WELCOME15,True,item_discount,96.05,54.57000000000001,2385,direct,direct,False,True,2025-11-22T08:37:37Z
0000292b50fe,1,32.0,21.660000000000004,2026-04-10,2026-04,,,,False,no_code,32.0,21.660000000000004,4706,meta,meta_ads,False,True,2026-04-10T11:47:10Z
00002935adc0,1,36.0,25.830000000000005,2025-11-27,2025-11,,,,False,no_code,36.0,25.830000000000005,2656,meta,meta_ads,False,False,2025-11-27T21:40:13Z
000029400b49,2,72.0,34.8,2026-01-17,2026-01,2026-03-04,46.0,,False,no_code,38.0,-11.09,3463,Facebook,meta_ads,False,True,2025-12-05T08:32:14Z
0000297b331e,1,72.0,44.39,2026-06-21,2026-06,,,,False,no_code,72.0,44.39,5911,meta,meta_ads,False,True,2026-06-21T18:42:52Z
0000297ff422,1,25.6,15.77,2026-01-03,2026-01,,,NEWYEAR20,False,item_discount,25.6,15.77,3281,referral,referral,False,True,2026-01-03T14:15:14Z
000029858fe0,2,72.0,51.37000000000001,2025-10-10,2025-10,2025-12-30,81.0,,False,no_code,36.0,25.620000000000005,1917,referral,referral,False,True,2025-10-10T16:57:35Z
0000298590a7,1,80.0,51.93,2026-05-12,2026-05,,,,False,no_code,80.0,51.93,5251,google_ads,google_ads,False,False,2026-05-12T23:52:08Z
0000298a51ab,3,316.8,202.76999999999998,2025-12-09,2025-12,2026-01-13,35.0,,False,no_code,111.0,69.52,2954,organic_search,organic_search,False,False,2025-12-09T00:24:48Z
0000298fed69,1,84.0,47.49999999999999,2025-11-29,2025-11,,,,False,no_code,84.0,47.49999999999999,2757,IG,meta_ads,True,True,2025-11-29T19:49:49Z
0000298fee30,1,108.8,57.24999999999999,2026-04-26,2026-04,,,WELCOME15,True,item_discount,127.5,57.24999999999999,4970,facebook_ads,meta_ads,False,True,2026-04-26T15:48:37Z
00002994ae6d,1,18.7,11.779999999999998,2026-04-23,2026-04,,,WELCOME15,True,item_discount,18.7,11.779999999999998,4925,TikTok,tiktok_ads,False,False,2026-04-23T15:33:02Z
00002994af34,2,121.0,64.26,2025-11-27,2025-11,2026-02-17,82.0,BFCM30,False,item_discount,63.0,30.01,2604,organic_search,organic_search,False,False,2025-11-27T01:18:54Z
0000299a4af2,1,82.6,37.21,2025-11-27,2025-11,,,BFCM30,False,item_discount,82.6,37.21,2653,google_ads,google_ads,False,True,2025-11-27T20:58:06Z
0000299a4bb9,1,19.5,9.06,2026-03-19,2026-03,,,SPRING25,False,item_discount,19.5,9.06,4369,tiktok,tiktok_ads,False,True,2026-03-19T23:16:29Z
0000299f0bf6,2,98.3,60.489999999999995,2026-05-08,2026-05,2026-06-07,30.0,MOMS15,False,item_discount,32.3,20.88,5171,organic_search,organic_search,False,True,2026-05-08T08:25:50Z
0000299f0cbd,3,145.0,82.81,2025-10-15,2025-10,2026-02-07,115.0,,False,no_code,24.0,16.649999999999995,1986,organic_search,organic_search,False,False,2025-10-15T15:16:50Z
000029a4a87b,1,100.3,56.38,2026-01-08,2026-01,,,NOURISHED15,False,item_discount,100.3,56.38,3364,influencer,influencer,False,True,2026-01-08T15:54:05Z
000029a4a942,1,26.0,15.900000000000002,2026-02-21,2026-02,,,,False,no_code,26.0,15.900000000000002,3930,influencer,influencer,False,False,2026-02-21T17:29:31Z
000029a9697f,1,64.6,38.13999999999999,2026-06-18,2026-06,,,WELCOME15,True,item_discount,64.6,38.13999999999999,5838,google_ads,google_ads,False,False,2026-06-18T05:12:47Z
000029a96a46,1,78.0,49.03,2025-08-27,2025-08,,,,False,no_code,78.0,49.03,1447,tiktok,tiktok_ads,False,True,2025-08-07T00:56:03Z
000029af0604,2,146.0,89.72000000000001,2026-02-07,2026-02,2026-03-25,46.0,,False,no_code,88.0,52.48000000000001,3738,direct,direct,False,False,2026-02-07T10:57:33Z
000029b3c7cf,1,137.60000000000002,77.65,2025-07-26,2025-07,,,SUMMER20,False,item_discount,137.6,77.65,1190,organic_search,organic_search,False,True,2025-07-26T13:24:05Z
000029f94c66,2,219.2,124.04,2025-11-08,2025-11,2025-12-27,49.0,,False,no_code,104.0,61.97,2259,organic_search,organic_search,False,True,2025-11-08T05:57:26Z
00002a03a928,1,22.0,14.789999999999996,2026-05-23,2026-05,,,,False,no_code,22.0,14.789999999999996,5411,organic_search,organic_search,False,True,2026-05-23T12:55:08Z
00002a03a9ef,1,0.0,-24.81,2025-10-26,2025-10,,,WELCOME15,True,item_discount,51.0,-24.81,2126,meta,meta_ads,False,False,2025-10-26T11:48:07Z
00002a0945ad,2,96.65,59.31000000000001,2026-01-26,2026-01,2026-02-24,29.0,WELCOME15,True,item_discount,24.65,15.649999999999997,3588,organic_search,organic_search,False,False,2026-01-26T21:23:16Z
00002a0e06b1,1,34.0,18.65,2026-06-11,2026-06,,,FREESHIP,False,freeship_only,34.0,18.65,5725,direct,direct,False,True,2026-06-11T14:33:08Z
00002a0e0778,2,41.8,28.759999999999998,2025-08-27,2025-08,2025-10-02,36.0,DERMDIARY10,False,item_discount,19.8,13.19,1451,influencer,influencer,False,False,2025-08-27T15:50:28Z
00002a13a336,1,30.6,20.170000000000005,2026-02-28,2026-02,,,SKINBYJORDAN15,False,item_discount,30.6,20.170000000000005,4018,Influencer,influencer,False,True,2026-02-28T00:55:35Z
00002a186501,1,58.400000000000006,31.25,2025-07-19,2025-07,,,SUMMER20,False,item_discount,58.4,31.25,1140,tiktok,tiktok_ads,False,True,2025-07-19T10:15:19Z
00002a1e00bf,1,29.0,20.65000000000001,2026-03-03,2026-03,,,,False,no_code,29.0,20.65000000000001,4069,direct,direct,False,True,2026-03-03T13:49:57Z
00002a285e48,1,28.9,19.05,2026-04-29,2026-04,,,WELCOME15,True,item_discount,28.9,19.05,5016,facebook_ads,meta_ads,False,False,2026-04-29T21:01:40Z
00002a464865,1,24.0,16.759999999999998,2025-09-07,2025-09,,,,False,no_code,24.0,16.759999999999998,1553,direct,direct,False,False,2025-09-07T09:15:41Z
00002a46492c,1,22.0,13.690000000000005,2026-06-16,2026-06,,,,False,no_code,22.0,13.690000000000005,5809,google_ads,google_ads,False,False,2026-05-31T11:03:53Z
00002a50a5ee,1,34.0,23.56000000000001,2025-10-10,2025-10,,,,False,no_code,34.0,23.56000000000001,1908,tiktok,tiktok_ads,False,False,2025-10-10T01:27:40Z
00002a50a6b5,1,24.0,15.88,2026-05-12,2026-05,,,,False,no_code,24.0,15.88,5235,IG,meta_ads,True,True,2026-05-12T07:37:40Z
00002a5b0377,1,20.3,4.480000000000004,2025-11-28,2025-11,,,BFCM30,False,item_discount,44.1,4.480000000000004,2706,google_ads,google_ads,False,True,2025-11-28T20:58:53Z
00002a5b043e,1,28.5,17.740000000000002,2026-03-17,2026-03,,,SPRING25,False,item_discount,28.5,17.740000000000002,4302,Google,google_ads,True,True,2026-03-17T16:14:00Z
00002a656100,2,48.230000000000004,19.210000000000004,2025-12-20,2025-12,2026-04-14,115.0,HOLIDAY15+WELCOME15,True,item_discount,20.23,6.44,3131,influencer,influencer,False,False,2025-12-20T17:27:29Z
00002a6561c7,1,59.5,37.75999999999999,2026-02-18,2026-02,,,WELCOME15,True,item_discount,59.5,37.75999999999999,3895,meta,meta_ads,False,True,2026-02-18T15:31:53Z
00002a6fbe89,2,85.0,43.65,2026-01-06,2026-01,2026-03-20,73.0,,False,no_code,63.0,37.24,3334,direct,direct,False,True,2026-01-06T11:39:14Z
00002a72a4aa,3,157.2,96.56,2025-08-06,2025-08,2025-10-05,60.0,SUMMER20,False,item_discount,27.2,17.96,1284,Google,google_ads,True,True,2025-08-06T16:33:32Z
00002a7d0233,1,63.0,40.31,2025-07-14,2025-07,,,,False,no_code,63.0,40.31,1106,meta,meta_ads,False,True,2025-07-14T16:22:57Z
00002aaae65e,1,59.5,33.09,2026-06-16,2026-06,,,WELCOME15,True,item_discount,59.5,33.09,5800,TikTok,tiktok_ads,False,True,2026-06-16T00:42:29Z
00002ab54320,1,58.0,33.53,2025-10-23,2025-10,,,,False,no_code,58.0,33.53,2082,TikTok,tiktok_ads,False,False,2025-10-22T23:56:54Z
00002ab543e7,1,22.1,12.2,2026-05-22,2026-05,,,WELCOME15,True,item_discount,22.1,12.2,5391,referral,referral,False,True,2026-05-22T12:03:08Z
00002aba04eb,1,30.0,20.51,2025-11-02,2025-11,,,,False,no_code,30.0,20.51,2199,organic_search,organic_search,False,True,2025-11-02T01:20:09Z
00002abfa0a9,1,82.11,8.219999999999994,2025-11-30,2025-11,,,BFCM30+WELCOME15,True,item_discount,102.34,8.219999999999994,2770,google_ads,google_ads,False,True,2025-11-30T00:46:15Z
00002abfa170,1,39.52,20.520000000000003,2026-03-14,2026-03,,,SPRING25+WELCOME15,True,item_discount,39.519999999999996,20.520000000000003,4193,meta,meta_ads,False,True,2026-03-14T02:57:43Z
00002ac46274,1,44.0,29.940000000000005,2025-10-27,2025-10,,,,False,no_code,44.0,29.940000000000005,2134,meta,meta_ads,False,True,2025-10-27T07:11:00Z
00002ac9fe32,1,107.8,41.36,2025-12-01,2025-12,,,BFCM30,False,item_discount,131.6,41.36,2862,meta,meta_ads,False,False,2025-12-01T20:12:53Z
00002ac9fef9,2,106.7,63.94,2026-02-08,2026-02,2026-04-07,58.0,WELCOME15,True,item_discount,18.7,12.009999999999996,3757,google_ads,google_ads,False,True,2026-02-08T10:27:42Z
00002acebffd,1,26.0,16.48,2025-09-29,2025-09,,,,False,no_code,26.0,16.48,1771,organic_search,organic_search,False,False,2025-09-29T12:54:51Z
00002acf9ab7,3,157.4,83.03,2025-08-17,2025-08,2025-09-27,41.0,WELCOME15,True,item_discount,47.6,30.52,1367,organic_search,organic_search,False,False,2025-08-17T00:30:02Z
00002ad45bbb,1,37.4,24.28,2026-02-23,2026-02,,,WELCOME15,True,item_discount,37.4,24.28,3963,meta,meta_ads,False,False,2026-01-13T20:06:44Z
00002ad45c82,1,74.8,39.28999999999999,2026-01-25,2026-01,,,WELCOME15,True,item_discount,74.8,39.28999999999999,3560,Facebook,meta_ads,False,True,2026-01-25T01:49:56Z
00002ad91d86,1,19.2,12.05,2025-07-11,2025-07,,,SUMMER20,False,item_discount,19.2,12.05,1075,meta,meta_ads,False,True,2025-05-28T00:21:09Z
00002ad9f840,1,74.8,47.22,2025-10-14,2025-10,,,WELCOME15,True,item_discount,74.8,47.22,1971,google_ads,google_ads,False,True,2025-10-14T01:22:44Z
00002adeb944,1,62.0,37.040000000000006,2026-03-15,2026-03,,,,False,no_code,62.0,37.040000000000006,4233,,unknown,False,True,2026-03-15T14:51:29Z
00002ae916cd,1,32.3,21.160000000000004,2026-04-02,2026-04,,,WELCOME15,True,item_discount,32.3,21.160000000000004,4572,organic_search,organic_search,False,True,2026-04-02T13:55:03Z
00002b243ea2,1,74.25,40.34,2026-03-17,2026-03,,,SPRING25,False,item_discount,74.25,40.34,4283,organic_search,organic_search,False,True,2026-03-17T02:53:16Z
00002b28ffa6,1,26.0,16.38,2025-10-24,2025-10,,,,False,no_code,26.0,16.38,2105,Facebook,meta_ads,False,False,2025-10-24T15:07:17Z
00002b2e9c2b,1,58.0,25.24000000000001,2026-02-07,2026-02,,,,False,no_code,96.0,25.24000000000001,3747,referral,referral,False,True,2026-02-07T21:29:00Z
00002b335d2f,1,90.0,56.32,2025-09-18,2025-09,,,,False,no_code,90.0,56.32,1660,organic_search,organic_search,False,True,2025-09-18T03:41:15Z
00002b38f8ed,1,70.0,42.31,2026-02-20,2026-02,,,,False,no_code,70.0,42.31,3911,meta,meta_ads,False,True,2026-02-20T02:06:50Z
00002b38f9b4,1,32.0,21.78,2026-01-24,2026-01,,,,False,no_code,32.0,21.78,3540,Facebook,meta_ads,False,False,2026-01-24T00:05:17Z
00002b3dbab8,1,62.400000000000006,32.59,2025-07-16,2025-07,,,SUMMER20,False,item_discount,62.4,32.59,1119,google_ads,google_ads,False,True,2025-07-16T14:51:29Z
00002b435676,1,58.5,27.05,2026-03-20,2026-03,,,SPRING25,False,item_discount,58.5,27.05,4387,organic_search,organic_search,False,False,2026-03-20T15:42:06Z
00002b43573d,1,30.6,20.700000000000003,2025-12-07,2025-12,,,WELCOME15,True,item_discount,30.6,20.700000000000003,2946,IG,meta_ads,True,True,2025-12-07T20:22:28Z
00002b4db3ff,1,26.0,15.94,2026-04-25,2026-04,,,,False,no_code,26.0,15.94,4949,meta,meta_ads,False,False,2026-04-25T09:52:41Z
00002b4db4c6,1,51.1,27.57,2025-11-30,2025-11,,,BFCM30,False,item_discount,51.1,27.57,2771,influencer,influencer,False,True,2025-11-05T01:01:11Z
00002b581188,1,137.7,82.17999999999999,2026-05-24,2026-05,,,WELCOME15,True,item_discount,137.7,82.17999999999999,5423,organic_search,organic_search,False,True,2026-04-13T11:14:42Z
00002b6b9ee3,1,22.95,13.23,2026-06-09,2026-06,,,AMELIA10+WELCOME15,True,item_discount,22.95,13.23,5683,influencer,influencer,False,True,2026-06-09T15:20:10Z
00002b75fc6c,1,122.0,63.36,2026-05-13,2026-05,,,,False,no_code,122.0,63.36,5255,google_ads,google_ads,False,False,2026-05-13T02:56:17Z
00002b8059f5,1,32.0,21.79,2026-04-04,2026-04,,,,False,no_code,32.0,21.79,4606,tiktok,tiktok_ads,False,False,2026-04-04T14:00:33Z
00002b8ab77e,1,96.0,54.61,2026-03-14,2026-03,,,SPRING25,False,item_discount,96.0,54.61,4209,direct,direct,False,True,2026-03-14T17:45:14Z
00002b90533c,1,70.0,41.98,2025-07-10,2025-07,,,,False,no_code,70.0,41.98,1072,google_ads,google_ads,False,False,2025-07-10T21:57:25Z
00002b9ab0c5,1,28.9,19.690000000000005,2025-09-08,2025-09,,,WELCOME15,True,item_discount,28.9,19.690000000000005,1566,google_ads,google_ads,False,True,2025-09-08T20:30:14Z
00002ba257ea,1,0.0,-9.71,2025-07-23,2025-07,,,AMELIA10,False,item_discount,30.6,-9.71,1176,influencer,influencer,False,True,2025-07-23T15:49:53Z
00002bbcaeba,1,38.0,26.92,2026-05-05,2026-05,,,,False,no_code,38.0,26.92,5112,tiktok,tiktok_ads,False,False,2026-05-05T13:03:25Z
00002bc70c43,1,166.0,111.77,2026-06-24,2026-06,,,,False,no_code,166.0,111.77,5953,organic_search,organic_search,False,True,2026-06-24T00:19:25Z
00002bda999e,1,32.0,15.890000000000002,2026-05-24,2026-05,,,FREESHIP,False,freeship_only,32.0,15.890000000000002,5421,meta,meta_ads,False,True,2026-05-24T09:44:37Z
00002be4f727,1,152.0,98.1,2026-04-21,2026-04,,,,False,no_code,152.0,98.1,4891,organic_search,organic_search,False,False,2026-04-21T21:23:07Z
00002bef53e9,1,71.4,35.11,2025-12-21,2025-12,,,HOLIDAY15,False,item_discount,71.4,35.11,3137,,unknown,False,True,2025-12-21T13:10:28Z
00002bef54b0,1,107.25,49.28,2026-03-18,2026-03,,,SPRING25,False,item_discount,129.75,49.28,4313,direct,direct,False,True,2026-03-18T00:03:47Z
00002bf9b172,1,23.2,8.629999999999997,2026-01-06,2026-01,,,NEWYEAR20,False,item_discount,23.2,8.629999999999997,3339,organic_search,organic_search,False,True,2026-01-06T22:52:32Z
00002bf9b239,2,60.6,26.979999999999997,2026-02-20,2026-02,2026-04-04,43.0,,False,no_code,30.0,13.040000000000004,3913,organic_search,organic_search,False,True,2026-02-20T03:42:28Z
00002bff4df7,1,71.4,37.190000000000005,2025-09-04,2025-09,,,WELCOME15,True,item_discount,71.4,37.190000000000005,1516,IG,meta_ads,True,True,2025-09-04T00:35:33Z
00002bff4ebe,1,88.0,51.650000000000006,2026-06-30,2026-06,,,,False,no_code,88.0,51.650000000000006,6066,meta,meta_ads,False,True,2026-06-30T15:34:52Z
00002c040efb,1,62.0,37.0,2026-02-06,2026-02,,,,False,no_code,62.0,37.0,3717,organic_search,organic_search,False,True,2026-02-06T11:40:32Z
00002c040fc2,1,34.0,23.460000000000004,2025-12-09,2025-12,,,,False,no_code,34.0,23.460000000000004,2956,,unknown,False,True,2025-12-09T06:49:35Z
00002c09ab80,2,214.8,136.76999999999998,2025-10-27,2025-10,2026-02-05,101.0,,False,no_code,168.0,107.3,2140,organic_search,organic_search,False,True,2025-10-27T15:00:02Z
00002c0e6c84,2,204.4,113.14,2026-03-26,2026-03,2026-04-20,25.0,,False,no_code,100.0,53.75,4492,meta,meta_ads,False,True,2026-03-26T14:23:30Z
00002c18ca0d,1,39.6,18.509999999999994,2026-05-16,2026-05,,,AMELIA10,False,item_discount,39.6,18.509999999999994,5320,influencer,influencer,False,False,2026-05-16T19:59:33Z
00002c53f1e2,3,391.0,248.38,2026-03-17,2026-03,2026-04-28,42.0,,False,no_code,126.0,80.18,4286,organic_search,organic_search,False,True,2026-03-17T03:36:33Z
00002c5e4ea4,2,91.80000000000001,42.02,2026-01-03,2026-01,2026-05-01,118.0,NEWYEAR20,False,item_discount,43.2,26.17,3286,organic_search,organic_search,False,False,2026-01-03T20:04:23Z
00002c5e4f6b,1,93.5,55.17999999999999,2026-02-23,2026-02,,,WELCOME15,True,item_discount,93.5,55.17999999999999,3956,TikTok,tiktok_ads,False,True,2026-02-23T11:32:34Z
00002c63106f,1,68.0,30.8,2025-08-19,2025-08,,,,False,no_code,100.0,30.8,1397,organic_search,organic_search,False,True,2025-08-19T21:08:32Z
00002c63eb29,1,78.19999999999999,46.49,2025-09-21,2025-09,,,WELCOME15,True,item_discount,78.2,46.49,1691,Facebook,meta_ads,False,True,2025-09-21T01:36:56Z
00002c68acf4,3,140.1,74.94000000000001,2025-12-18,2025-12,2026-01-29,42.0,,False,no_code,57.0,28.550000000000004,3097,direct,direct,False,True,2025-12-18T18:21:10Z
00002c6e48b2,1,28.9,-1.589999999999998,2025-10-20,2025-10,,,WELCOME15,True,item_discount,66.3,-1.589999999999998,2048,organic_search,organic_search,False,True,2025-10-20T15:39:08Z
00002c7309b6,1,88.0,52.37000000000001,2026-03-17,2026-03,,,,False,no_code,88.0,52.37000000000001,4300,organic_search,organic_search,False,False,2026-03-17T15:30:30Z
00002c730a7d,1,61.6,29.57,2025-11-24,2025-11,,,BFCM30,False,item_discount,61.6,29.57,2404,organic_search,organic_search,False,True,2025-11-24T00:50:35Z
00002c78a63b,1,22.4,12.779999999999998,2025-11-26,2025-11,,,BFCM30,False,item_discount,22.4,12.779999999999998,2593,direct,direct,False,False,2025-11-26T21:45:24Z
00002c7d673f,1,61.2,35.72,2026-05-22,2026-05,,,WELCOME15,True,item_discount,61.2,35.72,5401,referral,referral,False,True,2026-05-22T22:23:48Z
00002c7d6806,1,66.3,36.24,2025-10-19,2025-10,,,WELCOME15,True,item_discount,66.3,36.24,2022,Facebook,meta_ads,False,True,2025-10-19T02:52:38Z
00002c8303c4,1,18.7,12.109999999999996,2025-12-16,2025-12,,,HOLIDAY15,False,item_discount,18.7,12.109999999999996,3060,organic_search,organic_search,False,True,2025-12-16T11:47:37Z
00002c87c4c8,1,32.3,21.39,2026-06-05,2026-06,,,WELCOME15,True,item_discount,32.3,21.39,5612,google_ads,google_ads,False,False,2026-06-05T13:20:09Z
00002cb5a8f3,3,171.70000000000002,107.06,2025-07-12,2025-07,2025-08-02,21.0,,False,no_code,34.0,24.24,1090,organic_search,organic_search,False,False,2025-07-12T16:11:00Z
00002cc0067c,4,256.4,135.35999999999999,2025-08-15,2025-08,2025-11-04,81.0,WELCOME15,True,item_discount,71.4,36.88,1350,meta,meta_ads,False,False,2025-08-15T02:40:14Z
00002cc00743,1,61.2,35.32,2026-06-17,2026-06,,,WELCOME15,True,item_discount,61.2,35.32,5824,,unknown,False,True,2026-06-17T04:46:14Z
00002cca6405,2,97.0,65.5,2025-10-05,2025-10,2026-01-05,92.0,,False,no_code,34.0,24.68,1849,direct,direct,False,False,2025-10-05T03:20:29Z
00002ccd4a26,1,47.6,29.76999999999999,2025-12-16,2025-12,,,WELCOME15,True,item_discount,47.6,29.76999999999999,3066,organic_search,organic_search,False,False,2025-12-16T17:34:26Z
00002cd7a6e8,1,83.0,56.49,2026-03-20,2026-03,,,,False,no_code,83.0,56.49,4391,organic_search,organic_search,False,True,2026-03-20T18:09:16Z
00002cd7a7af,1,23.8,14.72,2025-11-27,2025-11,,,BFCM30,False,item_discount,23.8,14.72,2618,referral,referral,False,False,2025-11-27T11:20:31Z
00002ce20471,1,32.3,21.25,2026-05-06,2026-05,,,MOMS15,False,item_discount,32.3,21.25,5132,meta,meta_ads,False,True,2026-05-06T10:46:49Z
00002cec61fa,1,26.0,15.910000000000002,2026-06-26,2026-06,,,,False,no_code,26.0,15.910000000000002,5989,meta,meta_ads,False,True,2026-06-26T05:24:40Z
00002cec62c1,1,53.0,31.360000000000003,2025-09-06,2025-09,,,,False,no_code,53.0,31.360000000000003,1536,Google,google_ads,True,True,2025-09-06T11:16:58Z
00002cf6c04a,1,22.0,15.439999999999996,2025-07-17,2025-07,,,,False,no_code,22.0,15.439999999999996,1129,referral,referral,False,True,2025-07-17T16:36:29Z
00002d14aa67,1,34.2,23.13000000000001,2026-03-26,2026-03,,,AMELIA10,False,item_discount,34.2,23.13000000000001,4490,influencer,influencer,False,False,2026-03-26T13:57:49Z
00002d1a4625,1,52.8,33.279999999999994,2025-07-03,2025-07,,,SUMMER20,False,item_discount,52.8,33.279999999999994,1019,influencer,influencer,False,True,2025-07-03T19:17:05Z
00002d1f07f0,3,85.0,55.31000000000001,2026-02-28,2026-02,2026-04-16,47.0,,False,no_code,22.0,15.07,4023,Facebook,meta_ads,False,True,2026-02-28T09:18:58Z
00002d24a3ae,3,172.0,102.93,2025-08-18,2025-08,2025-10-25,68.0,,False,no_code,92.0,60.52,1377,tiktok,tiktok_ads,False,False,2025-08-18T11:11:52Z
00002d24a475,1,29.0,20.090000000000003,2026-06-23,2026-06,,,,False,no_code,29.0,20.090000000000003,5940,meta,meta_ads,False,True,2026-06-23T00:58:59Z
00002d296579,1,66.0,40.83,2026-01-29,2026-01,,,,False,no_code,66.0,40.83,3616,Facebook,meta_ads,False,False,2026-01-29T13:48:10Z
00002d2f0137,1,28.9,18.32,2025-10-23,2025-10,,,WELCOME15,True,item_discount,28.9,18.32,2087,TikTok,tiktok_ads,False,True,2025-10-23T13:51:50Z
00002d2f01fe,1,103.7,58.72,2026-05-08,2026-05,,,WELCOME15,True,item_discount,103.7,58.72,5177,meta,meta_ads,False,True,2026-05-08T13:33:19Z
00002d33c302,2,96.0,54.06,2025-11-30,2025-11,2026-02-02,64.0,BFCM30,False,item_discount,42.0,24.3,2820,meta,meta_ads,False,True,2025-11-30T21:38:48Z
00002d395ec0,1,19.6,-9.179999999999998,2025-11-29,2025-11,,,BFCM30,False,item_discount,19.6,-9.179999999999998,2723,google_ads,google_ads,False,False,2025-11-29T05:47:10Z
00002d3e208b,1,159.8,95.22,2025-11-02,2025-11,,,NOURISHED15,False,item_discount,159.8,95.22,2202,influencer,influencer,False,True,2025-11-02T15:05:04Z
00002d83a522,2,126.8,81.3,2026-02-11,2026-02,2026-03-16,33.0,,False,no_code,98.0,62.55,3805,organic_search,organic_search,False,True,2026-02-11T22:41:11Z
00002d8940e0,1,27.2,18.03,2025-08-01,2025-08,,,SUMMER20,False,item_discount,27.2,18.03,1242,tiktok,tiktok_ads,False,False,2025-08-01T00:09:15Z
00002d8941a7,1,24.0,-3.1500000000000004,2026-06-15,2026-06,,,,False,no_code,68.0,-3.1500000000000004,5784,meta,meta_ads,False,True,2026-06-15T00:04:03Z
00002d8e01e4,1,34.0,24.47,2026-02-04,2026-02,,,,False,no_code,34.0,24.47,3698,Google,google_ads,True,False,2026-02-04T19:54:34Z
00002d8e02ab,1,19.72,12.199999999999996,2026-01-09,2026-01,,,NEWYEAR20+WELCOME15,True,item_discount,19.72,12.199999999999996,3380,direct,direct,False,True,2026-01-09T17:11:06Z
00002d939f30,1,110.0,68.67999999999999,2026-05-08,2026-05,,,,False,no_code,110.0,68.67999999999999,5180,organic_search,organic_search,False,True,2026-05-08T15:06:54Z
00002d985f6d,1,89.25,54.1,2026-03-08,2026-03,,,WELCOME15,True,item_discount,89.25,54.1,4119,direct,direct,False,True,2026-03-08T12:04:29Z
00002d986034,2,104.2,58.36999999999999,2025-11-30,2025-11,2026-01-22,53.0,BFCM30,False,item_discount,60.2,31.23999999999999,2824,meta,meta_ads,False,True,2025-11-30T22:53:37Z
00002d9dfbf2,1,20.3,12.670000000000002,2025-11-29,2025-11,,,BFCM30,False,item_discount,20.3,12.670000000000002,2755,Facebook,meta_ads,False,False,2025-11-29T17:01:07Z
00002d9dfcb9,2,108.0,60.61000000000001,2026-04-17,2026-04,2026-06-18,62.0,AMELIA10,False,item_discount,30.6,-9.63,4803,influencer,influencer,False,True,2026-04-17T00:06:57Z
00002da2bcf6,1,93.5,56.74999999999999,2026-04-25,2026-04,,,WELCOME15,True,item_discount,93.5,56.74999999999999,4951,direct,direct,False,True,2026-04-25T12:41:26Z
00002da2bdbd,1,37.8,5.569999999999993,2025-11-25,2025-11,,,BFCM30,False,item_discount,68.6,5.569999999999993,2467,TikTok,tiktok_ads,False,True,2025-11-25T01:16:59Z
00002da8597b,1,28.9,18.450000000000003,2025-12-09,2025-12,,,HOLIDAY15,False,item_discount,28.9,18.450000000000003,2959,direct,direct,False,True,2025-12-09T09:54:07Z
00002da85a42,2,66.5,44.470000000000006,2026-03-18,2026-03,2026-05-18,61.0,SPRING25,False,item_discount,28.5,17.78,4339,organic_search,organic_search,False,True,2026-03-18T19:55:12Z
00002dad1a7f,1,22.1,-0.0999999999999989,2026-05-24,2026-05,,,FREESHIP+WELCOME15,True,item_discount,22.1,-0.0999999999999989,5424,meta,meta_ads,False,False,2026-05-24T11:25:04Z
00002dad1b46,1,120.0,75.82,2025-10-12,2025-10,,,,False,no_code,120.0,75.82,1934,tiktok,tiktok_ads,False,False,2025-10-12T01:43:45Z
00002db2b704,3,241.3,153.0,2026-01-28,2026-01,2026-03-27,58.0,WELCOME15,True,item_discount,49.3,31.6,3609,meta,meta_ads,False,True,2026-01-28T22:04:33Z
00002db77808,1,96.9,22.93,2026-06-15,2026-06,,,WELCOME15,True,item_discount,96.9,22.93,5792,meta,meta_ads,False,True,2026-06-15T09:59:27Z
00002dfcfd66,1,23.8,11.89,2025-11-28,2025-11,,,WELCOME15,True,item_discount,23.8,11.89,2670,meta,meta_ads,False,False,2025-11-28T04:12:33Z
00002e075a28,1,0.0,-19.09,2026-04-22,2026-04,,,FREESHIP+WELCOME15,True,item_discount,37.4,-19.09,4898,,unknown,False,True,2026-04-22T03:52:34Z
00002e075aef,1,21.0,11.03,2025-11-25,2025-11,,,BFCM30,False,item_discount,21.0,11.03,2494,meta,meta_ads,False,True,2025-11-25T11:12:52Z
00002e11b7b1,1,34.0,24.44,2026-05-26,2026-05,,,,False,no_code,34.0,24.44,5463,meta,meta_ads,False,False,2026-05-26T21:56:27Z
00002e11b878,1,66.0,40.290000000000006,2025-10-27,2025-10,,,,False,no_code,66.0,40.290000000000006,2144,meta,meta_ads,False,True,2025-10-27T21:06:13Z
00002e175436,1,75.64999999999999,44.58,2026-01-21,2026-01,,,WELCOME15,True,item_discount,75.65,44.58,3515,Facebook,meta_ads,False,False,2026-01-21T12:04:33Z
00002e1c153a,1,27.54,16.990000000000002,2026-06-27,2026-06,,,AMELIA10+WELCOME15,True,item_discount,27.54,16.990000000000002,6001,influencer,influencer,False,False,2026-06-27T04:22:55Z
00002e1c1601,1,71.4,36.73,2025-08-23,2025-08,,,SKINBYJORDAN15,False,item_discount,71.4,36.73,1419,influencer,influencer,False,True,2025-08-23T14:56:20Z
00002e21b1bf,1,132.0,83.74000000000001,2026-02-13,2026-02,,,,False,no_code,132.0,83.74000000000001,3831,referral,referral,False,True,2026-02-13T10:31:41Z
00002e2c0f48,1,93.5,56.85,2026-03-30,2026-03,,,WELCOME15,True,item_discount,93.5,56.85,4542,tiktok,tiktok_ads,False,False,2026-03-30T23:33:30Z
00002e49f965,2,115.8,48.580000000000005,2025-08-26,2025-08,2025-10-06,41.0,WELCOME15,True,item_discount,23.8,-5.260000000000001,1440,Facebook,meta_ads,False,False,2025-08-26T11:25:49Z
00002e49fa2c,1,27.2,17.169999999999998,2026-06-22,2026-06,,,WELCOME15,True,item_discount,27.2,17.169999999999998,5934,organic_search,organic_search,False,False,2026-06-22T18:14:39Z
00002e5456ee,1,34.0,24.67,2025-09-03,2025-09,,,,False,no_code,34.0,24.67,1513,,unknown,False,True,2025-09-03T19:30:03Z
00002e5457b5,1,85.0,50.55,2026-05-18,2026-05,,,WELCOME15,True,item_discount,85.0,50.55,5338,referral,referral,False,True,2026-04-10T01:27:55Z
00002e5eb477,1,16.8,9.77,2025-11-30,2025-11,,,BFCM30,False,item_discount,16.8,9.77,2773,Facebook,meta_ads,False,True,2025-11-30T01:35:30Z
00002e5eb53e,1,107.1,62.36999999999999,2026-04-20,2026-04,,,WELCOME15,True,item_discount,107.1,62.36999999999999,4866,Facebook,meta_ads,False,True,2026-04-20T22:37:01Z
00002e691200,1,32.72,11.02,2025-11-30,2025-11,,,BFCM30+FREESHIP+WELCOME15,True,item_discount,32.72,11.02,2767,meta,meta_ads,False,True,2025-11-28T00:05:28Z
00002e736f89,1,84.7,16.1,2025-12-01,2025-12,,,BFCM30,False,item_discount,100.1,16.1,2855,organic_search,organic_search,False,True,2025-12-01T14:52:41Z
00002e80b26c,1,38.0,26.89,2026-06-06,2026-06,,,,False,no_code,38.0,26.89,5620,Facebook,meta_ads,False,False,2026-06-06T03:40:27Z
00002e80b333,1,16.83,10.409999999999997,2025-08-19,2025-08,,,AMELIA10+WELCOME15,True,item_discount,16.83,10.409999999999997,1388,influencer,influencer,False,True,2025-08-19T09:34:55Z
00002eae975e,1,38.0,26.790000000000003,2026-06-23,2026-06,,,,False,no_code,38.0,26.790000000000003,5948,direct,direct,False,True,2026-06-23T20:32:39Z
00002eb35862,2,115.8,60.83,2026-01-07,2026-01,2026-03-04,56.0,NEWYEAR20,False,item_discount,52.8,25.36,3340,,unknown,False,False,2026-01-07T00:16:49Z
00002eb8f420,1,28.0,15.980000000000002,2025-09-03,2025-09,,,,False,no_code,28.0,15.980000000000002,1509,google_ads,google_ads,False,False,2025-09-03T11:08:26Z
00002eb8f4e7,1,36.0,20.26,2026-05-17,2026-05,,,,False,no_code,36.0,20.26,5333,Facebook,meta_ads,False,True,2026-05-17T19:50:03Z
00002ebdb5eb,2,38.0,16.680000000000003,2025-12-29,2025-12,2026-01-26,28.0,WELCOME15,True,item_discount,27.2,-10.18,3227,organic_search,organic_search,False,True,2025-12-29T22:31:57Z
00002ec351a9,1,28.9,14.919999999999993,2025-11-21,2025-11,,,WELCOME15,True,item_discount,28.9,14.919999999999993,2381,organic_search,organic_search,False,True,2025-11-21T20:12:21Z
00002ec35270,1,91.8,54.64,2026-04-04,2026-04,,,WELCOME15,True,item_discount,91.8,54.64,4597,meta,meta_ads,False,True,2026-04-04T03:33:03Z
00002ec81374,1,35.7,20.92,2025-11-25,2025-11,,,BFCM30,False,item_discount,35.7,20.92,2530,meta,meta_ads,False,True,2025-11-25T21:22:52Z
00002ecdaf32,1,23.8,11.41,2025-11-24,2025-11,,,WELCOME15,True,item_discount,23.8,11.41,2460,tiktok,tiktok_ads,False,True,2025-11-24T23:28:50Z
00002ecdaff9,1,32.3,20.02,2026-03-20,2026-03,,,WELCOME15,True,item_discount,32.3,20.02,4377,meta,meta_ads,False,True,2026-03-20T08:45:52Z
00002ed270fd,3,94.8,60.57999999999999,2025-10-09,2025-10,2025-12-17,69.0,WELCOME15,True,item_discount,24.65,16.809999999999995,1903,Google,google_ads,True,True,2025-10-09T16:22:04Z
00002ed34bb7,1,66.0,38.92,2025-07-14,2025-07,,,,False,no_code,66.0,38.92,1103,Direct,direct,False,True,2025-07-14T01:43:35Z
00002ed80cbb,2,164.4,111.47999999999999,2025-12-10,2025-12,2026-01-28,49.0,HOLIDAY15,False,item_discount,20.4,13.149999999999997,2976,organic_search,organic_search,False,True,2025-12-10T02:53:59Z
00002ed80d82,2,153.2,89.44,2026-02-17,2026-02,2026-05-13,85.0,WELCOME15,True,item_discount,61.2,34.00000000000001,3886,google_ads,google_ads,False,True,2026-02-17T12:28:31Z
00002edcce86,1,28.9,19.680000000000003,2025-09-01,2025-09,,,LABORDAY15,False,item_discount,28.9,19.680000000000003,1490,meta,meta_ads,False,False,2025-08-05T14:45:02Z
00002edda940,2,77.0,50.96000000000001,2025-08-15,2025-08,2025-09-11,27.0,WELCOME15,True,item_discount,37.4,24.21,1352,meta,meta_ads,False,True,2025-08-15T03:59:32Z
00002ee26a44,1,62.0,30.319999999999997,2026-02-03,2026-02,,,,False,no_code,100.0,30.319999999999997,3685,direct,direct,False,True,2026-02-03T21:39:27Z
00002ee72c0f,1,35.2,21.600000000000005,2025-07-09,2025-07,,,SUMMER20,False,item_discount,35.2,21.600000000000005,1057,direct,direct,False,True,2025-07-08T23:57:08Z
00002f27efa2,1,30.6,20.22,2026-04-20,2026-04,,,WELCOME15,True,item_discount,30.6,20.22,4867,google_ads,google_ads,False,False,2026-04-20T22:40:50Z
00002f2cb0a6,1,22.4,12.719999999999995,2025-11-25,2025-11,,,BFCM30,False,item_discount,22.4,12.719999999999995,2533,organic_search,organic_search,False,True,2025-11-25T21:45:45Z
00002f324c64,1,26.0,16.31,2025-11-21,2025-11,,,,False,no_code,26.0,16.31,2377,,unknown,False,True,2025-11-21T00:47:13Z
00002f324d2b,1,100.0,60.68,2026-03-31,2026-03,,,,False,no_code,100.0,60.68,4556,,unknown,False,True,2026-03-31T20:21:40Z
00002f370d68,1,24.56,15.180000000000003,2026-05-03,2026-05,,,SKINBYJORDAN15+WELCOME15,True,item_discount,24.560000000000002,15.180000000000003,5072,influencer,influencer,False,True,2026-05-03T11:19:06Z
00002f370e2f,1,56.1,29.3,2025-10-10,2025-10,,,WELCOME15,True,item_discount,56.1,29.3,1909,google_ads,google_ads,False,True,2025-10-10T04:03:35Z
00002f3ca9ed,1,49.3,-2.66,2025-12-21,2025-12,,,HOLIDAY15,False,item_discount,86.7,-2.66,3135,organic_search,organic_search,False,False,2025-12-21T06:58:39Z
00002f3caab4,1,72.0,44.51,2026-02-20,2026-02,,,,False,no_code,72.0,44.51,3917,IG,meta_ads,True,True,2026-02-20T12:22:51Z
00002f416af1,1,176.0,114.69,2026-06-19,2026-06,,,,False,no_code,176.0,114.69,5871,organic_search,organic_search,False,True,2026-06-19T23:55:43Z
00002f416bb8,1,46.0,22.1,2025-09-24,2025-09,,,,False,no_code,46.0,22.1,1726,organic_search,organic_search,False,False,2025-09-24T23:54:03Z
00002f470776,1,64.0,38.18,2026-02-13,2026-02,,,,False,no_code,64.0,38.18,3842,organic_search,organic_search,False,True,2026-02-13T23:13:32Z
00002f47083d,1,44.0,29.440000000000005,2026-01-16,2026-01,,,,False,no_code,44.0,29.440000000000005,3450,google_ads,google_ads,False,True,2026-01-16T07:58:57Z
00002f4bc941,1,20.8,11.36,2025-07-26,2025-07,,,SUMMER20,False,item_discount,20.8,11.36,1189,,unknown,False,True,2025-07-26T03:13:49Z
00002f5164ff,1,87.0,38.72,2026-03-18,2026-03,,,SPRING25,False,item_discount,87.0,38.72,4323,direct,direct,False,False,2026-03-18T08:28:32Z
00002f5165c6,1,67.2,12.1,2025-11-26,2025-11,,,BFCM30,False,item_discount,92.4,12.1,2588,meta,meta_ads,False,True,2025-11-26T20:07:03Z
00002f5bc288,1,47.6,30.069999999999997,2026-04-07,2026-04,,,WELCOME15,True,item_discount,47.6,30.069999999999997,4661,tiktok,tiktok_ads,False,True,2026-04-07T20:52:39Z
00002f79ad6c,1,74.0,46.120000000000005,2026-06-24,2026-06,,,,False,no_code,74.0,46.120000000000005,5963,organic_search,organic_search,False,True,2026-06-24T11:27:37Z
00002f840af5,2,121.59,67.60999999999999,2026-05-09,2026-05,2026-05-27,18.0,MOMS15+WELCOME15,True,item_discount,89.59,45.63999999999999,5205,meta,meta_ads,False,True,2026-05-09T23:53:37Z
00002f8e687e,1,144.0,98.44,2026-04-28,2026-04,,,,False,no_code,144.0,98.44,5004,meta,meta_ads,False,False,2026-04-28T22:03:51Z
00002fa608ea,2,248.45,157.86,2025-09-13,2025-09,2025-11-07,55.0,WELCOME15,True,item_discount,99.45,59.99,1615,tiktok,tiktok_ads,False,False,2025-09-13T14:51:15Z
00002fb06673,1,90.1,49.99,2025-07-27,2025-07,,,WELCOME15,True,item_discount,90.1,49.99,1210,Facebook,meta_ads,False,True,2025-07-27T20:25:23Z
00002fcabd43,1,52.7,27.58,2026-05-02,2026-05,,,NOURISHED15,False,item_discount,52.7,27.58,5063,influencer,influencer,False,True,2026-05-02T23:46:05Z
00002fd51acc,1,32.3,21.47,2026-06-24,2026-06,,,WELCOME15,True,item_discount,32.3,21.47,5960,organic_search,organic_search,False,True,2026-06-24T09:48:33Z
00002fde4a9e,1,89.25,53.92,2026-06-29,2026-06,,,WELCOME15,True,item_discount,89.25,53.92,6041,organic_search,organic_search,False,False,2026-06-14T14:55:28Z
00002fe8a827,1,34.2,22.860000000000007,2026-05-14,2026-05,,,AMELIA10,False,item_discount,34.2,22.860000000000007,5278,influencer,influencer,False,False,2026-05-14T02:20:36Z
00002ff304e9,1,109.9,56.55,2025-11-27,2025-11,,,BFCM30,False,item_discount,109.9,56.55,2627,meta,meta_ads,False,True,2025-11-27T13:10:48Z
00002ff305b0,1,59.5,32.419999999999995,2026-04-21,2026-04,,,WELCOME15,True,item_discount,59.5,32.419999999999995,4875,organic_search,organic_search,False,False,2026-04-21T10:17:07Z
00002ffd6272,1,22.4,12.859999999999998,2025-12-01,2025-12,,,BFCM30,False,item_discount,22.4,12.859999999999998,2848,,unknown,False,True,2025-12-01T13:08:57Z
00002ffd6339,1,22.0,14.82,2026-03-17,2026-03,,,,False,no_code,22.0,14.82,4296,google_ads,google_ads,False,True,2026-03-17T13:52:37Z
00003002fef7,1,56.0,32.11,2025-08-31,2025-08,,,,False,no_code,56.0,32.11,1483,referral,referral,False,True,2025-08-31T20:55:10Z
00003002ffbe,1,32.3,21.35,2026-06-30,2026-06,,,WELCOME15,True,item_discount,32.3,21.35,6069,tiktok,tiktok_ads,False,True,2026-06-30T21:00:02Z
00003007bffb,1,24.65,16.739999999999995,2026-01-15,2026-01,,,WELCOME15,True,item_discount,24.65,16.739999999999995,3443,Direct,direct,False,False,2026-01-15T18:00:15Z
00003007c0c2,1,30.0,20.47,2026-01-18,2026-01,,,,False,no_code,30.0,20.47,3476,meta,meta_ads,False,True,2026-01-18T12:45:08Z
0000300d5c80,1,22.0,14.429999999999996,2025-09-27,2025-09,,,,False,no_code,22.0,14.429999999999996,1760,Direct,direct,False,True,2025-09-27T21:51:10Z
000030121d84,1,93.5,55.7,2026-03-14,2026-03,,,WELCOME15,True,item_discount,93.5,55.7,4212,direct,direct,False,True,2026-03-14T19:28:44Z
00003057a2e2,1,18.7,11.769999999999998,2026-04-14,2026-04,,,WELCOME15,True,item_discount,18.7,11.769999999999998,4769,google_ads,google_ads,False,False,2026-04-14T23:57:57Z
0000305c63e6,2,163.8,71.97000000000001,2025-11-10,2025-11,2026-01-06,57.0,WELCOME15,True,item_discount,119.0,59.17000000000001,2281,,unknown,False,True,2025-11-10T11:20:54Z
00003061ffa4,4,274.7,172.19,2025-12-25,2025-12,2026-01-18,24.0,WELCOME15,True,item_discount,18.7,12.289999999999996,3178,direct,direct,False,True,2025-12-25T16:33:32Z
00003062006b,1,28.05,15.07,2026-03-20,2026-03,,,SPRING25+WELCOME15,True,item_discount,28.05,15.07,4388,influencer,influencer,False,True,2026-03-20T16:39:46Z
00003066c16f,1,18.7,6.319999999999998,2025-09-12,2025-09,,,FREESHIP+WELCOME15,True,item_discount,18.7,6.319999999999998,1611,meta,meta_ads,False,True,2025-09-12T20:53:07Z
0000306c5d2d,1,18.7,5.829999999999999,2026-01-03,2026-01,,,WELCOME15,True,item_discount,37.4,5.829999999999999,3280,direct,direct,False,False,2026-01-03T10:56:44Z
0000306c5df4,1,122.0,78.17,2026-01-25,2026-01,,,,False,no_code,122.0,78.17,3567,meta,meta_ads,False,True,2026-01-25T12:26:44Z
000030711ef8,1,66.0,39.61,2025-08-10,2025-08,,,,False,no_code,66.0,39.61,1303,organic_search,organic_search,False,True,2025-08-10T11:54:00Z
00003076bab6,1,45.0,-8.340000000000002,2026-03-14,2026-03,,,SPRING25,False,item_discount,96.0,-8.340000000000002,4199,influencer,influencer,False,True,2026-03-14T11:04:46Z
00003076bb7d,1,26.0,17.470000000000006,2025-12-17,2025-12,,,,False,no_code,26.0,17.470000000000006,3077,google_ads,google_ads,False,True,2025-12-17T13:00:01Z
0000307c573b,1,22.4,12.309999999999995,2025-11-29,2025-11,,,BFCM30,False,item_discount,22.4,12.309999999999995,2752,meta,meta_ads,False,True,2025-11-29T16:14:05Z
00003081183f,1,28.9,19.290000000000003,2026-04-03,2026-04,,,WELCOME15,True,item_discount,28.9,19.290000000000003,4580,meta,meta_ads,False,False,2026-04-03T00:49:19Z
000030811906,1,42.0,24.53,2025-11-28,2025-11,,,BFCM30,False,item_discount,42.0,24.53,2694,,unknown,False,True,2025-11-28T15:57:38Z
00003086b4c4,1,23.8,13.39,2025-11-29,2025-11,,,BFCM30,False,item_discount,23.8,13.39,2727,meta,meta_ads,False,False,2025-11-29T08:56:11Z
0000308b75c8,1,97.0,62.83,2026-05-18,2026-05,,,,False,no_code,97.0,62.83,5339,Facebook,meta_ads,False,True,2026-05-09T01:51:58Z
000030c3b77c,1,44.0,22.5,2025-07-11,2025-07,,,,False,no_code,73.0,22.5,1083,Facebook,meta_ads,False,True,2025-07-11T21:14:14Z
000030ce1505,1,39.6,26.950000000000003,2025-09-12,2025-09,,,AMELIA10,False,item_discount,39.6,26.950000000000003,1605,influencer,influencer,False,True,2025-09-12T10:41:27Z
000030d5bc2a,1,28.9,18.380000000000003,2025-08-12,2025-08,,,WELCOME15,True,item_discount,28.9,18.380000000000003,1325,organic_search,organic_search,False,True,2025-08-12T10:04:14Z
000030db57e8,2,70.5,39.67999999999999,2026-03-19,2026-03,2026-05-15,57.0,SPRING25,False,item_discount,16.5,9.299999999999995,4348,referral,referral,False,True,2026-03-19T00:54:40Z
000030db58af,1,49.3,30.330000000000005,2025-12-13,2025-12,,,WELCOME15,True,item_discount,49.3,30.330000000000005,3016,facebook_ads,meta_ads,False,True,2025-12-13T07:32:46Z
000030e5b571,1,34.0,22.9,2026-04-07,2026-04,,,,False,no_code,34.0,22.9,4648,google_ads,google_ads,False,True,2026-04-07T10:35:55Z
000030e5b638,1,78.0,46.67,2025-11-28,2025-11,,,,False,no_code,78.0,46.67,2691,organic_search,organic_search,False,True,2025-11-28T14:01:40Z
000030f012fa,1,44.0,30.860000000000007,2026-05-10,2026-05,,,,False,no_code,44.0,30.860000000000007,5213,organic_search,organic_search,False,False,2026-05-10T12:52:43Z
000030f013c1,1,29.0,21.22000000000001,2025-10-04,2025-10,,,,False,no_code,29.0,21.22000000000001,1842,influencer,influencer,False,True,2025-10-04T15:42:55Z
000030fa7083,1,85.0,46.83,2026-06-12,2026-06,,,WELCOME15,True,item_discount,85.0,46.83,5748,google_ads,google_ads,False,False,2026-06-12T19:55:57Z
0000310dfdde,1,18.7,0.6999999999999997,2026-05-07,2026-05,,,WELCOME15,True,item_discount,37.4,0.6999999999999997,5151,,unknown,False,False,2026-05-07T03:02:43Z
000031185b67,1,28.9,19.210000000000004,2026-04-05,2026-04,,,WELCOME15,True,item_discount,28.9,19.210000000000004,4617,meta,meta_ads,False,False,2026-04-05T05:52:48Z
00003122b8f0,2,38.5,24.859999999999996,2026-03-03,2026-03,2026-04-21,49.0,WELCOME15,True,item_discount,18.7,11.799999999999995,4065,google_ads,google_ads,False,True,2026-03-03T09:22:33Z
0000312854ae,4,262.3,165.93,2025-07-17,2025-07,2025-11-06,112.0,,False,no_code,63.0,40.22,1124,,unknown,False,True,2025-07-17T10:25:39Z
0000312d1679,2,101.0,44.179999999999986,2026-02-10,2026-02,2026-04-05,54.0,FREESHIP,False,freeship_only,36.0,6.089999999999999,3791,Facebook,meta_ads,False,True,2026-02-10T05:36:36Z
00003132b237,1,88.4,38.88,2025-09-05,2025-09,,,WELCOME15,True,item_discount,88.4,38.88,1527,meta,meta_ads,False,True,2025-09-05T01:39:24Z
00003132b2fe,1,148.0,96.59,2026-06-21,2026-06,,,,False,no_code,148.0,96.59,5895,meta,meta_ads,False,True,2026-06-21T02:58:21Z
000031377402,1,192.0,128.06,2025-12-16,2025-12,,,,False,no_code,192.0,128.06,3065,organic_search,organic_search,False,True,2025-12-16T17:24:46Z
0000313d0fc0,1,26.0,16.45,2025-10-02,2025-10,,,,False,no_code,26.0,16.45,1820,google_ads,google_ads,False,True,2025-10-02T15:58:49Z
000031875622,1,0.0,-9.81,2026-03-11,2026-03,,,WELCOME15,True,item_discount,22.1,-9.81,4146,meta,meta_ads,False,True,2026-03-11T05:38:46Z
0000318cf1e0,3,186.1,125.70000000000002,2025-07-16,2025-07,2025-09-12,58.0,,False,no_code,34.0,23.4,1118,meta,meta_ads,False,False,2025-07-16T13:32:02Z
00003191b2e4,2,100.0,52.209999999999994,2026-01-26,2026-01,2026-03-19,52.0,,False,no_code,76.0,43.94,3581,meta,meta_ads,False,True,2026-01-26T12:08:39Z
00003191b3ab,1,27.2,16.91,2026-02-01,2026-02,,,WELCOME15,True,item_discount,27.2,16.91,3644,tiktok,tiktok_ads,False,True,2026-02-01T00:56:17Z
000031974f69,1,100.3,55.81,2025-09-16,2025-09,,,WELCOME15,True,item_discount,100.3,55.81,1640,IG,meta_ads,True,True,2025-09-16T12:56:32Z
000031975030,1,76.0,24.570000000000004,2026-06-10,2026-06,,,,False,no_code,76.0,24.570000000000004,5688,meta,meta_ads,False,False,2026-06-10T00:12:08Z
0000319c106d,1,79.05,45.48,2026-02-19,2026-02,,,WELCOME15,True,item_discount,79.05,45.48,3902,Google,google_ads,True,True,2026-02-19T06:20:58Z
0000319c1134,3,277.0,97.27,2025-12-09,2025-12,2026-02-20,73.0,HOLIDAY15,False,item_discount,71.4,-43.07000000000001,2968,meta,meta_ads,False,False,2025-12-09T16:40:08Z
000031a1acf2,1,24.65,16.429999999999996,2025-10-07,2025-10,,,WELCOME15,True,item_discount,24.65,16.429999999999996,1877,referral,referral,False,False,2025-10-07T21:20:22Z
000031a1adb9,1,100.3,51.52,2026-05-13,2026-05,,,WELCOME15,True,item_discount,119.0,51.52,5257,organic_search,organic_search,False,False,2026-05-13T06:38:47Z
000031a66df6,3,110.2,76.06,2026-03-31,2026-03,2026-05-22,52.0,,False,no_code,38.0,26.4,4552,meta,meta_ads,False,True,2026-03-31T17:14:43Z
000031a66ebd,1,92.4,46.03,2025-11-25,2025-11,,,BFCM30,False,item_discount,92.4,46.03,2498,meta,meta_ads,False,True,2025-11-25T12:20:25Z
000031ac0a7b,1,22.0,15.399999999999997,2025-11-06,2025-11,,,,False,no_code,22.0,15.399999999999997,2249,direct,direct,False,True,2025-11-06T18:38:51Z
000031ac0b42,1,29.0,20.81,2026-04-13,2026-04,,,,False,no_code,29.0,20.81,4754,Facebook,meta_ads,False,False,2026-04-13T22:28:22Z
000031b0cb7f,1,26.0,15.91,2026-04-10,2026-04,,,,False,no_code,26.0,15.91,4701,organic_search,organic_search,False,True,2026-04-10T01:03:29Z
000031b0cc46,1,25.2,15.269999999999996,2025-11-26,2025-11,,,BFCM30,False,item_discount,25.2,15.269999999999996,2543,google_ads,google_ads,False,True,2025-11-26T01:30:31Z
000031b66804,1,66.0,18.7,2025-12-23,2025-12,,,,False,no_code,110.0,18.7,3157,meta,meta_ads,False,True,2025-12-23T11:08:08Z
000031bb2908,1,28.9,19.290000000000003,2026-05-28,2026-05,,,WELCOME15,True,item_discount,28.9,19.290000000000003,5496,organic_search,organic_search,False,True,2026-05-28T10:47:31Z
00003200ae66,1,22.0,10.04,2025-12-29,2025-12,,,,False,no_code,22.0,10.04,3223,referral,referral,False,False,2025-12-29T16:55:10Z
000032056f6a,1,25.6,15.870000000000005,2025-07-19,2025-07,,,SUMMER20,False,item_discount,25.6,15.870000000000005,1147,Facebook,meta_ads,False,False,2025-07-19T18:53:38Z
0000320b0b28,2,119.2,70.91,2026-03-13,2026-03,2026-04-13,31.0,WELCOME15,True,item_discount,61.2,36.06999999999999,4180,organic_search,organic_search,False,False,2026-03-13T18:00:54Z
0000320b0bef,1,39.2,-10.07,2025-11-29,2025-11,,,BFCM30,False,item_discount,84.0,-10.07,2760,tiktok,tiktok_ads,False,False,2025-11-29T21:34:33Z
0000321568b1,2,99.9,58.760000000000005,2026-04-30,2026-04,2026-06-27,58.0,WELCOME15,True,item_discount,45.9,28.23,5024,IG,meta_ads,True,True,2026-04-30T05:38:36Z
000032156978,1,58.8,23.489999999999995,2025-11-25,2025-11,,,BFCM30,False,item_discount,58.8,23.489999999999995,2468,meta,meta_ads,False,False,2025-11-25T01:44:28Z
0000321fc63a,1,51.0,26.77,2026-05-14,2026-05,,,WELCOME15,True,item_discount,51.0,26.77,5280,,unknown,False,False,2026-05-14T09:59:46Z
0000321fc701,1,36.0,25.26,2025-09-22,2025-09,,,,False,no_code,36.0,25.26,1699,,unknown,False,True,2025-09-22T02:20:41Z
0000322a23c3,1,32.0,21.770000000000003,2026-06-24,2026-06,,,,False,no_code,32.0,21.770000000000003,5954,IG,meta_ads,True,False,2026-06-24T00:44:32Z
0000322a248a,1,24.0,16.669999999999995,2025-08-23,2025-08,,,,False,no_code,24.0,16.669999999999995,1420,google_ads,google_ads,False,True,2025-08-23T15:36:30Z
0000325807ee,2,84.0,27.179999999999996,2025-08-19,2025-08,2025-09-19,31.0,WELCOME15,True,item_discount,71.4,-21.94,1391,organic_search,organic_search,False,False,2025-08-19T15:36:02Z
0000325808b5,1,59.4,33.52,2026-06-13,2026-06,,,AMELIA10,False,item_discount,59.4,33.52,5764,influencer,influencer,False,True,2026-06-13T17:26:37Z
000032626577,1,97.0,61.8,2025-10-21,2025-10,,,,False,no_code,97.0,61.8,2059,meta,meta_ads,False,True,2025-10-21T09:32:43Z
00003262663e,1,34.2,18.110000000000003,2026-05-03,2026-05,,,AMELIA10,False,item_discount,34.2,18.110000000000003,5070,influencer,influencer,False,True,2026-05-03T04:58:50Z
0000326cc300,1,77.0,31.52,2025-11-25,2025-11,,,BFCM30,False,item_discount,77.0,31.52,2503,influencer,influencer,False,False,2025-11-25T13:27:08Z
0000327a05e3,1,32.3,21.54,2026-04-05,2026-04,,,WELCOME15,True,item_discount,32.3,21.54,4619,,unknown,False,False,2026-04-05T12:01:48Z
00003284636c,1,24.0,16.039999999999996,2026-05-02,2026-05,,,,False,no_code,24.0,16.039999999999996,5052,meta,meta_ads,False,False,2026-05-02T10:57:50Z
0000328ec0f5,1,29.0,19.880000000000003,2026-06-14,2026-06,,,,False,no_code,29.0,19.880000000000003,5778,organic_search,organic_search,False,True,2026-06-14T17:20:20Z
0000328ec1bc,1,36.72,19.66,2025-08-12,2025-08,,,SUMMER20+WELCOME15,True,item_discount,36.72,19.66,1327,google_ads,google_ads,False,True,2025-08-12T13:21:30Z
000032b70962,1,44.0,29.85,2026-02-09,2026-02,,,,False,no_code,44.0,29.85,3784,meta,meta_ads,False,True,2026-02-09T17:54:38Z
000032bca520,1,49.3,30.689999999999998,2025-08-12,2025-08,,,WELCOME15,True,item_discount,49.3,30.689999999999998,1326,google_ads,google_ads,False,True,2025-08-12T11:51:41Z
000032bca5e7,1,72.0,46.0,2026-06-29,2026-06,,,,False,no_code,72.0,46.0,6040,Google,google_ads,True,False,2026-06-29T14:44:12Z
000032c166eb,1,32.3,21.26,2026-01-15,2026-01,,,SKINBYJORDAN15,False,item_discount,32.3,21.26,3439,influencer,influencer,False,True,2026-01-15T04:22:41Z
000032c702a9,2,81.6,52.400000000000006,2025-10-17,2025-10,2025-11-30,44.0,,False,no_code,34.0,23.3,2008,meta,meta_ads,False,False,2025-10-12T23:21:46Z
000032c70370,1,18.7,5.369999999999999,2026-05-03,2026-05,,,SKINBYJORDAN15,False,item_discount,18.7,5.369999999999999,5067,influencer,influencer,False,True,2026-05-03T01:52:22Z
000032cbc474,1,37.4,23.71,2025-12-04,2025-12,,,WELCOME15,True,item_discount,37.4,23.71,2898,referral,referral,False,False,2025-12-04T02:54:37Z
000032d16032,1,45.5,19.53,2025-11-29,2025-11,,,BFCM30,False,item_discount,45.5,19.53,2716,IG,meta_ads,True,False,2025-11-29T01:08:26Z
000032d160f9,2,136.3,83.84,2026-04-25,2026-04,2026-06-05,41.0,WELCOME15,True,item_discount,32.3,20.93,4958,tiktok,tiktok_ads,False,False,2026-04-25T22:16:10Z
000032d621fd,1,0.0,-35.79,2025-11-25,2025-11,,,BFCM30,False,item_discount,58.8,-35.79,2525,Google,google_ads,True,False,2025-11-25T19:50:21Z
000032dbbdbb,1,134.0,86.44,2025-11-12,2025-11,,,,False,no_code,134.0,86.44,2298,influencer,influencer,False,False,2025-11-12T13:47:23Z
000032dbbe82,1,0.0,-9.55,2026-03-18,2026-03,,,SPRING25,False,item_discount,25.5,-9.55,4333,meta,meta_ads,False,True,2026-03-18T13:32:33Z
000032e07f86,1,25.5,16.09,2025-10-27,2025-10,,,WELCOME15,True,item_discount,25.5,16.09,2141,organic_search,organic_search,False,True,2025-10-27T17:41:36Z
000032e61b44,2,118.0,73.34,2026-01-08,2026-01,2026-03-22,73.0,,False,no_code,84.0,49.12,3361,meta,meta_ads,False,False,2026-01-08T14:34:18Z
0000332b9fdb,1,18.7,11.829999999999997,2025-10-17,2025-10,,,WELCOME15,True,item_discount,18.7,11.829999999999997,2005,tiktok,tiktok_ads,False,False,2025-10-17T17:16:58Z
00003335fd64,2,83.6,54.66,2025-11-27,2025-11,2026-01-25,59.0,WELCOME15,True,item_discount,47.6,29.319999999999997,2607,meta,meta_ads,False,True,2025-11-27T01:41:36Z
00003335fe2b,1,24.0,-0.8399999999999981,2026-04-16,2026-04,,,,False,no_code,60.0,-0.8399999999999981,4801,meta,meta_ads,False,True,2026-04-16T22:26:46Z
0000333abe68,1,58.0,39.07999999999999,2026-04-07,2026-04,,,,False,no_code,58.0,39.07999999999999,4655,organic_search,organic_search,False,False,2026-02-21T16:06:42Z
0000333abf2f,1,56.0,20.64,2025-11-24,2025-11,,,,False,no_code,82.0,20.64,2438,tiktok,tiktok_ads,False,True,2025-11-24T15:07:27Z
000033405aed,3,258.5,153.87,2025-11-14,2025-11,2026-02-11,89.0,WELCOME15,True,item_discount,98.6,55.2,2313,meta,meta_ads,False,True,2025-11-14T01:41:36Z
000033405bb4,1,134.0,77.19,2026-03-18,2026-03,,,,False,no_code,166.0,77.19,4335,meta,meta_ads,False,True,2026-03-11T15:44:39Z
000033451bf1,1,20.4,13.089999999999996,2026-05-02,2026-05,,,WELCOME15,True,item_discount,20.4,13.089999999999996,5056,organic_search,organic_search,False,False,2026-05-02T12:53:09Z
000033451cb8,2,250.8,166.46,2025-10-18,2025-10,2026-01-11,85.0,,False,no_code,222.0,148.08,2018,referral,referral,False,True,2025-10-18T14:21:51Z
0000334ab876,2,248.0,147.82,2026-01-05,2026-01,2026-05-06,121.0,NEWYEAR20,False,item_discount,104.0,54.89,3319,organic_search,organic_search,False,False,2026-01-05T17:06:58Z
0000334ab93d,1,29.0,20.65000000000001,2026-02-23,2026-02,,,,False,no_code,29.0,20.65000000000001,3955,organic_search,organic_search,False,True,2026-02-23T09:16:56Z
0000334f797a,1,93.5,54.37999999999999,2026-06-20,2026-06,,,WELCOME15,True,item_discount,93.5,54.37999999999999,5877,organic_search,organic_search,False,True,2026-06-20T13:02:41Z
0000334f7a41,1,23.2,9.24,2025-08-09,2025-08,,,SUMMER20,False,item_discount,23.2,9.24,1298,google_ads,google_ads,False,False,2025-08-09T13:26:23Z
0000335515ff,2,172.0,106.5,2026-02-25,2026-02,2026-04-24,58.0,,False,no_code,72.0,46.44,3978,meta,meta_ads,False,True,2026-02-25T08:23:12Z
00003359d7ca,1,23.8,11.81,2025-07-30,2025-07,,,WELCOME15,True,item_discount,23.8,11.81,1234,google_ads,google_ads,False,False,2025-07-30T23:28:33Z
0000335f7388,1,80.75,43.1,2026-03-28,2026-03,,,WELCOME15,True,item_discount,80.75,43.1,4517,organic_search,organic_search,False,True,2026-03-28T16:09:56Z
00003387bbf5,1,59.5,33.28,2026-06-08,2026-06,,,WELCOME15,True,item_discount,59.5,33.28,5660,organic_search,organic_search,False,True,2026-04-28T01:45:24Z
00003392197e,1,27.2,16.99,2026-05-17,2026-05,,,WELCOME15,True,item_discount,27.2,16.99,5336,IG,meta_ads,True,True,2026-05-17T23:25:12Z
0000339f5c61,2,166.9,90.13,2025-11-26,2025-11,2026-01-01,36.0,BFCM30,False,item_discount,102.9,52.48,2547,facebook_ads,meta_ads,False,False,2025-11-26T02:48:40Z
000033a9b9ea,1,34.0,23.350000000000005,2025-10-05,2025-10,,,,False,no_code,34.0,23.350000000000005,1851,influencer,influencer,False,False,2025-10-05T05:07:32Z
000033b416ac,1,120.0,75.30000000000001,2026-06-04,2026-06,,,,False,no_code,120.0,75.30000000000001,5593,organic_search,organic_search,False,True,2026-06-04T12:37:25Z
000033b41773,1,28.0,15.760000000000003,2025-08-01,2025-08,,,,False,no_code,28.0,15.760000000000003,1247,referral,referral,False,False,2025-08-01T13:47:30Z
000033be74fc,1,21.760000000000005,-21.19,2025-07-19,2025-07,,,SUMMER20+WELCOME15,True,item_discount,78.88,-21.19,1142,organic_search,organic_search,False,True,2025-07-19T13:59:45Z
000033ec5860,1,28.9,2.8799999999999977,2025-09-01,2025-09,,,FREESHIP+LABORDAY15,False,item_discount,28.9,2.8799999999999977,1493,direct,direct,False,True,2025-09-01T19:37:51Z
000033ec5927,1,68.0,44.09,2026-06-02,2026-06,,,,False,no_code,68.0,44.09,5566,meta,meta_ads,False,True,2026-06-02T17:12:47Z
000033f6b5e9,1,34.0,23.37,2025-10-17,2025-10,,,,False,no_code,34.0,23.37,2000,google_ads,google_ads,False,False,2025-10-17T11:39:55Z
000033f6b6b0,1,54.4,30.69,2026-05-19,2026-05,,,WELCOME15,True,item_discount,54.4,30.69,5352,meta,meta_ads,False,False,2026-04-11T00:46:43Z
000034011372,1,77.0,25.5,2025-11-29,2025-11,,,BFCM30,False,item_discount,107.8,25.5,2731,google_ads,google_ads,False,False,2025-11-29T11:23:08Z
000034011439,1,44.0,13.240000000000002,2026-03-14,2026-03,,,,False,no_code,82.0,13.240000000000002,4198,Google,google_ads,True,False,2026-02-27T11:00:27Z
0000340b70fb,1,44.0,29.840000000000003,2025-12-19,2025-12,,,,False,no_code,44.0,29.840000000000003,3108,Google,google_ads,True,True,2025-12-19T08:23:53Z
0000340b71c2,1,107.1,47.12,2026-02-20,2026-02,,,WELCOME15,True,item_discount,107.1,47.12,3912,Google,google_ads,True,False,2026-02-20T02:15:01Z
000034110d80,1,44.0,28.23,2025-08-19,2025-08,,,,False,no_code,44.0,28.23,1383,meta,meta_ads,False,False,2025-08-19T00:40:30Z
00003415ce84,2,230.4,143.48,2026-02-19,2026-02,2026-05-26,96.0,WELCOME15,True,item_discount,105.4,61.93999999999999,3905,meta,meta_ads,False,True,2026-02-19T13:06:36Z
00003450f659,1,35.900000000000006,19.910000000000004,2026-06-29,2026-06,,,GLOWWITHSAM12+WELCOME15,True,item_discount,35.9,19.910000000000004,6046,influencer,influencer,False,True,2026-06-29T19:21:15Z
0000345b53e2,1,29.0,20.610000000000007,2026-05-25,2026-05,,,,False,no_code,29.0,20.610000000000007,5434,TikTok,tiktok_ads,False,True,2026-05-25T01:10:43Z
0000346014e6,1,43.400000000000006,20.520000000000003,2025-11-30,2025-11,,,BFCM30,False,item_discount,43.4,20.520000000000003,2795,referral,referral,False,True,2025-11-30T14:29:58Z
00003465b0a4,1,30.8,1.09,2025-11-25,2025-11,,,BFCM30,False,item_discount,30.8,1.09,2497,Facebook,meta_ads,False,True,2025-11-25T12:01:19Z
00003465b16b,1,38.0,26.96,2026-03-29,2026-03,,,,False,no_code,38.0,26.96,4521,,unknown,False,True,2026-03-29T00:00:20Z
0000346a726f,1,94.0,58.75,2025-10-21,2025-10,,,,False,no_code,94.0,58.75,2068,google_ads,google_ads,False,True,2025-10-21T23:56:00Z
000034700e2d,1,102.0,59.77,2025-12-15,2025-12,,,HOLIDAY15,False,item_discount,102.0,59.77,3040,meta,meta_ads,False,True,2025-12-15T09:13:28Z
000034700ef4,1,152.0,98.97,2026-02-02,2026-02,,,,False,no_code,152.0,98.97,3656,google_ads,google_ads,False,False,2026-02-02T01:27:55Z
00003474cff8,1,133.0,85.82000000000001,2025-09-16,2025-09,,,,False,no_code,133.0,85.82000000000001,1644,tiktok,tiktok_ads,False,True,2025-09-16T16:46:22Z
0000347a6bb6,1,28.9,19.450000000000003,2026-02-16,2026-02,,,WELCOME15,True,item_discount,28.9,19.450000000000003,3876,organic_search,organic_search,False,False,2026-01-10T15:18:24Z
0000347a6c7d,2,78.0,54.25,2026-01-04,2026-01,2026-02-15,42.0,,False,no_code,34.0,24.610000000000003,3297,direct,direct,False,False,2026-01-04T13:55:32Z
0000347f2d81,1,67.2,32.92,2025-07-17,2025-07,,,SUMMER20,False,item_discount,67.2,32.92,1123,meta,meta_ads,False,False,2025-07-17T02:42:02Z
00003484c93f,2,59.5,39.260000000000005,2026-03-30,2026-03,2026-05-04,35.0,WELCOME15,True,item_discount,30.6,19.830000000000005,4541,google_ads,google_ads,False,False,2026-03-30T23:00:39Z
00003484ca06,1,76.5,43.33,2025-12-12,2025-12,,,HOLIDAY15,False,item_discount,76.5,43.33,3006,,unknown,False,False,2025-12-12T19:39:26Z
0000348f26c8,2,32.0,12.079999999999998,2026-04-22,2026-04,2026-06-03,42.0,,False,no_code,32.0,21.75,4911,,unknown,False,False,2026-04-22T22:18:21Z
000034d4ab5f,1,130.04999999999998,72.30000000000001,2025-12-17,2025-12,,,WELCOME15,True,item_discount,130.05,72.30000000000001,3084,influencer,influencer,False,True,2025-12-17T21:20:49Z
000034d96d2a,1,85.0,28.33,2025-09-24,2025-09,,,,False,no_code,85.0,28.33,1720,meta,meta_ads,False,True,2025-09-24T14:28:38Z
000034df08e8,1,28.9,19.47,2026-02-27,2026-02,,,WELCOME15,True,item_discount,28.9,19.47,4005,Facebook,meta_ads,False,True,2026-02-27T11:52:41Z
000034e3cab3,1,57.0,29.690000000000005,2025-07-03,2025-07,,,,False,no_code,57.0,29.690000000000005,1017,google_ads,google_ads,False,True,2025-07-03T15:51:10Z
000034e96671,1,30.0,19.070000000000004,2026-03-13,2026-03,,,,False,no_code,30.0,19.070000000000004,4178,google_ads,google_ads,False,True,2026-03-13T14:33:54Z
000034e96738,1,36.0,25.620000000000005,2025-12-28,2025-12,,,,False,no_code,36.0,25.620000000000005,3213,organic_search,organic_search,False,False,2025-12-28T19:55:50Z
000034f3c3fa,2,74.05,49.230000000000004,2026-04-03,2026-04,2026-06-07,65.0,WELCOME15,True,item_discount,45.05,28.59,4583,google_ads,google_ads,False,True,2026-04-03T09:27:30Z
000034f3c4c1,1,44.1,26.940000000000005,2025-11-30,2025-11,,,BFCM30,False,item_discount,44.1,26.940000000000005,2819,Facebook,meta_ads,False,True,2025-11-30T21:32:09Z
000034fe2183,2,212.5,124.73999999999998,2026-05-06,2026-05,2026-06-15,40.0,MOMS15,False,item_discount,74.8,39.60999999999999,5137,meta,meta_ads,False,False,2026-05-06T17:09:33Z
00003511aede,2,138.0,90.03999999999999,2026-06-02,2026-06,2026-06-30,28.0,,False,no_code,34.0,24.38,5569,organic_search,organic_search,False,True,2026-06-02T22:11:16Z
0000351c0c67,1,56.1,25.709999999999997,2026-05-27,2026-05,,,WELCOME15,True,item_discount,56.1,25.709999999999997,5473,organic_search,organic_search,False,False,2026-05-27T12:09:02Z
0000352669f0,1,38.0,20.99,2026-04-23,2026-04,,,FREESHIP,False,freeship_only,38.0,20.99,4923,meta,meta_ads,False,True,2026-04-23T14:24:39Z
00003530c779,1,0.0,-14.45,2026-03-17,2026-03,,,SPRING25,False,item_discount,33.0,-14.45,4276,organic_search,organic_search,False,False,2026-03-17T01:28:22Z
000035366337,1,56.0,32.21,2025-07-13,2025-07,,,,False,no_code,56.0,32.21,1100,direct,direct,False,True,2025-07-13T13:29:44Z
0000353b2502,1,76.0,48.98,2026-02-06,2026-02,,,,False,no_code,76.0,48.98,3715,meta,meta_ads,False,False,2026-02-06T03:00:22Z
00003540c0c0,1,18.7,1.1199999999999957,2025-09-07,2025-09,,,WELCOME15,True,item_discount,56.1,1.1199999999999957,1556,organic_search,organic_search,False,False,2025-09-07T15:56:08Z
0000354867e5,3,256.4,172.59,2025-07-22,2025-07,2025-10-28,98.0,,False,no_code,34.0,23.350000000000005,1173,google_ads,google_ads,False,False,2025-07-22T14:42:26Z
0000358b0722,1,62.0,36.72,2026-04-29,2026-04,,,,False,no_code,62.0,36.72,5015,tiktok,tiktok_ads,False,False,2026-04-29T19:28:59Z
0000359563e4,1,29.92,19.430000000000003,2025-12-22,2025-12,,,GLOWWITHSAM12,False,item_discount,29.92,19.430000000000003,3148,Influencer,influencer,False,False,2025-12-22T14:58:45Z
0000359564ab,1,47.25,30.98,2026-03-18,2026-03,,,SPRING25,False,item_discount,47.25,30.98,4332,organic_search,organic_search,False,True,2026-03-18T12:53:49Z
0000359b0069,1,124.0,78.92000000000002,2025-07-11,2025-07,,,,False,no_code,124.0,78.92000000000002,1081,IG,meta_ads,True,True,2025-07-11T19:06:19Z
0000359fc16d,1,23.2,15.39,2026-01-10,2026-01,,,NEWYEAR20,False,item_discount,23.2,15.39,3391,tiktok,tiktok_ads,False,False,2026-01-10T15:05:37Z
0000359fc234,1,99.0,65.32000000000001,2026-02-14,2026-02,,,,False,no_code,99.0,65.32000000000001,3848,facebook_ads,meta_ads,False,True,2026-02-14T17:18:09Z
000035a55df2,1,24.64,12.42,2025-09-21,2025-09,,,GLOWWITHSAM12,False,item_discount,24.64,12.42,1695,influencer,influencer,False,True,2025-09-21T18:34:42Z
000035a55eb9,1,126.0,83.21,2026-06-24,2026-06,,,,False,no_code,126.0,83.21,5969,organic_search,organic_search,False,True,2026-06-24T23:03:45Z
000035aa1ef6,1,29.0,20.74000000000001,2026-02-06,2026-02,,,,False,no_code,29.0,20.74000000000001,3713,organic_search,organic_search,False,True,2026-02-06T02:35:00Z
000035aa1fbd,1,174.25,93.7,2025-12-19,2025-12,,,HOLIDAY15,False,item_discount,174.25,93.7,3120,google_ads,google_ads,False,False,2025-12-19T20:22:08Z
000035afbb7b,1,36.0,21.040000000000003,2025-10-16,2025-10,,,,False,no_code,36.0,21.040000000000003,1989,organic_search,organic_search,False,False,2025-10-16T12:57:27Z
000035b47c7f,2,121.0,75.75,2026-03-21,2026-03,2026-04-16,26.0,SPRING25,False,item_discount,45.0,26.579999999999995,4417,,unknown,False,False,2026-03-21T14:19:06Z
000035b47d46,1,62.0,32.63,2025-11-08,2025-11,,,,False,no_code,62.0,32.63,2266,tiktok,tiktok_ads,False,True,2025-11-08T23:00:08Z
000035ba1904,3,279.0,162.96,2025-11-26,2025-11,2025-12-24,28.0,BFCM30,False,item_discount,65.8,29.86,2572,Google,google_ads,True,True,2025-11-26T15:17:53Z
000035beda08,1,67.0,30.29,2026-05-27,2026-05,,,,False,no_code,67.0,30.29,5476,influencer,influencer,False,True,2026-05-27T14:03:43Z
000035fa01dd,1,25.5,15.88,2026-03-19,2026-03,,,SPRING25,False,item_discount,25.5,15.88,4359,direct,direct,False,False,2026-03-19T15:06:31Z
000036045f66,2,270.8,170.3,2026-02-24,2026-02,2026-04-16,51.0,WELCOME15,True,item_discount,74.8,38.9,3968,Google,google_ads,True,True,2026-02-24T02:34:43Z
00003609206a,2,160.4,91.28,2025-08-17,2025-08,2025-09-25,39.0,WELCOME15,True,item_discount,49.3,1.9600000000000009,1370,meta,meta_ads,False,True,2025-08-17T06:34:32Z
0000360ebc28,2,239.2,152.49,2026-02-17,2026-02,2026-04-06,48.0,WELCOME15,True,item_discount,112.2,69.07,3884,Facebook,meta_ads,False,True,2026-01-16T02:54:59Z
0000360ebcef,1,23.8,13.13,2025-12-01,2025-12,,,BFCM30,False,item_discount,23.8,13.13,2832,referral,referral,False,False,2025-12-01T01:43:18Z
0000361919b1,1,25.5,15.95,2026-03-15,2026-03,,,SPRING25,False,item_discount,25.5,15.95,4237,referral,referral,False,False,2026-03-15T20:25:54Z
000036191a78,1,64.0,38.91,2025-11-22,2025-11,,,,False,no_code,64.0,38.91,2391,organic_search,organic_search,False,True,2025-11-22T23:51:48Z
00003623773a,1,130.0,83.66,2026-05-15,2026-05,,,,False,no_code,130.0,83.66,5293,tiktok,tiktok_ads,False,False,2026-05-15T10:01:46Z
000036237801,1,22.0,15.02,2025-10-04,2025-10,,,,False,no_code,22.0,15.02,1843,organic_search,organic_search,False,False,2025-10-04T16:49:08Z
0000362dd4c3,1,58.5,33.24,2026-06-04,2026-06,,,AMELIA10,False,item_discount,58.5,33.24,5603,influencer,influencer,False,True,2026-06-04T20:36:41Z
0000365bb8ee,2,144.4,86.65,2025-07-08,2025-07,2025-11-26,141.0,,False,no_code,108.0,66.65,1049,,unknown,False,True,2025-07-08T12:36:21Z
000036661677,1,153.85,94.41,2025-08-29,2025-08,,,WELCOME15,True,item_discount,153.85,94.41,1469,meta,meta_ads,False,True,2025-08-29T14:52:24Z
00003666173e,1,38.0,26.64,2026-06-17,2026-06,,,,False,no_code,38.0,26.64,5828,Google,google_ads,True,False,2026-05-17T12:55:21Z
000036707400,2,78.8,50.63,2025-10-19,2025-10,2026-01-03,76.0,,False,no_code,34.0,23.410000000000004,2035,Direct,direct,False,True,2025-10-19T21:21:27Z
0000367db6e3,2,129.2,80.03,2026-03-29,2026-03,2026-04-13,15.0,WELCOME15,True,item_discount,37.4,24.37,4532,meta,meta_ads,False,False,2026-03-29T18:34:18Z
00003688146c,1,58.0,34.46,2026-05-24,2026-05,,,,False,no_code,58.0,34.46,5429,facebook_ads,meta_ads,False,False,2026-05-24T16:06:56Z
0000369271f5,1,37.4,24.3,2026-06-09,2026-06,,,WELCOME15,True,item_discount,37.4,24.3,5673,organic_search,organic_search,False,True,2026-05-07T02:41:26Z
000036baba62,1,59.5,31.95,2026-03-22,2026-03,,,WELCOME15,True,item_discount,59.5,31.95,4439,meta,meta_ads,False,True,2026-03-22T13:00:48Z
000036c05620,3,300.32,188.99,2025-07-13,2025-07,2025-08-26,44.0,SUMMER20+WELCOME15,True,item_discount,16.32,8.509999999999998,1099,direct,direct,False,False,2025-07-13T12:01:13Z
000036c517eb,2,107.30000000000001,68.58000000000001,2026-02-21,2026-02,2026-05-04,72.0,,False,no_code,29.0,20.690000000000005,3934,,unknown,False,True,2026-02-21T21:09:27Z
000036cab3a9,1,27.2,16.68,2025-08-11,2025-08,,,SUMMER20,False,item_discount,27.2,16.68,1311,tiktok,tiktok_ads,False,True,2025-08-11T01:23:08Z
000036cab470,1,72.25,42.77,2026-06-28,2026-06,,,WELCOME15,True,item_discount,72.25,42.77,6020,meta,meta_ads,False,True,2026-06-28T11:18:41Z
000036cf7574,2,106.4,59.28,2026-01-23,2026-01,2026-03-06,42.0,,False,no_code,56.0,32.35,3538,meta,meta_ads,False,True,2026-01-23T23:13:40Z
000036d51132,1,28.9,19.72,2025-10-23,2025-10,,,WELCOME15,True,item_discount,28.9,19.72,2086,facebook_ads,meta_ads,False,True,2025-10-23T11:43:35Z
000036d511f9,1,55.0,32.21000000000001,2026-05-07,2026-05,,,,False,no_code,55.0,32.21000000000001,5149,meta,meta_ads,False,False,2026-05-07T01:33:53Z
000036d9d2fd,1,73.78,28.790000000000003,2025-11-26,2025-11,,,BFCM30+WELCOME15,True,item_discount,73.78,28.790000000000003,2567,meta,meta_ads,False,True,2025-11-26T13:36:49Z
000036df6ebb,1,72.0,39.18,2025-11-17,2025-11,,,,False,no_code,72.0,39.18,2349,Direct,direct,False,False,2025-11-17T23:17:59Z
000036e43086,1,21.0,11.96,2025-11-28,2025-11,,,BFCM30,False,item_discount,21.0,11.96,2679,influencer,influencer,False,True,2025-11-28T10:35:21Z
000036e9cc44,1,29.0,21.050000000000004,2025-12-23,2025-12,,,,False,no_code,29.0,21.050000000000004,3153,meta,meta_ads,False,True,2025-12-23T06:03:26Z
00003729b51d,2,203.0,136.54000000000002,2026-02-20,2026-02,2026-05-12,81.0,,False,no_code,176.0,119.51,3920,organic_search,organic_search,False,True,2026-02-20T15:30:55Z
0000372f50db,1,34.0,23.24,2025-08-10,2025-08,,,,False,no_code,34.0,23.24,1302,,unknown,False,True,2025-08-10T03:13:21Z
0000373412a6,1,63.0,40.5,2026-01-15,2026-01,,,,False,no_code,63.0,40.5,3444,tiktok,tiktok_ads,False,False,2026-01-15T18:00:23Z
00003739ae64,1,34.0,23.320000000000004,2025-10-13,2025-10,,,,False,no_code,34.0,23.320000000000004,1968,TikTok,tiktok_ads,False,True,2025-10-13T21:57:43Z
0000373e6f68,1,98.6,59.85,2026-03-11,2026-03,,,WELCOME15,True,item_discount,98.6,59.85,4152,referral,referral,False,False,2026-03-11T21:28:21Z
0000373e702f,1,89.6,42.17,2025-11-25,2025-11,,,BFCM30,False,item_discount,89.6,42.17,2462,meta,meta_ads,False,True,2025-11-24T23:59:50Z
000037440bed,1,44.0,-3.9499999999999993,2025-11-15,2025-11,,,,False,no_code,128.0,-3.9499999999999993,2324,google_ads,google_ads,False,True,2025-11-15T07:56:37Z
00003748ccf1,1,28.9,19.47,2026-04-01,2026-04,,,WELCOME15,True,item_discount,28.9,19.47,4565,direct,direct,False,False,2026-04-01T22:42:47Z
00003748cdb8,2,44.4,11.519999999999998,2025-11-25,2025-11,2025-12-28,33.0,BFCM30,False,item_discount,22.4,12.729999999999997,2538,direct,direct,False,False,2025-11-25T23:22:23Z
0000374e6976,1,44.2,23.19,2025-12-07,2025-12,,,WELCOME15,True,item_discount,44.2,23.19,2942,direct,direct,False,True,2025-12-07T16:03:40Z
0000374e6a3d,2,154.8,73.44000000000001,2026-03-28,2026-03,2026-05-19,52.0,WELCOME15,True,item_discount,40.8,17.56,4516,meta,meta_ads,False,True,2026-03-28T13:54:37Z
000037532a7a,2,95.0,56.25000000000001,2026-05-02,2026-05,2026-06-22,51.0,DERMDIARY10,False,item_discount,45.0,28.790000000000006,5064,Influencer,influencer,False,False,2026-05-02T23:49:23Z
000037532b41,1,54.0,31.08,2025-10-27,2025-10,,,,False,no_code,54.0,31.08,2143,tiktok,tiktok_ads,False,False,2025-10-20T18:11:51Z
00003758c6ff,2,131.0,87.76000000000002,2026-01-28,2026-01,2026-03-10,41.0,,False,no_code,29.0,20.520000000000003,3611,direct,direct,False,False,2026-01-28T23:45:13Z
0000375d8803,1,28.9,19.130000000000003,2026-06-07,2026-06,,,WELCOME15,True,item_discount,28.9,19.130000000000003,5651,meta,meta_ads,False,True,2026-06-07T18:28:15Z
0000375d88ca,2,56.0,38.370000000000005,2025-08-03,2025-08,2026-03-01,210.0,,False,no_code,34.0,23.450000000000003,1263,direct,direct,False,True,2025-08-03T22:24:13Z
0000378b6cf5,1,32.0,21.68,2026-06-11,2026-06,,,,False,no_code,32.0,21.68,5717,organic_search,organic_search,False,False,2026-06-11T10:54:46Z
00003795ca7e,1,47.6,28.82,2026-05-03,2026-05,,,WELCOME15,True,item_discount,47.6,28.82,5077,meta,meta_ads,False,False,2026-05-03T19:04:55Z
000037a30d61,1,26.18,12.69,2025-11-30,2025-11,,,BFCM30+WELCOME15,True,item_discount,26.18,12.69,2776,direct,direct,False,True,2025-11-19T03:34:16Z
000037ad6a23,1,34.0,24.24,2026-04-22,2026-04,,,,False,no_code,34.0,24.24,4904,google_ads,google_ads,False,False,2026-04-22T13:33:34Z
000037ad6aea,1,113.4,41.86,2025-11-29,2025-11,,,BFCM30,False,item_discount,113.4,41.86,2753,organic_search,organic_search,False,True,2025-11-29T16:18:36Z
000037b7c7ac,1,18.7,12.019999999999998,2026-05-09,2026-05,,,MOMS15,False,item_discount,18.7,12.019999999999998,5204,google_ads,google_ads,False,False,2026-05-09T23:26:10Z
000037b7c873,2,214.2,94.44,2025-10-14,2025-10,2025-11-01,18.0,WELCOME15,True,item_discount,129.2,70.53,1972,referral,referral,False,True,2025-10-14T01:45:28Z
000037c22535,1,36.0,25.330000000000005,2026-06-22,2026-06,,,,False,no_code,36.0,25.330000000000005,5933,organic_search,organic_search,False,True,2026-06-22T17:17:54Z
000037c225fc,1,84.0,46.53,2025-08-26,2025-08,,,,False,no_code,84.0,46.53,1445,meta,meta_ads,False,False,2025-08-14T18:11:08Z
000037f00960,1,54.0,34.02,2025-08-20,2025-08,,,,False,no_code,54.0,34.02,1403,meta,meta_ads,False,False,2025-07-11T14:30:56Z
000037f00a27,1,88.0,51.67,2026-06-11,2026-06,,,,False,no_code,88.0,51.67,5718,direct,direct,False,True,2026-06-11T11:35:46Z
000037fa66e9,1,78.0,49.11,2025-09-16,2025-09,,,,False,no_code,78.0,49.11,1638,direct,direct,False,False,2025-09-16T08:55:46Z
000037fa67b0,1,34.0,24.22,2026-05-29,2026-05,,,,False,no_code,34.0,24.22,5514,Direct,direct,False,False,2026-05-29T10:39:32Z
00003804c472,1,11.9,1.7000000000000015,2025-11-28,2025-11,,,BFCM30,False,item_discount,23.8,1.7000000000000015,2700,meta,meta_ads,False,False,2025-11-28T18:04:59Z
00003804c539,1,107.1,53.37,2026-04-13,2026-04,,,WELCOME15,True,item_discount,132.6,53.37,4750,facebook_ads,meta_ads,False,False,2026-04-13T15:11:07Z
0000380f21fb,1,42.0,23.06,2025-11-30,2025-11,,,BFCM30,False,item_discount,42.0,23.06,2799,influencer,influencer,False,True,2025-11-30T15:06:52Z
0000380f22c2,1,18.7,11.999999999999996,2026-03-19,2026-03,,,WELCOME15,True,item_discount,18.7,11.999999999999996,4356,meta,meta_ads,False,False,2026-03-19T11:24:29Z
000038197f84,1,111.35,67.09,2025-12-28,2025-12,,,WELCOME15,True,item_discount,111.35,67.09,3210,google_ads,google_ads,False,False,2025-12-28T13:51:37Z
00003826c267,1,71.4,37.93,2026-06-19,2026-06,,,WELCOME15,True,item_discount,71.4,37.93,5861,tiktok,tiktok_ads,False,False,2026-06-19T15:27:39Z
00003854a759,1,38.0,26.75,2026-06-23,2026-06,,,,False,no_code,38.0,26.75,5947,tiktok,tiktok_ads,False,False,2026-06-23T19:06:59Z
0000385f041b,1,151.36,92.22,2025-09-11,2025-09,,,GLOWWITHSAM12,False,item_discount,151.36,92.22,1597,influencer,influencer,False,True,2025-09-11T20:17:54Z
0000385f04e2,1,40.8,14.69,2026-05-22,2026-05,,,WELCOME15,True,item_discount,40.8,14.69,5394,tiktok,tiktok_ads,False,True,2026-05-22T14:41:06Z
00003863c5e6,3,83.3,40.900000000000006,2025-12-01,2025-12,2026-01-05,35.0,BFCM30,False,item_discount,20.3,12.540000000000004,2839,meta,meta_ads,False,True,2025-12-01T03:39:51Z
0000386961a4,1,37.48,21.809999999999995,2025-11-28,2025-11,,,BFCM30+WELCOME15,True,item_discount,37.480000000000004,21.809999999999995,2678,IG,meta_ads,True,False,2025-11-28T10:24:30Z
00003869626b,1,48.0,25.210000000000004,2026-04-09,2026-04,,,,False,no_code,48.0,25.210000000000004,4691,influencer,influencer,False,True,2026-04-09T14:39:17Z
0000386e236f,1,49.3,30.669999999999995,2025-11-26,2025-11,,,WELCOME15,True,item_discount,49.3,30.669999999999995,2560,meta,meta_ads,False,True,2025-11-26T12:05:02Z
00003873bf2d,1,54.6,23.32,2025-11-29,2025-11,,,BFCM30,False,item_discount,54.6,23.32,2762,referral,referral,False,True,2025-11-29T22:14:26Z
00003873bff4,1,87.0,48.3,2026-03-21,2026-03,,,SPRING25,False,item_discount,87.0,48.3,4403,google_ads,google_ads,False,True,2026-03-21T00:56:38Z
0000387880f8,1,44.0,30.880000000000003,2025-10-21,2025-10,,,,False,no_code,44.0,30.880000000000003,2060,direct,direct,False,True,2025-10-21T10:33:28Z
0000387e1cb6,3,154.8,64.55000000000001,2025-12-07,2025-12,2026-01-11,35.0,WELCOME15,True,item_discount,27.2,10.820000000000004,2943,organic_search,organic_search,False,True,2025-12-07T16:16:54Z
0000387e1d7d,2,127.25,80.28,2026-02-18,2026-02,2026-05-02,73.0,WELCOME15,True,item_discount,89.25,54.06,3896,direct,direct,False,True,2026-02-18T15:47:09Z
00003882de81,1,22.1,12.68,2025-09-17,2025-09,,,WELCOME15,True,item_discount,22.1,12.68,1653,facebook_ads,meta_ads,False,False,2025-09-17T20:11:23Z
000038887a3f,1,88.0,51.85000000000001,2026-02-26,2026-02,,,,False,no_code,88.0,51.85000000000001,3989,direct,direct,False,True,2026-02-26T02:17:03Z
0000388d3c0a,1,23.2,15.35,2025-07-02,2025-07,,,SUMMER20,False,item_discount,23.2,15.35,1007,Facebook,meta_ads,False,True,2025-07-02T01:33:48Z
00003892d7c8,2,96.0,47.7,2026-03-06,2026-03,2026-04-24,49.0,,False,no_code,108.0,25.980000000000004,4100,facebook_ads,meta_ads,False,True,2026-02-18T14:50:15Z
000038d2c0a1,1,103.6,50.34,2025-11-24,2025-11,,,BFCM30,False,item_discount,103.6,50.34,2425,organic_search,organic_search,False,True,2025-11-24T11:26:15Z
000038d85c5f,1,20.3,12.6,2025-11-29,2025-11,,,BFCM30,False,item_discount,20.3,12.6,2733,meta,meta_ads,False,False,2025-11-29T11:36:33Z
000038dd1e2a,1,23.8,11.72,2025-10-28,2025-10,,,WELCOME15,True,item_discount,23.8,11.72,2150,referral,referral,False,False,2025-10-28T01:31:31Z
000038e2b9e8,1,23.8,11.64,2025-12-18,2025-12,,,HOLIDAY15,False,item_discount,23.8,11.64,3088,influencer,influencer,False,True,2025-12-18T01:21:27Z
000038e77aec,1,68.0,42.11,2026-06-26,2026-06,,,,False,no_code,68.0,42.11,5995,organic_search,organic_search,False,False,2026-06-26T19:19:29Z
000038e77bb3,2,162.0,78.11,2025-09-11,2025-09,2025-10-02,21.0,,False,no_code,106.0,47.620000000000005,1593,direct,direct,False,True,2025-09-11T11:55:02Z
000038ed1771,1,0.0,-10.21,2026-02-09,2026-02,,,,False,no_code,34.0,-10.21,3785,direct,direct,False,False,2026-02-09T22:47:20Z
000038f1d93c,1,44.8,20.12,2025-07-29,2025-07,,,SUMMER20,False,item_discount,44.8,20.12,1219,meta,meta_ads,False,False,2025-07-29T11:52:29Z
000038f774fa,1,43.35,5.7200000000000015,2026-03-16,2026-03,,,SPRING25+WELCOME15,True,item_discount,59.92,5.7200000000000015,4243,,unknown,False,True,2026-03-15T23:57:59Z
00003901d283,1,28.9,14.239999999999991,2026-04-19,2026-04,,,WELCOME15,True,item_discount,28.9,14.239999999999991,4851,organic_search,organic_search,False,True,2026-04-19T21:39:02Z
0000391fbd67,1,22.0,14.170000000000002,2026-06-09,2026-06,,,,False,no_code,22.0,14.170000000000002,5681,google_ads,google_ads,False,True,2026-06-09T12:31:48Z
0000392a1af0,1,108.0,57.31999999999999,2026-05-10,2026-05,,,,False,no_code,108.0,57.31999999999999,5217,tiktok,tiktok_ads,False,False,2026-05-10T16:52:44Z
000039347879,1,28.9,19.56,2026-04-27,2026-04,,,WELCOME15,True,item_discount,28.9,19.56,4981,Facebook,meta_ads,False,True,2026-04-27T11:29:05Z
0000393ed602,1,32.3,21.37,2026-03-15,2026-03,,,WELCOME15,True,item_discount,32.3,21.37,4222,,unknown,False,True,2026-03-15T02:06:18Z
0000394471c0,1,129.0,84.38000000000001,2025-08-17,2025-08,,,,False,no_code,129.0,84.38000000000001,1371,direct,direct,False,True,2025-08-17T15:15:18Z
0000394c18e5,1,71.4,36.5,2025-09-27,2025-09,,,WELCOME15,True,item_discount,71.4,36.5,1759,meta,meta_ads,False,True,2025-09-27T16:56:32Z
00003956766e,1,20.8,11.41,2025-07-09,2025-07,,,SUMMER20,False,item_discount,20.8,11.41,1058,organic_search,organic_search,False,True,2025-07-09T09:55:58Z
000039845a99,1,38.0,26.96,2026-06-19,2026-06,,,,False,no_code,38.0,26.96,5850,,unknown,False,True,2026-06-19T03:36:31Z
0000398eb822,1,68.0,40.91,2026-05-19,2026-05,,,,False,no_code,68.0,40.91,5362,IG,meta_ads,True,True,2026-04-12T16:34:16Z
0000399914e4,1,28.9,18.35,2025-11-13,2025-11,,,WELCOME15,True,item_discount,28.9,18.35,2306,organic_search,organic_search,False,True,2025-11-13T18:13:03Z
0000399915ab,1,60.0,35.35,2026-04-05,2026-04,,,,False,no_code,60.0,35.35,4621,IG,meta_ads,True,True,2026-04-05T13:51:49Z
000039a3726d,1,28.9,18.230000000000004,2025-12-21,2025-12,,,HOLIDAY15,False,item_discount,28.9,18.230000000000004,3139,tiktok,tiktok_ads,False,True,2025-12-21T15:30:27Z
000039a37334,1,88.39999999999999,46.33,2026-03-13,2026-03,,,WELCOME15,True,item_discount,88.4,46.33,4171,Facebook,meta_ads,False,True,2026-03-13T02:06:37Z
000039a90ef2,1,20.8,11.3,2025-08-07,2025-08,,,SUMMER20,False,item_discount,20.8,11.3,1288,influencer,influencer,False,True,2025-08-07T11:31:18Z
000039a90fb9,1,33.44,22.4,2026-06-30,2026-06,,,GLOWWITHSAM12,False,item_discount,33.44,22.4,6065,influencer,influencer,False,True,2026-06-30T14:46:17Z
000039adcff6,2,70.3,47.66,2026-01-26,2026-01,2026-04-04,68.0,WELCOME15,True,item_discount,32.3,21.36,3576,meta,meta_ads,False,True,2026-01-05T01:40:37Z
000039add0bd,1,24.0,2.1900000000000013,2026-01-05,2026-01,,,NEWYEAR20,False,item_discount,91.2,2.1900000000000013,3315,tiktok,tiktok_ads,False,False,2026-01-05T12:16:15Z
000039b36c7b,1,0.0,-10.52,2025-09-27,2025-09,,,,False,no_code,34.0,-10.52,1753,direct,direct,False,False,2025-09-27T05:00:10Z
000039b82d7f,1,30.6,3.810000000000001,2026-03-01,2026-03,,,SKINBYJORDAN15,False,item_discount,57.8,3.810000000000001,4049,influencer,influencer,False,False,2026-03-01T22:23:55Z
000039b82e46,1,27.2,17.59,2025-12-11,2025-12,,,WELCOME15,True,item_discount,27.2,17.59,2986,meta,meta_ads,False,True,2025-12-11T02:56:22Z
000039c28b08,1,88.0,52.45000000000001,2026-04-18,2026-04,,,,False,no_code,88.0,52.45000000000001,4833,organic_search,organic_search,False,True,2026-04-07T18:03:16Z
000039fdb2dd,1,57.8,30.679999999999996,2026-04-23,2026-04,,,WELCOME15,True,item_discount,57.8,30.679999999999996,4914,direct,direct,False,True,2026-04-23T00:25:32Z
00003a080f9f,1,44.0,30.980000000000004,2025-12-05,2025-12,,,,False,no_code,44.0,30.980000000000004,2918,Facebook,meta_ads,False,False,2025-12-05T17:32:14Z
00003a081066,1,94.35,47.16,2026-03-18,2026-03,,,SPRING25+WELCOME15,True,item_discount,94.35,47.16,4336,facebook_ads,meta_ads,False,True,2026-03-18T16:28:58Z
00003a0cd16a,1,27.2,17.48,2025-09-01,2025-09,,,LABORDAY15,False,item_discount,27.2,17.48,1489,influencer,influencer,False,True,2025-09-01T14:21:31Z
00003a126d28,2,60.0,40.79,2026-01-05,2026-01,2026-01-20,15.0,,False,no_code,26.0,16.56,3323,direct,direct,False,False,2026-01-05T21:57:38Z
00003a126def,1,53.0,30.570000000000004,2026-01-24,2026-01,,,,False,no_code,53.0,30.570000000000004,3555,tiktok,tiktok_ads,False,False,2026-01-04T21:20:35Z
00003a172e2c,1,26.1,17.550000000000004,2026-06-28,2026-06,,,DERMDIARY10,False,item_discount,26.1,17.550000000000004,6019,influencer,influencer,False,False,2026-06-28T09:39:18Z
00003a172ef3,3,112.2,64.81,2025-08-09,2025-08,2025-09-13,35.0,SUMMER20,False,item_discount,54.4,27.95,1299,direct,direct,False,True,2025-08-09T16:24:36Z
00003a1ccab1,1,38.0,26.83,2026-03-08,2026-03,,,,False,no_code,38.0,26.83,4116,organic_search,organic_search,False,True,2026-03-08T00:30:08Z
00003a1ccb78,3,230.0,108.85000000000001,2025-12-16,2025-12,2026-02-15,61.0,,False,no_code,180.0,92.9,3055,Google,google_ads,True,True,2025-11-18T03:52:41Z
00003a27283a,1,42.5,21.94,2026-04-08,2026-04,,,WELCOME15,True,item_discount,42.5,21.94,4678,google_ads,google_ads,False,False,2026-04-08T22:13:29Z
00003a272901,1,42.0,1.7700000000000031,2025-11-30,2025-11,,,BFCM30,False,item_discount,72.8,1.7700000000000031,2805,TikTok,tiktok_ads,False,False,2025-11-30T16:56:56Z
00003a3185c3,2,83.9,55.64,2026-05-04,2026-05,2026-05-28,24.0,MOMS15,False,item_discount,45.9,28.529999999999998,5081,tiktok,tiktok_ads,False,True,2026-05-04T01:15:31Z
00003a69c777,2,91.2,53.230000000000004,2025-07-11,2025-07,2025-09-20,71.0,SUMMER20,False,item_discount,35.2,21.180000000000007,1082,Direct,direct,False,True,2025-06-01T20:40:55Z
00003a742500,2,68.2,42.36,2025-09-17,2025-09,2025-11-30,74.0,WELCOME15,True,item_discount,37.4,24.11,1650,organic_search,organic_search,False,False,2025-09-17T11:23:47Z
00003a7bcc25,1,68.0,41.75,2025-08-16,2025-08,,,,False,no_code,68.0,41.75,1361,organic_search,organic_search,False,False,2025-08-16T12:33:07Z
00003a8167e3,1,18.7,11.979999999999997,2026-03-04,2026-03,,,WELCOME15,True,item_discount,18.7,11.979999999999997,4083,meta,meta_ads,False,True,2026-03-04T13:47:33Z
00003a8bc56c,1,70.0,42.31,2026-04-02,2026-04,,,,False,no_code,70.0,42.31,4566,IG,meta_ads,True,True,2026-04-02T01:13:18Z
00003a9622f5,1,0.0,-10.160000000000002,2026-05-13,2026-05,,,,False,no_code,30.0,-10.160000000000002,5270,meta,meta_ads,False,False,2026-05-13T22:37:59Z
00003aa0807e,1,64.6,38.19,2026-06-08,2026-06,,,WELCOME15,True,item_discount,64.6,38.19,5668,tiktok,tiktok_ads,False,False,2026-06-08T14:28:00Z
00003abe6b62,2,62.65,43.31999999999999,2026-04-27,2026-04,2026-06-04,38.0,WELCOME15,True,item_discount,24.65,16.619999999999994,4978,,unknown,False,True,2026-04-27T01:19:32Z
00003ac8c824,1,34.0,24.55,2025-11-19,2025-11,,,,False,no_code,34.0,24.55,2368,tiktok,tiktok_ads,False,False,2025-11-19T18:33:19Z
00003ace64a9,1,82.0,49.61,2025-07-21,2025-07,,,,False,no_code,82.0,49.61,1164,Facebook,meta_ads,False,True,2025-07-21T04:46:18Z
00003ad32674,1,160.0,106.56,2026-02-18,2026-02,,,,False,no_code,160.0,106.56,3891,TikTok,tiktok_ads,False,True,2026-02-18T00:43:56Z
00003ad8c232,1,88.0,55.470000000000006,2025-09-09,2025-09,,,,False,no_code,88.0,55.470000000000006,1571,Facebook,meta_ads,False,True,2025-09-09T06:49:02Z
00003ad8c2f9,1,103.7,59.59,2026-06-10,2026-06,,,WELCOME15,True,item_discount,103.7,59.59,5699,,unknown,False,True,2026-06-10T17:59:41Z
00003add83fd,1,162.35,100.26,2025-12-03,2025-12,,,HOLIDAY15,False,item_discount,162.35,100.26,2889,influencer,influencer,False,True,2025-12-03T16:18:32Z
00003ae31fbb,1,124.27,66.10999999999999,2025-10-31,2025-10,,,NOURISHED15+WELCOME15,True,item_discount,124.27000000000001,66.10999999999999,2179,influencer,influencer,False,True,2025-10-26T13:28:41Z
00003ae7e186,1,39.2,22.820000000000004,2025-11-27,2025-11,,,BFCM30,False,item_discount,39.2,22.820000000000004,2647,direct,direct,False,True,2025-11-27T18:24:09Z
00003b2d661d,1,68.0,46.510000000000005,2026-03-28,2026-03,,,,False,no_code,68.0,46.510000000000005,4519,IG,meta_ads,True,False,2026-03-28T17:31:36Z
00003b3301db,1,28.9,2.119999999999996,2025-07-12,2025-07,,,WELCOME15,True,item_discount,56.1,2.119999999999996,1086,tiktok,tiktok_ads,False,False,2025-07-12T08:10:01Z
00003b37c2df,1,76.0,31.09,2026-01-05,2026-01,,,NEWYEAR20,False,item_discount,111.2,31.09,3324,referral,referral,False,True,2026-01-05T23:54:03Z
00003b37c3a6,3,127.5,84.18,2026-02-24,2026-02,2026-05-12,77.0,WELCOME15,True,item_discount,28.9,19.360000000000003,3966,organic_search,organic_search,False,True,2026-01-12T00:31:57Z
00003b3d5f64,1,26.1,1.780000000000002,2025-09-30,2025-09,,,AMELIA10+FREESHIP,False,item_discount,26.1,1.780000000000002,1789,influencer,influencer,False,True,2025-09-27T19:21:06Z
00003b422068,1,88.39999999999999,29.2,2026-02-03,2026-02,,,WELCOME15,True,item_discount,108.8,29.2,3678,IG,meta_ads,True,True,2026-02-03T10:44:55Z
00003b42212f,1,72.8,36.440000000000005,2025-12-01,2025-12,,,BFCM30,False,item_discount,72.8,36.440000000000005,2849,google_ads,google_ads,False,True,2025-12-01T13:50:32Z
00003b47bced,1,58.0,33.190000000000005,2025-10-13,2025-10,,,,False,no_code,58.0,33.190000000000005,1958,facebook_ads,meta_ads,False,True,2025-10-13T11:28:58Z
00003b4c7df1,1,149.6,90.26999999999998,2026-03-04,2026-03,,,WELCOME15,True,item_discount,149.6,90.26999999999998,4075,organic_search,organic_search,False,True,2026-03-04T02:09:02Z
00003b521a76,1,0.0,-10.61,2025-11-03,2025-11,,,WELCOME15,True,item_discount,28.9,-10.61,2208,organic_search,organic_search,False,False,2025-11-03T02:13:42Z
00003b56db7a,1,70.0,43.66,2026-04-12,2026-04,,,,False,no_code,70.0,43.66,4737,referral,referral,False,False,2026-04-12T01:29:10Z
00003b56dc41,1,88.39999999999999,34.39999999999999,2025-11-06,2025-11,,,WELCOME15,True,item_discount,88.4,34.39999999999999,2243,direct,direct,False,False,2025-11-06T13:26:12Z
00003b5c77ff,1,37.4,24.65,2025-12-09,2025-12,,,HOLIDAY15,False,item_discount,37.4,24.65,2957,Google,google_ads,True,False,2025-12-09T07:12:31Z
00003b613903,1,34.0,24.29,2026-05-26,2026-05,,,,False,no_code,34.0,24.29,5450,Facebook,meta_ads,False,True,2026-05-26T00:49:45Z
00003b6b968c,1,74.8,39.38,2026-06-07,2026-06,,,WELCOME15,True,item_discount,74.8,39.38,5646,organic_search,organic_search,False,True,2026-06-07T12:59:52Z
00003b997b7e,1,22.0,15.019999999999998,2026-06-11,2026-06,,,,False,no_code,22.0,15.019999999999998,5709,google_ads,google_ads,False,True,2026-06-11T00:44:19Z
00003bab7f65,1,94.4,50.09,2025-07-21,2025-07,,,SUMMER20,False,item_discount,94.4,50.09,1170,organic_search,organic_search,False,True,2025-07-21T22:23:56Z
00003bb11b23,1,32.3,-12.870000000000005,2026-03-28,2026-03,,,NOURISHED15,False,item_discount,107.1,-12.870000000000005,4518,influencer,influencer,False,False,2026-03-28T17:22:17Z
00003bb11bea,1,65.8,31.660000000000004,2025-11-30,2025-11,,,BFCM30,False,item_discount,65.8,31.660000000000004,2783,meta,meta_ads,False,False,2025-11-30T10:01:44Z
00003bbb78ac,1,73.0,44.96000000000001,2026-04-05,2026-04,,,,False,no_code,73.0,44.96000000000001,4625,google_ads,google_ads,False,True,2026-04-05T21:02:12Z
00003bbb7973,2,122.0,75.1,2025-11-20,2025-11,2026-04-20,151.0,,False,no_code,54.0,30.93,2376,Direct,direct,False,True,2025-11-20T23:40:48Z
00003bc5d635,2,277.75,174.20999999999998,2026-05-05,2026-05,2026-06-06,32.0,WELCOME15,True,item_discount,131.75,79.88,5113,organic_search,organic_search,False,True,2026-05-05T13:23:09Z
00003bc5d6fc,1,44.0,26.8,2025-09-08,2025-09,,,,False,no_code,44.0,26.8,1560,google_ads,google_ads,False,True,2025-09-08T01:06:09Z
00003bd033be,1,51.85,27.25,2026-06-20,2026-06,,,WELCOME15,True,item_discount,51.85,27.25,5884,organic_search,organic_search,False,False,2026-06-20T16:42:02Z
00003bd03485,2,189.0,127.69,2025-08-26,2025-08,2025-10-11,46.0,,False,no_code,29.0,21.190000000000005,1442,google_ads,google_ads,False,True,2025-08-26T13:39:17Z
00003bfe17e9,1,25.6,0.1899999999999977,2025-08-03,2025-08,,,SUMMER20,False,item_discount,52.8,0.1899999999999977,1258,organic_search,organic_search,False,True,2025-08-03T01:38:27Z
00003bfe18b0,1,59.5,33.1,2026-06-22,2026-06,,,WELCOME15,True,item_discount,59.5,33.1,5919,meta,meta_ads,False,False,2026-06-22T01:15:03Z
00003c087572,1,26.0,12.440000000000005,2025-10-20,2025-10,,,,False,no_code,26.0,12.440000000000005,2036,meta,meta_ads,False,True,2025-10-20T01:59:28Z
00003c087639,1,184.0,120.35,2026-05-22,2026-05,,,,False,no_code,184.0,120.35,5400,organic_search,organic_search,False,True,2026-05-22T21:51:33Z
00003c12d2fb,2,68.0,39.14,2025-11-10,2025-11,2025-12-17,37.0,AMELIA10+FREESHIP,False,item_discount,30.6,14.510000000000002,2277,influencer,influencer,False,False,2025-11-10T01:45:14Z
00003c1d3084,1,60.0,38.89999999999999,2025-11-12,2025-11,,,,False,no_code,60.0,38.89999999999999,2297,referral,referral,False,True,2025-11-12T13:08:57Z
00003c2a7367,1,72.0,51.41,2026-05-25,2026-05,,,,False,no_code,72.0,51.41,5441,meta,meta_ads,False,True,2026-05-25T13:41:11Z
00003c34d0f0,1,103.7,58.150000000000006,2026-06-30,2026-06,,,WELCOME15,True,item_discount,103.7,58.150000000000006,6058,meta,meta_ads,False,False,2026-06-30T09:05:09Z
00003c62b51b,2,98.19999999999999,37.29,2025-08-27,2025-08,2025-10-05,39.0,WELCOME15,True,item_discount,74.8,38.81,1454,google_ads,google_ads,False,True,2025-08-27T20:29:20Z
00003c62b5e2,1,32.0,21.81,2026-06-27,2026-06,,,,False,no_code,32.0,21.81,6011,direct,direct,False,True,2026-06-27T16:26:17Z
00003c6776e6,1,109.0,71.46,2026-01-07,2026-01,,,,False,no_code,109.0,71.46,3351,meta,meta_ads,False,True,2026-01-07T21:01:32Z
00003c6d12a4,2,48.0,33.489999999999995,2025-10-07,2025-10,2025-10-31,24.0,,False,no_code,24.0,16.739999999999995,1878,organic_search,organic_search,False,False,2025-10-07T22:56:55Z
00003c6d136b,1,64.0,37.04,2026-05-19,2026-05,,,,False,no_code,64.0,37.04,5357,google_ads,google_ads,False,False,2026-05-19T10:53:24Z
00003c71d3a8,1,22.0,15.009999999999996,2026-03-26,2026-03,,,,False,no_code,22.0,15.009999999999996,4484,organic_search,organic_search,False,False,2026-03-14T10:25:32Z
00003c71d46f,2,199.60000000000002,99.71000000000001,2025-12-01,2025-12,2026-01-05,35.0,BFCM30,False,item_discount,58.8,23.44,2846,direct,direct,False,False,2025-12-01T13:03:50Z
00003c77702d,1,0.0,-10.36,2025-11-25,2025-11,,,BFCM30,False,item_discount,23.8,-10.36,2490,Google,google_ads,True,False,2025-11-25T10:07:33Z
00003c7770f4,1,97.75,44.66,2026-04-18,2026-04,,,WELCOME15,True,item_discount,97.75,44.66,4826,meta,meta_ads,False,True,2026-04-18T10:53:05Z
00003c7c3131,2,80.0,33.51,2026-04-22,2026-04,2026-05-18,26.0,,False,no_code,36.0,25.31,4912,google_ads,google_ads,False,False,2026-04-22T23:49:52Z
00003c7c31f8,1,64.4,20.020000000000003,2025-11-28,2025-11,,,BFCM30,False,item_discount,88.2,20.020000000000003,2708,google_ads,google_ads,False,True,2025-10-14T21:30:29Z
00003c81cdb6,1,58.8,22.629999999999995,2025-11-29,2025-11,,,BFCM30,False,item_discount,58.8,22.629999999999995,2745,direct,direct,False,False,2025-11-29T15:01:55Z
00003c81ce7d,1,46.5,27.700000000000003,2026-03-18,2026-03,,,SPRING25,False,item_discount,46.5,27.700000000000003,4315,organic_search,organic_search,False,True,2026-03-18T01:22:45Z
00003c868f81,1,18.7,12.309999999999995,2025-10-19,2025-10,,,WELCOME15,True,item_discount,18.7,12.309999999999995,2026,influencer,influencer,False,False,2025-10-19T12:27:38Z
00003c8c2b3f,1,49.6,15.859999999999996,2026-01-10,2026-01,,,NEWYEAR20,False,item_discount,49.6,15.859999999999996,3385,influencer,influencer,False,False,2026-01-10T00:41:25Z
00003c90ed0a,1,37.4,18.84,2025-08-25,2025-08,,,FREESHIP+WELCOME15,True,item_discount,37.4,18.84,1433,organic_search,organic_search,False,True,2025-08-25T11:33:28Z
00003cd671a1,1,23.8,11.67,2025-12-20,2025-12,,,WELCOME15,True,item_discount,23.8,11.67,3129,referral,referral,False,True,2025-12-20T13:36:21Z
00003cdc0d5f,1,34.0,23.280000000000005,2025-11-15,2025-11,,,,False,no_code,34.0,23.280000000000005,2325,organic_search,organic_search,False,True,2025-11-15T12:39:41Z
00003ce0ce63,1,22.1,12.23,2026-04-04,2026-04,,,WELCOME15,True,item_discount,22.1,12.23,4596,tiktok,tiktok_ads,False,True,2026-04-04T01:49:47Z
00003ce0cf2a,1,22.1,12.4,2025-11-25,2025-11,,,WELCOME15,True,item_discount,22.1,12.4,2529,direct,direct,False,True,2025-11-25T21:17:59Z
00003ce66ae8,1,58.8,8.859999999999996,2025-11-25,2025-11,,,BFCM30,False,item_discount,89.6,8.859999999999996,2507,influencer,influencer,False,False,2025-11-25T14:05:11Z
00003ceb2bec,1,67.0,42.620000000000005,2026-05-25,2026-05,,,,False,no_code,67.0,42.620000000000005,5436,direct,direct,False,True,2026-05-25T08:10:57Z
00003ceb2cb3,1,95.2,55.4,2025-10-26,2025-10,,,WELCOME15,True,item_discount,95.2,55.4,2131,facebook_ads,meta_ads,False,True,2025-10-26T18:23:15Z
00003cf0c871,3,270.5,168.87,2026-01-29,2026-01,2026-03-17,47.0,,False,no_code,34.0,24.29,3620,meta,meta_ads,False,True,2026-01-29T20:47:22Z
00003cf58975,1,56.1,29.72,2026-06-04,2026-06,,,WELCOME15,True,item_discount,56.1,29.72,5600,Direct,direct,False,True,2026-06-04T16:59:44Z
00003cf58a3c,2,96.6,57.52000000000001,2025-08-06,2025-08,2025-09-18,43.0,,False,no_code,66.0,37.88,1278,meta,meta_ads,False,False,2025-08-06T02:18:59Z
00003cfb25fa,2,114.0,70.54,2026-02-08,2026-02,2026-03-25,45.0,,False,no_code,22.0,15.019999999999998,3751,organic_search,organic_search,False,False,2026-02-08T03:49:31Z
00003cffe7c5,1,54.4,28.53,2025-07-17,2025-07,,,SUMMER20,False,item_discount,54.4,28.53,1133,organic_search,organic_search,False,False,2025-07-17T21:40:48Z
00003d058383,1,54.0,30.36,2026-03-30,2026-03,,,,False,no_code,54.0,30.36,4536,,unknown,False,False,2026-03-30T11:06:47Z
00003d236da0,1,44.8,27.17,2025-07-27,2025-07,,,SUMMER20,False,item_discount,44.8,27.17,1201,tiktok,tiktok_ads,False,True,2025-07-27T03:41:47Z
00003d2dcbf0,1,58.0,34.34,2026-06-14,2026-06,,,,False,no_code,58.0,34.34,5783,tiktok,tiktok_ads,False,False,2026-06-14T23:10:16Z
00003d382979,1,27.2,17.13,2026-05-23,2026-05,,,WELCOME15,True,item_discount,27.2,17.13,5412,organic_search,organic_search,False,True,2026-05-23T13:22:52Z
00003d428702,1,16.5,9.519999999999998,2026-03-18,2026-03,,,SPRING25,False,item_discount,16.5,9.519999999999998,4319,organic_search,organic_search,False,True,2026-02-12T02:03:06Z
00003d4fc9e5,1,18.7,12.219999999999995,2025-10-11,2025-10,,,WELCOME15,True,item_discount,18.7,12.219999999999995,1932,referral,referral,False,False,2025-10-11T23:05:57Z
00003d5a26a7,1,32.3,8.309999999999997,2026-06-15,2026-06,,,FREESHIP+WELCOME15,True,item_discount,32.3,8.309999999999997,5796,meta,meta_ads,False,True,2026-06-15T15:33:25Z
00003d6484f7,3,107.6,72.92000000000002,2025-07-15,2025-07,2025-09-09,56.0,,False,no_code,34.0,23.250000000000004,1115,referral,referral,False,True,2025-07-15T18:15:17Z
00003d92685b,1,34.0,24.38,2025-09-20,2025-09,,,,False,no_code,34.0,24.38,1687,direct,direct,False,False,2025-09-20T14:57:02Z
00003d926922,1,52.7,27.899999999999995,2026-06-26,2026-06,,,WELCOME15,True,item_discount,52.7,27.899999999999995,5988,organic_search,organic_search,False,True,2026-06-26T05:14:34Z
00003d9cc5e4,2,156.0,92.64,2025-10-12,2025-10,2025-11-12,31.0,,False,no_code,36.0,25.750000000000004,1935,direct,direct,False,False,2025-10-12T03:21:08Z
00003d9cc6ab,1,62.0,37.06,2026-05-05,2026-05,,,,False,no_code,62.0,37.06,5111,referral,referral,False,False,2026-05-05T13:01:44Z
00003da7236d,1,68.6,32.97,2025-11-24,2025-11,,,BFCM30,False,item_discount,68.6,32.97,2442,meta,meta_ads,False,False,2025-11-24T16:29:03Z
00003da72434,1,28.5,-21.82,2026-03-20,2026-03,,,SPRING25,False,item_discount,94.5,-21.82,4380,influencer,influencer,False,True,2026-03-20T11:11:04Z
00003db180f6,1,24.0,16.629999999999995,2025-12-15,2025-12,,,,False,no_code,24.0,16.629999999999995,3045,organic_search,organic_search,False,True,2025-12-15T14:22:16Z
00003db181bd,2,97.2,58.970000000000006,2026-02-01,2026-02,2026-03-09,36.0,DERMDIARY10,False,item_discount,34.2,23.180000000000007,3651,influencer,influencer,False,False,2026-02-01T15:25:58Z
00003db71d7b,1,26.0,17.290000000000006,2025-08-21,2025-08,,,,False,no_code,26.0,17.290000000000006,1411,organic_search,organic_search,False,True,2025-08-21T07:20:25Z
00003dbbde7f,1,27.2,17.249999999999996,2026-02-20,2026-02,,,WELCOME15,True,item_discount,27.2,17.249999999999996,3919,direct,direct,False,True,2026-02-20T13:07:06Z
00003e0163dd,2,132.6,66.61,2026-04-21,2026-04,2026-06-19,59.0,WELCOME15,True,item_discount,47.6,22.380000000000003,4880,organic_search,organic_search,False,True,2026-04-21T13:09:25Z
00003e0624e1,1,25.5,15.99,2025-11-25,2025-11,,,WELCOME15,True,item_discount,25.5,15.99,2532,meta,meta_ads,False,False,2025-11-25T21:44:24Z
00003e0bc09f,1,100.8,40.56999999999999,2025-11-30,2025-11,,,BFCM30,False,item_discount,121.1,40.56999999999999,2800,influencer,influencer,False,True,2025-11-30T15:47:14Z
00003e0bc166,1,26.0,16.07,2026-03-22,2026-03,,,,False,no_code,26.0,16.07,4440,meta,meta_ads,False,False,2026-03-22T15:00:44Z
00003e1081a3,1,26.0,16.06,2026-05-03,2026-05,,,,False,no_code,26.0,16.06,5066,google_ads,google_ads,False,True,2026-05-03T00:57:35Z
00003e10826a,1,60.0,34.95,2025-10-10,2025-10,,,,False,no_code,60.0,34.95,1915,direct,direct,False,False,2025-10-10T16:28:31Z
00003e161e28,3,191.2,99.19999999999999,2025-12-01,2025-12,2026-01-16,46.0,BFCM30,False,item_discount,49.0,24.15999999999999,2856,referral,referral,False,True,2025-12-01T15:19:02Z
00003e161eef,1,25.5,15.6,2026-02-24,2026-02,,,WELCOME15,True,item_discount,25.5,15.6,3974,influencer,influencer,False,False,2026-02-24T20:30:05Z
00003e1adf2c,1,59.400000000000006,33.07000000000001,2026-06-22,2026-06,,,AMELIA10,False,item_discount,59.4,33.07000000000001,5923,influencer,influencer,False,False,2026-06-22T02:28:21Z
00003e1adff3,1,28.9,18.43,2025-09-15,2025-09,,,WELCOME15,True,item_discount,28.9,18.43,1629,Facebook,meta_ads,False,True,2025-09-15T02:29:20Z
00003e207bb1,1,0.0,-11.3,2026-02-05,2026-02,,,,False,no_code,38.0,-11.3,3710,meta,meta_ads,False,True,2026-02-05T16:46:11Z
00003e207c78,1,74.0,42.94,2026-01-24,2026-01,,,,False,no_code,74.0,42.94,3548,tiktok,tiktok_ads,False,False,2026-01-24T11:18:56Z
00003e253d7c,1,67.2,31.49,2025-07-06,2025-07,,,SUMMER20,False,item_discount,67.2,31.49,1038,,unknown,False,True,2025-07-06T22:29:03Z
00003e2ad93a,2,198.0,116.89,2026-03-09,2026-03,2026-04-17,39.0,,False,no_code,60.0,29.81,4127,meta,meta_ads,False,True,2026-03-09T04:07:15Z
00003e77d600,1,0.0,-9.22,2025-07-08,2025-07,,,SUMMER20,False,item_discount,27.2,-9.22,1050,meta,meta_ads,False,False,2025-07-08T14:04:53Z
00003e7f7d25,1,0.0,-6.48,2025-09-13,2025-09,,,WELCOME15,True,item_discount,18.7,-6.48,1616,organic_search,organic_search,False,True,2025-09-13T18:00:10Z
00003e89daae,2,256.0,132.39999999999998,2025-07-22,2025-07,2025-09-12,52.0,,False,no_code,128.0,66.28999999999999,1174,Facebook,meta_ads,False,False,2025-07-22T18:06:03Z
00003e8f766c,1,79.9,36.45,2026-03-07,2026-03,,,WELCOME15,True,item_discount,79.9,36.45,4109,tiktok,tiktok_ads,False,False,2026-03-07T02:55:21Z
00003e99d3f5,1,0.0,-6.799999999999999,2026-04-11,2026-04,,,AMELIA10,False,item_discount,19.8,-6.799999999999999,4719,influencer,influencer,False,True,2026-04-11T01:21:37Z
00003ea4317e,1,22.0,15.09,2026-05-14,2026-05,,,,False,no_code,22.0,15.09,5286,meta,meta_ads,False,False,2026-05-14T13:11:08Z
00003eae8f07,1,32.3,21.16,2026-06-10,2026-06,,,WELCOME15,True,item_discount,32.3,21.16,5705,tiktok,tiktok_ads,False,True,2026-06-10T23:18:19Z
00003eb7bed9,1,74.8,39.79999999999999,2026-06-28,2026-06,,,WELCOME15,True,item_discount,74.8,39.79999999999999,6027,referral,referral,False,False,2026-06-28T15:42:40Z
00003ec21c62,2,116.9,74.16,2026-05-14,2026-05,2026-06-06,23.0,WELCOME15,True,item_discount,28.9,19.32,5284,google_ads,google_ads,False,True,2026-05-10T12:52:38Z
00003ecc7924,2,102.8,54.400000000000006,2025-11-29,2025-11,2026-03-30,121.0,BFCM30,False,item_discount,58.8,23.57,2718,meta,meta_ads,False,True,2025-11-29T02:54:23Z
00003ecc79eb,1,57.8,34.05,2026-04-21,2026-04,,,WELCOME15,True,item_discount,57.8,34.05,4888,google_ads,google_ads,False,False,2026-04-21T16:36:21Z
00003ed6d6ad,1,24.0,9.180000000000003,2025-12-07,2025-12,,,,False,no_code,24.0,9.180000000000003,2934,google_ads,google_ads,False,True,2025-12-07T02:45:18Z
00003ed6d774,1,91.5,47.34,2026-03-18,2026-03,,,SPRING25,False,item_discount,91.5,47.34,4337,referral,referral,False,True,2026-03-18T16:31:09Z
00003edc7332,2,137.3,85.64,2025-07-27,2025-07,2025-10-23,88.0,WELCOME15,True,item_discount,49.3,30.25,1205,organic_search,organic_search,False,True,2025-07-27T14:04:48Z
00003ee134fd,1,32.0,21.57,2026-02-08,2026-02,,,,False,no_code,32.0,21.57,3766,google_ads,google_ads,False,False,2026-02-08T17:45:05Z
00003ee6d0bb,2,66.0,45.6,2025-09-25,2025-09,2025-10-12,17.0,,False,no_code,32.0,22.08,1740,organic_search,organic_search,False,True,2025-09-25T19:00:31Z
00003eee77e0,1,20.8,11.62,2025-07-01,2025-07,,,SUMMER20,False,item_discount,20.8,11.62,1001,influencer,influencer,False,False,2025-07-01T02:14:33Z
00003f31171d,1,22.0,5.399999999999997,2026-04-08,2026-04,,,,False,no_code,51.0,5.399999999999997,4665,,unknown,False,True,2026-04-08T02:42:17Z
00003f35d821,1,27.2,17.069999999999997,2025-11-09,2025-11,,,WELCOME15,True,item_discount,27.2,17.069999999999997,2271,referral,referral,False,True,2025-11-09T15:30:01Z
00003f3b73df,3,119.88,75.52000000000001,2025-12-30,2025-12,2026-02-22,54.0,GLOWWITHSAM12,False,item_discount,31.68,21.610000000000003,3230,influencer,influencer,False,True,2025-12-30T07:46:44Z
00003f3b74a6,3,143.9,68.57,2026-03-17,2026-03,2026-05-07,51.0,SPRING25,False,item_discount,45.0,17.530000000000005,4279,influencer,influencer,False,True,2026-03-17T02:02:55Z
00003f4035aa,1,93.5,52.500000000000014,2025-10-08,2025-10,,,WELCOME15,True,item_discount,93.5,52.500000000000014,1893,direct,direct,False,True,2025-10-08T23:37:45Z
00003f411064,1,44.8,26.89,2025-07-19,2025-07,,,SUMMER20,False,item_discount,44.8,26.89,1139,referral,referral,False,True,2025-07-19T09:32:22Z
00003f45d168,1,85.0,53.620000000000005,2026-01-30,2026-01,,,,False,no_code,85.0,53.620000000000005,3622,direct,direct,False,False,2026-01-30T10:12:30Z
00003f45d22f,1,24.65,16.379999999999995,2026-02-28,2026-02,,,WELCOME15,True,item_discount,24.65,16.379999999999995,4027,referral,referral,False,True,2026-02-28T16:32:49Z
00003f4b6ded,1,64.6,35.56,2025-09-25,2025-09,,,SKINBYJORDAN15,False,item_discount,64.6,35.56,1743,influencer,influencer,False,True,2025-09-25T23:52:32Z
00003f502ef1,1,38.0,26.85,2026-02-26,2026-02,,,,False,no_code,38.0,26.85,3995,meta,meta_ads,False,False,2026-02-26T13:11:56Z
00003f502fb8,1,118.0,73.25999999999999,2025-12-04,2025-12,,,,False,no_code,118.0,73.25999999999999,2902,influencer,influencer,False,True,2025-12-04T11:00:14Z
00003f55cb76,1,42.5,22.12,2025-10-11,2025-10,,,WELCOME15,True,item_discount,42.5,22.12,1931,organic_search,organic_search,False,True,2025-10-11T21:40:55Z
00003f5a8c7a,1,26.01,16.679999999999996,2026-03-21,2026-03,,,AMELIA10+WELCOME15,True,item_discount,26.009999999999998,16.679999999999996,4404,influencer,influencer,False,False,2026-03-21T01:02:15Z
00003f5a8d41,1,47.6,29.03,2025-11-24,2025-11,,,BFCM30,False,item_discount,47.6,29.03,2422,tiktok,tiktok_ads,False,False,2025-11-24T09:08:30Z
00003f6028ff,1,23.8,14.990000000000002,2025-11-29,2025-11,,,BFCM30,False,item_discount,23.8,14.990000000000002,2748,direct,direct,False,True,2025-11-29T15:27:49Z
00003f64ea03,1,75.64999999999999,32.09,2026-05-09,2026-05,,,MOMS15,False,item_discount,99.45,32.09,5187,referral,referral,False,True,2026-05-09T02:35:30Z
00003faa6f61,1,27.2,17.94,2026-01-12,2026-01,,,NEWYEAR20,False,item_discount,27.2,17.94,3416,tiktok,tiktok_ads,False,True,2026-01-12T09:10:24Z
00003faf3065,1,29.92,19.030000000000005,2025-08-27,2025-08,,,GLOWWITHSAM12,False,item_discount,29.92,19.030000000000005,1448,influencer,influencer,False,False,2025-08-27T01:04:23Z
00003fb4ccea,1,71.4,36.1,2025-12-12,2025-12,,,HOLIDAY15,False,item_discount,71.4,36.1,3000,meta,meta_ads,False,True,2025-12-12T04:12:27Z
00003fbf29ac,1,24.65,16.559999999999995,2026-03-30,2026-03,,,WELCOME15,True,item_discount,24.65,16.559999999999995,4538,google_ads,google_ads,False,True,2026-03-30T13:58:58Z
00003fbf2a73,1,84.0,39.85,2025-11-25,2025-11,,,BFCM30,False,item_discount,84.0,39.85,2480,organic_search,organic_search,False,True,2025-11-25T03:51:34Z
00003fc98735,1,88.2,49.95,2026-05-28,2026-05,,,AMELIA10,False,item_discount,88.2,49.95,5506,influencer,influencer,False,False,2026-05-28T21:29:18Z
00003fc987fc,3,116.0,73.88000000000001,2025-10-12,2025-10,2026-03-05,144.0,,False,no_code,29.0,21.040000000000006,1949,organic_search,organic_search,False,False,2025-10-12T21:14:42Z
00003fd3e4be,1,48.0,5.759999999999998,2026-06-10,2026-06,,,,False,no_code,86.0,5.759999999999998,5694,meta,meta_ads,False,False,2026-06-10T10:27:43Z
00003fd3e585,3,252.1,155.17,2025-09-14,2025-09,2026-02-13,152.0,WELCOME15,True,item_discount,56.1,29.169999999999995,1620,organic_search,organic_search,False,True,2025-09-14T02:12:06Z
00004001c8e9,1,40.8,25.610000000000003,2025-07-06,2025-07,,,WELCOME15,True,item_discount,40.8,25.610000000000003,1033,Facebook,meta_ads,False,True,2025-07-06T00:20:34Z
0000400c2672,1,64.0,32.68,2025-08-04,2025-08,,,SUMMER20,False,item_discount,64.0,32.68,1269,direct,direct,False,True,2025-08-04T16:31:21Z
0000400c2739,1,102.0,57.3,2026-06-10,2026-06,,,WELCOME15,True,item_discount,102.0,57.3,5707,meta,meta_ads,False,False,2026-06-10T23:41:39Z
0000401683fb,1,54.4,29.41,2025-10-19,2025-10,,,WELCOME15,True,item_discount,54.4,29.41,2028,organic_search,organic_search,False,True,2025-10-19T14:09:35Z
00004023c6de,1,33.44,16.439999999999998,2026-03-22,2026-03,,,FREESHIP+GLOWWITHSAM12,False,item_discount,33.44,16.439999999999998,4447,influencer,influencer,False,True,2026-03-22T22:20:10Z
0000402e2467,2,122.6,70.13,2026-05-14,2026-05,2026-06-09,26.0,,False,no_code,65.0,39.83,5289,Facebook,meta_ads,False,True,2026-05-14T15:27:26Z
0000403881f0,1,38.0,26.75,2026-06-10,2026-06,,,,False,no_code,38.0,26.75,5698,Facebook,meta_ads,False,True,2026-06-10T17:03:19Z
00004060ca5d,1,38.0,20.28,2026-03-12,2026-03,,,,False,no_code,38.0,20.28,4164,meta,meta_ads,False,True,2026-03-12T18:36:06Z
00004066661b,1,57.120000000000005,23.090000000000007,2025-07-10,2025-07,,,SUMMER20+WELCOME15,True,item_discount,57.120000000000005,23.090000000000007,1067,Google,google_ads,True,True,2025-07-10T07:06:48Z
0000406b271f,1,26.1,11.499999999999998,2025-12-31,2025-12,,,AMELIA10,False,item_discount,26.1,11.499999999999998,3247,influencer,influencer,False,False,2025-12-31T23:34:11Z
0000406b27e6,2,152.0,99.1,2026-02-22,2026-02,2026-04-17,54.0,,False,no_code,38.0,26.940000000000005,3949,facebook_ads,meta_ads,False,True,2026-02-22T22:56:02Z
00004070c3a4,3,129.6,79.08,2025-08-26,2025-08,2025-10-25,60.0,WELCOME15,True,item_discount,28.9,18.520000000000003,1438,referral,referral,False,True,2025-08-26T11:05:05Z
00004070c46b,1,86.0,53.71,2026-06-16,2026-06,,,,False,no_code,86.0,53.71,5804,meta,meta_ads,False,True,2026-06-16T02:20:18Z
0000407584a8,2,171.0,107.05000000000001,2026-02-21,2026-02,2026-03-14,21.0,,False,no_code,95.0,61.63,3931,Facebook,meta_ads,False,True,2026-02-21T18:22:43Z
00004075856f,2,114.0,75.64,2026-01-31,2026-01,2026-03-25,53.0,,False,no_code,38.0,26.44,3639,organic_search,organic_search,False,True,2026-01-31T11:59:53Z
0000407b212d,1,32.0,21.94,2025-10-20,2025-10,,,,False,no_code,32.0,21.94,2054,direct,direct,False,False,2025-10-20T20:24:57Z
0000407b21f4,1,22.0,8.390000000000002,2026-05-28,2026-05,,,,False,no_code,22.0,8.390000000000002,5497,tiktok,tiktok_ads,False,True,2026-05-28T10:49:58Z
0000407fe231,1,132.0,84.77000000000001,2026-03-07,2026-03,,,,False,no_code,132.0,84.77000000000001,4106,Google,google_ads,True,True,2026-03-07T00:18:00Z
0000407fe2f8,1,21.0,11.88,2025-11-28,2025-11,,,BFCM30,False,item_discount,21.0,11.88,2686,google_ads,google_ads,False,True,2025-11-28T12:38:42Z
000040857eb6,1,44.1,26.99000000000001,2025-11-29,2025-11,,,BFCM30,False,item_discount,44.1,26.99000000000001,2765,meta,meta_ads,False,True,2025-10-29T23:55:28Z
0000408a3fba,1,82.0,49.28,2026-04-14,2026-04,,,,False,no_code,82.0,49.28,4755,organic_search,organic_search,False,True,2026-04-14T00:18:16Z
0000408a4081,1,68.6,31.42,2025-11-30,2025-11,,,BFCM30,False,item_discount,68.6,31.42,2814,direct,direct,False,True,2025-11-30T20:56:25Z
0000408fdc3f,1,34.0,23.480000000000004,2025-12-30,2025-12,,,,False,no_code,34.0,23.480000000000004,3235,organic_search,organic_search,False,True,2025-12-30T15:22:57Z
000040d560d6,1,32.0,22.25,2025-09-23,2025-09,,,,False,no_code,32.0,22.25,1709,meta,meta_ads,False,True,2025-09-23T14:51:06Z
000040da22a1,2,261.0,159.4,2026-01-21,2026-01,2026-03-28,66.0,WELCOME15,True,item_discount,122.4,73.49,3516,google_ads,google_ads,False,False,2026-01-21T13:43:06Z
000040dee3a5,1,44.8,27.87,2025-07-08,2025-07,,,SUMMER20,False,item_discount,44.8,27.87,1044,organic_search,organic_search,False,True,2025-07-08T02:26:20Z
000040dfbe5f,1,34.0,24.66,2025-10-17,2025-10,,,,False,no_code,34.0,24.66,2004,,unknown,False,False,2025-09-07T15:49:45Z
000040e47f63,1,21.75,8.720000000000006,2026-03-19,2026-03,,,SPRING25,False,item_discount,21.75,8.720000000000006,4363,google_ads,google_ads,False,True,2026-03-19T20:29:40Z
000040e4802a,2,79.5,41.019999999999996,2025-11-26,2025-11,2026-03-21,115.0,BFCM30,False,item_discount,63.0,32.66,2587,referral,referral,False,False,2025-11-26T19:47:33Z
000040ea1be8,3,193.8,106.50999999999999,2025-11-29,2025-11,2026-02-27,90.0,BFCM30,False,item_discount,69.3,34.309999999999995,2764,influencer,influencer,False,False,2025-11-29T23:01:16Z
000040eedcec,2,68.0,48.72,2026-04-19,2026-04,2026-06-04,46.0,,False,no_code,34.0,24.33,4839,direct,direct,False,True,2026-03-16T08:37:14Z
000040eeddb3,1,104.3,52.45,2025-11-24,2025-11,,,BFCM30,False,item_discount,104.3,52.45,2431,Google,google_ads,True,True,2025-11-24T12:20:31Z
000040f47971,2,210.0,130.47,2025-12-04,2025-12,2026-02-19,77.0,,False,no_code,100.0,61.92,2893,Direct,direct,False,False,2025-12-04T00:00:14Z
000040f93a75,1,24.0,16.369999999999997,2026-05-27,2026-05,,,,False,no_code,24.0,16.369999999999997,5478,tiktok,tiktok_ads,False,True,2026-05-27T14:36:23Z
000040f93b3c,1,66.0,38.77,2025-10-19,2025-10,,,,False,no_code,66.0,38.77,2034,meta,meta_ads,False,False,2025-10-19T19:53:26Z
000040fed6fa,1,44.0,30.710000000000008,2026-01-20,2026-01,,,,False,no_code,44.0,30.710000000000008,3502,TikTok,tiktok_ads,False,True,2026-01-20T00:36:30Z
0000410397fe,1,37.4,24.55,2026-06-21,2026-06,,,WELCOME15,True,item_discount,37.4,24.55,5917,tiktok,tiktok_ads,False,False,2026-06-21T23:23:33Z
0000410398c5,1,63.0,39.29,2025-08-14,2025-08,,,,False,no_code,63.0,39.29,1348,tiktok,tiktok_ads,False,True,2025-08-14T14:32:15Z
000041093483,1,94.0,61.98,2026-02-14,2026-02,,,,False,no_code,94.0,61.98,3849,tiktok,tiktok_ads,False,True,2026-02-14T18:13:14Z
000041317c29,1,119.68,45.13,2025-08-06,2025-08,,,SUMMER20+WELCOME15,True,item_discount,119.68,45.13,1276,Facebook,meta_ads,False,True,2025-08-06T01:50:49Z
000041317cf0,1,27.0,17.280000000000005,2026-06-09,2026-06,,,AMELIA10,False,item_discount,27.0,17.280000000000005,5685,,unknown,False,False,2026-06-09T19:30:25Z
0000413bd9b2,1,28.9,18.33,2025-09-30,2025-09,,,WELCOME15,True,item_discount,28.9,18.33,1778,meta,meta_ads,False,True,2025-09-30T00:29:13Z
0000413bda79,1,50.56999999999999,23.48,2026-05-06,2026-05,,,MOMS15+WELCOME15,True,item_discount,50.57,23.48,5142,google_ads,google_ads,False,True,2026-04-15T22:14:55Z
000041491d5c,1,23.8,-20.380000000000003,2025-11-25,2025-11,,,BFCM30,False,item_discount,82.6,-20.380000000000003,2501,organic_search,organic_search,False,False,2025-11-25T13:12:55Z
000041537ae5,1,29.0,21.100000000000005,2025-11-05,2025-11,,,,False,no_code,29.0,21.100000000000005,2231,direct,direct,False,True,2025-11-05T16:23:53Z
0000415dd7a7,1,49.3,31.739999999999995,2026-05-15,2026-05,,,WELCOME15,True,item_discount,49.3,31.739999999999995,5292,direct,direct,False,True,2026-05-15T09:25:13Z
0000415dd86e,1,78.0,45.330000000000005,2025-09-04,2025-09,,,,False,no_code,78.0,45.330000000000005,1521,organic_search,organic_search,False,True,2025-09-04T10:45:10Z
000041683530,1,44.0,30.85000000000001,2026-06-14,2026-06,,,,False,no_code,44.0,30.85000000000001,5769,meta,meta_ads,False,False,2026-06-14T10:25:29Z
0000416835f7,1,28.9,18.340000000000003,2025-08-19,2025-08,,,WELCOME15,True,item_discount,28.9,18.340000000000003,1385,IG,meta_ads,True,True,2025-08-19T01:56:06Z
000041907d9d,1,22.0,15.019999999999998,2026-03-15,2026-03,,,,False,no_code,22.0,15.019999999999998,4229,Facebook,meta_ads,False,False,2026-03-15T11:12:32Z
00004196195b,1,117.0,77.36,2025-08-11,2025-08,,,,False,no_code,117.0,77.36,1312,referral,referral,False,True,2025-08-11T02:33:58Z
000041961a22,1,22.0,15.149999999999997,2026-06-27,2026-06,,,,False,no_code,22.0,15.149999999999997,5999,direct,direct,False,True,2026-06-27T02:06:59Z
0000419adb26,1,32.0,21.520000000000007,2026-01-02,2026-01,,,,False,no_code,32.0,21.520000000000007,3270,tiktok,tiktok_ads,False,False,2026-01-02T20:25:23Z
000041a076e4,1,90.0,47.49,2025-09-17,2025-09,,,,False,no_code,90.0,47.49,1654,referral,referral,False,True,2025-09-17T22:26:43Z
000041a077ab,1,52.0,25.06,2026-05-29,2026-05,,,,False,no_code,52.0,25.06,5524,Facebook,meta_ads,False,True,2026-05-29T23:33:36Z
000041aad46d,2,98.9,59.43000000000001,2025-11-30,2025-11,2026-01-21,52.0,WELCOME15,True,item_discount,28.9,17.28,2794,facebook_ads,meta_ads,False,True,2025-11-30T14:04:56Z
000041aad534,1,24.0,16.599999999999994,2026-04-17,2026-04,,,,False,no_code,24.0,16.599999999999994,4808,organic_search,organic_search,False,True,2026-04-17T11:30:32Z
000041b531f6,1,15.4,9.080000000000002,2025-11-30,2025-11,,,BFCM30,False,item_discount,15.4,9.080000000000002,2817,,unknown,False,False,2025-11-30T21:26:15Z
000041b532bd,1,117.0,64.22999999999999,2026-03-16,2026-03,,,SPRING25,False,item_discount,117.0,64.22999999999999,4264,influencer,influencer,False,True,2026-03-16T18:09:03Z
000041bace7b,1,48.6,30.730000000000004,2025-07-02,2025-07,,,AMELIA10,False,item_discount,48.6,30.730000000000004,1013,influencer,influencer,False,True,2025-07-02T18:24:44Z
000041bf8f7f,1,102.0,45.16,2025-12-11,2025-12,,,HOLIDAY15,False,item_discount,139.4,45.16,2996,organic_search,organic_search,False,False,2025-12-11T20:14:42Z
000041ccd262,1,18.7,11.529999999999998,2026-06-16,2026-06,,,WELCOME15,True,item_discount,18.7,11.529999999999998,5807,referral,referral,False,True,2026-06-16T03:20:58Z
000041fab754,1,36.0,25.260000000000005,2026-06-11,2026-06,,,,False,no_code,36.0,25.260000000000005,5728,organic_search,organic_search,False,False,2026-06-03T23:32:50Z
0000420514dd,1,112.2,49.13,2026-05-21,2026-05,,,WELCOME15,True,item_discount,112.2,49.13,5384,meta,meta_ads,False,False,2026-05-21T22:05:07Z
00004209d5e1,1,22.0,15.189999999999996,2025-12-20,2025-12,,,,False,no_code,22.0,15.189999999999996,3130,TikTok,tiktok_ads,False,False,2025-12-20T16:36:25Z
0000420f719f,1,26.0,16.3,2025-11-20,2025-11,,,,False,no_code,26.0,16.3,2375,organic_search,organic_search,False,True,2025-11-20T19:49:37Z
0000420f7266,1,28.0,15.300000000000002,2026-04-21,2026-04,,,,False,no_code,28.0,15.300000000000002,4887,,unknown,False,False,2026-04-21T15:43:07Z
0000421432a3,1,38.0,25.4,2026-04-06,2026-04,,,,False,no_code,38.0,25.4,4627,meta,meta_ads,False,False,2026-04-06T08:50:11Z
00004214336a,1,28.9,12.48,2025-11-04,2025-11,,,FREESHIP+NOURISHED15,False,item_discount,28.9,12.48,2219,influencer,influencer,False,False,2025-11-04T12:12:59Z
00004219cf28,1,57.8,27.349999999999994,2025-11-06,2025-11,,,WELCOME15,True,item_discount,72.25,27.349999999999994,2239,TikTok,tiktok_ads,False,False,2025-11-06T12:01:42Z
00004219cfef,1,51.85,27.07,2026-03-06,2026-03,,,WELCOME15,True,item_discount,51.85,27.07,4103,influencer,influencer,False,False,2026-03-06T20:53:21Z
0000421e902c,1,89.0,57.79,2026-05-16,2026-05,,,,False,no_code,89.0,57.79,5312,google_ads,google_ads,False,False,2026-05-16T11:26:18Z
0000421e90f3,4,172.1,107.60000000000002,2025-10-29,2025-10,2025-11-25,27.0,,False,no_code,29.0,19.92,2167,organic_search,organic_search,False,True,2025-10-29T21:01:09Z
000042242cb1,2,110.0,70.28,2025-12-19,2025-12,2026-01-24,36.0,,False,no_code,44.0,31.17,3118,meta,meta_ads,False,False,2025-12-19T19:50:09Z
000042242d78,2,182.8,91.91,2026-02-13,2026-02,2026-04-16,62.0,,False,no_code,82.0,44.41,3837,google_ads,google_ads,False,False,2026-02-12T20:32:12Z
00004228edb5,1,134.3,70.03999999999999,2026-06-16,2026-06,,,WELCOME15,True,item_discount,134.3,70.03999999999999,5818,,unknown,False,True,2026-05-31T23:21:17Z
00004228ee7c,1,44.0,29.6,2025-09-23,2025-09,,,,False,no_code,44.0,29.6,1706,IG,meta_ads,True,True,2025-09-23T10:57:29Z
0000422e8a3a,1,29.0,20.730000000000004,2026-02-02,2026-02,,,,False,no_code,29.0,20.730000000000004,3669,meta,meta_ads,False,True,2026-02-02T20:44:54Z
0000422e8b01,1,38.0,21.84,2026-01-31,2026-01,,,,False,no_code,38.0,21.84,3635,TikTok,tiktok_ads,False,True,2026-01-31T02:53:28Z
000042334c05,1,25.6,15.88,2025-07-20,2025-07,,,SUMMER20,False,item_discount,25.6,15.88,1152,organic_search,organic_search,False,True,2025-07-20T08:26:36Z
00004238e7c3,2,43.6,29.129999999999995,2026-03-15,2026-03,2026-05-20,66.0,,False,no_code,22.0,15.109999999999998,4232,direct,direct,False,True,2026-03-02T13:42:31Z
0000427e6c5a,1,23.8,13.41,2025-11-30,2025-11,,,BFCM30,False,item_discount,23.8,13.41,2808,google_ads,google_ads,False,True,2025-11-30T19:17:25Z
000042832e25,1,57.8,31.34,2025-10-09,2025-10,,,WELCOME15,True,item_discount,57.8,31.34,1905,direct,direct,False,True,2025-10-09T21:53:47Z
0000428d8ae7,1,29.0,20.790000000000006,2026-06-21,2026-06,,,,False,no_code,29.0,20.790000000000006,5915,organic_search,organic_search,False,False,2026-06-21T21:14:10Z
0000428d8bae,1,84.0,48.78,2025-09-12,2025-09,,,,False,no_code,84.0,48.78,1610,meta,meta_ads,False,False,2025-09-12T20:11:26Z
00004293276c,1,32.3,21.46,2026-02-09,2026-02,,,WELCOME15,True,item_discount,32.3,21.46,3777,direct,direct,False,True,2026-02-09T09:00:29Z
00004297e937,3,283.2,168.31,2025-07-02,2025-07,2025-09-10,70.0,SUMMER20,False,item_discount,27.2,16.7,1014,influencer,influencer,False,False,2025-07-02T23:12:43Z
0000429d84f5,2,72.0,50.64000000000001,2026-03-18,2026-03,2026-05-29,72.0,,False,no_code,36.0,25.35,4331,referral,referral,False,True,2026-03-18T12:34:44Z
000042a7e27e,1,27.2,17.02,2026-04-18,2026-04,,,WELCOME15,True,item_discount,27.2,17.02,4824,meta,meta_ads,False,True,2026-04-18T04:28:03Z
000042c5cc9b,2,198.8,109.07,2025-09-04,2025-09,2025-11-24,81.0,WELCOME15,True,item_discount,95.2,55.8,1520,direct,direct,False,True,2025-09-04T10:09:53Z
000042c5cd62,1,22.0,14.89,2026-06-04,2026-06,,,,False,no_code,22.0,14.89,5584,meta,meta_ads,False,True,2026-06-04T00:48:29Z
000042d02a24,1,84.6,45.16,2025-10-25,2025-10,,,DERMDIARY10,False,item_discount,84.6,45.16,2112,influencer,influencer,False,True,2025-10-25T13:13:31Z
000042d02aeb,1,22.0,14.67,2026-05-10,2026-05,,,,False,no_code,22.0,14.67,5208,tiktok,tiktok_ads,False,True,2026-05-10T02:51:56Z
000042da87ad,1,37.1,21.840000000000003,2025-11-26,2025-11,,,BFCM30,False,item_discount,37.1,21.840000000000003,2585,meta,meta_ads,False,True,2025-11-26T19:30:04Z
000042da8874,2,194.7,109.57,2026-04-14,2026-04,2026-05-28,44.0,WELCOME15,True,item_discount,56.1,35.22,4767,,unknown,False,True,2026-04-14T19:18:23Z
000042e4e536,1,30.6,3.640000000000002,2025-12-09,2025-12,,,WELCOME15,True,item_discount,61.2,3.640000000000002,2969,google_ads,google_ads,False,True,2025-12-09T17:11:13Z
000042e4e5fd,1,30.6,19.930000000000007,2026-03-01,2026-03,,,WELCOME15,True,item_discount,30.6,19.930000000000007,4051,direct,direct,False,True,2026-03-01T23:04:22Z
000042ea81bb,2,228.0,145.32,2025-08-20,2025-08,2025-09-12,23.0,,False,no_code,100.0,64.46,1406,facebook_ads,meta_ads,False,False,2025-08-20T19:45:07Z
000042ef42bf,1,23.8,-12.400000000000002,2026-01-29,2026-01,,,WELCOME15,True,item_discount,23.8,-12.400000000000002,3612,direct,direct,False,True,2026-01-29T00:00:41Z
000042f228e0,3,179.8,112.22,2025-09-16,2025-09,2025-10-13,27.0,WELCOME15,True,item_discount,20.4,13.159999999999997,1633,direct,direct,False,True,2025-09-16T01:36:48Z
000042fc8669,1,97.6,42.040000000000006,2025-07-23,2025-07,,,SUMMER20,False,item_discount,97.6,42.040000000000006,1175,meta,meta_ads,False,True,2025-07-23T11:59:52Z
00004334c81d,1,72.9,30.95,2026-05-21,2026-05,,,AMELIA10,False,item_discount,88.2,30.95,5381,influencer,influencer,False,True,2026-05-21T16:30:25Z
000043398921,1,92.4,44.74,2025-11-25,2025-11,,,BFCM30,False,item_discount,92.4,44.74,2476,organic_search,organic_search,False,False,2025-11-25T02:45:36Z
0000433f24df,1,49.98,20.43,2025-11-25,2025-11,,,BFCM30+WELCOME15,True,item_discount,49.98,20.43,2475,meta,meta_ads,False,False,2025-11-25T02:28:25Z
0000433f25a6,2,112.9,67.31,2026-04-15,2026-04,2026-05-30,45.0,,False,no_code,58.0,37.120000000000005,4772,organic_search,organic_search,False,False,2026-04-13T04:50:25Z
00004343e6aa,1,73.5,37.3,2025-11-25,2025-11,,,BFCM30,False,item_discount,73.5,37.3,2539,IG,meta_ads,True,True,2025-11-25T23:37:27Z
00004349832f,1,42.07,21.9,2026-03-14,2026-03,,,SPRING25+WELCOME15,True,item_discount,42.07,21.9,4186,organic_search,organic_search,False,True,2026-03-14T01:09:39Z
0000434e4433,1,28.9,19.78,2025-09-14,2025-09,,,WELCOME15,True,item_discount,28.9,19.78,1621,organic_search,organic_search,False,True,2025-09-14T02:40:38Z
0000434f1eed,1,38.08,20.349999999999994,2025-08-09,2025-08,,,SUMMER20+WELCOME15,True,item_discount,38.08,20.349999999999994,1300,,unknown,False,True,2025-08-09T18:14:05Z
00004353dff1,3,262.0,143.38,2026-01-31,2026-01,2026-03-12,40.0,,False,no_code,164.0,90.96,3631,direct,direct,False,True,2026-01-31T00:40:13Z
00004353e0b8,1,27.2,-25.140000000000004,2026-01-03,2026-01,,,NEWYEAR20,False,item_discount,94.4,-25.140000000000004,3287,organic_search,organic_search,False,False,2025-12-05T23:25:13Z
000043597c76,2,174.0,102.22,2025-09-06,2025-09,2025-10-25,49.0,,False,no_code,57.0,29.830000000000005,1545,google_ads,google_ads,False,False,2025-09-06T23:19:16Z
0000435e3d7a,1,28.0,15.470000000000004,2026-03-16,2026-03,,,,False,no_code,28.0,15.470000000000004,4246,tiktok,tiktok_ads,False,True,2026-03-16T00:38:03Z
0000435e3e41,1,71.4,35.95,2025-12-14,2025-12,,,HOLIDAY15,False,item_discount,71.4,35.95,3026,referral,referral,False,False,2025-12-14T00:42:26Z
00004363d9ff,1,0.0,-14.98,2025-11-26,2025-11,,,BFCM30,False,item_discount,23.8,-14.98,2579,Influencer,influencer,False,True,2025-11-26T16:49:50Z
000043689b03,1,76.0,49.1,2026-04-06,2026-04,,,,False,no_code,76.0,49.1,4634,meta,meta_ads,False,True,2026-04-06T15:41:58Z
000043a3c2d8,2,163.88,107.82000000000001,2026-04-26,2026-04,2026-05-23,27.0,GLOWWITHSAM12,False,item_discount,44.88,28.999999999999996,4966,influencer,influencer,False,True,2026-03-26T13:38:19Z
000043ae2061,1,78.0,54.64999999999999,2026-03-08,2026-03,,,,False,no_code,78.0,54.64999999999999,4120,meta,meta_ads,False,True,2026-03-08T13:29:22Z
000043b2e165,1,71.4,37.75,2025-09-23,2025-09,,,WELCOME15,True,item_discount,71.4,37.75,1708,meta,meta_ads,False,True,2025-09-23T13:54:14Z
000043b87d23,1,129.2,78.5,2026-01-05,2026-01,,,WELCOME15,True,item_discount,129.2,78.5,3316,organic_search,organic_search,False,True,2026-01-05T13:05:32Z
000043b87dea,1,26.0,16.080000000000002,2026-01-26,2026-01,,,,False,no_code,26.0,16.080000000000002,3583,organic_search,organic_search,False,False,2026-01-26T16:04:11Z
000043bd3e27,1,30.6,20.410000000000004,2026-06-05,2026-06,,,WELCOME15,True,item_discount,30.6,20.410000000000004,5611,google_ads,google_ads,False,True,2026-06-05T11:40:39Z
000043bd3eee,2,56.2,37.43000000000001,2025-08-06,2025-08,2025-10-24,79.0,SUMMER20,False,item_discount,27.2,16.45,1283,IG,meta_ads,True,False,2025-08-06T14:41:41Z
000043c2daac,1,66.0,39.82,2026-03-20,2026-03,,,,False,no_code,66.0,39.82,4397,tiktok,tiktok_ads,False,True,2026-03-20T23:22:06Z
000043c2db73,1,27.2,17.48,2025-12-12,2025-12,,,WELCOME15,True,item_discount,27.2,17.48,3004,influencer,influencer,False,True,2025-12-12T15:37:22Z
000043cd3835,1,29.0,20.610000000000007,2026-04-04,2026-04,,,,False,no_code,29.0,20.610000000000007,4610,meta,meta_ads,False,True,2026-04-04T20:45:25Z
000043cd38fc,1,50.400000000000006,18.44,2025-11-26,2025-11,,,BFCM30,False,item_discount,50.4,18.44,2578,organic_search,organic_search,False,True,2025-11-26T16:38:56Z
000043d795be,1,23.8,11.58,2026-05-11,2026-05,,,WELCOME15,True,item_discount,23.8,11.58,5233,organic_search,organic_search,False,True,2026-05-11T23:44:10Z
000043e1f347,1,17.34,6.880000000000003,2026-06-09,2026-06,,,NOURISHED15+WELCOME15,True,item_discount,49.129999999999995,6.880000000000003,5680,influencer,influencer,False,True,2026-06-09T10:03:16Z
000043eb2319,1,49.3,34.28,2026-06-17,2026-06,,,WELCOME15,True,item_discount,49.3,34.28,5827,tiktok,tiktok_ads,False,True,2026-06-17T11:49:32Z
000043f580a2,1,73.0,42.06,2026-05-23,2026-05,,,,False,no_code,73.0,42.06,5418,tiktok,tiktok_ads,False,True,2026-05-23T21:58:10Z
0000440fd772,1,32.64,17.690000000000005,2025-07-27,2025-07,,,SUMMER20+WELCOME15,True,item_discount,32.64,17.690000000000005,1200,influencer,influencer,False,True,2025-07-27T02:01:56Z
0000441a34fb,1,45.9,28.68,2025-09-17,2025-09,,,WELCOME15,True,item_discount,45.9,28.68,1647,influencer,influencer,False,True,2025-09-17T01:02:56Z
00004421dc20,1,24.65,16.909999999999993,2025-08-17,2025-08,,,WELCOME15,True,item_discount,24.65,16.909999999999993,1368,meta,meta_ads,False,True,2025-08-17T01:36:22Z
0000442777de,1,18.0,10.769999999999998,2026-03-21,2026-03,,,SPRING25,False,item_discount,18.0,10.769999999999998,4428,meta,meta_ads,False,True,2026-03-21T21:57:05Z
00004431d567,1,117.0,74.58000000000001,2026-04-17,2026-04,,,,False,no_code,117.0,74.58000000000001,4811,Facebook,meta_ads,False,True,2026-04-17T15:43:49Z
0000443c32f0,1,85.0,36.17999999999999,2026-05-24,2026-05,,,WELCOME15,True,item_discount,85.0,36.17999999999999,5427,tiktok,tiktok_ads,False,False,2026-05-24T14:05:38Z
000044469079,1,76.5,40.68,2026-06-25,2026-06,,,WELCOME15,True,item_discount,76.5,40.68,5973,,unknown,False,True,2026-06-25T05:08:54Z
000044647b5d,1,132.0,61.48,2026-04-17,2026-04,,,,False,no_code,132.0,61.48,4809,Direct,direct,False,True,2026-04-17T11:45:09Z
0000446ed81f,1,83.30000000000001,39.45,2025-11-28,2025-11,,,BFCM30,False,item_discount,83.3,39.45,2668,referral,referral,False,True,2025-11-28T03:28:25Z
0000446ed8e6,1,87.75,34.81,2026-03-14,2026-03,,,SPRING25,False,item_discount,116.25,34.81,4204,tiktok,tiktok_ads,False,True,2026-03-14T12:59:20Z
0000447474a4,4,267.6,165.76999999999998,2025-07-24,2025-07,2025-09-16,54.0,,False,no_code,140.0,90.96,1181,referral,referral,False,True,2025-07-24T14:00:17Z
0000447935a8,1,32.3,16.8,2026-01-26,2026-01,,,WELCOME15,True,item_discount,32.3,16.8,3587,tiktok,tiktok_ads,False,True,2026-01-26T19:57:11Z
00004479366f,2,176.0,113.11000000000001,2026-02-25,2026-02,2026-04-02,36.0,,False,no_code,132.0,84.10000000000001,3984,direct,direct,False,False,2026-02-25T16:43:38Z
0000447ed22d,1,34.0,23.22,2025-09-09,2025-09,,,,False,no_code,34.0,23.22,1573,meta,meta_ads,False,True,2025-09-09T09:16:12Z
0000447ed2f4,1,22.0,14.899999999999997,2026-06-12,2026-06,,,,False,no_code,22.0,14.899999999999997,5742,facebook_ads,meta_ads,False,True,2026-06-12T17:05:56Z
000044839331,1,38.0,26.880000000000003,2026-02-26,2026-02,,,,False,no_code,38.0,26.880000000000003,3990,Facebook,meta_ads,False,True,2026-02-26T03:14:20Z
0000448393f8,3,228.9,124.70000000000002,2025-12-15,2025-12,2026-04-02,108.0,HOLIDAY15,False,item_discount,90.1,48.69,3043,organic_search,organic_search,False,False,2025-12-15T13:10:09Z
000044892fb6,2,49.4,32.45,2025-10-25,2025-10,2025-11-24,30.0,,False,no_code,34.0,23.420000000000005,2113,meta,meta_ads,False,False,2025-10-25T14:08:59Z
0000448df0ba,1,73.95,33.57000000000001,2026-03-19,2026-03,,,SPRING25+WELCOME15,True,item_discount,73.95,33.57000000000001,4362,direct,direct,False,True,2026-03-19T19:51:11Z
0000448df181,1,23.8,10.55,2025-11-24,2025-11,,,BFCM30,False,item_discount,23.8,10.55,2411,meta,meta_ads,False,True,2025-11-24T02:33:24Z
000044938d3f,1,83.3,41.970000000000006,2025-11-28,2025-11,,,BFCM30,False,item_discount,83.3,41.970000000000006,2698,meta,meta_ads,False,True,2025-11-28T16:54:38Z
000044984e43,1,38.0,20.66,2026-04-28,2026-04,,,FREESHIP,False,freeship_only,38.0,20.66,4992,IG,meta_ads,True,True,2026-04-28T02:18:39Z
000044d37618,1,29.0,20.620000000000005,2026-03-02,2026-03,,,,False,no_code,29.0,20.620000000000005,4057,google_ads,google_ads,False,True,2026-03-02T15:18:38Z
000044d911d6,1,35.2,22.040000000000006,2025-07-26,2025-07,,,SUMMER20,False,item_discount,35.2,22.040000000000006,1197,meta,meta_ads,False,True,2025-07-26T23:51:18Z
000044ddd3a1,1,52.7,27.81,2026-02-28,2026-02,,,WELCOME15,True,item_discount,52.7,27.81,4032,organic_search,organic_search,False,True,2026-02-28T21:32:34Z
000044e294a5,1,44.0,30.37,2025-08-19,2025-08,,,,False,no_code,44.0,30.37,1395,organic_search,organic_search,False,False,2025-08-19T18:17:17Z
000044e36f5f,3,339.95,194.45000000000002,2025-09-03,2025-09,2025-11-05,63.0,,False,no_code,116.0,71.96000000000001,1511,organic_search,organic_search,False,False,2025-09-03T14:35:43Z
000044e8312a,1,22.4,12.779999999999998,2025-12-01,2025-12,,,BFCM30,False,item_discount,22.4,12.779999999999998,2841,,unknown,False,False,2025-12-01T04:46:56Z
000044ecf22e,1,84.80000000000001,43.830000000000005,2025-07-10,2025-07,,,SUMMER20,False,item_discount,84.8,43.830000000000005,1074,organic_search,organic_search,False,True,2025-06-11T23:31:25Z
000044edcce8,1,36.0,25.870000000000005,2025-10-08,2025-10,,,,False,no_code,36.0,25.870000000000005,1883,influencer,influencer,False,False,2025-10-08T10:37:37Z
000044f28dec,2,78.0,26.750000000000007,2026-03-05,2026-03,2026-05-31,87.0,,False,no_code,28.0,15.040000000000004,4087,meta,meta_ads,False,True,2026-03-05T02:20:29Z
000044f28eb3,2,109.0,71.29,2025-11-17,2025-11,2025-12-29,42.0,,False,no_code,29.0,20.860000000000003,2339,organic_search,organic_search,False,True,2025-11-17T01:05:30Z
000044f82a71,1,18.7,12.149999999999997,2025-11-16,2025-11,,,WELCOME15,True,item_discount,18.7,12.149999999999997,2333,,unknown,False,False,2025-11-16T16:56:32Z
000044fceb75,1,67.0,43.18,2026-04-15,2026-04,,,,False,no_code,67.0,43.18,4776,referral,referral,False,True,2026-04-15T13:53:34Z
000044fcec3c,1,15.4,2.890000000000001,2025-11-27,2025-11,,,BFCM30,False,item_discount,30.8,2.890000000000001,2648,meta,meta_ads,False,True,2025-11-27T19:04:31Z
0000450287fa,1,36.4,19.809999999999995,2025-12-01,2025-12,,,BFCM30,False,item_discount,36.4,19.809999999999995,2850,IG,meta_ads,True,True,2025-12-01T14:01:07Z
0000450749c5,2,145.0,84.41,2025-09-01,2025-09,2025-11-18,78.0,WELCOME15,True,item_discount,51.0,27.21,1494,Direct,direct,False,True,2025-09-01T21:19:47Z
00004511a687,1,124.0,79.0,2026-06-24,2026-06,,,,False,no_code,124.0,79.0,5956,meta,meta_ads,False,True,2026-06-24T01:36:55Z
0000453f8ab2,1,53.04,22.7,2025-08-15,2025-08,,,SUMMER20+WELCOME15,True,item_discount,53.04,22.7,1356,meta,meta_ads,False,False,2025-08-15T16:27:19Z
0000453f8b79,1,68.0,41.010000000000005,2026-06-07,2026-06,,,,False,no_code,68.0,41.010000000000005,5644,Direct,direct,False,True,2026-06-07T09:59:59Z
00004549e83b,1,28.9,18.49,2025-10-17,2025-10,,,WELCOME15,True,item_discount,28.9,18.49,1997,direct,direct,False,False,2025-09-13T02:40:07Z
0000454cce5c,2,107.1,65.43,2025-12-12,2025-12,2026-04-19,128.0,HOLIDAY15,False,item_discount,76.5,44.44,2998,meta,meta_ads,False,False,2025-12-12T01:41:11Z
000045572b1e,1,62.0,40.85,2026-03-07,2026-03,,,,False,no_code,62.0,40.85,4112,tiktok,tiktok_ads,False,False,2026-03-07T12:46:55Z
000045572be5,1,112.0,48.01,2025-11-24,2025-11,,,BFCM30,False,item_discount,135.8,48.01,2417,influencer,influencer,False,False,2025-11-24T05:32:04Z
0000456188a7,1,27.2,16.759999999999998,2026-04-21,2026-04,,,WELCOME15,True,item_discount,27.2,16.759999999999998,4883,referral,referral,False,True,2026-04-21T14:36:16Z
00004561896e,1,61.6,26.57,2025-11-29,2025-11,,,BFCM30,False,item_discount,61.6,26.57,2728,meta,meta_ads,False,True,2025-11-29T10:05:40Z
0000456be630,1,36.0,25.46,2026-05-29,2026-05,,,,False,no_code,36.0,25.46,5515,organic_search,organic_search,False,True,2026-05-29T10:46:04Z
0000456be6f7,3,170.0,106.38,2025-09-04,2025-09,2025-10-20,46.0,,False,no_code,68.0,41.11,1522,google_ads,google_ads,False,False,2025-09-04T11:01:12Z
0000457643b9,1,0.0,-10.900000000000002,2026-06-04,2026-06,,,WELCOME15,True,item_discount,27.2,-10.900000000000002,5596,meta,meta_ads,False,True,2026-06-04T13:24:34Z
000045764480,1,52.8,26.1,2025-08-13,2025-08,,,SUMMER20,False,item_discount,52.8,26.1,1335,google_ads,google_ads,False,True,2025-08-13T12:22:33Z
000045942e9d,1,150.0,87.03999999999999,2026-03-21,2026-03,,,SPRING25,False,item_discount,150.0,87.03999999999999,4422,,unknown,False,True,2026-03-21T18:12:19Z
0000459e8c26,2,113.44,67.13000000000001,2026-02-12,2026-02,2026-03-11,27.0,GLOWWITHSAM12,False,item_discount,77.44,41.98,3821,,unknown,False,True,2026-02-12T16:44:46Z
000045a427e4,3,110.2,67.72000000000001,2025-08-11,2025-08,2025-11-01,82.0,FREESHIP+SUMMER20,False,item_discount,23.2,9.629999999999995,1313,organic_search,organic_search,False,False,2025-08-11T03:18:10Z
000045a428ab,1,18.7,11.959999999999996,2026-06-23,2026-06,,,WELCOME15,True,item_discount,18.7,11.959999999999996,5941,organic_search,organic_search,False,False,2026-06-23T02:43:38Z
000045a8e9af,2,130.4,73.26,2026-01-11,2026-01,2026-03-27,75.0,WELCOME15,True,item_discount,54.4,30.93,3408,direct,direct,False,True,2026-01-11T20:37:56Z
000045ae856d,2,64.0,44.31,2025-10-08,2025-10,2025-12-28,81.0,,False,no_code,32.0,22.21,1879,,unknown,False,True,2025-10-08T01:21:50Z
000045ae8634,1,56.1,29.62,2026-05-04,2026-05,,,WELCOME15,True,item_discount,56.1,29.62,5089,organic_search,organic_search,False,True,2026-05-04T12:53:50Z
000045b8e2f6,1,40.6,13.019999999999996,2025-11-25,2025-11,,,BFCM30,False,item_discount,40.6,13.019999999999996,2470,organic_search,organic_search,False,True,2025-11-25T02:08:04Z
000045b8e3bd,1,59.5,31.84,2026-04-21,2026-04,,,WELCOME15,True,item_discount,59.5,31.84,4879,direct,direct,False,True,2026-04-21T12:32:09Z
000045c3407f,1,49.0,6.419999999999997,2025-11-30,2025-11,,,BFCM30,False,item_discount,79.8,6.419999999999997,2821,Facebook,meta_ads,False,True,2025-11-30T21:48:56Z
00004608c516,2,206.7,122.31000000000002,2025-08-29,2025-08,2025-09-26,28.0,LABORDAY15,False,item_discount,66.3,36.17,1470,IG,meta_ads,True,True,2025-08-13T19:19:12Z
00004608c5dd,1,155.0,102.95,2026-06-23,2026-06,,,,False,no_code,155.0,102.95,5950,organic_search,organic_search,False,True,2026-06-23T22:41:47Z
0000460d86e1,2,48.0,29.88000000000001,2026-01-14,2026-01,2026-03-09,54.0,,False,no_code,24.0,14.920000000000003,3437,meta,meta_ads,False,True,2026-01-14T22:26:32Z
00004613229f,1,27.0,17.740000000000002,2025-10-21,2025-10,,,AMELIA10,False,item_discount,27.0,17.740000000000002,2062,influencer,influencer,False,False,2025-09-07T13:36:46Z
000046132366,1,62.9,36.06999999999999,2026-05-30,2026-05,,,WELCOME15,True,item_discount,62.9,36.06999999999999,5533,tiktok,tiktok_ads,False,True,2026-05-30T15:47:14Z
00004617e3a3,1,29.0,20.4,2026-03-16,2026-03,,,,False,no_code,29.0,20.4,4244,google_ads,google_ads,False,False,2026-03-15T23:57:55Z
00004617e46a,1,66.0,39.8,2025-12-01,2025-12,,,,False,no_code,66.0,39.8,2829,Influencer,influencer,False,True,2025-12-01T00:27:47Z
0000461d8028,1,21.0,6.0400000000000045,2025-11-26,2025-11,,,BFCM30,False,item_discount,21.0,6.0400000000000045,2554,Google,google_ads,True,True,2025-11-26T10:21:52Z
0000461d80ef,2,192.7,123.5,2026-04-10,2026-04,2026-05-20,40.0,WELCOME15,True,item_discount,27.2,17.06,4712,organic_search,organic_search,False,False,2026-04-10T14:19:01Z
00004622412c,1,68.0,47.27,2026-04-16,2026-04,,,,False,no_code,68.0,47.27,4790,google_ads,google_ads,False,False,2026-04-16T13:10:49Z
0000462241f3,1,79.1,36.52,2025-11-30,2025-11,,,BFCM30,False,item_discount,79.1,36.52,2806,organic_search,organic_search,False,False,2025-11-30T17:15:54Z
00004627ddb1,1,30.8,18.36,2025-11-28,2025-11,,,BFCM30,False,item_discount,30.8,18.36,2704,google_ads,google_ads,False,False,2025-11-28T19:42:11Z
00004627de78,1,74.8,39.37,2026-03-12,2026-03,,,WELCOME15,True,item_discount,74.8,39.37,4154,meta,meta_ads,False,True,2026-03-12T00:04:12Z
0000462c9eb5,2,70.3,48.18,2026-05-21,2026-05,2026-06-29,39.0,WELCOME15,True,item_discount,32.3,21.21,5376,meta,meta_ads,False,False,2026-05-21T01:10:51Z
0000462c9f7c,1,83.3,47.71,2025-10-20,2025-10,,,WELCOME15,True,item_discount,83.3,47.71,2050,meta,meta_ads,False,True,2025-10-20T17:01:01Z
000046323b3a,1,26.0,16.06,2026-01-28,2026-01,,,,False,no_code,26.0,16.06,3607,meta,meta_ads,False,False,2026-01-28T15:28:36Z
00004636fc3e,1,38.0,26.940000000000005,2026-06-14,2026-06,,,,False,no_code,38.0,26.940000000000005,5780,direct,direct,False,True,2026-06-14T20:20:14Z
00004636fd05,1,58.08,37.19,2025-08-28,2025-08,,,GLOWWITHSAM12,False,item_discount,58.08,37.19,1456,Influencer,influencer,False,True,2025-08-05T03:10:24Z
0000463c98c3,1,22.0,15.1,2026-02-16,2026-02,,,,False,no_code,22.0,15.1,3870,meta,meta_ads,False,True,2026-02-16T05:39:52Z
0000467c819c,1,34.0,17.189999999999998,2025-12-11,2025-12,,,FREESHIP,False,freeship_only,34.0,17.189999999999998,2995,meta,meta_ads,False,False,2025-12-10T18:19:37Z
00004686df25,2,61.2,40.31,2025-11-30,2025-11,2026-03-01,91.0,BFCM30,False,item_discount,25.2,14.94,2772,referral,referral,False,False,2025-11-30T01:07:28Z
0000468c7ae3,2,257.4,115.83000000000001,2025-11-25,2025-11,2026-01-18,54.0,BFCM30,False,item_discount,106.4,35.11,2526,direct,direct,False,False,2025-11-25T20:11:58Z
000046913be7,1,32.3,21.29,2026-05-02,2026-05,,,WELCOME15,True,item_discount,32.3,21.29,5061,organic_search,organic_search,False,True,2026-05-02T21:10:47Z
000046913cae,1,57.8,33.19,2025-10-05,2025-10,,,WELCOME15,True,item_discount,57.8,33.19,1859,referral,referral,False,False,2025-10-05T16:48:34Z
00004696d86c,2,234.0,151.93,2026-01-26,2026-01,2026-04-12,76.0,,False,no_code,118.0,76.34,3582,organic_search,organic_search,False,False,2026-01-16T12:41:09Z
0000469b9970,1,38.0,26.910000000000004,2026-06-21,2026-06,,,,False,no_code,38.0,26.910000000000004,5912,Direct,direct,False,False,2026-06-21T20:50:45Z
0000469b9a37,1,86.0,51.18000000000001,2025-08-23,2025-08,,,,False,no_code,86.0,51.18000000000001,1423,meta,meta_ads,False,True,2025-08-23T22:35:08Z
000046a135f5,1,82.0,51.1,2026-02-06,2026-02,,,,False,no_code,82.0,51.1,3726,google_ads,google_ads,False,True,2026-02-06T20:20:02Z
000046a5f7c0,2,130.0,80.35000000000001,2025-07-01,2025-07,2025-08-19,49.0,,False,no_code,96.0,57.03,1004,google_ads,google_ads,False,True,2025-07-01T16:55:53Z
000046ab937e,1,18.7,11.709999999999996,2026-03-29,2026-03,,,WELCOME15,True,item_discount,18.7,11.709999999999996,4534,meta,meta_ads,False,True,2026-03-29T22:37:55Z
000046c97d9b,3,202.0,111.38,2025-07-29,2025-07,2025-10-01,64.0,,False,no_code,118.0,73.44999999999999,1224,meta,meta_ads,False,False,2025-07-29T21:24:02Z
000046d3db24,2,122.0,77.25,2025-09-08,2025-09,2025-10-27,49.0,,False,no_code,100.0,61.86,1564,meta,meta_ads,False,False,2025-09-08T16:00:18Z
000046d3dbeb,1,28.0,15.38,2026-06-25,2026-06,,,,False,no_code,28.0,15.38,5971,tiktok,tiktok_ads,False,False,2026-06-25T02:59:01Z
000046de38ad,1,34.0,24.73,2025-10-15,2025-10,,,,False,no_code,34.0,24.73,1985,meta,meta_ads,False,True,2025-09-01T13:56:29Z
000046de3974,1,0.0,-11.25,2026-04-23,2026-04,,,,False,no_code,38.0,-11.25,4913,influencer,influencer,False,True,2026-04-23T00:19:11Z
000046e89636,1,36.0,25.760000000000005,2025-11-04,2025-11,,,,False,no_code,36.0,25.760000000000005,2214,direct,direct,False,False,2025-11-04T00:37:45Z
000046ee32bb,3,168.4,105.68,2025-07-16,2025-07,2025-10-17,93.0,SUMMER20,False,item_discount,46.4,27.83,1120,meta,meta_ads,False,True,2025-07-16T17:40:09Z
000046f2f3bf,1,108.9,62.16,2025-12-29,2025-12,,,AMELIA10,False,item_discount,108.9,62.16,3221,influencer,influencer,False,True,2025-12-29T16:09:46Z
000046f5d9e0,1,34.0,24.12,2025-10-30,2025-10,,,,False,no_code,34.0,24.12,2175,meta,meta_ads,False,True,2025-10-30T14:33:48Z
0000470036a2,1,86.0,33.55,2026-06-10,2026-06,,,,False,no_code,86.0,33.55,5704,meta,meta_ads,False,True,2026-06-10T22:54:05Z
000047003769,1,68.0,47.12,2025-08-18,2025-08,,,,False,no_code,68.0,47.12,1376,referral,referral,False,False,2025-08-18T11:04:10Z
0000470a94f2,1,29.0,21.070000000000007,2025-07-12,2025-07,,,,False,no_code,29.0,21.070000000000007,1089,meta,meta_ads,False,False,2025-07-12T15:54:22Z
00004738791d,2,146.5,89.87,2026-05-15,2026-05,2026-06-12,28.0,WELCOME15,True,item_discount,110.5,64.53999999999999,5303,google_ads,google_ads,False,True,2026-05-15T18:25:24Z
0000473d3a21,1,82.6,39.6,2025-12-01,2025-12,,,BFCM30,False,item_discount,82.6,39.6,2860,google_ads,google_ads,False,False,2025-12-01T19:09:47Z
00004742d5df,2,120.8,74.04,2025-10-07,2025-10,2025-12-24,78.0,WELCOME15,True,item_discount,57.8,33.27,1869,organic_search,organic_search,False,True,2025-10-07T02:45:52Z
00004742d6a6,2,66.4,24.699999999999996,2026-04-19,2026-04,2026-05-20,31.0,WELCOME15,True,item_discount,20.4,4.359999999999994,4842,google_ads,google_ads,False,True,2026-04-19T12:19:09Z
0000474797aa,3,165.4,99.38,2025-11-27,2025-11,2026-01-24,58.0,BFCM30,False,item_discount,37.8,20.9,2620,meta,meta_ads,False,True,2025-11-27T12:02:34Z
0000474d3368,1,122.0,64.53999999999999,2025-11-04,2025-11,,,,False,no_code,122.0,64.53999999999999,2220,organic_search,organic_search,False,True,2025-11-04T12:47:08Z
0000474d342f,1,142.0,91.55,2026-03-20,2026-03,,,,False,no_code,142.0,91.55,4381,tiktok,tiktok_ads,False,True,2026-03-20T11:31:36Z
00004751f533,1,142.0,90.71,2025-10-02,2025-10,,,,False,no_code,142.0,90.71,1818,,unknown,False,True,2025-10-02T14:44:38Z
00004752cfed,1,44.8,27.020000000000003,2025-07-03,2025-07,,,SUMMER20,False,item_discount,44.8,27.020000000000003,1023,referral,referral,False,True,2025-07-03T23:47:11Z
0000475790f1,1,54.4,27.98,2025-12-21,2025-12,,,WELCOME15,True,item_discount,54.4,27.98,3142,organic_search,organic_search,False,True,2025-12-21T23:03:33Z
0000475791b8,3,210.0,133.28,2026-02-28,2026-02,2026-03-28,28.0,,False,no_code,96.0,62.290000000000006,4034,organic_search,organic_search,False,True,2026-02-28T23:12:01Z
0000475c52bc,1,45.9,28.3,2025-09-20,2025-09,,,WELCOME15,True,item_discount,45.9,28.3,1682,TikTok,tiktok_ads,False,True,2025-09-20T01:39:50Z
0000475d2d76,1,44.0,31.15000000000001,2025-08-02,2025-08,,,,False,no_code,44.0,31.15000000000001,1251,Facebook,meta_ads,False,True,2025-08-02T05:49:51Z
00004761ee7a,1,62.0,37.01,2026-02-06,2026-02,,,,False,no_code,62.0,37.01,3712,referral,referral,False,True,2026-02-06T00:40:59Z
00004761ef41,1,82.8,49.77,2026-01-15,2026-01,,,DERMDIARY10,False,item_discount,82.8,49.77,3446,influencer,influencer,False,True,2026-01-15T21:34:27Z
00004766b045,1,27.2,18.01,2025-07-19,2025-07,,,SUMMER20,False,item_discount,27.2,18.01,1136,Google,google_ads,True,False,2025-07-19T00:41:41Z
0000476c4c03,1,64.6,38.44,2026-03-11,2026-03,,,WELCOME15,True,item_discount,64.6,38.44,4153,TikTok,tiktok_ads,False,False,2026-03-11T23:09:39Z
000047a773d8,2,151.0,93.76,2026-04-23,2026-04,2026-05-26,33.0,,False,no_code,90.0,57.7,4918,tiktok,tiktok_ads,False,True,2026-04-23T06:22:01Z
000047b1d09a,1,91.8,52.4,2025-11-25,2025-11,,,WELCOME15,True,item_discount,91.8,52.4,2511,direct,direct,False,True,2025-11-25T14:31:25Z
000047b1d161,1,38.0,25.44,2026-03-20,2026-03,,,,False,no_code,38.0,25.44,4384,organic_search,organic_search,False,True,2026-03-20T14:49:10Z
000047b69265,4,430.0,268.21,2025-10-17,2025-10,2025-11-15,29.0,,False,no_code,68.0,44.55,1995,Facebook,meta_ads,False,False,2025-10-17T01:06:45Z
000047bc2e23,1,0.0,-10.489999999999998,2025-12-28,2025-12,,,,False,no_code,34.0,-10.489999999999998,3202,referral,referral,False,True,2025-12-28T03:01:13Z
000047bc2eea,2,87.0,57.160000000000004,2026-02-15,2026-02,2026-04-18,62.0,,False,no_code,29.0,20.800000000000004,3864,IG,meta_ads,True,True,2026-02-15T20:30:41Z
000047c0ef27,1,22.0,14.949999999999998,2026-06-21,2026-06,,,,False,no_code,22.0,14.949999999999998,5904,tiktok,tiktok_ads,False,False,2026-06-21T13:46:33Z
000047c0efee,1,24.65,10.049999999999995,2025-09-03,2025-09,,,SKINBYJORDAN15,False,item_discount,49.3,10.049999999999995,1508,influencer,influencer,False,True,2025-09-03T04:10:34Z
000047c68bac,1,34.0,24.2,2026-02-16,2026-02,,,,False,no_code,34.0,24.2,3878,organic_search,organic_search,False,True,2026-02-16T17:47:25Z
000047c68c73,2,94.0,59.92,2026-01-31,2026-01,2026-03-17,45.0,,False,no_code,72.0,44.77,3636,Facebook,meta_ads,False,False,2026-01-31T04:53:52Z
000047cb4d77,4,293.9,183.60999999999999,2025-07-18,2025-07,2025-08-19,32.0,WELCOME15,True,item_discount,71.4,22.04,1134,google_ads,google_ads,False,True,2025-07-18T02:52:30Z
000047d0e935,1,144.0,94.27,2026-03-21,2026-03,,,,False,no_code,144.0,94.27,4418,tiktok,tiktok_ads,False,False,2026-03-21T15:11:36Z
000047d0e9fc,2,114.75,28.200000000000003,2025-11-24,2025-11,2026-03-14,110.0,BFCM30,False,item_discount,58.8,-35.41,2453,direct,direct,False,False,2025-10-12T19:46:13Z
000047db46be,1,44.0,30.580000000000005,2026-04-06,2026-04,,,,False,no_code,44.0,30.580000000000005,4641,referral,referral,False,True,2026-04-06T22:30:34Z
000047f931a2,1,127.0,81.24,2026-06-18,2026-06,,,,False,no_code,127.0,81.24,5837,TikTok,tiktok_ads,False,False,2026-06-18T04:21:05Z
000048038f2b,1,34.0,24.24,2026-05-25,2026-05,,,,False,no_code,34.0,24.24,5444,google_ads,google_ads,False,False,2026-05-25T15:32:04Z
0000480decb4,1,27.2,16.97,2026-04-18,2026-04,,,WELCOME15,True,item_discount,27.2,16.97,4832,meta,meta_ads,False,True,2026-04-18T16:15:44Z
0000481de5fb,1,132.3,80.13,2025-07-02,2025-07,,,AMELIA10,False,item_discount,132.3,80.13,1010,influencer,influencer,False,True,2025-07-02T11:53:44Z
000048258d20,3,128.8,72.11,2025-09-26,2025-09,2025-11-06,41.0,FREESHIP,False,freeship_only,28.0,10.26,1748,,unknown,False,False,2025-09-26T12:29:59Z
0000482feaa9,1,118.0,63.98,2025-07-27,2025-07,,,,False,no_code,118.0,63.98,1203,facebook_ads,meta_ads,False,True,2025-07-27T13:09:56Z
0000483fe3f0,1,76.0,46.01,2026-04-06,2026-04,,,,False,no_code,76.0,46.01,4642,meta,meta_ads,False,True,2026-04-06T23:06:50Z
0000484a4179,1,56.0,32.6,2026-05-23,2026-05,,,,False,no_code,56.0,32.6,5403,facebook_ads,meta_ads,False,False,2026-04-17T03:01:05Z
000048549f02,1,32.3,21.3,2026-06-17,2026-06,,,WELCOME15,True,item_discount,32.3,21.3,5821,TikTok,tiktok_ads,False,True,2026-06-17T02:39:41Z
000048682c5d,1,0.0,-11.45,2026-05-02,2026-05,,,WELCOME15,True,item_discount,32.3,-11.45,5060,meta,meta_ads,False,True,2026-05-02T18:29:54Z
00004872891f,1,170.85,72.92,2025-11-06,2025-11,,,WELCOME15,True,item_discount,170.85,72.92,2244,direct,direct,False,True,2025-11-06T16:22:38Z
0000487289e6,1,29.0,20.610000000000007,2026-04-05,2026-04,,,,False,no_code,29.0,20.610000000000007,4620,meta,meta_ads,False,True,2026-04-05T12:24:50Z
0000487ce6a8,2,141.4,75.59,2025-12-03,2025-12,2026-01-19,47.0,WELCOME15,True,item_discount,71.4,33.39000000000001,2891,google_ads,google_ads,False,False,2025-10-21T18:09:48Z
0000487ce76f,1,37.4,23.01,2026-03-16,2026-03,,,WELCOME15,True,item_discount,37.4,23.01,4261,direct,direct,False,True,2026-03-16T14:25:55Z
00004882832d,3,191.0,121.40000000000003,2025-08-02,2025-08,2025-10-24,83.0,,False,no_code,29.0,21.24000000000001,1254,meta,meta_ads,False,False,2025-08-02T13:37:58Z
0000488283f4,1,117.0,74.46000000000001,2026-06-08,2026-06,,,,False,no_code,117.0,74.46000000000001,5670,,unknown,False,True,2026-06-08T16:13:44Z
000048874431,1,82.0,51.01,2026-01-19,2026-01,,,,False,no_code,82.0,51.01,3486,meta,meta_ads,False,True,2026-01-19T02:07:57Z
0000488744f8,3,157.2,96.22,2026-01-20,2026-01,2026-02-11,22.0,,False,no_code,60.0,35.470000000000006,3504,google_ads,google_ads,False,True,2026-01-20T03:02:34Z
0000488ce0b6,1,27.2,17.48,2025-09-07,2025-09,,,WELCOME15,True,item_discount,27.2,17.48,1554,,unknown,False,True,2025-09-07T11:43:26Z
00004891a1ba,1,94.35,56.84,2026-02-07,2026-02,,,WELCOME15,True,item_discount,94.35,56.84,3749,organic_search,organic_search,False,False,2026-02-07T23:36:44Z
00004891a281,1,30.6,20.56000000000001,2025-12-08,2025-12,,,WELCOME15,True,item_discount,30.6,20.56000000000001,2952,influencer,influencer,False,False,2025-12-08T22:48:01Z
0000489bff43,1,54.0,21.46,2026-03-14,2026-03,,,SPRING25,False,item_discount,54.0,21.46,4191,google_ads,google_ads,False,False,2026-03-14T02:52:28Z
000048d72718,1,32.0,21.87,2026-04-02,2026-04,,,,False,no_code,32.0,21.87,4568,google_ads,google_ads,False,True,2026-04-02T03:35:07Z
000048e183da,1,44.0,30.53,2025-12-04,2025-12,,,,False,no_code,44.0,30.53,2894,organic_search,organic_search,False,False,2025-12-04T00:48:06Z
000048e184a1,1,22.0,14.64,2026-03-03,2026-03,,,,False,no_code,22.0,14.64,4063,direct,direct,False,False,2026-03-03T01:12:31Z
000048e645a5,1,34.0,3.709999999999997,2025-10-05,2025-10,,,,False,no_code,78.0,3.709999999999997,1856,meta,meta_ads,False,False,2025-10-05T13:52:29Z
000048e7205f,2,67.2,43.160000000000004,2025-08-06,2025-08,2025-09-27,52.0,SUMMER20,False,item_discount,43.2,26.440000000000005,1281,tiktok,tiktok_ads,False,True,2025-08-06T12:56:07Z
000048ebe163,1,26.0,15.419999999999998,2026-01-30,2026-01,,,,False,no_code,26.0,15.419999999999998,3629,Facebook,meta_ads,False,False,2026-01-30T21:13:19Z
000048ebe22a,1,44.0,30.200000000000003,2026-01-30,2026-01,,,,False,no_code,44.0,30.200000000000003,3624,tiktok,tiktok_ads,False,True,2026-01-30T11:27:57Z
000048f0a32e,2,90.0,36.79,2025-08-13,2025-08,2025-10-06,54.0,SUMMER20,False,item_discount,50.4,27.2,1340,organic_search,organic_search,False,True,2025-08-13T23:37:06Z
000048f17de8,1,78.2,44.24,2025-09-29,2025-09,,,WELCOME15,True,item_discount,78.2,44.24,1775,meta,meta_ads,False,True,2025-09-29T17:13:41Z
000048f63eec,2,91.6,43.75000000000001,2026-02-01,2026-02,2026-04-03,61.0,,False,no_code,34.0,10.080000000000004,3648,meta,meta_ads,False,True,2026-02-01T13:13:38Z
000048f63fb3,1,84.0,47.93,2025-12-26,2025-12,,,,False,no_code,84.0,47.93,3180,organic_search,organic_search,False,True,2025-12-26T08:59:51Z
000048fbdb71,1,80.0,34.26,2025-11-14,2025-11,,,,False,no_code,124.0,34.26,2317,organic_search,organic_search,False,False,2025-11-14T12:16:30Z
000049009c75,1,23.8,11.35,2026-04-22,2026-04,,,WELCOME15,True,item_discount,23.8,11.35,4902,direct,direct,False,True,2026-04-22T11:42:57Z
000049009d3c,2,122.0,77.77,2025-11-23,2025-11,2026-02-08,77.0,,False,no_code,88.0,53.28,2398,,unknown,False,True,2025-11-23T14:37:11Z
0000490638fa,2,137.9,77.72,2025-11-18,2025-11,2025-12-06,18.0,WELCOME15,True,item_discount,79.9,44.78,2354,google_ads,google_ads,False,True,2025-11-18T10:34:33Z
0000490af9fe,1,20.4,13.099999999999996,2026-05-04,2026-05,,,WELCOME15,True,item_discount,20.4,13.099999999999996,5086,meta,meta_ads,False,True,2026-05-04T08:21:59Z
000049155787,1,27.2,16.779999999999998,2026-06-04,2026-06,,,WELCOME15,True,item_discount,27.2,16.779999999999998,5599,organic_search,organic_search,False,False,2026-06-04T15:39:33Z
000049433bb2,1,44.0,5.960000000000001,2025-07-29,2025-07,,,FREESHIP,False,freeship_only,66.0,5.960000000000001,1222,meta,meta_ads,False,False,2025-07-29T12:55:18Z
0000494d993b,1,44.8,27.04,2025-08-12,2025-08,,,SUMMER20,False,item_discount,44.8,27.04,1332,meta,meta_ads,False,False,2025-08-12T19:53:17Z
000049507f5c,2,162.1,101.18,2026-01-21,2026-01,2026-04-26,95.0,WELCOME15,True,item_discount,22.1,11.87,3513,organic_search,organic_search,False,True,2026-01-21T10:41:10Z
000049554060,3,237.78,144.63,2025-08-03,2025-08,2025-09-12,40.0,,False,no_code,147.0,82.25,1261,Influencer,influencer,False,True,2025-07-22T15:04:47Z
0000495adc1e,1,76.0,49.09,2026-03-13,2026-03,,,,False,no_code,76.0,49.09,4175,direct,direct,False,False,2026-03-13T11:25:21Z
0000495adce5,1,24.65,16.829999999999995,2025-12-05,2025-12,,,HOLIDAY15,False,item_discount,24.65,16.829999999999995,2911,influencer,influencer,False,True,2025-12-05T01:05:39Z
0000496539a7,1,38.0,26.85,2026-04-17,2026-04,,,,False,no_code,38.0,26.85,4807,Facebook,meta_ads,False,False,2026-04-17T10:55:08Z
000049653a6e,1,34.0,22.86,2025-11-21,2025-11,,,,False,no_code,34.0,22.86,2382,meta,meta_ads,False,False,2025-11-21T22:55:57Z
0000496f9730,2,142.8,66.13999999999999,2026-05-04,2026-05,2026-06-08,35.0,WELCOME15,True,item_discount,112.2,50.94,5082,organic_search,organic_search,False,True,2026-05-04T01:50:05Z
0000496f97f7,1,34.0,23.56,2025-10-09,2025-10,,,,False,no_code,34.0,23.56,1900,organic_search,organic_search,False,False,2025-10-09T13:31:20Z
00004979f4b9,1,32.0,21.72,2026-06-27,2026-06,,,,False,no_code,32.0,21.72,6007,meta,meta_ads,False,False,2026-06-27T12:31:09Z
00004979f580,1,68.0,41.09,2025-09-01,2025-09,,,,False,no_code,68.0,41.09,1488,,unknown,False,True,2025-09-01T12:58:05Z
00004997df9d,1,30.6,20.200000000000003,2026-04-11,2026-04,,,WELCOME15,True,item_discount,30.6,20.200000000000003,4728,organic_search,organic_search,False,False,2026-04-11T13:15:47Z
000049a23d26,1,26.0,10.32,2026-03-02,2026-03,,,FREESHIP,False,freeship_only,26.0,10.32,4062,referral,referral,False,True,2026-03-02T22:47:49Z
000049a7d8e4,1,27.2,16.75,2025-07-30,2025-07,,,SUMMER20,False,item_discount,27.2,16.75,1233,google_ads,google_ads,False,True,2025-07-30T22:07:22Z
000049ac9aaf,1,111.76,69.11999999999999,2026-02-27,2026-02,,,GLOWWITHSAM12,False,item_discount,111.76,69.11999999999999,4013,influencer,influencer,False,True,2026-02-27T15:16:12Z
000049b2366d,2,150.0,98.75,2025-09-27,2025-09,2025-12-09,73.0,,False,no_code,44.0,30.880000000000003,1755,organic_search,organic_search,False,True,2025-09-27T08:45:00Z
000049b23734,1,26.0,15.989999999999998,2026-06-30,2026-06,,,,False,no_code,26.0,15.989999999999998,6054,organic_search,organic_search,False,True,2026-06-30T04:47:06Z
000049b6f838,3,140.85000000000002,83.94000000000001,2026-01-30,2026-01,2026-04-16,76.0,WELCOME15,True,item_discount,56.95,33.5,3623,,unknown,False,True,2026-01-30T10:31:08Z
000049bc93f6,1,27.2,17.54,2025-10-20,2025-10,,,WELCOME15,True,item_discount,27.2,17.54,2046,referral,referral,False,True,2025-10-20T13:46:33Z
000049c155c1,1,18.2,8.53,2025-11-25,2025-11,,,BFCM30,False,item_discount,18.2,8.53,2482,direct,direct,False,True,2025-11-25T04:47:38Z
000049c6f17f,2,129.2,74.38,2025-11-19,2025-11,2025-12-15,26.0,WELCOME15,True,item_discount,73.95,44.29,2369,referral,referral,False,True,2025-11-19T20:12:17Z
00004a06da58,2,85.0,43.830000000000005,2026-03-05,2026-03,2026-05-25,81.0,,False,no_code,57.0,28.68,4097,IG,meta_ads,True,False,2026-03-05T22:34:10Z
00004a0c7616,1,66.0,37.77,2025-07-19,2025-07,,,,False,no_code,66.0,37.77,1146,meta,meta_ads,False,False,2025-07-19T15:54:26Z
00004a1137e1,1,29.0,20.47,2026-02-20,2026-02,,,,False,no_code,29.0,20.47,3915,direct,direct,False,True,2026-02-20T11:48:04Z
00004a16d39f,1,100.3,39.21000000000001,2025-09-01,2025-09,,,WELCOME15,True,item_discount,100.3,39.21000000000001,1491,google_ads,google_ads,False,True,2025-09-01T15:34:01Z
00004a16d466,1,107.1,63.86,2026-06-25,2026-06,,,WELCOME15,True,item_discount,107.1,63.86,5976,organic_search,organic_search,False,False,2026-06-25T09:38:48Z
00004a1b94a3,1,54.4,28.94,2026-02-13,2026-02,,,WELCOME15,True,item_discount,54.4,28.94,3838,google_ads,google_ads,False,True,2026-02-13T20:35:38Z
00004a1b956a,1,24.65,1.049999999999999,2026-01-24,2026-01,,,WELCOME15,True,item_discount,56.95,1.049999999999999,3542,referral,referral,False,False,2026-01-24T03:23:20Z
00004a213128,2,91.9,57.27,2025-10-25,2025-10,2025-11-17,23.0,WELCOME15,True,item_discount,28.9,17.78,2109,tiktok,tiktok_ads,False,True,2025-10-25T08:30:37Z
00004a2131ef,1,19.36,12.589999999999998,2026-05-06,2026-05,,,GLOWWITHSAM12,False,item_discount,19.36,12.589999999999998,5138,influencer,influencer,False,True,2026-05-06T17:43:27Z
00004a25f22c,1,32.0,21.9,2026-03-21,2026-03,,,,False,no_code,32.0,21.9,4425,meta,meta_ads,False,True,2026-03-21T20:50:04Z
00004a25f2f3,1,46.2,26.840000000000003,2025-11-25,2025-11,,,BFCM30,False,item_discount,46.2,26.840000000000003,2520,meta,meta_ads,False,True,2025-11-25T17:28:07Z
00004a2b8eb1,3,148.8,88.87,2025-11-25,2025-11,2026-01-22,58.0,BFCM30,False,item_discount,23.8,13.46,2485,google_ads,google_ads,False,True,2025-11-25T07:08:45Z
00004a2b8f78,1,149.6,85.00999999999999,2026-04-10,2026-04,,,WELCOME15,True,item_discount,149.6,85.00999999999999,4707,,unknown,False,False,2026-04-10T11:57:51Z
00004a304fb5,2,144.0,85.98,2026-04-11,2026-04,2026-06-04,54.0,,False,no_code,38.0,26.71,4720,meta,meta_ads,False,False,2026-04-11T01:39:37Z
00004a30507c,1,92.4,40.61,2025-11-27,2025-11,,,BFCM30,False,item_discount,92.4,40.61,2632,influencer,influencer,False,False,2025-11-27T14:24:34Z
00004a35ec3a,2,80.0,48.709999999999994,2025-12-17,2025-12,2026-04-09,113.0,,False,no_code,56.0,32.129999999999995,3086,facebook_ads,meta_ads,False,False,2025-12-17T23:23:20Z
00004a3aad3e,1,32.0,21.660000000000004,2026-05-14,2026-05,,,,False,no_code,32.0,21.660000000000004,5279,meta,meta_ads,False,False,2026-05-14T03:39:24Z
00004a3aae05,2,96.9,62.6,2025-09-10,2025-09,2025-09-30,20.0,WELCOME15,True,item_discount,28.9,19.65,1588,meta,meta_ads,False,True,2025-09-10T21:54:38Z
00004a450ac7,1,108.8,60.60999999999999,2026-06-13,2026-06,,,WELCOME15,True,item_discount,108.8,60.60999999999999,5761,google_ads,google_ads,False,False,2026-06-13T15:34:38Z
00004a80329c,1,29.0,21.090000000000007,2026-01-14,2026-01,,,,False,no_code,29.0,21.090000000000007,3435,meta,meta_ads,False,True,2026-01-14T19:13:48Z
00004a8a8f5e,1,38.0,26.96,2026-03-15,2026-03,,,,False,no_code,38.0,26.96,4240,tiktok,tiktok_ads,False,True,2026-03-15T22:27:27Z
00004a8a9025,1,25.5,16.13,2025-11-18,2025-11,,,WELCOME15,True,item_discount,25.5,16.13,2357,organic_search,organic_search,False,True,2025-11-18T17:19:30Z
00004a94ece7,1,57.8,28.72,2026-04-29,2026-04,,,WELCOME15,True,item_discount,57.8,28.72,5012,direct,direct,False,False,2026-04-29T15:11:07Z
00004a94edae,3,149.6,81.01,2025-11-25,2025-11,2025-12-19,24.0,BFCM30,False,item_discount,39.2,21.86,2472,organic_search,organic_search,False,True,2025-11-25T02:14:32Z
00004a9a896c,1,28.9,20.009999999999994,2025-12-10,2025-12,,,HOLIDAY15,False,item_discount,28.9,20.009999999999994,2983,tiktok,tiktok_ads,False,True,2025-12-10T18:24:57Z
00004a9f4a70,1,93.0,45.35,2026-05-08,2026-05,,,,False,no_code,93.0,45.35,5184,organic_search,organic_search,False,False,2026-05-08T21:16:52Z
00004a9f4b37,1,29.0,17.610000000000003,2025-09-07,2025-09,,,,False,no_code,29.0,17.610000000000003,1555,direct,direct,False,True,2025-09-07T14:19:49Z
00004aa4e6f5,1,56.0,31.72,2026-01-09,2026-01,,,,False,no_code,56.0,31.72,3375,organic_search,organic_search,False,True,2026-01-09T11:38:05Z
00004aa9a7f9,1,71.4,37.56999999999999,2026-06-10,2026-06,,,WELCOME15,True,item_discount,71.4,37.56999999999999,5703,tiktok,tiktok_ads,False,False,2026-06-10T22:51:32Z
00004aa9a8c0,2,126.0,83.11,2025-08-25,2025-08,2025-10-30,66.0,,False,no_code,29.0,21.130000000000003,1435,Google,google_ads,True,False,2025-08-25T20:09:13Z
00004aaf447e,1,92.0,55.98,2026-03-12,2026-03,,,,False,no_code,92.0,55.98,4169,organic_search,organic_search,False,True,2026-03-12T23:46:40Z
00004ad78c24,2,224.0,127.07,2025-08-11,2025-08,2025-10-01,51.0,,False,no_code,174.0,77.97,1322,organic_search,organic_search,False,True,2025-08-11T22:37:12Z
00004ad78ceb,1,110.0,54.63,2026-06-16,2026-06,,,,False,no_code,110.0,54.63,5816,meta,meta_ads,False,False,2026-06-16T18:05:06Z
00004ae1e9ad,3,151.8,98.03,2025-09-15,2025-09,2025-09-29,14.0,,False,no_code,44.0,31.270000000000003,1630,IG,meta_ads,True,True,2025-09-15T06:46:35Z
00004ae1ea74,1,29.0,1.2500000000000036,2026-05-18,2026-05,,,,False,no_code,73.0,1.2500000000000036,5349,,unknown,False,True,2026-05-18T21:43:38Z
00004aec4736,2,196.0,126.13,2025-11-29,2025-11,2026-01-11,43.0,,False,no_code,115.0,75.41,2750,organic_search,organic_search,False,True,2025-11-29T15:49:49Z
00004aec47fd,1,102.0,66.63,2026-04-28,2026-04,,,,False,no_code,102.0,66.63,4999,organic_search,organic_search,False,False,2026-04-28T17:12:50Z
00004af6a4bf,2,110.6,70.98,2025-11-30,2025-11,2026-01-28,59.0,BFCM30,False,item_discount,47.6,30.47,2809,meta,meta_ads,False,False,2025-11-30T19:31:02Z
00004b03e7a2,1,76.0,49.19,2026-05-10,2026-05,,,,False,no_code,76.0,49.19,5212,direct,direct,False,False,2026-05-10T10:10:55Z
00004b03e869,1,56.1,29.23,2025-09-14,2025-09,,,WELCOME15,True,item_discount,56.1,29.23,1627,organic_search,organic_search,False,False,2025-09-14T22:21:43Z
00004b0e452b,1,28.9,19.179999999999996,2026-06-11,2026-06,,,WELCOME15,True,item_discount,28.9,19.179999999999996,5712,organic_search,organic_search,False,True,2026-06-11T02:25:36Z
00004b0e45f2,2,153.85,91.27,2025-08-29,2025-08,2025-12-17,110.0,WELCOME15,True,item_discount,62.05,34.97,1465,organic_search,organic_search,False,True,2025-08-29T00:44:42Z
00004b3c2956,1,66.0,40.94999999999999,2025-08-19,2025-08,,,,False,no_code,66.0,40.94999999999999,1386,Influencer,influencer,False,False,2025-08-19T05:35:16Z
00004b3c2a1d,1,37.4,24.42,2026-06-23,2026-06,,,WELCOME15,True,item_discount,37.4,24.42,5943,meta,meta_ads,False,True,2026-06-23T09:50:04Z
00004b40eb21,2,100.2,68.34,2026-01-05,2026-01,2026-04-21,106.0,,False,no_code,66.0,46.06999999999999,3314,tiktok,tiktok_ads,False,False,2026-01-05T12:08:02Z
00004b4686df,1,66.0,38.91,2025-09-23,2025-09,,,,False,no_code,66.0,38.91,1713,Facebook,meta_ads,False,True,2025-08-21T20:18:58Z
00004b4687a6,1,0.0,-13.330000000000002,2026-05-24,2026-05,,,WELCOME15,True,item_discount,37.4,-13.330000000000002,5432,google_ads,google_ads,False,True,2026-05-24T21:56:15Z
00004b4b48aa,1,102.0,62.2,2025-12-04,2025-12,,,,False,no_code,102.0,62.2,2905,organic_search,organic_search,False,True,2025-11-14T15:18:18Z
00004b50e468,3,159.9,104.46000000000001,2025-11-06,2025-11,2026-01-18,73.0,WELCOME15,True,item_discount,28.9,18.460000000000004,2245,organic_search,organic_search,False,True,2025-11-06T17:30:19Z
00004b50e52f,2,161.8,101.59,2026-04-08,2026-04,2026-05-17,39.0,,False,no_code,97.0,62.63,4674,referral,referral,False,True,2026-04-08T17:13:06Z
00004b55a633,1,18.2,8.85,2025-11-30,2025-11,,,BFCM30,False,item_discount,18.2,8.85,2785,Facebook,meta_ads,False,False,2025-11-05T10:44:05Z
00004b5b41f1,1,60.2,27.39,2025-11-30,2025-11,,,BFCM30,False,item_discount,60.2,27.39,2803,google_ads,google_ads,False,True,2025-11-30T16:31:38Z
00004b5b42b8,1,88.0,51.57000000000001,2026-03-25,2026-03,,,,False,no_code,88.0,51.57000000000001,4476,meta,meta_ads,False,True,2026-03-25T19:17:25Z
00004b6003bc,1,56.0,32.1,2025-10-25,2025-10,,,,False,no_code,56.0,32.1,2117,meta,meta_ads,False,True,2025-09-26T17:41:55Z
00004b60de76,1,0.0,-34.47,2025-07-26,2025-07,,,SUMMER20,False,item_discount,67.2,-34.47,1195,direct,direct,False,False,2025-07-26T20:32:51Z
00004b659f7a,1,132.6,73.39999999999999,2026-01-22,2026-01,,,WELCOME15,True,item_discount,132.6,73.39999999999999,3531,meta,meta_ads,False,True,2026-01-22T21:34:05Z
00004b6a6145,1,34.0,24.26,2025-09-18,2025-09,,,,False,no_code,34.0,24.26,1656,facebook_ads,meta_ads,False,True,2025-09-18T00:25:46Z
00004bab24d8,2,58.0,41.69000000000001,2026-05-17,2026-05,2026-06-16,30.0,,False,no_code,29.0,20.760000000000005,5329,IG,meta_ads,True,False,2026-05-17T09:18:03Z
00004bafe5dc,1,17.34,10.19,2025-12-09,2025-12,,,HOLIDAY15+WELCOME15,True,item_discount,17.34,10.19,2965,meta,meta_ads,False,False,2025-12-09T14:53:15Z
00004bb5819a,1,23.8,13.51,2025-11-25,2025-11,,,BFCM30,False,item_discount,23.8,13.51,2474,meta,meta_ads,False,True,2025-11-25T02:24:03Z
00004bb58261,2,120.4,73.79,2026-04-10,2026-04,2026-06-17,68.0,,False,no_code,88.0,51.61000000000001,4717,Google,google_ads,True,False,2026-04-10T19:54:08Z
00004bba4365,1,16.8,9.740000000000002,2025-11-30,2025-11,,,BFCM30,False,item_discount,16.8,9.740000000000002,2784,influencer,influencer,False,False,2025-11-30T10:40:01Z
00004bbfdf23,1,61.6,1.7800000000000011,2025-11-29,2025-11,,,BFCM30,False,item_discount,120.4,1.7800000000000011,2726,referral,referral,False,False,2025-11-29T08:22:49Z
00004bbfdfea,2,143.26,89.16,2026-03-26,2026-03,2026-04-30,35.0,GLOWWITHSAM12+WELCOME15,True,item_discount,65.82,38.88,4483,influencer,influencer,False,True,2026-03-26T06:35:27Z
00004bc4a027,1,70.0,42.21,2026-05-27,2026-05,,,,False,no_code,70.0,42.21,5468,,unknown,False,True,2026-05-07T03:45:29Z
00004bc4a0ee,1,37.4,24.6,2025-10-20,2025-10,,,WELCOME15,True,item_discount,37.4,24.6,2049,direct,direct,False,False,2025-10-20T16:02:41Z
00004bca3cac,2,88.2,52.64,2026-01-13,2026-01,2026-02-25,43.0,WELCOME15,True,item_discount,27.2,16.999999999999996,3425,google_ads,google_ads,False,False,2026-01-13T03:50:55Z
00004bca3d73,1,129.2,69.02999999999999,2026-02-07,2026-02,,,WELCOME15,True,item_discount,129.2,69.02999999999999,3733,google_ads,google_ads,False,True,2026-02-07T03:43:44Z
00004bcefdb0,1,18.7,11.779999999999998,2026-06-02,2026-06,,,SKINBYJORDAN15,False,item_discount,18.7,11.779999999999998,5564,influencer,influencer,False,True,2026-06-02T11:03:15Z
00004bcefe77,3,142.0,90.79,2025-09-21,2025-09,2025-12-02,72.0,,False,no_code,95.0,60.84,1693,organic_search,organic_search,False,True,2025-09-21T13:31:14Z
00004bd49a35,1,29.0,20.730000000000004,2026-02-27,2026-02,,,,False,no_code,29.0,20.730000000000004,4014,organic_search,organic_search,False,True,2026-02-27T19:43:09Z
00004bd95c00,1,35.2,22.530000000000005,2025-07-17,2025-07,,,SUMMER20,False,item_discount,35.2,22.530000000000005,1122,,unknown,False,False,2025-07-17T01:40:13Z
00004bdef7be,1,32.0,21.880000000000003,2026-03-24,2026-03,,,,False,no_code,32.0,21.880000000000003,4461,meta,meta_ads,False,True,2026-03-24T13:06:37Z
00004c07402b,1,32.3,20.31,2026-06-15,2026-06,,,WELCOME15,True,item_discount,32.3,20.31,5793,referral,referral,False,False,2026-06-15T11:10:45Z
00004c119db4,1,32.3,21.23,2026-05-28,2026-05,,,WELCOME15,True,item_discount,32.3,21.23,5503,direct,direct,False,False,2026-05-23T14:28:12Z
00004c1bfb3d,2,63.150000000000006,38.42,2026-04-21,2026-04,2026-06-28,68.0,WELCOME15,True,item_discount,43.35,26.77,4893,google_ads,google_ads,False,False,2026-04-21T22:45:56Z
00004c293e20,2,76.0,44.35,2025-10-13,2025-10,2025-11-18,36.0,,False,no_code,50.0,27.87,1954,google_ads,google_ads,False,True,2025-10-13T03:01:43Z
00004c339ae2,1,107.1,64.00999999999999,2026-06-29,2026-06,,,WELCOME15,True,item_discount,107.1,64.00999999999999,6034,organic_search,organic_search,False,True,2026-06-29T02:43:11Z
00004c339ba9,1,29.0,21.090000000000003,2025-09-07,2025-09,,,,False,no_code,29.0,21.090000000000003,1552,google_ads,google_ads,False,True,2025-09-07T03:43:58Z
00004c3df932,1,27.2,17.499999999999996,2025-07-29,2025-07,,,WELCOME15,True,item_discount,27.2,17.499999999999996,1223,Facebook,meta_ads,False,True,2025-07-29T21:08:19Z
00004c585002,2,98.0,62.629999999999995,2026-05-02,2026-05,2026-06-12,41.0,,False,no_code,38.0,26.97,5065,organic_search,organic_search,False,False,2026-05-02T23:56:32Z
00004c6bdd5d,1,68.0,38.25,2026-06-16,2026-06,,,WELCOME15,True,item_discount,68.0,38.25,5801,tiktok,tiktok_ads,False,True,2026-06-16T01:20:09Z
00004c763a1f,1,70.0,33.93000000000001,2025-10-18,2025-10,,,,False,no_code,100.0,33.93000000000001,2019,organic_search,organic_search,False,False,2025-10-18T16:37:08Z
00004c763ae6,1,27.2,16.689999999999998,2026-05-08,2026-05,,,MOMS15,False,item_discount,27.2,16.689999999999998,5182,facebook_ads,meta_ads,False,True,2026-05-08T20:32:53Z
00004c8097a8,1,44.0,30.640000000000004,2025-11-23,2025-11,,,,False,no_code,44.0,30.640000000000004,2401,Direct,direct,False,False,2025-11-23T18:55:42Z
00004c80986f,1,11.0,3.859999999999998,2026-04-14,2026-04,,,,False,no_code,22.0,3.859999999999998,4758,,unknown,False,False,2026-04-14T02:56:38Z
00004c8af531,1,145.35,83.68,2025-12-29,2025-12,,,WELCOME15,True,item_discount,145.35,83.68,3220,tiktok,tiktok_ads,False,True,2025-12-29T15:00:50Z
00004c8af5f8,1,94.0,52.45,2026-03-12,2026-03,,,,False,no_code,94.0,52.45,4161,referral,referral,False,True,2026-03-12T15:03:12Z
00004c9091b6,2,138.6,89.38000000000001,2025-08-24,2025-08,2025-09-16,23.0,,False,no_code,99.0,62.57000000000001,1426,Direct,direct,False,True,2025-08-24T04:16:21Z
00004c9552ba,1,28.9,19.440000000000005,2026-01-18,2026-01,,,WELCOME15,True,item_discount,28.9,19.440000000000005,3477,google_ads,google_ads,False,False,2026-01-18T13:08:18Z
00004c9fb043,1,32.0,20.840000000000007,2026-03-14,2026-03,,,,False,no_code,32.0,20.840000000000007,4200,meta,meta_ads,False,True,2026-03-14T11:10:54Z
00004cdad818,2,151.4,94.38000000000001,2026-05-09,2026-05,2026-06-17,39.0,,False,no_code,38.0,26.92,5198,meta,meta_ads,False,False,2026-05-09T15:37:01Z
00004cdf991c,1,32.2,17.98,2025-11-24,2025-11,,,BFCM30,False,item_discount,32.2,17.98,2406,meta,meta_ads,False,True,2025-11-24T01:33:12Z
00004ce534da,1,20.4,13.069999999999997,2025-11-23,2025-11,,,WELCOME15,True,item_discount,20.4,13.069999999999997,2392,google_ads,google_ads,False,False,2025-11-23T00:10:38Z
00004ce535a1,1,0.0,-13.1,2026-04-25,2026-04,,,WELCOME15,True,item_discount,37.4,-13.1,4952,,unknown,False,True,2026-04-25T14:26:48Z
00004ce9f6a5,3,324.0,192.51999999999998,2025-11-05,2025-11,2025-12-13,38.0,,False,no_code,132.0,81.25,2230,referral,referral,False,True,2025-11-05T15:46:22Z
00004cef9263,1,34.0,24.65,2025-12-17,2025-12,,,,False,no_code,34.0,24.65,3079,,unknown,False,False,2025-12-17T14:34:58Z
00004cef932a,1,38.0,26.41,2026-02-07,2026-02,,,,False,no_code,38.0,26.41,3742,Direct,direct,False,True,2026-02-07T14:40:58Z
00004cf4542e,1,22.1,12.83,2025-09-02,2025-09,,,LABORDAY15,False,item_discount,22.1,12.83,1497,influencer,influencer,False,True,2025-09-02T04:14:16Z
00004cf9efec,1,18.7,11.899999999999997,2026-01-24,2026-01,,,WELCOME15,True,item_discount,18.7,11.899999999999997,3549,meta,meta_ads,False,False,2026-01-17T11:46:12Z
00004cf9f0b3,1,0.0,-10.03,2026-01-28,2026-01,,,,False,no_code,24.0,-10.03,3599,,unknown,False,False,2026-01-28T03:15:08Z
00004cfeb1b7,2,202.0,127.72,2025-08-20,2025-08,2025-12-28,130.0,,False,no_code,130.0,82.94,1405,meta,meta_ads,False,False,2025-08-20T15:54:23Z
00004cff8c71,1,34.0,19.270000000000003,2025-10-04,2025-10,,,,False,no_code,34.0,19.270000000000003,1845,meta,meta_ads,False,True,2025-10-04T18:02:50Z
00004d044d75,1,68.85,31.59,2026-03-08,2026-03,,,WELCOME15,True,item_discount,68.85,31.59,4117,TikTok,tiktok_ads,False,False,2026-03-08T01:49:53Z
00004d044e3c,1,58.0,37.28,2025-12-16,2025-12,,,,False,no_code,58.0,37.28,3056,Facebook,meta_ads,False,True,2025-12-16T09:35:30Z
00004d09e9fa,1,18.7,12.159999999999997,2025-11-24,2025-11,,,WELCOME15,True,item_discount,18.7,12.159999999999997,2405,organic_search,organic_search,False,True,2025-11-24T01:25:37Z
00004d0eaafe,1,59.5,33.160000000000004,2026-04-09,2026-04,,,SKINBYJORDAN15,False,item_discount,59.5,33.160000000000004,4699,influencer,influencer,False,True,2026-04-09T20:01:37Z
00004d514a3b,1,52.8,27.05,2025-07-08,2025-07,,,SUMMER20,False,item_discount,52.8,27.05,1047,IG,meta_ads,True,False,2025-07-08T09:34:26Z
00004d58f160,2,122.08,59.480000000000004,2025-09-10,2025-09,2025-10-12,32.0,GLOWWITHSAM12,False,item_discount,58.08,31.36,1587,influencer,influencer,False,False,2025-09-10T19:12:17Z
00004d5e8d1e,3,159.85,89.21000000000001,2026-01-12,2026-01,2026-02-13,32.0,WELCOME15,True,item_discount,51.85,27.29,3419,direct,direct,False,True,2026-01-12T13:20:07Z
00004d5e8de5,1,23.12,13.869999999999994,2026-01-09,2026-01,,,NEWYEAR20+WELCOME15,True,item_discount,23.119999999999997,13.869999999999994,3379,organic_search,organic_search,False,True,2026-01-09T13:06:29Z
00004d634e22,1,25.2,2.9399999999999995,2026-06-11,2026-06,,,AMELIA10,False,item_discount,48.6,2.9399999999999995,5722,,unknown,False,False,2026-06-11T13:48:24Z
00004d634ee9,1,26.0,15.37,2025-08-25,2025-08,,,,False,no_code,26.0,15.37,1430,google_ads,google_ads,False,True,2025-08-25T02:55:00Z
00004d68eaa7,2,68.0,45.7,2026-03-16,2026-03,2026-05-02,47.0,,False,no_code,22.0,14.869999999999996,4258,google_ads,google_ads,False,True,2026-03-16T12:32:18Z
00004d68eb6e,1,24.0,15.940000000000005,2025-12-09,2025-12,,,,False,no_code,24.0,15.940000000000005,2960,tiktok,tiktok_ads,False,True,2025-12-09T10:02:11Z
00004d734830,1,78.2,42.12,2026-04-24,2026-04,,,SKINBYJORDAN15,False,item_discount,78.2,42.12,4932,,unknown,False,True,2026-04-24T01:22:33Z
00004d7348f7,2,124.2,56.67,2025-11-30,2025-11,2026-01-09,40.0,BFCM30,False,item_discount,39.2,16.910000000000004,2811,referral,referral,False,False,2025-11-30T20:34:08Z
00004d7da5b9,1,50.400000000000006,26.42,2026-05-01,2026-05,,,AMELIA10,False,item_discount,50.4,26.42,5031,Influencer,influencer,False,True,2026-05-01T00:49:50Z
00004d7da680,1,18.7,12.139999999999995,2025-10-20,2025-10,,,WELCOME15,True,item_discount,18.7,12.139999999999995,2053,google_ads,google_ads,False,False,2025-10-20T19:57:26Z
00004d880342,1,32.3,21.25,2026-06-29,2026-06,,,WELCOME15,True,item_discount,32.3,21.25,6048,organic_search,organic_search,False,True,2026-06-29T20:51:45Z
00004d9b909d,1,32.3,21.21,2026-05-29,2026-05,,,WELCOME15,True,item_discount,32.3,21.21,5510,google_ads,google_ads,False,True,2026-05-11T03:59:50Z
00004da5ee26,1,28.9,19.370000000000005,2026-04-12,2026-04,,,WELCOME15,True,item_discount,28.9,19.370000000000005,4743,TikTok,tiktok_ads,False,True,2026-04-12T14:54:40Z
00004db04baf,3,148.5,87.69,2026-03-20,2026-03,2026-05-01,42.0,SPRING25,False,item_discount,16.5,9.689999999999998,4375,influencer,influencer,False,False,2026-03-20T04:15:34Z
00004db5e76d,2,112.8,50.69,2025-07-13,2025-07,2026-01-09,180.0,,False,no_code,68.0,41.29,1097,meta,meta_ads,False,False,2025-07-13T05:10:54Z
00004dbaa938,1,22.0,15.119999999999996,2026-02-18,2026-02,,,,False,no_code,22.0,15.119999999999996,3898,meta,meta_ads,False,False,2026-02-18T18:54:35Z
00004dc044f6,1,152.0,78.59,2025-09-20,2025-09,,,,False,no_code,152.0,78.59,1680,google_ads,google_ads,False,True,2025-09-20T01:28:37Z
00004dc506c1,1,28.9,-2.190000000000003,2025-12-17,2025-12,,,HOLIDAY15,False,item_discount,66.3,-2.190000000000003,3081,meta,meta_ads,False,True,2025-12-17T17:23:52Z
00004e0a8b58,1,45.9,28.42,2026-04-07,2026-04,,,WELCOME15,True,item_discount,45.9,28.42,4664,google_ads,google_ads,False,True,2026-04-07T23:19:00Z
00004e14e81a,1,72.8,36.66,2025-11-27,2025-11,,,BFCM30,False,item_discount,72.8,36.66,2614,influencer,influencer,False,True,2025-11-27T08:13:45Z
00004e14e8e1,1,106.5,57.28,2026-03-21,2026-03,,,SPRING25,False,item_discount,106.5,57.28,4413,meta,meta_ads,False,True,2026-03-21T10:41:49Z
00004e1a849f,2,64.7,43.01,2025-07-31,2025-07,2025-10-04,65.0,WELCOME15,True,item_discount,18.7,12.139999999999995,1237,organic_search,organic_search,False,False,2025-07-31T12:01:55Z
00004e1f45a3,1,30.0,19.65,2026-01-21,2026-01,,,,False,no_code,30.0,19.65,3517,referral,referral,False,True,2026-01-21T13:49:44Z
00004e1f466a,3,268.0,162.93,2026-02-19,2026-02,2026-04-06,46.0,,False,no_code,48.0,32.09,3903,referral,referral,False,True,2026-02-19T08:19:20Z
00004e24e228,2,143.1,88.78,2025-09-16,2025-09,2026-04-04,200.0,WELCOME15,True,item_discount,107.1,63.36,1641,referral,referral,False,True,2025-09-16T13:36:39Z
00004e24e2ef,1,34.0,23.85,2026-06-08,2026-06,,,,False,no_code,34.0,23.85,5658,facebook_ads,meta_ads,False,True,2026-06-08T00:37:45Z
00004e29a32c,1,37.4,24.19,2026-02-19,2026-02,,,WELCOME15,True,item_discount,37.4,24.19,3901,google_ads,google_ads,False,True,2026-02-19T04:45:52Z
00004e29a3f3,1,119.0,69.30000000000001,2025-12-04,2025-12,,,HOLIDAY15,False,item_discount,119.0,69.30000000000001,2897,influencer,influencer,False,False,2025-12-04T02:22:54Z
00004e2f3fb1,2,81.2,33.42999999999999,2025-10-04,2025-10,2025-11-27,54.0,,False,no_code,34.0,-10.73,1838,organic_search,organic_search,False,True,2025-10-04T11:06:08Z
00004e2f4078,1,22.1,11.9,2026-05-18,2026-05,,,WELCOME15,True,item_discount,22.1,11.9,5340,organic_search,organic_search,False,True,2026-05-18T02:29:30Z
00004e3400b5,3,372.8,234.16,2026-03-06,2026-03,2026-03-31,25.0,WELCOME15,True,item_discount,74.8,39.63,4102,google_ads,google_ads,False,True,2026-03-06T20:31:13Z
00004e34017c,1,79.1,36.15,2025-11-27,2025-11,,,BFCM30,False,item_discount,79.1,36.15,2657,influencer,influencer,False,True,2025-11-27T21:42:02Z
00004e399d3a,1,72.0,39.13,2025-11-13,2025-11,,,,False,no_code,72.0,39.13,2302,tiktok,tiktok_ads,False,True,2025-11-13T00:27:05Z
00004e3e5e3e,2,148.0,99.77,2026-04-18,2026-04,2026-05-28,40.0,,False,no_code,38.0,27.14,4831,organic_search,organic_search,False,True,2026-04-18T15:35:47Z
00004e48bbc7,1,32.3,21.39,2026-05-14,2026-05,,,WELCOME15,True,item_discount,32.3,21.39,5285,,unknown,False,False,2026-05-14T13:09:05Z
00004e83e39c,1,30.6,19.750000000000007,2026-02-02,2026-02,,,WELCOME15,True,item_discount,30.6,19.750000000000007,3657,organic_search,organic_search,False,False,2026-02-02T01:45:02Z
00004e88a4a0,1,44.0,31.070000000000007,2025-08-10,2025-08,,,,False,no_code,44.0,31.070000000000007,1308,tiktok,tiktok_ads,False,False,2025-08-10T21:19:08Z
00004e8e405e,1,55.8,22.520000000000003,2026-02-06,2026-02,,,AMELIA10+FREESHIP,False,item_discount,55.8,22.520000000000003,3718,influencer,influencer,False,True,2026-02-06T12:48:07Z
00004e8e4125,1,142.8,85.50999999999999,2025-12-12,2025-12,,,HOLIDAY15,False,item_discount,142.8,85.50999999999999,3003,Google,google_ads,True,False,2025-12-12T14:51:50Z
00004e930229,1,23.2,15.440000000000005,2025-07-15,2025-07,,,SUMMER20,False,item_discount,23.2,15.440000000000005,1108,organic_search,organic_search,False,True,2025-07-15T02:05:07Z
00004e989de7,1,34.5,17.729999999999997,2026-03-16,2026-03,,,SPRING25,False,item_discount,34.5,17.729999999999997,4251,influencer,influencer,False,False,2026-02-06T09:05:02Z
00004e989eae,1,63.0,19.9,2025-11-28,2025-11,,,BFCM30,False,item_discount,85.4,19.9,2714,organic_search,organic_search,False,False,2025-11-28T23:12:27Z
00004ea2fb70,1,95.2,41.63,2026-04-13,2026-04,,,WELCOME15,True,item_discount,132.6,41.63,4746,Facebook,meta_ads,False,False,2026-04-13T02:01:28Z
00004ea2fc37,1,51.0,26.41,2025-10-21,2025-10,,,WELCOME15,True,item_discount,51.0,26.41,2055,facebook_ads,meta_ads,False,True,2025-10-21T00:52:05Z
00004ead58f9,1,27.2,12.02,2026-05-25,2026-05,,,WELCOME15,True,item_discount,27.2,12.02,5443,google_ads,google_ads,False,True,2026-05-13T14:46:40Z
00004ead59c0,1,60.0,36.2,2025-09-06,2025-09,,,,False,no_code,60.0,36.2,1534,organic_search,organic_search,False,True,2025-09-06T07:24:40Z
00004eb2f57e,1,17.6,5.530000000000001,2026-01-04,2026-01,,,FREESHIP+NEWYEAR20,False,item_discount,17.6,5.530000000000001,3303,Facebook,meta_ads,False,True,2026-01-04T22:30:51Z
00004edb3d24,4,215.8,136.13,2025-07-04,2025-07,2025-08-04,31.0,SUMMER20,False,item_discount,17.6,10.84,1027,google_ads,google_ads,False,True,2025-07-04T18:06:19Z
00004ee59aad,2,140.3,75.9,2025-08-17,2025-08,2026-01-04,140.0,,False,no_code,44.0,31.06,1375,meta,meta_ads,False,True,2025-08-17T17:47:57Z
00004ee59b74,1,30.6,20.15,2026-06-22,2026-06,,,WELCOME15,True,item_discount,30.6,20.15,5926,google_ads,google_ads,False,False,2026-06-22T03:55:37Z
00004eeff836,2,96.0,27.04,2025-10-07,2025-10,2025-12-18,72.0,,False,no_code,68.0,27.98,1871,google_ads,google_ads,False,True,2025-10-07T05:15:44Z
00004efa55bf,1,22.0,15.38,2025-11-01,2025-11,,,,False,no_code,22.0,15.38,2195,meta,meta_ads,False,False,2025-11-01T12:24:16Z
00004f0798a2,1,38.0,21.24,2026-04-12,2026-04,,,FREESHIP,False,freeship_only,38.0,21.24,4744,tiktok,tiktok_ads,False,False,2026-04-12T23:51:09Z
00004f11f62b,1,114.0,71.33000000000001,2026-06-03,2026-06,,,,False,no_code,114.0,71.33000000000001,5583,organic_search,organic_search,False,True,2026-06-03T23:45:02Z
00004f11f6f2,1,114.0,74.93,2025-09-16,2025-09,,,,False,no_code,114.0,74.93,1645,google_ads,google_ads,False,True,2025-09-16T20:09:37Z
00004f1c547b,1,80.91999999999999,32.05,2025-07-31,2025-07,,,SUMMER20+WELCOME15,True,item_discount,80.91999999999999,32.05,1236,influencer,influencer,False,False,2025-07-31T04:21:15Z
00004f3a3e98,1,58.0,34.34,2026-03-18,2026-03,,,,False,no_code,58.0,34.34,4314,TikTok,tiktok_ads,False,False,2026-03-18T00:21:41Z
00004f3fda56,1,90.0,40.55,2025-07-30,2025-07,,,,False,no_code,114.0,40.55,1232,organic_search,organic_search,False,False,2025-07-30T18:21:13Z
00004f449c21,2,104.3,59.970000000000006,2026-02-02,2026-02,2026-04-07,64.0,WELCOME15,True,item_discount,32.3,21.25,3672,google_ads,google_ads,False,False,2026-02-02T21:13:05Z
00004f4a37df,2,260.0,163.33,2025-08-22,2025-08,2025-11-12,82.0,,False,no_code,84.0,48.99,1413,Facebook,meta_ads,False,True,2025-08-22T12:03:23Z
00004f4a38a6,1,126.0,81.16,2026-06-01,2026-06,,,,False,no_code,126.0,81.16,5558,Facebook,meta_ads,False,True,2026-06-01T22:50:55Z
00004f4ef9aa,1,21.76,12.239999999999997,2026-01-04,2026-01,,,NEWYEAR20+WELCOME15,True,item_discount,21.759999999999998,12.239999999999997,3293,facebook_ads,meta_ads,False,True,2026-01-04T10:48:20Z
00004f549568,1,28.9,18.620000000000005,2025-10-24,2025-10,,,SKINBYJORDAN15,False,item_discount,28.9,18.620000000000005,2100,influencer,influencer,False,True,2025-10-24T10:06:41Z
00004f54962f,1,44.0,30.690000000000005,2026-05-23,2026-05,,,,False,no_code,44.0,30.690000000000005,5406,direct,direct,False,True,2026-05-23T07:10:59Z
00004f595733,1,23.8,11.86,2025-12-11,2025-12,,,WELCOME15,True,item_discount,23.8,11.86,2984,organic_search,organic_search,False,True,2025-12-11T01:21:44Z
00004f5ef2f1,1,82.6,38.17999999999999,2025-11-26,2025-11,,,BFCM30,False,item_discount,82.6,38.17999999999999,2575,meta,meta_ads,False,True,2025-11-26T15:46:08Z
00004f5ef3b8,1,124.0,79.93,2026-04-08,2026-04,,,,False,no_code,124.0,79.93,4669,TikTok,tiktok_ads,False,False,2026-04-08T09:59:57Z
00004f63b4bc,1,61.6,29.71,2025-11-26,2025-11,,,BFCM30,False,item_discount,61.6,29.71,2549,tiktok,tiktok_ads,False,True,2025-11-26T03:31:58Z
00004f69507a,1,58.0,33.47,2025-12-29,2025-12,,,,False,no_code,58.0,33.47,3218,organic_search,organic_search,False,False,2025-12-29T05:21:13Z
00004fb396dc,1,38.0,26.860000000000003,2026-01-24,2026-01,,,,False,no_code,38.0,26.860000000000003,3541,IG,meta_ads,True,False,2026-01-24T01:35:03Z
00004fb9329a,1,98.6,53.95,2025-10-14,2025-10,,,WELCOME15,True,item_discount,98.6,53.95,1975,organic_search,organic_search,False,False,2025-10-14T13:04:27Z
00004fb93361,1,30.6,20.210000000000004,2026-05-10,2026-05,,,MOMS15,False,item_discount,30.6,20.210000000000004,5218,influencer,influencer,False,True,2026-05-10T17:43:37Z
00004fbdf39e,1,26.0,15.69,2026-03-22,2026-03,,,,False,no_code,26.0,15.69,4443,Facebook,meta_ads,False,True,2026-03-22T16:35:15Z
00004fbdf465,1,106.4,45.00999999999999,2025-11-28,2025-11,,,BFCM30,False,item_discount,121.8,45.00999999999999,2712,meta,meta_ads,False,False,2025-11-28T22:45:39Z
00004fc39023,1,58.8,22.62,2025-11-25,2025-11,,,BFCM30,False,item_discount,58.8,22.62,2504,,unknown,False,True,2025-11-25T13:41:18Z
00004fc390ea,3,296.8,194.12,2026-04-23,2026-04,2026-05-26,33.0,,False,no_code,111.0,69.67999999999999,4928,referral,referral,False,True,2026-04-23T22:16:09Z
00004fc85127,1,22.1,11.45,2026-04-23,2026-04,,,WELCOME15,True,item_discount,22.1,11.45,4922,Google,google_ads,True,False,2026-04-23T14:23:57Z
00004fc851ee,1,70.0,12.740000000000002,2025-11-26,2025-11,,,BFCM30,False,item_discount,85.4,12.740000000000002,2594,influencer,influencer,False,False,2025-11-26T22:04:04Z
00004fcdedac,3,275.84000000000003,176.57,2025-12-12,2025-12,2026-01-20,39.0,GLOWWITHSAM12,False,item_discount,59.84,32.980000000000004,2999,influencer,influencer,False,True,2025-12-12T01:48:35Z
00004fcdee73,1,116.0,67.61,2026-03-22,2026-03,,,,False,no_code,116.0,67.61,4437,Google,google_ads,True,False,2026-03-22T08:28:43Z
00004fd2aeb0,1,51.85,27.23,2026-05-05,2026-05,,,MOMS15,False,item_discount,51.85,27.23,5121,Influencer,influencer,False,True,2026-05-05T22:23:22Z
00004fd2af77,1,34.0,23.37,2025-10-23,2025-10,,,,False,no_code,34.0,23.37,2083,google_ads,google_ads,False,True,2025-10-23T00:44:49Z
00004fd84b35,1,36.0,25.28,2026-01-06,2026-01,,,,False,no_code,36.0,25.28,3335,organic_search,organic_search,False,True,2026-01-06T15:37:03Z
00004fd84bfc,1,60.0,35.69,2026-02-21,2026-02,,,,False,no_code,60.0,35.69,3927,,unknown,False,False,2026-02-21T13:01:29Z
00004fdd0c39,1,23.8,11.23,2026-06-04,2026-06,,,WELCOME15,True,item_discount,23.8,11.23,5595,Direct,direct,False,False,2026-06-04T13:16:34Z
00004fdd0d00,1,27.2,17.830000000000002,2025-08-04,2025-08,,,SUMMER20,False,item_discount,27.2,17.830000000000002,1266,meta,meta_ads,False,False,2025-08-04T11:57:13Z
00004fe2a8be,1,30.0,19.87,2026-02-02,2026-02,,,,False,no_code,30.0,19.87,3660,organic_search,organic_search,False,False,2026-02-02T03:37:49Z
000050154eb4,1,88.0,38.580000000000005,2026-05-14,2026-05,,,,False,no_code,88.0,38.580000000000005,5282,direct,direct,False,True,2026-05-14T11:07:33Z
0000501fac3d,1,108.0,70.47,2026-04-07,2026-04,,,,False,no_code,108.0,70.47,4659,Direct,direct,False,True,2026-04-07T20:16:09Z
0000502cef20,1,86.1,43.97,2025-11-24,2025-11,,,BFCM30,False,item_discount,86.1,43.97,2444,TikTok,tiktok_ads,False,False,2025-11-24T17:20:16Z
000050374be2,1,27.0,11.62,2026-05-28,2026-05,,,DERMDIARY10+FREESHIP,False,item_discount,27.0,11.62,5500,influencer,influencer,False,True,2026-05-28T12:27:03Z
000050374ca9,1,84.0,48.8,2025-10-01,2025-10,,,,False,no_code,84.0,48.8,1812,direct,direct,False,False,2025-10-01T20:25:47Z
00005041a96b,1,24.65,16.389999999999997,2026-06-21,2026-06,,,WELCOME15,True,item_discount,24.65,16.389999999999997,5916,meta,meta_ads,False,True,2026-06-21T21:58:55Z
00005041aa32,3,259.8,164.48000000000002,2025-08-04,2025-08,2025-10-01,58.0,,False,no_code,34.0,24.55,1267,meta,meta_ads,False,True,2025-08-04T15:01:47Z
0000506f8d96,1,17.6,11.17,2025-07-17,2025-07,,,SUMMER20,False,item_discount,17.6,11.17,1127,organic_search,organic_search,False,False,2025-06-10T14:52:04Z
0000506f8e5d,1,44.0,30.74,2026-06-27,2026-06,,,,False,no_code,44.0,30.74,6005,,unknown,False,True,2026-06-27T10:35:06Z
00005079eb1f,1,24.0,16.569999999999997,2025-09-23,2025-09,,,,False,no_code,24.0,16.569999999999997,1710,organic_search,organic_search,False,False,2025-09-23T15:49:55Z
00005079ebe6,2,186.6,97.40999999999998,2026-05-23,2026-05,2026-06-18,26.0,,False,no_code,156.0,83.6,5415,direct,direct,False,True,2026-05-23T19:16:34Z
0000508448a8,2,58.0,42.030000000000015,2025-10-18,2025-10,2025-11-22,35.0,,False,no_code,29.0,21.040000000000006,2010,meta,meta_ads,False,True,2025-10-18T00:40:29Z
00005084496f,1,22.0,15.03,2026-04-09,2026-04,,,,False,no_code,22.0,15.03,4683,meta,meta_ads,False,False,2026-04-09T01:53:14Z
0000508ea631,2,124.0,75.67,2025-11-07,2025-11,2025-12-27,50.0,,False,no_code,46.0,30.99,2251,google_ads,google_ads,False,False,2025-11-07T08:38:28Z
0000508ea6f8,1,18.7,11.969999999999995,2026-03-12,2026-03,,,WELCOME15,True,item_discount,18.7,11.969999999999995,4166,,unknown,False,False,2026-03-12T21:12:08Z
0000509442b6,1,67.2,32.85,2025-07-12,2025-07,,,SUMMER20,False,item_discount,67.2,32.85,1091,organic_search,organic_search,False,True,2025-07-12T18:49:00Z
0000509903ba,1,32.0,21.69,2025-12-07,2025-12,,,,False,no_code,32.0,21.69,2941,tiktok,tiktok_ads,False,True,2025-12-07T14:02:52Z
000050a6469d,1,28.0,15.300000000000002,2026-06-11,2026-06,,,,False,no_code,28.0,15.300000000000002,5710,meta,meta_ads,False,True,2026-06-11T01:55:30Z
000050de8918,1,22.0,-3.660000000000004,2026-05-11,2026-05,,,FREESHIP,False,freeship_only,22.0,-3.660000000000004,5224,meta,meta_ads,False,True,2026-05-11T00:07:27Z
000050e34a1c,1,27.2,13.009999999999998,2025-12-18,2025-12,,,HOLIDAY15,False,item_discount,27.2,13.009999999999998,3101,,unknown,False,False,2025-12-18T21:49:17Z
000050e8e5da,2,145.60000000000002,75.78,2025-11-24,2025-11,2026-01-05,42.0,BFCM30,False,item_discount,67.2,32.22,2436,meta,meta_ads,False,False,2025-11-24T14:27:25Z
000050e8e6a1,1,22.0,15.119999999999996,2026-04-27,2026-04,,,,False,no_code,22.0,15.119999999999996,4984,organic_search,organic_search,False,False,2026-04-27T15:47:45Z
000050eda7a5,1,22.0,15.339999999999998,2025-11-25,2025-11,,,,False,no_code,22.0,15.339999999999998,2519,organic_search,organic_search,False,True,2025-11-25T16:56:36Z
000050f34363,1,20.3,12.150000000000002,2025-11-27,2025-11,,,BFCM30,False,item_discount,20.3,12.150000000000002,2644,Facebook,meta_ads,False,True,2025-11-27T17:48:51Z
000050f3442a,1,24.65,16.709999999999997,2026-03-07,2026-03,,,WELCOME15,True,item_discount,24.65,16.709999999999997,4114,organic_search,organic_search,False,False,2026-03-07T14:12:19Z
000050f8052e,1,136.0,91.02,2025-10-23,2025-10,,,,False,no_code,136.0,91.02,2091,TikTok,tiktok_ads,False,True,2025-10-23T21:43:31Z
000050fda0ec,2,126.0,76.8,2025-12-27,2025-12,2026-02-05,40.0,,False,no_code,56.0,33.51,3190,organic_search,organic_search,False,False,2025-12-27T12:02:49Z
000050fda1b3,1,83.7,50.42,2026-02-01,2026-02,,,AMELIA10,False,item_discount,83.7,50.42,3655,influencer,influencer,False,True,2026-02-01T23:33:05Z
0000510262b7,1,146.20000000000002,84.66,2025-09-05,2025-09,,,WELCOME15,True,item_discount,146.2,84.66,1526,organic_search,organic_search,False,False,2025-08-04T00:44:52Z
00005107fe75,1,22.0,9.04,2026-02-12,2026-02,,,FREESHIP,False,freeship_only,22.0,9.04,3825,organic_search,organic_search,False,True,2026-02-06T21:32:37Z
00005107ff3c,1,28.8,18.89,2026-01-08,2026-01,,,NEWYEAR20,False,item_discount,28.8,18.89,3365,tiktok,tiktok_ads,False,True,2026-01-08T17:00:40Z
0000510cc040,1,17.6,3.299999999999999,2025-07-17,2025-07,,,SUMMER20,False,item_discount,17.6,3.299999999999999,1131,meta,meta_ads,False,True,2025-07-17T17:05:59Z
0000510d9afa,1,34.0,24.28,2025-10-04,2025-10,,,,False,no_code,34.0,24.28,1840,google_ads,google_ads,False,False,2025-10-04T13:18:33Z
000051125bfe,1,25.5,16.249999999999996,2026-03-17,2026-03,,,SPRING25,False,item_discount,25.5,16.249999999999996,4295,google_ads,google_ads,False,True,2026-03-17T13:50:19Z
0000515ca260,2,92.9,30.07999999999999,2025-10-19,2025-10,2025-12-26,68.0,WELCOME15,True,item_discount,42.5,14.19,2024,referral,referral,False,True,2025-10-19T10:14:02Z
000051623e1e,1,30.6,19.700000000000003,2025-12-04,2025-12,,,DERMDIARY10,False,item_discount,30.6,19.700000000000003,2896,influencer,influencer,False,False,2025-12-04T01:55:14Z
00005166ff22,1,64.6,34.379999999999995,2026-06-15,2026-06,,,WELCOME15,True,item_discount,64.6,34.379999999999995,5785,direct,direct,False,False,2026-06-15T00:24:26Z
00005166ffe9,1,66.0,37.98,2025-09-04,2025-09,,,,False,no_code,66.0,37.98,1519,facebook_ads,meta_ads,False,True,2025-09-04T05:17:51Z
0000516c9ba7,1,0.0,-17.85,2026-02-26,2026-02,,,,False,no_code,32.0,-17.85,3999,meta,meta_ads,False,False,2026-02-09T20:15:41Z
000051715d72,3,121.6,69.0,2025-07-15,2025-07,2025-10-24,101.0,SUMMER20,False,item_discount,17.6,11.09,1112,google_ads,google_ads,False,False,2025-07-15T13:45:33Z
00005176f930,1,43.5,26.31,2026-03-19,2026-03,,,SPRING25,False,item_discount,43.5,26.31,4367,tiktok,tiktok_ads,False,True,2026-03-19T22:43:18Z
00005176f9f7,1,51.0,29.65,2025-11-09,2025-11,,,,False,no_code,51.0,29.65,2274,referral,referral,False,False,2025-11-09T16:40:36Z
0000518156b9,1,32.0,5.26,2026-04-05,2026-04,,,,False,no_code,64.0,5.26,4626,google_ads,google_ads,False,True,2026-04-05T23:04:00Z
0000518bb442,1,0.0,-35.14,2026-05-27,2026-05,,,,False,no_code,88.0,-35.14,5482,organic_search,organic_search,False,True,2026-05-27T17:03:01Z
0000519f419d,1,88.0,52.60000000000001,2026-06-29,2026-06,,,,False,no_code,88.0,52.60000000000001,6032,,unknown,False,True,2026-05-24T00:30:34Z
000051a99f26,1,0.0,-34.95,2026-05-30,2026-05,,,WELCOME15,True,item_discount,74.8,-34.95,5535,meta,meta_ads,False,True,2026-05-30T20:34:25Z
000051b3fcaf,1,23.8,10.97,2026-04-08,2026-04,,,WELCOME15,True,item_discount,23.8,10.97,4670,Facebook,meta_ads,False,True,2026-04-08T11:38:53Z
000051be5a38,1,85.5,43.72,2026-03-21,2026-03,,,SPRING25,False,item_discount,85.5,43.72,4414,tiktok,tiktok_ads,False,True,2026-03-21T11:18:06Z
000051c3f5f6,1,27.2,18.1,2025-08-07,2025-08,,,SUMMER20,False,item_discount,27.2,18.1,1287,direct,direct,False,True,2025-08-07T10:44:39Z
000051cb9d1b,3,199.9,123.37,2025-09-30,2025-09,2025-10-31,31.0,,False,no_code,58.0,37.35000000000001,1785,direct,direct,False,False,2025-09-30T13:04:32Z
000051d5faa4,1,52.8,26.01,2025-07-17,2025-07,,,SUMMER20,False,item_discount,52.8,26.01,1132,meta,meta_ads,False,True,2025-07-17T19:23:04Z
0000520e3c58,1,18.7,11.789999999999996,2026-05-21,2026-05,,,WELCOME15,True,item_discount,18.7,11.789999999999996,5377,organic_search,organic_search,False,True,2026-05-21T02:36:09Z
00005218991a,1,40.46,20.51,2025-11-27,2025-11,,,BFCM30+WELCOME15,True,item_discount,40.46,20.51,2617,google_ads,google_ads,False,True,2025-11-27T10:34:07Z
0000521899e1,1,32.0,21.83,2026-04-19,2026-04,,,,False,no_code,32.0,21.83,4836,,unknown,False,False,2026-04-19T00:55:36Z
00005222f6a3,2,162.0,105.42,2025-12-28,2025-12,2026-03-15,77.0,,False,no_code,34.0,23.250000000000004,3201,organic_search,organic_search,False,True,2025-12-28T02:15:58Z
00005222f76a,1,28.5,17.62,2026-03-16,2026-03,,,SPRING25,False,item_discount,28.5,17.62,4252,influencer,influencer,False,True,2026-03-16T09:23:03Z
000052289328,2,72.7,42.86999999999999,2025-08-28,2025-08,2025-11-02,66.0,WELCOME15,True,item_discount,18.7,12.039999999999996,1464,direct,direct,False,True,2025-08-28T21:34:34Z
0000522893ef,1,88.4,43.48,2026-06-29,2026-06,,,WELCOME15,True,item_discount,88.4,43.48,6037,direct,direct,False,True,2026-06-29T04:56:19Z
0000522d542c,2,146.75,89.82,2026-01-11,2026-01,2026-03-10,58.0,WELCOME15,True,item_discount,46.75,30.22,3409,organic_search,organic_search,False,True,2026-01-11T21:55:06Z
0000522d54f3,2,145.2,89.52000000000001,2026-01-04,2026-01,2026-05-07,123.0,NEWYEAR20,False,item_discount,27.2,16.720000000000002,3290,meta,meta_ads,False,True,2026-01-04T01:49:20Z
00005232f0b1,2,107.1,60.33,2025-09-21,2025-09,2025-11-20,60.0,WELCOME15,True,item_discount,56.1,30.459999999999997,1697,meta,meta_ads,False,True,2025-09-21T23:11:18Z
00005237b1b5,1,54.4,27.84,2026-03-01,2026-03,,,SKINBYJORDAN15,False,item_discount,54.4,27.84,4038,influencer,influencer,False,True,2026-03-01T07:08:43Z
00005237b27c,1,95.2,55.44,2025-12-06,2025-12,,,WELCOME15,True,item_discount,95.2,55.44,2927,organic_search,organic_search,False,True,2025-12-06T13:09:37Z
0000523d4e3a,1,30.6,-13.500000000000004,2025-11-15,2025-11,,,AMELIA10,False,item_discount,106.2,-13.500000000000004,2326,influencer,influencer,False,False,2025-11-15T13:28:33Z
000052420f3e,2,72.0,50.71000000000001,2026-04-10,2026-04,2026-05-08,28.0,,False,no_code,36.0,25.31,4713,meta,meta_ads,False,True,2026-04-10T14:26:25Z
0000527d3713,1,0.0,-9.67,2026-04-22,2026-04,,,AMELIA10,False,item_discount,23.4,-9.67,4901,influencer,influencer,False,True,2026-04-22T11:40:45Z
00005287949c,2,133.6,83.97000000000001,2026-03-08,2026-03,2026-06-08,92.0,,False,no_code,112.0,70.02000000000001,4125,direct,direct,False,True,2026-03-08T23:41:32Z
0000528c55a0,2,182.0,117.12,2025-09-08,2025-09,2025-10-05,27.0,,False,no_code,68.0,44.370000000000005,1563,direct,direct,False,False,2025-09-08T13:34:19Z
00005291f15e,1,79.89999999999999,41.25,2026-01-25,2026-01,,,WELCOME15,True,item_discount,79.9,41.25,3571,facebook_ads,meta_ads,False,False,2026-01-25T20:50:35Z
00005291f225,1,30.0,20.480000000000004,2026-01-03,2026-01,,,,False,no_code,30.0,20.480000000000004,3285,google_ads,google_ads,False,True,2026-01-03T19:17:43Z
00005296b329,1,34.0,24.09,2025-08-17,2025-08,,,,False,no_code,34.0,24.09,1373,,unknown,False,True,2025-08-17T15:43:01Z
0000529c4ee7,1,70.5,27.559999999999995,2026-03-16,2026-03,,,SPRING25,False,item_discount,70.5,27.559999999999995,4247,google_ads,google_ads,False,False,2026-02-22T00:49:59Z
0000529c4fae,1,11.05,7.51,2025-12-03,2025-12,,,HOLIDAY15,False,item_discount,22.1,7.51,2880,organic_search,organic_search,False,True,2025-12-03T02:10:55Z
000052a6ac70,1,49.3,16.340000000000003,2026-04-03,2026-04,,,WELCOME15,True,item_discount,81.6,16.340000000000003,4589,referral,referral,False,True,2026-04-03T19:18:54Z
000052a6ad37,1,127.4,67.37,2025-11-24,2025-11,,,BFCM30,False,item_discount,127.4,67.37,2449,influencer,influencer,False,False,2025-11-24T18:58:43Z
000052b109f9,1,54.4,28.34,2026-05-21,2026-05,,,WELCOME15,True,item_discount,54.4,28.34,5380,meta,meta_ads,False,True,2026-05-21T14:28:22Z
000052b10ac0,1,71.4,36.220000000000006,2025-10-14,2025-10,,,WELCOME15,True,item_discount,71.4,36.220000000000006,1977,Google,google_ads,True,False,2025-10-14T14:46:28Z
000052bb6782,1,28.9,11.42999999999999,2026-06-12,2026-06,,,WELCOME15,True,item_discount,28.9,11.42999999999999,5729,organic_search,organic_search,False,False,2026-06-12T00:06:05Z
000052e94bad,2,87.2,59.71,2025-07-29,2025-07,2025-09-10,43.0,SUMMER20,False,item_discount,19.2,10.4,1218,organic_search,organic_search,False,True,2025-07-29T11:15:17Z
000052f3a936,1,28.9,18.290000000000003,2025-09-25,2025-09,,,WELCOME15,True,item_discount,28.9,18.290000000000003,1727,google_ads,google_ads,False,False,2025-09-25T00:07:19Z
00005300ec19,1,27.2,17.069999999999997,2026-03-03,2026-03,,,WELCOME15,True,item_discount,27.2,17.069999999999997,4070,meta,meta_ads,False,True,2026-03-03T13:56:44Z
0000530b49a2,1,74.8,43.92,2026-04-22,2026-04,,,SKINBYJORDAN15,False,item_discount,74.8,43.92,4896,,unknown,False,True,2026-04-22T02:10:32Z
00005315a72b,2,108.0,48.620000000000005,2026-05-04,2026-05,2026-06-11,38.0,,False,no_code,56.0,24.84,5097,meta,meta_ads,False,True,2026-05-04T18:01:54Z
0000532004b4,1,22.0,13.680000000000003,2026-06-03,2026-06,,,,False,no_code,22.0,13.680000000000003,5579,tiktok,tiktok_ads,False,False,2026-06-03T14:14:49Z
0000533def98,1,53.55,31.3,2026-04-08,2026-04,,,WELCOME15,True,item_discount,53.55,31.3,4671,tiktok,tiktok_ads,False,True,2026-04-08T12:43:03Z
000053484d21,1,50.25,26.72,2026-03-14,2026-03,,,SPRING25,False,item_discount,50.25,26.72,4218,influencer,influencer,False,False,2026-03-14T22:56:34Z
0000534de8df,2,81.2,44.4,2025-07-07,2025-07,2025-09-20,75.0,SUMMER20,False,item_discount,23.2,8.949999999999998,1041,meta,meta_ads,False,True,2025-07-07T22:22:15Z
00005352aaaa,1,74.8,39.46,2026-02-16,2026-02,,,WELCOME15,True,item_discount,74.8,39.46,3877,TikTok,tiktok_ads,False,True,2026-02-16T16:18:16Z
000053584668,1,78.0,47.7,2025-09-06,2025-09,,,,False,no_code,78.0,47.7,1533,Google,google_ads,True,True,2025-09-06T04:02:19Z
00005358472f,1,147.6,93.25,2026-06-25,2026-06,,,AMELIA10,False,item_discount,147.6,93.25,5970,influencer,influencer,False,True,2026-06-25T00:18:17Z
0000535d0833,1,38.0,26.87,2026-01-25,2026-01,,,,False,no_code,38.0,26.87,3563,organic_search,organic_search,False,True,2026-01-25T06:38:11Z
00005362a3f1,1,30.6,-21.32,2025-10-27,2025-10,,,AMELIA10,False,item_discount,106.2,-21.32,2138,influencer,influencer,False,True,2025-10-27T14:18:10Z
00005362a4b8,2,174.4,103.09,2026-05-05,2026-05,2026-06-13,39.0,WELCOME15,True,item_discount,54.4,27.84,5114,,unknown,False,True,2026-05-05T13:41:15Z
0000536765bc,1,53.2,24.57,2025-11-26,2025-11,,,BFCM30,False,item_discount,53.2,24.57,2561,referral,referral,False,False,2025-11-26T12:31:27Z
0000536d017a,2,50.3,32.980000000000004,2025-11-27,2025-11,2026-01-06,40.0,BFCM30,False,item_discount,20.3,12.630000000000004,2610,direct,direct,False,True,2025-11-27T02:09:20Z
000053b28611,1,20.8,11.26,2025-07-17,2025-07,,,SUMMER20,False,item_discount,20.8,11.26,1128,,unknown,False,True,2025-07-17T16:28:30Z
000053b747dc,1,56.95,33.28999999999999,2026-02-26,2026-02,,,WELCOME15,True,item_discount,56.95,33.28999999999999,3997,google_ads,google_ads,False,True,2026-02-26T16:31:38Z
000053bce39a,2,110.0,70.09,2025-09-13,2025-09,2025-10-14,31.0,,False,no_code,78.0,47.81999999999999,1617,organic_search,organic_search,False,True,2025-09-13T19:46:28Z
000053c1a49e,1,18.7,11.739999999999997,2026-02-17,2026-02,,,WELCOME15,True,item_discount,18.7,11.739999999999997,3883,google_ads,google_ads,False,True,2026-02-17T02:22:57Z
000053c1a565,1,20.4,13.339999999999996,2025-12-05,2025-12,,,HOLIDAY15,False,item_discount,20.4,13.339999999999996,2916,organic_search,organic_search,False,True,2025-12-05T14:12:07Z
000053c74123,1,82.0,49.760000000000005,2025-10-11,2025-10,,,,False,no_code,82.0,49.760000000000005,1930,organic_search,organic_search,False,True,2025-10-11T21:30:25Z
000053cc0227,1,88.0,52.040000000000006,2026-03-16,2026-03,,,,False,no_code,88.0,52.040000000000006,4270,tiktok,tiktok_ads,False,False,2026-03-16T21:44:02Z
000053cc02ee,1,90.0,57.71,2025-11-04,2025-11,,,,False,no_code,90.0,57.71,2217,organic_search,organic_search,False,False,2025-11-04T06:14:52Z
000053d19eac,3,282.6,168.85000000000002,2025-11-26,2025-11,2026-02-03,69.0,BFCM30,False,item_discount,82.6,39.6,2565,referral,referral,False,False,2025-11-26T12:56:21Z
000053d19f73,1,44.0,29.06,2026-04-05,2026-04,,,,False,no_code,44.0,29.06,4623,meta,meta_ads,False,False,2026-04-05T15:28:05Z
000053d65fb0,1,66.0,39.28999999999999,2026-04-03,2026-04,,,,False,no_code,66.0,39.28999999999999,4587,Google,google_ads,True,False,2026-04-03T15:06:01Z
000053d66077,3,366.0,232.01,2025-11-20,2025-11,2026-01-12,53.0,,False,no_code,108.0,66.19,2371,organic_search,organic_search,False,False,2025-11-20T13:33:27Z
000053dbfc35,1,23.8,14.17,2025-12-01,2025-12,,,BFCM30,False,item_discount,23.8,14.17,2834,meta,meta_ads,False,False,2025-12-01T01:58:28Z
000053e0bd39,2,232.0,149.87,2026-05-13,2026-05,2026-06-23,41.0,,False,no_code,154.0,101.08,5263,referral,referral,False,True,2026-05-13T12:43:21Z
000053e0be00,2,56.0,21.470000000000006,2025-09-01,2025-09,2025-10-02,31.0,,False,no_code,34.0,23.390000000000004,1495,influencer,influencer,False,True,2025-09-01T21:27:36Z
000053e659be,2,90.8,49.44,2026-01-31,2026-01,2026-05-05,94.0,,False,no_code,26.0,15.419999999999998,3634,referral,referral,False,False,2026-01-31T02:44:10Z
000053eb1ac2,1,44.0,30.31,2026-06-30,2026-06,,,,False,no_code,44.0,30.31,6052,meta,meta_ads,False,True,2026-06-30T03:02:57Z
00005418ffb4,1,120.0,75.03,2026-06-13,2026-06,,,,False,no_code,120.0,75.03,5757,Google,google_ads,True,True,2026-06-13T09:38:04Z
000054264297,2,121.2,71.50999999999999,2025-12-06,2025-12,2026-01-23,48.0,,False,no_code,60.0,36.12999999999999,2929,referral,referral,False,False,2025-12-06T17:20:40Z
00005430a020,2,154.87,73.39,2025-11-25,2025-11,2025-12-25,30.0,BFCM30+WELCOME15,True,item_discount,86.87,31.61,2499,organic_search,organic_search,False,False,2025-11-25T12:26:34Z
0000543afda9,1,19.6,7.17,2025-11-28,2025-11,,,BFCM30,False,item_discount,19.6,7.17,2713,organic_search,organic_search,False,True,2025-11-28T22:59:03Z
000054455a6b,1,55.0,23.200000000000003,2026-05-25,2026-05,,,,False,no_code,89.0,23.200000000000003,5446,tiktok,tiktok_ads,False,True,2026-05-25T17:04:06Z
000054455b32,3,156.0,76.21000000000001,2025-09-26,2025-09,2025-10-12,16.0,,False,no_code,78.0,47.120000000000005,1745,direct,direct,False,True,2025-09-26T02:55:21Z
0000544fb7f4,1,38.0,24.72000000000001,2026-06-03,2026-06,,,,False,no_code,38.0,24.72000000000001,5580,,unknown,False,False,2026-06-03T14:27:26Z
0000544fb8bb,2,220.0,138.64999999999998,2025-08-18,2025-08,2025-09-21,34.0,,False,no_code,102.0,65.27,1378,referral,referral,False,True,2025-07-24T13:26:46Z
0000547d9c1f,2,111.80000000000001,71.53000000000002,2025-08-26,2025-08,2025-11-11,77.0,,False,no_code,29.0,20.760000000000005,1441,direct,direct,False,True,2025-08-26T12:28:35Z
0000547d9ce6,1,32.0,21.75,2026-06-30,2026-06,,,,False,no_code,32.0,21.75,6050,organic_search,organic_search,False,True,2026-06-30T01:03:10Z
00005487f9a8,1,26.0,16.34,2025-09-24,2025-09,,,,False,no_code,26.0,16.34,1725,direct,direct,False,True,2025-09-24T23:07:28Z
00005487fa6f,1,44.0,30.78,2026-05-30,2026-05,,,,False,no_code,44.0,30.78,5536,tiktok,tiktok_ads,False,False,2026-05-30T23:47:38Z
000054925731,2,35.2,21.97,2025-11-25,2025-11,2026-01-18,54.0,BFCM30,False,item_discount,15.4,9.05,2516,meta,meta_ads,False,True,2025-11-25T15:56:04Z
0000549257f8,1,47.6,29.379999999999995,2026-04-20,2026-04,,,WELCOME15,True,item_discount,47.6,29.379999999999995,4868,tiktok,tiktok_ads,False,True,2026-04-11T22:52:28Z
0000549cb4ba,3,106.9,62.47,2025-11-27,2025-11,2026-01-23,57.0,BFCM30,False,item_discount,43.4,19.35,2642,google_ads,google_ads,False,True,2025-11-27T17:20:08Z
000054a9f79d,1,119.0,71.25999999999999,2026-05-02,2026-05,,,WELCOME15,True,item_discount,119.0,71.25999999999999,5059,TikTok,tiktok_ads,False,True,2026-05-02T16:42:21Z
000054b45526,1,24.65,16.689999999999994,2026-06-09,2026-06,,,WELCOME15,True,item_discount,24.65,16.689999999999994,5679,,unknown,False,False,2026-06-09T10:03:20Z
000054e23a18,1,70.0,43.3,2026-06-03,2026-06,,,,False,no_code,70.0,43.3,5570,,unknown,False,False,2026-06-03T00:07:22Z
000054e6fb1c,2,84.0,14.409999999999998,2026-01-14,2026-01,2026-04-01,77.0,,False,no_code,28.0,7.950000000000001,3432,Google,google_ads,True,False,2026-01-14T01:23:02Z
000054ec96da,1,14.5,6.589999999999999,2025-09-25,2025-09,,,,False,no_code,29.0,6.589999999999999,1738,facebook_ads,meta_ads,False,True,2025-09-25T15:08:51Z
000054ec97a1,2,66.0,42.11,2026-05-04,2026-05,2026-06-22,49.0,,False,no_code,28.0,15.24,5088,IG,meta_ads,True,True,2026-05-04T12:12:46Z
000054f158a5,1,71.4,35.550000000000004,2025-12-05,2025-12,,,HOLIDAY15,False,item_discount,71.4,35.550000000000004,2917,meta,meta_ads,False,True,2025-12-05T14:21:12Z
000054f6f463,1,34.0,23.55,2025-11-27,2025-11,,,,False,no_code,34.0,23.55,2646,direct,direct,False,False,2025-11-27T17:59:33Z
000054f6f52a,1,53.55,28.659999999999997,2026-04-04,2026-04,,,WELCOME15,True,item_discount,53.55,28.659999999999997,4608,google_ads,google_ads,False,True,2026-04-04T17:15:35Z
000054fbb62e,1,113.0,70.94,2025-11-08,2025-11,,,,False,no_code,113.0,70.94,2258,direct,direct,False,False,2025-11-08T00:56:14Z
0000550151ec,1,87.5,42.54,2025-11-24,2025-11,,,BFCM30,False,item_discount,87.5,42.54,2458,Direct,direct,False,False,2025-11-24T22:52:14Z
0000550152b3,2,54.1,22.93,2026-03-20,2026-03,2026-04-24,35.0,WELCOME15,True,item_discount,22.1,6.409999999999994,4385,,unknown,False,True,2026-03-20T15:08:54Z
0000550613b7,2,96.0,57.81000000000001,2025-10-28,2025-10,2025-12-06,39.0,,False,no_code,68.0,41.7,2151,organic_search,organic_search,False,False,2025-10-07T01:42:05Z
0000550baf75,1,21.6,14.099999999999998,2026-01-24,2026-01,,,AMELIA10,False,item_discount,21.6,14.099999999999998,3544,influencer,influencer,False,False,2025-12-19T03:44:48Z
0000550bb03c,1,39.6,26.33,2026-02-11,2026-02,,,AMELIA10,False,item_discount,39.6,26.33,3806,influencer,influencer,False,True,2026-02-11T23:52:43Z
000055107140,1,44.0,31.020000000000003,2025-09-28,2025-09,,,,False,no_code,44.0,31.020000000000003,1769,,unknown,False,False,2025-09-28T21:59:35Z
000055160cfe,1,38.0,26.87,2026-02-12,2026-02,,,,False,no_code,38.0,26.87,3813,influencer,influencer,False,True,2026-02-12T03:13:47Z
0000555b9195,2,232.0,131.32,2025-11-30,2025-11,2026-04-11,132.0,BFCM30,False,item_discount,112.0,55.97999999999999,2797,google_ads,google_ads,False,False,2025-11-30T14:35:31Z
000055605360,4,373.0,214.98,2025-11-05,2025-11,2025-12-13,38.0,,False,no_code,112.0,64.42999999999999,2227,meta,meta_ads,False,True,2025-11-05T13:02:04Z
00005565ef1e,1,128.0,78.64,2025-11-25,2025-11,,,,False,no_code,128.0,78.64,2522,meta,meta_ads,False,True,2025-11-25T17:59:16Z
0000556ab022,1,28.9,12.619999999999992,2026-05-22,2026-05,,,WELCOME15,True,item_discount,28.9,12.619999999999992,5399,Direct,direct,False,False,2026-05-22T21:31:09Z
0000556ab0e9,4,291.8,189.71,2025-10-26,2025-10,2025-12-16,51.0,,False,no_code,105.0,68.47,2133,direct,direct,False,False,2025-10-26T20:59:19Z
000055704ca7,2,129.0,84.26,2026-01-02,2026-01,2026-02-26,55.0,,False,no_code,34.0,23.33,3267,,unknown,False,False,2026-01-02T17:21:12Z
000055750dab,1,43.35,27.88,2026-06-22,2026-06,,,WELCOME15,True,item_discount,43.35,27.88,5931,organic_search,organic_search,False,False,2026-06-22T14:25:12Z
000055750e72,4,250.4,141.34,2025-08-01,2025-08,2025-09-06,36.0,SUMMER20,False,item_discount,94.4,50.35,1249,Google,google_ads,True,True,2025-08-01T23:30:16Z
0000557aaa30,1,68.0,43.95,2026-02-21,2026-02,,,,False,no_code,68.0,43.95,3929,meta,meta_ads,False,False,2026-02-21T17:09:49Z
0000557f6bfb,2,134.0,79.99000000000001,2025-07-31,2025-07,2025-09-25,56.0,,False,no_code,78.0,47.85,1239,direct,direct,False,True,2025-07-31T16:06:58Z
0000558507b9,2,68.0,48.61,2026-03-21,2026-03,2026-05-24,64.0,,False,no_code,34.0,24.18,4427,organic_search,organic_search,False,True,2026-03-21T21:09:03Z
000055ad5026,1,78.0,47.64,2026-06-24,2026-06,,,,False,no_code,78.0,47.64,5966,direct,direct,False,True,2026-06-24T13:55:39Z
000055b7adaf,1,0.0,-35.21,2026-05-09,2026-05,,,WELCOME15,True,item_discount,74.8,-35.21,5191,google_ads,google_ads,False,False,2026-05-09T13:23:11Z
000055c20b38,1,76.0,49.49,2026-04-22,2026-04,,,,False,no_code,76.0,49.49,4910,Google,google_ads,True,False,2026-04-22T21:40:13Z
000055cf4e1b,1,30.0,20.39,2025-10-24,2025-10,,,,False,no_code,30.0,20.39,2104,TikTok,tiktok_ads,False,False,2025-10-24T13:52:42Z
000055d9aadd,1,24.65,16.679999999999996,2026-06-07,2026-06,,,WELCOME15,True,item_discount,24.65,16.679999999999996,5652,Facebook,meta_ads,False,False,2026-06-07T19:45:02Z
000055d9aba4,1,23.8,11.7,2025-08-23,2025-08,,,WELCOME15,True,item_discount,23.8,11.7,1416,influencer,influencer,False,True,2025-08-23T00:19:11Z
000055e4092d,1,24.0,16.479999999999997,2025-07-21,2025-07,,,,False,no_code,24.0,16.479999999999997,1168,google_ads,google_ads,False,True,2025-07-21T15:23:08Z
00005611ed58,1,22.0,15.28,2026-06-04,2026-06,,,,False,no_code,22.0,15.28,5605,influencer,influencer,False,True,2026-06-04T22:21:23Z
0000561c4a1a,2,71.4,2.030000000000001,2025-10-13,2025-10,2025-11-17,35.0,WELCOME15,True,item_discount,71.4,36.79,1969,,unknown,False,True,2025-10-13T23:56:45Z
0000561c4ae1,1,106.0,70.28,2026-05-12,2026-05,,,,False,no_code,106.0,70.28,5234,direct,direct,False,False,2026-05-12T00:27:21Z
00005626a7a3,1,58.8,23.37,2025-11-29,2025-11,,,BFCM30,False,item_discount,58.8,23.37,2749,meta,meta_ads,False,False,2025-11-29T15:44:25Z
00005626a86a,1,126.0,80.14000000000001,2026-03-04,2026-03,,,,False,no_code,126.0,80.14000000000001,4084,meta,meta_ads,False,True,2026-03-04T21:49:56Z
00005631052c,1,0.0,-9.78,2025-12-23,2025-12,,,WELCOME15,True,item_discount,27.2,-9.78,3162,Facebook,meta_ads,False,False,2025-12-23T22:10:56Z
0000563105f3,1,18.7,1.2799999999999976,2026-02-20,2026-02,,,WELCOME15,True,item_discount,47.6,1.2799999999999976,3910,meta,meta_ads,False,True,2026-02-20T00:23:54Z
00005636a1b1,1,34.0,23.4,2025-08-19,2025-08,,,,False,no_code,34.0,23.4,1389,influencer,influencer,False,False,2025-08-19T11:48:28Z
0000563b62b5,1,22.0,14.96,2026-01-17,2026-01,,,,False,no_code,22.0,14.96,3469,referral,referral,False,False,2025-12-04T21:31:13Z
0000563b637c,1,19.2,12.18,2026-01-08,2026-01,,,NEWYEAR20,False,item_discount,19.2,12.18,3362,meta,meta_ads,False,True,2026-01-08T15:25:53Z
00005645c03e,1,28.5,17.830000000000002,2026-03-16,2026-03,,,SPRING25,False,item_discount,28.5,17.830000000000002,4254,meta,meta_ads,False,True,2026-03-16T11:29:05Z
00005680e813,1,45.05,20.45,2026-05-06,2026-05,,,MOMS15,False,item_discount,45.05,20.45,5127,organic_search,organic_search,False,True,2026-05-06T01:56:52Z
0000568b44d5,1,82.6,37.73,2025-11-28,2025-11,,,BFCM30,False,item_discount,82.6,37.73,2676,,unknown,False,False,2025-11-28T08:12:38Z
0000568b459c,1,38.0,26.980000000000004,2026-03-17,2026-03,,,,False,no_code,38.0,26.980000000000004,4278,influencer,influencer,False,True,2026-03-17T01:45:52Z
0000569006a0,1,68.0,43.040000000000006,2025-10-02,2025-10,,,,False,no_code,68.0,43.040000000000006,1815,facebook_ads,meta_ads,False,True,2025-10-02T03:08:12Z
00005695a25e,1,22.1,12.820000000000002,2025-12-03,2025-12,,,NOURISHED15,False,item_discount,22.1,12.820000000000002,2884,influencer,influencer,False,True,2025-12-03T09:48:33Z
00005695a325,2,103.0,66.41,2026-02-26,2026-02,2026-03-29,31.0,,False,no_code,76.0,49.3,3988,direct,direct,False,True,2026-02-26T01:56:24Z
0000569a6362,1,107.1,63.08999999999999,2026-05-27,2026-05,,,NOURISHED15,False,item_discount,107.1,63.08999999999999,5465,influencer,influencer,False,False,2026-05-27T01:44:28Z
0000569a6429,1,37.4,24.73,2025-09-02,2025-09,,,LABORDAY15,False,item_discount,37.4,24.73,1496,meta,meta_ads,False,True,2025-09-02T00:21:39Z
0000569fffe7,3,144.0,80.4,2026-01-02,2026-01,2026-02-08,37.0,,False,no_code,76.0,23.06,3266,,unknown,False,True,2026-01-02T17:11:26Z
000056a000ae,1,38.0,26.82,2026-01-24,2026-01,,,,False,no_code,38.0,26.82,3545,facebook_ads,meta_ads,False,False,2026-01-24T04:06:28Z
000056a4c0eb,1,44.0,30.680000000000007,2026-06-16,2026-06,,,,False,no_code,44.0,30.680000000000007,5810,google_ads,google_ads,False,True,2026-06-16T11:28:11Z
000056a4c1b2,1,18.7,-8.700000000000003,2025-07-10,2025-07,,,FREESHIP+WELCOME15,True,item_discount,18.7,-8.700000000000003,1070,organic_search,organic_search,False,False,2025-07-10T18:35:40Z
000056aa5d70,1,32.0,21.69,2026-03-21,2026-03,,,,False,no_code,32.0,21.69,4429,meta,meta_ads,False,False,2026-03-21T22:50:13Z
000056aa5e37,1,17.259999999999998,9.839999999999996,2025-12-01,2025-12,,,BFCM30+WELCOME15,True,item_discount,17.259999999999998,9.839999999999996,2838,referral,referral,False,True,2025-12-01T03:03:41Z
000056b4baf9,1,51.0,26.929999999999996,2026-04-26,2026-04,,,SKINBYJORDAN15,False,item_discount,51.0,26.929999999999996,4961,,unknown,False,True,2026-04-26T09:25:33Z
000056bf1882,1,76.0,49.27,2026-05-29,2026-05,,,,False,no_code,76.0,49.27,5518,tiktok,tiktok_ads,False,True,2026-05-29T17:01:26Z
000056f75a36,1,38.400000000000006,21.629999999999995,2025-07-13,2025-07,,,SUMMER20,False,item_discount,38.4,21.629999999999995,1094,organic_search,organic_search,False,True,2025-07-13T03:08:27Z
000056ff015b,1,28.9,18.22,2025-09-16,2025-09,,,WELCOME15,True,item_discount,28.9,18.22,1642,google_ads,google_ads,False,False,2025-09-16T13:45:22Z
000057049d19,1,88.0,52.62000000000001,2026-02-04,2026-02,,,,False,no_code,88.0,52.62000000000001,3691,direct,direct,False,False,2026-02-04T04:02:32Z
000057095ee4,2,106.0,30.18999999999999,2025-07-11,2025-07,2025-10-12,93.0,,False,no_code,106.0,65.33,1077,organic_search,organic_search,False,True,2025-07-11T11:04:35Z
0000570efaa2,1,23.8,11.32,2026-03-14,2026-03,,,WELCOME15,True,item_discount,23.8,11.32,4207,Facebook,meta_ads,False,False,2026-03-14T16:00:18Z
00005719582b,1,94.0,59.18,2026-04-12,2026-04,,,,False,no_code,94.0,59.18,4741,direct,direct,False,False,2026-04-12T09:18:55Z
00005723b5b4,1,99.45,59.15,2026-05-20,2026-05,,,WELCOME15,True,item_discount,99.45,59.15,5371,organic_search,organic_search,False,True,2026-05-20T10:12:38Z
0000572e133d,1,107.1,66.52,2026-06-17,2026-06,,,WELCOME15,True,item_discount,107.1,66.52,5822,meta,meta_ads,False,False,2026-06-17T02:53:58Z
00005741a098,1,58.0,34.239999999999995,2026-05-17,2026-05,,,,False,no_code,58.0,34.239999999999995,5330,tiktok,tiktok_ads,False,True,2026-05-17T15:17:52Z
0000574bfd5a,3,116.6,64.53,2025-11-13,2025-11,2026-02-22,101.0,WELCOME15,True,item_discount,28.9,-10.59,2304,organic_search,organic_search,False,False,2025-11-13T04:11:42Z
0000574bfe21,2,288.0,187.61,2026-04-19,2026-04,2026-06-25,67.0,,False,no_code,126.0,80.73,4841,google_ads,google_ads,False,True,2026-04-19T11:54:57Z
000057565baa,1,26.0,16.02,2026-03-29,2026-03,,,,False,no_code,26.0,16.02,4527,Facebook,meta_ads,False,True,2026-03-29T06:32:58Z
0000575bf768,1,68.8,34.38,2025-07-13,2025-07,,,SUMMER20,False,item_discount,68.8,34.38,1101,meta,meta_ads,False,True,2025-07-13T20:57:35Z
00005760b933,2,94.1,51.33,2026-02-03,2026-02,2026-04-09,65.0,WELCOME15,True,item_discount,22.1,7.289999999999997,3686,direct,direct,False,False,2026-02-03T21:37:37Z
0000576654f1,1,100.3,57.49,2025-09-17,2025-09,,,WELCOME15,True,item_discount,100.3,57.49,1649,meta,meta_ads,False,True,2025-09-17T09:02:49Z
0000576b16bc,2,96.25,54.059999999999995,2025-12-07,2025-12,2026-03-18,101.0,HOLIDAY15,False,item_discount,72.25,40.54,2945,organic_search,organic_search,False,False,2025-12-07T20:20:34Z
00005770b27a,1,84.0,48.18,2025-10-01,2025-10,,,,False,no_code,84.0,48.18,1791,meta,meta_ads,False,False,2025-10-01T01:04:06Z
000057b09b53,1,74.8,39.42,2026-04-21,2026-04,,,WELCOME15,True,item_discount,74.8,39.42,4892,referral,referral,False,True,2026-04-21T22:05:12Z
000057baf8dc,1,147.0,58.81999999999999,2026-03-16,2026-03,,,SPRING25,False,item_discount,147.0,58.81999999999999,4248,tiktok,tiktok_ads,False,True,2026-03-16T02:31:41Z
000057c0949a,1,74.8,48.61,2025-07-06,2025-07,,,WELCOME15,True,item_discount,74.8,48.61,1036,organic_search,organic_search,False,False,2025-07-06T17:59:28Z
000057c5559e,2,122.60000000000001,75.71000000000001,2026-01-27,2026-01,2026-02-28,32.0,WELCOME15,True,item_discount,27.2,17.169999999999998,3591,referral,referral,False,True,2026-01-27T10:46:51Z
000057c55665,2,196.75,103.58000000000001,2026-02-06,2026-02,2026-03-17,39.0,,False,no_code,88.0,52.440000000000005,3722,meta,meta_ads,False,False,2026-02-06T16:29:12Z
000057caf223,1,27.2,17.189999999999998,2025-09-21,2025-09,,,WELCOME15,True,item_discount,27.2,17.189999999999998,1698,direct,direct,False,True,2025-09-21T23:25:13Z
000057cfb327,1,85.0,50.44,2026-02-22,2026-02,,,WELCOME15,True,item_discount,85.0,50.44,3939,direct,direct,False,False,2026-02-22T06:31:13Z
000057cfb3ee,1,0.0,-35.330000000000005,2025-12-05,2025-12,,,HOLIDAY15,False,item_discount,71.4,-35.330000000000005,2919,organic_search,organic_search,False,False,2025-12-05T19:57:51Z
000057d54fac,1,110.0,67.0,2025-10-22,2025-10,,,,False,no_code,110.0,67.0,2071,meta,meta_ads,False,True,2025-10-22T00:40:29Z
000057da10b0,2,288.0,172.0,2026-03-15,2026-03,2026-06-14,91.0,SPRING25,False,item_discount,160.5,71.21000000000001,4239,google_ads,google_ads,False,False,2026-03-15T21:26:29Z
000057da1177,1,28.9,19.82,2025-11-01,2025-11,,,WELCOME15,True,item_discount,28.9,19.82,2197,Influencer,influencer,False,True,2025-11-01T18:59:21Z
000057dfad35,1,84.0,48.84,2025-11-01,2025-11,,,,False,no_code,84.0,48.84,2196,meta,meta_ads,False,False,2025-11-01T17:18:16Z
000057e46e39,1,26.0,10.06,2026-04-04,2026-04,,,FREESHIP,False,freeship_only,26.0,10.06,4604,meta,meta_ads,False,True,2026-04-04T12:53:17Z
000057e46f00,1,30.6,19.6,2025-10-24,2025-10,,,NOURISHED15,False,item_discount,30.6,19.6,2103,influencer,influencer,False,True,2025-10-24T13:31:02Z
000057eecbc2,1,19.8,11.34,2026-06-12,2026-06,,,AMELIA10,False,item_discount,19.8,11.34,5733,influencer,influencer,False,False,2026-06-12T06:51:01Z
00005829f397,1,32.0,21.880000000000003,2026-02-20,2026-02,,,,False,no_code,32.0,21.880000000000003,3918,influencer,influencer,False,False,2026-02-20T13:00:51Z
000058345059,1,28.0,-5.279999999999999,2026-02-15,2026-02,,,,False,no_code,72.0,-5.279999999999999,3861,organic_search,organic_search,False,False,2026-02-15T13:32:36Z
000058345120,1,66.0,25.25,2025-12-05,2025-12,,,,False,no_code,110.0,25.25,2912,,unknown,False,True,2025-12-05T02:15:04Z
0000583eade2,1,58.0,36.82000000000001,2026-03-01,2026-03,,,,False,no_code,58.0,36.82000000000001,4041,meta,meta_ads,False,False,2026-03-01T12:01:16Z
000058490b6b,1,71.39999999999999,38.17,2026-05-13,2026-05,,,WELCOME15,True,item_discount,71.4,38.17,5266,,unknown,False,True,2026-05-13T16:07:22Z
000058490c32,4,185.0,85.74000000000001,2025-10-08,2025-10,2025-12-01,54.0,AMELIA10,False,item_discount,61.2,37.650000000000006,1890,influencer,influencer,False,False,2025-10-08T16:17:16Z
0000585368f4,1,34.0,24.49,2026-06-23,2026-06,,,,False,no_code,34.0,24.49,5951,google_ads,google_ads,False,True,2026-05-29T23:09:41Z
0000585369bb,1,34.0,24.66,2025-09-24,2025-09,,,,False,no_code,34.0,24.66,1722,meta,meta_ads,False,True,2025-09-24T17:55:47Z
000058814d1f,1,35.2,22.300000000000004,2025-07-23,2025-07,,,SUMMER20,False,item_discount,35.2,22.300000000000004,1177,google_ads,google_ads,False,True,2025-07-23T19:55:48Z
0000588baaa8,1,28.9,18.25,2025-08-11,2025-08,,,WELCOME15,True,item_discount,28.9,18.25,1318,Direct,direct,False,True,2025-08-11T16:49:27Z
0000588bab6f,1,32.3,21.36,2026-06-18,2026-06,,,WELCOME15,True,item_discount,32.3,21.36,5839,,unknown,False,False,2026-06-18T09:45:01Z
000058960831,1,61.0,36.07,2025-10-20,2025-10,,,,False,no_code,61.0,36.07,2039,tiktok,tiktok_ads,False,False,2025-10-20T04:56:37Z
0000589608f8,2,208.0,132.25,2026-05-05,2026-05,2026-06-28,54.0,,False,no_code,100.0,63.96,5117,Facebook,meta_ads,False,False,2026-05-05T16:11:10Z
000058a065ba,1,28.9,18.22,2025-11-08,2025-11,,,WELCOME15,True,item_discount,28.9,18.22,2267,Google,google_ads,True,True,2025-11-08T23:48:56Z
000058ada89d,1,23.8,11.4,2026-05-27,2026-05,,,WELCOME15,True,item_discount,23.8,11.4,5466,meta,meta_ads,False,True,2026-05-27T01:50:59Z
000058b80626,1,133.0,89.65,2026-06-15,2026-06,,,,False,no_code,133.0,89.65,5787,organic_search,organic_search,False,True,2026-06-15T00:33:11Z
000058e5ea51,1,28.9,18.540000000000003,2025-07-05,2025-07,,,WELCOME15,True,item_discount,28.9,18.540000000000003,1032,influencer,influencer,False,True,2025-07-05T21:55:22Z
000058eaac1c,1,71.91,38.84,2026-02-07,2026-02,,,DERMDIARY10+WELCOME15,True,item_discount,71.91,38.84,3746,influencer,influencer,False,True,2026-01-02T21:11:41Z
000058f047da,1,30.6,19.960000000000004,2025-08-20,2025-08,,,AMELIA10,False,item_discount,30.6,19.960000000000004,1407,,unknown,False,True,2025-08-20T21:57:36Z
000058f048a1,1,58.0,39.69999999999999,2026-06-21,2026-06,,,,False,no_code,58.0,39.69999999999999,5910,Facebook,meta_ads,False,True,2026-06-21T18:19:15Z
000058f508de,1,0.0,-35.510000000000005,2026-02-15,2026-02,,,WELCOME15,True,item_discount,74.8,-35.510000000000005,3856,influencer,influencer,False,False,2026-02-15T00:41:02Z
000058f509a5,1,56.1,35.55,2026-01-10,2026-01,,,WELCOME15,True,item_discount,56.1,35.55,3388,google_ads,google_ads,False,False,2026-01-10T14:11:01Z
000058faa563,1,34.0,24.48,2025-10-13,2025-10,,,,False,no_code,34.0,24.48,1964,organic_search,organic_search,False,True,2025-10-13T18:10:00Z
000058faa62a,2,113.2,69.96000000000001,2026-05-09,2026-05,2026-06-19,41.0,WELCOME15,True,item_discount,27.2,16.509999999999998,5194,meta,meta_ads,False,False,2026-05-09T14:10:56Z
000058ff6667,2,187.95,90.58000000000001,2026-03-19,2026-03,2026-04-19,31.0,SPRING25,False,item_discount,63.75,22.93,4360,referral,referral,False,False,2026-03-19T16:36:38Z
000058ff672e,1,23.8,8.779999999999998,2025-11-25,2025-11,,,BFCM30,False,item_discount,23.8,8.779999999999998,2473,organic_search,organic_search,False,False,2025-11-25T02:17:27Z
0000590502ec,3,176.89999999999998,93.24,2025-11-24,2025-11,2026-02-16,84.0,BFCM30,False,item_discount,82.6,39.079999999999984,2415,organic_search,organic_search,False,True,2025-11-24T04:07:41Z
0000590503b3,1,34.0,24.34,2026-04-16,2026-04,,,,False,no_code,34.0,24.34,4799,organic_search,organic_search,False,True,2026-04-16T21:24:53Z
00005909c4b7,1,64.0,38.91,2025-11-24,2025-11,,,,False,no_code,64.0,38.91,2441,google_ads,google_ads,False,False,2025-11-24T15:42:01Z
000059142240,1,68.0,35.94,2025-10-01,2025-10,,,SKINBYJORDAN15,False,item_discount,68.0,35.94,1795,influencer,influencer,False,True,2025-10-01T10:40:54Z
00005919bdfe,1,0.0,-9.46,2026-01-07,2026-01,,,,False,no_code,30.0,-9.46,3347,direct,direct,False,True,2026-01-07T13:59:47Z
00005959a6d7,1,136.0,88.34,2026-01-11,2026-01,,,,False,no_code,136.0,88.34,3403,IG,meta_ads,True,True,2026-01-11T12:46:43Z
0000595f4295,1,27.2,17.459999999999997,2025-10-17,2025-10,,,WELCOME15,True,item_discount,27.2,17.459999999999997,1994,influencer,influencer,False,False,2025-10-17T00:35:22Z
000059640460,2,80.8,40.2,2025-11-14,2025-11,2025-12-22,38.0,WELCOME15,True,item_discount,23.8,11.56,2315,facebook_ads,meta_ads,False,True,2025-11-14T10:12:23Z
00005969a01e,1,79.8,29.96999999999999,2025-11-30,2025-11,,,BFCM30,False,item_discount,79.8,29.96999999999999,2790,influencer,influencer,False,True,2025-11-30T11:39:29Z
0000596e6122,1,0.0,-12.18,2026-04-20,2026-04,,,WELCOME15,True,item_discount,32.3,-12.18,4856,meta,meta_ads,False,True,2026-04-20T05:34:08Z
0000596e61e9,1,46.2,21.79,2025-11-27,2025-11,,,BFCM30,False,item_discount,46.2,21.79,2645,google_ads,google_ads,False,True,2025-11-27T17:50:22Z
00005973fda7,1,44.0,31.22000000000001,2025-12-02,2025-12,,,,False,no_code,44.0,31.22000000000001,2876,influencer,influencer,False,True,2025-12-02T17:29:44Z
00005978beab,1,56.1,23.44,2026-05-12,2026-05,,,WELCOME15,True,item_discount,56.1,23.44,5247,meta,meta_ads,False,False,2026-05-12T19:01:21Z
00005978bf72,3,244.35,148.17,2025-10-03,2025-10,2026-02-06,126.0,WELCOME15,True,item_discount,117.3,72.22,1827,meta,meta_ads,False,True,2025-10-03T04:49:30Z
000059831c34,1,49.3,23.96,2026-06-18,2026-06,,,WELCOME15,True,item_discount,49.3,23.96,5835,tiktok,tiktok_ads,False,True,2026-06-18T01:23:18Z
00005988b8b9,1,27.2,17.04,2026-02-18,2026-02,,,WELCOME15,True,item_discount,27.2,17.04,3892,direct,direct,False,False,2026-02-18T01:15:29Z
000059b10126,1,29.0,20.530000000000005,2026-06-20,2026-06,,,,False,no_code,29.0,20.530000000000005,5878,organic_search,organic_search,False,False,2026-06-20T13:13:57Z
000059bb5eaf,1,32.0,14.110000000000008,2026-05-13,2026-05,,,,False,no_code,32.0,14.110000000000008,5253,,unknown,False,False,2026-05-13T01:44:20Z
000059c5bc38,1,51.0,26.53,2026-04-03,2026-04,,,WELCOME15,True,item_discount,51.0,26.53,4588,direct,direct,False,False,2026-04-03T16:42:39Z
000059d2ff1b,1,63.0,28.83,2025-11-30,2025-11,,,BFCM30,False,item_discount,63.0,28.83,2768,organic_search,organic_search,False,False,2025-11-30T00:02:47Z
000059dd5bdd,1,67.0,42.400000000000006,2026-05-27,2026-05,,,,False,no_code,67.0,42.400000000000006,5467,IG,meta_ads,True,False,2026-05-27T03:17:20Z
000059dd5ca4,4,221.0,120.61,2025-10-12,2025-10,2025-12-05,54.0,,False,no_code,32.0,22.19,1939,meta,meta_ads,False,True,2025-10-12T12:07:15Z
000059e7b966,1,82.0,48.92,2026-06-23,2026-06,,,,False,no_code,82.0,48.92,5949,meta,meta_ads,False,False,2026-06-23T21:01:57Z
000059e7ba2d,1,95.0,60.63000000000001,2025-08-11,2025-08,,,,False,no_code,95.0,60.63000000000001,1310,organic_search,organic_search,False,False,2025-08-11T00:17:25Z
00005a159e58,1,29.0,20.680000000000007,2026-06-26,2026-06,,,,False,no_code,29.0,20.680000000000007,5991,Google,google_ads,True,False,2026-06-26T14:31:10Z
00005a1ffb1a,1,34.0,23.290000000000003,2025-09-18,2025-09,,,,False,no_code,34.0,23.290000000000003,1663,meta,meta_ads,False,False,2025-09-18T05:46:45Z
00005a1ffbe1,1,33.66,14.429999999999994,2026-05-01,2026-05,,,DERMDIARY10+FREESHIP+WELCOME15,True,item_discount,33.66,14.429999999999994,5035,influencer,influencer,False,True,2026-05-01T03:42:19Z
00005a2a596a,2,83.3,49.08,2026-04-26,2026-04,2026-05-22,26.0,WELCOME15,True,item_discount,49.3,30.4,4964,direct,direct,False,True,2026-04-26T12:34:44Z
00005a34b62c,1,80.92,29.41,2025-11-24,2025-11,,,BFCM30+WELCOME15,True,item_discount,80.92,29.41,2429,meta,meta_ads,False,True,2025-11-24T11:53:09Z
00005a34b6f3,1,124.1,55.93,2026-03-31,2026-03,,,WELCOME15,True,item_discount,124.1,55.93,4557,influencer,influencer,False,True,2026-03-31T21:26:57Z
00005a3a52b1,2,50.9,-5.480000000000005,2025-07-15,2025-07,2025-08-25,41.0,FREESHIP+WELCOME15,True,item_discount,28.9,-0.4100000000000012,1110,organic_search,organic_search,False,True,2025-07-15T06:14:21Z
00005a3f13b5,1,43.35,19.879999999999995,2025-12-16,2025-12,,,WELCOME15,True,item_discount,43.35,19.879999999999995,3071,direct,direct,False,True,2025-12-16T23:52:13Z
00005a49713e,2,53.2,31.150000000000006,2026-02-08,2026-02,2026-03-15,35.0,SKINBYJORDAN15,False,item_discount,18.7,11.909999999999997,3759,influencer,influencer,False,False,2026-02-08T11:12:27Z
00005a849913,1,28.0,15.590000000000002,2026-05-05,2026-05,,,,False,no_code,28.0,15.590000000000002,5116,organic_search,organic_search,False,False,2026-05-05T15:31:18Z
00005a895a17,2,115.5,62.72,2025-12-16,2025-12,2026-01-19,34.0,HOLIDAY15,False,item_discount,56.1,29.169999999999995,3063,direct,direct,False,False,2025-12-16T16:55:27Z
00005a8ef5d5,1,106.4,38.71,2025-11-26,2025-11,,,BFCM30,False,item_discount,106.4,38.71,2581,facebook_ads,meta_ads,False,True,2025-11-24T17:05:16Z
00005a8ef69c,1,34.0,24.39,2026-04-25,2026-04,,,,False,no_code,34.0,24.39,4946,google_ads,google_ads,False,False,2026-04-25T03:47:09Z
00005a93b7a0,1,71.4,36.59,2025-11-18,2025-11,,,WELCOME15,True,item_discount,71.4,36.59,2358,influencer,influencer,False,True,2025-11-18T17:18:40Z
00005a99535e,1,118.0,73.32,2025-11-26,2025-11,,,,False,no_code,118.0,73.32,2577,,unknown,False,True,2025-11-26T16:37:00Z
00005a995425,1,51.0,26.809999999999995,2026-03-28,2026-03,,,NOURISHED15,False,item_discount,51.0,26.809999999999995,4511,influencer,influencer,False,True,2026-03-28T06:12:29Z
00005a9e1462,1,22.0,8.52,2026-05-19,2026-05,,,,False,no_code,22.0,8.52,5359,Facebook,meta_ads,False,False,2026-05-19T12:07:07Z
00005a9e1529,1,71.4,36.54,2025-10-03,2025-10,,,WELCOME15,True,item_discount,71.4,36.54,1826,influencer,influencer,False,False,2025-10-03T02:32:23Z
00005aa3b0e7,1,149.0,96.41,2025-12-09,2025-12,,,,False,no_code,149.0,96.41,2966,organic_search,organic_search,False,True,2025-12-09T15:40:37Z
00005aa3b1ae,1,38.0,-2.789999999999999,2026-02-26,2026-02,,,,False,no_code,114.0,-2.789999999999999,4000,google_ads,google_ads,False,False,2026-02-26T23:13:51Z
00005aa871eb,1,125.8,57.00999999999999,2026-06-09,2026-06,,,WELCOME15,True,item_discount,125.8,57.00999999999999,5677,Facebook,meta_ads,False,True,2026-06-09T07:58:56Z
00005aa872b2,1,23.8,3.6000000000000005,2025-09-14,2025-09,,,WELCOME15,True,item_discount,42.5,3.6000000000000005,1619,google_ads,google_ads,False,False,2025-09-14T00:15:41Z
00005aae0e70,1,18.7,11.769999999999998,2026-02-16,2026-02,,,WELCOME15,True,item_discount,18.7,11.769999999999998,3869,TikTok,tiktok_ads,False,True,2026-02-16T03:24:31Z
00005aae0f37,2,156.8,93.6,2026-01-08,2026-01,2026-03-12,63.0,WELCOME15,True,item_discount,74.8,42.55,3366,google_ads,google_ads,False,True,2026-01-08T18:33:12Z
00005ab2d03b,2,61.2,39.78,2025-07-08,2025-07,2025-08-06,29.0,,False,no_code,34.0,22.910000000000004,1052,organic_search,organic_search,False,False,2025-07-08T14:57:43Z
00005ab86bf9,1,57.0,28.91,2026-03-16,2026-03,,,SPRING25,False,item_discount,57.0,28.91,4257,referral,referral,False,True,2026-03-16T12:15:21Z
00005b02b25b,1,34.0,24.23,2025-10-27,2025-10,,,,False,no_code,34.0,24.23,2147,facebook_ads,meta_ads,False,True,2025-10-27T22:41:21Z
00005b084e19,1,30.6,13.379999999999994,2025-12-18,2025-12,,,HOLIDAY15,False,item_discount,30.6,13.379999999999994,3098,influencer,influencer,False,False,2025-12-18T18:54:39Z
00005b0d0f1d,1,40.8,25.41,2026-06-20,2026-06,,,WELCOME15,True,item_discount,40.8,25.41,5876,influencer,influencer,False,True,2026-06-20T13:02:04Z
00005b0d0fe4,1,34.0,24.76,2025-09-18,2025-09,,,,False,no_code,34.0,24.76,1666,direct,direct,False,True,2025-09-18T12:37:56Z
00005b12aba2,3,67.5,40.78,2026-02-16,2026-02,2026-04-04,47.0,WELCOME15,True,item_discount,22.1,12.24,3865,,unknown,False,False,2026-02-16T00:03:20Z
00005b176d6d,3,122.4,82.51,2025-07-20,2025-07,2025-08-21,32.0,WELCOME15,True,item_discount,57.8,37.82000000000001,1158,google_ads,google_ads,False,False,2025-07-20T22:29:04Z
00005b1d092b,1,20.4,12.829999999999997,2026-03-18,2026-03,,,WELCOME15,True,item_discount,20.4,12.829999999999997,4341,meta,meta_ads,False,False,2026-03-18T21:12:42Z
00005b2766b4,1,72.25,46.28999999999999,2026-04-22,2026-04,,,WELCOME15,True,item_discount,72.25,46.28999999999999,4895,meta,meta_ads,False,False,2026-04-22T01:27:03Z
00005b31c43d,1,32.3,21.24,2026-05-04,2026-05,,,MOMS15,False,item_discount,32.3,21.24,5080,influencer,influencer,False,True,2026-05-04T01:00:32Z
00005b455198,1,118.0,74.71000000000001,2026-06-20,2026-06,,,,False,no_code,118.0,74.71000000000001,5888,google_ads,google_ads,False,False,2026-06-20T23:01:57Z
00005b4fae5a,1,0.0,-13.02,2025-10-26,2025-10,,,,False,no_code,44.0,-13.02,2128,meta,meta_ads,False,True,2025-10-26T15:24:46Z
00005b4faf21,1,28.9,19.340000000000003,2026-05-25,2026-05,,,WELCOME15,True,item_discount,28.9,19.340000000000003,5447,google_ads,google_ads,False,False,2026-05-25T18:34:21Z
00005b5a0be3,2,91.0,34.85000000000001,2025-11-27,2025-11,2026-02-06,71.0,BFCM30,False,item_discount,63.0,19.580000000000005,2616,direct,direct,False,True,2025-11-27T09:55:58Z
00005b5a0caa,2,108.0,70.22,2026-04-27,2026-04,2026-06-06,40.0,,False,no_code,38.0,27.090000000000003,4983,google_ads,google_ads,False,True,2026-04-27T15:34:58Z
00005b646a33,1,28.5,17.580000000000002,2026-03-19,2026-03,,,SPRING25,False,item_discount,28.5,17.580000000000002,4358,direct,direct,False,True,2026-03-19T14:08:09Z
00005b6a05f1,2,90.1,56.46000000000001,2025-08-30,2025-08,2025-10-14,45.0,WELCOME15,True,item_discount,28.9,19.89,1473,referral,referral,False,True,2025-08-30T16:51:53Z
00005b6ec7bc,1,32.0,21.92,2026-01-16,2026-01,,,,False,no_code,32.0,21.92,3447,direct,direct,False,True,2026-01-16T02:52:37Z
00005b7c0a9f,2,148.7,79.82,2025-07-20,2025-07,2025-08-30,41.0,WELCOME15,True,item_discount,73.1,38.91,1157,,unknown,False,True,2025-07-20T20:13:02Z
00005bb44c53,1,24.0,16.519999999999996,2026-05-08,2026-05,,,,False,no_code,24.0,16.519999999999996,5172,meta,meta_ads,False,False,2026-05-08T10:35:11Z
00005bbea915,1,56.1,30.38,2025-11-22,2025-11,,,WELCOME15,True,item_discount,56.1,30.38,2386,influencer,influencer,False,True,2025-11-22T10:48:02Z
00005bbea9dc,2,83.4,48.25000000000001,2026-04-16,2026-04,2026-05-31,45.0,WELCOME15,True,item_discount,54.4,27.57,4787,google_ads,google_ads,False,True,2026-04-16T03:41:17Z
00005bc36ae0,1,22.0,14.469999999999995,2025-11-18,2025-11,,,,False,no_code,22.0,14.469999999999995,2356,tiktok,tiktok_ads,False,True,2025-11-18T13:25:14Z
00005bc9069e,1,33.66,20.55,2025-12-10,2025-12,,,DERMDIARY10+WELCOME15,True,item_discount,33.66,20.55,2982,,unknown,False,False,2025-12-10T17:28:00Z
00005bc90765,1,34.0,24.44,2026-03-18,2026-03,,,,False,no_code,34.0,24.44,4343,organic_search,organic_search,False,True,2026-03-18T22:28:49Z
00005bcea323,1,23.8,11.85,2025-08-16,2025-08,,,WELCOME15,True,item_discount,23.8,11.85,1365,meta,meta_ads,False,False,2025-08-16T22:25:07Z
00005bd36427,1,25.5,10.54,2026-01-04,2026-01,,,WELCOME15,True,item_discount,25.5,10.54,3302,tiktok,tiktok_ads,False,False,2026-01-04T21:18:29Z
00005bd364ee,1,27.2,18.02,2026-01-12,2026-01,,,NEWYEAR20,False,item_discount,27.2,18.02,3411,direct,direct,False,True,2026-01-12T00:07:15Z
00005bd900ac,1,24.0,-6.76,2025-09-19,2025-09,,,,False,no_code,58.0,-6.76,1672,organic_search,organic_search,False,False,2025-09-19T03:05:12Z
00005bddc1b0,1,88.0,52.220000000000006,2026-03-19,2026-03,,,,False,no_code,88.0,52.220000000000006,4351,TikTok,tiktok_ads,False,False,2026-03-19T03:49:11Z
00005bddc277,1,85.0,48.72,2025-12-12,2025-12,,,HOLIDAY15,False,item_discount,85.0,48.72,2997,organic_search,organic_search,False,True,2025-12-12T00:07:10Z
00005be35e35,1,23.8,11.96,2025-11-12,2025-11,,,WELCOME15,True,item_discount,23.8,11.96,2294,direct,direct,False,True,2025-11-12T10:55:19Z
00005be81f39,2,174.0,101.66,2026-04-05,2026-04,2026-05-28,53.0,,False,no_code,44.0,30.080000000000005,4622,organic_search,organic_search,False,True,2026-04-05T15:23:35Z
00005bf27cc2,1,82.0,51.47,2026-05-12,2026-05,,,,False,no_code,82.0,51.47,5239,Google,google_ads,True,False,2026-05-12T13:02:14Z
00005c2da497,1,49.5,23.04,2026-03-17,2026-03,,,SPRING25,False,item_discount,49.5,23.04,4310,direct,direct,False,True,2026-03-17T22:34:33Z
00005c32659b,1,28.0,15.7,2025-09-06,2025-09,,,,False,no_code,28.0,15.7,1535,meta,meta_ads,False,True,2025-09-06T09:51:08Z
00005c380159,1,70.0,41.71,2026-01-08,2026-01,,,,False,no_code,70.0,41.71,3368,meta,meta_ads,False,False,2026-01-08T22:03:26Z
00005c380220,2,231.2,148.34,2026-01-25,2026-01,2026-02-23,29.0,,False,no_code,134.0,87.3,3564,Facebook,meta_ads,False,True,2026-01-25T06:46:30Z
00005c3cc324,1,118.0,64.47999999999999,2025-08-08,2025-08,,,,False,no_code,152.0,64.47999999999999,1292,tiktok,tiktok_ads,False,True,2025-08-08T04:23:44Z
00005c425ee2,1,32.3,21.31,2026-03-17,2026-03,,,WELCOME15,True,item_discount,32.3,21.31,4292,organic_search,organic_search,False,True,2026-03-17T10:12:26Z
00005c425fa9,1,100.3,56.49000000000001,2025-12-28,2025-12,,,WELCOME15,True,item_discount,100.3,56.49000000000001,3208,meta,meta_ads,False,False,2025-12-28T12:22:59Z
00005c4cbc6b,1,27.2,17.169999999999998,2026-04-21,2026-04,,,WELCOME15,True,item_discount,27.2,17.169999999999998,4886,meta,meta_ads,False,True,2026-04-21T15:39:37Z
00005c4cbd32,1,62.0,42.77,2025-11-13,2025-11,,,,False,no_code,62.0,42.77,2309,tiktok,tiktok_ads,False,False,2025-11-13T22:16:30Z
00005c5719f4,1,0.0,-35.51,2026-05-27,2026-05,,,,False,no_code,88.0,-35.51,5475,direct,direct,False,True,2026-05-27T13:20:12Z
00005c571abb,1,108.8,45.46000000000001,2025-10-28,2025-10,,,WELCOME15,True,item_discount,108.8,45.46000000000001,2153,IG,meta_ads,True,False,2025-09-16T06:27:16Z
00005c61777d,1,74.8,39.53999999999999,2026-06-10,2026-06,,,WELCOME15,True,item_discount,74.8,39.53999999999999,5693,meta,meta_ads,False,False,2026-06-10T09:19:57Z
00005c8f5ba8,1,29.0,3.400000000000002,2025-07-09,2025-07,,,,False,no_code,63.0,3.400000000000002,1059,organic_search,organic_search,False,True,2025-07-09T11:14:30Z
00005c99b931,1,22.0,14.899999999999997,2025-09-12,2025-09,,,,False,no_code,22.0,14.899999999999997,1608,Facebook,meta_ads,False,True,2025-09-12T14:43:39Z
00005ca416ba,1,18.7,12.289999999999996,2025-10-22,2025-10,,,WELCOME15,True,item_discount,18.7,12.289999999999996,2069,Influencer,influencer,False,False,2025-10-04T00:01:06Z
00005cb1599d,1,29.0,20.820000000000007,2026-04-29,2026-04,,,,False,no_code,29.0,20.820000000000007,5011,organic_search,organic_search,False,True,2026-03-31T13:52:28Z
00005cbbb726,1,32.3,21.24,2026-05-19,2026-05,,,WELCOME15,True,item_discount,32.3,21.24,5363,meta,meta_ads,False,True,2026-05-19T21:53:04Z
00005cc614af,1,152.0,99.42,2026-06-19,2026-06,,,,False,no_code,152.0,99.42,5863,direct,direct,False,True,2026-06-19T17:25:17Z
00005ce3ff93,2,173.0,93.14,2026-04-26,2026-04,2026-06-11,46.0,WELCOME15,True,item_discount,51.0,20.91,4972,organic_search,organic_search,False,False,2026-04-26T16:21:46Z
00005cee5d1c,1,76.5,-3.3100000000000023,2026-03-20,2026-03,,,SPRING25,False,item_discount,164.25,-3.3100000000000023,4386,Facebook,meta_ads,False,True,2026-03-20T15:37:54Z
00005cf3f8da,1,49.3,30.98,2025-07-11,2025-07,,,WELCOME15,True,item_discount,49.3,30.98,1079,google_ads,google_ads,False,True,2025-07-11T14:53:35Z
00005cf8b9de,1,32.3,21.51,2026-01-19,2026-01,,,WELCOME15,True,item_discount,32.3,21.51,3487,meta,meta_ads,False,True,2026-01-19T02:37:45Z
00005cf8baa5,1,44.0,30.790000000000006,2026-02-13,2026-02,,,,False,no_code,44.0,30.790000000000006,3835,meta,meta_ads,False,True,2026-02-13T14:45:50Z
00005cfe5663,3,174.0,80.38000000000001,2025-09-18,2025-09,2025-11-13,56.0,,False,no_code,94.0,43.31,1658,direct,direct,False,True,2025-09-18T02:23:43Z
00005cfe572a,1,48.0,32.150000000000006,2026-06-19,2026-06,,,,False,no_code,48.0,32.150000000000006,5868,meta,meta_ads,False,True,2026-06-19T20:55:50Z
00005d031767,3,158.6,106.4,2026-02-02,2026-02,2026-03-17,43.0,,False,no_code,34.0,24.2,3664,meta,meta_ads,False,True,2026-02-02T12:09:50Z
00005d03182e,3,146.8,89.16000000000001,2025-12-28,2025-12,2026-01-28,31.0,,False,no_code,29.0,20.660000000000007,3206,organic_search,organic_search,False,True,2025-11-22T11:36:06Z
00005d08b3ec,1,44.0,31.070000000000007,2025-10-19,2025-10,,,,False,no_code,44.0,31.070000000000007,2031,Google,google_ads,True,True,2025-10-19T15:14:46Z
00005d08b4b3,1,24.65,16.559999999999995,2026-05-26,2026-05,,,WELCOME15,True,item_discount,24.65,16.559999999999995,5461,tiktok,tiktok_ads,False,True,2026-05-26T16:53:21Z
00005d0d74f0,1,27.0,-35.31,2026-03-18,2026-03,,,SPRING25,False,item_discount,93.0,-35.31,4317,direct,direct,False,True,2026-03-18T01:51:28Z
00005d0d75b7,3,160.9,105.45,2025-11-12,2025-11,2025-12-21,39.0,,False,no_code,34.0,23.46,2295,organic_search,organic_search,False,True,2025-11-12T11:13:51Z
00005d131175,1,49.0,27.87,2025-11-27,2025-11,,,BFCM30,False,item_discount,49.0,27.87,2609,google_ads,google_ads,False,True,2025-11-27T01:45:48Z
00005d17d279,1,72.0,40.8,2026-04-27,2026-04,,,,False,no_code,72.0,40.8,4980,,unknown,False,False,2026-04-27T11:01:03Z
00005d62f395,1,70.4,38.21,2025-09-14,2025-09,,,GLOWWITHSAM12,False,item_discount,70.4,38.21,1625,influencer,influencer,False,False,2025-09-14T13:30:27Z
00005d67b499,1,102.0,57.92,2026-02-05,2026-02,,,WELCOME15,True,item_discount,102.0,57.92,3704,Facebook,meta_ads,False,False,2026-02-05T13:48:05Z
00005d67b560,1,57.8,29.1,2025-12-22,2025-12,,,WELCOME15,True,item_discount,57.8,29.1,3143,organic_search,organic_search,False,True,2025-12-22T01:06:58Z
00005d6c7664,3,196.0,112.34,2025-07-21,2025-07,2025-10-10,81.0,,False,no_code,32.0,-9.94,1165,influencer,influencer,False,True,2025-07-21T05:50:41Z
00005d6d511e,2,87.5,47.760000000000005,2025-10-05,2025-10,2025-11-22,48.0,WELCOME15,True,item_discount,59.5,32.04,1857,meta,meta_ads,False,True,2025-10-05T14:23:48Z
00005d721222,2,62.7,6.3600000000000065,2026-03-14,2026-03,2026-05-15,62.0,SPRING25,False,item_discount,28.5,17.96,4187,referral,referral,False,False,2026-03-14T02:08:03Z
00005d7212e9,1,58.8,11.439999999999994,2025-11-25,2025-11,,,BFCM30,False,item_discount,89.6,11.439999999999994,2523,meta,meta_ads,False,True,2025-11-25T17:58:21Z
00005d77aea7,1,25.2,-5.840000000000003,2025-11-25,2025-11,,,BFCM30,False,item_discount,56.0,-5.840000000000003,2502,direct,direct,False,True,2025-11-25T13:23:24Z
00005d7c6fab,1,132.0,79.51,2026-04-29,2026-04,,,,False,no_code,158.0,79.51,5013,Direct,direct,False,True,2026-04-29T15:14:56Z
00005d7c7072,2,199.8,121.09,2025-11-26,2025-11,2026-01-20,55.0,WELCOME15,True,item_discount,125.8,74.74000000000001,2556,meta,meta_ads,False,False,2025-11-26T11:02:28Z
00005d820c30,1,166.6,99.99,2025-12-04,2025-12,,,HOLIDAY15,False,item_discount,166.6,99.99,2907,,unknown,False,True,2025-12-04T19:56:38Z
00005d86cd34,1,20.4,6.379999999999996,2026-05-24,2026-05,,,WELCOME15,True,item_discount,20.4,6.379999999999996,5430,meta,meta_ads,False,False,2026-04-15T16:48:14Z
00005d86cdfb,1,24.65,16.869999999999994,2025-09-10,2025-09,,,WELCOME15,True,item_discount,24.65,16.869999999999994,1582,google_ads,google_ads,False,False,2025-09-10T14:16:58Z
00005d8c69b9,1,34.0,23.170000000000005,2026-01-06,2026-01,,,,False,no_code,34.0,23.170000000000005,3338,google_ads,google_ads,False,True,2026-01-06T22:36:43Z
00005d912abd,1,47.6,29.19,2026-06-03,2026-06,,,WELCOME15,True,item_discount,47.6,29.19,5576,google_ads,google_ads,False,True,2026-06-03T11:27:19Z
00005dbf0ee8,2,111.9,68.7,2025-08-16,2025-08,2025-10-09,54.0,WELCOME15,True,item_discount,45.9,28.45,1366,meta,meta_ads,False,True,2025-08-16T23:23:42Z
00005dbf0faf,1,55.0,31.71,2026-06-22,2026-06,,,,False,no_code,55.0,31.71,5937,google_ads,google_ads,False,False,2026-06-22T23:32:21Z
00005dc96d38,1,40.8,24.840000000000003,2026-05-08,2026-05,,,WELCOME15,True,item_discount,40.8,24.840000000000003,5176,google_ads,google_ads,False,False,2026-05-08T12:53:13Z
00005dd6b01b,1,0.0,-12.990000000000002,2025-11-20,2025-11,,,WELCOME15,True,item_discount,37.4,-12.990000000000002,2373,organic_search,organic_search,False,True,2025-11-20T15:26:22Z
00005de10cdd,1,60.0,35.76,2026-04-15,2026-04,,,,False,no_code,60.0,35.76,4771,meta,meta_ads,False,True,2026-04-15T02:48:33Z
00005de10da4,4,194.6,103.77,2025-11-16,2025-11,2026-01-04,49.0,WELCOME15,True,item_discount,23.8,11.77,2332,referral,referral,False,True,2025-10-13T14:00:41Z
00005deb6a66,1,32.3,-12.950000000000005,2026-05-31,2026-05,,,WELCOME15,True,item_discount,107.1,-12.950000000000005,5538,organic_search,organic_search,False,True,2026-05-31T08:03:26Z
00005deb6b2d,1,28.9,19.3,2025-09-20,2025-09,,,WELCOME15,True,item_discount,28.9,19.3,1681,meta,meta_ads,False,False,2025-09-20T01:38:55Z
00005df5c7ef,1,110.0,68.86,2026-06-30,2026-06,,,,False,no_code,110.0,68.86,6061,influencer,influencer,False,True,2026-06-24T12:56:17Z
00005df5c8b6,3,171.8,93.83000000000001,2025-08-01,2025-08,2025-08-20,19.0,WELCOME15,True,item_discount,27.2,17.209999999999997,1243,organic_search,organic_search,False,True,2025-08-01T01:06:22Z
00005e1e105c,3,117.6,81.63000000000001,2026-02-09,2026-02,2026-03-12,31.0,,False,no_code,34.0,24.48,3773,Facebook,meta_ads,False,True,2026-02-09T02:14:59Z
00005e23ac1a,2,112.0,71.11,2025-08-27,2025-08,2025-12-02,97.0,,False,no_code,34.0,24.63,1455,Facebook,meta_ads,False,True,2025-08-27T20:38:22Z
00005e23ace1,1,146.0,94.54,2026-06-29,2026-06,,,,False,no_code,146.0,94.54,6033,meta,meta_ads,False,True,2026-06-29T00:26:54Z
00005e2e09a3,1,28.0,10.26,2025-10-03,2025-10,,,FREESHIP,False,freeship_only,28.0,10.26,1825,Direct,direct,False,True,2025-10-03T01:28:54Z
00005e2e0a6a,1,40.8,10.779999999999992,2026-05-10,2026-05,,,WELCOME15,True,item_discount,66.3,10.779999999999992,5220,meta,meta_ads,False,True,2026-05-10T19:13:13Z
00005e38672c,1,34.0,4.949999999999999,2025-11-30,2025-11,,,,False,no_code,78.0,4.949999999999999,2766,organic_search,organic_search,False,True,2025-11-29T23:59:19Z
00005e3867f3,2,194.2,105.73,2026-04-26,2026-04,2026-06-13,48.0,,False,no_code,118.0,43.32000000000001,4976,google_ads,google_ads,False,True,2026-04-26T22:23:14Z
00005e42c4b5,1,66.0,39.03,2025-11-26,2025-11,,,,False,no_code,66.0,39.03,2544,meta,meta_ads,False,False,2025-11-26T01:31:50Z
00005e500798,1,102.0,56.69999999999999,2026-05-06,2026-05,,,MOMS15,False,item_discount,102.0,56.69999999999999,5134,organic_search,organic_search,False,True,2026-05-06T15:38:06Z
00005e5a6521,1,78.19999999999999,42.61999999999999,2026-06-22,2026-06,,,WELCOME15,True,item_discount,78.2,42.61999999999999,5928,meta,meta_ads,False,True,2026-06-22T11:56:37Z
00005e884a13,1,24.65,16.679999999999996,2026-06-10,2026-06,,,WELCOME15,True,item_discount,24.65,16.679999999999996,5691,direct,direct,False,True,2026-06-10T02:28:57Z
00005e8d0b17,1,20.4,13.159999999999997,2026-01-24,2026-01,,,WELCOME15,True,item_discount,20.4,13.159999999999997,3539,meta,meta_ads,False,True,2026-01-24T00:05:42Z
00005e92a6d5,1,22.1,12.51,2025-10-01,2025-10,,,WELCOME15,True,item_discount,22.1,12.51,1792,influencer,influencer,False,False,2025-10-01T01:19:03Z
00005e92a79c,2,78.0,47.88,2026-05-16,2026-05,2026-06-19,34.0,,False,no_code,22.0,14.99,5322,facebook_ads,meta_ads,False,True,2026-05-16T23:40:56Z
00005e9767d9,1,62.05,34.5,2026-03-16,2026-03,,,WELCOME15,True,item_discount,62.05,34.5,4266,organic_search,organic_search,False,False,2026-03-16T19:15:21Z
00005e9768a0,4,349.8,215.16000000000003,2025-12-12,2025-12,2026-01-18,37.0,,False,no_code,112.0,70.75,3009,referral,referral,False,True,2025-12-12T23:27:13Z
00005e9d045e,1,23.8,14.95,2025-11-24,2025-11,,,BFCM30,False,item_discount,23.8,14.95,2451,facebook_ads,meta_ads,False,True,2025-11-24T19:32:33Z
00005ea1c562,1,26.0,15.499999999999996,2026-04-21,2026-04,,,,False,no_code,26.0,15.499999999999996,4874,facebook_ads,meta_ads,False,False,2026-04-21T08:52:53Z
00005ea1c629,1,34.0,24.31,2025-11-01,2025-11,,,,False,no_code,34.0,24.31,2193,Direct,direct,False,True,2025-10-10T09:03:58Z
00005ea761e7,1,23.8,14.750000000000002,2025-11-29,2025-11,,,BFCM30,False,item_discount,23.8,14.750000000000002,2751,influencer,influencer,False,True,2025-11-27T16:14:44Z
00005ea762ae,1,29.0,20.170000000000005,2026-03-17,2026-03,,,,False,no_code,29.0,20.170000000000005,4297,referral,referral,False,True,2026-03-17T14:03:43Z
00005eac22eb,1,38.0,26.81,2026-05-02,2026-05,,,,False,no_code,38.0,26.81,5054,direct,direct,False,True,2026-05-02T12:18:15Z
00005eac23b2,2,73.1,47.670000000000016,2025-10-06,2025-10,2025-12-01,56.0,,False,no_code,29.0,20.660000000000007,1867,direct,direct,False,True,2025-10-06T22:00:52Z
00005eb1bf70,1,30.0,20.430000000000003,2026-01-26,2026-01,,,,False,no_code,30.0,20.430000000000003,3578,meta,meta_ads,False,False,2026-01-26T02:43:47Z
00005eb1c037,3,105.1,57.59,2026-02-16,2026-02,2026-03-20,32.0,WELCOME15,True,item_discount,22.1,12.14,3874,organic_search,organic_search,False,True,2026-02-16T14:26:35Z
00005eb68074,1,100.0,60.39,2026-06-28,2026-06,,,,False,no_code,100.0,60.39,6014,google_ads,google_ads,False,True,2026-05-22T00:08:59Z
00005eb6813b,4,336.7,203.8,2025-08-18,2025-08,2025-10-02,45.0,,False,no_code,58.0,40.13,1380,meta,meta_ads,False,True,2025-08-18T17:48:19Z
00005ebc1cf9,1,20.4,12.969999999999995,2026-02-04,2026-02,,,WELCOME15,True,item_discount,20.4,12.969999999999995,3693,organic_search,organic_search,False,True,2026-02-04T12:52:59Z
00005f06635b,1,49.0,28.07,2025-11-26,2025-11,,,BFCM30,False,item_discount,49.0,28.07,2600,organic_search,organic_search,False,False,2025-11-26T23:11:41Z
00005f0bff19,1,20.3,12.830000000000002,2025-11-24,2025-11,,,BFCM30,False,item_discount,20.3,12.830000000000002,2433,influencer,influencer,False,False,2025-11-24T13:48:50Z
00005f10c01d,1,27.2,16.609999999999996,2026-05-07,2026-05,,,MOMS15,False,item_discount,27.2,16.609999999999996,5147,tiktok,tiktok_ads,False,True,2026-05-07T00:47:12Z
00005f10c0e4,1,28.9,17.98,2025-10-09,2025-10,,,WELCOME15,True,item_discount,28.9,17.98,1895,meta,meta_ads,False,True,2025-10-09T02:45:19Z
00005f165ca2,2,78.75,34.32000000000001,2026-01-21,2026-01,2026-03-16,54.0,,False,no_code,26.0,-9.77,3511,organic_search,organic_search,False,False,2026-01-21T01:41:15Z
00005f1b1da6,1,122.4,74.14,2026-06-12,2026-06,,,NOURISHED15,False,item_discount,122.4,74.14,5749,influencer,influencer,False,False,2026-06-12T21:16:55Z
00005f1b1e6d,1,37.4,23.24,2025-08-30,2025-08,,,LABORDAY15,False,item_discount,37.4,23.24,1476,influencer,influencer,False,False,2025-08-30T21:06:34Z
00005f20ba2b,1,90.1,54.870000000000005,2026-02-16,2026-02,,,WELCOME15,True,item_discount,90.1,54.870000000000005,3880,,unknown,False,False,2026-02-16T19:42:43Z
00005f257bf6,1,78.19999999999999,46.31,2025-07-27,2025-07,,,SKINBYJORDAN15,False,item_discount,78.2,46.31,1202,influencer,influencer,False,False,2025-07-27T07:48:33Z
00005f2b17b4,1,74.0,46.02,2026-03-11,2026-03,,,,False,no_code,74.0,46.02,4147,organic_search,organic_search,False,True,2026-03-11T10:51:08Z
00005f35753d,1,24.65,16.479999999999993,2026-04-14,2026-04,,,SKINBYJORDAN15,False,item_discount,24.65,16.479999999999993,4768,Influencer,influencer,False,True,2026-04-14T23:31:02Z
00005f535f5a,4,290.6,179.17000000000002,2025-09-02,2025-09,2025-10-27,55.0,WELCOME15,True,item_discount,37.4,23.95,1503,Facebook,meta_ads,False,True,2025-09-02T13:10:06Z
00005f536021,1,89.0,57.59,2026-06-30,2026-06,,,,False,no_code,89.0,57.59,6056,referral,referral,False,True,2026-06-30T05:09:12Z
00005f5dbce3,1,0.0,-34.45,2025-10-26,2025-10,,,WELCOME15,True,item_discount,71.4,-34.45,2122,direct,direct,False,True,2025-10-26T08:04:03Z
00005f5dbdaa,1,102.0,57.65,2026-05-12,2026-05,,,WELCOME15,True,item_discount,102.0,57.65,5245,influencer,influencer,False,True,2026-05-12T16:55:35Z
00005f681a6c,2,78.2,47.970000000000006,2025-11-27,2025-11,2025-12-31,34.0,BFCM30,False,item_discount,47.6,27.770000000000003,2655,google_ads,google_ads,False,True,2025-11-27T21:39:14Z
00005f681b33,1,18.49,10.579999999999998,2026-03-21,2026-03,,,SPRING25+WELCOME15,True,item_discount,18.490000000000002,10.579999999999998,4410,tiktok,tiktok_ads,False,True,2026-03-21T09:39:46Z
00005f7277f5,1,72.25,40.50999999999999,2025-12-11,2025-12,,,HOLIDAY15,False,item_discount,72.25,40.50999999999999,2994,direct,direct,False,True,2025-12-11T18:00:20Z
00005f755e16,1,30.0,20.430000000000003,2025-10-29,2025-10,,,,False,no_code,30.0,20.430000000000003,2165,organic_search,organic_search,False,True,2025-09-28T15:00:09Z
00005f7fbb9f,1,34.0,17.07,2025-08-24,2025-08,,,,False,no_code,34.0,17.07,1425,organic_search,organic_search,False,True,2025-08-24T02:11:01Z
00005f8a1928,2,74.7,43.529999999999994,2025-07-28,2025-07,2025-08-29,32.0,,False,no_code,56.0,31.33,1215,referral,referral,False,False,2025-07-28T23:06:37Z
00005fb7fd53,1,134.0,73.92,2026-06-07,2026-06,,,,False,no_code,134.0,73.92,5654,meta,meta_ads,False,True,2026-06-07T23:11:41Z
00005fbcbe57,1,47.6,29.929999999999996,2025-12-24,2025-12,,,WELCOME15,True,item_discount,47.6,29.929999999999996,3170,tiktok,tiktok_ads,False,True,2025-12-24T13:55:30Z
00005fc25adc,2,123.0,81.71,2026-05-10,2026-05,2026-06-23,44.0,,False,no_code,34.0,24.05,5211,google_ads,google_ads,False,False,2026-05-10T10:07:26Z
00005fc71be0,1,35.7,20.78,2025-11-25,2025-11,,,BFCM30,False,item_discount,35.7,20.78,2515,facebook_ads,meta_ads,False,True,2025-11-25T15:33:05Z
00005fccb79e,1,23.8,-8.1,2025-11-26,2025-11,,,BFCM30,False,item_discount,78.4,-8.1,2559,organic_search,organic_search,False,False,2025-11-26T11:46:19Z
00005fccb865,1,100.3,56.12,2026-03-02,2026-03,,,WELCOME15,True,item_discount,100.3,56.12,4056,organic_search,organic_search,False,False,2026-03-02T13:18:40Z
00005fd17969,1,24.65,16.899999999999995,2025-10-13,2025-10,,,WELCOME15,True,item_discount,24.65,16.899999999999995,1966,Google,google_ads,True,False,2025-10-13T20:14:37Z
00005fd71527,1,20.4,13.089999999999996,2025-12-07,2025-12,,,WELCOME15,True,item_discount,20.4,13.089999999999996,2937,meta,meta_ads,False,True,2025-12-07T09:59:19Z
00005fd715ee,1,64.0,41.7,2026-02-28,2026-02,,,,False,no_code,64.0,41.7,4026,direct,direct,False,True,2026-02-28T14:58:08Z
00005fdcb1ac,1,71.4,42.41,2025-08-13,2025-08,,,WELCOME15,True,item_discount,71.4,42.41,1334,Facebook,meta_ads,False,True,2025-08-13T11:43:01Z
00005fe172b0,1,76.5,38.55,2026-02-27,2026-02,,,WELCOME15,True,item_discount,76.5,38.55,4002,referral,referral,False,True,2026-02-27T01:29:58Z
00005fe17377,1,64.0,37.23,2026-01-23,2026-01,,,,False,no_code,64.0,37.23,3537,google_ads,google_ads,False,False,2026-01-23T22:02:47Z
00005fe70f35,1,24.65,16.969999999999995,2025-10-25,2025-10,,,SKINBYJORDAN15,False,item_discount,24.65,16.969999999999995,2116,influencer,influencer,False,False,2025-10-25T17:11:54Z
00005febd039,1,25.5,15.849999999999998,2026-03-15,2026-03,,,SPRING25,False,item_discount,25.5,15.849999999999998,4226,google_ads,google_ads,False,False,2026-03-15T04:18:51Z
000060315597,1,16.5,9.849999999999998,2026-03-16,2026-03,,,SPRING25,False,item_discount,16.5,9.849999999999998,4249,tiktok,tiktok_ads,False,False,2026-03-16T02:35:14Z
00006036169b,1,36.0,25.750000000000007,2025-10-30,2025-10,,,,False,no_code,36.0,25.750000000000007,2176,meta,meta_ads,False,True,2025-10-30T21:47:23Z
0000603bb259,2,128.9,83.52000000000001,2025-12-17,2025-12,2026-03-13,86.0,HOLIDAY15,False,item_discount,28.9,18.43,3073,organic_search,organic_search,False,False,2025-12-17T02:39:07Z
0000603bb320,3,114.0,80.42000000000002,2026-02-16,2026-02,2026-05-11,84.0,,False,no_code,38.0,26.85,3872,tiktok,tiktok_ads,False,True,2026-02-16T10:20:56Z
00006040735d,1,38.0,26.950000000000003,2026-06-29,2026-06,,,,False,no_code,38.0,26.950000000000003,6036,Google,google_ads,True,True,2026-06-29T03:51:44Z
000060407424,1,104.0,53.2,2025-09-28,2025-09,,,,False,no_code,104.0,53.2,1767,google_ads,google_ads,False,True,2025-09-28T19:31:07Z
000060460fe2,4,182.7,106.25999999999999,2026-02-13,2026-02,2026-03-15,30.0,FREESHIP+WELCOME15,True,item_discount,18.7,6.089999999999998,3834,google_ads,google_ads,False,False,2026-02-13T14:06:32Z
0000604610a9,1,58.0,37.32000000000001,2026-01-01,2026-01,,,,False,no_code,58.0,37.32000000000001,3253,google_ads,google_ads,False,False,2026-01-01T08:14:42Z
0000604ad1ad,1,86.4,48.41000000000001,2025-07-01,2025-07,,,SUMMER20,False,item_discount,86.4,48.41000000000001,1005,meta,meta_ads,False,True,2025-07-01T18:43:39Z
000060506d6b,1,28.5,-10.28,2026-03-17,2026-03,,,SPRING25,False,item_discount,94.5,-10.28,4305,organic_search,organic_search,False,True,2026-03-12T18:32:23Z
000060506e32,1,37.4,24.66,2025-12-28,2025-12,,,WELCOME15,True,item_discount,37.4,24.66,3203,meta,meta_ads,False,True,2025-12-28T08:41:04Z
0000605acaf4,1,28.9,19.340000000000003,2026-04-22,2026-04,,,WELCOME15,True,item_discount,28.9,19.340000000000003,4909,google_ads,google_ads,False,True,2026-04-22T18:45:57Z
0000605acbbb,1,21.0,4.9300000000000015,2025-11-26,2025-11,,,BFCM30,False,item_discount,41.3,4.9300000000000015,2542,meta,meta_ads,False,False,2025-11-26T00:37:17Z
00006065287d,1,56.1,30.18,2026-05-07,2026-05,,,MOMS15,False,item_discount,56.1,30.18,5158,organic_search,organic_search,False,True,2026-05-07T14:02:43Z
00006078b5d8,1,164.0,107.31,2026-06-21,2026-06,,,,False,no_code,164.0,107.31,5894,meta,meta_ads,False,False,2026-06-21T02:18:23Z
0000609d6a31,1,52.8,32.68,2025-07-13,2025-07,,,SUMMER20,False,item_discount,52.8,32.68,1095,IG,meta_ads,True,True,2025-07-13T03:14:06Z
000060af6edf,1,34.0,24.59,2025-07-14,2025-07,,,,False,no_code,34.0,24.59,1107,Direct,direct,False,True,2025-07-14T17:24:09Z
000060b50a9d,2,300.0,185.51,2026-03-04,2026-03,2026-03-18,14.0,,False,no_code,186.0,123.97,4076,google_ads,google_ads,False,True,2026-03-04T02:36:08Z
000060bf6826,1,64.6,34.61999999999999,2026-04-20,2026-04,,,WELCOME15,True,item_discount,64.6,34.61999999999999,4855,referral,referral,False,True,2026-03-22T01:09:49Z
000060c9c5af,1,72.0,17.84,2026-05-16,2026-05,,,,False,no_code,160.0,17.84,5309,Facebook,meta_ads,False,True,2026-05-16T06:10:48Z
000060d42338,1,74.0,45.71,2026-06-12,2026-06,,,,False,no_code,74.0,45.71,5737,google_ads,google_ads,False,True,2026-06-12T10:53:10Z
000060e7b093,1,30.6,0.6899999999999977,2026-05-06,2026-05,,,MOMS15,False,item_discount,68.0,0.6899999999999977,5129,google_ads,google_ads,False,True,2026-05-06T07:05:30Z
000060f20d55,1,27.2,17.52,2025-11-08,2025-11,,,WELCOME15,True,item_discount,27.2,17.52,2262,meta,meta_ads,False,False,2025-11-08T13:36:17Z
000060f20e1c,1,27.2,16.98,2026-04-09,2026-04,,,NOURISHED15,False,item_discount,27.2,16.98,4693,influencer,influencer,False,False,2026-04-03T16:28:01Z
000060fc6ade,2,306.0,199.82000000000005,2025-12-25,2025-12,2026-02-13,50.0,,False,no_code,72.0,44.41,3173,referral,referral,False,False,2025-12-25T02:13:01Z
000060fc6ba5,2,68.0,37.21,2026-03-17,2026-03,2026-05-22,66.0,,False,no_code,22.0,14.8,4272,meta,meta_ads,False,False,2026-03-17T00:12:26Z
000061020763,1,26.0,16.400000000000002,2025-07-25,2025-07,,,,False,no_code,26.0,16.400000000000002,1186,organic_search,organic_search,False,True,2025-07-25T20:03:49Z
00006106c92e,2,127.3,74.73000000000002,2026-02-22,2026-02,2026-04-08,45.0,,False,no_code,67.0,40.72,3947,google_ads,google_ads,False,True,2026-02-22T19:44:33Z
0000610c64ec,2,147.0,94.28,2025-09-28,2025-09,2025-11-06,39.0,,False,no_code,44.0,30.03,1763,direct,direct,False,True,2025-09-28T03:00:08Z
0000610c65b3,1,18.7,11.929999999999998,2026-06-06,2026-06,,,WELCOME15,True,item_discount,18.7,11.929999999999998,5626,facebook_ads,meta_ads,False,True,2026-06-06T12:46:49Z
0000611125f0,1,47.6,29.18,2026-02-21,2026-02,,,WELCOME15,True,item_discount,47.6,29.18,3925,organic_search,organic_search,False,False,2026-02-21T01:47:31Z
0000611126b7,1,57.8,33.14,2025-12-08,2025-12,,,HOLIDAY15,False,item_discount,57.8,33.14,2953,direct,direct,False,True,2025-12-08T23:05:10Z
00006116c275,1,84.0,49.02,2025-10-26,2025-10,,,,False,no_code,84.0,49.02,2121,meta,meta_ads,False,False,2025-10-26T02:31:31Z
0000611b8379,1,73.0,30.120000000000005,2026-03-10,2026-03,,,,False,no_code,117.0,30.120000000000005,4141,google_ads,google_ads,False,True,2026-03-10T21:32:34Z
0000616108d7,1,88.0,52.150000000000006,2026-03-14,2026-03,,,,False,no_code,88.0,52.150000000000006,4217,direct,direct,False,True,2026-03-14T22:26:08Z
00006165c9db,1,34.0,4.009999999999997,2025-10-28,2025-10,,,FREESHIP,False,freeship_only,34.0,4.009999999999997,2160,,unknown,False,True,2025-10-28T23:45:10Z
00006166a495,1,80.24000000000001,37.76,2025-07-21,2025-07,,,SUMMER20+WELCOME15,True,item_discount,80.24000000000001,37.76,1166,organic_search,organic_search,False,True,2025-07-21T12:14:25Z
0000616b6660,2,206.0,132.07,2026-02-17,2026-02,2026-03-24,35.0,,False,no_code,74.0,45.73,3885,organic_search,organic_search,False,True,2026-02-17T08:45:55Z
000061702764,3,354.0,217.54999999999998,2025-08-10,2025-08,2025-11-01,83.0,,False,no_code,118.0,72.55999999999999,1305,organic_search,organic_search,False,True,2025-08-10T17:02:17Z
00006171021e,1,44.0,30.940000000000005,2025-09-19,2025-09,,,,False,no_code,44.0,30.940000000000005,1671,Facebook,meta_ads,False,True,2025-09-18T23:58:03Z
00006175c322,1,32.0,21.74,2026-02-28,2026-02,,,,False,no_code,32.0,21.74,4019,google_ads,google_ads,False,True,2026-02-28T01:33:51Z
00006175c3e9,1,71.4,35.300000000000004,2025-12-07,2025-12,,,NOURISHED15,False,item_discount,71.4,35.300000000000004,2938,influencer,influencer,False,True,2025-12-07T11:23:51Z
0000617b5fa7,1,54.4,29.629999999999995,2025-10-21,2025-10,,,WELCOME15,True,item_discount,54.4,29.629999999999995,2067,Google,google_ads,True,False,2025-10-01T20:57:58Z
0000618020ab,1,68.0,42.49,2026-03-12,2026-03,,,,False,no_code,68.0,42.49,4162,tiktok,tiktok_ads,False,True,2026-03-12T16:31:42Z
000061802172,2,105.0,50.61,2025-11-29,2025-11,2025-12-15,16.0,BFCM30,False,item_discount,54.6,23.96,2741,organic_search,organic_search,False,True,2025-11-29T14:06:31Z
00006185bd30,1,33.6,4.4300000000000015,2025-11-25,2025-11,,,BFCM30+FREESHIP,False,item_discount,33.6,4.4300000000000015,2508,tiktok,tiktok_ads,False,True,2025-11-25T14:09:27Z
0000618a7e34,1,26.0,16.029999999999998,2026-05-22,2026-05,,,,False,no_code,26.0,16.029999999999998,5386,tiktok,tiktok_ads,False,True,2026-05-22T01:54:33Z
0000618a7efb,1,34.0,24.89,2025-10-10,2025-10,,,,False,no_code,34.0,24.89,1920,meta,meta_ads,False,True,2025-10-10T18:37:09Z
000061901ab9,4,252.5,121.48,2025-12-15,2025-12,2025-12-30,15.0,WELCOME15,True,item_discount,47.6,22.739999999999995,3044,,unknown,False,True,2025-12-09T14:23:37Z
00006194dbbd,1,34.0,24.25,2026-06-21,2026-06,,,,False,no_code,34.0,24.25,5906,referral,referral,False,False,2026-06-21T14:46:48Z
000061c2bfe8,1,78.0,48.97,2025-07-21,2025-07,,,,False,no_code,78.0,48.97,1160,google_ads,google_ads,False,True,2025-07-21T00:28:03Z
000061cd1d71,1,28.9,18.32,2025-08-28,2025-08,,,WELCOME15,True,item_discount,28.9,18.32,1463,meta,meta_ads,False,False,2025-08-28T18:46:35Z
000061d00392,1,88.0,55.370000000000005,2026-02-22,2026-02,,,,False,no_code,88.0,55.370000000000005,3935,tiktok,tiktok_ads,False,True,2026-02-22T00:33:36Z
000061da611b,1,36.0,25.90000000000001,2025-12-08,2025-12,,,,False,no_code,36.0,25.90000000000001,2949,tiktok,tiktok_ads,False,False,2025-12-08T14:20:19Z
000061e4bddd,1,93.5,52.56999999999999,2026-03-18,2026-03,,,WELCOME15,True,item_discount,93.5,52.56999999999999,4327,tiktok,tiktok_ads,False,True,2026-03-18T10:24:26Z
000061e4bea4,2,137.4,76.16,2025-11-28,2025-11,2026-01-24,57.0,BFCM30,False,item_discount,99.4,49.24,2699,influencer,influencer,False,False,2025-11-28T17:57:06Z
000061ef1b66,1,74.8,39.67999999999999,2026-05-08,2026-05,,,WELCOME15,True,item_discount,74.8,39.67999999999999,5179,organic_search,organic_search,False,True,2026-05-08T13:40:14Z
000061ef1c2d,1,27.2,17.3,2025-10-20,2025-10,,,WELCOME15,True,item_discount,27.2,17.3,2041,google_ads,google_ads,False,True,2025-10-20T08:21:39Z
000061f978ef,1,82.0,52.18,2026-06-19,2026-06,,,,False,no_code,82.0,52.18,5859,direct,direct,False,True,2026-06-19T14:58:05Z
000061f979b6,1,110.0,70.67,2025-09-10,2025-09,,,,False,no_code,110.0,70.67,1584,organic_search,organic_search,False,False,2025-09-10T17:03:48Z
0000621763d3,1,24.0,16.429999999999996,2026-04-01,2026-04,,,,False,no_code,24.0,16.429999999999996,4562,influencer,influencer,False,True,2026-04-01T16:25:24Z
00006221c15c,1,122.0,77.82000000000001,2026-03-28,2026-03,,,,False,no_code,122.0,77.82000000000001,4507,,unknown,False,True,2026-02-14T00:44:42Z
000062275d1a,1,19.2,11.89,2025-07-30,2025-07,,,SUMMER20,False,item_discount,19.2,11.89,1231,direct,direct,False,False,2025-07-30T17:36:41Z
0000622c1ee5,2,114.6,60.879999999999995,2026-02-26,2026-02,2026-04-15,48.0,WELCOME15,True,item_discount,64.6,37.53999999999999,3998,google_ads,google_ads,False,True,2026-02-26T18:37:21Z
00006231baa3,2,49.8,31.960000000000004,2025-08-07,2025-08,2025-10-03,57.0,SUMMER20,False,item_discount,19.2,11.96,1291,organic_search,organic_search,False,True,2025-08-07T21:21:48Z
00006231bb6a,1,28.9,19.340000000000003,2026-06-01,2026-06,,,WELCOME15,True,item_discount,28.9,19.340000000000003,5559,meta,meta_ads,False,True,2026-06-01T23:03:12Z
000062367c6e,1,56.0,28.73,2026-01-07,2026-01,,,NEWYEAR20,False,item_discount,56.0,28.73,3350,meta,meta_ads,False,True,2026-01-07T20:27:28Z
0000623c182c,1,64.0,37.17,2025-10-26,2025-10,,,,False,no_code,64.0,37.17,2125,meta,meta_ads,False,False,2025-10-26T11:42:45Z
0000623c18f3,1,34.0,13.019999999999994,2026-05-03,2026-05,,,,False,no_code,70.0,13.019999999999994,5079,tiktok,tiktok_ads,False,True,2026-05-03T23:21:58Z
0000624675b5,1,88.4,44.39,2025-11-22,2025-11,,,WELCOME15,True,item_discount,88.4,44.39,2383,organic_search,organic_search,False,True,2025-11-22T02:56:25Z
00006290bc17,1,126.0,83.71000000000001,2026-02-19,2026-02,,,,False,no_code,126.0,83.71000000000001,3899,direct,direct,False,True,2026-02-19T01:21:19Z
0000629657d5,1,28.9,18.01,2025-08-24,2025-08,,,WELCOME15,True,item_discount,28.9,18.01,1429,Google,google_ads,True,True,2025-08-24T11:58:48Z
00006296589c,1,32.3,21.47,2026-06-28,2026-06,,,WELCOME15,True,item_discount,32.3,21.47,6029,IG,meta_ads,True,True,2026-06-28T16:47:17Z
0000629b18d9,1,68.0,44.18,2026-02-26,2026-02,,,WELCOME15,True,item_discount,68.0,44.18,3992,organic_search,organic_search,False,False,2026-02-26T06:33:58Z
0000629b19a0,2,324.9,202.03,2026-01-12,2026-01,2026-03-28,75.0,DERMDIARY10,False,item_discount,145.8,88.18,3412,influencer,influencer,False,True,2026-01-12T00:53:21Z
000062a0b55e,1,116.0,60.22,2025-10-03,2025-10,,,,False,no_code,138.0,60.22,1831,referral,referral,False,True,2025-10-03T13:36:46Z
000062a0b625,1,32.3,16.65,2026-05-03,2026-05,,,WELCOME15,True,item_discount,32.3,16.65,5074,meta,meta_ads,False,False,2026-03-19T13:18:19Z
000062a57662,1,96.9,55.44,2026-03-17,2026-03,,,WELCOME15,True,item_discount,96.9,55.44,4307,Google,google_ads,True,True,2026-03-17T20:33:18Z
000062a57729,1,79.1,40.56,2025-11-24,2025-11,,,BFCM30,False,item_discount,79.1,40.56,2457,organic_search,organic_search,False,True,2025-11-24T22:49:25Z
000062ab12e7,1,13.09,6.809999999999998,2025-11-28,2025-11,,,BFCM30+WELCOME15,True,item_discount,13.09,6.809999999999998,2703,meta,meta_ads,False,False,2025-11-16T19:10:47Z
000062ab13ae,1,34.0,24.34,2026-04-23,2026-04,,,,False,no_code,34.0,24.34,4924,organic_search,organic_search,False,True,2026-04-23T15:03:48Z
000062afd3eb,2,124.4,70.2,2026-04-15,2026-04,2026-06-15,61.0,,False,no_code,56.0,31.49,4775,influencer,influencer,False,True,2026-04-15T12:20:04Z
000062afd4b2,1,58.8,23.33,2025-11-30,2025-11,,,BFCM30,False,item_discount,58.8,23.33,2781,meta,meta_ads,False,False,2025-11-30T08:58:35Z
000062b57070,2,165.2,96.24000000000001,2025-12-19,2025-12,2026-01-14,26.0,HOLIDAY15,False,item_discount,27.2,17.4,3119,influencer,influencer,False,False,2025-12-19T20:14:47Z
000062b57137,1,49.3,31.39,2026-03-10,2026-03,,,WELCOME15,True,item_discount,49.3,31.39,4142,meta,meta_ads,False,True,2026-03-10T21:33:46Z
000062ba3174,1,24.65,16.569999999999997,2026-05-16,2026-05,,,WELCOME15,True,item_discount,24.65,16.569999999999997,5313,Facebook,meta_ads,False,True,2026-05-16T11:32:46Z
000062ba323b,1,66.0,43.900000000000006,2025-10-01,2025-10,,,,False,no_code,66.0,43.900000000000006,1802,google_ads,google_ads,False,False,2025-10-01T12:58:53Z
000062bfcdf9,1,32.0,21.44,2026-01-26,2026-01,,,,False,no_code,32.0,21.44,3584,meta,meta_ads,False,False,2026-01-26T16:47:19Z
000062c48efd,1,118.8,68.85000000000001,2026-06-14,2026-06,,,DERMDIARY10,False,item_discount,118.8,68.85000000000001,5774,influencer,influencer,False,True,2026-06-14T14:00:00Z
0000630a145b,3,200.0,107.01,2025-11-25,2025-11,2026-03-11,106.0,BFCM30,False,item_discount,119.0,59.96,2492,,unknown,False,False,2025-11-25T10:39:00Z
0000630fb019,1,23.8,-22.58,2025-11-24,2025-11,,,BFCM30,False,item_discount,82.6,-22.58,2423,TikTok,tiktok_ads,False,True,2025-11-24T10:48:54Z
00006314711d,2,195.1,114.5,2026-04-04,2026-04,2026-05-23,49.0,WELCOME15,True,item_discount,107.1,62.10999999999999,4605,direct,direct,False,True,2026-04-04T13:54:33Z
0000631471e4,1,18.7,11.439999999999998,2025-11-24,2025-11,,,WELCOME15,True,item_discount,18.7,11.439999999999998,2430,Facebook,meta_ads,False,True,2025-11-24T12:13:13Z
0000631a0da2,1,60.69,24.7,2025-12-03,2025-12,,,HOLIDAY15+WELCOME15,True,item_discount,60.69,24.7,2886,meta,meta_ads,False,False,2025-12-03T14:35:02Z
0000631ecea6,1,44.0,30.550000000000004,2026-05-13,2026-05,,,,False,no_code,44.0,30.550000000000004,5256,organic_search,organic_search,False,False,2026-04-03T03:10:51Z
0000631ecf6d,1,84.0,48.4,2025-10-20,2025-10,,,,False,no_code,84.0,48.4,2038,tiktok,tiktok_ads,False,True,2025-10-20T03:24:03Z
000063246b2b,2,122.0,79.63999999999999,2026-01-03,2026-01,2026-02-07,35.0,,False,no_code,98.0,63.24999999999999,3277,,unknown,False,False,2026-01-03T03:12:39Z
000063292c2f,1,18.7,11.799999999999995,2026-06-11,2026-06,,,WELCOME15,True,item_discount,18.7,11.799999999999995,5719,Google,google_ads,True,False,2026-06-11T11:54:25Z
000063292cf6,1,0.0,-8.8,2025-08-14,2025-08,,,,False,no_code,34.0,-8.8,1342,meta,meta_ads,False,False,2025-08-12T00:24:25Z
0000632ec8b4,2,141.0,56.22,2026-02-08,2026-02,2026-05-08,89.0,WELCOME15,True,item_discount,119.0,50.11,3769,direct,direct,False,False,2026-02-08T22:28:35Z
00006357105a,1,34.0,23.350000000000005,2025-08-16,2025-08,,,,False,no_code,34.0,23.350000000000005,1363,meta,meta_ads,False,False,2025-08-16T14:30:07Z
000063571121,1,26.0,15.88,2026-06-08,2026-06,,,,False,no_code,26.0,15.88,5671,,unknown,False,False,2026-06-08T18:08:56Z
000063616de3,1,28.9,18.000000000000004,2025-09-04,2025-09,,,SKINBYJORDAN15,False,item_discount,28.9,18.000000000000004,1517,influencer,influencer,False,False,2025-09-04T03:51:12Z
000063616eaa,1,34.0,24.18,2026-05-30,2026-05,,,,False,no_code,34.0,24.18,5530,tiktok,tiktok_ads,False,False,2026-05-30T12:32:07Z
0000636bcb6c,1,46.2,25.520000000000003,2025-11-26,2025-11,,,BFCM30,False,item_discount,46.2,25.520000000000003,2570,direct,direct,False,True,2025-11-26T14:57:21Z
0000636bcc33,2,120.8,66.57000000000001,2026-04-29,2026-04,2026-06-05,37.0,,False,no_code,29.0,20.65000000000001,5006,google_ads,google_ads,False,True,2026-04-29T01:42:20Z
0000637628f5,1,36.29,5.9999999999999964,2025-11-25,2025-11,,,BFCM30+FREESHIP+WELCOME15,True,item_discount,49.379999999999995,5.9999999999999964,2496,google_ads,google_ads,False,True,2025-11-25T11:45:58Z
000063790f16,2,167.4,92.36000000000001,2025-11-27,2025-11,2026-03-29,122.0,BFCM30,False,item_discount,106.4,56.61000000000001,2641,meta,meta_ads,False,True,2025-11-27T17:18:46Z
000063836bd8,1,56.0,33.290000000000006,2026-05-26,2026-05,,,,False,no_code,56.0,33.290000000000006,5454,organic_search,organic_search,False,False,2026-05-26T01:56:12Z
000063836c9f,2,68.8,44.129999999999995,2025-10-22,2025-10,2026-01-05,75.0,,False,no_code,24.0,16.669999999999995,2075,organic_search,organic_search,False,True,2025-10-22T13:27:00Z
0000638dc961,1,18.7,11.529999999999998,2026-06-19,2026-06,,,WELCOME15,True,item_discount,18.7,11.529999999999998,5862,organic_search,organic_search,False,False,2026-06-19T15:32:49Z
0000638dca28,3,204.0,118.47999999999999,2025-08-18,2025-08,2025-09-22,35.0,SKINBYJORDAN15,False,item_discount,71.4,36.9,1379,influencer,influencer,False,False,2025-08-18T14:54:10Z
000063bbae53,1,40.8,19.6,2026-06-19,2026-06,,,FREESHIP+WELCOME15,True,item_discount,40.8,19.6,5851,Facebook,meta_ads,False,True,2026-06-19T05:42:27Z
000063c06f57,1,86.4,45.900000000000006,2026-01-07,2026-01,,,NEWYEAR20,False,item_discount,86.4,45.900000000000006,3352,meta,meta_ads,False,True,2026-01-07T22:28:05Z
000063c60b15,1,27.2,17.61,2025-09-07,2025-09,,,WELCOME15,True,item_discount,27.2,17.61,1551,google_ads,google_ads,False,True,2025-09-07T03:13:21Z
000063c60bdc,1,52.0,28.99,2026-05-11,2026-05,,,,False,no_code,52.0,28.99,5232,tiktok,tiktok_ads,False,False,2026-04-28T17:26:36Z
000063cacce0,1,27.2,17.51,2025-12-11,2025-12,,,HOLIDAY15,False,item_discount,27.2,17.51,2992,tiktok,tiktok_ads,False,True,2025-12-11T17:12:56Z
000063d0689e,1,30.8,-2.1,2025-11-24,2025-11,,,BFCM30,False,item_discount,61.6,-2.1,2403,direct,direct,False,False,2025-11-24T00:11:38Z
000063d06965,1,51.0,29.21,2026-04-25,2026-04,,,,False,no_code,51.0,29.21,4957,organic_search,organic_search,False,False,2026-04-25T21:46:58Z
000063d52a69,3,136.3,72.82,2025-11-29,2025-11,2026-03-20,111.0,BFCM30,False,item_discount,58.8,22.569999999999997,2761,referral,referral,False,False,2025-11-29T21:42:49Z
000063dac627,1,51.0,27.35,2025-11-25,2025-11,,,WELCOME15,True,item_discount,51.0,27.35,2531,meta,meta_ads,False,True,2025-11-25T21:36:35Z
000063dac6ee,1,47.6,30.529999999999998,2026-03-23,2026-03,,,WELCOME15,True,item_discount,47.6,30.529999999999998,4452,direct,direct,False,False,2026-03-23T11:41:22Z
000063df87f2,1,37.4,20.029999999999998,2025-10-05,2025-10,,,WELCOME15,True,item_discount,37.4,20.029999999999998,1848,Influencer,influencer,False,False,2025-10-05T00:43:18Z
000063e062ac,2,124.8,74.78,2025-07-26,2025-07,2025-09-05,41.0,SUMMER20,False,item_discount,40.8,25.69,1193,direct,direct,False,True,2025-07-26T14:55:38Z
000063e523b0,1,18.7,12.189999999999998,2025-12-16,2025-12,,,HOLIDAY15,False,item_discount,18.7,12.189999999999998,3069,meta,meta_ads,False,True,2025-12-16T22:23:35Z
000063e52477,3,82.8,55.19,2026-02-23,2026-02,2026-04-30,66.0,,False,no_code,24.0,16.429999999999996,3957,meta,meta_ads,False,True,2026-02-23T11:56:48Z
000063e9e57b,1,76.5,30.19,2025-09-09,2025-09,,,AMELIA10,False,item_discount,116.1,30.19,1572,influencer,influencer,False,True,2025-09-09T08:30:19Z
000063ef8139,1,66.0,39.66,2026-02-14,2026-02,,,,False,no_code,66.0,39.66,3853,influencer,influencer,False,True,2026-02-14T22:38:02Z
0000642aa90e,1,34.0,24.15,2026-05-31,2026-05,,,,False,no_code,34.0,24.15,5541,direct,direct,False,True,2026-05-31T13:34:10Z
0000643505d0,1,16.8,-3.609999999999999,2025-11-26,2025-11,,,BFCM30+FREESHIP,False,item_discount,16.8,-3.609999999999999,2591,google_ads,google_ads,False,False,2025-11-26T20:49:18Z
000064350697,1,22.1,11.7,2026-04-28,2026-04,,,WELCOME15,True,item_discount,22.1,11.7,4998,organic_search,organic_search,False,True,2026-04-28T14:56:33Z
00006439c79b,1,110.0,51.7,2025-11-03,2025-11,,,,False,no_code,110.0,51.7,2209,referral,referral,False,True,2025-11-03T10:34:29Z
0000643f6359,1,30.8,18.33,2025-11-27,2025-11,,,BFCM30,False,item_discount,30.8,18.33,2629,google_ads,google_ads,False,True,2025-11-27T13:36:16Z
0000643f6420,1,30.6,20.13000000000001,2026-03-21,2026-03,,,WELCOME15,True,item_discount,30.6,20.13000000000001,4406,tiktok,tiktok_ads,False,False,2026-03-21T02:02:16Z
00006444245d,1,68.4,41.77,2026-05-15,2026-05,,,AMELIA10,False,item_discount,68.4,41.77,5295,Influencer,influencer,False,True,2026-05-15T12:36:59Z
000064442524,1,89.0,51.75000000000001,2025-10-12,2025-10,,,,False,no_code,89.0,51.75000000000001,1933,tiktok,tiktok_ads,False,False,2025-10-12T01:39:58Z
00006449c0e2,2,110.3,65.69,2025-12-09,2025-12,2026-02-19,72.0,HOLIDAY15,False,item_discount,66.3,35.209999999999994,2971,meta,meta_ads,False,True,2025-12-09T23:42:44Z
00006449c1a9,1,0.0,-13.25,2026-02-08,2026-02,,,WELCOME15,True,item_discount,37.4,-13.25,3771,meta,meta_ads,False,True,2026-02-08T23:09:45Z
0000644e81e6,1,38.0,27.22,2026-06-19,2026-06,,,,False,no_code,38.0,27.22,5849,meta,meta_ads,False,True,2026-06-19T03:18:07Z
0000644e82ad,2,48.7,32.69,2025-09-01,2025-09,2025-10-21,50.0,WELCOME15,True,item_discount,18.7,12.139999999999995,1492,google_ads,google_ads,False,False,2025-08-22T19:00:36Z
000064541e6b,1,24.0,15.859999999999996,2026-02-18,2026-02,,,,False,no_code,24.0,15.859999999999996,3894,referral,referral,False,False,2026-02-18T10:46:36Z
000064541f32,1,22.1,6.380000000000001,2026-01-22,2026-01,,,FREESHIP+WELCOME15,True,item_discount,22.1,6.380000000000001,3520,organic_search,organic_search,False,True,2026-01-22T00:12:42Z
00006458e036,1,0.0,-6.609999999999999,2025-07-19,2025-07,,,SUMMER20,False,item_discount,17.6,-6.609999999999999,1143,referral,referral,False,True,2025-07-19T14:49:58Z
0000645e7bf4,2,198.0,131.03,2026-03-10,2026-03,2026-04-23,44.0,,False,no_code,44.0,30.64,4136,tiktok,tiktok_ads,False,False,2026-03-10T01:45:01Z
00006468d97d,1,61.2,35.84,2026-04-16,2026-04,,,WELCOME15,True,item_discount,61.2,35.84,4798,google_ads,google_ads,False,True,2026-03-27T20:17:20Z
00006486c461,1,74.8,39.78,2026-06-14,2026-06,,,WELCOME15,True,item_discount,74.8,39.78,5767,google_ads,google_ads,False,True,2026-06-14T00:23:52Z
0000649121ea,2,212.0,110.25,2026-05-05,2026-05,2026-06-01,27.0,,False,no_code,176.0,71.44,5110,tiktok,tiktok_ads,False,True,2026-05-05T12:14:26Z
000064a8c256,1,56.1,31.61,2025-10-09,2025-10,,,WELCOME15,True,item_discount,56.1,31.61,1901,meta,meta_ads,False,True,2025-10-09T13:35:07Z
000064b31fdf,1,49.3,30.689999999999998,2025-09-25,2025-09,,,WELCOME15,True,item_discount,49.3,30.689999999999998,1742,tiktok,tiktok_ads,False,True,2025-09-25T23:48:55Z
000064bd7d68,1,34.0,23.340000000000003,2025-07-15,2025-07,,,,False,no_code,34.0,23.340000000000003,1109,direct,direct,False,True,2025-05-31T02:27:25Z
000064c31926,1,153.85,76.34,2026-03-22,2026-03,,,WELCOME15,True,item_discount,153.85,76.34,4442,meta,meta_ads,False,False,2026-03-22T15:36:39Z
000064cd76af,1,66.0,35.06,2026-04-15,2026-04,,,,False,no_code,66.0,35.06,4773,meta,meta_ads,False,True,2026-04-15T06:31:00Z
000064d7d438,1,27.45,16.82,2026-05-06,2026-05,,,MOMS15+WELCOME15,True,item_discount,27.45,16.82,5133,direct,direct,False,False,2026-05-06T13:39:18Z
000064eb6193,1,27.2,16.87,2026-06-13,2026-06,,,WELCOME15,True,item_discount,27.2,16.87,5759,,unknown,False,True,2026-05-29T11:42:58Z
000064f5be55,1,29.0,20.920000000000005,2025-10-21,2025-10,,,,False,no_code,29.0,20.920000000000005,2056,meta,meta_ads,False,False,2025-10-21T01:26:35Z
000064f5bf1c,1,119.0,72.4,2026-05-13,2026-05,,,WELCOME15,True,item_discount,119.0,72.4,5259,IG,meta_ads,True,True,2026-05-13T09:26:52Z
000065001bde,1,15.4,9.000000000000002,2025-11-26,2025-11,,,BFCM30,False,item_discount,15.4,9.000000000000002,2546,direct,direct,False,True,2025-11-26T02:27:56Z
000065001ca5,1,27.2,8.980000000000004,2026-04-08,2026-04,,,WELCOME15,True,item_discount,27.2,8.980000000000004,4667,google_ads,google_ads,False,True,2026-04-08T07:00:34Z
0000650a7967,1,53.0,30.72000000000001,2025-12-14,2025-12,,,,False,no_code,53.0,30.72000000000001,3036,Facebook,meta_ads,False,True,2025-12-14T16:49:49Z
0000650a7a2e,2,118.0,76.9,2026-03-25,2026-03,2026-04-30,36.0,,False,no_code,74.0,46.14,4468,Facebook,meta_ads,False,True,2026-03-25T01:15:05Z
0000651015ec,1,145.8,88.64,2025-08-03,2025-08,,,DERMDIARY10,False,item_discount,145.8,88.64,1262,influencer,influencer,False,True,2025-08-03T17:16:38Z
00006514d6f0,1,66.0,39.5,2026-01-02,2026-01,,,,False,no_code,66.0,39.5,3268,meta,meta_ads,False,False,2026-01-02T17:21:14Z
00006514d7b7,2,52.0,31.630000000000003,2026-01-05,2026-01,2026-01-29,24.0,,False,no_code,26.0,16.23,3322,google_ads,google_ads,False,False,2026-01-05T21:12:36Z
0000651a7375,2,54.0,37.11,2025-09-12,2025-09,2025-11-07,56.0,,False,no_code,24.0,16.509999999999998,1599,direct,direct,False,False,2025-09-12T01:28:07Z
0000651f3479,2,102.5,58.559999999999995,2026-03-16,2026-03,2026-05-09,54.0,SPRING25,False,item_discount,40.5,23.309999999999995,4262,Google,google_ads,True,True,2026-03-16T14:32:14Z
000065221a9a,1,44.8,27.12,2025-07-02,2025-07,,,SUMMER20,False,item_discount,44.8,27.12,1011,facebook_ads,meta_ads,False,False,2025-07-02T12:17:55Z
0000655a5c4e,1,38.0,26.56,2026-05-06,2026-05,,,,False,no_code,38.0,26.56,5126,organic_search,organic_search,False,True,2026-05-06T01:22:12Z
00006564b9d7,1,22.0,15.189999999999996,2026-04-29,2026-04,,,,False,no_code,22.0,15.189999999999996,5010,tiktok,tiktok_ads,False,False,2026-04-29T13:40:43Z
000065697adb,1,39.2,2.8400000000000016,2025-11-28,2025-11,,,BFCM30,False,item_discount,70.0,2.8400000000000016,2669,google_ads,google_ads,False,True,2025-11-28T04:10:34Z
0000656f1699,3,244.8,135.98000000000002,2025-12-09,2025-12,2026-01-07,29.0,,False,no_code,112.0,62.81999999999999,2963,direct,direct,False,False,2025-12-09T13:08:40Z
0000656f1760,1,0.0,-13.15,2026-03-08,2026-03,,,,False,no_code,28.0,-13.15,4121,google_ads,google_ads,False,True,2026-03-08T14:49:51Z
00006573d864,1,27.2,17.150000000000002,2025-09-16,2025-09,,,WELCOME15,True,item_discount,27.2,17.150000000000002,1635,Google,google_ads,True,True,2025-09-16T03:43:54Z
00006574b31e,1,44.0,30.840000000000003,2025-08-25,2025-08,,,,False,no_code,44.0,30.840000000000003,1434,meta,meta_ads,False,True,2025-08-25T13:58:32Z
000065797422,1,53.04,23.72,2026-01-12,2026-01,,,NEWYEAR20+WELCOME15,True,item_discount,53.04,23.72,3413,meta,meta_ads,False,True,2026-01-12T02:49:57Z
0000657974e9,1,59.5,38.49,2026-01-19,2026-01,,,WELCOME15,True,item_discount,59.5,38.49,3498,influencer,influencer,False,False,2026-01-19T17:44:38Z
0000657e35ed,1,28.9,18.450000000000003,2025-08-29,2025-08,,,LABORDAY15,False,item_discount,28.9,18.450000000000003,1466,Google,google_ads,True,True,2025-08-29T09:18:58Z
0000657f10a7,1,28.9,18.01,2025-09-28,2025-09,,,WELCOME15,True,item_discount,28.9,18.01,1765,meta,meta_ads,False,False,2025-09-28T15:49:31Z
00006583d1ab,1,77.44,42.15,2026-03-01,2026-03,,,GLOWWITHSAM12,False,item_discount,77.44,42.15,4039,Influencer,influencer,False,True,2026-03-01T09:13:24Z
00006583d272,2,48.0,31.879999999999995,2025-12-10,2025-12,2026-03-04,84.0,,False,no_code,26.0,16.57,2974,organic_search,organic_search,False,True,2025-12-10T02:17:12Z
000065896e30,2,139.1,83.41,2025-11-06,2025-11,2025-12-28,52.0,WELCOME15,True,item_discount,22.1,11.57,2234,referral,referral,False,True,2025-11-06T02:04:41Z
0000658e2f34,1,32.3,21.02,2026-04-13,2026-04,,,SKINBYJORDAN15,False,item_discount,32.3,21.02,4745,Influencer,influencer,False,False,2026-04-13T01:32:30Z
0000658e2ffb,4,326.0,206.74,2025-11-24,2025-11,2025-12-24,30.0,WELCOME15,True,item_discount,129.2,75.34,2427,direct,direct,False,False,2025-11-24T11:27:00Z
000065988cbd,1,153.0,90.56,2026-05-31,2026-05,,,WELCOME15,True,item_discount,153.0,90.56,5542,meta,meta_ads,False,False,2026-05-31T15:26:00Z
000065d0ce71,1,54.4,30.1,2025-07-10,2025-07,,,SUMMER20,False,item_discount,54.4,30.1,1066,google_ads,google_ads,False,True,2025-07-10T01:01:38Z
000065d3b492,2,143.8,89.69,2026-03-10,2026-03,2026-04-07,28.0,,False,no_code,34.0,23.94,4143,direct,direct,False,True,2026-03-10T23:02:34Z
000065de1154,1,26.0,16.08,2026-01-10,2026-01,,,,False,no_code,26.0,16.08,3393,tiktok,tiktok_ads,False,True,2025-12-02T20:09:07Z
000065de121b,1,34.0,19.03,2026-01-14,2026-01,,,,False,no_code,34.0,19.03,3438,meta,meta_ads,False,False,2026-01-14T22:47:53Z
000065e2d31f,1,18.7,12.249999999999996,2025-08-23,2025-08,,,WELCOME15,True,item_discount,18.7,12.249999999999996,1422,facebook_ads,meta_ads,False,True,2025-08-23T21:22:22Z
000065e86edd,1,110.0,67.89,2026-03-18,2026-03,,,,False,no_code,110.0,67.89,4318,meta,meta_ads,False,False,2026-03-18T01:54:55Z
000065e86fa4,1,86.69999999999999,3.2999999999999936,2025-12-19,2025-12,,,WELCOME15,True,item_discount,158.1,3.2999999999999936,3105,IG,meta_ads,True,True,2025-12-19T00:52:11Z
000065f2cc66,1,64.0,37.35,2026-04-18,2026-04,,,,False,no_code,64.0,37.35,4830,google_ads,google_ads,False,False,2026-04-18T15:27:53Z
000065f2cd2d,1,21.0,11.82,2025-11-27,2025-11,,,BFCM30,False,item_discount,21.0,11.82,2612,google_ads,google_ads,False,False,2025-10-19T02:51:51Z
000065fd29ef,1,44.0,26.05,2026-05-07,2026-05,,,,False,no_code,44.0,26.05,5161,meta,meta_ads,False,False,2026-05-07T14:55:42Z
000065fd2ab6,1,22.0,15.359999999999998,2025-10-06,2025-10,,,,False,no_code,22.0,15.359999999999998,1864,IG,meta_ads,True,True,2025-10-06T12:09:04Z
000066078778,1,38.0,26.75,2026-06-03,2026-06,,,,False,no_code,38.0,26.75,5574,meta,meta_ads,False,True,2026-06-03T08:58:20Z
0000661b14d3,1,32.3,21.42,2026-05-28,2026-05,,,WELCOME15,True,item_discount,32.3,21.42,5507,google_ads,google_ads,False,True,2026-05-28T22:44:04Z
00006625725c,3,176.8,77.16999999999999,2026-04-08,2026-04,2026-04-30,22.0,WELCOME15,True,item_discount,74.8,39.54999999999999,4676,meta,meta_ads,False,True,2026-04-08T19:21:16Z
0000662fcfe5,1,0.0,-9.97,2026-03-16,2026-03,,,SPRING25,False,item_discount,25.5,-9.97,4268,tiktok,tiktok_ads,False,True,2026-03-16T20:25:56Z
000066356ba3,3,82.62,46.28,2025-07-30,2025-07,2025-09-02,34.0,SUMMER20+WELCOME15,True,item_discount,23.119999999999997,12.729999999999997,1228,meta,meta_ads,False,False,2025-07-14T10:38:52Z
0000663a2d6e,2,56.0,24.85,2026-02-13,2026-02,2026-04-29,75.0,,False,no_code,28.0,15.250000000000004,3836,referral,referral,False,True,2026-02-13T20:24:17Z
0000663fc92c,2,176.0,115.72,2025-09-04,2025-09,2025-10-20,46.0,,False,no_code,144.0,93.63,1518,organic_search,organic_search,False,False,2025-09-04T04:13:51Z
0000663fc9f3,1,29.0,20.510000000000005,2026-06-14,2026-06,,,,False,no_code,29.0,20.510000000000005,5775,organic_search,organic_search,False,False,2026-06-14T14:28:59Z
000066448af7,2,76.0,45.870000000000005,2025-12-02,2025-12,2025-12-28,26.0,,False,no_code,22.0,15.39,2874,google_ads,google_ads,False,True,2025-12-02T14:04:14Z
0000664a26b5,1,21.6,8.680000000000003,2025-10-26,2025-10,,,AMELIA10+FREESHIP,False,item_discount,21.6,8.680000000000003,2123,influencer,influencer,False,True,2025-10-26T08:11:00Z
000066946d17,1,45.0,23.9,2026-03-19,2026-03,,,AMELIA10,False,item_discount,45.0,23.9,4365,,unknown,False,True,2026-03-19T21:22:35Z
0000669a08d5,1,23.12,13.029999999999998,2025-07-12,2025-07,,,SUMMER20+WELCOME15,True,item_discount,23.119999999999997,13.029999999999998,1084,influencer,influencer,False,True,2025-07-12T05:45:39Z
0000669ec9d9,2,156.9,101.63000000000001,2026-01-08,2026-01,2026-02-02,25.0,WELCOME15,True,item_discount,28.9,18.26,3363,organic_search,organic_search,False,True,2025-12-04T15:39:19Z
0000669ecaa0,1,98.0,46.05,2026-02-22,2026-02,,,,False,no_code,98.0,46.05,3944,tiktok,tiktok_ads,False,True,2026-02-22T12:28:01Z
000066a4665e,3,346.4,208.25,2025-09-24,2025-09,2025-11-11,48.0,,False,no_code,88.0,50.39,1719,TikTok,tiktok_ads,False,True,2025-09-24T10:55:33Z
000066a46725,1,74.8,40.58,2026-06-06,2026-06,,,WELCOME15,True,item_discount,74.8,40.58,5629,,unknown,False,True,2026-06-06T14:41:18Z
000066a92762,1,148.0,97.5,2026-02-04,2026-02,,,,False,no_code,148.0,97.5,3696,organic_search,organic_search,False,True,2026-02-04T15:42:48Z
000066a92829,1,64.4,29.72000000000001,2025-12-01,2025-12,,,BFCM30,False,item_discount,64.4,29.72000000000001,2865,direct,direct,False,False,2025-12-01T22:09:15Z
000066aec3e7,1,40.8,18.37,2025-10-10,2025-10,,,WELCOME15,True,item_discount,40.8,18.37,1912,meta,meta_ads,False,True,2025-10-10T13:42:14Z
000066aec4ae,1,148.0,78.4,2026-05-27,2026-05,,,,False,no_code,148.0,78.4,5472,meta,meta_ads,False,True,2026-04-18T12:09:42Z
000066b384eb,2,69.0,45.14,2026-03-27,2026-03,2026-06-01,66.0,,False,no_code,24.0,16.529999999999994,4502,direct,direct,False,True,2026-03-27T18:27:08Z
000066b385b2,1,58.0,34.54,2025-11-24,2025-11,,,,False,no_code,58.0,34.54,2437,meta,meta_ads,False,False,2025-11-24T14:51:15Z
000066b92170,1,23.8,14.31,2025-11-29,2025-11,,,BFCM30,False,item_discount,23.8,14.31,2720,direct,direct,False,True,2025-11-29T03:22:29Z
000066bde274,1,100.0,63.78,2026-04-26,2026-04,,,,False,no_code,100.0,63.78,4963,Direct,direct,False,True,2026-04-26T11:08:24Z
000066bde33b,1,44.8,24.34,2025-11-26,2025-11,,,BFCM30,False,item_discount,44.8,24.34,2596,tiktok,tiktok_ads,False,True,2025-11-26T22:39:06Z
000066c37ef9,1,30.6,19.99,2025-12-13,2025-12,,,AMELIA10,False,item_discount,30.6,19.99,3019,influencer,influencer,False,False,2025-12-13T14:29:44Z
000066c83ffd,1,136.0,76.25,2026-05-01,2026-05,,,WELCOME15,True,item_discount,154.7,76.25,5033,tiktok,tiktok_ads,False,True,2026-05-01T02:55:12Z
0000670367d2,1,34.0,19.83,2026-02-02,2026-02,,,,False,no_code,34.0,19.83,3667,referral,referral,False,True,2026-02-02T20:15:41Z
0000670dc55b,1,73.1,41.04,2025-12-03,2025-12,,,HOLIDAY15,False,item_discount,73.1,41.04,2881,meta,meta_ads,False,True,2025-12-03T02:52:35Z
00006712865f,1,76.8,31.47,2025-07-17,2025-07,,,SUMMER20,False,item_discount,96.0,31.47,1126,tiktok,tiktok_ads,False,False,2025-07-17T13:46:28Z
00006718221d,1,92.0,49.89,2026-03-28,2026-03,,,,False,no_code,92.0,49.89,4515,google_ads,google_ads,False,True,2026-03-28T12:18:33Z
0000671822e4,1,0.0,-13.08,2025-11-28,2025-11,,,BFCM30,False,item_discount,30.8,-13.08,2705,google_ads,google_ads,False,False,2025-11-28T20:00:07Z
000067227fa6,3,330.0,209.95,2026-04-28,2026-04,2026-06-06,39.0,,False,no_code,88.0,54.42,4995,google_ads,google_ads,False,True,2026-04-28T12:22:27Z
00006722806d,2,179.9,109.7,2025-11-02,2025-11,2025-12-27,55.0,,False,no_code,134.0,79.44,2203,organic_search,organic_search,False,True,2025-11-02T15:31:45Z
000067281c2b,3,96.30000000000001,61.08000000000001,2025-12-20,2025-12,2026-02-10,52.0,HOLIDAY15,False,item_discount,28.9,18.530000000000005,3125,Influencer,influencer,False,False,2025-12-20T11:03:27Z
0000672cdd2f,1,67.19,28.08,2026-05-04,2026-05,,,FREESHIP+MOMS15+WELCOME15,True,item_discount,67.19,28.08,5087,referral,referral,False,True,2026-05-04T11:11:24Z
0000672cddf6,1,185.0,122.68,2025-09-19,2025-09,,,,False,no_code,185.0,122.68,1677,IG,meta_ads,True,True,2025-09-19T16:17:22Z
0000673279b4,1,37.4,24.260000000000005,2026-01-04,2026-01,,,WELCOME15,True,item_discount,37.4,24.260000000000005,3301,,unknown,False,True,2026-01-04T20:20:42Z
000067373ab8,1,74.0,46.15,2026-06-27,2026-06,,,,False,no_code,74.0,46.15,6008,meta,meta_ads,False,True,2026-06-27T12:44:19Z
000067651ee3,1,34.0,23.250000000000004,2025-08-16,2025-08,,,,False,no_code,34.0,23.250000000000004,1360,meta,meta_ads,False,False,2025-08-16T10:02:32Z
000067651faa,1,58.0,39.81999999999999,2026-06-25,2026-06,,,,False,no_code,58.0,39.81999999999999,5980,direct,direct,False,True,2026-06-25T13:19:17Z
0000676f7c6c,1,148.0,88.69,2025-10-26,2025-10,,,,False,no_code,148.0,88.69,2130,direct,direct,False,True,2025-10-26T17:25:35Z
0000676f7d33,1,44.0,30.180000000000007,2026-05-24,2026-05,,,,False,no_code,44.0,30.180000000000007,5425,influencer,influencer,False,True,2026-05-24T12:08:53Z
00006779d9f5,1,28.9,18.5,2025-11-13,2025-11,,,WELCOME15,True,item_discount,28.9,18.5,2307,organic_search,organic_search,False,True,2025-11-13T18:54:22Z
000067871cd8,1,24.0,15.270000000000008,2026-04-23,2026-04,,,,False,no_code,24.0,15.270000000000008,4915,meta,meta_ads,False,False,2026-04-23T00:31:40Z
000067871d9f,1,34.0,23.360000000000003,2025-11-08,2025-11,,,,False,no_code,34.0,23.360000000000003,2264,tiktok,tiktok_ads,False,False,2025-11-08T20:02:19Z
000067917a61,1,27.2,17.26,2026-05-10,2026-05,,,MOMS15,False,item_discount,27.2,17.26,5209,facebook_ads,meta_ads,False,True,2026-05-10T03:01:01Z
000067917b28,1,28.9,17.790000000000003,2025-09-19,2025-09,,,WELCOME15,True,item_discount,28.9,17.790000000000003,1676,meta,meta_ads,False,True,2025-09-19T14:25:42Z
0000679bd7ea,1,34.0,24.45,2026-06-02,2026-06,,,,False,no_code,34.0,24.45,5562,google_ads,google_ads,False,False,2026-06-02T03:42:50Z
0000679bd8b1,1,23.8,11.76,2025-08-14,2025-08,,,WELCOME15,True,item_discount,23.8,11.76,1345,Direct,direct,False,True,2025-08-14T04:17:46Z
000067c42057,1,28.0,15.38,2026-02-05,2026-02,,,,False,no_code,28.0,15.38,3709,google_ads,google_ads,False,True,2026-02-05T15:39:28Z
000067c9bc15,3,173.9,101.31,2025-08-11,2025-08,2025-09-25,45.0,,False,no_code,86.0,50.39,1317,,unknown,False,False,2025-06-30T13:49:40Z
000067c9bcdc,1,24.65,16.499999999999996,2026-06-10,2026-06,,,WELCOME15,True,item_discount,24.65,16.499999999999996,5696,organic_search,organic_search,False,True,2026-06-10T14:33:45Z
000067ce7de0,1,28.0,15.290000000000004,2026-01-26,2026-01,,,,False,no_code,28.0,15.290000000000004,3579,Facebook,meta_ads,False,False,2026-01-26T03:28:12Z
000067d4199e,4,232.0,131.93,2025-10-17,2025-10,2025-11-30,44.0,WELCOME15,True,item_discount,95.2,56.66,1998,direct,direct,False,True,2025-10-17T03:32:27Z
000067d41a65,1,26.0,15.84,2026-05-28,2026-05,,,,False,no_code,26.0,15.84,5488,organic_search,organic_search,False,False,2026-05-28T00:37:56Z
000067d8db69,1,28.9,18.380000000000003,2025-12-21,2025-12,,,WELCOME15,True,item_discount,28.9,18.380000000000003,3138,organic_search,organic_search,False,True,2025-12-21T13:42:15Z
000067de7727,3,188.0,77.64,2025-11-11,2025-11,2025-12-27,46.0,WELCOME15,True,item_discount,27.2,10.250000000000004,2289,,unknown,False,True,2025-11-11T20:55:10Z
000067de77ee,1,28.0,15.350000000000003,2026-04-25,2026-04,,,,False,no_code,28.0,15.350000000000003,4955,direct,direct,False,False,2026-04-25T18:39:34Z
000067e338f2,1,40.6,17.949999999999996,2025-11-28,2025-11,,,BFCM30,False,item_discount,40.6,17.949999999999996,2674,tiktok,tiktok_ads,False,True,2025-11-28T07:19:24Z
000067e8d4b0,2,94.6,41.91,2025-11-24,2025-11,2026-01-02,39.0,BFCM30,False,item_discount,40.6,17.41,2447,influencer,influencer,False,True,2025-11-24T18:23:35Z
000067ed967b,3,114.6,62.34,2025-10-18,2025-10,2025-11-16,29.0,,False,no_code,22.0,14.949999999999998,2017,Google,google_ads,True,True,2025-10-18T13:29:56Z
000067f33239,1,84.0,48.88999999999999,2026-01-04,2026-01,,,,False,no_code,84.0,48.88999999999999,3306,tiktok,tiktok_ads,False,False,2026-01-04T23:09:54Z
0000682e5a0e,1,23.8,-31.95,2026-06-06,2026-06,,,WELCOME15,True,item_discount,120.7,-31.95,5635,,unknown,False,False,2026-06-06T21:48:01Z
000068331b12,1,58.0,37.36000000000001,2026-01-09,2026-01,,,,False,no_code,58.0,37.36000000000001,3376,Direct,direct,False,True,2026-01-09T11:59:48Z
00006838b6d0,1,34.0,23.31000000000001,2025-10-10,2025-10,,,,False,no_code,34.0,23.31000000000001,1921,organic_search,organic_search,False,False,2025-10-10T23:51:45Z
00006838b797,1,126.0,80.36000000000001,2026-05-10,2026-05,,,,False,no_code,126.0,80.36000000000001,5222,tiktok,tiktok_ads,False,True,2026-05-10T23:45:18Z
0000683d789b,1,42.0,24.33,2025-12-01,2025-12,,,BFCM30,False,item_discount,42.0,24.33,2853,facebook_ads,meta_ads,False,True,2025-12-01T14:31:39Z
000068431459,1,70.0,33.050000000000004,2025-11-29,2025-11,,,BFCM30,False,item_discount,70.0,33.050000000000004,2747,meta,meta_ads,False,True,2025-11-29T15:23:43Z
000068431520,1,23.8,8.449999999999998,2026-04-25,2026-04,,,NOURISHED15,False,item_discount,23.8,8.449999999999998,4945,influencer,influencer,False,True,2026-04-25T02:29:55Z
00006847d55d,1,61.2,35.81,2026-04-26,2026-04,,,AMELIA10,False,item_discount,61.2,35.81,4962,influencer,influencer,False,True,2026-04-26T10:25:26Z
00006847d624,3,201.6,103.96,2025-11-18,2025-11,2026-01-04,47.0,WELCOME15,True,item_discount,47.6,23.130000000000003,2361,organic_search,organic_search,False,False,2025-11-18T21:47:09Z
0000684d71e2,3,324.98,200.02,2025-11-25,2025-11,2026-02-01,68.0,BFCM30+WELCOME15,True,item_discount,49.98,22.06,2488,direct,direct,False,True,2025-11-25T09:49:03Z
0000684d72a9,1,74.0,45.99,2026-03-28,2026-03,,,,False,no_code,74.0,45.99,4520,meta,meta_ads,False,True,2026-03-28T18:46:15Z
0000685232e6,1,70.8,34.83,2026-05-07,2026-05,,,MOMS15+WELCOME15,True,item_discount,70.8,34.83,5159,tiktok,tiktok_ads,False,False,2026-05-07T14:04:57Z
0000685233ad,1,86.0,44.86999999999999,2025-10-21,2025-10,,,,False,no_code,86.0,44.86999999999999,2064,meta,meta_ads,False,True,2025-10-21T14:16:43Z
00006857cf6b,1,18.7,12.099999999999998,2026-01-01,2026-01,,,WELCOME15,True,item_discount,18.7,12.099999999999998,3249,meta,meta_ads,False,False,2026-01-01T03:18:28Z
00006857d032,1,32.0,21.67,2026-02-27,2026-02,,,,False,no_code,32.0,21.67,4003,meta,meta_ads,False,False,2026-02-27T03:08:33Z
0000685c906f,1,44.0,30.64,2026-06-22,2026-06,,,,False,no_code,44.0,30.64,5927,organic_search,organic_search,False,True,2026-06-22T11:25:43Z
0000685c9136,2,102.0,65.02000000000001,2025-08-19,2025-08,2025-09-27,39.0,,False,no_code,68.0,41.49,1393,meta,meta_ads,False,True,2025-08-19T16:48:06Z
000068622cf4,1,28.0,15.650000000000004,2026-02-13,2026-02,,,,False,no_code,28.0,15.650000000000004,3830,meta,meta_ads,False,True,2026-02-13T09:34:26Z
00006866eebf,1,22.1,12.65,2025-07-16,2025-07,,,WELCOME15,True,item_discount,22.1,12.65,1117,Google,google_ads,True,False,2025-07-16T12:33:48Z
00006894d2ea,1,30.6,20.930000000000007,2026-06-09,2026-06,,,DERMDIARY10,False,item_discount,30.6,20.930000000000007,5687,influencer,influencer,False,False,2026-06-09T23:33:34Z
0000689f3073,2,202.3,111.34,2026-05-04,2026-05,2026-06-21,48.0,MOMS15,False,item_discount,32.3,15.919999999999998,5084,google_ads,google_ads,False,True,2026-05-04T07:15:58Z
000068ac7356,1,34.0,24.68,2025-11-17,2025-11,,,,False,no_code,34.0,24.68,2345,direct,direct,False,False,2025-11-17T13:07:38Z
000068b6d018,1,26.0,15.55,2026-05-07,2026-05,,,,False,no_code,26.0,15.55,5150,meta,meta_ads,False,True,2026-05-07T02:09:12Z
000068b6d0df,2,148.6,82.32000000000001,2025-10-18,2025-10,2025-12-27,70.0,,False,no_code,162.0,60.97,2014,Facebook,meta_ads,False,True,2025-10-18T12:23:30Z
000068c12da1,1,18.7,11.829999999999997,2026-06-11,2026-06,,,WELCOME15,True,item_discount,18.7,11.829999999999997,5713,google_ads,google_ads,False,True,2026-06-11T08:37:29Z
000068c12e68,5,222.9,136.05,2025-08-19,2025-08,2025-10-19,61.0,WELCOME15,True,item_discount,68.0,40.52,1394,meta,meta_ads,False,False,2025-08-19T17:29:42Z
000068cb8bf1,1,22.4,7.699999999999994,2025-07-12,2025-07,,,SUMMER20,False,item_discount,22.4,7.699999999999994,1092,Facebook,meta_ads,False,True,2025-07-12T19:04:23Z
000068db8538,1,52.7,28.33,2026-04-09,2026-04,,,SKINBYJORDAN15,False,item_discount,52.7,28.33,4688,influencer,influencer,False,False,2026-04-09T10:18:40Z
000068f96f55,1,102.08,58.45,2025-09-09,2025-09,,,GLOWWITHSAM12,False,item_discount,102.08,58.45,1570,influencer,influencer,False,True,2025-09-09T02:50:55Z
000068f9701c,2,200.0,134.5,2026-06-09,2026-06,2026-06-28,19.0,,False,no_code,171.0,113.59,5672,google_ads,google_ads,False,True,2026-06-09T00:06:12Z
00006903ccde,3,92.6,63.2,2025-10-21,2025-10,2025-12-19,59.0,,False,no_code,24.0,15.400000000000002,2066,meta,meta_ads,False,True,2025-10-21T19:55:24Z
00006903cda5,1,29.0,7.860000000000002,2026-05-26,2026-05,,,,False,no_code,29.0,7.860000000000002,5458,organic_search,organic_search,False,True,2026-05-26T11:07:59Z
0000690e2a67,1,53.55,28.83,2025-11-09,2025-11,,,WELCOME15,True,item_discount,53.55,28.83,2269,tiktok,tiktok_ads,False,True,2025-11-09T02:10:53Z
0000690e2b2e,1,88.5,34.76,2026-03-14,2026-03,,,SPRING25,False,item_discount,88.5,34.76,4206,influencer,influencer,False,True,2026-03-14T14:47:27Z
0000691887f0,1,30.6,15.709999999999996,2025-12-15,2025-12,,,HOLIDAY15,False,item_discount,30.6,15.709999999999996,3046,,unknown,False,True,2025-12-15T16:43:15Z
0000691888b7,2,57.8,40.059999999999995,2026-02-16,2026-02,2026-03-31,43.0,,False,no_code,38.0,27.15,3881,organic_search,organic_search,False,False,2026-02-16T20:45:31Z
00006922e579,1,56.0,33.14,2026-02-28,2026-02,,,,False,no_code,56.0,33.14,4031,referral,referral,False,True,2026-02-28T21:29:51Z
0000695e0d4e,1,61.0,41.97,2026-06-20,2026-06,,,,False,no_code,61.0,41.97,5873,referral,referral,False,False,2026-06-20T02:36:23Z
000069686a10,1,20.4,13.249999999999996,2025-10-02,2025-10,,,WELCOME15,True,item_discount,20.4,13.249999999999996,1822,Direct,direct,False,True,2025-10-02T17:22:26Z
000069686ad7,1,37.4,18.43,2026-05-16,2026-05,,,FREESHIP+WELCOME15,True,item_discount,37.4,18.43,5321,tiktok,tiktok_ads,False,False,2026-05-16T22:36:49Z
0000696d2bdb,1,35.7,-3.17,2025-11-27,2025-11,,,BFCM30+WELCOME15,True,item_discount,61.88,-3.17,2658,referral,referral,False,True,2025-11-27T22:54:17Z
00006972c799,3,156.4,59.19000000000002,2025-11-26,2025-11,2026-03-26,120.0,BFCM30,False,item_discount,78.4,-27.97,2564,,unknown,False,True,2025-11-26T12:56:12Z
00006972c860,1,16.5,2.989999999999997,2026-03-21,2026-03,,,SPRING25,False,item_discount,16.5,2.989999999999997,4412,referral,referral,False,False,2026-03-21T10:12:29Z
000069778964,1,30.6,21.450000000000006,2025-10-20,2025-10,,,AMELIA10,False,item_discount,30.6,21.450000000000006,2043,influencer,influencer,False,True,2025-10-20T11:47:12Z
0000697d2522,1,117.9,73.88000000000001,2025-12-29,2025-12,,,DERMDIARY10,False,item_discount,117.9,73.88000000000001,3225,influencer,influencer,False,True,2025-12-29T20:17:41Z
0000697d25e9,1,84.0,51.84,2026-02-21,2026-02,,,,False,no_code,84.0,51.84,3933,direct,direct,False,True,2026-02-21T20:17:36Z
00006981e6ed,1,22.0,15.429999999999998,2025-09-02,2025-09,,,,False,no_code,22.0,15.429999999999998,1506,Google,google_ads,True,False,2025-09-02T23:38:18Z
00006982c1a7,1,92.8,49.67,2025-08-08,2025-08,,,SUMMER20,False,item_discount,92.8,49.67,1293,organic_search,organic_search,False,True,2025-08-08T10:15:10Z
0000698782ab,1,30.0,20.230000000000004,2026-02-12,2026-02,,,,False,no_code,30.0,20.230000000000004,3808,google_ads,google_ads,False,True,2026-02-12T00:15:37Z
000069878372,3,92.7,12.279999999999998,2026-01-04,2026-01,2026-02-12,39.0,NEWYEAR20,False,item_discount,67.2,32.27,3299,Facebook,meta_ads,False,True,2026-01-04T15:07:53Z
0000698c4476,1,0.0,-9.260000000000002,2025-07-04,2025-07,,,,False,no_code,34.0,-9.260000000000002,1024,organic_search,organic_search,False,True,2025-07-04T10:01:51Z
0000698d1f30,1,56.0,32.2,2025-10-13,2025-10,,,,False,no_code,56.0,32.2,1959,Influencer,influencer,False,True,2025-10-13T12:31:30Z
00006991e034,1,22.0,14.92,2026-03-11,2026-03,,,,False,no_code,22.0,14.92,4149,google_ads,google_ads,False,False,2026-03-11T14:19:56Z
0000699c3dbd,1,57.8,34.11,2026-04-03,2026-04,,,SKINBYJORDAN15,False,item_discount,57.8,34.11,4590,Influencer,influencer,False,True,2026-04-03T21:01:25Z
000069dc2696,1,26.0,16.24,2025-10-12,2025-10,,,,False,no_code,26.0,16.24,1942,Direct,direct,False,True,2025-09-17T16:00:04Z
000069e1c254,2,220.8,124.57,2025-12-21,2025-12,2026-03-01,70.0,HOLIDAY15,False,item_discount,71.4,40.6,3141,referral,referral,False,False,2025-12-21T20:47:59Z
000069e1c31b,2,173.0,113.19,2026-02-23,2026-02,2026-03-31,36.0,,False,no_code,32.0,21.62,3959,google_ads,google_ads,False,True,2026-02-23T14:35:37Z
000069e6841f,1,57.8,18.39,2025-09-25,2025-09,,,WELCOME15,True,item_discount,95.2,18.39,1737,organic_search,organic_search,False,False,2025-09-25T14:52:02Z
000069ec1fdd,1,78.0,48.64999999999999,2026-02-04,2026-02,,,,False,no_code,78.0,48.64999999999999,3695,IG,meta_ads,True,True,2026-02-04T14:41:16Z
000069ec20a4,1,157.25,97.26,2026-01-12,2026-01,,,WELCOME15,True,item_discount,157.25,97.26,3418,google_ads,google_ads,False,False,2026-01-12T10:35:02Z
000069f0e1a8,1,22.0,15.149999999999997,2025-07-11,2025-07,,,,False,no_code,22.0,15.149999999999997,1080,organic_search,organic_search,False,True,2025-07-11T15:14:18Z
000069f67e2d,2,228.0,143.64,2025-12-11,2025-12,2026-02-08,59.0,,False,no_code,162.0,104.08,2989,organic_search,organic_search,False,True,2025-12-11T09:05:06Z
00006a00daef,2,177.0,115.94999999999999,2026-04-24,2026-04,2026-06-10,47.0,,False,no_code,85.0,54.98,4931,organic_search,organic_search,False,True,2026-04-24T00:39:16Z
00006a00dbb6,1,43.4,25.24,2025-11-30,2025-11,,,BFCM30,False,item_discount,43.4,25.24,2786,tiktok,tiktok_ads,False,True,2025-11-30T10:42:53Z
00006a0b3878,1,38.0,26.68,2026-05-07,2026-05,,,,False,no_code,38.0,26.68,5154,,unknown,False,False,2026-05-07T11:34:43Z
00006a1ec5d3,1,16.15,5.009999999999999,2026-06-17,2026-06,,,WELCOME15,True,item_discount,32.3,5.009999999999999,5826,tiktok,tiktok_ads,False,True,2026-06-17T11:38:30Z
00006a29235c,1,0.0,-10.12,2026-05-02,2026-05,,,GLOWWITHSAM12,False,item_discount,22.88,-10.12,5045,influencer,influencer,False,True,2026-05-02T01:21:29Z
00006a3380e5,2,81.1,48.190000000000005,2026-04-10,2026-04,2026-05-20,40.0,WELCOME15,True,item_discount,28.9,19.370000000000005,4714,organic_search,organic_search,False,False,2026-04-10T15:43:35Z
00006a3dde6e,1,88.0,55.1,2026-03-12,2026-03,,,,False,no_code,88.0,55.1,4168,organic_search,organic_search,False,True,2026-03-12T23:17:22Z
00006a437a2c,1,73.1,38.08,2025-07-30,2025-07,,,WELCOME15,True,item_discount,73.1,38.08,1225,IG,meta_ads,True,True,2025-07-30T00:44:32Z
00006a483bf7,1,36.0,25.6,2026-02-21,2026-02,,,,False,no_code,36.0,25.6,3928,organic_search,organic_search,False,True,2026-02-21T14:12:29Z
00006a4dd7b5,1,26.0,16.330000000000002,2025-09-30,2025-09,,,,False,no_code,26.0,16.330000000000002,1790,meta,meta_ads,False,False,2025-09-30T19:41:15Z
00006a557eda,1,19.2,11.78,2025-07-18,2025-07,,,SUMMER20,False,item_discount,19.2,11.78,1135,TikTok,tiktok_ads,False,False,2025-07-18T21:08:42Z
00006a8dc08e,1,95.2,54.44,2026-05-08,2026-05,,,MOMS15,False,item_discount,95.2,54.44,5174,tiktok,tiktok_ads,False,True,2026-05-08T11:28:12Z
00006a981e17,1,50.15,17.479999999999997,2026-04-25,2026-04,,,WELCOME15,True,item_discount,75.65,17.479999999999997,4948,tiktok,tiktok_ads,False,False,2026-04-25T08:22:43Z
00006aa27ad9,1,28.9,18.33,2025-12-18,2025-12,,,HOLIDAY15,False,item_discount,28.9,18.33,3102,google_ads,google_ads,False,False,2025-12-18T22:52:44Z
00006aa27ba0,2,104.8,64.56,2026-03-22,2026-03,2026-06-16,86.0,,False,no_code,76.0,46.04,4445,meta,meta_ads,False,False,2026-03-22T18:23:20Z
00006aa8175e,1,54.4,28.61,2025-07-19,2025-07,,,SUMMER20,False,item_discount,54.4,28.61,1138,meta,meta_ads,False,False,2025-07-19T07:38:18Z
00006aacd862,2,266.0,161.55,2026-01-29,2026-01,2026-05-16,107.0,,False,no_code,164.0,107.42,3617,direct,direct,False,False,2026-01-29T13:50:20Z
00006aacd929,1,34.0,24.34,2026-02-07,2026-02,,,,False,no_code,34.0,24.34,3729,google_ads,google_ads,False,False,2026-02-07T00:36:22Z
00006ab274e7,2,175.0,113.68,2025-09-16,2025-09,2025-11-12,57.0,,False,no_code,146.0,92.54,1637,referral,referral,False,False,2025-09-16T08:14:29Z
00006ab275ae,1,52.7,23.32,2026-06-04,2026-06,,,WELCOME15,True,item_discount,52.7,23.32,5590,google_ads,google_ads,False,True,2026-06-04T09:51:26Z
00006ab735eb,2,140.0,90.58000000000001,2026-02-23,2026-02,2026-04-17,53.0,,False,no_code,68.0,44.07,3951,direct,direct,False,True,2026-02-23T01:11:05Z
00006ab736b2,1,56.1,31.72,2025-12-26,2025-12,,,WELCOME15,True,item_discount,56.1,31.72,3183,Facebook,meta_ads,False,False,2025-12-26T23:16:43Z
00006abcd270,2,254.0,167.26999999999998,2025-10-22,2025-10,2026-02-05,106.0,,False,no_code,102.0,67.05,2080,organic_search,organic_search,False,False,2025-10-22T18:09:00Z
00006ac19374,1,118.15,67.28,2026-03-21,2026-03,,,WELCOME15,True,item_discount,118.15,67.28,4408,google_ads,google_ads,False,False,2026-03-21T06:47:51Z
00006ac1943b,1,80.75,47.94,2025-11-22,2025-11,,,WELCOME15,True,item_discount,80.75,47.94,2388,organic_search,organic_search,False,True,2025-11-22T20:30:16Z
00006acbf0fd,1,37.4,23.620000000000005,2026-05-31,2026-05,,,WELCOME15,True,item_discount,37.4,23.620000000000005,5537,organic_search,organic_search,False,True,2026-05-31T02:30:43Z
00006b0718d2,1,47.52,29.83,2026-03-13,2026-03,,,GLOWWITHSAM12,False,item_discount,47.519999999999996,29.83,4177,influencer,influencer,False,True,2026-03-13T14:03:45Z
00006b117594,1,0.0,-32.63,2026-01-19,2026-01,,,WELCOME15,True,item_discount,74.8,-32.63,3496,tiktok,tiktok_ads,False,True,2026-01-19T15:49:10Z
00006b11765b,1,38.0,26.87,2026-02-01,2026-02,,,,False,no_code,38.0,26.87,3653,IG,meta_ads,True,True,2026-02-01T16:06:58Z
00006b16375f,1,68.0,35.35999999999999,2025-08-29,2025-08,,,LABORDAY15,False,item_discount,68.0,35.35999999999999,1471,google_ads,google_ads,False,False,2025-08-29T23:52:18Z
00006b1bd31d,1,93.5,33.86,2026-02-13,2026-02,,,WELCOME15,True,item_discount,93.5,33.86,3827,facebook_ads,meta_ads,False,False,2026-02-13T07:13:25Z
00006b1bd3e4,1,34.0,23.250000000000004,2025-12-16,2025-12,,,,False,no_code,34.0,23.250000000000004,3067,google_ads,google_ads,False,True,2025-12-16T17:59:26Z
00006b2630a6,2,278.0,180.18,2026-03-01,2026-03,2026-04-17,47.0,,False,no_code,122.0,76.86000000000001,4042,meta,meta_ads,False,True,2026-03-01T13:11:14Z
00006b26316d,1,0.0,-12.73,2025-11-26,2025-11,,,BFCM30,False,item_discount,30.8,-12.73,2574,Influencer,influencer,False,True,2025-11-26T15:34:05Z
00006b308e2f,1,117.0,68.07000000000001,2026-05-30,2026-05,,,,False,no_code,141.0,68.07000000000001,5532,,unknown,False,False,2026-05-30T14:34:15Z
00006b308ef6,1,28.9,18.36,2025-10-11,2025-10,,,WELCOME15,True,item_discount,28.9,18.36,1927,google_ads,google_ads,False,True,2025-10-11T15:04:21Z
00006b362ab4,1,58.0,33.31,2025-12-17,2025-12,,,,False,no_code,58.0,33.31,3078,,unknown,False,False,2025-12-17T14:20:45Z
00006b3aebb8,1,82.0,54.15,2026-06-28,2026-06,,,,False,no_code,82.0,54.15,6015,direct,direct,False,False,2026-06-28T01:05:06Z
00006b68cfe3,1,29.0,21.06,2025-07-13,2025-07,,,,False,no_code,29.0,21.06,1093,,unknown,False,True,2025-07-13T00:42:49Z
00006b732d6c,1,19.2,12.14,2025-08-12,2025-08,,,SUMMER20,False,item_discount,19.2,12.14,1328,meta,meta_ads,False,True,2025-08-12T13:24:09Z
00006b732e33,1,38.0,26.81,2026-06-26,2026-06,,,,False,no_code,38.0,26.81,5996,referral,referral,False,False,2026-06-26T20:45:31Z
00006b7d8af5,1,28.9,19.26,2025-10-16,2025-10,,,WELCOME15,True,item_discount,28.9,19.26,1992,tiktok,tiktok_ads,False,False,2025-10-16T20:52:36Z
00006b8acdd8,2,108.4,67.92999999999999,2026-03-07,2026-03,2026-05-05,59.0,,False,no_code,22.0,15.199999999999998,4107,google_ads,google_ads,False,False,2026-03-07T01:09:12Z
00006b952b61,1,74.8,42.26,2026-05-06,2026-05,,,MOMS15,False,item_discount,74.8,42.26,5136,influencer,influencer,False,True,2026-05-06T16:11:17Z
00006b952c28,1,24.0,16.34,2025-10-11,2025-10,,,,False,no_code,24.0,16.34,1925,organic_search,organic_search,False,False,2025-10-11T11:40:04Z
00006b9f88ea,1,88.0,52.400000000000006,2026-06-21,2026-06,,,,False,no_code,88.0,52.400000000000006,5903,direct,direct,False,True,2026-06-21T13:47:08Z
00006b9f89b1,3,198.0,121.84,2025-09-12,2025-09,2025-11-06,55.0,,False,no_code,22.0,15.259999999999996,1598,direct,direct,False,True,2025-08-22T01:28:43Z
00006ba9e73a,1,40.8,25.07,2025-07-19,2025-07,,,SUMMER20,False,item_discount,40.8,25.07,1141,google_ads,google_ads,False,True,2025-07-19T12:41:29Z
00006bc7d157,1,27.0,16.76,2026-03-18,2026-03,,,SPRING25,False,item_discount,27.0,16.76,4344,meta,meta_ads,False,True,2026-03-18T23:20:43Z
00006bcd6d15,2,171.2,33.99,2025-07-05,2025-07,2025-07-28,23.0,SUMMER20,False,item_discount,86.4,-39.48,1030,organic_search,organic_search,False,False,2025-07-05T05:06:55Z
00006bd22ee0,1,44.0,30.05,2026-02-10,2026-02,,,,False,no_code,44.0,30.05,3790,facebook_ads,meta_ads,False,True,2026-01-19T01:38:04Z
00006bd7ca9e,1,24.65,17.009999999999994,2025-08-14,2025-08,,,SKINBYJORDAN15,False,item_discount,24.65,17.009999999999994,1347,influencer,influencer,False,False,2025-08-14T11:17:47Z
00006bd7cb65,1,74.8,39.43999999999999,2026-06-26,2026-06,,,WELCOME15,True,item_discount,74.8,39.43999999999999,5990,organic_search,organic_search,False,True,2026-06-26T11:04:07Z
00006bdc8c69,1,124.0,73.61,2026-01-31,2026-01,,,,False,no_code,124.0,73.61,3632,organic_search,organic_search,False,True,2026-01-31T01:43:41Z
00006be22827,1,20.4,7.599999999999995,2025-10-08,2025-10,,,WELCOME15,True,item_discount,20.4,7.599999999999995,1891,organic_search,organic_search,False,True,2025-10-08T21:04:01Z
00006be6e9f2,1,64.4,1.4600000000000009,2025-11-24,2025-11,,,BFCM30,False,item_discount,88.2,1.4600000000000009,2408,meta,meta_ads,False,False,2025-11-24T01:59:24Z
00006bec85b0,2,97.8,59.77,2025-11-29,2025-11,2026-01-29,61.0,BFCM30,False,item_discount,23.8,14.740000000000002,2737,organic_search,organic_search,False,False,2025-11-29T13:19:40Z
00006bf1477b,2,193.41000000000003,103.74000000000001,2025-11-24,2025-11,2026-04-05,132.0,BFCM30+WELCOME15,True,item_discount,70.21000000000001,27.03,2419,influencer,influencer,False,True,2025-11-24T08:20:20Z
00006c36cc12,3,140.8,91.18,2026-02-25,2026-02,2026-04-07,41.0,,False,no_code,38.0,26.87,3976,,unknown,False,True,2026-02-25T02:05:31Z
00006c3c67d0,3,227.0,136.15000000000003,2025-08-07,2025-08,2025-10-06,60.0,SUMMER20,False,item_discount,56.0,28.950000000000003,1290,,unknown,False,True,2025-08-07T18:14:26Z
00006c4128d4,1,88.0,51.330000000000005,2026-02-10,2026-02,,,,False,no_code,88.0,51.330000000000005,3793,organic_search,organic_search,False,False,2026-02-10T12:11:56Z
00006c41299b,2,290.0,187.64,2026-01-13,2026-01,2026-02-20,38.0,,False,no_code,142.0,89.27,3427,direct,direct,False,True,2026-01-13T13:21:01Z
00006c46c559,2,90.7,56.68000000000001,2025-10-29,2025-10,2025-12-22,54.0,,False,no_code,34.0,23.230000000000004,2168,organic_search,organic_search,False,False,2025-10-29T21:49:45Z
00006c46c620,1,49.3,31.879999999999995,2026-05-27,2026-05,,,WELCOME15,True,item_discount,49.3,31.879999999999995,5469,organic_search,organic_search,False,False,2026-05-27T06:33:16Z
00006c4b865d,1,121.5,67.83,2026-03-20,2026-03,,,SPRING25,False,item_discount,121.5,67.83,4393,influencer,influencer,False,True,2026-03-20T20:30:42Z
00006c4b8724,3,197.4,110.11000000000001,2025-11-25,2025-11,2026-01-25,61.0,BFCM30,False,item_discount,56.0,22.63,2465,referral,referral,False,True,2025-11-25T00:27:55Z
00006c5122e2,1,19.6,7.360000000000001,2025-11-27,2025-11,,,BFCM30,False,item_discount,19.6,7.360000000000001,2650,meta,meta_ads,False,False,2025-11-27T20:36:33Z
00006c5123a9,1,30.0,20.07,2026-04-16,2026-04,,,,False,no_code,30.0,20.07,4794,organic_search,organic_search,False,True,2026-04-16T16:25:36Z
00006c55e3e6,1,38.0,26.92,2026-04-10,2026-04,,,,False,no_code,38.0,26.92,4709,direct,direct,False,True,2026-04-10T13:41:42Z
00006c55e4ad,1,79.8,35.97,2025-11-24,2025-11,,,BFCM30,False,item_discount,79.8,35.97,2414,direct,direct,False,False,2025-11-24T04:00:30Z
00006c5b806b,3,62.7,42.279999999999994,2025-12-22,2025-12,2026-03-12,80.0,WELCOME15,True,item_discount,18.7,12.149999999999997,3147,Google,google_ads,True,True,2025-12-22T13:08:14Z
00006c5b8132,1,47.25,31.01,2026-03-18,2026-03,,,SPRING25,False,item_discount,47.25,31.01,4320,tiktok,tiktok_ads,False,False,2026-03-01T05:41:13Z
00006c60416f,1,32.3,13.739999999999998,2026-05-01,2026-05,,,NOURISHED15,False,item_discount,32.3,13.739999999999998,5036,influencer,influencer,False,False,2026-05-01T04:37:01Z
00006c604236,1,24.65,17.049999999999994,2025-10-31,2025-10,,,WELCOME15,True,item_discount,24.65,17.049999999999994,2184,meta,meta_ads,False,False,2025-10-07T19:04:19Z
00006c65ddf4,1,25.2,13.23,2026-01-04,2026-01,,,AMELIA10,False,item_discount,25.2,13.23,3295,influencer,influencer,False,False,2026-01-04T12:23:58Z
00006c6a9ef8,1,56.0,32.34,2026-06-15,2026-06,,,,False,no_code,56.0,32.34,5791,meta,meta_ads,False,True,2026-06-15T06:19:57Z
00006c9883ea,1,72.0,46.64,2026-06-07,2026-06,,,,False,no_code,72.0,46.64,5655,influencer,influencer,False,True,2026-06-07T23:23:30Z
00006ca2e173,1,26.0,16.06,2026-05-28,2026-05,,,,False,no_code,26.0,16.06,5489,IG,meta_ads,True,True,2026-05-28T01:34:22Z
00006cb02456,1,58.8,23.4,2025-11-24,2025-11,,,BFCM30,False,item_discount,58.8,23.4,2450,,unknown,False,False,2025-11-24T19:27:32Z
00006cba8118,2,204.0,131.21,2026-04-22,2026-04,2026-06-28,67.0,,False,no_code,144.0,95.59,4899,direct,direct,False,False,2026-04-22T09:58:11Z
00006cba81df,1,84.0,48.96999999999999,2025-11-13,2025-11,,,,False,no_code,84.0,48.96999999999999,2303,direct,direct,False,True,2025-11-13T01:57:06Z
00006cc4dea1,1,79.2,46.68000000000001,2026-05-15,2026-05,,,AMELIA10,False,item_discount,79.2,46.68000000000001,5298,,unknown,False,True,2026-05-15T14:16:55Z
00006cc4df68,2,66.0,45.42,2025-10-01,2025-10,2025-10-28,27.0,,False,no_code,22.0,15.439999999999996,1801,organic_search,organic_search,False,False,2025-10-01T12:40:33Z
00006ccf3c2a,1,28.0,9.56,2026-06-25,2026-06,,,FREESHIP,False,freeship_only,28.0,9.56,5975,organic_search,organic_search,False,False,2026-06-25T07:59:15Z
00006ccf3cf1,1,29.0,21.290000000000006,2025-08-16,2025-08,,,,False,no_code,29.0,21.290000000000006,1358,influencer,influencer,False,True,2025-08-16T00:02:32Z
00006cfd2055,1,52.8,20.67,2025-08-11,2025-08,,,SUMMER20,False,item_discount,70.4,20.67,1314,direct,direct,False,True,2025-08-11T08:24:03Z
00006cfd211c,1,22.0,13.98,2026-06-10,2026-06,,,,False,no_code,22.0,13.98,5702,meta,meta_ads,False,False,2026-06-10T21:55:49Z
00006d077dde,1,92.0,60.95,2025-09-05,2025-09,,,,False,no_code,92.0,60.95,1529,organic_search,organic_search,False,True,2025-09-05T16:00:48Z
00006d077ea5,2,74.7,44.39999999999999,2026-05-02,2026-05,2026-06-09,38.0,WELCOME15,True,item_discount,18.7,11.919999999999996,5051,organic_search,organic_search,False,True,2026-05-02T10:08:55Z
00006d11db67,4,247.0,158.16,2025-11-14,2025-11,2026-02-12,90.0,,False,no_code,63.0,40.25,2312,organic_search,organic_search,False,False,2025-11-03T01:01:51Z
00006d11dc2e,1,164.05,102.26999999999998,2026-04-14,2026-04,,,NOURISHED15,False,item_discount,164.05,102.26999999999998,4756,influencer,influencer,False,True,2026-04-14T01:43:17Z
00006d1c38f0,2,91.4,56.790000000000006,2025-11-26,2025-11,2026-02-07,73.0,BFCM30,False,item_discount,39.2,21.19,2568,Google,google_ads,True,True,2025-11-26T13:50:25Z
00006d269679,1,28.9,17.84,2025-12-19,2025-12,,,WELCOME15,True,item_discount,28.9,17.84,3114,meta,meta_ads,False,True,2025-12-19T12:45:29Z
00006d33d95c,1,88.0,39.52,2026-06-20,2026-06,,,,False,no_code,88.0,39.52,5889,google_ads,google_ads,False,True,2026-06-20T23:52:07Z
00006d61be4e,1,32.0,21.67,2026-06-08,2026-06,,,,False,no_code,32.0,21.67,5667,meta,meta_ads,False,True,2026-06-08T12:34:23Z
00006d667f52,1,44.0,31.120000000000005,2026-01-09,2026-01,,,,False,no_code,44.0,31.120000000000005,3370,,unknown,False,True,2026-01-09T01:40:44Z
00006d6c1b10,1,63.0,40.260000000000005,2025-09-30,2025-09,,,,False,no_code,63.0,40.260000000000005,1781,referral,referral,False,False,2025-09-30T08:57:06Z
00006d6c1bd7,1,27.2,16.669999999999998,2026-05-04,2026-05,,,MOMS15,False,item_discount,27.2,16.669999999999998,5100,google_ads,google_ads,False,True,2026-05-04T21:45:55Z
00006d70dcdb,1,28.9,19.520000000000003,2025-12-10,2025-12,,,HOLIDAY15,False,item_discount,28.9,19.520000000000003,2975,influencer,influencer,False,True,2025-12-10T02:33:26Z
00006d767899,1,23.8,13.5,2025-11-26,2025-11,,,BFCM30,False,item_discount,23.8,13.5,2573,Facebook,meta_ads,False,False,2025-11-26T15:23:46Z
00006d767960,2,121.0,72.89,2026-04-06,2026-04,2026-05-30,54.0,,False,no_code,22.0,15.13,4630,meta,meta_ads,False,False,2026-04-06T12:26:00Z
00006d7b3a64,1,68.0,41.39,2025-11-05,2025-11,,,,False,no_code,68.0,41.39,2229,tiktok,tiktok_ads,False,False,2025-11-05T15:26:38Z
00006d80d622,1,21.0,5.829999999999999,2025-11-26,2025-11,,,BFCM30+FREESHIP,False,item_discount,21.0,5.829999999999999,2590,Influencer,influencer,False,True,2025-11-26T20:46:41Z
00006d80d6e9,3,338.0,204.58,2026-03-25,2026-03,2026-05-10,46.0,,False,no_code,61.0,36.28,4477,organic_search,organic_search,False,True,2026-03-25T19:51:58Z
00006d8597ed,1,58.08,31.1,2025-10-09,2025-10,,,GLOWWITHSAM12,False,item_discount,58.08,31.1,1896,influencer,influencer,False,True,2025-10-09T03:58:08Z
00006d8b33ab,1,29.0,21.070000000000007,2025-12-07,2025-12,,,,False,no_code,29.0,21.070000000000007,2935,,unknown,False,False,2025-10-27T07:32:43Z
00006d8b3472,1,74.8,44.38,2026-02-27,2026-02,,,NOURISHED15,False,item_discount,74.8,44.38,4001,influencer,influencer,False,False,2026-02-27T01:25:08Z
00006d8ff576,1,28.9,19.65,2025-09-06,2025-09,,,WELCOME15,True,item_discount,28.9,19.65,1537,influencer,influencer,False,False,2025-09-06T11:29:08Z
00006d90d030,1,85.0,49.28,2025-09-25,2025-09,,,,False,no_code,107.0,49.28,1732,google_ads,google_ads,False,True,2025-09-25T08:11:45Z
00006d959134,1,32.3,21.43,2026-02-04,2026-02,,,WELCOME15,True,item_discount,32.3,21.43,3697,organic_search,organic_search,False,True,2026-02-04T17:38:35Z
00006d9a52ff,2,56.7,38.46000000000001,2025-07-24,2025-07,2025-09-14,52.0,AMELIA10,False,item_discount,30.6,20.110000000000003,1179,influencer,influencer,False,True,2025-07-24T05:20:11Z
00006ddfd796,1,23.8,7.980000000000005,2025-11-25,2025-11,,,BFCM30,False,item_discount,44.1,7.980000000000005,2506,IG,meta_ads,True,True,2025-11-25T13:49:37Z
00006de57354,1,147.0,77.75999999999999,2025-11-26,2025-11,,,BFCM30,False,item_discount,147.0,77.75999999999999,2599,organic_search,organic_search,False,False,2025-11-26T23:07:00Z
00006dea3458,1,20.4,12.779999999999996,2026-05-04,2026-05,,,MOMS15,False,item_discount,20.4,12.779999999999996,5095,meta,meta_ads,False,True,2026-05-04T17:47:50Z
00006dea351f,1,36.0,25.44,2025-10-01,2025-10,,,,False,no_code,36.0,25.44,1811,referral,referral,False,True,2025-10-01T19:39:52Z
00006defd0dd,1,57.8,33.06,2025-12-18,2025-12,,,HOLIDAY15,False,item_discount,57.8,33.06,3100,,unknown,False,False,2025-12-18T21:31:32Z
00006df491e1,1,61.2,19.039999999999992,2026-06-07,2026-06,,,WELCOME15,True,item_discount,98.6,19.039999999999992,5653,meta,meta_ads,False,True,2026-06-07T21:07:46Z
00006df492a8,3,179.8,101.88999999999999,2025-09-23,2025-09,2025-11-29,67.0,,False,no_code,92.0,57.73,1714,direct,direct,False,True,2025-09-23T23:09:43Z
00006dfa2e66,1,27.2,17.13,2026-02-01,2026-02,,,WELCOME15,True,item_discount,27.2,17.13,3647,google_ads,google_ads,False,True,2026-02-01T12:04:24Z
00006dfa2f2d,1,40.8,25.78,2026-01-11,2026-01,,,NEWYEAR20,False,item_discount,40.8,25.78,3407,referral,referral,False,True,2026-01-11T20:14:37Z
00006dfef031,1,0.0,-1.8200000000000007,2025-07-12,2025-07,,,WELCOME15,True,item_discount,27.2,-1.8200000000000007,1088,meta,meta_ads,False,True,2025-07-12T15:12:22Z
00006e048bef,3,228.0,148.4,2026-03-20,2026-03,2026-05-18,59.0,,False,no_code,110.0,71.89,4374,organic_search,organic_search,False,True,2026-03-20T03:46:17Z
00006e048cb6,1,69.3,35.61,2025-11-29,2025-11,,,BFCM30,False,item_discount,69.3,35.61,2740,organic_search,organic_search,False,True,2025-11-29T13:48:16Z
00006e0ee978,2,129.2,81.58000000000001,2026-04-11,2026-04,2026-05-21,40.0,,False,no_code,68.0,44.06,4722,google_ads,google_ads,False,True,2026-04-11T04:45:03Z
00006e2cd45c,1,163.2,100.72,2026-06-04,2026-06,,,WELCOME15,True,item_discount,163.2,100.72,5598,google_ads,google_ads,False,False,2026-06-04T14:50:18Z
00006e3731e5,1,29.0,20.630000000000003,2026-05-29,2026-05,,,,False,no_code,29.0,20.630000000000003,5521,Facebook,meta_ads,False,True,2026-05-29T18:28:56Z
00006e418f6e,1,18.7,5.669999999999996,2026-04-18,2026-04,,,WELCOME15,True,item_discount,18.7,5.669999999999996,4829,meta,meta_ads,False,False,2026-04-18T14:20:06Z
00006e4becf7,1,52.7,27.79,2026-03-20,2026-03,,,WELCOME15,True,item_discount,52.7,27.79,4399,influencer,influencer,False,True,2026-03-20T23:53:14Z
00006e592fda,2,220.4,131.94,2025-09-03,2025-09,2025-10-24,51.0,,False,no_code,116.0,71.22,1512,direct,direct,False,True,2025-09-03T16:56:51Z
00006e638d63,1,27.2,16.479999999999997,2025-07-12,2025-07,,,SUMMER20,False,item_discount,27.2,16.479999999999997,1085,facebook_ads,meta_ads,False,True,2025-07-12T06:39:57Z
00006e91718e,1,54.0,30.44,2026-06-21,2026-06,,,,False,no_code,54.0,30.44,5902,google_ads,google_ads,False,False,2026-06-21T12:35:09Z
00006e9bce50,1,68.0,47.09,2025-10-12,2025-10,,,,False,no_code,68.0,47.09,1936,influencer,influencer,False,True,2025-10-12T05:07:34Z
00006e9bcf17,1,88.0,52.260000000000005,2026-05-07,2026-05,,,,False,no_code,88.0,52.260000000000005,5164,influencer,influencer,False,False,2026-05-07T23:53:48Z
00006ea62bd9,1,16.8,9.750000000000002,2025-11-27,2025-11,,,BFCM30,False,item_discount,16.8,9.750000000000002,2659,,unknown,False,True,2025-11-27T23:17:48Z
00006ea62ca0,1,28.9,19.440000000000005,2026-04-02,2026-04,,,SKINBYJORDAN15,False,item_discount,28.9,19.440000000000005,4575,Influencer,influencer,False,True,2026-04-02T16:25:35Z
00006eb08962,1,86.7,49.120000000000005,2025-12-07,2025-12,,,HOLIDAY15,False,item_discount,86.7,49.120000000000005,2947,organic_search,organic_search,False,True,2025-12-07T23:22:13Z
00006eb08a29,3,225.0,143.95,2026-03-21,2026-03,2026-04-17,27.0,,False,no_code,30.0,19.540000000000003,4431,IG,meta_ads,True,True,2026-03-21T23:03:48Z
00006eb625e7,1,34.0,24.11,2025-08-11,2025-08,,,,False,no_code,34.0,24.11,1321,IG,meta_ads,True,False,2025-08-11T21:10:15Z
00006eb626ae,1,94.0,60.93,2026-06-05,2026-06,,,,False,no_code,94.0,60.93,5606,tiktok,tiktok_ads,False,False,2026-06-05T00:12:50Z
00006ebae6eb,2,116.0,75.54,2026-01-20,2026-01,2026-04-22,92.0,,False,no_code,78.0,48.56,3505,organic_search,organic_search,False,True,2026-01-20T10:22:16Z
00006ebae7b2,1,79.05,45.33,2026-01-14,2026-01,,,WELCOME15,True,item_discount,79.05,45.33,3433,organic_search,organic_search,False,True,2026-01-14T02:50:19Z
00006ec08370,2,52.7,34.0,2025-09-25,2025-09,2025-11-25,61.0,SKINBYJORDAN15,False,item_discount,28.9,19.67,1733,Influencer,influencer,False,True,2025-09-25T10:41:51Z
00006ec54474,1,64.0,38.25,2026-03-03,2026-03,,,,False,no_code,64.0,38.25,4064,meta,meta_ads,False,True,2026-03-03T03:15:22Z
00006f0ac9d2,1,59.0,34.39,2026-04-23,2026-04,,,,False,no_code,59.0,34.39,4921,meta,meta_ads,False,False,2026-04-23T12:57:15Z
00006f0f8ad6,2,129.2,77.22,2025-11-14,2025-11,2026-01-09,56.0,,False,no_code,34.0,23.170000000000005,2311,Google,google_ads,True,True,2025-11-14T00:59:41Z
00006f152694,2,18.7,3.4599999999999955,2025-12-22,2025-12,2026-01-18,27.0,SKINBYJORDAN15,False,item_discount,18.7,12.149999999999997,3149,influencer,influencer,False,False,2025-12-22T19:12:05Z
00006f15275b,2,94.5,54.08,2026-03-21,2026-03,2026-04-06,16.0,SPRING25,False,item_discount,58.5,29.18,4407,,unknown,False,True,2026-03-21T02:43:01Z
00006f19e85f,1,32.0,15.540000000000006,2025-09-12,2025-09,,,,False,no_code,32.0,15.540000000000006,1606,direct,direct,False,False,2025-09-12T13:07:22Z
00006f1f841d,2,188.0,117.53000000000002,2026-01-08,2026-01,2026-03-01,52.0,,False,no_code,66.0,40.290000000000006,3360,meta,meta_ads,False,False,2026-01-08T13:23:35Z
00006f1f84e4,1,23.8,11.32,2026-01-19,2026-01,,,WELCOME15,True,item_discount,23.8,11.32,3492,meta,meta_ads,False,True,2026-01-19T13:07:49Z
00006f2445e8,2,95.0,60.910000000000004,2025-08-18,2025-08,2025-10-01,44.0,,False,no_code,29.0,21.080000000000005,1381,google_ads,google_ads,False,True,2025-08-18T21:03:21Z
00006f29e1a6,1,19.5,9.909999999999998,2026-03-19,2026-03,,,SPRING25,False,item_discount,19.5,9.909999999999998,4357,direct,direct,False,False,2026-03-19T13:55:21Z
00006f29e26d,2,74.7,44.51,2025-12-17,2025-12,2026-03-09,82.0,WELCOME15,True,item_discount,18.7,12.089999999999996,3080,meta,meta_ads,False,True,2025-12-17T15:03:40Z
00006f343f2f,3,207.0,130.53,2026-04-09,2026-04,2026-05-14,35.0,,False,no_code,38.0,26.940000000000005,4682,organic_search,organic_search,False,True,2026-04-09T01:43:01Z
00006f343ff6,1,18.7,11.849999999999998,2025-11-29,2025-11,,,WELCOME15,True,item_discount,18.7,11.849999999999998,2729,Facebook,meta_ads,False,False,2025-11-29T10:18:36Z
00006f3e9cb8,1,51.0,11.94,2026-05-08,2026-05,,,FREESHIP+MOMS15,False,item_discount,51.0,11.94,5186,Google,google_ads,True,True,2026-05-08T21:59:56Z
00006f76de6c,1,18.7,11.999999999999998,2025-07-27,2025-07,,,WELCOME15,True,item_discount,18.7,11.999999999999998,1204,direct,direct,False,False,2025-07-23T13:58:23Z
00006f813bf5,3,121.0,81.65,2025-09-12,2025-09,2025-10-30,48.0,,False,no_code,63.0,39.69,1602,google_ads,google_ads,False,False,2025-09-12T07:18:15Z
00006f88e31a,1,27.2,16.36,2025-08-06,2025-08,,,SUMMER20,False,item_discount,27.2,16.36,1275,influencer,influencer,False,False,2025-08-06T00:54:38Z
00006f8e7ed8,1,94.5,51.81,2026-03-20,2026-03,,,SPRING25,False,item_discount,94.5,51.81,4382,organic_search,organic_search,False,False,2026-03-20T11:35:00Z
00006f98dc61,1,95.2,37.85,2026-04-24,2026-04,,,WELCOME15,True,item_discount,95.2,37.85,4938,google_ads,google_ads,False,False,2026-04-24T08:36:10Z
00006fa339ea,1,23.8,11.49,2026-05-04,2026-05,,,MOMS15,False,item_discount,23.8,11.49,5085,Facebook,meta_ads,False,False,2026-05-04T08:01:00Z
00006fad9773,1,38.0,26.690000000000005,2026-06-21,2026-06,,,,False,no_code,38.0,26.690000000000005,5891,referral,referral,False,True,2026-06-21T01:19:21Z
00006fc124ce,1,28.0,15.460000000000004,2026-05-16,2026-05,,,,False,no_code,28.0,15.460000000000004,5315,,unknown,False,True,2026-05-16T12:31:28Z
00006fcb8257,1,37.4,24.28,2026-04-18,2026-04,,,WELCOME15,True,item_discount,37.4,24.28,4825,Google,google_ads,True,False,2026-04-18T10:09:15Z
00006fd5dfe0,2,74.6,51.52000000000001,2026-03-25,2026-03,2026-05-12,48.0,,False,no_code,44.0,30.630000000000003,4482,google_ads,google_ads,False,False,2026-03-25T23:54:23Z
00006fdb7b9e,1,23.12,14.029999999999998,2025-07-14,2025-07,,,SUMMER20+WELCOME15,True,item_discount,23.119999999999997,14.029999999999998,1104,meta,meta_ads,False,True,2025-07-14T02:19:11Z
00006fe03d69,2,280.95,167.04000000000002,2026-02-14,2026-02,2026-05-07,82.0,WELCOME15,True,item_discount,150.45,88.42999999999999,3852,google_ads,google_ads,False,True,2026-02-14T21:03:17Z
00006fe5d927,1,28.9,19.41999999999999,2025-09-29,2025-09,,,WELCOME15,True,item_discount,28.9,19.41999999999999,1772,IG,meta_ads,True,False,2025-09-29T14:19:59Z
00006fe5d9ee,1,57.0,28.550000000000004,2026-06-10,2026-06,,,,False,no_code,57.0,28.550000000000004,5697,organic_search,organic_search,False,True,2026-06-10T16:16:06Z
00006fea9af2,1,28.9,17.970000000000002,2025-12-13,2025-12,,,HOLIDAY15,False,item_discount,28.9,17.970000000000002,3012,meta,meta_ads,False,False,2025-12-13T00:34:50Z
00006ff036b0,2,102.92,59.71000000000001,2025-10-16,2025-10,2026-01-17,93.0,GLOWWITHSAM12,False,item_discount,73.92,39.18,1993,influencer,influencer,False,True,2025-10-16T22:08:37Z
0000703a7d12,1,18.7,11.969999999999995,2026-03-18,2026-03,,,WELCOME15,True,item_discount,18.7,11.969999999999995,4340,organic_search,organic_search,False,True,2026-03-18T20:30:13Z
0000704018d0,3,136.4,83.17000000000002,2025-07-04,2025-07,2025-08-26,53.0,SUMMER20,False,item_discount,23.2,15.29,1026,meta,meta_ads,False,True,2025-07-04T13:21:26Z
00007044d9d4,1,0.0,-7.720000000000001,2026-01-02,2026-01,,,NEWYEAR20,False,item_discount,23.2,-7.720000000000001,3273,Google,google_ads,True,False,2026-01-02T23:11:05Z
00007044da9b,1,23.8,11.24,2026-02-25,2026-02,,,SKINBYJORDAN15,False,item_discount,23.8,11.24,3980,influencer,influencer,False,True,2026-02-25T13:05:52Z
0000704a7659,1,28.9,18.040000000000003,2025-09-17,2025-09,,,WELCOME15,True,item_discount,28.9,18.040000000000003,1651,organic_search,organic_search,False,True,2025-09-17T13:09:59Z
0000704f375d,1,51.0,26.91,2026-02-25,2026-02,,,WELCOME15,True,item_discount,51.0,26.91,3986,referral,referral,False,True,2026-02-25T22:49:42Z
0000704f3824,1,29.0,21.290000000000006,2025-12-13,2025-12,,,,False,no_code,29.0,21.290000000000006,3014,meta,meta_ads,False,True,2025-12-13T05:10:02Z
00007054d3e2,1,66.0,40.21,2025-10-13,2025-10,,,,False,no_code,66.0,40.21,1951,facebook_ads,meta_ads,False,True,2025-10-13T00:21:44Z
00007054d4a9,1,107.0,70.39,2026-05-13,2026-05,,,,False,no_code,107.0,70.39,5267,meta,meta_ads,False,True,2026-05-13T16:11:43Z
0000705994e6,1,27.2,16.06,2026-03-29,2026-03,,,WELCOME15,True,item_discount,27.2,16.06,4528,meta,meta_ads,False,True,2026-03-29T07:44:21Z
0000705995ad,3,343.40000000000003,209.04000000000002,2025-11-24,2025-11,2026-02-05,73.0,BFCM30,False,item_discount,23.8,14.920000000000002,2435,referral,referral,False,False,2025-11-24T14:28:00Z
0000705f316b,1,106.4,53.87,2025-11-24,2025-11,,,BFCM30,False,item_discount,106.4,53.87,2432,organic_search,organic_search,False,False,2025-11-24T12:33:06Z
0000705f3232,1,24.0,15.100000000000003,2026-04-05,2026-04,,,,False,no_code,24.0,15.100000000000003,4612,meta,meta_ads,False,False,2026-04-05T00:05:31Z
00007063f26f,1,149.0,89.60000000000001,2026-04-01,2026-04,,,,False,no_code,149.0,89.60000000000001,4559,tiktok,tiktok_ads,False,True,2026-04-01T02:07:48Z
00007063f336,1,70.0,33.86,2025-11-27,2025-11,,,BFCM30,False,item_discount,70.0,33.86,2649,TikTok,tiktok_ads,False,True,2025-11-27T19:34:37Z
000070698ef4,1,0.0,-10.18,2025-12-13,2025-12,,,,False,no_code,36.0,-10.18,3010,direct,direct,False,True,2025-12-13T00:11:11Z
0000706e4ff8,1,52.0,24.050000000000004,2026-05-16,2026-05,,,,False,no_code,52.0,24.050000000000004,5318,tiktok,tiktok_ads,False,True,2026-05-16T15:04:26Z
000070b3d556,1,56.1,29.2,2025-12-27,2025-12,,,WELCOME15,True,item_discount,56.1,29.2,3191,direct,direct,False,True,2025-12-16T12:16:17Z
000070b8965a,2,152.0,45.97,2025-07-15,2025-07,2025-08-12,28.0,FREESHIP,False,freeship_only,28.0,-4.449999999999999,1111,organic_search,organic_search,False,False,2025-07-15T10:10:53Z
000070be3218,1,22.5,8.090000000000003,2026-03-21,2026-03,,,SPRING25,False,item_discount,22.5,8.090000000000003,4415,tiktok,tiktok_ads,False,True,2026-03-21T11:47:22Z
000070be32df,1,49.98,20.450000000000003,2025-11-24,2025-11,,,BFCM30+WELCOME15,True,item_discount,49.98,20.450000000000003,2455,influencer,influencer,False,True,2025-11-24T21:56:17Z
000070c88fa1,1,0.0,-35.87,2026-04-17,2026-04,,,WELCOME15,True,item_discount,74.8,-35.87,4820,meta,meta_ads,False,False,2026-04-17T23:40:37Z
000070d2ed2a,1,28.9,18.969999999999995,2026-05-16,2026-05,,,WELCOME15,True,item_discount,28.9,18.969999999999995,5310,direct,direct,False,True,2026-05-16T06:36:24Z
000070d2edf1,1,66.3,37.88,2025-09-02,2025-09,,,LABORDAY15,False,item_discount,66.3,37.88,1504,,unknown,False,True,2025-09-02T17:18:06Z
000070dd4ab3,1,30.0,20.03,2026-06-21,2026-06,,,,False,no_code,30.0,20.03,5896,organic_search,organic_search,False,True,2026-06-21T03:30:24Z
000070dd4b7a,1,54.4,29.989999999999995,2025-08-03,2025-08,,,SUMMER20,False,item_discount,54.4,29.989999999999995,1257,direct,direct,False,False,2025-08-03T00:37:31Z
0000710b2ede,1,94.35,54.61,2025-08-17,2025-08,,,WELCOME15,True,item_discount,94.35,54.61,1372,direct,direct,False,True,2025-08-17T15:36:54Z
0000710b2fa5,1,88.0,49.38,2026-06-04,2026-06,,,,False,no_code,88.0,49.38,5602,influencer,influencer,False,True,2026-06-04T18:39:37Z
000071158c67,2,100.3,46.690000000000005,2025-10-14,2025-10,2025-12-18,65.0,WELCOME15,True,item_discount,100.3,56.2,1978,influencer,influencer,False,True,2025-10-14T15:24:46Z
000071158d2e,1,28.9,2.5799999999999965,2026-05-27,2026-05,,,WELCOME15,True,item_discount,56.1,2.5799999999999965,5481,referral,referral,False,False,2026-05-27T16:41:56Z
0000711fe9f0,2,77.0,50.67,2025-11-02,2025-11,2026-01-02,61.0,WELCOME15,True,item_discount,37.4,24.72,2201,google_ads,google_ads,False,True,2025-11-02T13:29:25Z
0000712d2cd3,2,116.6,72.13,2026-04-02,2026-04,2026-05-14,42.0,,False,no_code,32.0,21.33,4567,Facebook,meta_ads,False,False,2026-04-02T02:22:48Z
000071378a5c,2,56.2,38.43000000000001,2026-05-15,2026-05,2026-06-12,28.0,,False,no_code,22.0,15.249999999999998,5300,meta,meta_ads,False,True,2026-05-15T17:22:59Z
00007141e7e5,1,34.0,24.33,2026-06-23,2026-06,,,,False,no_code,34.0,24.33,5945,google_ads,google_ads,False,True,2026-06-23T13:42:58Z
0000716a3052,2,187.0,120.17999999999999,2026-02-17,2026-02,2026-03-31,42.0,,False,no_code,153.0,95.85,3887,organic_search,organic_search,False,True,2026-02-17T14:50:07Z
0000716fcc10,2,105.9,53.790000000000006,2025-08-16,2025-08,2025-12-11,117.0,FREESHIP,False,freeship_only,26.0,10.16,1359,,unknown,False,False,2025-08-08T01:53:14Z
0000716fccd7,1,27.2,17.18,2026-06-29,2026-06,,,WELCOME15,True,item_discount,27.2,17.18,6045,organic_search,organic_search,False,False,2026-06-29T17:41:34Z
000071748d14,1,0.0,-35.28,2026-02-03,2026-02,,,WELCOME15,True,item_discount,74.8,-35.28,3687,Facebook,meta_ads,False,True,2026-02-03T22:29:29Z
000071748ddb,3,345.0,224.10000000000002,2026-01-04,2026-01,2026-02-06,33.0,,False,no_code,106.0,65.24000000000001,3289,direct,direct,False,False,2026-01-04T01:15:46Z
0000717a2999,1,44.0,30.950000000000003,2025-10-04,2025-10,,,,False,no_code,44.0,30.950000000000003,1846,meta,meta_ads,False,True,2025-10-04T22:26:41Z
0000717a2a60,1,38.0,19.68,2026-05-27,2026-05,,,,False,no_code,38.0,19.68,5486,Influencer,influencer,False,True,2026-05-27T21:04:46Z
0000717eeb64,1,61.0,36.370000000000005,2025-12-14,2025-12,,,,False,no_code,61.0,36.370000000000005,3035,Direct,direct,False,False,2025-12-14T16:39:32Z
000071848722,1,53.2,23.15,2025-11-25,2025-11,,,BFCM30,False,item_discount,53.2,23.15,2487,direct,direct,False,True,2025-11-25T09:30:22Z
0000718487e9,1,18.7,11.619999999999996,2026-04-07,2026-04,,,WELCOME15,True,item_discount,18.7,11.619999999999996,4654,meta,meta_ads,False,False,2026-04-07T14:54:59Z
0000718948ed,1,47.6,30.33,2025-11-28,2025-11,,,BFCM30,False,item_discount,47.6,30.33,2683,meta,meta_ads,False,False,2025-11-28T12:08:41Z
0000718ee4ab,1,22.4,12.779999999999998,2025-11-29,2025-11,,,BFCM30,False,item_discount,22.4,12.779999999999998,2717,influencer,influencer,False,True,2025-11-29T02:38:59Z
0000718ee572,2,83.5,45.28,2026-03-14,2026-03,2026-04-20,37.0,SPRING25,False,item_discount,25.5,10.880000000000004,4205,referral,referral,False,True,2026-03-14T14:39:22Z
00007193a676,1,70.0,42.07000000000001,2025-10-07,2025-10,,,,False,no_code,70.0,42.07000000000001,1874,influencer,influencer,False,True,2025-10-07T09:08:28Z
000071994234,1,20.8,11.3,2026-01-10,2026-01,,,NEWYEAR20,False,item_discount,20.8,11.3,3384,direct,direct,False,True,2026-01-10T00:15:18Z
000071dec6cb,1,168.0,106.69,2025-10-19,2025-10,,,,False,no_code,168.0,106.69,2023,meta,meta_ads,False,True,2025-10-19T10:12:38Z
000071e38896,1,20.3,12.550000000000002,2025-12-01,2025-12,,,BFCM30,False,item_discount,20.3,12.550000000000002,2851,referral,referral,False,True,2025-12-01T14:10:41Z
000071e92454,2,153.4,54.459999999999994,2025-11-28,2025-11,2026-01-06,39.0,BFCM30,False,item_discount,124.6,39.74999999999999,2711,tiktok,tiktok_ads,False,True,2025-11-28T22:35:12Z
000071ede558,1,32.3,21.4,2026-04-22,2026-04,,,WELCOME15,True,item_discount,32.3,21.4,4900,google_ads,google_ads,False,True,2026-04-22T10:53:11Z
000071ede61f,1,0.0,-7.550000000000001,2025-11-27,2025-11,,,BFCM30,False,item_discount,20.3,-7.550000000000001,2623,organic_search,organic_search,False,True,2025-11-27T12:25:31Z
000071f381dd,1,106.4,44.87,2025-11-25,2025-11,,,BFCM30,False,item_discount,121.8,44.87,2493,,unknown,False,False,2025-11-25T11:01:40Z
000071f842e1,1,86.0,53.38999999999999,2026-05-16,2026-05,,,,False,no_code,86.0,53.38999999999999,5305,organic_search,organic_search,False,True,2026-05-11T01:23:13Z
000071f843a8,1,18.7,12.239999999999997,2025-10-21,2025-10,,,WELCOME15,True,item_discount,18.7,12.239999999999997,2061,Facebook,meta_ads,False,False,2025-10-21T12:07:58Z
000071fddf66,1,29.0,6.630000000000003,2026-01-07,2026-01,,,,False,no_code,55.0,6.630000000000003,3345,influencer,influencer,False,False,2026-01-07T11:39:44Z
00007202a06a,1,34.0,24.12,2026-06-16,2026-06,,,,False,no_code,34.0,24.12,5811,google_ads,google_ads,False,False,2026-06-16T11:58:41Z
000072083cef,2,140.39999999999998,72.14,2026-02-03,2026-02,2026-03-29,54.0,WELCOME15,True,item_discount,88.4,47.99,3680,direct,direct,False,True,2026-02-03T12:21:45Z
0000720cfeba,1,28.9,17.900000000000002,2025-07-13,2025-07,,,WELCOME15,True,item_discount,28.9,17.900000000000002,1098,meta,meta_ads,False,True,2025-07-13T09:12:35Z
000072129a78,1,57.8,34.11,2026-03-24,2026-03,,,WELCOME15,True,item_discount,57.8,34.11,4458,,unknown,False,True,2026-03-24T02:26:07Z
0000723ae2e5,1,18.7,12.019999999999998,2026-06-24,2026-06,,,WELCOME15,True,item_discount,18.7,12.019999999999998,5962,Facebook,meta_ads,False,False,2026-06-24T11:26:10Z
00007245406e,2,86.3,55.78,2026-05-28,2026-05,2026-06-29,32.0,WELCOME15,True,item_discount,32.3,20.98,5487,meta,meta_ads,False,False,2026-05-28T00:38:32Z
000072528351,2,73.7,33.459999999999994,2025-11-10,2025-11,2025-12-19,39.0,WELCOME15,True,item_discount,47.6,21.88,2282,meta,meta_ads,False,False,2025-11-10T11:19:28Z
0000725ce0da,1,20.4,12.999999999999996,2025-10-10,2025-10,,,WELCOME15,True,item_discount,20.4,12.999999999999996,1910,organic_search,organic_search,False,False,2025-10-10T04:34:01Z
000072673d9c,1,54.400000000000006,15.1,2026-06-08,2026-06,,,WELCOME15,True,item_discount,85.0,15.1,5669,facebook_ads,meta_ads,False,False,2026-06-08T14:55:30Z
000072673e63,1,88.0,46.400000000000006,2025-08-11,2025-08,,,SUMMER20,False,item_discount,88.0,46.400000000000006,1323,meta,meta_ads,False,True,2025-08-11T22:43:48Z
000072719bec,2,136.0,83.78,2025-07-09,2025-07,2025-09-05,58.0,,False,no_code,110.0,67.41,1061,direct,direct,False,False,2025-07-09T12:20:43Z
0000729f7f50,1,34.0,23.26,2025-09-20,2025-09,,,,False,no_code,34.0,23.26,1683,meta,meta_ads,False,False,2025-09-20T02:55:05Z
0000729f8017,1,30.0,20.03,2026-06-14,2026-06,,,,False,no_code,30.0,20.03,5776,google_ads,google_ads,False,True,2026-06-14T14:32:15Z
000072a9dcd9,4,347.2,216.73000000000002,2025-10-17,2025-10,2025-12-05,49.0,,False,no_code,80.0,49.55,2001,meta,meta_ads,False,True,2025-10-17T12:46:02Z
000072a9dda0,1,38.0,20.11,2026-05-07,2026-05,,,,False,no_code,38.0,20.11,5146,organic_search,organic_search,False,False,2026-05-07T00:45:23Z
000072b43a62,2,144.6,72.10000000000001,2025-11-30,2025-11,2026-01-02,33.0,BFCM30,False,item_discount,77.0,16.44,2822,organic_search,organic_search,False,False,2025-11-30T21:55:29Z
000072b43b29,1,37.4,24.25,2026-03-23,2026-03,,,WELCOME15,True,item_discount,37.4,24.25,4450,organic_search,organic_search,False,False,2026-03-23T06:47:51Z
000072be97eb,2,122.5,78.78999999999999,2025-12-10,2025-12,2026-02-08,60.0,WELCOME15,True,item_discount,25.5,16.08,2981,Facebook,meta_ads,False,True,2025-12-10T15:56:24Z
000072be98b2,3,285.5,188.46,2026-02-18,2026-02,2026-03-17,27.0,,False,no_code,100.0,65.34,3890,Facebook,meta_ads,False,True,2026-02-18T00:22:07Z
000072c43470,1,20.8,4.629999999999997,2025-08-04,2025-08,,,SUMMER20,False,item_discount,20.8,4.629999999999997,1270,direct,direct,False,False,2025-08-04T18:24:53Z
000072c8f574,2,56.0,24.900000000000006,2026-02-08,2026-02,2026-03-17,37.0,WELCOME15,True,item_discount,27.2,11.29,3750,referral,referral,False,False,2026-01-05T00:39:13Z
000073041d49,1,32.3,21.49,2026-06-19,2026-06,,,WELCOME15,True,item_discount,32.3,21.49,5858,meta,meta_ads,False,True,2026-06-19T14:42:36Z
0000730e7ad2,1,23.8,11.12,2026-04-24,2026-04,,,WELCOME15,True,item_discount,23.8,11.12,4936,TikTok,tiktok_ads,False,False,2026-04-24T06:56:09Z
000073133bd6,1,98.0,49.88,2025-11-27,2025-11,,,BFCM30,False,item_discount,98.0,49.88,2638,influencer,influencer,False,False,2025-11-27T15:39:49Z
00007318d794,1,58.8,24.82,2025-11-29,2025-11,,,BFCM30,False,item_discount,58.8,24.82,2759,,unknown,False,False,2025-11-29T20:48:10Z
00007318d85b,1,186.0,120.63,2026-03-14,2026-03,,,,False,no_code,186.0,120.63,4216,organic_search,organic_search,False,True,2026-03-14T21:19:04Z
0000731d9898,1,51.85,15.46,2026-05-05,2026-05,,,MOMS15,False,item_discount,89.25,15.46,5122,TikTok,tiktok_ads,False,False,2026-04-22T22:44:04Z
0000731d995f,4,268.0,115.58,2025-10-15,2025-10,2025-12-16,62.0,,False,no_code,96.0,46.28,1984,referral,referral,False,True,2025-10-15T12:56:16Z
00007323351d,3,224.0,140.61,2025-12-05,2025-12,2026-01-25,51.0,,False,no_code,56.0,33.56,2920,,unknown,False,False,2025-12-05T23:22:10Z
0000732335e4,1,70.0,42.28,2026-02-19,2026-02,,,,False,no_code,70.0,42.28,3909,organic_search,organic_search,False,True,2026-02-19T23:44:30Z
00007327f621,1,61.2,36.0,2026-06-08,2026-06,,,WELCOME15,True,item_discount,61.2,36.0,5664,tiktok,tiktok_ads,False,False,2026-06-08T09:21:26Z
00007327f6e8,3,158.0,98.51,2025-09-08,2025-09,2025-10-27,49.0,,False,no_code,56.0,32.18,1561,organic_search,organic_search,False,False,2025-09-08T07:17:38Z
0000732d92a6,2,63.0,45.040000000000006,2026-02-02,2026-02,2026-04-24,81.0,,False,no_code,34.0,24.52,3665,facebook_ads,meta_ads,False,True,2026-02-02T13:10:31Z
0000732d936d,1,140.8,83.14999999999999,2026-01-02,2026-01,,,NEWYEAR20,False,item_discount,140.8,83.14999999999999,3269,meta,meta_ads,False,False,2026-01-02T19:27:00Z
000073325471,1,25.6,15.83,2025-07-29,2025-07,,,SUMMER20,False,item_discount,25.6,15.83,1220,meta,meta_ads,False,False,2025-07-29T12:30:34Z
00007337f02f,1,79.48,29.51,2026-03-21,2026-03,,,NOURISHED15+WELCOME15,True,item_discount,106.93,29.51,4409,influencer,influencer,False,True,2026-03-21T07:19:25Z
00007337f0f6,1,78.19999999999999,44.38999999999999,2025-12-14,2025-12,,,HOLIDAY15,False,item_discount,78.2,44.38999999999999,3027,meta,meta_ads,False,True,2025-12-14T02:19:54Z
000073424db8,1,38.0,26.940000000000005,2026-04-17,2026-04,,,,False,no_code,38.0,26.940000000000005,4812,tiktok,tiktok_ads,False,True,2026-04-17T15:52:54Z
00007387d24f,1,88.4,51.58,2025-12-21,2025-12,,,WELCOME15,True,item_discount,88.4,51.58,3140,tiktok,tiktok_ads,False,True,2025-12-21T16:51:46Z
0000738c941a,1,36.0,25.31,2025-09-29,2025-09,,,,False,no_code,36.0,25.31,1774,organic_search,organic_search,False,True,2025-09-29T16:56:25Z
000073922fd8,1,138.54999999999998,74.6,2026-02-11,2026-02,,,WELCOME15,True,item_discount,165.75,74.6,3802,IG,meta_ads,True,False,2026-02-11T15:08:52Z
00007396f1a3,1,35.2,22.370000000000005,2025-07-19,2025-07,,,SUMMER20,False,item_discount,35.2,22.370000000000005,1149,organic_search,organic_search,False,True,2025-07-19T21:42:57Z
0000739c8d61,2,47.5,30.99,2026-03-02,2026-03,2026-05-24,83.0,WELCOME15,True,item_discount,25.5,15.859999999999998,4061,google_ads,google_ads,False,True,2026-03-02T22:36:19Z
000073a6eaea,1,19.8,12.94,2026-04-19,2026-04,,,DERMDIARY10,False,item_discount,19.8,12.94,4837,,unknown,False,True,2026-04-19T02:38:38Z
000073b14873,1,86.7,48.8,2026-05-07,2026-05,,,MOMS15,False,item_discount,86.7,48.8,5143,google_ads,google_ads,False,False,2026-05-07T00:12:54Z
000073c4d5ce,1,151.3,70.22,2026-06-07,2026-06,,,WELCOME15,True,item_discount,151.3,70.22,5647,Facebook,meta_ads,False,False,2026-06-07T13:57:55Z
000073cf3290,3,215.4,117.51,2025-10-20,2025-10,2025-12-06,47.0,,False,no_code,80.0,25.43,2044,Google,google_ads,True,True,2025-10-20T12:08:01Z
000073cf3357,1,32.3,21.31,2026-05-25,2026-05,,,WELCOME15,True,item_discount,32.3,21.31,5448,direct,direct,False,True,2026-05-25T20:07:04Z
000073d990e0,1,20.4,11.269999999999994,2026-04-08,2026-04,,,WELCOME15,True,item_discount,20.4,11.269999999999994,4668,organic_search,organic_search,False,True,2026-04-08T09:21:11Z
000073e3ee69,1,87.0,39.010000000000005,2026-03-19,2026-03,,,SPRING25,False,item_discount,87.0,39.010000000000005,4368,meta,meta_ads,False,True,2026-03-19T23:00:42Z
000073e98a27,1,34.0,24.54,2025-07-15,2025-07,,,,False,no_code,34.0,24.54,1113,direct,direct,False,False,2025-07-15T14:39:51Z
000073ee4bf2,3,124.3,69.62,2026-02-03,2026-02,2026-04-11,67.0,WELCOME15,True,item_discount,32.3,21.130000000000003,3682,meta,meta_ads,False,False,2026-02-03T14:49:08Z
000073f3e7b0,1,34.0,23.320000000000004,2025-09-19,2025-09,,,,False,no_code,34.0,23.320000000000004,1675,tiktok,tiktok_ads,False,True,2025-09-19T13:28:17Z
000073fb8ed5,2,80.0,46.21,2025-07-19,2025-07,2025-10-25,98.0,,False,no_code,26.0,16.34,1148,referral,referral,False,True,2025-07-19T21:18:11Z
0000743e2e12,1,16.83,9.659999999999997,2026-04-02,2026-04,,,AMELIA10+WELCOME15,True,item_discount,16.83,9.659999999999997,4573,,unknown,False,False,2026-04-02T14:34:31Z
000074488ad4,1,62.9,35.17999999999999,2025-12-19,2025-12,,,HOLIDAY15,False,item_discount,62.9,35.17999999999999,3117,direct,direct,False,True,2025-12-19T17:07:48Z
000074488b9b,1,27.2,17.099999999999998,2026-03-27,2026-03,,,WELCOME15,True,item_discount,27.2,17.099999999999998,4498,meta,meta_ads,False,True,2026-02-14T03:57:16Z
0000744e2759,1,26.1,18.020000000000007,2025-07-27,2025-07,,,AMELIA10,False,item_discount,26.1,18.020000000000007,1209,,unknown,False,False,2025-07-27T20:23:02Z
00007452e85d,2,121.1,73.81,2026-01-03,2026-01,2026-02-07,35.0,,False,no_code,68.0,43.14,3274,direct,direct,False,True,2026-01-03T01:10:21Z
00007452e924,3,194.0,122.86000000000001,2026-01-18,2026-01,2026-03-30,71.0,,False,no_code,94.0,59.7,3474,Influencer,influencer,False,True,2026-01-18T05:48:30Z
0000745884e2,1,71.4,36.71,2025-09-02,2025-09,,,LABORDAY15,False,item_discount,71.4,36.71,1500,organic_search,organic_search,False,False,2025-09-02T11:09:50Z
0000745d45e6,1,0.0,-13.72,2026-02-11,2026-02,,,,False,no_code,44.0,-13.72,3804,referral,referral,False,False,2026-02-06T19:30:21Z
0000745d46ad,1,32.0,16.480000000000004,2025-12-01,2025-12,,,,False,no_code,32.0,16.480000000000004,2843,Facebook,meta_ads,False,True,2025-12-01T06:41:10Z
00007462e26b,1,34.0,23.3,2025-10-02,2025-10,,,,False,no_code,34.0,23.3,1819,,unknown,False,False,2025-10-02T15:13:26Z
00007467a36f,2,74.4,43.0,2026-03-19,2026-03,2026-06-14,87.0,WELCOME15,True,item_discount,20.4,12.969999999999995,4370,organic_search,organic_search,False,False,2026-03-19T23:46:09Z
00007467a436,1,71.4,6.450000000000006,2025-11-28,2025-11,,,BFCM30,False,item_discount,102.2,6.450000000000006,2667,meta,meta_ads,False,True,2025-11-28T03:04:52Z
0000746d3ff4,1,23.8,9.02,2025-11-30,2025-11,,,BFCM30,False,item_discount,23.8,9.02,2798,google_ads,google_ads,False,False,2025-11-30T15:08:25Z
0000747200f8,1,50.0,22.67,2026-05-08,2026-05,,,,False,no_code,50.0,22.67,5165,Facebook,meta_ads,False,False,2026-05-08T00:23:07Z
000074ad28cd,1,63.0,29.62,2026-03-18,2026-03,,,SPRING25,False,item_discount,63.0,29.62,4330,facebook_ads,meta_ads,False,True,2026-03-18T11:42:03Z
000074b78656,1,0.0,-28.85,2026-01-07,2026-01,,,NEWYEAR20,False,item_discount,96.0,-28.85,3348,IG,meta_ads,True,True,2026-01-07T17:48:19Z
000074bc475a,2,121.30000000000001,79.89000000000001,2025-08-15,2025-08,2025-10-01,47.0,,False,no_code,34.0,24.54,1355,google_ads,google_ads,False,True,2025-08-15T11:55:32Z
000074c1e318,3,207.5,124.78999999999999,2026-02-01,2026-02,2026-03-24,51.0,WELCOME15,True,item_discount,20.4,12.969999999999995,3646,organic_search,organic_search,False,False,2026-02-01T11:24:35Z
000074c1e3df,1,110.0,69.27,2025-12-16,2025-12,,,,False,no_code,110.0,69.27,3061,meta,meta_ads,False,True,2025-12-16T12:04:49Z
000074cc40a1,1,30.6,19.950000000000003,2026-03-25,2026-03,,,WELCOME15,True,item_discount,30.6,19.950000000000003,4475,meta,meta_ads,False,True,2026-03-25T17:56:53Z
000074cc4168,1,44.0,20.440000000000005,2025-11-28,2025-11,,,,False,no_code,44.0,20.440000000000005,2675,meta,meta_ads,False,False,2025-11-28T07:43:45Z
000074d69e2a,1,89.10000000000001,54.61000000000001,2026-05-24,2026-05,,,AMELIA10,False,item_discount,89.1,54.61000000000001,5431,influencer,influencer,False,True,2026-05-24T20:20:24Z
000074d69ef1,1,44.0,26.23,2025-10-19,2025-10,,,,False,no_code,44.0,26.23,2033,IG,meta_ads,True,True,2025-10-19T17:42:01Z
000074e0fbb3,1,38.0,26.730000000000004,2026-06-26,2026-06,,,,False,no_code,38.0,26.730000000000004,5992,direct,direct,False,False,2026-06-26T14:31:45Z
0000750edfde,1,84.0,49.24999999999999,2025-07-08,2025-07,,,,False,no_code,84.0,49.24999999999999,1043,meta,meta_ads,False,False,2025-07-08T00:41:54Z
000075193d67,1,23.2,15.42,2025-08-13,2025-08,,,SUMMER20,False,item_discount,23.2,15.42,1333,meta,meta_ads,False,False,2025-08-13T10:03:34Z
000075193e2e,1,36.0,25.480000000000004,2026-06-12,2026-06,,,,False,no_code,36.0,25.480000000000004,5741,meta,meta_ads,False,True,2026-06-12T16:23:16Z
000075239af0,1,0.0,-35.85,2025-10-13,2025-10,,,,False,no_code,84.0,-35.85,1961,Facebook,meta_ads,False,True,2025-10-13T15:20:09Z
00007530ddd3,1,34.0,24.28,2026-04-02,2026-04,,,,False,no_code,34.0,24.28,4574,,unknown,False,True,2026-04-02T15:14:21Z
0000753b3b5c,2,49.0,23.93,2026-05-10,2026-05,2026-06-18,39.0,MOMS15,False,item_discount,23.8,11.28,5215,tiktok,tiktok_ads,False,False,2026-05-10T16:42:56Z
0000754598e5,1,38.0,26.9,2026-06-22,2026-06,,,,False,no_code,38.0,26.9,5920,direct,direct,False,True,2026-06-22T02:01:57Z
0000756de152,2,219.0,145.85,2026-03-22,2026-03,2026-05-02,41.0,,False,no_code,183.0,120.53,4435,meta,meta_ads,False,True,2026-03-22T02:51:19Z
000075737d10,1,122.0,76.74,2025-07-09,2025-07,,,,False,no_code,122.0,76.74,1065,,unknown,False,False,2025-07-09T18:48:30Z
000075783e14,1,57.8,32.669999999999995,2025-12-07,2025-12,,,WELCOME15,True,item_discount,57.8,32.669999999999995,2944,Facebook,meta_ads,False,True,2025-12-07T19:09:38Z
0000757dda99,4,181.1,109.78000000000002,2025-08-23,2025-08,2025-10-10,48.0,,False,no_code,58.0,33.410000000000004,1417,google_ads,google_ads,False,False,2025-08-23T04:50:51Z
0000757ddb60,1,105.0,65.99,2026-06-13,2026-06,,,,False,no_code,105.0,65.99,5752,meta,meta_ads,False,False,2026-06-13T01:16:03Z
000075829b9d,1,38.0,26.99,2026-02-27,2026-02,,,,False,no_code,38.0,26.99,4009,meta,meta_ads,False,True,2026-02-27T14:25:13Z
000075829c64,1,30.0,20.020000000000003,2026-01-26,2026-01,,,,False,no_code,30.0,20.020000000000003,3577,Facebook,meta_ads,False,True,2026-01-26T02:24:50Z
000075883822,1,58.0,33.45,2025-10-28,2025-10,,,,False,no_code,58.0,33.45,2159,meta,meta_ads,False,False,2025-10-28T21:49:06Z
0000758838e9,1,88.39999999999999,51.74,2026-05-25,2026-05,,,WELCOME15,True,item_discount,88.4,51.74,5442,google_ads,google_ads,False,True,2026-05-25T13:59:46Z
0000758cf9ed,1,0.0,-12.6,2025-11-28,2025-11,,,BFCM30,False,item_discount,30.8,-12.6,2690,direct,direct,False,False,2025-11-28T13:54:42Z
0000759295ab,2,107.8,52.27,2025-11-24,2025-11,2025-12-09,15.0,BFCM30,False,item_discount,44.8,12.9,2407,google_ads,google_ads,False,False,2025-11-24T01:36:13Z
000075975776,3,128.4,60.78999999999999,2025-11-26,2025-11,2026-01-28,63.0,BFCM30,False,item_discount,78.4,30.559999999999995,2550,google_ads,google_ads,False,True,2025-11-26T07:02:24Z
0000759cf334,1,95.2,56.66,2025-12-10,2025-12,,,HOLIDAY15,False,item_discount,95.2,56.66,2972,organic_search,organic_search,False,True,2025-12-09T23:58:29Z
000075dcdc0d,2,103.0,66.28,2026-02-04,2026-02,2026-03-27,51.0,,False,no_code,76.0,49.15,3690,,unknown,False,True,2026-02-04T04:06:10Z
000075e277cb,2,126.44999999999999,79.44,2025-09-28,2025-09,2025-11-12,45.0,WELCOME15,True,item_discount,82.45,48.87,1766,organic_search,organic_search,False,True,2025-09-28T15:53:53Z
000075e73996,1,24.65,16.449999999999996,2026-01-28,2026-01,,,WELCOME15,True,item_discount,24.65,16.449999999999996,3605,direct,direct,False,True,2026-01-28T10:11:31Z
000075ecd554,1,0.0,-12.89,2025-10-01,2025-10,,,WELCOME15,True,item_discount,37.4,-12.89,1799,Facebook,meta_ads,False,False,2025-10-01T11:48:18Z
000075f19658,1,55.5,28.4,2026-03-18,2026-03,,,SPRING25,False,item_discount,55.5,28.4,4325,organic_search,organic_search,False,True,2026-03-18T09:30:46Z
000075f1971f,2,139.8,80.21000000000001,2025-11-04,2025-11,2026-03-13,129.0,,False,no_code,84.0,49.83,2212,organic_search,organic_search,False,True,2025-11-04T00:00:02Z
000075f732dd,1,15.4,8.88,2025-11-27,2025-11,,,BFCM30,False,item_discount,15.4,8.88,2622,meta,meta_ads,False,False,2025-11-27T12:21:18Z
000075fbf3e1,3,207.0,131.40000000000003,2026-04-19,2026-04,2026-05-24,35.0,,False,no_code,88.0,52.27000000000001,4838,tiktok,tiktok_ads,False,False,2026-04-19T02:46:17Z
000075fbf4a8,1,59.400000000000006,32.49,2025-11-20,2025-11,,,DERMDIARY10,False,item_discount,59.4,32.49,2370,influencer,influencer,False,False,2025-11-20T11:53:52Z
000076019066,1,71.4,35.25,2025-12-18,2025-12,,,WELCOME15,True,item_discount,71.4,35.25,3094,TikTok,tiktok_ads,False,True,2025-12-18T09:06:41Z
00007606516a,1,24.0,15.899999999999997,2026-05-26,2026-05,,,,False,no_code,24.0,15.899999999999997,5455,meta,meta_ads,False,True,2026-05-26T03:09:41Z
000076065231,1,11.05,1.6399999999999992,2025-10-21,2025-10,,,WELCOME15,True,item_discount,22.1,1.6399999999999992,2065,meta,meta_ads,False,True,2025-10-15T14:33:30Z
0000760bedef,1,156.4,94.92000000000002,2026-01-04,2026-01,,,WELCOME15,True,item_discount,156.4,94.92000000000002,3288,organic_search,organic_search,False,True,2025-12-17T01:12:47Z
00007610aef3,1,32.3,20.34,2026-06-24,2026-06,,,WELCOME15,True,item_discount,32.3,20.34,5959,referral,referral,False,False,2026-06-24T09:18:04Z
00007610afba,1,34.0,24.6,2025-08-20,2025-08,,,,False,no_code,34.0,24.6,1402,Facebook,meta_ads,False,False,2025-08-20T11:33:27Z
0000763e93e5,1,84.0,51.190000000000005,2026-06-07,2026-06,,,,False,no_code,84.0,51.190000000000005,5643,direct,direct,False,False,2026-06-07T07:47:00Z
00007648f16e,1,28.9,19.370000000000005,2026-05-07,2026-05,,,MOMS15,False,item_discount,28.9,19.370000000000005,5145,organic_search,organic_search,False,False,2026-05-07T00:40:16Z
000076563451,1,52.36,17.950000000000003,2025-11-27,2025-11,,,BFCM30+WELCOME15,True,item_discount,52.36,17.950000000000003,2624,referral,referral,False,True,2025-11-27T12:48:26Z
000076609113,2,163.00000000000003,103.71000000000002,2026-04-10,2026-04,2026-06-03,54.0,WELCOME15,True,item_discount,28.9,18.76,4716,meta,meta_ads,False,False,2026-04-10T17:43:14Z
0000766091da,1,99.4,36.66,2025-11-28,2025-11,,,BFCM30,False,item_discount,121.8,36.66,2701,organic_search,organic_search,False,True,2025-11-28T18:37:46Z
0000766aee9c,2,87.0,51.900000000000006,2026-05-19,2026-05,2026-06-10,22.0,FREESHIP,False,freeship_only,29.0,15.070000000000002,5351,organic_search,organic_search,False,True,2026-05-19T00:27:15Z
0000766aef63,3,118.8,72.07000000000001,2025-09-18,2025-09,2025-10-30,42.0,AMELIA10,False,item_discount,32.4,22.230000000000004,1665,influencer,influencer,False,True,2025-09-18T09:26:02Z
000076754c25,1,38.0,21.01,2026-06-30,2026-06,,,FREESHIP,False,freeship_only,38.0,21.01,6055,organic_search,organic_search,False,False,2026-06-30T04:50:32Z
000076754cec,2,135.0,72.10000000000001,2025-08-20,2025-08,2025-10-26,67.0,,False,no_code,44.0,30.630000000000003,1400,Facebook,meta_ads,False,False,2025-08-20T02:09:48Z
000076a33050,1,118.0,74.63,2025-08-04,2025-08,,,,False,no_code,118.0,74.63,1265,organic_search,organic_search,False,False,2025-08-04T05:47:45Z
000076a33117,1,29.0,20.430000000000003,2026-06-02,2026-06,,,,False,no_code,29.0,20.430000000000003,5563,facebook_ads,meta_ads,False,True,2026-06-02T10:05:45Z
000076ad8dd9,2,115.3,68.96,2025-09-02,2025-09,2025-10-13,41.0,LABORDAY15,False,item_discount,49.3,30.77,1502,TikTok,tiktok_ads,False,True,2025-09-02T12:44:32Z
000076ad8ea0,1,20.4,12.859999999999996,2026-05-23,2026-05,,,WELCOME15,True,item_discount,20.4,12.859999999999996,5419,meta,meta_ads,False,True,2026-05-23T23:20:14Z
000076b7eb62,1,78.4,31.62,2025-11-28,2025-11,,,BFCM30,False,item_discount,78.4,31.62,2662,google_ads,google_ads,False,True,2025-11-28T02:09:45Z
000076b7ec29,2,126.0,76.50999999999999,2026-04-08,2026-04,2026-06-07,60.0,,False,no_code,62.0,37.32,4677,Facebook,meta_ads,False,True,2026-04-08T21:25:35Z
000076c248eb,1,27.2,17.419999999999998,2025-11-16,2025-11,,,WELCOME15,True,item_discount,27.2,17.419999999999998,2337,direct,direct,False,False,2025-11-16T21:33:13Z
000076c249b2,3,172.5,97.45000000000002,2026-03-15,2026-03,2026-04-10,26.0,SPRING25,False,item_discount,37.5,21.120000000000005,4227,referral,referral,False,True,2026-02-15T04:24:41Z
000076cca674,1,16.8,9.660000000000002,2025-12-01,2025-12,,,BFCM30,False,item_discount,16.8,9.660000000000002,2830,tiktok,tiktok_ads,False,False,2025-12-01T01:08:53Z
000076d9e957,1,24.0,16.269999999999996,2026-06-21,2026-06,,,,False,no_code,24.0,16.269999999999996,5892,google_ads,google_ads,False,True,2026-05-24T02:05:02Z
00007707ce49,1,74.8,39.46999999999999,2026-06-28,2026-06,,,WELCOME15,True,item_discount,74.8,39.46999999999999,6030,referral,referral,False,True,2026-06-28T19:08:00Z
000077122b0b,1,0.0,-7.580000000000002,2025-09-20,2025-09,,,WELCOME15,True,item_discount,18.7,-7.580000000000002,1689,,unknown,False,True,2025-09-20T17:45:57Z
00007716ecd6,1,22.0,15.05,2025-12-03,2025-12,,,,False,no_code,22.0,15.05,2882,facebook_ads,meta_ads,False,True,2025-12-03T03:00:08Z
0000771c8894,1,16.8,4.3100000000000005,2025-11-28,2025-11,,,BFCM30,False,item_discount,16.8,4.3100000000000005,2688,organic_search,organic_search,False,True,2025-11-28T13:33:48Z
0000771c895b,3,201.3,131.47,2026-04-26,2026-04,2026-05-31,35.0,WELCOME15,True,item_discount,32.3,21.34,4974,organic_search,organic_search,False,True,2026-04-26T16:39:03Z
000077214998,1,58.0,24.05,2026-04-09,2026-04,,,,False,no_code,80.0,24.05,4696,influencer,influencer,False,True,2026-04-09T19:19:09Z
000077214a5f,1,108.8,54.02,2025-11-09,2025-11,,,WELCOME15,True,item_discount,108.8,54.02,2270,meta,meta_ads,False,True,2025-11-09T02:32:49Z
00007726e61d,1,50.400000000000006,18.33,2025-11-30,2025-11,,,BFCM30,False,item_discount,50.4,18.33,2804,direct,direct,False,True,2025-11-30T16:48:59Z
00007726e6e4,1,74.8,39.15,2026-03-27,2026-03,,,WELCOME15,True,item_discount,74.8,39.15,4504,organic_search,organic_search,False,True,2026-03-27T19:21:03Z
0000772ba721,1,22.0,15.17,2026-05-08,2026-05,,,,False,no_code,22.0,15.17,5183,google_ads,google_ads,False,True,2026-05-08T20:54:16Z
0000772ba7e8,1,58.0,34.65,2025-10-15,2025-10,,,,False,no_code,58.0,34.65,1987,meta,meta_ads,False,False,2025-10-15T16:01:14Z
0000773143a6,1,80.08,46.05,2025-12-04,2025-12,,,GLOWWITHSAM12,False,item_discount,80.08,46.05,2904,influencer,influencer,False,True,2025-12-04T14:53:57Z
00007731446d,1,27.2,0.0700000000000002,2026-02-07,2026-02,,,WELCOME15,True,item_discount,59.5,0.0700000000000002,3732,meta,meta_ads,False,True,2026-02-07T03:36:05Z
0000773604aa,1,18.7,11.779999999999998,2026-06-30,2026-06,,,WELCOME15,True,item_discount,18.7,11.779999999999998,6067,facebook_ads,meta_ads,False,False,2026-06-30T15:52:40Z
000077360571,2,303.0,196.3,2025-09-09,2025-09,2025-10-12,33.0,,False,no_code,166.0,107.53,1576,direct,direct,False,True,2025-09-09T13:39:18Z
0000773ba12f,1,28.9,18.99,2026-02-27,2026-02,,,WELCOME15,True,item_discount,28.9,18.99,4010,Google,google_ads,True,False,2026-02-27T14:35:29Z
0000774062fa,3,116.5,53.43000000000001,2025-07-09,2025-07,2025-11-23,137.0,SUMMER20,False,item_discount,67.2,32.800000000000004,1060,organic_search,organic_search,False,True,2025-07-09T11:48:21Z
00007745feb8,1,32.3,6.539999999999999,2026-03-14,2026-03,,,WELCOME15,True,item_discount,54.4,6.539999999999999,4189,tiktok,tiktok_ads,False,False,2026-03-14T02:13:54Z
00007785e791,1,24.0,16.789999999999996,2025-11-28,2025-11,,,,False,no_code,24.0,16.789999999999996,2696,meta,meta_ads,False,True,2025-11-28T16:02:55Z
0000778b834f,2,212.9,122.38,2025-11-26,2025-11,2026-02-16,82.0,BFCM30,False,item_discount,95.9,47.67999999999999,2558,direct,direct,False,True,2025-11-26T11:45:29Z
00007790451a,2,107.4,46.55,2025-10-01,2025-10,2025-11-23,53.0,,False,no_code,82.0,14.279999999999998,1803,,unknown,False,True,2025-10-01T13:05:33Z
00007795e0d8,1,30.6,20.22000000000001,2026-01-26,2026-01,,,WELCOME15,True,item_discount,30.6,20.22000000000001,3575,meta,meta_ads,False,True,2026-01-26T01:30:05Z
0000779aa1dc,1,112.0,73.27000000000001,2026-06-25,2026-06,,,,False,no_code,112.0,73.27000000000001,5985,influencer,influencer,False,True,2026-06-25T21:03:42Z
0000779aa2a3,1,23.8,10.97,2025-09-03,2025-09,,,WELCOME15,True,item_discount,23.8,10.97,1514,organic_search,organic_search,False,False,2025-09-03T22:44:16Z
000077a03e61,1,166.6,103.17999999999998,2026-02-09,2026-02,,,WELCOME15,True,item_discount,166.6,103.17999999999998,3783,organic_search,organic_search,False,True,2026-02-09T17:14:30Z
000077a5002c,2,61.2,36.62,2025-07-02,2025-07,2025-09-15,75.0,FREESHIP+SUMMER20,False,item_discount,27.2,12.35,1008,referral,referral,False,False,2025-07-02T03:28:16Z
000077aa9bea,1,68.0,38.26,2026-03-13,2026-03,,,WELCOME15,True,item_discount,68.0,38.26,4183,referral,referral,False,False,2026-03-13T22:35:44Z
000077b4f973,1,126.0,72.86,2026-04-15,2026-04,,,,False,no_code,126.0,72.86,4779,tiktok,tiktok_ads,False,False,2026-04-15T19:35:19Z
000077d2e390,2,104.0,64.17999999999999,2025-09-03,2025-09,2025-12-15,103.0,,False,no_code,22.0,14.929999999999998,1510,organic_search,organic_search,False,True,2025-09-03T14:09:34Z
000077d2e457,1,57.8,34.07,2026-06-17,2026-06,,,WELCOME15,True,item_discount,57.8,34.07,5832,,unknown,False,True,2026-06-17T20:39:39Z
000077dd4119,1,28.0,15.790000000000004,2025-10-23,2025-10,,,,False,no_code,28.0,15.790000000000004,2088,meta,meta_ads,False,True,2025-10-23T17:22:46Z
000077dd41e0,1,28.9,19.110000000000003,2026-05-05,2026-05,,,WELCOME15,True,item_discount,28.9,19.110000000000003,5103,google_ads,google_ads,False,False,2026-05-05T01:39:02Z
000077e79ea2,2,78.1,49.96000000000001,2025-11-25,2025-11,2025-12-20,25.0,BFCM30,False,item_discount,44.1,26.750000000000007,2495,,unknown,False,False,2025-11-25T11:32:46Z
000077e79f69,1,25.5,10.16,2026-04-19,2026-04,,,FREESHIP+WELCOME15,True,item_discount,25.5,10.16,4852,google_ads,google_ads,False,False,2026-04-18T22:03:17Z
000077f1fcf2,1,48.0,28.24,2026-03-20,2026-03,,,SPRING25,False,item_discount,48.0,28.24,4396,meta,meta_ads,False,True,2026-02-03T23:15:46Z
000077f798b0,1,52.8,26.29,2025-08-10,2025-08,,,SUMMER20,False,item_discount,52.8,26.29,1304,meta,meta_ads,False,False,2025-08-10T16:47:10Z
000077ff3fd5,1,66.0,12.059999999999995,2025-09-24,2025-09,,,,False,no_code,150.0,12.059999999999995,1718,tiktok,tiktok_ads,False,True,2025-09-24T09:33:42Z
000078099d5e,4,286.4,168.31,2025-07-26,2025-07,2025-09-08,44.0,SUMMER20,False,item_discount,54.4,33.239999999999995,1191,referral,referral,False,False,2025-07-26T13:29:45Z
000078378189,1,30.0,20.200000000000003,2026-06-21,2026-06,,,,False,no_code,30.0,20.200000000000003,5907,google_ads,google_ads,False,True,2026-06-21T15:14:24Z
00007841df12,2,70.55000000000001,45.370000000000005,2026-05-05,2026-05,2026-06-10,36.0,WELCOME15,True,item_discount,24.65,16.009999999999998,5119,direct,direct,False,True,2026-05-05T21:26:02Z
00007846a016,1,20.3,7.87,2025-11-28,2025-11,,,BFCM30,False,item_discount,20.3,7.87,2677,TikTok,tiktok_ads,False,True,2025-11-28T10:11:41Z
0000784c3bd4,1,119.0,52.55,2025-11-01,2025-11,,,WELCOME15,True,item_discount,119.0,52.55,2189,direct,direct,False,False,2025-11-01T04:36:00Z
0000784c3c9b,1,74.8,38.63000000000001,2026-04-20,2026-04,,,WELCOME15,True,item_discount,74.8,38.63000000000001,4854,meta,meta_ads,False,False,2026-04-20T00:44:27Z
00007856995d,1,57.8,34.4,2025-12-27,2025-12,,,WELCOME15,True,item_discount,57.8,34.4,3184,meta,meta_ads,False,False,2025-12-27T00:09:46Z
000078569a24,1,98.25,56.39,2026-03-21,2026-03,,,SPRING25,False,item_discount,98.25,56.39,4405,Facebook,meta_ads,False,True,2026-03-21T01:54:47Z
0000785c35e2,1,0.0,-9.509999999999998,2025-08-13,2025-08,,,SUMMER20,False,item_discount,20.8,-9.509999999999998,1338,direct,direct,False,True,2025-08-13T14:27:43Z
00007860f6e6,1,63.0,40.38,2026-01-26,2026-01,,,,False,no_code,63.0,40.38,3590,google_ads,google_ads,False,True,2026-01-26T23:06:11Z
00007860f7ad,1,22.0,15.189999999999996,2026-01-20,2026-01,,,,False,no_code,22.0,15.189999999999996,3507,tiktok,tiktok_ads,False,True,2026-01-20T15:11:24Z
00007866936b,2,53.65,38.11,2025-09-24,2025-09,2025-12-04,71.0,WELCOME15,True,item_discount,24.65,16.949999999999996,1716,organic_search,organic_search,False,True,2025-09-24T00:47:18Z
0000786b546f,1,38.0,26.81,2026-03-13,2026-03,,,,False,no_code,38.0,26.81,4176,meta,meta_ads,False,False,2026-03-13T13:23:14Z
0000786b5536,1,18.7,11.989999999999997,2025-12-12,2025-12,,,WELCOME15,True,item_discount,18.7,11.989999999999997,3002,google_ads,google_ads,False,True,2025-12-12T10:34:00Z
00007875b1f8,1,37.4,24.37,2026-04-22,2026-04,,,WELCOME15,True,item_discount,37.4,24.37,4906,referral,referral,False,False,2026-04-22T15:17:15Z
000078b0d9cd,1,76.0,53.25,2026-04-27,2026-04,,,,False,no_code,76.0,53.25,4987,organic_search,organic_search,False,True,2026-04-27T22:17:56Z
000078bb368f,2,94.0,59.650000000000006,2025-12-16,2025-12,2026-01-07,22.0,,False,no_code,32.0,21.94,3053,referral,referral,False,True,2025-12-16T00:59:28Z
000078bb3756,2,116.0,75.1,2026-03-24,2026-03,2026-04-11,18.0,,False,no_code,80.0,49.71,4464,organic_search,organic_search,False,True,2026-03-24T18:09:09Z
000078bff85a,1,36.0,25.690000000000005,2025-09-24,2025-09,,,,False,no_code,36.0,25.690000000000005,1717,organic_search,organic_search,False,True,2025-09-24T01:52:21Z
000078c59418,1,79.2,45.91,2026-01-17,2026-01,,,GLOWWITHSAM12,False,item_discount,79.2,45.91,3467,influencer,influencer,False,True,2026-01-17T16:33:34Z
000078c594df,2,48.0,32.8,2026-01-17,2026-01,2026-02-09,23.0,,False,no_code,24.0,16.33,3456,Facebook,meta_ads,False,False,2026-01-17T00:00:34Z
000078ca551c,1,122.0,76.1,2026-06-16,2026-06,,,,False,no_code,122.0,76.1,5808,direct,direct,False,True,2026-06-16T09:52:23Z
000078ca55e3,1,57.6,31.35,2025-08-27,2025-08,,,AMELIA10,False,item_discount,57.6,31.35,1449,influencer,influencer,False,True,2025-08-27T13:30:19Z
000078cff1a1,3,117.5,72.63,2026-03-26,2026-03,2026-04-29,34.0,WELCOME15,True,item_discount,56.1,29.96999999999999,4489,organic_search,organic_search,False,True,2026-03-26T13:54:27Z
000078cff268,1,196.0,130.85,2025-12-03,2025-12,,,,False,no_code,196.0,130.85,2888,referral,referral,False,True,2025-12-03T14:49:50Z
000078da4f2a,2,138.0,87.62,2026-04-17,2026-04,2026-06-18,62.0,,False,no_code,114.0,71.23,4819,direct,direct,False,True,2026-04-17T22:57:41Z
000078da4ff1,1,89.0,55.57000000000001,2025-11-06,2025-11,,,,False,no_code,89.0,55.57000000000001,2247,,unknown,False,True,2025-11-06T18:14:23Z
000078e4acb3,1,107.1,62.13999999999999,2026-05-04,2026-05,,,MOMS15,False,item_discount,107.1,62.13999999999999,5101,referral,referral,False,False,2026-05-04T22:01:02Z
0000791cee67,1,22.0,15.21,2025-07-06,2025-07,,,,False,no_code,22.0,15.21,1034,organic_search,organic_search,False,True,2025-07-06T03:45:52Z
000079274bf0,2,81.6,53.97,2025-09-02,2025-09,2025-10-14,42.0,LABORDAY15,False,item_discount,47.6,29.349999999999994,1501,tiktok,tiktok_ads,False,True,2025-09-02T12:09:30Z
0000792ef315,1,17.6,11.2,2025-08-04,2025-08,,,SUMMER20,False,item_discount,17.6,11.2,1264,influencer,influencer,False,False,2025-08-04T01:41:05Z
000079348ed3,1,47.6,22.76,2026-03-19,2026-03,,,WELCOME15,True,item_discount,47.6,22.76,4355,tiktok,tiktok_ads,False,False,2026-03-19T10:49:47Z
0000793eec5c,1,68.0,26.34,2026-04-26,2026-04,,,WELCOME15,True,item_discount,100.3,26.34,4975,google_ads,google_ads,False,True,2026-04-26T20:44:38Z
0000794949e5,1,88.0,54.99,2026-05-19,2026-05,,,,False,no_code,88.0,54.99,5354,meta,meta_ads,False,False,2026-05-19T07:20:00Z
00007953a76e,1,66.0,39.28,2026-06-02,2026-06,,,,False,no_code,66.0,39.28,5568,Facebook,meta_ads,False,False,2026-06-02T20:37:32Z
000079719252,1,30.0,19.950000000000003,2026-04-20,2026-04,,,,False,no_code,30.0,19.950000000000003,4864,Google,google_ads,True,True,2026-04-20T20:58:18Z
0000797bef14,2,134.0,86.29999999999998,2025-11-06,2025-11,2026-01-19,74.0,,False,no_code,32.0,22.07,2246,meta,meta_ads,False,True,2025-11-06T17:40:39Z
0000797befdb,1,28.5,17.51,2026-03-16,2026-03,,,SPRING25,False,item_discount,28.5,17.51,4260,TikTok,tiktok_ads,False,True,2026-03-16T14:20:57Z
000079818b99,1,62.400000000000006,32.120000000000005,2025-07-10,2025-07,,,SUMMER20,False,item_discount,62.4,32.120000000000005,1069,influencer,influencer,False,False,2025-07-10T13:26:06Z
000079864c9d,1,65.0,39.71,2026-01-17,2026-01,,,,False,no_code,65.0,39.71,3466,tiktok,tiktok_ads,False,False,2026-01-17T13:22:15Z
000079864d64,4,378.0,224.13000000000002,2026-02-08,2026-02,2026-03-09,29.0,,False,no_code,36.0,25.360000000000007,3765,Facebook,meta_ads,False,True,2026-02-08T16:41:44Z
0000798be922,1,146.0,71.39,2025-09-12,2025-09,,,,False,no_code,146.0,71.39,1609,IG,meta_ads,True,True,2025-08-18T19:08:26Z
0000798be9e9,1,24.65,16.539999999999996,2026-06-08,2026-06,,,WELCOME15,True,item_discount,24.65,16.539999999999996,5659,influencer,influencer,False,True,2026-06-08T00:56:32Z
00007990aa26,1,25.5,0.1700000000000026,2026-02-03,2026-02,,,WELCOME15,True,item_discount,51.0,0.1700000000000026,3674,IG,meta_ads,True,False,2026-02-03T01:09:59Z
00007990aaed,1,28.9,19.82,2025-12-20,2025-12,,,HOLIDAY15,False,item_discount,28.9,19.82,3132,organic_search,organic_search,False,True,2025-12-20T18:14:32Z
0000799646ab,1,0.0,-12.0,2025-10-01,2025-10,,,WELCOME15,True,item_discount,23.8,-12.0,1807,direct,direct,False,True,2025-10-01T15:03:02Z
0000799b07af,2,59.5,17.289999999999992,2026-03-15,2026-03,2026-06-05,82.0,WELCOME15,True,item_discount,28.9,12.409999999999991,4221,meta,meta_ads,False,True,2026-03-15T01:14:05Z
0000799b0876,1,43.4,-9.520000000000003,2025-11-26,2025-11,,,BFCM30,False,item_discount,105.0,-9.520000000000003,2557,google_ads,google_ads,False,True,2025-11-26T11:41:51Z
000079e08d0d,2,104.0,64.35000000000001,2026-03-27,2026-03,2026-06-04,69.0,,False,no_code,56.0,32.39,4506,meta,meta_ads,False,True,2026-03-27T22:10:04Z
000079e628cb,1,27.2,17.389999999999997,2025-07-10,2025-07,,,WELCOME15,True,item_discount,27.2,17.389999999999997,1071,Google,google_ads,True,False,2025-07-10T21:15:09Z
000079eae9cf,2,245.2,141.97,2026-01-10,2026-01,2026-02-22,43.0,NEWYEAR20,False,item_discount,67.2,38.05,3387,Facebook,meta_ads,False,True,2026-01-10T11:05:41Z
000079eaea96,1,56.95,33.19,2026-02-17,2026-02,,,WELCOME15,True,item_discount,56.95,33.19,3889,google_ads,google_ads,False,True,2026-02-17T17:05:29Z
000079efab9a,1,38.400000000000006,22.8,2025-08-03,2025-08,,,SUMMER20,False,item_discount,38.4,22.8,1259,google_ads,google_ads,False,True,2025-08-03T12:34:21Z
000079f08654,1,26.0,10.59,2025-09-16,2025-09,,,FREESHIP,False,freeship_only,26.0,10.59,1634,google_ads,google_ads,False,True,2025-09-16T02:35:18Z
000079f54758,2,78.0,45.25,2026-02-02,2026-02,2026-04-11,68.0,,False,no_code,52.0,29.3,3666,google_ads,google_ads,False,True,2026-02-02T14:14:22Z
000079f5481f,1,47.6,30.779999999999998,2025-12-07,2025-12,,,WELCOME15,True,item_discount,47.6,30.779999999999998,2936,direct,direct,False,True,2025-12-07T08:43:30Z
000079fa0923,1,0.0,-7.830000000000002,2025-07-24,2025-07,,,,False,no_code,29.0,-7.830000000000002,1180,meta,meta_ads,False,False,2025-07-24T12:42:46Z
000079fae3dd,1,81.0,48.95,2025-10-22,2025-10,,,,False,no_code,81.0,48.95,2070,meta,meta_ads,False,True,2025-10-21T23:57:26Z
000079ffa4e1,3,229.0,119.8,2026-03-29,2026-03,2026-05-08,40.0,WELCOME15,True,item_discount,105.4,53.88999999999999,4524,Facebook,meta_ads,False,True,2026-03-29T02:22:20Z
000079ffa5a8,1,54.4,16.04,2025-11-11,2025-11,,,WELCOME15,True,item_discount,91.8,16.04,2286,organic_search,organic_search,False,False,2025-10-31T14:07:28Z
00007a054166,1,35.0,14.580000000000002,2025-11-28,2025-11,,,BFCM30,False,item_discount,35.0,14.580000000000002,2707,organic_search,organic_search,False,True,2025-11-28T21:10:52Z
00007a0a026a,1,27.2,16.55,2026-04-17,2026-04,,,WELCOME15,True,item_discount,27.2,16.55,4816,direct,direct,False,True,2026-04-17T18:14:00Z
00007a0a0331,1,88.4,38.0,2025-11-28,2025-11,,,WELCOME15,True,item_discount,117.3,38.0,2687,referral,referral,False,False,2025-11-28T13:10:57Z
00007a0f9eef,1,141.4,73.99999999999999,2025-12-01,2025-12,,,BFCM30,False,item_discount,141.4,73.99999999999999,2868,meta,meta_ads,False,False,2025-12-01T23:08:22Z
00007a145ff3,1,32.0,21.420000000000005,2026-05-18,2026-05,,,,False,no_code,32.0,21.420000000000005,5337,organic_search,organic_search,False,True,2026-05-18T00:04:41Z
00007a1ebd7c,1,18.7,5.389999999999995,2026-06-12,2026-06,,,SKINBYJORDAN15,False,item_discount,18.7,5.389999999999995,5731,influencer,influencer,False,True,2026-06-12T04:22:21Z
00007a4ca26e,1,102.6,60.900000000000006,2026-06-04,2026-06,,,DERMDIARY10,False,item_discount,102.6,60.900000000000006,5601,influencer,influencer,False,True,2026-06-04T18:05:54Z
00007a59e551,1,73.0,45.17,2025-12-31,2025-12,,,,False,no_code,73.0,45.17,3243,meta,meta_ads,False,False,2025-12-31T05:39:47Z
00007a5ea655,1,49.6,25.14,2025-07-05,2025-07,,,SUMMER20,False,item_discount,49.6,25.14,1031,direct,direct,False,False,2025-07-05T15:04:16Z
00007a644213,1,56.0,31.65,2026-03-08,2026-03,,,,False,no_code,56.0,31.65,4122,google_ads,google_ads,False,True,2026-03-08T17:51:17Z
00007a6442da,1,23.8,14.820000000000004,2025-11-29,2025-11,,,BFCM30,False,item_discount,23.8,14.820000000000004,2730,meta,meta_ads,False,True,2025-11-29T11:18:08Z
00007a6e9f9c,1,22.0,14.98,2026-04-10,2026-04,,,,False,no_code,22.0,14.98,4700,meta,meta_ads,False,False,2026-04-10T00:33:46Z
00007a6ea063,3,136.0,79.82000000000001,2025-10-01,2025-10,2025-11-26,56.0,WELCOME15,True,item_discount,37.4,23.14,1794,IG,meta_ads,True,True,2025-10-01T01:31:18Z
00007a78fd25,1,74.8,34.72,2026-05-29,2026-05,,,WELCOME15,True,item_discount,74.8,34.72,5517,google_ads,google_ads,False,True,2026-05-01T16:06:13Z
00007a78fdec,2,112.0,70.99000000000001,2025-09-18,2025-09,2025-10-10,22.0,,False,no_code,34.0,23.360000000000003,1670,google_ads,google_ads,False,False,2025-09-18T22:49:39Z
00007a835aae,1,38.0,27.01,2026-06-24,2026-06,,,,False,no_code,38.0,27.01,5964,google_ads,google_ads,False,False,2026-06-24T12:18:45Z
00007a835b75,3,98.8,66.99000000000001,2025-07-27,2025-07,2025-09-25,60.0,,False,no_code,29.0,21.140000000000004,1211,meta,meta_ads,False,False,2025-07-27T23:47:55Z
00007aa14592,1,18.7,11.919999999999996,2026-03-02,2026-03,,,WELCOME15,True,item_discount,18.7,11.919999999999996,4054,,unknown,False,True,2026-03-02T11:57:59Z
00007ab13ed9,1,44.88,24.72000000000001,2025-08-06,2025-08,,,SUMMER20+WELCOME15,True,item_discount,44.879999999999995,24.72000000000001,1285,Facebook,meta_ads,False,True,2025-08-06T22:26:28Z
00007ab13fa0,1,28.9,13.75,2026-06-19,2026-06,,,FREESHIP+WELCOME15,True,item_discount,28.9,13.75,5852,tiktok,tiktok_ads,False,True,2026-06-19T07:56:03Z
00007abb9c62,3,206.5,96.46,2025-10-09,2025-10,2025-12-17,69.0,,False,no_code,62.0,30.419999999999995,1899,organic_search,organic_search,False,True,2025-10-09T10:58:22Z
00007abb9d29,1,32.3,21.34,2026-05-10,2026-05,,,MOMS15,False,item_discount,32.3,21.34,5219,influencer,influencer,False,False,2026-05-10T18:38:30Z
00007ac5f9eb,2,145.81,66.42,2025-11-29,2025-11,2025-12-25,26.0,BFCM30+WELCOME15,True,item_discount,70.21,26.929999999999996,2763,direct,direct,False,True,2025-11-29T22:55:53Z
00007ad05774,1,82.6,37.79,2025-11-27,2025-11,,,BFCM30,False,item_discount,82.6,37.79,2613,influencer,influencer,False,False,2025-11-27T05:25:00Z
00007add9a57,1,27.2,16.72,2026-05-04,2026-05,,,WELCOME15,True,item_discount,27.2,16.72,5094,tiktok,tiktok_ads,False,True,2026-05-04T16:15:51Z
00007b10404d,1,51.0,26.86,2026-02-16,2026-02,,,WELCOME15,True,item_discount,51.0,26.86,3879,meta,meta_ads,False,False,2026-02-16T19:16:00Z
00007b15dc0b,1,48.0,32.88000000000001,2025-08-23,2025-08,,,,False,no_code,48.0,32.88000000000001,1421,meta,meta_ads,False,True,2025-08-23T20:45:42Z
00007b15dcd2,1,34.0,24.24,2026-06-19,2026-06,,,,False,no_code,34.0,24.24,5860,facebook_ads,meta_ads,False,False,2026-06-19T15:13:13Z
00007b1a9dd6,1,66.3,30.76,2026-01-06,2026-01,,,WELCOME15,True,item_discount,90.95,30.76,3329,referral,referral,False,True,2026-01-06T03:12:25Z
00007b203994,1,29.92,19.280000000000005,2025-10-17,2025-10,,,GLOWWITHSAM12,False,item_discount,29.92,19.280000000000005,2002,influencer,influencer,False,False,2025-10-17T13:10:17Z
00007b203a5b,1,25.5,15.409999999999997,2026-05-07,2026-05,,,MOMS15,False,item_discount,25.5,15.409999999999997,5157,influencer,influencer,False,False,2026-05-07T12:33:02Z
00007b24fa98,1,28.5,16.400000000000006,2026-03-17,2026-03,,,SPRING25,False,item_discount,28.5,16.400000000000006,4273,referral,referral,False,False,2026-03-17T00:33:39Z
00007b24fb5f,1,28.9,18.51,2025-12-15,2025-12,,,HOLIDAY15,False,item_discount,28.9,18.51,3048,organic_search,organic_search,False,True,2025-12-15T21:03:44Z
00007b2a971d,1,68.85,23.25,2025-11-03,2025-11,,,WELCOME15,True,item_discount,106.25,23.25,2210,direct,direct,False,True,2025-11-03T10:57:28Z
00007b2a97e4,1,124.0,78.85000000000002,2026-04-23,2026-04,,,,False,no_code,124.0,78.85000000000002,4916,meta,meta_ads,False,True,2026-04-11T01:18:23Z
00007b2f5821,1,0.0,-2.4800000000000004,2026-04-10,2026-04,,,WELCOME15,True,item_discount,32.3,-2.4800000000000004,4704,referral,referral,False,True,2026-04-10T09:39:44Z
00007b2f58e8,1,110.6,55.74,2025-11-27,2025-11,,,BFCM30,False,item_discount,110.6,55.74,2636,organic_search,organic_search,False,True,2025-11-27T14:53:27Z
00007b34f4a6,2,186.0,92.94000000000001,2025-11-02,2025-11,2025-12-23,51.0,,False,no_code,57.0,29.22000000000001,2204,,unknown,False,True,2025-11-02T18:14:25Z
00007b34f56d,2,126.0,75.95,2026-03-18,2026-03,2026-05-23,66.0,SPRING25,False,item_discount,54.0,29.21,4342,tiktok,tiktok_ads,False,False,2026-03-18T21:55:05Z
00007b39b5aa,1,28.0,15.460000000000004,2026-05-29,2026-05,,,,False,no_code,28.0,15.460000000000004,5523,meta,meta_ads,False,True,2026-05-29T23:22:42Z
00007b39b671,1,106.0,65.35,2025-10-01,2025-10,,,,False,no_code,106.0,65.35,1804,tiktok,tiktok_ads,False,True,2025-10-01T13:16:43Z
00007b3f522f,1,27.2,16.349999999999998,2026-01-04,2026-01,,,NEWYEAR20,False,item_discount,27.2,16.349999999999998,3307,tiktok,tiktok_ads,False,False,2026-01-04T23:24:24Z
00007b441333,1,127.0,81.22,2026-06-19,2026-06,,,,False,no_code,127.0,81.22,5864,meta,meta_ads,False,True,2026-06-19T18:52:08Z
00007b4413fa,1,28.9,18.480000000000004,2025-08-31,2025-08,,,LABORDAY15,False,item_discount,28.9,18.480000000000004,1481,direct,direct,False,True,2025-08-31T13:44:34Z
00007b899891,1,37.4,18.039999999999992,2025-12-03,2025-12,,,HOLIDAY15,False,item_discount,37.4,18.039999999999992,2885,organic_search,organic_search,False,True,2025-12-03T12:46:51Z
00007b8f344f,1,46.2,17.759999999999998,2025-11-28,2025-11,,,BFCM30,False,item_discount,64.4,17.759999999999998,2710,organic_search,organic_search,False,True,2025-11-28T22:30:36Z
00007b93f553,1,36.0,25.250000000000007,2026-04-04,2026-04,,,,False,no_code,36.0,25.250000000000007,4602,meta,meta_ads,False,True,2026-03-20T11:10:59Z
00007b93f61a,1,94.0,60.31,2025-11-08,2025-11,,,,False,no_code,94.0,60.31,2261,Direct,direct,False,True,2025-11-08T12:33:47Z
00007b9991d8,1,24.0,16.569999999999997,2025-12-28,2025-12,,,,False,no_code,24.0,16.569999999999997,3214,google_ads,google_ads,False,True,2025-12-28T21:13:41Z
00007b9e52dc,1,94.35,54.25,2026-05-08,2026-05,,,MOMS15,False,item_discount,94.35,54.25,5169,meta,meta_ads,False,True,2026-04-16T07:34:09Z
00007b9e53a3,1,26.0,-2.1200000000000028,2025-10-14,2025-10,,,,False,no_code,70.0,-2.1200000000000028,1979,google_ads,google_ads,False,True,2025-10-14T15:59:36Z
00007ba3ef61,1,27.2,17.139999999999997,2026-01-18,2026-01,,,WELCOME15,True,item_discount,27.2,17.139999999999997,3471,organic_search,organic_search,False,False,2026-01-18T01:13:28Z
00007ba8b065,1,29.0,14.940000000000005,2026-06-16,2026-06,,,FREESHIP,False,freeship_only,29.0,14.940000000000005,5812,meta,meta_ads,False,True,2026-06-16T13:20:12Z
00007ba8b12c,1,27.2,16.79,2025-08-01,2025-08,,,SUMMER20,False,item_discount,27.2,16.79,1250,,unknown,False,False,2025-08-01T23:47:42Z
00007bae4cea,2,90.0,55.85,2026-02-08,2026-02,2026-03-31,51.0,,False,no_code,30.0,20.090000000000003,3772,direct,direct,False,True,2026-02-08T23:56:08Z
00007bb30eb5,1,40.8,25.28,2025-07-24,2025-07,,,WELCOME15,True,item_discount,40.8,25.28,1182,,unknown,False,True,2025-07-24T14:26:56Z
00007bb8aa73,2,61.3,41.95000000000001,2026-03-16,2026-03,2026-04-11,26.0,WELCOME15,True,item_discount,32.3,21.21,4265,organic_search,organic_search,False,True,2026-03-16T19:10:01Z
00007bd69490,2,146.65,74.21,2025-07-21,2025-07,2025-08-13,23.0,NOURISHED15,False,item_discount,24.65,10.949999999999992,1161,influencer,influencer,False,True,2025-07-21T01:41:32Z
00007be0f219,3,138.2,66.7,2025-09-07,2025-09,2025-12-01,85.0,,False,no_code,34.0,8.320000000000004,1548,direct,direct,False,False,2025-09-07T00:56:02Z
00007be0f2e0,1,32.3,21.39,2026-06-30,2026-06,,,WELCOME15,True,item_discount,32.3,21.39,6062,Facebook,meta_ads,False,True,2026-06-30T13:19:13Z
00007beb4fa2,1,76.0,46.35,2025-10-30,2025-10,,,,False,no_code,76.0,46.35,2173,organic_search,organic_search,False,False,2025-10-30T13:05:08Z
00007beb5069,1,86.7,47.49,2026-04-24,2026-04,,,WELCOME15,True,item_discount,86.7,47.49,4934,organic_search,organic_search,False,True,2026-04-24T03:44:47Z
00007bf5ad2b,1,68.95,28.049999999999997,2025-11-24,2025-11,,,BFCM30,False,item_discount,79.1,28.049999999999997,2459,Google,google_ads,True,True,2025-11-24T23:04:42Z
00007bf5adf2,1,47.25,-3.290000000000001,2026-03-21,2026-03,,,SPRING25,False,item_discount,113.25,-3.290000000000001,4430,google_ads,google_ads,False,True,2026-03-21T22:53:40Z
00007c02f0d5,1,36.0,18.86,2025-10-01,2025-10,,,,False,no_code,36.0,18.86,1793,meta,meta_ads,False,True,2025-10-01T01:18:51Z
00007c0d4d97,1,155.0,102.22,2026-06-19,2026-06,,,,False,no_code,155.0,102.22,5865,google_ads,google_ads,False,True,2026-06-19T19:03:47Z
00007c0d4e5e,1,78.0,48.97,2025-08-30,2025-08,,,,False,no_code,78.0,48.97,1475,organic_search,organic_search,False,True,2025-08-30T20:55:58Z
00007c458f4b,1,52.02,27.45,2025-09-10,2025-09,,,DERMDIARY10+WELCOME15,True,item_discount,52.019999999999996,27.45,1589,influencer,influencer,False,True,2025-09-10T22:57:30Z
00007c459012,1,0.0,-11.05,2026-05-05,2026-05,,,MOMS15,False,item_discount,32.3,-11.05,5118,influencer,influencer,False,False,2026-05-05T19:05:27Z
00007c4a5116,1,90.1,48.88,2025-12-02,2025-12,,,WELCOME15,True,item_discount,90.1,48.88,2873,organic_search,organic_search,False,True,2025-12-02T11:50:47Z
00007c4fecd4,1,146.2,84.0,2025-10-17,2025-10,,,WELCOME15,True,item_discount,146.2,84.0,1996,google_ads,google_ads,False,True,2025-10-17T01:32:52Z
00007c4fed9b,1,30.6,20.320000000000004,2026-04-23,2026-04,,,WELCOME15,True,item_discount,30.6,20.320000000000004,4919,meta,meta_ads,False,True,2026-04-23T11:35:56Z
00007c54ae9f,2,91.8,31.61,2025-11-30,2025-11,2026-01-01,32.0,BFCM30,False,item_discount,71.4,-11.49,2827,organic_search,organic_search,False,False,2025-11-30T23:09:04Z
00007c5a4a5d,1,46.2,26.460000000000004,2025-11-30,2025-11,,,BFCM30,False,item_discount,46.2,26.460000000000004,2825,influencer,influencer,False,True,2025-11-30T22:58:05Z
00007c5a4b24,2,92.0,57.14,2026-03-04,2026-03,2026-06-30,118.0,,False,no_code,38.0,26.64,4079,organic_search,organic_search,False,True,2026-03-04T10:05:09Z
00007c5fe6e2,1,46.4,31.53,2025-07-26,2025-07,,,SUMMER20,False,item_discount,46.4,31.53,1188,meta,meta_ads,False,True,2025-07-26T01:14:32Z
00007c64a7e6,1,82.11,36.44,2025-12-01,2025-12,,,BFCM30+WELCOME15,True,item_discount,82.11,36.44,2857,referral,referral,False,True,2025-12-01T15:36:10Z
00007c64a8ad,2,131.4,81.44,2026-02-08,2026-02,2026-03-28,48.0,,False,no_code,108.0,67.92,3764,organic_search,organic_search,False,True,2026-02-08T15:19:05Z
00007c6a446b,1,98.0,63.42,2025-08-06,2025-08,,,,False,no_code,98.0,63.42,1277,influencer,influencer,False,True,2025-08-06T02:03:15Z
00007c6f056f,2,50.5,24.779999999999994,2026-02-16,2026-02,2026-04-30,73.0,WELCOME15,True,item_discount,49.3,10.729999999999997,3867,referral,referral,False,False,2026-02-16T02:02:18Z
00007cb48acd,1,38.0,13.63,2026-04-01,2026-04,,,FREESHIP,False,freeship_only,38.0,13.63,4564,direct,direct,False,True,2026-04-01T19:55:44Z
00007cb94bd1,1,58.8,21.469999999999995,2025-11-27,2025-11,,,BFCM30,False,item_discount,58.8,21.469999999999995,2652,organic_search,organic_search,False,False,2025-11-27T20:36:35Z
00007cbee78f,1,82.6,0.389999999999997,2025-11-25,2025-11,,,BFCM30,False,item_discount,82.6,0.389999999999997,2509,organic_search,organic_search,False,False,2025-11-25T14:10:20Z
00007cbee856,1,35.25,16.89,2026-03-18,2026-03,,,SPRING25,False,item_discount,46.5,16.89,4345,organic_search,organic_search,False,False,2026-03-18T23:37:06Z
00007cc3a95a,2,93.9,60.019999999999996,2025-10-24,2025-10,2025-12-14,51.0,,False,no_code,65.0,40.53,2099,referral,referral,False,False,2025-10-24T09:22:46Z
00007cc94518,1,95.2,47.35000000000001,2025-12-16,2025-12,,,WELCOME15,True,item_discount,95.2,47.35000000000001,3058,meta,meta_ads,False,False,2025-12-16T11:32:33Z
00007cc945df,1,24.0,14.670000000000002,2026-02-23,2026-02,,,,False,no_code,24.0,14.670000000000002,3960,google_ads,google_ads,False,True,2026-02-23T15:03:43Z
00007cce061c,1,61.2,27.89,2026-06-13,2026-06,,,WELCOME15,True,item_discount,61.2,27.89,5760,meta,meta_ads,False,False,2026-06-13T13:49:16Z
00007cce06e3,2,111.80000000000001,71.94000000000001,2025-09-14,2025-09,2025-10-05,21.0,,False,no_code,29.0,21.120000000000005,1622,facebook_ads,meta_ads,False,True,2025-09-14T04:34:53Z
00007cd3a2a1,2,49.3,32.160000000000004,2026-02-28,2026-02,2026-04-07,38.0,WELCOME15,True,item_discount,18.7,10.949999999999998,4028,,unknown,False,True,2026-02-28T17:16:28Z
00007cd3a368,2,261.4,160.93,2026-01-19,2026-01,2026-03-29,69.0,WELCOME15,True,item_discount,37.4,24.21,3493,meta,meta_ads,False,True,2026-01-19T14:36:50Z
00007cd8646c,1,34.0,24.39,2025-07-20,2025-07,,,,False,no_code,34.0,24.39,1151,facebook_ads,meta_ads,False,False,2025-07-20T01:29:56Z
00007cde002a,1,90.0,56.93,2026-03-15,2026-03,,,,False,no_code,90.0,56.93,4219,Facebook,meta_ads,False,False,2026-03-15T00:23:42Z
00007cde00f1,1,58.08,29.07,2025-11-13,2025-11,,,GLOWWITHSAM12,False,item_discount,58.08,29.07,2305,influencer,influencer,False,True,2025-11-13T12:57:06Z
00007ce85db3,1,44.0,30.56,2026-04-14,2026-04,,,,False,no_code,44.0,30.56,4760,tiktok,tiktok_ads,False,False,2026-04-14T11:14:29Z
00007d2afcf0,1,27.2,16.38,2025-07-13,2025-07,,,SUMMER20,False,item_discount,27.2,16.38,1096,Google,google_ads,True,True,2025-07-13T05:03:34Z
00007d32a415,1,36.0,19.59,2025-09-30,2025-09,,,FREESHIP,False,freeship_only,36.0,19.59,1787,Google,google_ads,True,False,2025-09-30T14:29:37Z
00007d383fd3,1,18.7,11.469999999999995,2026-02-07,2026-02,,,WELCOME15,True,item_discount,18.7,11.469999999999995,3748,tiktok,tiktok_ads,False,False,2026-02-07T22:40:29Z
00007d3d019e,1,27.2,16.779999999999998,2025-07-06,2025-07,,,SUMMER20,False,item_discount,27.2,16.779999999999998,1037,organic_search,organic_search,False,False,2025-07-06T20:06:32Z
00007d429d5c,1,90.0,46.52,2026-03-20,2026-03,,,SPRING25,False,item_discount,90.0,46.52,4398,referral,referral,False,True,2026-03-20T23:40:14Z
00007d4cfae5,1,29.0,20.72000000000001,2026-04-26,2026-04,,,,False,no_code,29.0,20.72000000000001,4965,meta,meta_ads,False,True,2026-04-26T13:26:43Z
00007d57586e,1,70.0,42.150000000000006,2026-05-19,2026-05,,,,False,no_code,70.0,42.150000000000006,5358,,unknown,False,False,2026-05-19T11:20:08Z
00007d61b5f7,1,0.0,-14.61,2026-06-06,2026-06,,,,False,no_code,26.0,-14.61,5636,meta,meta_ads,False,False,2026-06-06T22:03:19Z
00007d6ae5c9,1,106.0,68.9,2026-06-26,2026-06,,,,False,no_code,106.0,68.9,5994,influencer,influencer,False,False,2026-06-26T15:29:45Z
00007d754352,2,70.0,49.34,2026-05-02,2026-05,2026-06-01,30.0,,False,no_code,36.0,25.500000000000007,5055,organic_search,organic_search,False,True,2026-05-02T12:50:27Z
00007d7fa014,1,22.4,12.889999999999995,2025-11-26,2025-11,,,BFCM30,False,item_discount,22.4,12.889999999999995,2597,direct,direct,False,True,2025-11-26T22:52:40Z
00007d7fa0db,1,58.0,33.06,2026-04-22,2026-04,,,,False,no_code,58.0,33.06,4905,IG,meta_ads,True,True,2026-04-22T13:43:29Z
00007d89fd9d,1,44.88,10.759999999999996,2025-12-10,2025-12,,,GLOWWITHSAM12,False,item_discount,83.6,10.759999999999996,2980,influencer,influencer,False,True,2025-11-21T13:13:37Z
00007d89fe64,1,29.0,20.880000000000003,2026-03-20,2026-03,,,,False,no_code,29.0,20.880000000000003,4383,meta,meta_ads,False,True,2026-03-20T14:16:45Z
00007d8f9a22,1,29.0,15.35,2025-08-21,2025-08,,,FREESHIP,False,freeship_only,29.0,15.35,1412,organic_search,organic_search,False,True,2025-08-21T20:40:42Z
00007d8f9ae9,1,166.0,109.78000000000002,2026-06-27,2026-06,,,,False,no_code,166.0,109.78000000000002,6010,,unknown,False,True,2026-06-27T15:33:18Z
00007d945b26,3,181.4,110.86,2026-01-10,2026-01,2026-04-04,84.0,,False,no_code,94.0,59.2,3390,organic_search,organic_search,False,True,2026-01-10T14:56:24Z
00007d945bed,1,113.4,54.23,2026-01-11,2026-01,,,AMELIA10,False,item_discount,113.4,54.23,3405,influencer,influencer,False,True,2026-01-11T17:09:54Z
00007d99f7ab,1,102.0,65.5,2025-09-07,2025-09,,,,False,no_code,102.0,65.5,1559,meta,meta_ads,False,False,2025-09-07T23:38:50Z
00007d9eb8af,1,29.0,20.610000000000007,2026-02-02,2026-02,,,,False,no_code,29.0,20.610000000000007,3668,meta,meta_ads,False,True,2026-02-02T20:18:20Z
00007da91638,1,94.5,52.05,2026-03-17,2026-03,,,SPRING25,False,item_discount,94.5,52.05,4281,referral,referral,False,True,2026-03-17T02:09:15Z
00007de43e0d,1,81.6,47.88,2026-04-18,2026-04,,,WELCOME15,True,item_discount,81.6,47.88,4834,Google,google_ads,True,False,2026-04-18T18:51:37Z
00007de8ff11,1,88.0,47.79,2025-11-28,2025-11,,,,False,no_code,88.0,47.79,2709,meta,meta_ads,False,True,2025-11-28T21:34:21Z
00007dee9acf,1,34.0,3.3900000000000023,2025-12-28,2025-12,,,,False,no_code,62.0,3.3900000000000023,3215,tiktok,tiktok_ads,False,True,2025-12-28T21:50:00Z
00007dee9b96,2,64.0,38.14,2026-03-20,2026-03,2026-05-12,53.0,,False,no_code,36.0,24.87,4389,meta,meta_ads,False,False,2026-03-20T16:48:37Z
00007df35c9a,1,110.0,59.91,2025-10-28,2025-10,,,,False,no_code,146.0,59.91,2152,meta,meta_ads,False,False,2025-10-28T02:07:14Z
00007df43754,2,98.0,60.8,2025-08-17,2025-08,2025-11-09,84.0,,False,no_code,34.0,23.08,1374,organic_search,organic_search,False,False,2025-08-17T17:35:16Z
00007df8f858,4,207.0,122.16999999999999,2026-01-19,2026-01,2026-02-14,26.0,,False,no_code,54.0,30.649999999999995,3491,referral,referral,False,True,2026-01-19T10:48:50Z
00007df8f91f,1,142.0,90.96,2026-01-09,2026-01,,,,False,no_code,142.0,90.96,3383,direct,direct,False,False,2026-01-09T23:20:24Z
00007dfdba23,3,203.8,123.23000000000002,2025-08-31,2025-08,2025-10-22,52.0,,False,no_code,116.0,71.96000000000001,1484,organic_search,organic_search,False,True,2025-08-31T23:05:09Z
00007dfe94dd,1,175.0,113.26,2025-09-18,2025-09,,,,False,no_code,175.0,113.26,1661,google_ads,google_ads,False,True,2025-09-18T04:38:43Z
00007e0355e1,1,32.0,20.55,2026-02-14,2026-02,,,,False,no_code,32.0,20.55,3851,tiktok,tiktok_ads,False,True,2026-02-14T20:28:39Z
00007e0356a8,1,36.0,18.96,2025-12-04,2025-12,,,,False,no_code,36.0,18.96,2906,organic_search,organic_search,False,False,2025-12-04T18:19:58Z
00007e08f266,1,44.0,30.830000000000005,2025-11-23,2025-11,,,,False,no_code,44.0,30.830000000000005,2397,organic_search,organic_search,False,False,2025-11-23T14:22:37Z
00007e0db36a,1,38.0,26.97000000000001,2026-04-04,2026-04,,,,False,no_code,38.0,26.97000000000001,4594,organic_search,organic_search,False,False,2026-04-04T00:20:01Z
00007e0db431,1,32.0,21.99,2025-11-09,2025-11,,,,False,no_code,32.0,21.99,2272,google_ads,google_ads,False,True,2025-11-09T15:33:26Z
00007e134fef,2,96.9,63.59,2025-11-16,2025-11,2026-01-17,62.0,WELCOME15,True,item_discount,28.9,19.680000000000003,2336,tiktok,tiktok_ads,False,False,2025-11-16T20:41:01Z
00007e1810f3,1,30.6,20.300000000000004,2026-05-27,2026-05,,,WELCOME15,True,item_discount,30.6,20.300000000000004,5483,organic_search,organic_search,False,True,2026-05-27T17:34:47Z
00007e5052a7,1,44.8,20.62,2025-07-08,2025-07,,,SUMMER20,False,item_discount,44.8,20.62,1056,direct,direct,False,True,2025-06-26T23:55:16Z
00007e5d9651,1,58.0,36.71000000000001,2026-01-17,2026-01,,,,False,no_code,58.0,36.71000000000001,3458,meta,meta_ads,False,False,2026-01-17T00:56:22Z
00007e625755,2,152.4,86.71000000000001,2025-08-11,2025-08,2025-09-18,38.0,SUMMER20,False,item_discount,62.4,31.08,1315,IG,meta_ads,True,True,2025-08-11T09:53:48Z
00007e67f313,2,175.0,102.49000000000001,2026-03-29,2026-03,2026-06-28,91.0,,False,no_code,58.0,33.37,4525,,unknown,False,True,2026-03-29T03:07:45Z
00007e67f3da,2,92.9,55.61000000000001,2025-12-03,2025-12,2026-04-28,146.0,HOLIDAY15,False,item_discount,28.9,18.480000000000004,2890,meta,meta_ads,False,True,2025-10-25T17:19:36Z
00007e72509c,1,88.0,52.34000000000001,2026-04-28,2026-04,,,,False,no_code,88.0,52.34000000000001,4997,direct,direct,False,True,2026-04-28T13:21:29Z
00007e725163,1,130.2,67.76,2025-11-24,2025-11,,,BFCM30,False,item_discount,130.2,67.76,2448,meta,meta_ads,False,True,2025-11-24T18:49:03Z
00007e7cae25,1,29.0,20.580000000000005,2026-05-11,2026-05,,,,False,no_code,29.0,20.580000000000005,5229,referral,referral,False,False,2026-05-11T13:52:11Z
00007e7caeec,1,22.0,15.329999999999997,2025-10-29,2025-10,,,,False,no_code,22.0,15.329999999999997,2164,google_ads,google_ads,False,True,2025-10-29T12:57:50Z
00007e870bae,1,30.0,20.22,2026-06-09,2026-06,,,,False,no_code,30.0,20.22,5684,referral,referral,False,True,2026-06-09T18:37:00Z
00007e870c75,1,36.0,25.68,2025-09-30,2025-09,,,,False,no_code,36.0,25.68,1783,direct,direct,False,True,2025-09-30T12:22:11Z
00007ea4f692,2,41.8,27.28,2026-04-27,2026-04,2026-06-20,54.0,,False,no_code,22.0,15.17,4985,,unknown,False,True,2026-04-27T19:26:28Z
00007eaf541b,1,27.2,16.94,2026-03-17,2026-03,,,WELCOME15,True,item_discount,27.2,16.94,4308,meta,meta_ads,False,False,2026-03-17T20:56:34Z
00007eb4efd9,2,43.2,29.15,2025-07-12,2025-07,2025-08-17,36.0,SUMMER20,False,item_discount,19.2,12.32,1087,organic_search,organic_search,False,True,2025-07-12T13:35:37Z
00007eb9b1a4,1,53.0,29.040000000000006,2026-02-25,2026-02,,,,False,no_code,53.0,29.040000000000006,3987,facebook_ads,meta_ads,False,True,2026-02-25T23:17:08Z
00007ebf4d62,1,96.05,54.48,2025-09-25,2025-09,,,WELCOME15,True,item_discount,96.05,54.48,1734,direct,direct,False,False,2025-09-25T12:44:11Z
00007ebf4e29,1,95.0,61.50000000000001,2026-06-06,2026-06,,,,False,no_code,95.0,61.50000000000001,5619,google_ads,google_ads,False,True,2026-06-06T01:38:47Z
00007ec9aaeb,1,29.0,20.74000000000001,2025-10-24,2025-10,,,,False,no_code,29.0,20.74000000000001,2095,meta,meta_ads,False,True,2025-10-24T02:51:50Z
00007eeba8e0,1,44.0,30.65000000000001,2026-06-01,2026-06,,,,False,no_code,44.0,30.65000000000001,5551,meta,meta_ads,False,True,2026-05-26T13:56:30Z
00007f13f14d,1,55.5,27.87,2026-03-15,2026-03,,,SPRING25,False,item_discount,55.5,27.87,4224,,unknown,False,False,2026-03-15T02:25:55Z
00007f198d0b,2,82.0,55.18,2025-07-28,2025-07,2025-09-15,49.0,,False,no_code,60.0,40.81999999999999,1213,Google,google_ads,True,True,2025-07-28T17:47:27Z
00007f1e4e0f,4,330.28999999999996,194.22000000000003,2025-12-01,2025-12,2026-01-01,31.0,BFCM30+WELCOME15,True,item_discount,84.49,35.1,2861,tiktok,tiktok_ads,False,True,2025-12-01T19:50:28Z
00007f1e4ed6,1,71.4,38.28999999999999,2026-02-12,2026-02,,,WELCOME15,True,item_discount,71.4,38.28999999999999,3820,,unknown,False,False,2026-02-12T16:07:29Z
00007f23ea94,1,70.0,43.77,2025-09-19,2025-09,,,,False,no_code,70.0,43.77,1673,,unknown,False,False,2025-09-19T03:22:29Z
00007f23eb5b,1,38.0,26.67,2026-06-14,2026-06,,,,False,no_code,38.0,26.67,5781,google_ads,google_ads,False,False,2026-06-14T21:42:13Z
00007f28ab98,1,28.0,15.56,2026-02-02,2026-02,,,,False,no_code,28.0,15.56,3662,direct,direct,False,True,2026-02-02T10:09:46Z
00007f28ac5f,1,102.08,54.30999999999999,2026-01-17,2026-01,,,GLOWWITHSAM12,False,item_discount,102.08,54.30999999999999,3468,influencer,influencer,False,False,2026-01-17T19:41:25Z
00007f2e481d,4,227.9,134.64000000000001,2025-10-09,2025-10,2025-10-27,18.0,WELCOME15,True,item_discount,28.9,19.82,1894,meta,meta_ads,False,True,2025-10-09T02:03:28Z
00007f330921,1,0.0,-12.25,2026-03-19,2026-03,,,SPRING25,False,item_discount,21.0,-12.25,4350,google_ads,google_ads,False,False,2026-03-19T03:24:26Z
00007f3309e8,1,56.1,30.23,2025-11-11,2025-11,,,WELCOME15,True,item_discount,56.1,30.23,2291,google_ads,google_ads,False,False,2025-11-11T22:51:50Z
00007f38a5a6,1,99.4,48.61,2025-11-28,2025-11,,,BFCM30,False,item_discount,99.4,48.61,2672,direct,direct,False,True,2025-11-28T04:52:36Z
00007f38a66d,2,68.0,31.88,2026-04-06,2026-04,2026-05-30,54.0,,False,no_code,60.0,5.06,4636,organic_search,organic_search,False,True,2026-04-06T19:12:38Z
00007f3d66aa,1,62.05,22.9,2026-04-01,2026-04,,,WELCOME15,True,item_discount,99.45,22.9,4561,tiktok,tiktok_ads,False,False,2026-04-01T14:11:03Z
00007f3d6771,1,82.6,37.92,2025-11-28,2025-11,,,BFCM30,False,item_discount,82.6,37.92,2682,google_ads,google_ads,False,False,2025-11-28T11:16:35Z
00007f43032f,1,96.6,31.629999999999992,2025-12-01,2025-12,,,BFCM30,False,item_discount,112.0,31.629999999999992,2854,referral,referral,False,False,2025-11-15T14:51:38Z
00007f47c433,1,30.6,21.100000000000005,2026-05-16,2026-05,,,AMELIA10,False,item_discount,30.6,21.100000000000005,5316,influencer,influencer,False,True,2026-05-16T12:48:28Z
00007f5221bc,1,36.0,24.94,2026-06-09,2026-06,,,,False,no_code,36.0,24.94,5686,,unknown,False,True,2026-06-09T23:34:07Z
00007f8d4991,1,58.0,33.11,2026-01-26,2026-01,,,,False,no_code,58.0,33.11,3589,organic_search,organic_search,False,False,2026-01-26T21:25:38Z
00007f920a95,1,120.70000000000002,70.04,2025-07-21,2025-07,,,WELCOME15,True,item_discount,120.7,70.04,1167,referral,referral,False,True,2025-07-21T13:56:15Z
00007f92e54f,2,68.0,46.78000000000001,2025-10-31,2025-10,2025-12-07,37.0,,False,no_code,34.0,23.420000000000005,2181,Direct,direct,False,True,2025-10-31T14:09:13Z
00007f97a653,1,73.5,39.71000000000001,2026-03-21,2026-03,,,SPRING25,False,item_discount,73.5,39.71000000000001,4402,influencer,influencer,False,False,2026-03-21T00:53:17Z
00007f97a71a,1,16.8,9.73,2025-11-25,2025-11,,,BFCM30,False,item_discount,16.8,9.73,2513,direct,direct,False,False,2025-11-25T15:01:08Z
00007f9d42d8,2,51.8,28.490000000000002,2025-11-25,2025-11,2026-02-09,76.0,BFCM30,False,item_discount,23.8,13.55,2517,organic_search,organic_search,False,True,2025-11-25T15:57:40Z
00007fa203dc,1,20.4,11.319999999999997,2026-04-06,2026-04,,,WELCOME15,True,item_discount,20.4,11.319999999999997,4640,direct,direct,False,True,2026-04-06T21:21:32Z
00007fa204a3,1,77.0,34.92999999999999,2025-11-30,2025-11,,,BFCM30,False,item_discount,77.0,34.92999999999999,2816,google_ads,google_ads,False,False,2025-11-30T21:07:23Z
00007fa7a061,1,110.5,62.14,2025-12-30,2025-12,,,WELCOME15,True,item_discount,110.5,62.14,3238,Facebook,meta_ads,False,True,2025-12-30T23:08:44Z
00007fac622c,1,47.6,29.66,2025-09-27,2025-09,,,WELCOME15,True,item_discount,47.6,29.66,1758,facebook_ads,meta_ads,False,True,2025-09-27T14:33:20Z
00007fb1fdea,3,172.0,43.69000000000001,2026-01-06,2026-01,2026-03-29,82.0,,False,no_code,84.0,45.92,3330,organic_search,organic_search,False,True,2026-01-06T04:30:24Z
00007fb6beee,1,44.0,21.380000000000003,2026-06-13,2026-06,,,,False,no_code,59.0,21.380000000000003,5765,tiktok,tiktok_ads,False,False,2026-06-13T18:04:33Z
00007fb6bfb5,3,241.1,144.47,2025-08-29,2025-08,2025-10-22,54.0,LABORDAY15,False,item_discount,107.1,59.17999999999999,1468,,unknown,False,False,2025-08-29T12:26:37Z
00007fbc5b73,2,144.0,93.17,2026-03-01,2026-03,2026-04-01,31.0,,False,no_code,110.0,68.94,4050,direct,direct,False,False,2026-03-01T22:43:36Z
00007fe4a319,1,22.4,10.619999999999996,2025-08-09,2025-08,,,SUMMER20,False,item_discount,22.4,10.619999999999996,1297,,unknown,False,True,2025-08-09T11:43:18Z
00007fe4a3e0,1,62.0,23.860000000000003,2026-06-05,2026-06,,,FREESHIP,False,freeship_only,62.0,23.860000000000003,5607,direct,direct,False,True,2026-06-05T08:19:26Z
00007fef00a2,1,39.01,22.14,2025-09-01,2025-09,,,LABORDAY15+WELCOME15,True,item_discount,39.01,22.14,1485,influencer,influencer,False,False,2025-09-01T00:03:38Z
00007fef0169,1,68.0,40.760000000000005,2026-05-29,2026-05,,,,False,no_code,68.0,40.760000000000005,5522,direct,direct,False,True,2026-05-29T21:56:14Z
00007ff95e2b,1,30.8,-16.85,2025-11-25,2025-11,,,BFCM30,False,item_discount,89.6,-16.85,2478,google_ads,google_ads,False,False,2025-10-25T03:33:53Z
00007ffc444c,2,213.0,137.96,2025-11-09,2025-11,2026-04-14,156.0,,False,no_code,121.0,78.97,2275,,unknown,False,False,2025-11-09T19:28:11Z
