customer_id,email_hash,created_at,country,region,acquisition_source,accepts_marketing,created_utc,source_clean
103786,0000000497e9,2026-06-09T10:30:00Z,US,MI,google_ads,False,2026-06-09T10:30:00Z,google_ads
103344,0000000ef572,2026-05-04T13:07:56Z,US,TX,meta,False,2026-05-04T13:07:56Z,meta_ads
103176,0000001952fb,2026-04-21T01:03:27Z,US,TX,meta,False,2026-04-21T01:03:27Z,meta_ads
102579,00000023b084,2026-03-05T13:54:45Z,US,TX,organic_search,True,2026-03-05T13:54:45Z,organic_search
100181,000000294c42,2025-07-22T10:39:08Z,US,CA,,True,2025-07-22T10:39:08Z,unknown
101969,000000294d09,2026-01-03T06:40:13Z,US,MD,Facebook,True,2026-01-03T06:40:13Z,meta_ads
102251,0000002e0e0d,2026-02-03T11:07:52Z,US,GA,influencer,True,2026-02-03T11:07:52Z,influencer
100636,00000033a9cb,2025-09-17T02:29:06Z,US,CA,direct,True,2025-09-17T02:29:06Z,direct
100054,0000003b50f0,2025-07-07T23:32:26Z,US,CA,meta,False,2025-07-07T23:32:26Z,meta_ads
103025,0000007df02d,2026-04-08T23:11:33Z,CA,BC,google_ads,False,2026-04-08T23:11:33Z,google_ads
101678,000000884cef,2025-12-02T04:28:13Z,AU,VIC,influencer,True,2025-12-02T04:28:13Z,influencer
102876,000000884db6,2026-03-25T14:00:49Z,US,TX,referral,True,2026-03-25T14:00:49Z,referral
100160,0000008de974,2025-07-20T00:30:41Z,US,MO,tiktok,True,2025-07-20T00:30:41Z,tiktok_ads
102051,00000092aa78,2026-01-09T22:32:48Z,US,WA,organic_search,True,2026-01-09T22:32:48Z,organic_search
102507,00000092ab3f,2026-02-26T12:13:59Z,US,CA,organic_search,False,2026-02-26T12:13:59Z,organic_search
100670,0000009846fd,2025-09-20T03:08:38Z,US,WI,influencer,True,2025-09-20T03:08:38Z,influencer
102229,0000009d0801,2026-02-01T13:42:14Z,US,CA,organic_search,True,2026-02-01T13:42:14Z,organic_search
101807,0000009d08c8,2025-12-14T03:12:57Z,US,OR,organic_search,True,2025-12-14T03:12:57Z,organic_search
100836,000000a2a486,2025-10-07T15:57:01Z,US,FL,meta,False,2025-10-07T15:57:01Z,meta_ads
103456,000000a2a54d,2026-05-11T01:12:07Z,GB,SCT,referral,True,2026-05-11T01:12:07Z,referral
102895,000000a7658a,2026-03-27T00:22:54Z,US,VA,direct,False,2026-03-27T00:22:54Z,direct
101126,000000a76651,2025-11-06T13:48:56Z,CA,ON,tiktok,True,2025-11-06T13:48:56Z,tiktok_ads
101519,000000ad020f,2025-11-28T15:59:08Z,CA,QC,meta,False,2025-11-28T15:59:08Z,meta_ads
103358,000000b1c313,2026-05-05T03:53:54Z,US,NY,google_ads,False,2026-05-05T03:53:54Z,google_ads
102487,000000f74871,2026-02-23T22:24:00Z,US,CA,direct,True,2026-02-23T22:24:00Z,direct
100459,000000fc0975,2025-08-26T16:25:07Z,US,GA,Facebook,True,2025-08-26T16:25:07Z,meta_ads
101767,00000101a5fa,2025-12-10T07:02:52Z,US,NY,organic_search,True,2025-12-10T07:02:52Z,organic_search
102595,0000010c02bc,2026-03-08T01:55:50Z,US,GA,tiktok,True,2026-03-08T01:55:50Z,tiktok_ads
101479,0000010c0383,2025-11-27T20:35:36Z,AU,VIC,meta,True,2025-11-27T20:35:36Z,meta_ads
103629,000001166045,2026-05-26T15:56:40Z,US,NH,tiktok,True,2026-05-26T15:56:40Z,tiktok_ads
100848,00000116610c,2025-10-08T13:38:40Z,CA,AB,google_ads,True,2025-10-08T13:38:40Z,google_ads
103746,00000120bdce,2026-06-05T21:47:36Z,US,AZ,meta,True,2026-06-05T21:47:36Z,meta_ads
100701,00000120be95,2025-09-24T14:50:14Z,US,CA,google_ads,True,2025-09-24T14:50:14Z,google_ads
102875,0000012b1b57,2026-03-25T13:22:25Z,US,WA,meta,True,2026-03-25T13:22:25Z,meta_ads
100206,0000014ea1f9,2025-07-26T14:19:19Z,US,VA,organic_search,True,2025-07-26T14:19:19Z,organic_search
100470,00000158ff82,2025-08-28T13:29:37Z,US,NJ,referral,True,2025-08-28T13:29:37Z,referral
103700,000001590049,2026-06-01T20:34:10Z,US,FL,google_ads,False,2026-06-01T20:34:10Z,google_ads
100845,000001635d0b,2025-10-08T11:29:47Z,US,CA,Direct,True,2025-10-08T11:29:47Z,direct
102674,000001709fee,2026-03-15T12:57:50Z,US,CA,meta,False,2026-03-15T12:57:50Z,meta_ads
103542,0000017afd77,2026-05-18T07:45:41Z,GB,WLS,meta,True,2026-05-18T07:45:41Z,meta_ads
103695,000001855b00,2026-06-01T03:34:05Z,US,NH,,True,2026-06-01T03:34:05Z,unknown
103439,0000018fb889,2026-05-10T01:30:28Z,US,MA,organic_search,True,2026-05-10T01:30:28Z,organic_search
102886,000001ada36d,2026-03-26T12:07:43Z,US,CA,facebook_ads,True,2026-03-26T12:07:43Z,meta_ads
100226,000001b33f2b,2025-07-28T02:30:17Z,US,NJ,meta,True,2025-07-28T02:30:17Z,meta_ads
101920,000001b8002f,2025-12-28T01:01:31Z,US,GA,meta,True,2025-12-28T01:01:31Z,meta_ads
102336,000001b800f6,2026-02-10T12:17:06Z,US,TX,tiktok,True,2026-02-10T12:17:06Z,tiktok_ads
100466,000001bd9cb4,2025-08-27T16:18:16Z,US,IL,meta,True,2025-08-27T16:18:16Z,meta_ads
103954,000001bd9d7b,2026-06-21T20:59:20Z,US,NC,influencer,True,2026-06-21T20:59:20Z,influencer
101950,000001c25e7f,2026-01-01T04:11:50Z,US,OH,meta,True,2026-01-01T04:11:50Z,meta_ads
101016,000001c7fa3d,2025-10-24T10:19:03Z,US,VA,IG,False,2025-10-24T10:19:03Z,meta_ads
103527,000001c7fb04,2026-05-17T02:27:11Z,US,CA,influencer,False,2026-05-17T02:27:11Z,influencer
101225,000001ccbc08,2025-11-21T15:42:28Z,US,NY,direct,True,2025-11-21T15:42:28Z,direct
101297,000001d257c6,2025-11-24T22:43:37Z,US,FL,meta,False,2025-11-24T22:43:37Z,meta_ads
103118,000001d2588d,2026-04-16T22:07:55Z,US,NY,IG,True,2026-04-16T22:07:55Z,meta_ads
101158,000001d71991,2025-11-10T07:38:05Z,US,NJ,,True,2025-11-10T07:38:05Z,unknown
101831,000001dcb54f,2025-12-16T16:55:28Z,US,TX,direct,False,2025-12-16T16:55:28Z,direct
100483,0000022239e6,2025-08-30T23:26:04Z,US,MI,influencer,False,2025-08-30T23:26:04Z,influencer
101980,00000226fbb1,2026-01-04T03:29:35Z,US,TX,referral,False,2026-01-04T03:29:35Z,referral
101012,0000022c976f,2025-10-24T00:54:40Z,US,NY,meta,False,2025-10-24T00:54:40Z,meta_ads
102881,000002315873,2026-03-25T21:34:45Z,US,FL,google_ads,True,2026-03-25T21:34:45Z,google_ads
103179,000002315873,2026-04-21T10:16:17Z,US,FL,,False,2026-04-21T10:16:17Z,unknown
101461,00000231593a,2025-11-27T14:46:43Z,US,VA,,True,2025-11-27T14:46:43Z,unknown
101521,00000236f4f8,2025-11-28T16:53:14Z,GB,WLS,organic_search,True,2025-11-28T16:53:14Z,organic_search
103050,0000023bb5fc,2026-04-10T16:48:00Z,US,CA,tiktok,True,2026-04-10T16:48:00Z,tiktok_ads
101634,0000023bb6c3,2025-11-30T23:04:22Z,US,FL,influencer,False,2025-11-30T23:04:22Z,influencer
101821,000002415281,2025-12-15T23:11:50Z,US,WI,direct,True,2025-12-15T23:11:50Z,direct
103582,000002461385,2026-05-23T05:50:42Z,US,MO,organic_search,False,2026-05-23T05:50:42Z,organic_search
100931,00000246144c,2025-10-16T10:00:31Z,US,CA,google_ads,True,2025-10-16T10:00:31Z,google_ads
102071,0000024bb00a,2026-01-11T23:04:47Z,US,IL,,False,2026-01-11T23:04:47Z,unknown
104006,00000250710e,2026-06-25T12:47:24Z,GB,SCT,organic_search,False,2026-06-25T12:47:24Z,organic_search
100343,0000025071d5,2025-08-11T23:43:04Z,CA,QC,IG,True,2025-08-11T23:43:04Z,meta_ads
102449,000002560d93,2026-02-20T23:16:24Z,US,GA,organic_search,True,2026-02-20T23:16:24Z,organic_search
103680,0000027e5600,2026-05-30T06:36:31Z,US,WA,meta,True,2026-05-30T06:36:31Z,meta_ads
103328,00000288b389,2026-05-03T04:13:18Z,US,WI,influencer,False,2026-05-03T04:13:18Z,influencer
101305,00000295f66c,2025-11-25T00:18:00Z,US,IL,organic_search,False,2025-11-25T00:18:00Z,organic_search
101457,000002a053f5,2025-11-27T13:51:45Z,US,CA,organic_search,False,2025-11-27T13:51:45Z,organic_search
103376,000002aab0b7,2026-05-06T10:29:31Z,US,MA,google_ads,True,2026-05-06T10:29:31Z,google_ads
100634,000002aab17e,2025-09-16T21:16:59Z,US,MN,meta,False,2025-09-16T21:16:59Z,meta_ads
103723,000002b50e40,2026-06-03T15:12:04Z,US,FL,Direct,True,2026-06-03T15:12:04Z,direct
100424,000002b50f07,2025-08-21T04:58:55Z,US,CO,direct,True,2025-08-21T04:58:55Z,direct
100486,000002e2f26b,2025-08-31T14:25:58Z,US,MN,meta,True,2025-08-31T14:25:58Z,meta_ads
103836,000002e2f332,2026-06-12T22:56:48Z,US,CA,direct,False,2026-06-12T22:56:48Z,direct
100583,000002ed4ff4,2025-09-10T17:46:49Z,US,TX,Direct,False,2025-09-10T17:46:49Z,direct
103555,000002ed50bb,2026-05-19T14:19:00Z,US,CA,Facebook,False,2026-05-19T14:19:00Z,meta_ads
101425,000002f7ad7d,2025-11-26T21:03:15Z,GB,ENG,google_ads,True,2025-11-26T21:03:15Z,google_ads
103028,000002f7ae44,2026-04-09T02:05:05Z,US,MI,Facebook,True,2026-04-09T02:05:05Z,meta_ads
101434,000003020b06,2025-11-26T23:48:30Z,US,IN,organic_search,True,2025-11-26T23:48:30Z,organic_search
102921,000003020bcd,2026-03-30T19:40:56Z,US,NY,influencer,False,2026-03-30T19:40:56Z,influencer
100252,00000307a78b,2025-07-31T21:02:36Z,US,NC,meta,True,2025-07-31T21:02:36Z,meta_ads
101710,0000030c688f,2025-12-04T21:31:35Z,CA,AB,facebook_ads,True,2025-12-04T21:31:35Z,meta_ads
104032,00000319ab72,2026-06-27T23:18:11Z,US,MI,influencer,False,2026-06-27T23:18:11Z,influencer
104011,000003479064,2026-06-26T03:33:43Z,US,IN,meta,True,2026-06-26T03:33:43Z,meta_ads
103385,00000351eded,2026-05-06T21:23:38Z,US,FL,google_ads,True,2026-05-06T21:23:38Z,google_ads
101875,00000356aef1,2025-12-20T12:07:28Z,US,FL,referral,True,2025-12-20T12:07:28Z,referral
100953,0000035c4aaf,2025-10-18T13:29:00Z,US,FL,organic_search,True,2025-10-18T13:29:00Z,organic_search
103116,0000035c4b76,2026-04-16T19:21:41Z,US,NC,google_ads,False,2026-04-16T19:21:41Z,google_ads
103272,000003610bb3,2026-04-28T12:38:50Z,US,FL,influencer,True,2026-04-28T12:38:50Z,influencer
101602,000003610c7a,2025-11-30T12:27:52Z,US,MI,organic_search,True,2025-11-30T12:27:52Z,organic_search
101310,00000366a838,2025-11-25T01:52:54Z,US,TX,meta,True,2025-11-25T01:52:54Z,meta_ads
102871,00000366a8ff,2026-03-24T21:13:50Z,CA,QC,IG,False,2026-03-24T21:13:50Z,meta_ads
103388,0000036b693c,2026-05-07T00:35:07Z,US,NY,organic_search,True,2026-05-07T00:35:07Z,organic_search
100863,0000036b6a03,2025-10-09T21:30:29Z,US,MN,organic_search,True,2025-10-09T21:30:29Z,organic_search
101763,0000037105c1,2025-12-10T00:45:57Z,US,CA,tiktok,False,2025-12-10T00:45:57Z,tiktok_ads
102150,000003710688,2026-01-23T12:29:15Z,US,MI,direct,True,2026-01-23T12:29:15Z,direct
103885,00000375c6c5,2026-06-16T14:28:38Z,US,MN,organic_search,False,2026-06-16T14:28:38Z,organic_search
100317,00000375c78c,2025-08-10T00:22:32Z,CA,BC,organic_search,True,2025-08-10T00:22:32Z,organic_search
102355,0000037b634a,2026-02-12T11:34:17Z,CA,QC,meta,False,2026-02-12T11:34:17Z,meta_ads
102164,0000037b6411,2026-01-24T19:12:08Z,US,CA,google_ads,False,2026-01-24T19:12:08Z,google_ads
100016,000003802515,2025-07-01T20:38:10Z,US,CA,google_ads,False,2025-07-01T20:38:10Z,google_ads
102658,00000385c0d3,2026-03-14T18:22:35Z,CA,BC,google_ads,True,2026-03-14T18:22:35Z,google_ads
101262,000003cb456a,2025-11-24T08:54:52Z,US,IL,organic_search,False,2025-11-24T08:54:52Z,organic_search
101082,000003d00735,2025-10-31T15:52:28Z,US,NY,organic_search,True,2025-10-31T15:52:28Z,organic_search
101918,000003d5a2f3,2025-12-27T18:25:07Z,US,IL,meta,True,2025-12-27T18:25:07Z,meta_ads
103871,000003da63f7,2026-06-15T12:16:15Z,US,TX,google_ads,True,2026-06-15T12:16:15Z,google_ads
100507,000003da64be,2025-09-02T23:25:24Z,US,TX,meta,False,2025-09-02T23:25:24Z,meta_ads
102494,000003e0007c,2026-02-25T11:43:31Z,US,WA,organic_search,True,2026-02-25T11:43:31Z,organic_search
102857,000003e4c180,2026-03-23T01:31:23Z,US,WA,organic_search,True,2026-03-23T01:31:23Z,organic_search
100065,000003e4c247,2025-07-08T19:19:13Z,US,IL,organic_search,False,2025-07-08T19:19:13Z,organic_search
102570,000003ea5e05,2026-03-04T00:11:38Z,CA,ON,influencer,True,2026-03-04T00:11:38Z,influencer
102991,000003f4bb8e,2026-04-06T13:23:18Z,US,MN,meta,True,2026-04-06T13:23:18Z,meta_ads
101246,0000040848e9,2025-11-24T01:16:53Z,US,CA,meta,True,2025-11-24T01:16:53Z,meta_ads
100602,00000412a5ab,2025-09-13T00:39:40Z,US,IL,google_ads,True,2025-09-13T00:39:40Z,google_ads
103651,00000412a672,2026-05-27T22:45:07Z,CA,QC,meta,False,2026-05-27T22:45:07Z,meta_ads
100821,0000041d0334,2025-10-05T16:28:12Z,US,NY,meta,True,2025-10-05T16:28:12Z,meta_ads
103511,0000041d03fb,2026-05-15T17:58:09Z,US,CA,Facebook,True,2026-05-15T17:58:09Z,meta_ads
103090,000004276184,2026-04-14T15:35:08Z,US,DE,organic_search,True,2026-04-14T15:35:08Z,organic_search
102877,00000431bf0d,2026-03-25T15:06:30Z,US,TX,influencer,True,2026-03-25T15:06:30Z,influencer
100440,000004375acb,2025-08-24T00:15:45Z,US,TX,organic_search,True,2025-08-24T00:15:45Z,organic_search
100674,0000043f01f0,2025-09-20T22:49:31Z,US,GA,direct,True,2025-09-20T22:49:31Z,direct
103467,000004495eb2,2026-05-12T00:47:01Z,US,FL,Facebook,True,2026-05-12T00:47:01Z,meta_ads
100209,000004495f79,2025-07-26T19:23:27Z,US,IL,,False,2025-07-26T19:23:27Z,unknown
103590,00000481a12d,2026-05-23T15:07:45Z,US,FL,,True,2026-05-23T15:07:45Z,unknown
101274,0000048bfdef,2025-11-24T13:53:17Z,US,VA,Facebook,True,2025-11-24T13:53:17Z,meta_ads
102950,0000048bfeb6,2026-04-02T21:29:24Z,US,GA,influencer,False,2026-04-02T21:29:24Z,influencer
101672,000004965b78,2025-12-01T22:13:11Z,US,TX,influencer,True,2025-12-01T22:13:11Z,influencer
102896,000004965c3f,2026-03-27T00:45:53Z,US,CA,organic_search,False,2026-03-27T00:45:53Z,organic_search
100284,0000049bf7fd,2025-08-05T13:29:15Z,CA,ON,google_ads,True,2025-08-05T13:29:15Z,google_ads
102108,000004a0b901,2026-01-17T12:07:16Z,US,WI,referral,True,2026-01-17T12:07:16Z,referral
102055,000004a0b9c8,2026-01-10T02:31:36Z,US,FL,direct,True,2026-01-10T02:31:36Z,direct
100529,000004a65586,2025-09-04T13:41:49Z,US,FL,google_ads,True,2025-09-04T13:41:49Z,google_ads
102617,000004ab168a,2026-03-11T18:08:35Z,US,NY,IG,False,2026-03-11T18:08:35Z,meta_ads
101107,000004ab1751,2025-11-04T01:58:19Z,US,VA,organic_search,True,2025-11-04T01:58:19Z,organic_search
101295,000004b0b30f,2025-11-24T21:09:28Z,US,NY,organic_search,True,2025-11-24T21:09:28Z,organic_search
103060,000004b57413,2026-04-11T11:27:45Z,US,VA,organic_search,True,2026-04-11T11:27:45Z,organic_search
103291,000004f09be8,2026-04-30T01:19:37Z,US,CA,organic_search,False,2026-04-30T01:19:37Z,organic_search
102718,000004faf971,2026-03-17T08:32:28Z,US,MO,organic_search,True,2026-03-17T08:32:28Z,organic_search
100544,000004ffba75,2025-09-06T19:55:24Z,US,TX,Facebook,True,2025-09-06T19:55:24Z,meta_ads
101955,000005055633,2026-01-02T13:53:15Z,US,TX,tiktok,False,2026-01-02T13:53:15Z,tiktok_ads
102192,0000050556fa,2026-01-28T07:39:22Z,US,CA,Influencer,True,2026-01-28T07:39:22Z,influencer
103877,0000050a1737,2026-06-16T02:00:46Z,US,AZ,organic_search,True,2026-06-16T02:00:46Z,organic_search
100310,0000050a17fe,2025-08-08T18:52:28Z,US,NY,Facebook,True,2025-08-08T18:52:28Z,meta_ads
102592,0000050fb3bc,2026-03-07T15:12:13Z,US,OH,tiktok,True,2026-03-07T15:12:13Z,tiktok_ads
101924,0000050fb483,2025-12-28T10:00:50Z,US,FL,meta,True,2025-12-28T10:00:50Z,meta_ads
102976,0000051a1145,2026-04-05T00:19:17Z,GB,WLS,influencer,True,2026-04-05T00:19:17Z,influencer
101458,0000051a120c,2025-11-27T13:58:52Z,US,GA,direct,True,2025-11-27T13:58:52Z,direct
103544,000005246ece,2026-05-18T13:20:06Z,US,TX,referral,True,2026-05-18T13:20:06Z,referral
103846,0000052ecc57,2026-06-13T22:45:11Z,US,PA,meta,True,2026-06-13T22:45:11Z,meta_ads
100197,0000055cb082,2025-07-24T16:24:39Z,US,MI,direct,True,2025-07-24T16:24:39Z,direct
100097,0000055cb149,2025-07-12T12:54:35Z,US,CA,referral,True,2025-07-12T12:54:35Z,referral
100568,000005670e0b,2025-09-08T21:24:50Z,US,FL,direct,True,2025-09-08T21:24:50Z,direct
100370,0000056eb530,2025-08-15T02:44:50Z,US,CA,Direct,True,2025-08-15T02:44:50Z,direct
102125,0000057450ee,2026-01-19T13:24:28Z,US,FL,influencer,True,2026-01-19T13:24:28Z,influencer
102957,0000057eae77,2026-04-03T15:08:43Z,US,TX,organic_search,False,2026-04-03T15:08:43Z,organic_search
103298,000005890c00,2026-05-01T01:26:34Z,US,CA,influencer,False,2026-05-01T01:26:34Z,influencer
103693,000005936989,2026-05-31T22:39:34Z,US,TX,direct,False,2026-05-31T22:39:34Z,direct
102535,0000059dc712,2026-02-28T12:40:12Z,US,TX,Google,True,2026-02-28T12:40:12Z,google_ads
102994,000005b1546d,2026-04-06T20:28:27Z,AU,NSW,organic_search,True,2026-04-06T20:28:27Z,organic_search
101355,000005bbb12f,2025-11-25T16:40:33Z,US,CA,facebook_ads,True,2025-11-25T16:40:33Z,meta_ads
102569,000005bbb1f6,2026-03-03T22:57:43Z,US,GA,organic_search,True,2026-03-03T22:57:43Z,organic_search
100220,000005c14db4,2025-07-27T16:24:13Z,US,PA,,True,2025-07-27T16:24:13Z,unknown
102424,000005c14e7b,2026-02-18T03:20:16Z,US,TX,google_ads,True,2026-02-18T03:20:16Z,google_ads
102147,000005c60eb8,2026-01-22T16:48:19Z,US,NY,influencer,True,2026-01-22T16:48:19Z,influencer
102316,000005c60f7f,2026-02-08T22:59:20Z,US,PA,tiktok,True,2026-02-08T22:59:20Z,tiktok_ads
100491,000005cbab3d,2025-09-01T11:45:18Z,US,VA,meta,False,2025-09-01T11:45:18Z,meta_ads
103988,000005cbac04,2026-06-24T01:58:06Z,US,NC,Google,True,2026-06-24T01:58:06Z,google_ads
102372,000005d06c41,2026-02-13T21:15:45Z,US,CO,meta,True,2026-02-13T21:15:45Z,meta_ads
101640,000005d06d08,2025-12-01T01:26:32Z,US,WI,referral,True,2025-12-01T01:26:32Z,referral
100852,000005d608c6,2025-10-08T22:18:04Z,US,IN,google_ads,True,2025-10-08T22:18:04Z,google_ads
101040,000005daca91,2025-10-26T13:19:42Z,US,WA,google_ads,True,2025-10-26T13:19:42Z,google_ads
101557,000005e0664f,2025-11-29T12:42:53Z,US,MI,facebook_ads,True,2025-11-29T12:42:53Z,meta_ads
102564,000006204f28,2026-03-03T11:21:17Z,US,FL,tiktok,False,2026-03-03T11:21:17Z,tiktok_ads
100067,00000625eae6,2025-07-08T21:13:19Z,GB,ENG,influencer,True,2025-07-08T21:13:19Z,influencer
102331,0000062aacb1,2026-02-09T23:38:33Z,US,CA,meta,True,2026-02-09T23:38:33Z,meta_ads
100452,0000062f6db5,2025-08-25T22:14:00Z,AU,QLD,meta,False,2025-08-25T22:14:00Z,meta_ads
100751,00000630486f,2025-09-29T23:07:38Z,CA,BC,meta,True,2025-09-29T23:07:38Z,meta_ads
102277,000006350973,2026-02-06T02:55:49Z,US,NY,organic_search,True,2026-02-06T02:55:49Z,organic_search
101084,000006350a3a,2025-10-31T17:49:58Z,AU,NSW,organic_search,True,2025-10-31T17:49:58Z,organic_search
100849,0000063aa5f8,2025-10-08T13:42:10Z,US,TN,organic_search,True,2025-10-08T13:42:10Z,organic_search
102333,0000063f66fc,2026-02-10T02:24:53Z,US,MN,influencer,True,2026-02-10T02:24:53Z,influencer
101347,0000063f67c3,2025-11-25T14:27:17Z,US,VA,organic_search,True,2025-11-25T14:27:17Z,organic_search
101266,000006450381,2025-11-24T11:25:50Z,US,GA,meta,False,2025-11-24T11:25:50Z,meta_ads
102611,00000649c485,2026-03-10T23:39:14Z,US,NY,tiktok,False,2026-03-10T23:39:14Z,tiktok_ads
101258,00000649c54c,2025-11-24T04:23:10Z,US,GA,referral,True,2025-11-24T04:23:10Z,referral
101726,0000064f610a,2025-12-06T15:04:40Z,US,CA,tiktok,False,2025-12-06T15:04:40Z,tiktok_ads
103620,00000654220e,2026-05-26T01:19:31Z,CA,ON,,True,2026-05-26T01:19:31Z,unknown
100588,0000065422d5,2025-09-11T04:25:10Z,US,NY,google_ads,True,2025-09-11T04:25:10Z,google_ads
103920,0000065e7f97,2026-06-19T22:54:59Z,CA,BC,meta,True,2026-06-19T22:54:59Z,meta_ads
103354,0000068c6489,2026-05-05T00:33:46Z,US,CA,google_ads,True,2026-05-05T00:33:46Z,google_ads
101792,00000699a76c,2025-12-12T21:46:49Z,US,CA,direct,True,2025-12-12T21:46:49Z,direct
102621,000006a4042e,2026-03-12T14:41:07Z,US,WI,tiktok,True,2026-03-12T14:41:07Z,tiktok_ads
103226,000006ae61b7,2026-04-24T05:27:04Z,US,NY,meta,True,2026-04-24T05:27:04Z,meta_ads
101386,000006ae627e,2025-11-26T03:21:43Z,AU,NSW,organic_search,False,2025-11-26T03:21:43Z,organic_search
103372,000006b8bf40,2026-05-06T00:35:45Z,US,AZ,google_ads,True,2026-05-06T00:35:45Z,google_ads
100642,000006b8c007,2025-09-17T18:28:17Z,US,MI,meta,False,2025-09-17T18:28:17Z,meta_ads
104025,000006c31cc9,2026-06-27T10:31:58Z,US,WA,tiktok,True,2026-06-27T10:31:58Z,tiktok_ads
100430,000006c31d90,2025-08-22T13:48:49Z,US,FL,direct,False,2025-08-22T13:48:49Z,direct
100447,000006f100f4,2025-08-25T02:56:37Z,US,CA,organic_search,True,2025-08-25T02:56:37Z,organic_search
103697,000006f101bb,2026-06-01T16:21:15Z,US,MN,meta,True,2026-06-01T16:21:15Z,meta_ads
100796,000006fb5e7d,2025-10-03T13:23:00Z,US,CA,influencer,True,2025-10-03T13:23:00Z,influencer
103345,000006fb5f44,2026-05-04T14:10:49Z,US,OH,organic_search,True,2026-05-04T14:10:49Z,organic_search
101565,00000705bc06,2025-11-29T14:07:53Z,US,MA,organic_search,True,2025-11-29T14:07:53Z,organic_search
103097,00000705bccd,2026-04-15T10:40:29Z,US,CA,tiktok,True,2026-04-15T10:40:29Z,tiktok_ads
101342,00000710198f,2025-11-25T13:45:39Z,US,VA,organic_search,True,2025-11-25T13:45:39Z,organic_search
103515,0000071d5c72,2026-05-16T10:53:44Z,US,FL,Direct,True,2026-05-16T10:53:44Z,direct
103887,00000727b9fb,2026-06-16T17:58:55Z,CA,QC,google_ads,False,2026-06-16T17:58:55Z,google_ads
100464,000007559e26,2025-08-27T15:48:36Z,US,NY,influencer,True,2025-08-27T15:48:36Z,influencer
103828,000007559eed,2026-06-12T11:16:01Z,GB,SCT,google_ads,True,2026-06-12T11:16:01Z,google_ads
102130,0000075a5ff1,2026-01-19T21:05:40Z,US,NY,organic_search,False,2026-01-19T21:05:40Z,organic_search
100825,0000075ffbaf,2025-10-06T16:42:32Z,GB,ENG,organic_search,False,2025-10-06T16:42:32Z,organic_search
103484,0000075ffc76,2026-05-13T11:35:46Z,US,CA,meta,False,2026-05-13T11:35:46Z,meta_ads
102856,00000764bcb3,2026-03-22T23:11:11Z,AU,VIC,influencer,False,2026-03-22T23:11:11Z,influencer
101881,00000764bd7a,2025-12-21T01:05:01Z,US,AZ,meta,True,2025-12-21T01:05:01Z,meta_ads
101431,0000076a5938,2025-11-26T22:56:26Z,CA,AB,Facebook,False,2025-11-26T22:56:26Z,meta_ads
103286,0000076a59ff,2026-04-29T16:39:06Z,US,IL,organic_search,True,2026-04-29T16:39:06Z,organic_search
103158,0000076f1a3c,2026-04-19T13:12:51Z,US,MI,tiktok,True,2026-04-19T13:12:51Z,tiktok_ads
101173,0000076f1b03,2025-11-13T06:03:21Z,US,CA,influencer,True,2025-11-13T06:03:21Z,influencer
101120,00000774b6c1,2025-11-06T01:54:12Z,US,MD,meta,True,2025-11-06T01:54:12Z,meta_ads
102842,00000774b788,2026-03-21T23:29:10Z,US,CA,direct,False,2026-03-21T23:29:10Z,direct
103580,0000077977c5,2026-05-22T22:50:23Z,GB,ENG,facebook_ads,False,2026-05-22T22:50:23Z,meta_ads
101046,00000779788c,2025-10-26T18:33:24Z,US,VA,meta,True,2025-10-26T18:33:24Z,meta_ads
102116,0000077f144a,2026-01-18T13:40:49Z,US,MD,google_ads,True,2026-01-18T13:40:49Z,google_ads
103739,00000783d54e,2026-06-04T20:56:46Z,US,CA,referral,True,2026-06-04T20:56:46Z,referral
100299,00000783d615,2025-08-07T02:52:16Z,US,NC,meta,False,2025-08-07T02:52:16Z,meta_ads
102477,0000078971d3,2026-02-22T23:40:14Z,US,CA,tiktok,False,2026-02-22T23:40:14Z,tiktok_ads
101645,000007c95aac,2025-12-01T02:10:47Z,US,TX,organic_search,True,2025-12-01T02:10:47Z,organic_search
101636,000007cef66a,2025-11-30T23:17:39Z,US,TX,Direct,True,2025-11-30T23:17:39Z,direct
101390,000007d3b835,2025-11-26T09:55:33Z,CA,AB,influencer,False,2025-11-26T09:55:33Z,influencer
101185,000007d953f3,2025-11-15T02:06:47Z,US,FL,,True,2025-11-15T02:06:47Z,unknown
103538,000007de14f7,2026-05-17T23:07:45Z,US,AZ,meta,True,2026-05-17T23:07:45Z,meta_ads
101070,000007de15be,2025-10-29T16:48:50Z,US,CA,organic_search,False,2025-10-29T16:48:50Z,organic_search
102221,000007e3b17c,2026-01-31T13:03:13Z,US,WA,direct,False,2026-01-31T13:03:13Z,direct
103872,000007e87280,2026-06-15T14:09:47Z,US,CA,IG,False,2026-06-15T14:09:47Z,meta_ads
100309,000007e87347,2025-08-08T13:59:47Z,CA,QC,facebook_ads,False,2025-08-08T13:59:47Z,meta_ads
102540,000007ee0f05,2026-02-28T19:43:47Z,US,MA,direct,True,2026-02-28T19:43:47Z,direct
100242,000007f2d0d0,2025-07-30T15:03:43Z,CA,BC,meta,True,2025-07-30T15:03:43Z,meta_ads
102792,000007f86c8e,2026-03-20T10:15:08Z,US,CO,Direct,True,2026-03-20T10:15:08Z,direct
100137,0000081656ab,2025-07-17T13:01:02Z,US,NH,direct,False,2025-07-17T13:01:02Z,direct
103321,000008165772,2026-05-02T21:12:21Z,CA,QC,influencer,True,2026-05-02T21:12:21Z,influencer
100595,00000820b434,2025-09-12T07:26:28Z,CA,ON,organic_search,False,2025-09-12T07:26:28Z,organic_search
103886,00000820b4fb,2026-06-16T15:56:02Z,US,NY,organic_search,False,2026-06-16T15:56:02Z,organic_search
101075,0000082b11bd,2025-10-30T12:58:01Z,GB,SCT,organic_search,True,2025-10-30T12:58:01Z,organic_search
103660,0000082b1284,2026-05-28T19:49:45Z,US,OR,meta,False,2026-05-28T19:49:45Z,meta_ads
102672,00000835700d,2026-03-15T09:00:04Z,US,IL,influencer,True,2026-03-15T09:00:04Z,influencer
100871,00000842b2f0,2025-10-10T13:28:45Z,US,VA,direct,False,2025-10-10T13:28:45Z,direct
103832,0000084d0fb2,2026-06-12T19:12:27Z,US,OH,,False,2026-06-12T19:12:27Z,unknown
100469,0000084d1079,2025-08-28T10:16:46Z,US,CA,organic_search,True,2025-08-28T10:16:46Z,organic_search
100168,000008576e02,2025-07-21T00:04:08Z,US,MI,meta,False,2025-07-21T00:04:08Z,meta_ads
103165,0000087af4a4,2026-04-20T01:20:24Z,US,IL,meta,True,2026-04-20T01:20:24Z,meta_ads
103971,00000885522d,2026-06-22T21:15:54Z,US,NY,referral,True,2026-06-22T21:15:54Z,referral
101813,0000088a1331,2025-12-15T10:35:09Z,CA,QC,direct,False,2025-12-15T10:35:09Z,direct
100975,0000088faeef,2025-10-20T09:23:52Z,US,CA,influencer,True,2025-10-20T09:23:52Z,influencer
103346,0000088fafb6,2026-05-04T15:37:41Z,US,CA,google_ads,True,2026-05-04T15:37:41Z,google_ads
101195,0000089470ba,2025-11-16T20:24:55Z,US,NH,google_ads,True,2025-11-16T20:24:55Z,google_ads
101440,0000089a0c78,2025-11-27T01:41:40Z,US,NC,google_ads,True,2025-11-27T01:41:40Z,google_ads
102767,0000089a0d3f,2026-03-19T02:53:46Z,US,FL,meta,True,2026-03-19T02:53:46Z,meta_ads
101867,000008a46a01,2025-12-19T13:27:13Z,US,CA,IG,True,2025-12-19T13:27:13Z,meta_ads
102362,000008a46ac8,2026-02-13T09:13:19Z,US,NJ,tiktok,False,2026-02-13T09:13:19Z,tiktok_ads
100361,000008aa0686,2025-08-14T02:18:14Z,AU,VIC,google_ads,False,2025-08-14T02:18:14Z,google_ads
102269,000008aec78a,2026-02-05T12:36:11Z,US,IL,tiktok,True,2026-02-05T12:36:11Z,tiktok_ads
102682,000008b92513,2026-03-15T23:19:04Z,US,CA,influencer,False,2026-03-15T23:19:04Z,influencer
103223,000008f44ce8,2026-04-24T01:13:30Z,AU,WA,TikTok,True,2026-04-24T01:13:30Z,tiktok_ads
101351,000008fea9aa,2025-11-25T15:14:07Z,US,NC,Google,False,2025-11-25T15:14:07Z,google_ads
102587,000008feaa71,2026-03-07T01:51:58Z,GB,SCT,organic_search,True,2026-03-07T01:51:58Z,organic_search
100879,000009036b75,2025-10-11T01:26:25Z,US,FL,,True,2025-10-11T01:26:25Z,unknown
101202,000009090733,2025-11-17T21:28:55Z,US,IN,meta,True,2025-11-17T21:28:55Z,meta_ads
102138,000009090733,2026-01-21T07:06:54Z,US,IN,,False,2026-01-21T07:06:54Z,unknown
102489,0000090907fa,2026-02-24T13:02:43Z,US,CA,TikTok,True,2026-02-24T13:02:43Z,tiktok_ads
104043,0000090dc837,2026-06-29T03:05:33Z,US,IN,meta,False,2026-06-29T03:05:33Z,meta_ads
100547,0000090dc8fe,2025-09-06T23:22:13Z,US,MO,google_ads,False,2025-09-06T23:22:13Z,google_ads
102490,0000091364bc,2026-02-24T14:57:41Z,US,PA,tiktok,True,2026-02-24T14:57:41Z,tiktok_ads
102117,000009136583,2026-01-18T13:46:39Z,US,FL,meta,True,2026-01-18T13:46:39Z,meta_ads
103000,0000091825c0,2026-04-07T07:22:57Z,US,NY,influencer,True,2026-04-07T07:22:57Z,influencer
100052,000009182687,2025-07-07T13:40:46Z,US,CA,meta,True,2025-07-07T13:40:46Z,meta_ads
102367,0000091dc245,2026-02-13T13:16:47Z,US,PA,Facebook,True,2026-02-13T13:16:47Z,meta_ads
101864,0000091dc30c,2025-12-19T07:16:11Z,US,MN,tiktok,False,2025-12-19T07:16:11Z,tiktok_ads
102454,000009281fce,2026-02-21T07:34:46Z,GB,ENG,google_ads,True,2026-02-21T07:34:46Z,google_ads
100201,0000096abf0b,2025-07-26T01:03:02Z,US,IN,tiktok,True,2025-07-26T01:03:02Z,tiktok_ads
100761,000009726630,2025-09-30T14:23:32Z,US,GA,Facebook,True,2025-09-30T14:23:32Z,meta_ads
102451,0000097801ee,2026-02-21T01:32:19Z,US,FL,,True,2026-02-21T01:32:19Z,unknown
100728,0000097cc2f2,2025-09-27T04:41:16Z,US,TN,Facebook,True,2025-09-27T04:41:16Z,meta_ads
100080,0000097cc3b9,2025-07-10T11:15:53Z,US,MO,,False,2025-07-10T11:15:53Z,unknown
102551,000009825f77,2026-03-01T14:57:10Z,US,CA,organic_search,True,2026-03-01T14:57:10Z,organic_search
103011,0000098cbd00,2026-04-07T22:27:56Z,US,TX,organic_search,False,2026-04-07T22:27:56Z,organic_search
103438,000009971a89,2026-05-10T00:05:44Z,US,MN,meta,True,2026-05-10T00:05:44Z,meta_ads
103930,000009a17812,2026-06-20T15:35:05Z,US,VA,,False,2026-06-20T15:35:05Z,unknown
103305,000009b5056d,2026-05-01T20:49:30Z,US,MN,meta,True,2026-05-01T20:49:30Z,meta_ads
103131,000009bf62f6,2026-04-17T21:07:57Z,US,MA,direct,True,2026-04-17T21:07:57Z,direct
101063,000009c9bfb8,2025-10-28T05:42:31Z,US,CA,google_ads,True,2025-10-28T05:42:31Z,google_ads
102182,000009c9bfb8,2026-01-26T18:30:48Z,US,CA,,False,2026-01-26T18:30:48Z,unknown
102924,000009c9c07f,2026-03-31T00:37:47Z,US,WA,organic_search,False,2026-03-31T00:37:47Z,organic_search
101641,000009cf5d04,2025-12-01T01:27:01Z,US,GA,meta,True,2025-12-01T01:27:01Z,meta_ads
102161,000009d41d41,2026-01-24T13:13:44Z,US,FL,google_ads,False,2026-01-24T13:13:44Z,google_ads
102409,000009d41e08,2026-02-16T14:35:05Z,US,MI,Google,True,2026-02-16T14:35:05Z,google_ads
100688,000009d9b9c6,2025-09-23T13:03:13Z,US,FL,meta,True,2025-09-23T13:03:13Z,meta_ads
102296,000009de7aca,2026-02-07T11:53:19Z,US,IN,,True,2026-02-07T11:53:19Z,unknown
101743,000009de7b91,2025-12-08T16:16:32Z,US,GA,google_ads,True,2025-12-08T16:16:32Z,google_ads
102808,000009e8d853,2026-03-20T20:57:37Z,US,FL,google_ads,True,2026-03-20T20:57:37Z,google_ads
103135,00000a240028,2026-04-18T00:56:42Z,US,CA,Facebook,False,2026-04-18T00:56:42Z,meta_ads
101852,00000a2e5cea,2025-12-18T06:21:27Z,US,CA,meta,True,2025-12-18T06:21:27Z,meta_ads
102607,00000a2e5db1,2026-03-10T02:46:48Z,US,NY,influencer,False,2026-03-10T02:46:48Z,influencer
100807,00000a331eb5,2025-10-04T14:04:12Z,US,IN,influencer,True,2025-10-04T14:04:12Z,influencer
100250,00000a33f96f,2025-07-31T14:29:27Z,US,CA,Facebook,True,2025-07-31T14:29:27Z,meta_ads
102027,00000a38ba73,2026-01-07T23:59:30Z,US,WI,google_ads,False,2026-01-07T23:59:30Z,google_ads
102366,00000a38bb3a,2026-02-13T12:31:34Z,US,FL,meta,False,2026-02-13T12:31:34Z,meta_ads
100287,00000a3d7c3e,2025-08-06T00:10:32Z,US,TX,direct,False,2025-08-06T00:10:32Z,direct
100693,00000a3e56f8,2025-09-23T16:09:48Z,US,WI,influencer,False,2025-09-23T16:09:48Z,influencer
102407,00000a4317fc,2026-02-16T12:03:11Z,US,AZ,organic_search,True,2026-02-16T12:03:11Z,organic_search
101913,00000a4318c3,2025-12-27T00:43:09Z,US,CA,organic_search,False,2025-12-27T00:43:09Z,organic_search
100928,00000a48b481,2025-10-15T14:42:11Z,US,MI,Influencer,True,2025-10-15T14:42:11Z,influencer
102679,00000a4d7585,2026-03-15T20:27:06Z,US,DE,meta,False,2026-03-15T20:27:06Z,meta_ads
101622,00000a4d764c,2025-11-30T20:50:25Z,US,CO,direct,True,2025-11-30T20:50:25Z,direct
101239,00000a53120a,2025-11-23T18:13:01Z,US,MA,IG,True,2025-11-23T18:13:01Z,meta_ads
103495,00000a57d30e,2026-05-14T01:18:50Z,US,WA,meta,True,2026-05-14T01:18:50Z,meta_ads
103759,00000a623097,2026-06-07T03:21:23Z,US,AZ,organic_search,True,2026-06-07T03:21:23Z,organic_search
100066,00000a9014c2,2025-07-08T20:56:09Z,US,AZ,meta,True,2025-07-08T20:56:09Z,meta_ads
101957,00000a9d586c,2026-01-02T16:25:23Z,US,FL,organic_search,True,2026-01-02T16:25:23Z,organic_search
100266,00000aa21970,2025-08-02T13:07:45Z,US,CA,referral,False,2025-08-02T13:07:45Z,referral
102271,00000aa7b52e,2026-02-05T13:53:39Z,US,WA,influencer,True,2026-02-05T13:53:39Z,influencer
101810,00000aa7b5f5,2025-12-14T21:15:58Z,CA,BC,,False,2025-12-14T21:15:58Z,unknown
102864,00000ab212b7,2026-03-24T00:58:56Z,US,MA,meta,True,2026-03-24T00:58:56Z,meta_ads
101078,00000ab2137e,2025-10-30T16:19:53Z,US,TX,google_ads,False,2025-10-30T16:19:53Z,google_ads
103600,00000abc7040,2026-05-24T13:51:18Z,US,CA,influencer,False,2026-05-24T13:51:18Z,influencer
101029,00000abc7107,2025-10-25T15:02:57Z,US,GA,organic_search,True,2025-10-25T15:02:57Z,organic_search
103944,00000ac6cdc9,2026-06-21T12:10:07Z,US,FL,tiktok,True,2026-06-21T12:10:07Z,tiktok_ads
100569,00000ac6ce90,2025-09-08T22:26:00Z,US,MA,meta,True,2025-09-08T22:26:00Z,meta_ads
102453,00000ad12b52,2026-02-21T03:30:13Z,CA,ON,Facebook,True,2026-02-21T03:30:13Z,meta_ads
103252,00000ae4b8ad,2026-04-26T16:26:26Z,CA,AB,organic_search,True,2026-04-26T16:26:26Z,organic_search
102929,00000aef1636,2026-03-31T18:06:55Z,US,NJ,google_ads,True,2026-03-31T18:06:55Z,google_ads
100172,00000af4b1f4,2025-07-21T02:42:53Z,US,MN,influencer,True,2025-07-21T02:42:53Z,influencer
100256,00000aff0f7d,2025-08-01T06:26:24Z,CA,ON,organic_search,True,2025-08-01T06:26:24Z,organic_search
103943,00000aff1044,2026-06-21T11:55:04Z,CA,AB,referral,True,2026-06-21T11:55:04Z,referral
100999,00000b096d06,2025-10-22T12:39:08Z,US,CA,google_ads,False,2025-10-22T12:39:08Z,google_ads
101467,00000b13ca8f,2025-11-27T15:44:10Z,US,TX,referral,False,2025-11-27T15:44:10Z,referral
103435,00000b210d72,2026-05-09T17:22:11Z,US,CA,influencer,True,2026-05-09T17:22:11Z,influencer
103978,00000b2b6afb,2026-06-23T12:28:52Z,US,IL,influencer,True,2026-06-23T12:28:52Z,influencer
103714,00000b35c884,2026-06-03T00:56:09Z,US,CA,meta,True,2026-06-03T00:56:09Z,meta_ads
102677,00000b53b368,2026-03-15T20:23:29Z,US,MI,meta,True,2026-03-15T20:23:29Z,meta_ads
100198,00000b594f26,2025-07-25T15:37:34Z,GB,ENG,,True,2025-07-25T15:37:34Z,unknown
102245,00000b5e10f1,2026-02-03T00:29:54Z,CA,QC,,True,2026-02-03T00:29:54Z,unknown
100258,00000b63acaf,2025-08-01T12:17:57Z,GB,SCT,organic_search,True,2025-08-01T12:17:57Z,organic_search
104009,00000b63ad76,2026-06-25T15:22:26Z,US,GA,direct,False,2026-06-25T15:22:26Z,direct
102437,00000b686db3,2026-02-19T15:18:38Z,US,CA,referral,False,2026-02-19T15:18:38Z,referral
102050,00000b686e7a,2026-01-09T22:30:23Z,US,CA,organic_search,True,2026-01-09T22:30:23Z,organic_search
100920,00000b6e0a38,2025-10-14T13:58:17Z,CA,AB,meta,False,2025-10-14T13:58:17Z,meta_ads
103690,00000b6e0aff,2026-05-31T13:29:05Z,US,NY,,True,2026-05-31T13:29:05Z,unknown
102834,00000b72cb3c,2026-03-21T20:16:44Z,US,TN,direct,False,2026-03-21T20:16:44Z,direct
101553,00000b72cc03,2025-11-29T11:29:01Z,US,MA,meta,True,2025-11-29T11:29:01Z,meta_ads
101600,00000b7867c1,2025-11-30T10:56:15Z,US,CA,meta,False,2025-11-30T10:56:15Z,meta_ads
103289,00000b786888,2026-04-29T22:58:13Z,US,PA,organic_search,False,2026-04-29T22:58:13Z,organic_search
103129,00000b7d28c5,2026-04-17T16:49:27Z,US,IN,TikTok,True,2026-04-17T16:49:27Z,tiktok_ads
101375,00000b7d298c,2025-11-25T23:02:14Z,US,NC,direct,False,2025-11-25T23:02:14Z,direct
101754,00000b82c54a,2025-12-09T13:46:30Z,US,IL,organic_search,True,2025-12-09T13:46:30Z,organic_search
103575,00000b87864e,2026-05-22T14:30:05Z,US,MA,organic_search,True,2026-05-22T14:30:05Z,organic_search
100880,00000b878715,2025-10-11T02:29:46Z,US,CA,Direct,True,2025-10-11T02:29:46Z,direct
104061,00000b91e3d7,2026-06-30T14:12:40Z,GB,WLS,organic_search,False,2026-06-30T14:12:40Z,organic_search
101967,00000bcd0bac,2026-01-03T02:04:56Z,US,NY,Google,True,2026-01-03T02:04:56Z,google_ads
100770,00000bd2a76a,2025-10-01T11:26:37Z,US,OH,google_ads,True,2025-10-01T11:26:37Z,google_ads
102865,00000bd7686e,2026-03-24T01:18:56Z,US,IL,meta,True,2026-03-24T01:18:56Z,meta_ads
101287,00000bd76935,2025-11-24T17:23:15Z,US,VA,meta,False,2025-11-24T17:23:15Z,meta_ads
103045,00000be1c5f7,2026-04-10T12:02:46Z,CA,BC,organic_search,True,2026-04-10T12:02:46Z,organic_search
101337,00000be1c6be,2025-11-25T12:36:59Z,US,WI,referral,True,2025-11-25T12:36:59Z,referral
101675,00000be7627c,2025-12-01T23:51:59Z,US,NH,referral,True,2025-12-01T23:51:59Z,referral
103434,00000bec2380,2026-05-09T15:49:28Z,US,TX,IG,True,2026-05-09T15:49:28Z,meta_ads
100925,00000bec2447,2025-10-15T01:02:27Z,GB,WLS,facebook_ads,True,2025-10-15T01:02:27Z,meta_ads
102158,00000bf1c005,2026-01-24T03:35:01Z,US,IN,direct,False,2026-01-24T03:35:01Z,direct
104021,00000bf68109,2026-06-26T21:16:29Z,CA,ON,meta,True,2026-06-26T21:16:29Z,meta_ads
102309,00000bfc1d8e,2026-02-08T12:48:30Z,US,NY,meta,False,2026-02-08T12:48:30Z,meta_ads
100294,00000c246534,2025-08-06T13:58:11Z,US,NJ,Facebook,True,2025-08-06T13:58:11Z,meta_ads
103928,00000c2465fb,2026-06-20T13:22:25Z,US,NC,,True,2026-06-20T13:22:25Z,unknown
100708,00000c2ec2bd,2025-09-25T02:43:43Z,US,CA,Facebook,False,2025-09-25T02:43:43Z,meta_ads
103518,00000c2ec384,2026-05-16T12:06:58Z,US,CO,Google,False,2026-05-16T12:06:58Z,google_ads
101542,00000c392046,2025-11-29T03:51:46Z,US,IL,,True,2025-11-29T03:51:46Z,unknown
103266,00000c39210d,2026-04-27T22:49:52Z,US,CA,google_ads,False,2026-04-27T22:49:52Z,google_ads
101112,00000c437dcf,2025-11-04T22:01:48Z,GB,WLS,meta,False,2025-11-04T22:01:48Z,meta_ads
101418,00000c4663f0,2025-11-26T19:15:08Z,US,CA,facebook_ads,True,2025-11-26T19:15:08Z,meta_ads
103215,00000c50c0b2,2026-04-23T14:10:52Z,US,PA,google_ads,True,2026-04-23T14:10:52Z,google_ads
100577,00000c50c179,2025-09-09T17:59:42Z,US,VA,Facebook,True,2025-09-09T17:59:42Z,meta_ads
103703,00000c5b1e3b,2026-06-02T00:07:08Z,US,MD,tiktok,True,2026-06-02T00:07:08Z,tiktok_ads
100327,00000c5b1f02,2025-08-10T23:42:03Z,US,CO,organic_search,True,2025-08-10T23:42:03Z,organic_search
100416,00000c890266,2025-08-19T21:20:55Z,US,NH,meta,False,2025-08-19T21:20:55Z,meta_ads
103924,00000c89032d,2026-06-20T12:24:56Z,AU,VIC,meta,True,2026-06-20T12:24:56Z,meta_ads
102081,00000c8dc431,2026-01-12T19:39:27Z,US,CA,meta,True,2026-01-12T19:39:27Z,meta_ads
100744,00000c935fef,2025-09-29T09:13:18Z,US,OR,direct,True,2025-09-29T09:13:18Z,direct
103508,00000c9360b6,2026-05-15T13:38:39Z,US,TX,,False,2026-05-15T13:38:39Z,unknown
101217,00000c9821ba,2025-11-20T02:10:22Z,US,PA,influencer,False,2025-11-20T02:10:22Z,influencer
101611,00000c9dbd78,2025-11-30T16:15:18Z,US,GA,facebook_ads,False,2025-11-30T16:15:18Z,meta_ads
103250,00000c9dbe3f,2026-04-26T15:50:03Z,US,AZ,organic_search,False,2026-04-26T15:50:03Z,organic_search
101509,00000ca27f43,2025-11-28T12:32:53Z,US,VA,direct,True,2025-11-28T12:32:53Z,direct
101462,00000ca81b01,2025-11-27T14:49:43Z,US,NY,,True,2025-11-27T14:49:43Z,unknown
102892,00000ca81bc8,2026-03-26T14:21:20Z,US,FL,organic_search,True,2026-03-26T14:21:20Z,organic_search
100075,00000cadb786,2025-07-09T15:20:57Z,US,CO,meta,True,2025-07-09T15:20:57Z,meta_ads
101664,00000cb2788a,2025-12-01T16:33:44Z,US,IN,organic_search,False,2025-12-01T16:33:44Z,organic_search
103471,00000cf7fde8,2026-05-12T14:52:08Z,US,WA,Direct,False,2026-05-12T14:52:08Z,direct
101683,00000cfcbeec,2025-12-03T01:39:26Z,US,VA,referral,True,2025-12-03T01:39:26Z,referral
101537,00000d025aaa,2025-11-29T00:37:21Z,US,AZ,tiktok,False,2025-11-29T00:37:21Z,tiktok_ads
102977,00000d025b71,2026-04-05T00:53:49Z,US,TN,google_ads,True,2026-04-05T00:53:49Z,google_ads
102918,00000d071bae,2026-03-30T04:06:11Z,US,CO,Google,True,2026-03-30T04:06:11Z,google_ads
101212,00000d071c75,2025-11-18T18:28:33Z,US,NY,organic_search,True,2025-11-18T18:28:33Z,organic_search
101142,00000d0cb833,2025-11-08T21:39:07Z,US,CA,organic_search,True,2025-11-08T21:39:07Z,organic_search
102758,00000d0cb8fa,2026-03-18T20:38:57Z,US,TX,Influencer,True,2026-03-18T20:38:57Z,influencer
103559,00000d117937,2026-05-20T01:22:53Z,US,NJ,meta,True,2026-05-20T01:22:53Z,meta_ads
100777,00000d1179fe,2025-10-01T13:14:39Z,US,NH,organic_search,True,2025-10-01T13:14:39Z,organic_search
101899,00000d1715bc,2025-12-23T17:04:37Z,US,WA,google_ads,True,2025-12-23T17:04:37Z,google_ads
102222,00000d171683,2026-01-31T15:36:26Z,US,NY,Google,False,2026-01-31T15:36:26Z,google_ads
103728,00000d1bd6c0,2026-06-04T05:20:17Z,US,CA,tiktok,True,2026-06-04T05:20:17Z,tiktok_ads
100685,00000d1bd787,2025-09-23T07:20:44Z,AU,QLD,organic_search,True,2025-09-23T07:20:44Z,organic_search
102320,00000d217345,2026-02-09T05:53:54Z,US,IN,meta,False,2026-02-09T05:53:54Z,meta_ads
102001,00000d21740c,2026-01-05T15:27:14Z,US,VA,Facebook,True,2026-01-05T15:27:14Z,meta_ads
103166,00000d263449,2026-04-20T02:40:52Z,US,TX,Facebook,True,2026-04-20T02:40:52Z,meta_ads
100063,00000d263510,2025-07-08T14:13:25Z,AU,NSW,meta,True,2025-07-08T14:13:25Z,meta_ads
102308,00000d2bd0ce,2026-02-08T12:16:17Z,AU,VIC,referral,True,2026-02-08T12:16:17Z,referral
102151,00000d49bbb2,2026-01-23T18:59:09Z,GB,ENG,google_ads,True,2026-01-23T18:59:09Z,google_ads
101066,00000d761730,2025-10-28T16:53:23Z,US,CA,IG,False,2025-10-28T16:53:23Z,meta_ads
103814,00000d8073f2,2026-06-11T10:40:57Z,US,OH,influencer,True,2026-06-11T10:40:57Z,influencer
100551,00000d8074b9,2025-09-07T03:01:56Z,US,NC,facebook_ads,True,2025-09-07T03:01:56Z,meta_ads
102509,00000d861077,2026-02-26T14:08:46Z,AU,VIC,direct,False,2026-02-26T14:08:46Z,direct
101787,00000d8ad17b,2025-12-12T11:39:24Z,US,OH,organic_search,True,2025-12-12T11:39:24Z,organic_search
100230,00000d8ad242,2025-07-29T08:23:47Z,US,AZ,direct,False,2025-07-29T08:23:47Z,direct
102715,00000d906e00,2026-03-17T02:58:25Z,US,PA,meta,True,2026-03-17T02:58:25Z,meta_ads
103293,00000d9acb89,2026-04-30T11:01:47Z,US,NJ,meta,False,2026-04-30T11:01:47Z,meta_ads
103499,00000da52912,2026-05-14T10:10:37Z,US,NY,,False,2026-05-14T10:10:37Z,unknown
101723,00000dae58e4,2025-12-06T02:49:24Z,US,TX,organic_search,True,2025-12-06T02:49:24Z,organic_search
103771,00000db8b66d,2026-06-07T23:33:51Z,US,NY,meta,False,2026-06-07T23:33:51Z,meta_ads
100934,00000dc3132f,2025-10-16T13:31:30Z,US,MI,Direct,True,2025-10-16T13:31:30Z,direct
103260,00000dc313f6,2026-04-27T13:45:11Z,US,TN,tiktok,True,2026-04-27T13:45:11Z,tiktok_ads
101234,00000dcd70b8,2025-11-22T23:20:25Z,AU,VIC,direct,True,2025-11-22T23:20:25Z,direct
103203,00000dcd717f,2026-04-22T16:54:36Z,US,VA,organic_search,True,2026-04-22T16:54:36Z,organic_search
101901,00000dd7ce41,2025-12-24T02:51:54Z,US,MN,referral,False,2025-12-24T02:51:54Z,referral
102813,00000dd7cf08,2026-03-21T00:28:43Z,US,VA,tiktok,True,2026-03-21T00:28:43Z,tiktok_ads
100286,00000ddd6ac6,2025-08-05T18:49:31Z,US,MD,organic_search,True,2025-08-05T18:49:31Z,organic_search
102017,00000de22bca,2026-01-07T10:47:13Z,US,PA,referral,True,2026-01-07T10:47:13Z,referral
100542,00000de511eb,2025-09-06T13:48:28Z,US,CA,direct,True,2025-09-06T13:48:28Z,direct
102729,00000dec8953,2026-03-17T16:56:17Z,CA,ON,direct,True,2026-03-17T16:56:17Z,direct
100155,00000def6f74,2025-07-19T15:47:40Z,US,IL,organic_search,False,2025-07-19T15:47:40Z,organic_search
103543,00000e27b128,2026-05-18T10:38:58Z,GB,SCT,organic_search,True,2026-05-18T10:38:58Z,organic_search
101199,00000e2c722c,2025-11-17T02:22:59Z,US,CA,meta,False,2025-11-17T02:22:59Z,meta_ads
101443,00000e320dea,2025-11-27T02:30:49Z,US,IL,direct,True,2025-11-27T02:30:49Z,direct
103003,00000e320eb1,2026-04-07T14:18:17Z,US,CA,,False,2026-04-07T14:18:17Z,unknown
101415,00000e36cfb5,2025-11-26T16:49:26Z,US,WA,meta,True,2025-11-26T16:49:26Z,meta_ads
101936,00000e3c6b73,2025-12-29T17:38:42Z,US,NY,,True,2025-12-29T17:38:42Z,unknown
102638,00000e3c6c3a,2026-03-14T00:55:17Z,GB,SCT,meta,False,2026-03-14T00:55:17Z,meta_ads
100208,00000e412d3e,2025-07-26T18:17:05Z,AU,QLD,organic_search,True,2025-07-26T18:17:05Z,organic_search
100292,00000e4207f8,2025-08-06T10:17:15Z,US,TN,organic_search,False,2025-08-06T10:17:15Z,organic_search
101952,00000e46c8fc,2026-01-01T21:00:42Z,US,VA,organic_search,False,2026-01-01T21:00:42Z,organic_search
102058,00000e46c9c3,2026-01-10T14:39:33Z,US,MD,meta,True,2026-01-10T14:39:33Z,meta_ads
100383,00000e4b8ac7,2025-08-16T21:16:46Z,US,OH,google_ads,False,2025-08-16T21:16:46Z,google_ads
100736,00000e4c6581,2025-09-28T01:27:13Z,US,CA,organic_search,False,2025-09-28T01:27:13Z,organic_search
102662,00000e512685,2026-03-14T20:03:47Z,US,PA,organic_search,True,2026-03-14T20:03:47Z,organic_search
101942,00000e51274c,2025-12-30T13:16:39Z,US,FL,meta,True,2025-12-30T13:16:39Z,meta_ads
101361,00000e56c30a,2025-11-25T18:52:00Z,US,GA,direct,True,2025-11-25T18:52:00Z,direct
102986,00000e5b840e,2026-04-05T20:41:29Z,US,NC,google_ads,True,2026-04-05T20:41:29Z,google_ads
100243,00000e9e234b,2025-07-30T15:44:46Z,US,CA,direct,False,2025-07-30T15:44:46Z,direct
102782,00000ea1096c,2026-03-19T22:06:33Z,US,WA,organic_search,False,2026-03-19T22:06:33Z,organic_search
100575,00000ea5ca70,2025-09-09T13:35:11Z,US,VA,direct,False,2025-09-09T13:35:11Z,direct
102162,00000eab662e,2026-01-24T15:23:43Z,US,NY,direct,True,2026-01-24T15:23:43Z,direct
102132,00000eab66f5,2026-01-20T01:41:17Z,CA,AB,,True,2026-01-20T01:41:17Z,unknown
103727,00000eb02732,2026-06-04T02:51:10Z,US,AZ,Facebook,False,2026-06-04T02:51:10Z,meta_ads
100316,00000eb027f9,2025-08-09T22:35:29Z,GB,ENG,referral,True,2025-08-09T22:35:29Z,referral
102589,00000eb5c3b7,2026-03-07T03:09:10Z,US,IN,google_ads,True,2026-03-07T03:09:10Z,google_ads
101800,00000eb5c47e,2025-12-13T15:27:36Z,AU,VIC,meta,True,2025-12-13T15:27:36Z,meta_ads
103230,00000ec02140,2026-04-24T17:46:51Z,US,CO,meta,False,2026-04-24T17:46:51Z,meta_ads
101285,00000ec02207,2025-11-24T17:11:15Z,US,FL,tiktok,True,2025-11-24T17:11:15Z,tiktok_ads
103655,00000eca7ec9,2026-05-28T01:44:13Z,US,MO,google_ads,True,2026-05-28T01:44:13Z,google_ads
101074,00000eca7f90,2025-10-30T00:44:30Z,US,PA,organic_search,True,2025-10-30T00:44:30Z,organic_search
103955,00000ed4dc52,2026-06-21T21:12:31Z,US,WI,direct,False,2026-06-21T21:12:31Z,direct
103459,00000ede0c24,2026-05-11T02:10:18Z,US,MN,tiktok,True,2026-05-11T02:10:18Z,tiktok_ads
103610,00000ee869ad,2026-05-25T11:29:13Z,US,IN,influencer,False,2026-05-25T11:29:13Z,influencer
102979,00000ef2c736,2026-04-05T04:55:01Z,US,IN,organic_search,False,2026-04-05T04:55:01Z,organic_search
102392,00000efd24bf,2026-02-15T01:00:34Z,US,DE,organic_search,False,2026-02-15T01:00:34Z,organic_search
100165,00000f02c07d,2025-07-20T13:52:47Z,US,MO,direct,True,2025-07-20T13:52:47Z,direct
102604,00000f02c144,2026-03-09T16:33:40Z,US,MA,Facebook,True,2026-03-09T16:33:40Z,meta_ads
102346,00000f078248,2026-02-11T23:56:46Z,GB,WLS,referral,True,2026-02-11T23:56:46Z,referral
100719,00000f0d1e06,2025-09-26T00:01:59Z,GB,WLS,,False,2025-09-26T00:01:59Z,unknown
103665,00000f397984,2026-05-29T02:08:09Z,US,NJ,organic_search,True,2026-05-29T02:08:09Z,organic_search
102313,00000f43d70d,2026-02-08T16:54:41Z,US,FL,influencer,True,2026-02-08T16:54:41Z,influencer
103154,00000f576468,2026-04-19T09:43:06Z,GB,ENG,organic_search,True,2026-04-19T09:43:06Z,organic_search
101624,00000f61c12a,2025-11-30T21:00:26Z,US,IL,,True,2025-11-30T21:00:26Z,unknown
102727,00000f61c1f1,2026-03-17T15:59:03Z,US,NY,direct,True,2026-03-17T15:59:03Z,direct
100085,00000f675daf,2025-07-10T23:12:29Z,US,MO,tiktok,False,2025-07-10T23:12:29Z,tiktok_ads
101653,00000f675e76,2025-12-01T11:44:25Z,US,CA,organic_search,True,2025-12-01T11:44:25Z,organic_search
102096,00000f6c1eb3,2026-01-15T21:17:21Z,US,GA,google_ads,True,2026-01-15T21:17:21Z,google_ads
102330,00000f6c1f7a,2026-02-09T23:33:57Z,US,CA,Facebook,True,2026-02-09T23:33:57Z,meta_ads
100755,00000f71bb38,2025-09-30T02:47:04Z,US,FL,organic_search,True,2025-09-30T02:47:04Z,organic_search
103848,00000f71bbff,2026-06-14T02:56:04Z,US,CA,organic_search,False,2026-06-14T02:56:04Z,organic_search
102349,00000f767c3c,2026-02-12T00:51:09Z,US,IN,TikTok,False,2026-02-12T00:51:09Z,tiktok_ads
101149,00000f767d03,2025-11-09T12:22:16Z,US,CO,direct,True,2025-11-09T12:22:16Z,direct
101017,00000f7c18c1,2025-10-24T13:09:44Z,US,IL,google_ads,True,2025-10-24T13:09:44Z,google_ads
103602,00000f7c1988,2026-05-24T14:26:42Z,US,MI,meta,True,2026-05-24T14:26:42Z,meta_ads
102831,00000f80d9c5,2026-03-21T15:40:14Z,US,MN,meta,True,2026-03-21T15:40:14Z,meta_ads
101412,00000f80da8c,2025-11-26T16:31:28Z,US,OR,direct,True,2025-11-26T16:31:28Z,direct
101254,00000f86764a,2025-11-24T03:49:56Z,AU,QLD,referral,False,2025-11-24T03:49:56Z,referral
102972,00000f8b374e,2026-04-04T14:40:53Z,US,OR,organic_search,True,2026-04-04T14:40:53Z,organic_search
103386,00000f9594d7,2026-05-06T21:51:25Z,US,MN,google_ads,True,2026-05-06T21:51:25Z,google_ads
102380,00000fd0bcac,2026-02-14T10:56:09Z,US,TN,meta,True,2026-02-14T10:56:09Z,meta_ads
102402,00000fdb196e,2026-02-16T01:42:55Z,US,NY,,False,2026-02-16T01:42:55Z,unknown
101704,00000fdb1a35,2025-12-04T14:35:06Z,US,CA,tiktok,False,2025-12-04T14:35:06Z,tiktok_ads
100031,00000fdfdb39,2025-07-03T20:46:52Z,US,TX,influencer,True,2025-07-03T20:46:52Z,influencer
101033,00000fe0b5f3,2025-10-26T01:46:20Z,US,CA,google_ads,True,2025-10-26T01:46:20Z,google_ads
102581,00000fe576f7,2026-03-06T16:14:30Z,US,TX,,True,2026-03-06T16:14:30Z,unknown
101192,00000fe577be,2025-11-16T02:49:37Z,CA,BC,organic_search,True,2025-11-16T02:49:37Z,organic_search
101145,00000feb137c,2025-11-09T01:08:55Z,US,TX,Facebook,True,2025-11-09T01:08:55Z,meta_ads
103102,00000fefd480,2026-04-15T16:49:29Z,US,TX,meta,True,2026-04-15T16:49:29Z,meta_ads
101492,00000fefd547,2025-11-28T02:11:48Z,AU,WA,referral,False,2025-11-28T02:11:48Z,referral
101803,00000ff57105,2025-12-13T20:05:02Z,US,MI,,False,2025-12-13T20:05:02Z,unknown
103586,00000ffa3209,2026-05-23T10:46:51Z,US,TN,Influencer,True,2026-05-23T10:46:51Z,influencer
100722,00000ffa32d0,2025-09-26T12:27:48Z,GB,SCT,meta,True,2025-09-26T12:27:48Z,meta_ads
101970,00000fffce8e,2026-01-03T07:22:46Z,US,NJ,facebook_ads,False,2026-01-03T07:22:46Z,meta_ads
103950,000010048f92,2026-06-21T15:42:01Z,US,TX,Facebook,True,2026-06-21T15:42:01Z,meta_ads
100350,0000103273bd,2025-08-12T15:29:15Z,US,PA,google_ads,True,2025-08-12T15:29:15Z,google_ads
103851,000010327484,2026-06-14T12:45:44Z,US,PA,meta,True,2026-06-14T12:45:44Z,meta_ads
100846,0000103cd146,2025-10-08T13:06:42Z,US,WA,google_ads,True,2025-10-08T13:06:42Z,google_ads
101745,0000103fb767,2025-12-08T19:37:21Z,US,WI,google_ads,True,2025-12-08T19:37:21Z,google_ads
101320,000010472ecf,2025-11-25T04:08:26Z,US,CA,Google,False,2025-11-25T04:08:26Z,google_ads
101389,0000104a14f0,2025-11-26T09:16:03Z,US,MN,facebook_ads,True,2025-11-26T09:16:03Z,meta_ads
103080,0000105471b2,2026-04-13T18:38:06Z,US,FL,meta,False,2026-04-13T18:38:06Z,meta_ads
101603,000010547279,2025-11-30T13:52:24Z,US,NJ,direct,False,2025-11-30T13:52:24Z,direct
103526,0000105ecf3b,2026-05-17T01:24:31Z,US,CA,google_ads,False,2026-05-17T01:24:31Z,google_ads
100541,0000105ed002,2025-09-06T13:37:50Z,US,TN,,False,2025-09-06T13:37:50Z,unknown
103754,000010692cc4,2026-06-06T19:18:04Z,US,MA,organic_search,False,2026-06-06T19:18:04Z,organic_search
100381,000010692d8b,2025-08-16T13:05:47Z,US,IN,Facebook,False,2025-08-16T13:05:47Z,meta_ads
102642,0000108717a8,2026-03-14T02:13:02Z,US,CA,direct,True,2026-03-14T02:13:02Z,direct
102337,000010917531,2026-02-10T13:22:12Z,US,MO,meta,False,2026-02-10T13:22:12Z,meta_ads
100480,0000109710ef,2025-08-30T18:10:09Z,US,IL,google_ads,True,2025-08-30T18:10:09Z,google_ads
103774,0000109711b6,2026-06-08T05:30:11Z,US,MN,organic_search,True,2026-06-08T05:30:11Z,organic_search
102163,0000109bd2ba,2026-01-24T17:37:39Z,US,IL,referral,True,2026-01-24T17:37:39Z,referral
102469,0000109bd2ba,2026-02-22T07:44:14Z,US,IL,,False,2026-02-22T07:44:14Z,unknown
100842,000010a16e78,2025-10-08T01:27:53Z,CA,ON,google_ads,True,2025-10-08T01:27:53Z,google_ads
102806,000010a16f3f,2026-03-20T18:09:20Z,US,MI,google_ads,False,2026-03-20T18:09:20Z,google_ads
101724,000010a63043,2025-12-06T13:08:18Z,GB,ENG,organic_search,True,2025-12-06T13:08:18Z,organic_search
101489,000010abcc01,2025-11-27T23:22:32Z,US,NJ,meta,False,2025-11-27T23:22:32Z,meta_ads
103106,000010abccc8,2026-04-15T22:22:43Z,US,CA,direct,True,2026-04-15T22:22:43Z,direct
101294,000010b08dcc,2025-11-24T19:42:27Z,US,NJ,google_ads,True,2025-11-24T19:42:27Z,google_ads
101506,000010b6298a,2025-11-28T11:13:01Z,US,NC,tiktok,True,2025-11-28T11:13:01Z,tiktok_ads
103698,000010fbaee8,2026-06-01T17:50:38Z,US,FL,Influencer,False,2026-06-01T17:50:38Z,influencer
102029,000011006fec,2026-01-08T10:39:50Z,US,NY,google_ads,True,2026-01-08T10:39:50Z,google_ads
103107,000011006fec,2026-04-16T02:21:02Z,US,NY,,False,2026-04-16T02:21:02Z,unknown
100847,000011060baa,2025-10-08T13:37:24Z,US,IN,meta,True,2025-10-08T13:37:24Z,meta_ads
103418,000011060c71,2026-05-08T17:52:58Z,US,TX,organic_search,True,2026-05-08T17:52:58Z,organic_search
102721,0000110accae,2026-03-17T11:56:31Z,US,NH,direct,False,2026-03-17T11:56:31Z,direct
101651,0000110acd75,2025-12-01T04:59:57Z,US,CO,organic_search,False,2025-12-01T04:59:57Z,organic_search
101405,000011106933,2025-11-26T14:07:43Z,US,NJ,meta,False,2025-11-26T14:07:43Z,meta_ads
103280,0000111069fa,2026-04-28T22:33:51Z,AU,QLD,Facebook,False,2026-04-28T22:33:51Z,meta_ads
103161,000011152a37,2026-04-19T19:33:48Z,US,NJ,tiktok,False,2026-04-19T19:33:48Z,tiktok_ads
101373,000011152afe,2025-11-25T21:59:43Z,US,WA,direct,True,2025-11-25T21:59:43Z,direct
101302,0000111ac6bc,2025-11-24T23:34:22Z,US,CA,meta,True,2025-11-24T23:34:22Z,meta_ads
102809,0000111ac783,2026-03-20T22:20:10Z,CA,QC,Facebook,True,2026-03-20T22:20:10Z,meta_ads
103415,0000111f87c0,2026-05-08T13:38:56Z,US,MO,organic_search,True,2026-05-08T13:38:56Z,organic_search
100876,0000111f8887,2025-10-10T17:00:41Z,US,PA,organic_search,True,2025-10-10T17:00:41Z,organic_search
102219,000011252445,2026-01-31T11:41:59Z,US,PA,meta,True,2026-01-31T11:41:59Z,meta_ads
102286,00001125250c,2026-02-06T17:45:24Z,US,MI,meta,False,2026-02-06T17:45:24Z,meta_ads
103986,00001129e549,2026-06-24T00:59:11Z,US,AZ,organic_search,False,2026-06-24T00:59:11Z,organic_search
100268,00001129e610,2025-08-02T14:57:37Z,US,WA,meta,True,2025-08-02T14:57:37Z,meta_ads
102397,0000112f81ce,2026-02-15T13:16:21Z,US,CA,referral,True,2026-02-15T13:16:21Z,referral
103294,00001157ca3b,2026-04-30T15:09:38Z,US,MA,referral,True,2026-04-30T15:09:38Z,referral
103934,0000116227c4,2026-06-20T22:17:06Z,US,IN,organic_search,False,2026-06-20T22:17:06Z,organic_search
101116,00001179c830,2025-11-05T13:11:05Z,US,FL,influencer,False,2025-11-05T13:11:05Z,influencer
103351,0000118424f2,2026-05-04T19:43:53Z,US,CA,organic_search,True,2026-05-04T19:43:53Z,organic_search
100861,0000118425b9,2025-10-09T15:56:50Z,US,NY,organic_search,True,2025-10-09T15:56:50Z,organic_search
103805,0000118e827b,2026-06-10T23:32:00Z,US,TX,influencer,True,2026-06-10T23:32:00Z,influencer
100362,0000118e8342,2025-08-14T02:59:58Z,US,AZ,google_ads,False,2025-08-14T02:59:58Z,google_ads
102521,000011941f00,2026-02-27T12:41:05Z,US,AZ,Influencer,False,2026-02-27T12:41:05Z,influencer
100235,00001198e0cb,2025-07-29T12:53:59Z,US,TX,influencer,True,2025-07-29T12:53:59Z,influencer
102863,0000119e7c89,2026-03-23T21:54:00Z,US,TX,tiktok,True,2026-03-23T21:54:00Z,tiktok_ads
100141,000011bc66a6,2025-07-17T16:54:44Z,CA,ON,organic_search,False,2025-07-17T16:54:44Z,organic_search
102323,000011bc676d,2026-02-09T15:04:49Z,US,WA,Facebook,True,2026-02-09T15:04:49Z,meta_ads
100649,000011c6c42f,2025-09-18T03:06:48Z,US,TX,google_ads,False,2025-09-18T03:06:48Z,google_ads
103757,000011c6c4f6,2026-06-07T00:25:44Z,US,NY,organic_search,True,2026-06-07T00:25:44Z,organic_search
100779,000011d121b8,2025-10-01T14:14:42Z,US,CA,influencer,False,2025-10-01T14:14:42Z,influencer
103041,000011d1227f,2026-04-10T09:23:55Z,US,AZ,influencer,True,2026-04-10T09:23:55Z,influencer
101543,000011db7f41,2025-11-29T03:53:11Z,US,IN,Direct,True,2025-11-29T03:53:11Z,direct
102676,000011db8008,2026-03-15T15:04:38Z,US,FL,meta,True,2026-03-15T15:04:38Z,meta_ads
100127,000011e11bc6,2025-07-16T01:57:25Z,US,VA,influencer,True,2025-07-16T01:57:25Z,influencer
101050,000011e5dcca,2025-10-27T08:09:48Z,US,MO,Google,False,2025-10-27T08:09:48Z,google_ads
103717,000011f31fad,2026-06-03T10:41:04Z,US,CA,Facebook,True,2026-06-03T10:41:04Z,meta_ads
100419,000011f32074,2025-08-20T03:08:57Z,US,FL,influencer,False,2025-08-20T03:08:57Z,influencer
100032,000011fd7dfd,2025-07-03T23:44:38Z,AU,VIC,facebook_ads,False,2025-07-03T23:44:38Z,meta_ads
103624,0000122b6228,2026-05-26T09:37:03Z,US,OH,tiktok,False,2026-05-26T09:37:03Z,tiktok_ads
101691,00001230232c,2025-12-03T14:39:03Z,US,MO,TikTok,True,2025-12-03T14:39:03Z,tiktok_ads
101011,00001235beea,2025-10-24T00:01:27Z,US,CA,google_ads,True,2025-10-24T00:01:27Z,google_ads
102934,00001235bfb1,2026-04-01T00:34:16Z,CA,AB,direct,True,2026-04-01T00:34:16Z,direct
101026,0000123a80b5,2025-10-25T13:03:45Z,US,TX,,True,2025-10-25T13:03:45Z,unknown
101232,000012401c73,2025-11-22T13:19:33Z,CA,QC,google_ads,True,2025-11-22T13:19:33Z,google_ads
102659,000012401d3a,2026-03-14T19:24:31Z,AU,NSW,direct,True,2026-03-14T19:24:31Z,direct
100802,00001244de3e,2025-10-04T03:20:08Z,US,NY,google_ads,False,2025-10-04T03:20:08Z,google_ads
101836,00001244de3e,2025-12-16T22:51:13Z,US,NY,,False,2025-12-16T22:51:13Z,unknown
100163,00001245b8f8,2025-07-20T12:11:25Z,US,WA,Facebook,False,2025-07-20T12:11:25Z,meta_ads
101728,0000124a79fc,2025-12-06T19:12:42Z,US,FL,meta,True,2025-12-06T19:12:42Z,meta_ads
102332,0000124a7ac3,2026-02-10T00:58:03Z,US,NY,organic_search,False,2026-02-10T00:58:03Z,organic_search
100613,0000124f3bc7,2025-09-14T11:12:53Z,US,NH,meta,False,2025-09-14T11:12:53Z,meta_ads
100417,000012501681,2025-08-19T22:30:13Z,US,CA,Facebook,True,2025-08-19T22:30:13Z,meta_ads
102194,00001254d785,2026-01-28T09:54:45Z,US,CO,tiktok,False,2026-01-28T09:54:45Z,tiktok_ads
102118,00001254d84c,2026-01-18T14:35:42Z,CA,AB,Google,False,2026-01-18T14:35:42Z,google_ads
100125,000012599950,2025-07-15T16:23:50Z,AU,WA,google_ads,True,2025-07-15T16:23:50Z,google_ads
100805,0000125a740a,2025-10-04T13:11:52Z,US,CA,Facebook,False,2025-10-04T13:11:52Z,meta_ads
102925,0000125f350e,2026-03-31T08:40:30Z,GB,SCT,influencer,True,2026-03-31T08:40:30Z,influencer
102695,000012a4ba6c,2026-03-16T13:05:26Z,US,TX,Influencer,True,2026-03-16T13:05:26Z,influencer
100873,000012a97b70,2025-10-10T13:44:33Z,US,MI,influencer,False,2025-10-10T13:44:33Z,influencer
101919,000012af172e,2025-12-27T20:28:31Z,US,OH,tiktok,True,2025-12-27T20:28:31Z,tiktok_ads
102471,000012af17f5,2026-02-22T11:39:58Z,US,CA,organic_search,False,2026-02-22T11:39:58Z,organic_search
104066,000012b3d832,2026-06-30T18:13:33Z,US,CA,,True,2026-06-30T18:13:33Z,unknown
100259,000012b3d8f9,2025-08-01T13:11:38Z,US,WA,google_ads,True,2025-08-01T13:11:38Z,google_ads
102324,000012b974b7,2026-02-09T15:54:27Z,US,NH,influencer,True,2026-02-09T15:54:27Z,influencer
102026,000012b9757e,2026-01-07T22:52:52Z,US,FL,meta,False,2026-01-07T22:52:52Z,meta_ads
100893,000012be35bb,2025-10-12T11:40:49Z,US,TX,direct,True,2025-10-12T11:40:49Z,direct
100199,000012be3682,2025-07-25T16:13:01Z,GB,SCT,Facebook,True,2025-07-25T16:13:01Z,meta_ads
102888,000012c3d240,2026-03-26T13:03:24Z,US,CA,referral,True,2026-03-26T13:03:24Z,referral
101607,000012c3d307,2025-11-30T14:36:02Z,GB,ENG,organic_search,True,2025-11-30T14:36:02Z,organic_search
103175,000012ce2fc9,2026-04-20T23:26:01Z,US,GA,meta,False,2026-04-20T23:26:01Z,meta_ads
103407,000012d88d52,2026-05-08T00:48:16Z,GB,SCT,meta,True,2026-05-08T00:48:16Z,meta_ads
104024,000012ec1aad,2026-06-27T07:23:35Z,US,GA,meta,False,2026-06-27T07:23:35Z,meta_ads
103592,000012f67836,2026-05-23T21:03:17Z,US,TX,tiktok,False,2026-05-23T21:03:17Z,tiktok_ads
103171,00001300d5bf,2026-04-20T18:32:38Z,US,MN,meta,True,2026-04-20T18:32:38Z,meta_ads
102897,0000130b3348,2026-03-27T18:20:12Z,US,CO,Facebook,False,2026-03-27T18:20:12Z,meta_ads
100013,00001310cf06,2025-07-01T14:33:55Z,US,IL,google_ads,True,2025-07-01T14:33:55Z,google_ads
100758,00001318762b,2025-09-30T12:19:19Z,US,NY,influencer,True,2025-09-30T12:19:19Z,influencer
100214,00001322d3b4,2025-07-27T01:10:05Z,US,TX,influencer,True,2025-07-27T01:10:05Z,influencer
103465,00001347880d,2026-05-12T00:17:03Z,US,CA,tiktok,True,2026-05-12T00:17:03Z,tiktok_ads
103432,0000135b1568,2026-05-09T15:40:52Z,US,FL,google_ads,False,2026-05-09T15:40:52Z,google_ads
101598,00001365722a,2025-11-30T10:53:35Z,US,AZ,google_ads,True,2025-11-30T10:53:35Z,google_ads
103160,0000136572f1,2026-04-19T19:10:51Z,US,MA,google_ads,True,2026-04-19T19:10:51Z,google_ads
101659,0000136fcfb3,2025-12-01T14:29:05Z,AU,WA,organic_search,False,2025-12-01T14:29:05Z,organic_search
102708,0000136fd07a,2026-03-17T01:10:37Z,US,TX,google_ads,True,2026-03-17T01:10:37Z,google_ads
100005,000013756c38,2025-06-07T13:27:59Z,US,AZ,organic_search,False,2025-06-07T13:27:59Z,organic_search
104002,000013756cff,2026-06-25T05:26:52Z,US,IN,google_ads,False,2026-06-25T05:26:52Z,google_ads
102000,0000137a2d3c,2026-01-05T14:14:38Z,US,NY,meta,True,2026-01-05T14:14:38Z,meta_ads
101990,0000137a2e03,2026-01-04T22:39:43Z,AU,QLD,organic_search,False,2026-01-04T22:39:43Z,organic_search
100678,0000137fc9c1,2025-09-21T22:23:17Z,US,MN,meta,True,2025-09-21T22:23:17Z,meta_ads
102383,000013848ac5,2026-02-14T17:01:15Z,US,GA,meta,False,2026-02-14T17:01:15Z,meta_ads
101646,000013848b8c,2025-12-01T03:00:41Z,US,NY,Facebook,True,2025-12-01T03:00:41Z,meta_ads
100814,0000138a274a,2025-10-04T23:05:23Z,US,NJ,referral,False,2025-10-04T23:05:23Z,referral
102828,0000138ee84e,2026-03-21T13:39:05Z,US,MI,direct,True,2026-03-21T13:39:05Z,direct
103290,000013ca1023,2026-04-29T23:41:00Z,US,PA,direct,True,2026-04-29T23:41:00Z,direct
102627,000013d46dac,2026-03-12T22:42:48Z,US,CA,organic_search,False,2026-03-12T22:42:48Z,organic_search
100901,000013d92eb0,2025-10-13T00:46:14Z,US,NJ,,False,2025-10-13T00:46:14Z,unknown
102193,000013deca6e,2026-01-28T09:24:57Z,US,CA,influencer,True,2026-01-28T09:24:57Z,influencer
102224,000013decb35,2026-01-31T23:13:31Z,US,CA,google_ads,True,2026-01-31T23:13:31Z,google_ads
100408,000013e38c39,2025-08-19T14:28:04Z,US,GA,influencer,False,2025-08-19T14:28:04Z,influencer
102463,000013e927f7,2026-02-21T19:18:29Z,US,NC,direct,True,2026-02-21T19:18:29Z,direct
101829,000013e928be,2025-12-16T12:32:29Z,US,CA,,False,2025-12-16T12:32:29Z,unknown
101366,000013eec47c,2025-11-25T20:57:26Z,AU,VIC,,True,2025-11-25T20:57:26Z,unknown
102365,000013f38580,2026-02-13T11:35:59Z,US,MA,meta,False,2026-02-13T11:35:59Z,meta_ads
101617,000013f38647,2025-11-30T17:59:20Z,US,NC,organic_search,True,2025-11-30T17:59:20Z,organic_search
101138,000013f92205,2025-11-08T12:33:32Z,US,NY,organic_search,True,2025-11-08T12:33:32Z,organic_search
103632,000013fde309,2026-05-27T01:06:40Z,GB,SCT,meta,True,2026-05-27T01:06:40Z,meta_ads
100791,000013fde3d0,2025-10-02T16:40:48Z,US,WA,meta,False,2025-10-02T16:40:48Z,meta_ads
103850,000014084092,2026-06-14T10:55:35Z,US,AZ,referral,True,2026-06-14T10:55:35Z,referral
100025,0000143624bd,2025-07-03T00:27:56Z,US,NY,facebook_ads,True,2025-07-03T00:27:56Z,meta_ads
100272,000014408246,2025-08-03T13:32:56Z,CA,AB,meta,True,2025-08-03T13:32:56Z,meta_ads
102874,0000144dc529,2026-03-25T11:25:40Z,US,FL,,True,2026-03-25T11:25:40Z,unknown
103084,0000145822b2,2026-04-14T02:44:18Z,US,MO,meta,True,2026-04-14T02:44:18Z,meta_ads
101428,000014582379,2025-11-26T22:14:43Z,US,AZ,,True,2025-11-26T22:14:43Z,unknown
103643,00001462803b,2026-05-27T15:38:36Z,US,DE,meta,False,2026-05-27T15:38:36Z,meta_ads
100799,000014628102,2025-10-03T15:06:45Z,AU,WA,meta,True,2025-10-03T15:06:45Z,meta_ads
103897,0000146cddc4,2026-06-17T18:12:43Z,US,OR,meta,False,2026-06-17T18:12:43Z,meta_ads
100578,0000146cde8b,2025-09-09T18:48:52Z,US,MO,organic_search,True,2025-09-09T18:48:52Z,organic_search
101744,000014773b4d,2025-12-08T19:23:14Z,US,NY,organic_search,True,2025-12-08T19:23:14Z,organic_search
103220,0000148ac8a8,2026-04-23T20:35:01Z,US,TN,organic_search,True,2026-04-23T20:35:01Z,organic_search
102862,000014952631,2026-03-23T19:02:18Z,US,FL,organic_search,True,2026-03-23T19:02:18Z,organic_search
100113,0000149ac1ef,2025-07-13T21:23:02Z,US,FL,,False,2025-07-13T21:23:02Z,unknown
100410,0000149ac2b6,2025-08-19T16:41:49Z,US,MN,meta,True,2025-08-19T16:41:49Z,meta_ads
102531,0000149f83ba,2026-02-28T01:44:57Z,US,TX,tiktok,True,2026-02-28T01:44:57Z,tiktok_ads
100509,000014a51f78,2025-09-03T02:31:38Z,US,IL,google_ads,True,2025-09-03T02:31:38Z,google_ads
103743,000014a5203f,2026-06-05T11:26:59Z,US,CO,referral,True,2026-06-05T11:26:59Z,referral
102007,000014a9e143,2026-01-06T01:14:33Z,US,WA,meta,False,2026-01-06T01:14:33Z,meta_ads
101005,000014af7d01,2025-10-23T09:21:55Z,US,MO,meta,True,2025-10-23T09:21:55Z,meta_ads
103649,000014af7dc8,2026-05-27T18:55:51Z,US,MI,organic_search,True,2026-05-27T18:55:51Z,organic_search
100823,000014b43ecc,2025-10-06T10:43:56Z,US,FL,google_ads,True,2025-10-06T10:43:56Z,google_ads
101493,000014b9da8a,2025-11-28T02:20:03Z,US,CO,TikTok,False,2025-11-28T02:20:03Z,tiktok_ads
100035,000014ff5f21,2025-07-04T12:27:56Z,US,FL,referral,True,2025-07-04T12:27:56Z,referral
103581,000014ff5fe8,2026-05-23T00:08:12Z,US,TX,meta,True,2026-05-23T00:08:12Z,meta_ads
102268,0000150420ec,2026-02-05T09:35:11Z,US,IN,influencer,False,2026-02-05T09:35:11Z,influencer
100709,00001509bcaa,2025-09-25T04:37:54Z,US,VA,meta,True,2025-09-25T04:37:54Z,meta_ads
103699,00001509bd71,2026-06-01T18:42:37Z,US,IN,meta,False,2026-06-01T18:42:37Z,meta_ads
102532,0000150e7dae,2026-02-28T02:09:28Z,US,GA,,True,2026-02-28T02:09:28Z,unknown
101974,0000150e7e75,2026-01-03T16:09:14Z,US,WA,google_ads,True,2026-01-03T16:09:14Z,google_ads
101051,000015141a33,2025-10-27T08:13:52Z,US,PA,direct,True,2025-10-27T08:13:52Z,direct
103322,000015141afa,2026-05-02T22:02:11Z,US,CA,meta,False,2026-05-02T22:02:11Z,meta_ads
102725,00001518db37,2026-03-17T14:09:01Z,US,NY,referral,True,2026-03-17T14:09:01Z,referral
101586,00001518dbfe,2025-11-30T00:09:24Z,CA,AB,,True,2025-11-30T00:09:24Z,unknown
101435,0000151e77bc,2025-11-27T01:00:24Z,US,NY,Facebook,True,2025-11-27T01:00:24Z,meta_ads
103067,0000151e7883,2026-04-12T01:49:41Z,US,NJ,referral,True,2026-04-12T01:49:41Z,referral
102995,0000152338c0,2026-04-06T20:36:29Z,US,FL,direct,True,2026-04-06T20:36:29Z,direct
101288,000015233987,2025-11-24T17:33:27Z,US,MA,facebook_ads,False,2025-11-24T17:33:27Z,meta_ads
101676,00001528d545,2025-12-02T00:25:26Z,US,TX,direct,True,2025-12-02T00:25:26Z,direct
103379,0000152d9649,2026-05-06T14:46:09Z,US,TX,google_ads,False,2026-05-06T14:46:09Z,google_ads
100587,0000152d9710,2025-09-11T00:40:18Z,US,NY,IG,False,2025-09-11T00:40:18Z,meta_ads
102210,0000153332ce,2026-01-30T16:25:07Z,US,IN,direct,False,2026-01-30T16:25:07Z,direct
104036,00001537f3d2,2026-06-28T12:10:50Z,AU,VIC,influencer,False,2026-06-28T12:10:50Z,influencer
104005,00001565d8c4,2026-06-25T12:25:41Z,US,CA,,False,2026-06-25T12:25:41Z,unknown
102006,000015731ba7,2026-01-06T00:27:20Z,US,TX,influencer,True,2026-01-06T00:27:20Z,influencer
101612,0000157d7930,2025-11-30T16:17:55Z,US,CA,meta,True,2025-11-30T16:17:55Z,meta_ads
103120,00001587d5f2,2026-04-16T23:16:54Z,US,FL,referral,False,2026-04-16T23:16:54Z,referral
101516,00001587d6b9,2025-11-28T14:11:45Z,US,VA,tiktok,True,2025-11-28T14:11:45Z,tiktok_ads
103483,00001592337b,2026-05-13T10:34:14Z,US,FL,organic_search,False,2026-05-13T10:34:14Z,organic_search
100527,000015923442,2025-09-04T12:59:56Z,US,NY,Influencer,True,2025-09-04T12:59:56Z,influencer
103760,0000159c9104,2026-06-07T04:38:05Z,US,MN,tiktok,False,2026-06-07T04:38:05Z,tiktok_ads
100360,0000159c91cb,2025-08-13T23:53:55Z,US,OH,meta,False,2025-08-13T23:53:55Z,meta_ads
100471,000015ca752f,2025-08-28T14:19:31Z,US,MN,organic_search,True,2025-08-28T14:19:31Z,organic_search
104017,000015ca75f6,2026-06-26T14:39:17Z,US,AZ,Google,False,2026-06-26T14:39:17Z,google_ads
100695,000015d4d2b8,2025-09-24T00:13:41Z,AU,NSW,organic_search,True,2025-09-24T00:13:41Z,organic_search
103470,000015d4d37f,2026-05-12T13:51:05Z,US,CA,direct,False,2026-05-12T13:51:05Z,direct
101546,000015df3041,2025-11-29T08:11:43Z,US,IN,IG,True,2025-11-29T08:11:43Z,meta_ads
103277,000015df3108,2026-04-28T18:01:02Z,US,OH,meta,True,2026-04-28T18:01:02Z,meta_ads
101407,000015e98dca,2025-11-26T15:01:11Z,AU,VIC,facebook_ads,True,2025-11-26T15:01:11Z,meta_ads
103659,000015f6d0ad,2026-05-28T15:14:46Z,CA,ON,Google,True,2026-05-28T15:14:46Z,google_ads
103941,000016012e36,2026-06-21T03:50:28Z,US,CA,google_ads,True,2026-06-21T03:50:28Z,google_ads
103839,0000162f1328,2026-06-13T09:38:12Z,US,CA,meta,True,2026-06-13T09:38:12Z,meta_ads
102105,00001633d42c,2026-01-17T01:18:51Z,US,NC,meta,True,2026-01-17T01:18:51Z,meta_ads
100618,000016396fea,2025-09-14T23:32:38Z,US,NY,Facebook,False,2025-09-14T23:32:38Z,meta_ads
103477,0000163970b1,2026-05-13T01:15:55Z,US,TX,organic_search,True,2026-05-13T01:15:55Z,organic_search
101938,0000163e31b5,2025-12-29T21:05:45Z,AU,NSW,meta,False,2025-12-29T21:05:45Z,meta_ads
101555,00001643cd73,2025-11-29T12:22:34Z,US,MD,google_ads,True,2025-11-29T12:22:34Z,google_ads
103184,00001643ce3a,2026-04-21T14:49:57Z,US,NC,meta,False,2026-04-21T14:49:57Z,meta_ads
101251,000016488f3e,2025-11-24T02:06:44Z,US,TX,facebook_ads,True,2025-11-24T02:06:44Z,meta_ads
101417,0000164e2afc,2025-11-26T19:11:19Z,US,FL,influencer,True,2025-11-26T19:11:19Z,influencer
102931,0000164e2bc3,2026-03-31T20:05:53Z,US,CO,google_ads,False,2026-03-31T20:05:53Z,google_ads
100992,00001652ecc7,2025-10-21T13:55:13Z,US,MN,organic_search,True,2025-10-21T13:55:13Z,organic_search
100178,00001653c781,2025-07-21T20:24:55Z,US,NY,influencer,False,2025-07-21T20:24:55Z,influencer
101975,000016588885,2026-01-03T17:57:51Z,US,MI,,True,2026-01-03T17:57:51Z,unknown
102505,00001658894c,2026-02-26T04:15:00Z,US,TX,referral,False,2026-02-26T04:15:00Z,referral
100704,0000165d4a50,2025-09-24T18:23:27Z,US,VA,organic_search,False,2025-09-24T18:23:27Z,organic_search
102299,00001662e60e,2026-02-07T18:06:20Z,US,MI,direct,False,2026-02-07T18:06:20Z,direct
101392,000016ad2c70,2025-11-26T10:52:10Z,US,NJ,organic_search,True,2025-11-26T10:52:10Z,organic_search
101204,000016b2c82e,2025-11-17T22:22:30Z,GB,SCT,Influencer,True,2025-11-17T22:22:30Z,influencer
102650,000016b2c8f5,2026-03-14T11:09:22Z,US,PA,organic_search,False,2026-03-14T11:09:22Z,organic_search
103673,000016b78932,2026-05-29T18:02:47Z,US,NH,organic_search,True,2026-05-29T18:02:47Z,organic_search
100892,000016b789f9,2025-10-12T07:15:30Z,US,NJ,facebook_ads,True,2025-10-12T07:15:30Z,meta_ads
102083,000016bd25b7,2026-01-13T10:17:18Z,CA,AB,meta,False,2026-01-13T10:17:18Z,meta_ads
102290,000016bd267e,2026-02-06T22:56:45Z,US,TX,meta,True,2026-02-06T22:56:45Z,meta_ads
104008,000016c1e6bb,2026-06-25T13:26:44Z,CA,AB,organic_search,True,2026-06-25T13:26:44Z,organic_search
100332,000016c1e782,2025-08-11T05:12:10Z,US,WI,Facebook,False,2025-08-11T05:12:10Z,meta_ads
102292,000016c78340,2026-02-07T03:04:59Z,US,VA,organic_search,True,2026-02-07T03:04:59Z,organic_search
101931,000016c78407,2025-12-29T04:58:17Z,US,FL,direct,False,2025-12-29T04:58:17Z,direct
100182,000016cc4444,2025-07-22T11:43:28Z,GB,ENG,google_ads,True,2025-07-22T11:43:28Z,google_ads
100191,000016cc450b,2025-07-23T23:44:20Z,US,MN,TikTok,False,2025-07-23T23:44:20Z,tiktok_ads
102868,000016d1e0c9,2026-03-24T13:28:49Z,US,OR,influencer,True,2026-03-24T13:28:49Z,influencer
102376,000016efcbad,2026-02-14T01:23:04Z,US,NY,Facebook,True,2026-02-14T01:23:04Z,meta_ads
103894,000016fa2936,2026-06-17T11:01:23Z,US,IL,influencer,True,2026-06-17T11:01:23Z,influencer
103535,0000170486bf,2026-05-17T17:57:12Z,AU,NSW,referral,False,2026-05-17T17:57:12Z,referral
102910,0000170ee448,2026-03-29T00:23:23Z,US,MI,direct,True,2026-03-29T00:23:23Z,direct
101030,0000171c272b,2025-10-25T16:04:47Z,US,MD,organic_search,False,2025-10-25T16:04:47Z,organic_search
103704,0000172683ed,2026-06-02T02:04:36Z,CA,AB,meta,True,2026-06-02T02:04:36Z,meta_ads
100703,0000172684b4,2025-09-24T18:17:28Z,US,CO,facebook_ads,True,2025-09-24T18:17:28Z,meta_ads
103059,00001730e176,2026-04-11T09:45:14Z,US,NY,organic_search,True,2026-04-11T09:45:14Z,organic_search
100086,00001730e23d,2025-07-11T00:57:33Z,US,NY,meta,True,2025-07-11T00:57:33Z,meta_ads
103720,0000175ec668,2026-06-03T13:36:22Z,US,IL,tiktok,False,2026-06-03T13:36:22Z,tiktok_ads
100957,00001769232a,2025-10-18T18:13:16Z,US,CO,direct,True,2025-10-18T18:13:16Z,direct
103454,0000176923f1,2026-05-10T23:49:04Z,US,GA,organic_search,True,2026-05-10T23:49:04Z,organic_search
101380,0000177380b3,2025-11-26T00:19:59Z,US,TX,direct,False,2025-11-26T00:19:59Z,direct
103057,00001773817a,2026-04-11T01:46:03Z,GB,SCT,google_ads,False,2026-04-11T01:46:03Z,google_ads
101860,0000177dde3c,2025-12-18T23:12:02Z,US,VA,meta,False,2025-12-18T23:12:02Z,meta_ads
102603,0000177ddf03,2026-03-09T14:16:51Z,US,CA,influencer,True,2026-03-09T14:16:51Z,influencer
100358,000017837ac1,2025-08-13T19:53:06Z,US,IL,organic_search,False,2025-08-13T19:53:06Z,organic_search
101973,000017883bc5,2026-01-03T15:33:56Z,US,CA,organic_search,True,2026-01-03T15:33:56Z,organic_search
102148,000017883c8c,2026-01-22T19:32:00Z,US,GA,google_ads,False,2026-01-22T19:32:00Z,google_ads
102635,00001792994e,2026-03-13T15:39:59Z,US,IL,influencer,False,2026-03-13T15:39:59Z,influencer
103446,000017cdc123,2026-05-10T16:35:30Z,US,MA,influencer,False,2026-05-10T16:35:30Z,influencer
101399,000017d81de5,2025-11-26T12:38:46Z,US,CA,meta,True,2025-11-26T12:38:46Z,meta_ads
103229,000017d81eac,2026-04-24T14:10:27Z,US,CA,organic_search,False,2026-04-24T14:10:27Z,organic_search
101111,000017dcdfb0,2025-11-04T16:22:35Z,US,MA,,False,2025-11-04T16:22:35Z,unknown
101801,000017e27b6e,2025-12-13T15:34:14Z,US,GA,organic_search,False,2025-12-13T15:34:14Z,organic_search
102574,000017e27c35,2026-03-04T12:33:59Z,US,NJ,meta,False,2026-03-04T12:33:59Z,meta_ads
100518,000017e73d39,2025-09-03T23:18:16Z,US,TX,organic_search,False,2025-09-03T23:18:16Z,organic_search
102062,000017ecd8f7,2026-01-11T01:27:08Z,US,MA,tiktok,False,2026-01-11T01:27:08Z,tiktok_ads
102064,000017ecd9be,2026-01-11T10:51:30Z,CA,QC,direct,True,2026-01-11T10:51:30Z,direct
100302,000017f19ac2,2025-08-07T15:04:22Z,US,PA,influencer,True,2025-08-07T15:04:22Z,influencer
102707,000017f73680,2026-03-17T00:43:30Z,US,NC,organic_search,True,2026-03-17T00:43:30Z,organic_search
101643,000017f73747,2025-12-01T01:52:15Z,US,CA,organic_search,True,2025-12-01T01:52:15Z,organic_search
103032,000018019409,2026-04-09T15:25:49Z,US,VA,google_ads,False,2026-04-09T15:25:49Z,google_ads
103563,0000180bf192,2026-05-20T18:13:55Z,US,TN,influencer,True,2026-05-20T18:13:55Z,influencer
100088,000018443346,2025-07-11T13:30:11Z,US,CA,organic_search,False,2025-07-11T13:30:11Z,organic_search
100590,0000184bda6b,2025-09-11T12:55:00Z,US,NY,Influencer,False,2025-09-11T12:55:00Z,influencer
102146,000018517629,2026-01-22T09:46:42Z,US,AZ,google_ads,False,2026-01-22T09:46:42Z,google_ads
100265,0000185637f4,2025-08-02T12:59:07Z,US,CO,influencer,True,2025-08-02T12:59:07Z,influencer
102859,0000185bd3b2,2026-03-23T11:06:05Z,US,FL,google_ads,False,2026-03-23T11:06:05Z,google_ads
103070,00001866313b,2026-04-12T12:35:02Z,US,NY,meta,True,2026-04-12T12:35:02Z,meta_ads
100854,000018663202,2025-10-09T00:41:15Z,US,MI,organic_search,False,2025-10-09T00:41:15Z,organic_search
103626,000018708ec4,2026-05-26T12:09:38Z,US,CA,tiktok,True,2026-05-26T12:09:38Z,tiktok_ads
100797,000018708f8b,2025-10-03T13:26:35Z,US,FL,google_ads,True,2025-10-03T13:26:35Z,google_ads
103858,0000187aec4d,2026-06-14T17:42:04Z,US,TX,google_ads,True,2026-06-14T17:42:04Z,google_ads
103547,0000188e79a8,2026-05-18T23:39:32Z,US,FL,direct,False,2026-05-18T23:39:32Z,direct
102951,00001898d731,2026-04-02T23:01:06Z,US,CA,Facebook,True,2026-04-02T23:01:06Z,meta_ads
102512,000018a334ba,2026-02-26T21:25:32Z,US,CA,organic_search,True,2026-02-26T21:25:32Z,organic_search
100154,000018a8d078,2025-07-19T15:28:48Z,US,TN,meta,False,2025-07-19T15:28:48Z,meta_ads
100463,000018a8d13f,2025-08-27T15:08:44Z,US,TN,meta,True,2025-08-27T15:08:44Z,meta_ads
102373,000018ad9243,2026-02-13T21:46:11Z,US,IL,organic_search,True,2026-02-13T21:46:11Z,organic_search
100683,000018b32e01,2025-09-22T04:10:58Z,US,NJ,,True,2025-09-22T04:10:58Z,unknown
101796,000018b7efcc,2025-12-13T02:28:58Z,US,MN,organic_search,True,2025-12-13T02:28:58Z,organic_search
101083,000018bd8b8a,2025-10-31T16:34:55Z,US,IN,organic_search,True,2025-10-31T16:34:55Z,organic_search
103268,000018fd7463,2026-04-28T02:01:47Z,US,CO,meta,True,2026-04-28T02:01:47Z,meta_ads
102528,00001907d1ec,2026-02-27T21:45:52Z,CA,QC,IG,True,2026-02-27T21:45:52Z,meta_ads
100074,0000190d6daa,2025-07-09T15:04:41Z,US,TN,direct,False,2025-07-09T15:04:41Z,direct
102077,000019122eae,2026-01-12T10:08:13Z,US,OH,,True,2026-01-12T10:08:13Z,unknown
102343,000019122f75,2026-02-11T19:01:24Z,US,TX,organic_search,False,2026-02-11T19:01:24Z,organic_search
100564,00001917cb33,2025-09-08T11:28:09Z,US,TX,meta,True,2025-09-08T11:28:09Z,meta_ads
103890,00001917cbfa,2026-06-16T21:22:41Z,US,VA,organic_search,False,2026-06-16T21:22:41Z,organic_search
102496,0000191c8c37,2026-02-25T14:52:51Z,GB,ENG,tiktok,False,2026-02-25T14:52:51Z,tiktok_ads
101697,0000191c8cfe,2025-12-04T01:08:09Z,US,GA,influencer,False,2025-12-04T01:08:09Z,influencer
100598,0000192228bc,2025-09-12T14:32:23Z,US,CO,google_ads,False,2025-09-12T14:32:23Z,google_ads
103585,000019222983,2026-05-23T10:37:43Z,US,PA,tiktok,True,2026-05-23T10:37:43Z,tiktok_ads
102385,00001926e9c0,2026-02-14T17:21:10Z,US,MA,google_ads,False,2026-02-14T17:21:10Z,google_ads
101252,00001926ea87,2025-11-24T02:29:08Z,US,MD,tiktok,True,2025-11-24T02:29:08Z,tiktok_ads
101203,0000192c8645,2025-11-17T21:58:28Z,US,WA,influencer,False,2025-11-17T21:58:28Z,influencer
103010,000019314749,2026-04-07T21:46:39Z,US,NJ,tiktok,True,2026-04-07T21:46:39Z,tiktok_ads
101146,000019314810,2025-11-09T01:57:22Z,US,CO,Google,True,2025-11-09T01:57:22Z,google_ads
103494,0000193ba4d2,2026-05-14T00:56:36Z,US,WA,organic_search,True,2026-05-14T00:56:36Z,organic_search
102322,00001976cca7,2026-02-09T12:42:41Z,US,CA,tiktok,True,2026-02-09T12:42:41Z,tiktok_ads
102393,000019812969,2026-02-15T02:06:24Z,US,MI,organic_search,True,2026-02-15T02:06:24Z,organic_search
101896,000019812a30,2025-12-23T10:23:16Z,US,WI,organic_search,True,2025-12-23T10:23:16Z,organic_search
100241,00001985eb34,2025-07-30T07:32:45Z,US,VA,direct,True,2025-07-30T07:32:45Z,direct
102930,0000198b86f2,2026-03-31T19:26:02Z,US,WA,meta,True,2026-03-31T19:26:02Z,meta_ads
101358,0000198b87b9,2025-11-25T17:40:06Z,US,FL,IG,True,2025-11-25T17:40:06Z,meta_ads
103062,00001995e47b,2026-04-11T16:51:54Z,US,MO,meta,True,2026-04-11T16:51:54Z,meta_ads
100978,00001995e542,2025-10-20T13:12:05Z,US,IL,influencer,False,2025-10-20T13:12:05Z,influencer
103428,000019a04204,2026-05-09T13:58:57Z,US,PA,influencer,True,2026-05-09T13:58:57Z,influencer
100490,000019a042cb,2025-09-01T06:53:16Z,US,MA,influencer,False,2025-09-01T06:53:16Z,influencer
103826,000019aa9f8d,2026-06-12T08:50:02Z,US,DE,organic_search,False,2026-06-12T08:50:02Z,organic_search
100117,000019ce262f,2025-07-14T15:43:45Z,US,MA,,True,2025-07-14T15:43:45Z,unknown
104037,000019d8847f,2026-06-28T12:42:11Z,US,CA,organic_search,True,2026-06-28T12:42:11Z,organic_search
100950,000019e2e141,2025-10-18T02:07:09Z,US,CA,google_ads,True,2025-10-18T02:07:09Z,google_ads
103529,000019e2e208,2026-05-17T02:52:29Z,US,CA,organic_search,True,2026-05-17T02:52:29Z,organic_search
101328,000019ed3eca,2025-11-25T10:21:45Z,US,IN,direct,False,2025-11-25T10:21:45Z,direct
103108,000019fa81ad,2026-04-16T03:29:11Z,CA,BC,meta,True,2026-04-16T03:29:11Z,meta_ads
103561,00001a04df36,2026-05-20T03:54:11Z,US,CA,tiktok,True,2026-05-20T03:54:11Z,tiktok_ads
103573,00001a0f3cbf,2026-05-22T02:21:45Z,US,CA,meta,True,2026-05-22T02:21:45Z,meta_ads
100008,00001a32c361,2025-06-19T04:26:03Z,US,NY,organic_search,True,2025-06-19T04:26:03Z,organic_search
102527,00001a37852c,2026-02-27T21:35:22Z,CA,AB,Direct,True,2026-02-27T21:35:22Z,direct
100339,00001a3d20ea,2025-08-11T20:49:10Z,US,MN,meta,True,2025-08-11T20:49:10Z,meta_ads
103758,00001a3d21b1,2026-06-07T01:44:39Z,US,TX,influencer,True,2026-06-07T01:44:39Z,influencer
102019,00001a41e2b5,2026-01-07T12:40:31Z,GB,SCT,referral,True,2026-01-07T12:40:31Z,referral
100895,00001a477e73,2025-10-12T14:27:53Z,US,PA,meta,True,2025-10-12T14:27:53Z,meta_ads
103486,00001a477f3a,2026-05-13T12:49:02Z,CA,AB,IG,False,2026-05-13T12:49:02Z,meta_ads
101779,00001a4c403e,2025-12-11T17:15:54Z,US,CA,referral,True,2025-12-11T17:15:54Z,referral
101123,00001a51dbfc,2025-11-06T12:55:39Z,US,WA,,True,2025-11-06T12:55:39Z,unknown
103236,00001a51dcc3,2026-04-25T10:00:17Z,US,FL,tiktok,False,2026-04-25T10:00:17Z,tiktok_ads
101505,00001a569dc7,2025-11-28T10:37:32Z,US,CA,google_ads,True,2025-11-28T10:37:32Z,google_ads
101649,00001a5c3985,2025-12-01T04:23:51Z,US,NJ,google_ads,True,2025-12-01T04:23:51Z,google_ads
100962,00001a60fb50,2025-10-19T12:12:18Z,US,NY,Facebook,True,2025-10-19T12:12:18Z,meta_ads
102223,00001aa67fe7,2026-01-31T16:02:44Z,US,MA,influencer,False,2026-01-31T16:02:44Z,influencer
100828,00001aac1ba5,2025-10-07T02:17:19Z,US,OH,IG,True,2025-10-07T02:17:19Z,meta_ads
102849,00001ab0dca9,2026-03-22T15:03:57Z,US,NJ,google_ads,True,2026-03-22T15:03:57Z,google_ads
101374,00001ab0dd70,2025-11-25T22:44:59Z,CA,BC,direct,False,2025-11-25T22:44:59Z,direct
100932,00001ab6792e,2025-10-16T11:09:43Z,US,IN,Google,True,2025-10-16T11:09:43Z,google_ads
103233,00001abb3a32,2026-04-25T04:13:58Z,GB,ENG,organic_search,True,2026-04-25T04:13:58Z,organic_search
101400,00001abb3af9,2025-11-26T12:39:42Z,US,CA,google_ads,True,2025-11-26T12:39:42Z,google_ads
101848,00001ac0d6b7,2025-12-17T22:43:21Z,US,CA,tiktok,False,2025-12-17T22:43:21Z,tiktok_ads
103350,00001ac597bb,2026-05-04T19:36:48Z,CA,ON,google_ads,False,2026-05-04T19:36:48Z,google_ads
101054,00001ac59882,2025-10-27T14:48:06Z,CA,AB,organic_search,False,2025-10-27T14:48:06Z,organic_search
102166,00001acb3440,2026-01-24T23:44:16Z,GB,WLS,Facebook,False,2026-01-24T23:44:16Z,meta_ads
102443,00001acb3507,2026-02-20T10:06:38Z,US,VA,direct,True,2026-02-20T10:06:38Z,direct
103929,00001acff544,2026-06-20T14:35:33Z,US,FL,meta,False,2026-06-20T14:35:33Z,meta_ads
100253,00001acff60b,2025-08-01T00:01:13Z,US,CO,tiktok,True,2025-08-01T00:01:13Z,tiktok_ads
102429,00001ad591c9,2026-02-18T15:54:09Z,US,MI,meta,True,2026-02-18T15:54:09Z,meta_ads
103556,00001afdda36,2026-05-19T16:47:40Z,US,MD,meta,True,2026-05-19T16:47:40Z,meta_ads
103492,00001b0837bf,2026-05-14T00:26:08Z,US,OR,referral,True,2026-05-14T00:26:08Z,referral
102917,00001b129548,2026-03-30T01:19:50Z,US,CA,meta,True,2026-03-30T01:19:50Z,meta_ads
101280,00001b1fd82b,2025-11-24T15:22:41Z,CA,BC,influencer,False,2025-11-24T15:22:41Z,influencer
103337,00001b2a34ed,2026-05-04T05:25:25Z,CA,QC,organic_search,True,2026-05-04T05:25:25Z,organic_search
100803,00001b2a35b4,2025-10-04T10:28:23Z,US,GA,Google,True,2025-10-04T10:28:23Z,google_ads
103889,00001b349276,2026-06-16T20:52:21Z,US,CA,direct,True,2026-06-16T20:52:21Z,direct
100325,00001b34933d,2025-08-10T19:22:13Z,US,OH,referral,True,2025-08-10T19:22:13Z,referral
103899,00001b627768,2026-06-17T23:07:53Z,US,MA,referral,False,2026-06-17T23:07:53Z,referral
100501,00001b6cd42a,2025-09-02T09:02:06Z,US,CA,influencer,False,2025-09-02T09:02:06Z,influencer
103360,00001b6cd4f1,2026-05-05T10:56:50Z,CA,AB,referral,False,2026-05-05T10:56:50Z,referral
100964,00001b7731b3,2025-10-19T13:26:05Z,US,TX,meta,True,2025-10-19T13:26:05Z,meta_ads
103030,00001b77327a,2026-04-09T12:17:52Z,US,MN,tiktok,True,2026-04-09T12:17:52Z,tiktok_ads
101183,00001b818f3c,2025-11-14T20:26:36Z,CA,AB,meta,True,2025-11-14T20:26:36Z,meta_ads
102741,00001b819003,2026-03-18T09:10:21Z,US,FL,google_ads,True,2026-03-18T09:10:21Z,google_ads
100171,00001b872bc1,2025-07-21T01:59:20Z,CA,BC,TikTok,True,2025-07-21T01:59:20Z,tiktok_ads
101669,00001b8becc5,2025-12-01T20:33:40Z,CA,AB,google_ads,True,2025-12-01T20:33:40Z,google_ads
102338,00001b964a4e,2026-02-10T14:32:51Z,US,CA,tiktok,True,2026-02-10T14:32:51Z,tiktok_ads
103448,00001bd17223,2026-05-10T16:49:43Z,US,OR,tiktok,True,2026-05-10T16:49:43Z,tiktok_ads
101814,00001bd63327,2025-12-15T10:54:55Z,US,WA,Facebook,False,2025-12-15T10:54:55Z,meta_ads
101087,00001bdbcee5,2025-11-01T09:38:43Z,US,TX,google_ads,True,2025-11-01T09:38:43Z,google_ads
103089,00001bdbcfac,2026-04-14T13:49:32Z,US,FL,TikTok,True,2026-04-14T13:49:32Z,tiktok_ads
101631,00001be090b0,2025-11-30T22:28:41Z,US,NY,referral,True,2025-11-30T22:28:41Z,referral
101454,00001be62c6e,2025-11-27T13:09:55Z,US,AZ,influencer,False,2025-11-27T13:09:55Z,influencer
102645,00001be62d35,2026-03-14T02:56:58Z,US,TX,Google,True,2026-03-14T02:56:58Z,google_ads
100810,00001beaee39,2025-10-04T17:22:35Z,US,TX,influencer,False,2025-10-04T17:22:35Z,influencer
101758,00001bf089f7,2025-12-09T16:07:13Z,US,PA,,True,2025-12-09T16:07:13Z,unknown
102534,00001bf08abe,2026-02-28T12:28:45Z,US,MD,organic_search,True,2026-02-28T12:28:45Z,organic_search
100550,00001bf54bc2,2025-09-07T01:24:40Z,US,TX,organic_search,False,2025-09-07T01:24:40Z,organic_search
102255,00001bfae780,2026-02-03T15:47:27Z,US,NY,google_ads,False,2026-02-03T15:47:27Z,google_ads
102042,00001bfae847,2026-01-09T10:08:10Z,US,CO,meta,True,2026-01-09T10:08:10Z,meta_ads
100164,00001bffa94b,2025-07-20T13:15:34Z,US,NJ,google_ads,False,2025-07-20T13:15:34Z,google_ads
102683,00001c054509,2026-03-15T23:29:39Z,US,IN,meta,False,2026-03-15T23:29:39Z,meta_ads
101037,00001c4f8b6b,2025-10-26T08:16:49Z,US,TX,meta,True,2025-10-26T08:16:49Z,meta_ads
101916,00001c552729,2025-12-27T13:41:05Z,US,CA,tiktok,False,2025-12-27T13:41:05Z,tiktok_ads
103710,00001c59e82d,2026-06-02T18:33:01Z,US,IL,referral,False,2026-06-02T18:33:01Z,referral
100580,00001c59e8f4,2025-09-10T01:07:48Z,US,CO,meta,False,2025-09-10T01:07:48Z,meta_ads
102339,00001c5f84b2,2026-02-10T19:07:32Z,US,FL,referral,False,2026-02-10T19:07:32Z,referral
103113,00001c6445b6,2026-04-16T15:27:50Z,US,IL,facebook_ads,True,2026-04-16T15:27:50Z,meta_ads
100180,00001c64467d,2025-07-22T09:58:43Z,US,NC,referral,True,2025-07-22T09:58:43Z,referral
102734,00001c69e23b,2026-03-17T23:54:52Z,US,NY,tiktok,False,2026-03-17T23:54:52Z,tiktok_ads
103004,00001c743fc4,2026-04-07T14:51:06Z,US,MI,Google,False,2026-04-07T14:51:06Z,google_ads
103525,00001c7e9d4d,2026-05-17T01:23:29Z,US,CA,google_ads,False,2026-05-17T01:23:29Z,google_ads
103458,00001c922aa8,2026-05-11T02:01:15Z,US,FL,organic_search,True,2026-05-11T02:01:15Z,organic_search
103312,00001c9c8831,2026-05-02T11:34:20Z,US,NY,Facebook,False,2026-05-02T11:34:20Z,meta_ads
103142,00001ca6e5ba,2026-04-18T13:30:11Z,US,FL,Google,True,2026-04-18T13:30:11Z,google_ads
102780,00001cb14343,2026-03-19T21:14:36Z,US,FL,meta,True,2026-03-19T21:14:36Z,meta_ads
100261,00001cb6df01,2025-08-01T17:43:04Z,US,TX,organic_search,True,2025-08-01T17:43:04Z,organic_search
102144,00001cbba0cc,2026-01-22T01:15:58Z,CA,BC,meta,False,2026-01-22T01:15:58Z,meta_ads
100058,00001cc8e3af,2025-07-08T06:21:57Z,GB,WLS,direct,True,2025-07-08T06:21:57Z,direct
103551,00001d012563,2026-05-19T08:02:48Z,US,IN,meta,True,2026-05-19T08:02:48Z,meta_ads
101526,00001d0b8225,2025-11-28T19:05:43Z,AU,NSW,organic_search,False,2025-11-28T19:05:43Z,organic_search
103006,00001d0b82ec,2026-04-07T14:55:36Z,US,IN,facebook_ads,True,2026-04-07T14:55:36Z,meta_ads
101820,00001d15dfae,2025-12-15T21:50:06Z,US,WA,influencer,False,2025-12-15T21:50:06Z,influencer
102855,00001d15e075,2026-03-22T22:40:03Z,US,MI,Google,True,2026-03-22T22:40:03Z,google_ads
100444,00001d1b7c33,2025-08-24T11:41:47Z,US,TX,meta,False,2025-08-24T11:41:47Z,meta_ads
102063,00001d203d37,2026-01-11T07:45:27Z,CA,BC,organic_search,False,2026-01-11T07:45:27Z,organic_search
102204,00001d203dfe,2026-01-29T14:55:45Z,US,WI,influencer,True,2026-01-29T14:55:45Z,influencer
100657,00001d25d9bc,2025-09-18T20:35:31Z,US,NY,influencer,True,2025-09-18T20:35:31Z,influencer
103430,00001d25da83,2026-05-09T15:04:53Z,US,PA,google_ads,True,2026-05-09T15:04:53Z,google_ads
102691,00001d2a9ac0,2026-03-16T10:29:14Z,US,NY,direct,True,2026-03-16T10:29:14Z,direct
101422,00001d303745,2025-11-26T20:09:01Z,US,NY,meta,True,2025-11-26T20:09:01Z,meta_ads
103282,00001d34f849,2026-04-29T11:42:25Z,US,WI,meta,True,2026-04-29T11:42:25Z,meta_ads
103672,00001d3f55d2,2026-05-29T17:49:35Z,AU,NSW,,False,2026-05-29T17:49:35Z,unknown
102716,00001d7a7da7,2026-03-17T03:11:30Z,GB,WLS,organic_search,True,2026-03-17T03:11:30Z,organic_search
100656,00001d7f3eab,2025-09-18T15:16:24Z,US,CA,Facebook,False,2025-09-18T15:16:24Z,meta_ads
102086,00001d84da69,2026-01-13T21:54:22Z,US,MD,organic_search,False,2026-01-13T21:54:22Z,organic_search
101956,00001d84db30,2026-01-02T14:04:09Z,CA,QC,meta,True,2026-01-02T14:04:09Z,meta_ads
100376,00001d899c34,2025-08-15T18:52:35Z,GB,ENG,organic_search,True,2025-08-15T18:52:35Z,organic_search
102832,00001d8f37f2,2026-03-21T16:27:11Z,US,NY,meta,False,2026-03-21T16:27:11Z,meta_ads
101906,00001d8f38b9,2025-12-24T23:10:56Z,US,WI,organic_search,True,2025-12-24T23:10:56Z,organic_search
103256,00001d99957b,2026-04-26T23:48:11Z,US,CA,organic_search,False,2026-04-26T23:48:11Z,organic_search
101567,00001d999642,2025-11-29T15:13:02Z,US,OH,direct,True,2025-11-29T15:13:02Z,direct
103384,00001da3f304,2026-05-06T21:09:37Z,GB,ENG,meta,False,2026-05-06T21:09:37Z,meta_ads
101009,00001da3f3cb,2025-10-23T20:11:29Z,US,WI,organic_search,False,2025-10-23T20:11:29Z,organic_search
103813,00001dae508d,2026-06-11T08:50:32Z,US,AZ,Google,True,2026-06-11T08:50:32Z,google_ads
100051,00001ddc34b8,2025-07-07T13:06:22Z,US,NY,meta,False,2025-07-07T13:06:22Z,meta_ads
102789,00001ddc357f,2026-03-20T03:57:01Z,US,CA,referral,True,2026-03-20T03:57:01Z,referral
100625,00001de69241,2025-09-16T03:50:53Z,US,NY,google_ads,False,2025-09-16T03:50:53Z,google_ads
100917,00001df0efca,2025-10-14T03:16:43Z,US,MN,referral,True,2025-10-14T03:16:43Z,referral
103104,00001dfe32ad,2026-04-15T21:38:50Z,GB,SCT,organic_search,True,2026-04-15T21:38:50Z,organic_search
103584,00001e089036,2026-05-23T08:17:41Z,US,GA,meta,False,2026-05-23T08:17:41Z,meta_ads
103810,00001e12edbf,2026-06-11T02:14:08Z,US,CA,direct,False,2026-06-11T02:14:08Z,direct
102377,00001e1d4b48,2026-02-14T02:00:48Z,US,NY,,True,2026-02-14T02:00:48Z,unknown
103169,00001e30d8a3,2026-04-20T12:27:10Z,GB,WLS,IG,True,2026-04-20T12:27:10Z,meta_ads
102431,00001e3b362c,2026-02-19T00:18:26Z,US,OR,meta,True,2026-02-19T00:18:26Z,meta_ads
100211,00001e40d1ea,2025-07-26T23:00:18Z,US,CA,meta,True,2025-07-26T23:00:18Z,meta_ads
103753,00001e40d2b1,2026-06-06T14:56:27Z,US,WA,referral,True,2026-06-06T14:56:27Z,referral
101694,00001e4592ee,2025-12-03T20:06:46Z,US,WA,google_ads,True,2025-12-03T20:06:46Z,google_ads
102310,00001e4593b5,2026-02-08T14:52:57Z,US,TX,influencer,False,2026-02-08T14:52:57Z,influencer
100757,00001e4b2f73,2025-09-30T10:32:51Z,US,NY,organic_search,True,2025-09-30T10:32:51Z,organic_search
103696,00001e4b303a,2026-06-01T14:22:11Z,CA,AB,meta,True,2026-06-01T14:22:11Z,meta_ads
102045,00001e4ff13e,2026-01-09T12:02:55Z,US,CA,direct,True,2026-01-09T12:02:55Z,direct
100763,00001e558cfc,2025-09-30T15:42:43Z,GB,ENG,organic_search,False,2025-09-30T15:42:43Z,organic_search
103357,00001e558dc3,2026-05-05T02:18:15Z,US,NY,Facebook,True,2026-05-05T02:18:15Z,meta_ads
101161,00001e5a4ec7,2025-11-10T19:06:44Z,US,MA,meta,False,2025-11-10T19:06:44Z,meta_ads
101052,00001e5fea85,2025-10-27T09:57:52Z,US,NY,meta,False,2025-10-27T09:57:52Z,meta_ads
102280,00001eaa30e7,2026-02-06T10:27:59Z,US,NJ,direct,True,2026-02-06T10:27:59Z,direct
100655,00001eafcca5,2025-09-18T13:35:13Z,US,CA,tiktok,True,2025-09-18T13:35:13Z,tiktok_ads
102382,00001eb48da9,2026-02-14T14:09:29Z,US,IN,direct,False,2026-02-14T14:09:29Z,direct
101673,00001eb48e70,2025-12-01T23:05:41Z,US,VA,referral,True,2025-12-01T23:05:41Z,referral
100948,00001eba2a2e,2025-10-18T00:18:20Z,US,GA,meta,True,2025-10-18T00:18:20Z,meta_ads
102887,00001ebeeb32,2026-03-26T12:25:41Z,US,NJ,meta,False,2026-03-26T12:25:41Z,meta_ads
101134,00001ebeebf9,2025-11-07T09:50:38Z,US,CA,facebook_ads,True,2025-11-07T09:50:38Z,meta_ads
101243,00001ec487b7,2025-11-24T00:12:19Z,US,GA,IG,True,2025-11-24T00:12:19Z,meta_ads
103088,00001ec948bb,2026-04-14T13:28:58Z,US,FL,organic_search,True,2026-04-14T13:28:58Z,organic_search
101097,00001ec94982,2025-11-03T00:36:21Z,GB,SCT,meta,True,2025-11-03T00:36:21Z,meta_ads
101818,00001ecee540,2025-12-15T20:46:25Z,US,WA,influencer,True,2025-12-15T20:46:25Z,influencer
103530,00001ed3a644,2026-05-17T03:20:40Z,US,NY,meta,True,2026-05-17T03:20:40Z,meta_ads
100672,00001ed3a70b,2025-09-20T15:45:01Z,US,TX,meta,False,2025-09-20T15:45:01Z,meta_ads
102218,00001ed942c9,2026-01-31T11:39:35Z,US,VA,meta,False,2026-01-31T11:39:35Z,meta_ads
103852,00001ede03cd,2026-06-14T13:05:17Z,US,NJ,organic_search,True,2026-06-14T13:05:17Z,organic_search
103931,00001f0be8bf,2026-06-20T16:26:46Z,US,CA,organic_search,False,2026-06-20T16:26:46Z,organic_search
103317,00001f164648,2026-05-02T14:57:22Z,US,OR,meta,False,2026-05-02T14:57:22Z,meta_ads
101577,00001f23892b,2025-11-29T20:07:22Z,US,NY,organic_search,False,2025-11-29T20:07:22Z,organic_search
103137,00001f2de5ed,2026-04-18T02:43:16Z,US,CA,google_ads,True,2026-04-18T02:43:16Z,google_ads
101318,00001f2de6b4,2025-11-25T03:48:11Z,US,GA,IG,False,2025-11-25T03:48:11Z,meta_ads
103307,00001f384376,2026-05-01T23:11:46Z,US,NY,influencer,True,2026-05-01T23:11:46Z,influencer
100616,00001f38443d,2025-09-14T15:40:12Z,US,CA,meta,True,2025-09-14T15:40:12Z,meta_ads
104057,00001f42a0ff,2026-06-30T05:44:06Z,US,FL,tiktok,False,2026-06-30T05:44:06Z,tiktok_ads
100454,00001f42a1c6,2025-08-26T11:12:56Z,CA,ON,organic_search,False,2025-08-26T11:12:56Z,organic_search
100351,00001f70852a,2025-08-12T17:57:40Z,US,NC,organic_search,True,2025-08-12T17:57:40Z,organic_search
103807,00001f7085f1,2026-06-10T23:58:58Z,US,PA,tiktok,False,2026-06-10T23:58:58Z,tiktok_ads
100321,00001f7ae2b3,2025-08-10T14:24:00Z,US,OR,Google,False,2025-08-10T14:24:00Z,google_ads
103537,00001f7ae37a,2026-05-17T22:19:06Z,US,OH,referral,True,2026-05-17T22:19:06Z,referral
101379,00001f85403c,2025-11-25T23:44:23Z,CA,BC,organic_search,True,2025-11-25T23:44:23Z,organic_search
103248,00001f854103,2026-04-26T15:00:43Z,US,MN,google_ads,True,2026-04-26T15:00:43Z,google_ads
101364,00001f8f9dc5,2025-11-25T20:28:24Z,US,TX,IG,True,2025-11-25T20:28:24Z,meta_ads
103148,00001f9ce0a8,2026-04-18T20:00:22Z,US,NC,meta,True,2026-04-18T20:00:22Z,meta_ads
103829,00001fa73e31,2026-06-12T13:39:55Z,CA,QC,referral,True,2026-06-12T13:39:55Z,referral
103967,00001fd52323,2026-06-22T14:13:55Z,CA,BC,IG,True,2026-06-22T14:13:55Z,meta_ads
102203,00001fd9e427,2026-01-29T14:52:11Z,US,FL,organic_search,False,2026-01-29T14:52:11Z,organic_search
100530,00001fdf7fe5,2025-09-04T18:30:55Z,US,NY,organic_search,True,2025-09-04T18:30:55Z,organic_search
103412,00001fdf80ac,2026-05-08T12:02:17Z,US,CA,meta,False,2026-05-08T12:02:17Z,meta_ads
102746,00001fe440e9,2026-03-18T11:28:48Z,US,AZ,influencer,True,2026-03-18T11:28:48Z,influencer
101722,00001fe441b0,2025-12-05T23:31:21Z,US,TX,organic_search,True,2025-12-05T23:31:21Z,organic_search
101103,00001fe9dd6e,2025-11-03T18:30:47Z,US,WA,organic_search,False,2025-11-03T18:30:47Z,organic_search
103163,00001fe9de35,2026-04-19T22:45:27Z,AU,WA,meta,True,2026-04-19T22:45:27Z,meta_ads
103168,00001fee9e72,2026-04-20T07:57:34Z,US,NH,direct,True,2026-04-20T07:57:34Z,direct
101437,00001fee9f39,2025-11-27T01:28:46Z,US,NJ,meta,False,2025-11-27T01:28:46Z,meta_ads
101483,00001ff43af7,2025-11-27T21:34:18Z,AU,NSW,,True,2025-11-27T21:34:18Z,unknown
102699,00001ff43bbe,2026-03-16T15:53:08Z,US,CA,meta,True,2026-03-16T15:53:08Z,meta_ads
103571,00001ff8fbfb,2026-05-22T01:40:06Z,US,VA,organic_search,True,2026-05-22T01:40:06Z,organic_search
100988,00001ff8fcc2,2025-10-21T06:58:23Z,US,IN,meta,True,2025-10-21T06:58:23Z,meta_ads
101953,00001ffe9880,2026-01-01T23:27:43Z,US,MA,tiktok,True,2026-01-01T23:27:43Z,tiktok_ads
102455,00001ffe9947,2026-02-21T12:27:40Z,US,FL,google_ads,True,2026-02-21T12:27:40Z,google_ads
100604,000020035a4b,2025-09-13T14:34:32Z,US,FL,Facebook,True,2025-09-13T14:34:32Z,meta_ads
102356,00002008f609,2026-02-12T11:52:22Z,US,TX,google_ads,True,2026-02-12T11:52:22Z,google_ads
101349,000020533c6b,2025-11-25T14:50:35Z,US,CA,,True,2025-11-25T14:50:35Z,unknown
101135,00002058d829,2025-11-08T00:13:02Z,CA,ON,organic_search,True,2025-11-08T00:13:02Z,organic_search
103408,0000205d992d,2026-05-08T04:36:58Z,CA,ON,direct,False,2026-05-08T04:36:58Z,direct
100935,0000205d99f4,2025-10-16T17:27:53Z,US,OR,organic_search,True,2025-10-16T17:27:53Z,organic_search
102165,0000206335b2,2026-01-24T21:11:38Z,US,CA,organic_search,True,2026-01-24T21:11:38Z,organic_search
103708,00002067f6b6,2026-06-02T14:08:45Z,US,CA,influencer,True,2026-06-02T14:08:45Z,influencer
100591,00002067f77d,2025-09-11T17:06:40Z,US,WI,Google,True,2025-09-11T17:06:40Z,google_ads
102474,0000206d933b,2026-02-22T14:45:11Z,US,FL,Facebook,False,2026-02-22T14:45:11Z,meta_ads
100645,00002072543f,2025-09-17T22:52:47Z,US,IN,,True,2025-09-17T22:52:47Z,unknown
100057,000020725506,2025-07-08T03:43:30Z,US,GA,meta,True,2025-07-08T03:43:30Z,meta_ads
102578,00002077f0c4,2026-03-05T06:33:35Z,US,NY,IG,True,2026-03-05T06:33:35Z,meta_ads
103114,000020824e4d,2026-04-16T15:39:38Z,US,MD,IG,False,2026-04-16T15:39:38Z,meta_ads
100020,00002095dae1,2025-07-02T10:56:01Z,US,OH,Google,True,2025-07-02T10:56:01Z,google_ads
103475,00002095dba8,2026-05-12T23:05:25Z,US,CA,organic_search,True,2026-05-12T23:05:25Z,organic_search
100619,000020a0386a,2025-09-15T00:39:53Z,GB,SCT,meta,True,2025-09-15T00:39:53Z,meta_ads
103874,000020a03931,2026-06-15T22:38:43Z,US,FL,,True,2026-06-15T22:38:43Z,unknown
103546,000020aa96ba,2026-05-18T21:45:10Z,US,OH,Facebook,True,2026-05-18T21:45:10Z,meta_ads
102517,000020b4f443,2026-02-27T10:22:40Z,US,IL,tiktok,True,2026-02-27T10:22:40Z,tiktok_ads
100905,000020c23726,2025-10-13T11:15:24Z,US,CA,meta,True,2025-10-13T11:15:24Z,meta_ads
100324,000020cc94af,2025-08-10T19:09:39Z,US,MO,facebook_ads,False,2025-08-10T19:09:39Z,meta_ads
100039,000020d6f238,2025-07-05T01:50:40Z,US,CA,google_ads,True,2025-07-05T01:50:40Z,google_ads
104059,00002104d663,2026-06-30T11:08:59Z,US,AZ,influencer,True,2026-06-30T11:08:59Z,influencer
100800,0000210f3325,2025-10-03T19:24:52Z,US,FL,influencer,True,2025-10-03T19:24:52Z,influencer
103426,0000210f33ec,2026-05-09T12:15:34Z,US,FL,referral,True,2026-05-09T12:15:34Z,referral
101472,0000211990ae,2025-11-27T17:34:26Z,US,MA,meta,True,2025-11-27T17:34:26Z,meta_ads
102661,000021199175,2026-03-14T19:41:26Z,US,CA,meta,True,2026-03-14T19:41:26Z,meta_ads
101768,00002123ee37,2025-12-10T11:02:28Z,US,OH,meta,False,2025-12-10T11:02:28Z,meta_ads
102247,00002123eefe,2026-02-03T02:00:15Z,US,NC,direct,False,2026-02-03T02:00:15Z,direct
100335,000021298abc,2025-08-11T11:43:07Z,GB,ENG,Google,True,2025-08-11T11:43:07Z,google_ads
102145,0000212e4bc0,2026-01-22T03:41:31Z,US,CA,meta,True,2026-01-22T03:41:31Z,meta_ads
100835,00002133e845,2025-10-07T15:14:34Z,US,FL,influencer,False,2025-10-07T15:14:34Z,influencer
102844,00002138a949,2026-03-22T02:49:27Z,US,IN,organic_search,True,2026-03-22T02:49:27Z,organic_search
103398,00002173d11e,2026-05-07T12:09:37Z,CA,BC,referral,False,2026-05-07T12:09:37Z,referral
102647,0000217e2ea7,2026-03-14T10:18:33Z,US,TX,Google,True,2026-03-14T10:18:33Z,google_ads
100834,00002182efab,2025-10-07T12:41:02Z,US,NC,meta,True,2025-10-07T12:41:02Z,meta_ads
101840,000021888b69,2025-12-17T03:26:10Z,US,CA,meta,True,2025-12-17T03:26:10Z,meta_ads
102470,000021888c30,2026-02-22T10:14:35Z,AU,WA,organic_search,True,2026-02-22T10:14:35Z,organic_search
103618,0000218d4c6d,2026-05-25T23:41:16Z,US,NC,organic_search,True,2026-05-25T23:41:16Z,organic_search
100748,0000218d4d34,2025-09-29T15:17:30Z,US,CA,organic_search,True,2025-09-29T15:17:30Z,organic_search
102189,00002192e8f2,2026-01-27T21:10:59Z,US,OH,organic_search,True,2026-01-27T21:10:59Z,organic_search
102188,00002192e9b9,2026-01-27T12:22:06Z,US,WA,tiktok,False,2026-01-27T12:22:06Z,tiktok_ads
103749,00002197a9f6,2026-06-06T09:16:46Z,US,PA,organic_search,True,2026-06-06T09:16:46Z,organic_search
100073,00002197aabd,2025-07-09T12:57:59Z,CA,QC,organic_search,True,2025-07-09T12:57:59Z,organic_search
102652,0000219d467b,2026-03-14T12:13:07Z,US,MN,influencer,True,2026-03-14T12:13:07Z,influencer
101769,0000219d4742,2025-12-10T12:10:12Z,US,CA,tiktok,False,2025-12-10T12:10:12Z,tiktok_ads
102996,000021a7a404,2026-04-06T20:36:48Z,US,FL,tiktok,False,2026-04-06T20:36:48Z,tiktok_ads
101022,000021a7a4cb,2025-10-25T02:39:11Z,CA,AB,,True,2025-10-25T02:39:11Z,unknown
103644,000021b2018d,2026-05-27T15:58:49Z,US,TX,organic_search,False,2026-05-27T15:58:49Z,organic_search
100030,000021ea4341,2025-07-03T20:10:30Z,US,PA,influencer,False,2025-07-03T20:10:30Z,influencer
102254,000021f78624,2026-02-03T15:16:13Z,US,GA,influencer,False,2026-02-03T15:16:13Z,influencer
100060,000021fc47ef,2025-07-08T10:41:20Z,GB,ENG,meta,True,2025-07-08T10:41:20Z,meta_ads
102836,00002201e3ad,2026-03-21T20:56:17Z,US,CA,organic_search,True,2026-03-21T20:56:17Z,organic_search
103177,0000220c4136,2026-04-21T03:34:33Z,US,MA,google_ads,False,2026-04-21T03:34:33Z,google_ads
103528,000022169ebf,2026-05-17T02:38:11Z,US,TN,direct,False,2026-05-17T02:38:11Z,direct
103879,000022169ebf,2026-06-16T03:13:38Z,US,TN,,False,2026-06-16T03:13:38Z,unknown
103715,00002220fc48,2026-06-03T04:26:29Z,CA,AB,Google,True,2026-06-03T04:26:29Z,google_ads
103666,0000223489a3,2026-05-29T08:58:02Z,US,OR,,True,2026-05-29T08:58:02Z,unknown
101106,0000223ee665,2025-11-04T01:56:52Z,US,TX,meta,True,2025-11-04T01:56:52Z,meta_ads
103068,0000223ee72c,2026-04-12T02:48:30Z,CA,QC,tiktok,False,2026-04-12T02:48:30Z,tiktok_ads
101591,0000224943ee,2025-11-30T02:49:59Z,US,WI,direct,True,2025-11-30T02:49:59Z,direct
102710,0000224944b5,2026-03-17T01:39:09Z,US,GA,google_ads,False,2026-03-17T01:39:09Z,google_ads
100012,0000224ee073,2025-07-01T09:50:20Z,US,NJ,meta,False,2025-07-01T09:50:20Z,meta_ads
101883,0000224ee13a,2025-12-21T08:28:35Z,US,WA,organic_search,True,2025-12-21T08:28:35Z,organic_search
102022,00002253a177,2026-01-07T20:24:52Z,CA,ON,meta,True,2026-01-07T20:24:52Z,meta_ads
102536,00002253a23e,2026-02-28T14:03:54Z,US,TX,google_ads,True,2026-02-28T14:03:54Z,google_ads
100526,000022593dfc,2025-09-04T12:03:11Z,US,MI,meta,False,2025-09-04T12:03:11Z,meta_ads
103865,000022593ec3,2026-06-15T00:31:45Z,US,OH,organic_search,False,2026-06-15T00:31:45Z,organic_search
101908,0000225dffc7,2025-12-25T14:22:52Z,GB,WLS,organic_search,True,2025-12-25T14:22:52Z,organic_search
100951,000022639b85,2025-10-18T10:21:24Z,US,IN,tiktok,False,2025-10-18T10:21:24Z,tiktok_ads
102764,000022ade1e7,2026-03-18T23:47:33Z,US,GA,meta,False,2026-03-18T23:47:33Z,meta_ads
100973,000022b2a2eb,2025-10-20T05:34:36Z,US,AZ,meta,False,2025-10-20T05:34:36Z,meta_ads
100004,000022b37da5,2025-06-03T15:27:57Z,US,NJ,meta,True,2025-06-03T15:27:57Z,meta_ads
102093,000022b83ea9,2026-01-15T05:27:47Z,US,CA,direct,True,2026-01-15T05:27:47Z,direct
102200,000022b83f70,2026-01-29T12:09:48Z,AU,QLD,meta,False,2026-01-29T12:09:48Z,meta_ads
103150,000022b83f70,2026-04-18T22:18:05Z,AU,QLD,,False,2026-04-18T22:18:05Z,unknown
100543,000022bddb2e,2025-09-06T16:01:56Z,US,CA,google_ads,True,2025-09-06T16:01:56Z,google_ads
102272,000022c29c32,2026-02-05T14:17:11Z,US,IL,tiktok,True,2026-02-05T14:17:11Z,tiktok_ads
101927,000022c29cf9,2025-12-28T14:44:57Z,US,CA,influencer,True,2025-12-28T14:44:57Z,influencer
100891,000022c838b7,2025-10-12T06:29:59Z,US,CA,meta,True,2025-10-12T06:29:59Z,meta_ads
102885,000022ccf9bb,2026-03-26T10:38:39Z,US,FL,organic_search,True,2026-03-26T10:38:39Z,organic_search
101620,000022ccfa82,2025-11-30T19:45:00Z,US,CO,organic_search,False,2025-11-30T19:45:00Z,organic_search
101162,000022d29640,2025-11-11T00:51:30Z,US,NC,facebook_ads,False,2025-11-11T00:51:30Z,meta_ads
102883,000022d75744,2026-03-26T00:42:32Z,US,NY,referral,True,2026-03-26T00:42:32Z,referral
100726,000022d7580b,2025-09-26T18:09:33Z,US,DE,organic_search,True,2025-09-26T18:09:33Z,organic_search
101665,000022dcf3c9,2025-12-01T19:02:51Z,US,VA,direct,True,2025-12-01T19:02:51Z,direct
103719,000022e1b4cd,2026-06-03T12:46:39Z,AU,QLD,influencer,False,2026-06-03T12:46:39Z,influencer
102298,0000231cdca2,2026-02-07T16:12:22Z,US,NY,,False,2026-02-07T16:12:22Z,unknown
100213,0000232bfb2f,2025-07-27T00:45:46Z,US,VA,Facebook,False,2025-07-27T00:45:46Z,meta_ads
102815,0000233196ed,2026-03-21T00:54:04Z,US,GA,direct,True,2026-03-21T00:54:04Z,direct
101261,0000233197b4,2025-11-24T08:27:34Z,US,VA,organic_search,True,2025-11-24T08:27:34Z,organic_search
103549,0000233bf476,2026-05-19T02:19:09Z,US,NY,organic_search,True,2026-05-19T02:19:09Z,organic_search
101021,0000233bf53d,2025-10-24T15:18:33Z,US,AZ,Google,False,2025-10-24T15:18:33Z,google_ads
104049,0000234651ff,2026-06-29T19:43:14Z,US,OR,facebook_ads,True,2026-06-29T19:43:14Z,meta_ads
100646,0000234652c6,2025-09-18T00:17:54Z,US,TX,influencer,False,2025-09-18T00:17:54Z,influencer
100373,00002350af88,2025-08-15T10:12:47Z,US,MI,google_ads,True,2025-08-15T10:12:47Z,google_ads
102945,000023643ce3,2026-04-02T10:59:13Z,US,NC,referral,False,2026-04-02T10:59:13Z,referral
100028,00002374362a,2025-07-03T18:56:04Z,US,IN,facebook_ads,True,2025-07-03T18:56:04Z,meta_ads
100431,0000237e93b3,2025-08-22T14:17:38Z,US,FL,tiktok,False,2025-08-22T14:17:38Z,tiktok_ads
103921,0000237e947a,2026-06-19T23:02:08Z,US,OH,google_ads,True,2026-06-19T23:02:08Z,google_ads
100883,00002388f13c,2025-10-11T17:46:55Z,US,MD,meta,True,2025-10-11T17:46:55Z,meta_ads
103309,00002388f203,2026-05-02T07:42:43Z,GB,ENG,meta,True,2026-05-02T07:42:43Z,meta_ads
101574,000023934ec5,2025-11-29T16:32:47Z,US,TN,organic_search,False,2025-11-29T16:32:47Z,organic_search
103648,000023a091a8,2026-05-27T18:36:35Z,US,TX,Direct,True,2026-05-27T18:36:35Z,direct
103820,000023aaef31,2026-06-11T16:14:40Z,US,FL,influencer,True,2026-06-11T16:14:40Z,influencer
101917,000023b54cba,2025-12-27T17:14:44Z,US,MI,direct,True,2025-12-27T17:14:44Z,direct
102340,000023dd9527,2026-02-11T02:44:58Z,US,OH,meta,True,2026-02-11T02:44:58Z,meta_ads
100280,000023e330e5,2025-08-04T15:47:09Z,US,GA,influencer,True,2025-08-04T15:47:09Z,influencer
103959,000023e331ac,2026-06-22T00:33:42Z,US,TX,organic_search,False,2026-06-22T00:33:42Z,organic_search
102486,000023e7f1e9,2026-02-23T16:46:02Z,US,FL,google_ads,True,2026-02-23T16:46:02Z,google_ads
102037,000023e7f2b0,2026-01-08T20:42:39Z,US,MO,meta,True,2026-01-08T20:42:39Z,meta_ads
100904,000023ed8e6e,2025-10-13T06:40:08Z,US,VA,meta,True,2025-10-13T06:40:08Z,meta_ads
103566,000023ed8f35,2026-05-21T12:56:48Z,US,AZ,referral,False,2026-05-21T12:56:48Z,referral
102348,000023f24f72,2026-02-12T00:50:41Z,US,NY,meta,True,2026-02-12T00:50:41Z,meta_ads
101279,000023f25039,2025-11-24T15:21:52Z,US,CA,organic_search,True,2025-11-24T15:21:52Z,organic_search
101517,000023f7ebf7,2025-11-28T15:37:31Z,US,TN,direct,True,2025-11-28T15:37:31Z,direct
103094,000023f7ecbe,2026-04-15T01:32:17Z,US,WA,meta,False,2026-04-15T01:32:17Z,meta_ads
103112,000023fcacfb,2026-04-16T15:25:09Z,US,OH,referral,True,2026-04-16T15:25:09Z,referral
101317,000023fcadc2,2025-11-25T03:02:12Z,US,CA,organic_search,True,2025-11-25T03:02:12Z,organic_search
101873,000024024980,2025-12-20T04:55:36Z,US,MA,influencer,True,2025-12-20T04:55:36Z,influencer
102751,000024024a47,2026-03-18T15:09:39Z,US,MN,tiktok,True,2026-03-18T15:09:39Z,tiktok_ads
103534,000024070a84,2026-05-17T16:14:52Z,US,WA,referral,False,2026-05-17T16:14:52Z,referral
100865,000024070b4b,2025-10-10T00:25:11Z,CA,BC,,True,2025-10-10T00:25:11Z,unknown
102102,0000240ca709,2026-01-16T15:07:21Z,US,NH,organic_search,True,2026-01-16T15:07:21Z,organic_search
100818,000024522ba0,2025-10-05T11:18:25Z,US,OH,meta,True,2025-10-05T11:18:25Z,meta_ads
101556,00002456ed6b,2025-11-29T12:33:32Z,US,MA,influencer,True,2025-11-29T12:33:32Z,influencer
101326,0000245c8929,2025-11-25T09:54:26Z,US,MA,tiktok,False,2025-11-25T09:54:26Z,tiktok_ads
103159,000024614a2d,2026-04-19T18:46:02Z,US,TN,organic_search,False,2026-04-19T18:46:02Z,organic_search
101154,000024614af4,2025-11-09T23:02:06Z,US,NC,,True,2025-11-09T23:02:06Z,unknown
101943,00002466e6b2,2025-12-30T15:19:10Z,US,NY,meta,True,2025-12-30T15:19:10Z,meta_ads
103689,0000246ba7b6,2026-05-31T12:19:20Z,US,TN,organic_search,False,2026-05-31T12:19:20Z,organic_search
101065,0000246ba87d,2025-10-28T12:47:49Z,US,NY,direct,False,2025-10-28T12:47:49Z,direct
101958,00002471443b,2026-01-02T16:55:50Z,US,VA,meta,True,2026-01-02T16:55:50Z,meta_ads
103942,00002476053f,2026-06-21T10:47:15Z,US,NC,meta,True,2026-06-21T10:47:15Z,meta_ads
100311,000024760606,2025-08-08T21:28:46Z,US,AZ,,True,2025-08-08T21:28:46Z,unknown
102325,0000247ba1c4,2026-02-09T16:17:48Z,US,MA,referral,True,2026-02-09T16:17:48Z,referral
100368,000024a3e96a,2025-08-14T21:30:43Z,US,FL,referral,True,2025-08-14T21:30:43Z,referral
103906,000024a3ea31,2026-06-18T20:56:21Z,US,WA,tiktok,False,2026-06-18T20:56:21Z,tiktok_ads
100686,000024ae46f3,2025-09-23T08:52:48Z,US,GA,meta,True,2025-09-23T08:52:48Z,meta_ads
103331,000024ae47ba,2026-05-03T18:10:45Z,US,IN,google_ads,False,2026-05-03T18:10:45Z,google_ads
102963,000024b8a543,2026-04-03T22:57:34Z,US,CA,direct,False,2026-04-03T22:57:34Z,direct
101438,000024c5e826,2025-11-27T01:33:46Z,US,PA,direct,True,2025-11-27T01:33:46Z,direct
103664,000024d044e8,2026-05-28T22:56:45Z,US,CA,,True,2026-05-28T22:56:45Z,unknown
100781,000024d045af,2025-10-01T16:11:31Z,CA,QC,organic_search,False,2025-10-01T16:11:31Z,organic_search
103963,000024daa271,2026-06-22T02:54:22Z,US,OR,Facebook,True,2026-06-22T02:54:22Z,meta_ads
100401,000024daa338,2025-08-18T22:59:35Z,US,NC,google_ads,False,2025-08-18T22:59:35Z,google_ads
103933,000025088763,2026-06-20T22:04:29Z,US,MI,organic_search,True,2026-06-20T22:04:29Z,organic_search
102171,0000250d4867,2026-01-25T15:59:25Z,CA,BC,organic_search,False,2026-01-25T15:59:25Z,organic_search
100545,00002512e425,2025-09-06T20:55:02Z,US,MD,direct,False,2025-09-06T20:55:02Z,direct
103493,00002512e4ec,2026-05-14T00:32:09Z,US,WA,tiktok,True,2026-05-14T00:32:09Z,tiktok_ads
101872,00002517a5f0,2025-12-20T01:33:59Z,US,TN,Google,False,2025-12-20T01:33:59Z,google_ads
101190,0000251d41ae,2025-11-15T14:52:36Z,US,TX,google_ads,False,2025-11-15T14:52:36Z,google_ads
103065,0000251d4275,2026-04-12T00:46:20Z,US,CO,meta,True,2026-04-12T00:46:20Z,meta_ads
101131,000025279f37,2025-11-06T18:36:36Z,US,MI,organic_search,True,2025-11-06T18:36:36Z,organic_search
102730,000025279ffe,2026-03-17T20:20:47Z,CA,AB,direct,True,2026-03-17T20:20:47Z,direct
100221,0000252d3bbc,2025-07-27T18:19:50Z,US,TX,google_ads,True,2025-07-27T18:19:50Z,google_ads
101687,00002531fcc0,2025-12-03T07:14:06Z,US,IL,organic_search,True,2025-12-03T07:14:06Z,organic_search
102396,00002531fd87,2026-02-15T10:00:08Z,US,NY,organic_search,True,2026-02-15T10:00:08Z,organic_search
102306,0000253c5a49,2026-02-08T10:37:17Z,US,FL,referral,False,2026-02-08T10:37:17Z,referral
103638,00002577821e,2026-05-27T11:27:19Z,US,PA,direct,False,2026-05-27T11:27:19Z,direct
101545,00002581dee0,2025-11-29T06:20:26Z,CA,ON,referral,True,2025-11-29T06:20:26Z,referral
103193,00002581dfa7,2026-04-22T02:29:27Z,US,TX,referral,True,2026-04-22T02:29:27Z,referral
101599,00002586a0ab,2025-11-30T10:54:09Z,US,FL,organic_search,True,2025-11-30T10:54:09Z,organic_search
101124,0000258c3c69,2025-11-06T13:16:26Z,AU,VIC,google_ads,True,2025-11-06T13:16:26Z,google_ads
101734,0000258c3c69,2025-12-07T11:47:19Z,AU,VIC,,False,2025-12-07T11:47:19Z,unknown
102927,0000258c3d30,2026-03-31T16:10:37Z,US,PA,,True,2026-03-31T16:10:37Z,unknown
103472,00002590fd6d,2026-05-12T15:53:53Z,US,OH,meta,False,2026-05-12T15:53:53Z,meta_ads
100946,00002590fe34,2025-10-17T15:27:34Z,US,NC,referral,True,2025-10-17T15:27:34Z,referral
101841,0000259699f2,2025-12-17T10:09:36Z,US,CA,google_ads,True,2025-12-17T10:09:36Z,google_ads
102350,000025969ab9,2026-02-12T01:08:53Z,US,GA,tiktok,True,2026-02-12T01:08:53Z,tiktok_ads
103822,0000259b5af6,2026-06-12T04:08:09Z,US,VA,organic_search,False,2026-06-12T04:08:09Z,organic_search
100533,0000259b5bbd,2025-09-05T17:57:05Z,US,NY,Google,False,2025-09-05T17:57:05Z,google_ads
102353,000025a0f77b,2026-02-12T06:42:48Z,US,IN,,False,2026-02-12T06:42:48Z,unknown
102136,000025a0f842,2026-01-20T16:54:13Z,US,AZ,influencer,True,2026-01-20T16:54:13Z,influencer
102499,000025a5b87f,2026-02-25T19:42:15Z,US,NY,meta,True,2026-02-25T19:42:15Z,meta_ads
100240,000025a5b946,2025-07-30T01:34:28Z,US,CA,direct,False,2025-07-30T01:34:28Z,direct
102667,000025ab5504,2026-03-15T00:58:34Z,US,TX,tiktok,True,2026-03-15T00:58:34Z,tiktok_ads
101057,000025f59b66,2025-10-27T18:00:06Z,US,MD,meta,True,2025-10-27T18:00:06Z,meta_ads
101941,000025fb3724,2025-12-30T11:05:56Z,CA,QC,organic_search,False,2025-12-30T11:05:56Z,organic_search
100692,000025fff8ef,2025-09-23T16:03:49Z,US,CA,meta,False,2025-09-23T16:03:49Z,meta_ads
102524,0000260594ad,2026-02-27T14:36:50Z,US,NY,referral,False,2026-02-27T14:36:50Z,referral
103633,0000260a55b1,2026-05-27T01:17:49Z,US,NY,google_ads,True,2026-05-27T01:17:49Z,google_ads
100017,0000260a5678,2025-07-02T01:01:11Z,US,MA,,False,2025-07-02T01:01:11Z,unknown
102568,0000260ff236,2026-03-03T21:01:32Z,US,NY,meta,True,2026-03-03T21:01:32Z,meta_ads
102955,0000261a4fbf,2026-04-03T14:16:44Z,CA,ON,google_ads,False,2026-04-03T14:16:44Z,google_ads
103404,00002624ad48,2026-05-07T18:07:16Z,US,OR,organic_search,True,2026-05-07T18:07:16Z,organic_search
103901,000026383aa3,2026-06-18T03:41:37Z,US,TX,referral,True,2026-06-18T03:41:37Z,referral
101042,000026429765,2025-10-26T14:00:18Z,US,NY,direct,False,2025-10-26T14:00:18Z,direct
103304,00002642982c,2026-05-01T18:19:49Z,US,MI,meta,True,2026-05-01T18:19:49Z,meta_ads
101561,0000264cf4ee,2025-11-29T13:42:43Z,US,NC,,True,2025-11-29T13:42:43Z,unknown
103278,0000264cf5b5,2026-04-28T19:14:38Z,US,PA,organic_search,False,2026-04-28T19:14:38Z,organic_search
101802,000026575277,2025-12-13T18:07:01Z,US,CA,direct,False,2025-12-13T18:07:01Z,direct
102602,00002657533e,2026-03-09T13:07:06Z,US,FL,,True,2026-03-09T13:07:06Z,unknown
100338,0000265ceefc,2025-08-11T17:42:07Z,US,CA,influencer,False,2025-08-11T17:42:07Z,influencer
102119,00002661b000,2026-01-19T00:17:17Z,US,FL,direct,False,2026-01-19T00:17:17Z,direct
102173,00002661b0c7,2026-01-26T01:11:12Z,AU,WA,facebook_ads,False,2026-01-26T01:11:12Z,meta_ads
100753,000026674c85,2025-09-30T01:11:34Z,US,TX,,True,2025-09-30T01:11:34Z,unknown
102550,0000266c0d89,2026-03-01T13:16:51Z,US,TX,IG,True,2026-03-01T13:16:51Z,meta_ads
100133,0000266ef3aa,2025-07-16T20:24:18Z,US,DE,referral,True,2025-07-16T20:24:18Z,referral
103461,000026a7355e,2026-05-11T11:03:20Z,US,CA,meta,True,2026-05-11T11:03:20Z,meta_ads
103035,000026b192e7,2026-04-09T18:48:18Z,US,CA,TikTok,True,2026-04-09T18:48:18Z,tiktok_ads
101156,000026b653eb,2025-11-10T02:21:36Z,US,NY,direct,True,2025-11-10T02:21:36Z,direct
101945,000026bbefa9,2025-12-30T20:02:45Z,CA,AB,Facebook,False,2025-12-30T20:02:45Z,meta_ads
102565,000026bbf070,2026-03-03T11:57:36Z,US,MN,Direct,True,2026-03-03T11:57:36Z,direct
100378,000026c0b174,2025-08-16T00:30:58Z,US,MI,IG,True,2025-08-16T00:30:58Z,meta_ads
100414,000026c18c2e,2025-08-19T18:25:15Z,US,CO,,False,2025-08-19T18:25:15Z,unknown
102010,000026c64d32,2026-01-06T11:01:21Z,CA,AB,Facebook,True,2026-01-06T11:01:21Z,meta_ads
102128,000026c64df9,2026-01-19T16:45:28Z,US,GA,organic_search,True,2026-01-19T16:45:28Z,organic_search
100372,000026cb0efd,2025-08-15T06:22:37Z,CA,AB,google_ads,True,2025-08-15T06:22:37Z,google_ads
100735,000026cbe9b7,2025-09-28T01:03:07Z,US,OH,google_ads,True,2025-09-28T01:03:07Z,google_ads
102584,000026d0aabb,2026-03-06T21:40:25Z,US,OR,direct,True,2026-03-06T21:40:25Z,direct
101729,000026d0ab82,2025-12-06T20:05:02Z,CA,AB,organic_search,True,2025-12-06T20:05:02Z,organic_search
101468,000026d64740,2025-11-27T15:49:22Z,US,CO,google_ads,False,2025-11-27T15:49:22Z,google_ads
103157,000026db0844,2026-04-19T12:55:28Z,GB,ENG,meta,True,2026-04-19T12:55:28Z,meta_ads
101560,000026db090b,2025-11-29T13:30:56Z,US,TX,meta,False,2025-11-29T13:30:56Z,meta_ads
103359,000026e565cd,2026-05-05T07:53:33Z,US,GA,organic_search,True,2026-05-05T07:53:33Z,organic_search
102719,000027208da2,2026-03-17T09:11:53Z,US,CO,referral,True,2026-03-17T09:11:53Z,referral
101996,0000272aea64,2026-01-05T02:26:01Z,US,NY,influencer,True,2026-01-05T02:26:01Z,influencer
102190,0000272aeb2b,2026-01-27T22:43:54Z,US,FL,organic_search,True,2026-01-27T22:43:54Z,organic_search
100403,0000272fac2f,2025-08-19T01:23:01Z,GB,WLS,meta,False,2025-08-19T01:23:01Z,meta_ads
102755,0000273547ed,2026-03-18T17:11:44Z,US,IN,meta,False,2026-03-18T17:11:44Z,meta_ads
101851,0000273548b4,2025-12-18T02:32:36Z,US,PA,Google,True,2025-12-18T02:32:36Z,google_ads
103087,0000273fa576,2026-04-14T12:48:22Z,US,TX,meta,False,2026-04-14T12:48:22Z,meta_ads
101593,0000273fa63d,2025-11-30T08:57:41Z,CA,ON,meta,True,2025-11-30T08:57:41Z,meta_ads
103558,0000274a02ff,2026-05-19T22:36:28Z,US,NJ,organic_search,True,2026-05-19T22:36:28Z,organic_search
100831,0000274a03c6,2025-10-07T07:29:36Z,US,NC,referral,True,2025-10-07T07:29:36Z,referral
103905,000027546088,2026-06-18T15:54:42Z,US,FL,meta,False,2026-06-18T15:54:42Z,meta_ads
103482,00002767ede3,2026-05-13T10:24:40Z,US,NC,organic_search,False,2026-05-13T10:24:40Z,organic_search
103170,000027724b6c,2026-04-20T16:08:25Z,CA,ON,google_ads,False,2026-04-20T16:08:25Z,google_ads
100222,0000278244b3,2025-07-27T18:31:27Z,US,IL,influencer,True,2025-07-27T18:31:27Z,influencer
101241,00002782457a,2025-11-23T20:08:54Z,US,FL,influencer,True,2025-11-23T20:08:54Z,influencer
100665,0000278ca23c,2025-09-19T20:46:56Z,US,WA,meta,True,2025-09-19T20:46:56Z,meta_ads
104029,0000278ca303,2026-06-27T14:43:19Z,US,CA,TikTok,True,2026-06-27T14:43:19Z,tiktok_ads
100772,00002796ffc5,2025-10-01T11:50:02Z,US,TX,,False,2025-10-01T11:50:02Z,unknown
103033,000027a442a8,2026-04-09T17:51:51Z,US,FL,influencer,False,2026-04-09T17:51:51Z,influencer
103370,000027aea031,2026-05-05T22:13:12Z,US,NJ,tiktok,False,2026-05-05T22:13:12Z,tiktok_ads
103775,000027b8fdba,2026-06-08T08:33:29Z,US,OR,organic_search,True,2026-06-08T08:33:29Z,organic_search
100785,000027c35b43,2025-10-02T00:49:14Z,US,TN,direct,True,2025-10-02T00:49:14Z,direct
102745,000027e14627,2026-03-18T11:12:40Z,CA,BC,google_ads,True,2026-03-18T11:12:40Z,google_ads
100046,000027e6e1e5,2025-07-06T15:15:11Z,US,IL,Facebook,True,2025-07-06T15:15:11Z,meta_ads
101638,000027e6e2ac,2025-12-01T01:02:29Z,US,NJ,influencer,True,2025-12-01T01:02:29Z,influencer
102016,000027eba2e9,2026-01-07T02:55:04Z,AU,NSW,Facebook,True,2026-01-07T02:55:04Z,meta_ads
102399,000027eba3b0,2026-02-15T13:52:20Z,US,FL,direct,True,2026-02-15T13:52:20Z,direct
100721,000027f13f6e,2025-09-26T11:02:42Z,GB,SCT,,False,2025-09-26T11:02:42Z,unknown
103843,000027f14035,2026-06-13T16:07:44Z,US,OR,organic_search,True,2026-06-13T16:07:44Z,organic_search
102249,000027f60072,2026-02-03T05:04:09Z,US,MO,referral,False,2026-02-03T05:04:09Z,referral
101861,000027f60139,2025-12-18T23:51:06Z,US,CA,google_ads,True,2025-12-18T23:51:06Z,google_ads
100902,000027fb9cf7,2025-10-13T01:24:04Z,US,TX,IG,True,2025-10-13T01:24:04Z,meta_ads
103355,000027fb9dbe,2026-05-05T00:34:40Z,US,NJ,referral,False,2026-05-05T00:34:40Z,referral
101464,000028005ec2,2025-11-27T15:18:41Z,US,NY,organic_search,True,2025-11-27T15:18:41Z,organic_search
101376,00002805fa80,2025-11-25T23:15:17Z,US,CA,direct,True,2025-11-25T23:15:17Z,direct
103296,0000280abb84,2026-04-30T20:47:41Z,US,VA,meta,False,2026-04-30T20:47:41Z,meta_ads
101265,0000280abc4b,2025-11-24T11:00:08Z,US,MI,meta,False,2025-11-24T11:00:08Z,meta_ads
103623,00002815190d,2026-05-26T08:11:59Z,US,CA,google_ads,True,2026-05-26T08:11:59Z,google_ads
102483,0000285040e2,2026-02-23T13:58:33Z,US,CA,influencer,False,2026-02-23T13:58:33Z,influencer
100742,00002855dca0,2025-09-28T20:11:58Z,US,VA,,True,2025-09-28T20:11:58Z,unknown
101711,0000285a9e6b,2025-12-04T23:21:24Z,US,NY,meta,False,2025-12-04T23:21:24Z,meta_ads
100038,0000285f5f6f,2025-07-04T22:37:05Z,US,TN,google_ads,True,2025-07-04T22:37:05Z,google_ads
101025,000028603a29,2025-10-25T11:16:59Z,GB,ENG,meta,True,2025-10-25T11:16:59Z,meta_ads
102852,00002864fb2d,2026-03-22T17:17:08Z,US,WI,facebook_ads,False,2026-03-22T17:17:08Z,meta_ads
101453,00002864fbf4,2025-11-27T12:58:48Z,GB,SCT,meta,False,2025-11-27T12:58:48Z,meta_ads
101184,0000286a97b2,2025-11-15T00:32:18Z,US,OH,google_ads,False,2025-11-15T00:32:18Z,google_ads
103247,0000286f58b6,2026-04-26T14:24:34Z,AU,WA,,True,2026-04-26T14:24:34Z,unknown
101322,0000286f597d,2025-11-25T06:19:38Z,US,WA,,True,2025-11-25T06:19:38Z,unknown
101677,00002874f53b,2025-12-02T04:01:17Z,US,VA,google_ads,True,2025-12-02T04:01:17Z,google_ads
103560,00002879b63f,2026-05-20T02:33:11Z,US,TN,meta,True,2026-05-20T02:33:11Z,meta_ads
100715,00002879b706,2025-09-25T15:59:34Z,US,TX,organic_search,True,2025-09-25T15:59:34Z,organic_search
102080,0000287f52c4,2026-01-12T13:43:22Z,US,TX,organic_search,True,2026-01-12T13:43:22Z,organic_search
104000,0000288413c8,2026-06-25T03:21:14Z,US,WA,referral,False,2026-06-25T03:21:14Z,referral
100458,000028b1f7f3,2025-08-26T15:55:50Z,US,VA,meta,True,2025-08-26T15:55:50Z,meta_ads
103765,000028b1f8ba,2026-06-07T15:52:11Z,CA,AB,influencer,False,2026-06-07T15:52:11Z,influencer
100682,000028bc557c,2025-09-22T03:09:20Z,US,OH,,False,2025-09-22T03:09:20Z,unknown
103433,000028bc5643,2026-05-09T15:48:50Z,US,CA,meta,False,2026-05-09T15:48:50Z,meta_ads
101255,000028c6b305,2025-11-24T03:53:35Z,US,FL,Direct,True,2025-11-24T03:53:35Z,direct
101460,000028c99926,2025-11-27T14:45:31Z,CA,QC,referral,True,2025-11-27T14:45:31Z,referral
102605,000028d3f5e8,2026-03-09T19:42:47Z,US,TX,facebook_ads,True,2026-03-09T19:42:47Z,meta_ads
101191,000028d3f6af,2025-11-15T16:24:26Z,CA,BC,Google,True,2025-11-15T16:24:26Z,google_ads
103679,000028de5371,2026-05-30T01:04:41Z,US,WA,direct,True,2026-05-30T01:04:41Z,direct
100727,000028de5438,2025-09-26T22:48:02Z,US,TN,,False,2025-09-26T22:48:02Z,unknown
103973,000028e8b0fa,2026-06-23T00:06:47Z,US,TX,direct,False,2026-06-23T00:06:47Z,direct
100443,000028e8b1c1,2025-08-24T10:46:00Z,US,CA,organic_search,True,2025-08-24T10:46:00Z,organic_search
102304,00002910f967,2026-02-08T08:07:08Z,US,MA,google_ads,False,2026-02-08T08:07:08Z,google_ads
100484,000029169525,2025-08-31T13:13:36Z,US,NY,influencer,False,2025-08-31T13:13:36Z,influencer
104052,0000291695ec,2026-06-30T01:31:53Z,US,TX,influencer,True,2026-06-30T01:31:53Z,influencer
102040,0000291b56f0,2026-01-09T00:10:18Z,AU,NSW,organic_search,True,2026-01-09T00:10:18Z,organic_search
100832,00002920f2ae,2025-10-07T08:47:10Z,US,FL,referral,True,2025-10-07T08:47:10Z,referral
103609,00002920f375,2026-05-25T09:23:36Z,US,IN,organic_search,False,2026-05-25T09:23:36Z,organic_search
101791,00002925b479,2025-12-12T20:51:49Z,GB,ENG,meta,False,2025-12-12T20:51:49Z,meta_ads
101229,0000292b5037,2025-11-22T08:37:37Z,US,CA,direct,True,2025-11-22T08:37:37Z,direct
103043,0000292b50fe,2026-04-10T11:47:10Z,US,NJ,meta,True,2026-04-10T11:47:10Z,meta_ads
101485,00002935adc0,2025-11-27T21:40:13Z,US,WA,meta,False,2025-11-27T21:40:13Z,meta_ads
101714,000029400b49,2025-12-05T08:32:14Z,US,MI,Facebook,True,2025-12-05T08:32:14Z,meta_ads
103952,0000297b331e,2026-06-21T18:42:52Z,US,CA,meta,True,2026-06-21T18:42:52Z,meta_ads
101972,0000297ff422,2026-01-03T14:15:14Z,US,IL,referral,True,2026-01-03T14:15:14Z,referral
100875,000029858fe0,2025-10-10T16:57:35Z,US,MD,referral,True,2025-10-10T16:57:35Z,referral
103476,0000298590a7,2026-05-12T23:52:08Z,CA,BC,google_ads,False,2026-05-12T23:52:08Z,google_ads
101748,0000298a51ab,2025-12-09T00:24:48Z,US,WI,organic_search,False,2025-12-09T00:24:48Z,organic_search
101576,0000298fed69,2025-11-29T19:49:49Z,US,IL,IG,True,2025-11-29T19:49:49Z,meta_ads
103249,0000298fee30,2026-04-26T15:48:37Z,US,MO,facebook_ads,True,2026-04-26T15:48:37Z,meta_ads
103219,00002994ae6d,2026-04-23T15:33:02Z,US,VA,TikTok,False,2026-04-23T15:33:02Z,tiktok_ads
101436,00002994af34,2025-11-27T01:18:54Z,US,MO,organic_search,False,2025-11-27T01:18:54Z,organic_search
101482,0000299a4af2,2025-11-27T20:58:06Z,US,IL,google_ads,True,2025-11-27T20:58:06Z,google_ads
102785,0000299a4bb9,2026-03-19T23:16:29Z,US,IL,tiktok,True,2026-03-19T23:16:29Z,tiktok_ads
103409,0000299f0bf6,2026-05-08T08:25:50Z,CA,ON,organic_search,True,2026-05-08T08:25:50Z,organic_search
100929,0000299f0cbd,2025-10-15T15:16:50Z,US,MD,organic_search,False,2025-10-15T15:16:50Z,organic_search
102034,000029a4a87b,2026-01-08T15:54:05Z,US,CA,influencer,True,2026-01-08T15:54:05Z,influencer
102461,000029a4a942,2026-02-21T17:29:31Z,US,IN,influencer,False,2026-02-21T17:29:31Z,influencer
103903,000029a9697f,2026-06-18T05:12:47Z,US,NY,google_ads,False,2026-06-18T05:12:47Z,google_ads
100298,000029a96a46,2025-08-07T00:56:03Z,US,IL,tiktok,True,2025-08-07T00:56:03Z,tiktok_ads
102295,000029af0604,2026-02-07T10:57:33Z,US,NY,direct,False,2026-02-07T10:57:33Z,direct
100204,000029b3c7cf,2025-07-26T13:24:05Z,US,OH,organic_search,True,2025-07-26T13:24:05Z,organic_search
100389,000029d74e71,2025-08-17T13:41:35Z,AU,VIC,organic_search,True,2025-08-17T13:41:35Z,organic_search
101137,000029f94c66,2025-11-08T05:57:26Z,CA,BC,organic_search,True,2025-11-08T05:57:26Z,organic_search
103587,00002a03a928,2026-05-23T12:55:08Z,US,FL,organic_search,True,2026-05-23T12:55:08Z,organic_search
101039,00002a03a9ef,2025-10-26T11:48:07Z,US,TX,meta,False,2025-10-26T11:48:07Z,meta_ads
102184,00002a0945ad,2026-01-26T21:23:16Z,US,VA,organic_search,False,2026-01-26T21:23:16Z,organic_search
103819,00002a0e06b1,2026-06-11T14:33:08Z,US,TX,direct,True,2026-06-11T14:33:08Z,direct
100465,00002a0e0778,2025-08-27T15:50:28Z,US,NY,influencer,False,2025-08-27T15:50:28Z,influencer
102529,00002a13a336,2026-02-28T00:55:35Z,US,MA,Influencer,True,2026-02-28T00:55:35Z,influencer
100150,00002a186501,2025-07-19T10:15:19Z,US,TN,tiktok,True,2025-07-19T10:15:19Z,tiktok_ads
102566,00002a1e00bf,2026-03-03T13:49:57Z,US,OH,direct,True,2026-03-03T13:49:57Z,direct
103288,00002a285e48,2026-04-29T21:01:40Z,US,MO,facebook_ads,False,2026-04-29T21:01:40Z,meta_ads
101903,00002a3beba3,2025-12-24T11:25:10Z,CA,QC,meta,True,2025-12-24T11:25:10Z,meta_ads
100555,00002a464865,2025-09-07T09:15:41Z,US,MA,direct,False,2025-09-07T09:15:41Z,direct
103688,00002a46492c,2026-05-31T11:03:53Z,CA,AB,google_ads,False,2026-05-31T11:03:53Z,google_ads
100867,00002a50a5ee,2025-10-10T01:27:40Z,US,FL,tiktok,False,2025-10-10T01:27:40Z,tiktok_ads
103468,00002a50a6b5,2026-05-12T07:37:40Z,US,CA,IG,True,2026-05-12T07:37:40Z,meta_ads
101529,00002a5b0377,2025-11-28T20:58:53Z,US,WA,google_ads,True,2025-11-28T20:58:53Z,google_ads
102728,00002a5b043e,2026-03-17T16:14:00Z,US,NY,Google,True,2026-03-17T16:14:00Z,google_ads
101878,00002a656100,2025-12-20T17:27:29Z,CA,AB,influencer,False,2025-12-20T17:27:29Z,influencer
102427,00002a6561c7,2026-02-18T15:31:53Z,CA,BC,meta,True,2026-02-18T15:31:53Z,meta_ads
102011,00002a6fbe89,2026-01-06T11:39:14Z,AU,WA,direct,True,2026-01-06T11:39:14Z,direct
100296,00002a72a4aa,2025-08-06T16:33:32Z,US,MN,Google,True,2025-08-06T16:33:32Z,google_ads
100118,00002a7d0233,2025-07-14T16:22:57Z,US,WA,meta,True,2025-07-14T16:22:57Z,meta_ads
103875,00002aaae65e,2026-06-16T00:42:29Z,US,AZ,TikTok,True,2026-06-16T00:42:29Z,tiktok_ads
101003,00002ab54320,2025-10-22T23:56:54Z,US,NC,TikTok,False,2025-10-22T23:56:54Z,tiktok_ads
103574,00002ab543e7,2026-05-22T12:03:08Z,US,WA,referral,True,2026-05-22T12:03:08Z,referral
101091,00002aba04eb,2025-11-02T01:20:09Z,US,TN,organic_search,True,2025-11-02T01:20:09Z,organic_search
101587,00002abfa0a9,2025-11-30T00:46:15Z,US,FL,google_ads,True,2025-11-30T00:46:15Z,google_ads
102646,00002abfa170,2026-03-14T02:57:43Z,US,CA,meta,True,2026-03-14T02:57:43Z,meta_ads
101048,00002ac46274,2025-10-27T07:11:00Z,US,NY,meta,True,2025-10-27T07:11:00Z,meta_ads
101668,00002ac9fe32,2025-12-01T20:12:53Z,US,CA,meta,False,2025-12-01T20:12:53Z,meta_ads
102305,00002ac9fef9,2026-02-08T10:27:42Z,US,WA,google_ads,True,2026-02-08T10:27:42Z,google_ads
100745,00002acebffd,2025-09-29T12:54:51Z,US,CO,organic_search,False,2025-09-29T12:54:51Z,organic_search
100386,00002acf9ab7,2025-08-17T00:30:02Z,US,CA,organic_search,False,2025-08-17T00:30:02Z,organic_search
102085,00002ad45bbb,2026-01-13T20:06:44Z,US,MA,meta,False,2026-01-13T20:06:44Z,meta_ads
102167,00002ad45c82,2026-01-25T01:49:56Z,US,AZ,Facebook,True,2026-01-25T01:49:56Z,meta_ads
100001,00002ad91d86,2025-05-28T00:21:09Z,US,CA,meta,True,2025-05-28T00:21:09Z,meta_ads
100915,00002ad9f840,2025-10-14T01:22:44Z,CA,AB,google_ads,True,2025-10-14T01:22:44Z,google_ads
102675,00002adeb944,2026-03-15T14:51:29Z,US,CO,,True,2026-03-15T14:51:29Z,unknown
102946,00002ae916cd,2026-04-02T13:55:03Z,US,CA,organic_search,True,2026-04-02T13:55:03Z,organic_search
102714,00002b243ea2,2026-03-17T02:53:16Z,GB,SCT,organic_search,True,2026-03-17T02:53:16Z,organic_search
101020,00002b28ffa6,2025-10-24T15:07:17Z,US,MN,Facebook,False,2025-10-24T15:07:17Z,meta_ads
101670,00002b2e9b64,2025-12-01T20:41:41Z,US,FL,,False,2025-12-01T20:41:41Z,unknown
102300,00002b2e9c2b,2026-02-07T21:29:00Z,US,TX,referral,True,2026-02-07T21:29:00Z,referral
100650,00002b335d2f,2025-09-18T03:41:15Z,US,TX,organic_search,True,2025-09-18T03:41:15Z,organic_search
102440,00002b38f8ed,2026-02-20T02:06:50Z,US,NY,meta,True,2026-02-20T02:06:50Z,meta_ads
102154,00002b38f9b4,2026-01-24T00:05:17Z,US,IN,Facebook,False,2026-01-24T00:05:17Z,meta_ads
102786,00002b3db9f1,2026-03-19T23:25:35Z,US,MA,influencer,True,2026-03-19T23:25:35Z,influencer
100131,00002b3dbab8,2025-07-16T14:51:29Z,US,NY,google_ads,True,2025-07-16T14:51:29Z,google_ads
102802,00002b435676,2026-03-20T15:42:06Z,US,OH,organic_search,False,2026-03-20T15:42:06Z,organic_search
101740,00002b43573d,2025-12-07T20:22:28Z,US,NH,IG,True,2025-12-07T20:22:28Z,meta_ads
103235,00002b4db3ff,2026-04-25T09:52:41Z,US,NY,meta,False,2026-04-25T09:52:41Z,meta_ads
101113,00002b4db4c6,2025-11-05T01:01:11Z,CA,BC,influencer,True,2025-11-05T01:01:11Z,influencer
103078,00002b581188,2026-04-13T11:14:42Z,US,NC,organic_search,True,2026-04-13T11:14:42Z,organic_search
103788,00002b6b9ee3,2026-06-09T15:20:10Z,US,TX,influencer,True,2026-06-09T15:20:10Z,influencer
103479,00002b75fc6c,2026-05-13T02:56:17Z,GB,ENG,google_ads,False,2026-05-13T02:56:17Z,google_ads
102971,00002b8059f5,2026-04-04T14:00:33Z,US,IL,tiktok,False,2026-04-04T14:00:33Z,tiktok_ads
102657,00002b8ab77e,2026-03-14T17:45:14Z,US,IL,direct,True,2026-03-14T17:45:14Z,direct
100084,00002b90533c,2025-07-10T21:57:25Z,US,VA,google_ads,False,2025-07-10T21:57:25Z,google_ads
100567,00002b9ab0c5,2025-09-08T20:30:14Z,US,IL,google_ads,True,2025-09-08T20:30:14Z,google_ads
100189,00002ba257ea,2025-07-23T15:49:53Z,US,PA,influencer,True,2025-07-23T15:49:53Z,influencer
103363,00002bbcaeba,2026-05-05T13:03:25Z,US,PA,tiktok,False,2026-05-05T13:03:25Z,tiktok_ads
103984,00002bc70c43,2026-06-24T00:19:25Z,US,GA,organic_search,True,2026-06-24T00:19:25Z,organic_search
103597,00002bda999e,2026-05-24T09:44:37Z,US,MI,meta,True,2026-05-24T09:44:37Z,meta_ads
103188,00002be4f727,2026-04-21T21:23:07Z,US,FL,organic_search,False,2026-04-21T21:23:07Z,organic_search
101884,00002bef53e9,2025-12-21T13:10:28Z,US,IL,,True,2025-12-21T13:10:28Z,unknown
102735,00002bef54b0,2026-03-18T00:03:47Z,US,NH,direct,True,2026-03-18T00:03:47Z,direct
101719,00002bf4f135,2025-12-05T22:00:02Z,US,NJ,meta,True,2025-12-05T22:00:02Z,meta_ads
102014,00002bf9b172,2026-01-06T22:52:32Z,AU,NSW,organic_search,True,2026-01-06T22:52:32Z,organic_search
102442,00002bf9b239,2026-02-20T03:42:28Z,AU,QLD,organic_search,True,2026-02-20T03:42:28Z,organic_search
100519,00002bff4df7,2025-09-04T00:35:33Z,US,OH,IG,True,2025-09-04T00:35:33Z,meta_ads
104064,00002bff4ebe,2026-06-30T15:34:52Z,US,CO,meta,True,2026-06-30T15:34:52Z,meta_ads
102281,00002c040efb,2026-02-06T11:40:32Z,US,PA,organic_search,True,2026-02-06T11:40:32Z,organic_search
101749,00002c040fc2,2025-12-09T06:49:35Z,US,FL,,True,2025-12-09T06:49:35Z,unknown
101055,00002c09ab80,2025-10-27T15:00:02Z,US,CA,organic_search,True,2025-10-27T15:00:02Z,organic_search
102893,00002c0e6c84,2026-03-26T14:23:30Z,US,GA,meta,True,2026-03-26T14:23:30Z,meta_ads
103522,00002c18ca0d,2026-05-16T19:59:33Z,AU,WA,influencer,False,2026-05-16T19:59:33Z,influencer
102717,00002c53f1e2,2026-03-17T03:36:33Z,US,FL,organic_search,True,2026-03-17T03:36:33Z,organic_search
101977,00002c5e4ea4,2026-01-03T20:04:23Z,US,MA,organic_search,False,2026-01-03T20:04:23Z,organic_search
102480,00002c5e4f6b,2026-02-23T11:32:34Z,US,NJ,TikTok,True,2026-02-23T11:32:34Z,tiktok_ads
100415,00002c63106f,2025-08-19T21:08:32Z,US,GA,organic_search,True,2025-08-19T21:08:32Z,organic_search
100675,00002c63eb29,2025-09-21T01:36:56Z,US,NY,Facebook,True,2025-09-21T01:36:56Z,meta_ads
101855,00002c68acf4,2025-12-18T18:21:10Z,US,FL,direct,True,2025-12-18T18:21:10Z,direct
100980,00002c6e48b2,2025-10-20T15:39:08Z,AU,VIC,organic_search,True,2025-10-20T15:39:08Z,organic_search
102726,00002c7309b6,2026-03-17T15:30:30Z,US,AZ,organic_search,False,2026-03-17T15:30:30Z,organic_search
101244,00002c730a7d,2025-11-24T00:50:35Z,US,OH,organic_search,True,2025-11-24T00:50:35Z,organic_search
101426,00002c78a63b,2025-11-26T21:45:24Z,US,NC,direct,False,2025-11-26T21:45:24Z,direct
103579,00002c7d673f,2026-05-22T22:23:48Z,US,TX,referral,True,2026-05-22T22:23:48Z,referral
100959,00002c7d6806,2025-10-19T02:52:38Z,US,WA,Facebook,True,2025-10-19T02:52:38Z,meta_ads
101826,00002c8303c4,2025-12-16T11:47:37Z,US,CA,organic_search,True,2025-12-16T11:47:37Z,organic_search
103745,00002c87c4c8,2026-06-05T13:20:09Z,US,IN,google_ads,False,2026-06-05T13:20:09Z,google_ads
100101,00002cb5a8f3,2025-07-12T16:11:00Z,US,NC,organic_search,False,2025-07-12T16:11:00Z,organic_search
100369,00002cc0067c,2025-08-15T02:40:14Z,US,CA,meta,False,2025-08-15T02:40:14Z,meta_ads
101954,00002cc0067c,2026-01-02T05:39:44Z,US,CA,,False,2026-01-02T05:39:44Z,unknown
103893,00002cc00743,2026-06-17T04:46:14Z,GB,ENG,,True,2026-06-17T04:46:14Z,unknown
100816,00002cca6405,2025-10-05T03:20:29Z,US,GA,direct,False,2025-10-05T03:20:29Z,direct
101833,00002ccd4a26,2025-12-16T17:34:26Z,US,IN,organic_search,False,2025-12-16T17:34:26Z,organic_search
102805,00002cd7a6e8,2026-03-20T18:09:16Z,CA,QC,organic_search,True,2026-03-20T18:09:16Z,organic_search
101448,00002cd7a7af,2025-11-27T11:20:31Z,US,FL,referral,False,2025-11-27T11:20:31Z,referral
103377,00002ce20471,2026-05-06T10:46:49Z,US,GA,meta,True,2026-05-06T10:46:49Z,meta_ads
100786,00002ce20538,2025-10-02T02:27:51Z,US,CA,google_ads,True,2025-10-02T02:27:51Z,google_ads
104013,00002cec61fa,2026-06-26T05:24:40Z,CA,QC,meta,True,2026-06-26T05:24:40Z,meta_ads
100538,00002cec62c1,2025-09-06T11:16:58Z,US,VA,Google,True,2025-09-06T11:16:58Z,google_ads
102519,00002cf6bf83,2026-02-27T11:50:06Z,US,NC,referral,True,2026-02-27T11:50:06Z,referral
100140,00002cf6c04a,2025-07-17T16:36:29Z,US,PA,referral,True,2025-07-17T16:36:29Z,referral
102891,00002d14aa67,2026-03-26T13:57:49Z,US,IL,influencer,False,2026-03-26T13:57:49Z,influencer
100029,00002d1a4625,2025-07-03T19:17:05Z,CA,AB,influencer,True,2025-07-03T19:17:05Z,influencer
102533,00002d1f07f0,2026-02-28T09:18:58Z,US,CA,Facebook,True,2026-02-28T09:18:58Z,meta_ads
103991,00002d1f07f0,2026-06-24T09:59:04Z,US,CA,,False,2026-06-24T09:59:04Z,unknown
100396,00002d24a3ae,2025-08-18T11:11:52Z,US,TX,tiktok,False,2025-08-18T11:11:52Z,tiktok_ads
101891,00002d24a3ae,2025-12-22T04:10:09Z,US,TX,,False,2025-12-22T04:10:09Z,unknown
103974,00002d24a475,2026-06-23T00:58:59Z,US,VA,meta,True,2026-06-23T00:58:59Z,meta_ads
102201,00002d296579,2026-01-29T13:48:10Z,US,MD,Facebook,False,2026-01-29T13:48:10Z,meta_ads
101007,00002d2f0137,2025-10-23T13:51:50Z,US,AZ,TikTok,True,2025-10-23T13:51:50Z,tiktok_ads
103414,00002d2f01fe,2026-05-08T13:33:19Z,US,MO,meta,True,2026-05-08T13:33:19Z,meta_ads
101628,00002d33c302,2025-11-30T21:38:48Z,US,WA,meta,True,2025-11-30T21:38:48Z,meta_ads
101544,00002d395ec0,2025-11-29T05:47:10Z,US,WA,google_ads,False,2025-11-29T05:47:10Z,google_ads
101094,00002d3e208b,2025-11-02T15:05:04Z,US,OR,influencer,True,2025-11-02T15:05:04Z,influencer
102344,00002d83a522,2026-02-11T22:41:11Z,US,MA,organic_search,True,2026-02-11T22:41:11Z,organic_search
100254,00002d8940e0,2025-08-01T00:09:15Z,US,MI,tiktok,False,2025-08-01T00:09:15Z,tiktok_ads
103863,00002d8941a7,2026-06-15T00:04:03Z,US,NY,meta,True,2026-06-15T00:04:03Z,meta_ads
102267,00002d8e01e4,2026-02-04T19:54:34Z,US,IL,Google,False,2026-02-04T19:54:34Z,google_ads
102048,00002d8e02ab,2026-01-09T17:11:06Z,US,CA,direct,True,2026-01-09T17:11:06Z,direct
100843,00002d939e69,2025-10-08T01:48:57Z,US,CA,organic_search,True,2025-10-08T01:48:57Z,organic_search
103417,00002d939f30,2026-05-08T15:06:54Z,US,PA,organic_search,True,2026-05-08T15:06:54Z,organic_search
102596,00002d985f6d,2026-03-08T12:04:29Z,US,CO,direct,True,2026-03-08T12:04:29Z,direct
101632,00002d986034,2025-11-30T22:53:37Z,CA,BC,meta,True,2025-11-30T22:53:37Z,meta_ads
101575,00002d9dfbf2,2025-11-29T17:01:07Z,US,TX,Facebook,False,2025-11-29T17:01:07Z,meta_ads
103122,00002d9dfcb9,2026-04-17T00:06:57Z,US,MI,influencer,True,2026-04-17T00:06:57Z,influencer
103237,00002da2bcf6,2026-04-25T12:41:26Z,US,IL,direct,True,2026-04-25T12:41:26Z,direct
101307,00002da2bdbd,2025-11-25T01:16:59Z,CA,QC,TikTok,True,2025-11-25T01:16:59Z,tiktok_ads
101751,00002da8597b,2025-12-09T09:54:07Z,US,CO,direct,True,2025-12-09T09:54:07Z,direct
102756,00002da85a42,2026-03-18T19:55:12Z,US,CA,organic_search,True,2026-03-18T19:55:12Z,organic_search
103598,00002dad1a7f,2026-05-24T11:25:04Z,CA,AB,meta,False,2026-05-24T11:25:04Z,meta_ads
100888,00002dad1b46,2025-10-12T01:43:45Z,US,CA,tiktok,False,2025-10-12T01:43:45Z,tiktok_ads
102197,00002db2b704,2026-01-28T22:04:33Z,US,WA,meta,True,2026-01-28T22:04:33Z,meta_ads
103869,00002db77808,2026-06-15T09:59:27Z,US,NC,meta,True,2026-06-15T09:59:27Z,meta_ads
104062,00002de55cfa,2026-06-30T14:13:46Z,US,NC,influencer,True,2026-06-30T14:13:46Z,influencer
101497,00002dfcfd66,2025-11-28T04:12:33Z,US,PA,meta,False,2025-11-28T04:12:33Z,meta_ads
103194,00002e075a28,2026-04-22T03:52:34Z,US,NY,,True,2026-04-22T03:52:34Z,unknown
101331,00002e075aef,2025-11-25T11:12:52Z,US,PA,meta,True,2025-11-25T11:12:52Z,meta_ads
103631,00002e11b7b1,2026-05-26T21:56:27Z,US,WA,meta,False,2026-05-26T21:56:27Z,meta_ads
101058,00002e11b878,2025-10-27T21:06:13Z,US,NH,meta,True,2025-10-27T21:06:13Z,meta_ads
102140,00002e175436,2026-01-21T12:04:33Z,US,NY,Facebook,False,2026-01-21T12:04:33Z,meta_ads
104023,00002e1c153a,2026-06-27T04:22:55Z,US,MA,influencer,False,2026-06-27T04:22:55Z,influencer
100435,00002e1c1601,2025-08-23T14:56:20Z,US,WI,influencer,True,2025-08-23T14:56:20Z,influencer
102364,00002e21b1bf,2026-02-13T10:31:41Z,US,NY,referral,True,2026-02-13T10:31:41Z,referral
102923,00002e2c0f48,2026-03-30T23:33:30Z,US,GA,tiktok,False,2026-03-30T23:33:30Z,tiktok_ads
100455,00002e49f965,2025-08-26T11:25:49Z,US,OR,Facebook,False,2025-08-26T11:25:49Z,meta_ads
103970,00002e49fa2c,2026-06-22T18:14:39Z,US,GA,organic_search,False,2026-06-22T18:14:39Z,organic_search
100516,00002e5456ee,2025-09-03T19:30:03Z,US,CA,,True,2025-09-03T19:30:03Z,unknown
103040,00002e5457b5,2026-04-10T01:27:55Z,US,CA,referral,True,2026-04-10T01:27:55Z,referral
101590,00002e5eb477,2025-11-30T01:35:30Z,US,FL,Facebook,True,2025-11-30T01:35:30Z,meta_ads
103173,00002e5eb53e,2026-04-20T22:37:01Z,US,TX,Facebook,True,2026-04-20T22:37:01Z,meta_ads
101490,00002e691200,2025-11-28T00:05:28Z,US,CA,meta,True,2025-11-28T00:05:28Z,meta_ads
101661,00002e736f89,2025-12-01T14:52:41Z,AU,NSW,organic_search,True,2025-12-01T14:52:41Z,organic_search
103748,00002e80b26c,2026-06-06T03:40:27Z,US,CA,Facebook,False,2026-06-06T03:40:27Z,meta_ads
100406,00002e80b333,2025-08-19T09:34:55Z,US,NY,influencer,True,2025-08-19T09:34:55Z,influencer
103981,00002eae975e,2026-06-23T20:32:39Z,US,NY,direct,True,2026-06-23T20:32:39Z,direct
102015,00002eb35862,2026-01-07T00:16:49Z,US,WI,,False,2026-01-07T00:16:49Z,unknown
100511,00002eb8f420,2025-09-03T11:08:26Z,US,FL,google_ads,False,2025-09-03T11:08:26Z,google_ads
103536,00002eb8f4e7,2026-05-17T19:50:03Z,GB,SCT,Facebook,True,2026-05-17T19:50:03Z,meta_ads
101939,00002ebdb5eb,2025-12-29T22:31:57Z,US,GA,organic_search,True,2025-12-29T22:31:57Z,organic_search
101226,00002ec351a9,2025-11-21T20:12:21Z,GB,SCT,organic_search,True,2025-11-21T20:12:21Z,organic_search
102967,00002ec35270,2026-04-04T03:33:03Z,US,FL,meta,True,2026-04-04T03:33:03Z,meta_ads
101368,00002ec81374,2025-11-25T21:22:52Z,US,GA,meta,True,2025-11-25T21:22:52Z,meta_ads
101301,00002ecdaf32,2025-11-24T23:28:50Z,US,TN,tiktok,True,2025-11-24T23:28:50Z,tiktok_ads
102791,00002ecdaff9,2026-03-20T08:45:52Z,US,CA,meta,True,2026-03-20T08:45:52Z,meta_ads
100862,00002ed270fd,2025-10-09T16:22:04Z,US,CO,Google,True,2025-10-09T16:22:04Z,google_ads
100114,00002ed34bb7,2025-07-14T01:43:35Z,US,OH,Direct,True,2025-07-14T01:43:35Z,direct
101766,00002ed80cbb,2025-12-10T02:53:59Z,US,CA,organic_search,True,2025-12-10T02:53:59Z,organic_search
102418,00002ed80d82,2026-02-17T12:28:31Z,US,CO,google_ads,True,2026-02-17T12:28:31Z,google_ads
100285,00002edcce86,2025-08-05T14:45:02Z,US,CA,meta,False,2025-08-05T14:45:02Z,meta_ads
100371,00002edda940,2025-08-15T03:59:32Z,US,FL,meta,True,2025-08-15T03:59:32Z,meta_ads
102257,00002ee26a44,2026-02-03T21:39:27Z,US,CA,direct,True,2026-02-03T21:39:27Z,direct
100068,00002ee72c0f,2025-07-08T23:57:08Z,US,NY,direct,True,2025-07-08T23:57:08Z,direct
103174,00002f27efa2,2026-04-20T22:40:50Z,US,AZ,google_ads,False,2026-04-20T22:40:50Z,google_ads
101372,00002f2cb0a6,2025-11-25T21:45:45Z,US,NC,organic_search,True,2025-11-25T21:45:45Z,organic_search
101223,00002f324c64,2025-11-21T00:47:13Z,US,AZ,,True,2025-11-21T00:47:13Z,unknown
102932,00002f324d2b,2026-03-31T20:21:40Z,US,AZ,,True,2026-03-31T20:21:40Z,unknown
103330,00002f370d68,2026-05-03T11:19:06Z,US,GA,influencer,True,2026-05-03T11:19:06Z,influencer
100868,00002f370e2f,2025-10-10T04:03:35Z,US,PA,google_ads,True,2025-10-10T04:03:35Z,google_ads
101882,00002f3ca9ed,2025-12-21T06:58:39Z,GB,SCT,organic_search,False,2025-12-21T06:58:39Z,organic_search
102445,00002f3caab4,2026-02-20T12:22:51Z,US,MA,IG,True,2026-02-20T12:22:51Z,meta_ads
103922,00002f416af1,2026-06-19T23:55:43Z,US,NC,organic_search,True,2026-06-19T23:55:43Z,organic_search
100706,00002f416bb8,2025-09-24T23:54:03Z,AU,WA,organic_search,False,2025-09-24T23:54:03Z,organic_search
102374,00002f470776,2026-02-13T23:13:32Z,US,OH,organic_search,True,2026-02-13T23:13:32Z,organic_search
102100,00002f47083d,2026-01-16T07:58:57Z,US,NC,google_ads,True,2026-01-16T07:58:57Z,google_ads
103402,00002f4bc87a,2026-05-07T14:07:05Z,US,PA,organic_search,True,2026-05-07T14:07:05Z,organic_search
100203,00002f4bc941,2025-07-26T03:13:49Z,US,MI,,True,2025-07-26T03:13:49Z,unknown
102740,00002f5164ff,2026-03-18T08:28:32Z,US,AZ,direct,False,2026-03-18T08:28:32Z,direct
101421,00002f5165c6,2025-11-26T20:07:03Z,CA,BC,meta,True,2025-11-26T20:07:03Z,meta_ads
103009,00002f5bc288,2026-04-07T20:52:39Z,US,NC,tiktok,True,2026-04-07T20:52:39Z,tiktok_ads
102450,00002f6f4fe3,2026-02-21T00:58:47Z,US,MI,direct,True,2026-02-21T00:58:47Z,direct
103993,00002f79ad6c,2026-06-24T11:27:37Z,US,FL,organic_search,True,2026-06-24T11:27:37Z,organic_search
103437,00002f840af5,2026-05-09T23:53:37Z,US,MA,meta,True,2026-05-09T23:53:37Z,meta_ads
103279,00002f8e687e,2026-04-28T22:03:51Z,US,FL,meta,False,2026-04-28T22:03:51Z,meta_ads
102894,00002f98c607,2026-03-26T23:01:00Z,GB,ENG,meta,False,2026-03-26T23:01:00Z,meta_ads
100605,00002fa608ea,2025-09-13T14:51:15Z,US,NC,tiktok,False,2025-09-13T14:51:15Z,tiktok_ads
101879,00002fb065ac,2025-12-20T17:28:53Z,US,NY,google_ads,True,2025-12-20T17:28:53Z,google_ads
100224,00002fb06673,2025-07-27T20:25:23Z,US,MI,Facebook,True,2025-07-27T20:25:23Z,meta_ads
103323,00002fcabd43,2026-05-02T23:46:05Z,US,OH,influencer,True,2026-05-02T23:46:05Z,influencer
103990,00002fd51acc,2026-06-24T09:48:33Z,US,MN,organic_search,True,2026-06-24T09:48:33Z,organic_search
103856,00002fde4a9e,2026-06-14T14:55:28Z,US,IL,organic_search,False,2026-06-14T14:55:28Z,organic_search
100898,00002fe8a760,2025-10-12T23:17:14Z,US,IL,meta,True,2025-10-12T23:17:14Z,meta_ads
103496,00002fe8a827,2026-05-14T02:20:36Z,US,IL,influencer,False,2026-05-14T02:20:36Z,influencer
101455,00002ff304e9,2025-11-27T13:10:48Z,US,VA,meta,True,2025-11-27T13:10:48Z,meta_ads
103180,00002ff305b0,2026-04-21T10:17:07Z,US,FL,organic_search,False,2026-04-21T10:17:07Z,organic_search
101655,00002ffd6272,2025-12-01T13:08:57Z,US,VA,,True,2025-12-01T13:08:57Z,unknown
102723,00002ffd6339,2026-03-17T13:52:37Z,US,NC,google_ads,True,2026-03-17T13:52:37Z,google_ads
100487,00003002fef7,2025-08-31T20:55:10Z,US,IN,referral,True,2025-08-31T20:55:10Z,referral
104067,00003002ffbe,2026-06-30T21:00:02Z,US,CA,tiktok,True,2026-06-30T21:00:02Z,tiktok_ads
102094,00003007bffb,2026-01-15T18:00:15Z,US,DE,Direct,False,2026-01-15T18:00:15Z,direct
102114,00003007c0c2,2026-01-18T12:45:08Z,CA,QC,meta,True,2026-01-18T12:45:08Z,meta_ads
100734,0000300d5c80,2025-09-27T21:51:10Z,US,WA,Direct,True,2025-09-27T21:51:10Z,direct
102660,000030121d84,2026-03-14T19:28:44Z,US,CA,direct,True,2026-03-14T19:28:44Z,direct
103093,00003057a2e2,2026-04-14T23:57:57Z,US,IL,google_ads,False,2026-04-14T23:57:57Z,google_ads
101160,0000305c63e6,2025-11-10T11:20:54Z,CA,QC,,True,2025-11-10T11:20:54Z,unknown
101909,00003061ffa4,2025-12-25T16:33:32Z,US,TX,direct,True,2025-12-25T16:33:32Z,direct
102803,00003062006b,2026-03-20T16:39:46Z,US,AZ,influencer,True,2026-03-20T16:39:46Z,influencer
100601,00003066c16f,2025-09-12T20:53:07Z,US,AZ,meta,True,2025-09-12T20:53:07Z,meta_ads
101971,0000306c5d2d,2026-01-03T10:56:44Z,US,WA,direct,False,2026-01-03T10:56:44Z,direct
102170,0000306c5df4,2026-01-25T12:26:44Z,US,WA,meta,True,2026-01-25T12:26:44Z,meta_ads
100319,000030711ef8,2025-08-10T11:54:00Z,US,GA,organic_search,True,2025-08-10T11:54:00Z,organic_search
102649,00003076bab6,2026-03-14T11:04:46Z,CA,BC,influencer,True,2026-03-14T11:04:46Z,influencer
101842,00003076bb7d,2025-12-17T13:00:01Z,CA,QC,google_ads,True,2025-12-17T13:00:01Z,google_ads
101572,0000307c573b,2025-11-29T16:14:05Z,US,CA,meta,True,2025-11-29T16:14:05Z,meta_ads
102952,00003081183f,2026-04-03T00:49:19Z,US,OR,meta,False,2026-04-03T00:49:19Z,meta_ads
101518,000030811906,2025-11-28T15:57:38Z,US,CA,,True,2025-11-28T15:57:38Z,unknown
101548,00003086b4c4,2025-11-29T08:56:11Z,US,MI,meta,False,2025-11-29T08:56:11Z,meta_ads
103423,0000308b75c8,2026-05-09T01:51:58Z,US,AZ,Facebook,True,2026-05-09T01:51:58Z,meta_ads
100093,000030c3b77c,2025-07-11T21:14:14Z,US,CA,Facebook,True,2025-07-11T21:14:14Z,meta_ads
100596,000030ce1505,2025-09-12T10:41:27Z,US,AZ,influencer,True,2025-09-12T10:41:27Z,influencer
100345,000030d5bc2a,2025-08-12T10:04:14Z,US,FL,organic_search,True,2025-08-12T10:04:14Z,organic_search
102766,000030db57e8,2026-03-19T00:54:40Z,US,MD,referral,True,2026-03-19T00:54:40Z,referral
101798,000030db58af,2025-12-13T07:32:46Z,CA,ON,facebook_ads,True,2025-12-13T07:32:46Z,meta_ads
103001,000030e5b571,2026-04-07T10:35:55Z,US,TX,google_ads,True,2026-04-07T10:35:55Z,google_ads
101515,000030e5b638,2025-11-28T14:01:40Z,US,PA,organic_search,True,2025-11-28T14:01:40Z,organic_search
103445,000030f012fa,2026-05-10T12:52:43Z,US,FL,organic_search,False,2026-05-10T12:52:43Z,organic_search
100808,000030f013c1,2025-10-04T15:42:55Z,US,CA,influencer,True,2025-10-04T15:42:55Z,influencer
103834,000030fa7083,2026-06-12T19:55:57Z,US,MA,google_ads,False,2026-06-12T19:55:57Z,google_ads
100754,00003104ce0c,2025-09-30T01:37:21Z,US,MA,influencer,True,2025-09-30T01:37:21Z,influencer
103395,0000310dfdde,2026-05-07T03:02:43Z,GB,WLS,,False,2026-05-07T03:02:43Z,unknown
102980,000031185b67,2026-04-05T05:52:48Z,US,TX,meta,False,2026-04-05T05:52:48Z,meta_ads
102563,00003122b8f0,2026-03-03T09:22:33Z,US,CO,google_ads,True,2026-03-03T09:22:33Z,google_ads
100136,0000312854ae,2025-07-17T10:25:39Z,US,NJ,,True,2025-07-17T10:25:39Z,unknown
101465,000031285575,2025-11-27T15:35:16Z,US,MO,,True,2025-11-27T15:35:16Z,unknown
102334,0000312d1679,2026-02-10T05:36:36Z,AU,VIC,Facebook,True,2026-02-10T05:36:36Z,meta_ads
100531,00003132b237,2025-09-05T01:39:24Z,GB,WLS,meta,True,2025-09-05T01:39:24Z,meta_ads
103939,00003132b2fe,2026-06-21T02:58:21Z,US,CA,meta,True,2026-06-21T02:58:21Z,meta_ads
101832,000031377402,2025-12-16T17:24:46Z,US,CA,organic_search,True,2025-12-16T17:24:46Z,organic_search
100790,0000313d0fc0,2025-10-02T15:58:49Z,US,IN,google_ads,True,2025-10-02T15:58:49Z,google_ads
102612,000031875622,2026-03-11T05:38:46Z,US,TX,meta,True,2026-03-11T05:38:46Z,meta_ads
100130,0000318cf1e0,2025-07-16T13:32:02Z,US,CA,meta,False,2025-07-16T13:32:02Z,meta_ads
100336,0000318cf2a7,2025-08-11T14:29:12Z,CA,QC,meta,True,2025-08-11T14:29:12Z,meta_ads
102179,00003191b2e4,2026-01-26T12:08:39Z,US,CA,meta,True,2026-01-26T12:08:39Z,meta_ads
102225,00003191b3ab,2026-02-01T00:56:17Z,US,TX,tiktok,True,2026-02-01T00:56:17Z,tiktok_ads
100629,000031974f69,2025-09-16T12:56:32Z,US,MI,IG,True,2025-09-16T12:56:32Z,meta_ads
103793,000031975030,2026-06-10T00:12:08Z,US,CA,meta,False,2026-06-10T00:12:08Z,meta_ads
102434,0000319c106d,2026-02-19T06:20:58Z,US,NJ,Google,True,2026-02-19T06:20:58Z,google_ads
101759,0000319c1134,2025-12-09T16:40:08Z,GB,WLS,meta,False,2025-12-09T16:40:08Z,meta_ads
100839,000031a1acf2,2025-10-07T21:20:22Z,US,TN,referral,False,2025-10-07T21:20:22Z,referral
103480,000031a1adb9,2026-05-13T06:38:47Z,US,PA,organic_search,False,2026-05-13T06:38:47Z,organic_search
102928,000031a66df6,2026-03-31T17:14:43Z,US,IN,meta,True,2026-03-31T17:14:43Z,meta_ads
101335,000031a66ebd,2025-11-25T12:20:25Z,US,FL,meta,True,2025-11-25T12:20:25Z,meta_ads
101132,000031ac0a7b,2025-11-06T18:38:51Z,US,TX,direct,True,2025-11-06T18:38:51Z,direct
103081,000031ac0b42,2026-04-13T22:28:22Z,US,IL,Facebook,False,2026-04-13T22:28:22Z,meta_ads
103039,000031b0cb7f,2026-04-10T01:03:29Z,US,OR,organic_search,True,2026-04-10T01:03:29Z,organic_search
101382,000031b0cc46,2025-11-26T01:30:31Z,US,TX,google_ads,True,2025-11-26T01:30:31Z,google_ads
101897,000031b66804,2025-12-23T11:08:08Z,CA,ON,meta,True,2025-12-23T11:08:08Z,meta_ads
103656,000031bb2908,2026-05-28T10:47:31Z,US,TN,organic_search,True,2026-05-28T10:47:31Z,organic_search
101935,00003200ae66,2025-12-29T16:55:10Z,GB,ENG,referral,False,2025-12-29T16:55:10Z,referral
100157,000032056f6a,2025-07-19T18:53:38Z,US,PA,Facebook,False,2025-07-19T18:53:38Z,meta_ads
102636,0000320b0b28,2026-03-13T18:00:54Z,US,MO,organic_search,False,2026-03-13T18:00:54Z,organic_search
101579,0000320b0bef,2025-11-29T21:34:33Z,AU,VIC,tiktok,False,2025-11-29T21:34:33Z,tiktok_ads
103292,0000321568b1,2026-04-30T05:38:36Z,US,CA,IG,True,2026-04-30T05:38:36Z,meta_ads
101309,000032156978,2025-11-25T01:44:28Z,US,MO,meta,False,2025-11-25T01:44:28Z,meta_ads
103498,0000321fc63a,2026-05-14T09:59:46Z,US,FL,,False,2026-05-14T09:59:46Z,unknown
100681,0000321fc701,2025-09-22T02:20:41Z,CA,QC,,True,2025-09-22T02:20:41Z,unknown
103985,0000322a23c3,2026-06-24T00:44:32Z,US,CA,IG,False,2026-06-24T00:44:32Z,meta_ads
100436,0000322a248a,2025-08-23T15:36:30Z,US,GA,google_ads,True,2025-08-23T15:36:30Z,google_ads
100409,0000325807ee,2025-08-19T15:36:02Z,US,GA,organic_search,False,2025-08-19T15:36:02Z,organic_search
103844,0000325808b5,2026-06-13T17:26:37Z,GB,ENG,influencer,True,2026-06-13T17:26:37Z,influencer
100989,000032626577,2025-10-21T09:32:43Z,US,MO,meta,True,2025-10-21T09:32:43Z,meta_ads
103329,00003262663e,2026-05-03T04:58:50Z,GB,ENG,influencer,True,2026-05-03T04:58:50Z,influencer
101340,0000326cc300,2025-11-25T13:27:08Z,GB,SCT,influencer,False,2025-11-25T13:27:08Z,influencer
102981,0000327a05e3,2026-04-05T12:01:48Z,US,MN,,False,2026-04-05T12:01:48Z,unknown
103311,00003284636c,2026-05-02T10:57:50Z,US,OH,meta,False,2026-05-02T10:57:50Z,meta_ads
103857,0000328ec0f5,2026-06-14T17:20:20Z,CA,AB,organic_search,True,2026-06-14T17:20:20Z,organic_search
100348,0000328ec1bc,2025-08-12T13:21:30Z,US,CA,google_ads,True,2025-08-12T13:21:30Z,google_ads
102327,000032b70962,2026-02-09T17:54:38Z,US,FL,meta,True,2026-02-09T17:54:38Z,meta_ads
100346,000032bca520,2025-08-12T11:51:41Z,US,WI,google_ads,True,2025-08-12T11:51:41Z,google_ads
104046,000032bca5e7,2026-06-29T14:44:12Z,US,MD,Google,False,2026-06-29T14:44:12Z,google_ads
102092,000032c166eb,2026-01-15T04:22:41Z,US,TX,influencer,True,2026-01-15T04:22:41Z,influencer
100899,000032c702a9,2025-10-12T23:21:46Z,US,MN,meta,False,2025-10-12T23:21:46Z,meta_ads
103327,000032c70370,2026-05-03T01:52:22Z,GB,WLS,influencer,True,2026-05-03T01:52:22Z,influencer
101702,000032cbc474,2025-12-04T02:54:37Z,US,TX,referral,False,2025-12-04T02:54:37Z,referral
101538,000032d16032,2025-11-29T01:08:26Z,AU,QLD,IG,False,2025-11-29T01:08:26Z,meta_ads
103241,000032d160f9,2026-04-25T22:16:10Z,US,NY,tiktok,False,2026-04-25T22:16:10Z,tiktok_ads
101362,000032d621fd,2025-11-25T19:50:21Z,US,MD,Google,False,2025-11-25T19:50:21Z,google_ads
101168,000032dbbdbb,2025-11-12T13:47:23Z,US,CA,influencer,False,2025-11-12T13:47:23Z,influencer
102750,000032dbbe82,2026-03-18T13:32:33Z,US,NY,meta,True,2026-03-18T13:32:33Z,meta_ads
101056,000032e07f86,2025-10-27T17:41:36Z,US,PA,organic_search,True,2025-10-27T17:41:36Z,organic_search
102031,000032e61b44,2026-01-08T14:34:18Z,US,NY,meta,False,2026-01-08T14:34:18Z,meta_ads
100947,0000332b9fdb,2025-10-17T17:16:58Z,US,WI,tiktok,False,2025-10-17T17:16:58Z,tiktok_ads
101439,00003335fd64,2025-11-27T01:41:36Z,US,FL,meta,True,2025-11-27T01:41:36Z,meta_ads
103119,00003335fe2b,2026-04-16T22:26:46Z,US,TX,meta,True,2026-04-16T22:26:46Z,meta_ads
102458,0000333abe68,2026-02-21T16:06:42Z,CA,ON,organic_search,False,2026-02-21T16:06:42Z,organic_search
101278,0000333abf2f,2025-11-24T15:07:27Z,GB,SCT,tiktok,True,2025-11-24T15:07:27Z,tiktok_ads
101179,000033405aed,2025-11-14T01:41:36Z,US,TX,meta,True,2025-11-14T01:41:36Z,meta_ads
102615,000033405bb4,2026-03-11T15:44:39Z,US,PA,meta,True,2026-03-11T15:44:39Z,meta_ads
103315,000033451bf1,2026-05-02T12:53:09Z,US,IN,organic_search,False,2026-05-02T12:53:09Z,organic_search
100955,000033451cb8,2025-10-18T14:21:51Z,US,FL,referral,True,2025-10-18T14:21:51Z,referral
102002,0000334ab876,2026-01-05T17:06:58Z,US,CA,organic_search,False,2026-01-05T17:06:58Z,organic_search
102479,0000334ab93d,2026-02-23T09:16:56Z,US,WA,organic_search,True,2026-02-23T09:16:56Z,organic_search
103926,0000334f797a,2026-06-20T13:02:41Z,US,MO,organic_search,True,2026-06-20T13:02:41Z,organic_search
100313,0000334f7a41,2025-08-09T13:26:23Z,AU,NSW,google_ads,False,2025-08-09T13:26:23Z,google_ads
102493,0000335515ff,2026-02-25T08:23:12Z,US,NJ,meta,True,2026-02-25T08:23:12Z,meta_ads
100247,00003359d7ca,2025-07-30T23:28:33Z,US,AZ,google_ads,False,2025-07-30T23:28:33Z,google_ads
102905,0000335f7388,2026-03-28T16:09:56Z,US,IL,organic_search,True,2026-03-28T16:09:56Z,organic_search
102341,0000337d5e6c,2026-02-11T08:15:11Z,US,AZ,tiktok,True,2026-02-11T08:15:11Z,tiktok_ads
103267,00003387bbf5,2026-04-28T01:45:24Z,US,TX,organic_search,True,2026-04-28T01:45:24Z,organic_search
103539,00003392197e,2026-05-17T23:25:12Z,US,TN,IG,True,2026-05-17T23:25:12Z,meta_ads
101385,0000339f5c61,2025-11-26T02:48:40Z,US,MN,facebook_ads,False,2025-11-26T02:48:40Z,meta_ads
100817,000033a9b9ea,2025-10-05T05:07:32Z,US,TN,influencer,False,2025-10-05T05:07:32Z,influencer
103730,000033b416ac,2026-06-04T12:37:25Z,US,MO,organic_search,True,2026-06-04T12:37:25Z,organic_search
100260,000033b41773,2025-08-01T13:47:30Z,US,FL,referral,False,2025-08-01T13:47:30Z,referral
100152,000033be74fc,2025-07-19T13:59:45Z,US,IL,organic_search,True,2025-07-19T13:59:45Z,organic_search
102248,000033e1fb9e,2026-02-03T02:04:55Z,US,NY,influencer,True,2026-02-03T02:04:55Z,influencer
100496,000033ec5860,2025-09-01T19:37:51Z,GB,SCT,direct,True,2025-09-01T19:37:51Z,direct
103709,000033ec5927,2026-06-02T17:12:47Z,US,IL,meta,True,2026-06-02T17:12:47Z,meta_ads
100943,000033f6b5e9,2025-10-17T11:39:55Z,US,FL,google_ads,False,2025-10-17T11:39:55Z,google_ads
103053,000033f6b6b0,2026-04-11T00:46:43Z,US,WI,meta,False,2026-04-11T00:46:43Z,meta_ads
101552,000034011372,2025-11-29T11:23:08Z,US,VA,google_ads,False,2025-11-29T11:23:08Z,google_ads
102518,000034011439,2026-02-27T11:00:27Z,US,MN,Google,False,2026-02-27T11:00:27Z,google_ads
101865,0000340b70fb,2025-12-19T08:23:53Z,US,NY,Google,True,2025-12-19T08:23:53Z,google_ads
102441,0000340b71c2,2026-02-20T02:15:01Z,GB,WLS,Google,False,2026-02-20T02:15:01Z,google_ads
100402,000034110d80,2025-08-19T00:40:30Z,US,TX,meta,False,2025-08-19T00:40:30Z,meta_ads
102436,00003415ce84,2026-02-19T13:06:36Z,US,GA,meta,True,2026-02-19T13:06:36Z,meta_ads
104048,00003450f659,2026-06-29T19:21:15Z,US,CA,influencer,True,2026-06-29T19:21:15Z,influencer
103606,0000345b53e2,2026-05-25T01:10:43Z,US,IL,TikTok,True,2026-05-25T01:10:43Z,tiktok_ads
101605,0000346014e6,2025-11-30T14:29:58Z,US,TX,referral,True,2025-11-30T14:29:58Z,referral
101334,00003465b0a4,2025-11-25T12:01:19Z,US,PA,Facebook,True,2025-11-25T12:01:19Z,meta_ads
102909,00003465b16b,2026-03-29T00:00:20Z,US,AZ,,True,2026-03-29T00:00:20Z,unknown
100996,0000346a726f,2025-10-21T23:56:00Z,US,NY,google_ads,True,2025-10-21T23:56:00Z,google_ads
101811,000034700e2d,2025-12-15T09:13:28Z,US,CO,meta,True,2025-12-15T09:13:28Z,meta_ads
102233,000034700ef4,2026-02-02T01:27:55Z,US,NC,google_ads,False,2026-02-02T01:27:55Z,google_ads
100632,00003474cff8,2025-09-16T16:46:22Z,US,CA,tiktok,True,2025-09-16T16:46:22Z,tiktok_ads
102061,0000347a6bb6,2026-01-10T15:18:24Z,US,FL,organic_search,False,2026-01-10T15:18:24Z,organic_search
101983,0000347a6c7d,2026-01-04T13:55:32Z,US,MO,direct,False,2026-01-04T13:55:32Z,direct
100135,0000347f2d81,2025-07-17T02:42:02Z,US,PA,meta,False,2025-07-17T02:42:02Z,meta_ads
102922,00003484c93f,2026-03-30T23:00:39Z,US,PA,google_ads,False,2026-03-30T23:00:39Z,google_ads
101790,00003484ca06,2025-12-12T19:39:26Z,US,TX,,False,2025-12-12T19:39:26Z,unknown
103206,0000348f26c8,2026-04-22T22:18:21Z,US,VA,,False,2026-04-22T22:18:21Z,unknown
101847,000034d4ab5f,2025-12-17T21:20:49Z,CA,QC,influencer,True,2025-12-17T21:20:49Z,influencer
100700,000034d96d2a,2025-09-24T14:28:38Z,GB,SCT,meta,True,2025-09-24T14:28:38Z,meta_ads
102520,000034df08e8,2026-02-27T11:52:41Z,US,TX,Facebook,True,2026-02-27T11:52:41Z,meta_ads
103121,000034e3c9ec,2026-04-16T23:34:43Z,US,MO,Facebook,True,2026-04-16T23:34:43Z,meta_ads
100027,000034e3cab3,2025-07-03T15:51:10Z,US,MI,google_ads,True,2025-07-03T15:51:10Z,google_ads
102634,000034e96671,2026-03-13T14:33:54Z,US,NY,google_ads,True,2026-03-13T14:33:54Z,google_ads
101928,000034e96738,2025-12-28T19:55:50Z,US,NY,organic_search,False,2025-12-28T19:55:50Z,organic_search
102954,000034f3c3fa,2026-04-03T09:27:30Z,US,CO,google_ads,True,2026-04-03T09:27:30Z,google_ads
101627,000034f3c4c1,2025-11-30T21:32:09Z,US,NC,Facebook,True,2025-11-30T21:32:09Z,meta_ads
103382,000034fe2183,2026-05-06T17:09:33Z,US,NJ,meta,False,2026-05-06T17:09:33Z,meta_ads
103712,00003511aede,2026-06-02T22:11:16Z,US,OR,organic_search,True,2026-06-02T22:11:16Z,organic_search
103639,0000351c0c67,2026-05-27T12:09:02Z,US,CA,organic_search,False,2026-05-27T12:09:02Z,organic_search
103217,0000352669f0,2026-04-23T14:24:39Z,US,TX,meta,True,2026-04-23T14:24:39Z,meta_ads
102709,00003530c779,2026-03-17T01:28:22Z,US,FL,organic_search,False,2026-03-17T01:28:22Z,organic_search
100111,000035366337,2025-07-13T13:29:44Z,US,CO,direct,True,2025-07-13T13:29:44Z,direct
103859,0000353663fe,2026-06-14T19:33:59Z,US,MI,referral,True,2026-06-14T19:33:59Z,referral
102278,0000353b2502,2026-02-06T03:00:22Z,US,CA,meta,False,2026-02-06T03:00:22Z,meta_ads
100560,00003540c0c0,2025-09-07T15:56:08Z,AU,VIC,organic_search,False,2025-09-07T15:56:08Z,organic_search
100183,0000354867e5,2025-07-22T14:42:26Z,US,WA,google_ads,False,2025-07-22T14:42:26Z,google_ads
101064,0000354867e5,2025-10-28T11:26:04Z,US,WA,,False,2025-10-28T11:26:04Z,unknown
103287,0000358b0722,2026-04-29T19:28:59Z,US,TX,tiktok,False,2026-04-29T19:28:59Z,tiktok_ads
101893,0000359563e4,2025-12-22T14:58:45Z,US,TX,Influencer,False,2025-12-22T14:58:45Z,influencer
102749,0000359564ab,2026-03-18T12:53:49Z,US,CA,organic_search,True,2026-03-18T12:53:49Z,organic_search
100092,0000359b0069,2025-07-11T19:06:19Z,US,MI,IG,True,2025-07-11T19:06:19Z,meta_ads
103136,0000359b0130,2026-04-18T02:15:55Z,US,MA,meta,True,2026-04-18T02:15:55Z,meta_ads
102060,0000359fc16d,2026-01-10T15:05:37Z,US,NJ,tiktok,False,2026-01-10T15:05:37Z,tiktok_ads
102384,0000359fc234,2026-02-14T17:18:09Z,US,NJ,facebook_ads,True,2026-02-14T17:18:09Z,meta_ads
100677,000035a55df2,2025-09-21T18:34:42Z,US,FL,influencer,True,2025-09-21T18:34:42Z,influencer
103997,000035a55eb9,2026-06-24T23:03:45Z,US,FL,organic_search,True,2026-06-24T23:03:45Z,organic_search
102276,000035aa1ef6,2026-02-06T02:35:00Z,US,WA,organic_search,True,2026-02-06T02:35:00Z,organic_search
101871,000035aa1fbd,2025-12-19T20:22:08Z,US,NJ,google_ads,False,2025-12-19T20:22:08Z,google_ads
100933,000035afbb7b,2025-10-16T12:57:27Z,GB,SCT,organic_search,False,2025-10-16T12:57:27Z,organic_search
102829,000035b47c7f,2026-03-21T14:19:06Z,US,MI,,False,2026-03-21T14:19:06Z,unknown
101143,000035b47d46,2025-11-08T23:00:08Z,US,GA,tiktok,True,2025-11-08T23:00:08Z,tiktok_ads
101408,000035ba1904,2025-11-26T15:17:53Z,US,MA,Google,True,2025-11-26T15:17:53Z,google_ads
101902,000035ba1904,2025-12-24T10:18:28Z,US,MA,,False,2025-12-24T10:18:28Z,unknown
103641,000035beda08,2026-05-27T14:03:43Z,US,GA,influencer,True,2026-05-27T14:03:43Z,influencer
102776,000035fa01dd,2026-03-19T15:06:31Z,US,NY,direct,False,2026-03-19T15:06:31Z,direct
102488,000036045f66,2026-02-24T02:34:43Z,US,AZ,Google,True,2026-02-24T02:34:43Z,google_ads
100388,00003609206a,2025-08-17T06:34:32Z,US,AZ,meta,True,2025-08-17T06:34:32Z,meta_ads
102099,0000360ebc28,2026-01-16T02:54:59Z,US,NY,Facebook,True,2026-01-16T02:54:59Z,meta_ads
101642,0000360ebcef,2025-12-01T01:43:18Z,US,TX,referral,False,2025-12-01T01:43:18Z,referral
102678,0000361919b1,2026-03-15T20:25:54Z,US,AZ,referral,False,2026-03-15T20:25:54Z,referral
101235,000036191a78,2025-11-22T23:51:48Z,US,TX,organic_search,True,2025-11-22T23:51:48Z,organic_search
103506,00003623773a,2026-05-15T10:01:46Z,US,IL,tiktok,False,2026-05-15T10:01:46Z,tiktok_ads
100809,000036237801,2025-10-04T16:49:08Z,US,CA,organic_search,False,2025-10-04T16:49:08Z,organic_search
103738,0000362dd4c3,2026-06-04T20:36:41Z,US,CO,influencer,True,2026-06-04T20:36:41Z,influencer
102379,00003638324c,2026-02-14T04:23:08Z,US,TX,organic_search,True,2026-02-14T04:23:08Z,organic_search
100061,0000365bb8ee,2025-07-08T12:36:21Z,US,WA,,True,2025-07-08T12:36:21Z,unknown
100477,000036661677,2025-08-29T14:52:24Z,US,TX,meta,True,2025-08-29T14:52:24Z,meta_ads
103532,00003666173e,2026-05-17T12:55:21Z,US,TN,Google,False,2026-05-17T12:55:21Z,google_ads
100969,000036707400,2025-10-19T21:21:27Z,US,MD,Direct,True,2025-10-19T21:21:27Z,direct
102915,0000367db6e3,2026-03-29T18:34:18Z,US,NH,meta,False,2026-03-29T18:34:18Z,meta_ads
103603,00003688146c,2026-05-24T16:06:56Z,US,NJ,facebook_ads,False,2026-05-24T16:06:56Z,meta_ads
103394,0000369271f5,2026-05-07T02:41:26Z,US,NY,organic_search,True,2026-05-07T02:41:26Z,organic_search
103021,0000369ccf7e,2026-04-08T19:45:50Z,US,WA,direct,True,2026-04-08T19:45:50Z,direct
102847,000036baba62,2026-03-22T13:00:48Z,US,MA,meta,True,2026-03-22T13:00:48Z,meta_ads
100110,000036c05620,2025-07-13T12:01:13Z,US,NY,direct,False,2025-07-13T12:01:13Z,direct
102465,000036c517eb,2026-02-21T21:09:27Z,US,VA,,True,2026-02-21T21:09:27Z,unknown
100329,000036cab3a9,2025-08-11T01:23:08Z,US,MN,tiktok,True,2025-08-11T01:23:08Z,tiktok_ads
104035,000036cab470,2026-06-28T11:18:41Z,US,OH,meta,True,2026-06-28T11:18:41Z,meta_ads
102153,000036cf7574,2026-01-23T23:13:40Z,US,CO,meta,True,2026-01-23T23:13:40Z,meta_ads
101006,000036d51132,2025-10-23T11:43:35Z,US,PA,facebook_ads,True,2025-10-23T11:43:35Z,meta_ads
103392,000036d511f9,2026-05-07T01:33:53Z,US,CO,meta,False,2026-05-07T01:33:53Z,meta_ads
101403,000036d9d2fd,2025-11-26T13:36:49Z,US,FL,meta,True,2025-11-26T13:36:49Z,meta_ads
101205,000036df6ebb,2025-11-17T23:17:59Z,US,WI,Direct,False,2025-11-17T23:17:59Z,direct
101504,000036e43086,2025-11-28T10:35:21Z,US,NY,influencer,True,2025-11-28T10:35:21Z,influencer
101895,000036e9cc44,2025-12-23T06:03:26Z,US,AZ,meta,True,2025-12-23T06:03:26Z,meta_ads
102448,00003729b51d,2026-02-20T15:30:55Z,US,DE,organic_search,True,2026-02-20T15:30:55Z,organic_search
100318,0000372f50db,2025-08-10T03:13:21Z,US,MD,,True,2025-08-10T03:13:21Z,unknown
102095,0000373412a6,2026-01-15T18:00:23Z,US,TX,tiktok,False,2026-01-15T18:00:23Z,tiktok_ads
100913,00003739ae64,2025-10-13T21:57:43Z,US,OH,TikTok,True,2025-10-13T21:57:43Z,tiktok_ads
102618,0000373e6f68,2026-03-11T21:28:21Z,US,NY,referral,False,2026-03-11T21:28:21Z,referral
101303,0000373e702f,2025-11-24T23:59:50Z,US,CO,meta,True,2025-11-24T23:59:50Z,meta_ads
101186,000037440bed,2025-11-15T07:56:37Z,US,IL,google_ads,True,2025-11-15T07:56:37Z,google_ads
102939,00003748ccf1,2026-04-01T22:42:47Z,US,TX,direct,False,2026-04-01T22:42:47Z,direct
101377,00003748cdb8,2025-11-25T23:22:23Z,US,CA,direct,False,2025-11-25T23:22:23Z,direct
101736,0000374e6976,2025-12-07T16:03:40Z,US,AZ,direct,True,2025-12-07T16:03:40Z,direct
102904,0000374e6a3d,2026-03-28T13:54:37Z,GB,SCT,meta,True,2026-03-28T13:54:37Z,meta_ads
103324,000037532a7a,2026-05-02T23:49:23Z,US,WI,Influencer,False,2026-05-02T23:49:23Z,influencer
100983,000037532b41,2025-10-20T18:11:51Z,US,VA,tiktok,False,2025-10-20T18:11:51Z,tiktok_ads
102198,00003758c6ff,2026-01-28T23:45:13Z,US,TX,direct,False,2026-01-28T23:45:13Z,direct
103766,0000375d8803,2026-06-07T18:28:15Z,US,NY,meta,True,2026-06-07T18:28:15Z,meta_ads
100274,0000375d88ca,2025-08-03T22:24:13Z,US,TX,direct,True,2025-08-03T22:24:13Z,direct
103815,0000378b6cf5,2026-06-11T10:54:46Z,US,CO,organic_search,False,2026-06-11T10:54:46Z,organic_search
103332,00003795ca7e,2026-05-03T19:04:55Z,US,MA,meta,False,2026-05-03T19:04:55Z,meta_ads
101214,000037a30d61,2025-11-19T03:34:16Z,US,CA,direct,True,2025-11-19T03:34:16Z,direct
103199,000037ad6a23,2026-04-22T13:33:34Z,US,WI,google_ads,False,2026-04-22T13:33:34Z,google_ads
101573,000037ad6aea,2025-11-29T16:18:36Z,GB,SCT,organic_search,True,2025-11-29T16:18:36Z,organic_search
103436,000037b7c7ac,2026-05-09T23:26:10Z,US,MI,google_ads,False,2026-05-09T23:26:10Z,google_ads
100916,000037b7c873,2025-10-14T01:45:28Z,US,CA,referral,True,2025-10-14T01:45:28Z,referral
103969,000037c22535,2026-06-22T17:17:54Z,US,MI,organic_search,True,2026-06-22T17:17:54Z,organic_search
100367,000037c225fc,2025-08-14T18:11:08Z,AU,VIC,meta,False,2025-08-14T18:11:08Z,meta_ads
100089,000037f00960,2025-07-11T14:30:56Z,CA,BC,meta,False,2025-07-11T14:30:56Z,meta_ads
103816,000037f00a27,2026-06-11T11:35:46Z,US,GA,direct,True,2026-06-11T11:35:46Z,direct
100628,000037fa66e9,2025-09-16T08:55:46Z,US,PA,direct,False,2025-09-16T08:55:46Z,direct
103667,000037fa67b0,2026-05-29T10:39:32Z,US,MA,Direct,False,2026-05-29T10:39:32Z,direct
101524,00003804c472,2025-11-28T18:04:59Z,CA,BC,meta,False,2025-11-28T18:04:59Z,meta_ads
103079,00003804c539,2026-04-13T15:11:07Z,US,CA,facebook_ads,False,2026-04-13T15:11:07Z,meta_ads
101608,0000380f21fb,2025-11-30T15:06:52Z,US,CA,influencer,True,2025-11-30T15:06:52Z,influencer
102772,0000380f22c2,2026-03-19T11:24:29Z,US,CO,meta,False,2026-03-19T11:24:29Z,meta_ads
101926,000038197f84,2025-12-28T13:51:37Z,US,IL,google_ads,False,2025-12-28T13:51:37Z,google_ads
103914,00003826c267,2026-06-19T15:27:39Z,US,IN,tiktok,False,2026-06-19T15:27:39Z,tiktok_ads
103980,00003854a759,2026-06-23T19:06:59Z,US,TN,tiktok,False,2026-06-23T19:06:59Z,tiktok_ads
100592,0000385f041b,2025-09-11T20:17:54Z,US,CO,influencer,True,2025-09-11T20:17:54Z,influencer
103576,0000385f04e2,2026-05-22T14:41:06Z,AU,WA,tiktok,True,2026-05-22T14:41:06Z,tiktok_ads
101648,00003863c5e6,2025-12-01T03:39:51Z,US,NC,meta,True,2025-12-01T03:39:51Z,meta_ads
101503,0000386961a4,2025-11-28T10:24:30Z,US,NY,IG,False,2025-11-28T10:24:30Z,meta_ads
103031,00003869626b,2026-04-09T14:39:17Z,GB,SCT,influencer,True,2026-04-09T14:39:17Z,influencer
101397,0000386e236f,2025-11-26T12:05:02Z,US,NJ,meta,True,2025-11-26T12:05:02Z,meta_ads
101581,00003873bf2d,2025-11-29T22:14:26Z,AU,WA,referral,True,2025-11-29T22:14:26Z,referral
102816,00003873bff4,2026-03-21T00:56:38Z,US,VA,google_ads,True,2026-03-21T00:56:38Z,google_ads
100990,0000387880f8,2025-10-21T10:33:28Z,US,NY,direct,True,2025-10-21T10:33:28Z,direct
101737,0000387e1cb6,2025-12-07T16:16:54Z,AU,VIC,organic_search,True,2025-12-07T16:16:54Z,organic_search
102428,0000387e1d7d,2026-02-18T15:47:09Z,US,TN,direct,True,2026-02-18T15:47:09Z,direct
103316,0000387e1d7d,2026-05-02T13:30:38Z,US,TN,,False,2026-05-02T13:30:38Z,unknown
100643,00003882de81,2025-09-17T20:11:23Z,US,OR,facebook_ads,False,2025-09-17T20:11:23Z,meta_ads
102503,000038887a3f,2026-02-26T02:17:03Z,US,IL,direct,True,2026-02-26T02:17:03Z,direct
100018,0000388d3c0a,2025-07-02T01:33:48Z,CA,ON,Facebook,True,2025-07-02T01:33:48Z,meta_ads
102426,00003892d7c8,2026-02-18T14:50:15Z,US,WA,facebook_ads,True,2026-02-18T14:50:15Z,meta_ads
101267,000038d2c0a1,2025-11-24T11:26:15Z,US,IL,organic_search,True,2025-11-24T11:26:15Z,organic_search
101554,000038d85c5f,2025-11-29T11:36:33Z,US,NY,meta,False,2025-11-29T11:36:33Z,meta_ads
101060,000038dd1e2a,2025-10-28T01:31:31Z,US,MI,referral,False,2025-10-28T01:31:31Z,referral
101850,000038e2b9e8,2025-12-18T01:21:27Z,US,MI,influencer,True,2025-12-18T01:21:27Z,influencer
104019,000038e77aec,2026-06-26T19:19:29Z,US,TX,organic_search,False,2026-06-26T19:19:29Z,organic_search
100589,000038e77bb3,2025-09-11T11:55:02Z,AU,VIC,direct,True,2025-09-11T11:55:02Z,direct
102329,000038ed1771,2026-02-09T22:47:20Z,US,AZ,direct,False,2026-02-09T22:47:20Z,direct
102178,000038f1d875,2026-01-26T11:31:08Z,US,CA,google_ads,True,2026-01-26T11:31:08Z,google_ads
100232,000038f1d93c,2025-07-29T11:52:29Z,US,NY,meta,False,2025-07-29T11:52:29Z,meta_ads
102685,000038f774fa,2026-03-15T23:57:59Z,AU,VIC,,True,2026-03-15T23:57:59Z,unknown
103162,00003901d283,2026-04-19T21:39:02Z,GB,ENG,organic_search,True,2026-04-19T21:39:02Z,organic_search
102473,000039155fde,2026-02-22T13:07:58Z,US,FL,referral,True,2026-02-22T13:07:58Z,referral
103787,0000391fbd67,2026-06-09T12:31:48Z,CA,BC,google_ads,True,2026-06-09T12:31:48Z,google_ads
103449,0000392a1af0,2026-05-10T16:52:44Z,GB,ENG,tiktok,False,2026-05-10T16:52:44Z,tiktok_ads
103259,000039347879,2026-04-27T11:29:05Z,US,TX,Facebook,True,2026-04-27T11:29:05Z,meta_ads
102669,0000393ed602,2026-03-15T02:06:18Z,US,WA,,True,2026-03-15T02:06:18Z,unknown
100390,0000394471c0,2025-08-17T15:15:18Z,US,MA,direct,True,2025-08-17T15:15:18Z,direct
100732,0000394c18e5,2025-09-27T16:56:32Z,US,NJ,meta,True,2025-09-27T16:56:32Z,meta_ads
100548,0000395675a7,2025-09-07T00:24:32Z,US,TX,organic_search,True,2025-09-07T00:24:32Z,organic_search
100069,00003956766e,2025-07-09T09:55:58Z,US,WA,organic_search,True,2025-07-09T09:55:58Z,organic_search
103908,000039845a99,2026-06-19T03:36:31Z,US,TX,,True,2026-06-19T03:36:31Z,unknown
103072,0000398eb822,2026-04-12T16:34:16Z,US,OH,IG,True,2026-04-12T16:34:16Z,meta_ads
101175,0000399914e4,2025-11-13T18:13:03Z,CA,ON,organic_search,True,2025-11-13T18:13:03Z,organic_search
102983,0000399915ab,2026-04-05T13:51:49Z,US,NC,IG,True,2026-04-05T13:51:49Z,meta_ads
101886,000039a3726d,2025-12-21T15:30:27Z,US,MD,tiktok,True,2025-12-21T15:30:27Z,tiktok_ads
102630,000039a37334,2026-03-13T02:06:37Z,US,CA,Facebook,True,2026-03-13T02:06:37Z,meta_ads
100301,000039a90ef2,2025-08-07T11:31:18Z,US,WI,influencer,True,2025-08-07T11:31:18Z,influencer
104063,000039a90fb9,2026-06-30T14:46:17Z,US,CA,influencer,True,2026-06-30T14:46:17Z,influencer
101994,000039adcff6,2026-01-05T01:40:37Z,US,MN,meta,True,2026-01-05T01:40:37Z,meta_ads
101998,000039add0bd,2026-01-05T12:16:15Z,US,NH,tiktok,False,2026-01-05T12:16:15Z,tiktok_ads
100729,000039b36c7b,2025-09-27T05:00:10Z,US,OH,direct,False,2025-09-27T05:00:10Z,direct
102552,000039b82d7f,2026-03-01T22:23:55Z,US,NY,influencer,False,2026-03-01T22:23:55Z,influencer
101775,000039b82e46,2025-12-11T02:56:22Z,US,MA,meta,True,2025-12-11T02:56:22Z,meta_ads
103007,000039c28b08,2026-04-07T18:03:16Z,US,AZ,organic_search,True,2026-04-07T18:03:16Z,organic_search
103210,000039fdb2dd,2026-04-23T00:25:32Z,US,GA,direct,True,2026-04-23T00:25:32Z,direct
101717,00003a080f9f,2025-12-05T17:32:14Z,US,OH,Facebook,False,2025-12-05T17:32:14Z,meta_ads
102753,00003a081066,2026-03-18T16:28:58Z,US,OR,facebook_ads,True,2026-03-18T16:28:58Z,meta_ads
100494,00003a0cd16a,2025-09-01T14:21:31Z,US,FL,influencer,True,2025-09-01T14:21:31Z,influencer
102004,00003a126d28,2026-01-05T21:57:38Z,US,FL,direct,False,2026-01-05T21:57:38Z,direct
101988,00003a126def,2026-01-04T21:20:35Z,US,IL,tiktok,False,2026-01-04T21:20:35Z,tiktok_ads
104034,00003a172e2c,2026-06-28T09:39:18Z,US,NC,influencer,False,2026-06-28T09:39:18Z,influencer
100314,00003a172ef3,2025-08-09T16:24:36Z,US,OH,direct,True,2025-08-09T16:24:36Z,direct
102593,00003a1ccab1,2026-03-08T00:30:08Z,US,WI,organic_search,True,2026-03-08T00:30:08Z,organic_search
101207,00003a1ccb78,2025-11-18T03:52:41Z,GB,ENG,Google,True,2025-11-18T03:52:41Z,google_ads
103023,00003a27283a,2026-04-08T22:13:29Z,US,CA,google_ads,False,2026-04-08T22:13:29Z,google_ads
101615,00003a272901,2025-11-30T16:56:56Z,US,WA,TikTok,False,2025-11-30T16:56:56Z,tiktok_ads
103335,00003a3185c3,2026-05-04T01:15:31Z,US,FL,tiktok,True,2026-05-04T01:15:31Z,tiktok_ads
100003,00003a69c777,2025-06-01T20:40:55Z,US,FL,Direct,True,2025-06-01T20:40:55Z,direct
100050,00003a69c83e,2025-07-07T12:45:32Z,US,WA,facebook_ads,True,2025-07-07T12:45:32Z,meta_ads
100638,00003a742500,2025-09-17T11:23:47Z,US,MO,organic_search,False,2025-09-17T11:23:47Z,organic_search
100380,00003a7bcc25,2025-08-16T12:33:07Z,US,VA,organic_search,False,2025-08-16T12:33:07Z,organic_search
102575,00003a8167e3,2026-03-04T13:47:33Z,US,CO,meta,True,2026-03-04T13:47:33Z,meta_ads
102940,00003a8bc56c,2026-04-02T01:13:18Z,US,WI,IG,True,2026-04-02T01:13:18Z,meta_ads
103490,00003a9622f5,2026-05-13T22:37:59Z,US,MA,meta,False,2026-05-13T22:37:59Z,meta_ads
103778,00003aa0807e,2026-06-08T14:28:00Z,US,CA,tiktok,False,2026-06-08T14:28:00Z,tiktok_ads
101085,00003aaade07,2025-11-01T01:35:36Z,US,PA,direct,True,2025-11-01T01:35:36Z,direct
103257,00003abe6b62,2026-04-27T01:19:32Z,US,DE,,True,2026-04-27T01:19:32Z,unknown
101215,00003ac8c824,2025-11-19T18:33:19Z,US,GA,tiktok,False,2025-11-19T18:33:19Z,tiktok_ads
100173,00003ace64a9,2025-07-21T04:46:18Z,US,OR,Facebook,True,2025-07-21T04:46:18Z,meta_ads
103133,00003ace6570,2026-04-17T23:11:08Z,CA,ON,organic_search,True,2026-04-17T23:11:08Z,organic_search
102422,00003ad32674,2026-02-18T00:43:56Z,US,FL,TikTok,True,2026-02-18T00:43:56Z,tiktok_ads
100571,00003ad8c232,2025-09-09T06:49:02Z,US,CA,Facebook,True,2025-09-09T06:49:02Z,meta_ads
103800,00003ad8c2f9,2026-06-10T17:59:41Z,US,AZ,,True,2026-06-10T17:59:41Z,unknown
101693,00003add83fd,2025-12-03T16:18:32Z,US,NH,influencer,True,2025-12-03T16:18:32Z,influencer
101041,00003ae31fbb,2025-10-26T13:28:41Z,US,MN,influencer,True,2025-10-26T13:28:41Z,influencer
101476,00003ae7e186,2025-11-27T18:24:09Z,US,GA,direct,True,2025-11-27T18:24:09Z,direct
102907,00003b2d661d,2026-03-28T17:31:36Z,CA,AB,IG,False,2026-03-28T17:31:36Z,meta_ads
100096,00003b3301db,2025-07-12T08:10:01Z,US,MA,tiktok,False,2025-07-12T08:10:01Z,tiktok_ads
102005,00003b37c2df,2026-01-05T23:54:03Z,US,AZ,referral,True,2026-01-05T23:54:03Z,referral
102073,00003b37c3a6,2026-01-12T00:31:57Z,US,TX,organic_search,True,2026-01-12T00:31:57Z,organic_search
100733,00003b3d5f64,2025-09-27T19:21:06Z,GB,ENG,influencer,True,2025-09-27T19:21:06Z,influencer
102250,00003b422068,2026-02-03T10:44:55Z,GB,SCT,IG,True,2026-02-03T10:44:55Z,meta_ads
101656,00003b42212f,2025-12-01T13:50:32Z,US,NJ,google_ads,True,2025-12-01T13:50:32Z,google_ads
100907,00003b47bced,2025-10-13T11:28:58Z,US,MD,facebook_ads,True,2025-10-13T11:28:58Z,meta_ads
102571,00003b4c7df1,2026-03-04T02:09:02Z,US,MD,organic_search,True,2026-03-04T02:09:02Z,organic_search
101513,00003b4c7eb8,2025-11-28T13:41:17Z,US,WA,influencer,False,2025-11-28T13:41:17Z,influencer
101099,00003b521a76,2025-11-03T02:13:42Z,US,MN,organic_search,False,2025-11-03T02:13:42Z,organic_search
103066,00003b56db7a,2026-04-12T01:29:10Z,US,NY,referral,False,2026-04-12T01:29:10Z,referral
101125,00003b56dc41,2025-11-06T13:26:12Z,GB,SCT,direct,False,2025-11-06T13:26:12Z,direct
101750,00003b5c77ff,2025-12-09T07:12:31Z,US,FL,Google,False,2025-12-09T07:12:31Z,google_ads
103619,00003b613903,2026-05-26T00:49:45Z,US,CA,Facebook,True,2026-05-26T00:49:45Z,meta_ads
103763,00003b6b968c,2026-06-07T12:59:52Z,US,CA,organic_search,True,2026-06-07T12:59:52Z,organic_search
103808,00003b997b7e,2026-06-11T00:44:19Z,US,NY,google_ads,True,2026-06-11T00:44:19Z,google_ads
101854,00003ba6be61,2025-12-18T13:52:55Z,GB,SCT,direct,False,2025-12-18T13:52:55Z,direct
100179,00003bab7f65,2025-07-21T22:23:56Z,US,CO,organic_search,True,2025-07-21T22:23:56Z,organic_search
102906,00003bb11b23,2026-03-28T17:22:17Z,US,OH,influencer,False,2026-03-28T17:22:17Z,influencer
101595,00003bb11bea,2025-11-30T10:01:44Z,US,CO,meta,False,2025-11-30T10:01:44Z,meta_ads
102987,00003bbb78ac,2026-04-05T21:02:12Z,US,GA,google_ads,True,2026-04-05T21:02:12Z,google_ads
101222,00003bbb7973,2025-11-20T23:40:48Z,US,NJ,Direct,True,2025-11-20T23:40:48Z,direct
103364,00003bc5d635,2026-05-05T13:23:09Z,US,MO,organic_search,True,2026-05-05T13:23:09Z,organic_search
100562,00003bc5d6fc,2025-09-08T01:06:09Z,GB,SCT,google_ads,True,2025-09-08T01:06:09Z,google_ads
103932,00003bd033be,2026-06-20T16:42:02Z,US,NY,organic_search,False,2026-06-20T16:42:02Z,organic_search
100457,00003bd03485,2025-08-26T13:39:17Z,US,NY,google_ads,True,2025-08-26T13:39:17Z,google_ads
100270,00003bfe17e9,2025-08-03T01:38:27Z,GB,ENG,organic_search,True,2025-08-03T01:38:27Z,organic_search
103960,00003bfe18b0,2026-06-22T01:15:03Z,US,CA,meta,False,2026-06-22T01:15:03Z,meta_ads
100970,00003c087572,2025-10-20T01:59:28Z,GB,ENG,meta,True,2025-10-20T01:59:28Z,meta_ads
103578,00003c087639,2026-05-22T21:51:33Z,US,CA,organic_search,True,2026-05-22T21:51:33Z,organic_search
101155,00003c12d2fb,2025-11-10T01:45:14Z,US,NY,influencer,False,2025-11-10T01:45:14Z,influencer
101167,00003c1d3084,2025-11-12T13:08:57Z,CA,BC,referral,True,2025-11-12T13:08:57Z,referral
103612,00003c2a7367,2026-05-25T13:41:11Z,CA,BC,meta,True,2026-05-25T13:41:11Z,meta_ads
104058,00003c34d0f0,2026-06-30T09:05:09Z,US,TX,meta,False,2026-06-30T09:05:09Z,meta_ads
102285,00003c5d195d,2026-02-06T16:30:22Z,US,MD,meta,False,2026-02-06T16:30:22Z,meta_ads
100467,00003c62b51b,2025-08-27T20:29:20Z,US,NH,google_ads,True,2025-08-27T20:29:20Z,google_ads
104031,00003c62b5e2,2026-06-27T16:26:17Z,US,OH,direct,True,2026-06-27T16:26:17Z,direct
102024,00003c6776e6,2026-01-07T21:01:32Z,US,PA,meta,True,2026-01-07T21:01:32Z,meta_ads
100840,00003c6d12a4,2025-10-07T22:56:55Z,US,MO,organic_search,False,2025-10-07T22:56:55Z,organic_search
103552,00003c6d136b,2026-05-19T10:53:24Z,US,CA,google_ads,False,2026-05-19T10:53:24Z,google_ads
102648,00003c71d3a8,2026-03-14T10:25:32Z,US,TN,organic_search,False,2026-03-14T10:25:32Z,organic_search
101654,00003c71d46f,2025-12-01T13:03:50Z,US,IN,direct,False,2025-12-01T13:03:50Z,direct
101327,00003c77702d,2025-11-25T10:07:33Z,US,GA,Google,False,2025-11-25T10:07:33Z,google_ads
103140,00003c7770f4,2026-04-18T10:53:05Z,CA,BC,meta,True,2026-04-18T10:53:05Z,meta_ads
103208,00003c7c3131,2026-04-22T23:49:52Z,US,CA,google_ads,False,2026-04-22T23:49:52Z,google_ads
100924,00003c7c31f8,2025-10-14T21:30:29Z,US,FL,google_ads,True,2025-10-14T21:30:29Z,google_ads
101566,00003c81cdb6,2025-11-29T15:01:55Z,US,GA,direct,False,2025-11-29T15:01:55Z,direct
102737,00003c81ce7d,2026-03-18T01:22:45Z,US,TX,organic_search,True,2026-03-18T01:22:45Z,organic_search
100963,00003c868f81,2025-10-19T12:27:38Z,US,MA,influencer,False,2025-10-19T12:27:38Z,influencer
102054,00003c8c2b3f,2026-01-10T00:41:25Z,AU,NSW,influencer,False,2026-01-10T00:41:25Z,influencer
100448,00003c90ed0a,2025-08-25T11:33:28Z,US,CA,organic_search,True,2025-08-25T11:33:28Z,organic_search
101876,00003cd671a1,2025-12-20T13:36:21Z,US,TX,referral,True,2025-12-20T13:36:21Z,referral
101187,00003cdc0d5f,2025-11-15T12:39:41Z,US,IN,organic_search,True,2025-11-15T12:39:41Z,organic_search
102966,00003ce0ce63,2026-04-04T01:49:47Z,US,TX,tiktok,True,2026-04-04T01:49:47Z,tiktok_ads
101367,00003ce0cf2a,2025-11-25T21:17:59Z,US,PA,direct,True,2025-11-25T21:17:59Z,direct
101344,00003ce66ae8,2025-11-25T14:05:11Z,US,GA,influencer,False,2025-11-25T14:05:11Z,influencer
103608,00003ceb2bec,2026-05-25T08:10:57Z,US,IL,direct,True,2026-05-25T08:10:57Z,direct
101045,00003ceb2cb3,2025-10-26T18:23:15Z,US,NY,facebook_ads,True,2025-10-26T18:23:15Z,meta_ads
102205,00003cf0c871,2026-01-29T20:47:22Z,US,TX,meta,True,2026-01-29T20:47:22Z,meta_ads
103735,00003cf58975,2026-06-04T16:59:44Z,US,FL,Direct,True,2026-06-04T16:59:44Z,direct
100291,00003cf58a3c,2025-08-06T02:18:59Z,US,WA,meta,False,2025-08-06T02:18:59Z,meta_ads
102303,00003cfb25fa,2026-02-08T03:49:31Z,US,NJ,organic_search,False,2026-02-08T03:49:31Z,organic_search
100144,00003cffe7c5,2025-07-17T21:40:48Z,US,AZ,organic_search,False,2025-07-17T21:40:48Z,organic_search
102919,00003d058383,2026-03-30T11:06:47Z,US,TX,,False,2026-03-30T11:06:47Z,unknown
100216,00003d236da0,2025-07-27T03:41:47Z,US,OH,tiktok,True,2025-07-27T03:41:47Z,tiktok_ads
103306,00003d236e67,2026-05-01T22:59:27Z,AU,QLD,influencer,True,2026-05-01T22:59:27Z,influencer
103862,00003d2dcbf0,2026-06-14T23:10:16Z,US,IN,tiktok,False,2026-06-14T23:10:16Z,tiktok_ads
103588,00003d382979,2026-05-23T13:22:52Z,US,OH,organic_search,True,2026-05-23T13:22:52Z,organic_search
102351,00003d428702,2026-02-12T02:03:06Z,US,CA,organic_search,True,2026-02-12T02:03:06Z,organic_search
100886,00003d4fc9e5,2025-10-11T23:05:57Z,US,CA,referral,False,2025-10-11T23:05:57Z,referral
103873,00003d5a26a7,2026-06-15T15:33:25Z,CA,QC,meta,True,2026-06-15T15:33:25Z,meta_ads
100320,00003d5a276e,2025-08-10T13:41:47Z,US,MD,organic_search,False,2025-08-10T13:41:47Z,organic_search
100126,00003d6484f7,2025-07-15T18:15:17Z,US,NY,referral,True,2025-07-15T18:15:17Z,referral
100553,00003d880b99,2025-09-07T03:14:50Z,US,WA,,True,2025-09-07T03:14:50Z,unknown
100671,00003d92685b,2025-09-20T14:57:02Z,CA,QC,direct,False,2025-09-20T14:57:02Z,direct
104012,00003d926922,2026-06-26T05:14:34Z,US,TX,organic_search,True,2026-06-26T05:14:34Z,organic_search
100889,00003d9cc5e4,2025-10-12T03:21:08Z,CA,QC,direct,False,2025-10-12T03:21:08Z,direct
103362,00003d9cc6ab,2026-05-05T13:01:44Z,US,GA,referral,False,2026-05-05T13:01:44Z,referral
101282,00003da7236d,2025-11-24T16:29:03Z,US,NH,meta,False,2025-11-24T16:29:03Z,meta_ads
102795,00003da72434,2026-03-20T11:11:04Z,US,GA,influencer,True,2026-03-20T11:11:04Z,influencer
101816,00003db180f6,2025-12-15T14:22:16Z,US,VA,organic_search,True,2025-12-15T14:22:16Z,organic_search
102230,00003db181bd,2026-02-01T15:25:58Z,US,MN,influencer,False,2026-02-01T15:25:58Z,influencer
100425,00003db71d7b,2025-08-21T07:20:25Z,CA,ON,organic_search,True,2025-08-21T07:20:25Z,organic_search
102447,00003dbbde7f,2026-02-20T13:07:06Z,US,TX,direct,True,2026-02-20T13:07:06Z,direct
103182,00003e0163dd,2026-04-21T13:09:25Z,US,FL,organic_search,True,2026-04-21T13:09:25Z,organic_search
101371,00003e0624e1,2025-11-25T21:44:24Z,US,MN,meta,False,2025-11-25T21:44:24Z,meta_ads
101610,00003e0bc09f,2025-11-30T15:47:14Z,US,NY,influencer,True,2025-11-30T15:47:14Z,influencer
102848,00003e0bc166,2026-03-22T15:00:44Z,US,VA,meta,False,2026-03-22T15:00:44Z,meta_ads
103326,00003e1081a3,2026-05-03T00:57:35Z,US,FL,google_ads,True,2026-05-03T00:57:35Z,google_ads
100874,00003e10826a,2025-10-10T16:28:31Z,US,GA,direct,False,2025-10-10T16:28:31Z,direct
101662,00003e161e28,2025-12-01T15:19:02Z,CA,QC,referral,True,2025-12-01T15:19:02Z,referral
102491,00003e161eef,2026-02-24T20:30:05Z,US,CA,influencer,False,2026-02-24T20:30:05Z,influencer
103962,00003e1adf2c,2026-06-22T02:28:21Z,US,CO,influencer,False,2026-06-22T02:28:21Z,influencer
100620,00003e1adff3,2025-09-15T02:29:20Z,US,AZ,Facebook,True,2025-09-15T02:29:20Z,meta_ads
102274,00003e207bb1,2026-02-05T16:46:11Z,US,TX,meta,True,2026-02-05T16:46:11Z,meta_ads
102160,00003e207c78,2026-01-24T11:18:56Z,US,PA,tiktok,False,2026-01-24T11:18:56Z,tiktok_ads
101092,00003e253cb5,2025-11-02T07:40:09Z,US,NY,,True,2025-11-02T07:40:09Z,unknown
100049,00003e253d7c,2025-07-06T22:29:03Z,US,CA,,True,2025-07-06T22:29:03Z,unknown
102601,00003e2ad93a,2026-03-09T04:07:15Z,US,VA,meta,True,2026-03-09T04:07:15Z,meta_ads
101898,00003e2ada01,2025-12-23T15:07:16Z,CA,QC,organic_search,True,2025-12-23T15:07:16Z,organic_search
103264,00003e3536c3,2026-04-27T20:23:29Z,AU,WA,direct,False,2026-04-27T20:23:29Z,direct
100062,00003e77d600,2025-07-08T14:04:53Z,US,MI,meta,False,2025-07-08T14:04:53Z,meta_ads
100606,00003e7f7d25,2025-09-13T18:00:10Z,US,PA,organic_search,True,2025-09-13T18:00:10Z,organic_search
102283,00003e89d9e7,2026-02-06T14:02:49Z,US,NY,TikTok,True,2026-02-06T14:02:49Z,tiktok_ads
100186,00003e89daae,2025-07-22T18:06:03Z,GB,ENG,Facebook,False,2025-07-22T18:06:03Z,meta_ads
102588,00003e8f766c,2026-03-07T02:55:21Z,US,WA,tiktok,False,2026-03-07T02:55:21Z,tiktok_ads
103055,00003e99d3f5,2026-04-11T01:21:37Z,US,CA,influencer,True,2026-04-11T01:21:37Z,influencer
103502,00003ea4317e,2026-05-14T13:11:08Z,US,OR,meta,False,2026-05-14T13:11:08Z,meta_ads
103804,00003eae8f07,2026-06-10T23:18:19Z,US,TX,tiktok,True,2026-06-10T23:18:19Z,tiktok_ads
104038,00003eb7bed9,2026-06-28T15:42:40Z,US,MI,referral,False,2026-06-28T15:42:40Z,referral
103444,00003ec21c62,2026-05-10T12:52:38Z,US,CA,google_ads,True,2026-05-10T12:52:38Z,google_ads
101540,00003ecc7924,2025-11-29T02:54:23Z,US,NH,meta,True,2025-11-29T02:54:23Z,meta_ads
103187,00003ecc79eb,2026-04-21T16:36:21Z,US,MD,google_ads,False,2026-04-21T16:36:21Z,google_ads
101730,00003ed6d6ad,2025-12-07T02:45:18Z,AU,VIC,google_ads,True,2025-12-07T02:45:18Z,google_ads
102754,00003ed6d774,2026-03-18T16:31:09Z,US,MI,referral,True,2026-03-18T16:31:09Z,referral
100219,00003edc7332,2025-07-27T14:04:48Z,US,CA,organic_search,True,2025-07-27T14:04:48Z,organic_search
100528,00003edc73f9,2025-09-04T13:14:48Z,US,CA,meta,True,2025-09-04T13:14:48Z,meta_ads
102314,00003ee134fd,2026-02-08T17:45:05Z,US,NC,google_ads,False,2026-02-08T17:45:05Z,google_ads
100716,00003ee6d0bb,2025-09-25T19:00:31Z,US,CA,organic_search,True,2025-09-25T19:00:31Z,organic_search
100011,00003eee77e0,2025-07-01T02:14:33Z,CA,ON,influencer,False,2025-07-01T02:14:33Z,influencer
103013,00003f31171d,2026-04-08T02:42:17Z,CA,BC,,True,2026-04-08T02:42:17Z,unknown
101150,00003f35d821,2025-11-09T15:30:01Z,US,TN,referral,True,2025-11-09T15:30:01Z,referral
101940,00003f3b73df,2025-12-30T07:46:44Z,US,MD,influencer,True,2025-12-30T07:46:44Z,influencer
102712,00003f3b74a6,2026-03-17T02:02:55Z,AU,WA,influencer,True,2026-03-17T02:02:55Z,influencer
100853,00003f4035aa,2025-10-08T23:37:45Z,US,FL,direct,True,2025-10-08T23:37:45Z,direct
100149,00003f411064,2025-07-19T09:32:22Z,US,GA,referral,True,2025-07-19T09:32:22Z,referral
102207,00003f45d168,2026-01-30T10:12:30Z,US,IN,direct,False,2026-01-30T10:12:30Z,direct
102538,00003f45d22f,2026-02-28T16:32:49Z,CA,ON,referral,True,2026-02-28T16:32:49Z,referral
100718,00003f4b6ded,2025-09-25T23:52:32Z,US,IL,influencer,True,2025-09-25T23:52:32Z,influencer
102508,00003f502ef1,2026-02-26T13:11:56Z,US,MO,meta,False,2026-02-26T13:11:56Z,meta_ads
101703,00003f502fb8,2025-12-04T11:00:14Z,US,MD,influencer,True,2025-12-04T11:00:14Z,influencer
100885,00003f55cb76,2025-10-11T21:40:55Z,US,CA,organic_search,True,2025-10-11T21:40:55Z,organic_search
102817,00003f5a8c7a,2026-03-21T01:02:15Z,US,MN,influencer,False,2026-03-21T01:02:15Z,influencer
101263,00003f5a8d41,2025-11-24T09:08:30Z,US,NY,tiktok,False,2025-11-24T09:08:30Z,tiktok_ads
101569,00003f6028ff,2025-11-29T15:27:49Z,US,WA,direct,True,2025-11-29T15:27:49Z,direct
103424,00003f64ea03,2026-05-09T02:35:30Z,US,NY,referral,True,2026-05-09T02:35:30Z,referral
102076,00003faa6f61,2026-01-12T09:10:24Z,US,WA,tiktok,True,2026-01-12T09:10:24Z,tiktok_ads
100460,00003faf3065,2025-08-27T01:04:23Z,US,FL,influencer,False,2025-08-27T01:04:23Z,influencer
102497,00003fb4cc23,2026-02-25T16:33:53Z,US,NJ,google_ads,False,2026-02-25T16:33:53Z,google_ads
101785,00003fb4ccea,2025-12-12T04:12:27Z,US,FL,meta,True,2025-12-12T04:12:27Z,meta_ads
102920,00003fbf29ac,2026-03-30T13:58:58Z,US,MI,google_ads,True,2026-03-30T13:58:58Z,google_ads
101319,00003fbf2a73,2025-11-25T03:51:34Z,US,IL,organic_search,True,2025-11-25T03:51:34Z,organic_search
103662,00003fc98735,2026-05-28T21:29:18Z,US,CA,influencer,False,2026-05-28T21:29:18Z,influencer
100897,00003fc987fc,2025-10-12T21:14:42Z,US,WI,organic_search,False,2025-10-12T21:14:42Z,organic_search
103796,00003fd3e4be,2026-06-10T10:27:43Z,CA,BC,meta,False,2026-06-10T10:27:43Z,meta_ads
100609,00003fd3e585,2025-09-14T02:12:06Z,US,TX,organic_search,True,2025-09-14T02:12:06Z,organic_search
102049,00003fde4247,2026-01-09T21:57:22Z,US,AZ,direct,True,2026-01-09T21:57:22Z,direct
100044,00004001c8e9,2025-07-06T00:20:34Z,US,NY,Facebook,True,2025-07-06T00:20:34Z,meta_ads
100281,0000400c2672,2025-08-04T16:31:21Z,US,MI,direct,True,2025-08-04T16:31:21Z,direct
103806,0000400c2739,2026-06-10T23:41:39Z,US,MI,meta,False,2026-06-10T23:41:39Z,meta_ads
100965,0000401683fb,2025-10-19T14:09:35Z,US,IN,organic_search,True,2025-10-19T14:09:35Z,organic_search
102854,00004023c6de,2026-03-22T22:20:10Z,US,PA,influencer,True,2026-03-22T22:20:10Z,influencer
103504,0000402e2467,2026-05-14T15:27:26Z,US,OH,Facebook,True,2026-05-14T15:27:26Z,meta_ads
103799,0000403881f0,2026-06-10T17:03:19Z,US,CA,Facebook,True,2026-06-10T17:03:19Z,meta_ads
101245,00004042df79,2025-11-24T01:15:40Z,US,MA,referral,True,2025-11-24T01:15:40Z,referral
102625,00004060ca5d,2026-03-12T18:36:06Z,AU,NSW,meta,True,2026-03-12T18:36:06Z,meta_ads
100079,00004066661b,2025-07-10T07:06:48Z,US,NC,Google,True,2025-07-10T07:06:48Z,google_ads
101948,0000406b271f,2025-12-31T23:34:11Z,AU,QLD,influencer,False,2025-12-31T23:34:11Z,influencer
102476,0000406b27e6,2026-02-22T22:56:02Z,US,CA,facebook_ads,True,2026-02-22T22:56:02Z,meta_ads
100453,00004070c3a4,2025-08-26T11:05:05Z,US,MI,referral,True,2025-08-26T11:05:05Z,referral
103878,00004070c46b,2026-06-16T02:20:18Z,US,MN,meta,True,2026-06-16T02:20:18Z,meta_ads
102462,0000407584a8,2026-02-21T18:22:43Z,US,NJ,Facebook,True,2026-02-21T18:22:43Z,meta_ads
102220,00004075856f,2026-01-31T11:59:53Z,US,IL,organic_search,True,2026-01-31T11:59:53Z,organic_search
100985,0000407b212d,2025-10-20T20:24:57Z,US,WI,direct,False,2025-10-20T20:24:57Z,direct
103657,0000407b21f4,2026-05-28T10:49:58Z,GB,WLS,tiktok,True,2026-05-28T10:49:58Z,tiktok_ads
102585,0000407fe231,2026-03-07T00:18:00Z,US,FL,Google,True,2026-03-07T00:18:00Z,google_ads
101510,0000407fe2f8,2025-11-28T12:38:42Z,US,OH,google_ads,True,2025-11-28T12:38:42Z,google_ads
101073,000040857eb6,2025-10-29T23:55:28Z,US,NJ,meta,True,2025-10-29T23:55:28Z,meta_ads
103295,000040857f7d,2026-04-30T19:08:11Z,US,NY,google_ads,False,2026-04-30T19:08:11Z,google_ads
103082,0000408a3fba,2026-04-14T00:18:16Z,US,MI,organic_search,True,2026-04-14T00:18:16Z,organic_search
101623,0000408a4081,2025-11-30T20:56:25Z,US,GA,direct,True,2025-11-30T20:56:25Z,direct
101944,0000408fdc3f,2025-12-30T15:22:57Z,US,NJ,organic_search,True,2025-12-30T15:22:57Z,organic_search
100690,000040d560d6,2025-09-23T14:51:06Z,US,NJ,meta,True,2025-09-23T14:51:06Z,meta_ads
102141,000040da22a1,2026-01-21T13:43:06Z,US,MN,google_ads,False,2026-01-21T13:43:06Z,google_ads
100056,000040dee3a5,2025-07-08T02:26:20Z,US,GA,organic_search,True,2025-07-08T02:26:20Z,organic_search
100559,000040dfbe5f,2025-09-07T15:49:45Z,US,MN,,False,2025-09-07T15:49:45Z,unknown
102779,000040e47f63,2026-03-19T20:29:40Z,GB,ENG,google_ads,True,2026-03-19T20:29:40Z,google_ads
101420,000040e4802a,2025-11-26T19:47:33Z,CA,BC,referral,False,2025-11-26T19:47:33Z,referral
101583,000040ea1be8,2025-11-29T23:01:16Z,GB,WLS,influencer,False,2025-11-29T23:01:16Z,influencer
102689,000040eedcec,2026-03-16T08:37:14Z,US,CA,direct,True,2026-03-16T08:37:14Z,direct
101271,000040eeddb3,2025-11-24T12:20:31Z,US,CO,Google,True,2025-11-24T12:20:31Z,google_ads
101695,000040f47971,2025-12-04T00:00:14Z,US,MI,Direct,False,2025-12-04T00:00:14Z,direct
103642,000040f93a75,2026-05-27T14:36:23Z,US,FL,tiktok,True,2026-05-27T14:36:23Z,tiktok_ads
100968,000040f93b3c,2025-10-19T19:53:26Z,US,NY,meta,False,2025-10-19T19:53:26Z,meta_ads
102131,000040fed6fa,2026-01-20T00:36:30Z,US,AZ,TikTok,True,2026-01-20T00:36:30Z,tiktok_ads
103958,0000410397fe,2026-06-21T23:23:33Z,US,TX,tiktok,False,2026-06-21T23:23:33Z,tiktok_ads
100366,0000410398c5,2025-08-14T14:32:15Z,US,CO,tiktok,True,2025-08-14T14:32:15Z,tiktok_ads
102386,000041093483,2026-02-14T18:13:14Z,US,NH,tiktok,True,2026-02-14T18:13:14Z,tiktok_ads
100289,000041317c29,2025-08-06T01:50:49Z,GB,WLS,Facebook,True,2025-08-06T01:50:49Z,meta_ads
103790,000041317cf0,2026-06-09T19:30:25Z,US,TX,,False,2026-06-09T19:30:25Z,unknown
100752,0000413bd9b2,2025-09-30T00:29:13Z,US,MI,meta,True,2025-09-30T00:29:13Z,meta_ads
103105,0000413bda79,2026-04-15T22:14:55Z,US,NY,google_ads,True,2026-04-15T22:14:55Z,google_ads
101338,000041491d5c,2025-11-25T13:12:55Z,US,CO,organic_search,False,2025-11-25T13:12:55Z,organic_search
101119,000041537ae5,2025-11-05T16:23:53Z,US,MI,direct,True,2025-11-05T16:23:53Z,direct
103505,0000415dd7a7,2026-05-15T09:25:13Z,US,GA,direct,True,2026-05-15T09:25:13Z,direct
100524,0000415dd86e,2025-09-04T10:45:10Z,US,FL,organic_search,True,2025-09-04T10:45:10Z,organic_search
103849,000041683530,2026-06-14T10:25:29Z,US,TN,meta,False,2026-06-14T10:25:29Z,meta_ads
100404,0000416835f7,2025-08-19T01:56:06Z,US,NJ,IG,True,2025-08-19T01:56:06Z,meta_ads
102673,000041907d9d,2026-03-15T11:12:32Z,US,NC,Facebook,False,2026-03-15T11:12:32Z,meta_ads
100330,00004196195b,2025-08-11T02:33:58Z,US,MA,referral,True,2025-08-11T02:33:58Z,referral
104022,000041961a22,2026-06-27T02:06:59Z,US,FL,direct,True,2026-06-27T02:06:59Z,direct
101963,0000419adb26,2026-01-02T20:25:23Z,CA,BC,tiktok,False,2026-01-02T20:25:23Z,tiktok_ads
100644,000041a076e4,2025-09-17T22:26:43Z,CA,BC,referral,True,2025-09-17T22:26:43Z,referral
103678,000041a077ab,2026-05-29T23:33:36Z,US,GA,Facebook,True,2026-05-29T23:33:36Z,meta_ads
101604,000041aad46d,2025-11-30T14:04:56Z,US,CA,facebook_ads,True,2025-11-30T14:04:56Z,meta_ads
103125,000041aad534,2026-04-17T11:30:32Z,US,CA,organic_search,True,2026-04-17T11:30:32Z,organic_search
101626,000041b531f6,2025-11-30T21:26:15Z,US,TX,,False,2025-11-30T21:26:15Z,unknown
102700,000041b532bd,2026-03-16T18:09:03Z,US,MI,influencer,True,2026-03-16T18:09:03Z,influencer
100023,000041bace7b,2025-07-02T18:24:44Z,US,NY,influencer,True,2025-07-02T18:24:44Z,influencer
101781,000041bf8f7f,2025-12-11T20:14:42Z,US,CA,organic_search,False,2025-12-11T20:14:42Z,organic_search
103880,000041ccd262,2026-06-16T03:20:58Z,US,CO,referral,True,2026-06-16T03:20:58Z,referral
103724,000041fab754,2026-06-03T23:32:50Z,US,IN,organic_search,False,2026-06-03T23:32:50Z,organic_search
103569,0000420514dd,2026-05-21T22:05:07Z,GB,ENG,meta,False,2026-05-21T22:05:07Z,meta_ads
101877,00004209d5e1,2025-12-20T16:36:25Z,US,CA,TikTok,False,2025-12-20T16:36:25Z,tiktok_ads
101221,0000420f719f,2025-11-20T19:49:37Z,US,IL,organic_search,True,2025-11-20T19:49:37Z,organic_search
103186,0000420f7266,2026-04-21T15:43:07Z,US,CO,,False,2026-04-21T15:43:07Z,unknown
102989,0000421432a3,2026-04-06T08:50:11Z,US,IL,meta,False,2026-04-06T08:50:11Z,meta_ads
101109,00004214336a,2025-11-04T12:12:59Z,US,FL,influencer,False,2025-11-04T12:12:59Z,influencer
101122,00004219cf28,2025-11-06T12:01:42Z,US,TX,TikTok,False,2025-11-06T12:01:42Z,tiktok_ads
102583,00004219cfef,2026-03-06T20:53:21Z,US,CA,influencer,False,2026-03-06T20:53:21Z,influencer
103516,0000421e902c,2026-05-16T11:26:18Z,US,OH,google_ads,False,2026-05-16T11:26:18Z,google_ads
101071,0000421e90f3,2025-10-29T21:01:09Z,US,CA,organic_search,True,2025-10-29T21:01:09Z,organic_search
101869,000042242cb1,2025-12-19T19:50:09Z,US,FL,meta,False,2025-12-19T19:50:09Z,meta_ads
102359,000042242d78,2026-02-12T20:32:12Z,AU,QLD,google_ads,False,2026-02-12T20:32:12Z,google_ads
103694,00004228edb5,2026-05-31T23:21:17Z,CA,BC,,True,2026-05-31T23:21:17Z,unknown
100687,00004228ee7c,2025-09-23T10:57:29Z,US,IL,IG,True,2025-09-23T10:57:29Z,meta_ads
102243,0000422e8a3a,2026-02-02T20:44:54Z,US,CO,meta,True,2026-02-02T20:44:54Z,meta_ads
102216,0000422e8b01,2026-01-31T02:53:28Z,GB,ENG,TikTok,True,2026-01-31T02:53:28Z,tiktok_ads
100641,000042334b3e,2025-09-17T16:39:29Z,US,MI,Facebook,True,2025-09-17T16:39:29Z,meta_ads
100162,000042334c05,2025-07-20T08:26:36Z,US,IL,organic_search,True,2025-07-20T08:26:36Z,organic_search
102557,00004238e7c3,2026-03-02T13:42:31Z,US,WA,direct,True,2026-03-02T13:42:31Z,direct
101618,0000427e6c5a,2025-11-30T19:17:25Z,US,CO,google_ads,True,2025-11-30T19:17:25Z,google_ads
100864,000042832e25,2025-10-09T21:53:47Z,US,DE,direct,True,2025-10-09T21:53:47Z,direct
102212,00004288c9e3,2026-01-30T23:40:41Z,US,CO,IG,False,2026-01-30T23:40:41Z,meta_ads
103956,0000428d8ae7,2026-06-21T21:14:10Z,US,OH,organic_search,False,2026-06-21T21:14:10Z,organic_search
100600,0000428d8bae,2025-09-12T20:11:26Z,US,FL,meta,False,2025-09-12T20:11:26Z,meta_ads
102321,00004293276c,2026-02-09T09:00:29Z,US,DE,direct,True,2026-02-09T09:00:29Z,direct
103002,00004297e870,2026-04-07T11:35:21Z,US,PA,meta,True,2026-04-07T11:35:21Z,meta_ads
100024,00004297e937,2025-07-02T23:12:43Z,US,WA,influencer,False,2025-07-02T23:12:43Z,influencer
102748,0000429d84f5,2026-03-18T12:34:44Z,US,GA,referral,True,2026-03-18T12:34:44Z,referral
103138,000042a7e27e,2026-04-18T04:28:03Z,US,MA,meta,True,2026-04-18T04:28:03Z,meta_ads
101824,000042bb6fd9,2025-12-16T10:41:09Z,US,FL,,True,2025-12-16T10:41:09Z,unknown
100523,000042c5cc9b,2025-09-04T10:09:53Z,US,CO,direct,True,2025-09-04T10:09:53Z,direct
103726,000042c5cd62,2026-06-04T00:48:29Z,US,TX,meta,True,2026-06-04T00:48:29Z,meta_ads
101027,000042d02a24,2025-10-25T13:13:31Z,US,NY,influencer,True,2025-10-25T13:13:31Z,influencer
103440,000042d02aeb,2026-05-10T02:51:56Z,US,FL,tiktok,True,2026-05-10T02:51:56Z,tiktok_ads
101419,000042da87ad,2025-11-26T19:30:04Z,US,TX,meta,True,2025-11-26T19:30:04Z,meta_ads
103091,000042da8874,2026-04-14T19:18:23Z,CA,AB,,True,2026-04-14T19:18:23Z,unknown
101760,000042e4e536,2025-12-09T17:11:13Z,US,MA,google_ads,True,2025-12-09T17:11:13Z,google_ads
102554,000042e4e5fd,2026-03-01T23:04:22Z,US,NJ,direct,True,2026-03-01T23:04:22Z,direct
100422,000042ea81bb,2025-08-20T19:45:07Z,US,MI,facebook_ads,False,2025-08-20T19:45:07Z,meta_ads
102199,000042ef42bf,2026-01-29T00:00:41Z,US,MI,direct,True,2026-01-29T00:00:41Z,direct
100622,000042f228e0,2025-09-16T01:36:48Z,US,MI,direct,True,2025-09-16T01:36:48Z,direct
102861,000042fc85a2,2026-03-23T13:14:29Z,US,PA,google_ads,True,2026-03-23T13:14:29Z,google_ads
100187,000042fc8669,2025-07-23T11:59:52Z,GB,SCT,meta,True,2025-07-23T11:59:52Z,meta_ads
103568,00004334c81d,2026-05-21T16:30:25Z,CA,QC,influencer,True,2026-05-21T16:30:25Z,influencer
101316,000043398921,2025-11-25T02:45:36Z,US,OH,organic_search,False,2025-11-25T02:45:36Z,organic_search
101315,0000433f24df,2025-11-25T02:28:25Z,US,IN,meta,False,2025-11-25T02:28:25Z,meta_ads
103077,0000433f25a6,2026-04-13T04:50:25Z,US,MI,organic_search,False,2026-04-13T04:50:25Z,organic_search
101378,00004343e6aa,2025-11-25T23:37:27Z,US,NJ,IG,True,2025-11-25T23:37:27Z,meta_ads
101905,000043498268,2025-12-24T22:50:24Z,CA,AB,meta,True,2025-12-24T22:50:24Z,meta_ads
102639,00004349832f,2026-03-14T01:09:39Z,US,FL,organic_search,True,2026-03-14T01:09:39Z,organic_search
100610,0000434e4433,2025-09-14T02:40:38Z,US,CA,organic_search,True,2025-09-14T02:40:38Z,organic_search
100315,0000434f1eed,2025-08-09T18:14:05Z,CA,ON,,True,2025-08-09T18:14:05Z,unknown
102213,00004353dff1,2026-01-31T00:40:13Z,AU,QLD,direct,True,2026-01-31T00:40:13Z,direct
101721,00004353e0b8,2025-12-05T23:25:13Z,CA,QC,organic_search,False,2025-12-05T23:25:13Z,organic_search
100546,000043597c76,2025-09-06T23:19:16Z,US,NY,google_ads,False,2025-09-06T23:19:16Z,google_ads
102686,0000435e3d7a,2026-03-16T00:38:03Z,US,VA,tiktok,True,2026-03-16T00:38:03Z,tiktok_ads
101804,0000435e3e41,2025-12-14T00:42:26Z,US,WA,referral,False,2025-12-14T00:42:26Z,referral
101416,00004363d9ff,2025-11-26T16:49:50Z,GB,SCT,Influencer,True,2025-11-26T16:49:50Z,influencer
102992,000043689b03,2026-04-06T15:41:58Z,US,CA,meta,True,2026-04-06T15:41:58Z,meta_ads
102889,000043a3c2d8,2026-03-26T13:38:19Z,US,NY,influencer,True,2026-03-26T13:38:19Z,influencer
102597,000043ae2061,2026-03-08T13:29:22Z,CA,AB,meta,True,2026-03-08T13:29:22Z,meta_ads
100689,000043b2e165,2025-09-23T13:54:14Z,US,MA,meta,True,2025-09-23T13:54:14Z,meta_ads
101999,000043b87d23,2026-01-05T13:05:32Z,US,FL,organic_search,True,2026-01-05T13:05:32Z,organic_search
102180,000043b87dea,2026-01-26T16:04:11Z,US,NY,organic_search,False,2026-01-26T16:04:11Z,organic_search
103744,000043bd3e27,2026-06-05T11:40:39Z,US,CA,google_ads,True,2026-06-05T11:40:39Z,google_ads
100295,000043bd3eee,2025-08-06T14:41:41Z,US,FL,IG,False,2025-08-06T14:41:41Z,meta_ads
102810,000043c2daac,2026-03-20T23:22:06Z,US,WI,tiktok,True,2026-03-20T23:22:06Z,tiktok_ads
101789,000043c2db73,2025-12-12T15:37:22Z,US,NJ,influencer,True,2025-12-12T15:37:22Z,influencer
102974,000043cd3835,2026-04-04T20:45:25Z,US,CA,meta,True,2026-04-04T20:45:25Z,meta_ads
101414,000043cd38fc,2025-11-26T16:38:56Z,US,VA,organic_search,True,2025-11-26T16:38:56Z,organic_search
103464,000043d795be,2026-05-11T23:44:10Z,US,VA,organic_search,True,2026-05-11T23:44:10Z,organic_search
103784,000043e1f347,2026-06-09T10:03:16Z,US,OR,influencer,True,2026-06-09T10:03:16Z,influencer
103896,000043eb2319,2026-06-17T11:49:32Z,US,WI,tiktok,True,2026-06-17T11:49:32Z,tiktok_ads
103593,000043f580a2,2026-05-23T21:58:10Z,US,TX,tiktok,True,2026-05-23T21:58:10Z,tiktok_ads
100215,0000440fd772,2025-07-27T02:01:56Z,US,NJ,influencer,True,2025-07-27T02:01:56Z,influencer
100077,0000440fd839,2025-07-09T21:31:32Z,CA,ON,meta,True,2025-07-09T21:31:32Z,meta_ads
100635,0000441a34fb,2025-09-17T01:02:56Z,US,CA,influencer,True,2025-09-17T01:02:56Z,influencer
100387,00004421dc20,2025-08-17T01:36:22Z,US,NY,meta,True,2025-08-17T01:36:22Z,meta_ads
102838,0000442777de,2026-03-21T21:57:05Z,US,TX,meta,True,2026-03-21T21:57:05Z,meta_ads
103127,00004431d567,2026-04-17T15:43:49Z,US,MN,Facebook,True,2026-04-17T15:43:49Z,meta_ads
103601,0000443c32f0,2026-05-24T14:05:38Z,CA,AB,tiktok,False,2026-05-24T14:05:38Z,tiktok_ads
104001,000044469079,2026-06-25T05:08:54Z,US,CA,,True,2026-06-25T05:08:54Z,unknown
102941,00004450ee02,2026-04-02T01:40:26Z,US,GA,google_ads,True,2026-04-02T01:40:26Z,google_ads
103126,000044647b5d,2026-04-17T11:45:09Z,AU,NSW,Direct,True,2026-04-17T11:45:09Z,direct
101495,0000446ed81f,2025-11-28T03:28:25Z,US,TX,referral,True,2025-11-28T03:28:25Z,referral
102653,0000446ed8e6,2026-03-14T12:59:20Z,US,NC,tiktok,True,2026-03-14T12:59:20Z,tiktok_ads
100195,0000447474a4,2025-07-24T14:00:17Z,US,IN,referral,True,2025-07-24T14:00:17Z,referral
102106,00004474756b,2026-01-17T08:44:20Z,CA,QC,,True,2026-01-17T08:44:20Z,unknown
102183,0000447935a8,2026-01-26T19:57:11Z,GB,ENG,tiktok,True,2026-01-26T19:57:11Z,tiktok_ads
102498,00004479366f,2026-02-25T16:43:38Z,US,CA,direct,False,2026-02-25T16:43:38Z,direct
100573,0000447ed22d,2025-09-09T09:16:12Z,US,NY,meta,True,2025-09-09T09:16:12Z,meta_ads
103831,0000447ed2f4,2026-06-12T17:05:56Z,US,CA,facebook_ads,True,2026-06-12T17:05:56Z,meta_ads
102504,000044839331,2026-02-26T03:14:20Z,US,OR,Facebook,True,2026-02-26T03:14:20Z,meta_ads
101815,0000448393f8,2025-12-15T13:10:09Z,US,NJ,organic_search,False,2025-12-15T13:10:09Z,organic_search
101028,000044892fb6,2025-10-25T14:08:59Z,US,TX,meta,False,2025-10-25T14:08:59Z,meta_ads
102778,0000448df0ba,2026-03-19T19:51:11Z,US,AZ,direct,True,2026-03-19T19:51:11Z,direct
101253,0000448df181,2025-11-24T02:33:24Z,GB,SCT,meta,True,2025-11-24T02:33:24Z,meta_ads
101522,000044938d3f,2025-11-28T16:54:38Z,US,MA,meta,True,2025-11-28T16:54:38Z,meta_ads
103269,000044984e43,2026-04-28T02:18:39Z,US,CA,IG,True,2026-04-28T02:18:39Z,meta_ads
102558,000044d37618,2026-03-02T15:18:38Z,US,MD,google_ads,True,2026-03-02T15:18:38Z,google_ads
100212,000044d911d6,2025-07-26T23:51:18Z,US,FL,meta,True,2025-07-26T23:51:18Z,meta_ads
102543,000044ddd3a1,2026-02-28T21:32:34Z,US,TX,organic_search,True,2026-02-28T21:32:34Z,organic_search
100413,000044e294a5,2025-08-19T18:17:17Z,CA,AB,organic_search,False,2025-08-19T18:17:17Z,organic_search
100514,000044e36f5f,2025-09-03T14:35:43Z,US,CA,organic_search,False,2025-09-03T14:35:43Z,organic_search
101650,000044e8312a,2025-12-01T04:46:56Z,US,WA,,False,2025-12-01T04:46:56Z,unknown
100007,000044ecf22e,2025-06-11T23:31:25Z,US,NC,organic_search,True,2025-06-11T23:31:25Z,organic_search
100844,000044edcce8,2025-10-08T10:37:37Z,US,PA,influencer,False,2025-10-08T10:37:37Z,influencer
102577,000044f28dec,2026-03-05T02:20:29Z,US,FL,meta,True,2026-03-05T02:20:29Z,meta_ads
101198,000044f28eb3,2025-11-17T01:05:30Z,US,CA,organic_search,True,2025-11-17T01:05:30Z,organic_search
101193,000044f82a71,2025-11-16T16:56:32Z,US,CA,,False,2025-11-16T16:56:32Z,unknown
103099,000044fceb75,2026-04-15T13:53:34Z,US,OR,referral,True,2026-04-15T13:53:34Z,referral
101477,000044fcec3c,2025-11-27T19:04:31Z,US,TX,meta,True,2025-11-27T19:04:31Z,meta_ads
101657,0000450287fa,2025-12-01T14:01:07Z,US,MA,IG,True,2025-12-01T14:01:07Z,meta_ads
100497,0000450749c5,2025-09-01T21:19:47Z,US,TX,Direct,True,2025-09-01T21:19:47Z,direct
103987,00004511a687,2026-06-24T01:36:55Z,US,NY,meta,True,2026-06-24T01:36:55Z,meta_ads
100375,0000453f8ab2,2025-08-15T16:27:19Z,US,IN,meta,False,2025-08-15T16:27:19Z,meta_ads
103762,0000453f8b79,2026-06-07T09:59:59Z,US,TX,Direct,True,2026-06-07T09:59:59Z,direct
100603,00004549e83b,2025-09-13T02:40:07Z,US,WI,direct,False,2025-09-13T02:40:07Z,direct
101783,0000454cce5c,2025-12-12T01:41:11Z,US,OH,meta,False,2025-12-12T01:41:11Z,meta_ads
102590,000045572b1e,2026-03-07T12:46:55Z,CA,BC,tiktok,False,2026-03-07T12:46:55Z,tiktok_ads
101259,000045572be5,2025-11-24T05:32:04Z,US,NY,influencer,False,2025-11-24T05:32:04Z,influencer
103183,0000456188a7,2026-04-21T14:36:16Z,US,FL,referral,True,2026-04-21T14:36:16Z,referral
101549,00004561896e,2025-11-29T10:05:40Z,US,TN,meta,True,2025-11-29T10:05:40Z,meta_ads
103668,0000456be630,2026-05-29T10:46:04Z,US,OH,organic_search,True,2026-05-29T10:46:04Z,organic_search
100525,0000456be6f7,2025-09-04T11:01:12Z,US,NY,google_ads,False,2025-09-04T11:01:12Z,google_ads
103732,0000457643b9,2026-06-04T13:24:34Z,CA,QC,meta,True,2026-06-04T13:24:34Z,meta_ads
100355,000045764480,2025-08-13T12:22:33Z,US,IL,google_ads,True,2025-08-13T12:22:33Z,google_ads
102833,000045942e9d,2026-03-21T18:12:19Z,US,IL,,True,2026-03-21T18:12:19Z,unknown
102358,0000459e8c26,2026-02-12T16:44:46Z,US,WA,,True,2026-02-12T16:44:46Z,unknown
102616,0000459e8c26,2026-03-11T16:24:18Z,US,WA,,False,2026-03-11T16:24:18Z,unknown
100331,000045a427e4,2025-08-11T03:18:10Z,US,CA,organic_search,False,2025-08-11T03:18:10Z,organic_search
103975,000045a428ab,2026-06-23T02:43:38Z,US,MN,organic_search,False,2026-06-23T02:43:38Z,organic_search
102069,000045a8e9af,2026-01-11T20:37:56Z,US,OR,direct,True,2026-01-11T20:37:56Z,direct
100841,000045ae856d,2025-10-08T01:21:50Z,US,MO,,True,2025-10-08T01:21:50Z,unknown
103343,000045ae8634,2026-05-04T12:53:50Z,US,VA,organic_search,True,2026-05-04T12:53:50Z,organic_search
101311,000045b8e2f6,2025-11-25T02:08:04Z,AU,QLD,organic_search,True,2025-11-25T02:08:04Z,organic_search
103181,000045b8e3bd,2026-04-21T12:32:09Z,US,FL,direct,True,2026-04-21T12:32:09Z,direct
101629,000045c3407f,2025-11-30T21:48:56Z,GB,SCT,Facebook,True,2025-11-30T21:48:56Z,meta_ads
100357,00004608c516,2025-08-13T19:19:12Z,US,MI,IG,True,2025-08-13T19:19:12Z,meta_ads
100724,00004608c516,2025-09-26T15:40:27Z,US,MI,,False,2025-09-26T15:40:27Z,unknown
103983,00004608c5dd,2026-06-23T22:41:47Z,US,WA,organic_search,True,2026-06-23T22:41:47Z,organic_search
102090,0000460d86e1,2026-01-14T22:26:32Z,CA,BC,meta,True,2026-01-14T22:26:32Z,meta_ads
100557,00004613229f,2025-09-07T13:36:46Z,CA,ON,influencer,False,2025-09-07T13:36:46Z,influencer
103683,000046132366,2026-05-30T15:47:14Z,GB,SCT,tiktok,True,2026-05-30T15:47:14Z,tiktok_ads
102684,00004617e3a3,2026-03-15T23:57:55Z,US,FL,google_ads,False,2026-03-15T23:57:55Z,google_ads
101637,00004617e46a,2025-12-01T00:27:47Z,US,TX,Influencer,True,2025-12-01T00:27:47Z,influencer
101391,0000461d8028,2025-11-26T10:21:52Z,AU,QLD,Google,True,2025-11-26T10:21:52Z,google_ads
103047,0000461d80ef,2026-04-10T14:19:01Z,US,WA,organic_search,False,2026-04-10T14:19:01Z,organic_search
103111,00004622412c,2026-04-16T13:10:49Z,CA,BC,google_ads,False,2026-04-16T13:10:49Z,google_ads
101616,0000462241f3,2025-11-30T17:15:54Z,US,NH,organic_search,False,2025-11-30T17:15:54Z,organic_search
101527,00004627ddb1,2025-11-28T19:42:11Z,US,TN,google_ads,False,2025-11-28T19:42:11Z,google_ads
102620,00004627de78,2026-03-12T00:04:12Z,US,OR,meta,True,2026-03-12T00:04:12Z,meta_ads
103564,0000462c9eb5,2026-05-21T01:10:51Z,US,NY,meta,False,2026-05-21T01:10:51Z,meta_ads
100982,0000462c9f7c,2025-10-20T17:01:01Z,US,MA,meta,True,2025-10-20T17:01:01Z,meta_ads
102196,000046323b3a,2026-01-28T15:28:36Z,US,FL,meta,False,2026-01-28T15:28:36Z,meta_ads
103860,00004636fc3e,2026-06-14T20:20:14Z,US,AZ,direct,True,2026-06-14T20:20:14Z,direct
100283,00004636fd05,2025-08-05T03:10:24Z,CA,QC,Influencer,True,2025-08-05T03:10:24Z,influencer
102405,0000463c98c3,2026-02-16T05:39:52Z,US,FL,meta,True,2026-02-16T05:39:52Z,meta_ads
101772,0000467c819c,2025-12-10T18:19:37Z,US,CA,meta,False,2025-12-10T18:19:37Z,meta_ads
101589,00004686df25,2025-11-30T01:07:28Z,US,MD,referral,False,2025-11-30T01:07:28Z,referral
101363,0000468c7ae3,2025-11-25T20:11:58Z,AU,NSW,direct,False,2025-11-25T20:11:58Z,direct
103320,000046913be7,2026-05-02T21:10:47Z,US,NY,organic_search,True,2026-05-02T21:10:47Z,organic_search
100822,000046913cae,2025-10-05T16:48:34Z,US,WI,referral,False,2025-10-05T16:48:34Z,referral
102101,00004696d86c,2026-01-16T12:41:09Z,US,PA,organic_search,False,2026-01-16T12:41:09Z,organic_search
103953,0000469b9970,2026-06-21T20:50:45Z,US,OR,Direct,False,2026-06-21T20:50:45Z,direct
100439,0000469b9a37,2025-08-23T22:35:08Z,US,OH,meta,True,2025-08-23T22:35:08Z,meta_ads
102288,000046a135f5,2026-02-06T20:20:02Z,US,AZ,google_ads,True,2026-02-06T20:20:02Z,google_ads
100014,000046a5f7c0,2025-07-01T16:55:53Z,US,CO,google_ads,True,2025-07-01T16:55:53Z,google_ads
102916,000046ab937e,2026-03-29T22:37:55Z,US,IL,meta,True,2026-03-29T22:37:55Z,meta_ads
100238,000046c97d9b,2025-07-29T21:24:02Z,US,MN,meta,False,2025-07-29T21:24:02Z,meta_ads
100773,000046c97d9b,2025-10-01T12:09:23Z,US,MN,,False,2025-10-01T12:09:23Z,unknown
100307,000046c97e62,2025-08-08T10:04:57Z,US,CA,meta,True,2025-08-08T10:04:57Z,meta_ads
100566,000046d3db24,2025-09-08T16:00:18Z,US,CO,meta,False,2025-09-08T16:00:18Z,meta_ads
103999,000046d3dbeb,2026-06-25T02:59:01Z,US,TX,tiktok,False,2026-06-25T02:59:01Z,tiktok_ads
100493,000046de38ad,2025-09-01T13:56:29Z,US,NY,meta,True,2025-09-01T13:56:29Z,meta_ads
103209,000046de3974,2026-04-23T00:19:11Z,US,GA,influencer,True,2026-04-23T00:19:11Z,influencer
101105,000046e89636,2025-11-04T00:37:45Z,US,MA,direct,False,2025-11-04T00:37:45Z,direct
102743,000046e896fd,2026-03-18T10:18:42Z,US,MI,organic_search,False,2026-03-18T10:18:42Z,organic_search
100132,000046ee32bb,2025-07-16T17:40:09Z,US,NC,meta,True,2025-07-16T17:40:09Z,meta_ads
101934,000046f2f3bf,2025-12-29T16:09:46Z,US,TN,influencer,True,2025-12-29T16:09:46Z,influencer
101077,000046f5d9e0,2025-10-30T14:33:48Z,US,VA,meta,True,2025-10-30T14:33:48Z,meta_ads
103803,0000470036a2,2026-06-10T22:54:05Z,CA,ON,meta,True,2026-06-10T22:54:05Z,meta_ads
100395,000047003769,2025-08-18T11:04:10Z,CA,QC,referral,False,2025-08-18T11:04:10Z,referral
100100,0000470a94f2,2025-07-12T15:54:22Z,US,AZ,meta,False,2025-07-12T15:54:22Z,meta_ads
103840,0000472e1b94,2026-06-13T13:05:32Z,US,TX,organic_search,True,2026-06-13T13:05:32Z,organic_search
103512,00004738791d,2026-05-15T18:25:24Z,US,VA,google_ads,True,2026-05-15T18:25:24Z,google_ads
101666,0000473d3a21,2025-12-01T19:09:47Z,US,GA,google_ads,False,2025-12-01T19:09:47Z,google_ads
100829,00004742d5df,2025-10-07T02:45:52Z,US,NY,organic_search,True,2025-10-07T02:45:52Z,organic_search
103156,00004742d6a6,2026-04-19T12:19:09Z,AU,QLD,google_ads,True,2026-04-19T12:19:09Z,google_ads
101449,0000474797aa,2025-11-27T12:02:34Z,US,CA,meta,True,2025-11-27T12:02:34Z,meta_ads
101110,0000474d3368,2025-11-04T12:47:08Z,AU,NSW,organic_search,True,2025-11-04T12:47:08Z,organic_search
102796,0000474d342f,2026-03-20T11:31:36Z,US,MA,tiktok,True,2026-03-20T11:31:36Z,tiktok_ads
100788,00004751f533,2025-10-02T14:44:38Z,US,CO,,True,2025-10-02T14:44:38Z,unknown
100033,00004752cfed,2025-07-03T23:47:11Z,US,WI,referral,True,2025-07-03T23:47:11Z,referral
101889,0000475790f1,2025-12-21T23:03:33Z,US,OH,organic_search,True,2025-12-21T23:03:33Z,organic_search
102544,0000475791b8,2026-02-28T23:12:01Z,US,OH,organic_search,True,2026-02-28T23:12:01Z,organic_search
100668,0000475c52bc,2025-09-20T01:39:50Z,US,IN,TikTok,True,2025-09-20T01:39:50Z,tiktok_ads
100264,0000475d2d76,2025-08-02T05:49:51Z,US,CA,Facebook,True,2025-08-02T05:49:51Z,meta_ads
102275,00004761ee7a,2026-02-06T00:40:59Z,US,CA,referral,True,2026-02-06T00:40:59Z,referral
102097,00004761ef41,2026-01-15T21:34:27Z,US,NJ,influencer,True,2026-01-15T21:34:27Z,influencer
100147,00004766b045,2025-07-19T00:41:41Z,US,CA,Google,False,2025-07-19T00:41:41Z,google_ads
102619,0000476c4c03,2026-03-11T23:09:39Z,US,MA,TikTok,False,2026-03-11T23:09:39Z,tiktok_ads
103212,000047a773d8,2026-04-23T06:22:01Z,US,CO,tiktok,True,2026-04-23T06:22:01Z,tiktok_ads
101348,000047b1d09a,2025-11-25T14:31:25Z,US,CA,direct,True,2025-11-25T14:31:25Z,direct
102799,000047b1d161,2026-03-20T14:49:10Z,US,TX,organic_search,True,2026-03-20T14:49:10Z,organic_search
100940,000047b69265,2025-10-17T01:06:45Z,US,OR,Facebook,False,2025-10-17T01:06:45Z,meta_ads
101922,000047bc2e23,2025-12-28T03:01:13Z,US,NJ,referral,True,2025-12-28T03:01:13Z,referral
102400,000047bc2eea,2026-02-15T20:30:41Z,US,FL,IG,True,2026-02-15T20:30:41Z,meta_ads
103946,000047c0ef27,2026-06-21T13:46:33Z,US,FL,tiktok,False,2026-06-21T13:46:33Z,tiktok_ads
100510,000047c0efee,2025-09-03T04:10:34Z,US,AZ,influencer,True,2025-09-03T04:10:34Z,influencer
102411,000047c68bac,2026-02-16T17:47:25Z,US,MA,organic_search,True,2026-02-16T17:47:25Z,organic_search
102217,000047c68c73,2026-01-31T04:53:52Z,US,FL,Facebook,False,2026-01-31T04:53:52Z,meta_ads
102944,000047cb4cb0,2026-04-02T04:50:28Z,US,OR,meta,True,2026-04-02T04:50:28Z,meta_ads
100145,000047cb4d77,2025-07-18T02:52:30Z,US,VA,google_ads,True,2025-07-18T02:52:30Z,google_ads
102830,000047d0e935,2026-03-21T15:11:36Z,US,MN,tiktok,False,2026-03-21T15:11:36Z,tiktok_ads
100896,000047d0e9fc,2025-10-12T19:46:13Z,US,MI,direct,False,2025-10-12T19:46:13Z,direct
102998,000047db46be,2026-04-06T22:30:34Z,US,CA,referral,True,2026-04-06T22:30:34Z,referral
103902,000047f931a2,2026-06-18T04:21:05Z,US,WA,TikTok,False,2026-06-18T04:21:05Z,tiktok_ads
103614,000048038f2b,2026-05-25T15:32:04Z,US,CA,google_ads,False,2026-05-25T15:32:04Z,google_ads
103146,0000480decb4,2026-04-18T16:15:44Z,US,NY,meta,True,2026-04-18T16:15:44Z,meta_ads
100021,0000481de5fb,2025-07-02T11:53:44Z,US,WI,influencer,True,2025-07-02T11:53:44Z,influencer
100723,000048258d20,2025-09-26T12:29:59Z,US,CA,,False,2025-09-26T12:29:59Z,unknown
100938,0000482fe9e2,2025-10-16T22:39:21Z,US,FL,facebook_ads,True,2025-10-16T22:39:21Z,meta_ads
100218,0000482feaa9,2025-07-27T13:09:56Z,CA,QC,facebook_ads,True,2025-07-27T13:09:56Z,meta_ads
102999,0000483fe3f0,2026-04-06T23:06:50Z,US,CO,meta,True,2026-04-06T23:06:50Z,meta_ads
103123,0000484a4179,2026-04-17T03:01:05Z,US,MO,facebook_ads,False,2026-04-17T03:01:05Z,meta_ads
103891,000048549f02,2026-06-17T02:39:41Z,US,AZ,TikTok,True,2026-06-17T02:39:41Z,tiktok_ads
103319,000048682c5d,2026-05-02T18:29:54Z,US,MI,meta,True,2026-05-02T18:29:54Z,meta_ads
101127,00004872891f,2025-11-06T16:22:38Z,US,FL,direct,True,2025-11-06T16:22:38Z,direct
102982,0000487289e6,2026-04-05T12:24:50Z,US,GA,meta,True,2026-04-05T12:24:50Z,meta_ads
100994,0000487ce6a8,2025-10-21T18:09:48Z,US,CA,google_ads,False,2025-10-21T18:09:48Z,google_ads
102697,0000487ce76f,2026-03-16T14:25:55Z,US,FL,direct,True,2026-03-16T14:25:55Z,direct
100267,00004882832d,2025-08-02T13:37:58Z,US,FL,meta,False,2025-08-02T13:37:58Z,meta_ads
103780,0000488283f4,2026-06-08T16:13:44Z,US,FL,,True,2026-06-08T16:13:44Z,unknown
102121,000048874431,2026-01-19T02:07:57Z,US,FL,meta,True,2026-01-19T02:07:57Z,meta_ads
102133,0000488744f8,2026-01-20T03:02:34Z,US,MI,google_ads,True,2026-01-20T03:02:34Z,google_ads
100556,0000488ce0b6,2025-09-07T11:43:26Z,US,NJ,,True,2025-09-07T11:43:26Z,unknown
102302,00004891a1ba,2026-02-07T23:36:44Z,US,TX,organic_search,False,2026-02-07T23:36:44Z,organic_search
101746,00004891a281,2025-12-08T22:48:01Z,US,VA,influencer,False,2025-12-08T22:48:01Z,influencer
102644,0000489bff43,2026-03-14T02:52:28Z,US,IL,google_ads,False,2026-03-14T02:52:28Z,google_ads
102943,000048d72718,2026-04-02T03:35:07Z,US,AZ,google_ads,True,2026-04-02T03:35:07Z,google_ads
101696,000048e183da,2025-12-04T00:48:06Z,US,FL,organic_search,False,2025-12-04T00:48:06Z,organic_search
102561,000048e184a1,2026-03-03T01:12:31Z,US,FL,direct,False,2026-03-03T01:12:31Z,direct
100819,000048e645a5,2025-10-05T13:52:29Z,US,MA,meta,False,2025-10-05T13:52:29Z,meta_ads
100293,000048e7205f,2025-08-06T12:56:07Z,US,FL,tiktok,True,2025-08-06T12:56:07Z,tiktok_ads
102211,000048ebe163,2026-01-30T21:13:19Z,US,TX,Facebook,False,2026-01-30T21:13:19Z,meta_ads
102209,000048ebe22a,2026-01-30T11:27:57Z,US,TX,tiktok,True,2026-01-30T11:27:57Z,tiktok_ads
100359,000048f0a32e,2025-08-13T23:37:06Z,US,NJ,organic_search,True,2025-08-13T23:37:06Z,organic_search
100750,000048f17de8,2025-09-29T17:13:41Z,US,CA,meta,True,2025-09-29T17:13:41Z,meta_ads
102228,000048f63eec,2026-02-01T13:13:38Z,US,NC,meta,True,2026-02-01T13:13:38Z,meta_ads
101910,000048f63fb3,2025-12-26T08:59:51Z,US,WA,organic_search,True,2025-12-26T08:59:51Z,organic_search
101181,000048fbdb71,2025-11-14T12:16:30Z,US,TX,organic_search,False,2025-11-14T12:16:30Z,organic_search
103198,000049009c75,2026-04-22T11:42:57Z,US,NY,direct,True,2026-04-22T11:42:57Z,direct
101238,000049009d3c,2025-11-23T14:37:11Z,US,MI,,True,2025-11-23T14:37:11Z,unknown
101208,0000490638fa,2025-11-18T10:34:33Z,US,VA,google_ads,True,2025-11-18T10:34:33Z,google_ads
103340,0000490af9fe,2026-05-04T08:21:59Z,US,IN,meta,True,2026-05-04T08:21:59Z,meta_ads
103734,000049155787,2026-06-04T15:39:33Z,US,NY,organic_search,False,2026-06-04T15:39:33Z,organic_search
100236,000049433bb2,2025-07-29T12:55:18Z,GB,ENG,meta,False,2025-07-29T12:55:18Z,meta_ads
100352,0000494d993b,2025-08-12T19:53:17Z,US,FL,meta,False,2025-08-12T19:53:17Z,meta_ads
102139,000049507f5c,2026-01-21T10:41:10Z,US,CA,organic_search,True,2026-01-21T10:41:10Z,organic_search
100184,000049554060,2025-07-22T15:04:47Z,US,NC,Influencer,True,2025-07-22T15:04:47Z,influencer
102631,0000495adc1e,2026-03-13T11:25:21Z,US,CA,direct,False,2026-03-13T11:25:21Z,direct
101712,0000495adce5,2025-12-05T01:05:39Z,US,NY,influencer,True,2025-12-05T01:05:39Z,influencer
103124,0000496539a7,2026-04-17T10:55:08Z,US,TN,Facebook,False,2026-04-17T10:55:08Z,meta_ads
101227,000049653a6e,2025-11-21T22:55:57Z,US,NJ,meta,False,2025-11-21T22:55:57Z,meta_ads
103336,0000496f9730,2026-05-04T01:50:05Z,GB,WLS,organic_search,True,2026-05-04T01:50:05Z,organic_search
100859,0000496f97f7,2025-10-09T13:31:20Z,CA,ON,organic_search,False,2025-10-09T13:31:20Z,organic_search
104027,00004979f4b9,2026-06-27T12:31:09Z,US,NC,meta,False,2026-06-27T12:31:09Z,meta_ads
100492,00004979f580,2025-09-01T12:58:05Z,US,TX,,True,2025-09-01T12:58:05Z,unknown
101698,000049845242,2025-12-04T01:31:02Z,US,NY,facebook_ads,True,2025-12-04T01:31:02Z,meta_ads
103061,00004997df9d,2026-04-11T13:15:47Z,US,MD,organic_search,False,2026-04-11T13:15:47Z,organic_search
102560,000049a23d26,2026-03-02T22:47:49Z,US,FL,referral,True,2026-03-02T22:47:49Z,referral
100246,000049a7d8e4,2025-07-30T22:07:22Z,US,PA,google_ads,True,2025-07-30T22:07:22Z,google_ads
102870,000049a7d9ab,2026-03-24T18:42:52Z,US,MA,meta,True,2026-03-24T18:42:52Z,meta_ads
102525,000049ac9aaf,2026-02-27T15:16:12Z,US,CA,influencer,True,2026-02-27T15:16:12Z,influencer
100730,000049b2366d,2025-09-27T08:45:00Z,US,NC,organic_search,True,2025-09-27T08:45:00Z,organic_search
104054,000049b23734,2026-06-30T04:47:06Z,US,AZ,organic_search,True,2026-06-30T04:47:06Z,organic_search
102208,000049b6f838,2026-01-30T10:31:08Z,US,TX,,True,2026-01-30T10:31:08Z,unknown
100979,000049bc93f6,2025-10-20T13:46:33Z,US,NJ,referral,True,2025-10-20T13:46:33Z,referral
101321,000049c155c1,2025-11-25T04:47:38Z,US,WA,direct,True,2025-11-25T04:47:38Z,direct
101216,000049c6f17f,2025-11-19T20:12:17Z,US,CA,referral,True,2025-11-19T20:12:17Z,referral
102580,00004a06da58,2026-03-05T22:34:10Z,US,CO,IG,False,2026-03-05T22:34:10Z,meta_ads
103611,00004a06da58,2026-05-25T12:07:30Z,US,CO,,False,2026-05-25T12:07:30Z,unknown
100156,00004a0c7616,2025-07-19T15:54:26Z,AU,VIC,meta,False,2025-07-19T15:54:26Z,meta_ads
103024,00004a0c76dd,2026-04-08T22:18:25Z,US,MI,facebook_ads,True,2026-04-08T22:18:25Z,meta_ads
102444,00004a1137e1,2026-02-20T11:48:04Z,US,CA,direct,True,2026-02-20T11:48:04Z,direct
100495,00004a16d39f,2025-09-01T15:34:01Z,AU,QLD,google_ads,True,2025-09-01T15:34:01Z,google_ads
104004,00004a16d466,2026-06-25T09:38:48Z,US,TX,organic_search,False,2026-06-25T09:38:48Z,organic_search
102371,00004a1b94a3,2026-02-13T20:35:38Z,US,IN,google_ads,True,2026-02-13T20:35:38Z,google_ads
102157,00004a1b956a,2026-01-24T03:23:20Z,US,MN,referral,False,2026-01-24T03:23:20Z,referral
101024,00004a213128,2025-10-25T08:30:37Z,US,NY,tiktok,True,2025-10-25T08:30:37Z,tiktok_ads
103383,00004a2131ef,2026-05-06T17:43:27Z,US,IL,influencer,True,2026-05-06T17:43:27Z,influencer
102835,00004a25f22c,2026-03-21T20:50:04Z,US,CA,meta,True,2026-03-21T20:50:04Z,meta_ads
101357,00004a25f2f3,2025-11-25T17:28:07Z,US,IL,meta,True,2025-11-25T17:28:07Z,meta_ads
101323,00004a2b8eb1,2025-11-25T07:08:45Z,US,CO,google_ads,True,2025-11-25T07:08:45Z,google_ads
103044,00004a2b8f78,2026-04-10T11:57:51Z,US,WI,,False,2026-04-10T11:57:51Z,unknown
103056,00004a304fb5,2026-04-11T01:39:37Z,US,MD,meta,False,2026-04-11T01:39:37Z,meta_ads
101459,00004a30507c,2025-11-27T14:24:34Z,US,TX,influencer,False,2025-11-27T14:24:34Z,influencer
101849,00004a35ec3a,2025-12-17T23:23:20Z,US,OH,facebook_ads,False,2025-12-17T23:23:20Z,meta_ads
103497,00004a3aad3e,2026-05-14T03:39:24Z,US,IL,meta,False,2026-05-14T03:39:24Z,meta_ads
100585,00004a3aae05,2025-09-10T21:54:38Z,US,CA,meta,True,2025-09-10T21:54:38Z,meta_ads
103842,00004a450ac7,2026-06-13T15:34:38Z,US,TX,google_ads,False,2026-06-13T15:34:38Z,google_ads
102089,00004a80329c,2026-01-14T19:13:48Z,US,OR,meta,True,2026-01-14T19:13:48Z,meta_ads
102681,00004a8a8f5e,2026-03-15T22:27:27Z,US,TX,tiktok,True,2026-03-15T22:27:27Z,tiktok_ads
101211,00004a8a9025,2025-11-18T17:19:30Z,US,FL,organic_search,True,2025-11-18T17:19:30Z,organic_search
103284,00004a94ece7,2026-04-29T15:11:07Z,AU,WA,direct,False,2026-04-29T15:11:07Z,direct
101312,00004a94edae,2025-11-25T02:14:32Z,US,FL,organic_search,True,2025-11-25T02:14:32Z,organic_search
102390,00004a94edae,2026-02-14T23:43:08Z,US,FL,,False,2026-02-14T23:43:08Z,unknown
101773,00004a9a896c,2025-12-10T18:24:57Z,CA,BC,tiktok,True,2025-12-10T18:24:57Z,tiktok_ads
103421,00004a9f4a70,2026-05-08T21:16:52Z,GB,ENG,organic_search,False,2026-05-08T21:16:52Z,organic_search
100558,00004a9f4b37,2025-09-07T14:19:49Z,GB,WLS,direct,True,2025-09-07T14:19:49Z,direct
102043,00004aa4e6f5,2026-01-09T11:38:05Z,US,MI,organic_search,True,2026-01-09T11:38:05Z,organic_search
103802,00004aa9a7f9,2026-06-10T22:51:32Z,US,TX,tiktok,False,2026-06-10T22:51:32Z,tiktok_ads
100451,00004aa9a8c0,2025-08-25T20:09:13Z,US,CA,Google,False,2025-08-25T20:09:13Z,google_ads
102629,00004aaf447e,2026-03-12T23:46:40Z,US,NJ,organic_search,True,2026-03-12T23:46:40Z,organic_search
100341,00004ad78c24,2025-08-11T22:37:12Z,US,MO,organic_search,True,2025-08-11T22:37:12Z,organic_search
103888,00004ad78ceb,2026-06-16T18:05:06Z,AU,VIC,meta,False,2026-06-16T18:05:06Z,meta_ads
100621,00004ae1e9ad,2025-09-15T06:46:35Z,US,TX,IG,True,2025-09-15T06:46:35Z,meta_ads
103545,00004ae1ea74,2026-05-18T21:43:38Z,US,PA,,True,2026-05-18T21:43:38Z,unknown
101571,00004aec4736,2025-11-29T15:49:49Z,US,CA,organic_search,True,2025-11-29T15:49:49Z,organic_search
103275,00004aec47fd,2026-04-28T17:12:50Z,US,NY,organic_search,False,2026-04-28T17:12:50Z,organic_search
101619,00004af6a4bf,2025-11-30T19:31:02Z,US,GA,meta,False,2025-11-30T19:31:02Z,meta_ads
103443,00004b03e7a2,2026-05-10T10:10:55Z,US,NY,direct,False,2026-05-10T10:10:55Z,direct
100617,00004b03e869,2025-09-14T22:21:43Z,US,VA,organic_search,False,2025-09-14T22:21:43Z,organic_search
103811,00004b0e452b,2026-06-11T02:25:36Z,CA,BC,organic_search,True,2026-06-11T02:25:36Z,organic_search
100474,00004b0e45f2,2025-08-29T00:44:42Z,US,MN,organic_search,True,2025-08-29T00:44:42Z,organic_search
100405,00004b3c2956,2025-08-19T05:35:16Z,GB,WLS,Influencer,False,2025-08-19T05:35:16Z,influencer
103977,00004b3c2a1d,2026-06-23T09:50:04Z,US,IL,meta,True,2026-06-23T09:50:04Z,meta_ads
101997,00004b40eb21,2026-01-05T12:08:02Z,CA,QC,tiktok,False,2026-01-05T12:08:02Z,tiktok_ads
100426,00004b4686df,2025-08-21T20:18:58Z,US,NJ,Facebook,True,2025-08-21T20:18:58Z,meta_ads
103605,00004b4687a6,2026-05-24T21:56:15Z,US,MI,google_ads,True,2026-05-24T21:56:15Z,google_ads
101182,00004b4b48aa,2025-11-14T15:18:18Z,US,NC,organic_search,True,2025-11-14T15:18:18Z,organic_search
101128,00004b50e468,2025-11-06T17:30:19Z,US,DE,organic_search,True,2025-11-06T17:30:19Z,organic_search
103019,00004b50e52f,2026-04-08T17:13:06Z,US,PA,referral,True,2026-04-08T17:13:06Z,referral
101114,00004b55a633,2025-11-05T10:44:05Z,US,NC,Facebook,False,2025-11-05T10:44:05Z,meta_ads
101613,00004b5b41f1,2025-11-30T16:31:38Z,US,MN,google_ads,True,2025-11-30T16:31:38Z,google_ads
102879,00004b5b42b8,2026-03-25T19:17:25Z,US,WI,meta,True,2026-03-25T19:17:25Z,meta_ads
100725,00004b6003bc,2025-09-26T17:41:55Z,US,NH,meta,True,2025-09-26T17:41:55Z,meta_ads
100210,00004b60de76,2025-07-26T20:32:51Z,US,MN,direct,False,2025-07-26T20:32:51Z,direct
102149,00004b659f7a,2026-01-22T21:34:05Z,CA,BC,meta,True,2026-01-22T21:34:05Z,meta_ads
100647,00004b6a6145,2025-09-18T00:25:46Z,US,CA,facebook_ads,True,2025-09-18T00:25:46Z,meta_ads
103531,00004bab24d8,2026-05-17T09:18:03Z,US,FL,IG,False,2026-05-17T09:18:03Z,meta_ads
101756,00004bafe5dc,2025-12-09T14:53:15Z,US,FL,meta,False,2025-12-09T14:53:15Z,meta_ads
101314,00004bb5819a,2025-11-25T02:24:03Z,US,CA,meta,True,2025-11-25T02:24:03Z,meta_ads
103052,00004bb58261,2026-04-10T19:54:08Z,US,NY,Google,False,2026-04-10T19:54:08Z,google_ads
101596,00004bba4365,2025-11-30T10:40:01Z,US,NY,influencer,False,2025-11-30T10:40:01Z,influencer
101547,00004bbfdf23,2025-11-29T08:22:49Z,US,TN,referral,False,2025-11-29T08:22:49Z,referral
102884,00004bbfdfea,2026-03-26T06:35:27Z,CA,ON,influencer,True,2026-03-26T06:35:27Z,influencer
103396,00004bc4a027,2026-05-07T03:45:29Z,US,OH,,True,2026-05-07T03:45:29Z,unknown
100981,00004bc4a0ee,2025-10-20T16:02:41Z,US,WA,direct,False,2025-10-20T16:02:41Z,direct
102082,00004bca3cac,2026-01-13T03:50:55Z,US,IL,google_ads,False,2026-01-13T03:50:55Z,google_ads
102294,00004bca3d73,2026-02-07T03:43:44Z,CA,AB,google_ads,True,2026-02-07T03:43:44Z,google_ads
103707,00004bcefdb0,2026-06-02T11:03:15Z,US,NY,influencer,True,2026-06-02T11:03:15Z,influencer
100676,00004bcefe77,2025-09-21T13:31:14Z,US,OH,organic_search,True,2025-09-21T13:31:14Z,organic_search
102526,00004bd49a35,2026-02-27T19:43:09Z,US,TX,organic_search,True,2026-02-27T19:43:09Z,organic_search
101777,00004bd49afc,2025-12-11T15:14:15Z,US,WI,google_ads,True,2025-12-11T15:14:15Z,google_ads
101592,00004bd95b39,2025-11-30T06:38:23Z,US,CO,Facebook,True,2025-11-30T06:38:23Z,meta_ads
100134,00004bd95c00,2025-07-17T01:40:13Z,US,MO,,False,2025-07-17T01:40:13Z,unknown
102867,00004bdef7be,2026-03-24T13:06:37Z,US,MO,meta,True,2026-03-24T13:06:37Z,meta_ads
103100,00004bfce2a2,2026-04-15T15:13:46Z,US,TX,meta,True,2026-04-15T15:13:46Z,meta_ads
103870,00004c07402b,2026-06-15T11:10:45Z,CA,AB,referral,False,2026-06-15T11:10:45Z,referral
103589,00004c119db4,2026-05-23T14:28:12Z,US,VA,direct,False,2026-05-23T14:28:12Z,direct
103190,00004c1bfb3d,2026-04-21T22:45:56Z,CA,ON,google_ads,False,2026-04-21T22:45:56Z,google_ads
100903,00004c293e20,2025-10-13T03:01:43Z,US,CA,google_ads,True,2025-10-13T03:01:43Z,google_ads
104042,00004c339ae2,2026-06-29T02:43:11Z,US,TX,organic_search,True,2026-06-29T02:43:11Z,organic_search
100554,00004c339ba9,2025-09-07T03:43:58Z,US,MN,google_ads,True,2025-09-07T03:43:58Z,google_ads
102239,00004c3df86b,2026-02-02T14:13:33Z,US,CA,organic_search,True,2026-02-02T14:13:33Z,organic_search
100237,00004c3df932,2025-07-29T21:08:19Z,US,NY,Facebook,True,2025-07-29T21:08:19Z,meta_ads
103325,00004c585002,2026-05-02T23:56:32Z,US,WA,organic_search,False,2026-05-02T23:56:32Z,organic_search
102417,00004c617fd4,2026-02-17T09:42:51Z,US,OH,referral,True,2026-02-17T09:42:51Z,referral
103876,00004c6bdd5d,2026-06-16T01:20:09Z,US,FL,tiktok,True,2026-06-16T01:20:09Z,tiktok_ads
100956,00004c763a1f,2025-10-18T16:37:08Z,US,CA,organic_search,False,2025-10-18T16:37:08Z,organic_search
103419,00004c763ae6,2026-05-08T20:32:53Z,US,NC,facebook_ads,True,2026-05-08T20:32:53Z,meta_ads
101240,00004c8097a8,2025-11-23T18:55:42Z,US,OR,Direct,False,2025-11-23T18:55:42Z,direct
103085,00004c80986f,2026-04-14T02:56:38Z,US,CO,,False,2026-04-14T02:56:38Z,unknown
101933,00004c8af531,2025-12-29T15:00:50Z,US,IN,tiktok,True,2025-12-29T15:00:50Z,tiktok_ads
102622,00004c8af5f8,2026-03-12T15:03:12Z,CA,AB,referral,True,2026-03-12T15:03:12Z,referral
100442,00004c9091b6,2025-08-24T04:16:21Z,US,FL,Direct,True,2025-08-24T04:16:21Z,direct
102115,00004c9552ba,2026-01-18T13:08:18Z,US,NY,google_ads,False,2026-01-18T13:08:18Z,google_ads
102651,00004c9fb043,2026-03-14T11:10:54Z,CA,QC,meta,True,2026-03-14T11:10:54Z,meta_ads
103431,00004cdad818,2026-05-09T15:37:01Z,US,CA,meta,False,2026-05-09T15:37:01Z,meta_ads
101248,00004cdf991c,2025-11-24T01:33:12Z,US,MI,meta,True,2025-11-24T01:33:12Z,meta_ads
101236,00004ce534da,2025-11-23T00:10:38Z,US,TX,google_ads,False,2025-11-23T00:10:38Z,google_ads
103238,00004ce535a1,2026-04-25T14:26:48Z,US,NY,,True,2026-04-25T14:26:48Z,unknown
101118,00004ce9f6a5,2025-11-05T15:46:22Z,US,CO,referral,True,2025-11-05T15:46:22Z,referral
101844,00004cef9263,2025-12-17T14:34:58Z,US,MA,,False,2025-12-17T14:34:58Z,unknown
102297,00004cef932a,2026-02-07T14:40:58Z,US,MN,Direct,True,2026-02-07T14:40:58Z,direct
100500,00004cf4542e,2025-09-02T04:14:16Z,US,VA,influencer,True,2025-09-02T04:14:16Z,influencer
102107,00004cf9efec,2026-01-17T11:46:12Z,US,AZ,meta,False,2026-01-17T11:46:12Z,meta_ads
102191,00004cf9f0b3,2026-01-28T03:15:08Z,US,WA,,False,2026-01-28T03:15:08Z,unknown
100421,00004cfeb1b7,2025-08-20T15:54:23Z,US,CO,meta,False,2025-08-20T15:54:23Z,meta_ads
100811,00004cff8c71,2025-10-04T18:02:50Z,GB,ENG,meta,True,2025-10-04T18:02:50Z,meta_ads
102594,00004d044d75,2026-03-08T01:49:53Z,AU,NSW,TikTok,False,2026-03-08T01:49:53Z,tiktok_ads
101823,00004d044e3c,2025-12-16T09:35:30Z,US,TX,Facebook,True,2025-12-16T09:35:30Z,meta_ads
101247,00004d09e9fa,2025-11-24T01:25:37Z,US,MA,organic_search,True,2025-11-24T01:25:37Z,organic_search
103037,00004d0eaafe,2026-04-09T20:01:37Z,US,FL,influencer,True,2026-04-09T20:01:37Z,influencer
100059,00004d514a3b,2025-07-08T09:34:26Z,US,FL,IG,False,2025-07-08T09:34:26Z,meta_ads
100584,00004d58f160,2025-09-10T19:12:17Z,US,FL,influencer,False,2025-09-10T19:12:17Z,influencer
102079,00004d5e8d1e,2026-01-12T13:20:07Z,US,MA,direct,True,2026-01-12T13:20:07Z,direct
102046,00004d5e8de5,2026-01-09T13:06:29Z,CA,AB,organic_search,True,2026-01-09T13:06:29Z,organic_search
103818,00004d634e22,2026-06-11T13:48:24Z,US,TX,,False,2026-06-11T13:48:24Z,unknown
100446,00004d634ee9,2025-08-25T02:55:00Z,US,CA,google_ads,True,2025-08-25T02:55:00Z,google_ads
102694,00004d68eaa7,2026-03-16T12:32:18Z,US,NY,google_ads,True,2026-03-16T12:32:18Z,google_ads
101752,00004d68eb6e,2025-12-09T10:02:11Z,CA,BC,tiktok,True,2025-12-09T10:02:11Z,tiktok_ads
103224,00004d734830,2026-04-24T01:22:33Z,US,WI,,True,2026-04-24T01:22:33Z,unknown
101621,00004d7348f7,2025-11-30T20:34:08Z,GB,ENG,referral,False,2025-11-30T20:34:08Z,referral
103297,00004d7da5b9,2026-05-01T00:49:50Z,US,TX,Influencer,True,2026-05-01T00:49:50Z,influencer
100984,00004d7da680,2025-10-20T19:57:26Z,US,CA,google_ads,False,2025-10-20T19:57:26Z,google_ads
104050,00004d880342,2026-06-29T20:51:45Z,US,WI,organic_search,True,2026-06-29T20:51:45Z,organic_search
103460,00004d9b909d,2026-05-11T03:59:50Z,US,OH,google_ads,True,2026-05-11T03:59:50Z,google_ads
103071,00004da5ee26,2026-04-12T14:54:40Z,US,MN,TikTok,True,2026-04-12T14:54:40Z,tiktok_ads
102790,00004db04baf,2026-03-20T04:15:34Z,US,CA,influencer,False,2026-03-20T04:15:34Z,influencer
100108,00004db5e76d,2025-07-13T05:10:54Z,US,CA,meta,False,2025-07-13T05:10:54Z,meta_ads
101169,00004db5e834,2025-11-12T21:20:32Z,US,MA,,True,2025-11-12T21:20:32Z,unknown
102430,00004dbaa938,2026-02-18T18:54:35Z,US,CA,meta,False,2026-02-18T18:54:35Z,meta_ads
100666,00004dc044f6,2025-09-20T01:28:37Z,AU,VIC,google_ads,True,2025-09-20T01:28:37Z,google_ads
101846,00004dc506c1,2025-12-17T17:23:52Z,GB,SCT,meta,True,2025-12-17T17:23:52Z,meta_ads
103012,00004e0a8b58,2026-04-07T23:19:00Z,US,OR,google_ads,True,2026-04-07T23:19:00Z,google_ads
101445,00004e14e81a,2025-11-27T08:13:45Z,US,TN,influencer,True,2025-11-27T08:13:45Z,influencer
102825,00004e14e8e1,2026-03-21T10:41:49Z,US,MO,meta,True,2026-03-21T10:41:49Z,meta_ads
100249,00004e1a849f,2025-07-31T12:01:55Z,US,TX,organic_search,False,2025-07-31T12:01:55Z,organic_search
100347,00004e1a8566,2025-08-12T12:36:05Z,US,NY,Facebook,True,2025-08-12T12:36:05Z,meta_ads
102142,00004e1f45a3,2026-01-21T13:49:44Z,US,CA,referral,True,2026-01-21T13:49:44Z,referral
102435,00004e1f466a,2026-02-19T08:19:20Z,US,NJ,referral,True,2026-02-19T08:19:20Z,referral
100630,00004e24e228,2025-09-16T13:36:39Z,US,MA,referral,True,2025-09-16T13:36:39Z,referral
103772,00004e24e2ef,2026-06-08T00:37:45Z,US,TX,facebook_ads,True,2026-06-08T00:37:45Z,meta_ads
102433,00004e29a32c,2026-02-19T04:45:52Z,US,CA,google_ads,True,2026-02-19T04:45:52Z,google_ads
101701,00004e29a3f3,2025-12-04T02:22:54Z,US,NH,influencer,False,2025-12-04T02:22:54Z,influencer
100804,00004e2f3fb1,2025-10-04T11:06:08Z,CA,QC,organic_search,True,2025-10-04T11:06:08Z,organic_search
103541,00004e2f4078,2026-05-18T02:29:30Z,US,TX,organic_search,True,2026-05-18T02:29:30Z,organic_search
102582,00004e3400b5,2026-03-06T20:31:13Z,US,TX,google_ads,True,2026-03-06T20:31:13Z,google_ads
101486,00004e34017c,2025-11-27T21:42:02Z,US,CA,influencer,True,2025-11-27T21:42:02Z,influencer
101170,00004e399d3a,2025-11-13T00:27:05Z,US,CA,tiktok,True,2025-11-13T00:27:05Z,tiktok_ads
103145,00004e3e5e3e,2026-04-18T15:35:47Z,US,CO,organic_search,True,2026-04-18T15:35:47Z,organic_search
103501,00004e48bbc7,2026-05-14T13:09:05Z,US,TX,,False,2026-05-14T13:09:05Z,unknown
102234,00004e83e39c,2026-02-02T01:45:02Z,US,MA,organic_search,False,2026-02-02T01:45:02Z,organic_search
100326,00004e88a4a0,2025-08-10T21:19:08Z,US,WI,tiktok,False,2025-08-10T21:19:08Z,tiktok_ads
102282,00004e8e405e,2026-02-06T12:48:07Z,CA,ON,influencer,True,2026-02-06T12:48:07Z,influencer
101788,00004e8e4125,2025-12-12T14:51:50Z,US,NC,Google,False,2025-12-12T14:51:50Z,google_ads
100120,00004e930229,2025-07-15T02:05:07Z,US,CA,organic_search,True,2025-07-15T02:05:07Z,organic_search
102279,00004e989de7,2026-02-06T09:05:02Z,CA,QC,influencer,False,2026-02-06T09:05:02Z,influencer
101536,00004e989eae,2025-11-28T23:12:27Z,US,GA,organic_search,False,2025-11-28T23:12:27Z,organic_search
103076,00004ea2fb70,2026-04-13T02:01:28Z,US,CA,Facebook,False,2026-04-13T02:01:28Z,meta_ads
100986,00004ea2fc37,2025-10-21T00:52:05Z,US,VA,facebook_ads,True,2025-10-21T00:52:05Z,meta_ads
103487,00004ead58f9,2026-05-13T14:46:40Z,GB,ENG,google_ads,True,2026-05-13T14:46:40Z,google_ads
100536,00004ead59c0,2025-09-06T07:24:40Z,US,FL,organic_search,True,2025-09-06T07:24:40Z,organic_search
101989,00004eb2f57e,2026-01-04T22:30:51Z,US,VA,Facebook,True,2026-01-04T22:30:51Z,meta_ads
100041,00004eb7b682,2025-07-05T10:16:24Z,US,MN,,True,2025-07-05T10:16:24Z,unknown
100037,00004edb3d24,2025-07-04T18:06:19Z,US,CA,google_ads,True,2025-07-04T18:06:19Z,google_ads
100394,00004ee59aad,2025-08-17T17:47:57Z,US,CA,meta,True,2025-08-17T17:47:57Z,meta_ads
103964,00004ee59b74,2026-06-22T03:55:37Z,US,IL,google_ads,False,2026-06-22T03:55:37Z,google_ads
100830,00004eeff836,2025-10-07T05:15:44Z,US,CO,google_ads,True,2025-10-07T05:15:44Z,google_ads
101088,00004efa55bf,2025-11-01T12:24:16Z,US,CA,meta,False,2025-11-01T12:24:16Z,meta_ads
103073,00004f0798a2,2026-04-12T23:51:09Z,US,IL,tiktok,False,2026-04-12T23:51:09Z,tiktok_ads
103725,00004f11f62b,2026-06-03T23:45:02Z,US,VA,organic_search,True,2026-06-03T23:45:02Z,organic_search
100633,00004f11f6f2,2025-09-16T20:09:37Z,US,GA,google_ads,True,2025-09-16T20:09:37Z,google_ads
101308,00004f1c53b4,2025-11-25T01:37:36Z,US,CA,direct,True,2025-11-25T01:37:36Z,direct
100248,00004f1c547b,2025-07-31T04:21:15Z,US,WA,influencer,False,2025-07-31T04:21:15Z,influencer
102736,00004f3a3e98,2026-03-18T00:21:41Z,US,TX,TikTok,False,2026-03-18T00:21:41Z,tiktok_ads
100245,00004f3fda56,2025-07-30T18:21:13Z,US,FL,organic_search,False,2025-07-30T18:21:13Z,organic_search
102244,00004f449c21,2026-02-02T21:13:05Z,US,PA,google_ads,False,2026-02-02T21:13:05Z,google_ads
100429,00004f4a37df,2025-08-22T12:03:23Z,US,NC,Facebook,True,2025-08-22T12:03:23Z,meta_ads
103701,00004f4a38a6,2026-06-01T22:50:55Z,US,MA,Facebook,True,2026-06-01T22:50:55Z,meta_ads
101981,00004f4ef9aa,2026-01-04T10:48:20Z,US,MN,facebook_ads,True,2026-01-04T10:48:20Z,meta_ads
101015,00004f549568,2025-10-24T10:06:41Z,US,CA,influencer,True,2025-10-24T10:06:41Z,influencer
103583,00004f54962f,2026-05-23T07:10:59Z,US,PA,direct,True,2026-05-23T07:10:59Z,direct
101774,00004f595733,2025-12-11T01:21:44Z,US,CA,organic_search,True,2025-12-11T01:21:44Z,organic_search
101411,00004f5ef2f1,2025-11-26T15:46:08Z,US,MA,meta,True,2025-11-26T15:46:08Z,meta_ads
103016,00004f5ef3b8,2026-04-08T09:59:57Z,US,TX,TikTok,False,2026-04-08T09:59:57Z,tiktok_ads
101387,00004f63b4bc,2025-11-26T03:31:58Z,US,CA,tiktok,True,2025-11-26T03:31:58Z,tiktok_ads
101932,00004f69507a,2025-12-29T05:21:13Z,US,NY,organic_search,False,2025-12-29T05:21:13Z,organic_search
102156,00004fb396dc,2026-01-24T01:35:03Z,US,OH,IG,False,2026-01-24T01:35:03Z,meta_ads
100919,00004fb9329a,2025-10-14T13:04:27Z,US,PA,organic_search,False,2025-10-14T13:04:27Z,organic_search
103450,00004fb93361,2026-05-10T17:43:37Z,US,NY,influencer,True,2026-05-10T17:43:37Z,influencer
102851,00004fbdf39e,2026-03-22T16:35:15Z,US,AZ,Facebook,True,2026-03-22T16:35:15Z,meta_ads
101534,00004fbdf465,2025-11-28T22:45:39Z,US,OH,meta,False,2025-11-28T22:45:39Z,meta_ads
101341,00004fc39023,2025-11-25T13:41:18Z,US,FL,,True,2025-11-25T13:41:18Z,unknown
103221,00004fc390ea,2026-04-23T22:16:09Z,US,NC,referral,True,2026-04-23T22:16:09Z,referral
103216,00004fc85127,2026-04-23T14:23:57Z,US,NJ,Google,False,2026-04-23T14:23:57Z,google_ads
101427,00004fc851ee,2025-11-26T22:04:04Z,GB,SCT,influencer,False,2025-11-26T22:04:04Z,influencer
101784,00004fcdedac,2025-12-12T01:48:35Z,US,IN,influencer,True,2025-12-12T01:48:35Z,influencer
102846,00004fcdee73,2026-03-22T08:28:43Z,US,NY,Google,False,2026-03-22T08:28:43Z,google_ads
103371,00004fd2aeb0,2026-05-05T22:23:22Z,US,NY,Influencer,True,2026-05-05T22:23:22Z,influencer
101004,00004fd2af77,2025-10-23T00:44:49Z,US,TX,google_ads,True,2025-10-23T00:44:49Z,google_ads
102012,00004fd84b35,2026-01-06T15:37:03Z,US,CO,organic_search,True,2026-01-06T15:37:03Z,organic_search
102456,00004fd84bfc,2026-02-21T13:01:29Z,US,CA,,False,2026-02-21T13:01:29Z,unknown
103731,00004fdd0c39,2026-06-04T13:16:34Z,US,TX,Direct,False,2026-06-04T13:16:34Z,direct
100278,00004fdd0d00,2025-08-04T11:57:13Z,US,NY,meta,False,2025-08-04T11:57:13Z,meta_ads
102235,00004fe2a8be,2026-02-02T03:37:49Z,US,CA,organic_search,False,2026-02-02T03:37:49Z,organic_search
101558,0000500af12b,2025-11-29T13:09:25Z,CA,BC,meta,True,2025-11-29T13:09:25Z,meta_ads
103500,000050154eb4,2026-05-14T11:07:33Z,GB,SCT,direct,True,2026-05-14T11:07:33Z,direct
103008,0000501fac3d,2026-04-07T20:16:09Z,US,OH,Direct,True,2026-04-07T20:16:09Z,direct
101286,0000502cef20,2025-11-24T17:20:16Z,US,TX,TikTok,False,2025-11-24T17:20:16Z,tiktok_ads
103658,000050374be2,2026-05-28T12:27:03Z,US,TX,influencer,True,2026-05-28T12:27:03Z,influencer
100783,000050374ca9,2025-10-01T20:25:47Z,US,NY,direct,False,2025-10-01T20:25:47Z,direct
103957,00005041a96b,2026-06-21T21:58:55Z,US,FL,meta,True,2026-06-21T21:58:55Z,meta_ads
100279,00005041aa32,2025-08-04T15:01:47Z,US,OH,meta,True,2025-08-04T15:01:47Z,meta_ads
100006,0000506f8d96,2025-06-10T14:52:04Z,US,MI,organic_search,False,2025-06-10T14:52:04Z,organic_search
104026,0000506f8e5d,2026-06-27T10:35:06Z,US,FL,,True,2026-06-27T10:35:06Z,unknown
100691,00005079eb1f,2025-09-23T15:49:55Z,US,TN,organic_search,False,2025-09-23T15:49:55Z,organic_search
103591,00005079ebe6,2026-05-23T19:16:34Z,AU,QLD,direct,True,2026-05-23T19:16:34Z,direct
100949,0000508448a8,2025-10-18T00:40:29Z,US,IL,meta,True,2025-10-18T00:40:29Z,meta_ads
103027,00005084496f,2026-04-09T01:53:14Z,US,FL,meta,False,2026-04-09T01:53:14Z,meta_ads
101133,0000508ea631,2025-11-07T08:38:28Z,US,NJ,google_ads,False,2025-11-07T08:38:28Z,google_ads
102626,0000508ea6f8,2026-03-12T21:12:08Z,US,CA,,False,2026-03-12T21:12:08Z,unknown
100102,0000509442b6,2025-07-12T18:49:00Z,US,CA,organic_search,True,2025-07-12T18:49:00Z,organic_search
101735,0000509903ba,2025-12-07T14:02:52Z,US,PA,tiktok,True,2025-12-07T14:02:52Z,tiktok_ads
103809,000050a6469d,2026-06-11T01:55:30Z,US,IL,meta,True,2026-06-11T01:55:30Z,meta_ads
103455,000050de8918,2026-05-11T00:07:27Z,GB,ENG,meta,True,2026-05-11T00:07:27Z,meta_ads
101858,000050e34a1c,2025-12-18T21:49:17Z,GB,WLS,,False,2025-12-18T21:49:17Z,unknown
101275,000050e8e5da,2025-11-24T14:27:25Z,US,CA,meta,False,2025-11-24T14:27:25Z,meta_ads
103262,000050e8e6a1,2026-04-27T15:47:45Z,US,DE,organic_search,False,2026-04-27T15:47:45Z,organic_search
101356,000050eda7a5,2025-11-25T16:56:36Z,US,MN,organic_search,True,2025-11-25T16:56:36Z,organic_search
101473,000050f34363,2025-11-27T17:48:51Z,US,WI,Facebook,True,2025-11-27T17:48:51Z,meta_ads
102591,000050f3442a,2026-03-07T14:12:19Z,US,GA,organic_search,False,2026-03-07T14:12:19Z,organic_search
101010,000050f8052e,2025-10-23T21:43:31Z,US,PA,TikTok,True,2025-10-23T21:43:31Z,tiktok_ads
101914,000050fda0ec,2025-12-27T12:02:49Z,US,CA,organic_search,False,2025-12-27T12:02:49Z,organic_search
102232,000050fda1b3,2026-02-01T23:33:05Z,US,NY,influencer,True,2026-02-01T23:33:05Z,influencer
100275,0000510262b7,2025-08-04T00:44:52Z,US,TX,organic_search,False,2025-08-04T00:44:52Z,organic_search
102289,00005107fe75,2026-02-06T21:32:37Z,US,NJ,organic_search,True,2026-02-06T21:32:37Z,organic_search
102035,00005107ff3c,2026-01-08T17:00:40Z,US,TX,tiktok,True,2026-01-08T17:00:40Z,tiktok_ads
100142,0000510cc040,2025-07-17T17:05:59Z,AU,WA,meta,True,2025-07-17T17:05:59Z,meta_ads
100806,0000510d9afa,2025-10-04T13:18:33Z,CA,AB,google_ads,False,2025-10-04T13:18:33Z,google_ads
102722,000051125bfe,2026-03-17T13:50:19Z,US,IL,google_ads,True,2026-03-17T13:50:19Z,google_ads
100961,0000515ca260,2025-10-19T10:14:02Z,GB,WLS,referral,True,2025-10-19T10:14:02Z,referral
101700,000051623e1e,2025-12-04T01:55:14Z,US,VA,influencer,False,2025-12-04T01:55:14Z,influencer
103864,00005166ff22,2026-06-15T00:24:26Z,US,CA,direct,False,2026-06-15T00:24:26Z,direct
100522,00005166ffe9,2025-09-04T05:17:51Z,US,IL,facebook_ads,True,2025-09-04T05:17:51Z,meta_ads
102328,0000516c9ba7,2026-02-09T20:15:41Z,US,NY,meta,False,2026-02-09T20:15:41Z,meta_ads
100128,000051715cab,2025-07-16T03:25:36Z,US,MO,meta,True,2025-07-16T03:25:36Z,meta_ads
100123,000051715d72,2025-07-15T13:45:33Z,US,TX,google_ads,False,2025-07-15T13:45:33Z,google_ads
102783,00005176f930,2026-03-19T22:43:18Z,US,NY,tiktok,True,2026-03-19T22:43:18Z,tiktok_ads
101152,00005176f9f7,2025-11-09T16:40:36Z,US,FL,referral,False,2025-11-09T16:40:36Z,referral
102988,0000518156b9,2026-04-05T23:04:00Z,US,IN,google_ads,True,2026-04-05T23:04:00Z,google_ads
103646,0000518bb442,2026-05-27T17:03:01Z,US,TN,organic_search,True,2026-05-27T17:03:01Z,organic_search
102381,00005194e414,2026-02-14T14:05:33Z,US,CA,referral,True,2026-02-14T14:05:33Z,referral
103595,0000519f419d,2026-05-24T00:30:34Z,US,MD,,True,2026-05-24T00:30:34Z,unknown
103684,000051a99f26,2026-05-30T20:34:25Z,US,CO,meta,True,2026-05-30T20:34:25Z,meta_ads
103017,000051b3fcaf,2026-04-08T11:38:53Z,US,OR,Facebook,True,2026-04-08T11:38:53Z,meta_ads
102826,000051be5a38,2026-03-21T11:18:06Z,US,IL,tiktok,True,2026-03-21T11:18:06Z,tiktok_ads
100300,000051c3f5f6,2025-08-07T10:44:39Z,US,WA,direct,True,2025-08-07T10:44:39Z,direct
100760,000051cb9d1b,2025-09-30T13:04:32Z,US,NC,direct,False,2025-09-30T13:04:32Z,direct
100143,000051d5faa4,2025-07-17T19:23:04Z,US,IL,meta,True,2025-07-17T19:23:04Z,meta_ads
103565,0000520e3c58,2026-05-21T02:36:09Z,US,GA,organic_search,True,2026-05-21T02:36:09Z,organic_search
101447,00005218991a,2025-11-27T10:34:07Z,US,TN,google_ads,True,2025-11-27T10:34:07Z,google_ads
103151,0000521899e1,2026-04-19T00:55:36Z,US,IL,,False,2026-04-19T00:55:36Z,unknown
101921,00005222f6a3,2025-12-28T02:15:58Z,US,PA,organic_search,True,2025-12-28T02:15:58Z,organic_search
102690,00005222f76a,2026-03-16T09:23:03Z,US,OH,influencer,True,2026-03-16T09:23:03Z,influencer
100473,000052289328,2025-08-28T21:34:34Z,US,CA,direct,True,2025-08-28T21:34:34Z,direct
104045,0000522893ef,2026-06-29T04:56:19Z,CA,BC,direct,True,2026-06-29T04:56:19Z,direct
102070,0000522d542c,2026-01-11T21:55:06Z,US,MA,organic_search,True,2026-01-11T21:55:06Z,organic_search
101979,0000522d54f3,2026-01-04T01:49:20Z,US,CA,meta,True,2026-01-04T01:49:20Z,meta_ads
100679,00005232f0b1,2025-09-21T23:11:18Z,US,FL,meta,True,2025-09-21T23:11:18Z,meta_ads
102546,00005237b1b5,2026-03-01T07:08:43Z,US,AZ,influencer,True,2026-03-01T07:08:43Z,influencer
101725,00005237b27c,2025-12-06T13:09:37Z,US,PA,organic_search,True,2025-12-06T13:09:37Z,organic_search
101188,0000523d4e3a,2025-11-15T13:28:33Z,US,WI,influencer,False,2025-11-15T13:28:33Z,influencer
103048,000052420f3e,2026-04-10T14:26:25Z,US,NY,meta,True,2026-04-10T14:26:25Z,meta_ads
103197,0000527d3713,2026-04-22T11:40:45Z,US,MO,influencer,True,2026-04-22T11:40:45Z,influencer
102600,00005287949c,2026-03-08T23:41:32Z,US,WA,direct,True,2026-03-08T23:41:32Z,direct
100565,0000528c55a0,2025-09-08T13:34:19Z,US,NJ,direct,False,2025-09-08T13:34:19Z,direct
102172,00005291f15e,2026-01-25T20:50:35Z,US,AZ,facebook_ads,False,2026-01-25T20:50:35Z,meta_ads
101976,00005291f225,2026-01-03T19:17:43Z,US,WI,google_ads,True,2026-01-03T19:17:43Z,google_ads
100392,00005296b329,2025-08-17T15:43:01Z,US,CA,,True,2025-08-17T15:43:01Z,unknown
102467,0000529c4ee7,2026-02-22T00:49:59Z,GB,WLS,google_ads,False,2026-02-22T00:49:59Z,google_ads
101684,0000529c4fae,2025-12-03T02:10:55Z,US,MI,organic_search,True,2025-12-03T02:10:55Z,organic_search
102961,000052a6ac70,2026-04-03T19:18:54Z,US,AZ,referral,True,2026-04-03T19:18:54Z,referral
101291,000052a6ad37,2025-11-24T18:58:43Z,US,FL,influencer,False,2025-11-24T18:58:43Z,influencer
103567,000052b109f9,2026-05-21T14:28:22Z,US,FL,meta,True,2026-05-21T14:28:22Z,meta_ads
100921,000052b10ac0,2025-10-14T14:46:28Z,US,GA,Google,False,2025-10-14T14:46:28Z,google_ads
103821,000052bb6782,2026-06-12T00:06:05Z,AU,WA,organic_search,False,2026-06-12T00:06:05Z,organic_search
100231,000052e94bad,2025-07-29T11:15:17Z,CA,BC,organic_search,True,2025-07-29T11:15:17Z,organic_search
103976,000052e94c74,2026-06-23T04:50:05Z,US,IL,influencer,True,2026-06-23T04:50:05Z,influencer
100707,000052f3a936,2025-09-25T00:07:19Z,US,NJ,google_ads,False,2025-09-25T00:07:19Z,google_ads
102567,00005300ec19,2026-03-03T13:56:44Z,US,NY,meta,True,2026-03-03T13:56:44Z,meta_ads
103192,0000530b49a2,2026-04-22T02:10:32Z,CA,BC,,True,2026-04-22T02:10:32Z,unknown
103349,00005315a72b,2026-05-04T18:01:54Z,US,CA,meta,True,2026-05-04T18:01:54Z,meta_ads
103721,0000532004b4,2026-06-03T14:14:49Z,CA,AB,tiktok,False,2026-06-03T14:14:49Z,tiktok_ads
102958,0000532a623d,2026-04-03T16:23:30Z,US,NY,influencer,True,2026-04-03T16:23:30Z,influencer
103018,0000533def98,2026-04-08T12:43:03Z,US,CA,tiktok,True,2026-04-08T12:43:03Z,tiktok_ads
102665,000053484d21,2026-03-14T22:56:34Z,US,NC,influencer,False,2026-03-14T22:56:34Z,influencer
100053,0000534de8df,2025-07-07T22:22:15Z,AU,QLD,meta,True,2025-07-07T22:22:15Z,meta_ads
100540,0000534de9a6,2025-09-06T13:35:17Z,US,FL,Facebook,True,2025-09-06T13:35:17Z,meta_ads
102410,00005352aaaa,2026-02-16T16:18:16Z,US,NY,TikTok,True,2026-02-16T16:18:16Z,tiktok_ads
100535,000053584668,2025-09-06T04:02:19Z,US,TX,Google,True,2025-09-06T04:02:19Z,google_ads
103998,00005358472f,2026-06-25T00:18:17Z,US,MI,influencer,True,2026-06-25T00:18:17Z,influencer
102168,0000535d0833,2026-01-25T06:38:11Z,US,NC,organic_search,True,2026-01-25T06:38:11Z,organic_search
101053,00005362a3f1,2025-10-27T14:18:10Z,CA,AB,influencer,True,2025-10-27T14:18:10Z,influencer
103365,00005362a4b8,2026-05-05T13:41:15Z,US,MI,,True,2026-05-05T13:41:15Z,unknown
101398,0000536765bc,2025-11-26T12:31:27Z,US,GA,referral,False,2025-11-26T12:31:27Z,referral
101442,0000536d017a,2025-11-27T02:09:20Z,US,MO,direct,True,2025-11-27T02:09:20Z,direct
100139,000053b28611,2025-07-17T16:28:30Z,US,FL,,True,2025-07-17T16:28:30Z,unknown
102510,000053b747dc,2026-02-26T16:31:38Z,US,MD,google_ads,True,2026-02-26T16:31:38Z,google_ads
100607,000053bce39a,2025-09-13T19:46:28Z,US,FL,organic_search,True,2025-09-13T19:46:28Z,organic_search
102415,000053c1a49e,2026-02-17T02:22:57Z,US,CA,google_ads,True,2026-02-17T02:22:57Z,google_ads
101715,000053c1a565,2025-12-05T14:12:07Z,US,MI,organic_search,True,2025-12-05T14:12:07Z,organic_search
100884,000053c74123,2025-10-11T21:30:25Z,US,CA,organic_search,True,2025-10-11T21:30:25Z,organic_search
102704,000053cc0227,2026-03-16T21:44:02Z,US,OR,tiktok,False,2026-03-16T21:44:02Z,tiktok_ads
101108,000053cc02ee,2025-11-04T06:14:52Z,US,NY,organic_search,False,2025-11-04T06:14:52Z,organic_search
101402,000053d19eac,2025-11-26T12:56:21Z,US,NC,referral,False,2025-11-26T12:56:21Z,referral
102985,000053d19f73,2026-04-05T15:28:05Z,US,CA,meta,False,2026-04-05T15:28:05Z,meta_ads
102956,000053d65fb0,2026-04-03T15:06:01Z,US,TX,Google,False,2026-04-03T15:06:01Z,google_ads
101219,000053d66077,2025-11-20T13:33:27Z,US,MN,organic_search,False,2025-11-20T13:33:27Z,organic_search
101644,000053dbfc35,2025-12-01T01:58:28Z,US,MO,meta,False,2025-12-01T01:58:28Z,meta_ads
103485,000053e0bd39,2026-05-13T12:43:21Z,US,MI,referral,True,2026-05-13T12:43:21Z,referral
100498,000053e0be00,2025-09-01T21:27:36Z,US,IL,influencer,True,2025-09-01T21:27:36Z,influencer
102215,000053e659be,2026-01-31T02:44:10Z,US,NJ,referral,False,2026-01-31T02:44:10Z,referral
104053,000053eb1ac2,2026-06-30T03:02:57Z,US,PA,meta,True,2026-06-30T03:02:57Z,meta_ads
103838,00005418ffb4,2026-06-13T09:38:04Z,US,IL,Google,True,2026-06-13T09:38:04Z,google_ads
101727,000054264297,2025-12-06T17:20:40Z,GB,ENG,referral,False,2025-12-06T17:20:40Z,referral
101336,00005430a020,2025-11-25T12:26:34Z,US,CA,organic_search,False,2025-11-25T12:26:34Z,organic_search
103034,0000543afce2,2026-04-09T18:18:15Z,US,WI,meta,False,2026-04-09T18:18:15Z,meta_ads
101535,0000543afda9,2025-11-28T22:59:03Z,US,NJ,organic_search,True,2025-11-28T22:59:03Z,organic_search
103615,000054455a6b,2026-05-25T17:04:06Z,US,NC,tiktok,True,2026-05-25T17:04:06Z,tiktok_ads
100720,000054455b32,2025-09-26T02:55:21Z,US,OR,direct,True,2025-09-26T02:55:21Z,direct
103722,0000544fb7f4,2026-06-03T14:27:26Z,CA,AB,,False,2026-06-03T14:27:26Z,unknown
100194,0000544fb8bb,2025-07-24T13:26:46Z,US,NJ,referral,True,2025-07-24T13:26:46Z,referral
100456,0000547d9c1f,2025-08-26T12:28:35Z,US,VA,direct,True,2025-08-26T12:28:35Z,direct
104051,0000547d9ce6,2026-06-30T01:03:10Z,US,FL,organic_search,True,2026-06-30T01:03:10Z,organic_search
100705,00005487f9a8,2025-09-24T23:07:28Z,US,OH,direct,True,2025-09-24T23:07:28Z,direct
103685,00005487fa6f,2026-05-30T23:47:38Z,US,NY,tiktok,False,2026-05-30T23:47:38Z,tiktok_ads
101353,000054925731,2025-11-25T15:56:04Z,US,CA,meta,True,2025-11-25T15:56:04Z,meta_ads
103064,0000549257f8,2026-04-11T22:52:28Z,US,CA,tiktok,True,2026-04-11T22:52:28Z,tiktok_ads
101471,0000549cb4ba,2025-11-27T17:20:08Z,US,MD,google_ads,True,2025-11-27T17:20:08Z,google_ads
103318,000054a9f79d,2026-05-02T16:42:21Z,US,IL,TikTok,True,2026-05-02T16:42:21Z,tiktok_ads
103785,000054b45526,2026-06-09T10:03:20Z,US,MO,,False,2026-06-09T10:03:20Z,unknown
103713,000054e23a18,2026-06-03T00:07:22Z,US,CO,,False,2026-06-03T00:07:22Z,unknown
102087,000054e6fb1c,2026-01-14T01:23:02Z,GB,SCT,Google,False,2026-01-14T01:23:02Z,google_ads
100714,000054ec96da,2025-09-25T15:08:51Z,US,CA,facebook_ads,True,2025-09-25T15:08:51Z,meta_ads
103342,000054ec97a1,2026-05-04T12:12:46Z,US,IL,IG,True,2026-05-04T12:12:46Z,meta_ads
101716,000054f158a5,2025-12-05T14:21:12Z,US,CA,meta,True,2025-12-05T14:21:12Z,meta_ads
101475,000054f6f463,2025-11-27T17:59:33Z,US,CA,direct,False,2025-11-27T17:59:33Z,direct
102973,000054f6f52a,2026-04-04T17:15:35Z,GB,WLS,google_ads,True,2026-04-04T17:15:35Z,google_ads
101136,000054fbb62e,2025-11-08T00:56:14Z,US,MI,direct,False,2025-11-08T00:56:14Z,direct
101299,0000550151ec,2025-11-24T22:52:14Z,US,OH,Direct,False,2025-11-24T22:52:14Z,direct
102800,0000550152b3,2026-03-20T15:08:54Z,GB,SCT,,True,2026-03-20T15:08:54Z,unknown
100827,0000550613b7,2025-10-07T01:42:05Z,US,MO,organic_search,False,2025-10-07T01:42:05Z,organic_search
101863,0000550baf75,2025-12-19T03:44:48Z,US,FL,influencer,False,2025-12-19T03:44:48Z,influencer
102345,0000550bb03c,2026-02-11T23:52:43Z,US,GA,influencer,True,2026-02-11T23:52:43Z,influencer
100743,000055107140,2025-09-28T21:59:35Z,US,TX,,False,2025-09-28T21:59:35Z,unknown
102352,000055160cfe,2026-02-12T03:13:47Z,US,CA,influencer,True,2026-02-12T03:13:47Z,influencer
101606,0000555b9195,2025-11-30T14:35:31Z,US,NC,google_ads,False,2025-11-30T14:35:31Z,google_ads
101115,000055605360,2025-11-05T13:02:04Z,US,WI,meta,True,2025-11-05T13:02:04Z,meta_ads
102541,000055605360,2026-02-28T20:53:10Z,US,WI,,False,2026-02-28T20:53:10Z,unknown
101360,00005565ef1e,2025-11-25T17:59:16Z,US,MI,meta,True,2025-11-25T17:59:16Z,meta_ads
103577,0000556ab022,2026-05-22T21:31:09Z,AU,NSW,Direct,False,2026-05-22T21:31:09Z,direct
101047,0000556ab0e9,2025-10-26T20:59:19Z,US,FL,direct,False,2025-10-26T20:59:19Z,direct
101960,000055704ca7,2026-01-02T17:21:12Z,US,TX,,False,2026-01-02T17:21:12Z,unknown
103968,000055750dab,2026-06-22T14:25:12Z,US,NY,organic_search,False,2026-06-22T14:25:12Z,organic_search
100262,000055750e72,2025-08-01T23:30:16Z,US,FL,Google,True,2025-08-01T23:30:16Z,google_ads
102460,0000557aaa30,2026-02-21T17:09:49Z,US,MO,meta,False,2026-02-21T17:09:49Z,meta_ads
100251,0000557f6bfb,2025-07-31T16:06:58Z,US,CA,direct,True,2025-07-31T16:06:58Z,direct
102837,0000558507b9,2026-03-21T21:09:03Z,US,TX,organic_search,True,2026-03-21T21:09:03Z,organic_search
100185,000055a2f29d,2025-07-22T16:38:56Z,US,FL,organic_search,True,2025-07-22T16:38:56Z,organic_search
103996,000055ad5026,2026-06-24T13:55:39Z,US,MD,direct,True,2026-06-24T13:55:39Z,direct
103427,000055b7adaf,2026-05-09T13:23:11Z,US,PA,google_ads,False,2026-05-09T13:23:11Z,google_ads
103205,000055c20b38,2026-04-22T21:40:13Z,US,CA,Google,False,2026-04-22T21:40:13Z,google_ads
101019,000055cf4e1b,2025-10-24T13:52:42Z,US,NY,TikTok,False,2025-10-24T13:52:42Z,tiktok_ads
103767,000055d9aadd,2026-06-07T19:45:02Z,US,IL,Facebook,False,2026-06-07T19:45:02Z,meta_ads
100433,000055d9aba4,2025-08-23T00:19:11Z,US,GA,influencer,True,2025-08-23T00:19:11Z,influencer
100177,000055e4092d,2025-07-21T15:23:08Z,US,TX,google_ads,True,2025-07-21T15:23:08Z,google_ads
103740,00005611ed58,2026-06-04T22:21:23Z,US,AZ,influencer,True,2026-06-04T22:21:23Z,influencer
100914,0000561c4a1a,2025-10-13T23:56:45Z,US,PA,,True,2025-10-13T23:56:45Z,unknown
103466,0000561c4ae1,2026-05-12T00:27:21Z,US,MA,direct,False,2026-05-12T00:27:21Z,direct
101570,00005626a7a3,2025-11-29T15:44:25Z,US,TX,meta,False,2025-11-29T15:44:25Z,meta_ads
102576,00005626a86a,2026-03-04T21:49:56Z,US,MA,meta,True,2026-03-04T21:49:56Z,meta_ads
101900,00005631052c,2025-12-23T22:10:56Z,US,CA,Facebook,False,2025-12-23T22:10:56Z,meta_ads
102439,0000563105f3,2026-02-20T00:23:54Z,US,IL,meta,True,2026-02-20T00:23:54Z,meta_ads
100407,00005636a1b1,2025-08-19T11:48:28Z,US,FL,influencer,False,2025-08-19T11:48:28Z,influencer
101709,0000563b62b5,2025-12-04T21:31:13Z,US,MI,referral,False,2025-12-04T21:31:13Z,referral
102033,0000563b637c,2026-01-08T15:25:53Z,US,NY,meta,True,2026-01-08T15:25:53Z,meta_ads
102692,00005645c03e,2026-03-16T11:29:05Z,US,PA,meta,True,2026-03-16T11:29:05Z,meta_ads
103374,00005680e813,2026-05-06T01:56:52Z,AU,WA,organic_search,True,2026-05-06T01:56:52Z,organic_search
101501,0000568b44d5,2025-11-28T08:12:38Z,US,NY,,False,2025-11-28T08:12:38Z,unknown
102711,0000568b459c,2026-03-17T01:45:52Z,US,OR,influencer,True,2026-03-17T01:45:52Z,influencer
100787,0000569006a0,2025-10-02T03:08:12Z,US,MA,facebook_ads,True,2025-10-02T03:08:12Z,meta_ads
101688,00005695a25e,2025-12-03T09:48:33Z,US,OR,influencer,True,2025-12-03T09:48:33Z,influencer
102502,00005695a325,2026-02-26T01:56:24Z,US,NY,direct,True,2026-02-26T01:56:24Z,direct
103634,0000569a6362,2026-05-27T01:44:28Z,US,NY,influencer,False,2026-05-27T01:44:28Z,influencer
100499,0000569a6429,2025-09-02T00:21:39Z,US,VA,meta,True,2025-09-02T00:21:39Z,meta_ads
101959,0000569fffe7,2026-01-02T17:11:26Z,US,OR,,True,2026-01-02T17:11:26Z,unknown
102159,000056a000ae,2026-01-24T04:06:28Z,US,FL,facebook_ads,False,2026-01-24T04:06:28Z,meta_ads
103882,000056a4c0eb,2026-06-16T11:28:11Z,US,WI,google_ads,True,2026-06-16T11:28:11Z,google_ads
100082,000056a4c1b2,2025-07-10T18:35:40Z,AU,NSW,organic_search,False,2025-07-10T18:35:40Z,organic_search
102839,000056aa5d70,2026-03-21T22:50:13Z,US,WA,meta,False,2026-03-21T22:50:13Z,meta_ads
101647,000056aa5e37,2025-12-01T03:03:41Z,US,TX,referral,True,2025-12-01T03:03:41Z,referral
103242,000056b4baf9,2026-04-26T09:25:33Z,US,OH,,True,2026-04-26T09:25:33Z,unknown
103671,000056bf1882,2026-05-29T17:01:26Z,US,NC,tiktok,True,2026-05-29T17:01:26Z,tiktok_ads
100105,000056f75a36,2025-07-13T03:08:27Z,CA,QC,organic_search,True,2025-07-13T03:08:27Z,organic_search
100631,000056ff015b,2025-09-16T13:45:22Z,US,IN,google_ads,False,2025-09-16T13:45:22Z,google_ads
102261,000057049d19,2026-02-04T04:02:32Z,US,OH,direct,False,2026-02-04T04:02:32Z,direct
100087,000057095ee4,2025-07-11T11:04:35Z,US,VA,organic_search,True,2025-07-11T11:04:35Z,organic_search
102656,0000570efaa2,2026-03-14T16:00:18Z,US,FL,Facebook,False,2026-03-14T16:00:18Z,meta_ads
103069,00005719582b,2026-04-12T09:18:55Z,US,MD,direct,False,2026-04-12T09:18:55Z,direct
103562,00005723b5b4,2026-05-20T10:12:38Z,US,CO,organic_search,True,2026-05-20T10:12:38Z,organic_search
103892,0000572e133d,2026-06-17T02:53:58Z,US,TX,meta,False,2026-06-17T02:53:58Z,meta_ads
103533,00005741a098,2026-05-17T15:17:52Z,US,MI,tiktok,True,2026-05-17T15:17:52Z,tiktok_ads
101172,0000574bfd5a,2025-11-13T04:11:42Z,US,FL,organic_search,False,2025-11-13T04:11:42Z,organic_search
103155,0000574bfe21,2026-04-19T11:54:57Z,US,OH,google_ads,True,2026-04-19T11:54:57Z,google_ads
102913,000057565baa,2026-03-29T06:32:58Z,US,FL,Facebook,True,2026-03-29T06:32:58Z,meta_ads
100112,0000575bf768,2025-07-13T20:57:35Z,US,MI,meta,True,2025-07-13T20:57:35Z,meta_ads
101283,0000575bf82f,2025-11-24T16:50:21Z,US,NC,influencer,True,2025-11-24T16:50:21Z,influencer
102256,00005760b933,2026-02-03T21:37:37Z,GB,WLS,direct,False,2026-02-03T21:37:37Z,direct
100637,0000576654f1,2025-09-17T09:02:49Z,US,MA,meta,True,2025-09-17T09:02:49Z,meta_ads
101739,0000576b16bc,2025-12-07T20:20:34Z,US,FL,organic_search,False,2025-12-07T20:20:34Z,organic_search
100765,00005770b27a,2025-10-01T01:04:06Z,US,WA,meta,False,2025-10-01T01:04:06Z,meta_ads
103189,000057b09b53,2026-04-21T22:05:12Z,US,CA,referral,True,2026-04-21T22:05:12Z,referral
102687,000057baf8dc,2026-03-16T02:31:41Z,AU,WA,tiktok,True,2026-03-16T02:31:41Z,tiktok_ads
100047,000057c0949a,2025-07-06T17:59:28Z,CA,AB,organic_search,False,2025-07-06T17:59:28Z,organic_search
102187,000057c5559e,2026-01-27T10:46:51Z,US,MA,referral,True,2026-01-27T10:46:51Z,referral
102284,000057c55665,2026-02-06T16:29:12Z,US,FL,meta,False,2026-02-06T16:29:12Z,meta_ads
100680,000057caf223,2025-09-21T23:25:13Z,US,NY,direct,True,2025-09-21T23:25:13Z,direct
102468,000057cfb327,2026-02-22T06:31:13Z,US,VA,direct,False,2026-02-22T06:31:13Z,direct
101718,000057cfb3ee,2025-12-05T19:57:51Z,US,NY,organic_search,False,2025-12-05T19:57:51Z,organic_search
100998,000057d54fac,2025-10-22T00:40:29Z,US,GA,meta,True,2025-10-22T00:40:29Z,meta_ads
102680,000057da10b0,2026-03-15T21:26:29Z,US,CA,google_ads,False,2026-03-15T21:26:29Z,google_ads
101090,000057da1177,2025-11-01T18:59:21Z,US,WA,Influencer,True,2025-11-01T18:59:21Z,influencer
101089,000057dfad35,2025-11-01T17:18:16Z,US,CA,meta,False,2025-11-01T17:18:16Z,meta_ads
102969,000057e46e39,2026-04-04T12:53:17Z,US,MA,meta,True,2026-04-04T12:53:17Z,meta_ads
101018,000057e46f00,2025-10-24T13:31:02Z,CA,ON,influencer,True,2025-10-24T13:31:02Z,influencer
103825,000057eecbc2,2026-06-12T06:51:01Z,CA,ON,influencer,False,2026-06-12T06:51:01Z,influencer
102446,00005829f397,2026-02-20T13:00:51Z,US,TX,influencer,False,2026-02-20T13:00:51Z,influencer
102398,000058345059,2026-02-15T13:32:36Z,US,FL,organic_search,False,2026-02-15T13:32:36Z,organic_search
101713,000058345120,2025-12-05T02:15:04Z,US,MI,,True,2025-12-05T02:15:04Z,unknown
102548,0000583eade2,2026-03-01T12:01:16Z,US,FL,meta,False,2026-03-01T12:01:16Z,meta_ads
103488,000058490b6b,2026-05-13T16:07:22Z,US,CO,,True,2026-05-13T16:07:22Z,unknown
100850,000058490c32,2025-10-08T16:17:16Z,US,OH,influencer,False,2025-10-08T16:17:16Z,influencer
103676,0000585368f4,2026-05-29T23:09:41Z,US,IL,google_ads,True,2026-05-29T23:09:41Z,google_ads
100702,0000585369bb,2025-09-24T17:55:47Z,US,AZ,meta,True,2025-09-24T17:55:47Z,meta_ads
100614,0000585dc67d,2025-09-14T12:23:33Z,US,FL,google_ads,True,2025-09-14T12:23:33Z,google_ads
100190,000058814d1f,2025-07-23T19:55:48Z,US,TX,google_ads,True,2025-07-23T19:55:48Z,google_ads
100337,0000588baaa8,2025-08-11T16:49:27Z,US,NC,Direct,True,2025-08-11T16:49:27Z,direct
103904,0000588bab6f,2026-06-18T09:45:01Z,CA,BC,,False,2026-06-18T09:45:01Z,unknown
100972,000058960831,2025-10-20T04:56:37Z,US,CA,tiktok,False,2025-10-20T04:56:37Z,tiktok_ads
103367,0000589608f8,2026-05-05T16:11:10Z,US,TX,Facebook,False,2026-05-05T16:11:10Z,meta_ads
101144,000058a065ba,2025-11-08T23:48:56Z,US,MA,Google,True,2025-11-08T23:48:56Z,google_ads
103635,000058ada89d,2026-05-27T01:50:59Z,US,TX,meta,True,2026-05-27T01:50:59Z,meta_ads
103866,000058b80626,2026-06-15T00:33:11Z,US,IN,organic_search,True,2026-06-15T00:33:11Z,organic_search
102482,000058c263af,2026-02-23T13:15:59Z,US,NC,influencer,True,2026-02-23T13:15:59Z,influencer
100043,000058e5ea51,2025-07-05T21:55:22Z,US,CA,influencer,True,2025-07-05T21:55:22Z,influencer
101964,000058eaac1c,2026-01-02T21:11:41Z,US,AZ,influencer,True,2026-01-02T21:11:41Z,influencer
100423,000058f047da,2025-08-20T21:57:36Z,US,NY,,True,2025-08-20T21:57:36Z,unknown
103951,000058f048a1,2026-06-21T18:19:15Z,CA,BC,Facebook,True,2026-06-21T18:19:15Z,meta_ads
102391,000058f508de,2026-02-15T00:41:02Z,US,CO,influencer,False,2026-02-15T00:41:02Z,influencer
102057,000058f509a5,2026-01-10T14:11:01Z,CA,ON,google_ads,False,2026-01-10T14:11:01Z,google_ads
100911,000058faa563,2025-10-13T18:10:00Z,US,MO,organic_search,True,2025-10-13T18:10:00Z,organic_search
103429,000058faa62a,2026-05-09T14:10:56Z,US,IL,meta,False,2026-05-09T14:10:56Z,meta_ads
102777,000058ff6667,2026-03-19T16:36:38Z,US,FL,referral,False,2026-03-19T16:36:38Z,referral
101313,000058ff672e,2025-11-25T02:17:27Z,GB,ENG,organic_search,False,2025-11-25T02:17:27Z,organic_search
101257,0000590502ec,2025-11-24T04:07:41Z,GB,ENG,organic_search,True,2025-11-24T04:07:41Z,organic_search
103117,0000590503b3,2026-04-16T21:24:53Z,US,MN,organic_search,True,2026-04-16T21:24:53Z,organic_search
101281,00005909c4b7,2025-11-24T15:42:01Z,US,WA,google_ads,False,2025-11-24T15:42:01Z,google_ads
101206,0000590f6075,2025-11-18T00:40:18Z,US,CA,referral,True,2025-11-18T00:40:18Z,referral
100769,000059142240,2025-10-01T10:40:54Z,GB,SCT,influencer,True,2025-10-01T10:40:54Z,influencer
102020,00005919bdfe,2026-01-07T13:59:47Z,US,IL,direct,True,2026-01-07T13:59:47Z,direct
102066,00005959a6d7,2026-01-11T12:46:43Z,US,CO,IG,True,2026-01-11T12:46:43Z,meta_ads
100939,0000595f4295,2025-10-17T00:35:22Z,US,MN,influencer,False,2025-10-17T00:35:22Z,influencer
101180,000059640460,2025-11-14T10:12:23Z,US,TN,facebook_ads,True,2025-11-14T10:12:23Z,meta_ads
101601,00005969a01e,2025-11-30T11:39:29Z,CA,QC,influencer,True,2025-11-30T11:39:29Z,influencer
103167,0000596e6122,2026-04-20T05:34:08Z,CA,BC,meta,True,2026-04-20T05:34:08Z,meta_ads
101474,0000596e61e9,2025-11-27T17:50:22Z,GB,WLS,google_ads,True,2025-11-27T17:50:22Z,google_ads
101681,00005973fda7,2025-12-02T17:29:44Z,US,IN,influencer,True,2025-12-02T17:29:44Z,influencer
103474,00005978beab,2026-05-12T19:01:21Z,US,OR,meta,False,2026-05-12T19:01:21Z,meta_ads
100795,00005978bf72,2025-10-03T04:49:30Z,US,NY,meta,True,2025-10-03T04:49:30Z,meta_ads
103900,000059831c34,2026-06-18T01:23:18Z,CA,QC,tiktok,True,2026-06-18T01:23:18Z,tiktok_ads
100257,000059831cfb,2025-08-01T11:48:01Z,US,TX,meta,True,2025-08-01T11:48:01Z,meta_ads
102423,00005988b8b9,2026-02-18T01:15:29Z,US,NY,direct,False,2026-02-18T01:15:29Z,direct
103927,000059b10126,2026-06-20T13:13:57Z,US,GA,organic_search,False,2026-06-20T13:13:57Z,organic_search
103478,000059bb5eaf,2026-05-13T01:44:20Z,AU,NSW,,False,2026-05-13T01:44:20Z,unknown
102960,000059c5bc38,2026-04-03T16:42:39Z,US,AZ,direct,False,2026-04-03T16:42:39Z,direct
101585,000059d2ff1b,2025-11-30T00:02:47Z,US,NC,organic_search,False,2025-11-30T00:02:47Z,organic_search
103636,000059dd5bdd,2026-05-27T03:17:20Z,US,TX,IG,False,2026-05-27T03:17:20Z,meta_ads
100894,000059dd5ca4,2025-10-12T12:07:15Z,US,GA,meta,True,2025-10-12T12:07:15Z,meta_ads
103982,000059e7b966,2026-06-23T21:01:57Z,US,NC,meta,False,2026-06-23T21:01:57Z,meta_ads
100328,000059e7ba2d,2025-08-11T00:17:25Z,US,MD,organic_search,False,2025-08-11T00:17:25Z,organic_search
104015,00005a159e58,2026-06-26T14:31:10Z,US,CA,Google,False,2026-06-26T14:31:10Z,google_ads
100652,00005a1ffb1a,2025-09-18T05:46:45Z,US,AZ,meta,False,2025-09-18T05:46:45Z,meta_ads
103300,00005a1ffbe1,2026-05-01T03:42:19Z,US,WA,influencer,True,2026-05-01T03:42:19Z,influencer
101563,00005a2a58a3,2025-11-29T14:06:15Z,US,NJ,influencer,True,2025-11-29T14:06:15Z,influencer
103245,00005a2a596a,2026-04-26T12:34:44Z,US,TX,direct,True,2026-04-26T12:34:44Z,direct
101269,00005a34b62c,2025-11-24T11:53:09Z,US,OR,meta,True,2025-11-24T11:53:09Z,meta_ads
102933,00005a34b6f3,2026-03-31T21:26:57Z,AU,NSW,influencer,True,2026-03-31T21:26:57Z,influencer
100121,00005a3a52b1,2025-07-15T06:14:21Z,AU,QLD,organic_search,True,2025-07-15T06:14:21Z,organic_search
101837,00005a3f13b5,2025-12-16T23:52:13Z,AU,WA,direct,True,2025-12-16T23:52:13Z,direct
102307,00005a49713e,2026-02-08T11:12:27Z,US,IL,influencer,False,2026-02-08T11:12:27Z,influencer
103366,00005a849913,2026-05-05T15:31:18Z,US,MO,organic_search,False,2026-05-05T15:31:18Z,organic_search
101830,00005a895a17,2025-12-16T16:55:27Z,US,CA,direct,False,2025-12-16T16:55:27Z,direct
101284,00005a8ef5d5,2025-11-24T17:05:16Z,GB,SCT,facebook_ads,True,2025-11-24T17:05:16Z,meta_ads
103232,00005a8ef69c,2026-04-25T03:47:09Z,US,OH,google_ads,False,2026-04-25T03:47:09Z,google_ads
101210,00005a93b7a0,2025-11-18T17:18:40Z,US,TN,influencer,True,2025-11-18T17:18:40Z,influencer
101413,00005a99535e,2025-11-26T16:37:00Z,US,TX,,True,2025-11-26T16:37:00Z,unknown
102902,00005a995425,2026-03-28T06:12:29Z,US,NH,influencer,True,2026-03-28T06:12:29Z,influencer
103554,00005a9e1462,2026-05-19T12:07:07Z,GB,ENG,Facebook,False,2026-05-19T12:07:07Z,meta_ads
100794,00005a9e1529,2025-10-03T02:32:23Z,US,CA,influencer,False,2025-10-03T02:32:23Z,influencer
101757,00005aa3b0e7,2025-12-09T15:40:37Z,US,TX,organic_search,True,2025-12-09T15:40:37Z,organic_search
102513,00005aa3b1ae,2026-02-26T23:13:51Z,US,CA,google_ads,False,2026-02-26T23:13:51Z,google_ads
103783,00005aa871eb,2026-06-09T07:58:56Z,GB,ENG,Facebook,True,2026-06-09T07:58:56Z,meta_ads
100608,00005aa872b2,2025-09-14T00:15:41Z,US,TX,google_ads,False,2025-09-14T00:15:41Z,google_ads
102404,00005aae0e70,2026-02-16T03:24:31Z,US,MO,TikTok,True,2026-02-16T03:24:31Z,tiktok_ads
102036,00005aae0f37,2026-01-08T18:33:12Z,US,NY,google_ads,True,2026-01-08T18:33:12Z,google_ads
101805,00005ab2cf74,2025-12-14T01:55:05Z,US,IL,influencer,True,2025-12-14T01:55:05Z,influencer
100064,00005ab2d03b,2025-07-08T14:57:43Z,US,CA,organic_search,False,2025-07-08T14:57:43Z,organic_search
102693,00005ab86bf9,2026-03-16T12:15:21Z,US,CA,referral,True,2026-03-16T12:15:21Z,referral
101059,00005b02b25b,2025-10-27T22:41:21Z,US,CA,facebook_ads,True,2025-10-27T22:41:21Z,meta_ads
101856,00005b084e19,2025-12-18T18:54:39Z,AU,QLD,influencer,False,2025-12-18T18:54:39Z,influencer
103925,00005b0d0f1d,2026-06-20T13:02:04Z,US,NY,influencer,True,2026-06-20T13:02:04Z,influencer
100654,00005b0d0fe4,2025-09-18T12:37:56Z,US,IL,direct,True,2025-09-18T12:37:56Z,direct
102401,00005b12aba2,2026-02-16T00:03:20Z,US,CA,,False,2026-02-16T00:03:20Z,unknown
103751,00005b176ca6,2026-06-06T12:56:59Z,US,NC,TikTok,True,2026-06-06T12:56:59Z,tiktok_ads
100167,00005b176d6d,2025-07-20T22:29:04Z,CA,ON,google_ads,False,2025-07-20T22:29:04Z,google_ads
102759,00005b1d092b,2026-03-18T21:12:42Z,US,WI,meta,False,2026-03-18T21:12:42Z,meta_ads
103191,00005b2766b4,2026-04-22T01:27:03Z,CA,BC,meta,False,2026-04-22T01:27:03Z,meta_ads
103334,00005b31c43d,2026-05-04T01:00:32Z,CA,ON,influencer,True,2026-05-04T01:00:32Z,influencer
103935,00005b455198,2026-06-20T23:01:57Z,US,CA,google_ads,False,2026-06-20T23:01:57Z,google_ads
101043,00005b4fae5a,2025-10-26T15:24:46Z,US,VA,meta,True,2025-10-26T15:24:46Z,meta_ads
103616,00005b4faf21,2026-05-25T18:34:21Z,US,PA,google_ads,False,2026-05-25T18:34:21Z,google_ads
101446,00005b5a0be3,2025-11-27T09:55:58Z,US,MA,direct,True,2025-11-27T09:55:58Z,direct
103261,00005b5a0caa,2026-04-27T15:34:58Z,US,VA,google_ads,True,2026-04-27T15:34:58Z,google_ads
102775,00005b646a33,2026-03-19T14:08:09Z,US,AZ,direct,True,2026-03-19T14:08:09Z,direct
100479,00005b6a05f1,2025-08-30T16:51:53Z,US,CA,referral,True,2025-08-30T16:51:53Z,referral
102098,00005b6ec7bc,2026-01-16T02:52:37Z,US,WI,direct,True,2026-01-16T02:52:37Z,direct
100166,00005b7c0a9f,2025-07-20T20:13:02Z,US,GA,,True,2025-07-20T20:13:02Z,unknown
103410,00005bb44c53,2026-05-08T10:35:11Z,US,VA,meta,False,2026-05-08T10:35:11Z,meta_ads
101230,00005bbea915,2025-11-22T10:48:02Z,US,CA,influencer,True,2025-11-22T10:48:02Z,influencer
103109,00005bbea9dc,2026-04-16T03:41:17Z,US,IL,google_ads,True,2026-04-16T03:41:17Z,google_ads
101209,00005bc36ae0,2025-11-18T13:25:14Z,US,CA,tiktok,True,2025-11-18T13:25:14Z,tiktok_ads
101771,00005bc9069e,2025-12-10T17:28:00Z,US,MN,,False,2025-12-10T17:28:00Z,unknown
102761,00005bc90765,2026-03-18T22:28:49Z,US,TX,organic_search,True,2026-03-18T22:28:49Z,organic_search
100384,00005bcea323,2025-08-16T22:25:07Z,US,FL,meta,False,2025-08-16T22:25:07Z,meta_ads
101987,00005bd36427,2026-01-04T21:18:29Z,AU,WA,tiktok,False,2026-01-04T21:18:29Z,tiktok_ads
102072,00005bd364ee,2026-01-12T00:07:15Z,US,CA,direct,True,2026-01-12T00:07:15Z,direct
100660,00005bd900ac,2025-09-19T03:05:12Z,US,MI,organic_search,False,2025-09-19T03:05:12Z,organic_search
102769,00005bddc1b0,2026-03-19T03:49:11Z,US,IL,TikTok,False,2026-03-19T03:49:11Z,tiktok_ads
101782,00005bddc277,2025-12-12T00:07:10Z,US,TX,organic_search,True,2025-12-12T00:07:10Z,organic_search
101165,00005be35e35,2025-11-12T10:55:19Z,US,GA,direct,True,2025-11-12T10:55:19Z,direct
102984,00005be81f39,2026-04-05T15:23:35Z,US,CO,organic_search,True,2026-04-05T15:23:35Z,organic_search
103469,00005bf27cc2,2026-05-12T13:02:14Z,US,MA,Google,False,2026-05-12T13:02:14Z,google_ads
102733,00005c2da497,2026-03-17T22:34:33Z,GB,SCT,direct,True,2026-03-17T22:34:33Z,direct
100537,00005c32659b,2025-09-06T09:51:08Z,US,NY,meta,True,2025-09-06T09:51:08Z,meta_ads
102039,00005c380159,2026-01-08T22:03:26Z,US,WA,meta,False,2026-01-08T22:03:26Z,meta_ads
102169,00005c380220,2026-01-25T06:46:30Z,US,TX,Facebook,True,2026-01-25T06:46:30Z,meta_ads
100306,00005c3cc324,2025-08-08T04:23:44Z,US,TN,tiktok,True,2025-08-08T04:23:44Z,tiktok_ads
102720,00005c425ee2,2026-03-17T10:12:26Z,US,GA,organic_search,True,2026-03-17T10:12:26Z,organic_search
101925,00005c425fa9,2025-12-28T12:22:59Z,US,NY,meta,False,2025-12-28T12:22:59Z,meta_ads
103185,00005c4cbc6b,2026-04-21T15:39:37Z,US,CA,meta,True,2026-04-21T15:39:37Z,meta_ads
101177,00005c4cbd32,2025-11-13T22:16:30Z,CA,ON,tiktok,False,2025-11-13T22:16:30Z,tiktok_ads
103640,00005c5719f4,2026-05-27T13:20:12Z,US,MD,direct,True,2026-05-27T13:20:12Z,direct
100626,00005c571abb,2025-09-16T06:27:16Z,AU,WA,IG,False,2025-09-16T06:27:16Z,meta_ads
103795,00005c61777d,2026-06-10T09:19:57Z,US,CO,meta,False,2026-06-10T09:19:57Z,meta_ads
100070,00005c8f5ba8,2025-07-09T11:14:30Z,US,TX,organic_search,True,2025-07-09T11:14:30Z,organic_search
102360,00005c8f5c6f,2026-02-12T23:55:11Z,GB,SCT,meta,True,2026-02-12T23:55:11Z,meta_ads
100599,00005c99b931,2025-09-12T14:43:39Z,US,NY,Facebook,True,2025-09-12T14:43:39Z,meta_ads
100801,00005ca416ba,2025-10-04T00:01:06Z,US,MI,Influencer,False,2025-10-04T00:01:06Z,influencer
102926,00005cb1599d,2026-03-31T13:52:28Z,US,CA,organic_search,True,2026-03-31T13:52:28Z,organic_search
103557,00005cbbb726,2026-05-19T21:53:04Z,US,MI,meta,True,2026-05-19T21:53:04Z,meta_ads
103916,00005cc614af,2026-06-19T17:25:17Z,US,TX,direct,True,2026-06-19T17:25:17Z,direct
100449,00005cd07238,2025-08-25T13:47:27Z,US,NY,referral,True,2025-08-25T13:47:27Z,referral
103251,00005ce3ff93,2026-04-26T16:21:46Z,US,GA,organic_search,False,2026-04-26T16:21:46Z,organic_search
102801,00005cee5d1c,2026-03-20T15:37:54Z,US,NY,Facebook,True,2026-03-20T15:37:54Z,meta_ads
100090,00005cf3f8da,2025-07-11T14:53:35Z,US,VA,google_ads,True,2025-07-11T14:53:35Z,google_ads
100513,00005cf3f9a1,2025-09-03T14:15:49Z,US,VA,direct,True,2025-09-03T14:15:49Z,direct
102122,00005cf8b9de,2026-01-19T02:37:45Z,US,MI,meta,True,2026-01-19T02:37:45Z,meta_ads
102369,00005cf8baa5,2026-02-13T14:45:50Z,US,MI,meta,True,2026-02-13T14:45:50Z,meta_ads
100648,00005cfe5663,2025-09-18T02:23:43Z,AU,VIC,direct,True,2025-09-18T02:23:43Z,direct
103919,00005cfe572a,2026-06-19T20:55:50Z,US,TX,meta,True,2026-06-19T20:55:50Z,meta_ads
102237,00005d031767,2026-02-02T12:09:50Z,US,FL,meta,True,2026-02-02T12:09:50Z,meta_ads
101231,00005d03182e,2025-11-22T11:36:06Z,US,AZ,organic_search,True,2025-11-22T11:36:06Z,organic_search
100966,00005d08b3ec,2025-10-19T15:14:46Z,US,FL,Google,True,2025-10-19T15:14:46Z,google_ads
103630,00005d08b4b3,2026-05-26T16:53:21Z,US,FL,tiktok,True,2026-05-26T16:53:21Z,tiktok_ads
102738,00005d0d74f0,2026-03-18T01:51:28Z,AU,QLD,direct,True,2026-03-18T01:51:28Z,direct
101166,00005d0d75b7,2025-11-12T11:13:51Z,US,OR,organic_search,True,2025-11-12T11:13:51Z,organic_search
101441,00005d131175,2025-11-27T01:45:48Z,US,CA,google_ads,True,2025-11-27T01:45:48Z,google_ads
103258,00005d17d279,2026-04-27T11:01:03Z,US,GA,,False,2026-04-27T11:01:03Z,unknown
102260,00005d5d57d7,2026-02-03T23:43:39Z,US,IL,meta,False,2026-02-03T23:43:39Z,meta_ads
100615,00005d62f395,2025-09-14T13:30:27Z,US,CA,influencer,False,2025-09-14T13:30:27Z,influencer
102270,00005d67b499,2026-02-05T13:48:05Z,US,MO,Facebook,False,2026-02-05T13:48:05Z,meta_ads
101890,00005d67b560,2025-12-22T01:06:58Z,AU,QLD,organic_search,True,2025-12-22T01:06:58Z,organic_search
100174,00005d6c7664,2025-07-21T05:50:41Z,US,FL,influencer,True,2025-07-21T05:50:41Z,influencer
100820,00005d6d511e,2025-10-05T14:23:48Z,US,AZ,meta,True,2025-10-05T14:23:48Z,meta_ads
102641,00005d721222,2026-03-14T02:08:03Z,US,FL,referral,False,2026-03-14T02:08:03Z,referral
101359,00005d7212e9,2025-11-25T17:58:21Z,US,WI,meta,True,2025-11-25T17:58:21Z,meta_ads
101339,00005d77aea7,2025-11-25T13:23:24Z,US,CA,direct,True,2025-11-25T13:23:24Z,direct
103285,00005d7c6fab,2026-04-29T15:14:56Z,US,MN,Direct,True,2026-04-29T15:14:56Z,direct
101393,00005d7c7072,2025-11-26T11:02:28Z,US,TN,meta,False,2025-11-26T11:02:28Z,meta_ads
101708,00005d820c30,2025-12-04T19:56:38Z,US,DE,,True,2025-12-04T19:56:38Z,unknown
103101,00005d86cd34,2026-04-15T16:48:14Z,GB,ENG,meta,False,2026-04-15T16:48:14Z,meta_ads
100581,00005d86cdfb,2025-09-10T14:16:58Z,US,VA,google_ads,False,2025-09-10T14:16:58Z,google_ads
102013,00005d8c69b9,2026-01-06T22:36:43Z,US,CA,google_ads,True,2026-01-06T22:36:43Z,google_ads
103718,00005d912abd,2026-06-03T11:27:19Z,US,PA,google_ads,True,2026-06-03T11:27:19Z,google_ads
100385,00005dbf0ee8,2025-08-16T23:23:42Z,US,MN,meta,True,2025-08-16T23:23:42Z,meta_ads
103972,00005dbf0faf,2026-06-22T23:32:21Z,US,GA,google_ads,False,2026-06-22T23:32:21Z,google_ads
103413,00005dc96d38,2026-05-08T12:53:13Z,US,NY,google_ads,False,2026-05-08T12:53:13Z,google_ads
101220,00005dd6b01b,2025-11-20T15:26:22Z,US,FL,organic_search,True,2025-11-20T15:26:22Z,organic_search
103095,00005de10cdd,2026-04-15T02:48:33Z,US,NJ,meta,True,2026-04-15T02:48:33Z,meta_ads
100909,00005de10da4,2025-10-13T14:00:41Z,US,MA,referral,True,2025-10-13T14:00:41Z,referral
103687,00005deb6a66,2026-05-31T08:03:26Z,US,OR,organic_search,True,2026-05-31T08:03:26Z,organic_search
100667,00005deb6b2d,2025-09-20T01:38:55Z,US,GA,meta,False,2025-09-20T01:38:55Z,meta_ads
103995,00005df5c7ef,2026-06-24T12:56:17Z,US,WA,influencer,True,2026-06-24T12:56:17Z,influencer
100255,00005df5c8b6,2025-08-01T01:06:22Z,US,NY,organic_search,True,2025-08-01T01:06:22Z,organic_search
102319,00005e1e105c,2026-02-09T02:14:59Z,US,IN,Facebook,True,2026-02-09T02:14:59Z,meta_ads
100468,00005e23ac1a,2025-08-27T20:38:22Z,US,CA,Facebook,True,2025-08-27T20:38:22Z,meta_ads
104041,00005e23ace1,2026-06-29T00:26:54Z,US,TN,meta,True,2026-06-29T00:26:54Z,meta_ads
100793,00005e2e09a3,2025-10-03T01:28:54Z,US,FL,Direct,True,2025-10-03T01:28:54Z,direct
103452,00005e2e0a6a,2026-05-10T19:13:13Z,US,WI,meta,True,2026-05-10T19:13:13Z,meta_ads
101584,00005e38672c,2025-11-29T23:59:19Z,US,NY,organic_search,True,2025-11-29T23:59:19Z,organic_search
103255,00005e3867f3,2026-04-26T22:23:14Z,US,PA,google_ads,True,2026-04-26T22:23:14Z,google_ads
101383,00005e42c4b5,2025-11-26T01:31:50Z,US,MI,meta,False,2025-11-26T01:31:50Z,meta_ads
103380,00005e500798,2026-05-06T15:38:06Z,US,OH,organic_search,True,2026-05-06T15:38:06Z,organic_search
103966,00005e5a6521,2026-06-22T11:56:37Z,US,TX,meta,True,2026-06-22T11:56:37Z,meta_ads
103794,00005e884a13,2026-06-10T02:28:57Z,US,TX,direct,True,2026-06-10T02:28:57Z,direct
102155,00005e8d0b17,2026-01-24T00:05:42Z,US,CA,meta,True,2026-01-24T00:05:42Z,meta_ads
100767,00005e92a6d5,2025-10-01T01:19:03Z,US,VA,influencer,False,2025-10-01T01:19:03Z,influencer
103524,00005e92a79c,2026-05-16T23:40:56Z,US,TX,facebook_ads,True,2026-05-16T23:40:56Z,meta_ads
102702,00005e9767d9,2026-03-16T19:15:21Z,US,NJ,organic_search,False,2026-03-16T19:15:21Z,organic_search
101793,00005e9768a0,2025-12-12T23:27:13Z,US,OH,referral,True,2025-12-12T23:27:13Z,referral
101293,00005e9d045e,2025-11-24T19:32:33Z,US,MI,facebook_ads,True,2025-11-24T19:32:33Z,meta_ads
102968,00005e9d0525,2026-04-04T10:39:06Z,US,MI,facebook_ads,False,2026-04-04T10:39:06Z,meta_ads
103178,00005ea1c562,2026-04-21T08:52:53Z,US,NY,facebook_ads,False,2026-04-21T08:52:53Z,meta_ads
100870,00005ea1c629,2025-10-10T09:03:58Z,US,WI,Direct,True,2025-10-10T09:03:58Z,direct
101469,00005ea761e7,2025-11-27T16:14:44Z,US,WA,influencer,True,2025-11-27T16:14:44Z,influencer
102724,00005ea762ae,2026-03-17T14:03:43Z,CA,AB,referral,True,2026-03-17T14:03:43Z,referral
103313,00005eac22eb,2026-05-02T12:18:15Z,US,TN,direct,True,2026-05-02T12:18:15Z,direct
100826,00005eac23b2,2025-10-06T22:00:52Z,US,NY,direct,True,2025-10-06T22:00:52Z,direct
102176,00005eb1bf70,2026-01-26T02:43:47Z,CA,ON,meta,False,2026-01-26T02:43:47Z,meta_ads
102408,00005eb1c037,2026-02-16T14:26:35Z,US,OH,organic_search,True,2026-02-16T14:26:35Z,organic_search
103570,00005eb68074,2026-05-22T00:08:59Z,US,NY,google_ads,True,2026-05-22T00:08:59Z,google_ads
100398,00005eb6813b,2025-08-18T17:48:19Z,CA,QC,meta,True,2025-08-18T17:48:19Z,meta_ads
102263,00005ebc1cf9,2026-02-04T12:52:59Z,US,NY,organic_search,True,2026-02-04T12:52:59Z,organic_search
101433,00005f06635b,2025-11-26T23:11:41Z,US,NY,organic_search,False,2025-11-26T23:11:41Z,organic_search
101273,00005f0bff19,2025-11-24T13:48:50Z,US,WA,influencer,False,2025-11-24T13:48:50Z,influencer
103391,00005f10c01d,2026-05-07T00:47:12Z,US,FL,tiktok,True,2026-05-07T00:47:12Z,tiktok_ads
100856,00005f10c0e4,2025-10-09T02:45:19Z,US,GA,meta,True,2025-10-09T02:45:19Z,meta_ads
102137,00005f165ca2,2026-01-21T01:41:15Z,US,OR,organic_search,False,2026-01-21T01:41:15Z,organic_search
103835,00005f1b1da6,2026-06-12T21:16:55Z,US,IN,influencer,False,2026-06-12T21:16:55Z,influencer
100482,00005f1b1e6d,2025-08-30T21:06:34Z,US,CA,influencer,False,2025-08-30T21:06:34Z,influencer
102413,00005f20ba2b,2026-02-16T19:42:43Z,US,WA,,False,2026-02-16T19:42:43Z,unknown
100217,00005f257bf6,2025-07-27T07:48:33Z,US,CA,influencer,False,2025-07-27T07:48:33Z,influencer
102613,00005f2b17b4,2026-03-11T10:51:08Z,US,WA,organic_search,True,2026-03-11T10:51:08Z,organic_search
103092,00005f35753d,2026-04-14T23:31:02Z,US,CA,Influencer,True,2026-04-14T23:31:02Z,influencer
100837,00005f490298,2025-10-07T17:11:51Z,US,NY,influencer,True,2025-10-07T17:11:51Z,influencer
100505,00005f535f5a,2025-09-02T13:10:06Z,CA,ON,Facebook,True,2025-09-02T13:10:06Z,meta_ads
104056,00005f536021,2026-06-30T05:09:12Z,US,NY,referral,True,2026-06-30T05:09:12Z,referral
101035,00005f5dbce3,2025-10-26T08:04:03Z,US,CA,direct,True,2025-10-26T08:04:03Z,direct
103473,00005f5dbdaa,2026-05-12T16:55:35Z,US,NY,influencer,True,2026-05-12T16:55:35Z,influencer
101484,00005f681a6c,2025-11-27T21:39:14Z,US,AZ,google_ads,True,2025-11-27T21:39:14Z,google_ads
102823,00005f681b33,2026-03-21T09:39:46Z,US,IN,tiktok,True,2026-03-21T09:39:46Z,tiktok_ads
101780,00005f7277f5,2025-12-11T18:00:20Z,US,MO,direct,True,2025-12-11T18:00:20Z,direct
100738,00005f755e16,2025-09-28T15:00:09Z,US,DE,organic_search,True,2025-09-28T15:00:09Z,organic_search
100441,00005f7fbb9f,2025-08-24T02:11:01Z,AU,WA,organic_search,True,2025-08-24T02:11:01Z,organic_search
100228,00005f8a1928,2025-07-28T23:06:37Z,US,IN,referral,False,2025-07-28T23:06:37Z,referral
103769,00005fb7fd53,2026-06-07T23:11:41Z,GB,SCT,meta,True,2026-06-07T23:11:41Z,meta_ads
101904,00005fbcbe57,2025-12-24T13:55:30Z,US,OR,tiktok,True,2025-12-24T13:55:30Z,tiktok_ads
103442,00005fc25adc,2026-05-10T10:07:26Z,US,PA,google_ads,False,2026-05-10T10:07:26Z,google_ads
101352,00005fc71be0,2025-11-25T15:33:05Z,US,MI,facebook_ads,True,2025-11-25T15:33:05Z,meta_ads
101396,00005fccb79e,2025-11-26T11:46:19Z,US,TX,organic_search,False,2025-11-26T11:46:19Z,organic_search
102556,00005fccb865,2026-03-02T13:18:40Z,US,VA,organic_search,False,2026-03-02T13:18:40Z,organic_search
100912,00005fd17969,2025-10-13T20:14:37Z,US,CA,Google,False,2025-10-13T20:14:37Z,google_ads
101732,00005fd71527,2025-12-07T09:59:19Z,US,NC,meta,True,2025-12-07T09:59:19Z,meta_ads
102537,00005fd715ee,2026-02-28T14:58:08Z,CA,AB,direct,True,2026-02-28T14:58:08Z,direct
100354,00005fdcb1ac,2025-08-13T11:43:01Z,CA,BC,Facebook,True,2025-08-13T11:43:01Z,meta_ads
102515,00005fe172b0,2026-02-27T01:29:58Z,US,NY,referral,True,2026-02-27T01:29:58Z,referral
102152,00005fe17377,2026-01-23T22:02:47Z,US,MN,google_ads,False,2026-01-23T22:02:47Z,google_ads
101031,00005fe70f35,2025-10-25T17:11:54Z,US,CO,influencer,False,2025-10-25T17:11:54Z,influencer
102671,00005febd039,2026-03-15T04:18:51Z,US,DE,google_ads,False,2026-03-15T04:18:51Z,google_ads
102688,000060315597,2026-03-16T02:35:14Z,US,FL,tiktok,False,2026-03-16T02:35:14Z,tiktok_ads
101079,00006036169b,2025-10-30T21:47:23Z,US,NC,meta,True,2025-10-30T21:47:23Z,meta_ads
101839,0000603bb259,2025-12-17T02:39:07Z,US,WA,organic_search,False,2025-12-17T02:39:07Z,organic_search
102406,0000603bb320,2026-02-16T10:20:56Z,US,WA,tiktok,True,2026-02-16T10:20:56Z,tiktok_ads
104068,0000603bb320,2026-06-30T21:45:58Z,US,WA,,False,2026-06-30T21:45:58Z,unknown
104044,00006040735d,2026-06-29T03:51:44Z,US,WA,Google,True,2026-06-29T03:51:44Z,google_ads
100741,000060407424,2025-09-28T19:31:07Z,GB,SCT,google_ads,True,2025-09-28T19:31:07Z,google_ads
102368,000060460fe2,2026-02-13T14:06:32Z,US,IN,google_ads,False,2026-02-13T14:06:32Z,google_ads
101951,0000604610a9,2026-01-01T08:14:42Z,US,CA,google_ads,False,2026-01-01T08:14:42Z,google_ads
101365,0000604ad0e6,2025-11-25T20:51:02Z,US,NY,referral,True,2025-11-25T20:51:02Z,referral
100015,0000604ad1ad,2025-07-01T18:43:39Z,US,FL,meta,True,2025-07-01T18:43:39Z,meta_ads
102624,000060506d6b,2026-03-12T18:32:23Z,GB,SCT,organic_search,True,2026-03-12T18:32:23Z,organic_search
101923,000060506e32,2025-12-28T08:41:04Z,US,WI,meta,True,2025-12-28T08:41:04Z,meta_ads
103204,0000605acaf4,2026-04-22T18:45:57Z,US,FL,google_ads,True,2026-04-22T18:45:57Z,google_ads
101381,0000605acbbb,2025-11-26T00:37:17Z,US,CA,meta,False,2025-11-26T00:37:17Z,meta_ads
103400,00006065287d,2026-05-07T14:02:43Z,US,NY,organic_search,True,2026-05-07T14:02:43Z,organic_search
103938,00006078b5d8,2026-06-21T02:18:23Z,US,FL,meta,False,2026-06-21T02:18:23Z,meta_ads
100106,0000609d6a31,2025-07-13T03:14:06Z,CA,AB,IG,True,2025-07-13T03:14:06Z,meta_ads
100119,000060af6edf,2025-07-14T17:24:09Z,US,CA,Direct,True,2025-07-14T17:24:09Z,direct
102572,000060b50a9d,2026-03-04T02:36:08Z,US,NJ,google_ads,True,2026-03-04T02:36:08Z,google_ads
102843,000060bf6826,2026-03-22T01:09:49Z,AU,NSW,referral,True,2026-03-22T01:09:49Z,referral
103513,000060c9c5af,2026-05-16T06:10:48Z,US,IN,Facebook,True,2026-05-16T06:10:48Z,meta_ads
103827,000060d42338,2026-06-12T10:53:10Z,US,FL,google_ads,True,2026-06-12T10:53:10Z,google_ads
103375,000060e7b093,2026-05-06T07:05:30Z,US,CO,google_ads,True,2026-05-06T07:05:30Z,google_ads
101140,000060f20d55,2025-11-08T13:36:17Z,US,OH,meta,False,2025-11-08T13:36:17Z,meta_ads
102959,000060f20e1c,2026-04-03T16:28:01Z,US,WA,influencer,False,2026-04-03T16:28:01Z,influencer
101907,000060fc6ade,2025-12-25T02:13:01Z,US,GA,referral,False,2025-12-25T02:13:01Z,referral
102705,000060fc6ba5,2026-03-17T00:12:26Z,US,AZ,meta,False,2026-03-17T00:12:26Z,meta_ads
100200,000061020763,2025-07-25T20:03:49Z,US,CA,organic_search,True,2025-07-25T20:03:49Z,organic_search
100579,00006102082a,2025-09-09T20:49:15Z,US,TX,influencer,True,2025-09-09T20:49:15Z,influencer
102475,00006106c92e,2026-02-22T19:44:33Z,AU,WA,google_ads,True,2026-02-22T19:44:33Z,google_ads
100737,0000610c64ec,2025-09-28T03:00:08Z,US,TX,direct,True,2025-09-28T03:00:08Z,direct
103750,0000610c65b3,2026-06-06T12:46:49Z,US,FL,facebook_ads,True,2026-06-06T12:46:49Z,meta_ads
102452,0000611125f0,2026-02-21T01:47:31Z,US,PA,organic_search,False,2026-02-21T01:47:31Z,organic_search
101747,0000611126b7,2025-12-08T23:05:10Z,US,WA,direct,True,2025-12-08T23:05:10Z,direct
101034,00006116c275,2025-10-26T02:31:31Z,US,GA,meta,False,2025-10-26T02:31:31Z,meta_ads
102608,0000611b8379,2026-03-10T21:32:34Z,US,WA,google_ads,True,2026-03-10T21:32:34Z,google_ads
102664,0000616108d7,2026-03-14T22:26:08Z,US,MD,direct,True,2026-03-14T22:26:08Z,direct
101068,00006165c9db,2025-10-28T23:45:10Z,AU,NSW,,True,2025-10-28T23:45:10Z,unknown
100175,00006166a495,2025-07-21T12:14:25Z,US,NJ,organic_search,True,2025-07-21T12:14:25Z,organic_search
102416,0000616b6660,2026-02-17T08:45:55Z,US,OH,organic_search,True,2026-02-17T08:45:55Z,organic_search
100323,000061702764,2025-08-10T17:02:17Z,US,VA,organic_search,True,2025-08-10T17:02:17Z,organic_search
100659,00006171021e,2025-09-18T23:58:03Z,US,TX,Facebook,True,2025-09-18T23:58:03Z,meta_ads
102530,00006175c322,2026-02-28T01:33:51Z,US,IN,google_ads,True,2026-02-28T01:33:51Z,google_ads
101733,00006175c3e9,2025-12-07T11:23:51Z,US,IN,influencer,True,2025-12-07T11:23:51Z,influencer
100784,0000617b5fa7,2025-10-01T20:57:58Z,US,NY,Google,False,2025-10-01T20:57:58Z,google_ads
102623,0000618020ab,2026-03-12T16:31:42Z,US,MA,tiktok,True,2026-03-12T16:31:42Z,tiktok_ads
101564,000061802172,2025-11-29T14:06:31Z,US,TN,organic_search,True,2025-11-29T14:06:31Z,organic_search
101345,00006185bd30,2025-11-25T14:09:27Z,CA,BC,tiktok,True,2025-11-25T14:09:27Z,tiktok_ads
103572,0000618a7e34,2026-05-22T01:54:33Z,US,WA,tiktok,True,2026-05-22T01:54:33Z,tiktok_ads
100877,0000618a7efb,2025-10-10T18:37:09Z,CA,AB,meta,True,2025-10-10T18:37:09Z,meta_ads
101755,000061901ab9,2025-12-09T14:23:37Z,AU,VIC,,True,2025-12-09T14:23:37Z,unknown
103948,00006194dbbd,2026-06-21T14:46:48Z,US,MI,referral,False,2026-06-21T14:46:48Z,referral
100169,000061c2bfe8,2025-07-21T00:28:03Z,US,TX,google_ads,True,2025-07-21T00:28:03Z,google_ads
100472,000061cd1d71,2025-08-28T18:46:35Z,US,FL,meta,False,2025-08-28T18:46:35Z,meta_ads
102466,000061d00392,2026-02-22T00:33:36Z,US,IN,tiktok,True,2026-02-22T00:33:36Z,tiktok_ads
101742,000061da611b,2025-12-08T14:20:19Z,US,GA,tiktok,False,2025-12-08T14:20:19Z,tiktok_ads
102744,000061e4bddd,2026-03-18T10:24:26Z,US,WI,tiktok,True,2026-03-18T10:24:26Z,tiktok_ads
101523,000061e4bea4,2025-11-28T17:57:06Z,US,CA,influencer,False,2025-11-28T17:57:06Z,influencer
103416,000061ef1b66,2026-05-08T13:40:14Z,US,NC,organic_search,True,2026-05-08T13:40:14Z,organic_search
100974,000061ef1c2d,2025-10-20T08:21:39Z,US,FL,google_ads,True,2025-10-20T08:21:39Z,google_ads
103912,000061f978ef,2026-06-19T14:58:05Z,US,WA,direct,True,2026-06-19T14:58:05Z,direct
100582,000061f979b6,2025-09-10T17:03:48Z,US,GA,organic_search,False,2025-09-10T17:03:48Z,organic_search
100461,00006203d678,2025-08-27T12:46:39Z,US,IL,direct,True,2025-08-27T12:46:39Z,direct
102937,0000621763d3,2026-04-01T16:25:24Z,US,AZ,influencer,True,2026-04-01T16:25:24Z,influencer
102375,00006221c15c,2026-02-14T00:44:42Z,US,CA,,True,2026-02-14T00:44:42Z,unknown
100244,000062275d1a,2025-07-30T17:36:41Z,US,CA,direct,False,2025-07-30T17:36:41Z,direct
102511,0000622c1ee5,2026-02-26T18:37:21Z,US,WI,google_ads,True,2026-02-26T18:37:21Z,google_ads
100304,00006231baa3,2025-08-07T21:21:48Z,US,NY,organic_search,True,2025-08-07T21:21:48Z,organic_search
103702,00006231bb6a,2026-06-01T23:03:12Z,US,FL,meta,True,2026-06-01T23:03:12Z,meta_ads
102023,000062367c6e,2026-01-07T20:27:28Z,US,TN,meta,True,2026-01-07T20:27:28Z,meta_ads
101038,0000623c182c,2025-10-26T11:42:45Z,US,MD,meta,False,2025-10-26T11:42:45Z,meta_ads
103333,0000623c18f3,2026-05-03T23:21:58Z,CA,QC,tiktok,True,2026-05-03T23:21:58Z,tiktok_ads
101228,0000624675b5,2025-11-22T02:56:25Z,CA,BC,organic_search,True,2025-11-22T02:56:25Z,organic_search
100866,0000626873aa,2025-10-10T01:02:32Z,US,CO,,True,2025-10-10T01:02:32Z,unknown
102432,00006290bc17,2026-02-19T01:21:19Z,US,NJ,direct,True,2026-02-19T01:21:19Z,direct
100445,0000629657d5,2025-08-24T11:58:48Z,US,NJ,Google,True,2025-08-24T11:58:48Z,google_ads
104039,00006296589c,2026-06-28T16:47:17Z,US,OR,IG,True,2026-06-28T16:47:17Z,meta_ads
102506,0000629b18d9,2026-02-26T06:33:58Z,CA,QC,organic_search,False,2026-02-26T06:33:58Z,organic_search
102074,0000629b19a0,2026-01-12T00:53:21Z,US,FL,influencer,True,2026-01-12T00:53:21Z,influencer
100798,000062a0b55e,2025-10-03T13:36:46Z,US,NY,referral,True,2025-10-03T13:36:46Z,referral
102773,000062a0b625,2026-03-19T13:18:19Z,GB,WLS,meta,False,2026-03-19T13:18:19Z,meta_ads
102731,000062a57662,2026-03-17T20:33:18Z,US,IL,Google,True,2026-03-17T20:33:18Z,google_ads
101298,000062a57729,2025-11-24T22:49:25Z,CA,ON,organic_search,True,2025-11-24T22:49:25Z,organic_search
101194,000062ab12e7,2025-11-16T19:10:47Z,US,NC,meta,False,2025-11-16T19:10:47Z,meta_ads
103218,000062ab13ae,2026-04-23T15:03:48Z,US,TX,organic_search,True,2026-04-23T15:03:48Z,organic_search
103098,000062afd3eb,2026-04-15T12:20:04Z,US,WI,influencer,True,2026-04-15T12:20:04Z,influencer
103867,000062afd3eb,2026-06-15T03:00:42Z,US,WI,,False,2026-06-15T03:00:42Z,unknown
101594,000062afd4b2,2025-11-30T08:58:35Z,US,MN,meta,False,2025-11-30T08:58:35Z,meta_ads
101870,000062b57070,2025-12-19T20:14:47Z,US,CA,influencer,False,2025-12-19T20:14:47Z,influencer
102609,000062b57137,2026-03-10T21:33:46Z,US,WI,meta,True,2026-03-10T21:33:46Z,meta_ads
103517,000062ba3174,2026-05-16T11:32:46Z,US,PA,Facebook,True,2026-05-16T11:32:46Z,meta_ads
100775,000062ba323b,2025-10-01T12:58:53Z,CA,AB,google_ads,False,2025-10-01T12:58:53Z,google_ads
102181,000062bfcdf9,2026-01-26T16:47:19Z,US,CA,meta,False,2026-01-26T16:47:19Z,meta_ads
103853,000062c48efd,2026-06-14T14:00:00Z,US,TN,influencer,True,2026-06-14T14:00:00Z,influencer
101329,0000630a145b,2025-11-25T10:39:00Z,US,NC,,False,2025-11-25T10:39:00Z,unknown
101264,0000630fb019,2025-11-24T10:48:54Z,US,CA,TikTok,True,2025-11-24T10:48:54Z,tiktok_ads
102970,00006314711d,2026-04-04T13:54:33Z,US,WI,direct,True,2026-04-04T13:54:33Z,direct
101270,0000631471e4,2025-11-24T12:13:13Z,US,GA,Facebook,True,2025-11-24T12:13:13Z,meta_ads
101690,0000631a0da2,2025-12-03T14:35:02Z,US,CA,meta,False,2025-12-03T14:35:02Z,meta_ads
102953,0000631ecea6,2026-04-03T03:10:51Z,US,VA,organic_search,False,2026-04-03T03:10:51Z,organic_search
100971,0000631ecf6d,2025-10-20T03:24:03Z,US,FL,tiktok,True,2025-10-20T03:24:03Z,tiktok_ads
101968,000063246b2b,2026-01-03T03:12:39Z,US,CA,,False,2026-01-03T03:12:39Z,unknown
103817,000063292c2f,2026-06-11T11:54:25Z,US,OH,Google,False,2026-06-11T11:54:25Z,google_ads
100344,000063292cf6,2025-08-12T00:24:25Z,US,PA,meta,False,2025-08-12T00:24:25Z,meta_ads
102315,0000632ec8b4,2026-02-08T22:28:35Z,AU,VIC,direct,False,2026-02-08T22:28:35Z,direct
100382,00006357105a,2025-08-16T14:30:07Z,US,AZ,meta,False,2025-08-16T14:30:07Z,meta_ads
103781,000063571121,2026-06-08T18:08:56Z,US,MN,,False,2026-06-08T18:08:56Z,unknown
100520,000063616de3,2025-09-04T03:51:12Z,US,TN,influencer,False,2025-09-04T03:51:12Z,influencer
103681,000063616eaa,2026-05-30T12:32:07Z,US,MA,tiktok,False,2026-05-30T12:32:07Z,tiktok_ads
101406,0000636bcb6c,2025-11-26T14:57:21Z,US,TX,direct,True,2025-11-26T14:57:21Z,direct
103281,0000636bcc33,2026-04-29T01:42:20Z,US,CA,google_ads,True,2026-04-29T01:42:20Z,google_ads
101333,0000637628f5,2025-11-25T11:45:58Z,US,OR,google_ads,True,2025-11-25T11:45:58Z,google_ads
101470,000063790f16,2025-11-27T17:18:46Z,US,TX,meta,True,2025-11-27T17:18:46Z,meta_ads
103621,000063836bd8,2026-05-26T01:56:12Z,US,CA,organic_search,False,2026-05-26T01:56:12Z,organic_search
101000,000063836c9f,2025-10-22T13:27:00Z,US,CA,organic_search,True,2025-10-22T13:27:00Z,organic_search
103915,0000638dc961,2026-06-19T15:32:49Z,US,WI,organic_search,False,2026-06-19T15:32:49Z,organic_search
100397,0000638dca28,2025-08-18T14:54:10Z,US,NJ,influencer,False,2025-08-18T14:54:10Z,influencer
103909,000063bbae53,2026-06-19T05:42:27Z,US,FL,Facebook,True,2026-06-19T05:42:27Z,meta_ads
102025,000063c06f57,2026-01-07T22:28:05Z,US,OH,meta,True,2026-01-07T22:28:05Z,meta_ads
100552,000063c60b15,2025-09-07T03:13:21Z,US,TX,google_ads,True,2025-09-07T03:13:21Z,google_ads
103276,000063c60bdc,2026-04-28T17:26:36Z,US,CA,tiktok,False,2026-04-28T17:26:36Z,tiktok_ads
101778,000063cacce0,2025-12-11T17:12:56Z,US,MO,tiktok,True,2025-12-11T17:12:56Z,tiktok_ads
101242,000063d0689e,2025-11-24T00:11:38Z,US,TX,direct,False,2025-11-24T00:11:38Z,direct
103240,000063d06965,2026-04-25T21:46:58Z,US,CO,organic_search,False,2026-04-25T21:46:58Z,organic_search
101580,000063d52a69,2025-11-29T21:42:49Z,US,FL,referral,False,2025-11-29T21:42:49Z,referral
101370,000063dac627,2025-11-25T21:36:35Z,US,IN,meta,True,2025-11-25T21:36:35Z,meta_ads
102860,000063dac6ee,2026-03-23T11:41:22Z,US,CA,direct,False,2026-03-23T11:41:22Z,direct
100815,000063df87f2,2025-10-05T00:43:18Z,GB,WLS,Influencer,False,2025-10-05T00:43:18Z,influencer
100207,000063e062ac,2025-07-26T14:55:38Z,US,MI,direct,True,2025-07-26T14:55:38Z,direct
101835,000063e523b0,2025-12-16T22:23:35Z,US,FL,meta,True,2025-12-16T22:23:35Z,meta_ads
102481,000063e52477,2026-02-23T11:56:48Z,US,CO,meta,True,2026-02-23T11:56:48Z,meta_ads
100572,000063e9e57b,2025-09-09T08:30:19Z,US,FL,influencer,True,2025-09-09T08:30:19Z,influencer
102389,000063ef8139,2026-02-14T22:38:02Z,US,IL,influencer,True,2026-02-14T22:38:02Z,influencer
103691,0000642aa90e,2026-05-31T13:34:10Z,US,CO,direct,True,2026-05-31T13:34:10Z,direct
101424,0000643505d0,2025-11-26T20:49:18Z,CA,ON,google_ads,False,2025-11-26T20:49:18Z,google_ads
103274,000064350697,2026-04-28T14:56:33Z,US,NC,organic_search,True,2026-04-28T14:56:33Z,organic_search
101100,00006439c79b,2025-11-03T10:34:29Z,GB,SCT,referral,True,2025-11-03T10:34:29Z,referral
101456,0000643f6359,2025-11-27T13:36:16Z,US,FL,google_ads,True,2025-11-27T13:36:16Z,google_ads
102819,0000643f6420,2026-03-21T02:02:16Z,US,NY,tiktok,False,2026-03-21T02:02:16Z,tiktok_ads
103507,00006444245d,2026-05-15T12:36:59Z,US,NY,Influencer,True,2026-05-15T12:36:59Z,influencer
100887,000064442524,2025-10-12T01:39:58Z,US,MI,tiktok,False,2025-10-12T01:39:58Z,tiktok_ads
101761,00006449c0e2,2025-12-09T23:42:44Z,US,TX,meta,True,2025-12-09T23:42:44Z,meta_ads
102317,00006449c1a9,2026-02-08T23:09:45Z,US,GA,meta,True,2026-02-08T23:09:45Z,meta_ads
103907,0000644e81e6,2026-06-19T03:18:07Z,US,MD,meta,True,2026-06-19T03:18:07Z,meta_ads
100432,0000644e82ad,2025-08-22T19:00:36Z,US,NY,google_ads,False,2025-08-22T19:00:36Z,google_ads
102425,000064541e6b,2026-02-18T10:46:36Z,US,MA,referral,False,2026-02-18T10:46:36Z,referral
102143,000064541f32,2026-01-22T00:12:42Z,US,CA,organic_search,True,2026-01-22T00:12:42Z,organic_search
101062,00006458df6f,2025-10-28T02:46:51Z,US,FL,direct,True,2025-10-28T02:46:51Z,direct
100153,00006458e036,2025-07-19T14:49:58Z,US,VA,referral,True,2025-07-19T14:49:58Z,referral
102606,0000645e7bf4,2026-03-10T01:45:01Z,US,MD,tiktok,False,2026-03-10T01:45:01Z,tiktok_ads
102900,00006468d97d,2026-03-27T20:17:20Z,US,DE,google_ads,True,2026-03-27T20:17:20Z,google_ads
101157,0000647c66d8,2025-11-10T04:44:27Z,US,NC,meta,True,2025-11-10T04:44:27Z,meta_ads
103847,00006486c461,2026-06-14T00:23:52Z,US,FL,google_ads,True,2026-06-14T00:23:52Z,google_ads
103361,0000649121ea,2026-05-05T12:14:26Z,GB,WLS,tiktok,True,2026-05-05T12:14:26Z,tiktok_ads
100860,000064a8c256,2025-10-09T13:35:07Z,GB,SCT,meta,True,2025-10-09T13:35:07Z,meta_ads
100717,000064b31fdf,2025-09-25T23:48:55Z,US,TX,tiktok,True,2025-09-25T23:48:55Z,tiktok_ads
102206,000064bd7ca1,2026-01-30T01:37:35Z,US,CA,google_ads,True,2026-01-30T01:37:35Z,google_ads
100002,000064bd7d68,2025-05-31T02:27:25Z,US,WA,direct,True,2025-05-31T02:27:25Z,direct
102850,000064c31926,2026-03-22T15:36:39Z,CA,QC,meta,False,2026-03-22T15:36:39Z,meta_ads
103096,000064cd76af,2026-04-15T06:31:00Z,US,CA,meta,True,2026-04-15T06:31:00Z,meta_ads
103378,000064d7d438,2026-05-06T13:39:18Z,US,WA,direct,False,2026-05-06T13:39:18Z,direct
103669,000064eb6193,2026-05-29T11:42:58Z,US,MN,,True,2026-05-29T11:42:58Z,unknown
100987,000064f5be55,2025-10-21T01:26:35Z,US,MD,meta,False,2025-10-21T01:26:35Z,meta_ads
103481,000064f5bf1c,2026-05-13T09:26:52Z,US,CA,IG,True,2026-05-13T09:26:52Z,meta_ads
101384,000065001bde,2025-11-26T02:27:56Z,US,NY,direct,True,2025-11-26T02:27:56Z,direct
103014,000065001ca5,2026-04-08T07:00:34Z,AU,VIC,google_ads,True,2026-04-08T07:00:34Z,google_ads
101809,0000650a7967,2025-12-14T16:49:49Z,US,MI,Facebook,True,2025-12-14T16:49:49Z,meta_ads
102873,0000650a7a2e,2026-03-25T01:15:05Z,US,TN,Facebook,True,2026-03-25T01:15:05Z,meta_ads
100273,0000651015ec,2025-08-03T17:16:38Z,US,TX,influencer,True,2025-08-03T17:16:38Z,influencer
101961,00006514d6f0,2026-01-02T17:21:14Z,US,IL,meta,False,2026-01-02T17:21:14Z,meta_ads
102003,00006514d7b7,2026-01-05T21:12:36Z,US,FL,google_ads,False,2026-01-05T21:12:36Z,google_ads
100593,0000651a7375,2025-09-12T01:28:07Z,US,OH,direct,False,2025-09-12T01:28:07Z,direct
102698,0000651f3479,2026-03-16T14:32:14Z,US,VA,Google,True,2026-03-16T14:32:14Z,google_ads
100022,000065221a9a,2025-07-02T12:17:55Z,US,GA,facebook_ads,False,2025-07-02T12:17:55Z,meta_ads
103373,0000655a5c4e,2026-05-06T01:22:12Z,US,CA,organic_search,True,2026-05-06T01:22:12Z,organic_search
103283,00006564b9d7,2026-04-29T13:40:43Z,US,FL,tiktok,False,2026-04-29T13:40:43Z,tiktok_ads
101496,000065697adb,2025-11-28T04:10:34Z,US,MA,google_ads,True,2025-11-28T04:10:34Z,google_ads
101753,0000656f1699,2025-12-09T13:08:40Z,US,NY,direct,False,2025-12-09T13:08:40Z,direct
102598,0000656f1760,2026-03-08T14:49:51Z,US,TX,google_ads,True,2026-03-08T14:49:51Z,google_ads
100624,00006573d864,2025-09-16T03:43:54Z,CA,AB,Google,True,2025-09-16T03:43:54Z,google_ads
100450,00006574b31e,2025-08-25T13:58:32Z,US,MD,meta,True,2025-08-25T13:58:32Z,meta_ads
102075,000065797422,2026-01-12T02:49:57Z,US,OH,meta,True,2026-01-12T02:49:57Z,meta_ads
102129,0000657974e9,2026-01-19T17:44:38Z,CA,AB,influencer,False,2026-01-19T17:44:38Z,influencer
100475,0000657e35ed,2025-08-29T09:18:58Z,US,IN,Google,True,2025-08-29T09:18:58Z,google_ads
100739,0000657f10a7,2025-09-28T15:49:31Z,US,MA,meta,False,2025-09-28T15:49:31Z,meta_ads
102547,00006583d1ab,2026-03-01T09:13:24Z,US,TX,Influencer,True,2026-03-01T09:13:24Z,influencer
101764,00006583d272,2025-12-10T02:17:12Z,US,GA,organic_search,True,2025-12-10T02:17:12Z,organic_search
101121,000065896e30,2025-11-06T02:04:41Z,US,MI,referral,True,2025-11-06T02:04:41Z,referral
103074,0000658e2f34,2026-04-13T01:32:30Z,CA,AB,Influencer,False,2026-04-13T01:32:30Z,influencer
101268,0000658e2ffb,2025-11-24T11:27:00Z,US,FL,direct,False,2025-11-24T11:27:00Z,direct
103692,000065988cbd,2026-05-31T15:26:00Z,US,IL,meta,False,2026-05-31T15:26:00Z,meta_ads
100078,000065d0ce71,2025-07-10T01:01:38Z,US,CO,google_ads,True,2025-07-10T01:01:38Z,google_ads
102610,000065d3b492,2026-03-10T23:02:34Z,US,NY,direct,True,2026-03-10T23:02:34Z,direct
101682,000065de1154,2025-12-02T20:09:07Z,US,MI,tiktok,True,2025-12-02T20:09:07Z,tiktok_ads
102091,000065de121b,2026-01-14T22:47:53Z,GB,SCT,meta,False,2026-01-14T22:47:53Z,meta_ads
100438,000065e2d31f,2025-08-23T21:22:22Z,US,IL,facebook_ads,True,2025-08-23T21:22:22Z,meta_ads
102739,000065e86edd,2026-03-18T01:54:55Z,US,NY,meta,False,2026-03-18T01:54:55Z,meta_ads
101862,000065e86fa4,2025-12-19T00:52:11Z,AU,NSW,IG,True,2025-12-19T00:52:11Z,meta_ads
103144,000065f2cc66,2026-04-18T15:27:53Z,US,CA,google_ads,False,2026-04-18T15:27:53Z,google_ads
100958,000065f2cd2d,2025-10-19T02:51:51Z,US,NJ,google_ads,False,2025-10-19T02:51:51Z,google_ads
103403,000065fd29ef,2026-05-07T14:55:42Z,GB,ENG,meta,False,2026-05-07T14:55:42Z,meta_ads
100824,000065fd2ab6,2025-10-06T12:09:04Z,US,IL,IG,True,2025-10-06T12:09:04Z,meta_ads
103716,000066078778,2026-06-03T08:58:20Z,US,CA,meta,True,2026-06-03T08:58:20Z,meta_ads
103663,0000661b14d3,2026-05-28T22:44:04Z,US,CA,google_ads,True,2026-05-28T22:44:04Z,google_ads
103020,00006625725c,2026-04-08T19:21:16Z,US,FL,meta,True,2026-04-08T19:21:16Z,meta_ads
102703,0000662fcfe5,2026-03-16T20:25:56Z,US,NC,tiktok,True,2026-03-16T20:25:56Z,tiktok_ads
100116,000066356ba3,2025-07-14T10:38:52Z,US,AZ,meta,False,2025-07-14T10:38:52Z,meta_ads
102047,000066356c6a,2026-01-09T16:20:54Z,US,MI,direct,True,2026-01-09T16:20:54Z,direct
102370,0000663a2d6e,2026-02-13T20:24:17Z,US,NJ,referral,True,2026-02-13T20:24:17Z,referral
100521,0000663fc92c,2025-09-04T04:13:51Z,US,TN,organic_search,False,2025-09-04T04:13:51Z,organic_search
103854,0000663fc9f3,2026-06-14T14:28:59Z,US,TN,organic_search,False,2026-06-14T14:28:59Z,organic_search
101680,000066448af7,2025-12-02T14:04:14Z,US,NH,google_ads,True,2025-12-02T14:04:14Z,google_ads
101036,0000664a26b5,2025-10-26T08:11:00Z,US,AZ,influencer,True,2025-10-26T08:11:00Z,influencer
103063,000066768233,2026-04-11T21:24:12Z,US,FL,TikTok,True,2026-04-11T21:24:12Z,tiktok_ads
102781,000066946d17,2026-03-19T21:22:35Z,US,CA,,True,2026-03-19T21:22:35Z,unknown
100094,0000669a08d5,2025-07-12T05:45:39Z,US,TX,influencer,True,2025-07-12T05:45:39Z,influencer
100812,0000669a099c,2025-10-04T19:41:46Z,US,FL,Facebook,True,2025-10-04T19:41:46Z,meta_ads
101706,0000669ec9d9,2025-12-04T15:39:19Z,US,CA,organic_search,True,2025-12-04T15:39:19Z,organic_search
102472,0000669ecaa0,2026-02-22T12:28:01Z,AU,VIC,tiktok,True,2026-02-22T12:28:01Z,tiktok_ads
100699,000066a4665e,2025-09-24T10:55:33Z,US,PA,TikTok,True,2025-09-24T10:55:33Z,tiktok_ads
103752,000066a46725,2026-06-06T14:41:18Z,CA,AB,,True,2026-06-06T14:41:18Z,unknown
102265,000066a92762,2026-02-04T15:42:48Z,US,PA,organic_search,True,2026-02-04T15:42:48Z,organic_search
101671,000066a92829,2025-12-01T22:09:15Z,US,DE,direct,False,2025-12-01T22:09:15Z,direct
100872,000066aec3e7,2025-10-10T13:42:14Z,GB,SCT,meta,True,2025-10-10T13:42:14Z,meta_ads
103141,000066aec4ae,2026-04-18T12:09:42Z,GB,SCT,meta,True,2026-04-18T12:09:42Z,meta_ads
102898,000066b384eb,2026-03-27T18:27:08Z,US,FL,direct,True,2026-03-27T18:27:08Z,direct
101277,000066b385b2,2025-11-24T14:51:15Z,US,PA,meta,False,2025-11-24T14:51:15Z,meta_ads
101541,000066b92170,2025-11-29T03:22:29Z,US,MI,direct,True,2025-11-29T03:22:29Z,direct
103244,000066bde274,2026-04-26T11:08:24Z,US,NY,Direct,True,2026-04-26T11:08:24Z,direct
101429,000066bde33b,2025-11-26T22:39:06Z,US,OH,tiktok,True,2025-11-26T22:39:06Z,tiktok_ads
101799,000066c37ef9,2025-12-13T14:29:44Z,CA,AB,influencer,False,2025-12-13T14:29:44Z,influencer
103299,000066c83ffd,2026-05-01T02:55:12Z,US,PA,tiktok,True,2026-05-01T02:55:12Z,tiktok_ads
102241,0000670367d2,2026-02-02T20:15:41Z,GB,SCT,referral,True,2026-02-02T20:15:41Z,referral
101685,0000670dc55b,2025-12-03T02:52:35Z,US,CA,meta,True,2025-12-03T02:52:35Z,meta_ads
100138,00006712865f,2025-07-17T13:46:28Z,US,FL,tiktok,False,2025-07-17T13:46:28Z,tiktok_ads
102903,00006718221d,2026-03-28T12:18:33Z,CA,AB,google_ads,True,2026-03-28T12:18:33Z,google_ads
101528,0000671822e4,2025-11-28T20:00:07Z,CA,BC,google_ads,False,2025-11-28T20:00:07Z,google_ads
103271,000067227fa6,2026-04-28T12:22:27Z,US,CA,google_ads,True,2026-04-28T12:22:27Z,google_ads
101095,00006722806d,2025-11-02T15:31:45Z,US,VA,organic_search,True,2025-11-02T15:31:45Z,organic_search
101874,000067281c2b,2025-12-20T11:03:27Z,US,OR,Influencer,False,2025-12-20T11:03:27Z,influencer
103341,0000672cdd2f,2026-05-04T11:11:24Z,CA,AB,referral,True,2026-05-04T11:11:24Z,referral
100664,0000672cddf6,2025-09-19T16:17:22Z,US,CA,IG,True,2025-09-19T16:17:22Z,meta_ads
101986,0000673279b4,2026-01-04T20:20:42Z,US,IL,,True,2026-01-04T20:20:42Z,unknown
104028,000067373ab8,2026-06-27T12:44:19Z,US,MA,meta,True,2026-06-27T12:44:19Z,meta_ads
100379,000067651ee3,2025-08-16T10:02:32Z,US,CA,meta,False,2025-08-16T10:02:32Z,meta_ads
104007,000067651faa,2026-06-25T13:19:17Z,CA,AB,direct,True,2026-06-25T13:19:17Z,direct
101044,0000676f7c6c,2025-10-26T17:25:35Z,US,VA,direct,True,2025-10-26T17:25:35Z,direct
103599,0000676f7d33,2026-05-24T12:08:53Z,US,IL,influencer,True,2026-05-24T12:08:53Z,influencer
101176,00006779d9f5,2025-11-13T18:54:22Z,US,CA,organic_search,True,2025-11-13T18:54:22Z,organic_search
103211,000067871cd8,2026-04-23T00:31:40Z,CA,BC,meta,False,2026-04-23T00:31:40Z,meta_ads
101141,000067871d9f,2025-11-08T20:02:19Z,US,TX,tiktok,False,2025-11-08T20:02:19Z,tiktok_ads
103441,000067917a61,2026-05-10T03:01:01Z,US,MD,facebook_ads,True,2026-05-10T03:01:01Z,meta_ads
100663,000067917b28,2025-09-19T14:25:42Z,US,AZ,meta,True,2025-09-19T14:25:42Z,meta_ads
103705,0000679bd7ea,2026-06-02T03:42:50Z,US,NY,google_ads,False,2026-06-02T03:42:50Z,google_ads
100363,0000679bd8b1,2025-08-14T04:17:46Z,US,CA,Direct,True,2025-08-14T04:17:46Z,direct
102273,000067c42057,2026-02-05T15:39:28Z,US,CA,google_ads,True,2026-02-05T15:39:28Z,google_ads
100010,000067c9bc15,2025-06-30T13:49:40Z,US,NY,,False,2025-06-30T13:49:40Z,unknown
103797,000067c9bcdc,2026-06-10T14:33:45Z,US,WA,organic_search,True,2026-06-10T14:33:45Z,organic_search
102177,000067ce7de0,2026-01-26T03:28:12Z,US,IL,Facebook,False,2026-01-26T03:28:12Z,meta_ads
100942,000067d4199e,2025-10-17T03:32:27Z,US,TX,direct,True,2025-10-17T03:32:27Z,direct
103652,000067d41a65,2026-05-28T00:37:56Z,US,GA,organic_search,False,2026-05-28T00:37:56Z,organic_search
101885,000067d8db69,2025-12-21T13:42:15Z,US,GA,organic_search,True,2025-12-21T13:42:15Z,organic_search
101163,000067de7727,2025-11-11T20:55:10Z,AU,NSW,,True,2025-11-11T20:55:10Z,unknown
103239,000067de77ee,2026-04-25T18:39:34Z,US,CA,direct,False,2026-04-25T18:39:34Z,direct
101499,000067e338f2,2025-11-28T07:19:24Z,GB,ENG,tiktok,True,2025-11-28T07:19:24Z,tiktok_ads
101289,000067e8d4b0,2025-11-24T18:23:35Z,US,WA,influencer,True,2025-11-24T18:23:35Z,influencer
100954,000067ed967b,2025-10-18T13:29:56Z,US,CO,Google,True,2025-10-18T13:29:56Z,google_ads
101991,000067f33239,2026-01-04T23:09:54Z,US,MN,tiktok,False,2026-01-04T23:09:54Z,tiktok_ads
103755,0000682e5a0e,2026-06-06T21:48:01Z,US,MN,,False,2026-06-06T21:48:01Z,unknown
102044,000068331b12,2026-01-09T11:59:48Z,US,CA,Direct,True,2026-01-09T11:59:48Z,direct
100878,00006838b6d0,2025-10-10T23:51:45Z,US,MD,organic_search,False,2025-10-10T23:51:45Z,organic_search
103453,00006838b797,2026-05-10T23:45:18Z,US,CA,tiktok,True,2026-05-10T23:45:18Z,tiktok_ads
101660,0000683d789b,2025-12-01T14:31:39Z,US,MI,facebook_ads,True,2025-12-01T14:31:39Z,meta_ads
101568,000068431459,2025-11-29T15:23:43Z,US,CA,meta,True,2025-11-29T15:23:43Z,meta_ads
103231,000068431520,2026-04-25T02:29:55Z,CA,ON,influencer,True,2026-04-25T02:29:55Z,influencer
103243,00006847d55d,2026-04-26T10:25:26Z,US,CA,influencer,True,2026-04-26T10:25:26Z,influencer
101213,00006847d624,2025-11-18T21:47:09Z,US,IN,organic_search,False,2025-11-18T21:47:09Z,organic_search
101985,00006847d624,2026-01-04T16:21:38Z,US,IN,,False,2026-01-04T16:21:38Z,unknown
101325,0000684d71e2,2025-11-25T09:49:03Z,US,WI,direct,True,2025-11-25T09:49:03Z,direct
102908,0000684d72a9,2026-03-28T18:46:15Z,US,MA,meta,True,2026-03-28T18:46:15Z,meta_ads
103401,0000685232e6,2026-05-07T14:04:57Z,US,MN,tiktok,False,2026-05-07T14:04:57Z,tiktok_ads
100993,0000685233ad,2025-10-21T14:16:43Z,CA,BC,meta,True,2025-10-21T14:16:43Z,meta_ads
101949,00006857cf6b,2026-01-01T03:18:28Z,US,WI,meta,False,2026-01-01T03:18:28Z,meta_ads
102516,00006857d032,2026-02-27T03:08:33Z,US,MO,meta,False,2026-02-27T03:08:33Z,meta_ads
103965,0000685c906f,2026-06-22T11:25:43Z,US,WI,organic_search,True,2026-06-22T11:25:43Z,organic_search
100411,0000685c9136,2025-08-19T16:48:06Z,US,CA,meta,True,2025-08-19T16:48:06Z,meta_ads
102363,000068622cf4,2026-02-13T09:34:26Z,US,NC,meta,True,2026-02-13T09:34:26Z,meta_ads
100129,00006866eebf,2025-07-16T12:33:48Z,US,TX,Google,False,2025-07-16T12:33:48Z,google_ads
101369,0000688a7561,2025-11-25T21:34:52Z,US,PA,Google,True,2025-11-25T21:34:52Z,google_ads
103791,00006894d2ea,2026-06-09T23:33:34Z,US,OR,influencer,False,2026-06-09T23:33:34Z,influencer
103338,0000689f3073,2026-05-04T07:15:58Z,GB,ENG,google_ads,True,2026-05-04T07:15:58Z,google_ads
101200,000068ac7356,2025-11-17T13:07:38Z,US,WI,direct,False,2025-11-17T13:07:38Z,direct
103393,000068b6d018,2026-05-07T02:09:12Z,US,CA,meta,True,2026-05-07T02:09:12Z,meta_ads
100952,000068b6d0df,2025-10-18T12:23:30Z,US,WA,Facebook,True,2025-10-18T12:23:30Z,meta_ads
103812,000068c12da1,2026-06-11T08:37:29Z,US,NY,google_ads,True,2026-06-11T08:37:29Z,google_ads
100412,000068c12e68,2025-08-19T17:29:42Z,US,MI,meta,False,2025-08-19T17:29:42Z,meta_ads
100103,000068cb8bf1,2025-07-12T19:04:23Z,CA,ON,Facebook,True,2025-07-12T19:04:23Z,meta_ads
103029,000068db8538,2026-04-09T10:18:40Z,US,PA,influencer,False,2026-04-09T10:18:40Z,influencer
103302,000068ef1293,2026-05-01T04:49:22Z,US,MA,Facebook,True,2026-05-01T04:49:22Z,meta_ads
100570,000068f96f55,2025-09-09T02:50:55Z,US,VA,influencer,True,2025-09-09T02:50:55Z,influencer
103782,000068f9701c,2026-06-09T00:06:12Z,US,MD,google_ads,True,2026-06-09T00:06:12Z,google_ads
100995,00006903ccde,2025-10-21T19:55:24Z,CA,AB,meta,True,2025-10-21T19:55:24Z,meta_ads
103625,00006903cda5,2026-05-26T11:07:59Z,US,CA,organic_search,True,2026-05-26T11:07:59Z,organic_search
101147,0000690e2a67,2025-11-09T02:10:53Z,AU,QLD,tiktok,True,2025-11-09T02:10:53Z,tiktok_ads
102655,0000690e2b2e,2026-03-14T14:47:27Z,GB,SCT,influencer,True,2026-03-14T14:47:27Z,influencer
101817,0000691887f0,2025-12-15T16:43:15Z,GB,SCT,,True,2025-12-15T16:43:15Z,unknown
102414,0000691888b7,2026-02-16T20:45:31Z,US,DE,organic_search,False,2026-02-16T20:45:31Z,organic_search
102542,00006922e579,2026-02-28T21:29:51Z,US,TN,referral,True,2026-02-28T21:29:51Z,referral
103923,0000695e0d4e,2026-06-20T02:36:23Z,CA,BC,referral,False,2026-06-20T02:36:23Z,referral
100792,000069686a10,2025-10-02T17:22:26Z,US,WA,Direct,True,2025-10-02T17:22:26Z,direct
103523,000069686ad7,2026-05-16T22:36:49Z,US,CA,tiktok,False,2026-05-16T22:36:49Z,tiktok_ads
101487,0000696d2bdb,2025-11-27T22:54:17Z,US,NY,referral,True,2025-11-27T22:54:17Z,referral
101401,00006972c799,2025-11-26T12:56:12Z,US,NY,,True,2025-11-26T12:56:12Z,unknown
102824,00006972c860,2026-03-21T10:12:29Z,GB,ENG,referral,False,2026-03-21T10:12:29Z,referral
100976,000069778964,2025-10-20T11:47:12Z,US,CA,influencer,True,2025-10-20T11:47:12Z,influencer
101937,0000697d2522,2025-12-29T20:17:41Z,US,MI,influencer,True,2025-12-29T20:17:41Z,influencer
102464,0000697d25e9,2026-02-21T20:17:36Z,US,MI,direct,True,2026-02-21T20:17:36Z,direct
100508,00006981e6ed,2025-09-02T23:38:18Z,US,MI,Google,False,2025-09-02T23:38:18Z,google_ads
100308,00006982c1a7,2025-08-08T10:15:10Z,US,OR,organic_search,True,2025-08-08T10:15:10Z,organic_search
102347,0000698782ab,2026-02-12T00:15:37Z,US,IL,google_ads,True,2026-02-12T00:15:37Z,google_ads
101984,000069878372,2026-01-04T15:07:53Z,US,CA,Facebook,True,2026-01-04T15:07:53Z,meta_ads
102354,000069878372,2026-02-12T08:52:37Z,US,CA,,False,2026-02-12T08:52:37Z,unknown
100034,0000698c4476,2025-07-04T10:01:51Z,US,OR,organic_search,True,2025-07-04T10:01:51Z,organic_search
100908,0000698d1f30,2025-10-13T12:31:30Z,US,WI,Influencer,True,2025-10-13T12:31:30Z,influencer
102614,00006991e034,2026-03-11T14:19:56Z,US,CA,google_ads,False,2026-03-11T14:19:56Z,google_ads
102962,0000699c3dbd,2026-04-03T21:01:25Z,US,TX,Influencer,True,2026-04-03T21:01:25Z,influencer
100640,000069dc2696,2025-09-17T16:00:04Z,US,WA,Direct,True,2025-09-17T16:00:04Z,direct
101888,000069e1c254,2025-12-21T20:47:59Z,CA,ON,referral,False,2025-12-21T20:47:59Z,referral
102484,000069e1c31b,2026-02-23T14:35:37Z,US,NY,google_ads,True,2026-02-23T14:35:37Z,google_ads
100713,000069e6841f,2025-09-25T14:52:02Z,US,AZ,organic_search,False,2025-09-25T14:52:02Z,organic_search
102264,000069ec1fdd,2026-02-04T14:41:16Z,US,TX,IG,True,2026-02-04T14:41:16Z,meta_ads
102078,000069ec20a4,2026-01-12T10:35:02Z,US,CA,google_ads,False,2026-01-12T10:35:02Z,google_ads
101201,000069f0e0e1,2025-11-17T15:29:10Z,US,CA,meta,True,2025-11-17T15:29:10Z,meta_ads
100091,000069f0e1a8,2025-07-11T15:14:18Z,US,CA,organic_search,True,2025-07-11T15:14:18Z,organic_search
102765,000069f67d66,2026-03-19T00:29:42Z,US,IL,facebook_ads,True,2026-03-19T00:29:42Z,meta_ads
101776,000069f67e2d,2025-12-11T09:05:06Z,US,NJ,organic_search,True,2025-12-11T09:05:06Z,organic_search
103222,00006a00daef,2026-04-24T00:39:16Z,US,FL,organic_search,True,2026-04-24T00:39:16Z,organic_search
101597,00006a00dbb6,2025-11-30T10:42:53Z,US,VA,tiktok,True,2025-11-30T10:42:53Z,tiktok_ads
103397,00006a0b3878,2026-05-07T11:34:43Z,US,WI,,False,2026-05-07T11:34:43Z,unknown
103895,00006a1ec5d3,2026-06-17T11:38:30Z,US,PA,tiktok,True,2026-06-17T11:38:30Z,tiktok_ads
103308,00006a29235c,2026-05-02T01:21:29Z,US,NC,influencer,True,2026-05-02T01:21:29Z,influencer
103049,00006a3380e5,2026-04-10T15:43:35Z,US,WA,organic_search,False,2026-04-10T15:43:35Z,organic_search
102628,00006a3dde6e,2026-03-12T23:17:22Z,US,CA,organic_search,True,2026-03-12T23:17:22Z,organic_search
100239,00006a437a2c,2025-07-30T00:44:32Z,US,FL,IG,True,2025-07-30T00:44:32Z,meta_ads
102457,00006a483bf7,2026-02-21T14:12:29Z,US,VA,organic_search,True,2026-02-21T14:12:29Z,organic_search
100764,00006a4dd7b5,2025-09-30T19:41:15Z,US,NJ,meta,False,2025-09-30T19:41:15Z,meta_ads
100146,00006a557eda,2025-07-18T21:08:42Z,US,NY,TikTok,False,2025-07-18T21:08:42Z,tiktok_ads
103411,00006a8dc08e,2026-05-08T11:28:12Z,US,CA,tiktok,True,2026-05-08T11:28:12Z,tiktok_ads
103234,00006a981e17,2026-04-25T08:22:43Z,US,NY,tiktok,False,2026-04-25T08:22:43Z,tiktok_ads
101859,00006aa27ad9,2025-12-18T22:52:44Z,US,FL,google_ads,False,2025-12-18T22:52:44Z,google_ads
102853,00006aa27ba0,2026-03-22T18:23:20Z,US,NJ,meta,False,2026-03-22T18:23:20Z,meta_ads
100148,00006aa8175e,2025-07-19T07:38:18Z,US,OH,meta,False,2025-07-19T07:38:18Z,meta_ads
103661,00006aa81825,2026-05-28T21:28:45Z,US,IN,meta,True,2026-05-28T21:28:45Z,meta_ads
102202,00006aacd862,2026-01-29T13:50:20Z,US,TX,direct,False,2026-01-29T13:50:20Z,direct
102291,00006aacd929,2026-02-07T00:36:22Z,US,CA,google_ads,False,2026-02-07T00:36:22Z,google_ads
100627,00006ab274e7,2025-09-16T08:14:29Z,US,NY,referral,False,2025-09-16T08:14:29Z,referral
103729,00006ab275ae,2026-06-04T09:51:26Z,US,CA,google_ads,True,2026-06-04T09:51:26Z,google_ads
102478,00006ab735eb,2026-02-23T01:11:05Z,US,NC,direct,True,2026-02-23T01:11:05Z,direct
101911,00006ab736b2,2025-12-26T23:16:43Z,US,TX,Facebook,False,2025-12-26T23:16:43Z,meta_ads
101001,00006abcd270,2025-10-22T18:09:00Z,US,OH,organic_search,False,2025-10-22T18:09:00Z,organic_search
102821,00006ac19374,2026-03-21T06:47:51Z,US,NJ,google_ads,False,2026-03-21T06:47:51Z,google_ads
101233,00006ac1943b,2025-11-22T20:30:16Z,US,PA,organic_search,True,2025-11-22T20:30:16Z,organic_search
103686,00006acbf0fd,2026-05-31T02:30:43Z,US,NC,organic_search,True,2026-05-31T02:30:43Z,organic_search
102633,00006b0718d2,2026-03-13T14:03:45Z,US,MD,influencer,True,2026-03-13T14:03:45Z,influencer
102127,00006b117594,2026-01-19T15:49:10Z,US,OH,tiktok,True,2026-01-19T15:49:10Z,tiktok_ads
102231,00006b11765b,2026-02-01T16:06:58Z,US,TX,IG,True,2026-02-01T16:06:58Z,meta_ads
100478,00006b16375f,2025-08-29T23:52:18Z,US,NY,google_ads,False,2025-08-29T23:52:18Z,google_ads
102361,00006b1bd31d,2026-02-13T07:13:25Z,US,MO,facebook_ads,False,2026-02-13T07:13:25Z,meta_ads
101834,00006b1bd3e4,2025-12-16T17:59:26Z,US,FL,google_ads,True,2025-12-16T17:59:26Z,google_ads
102549,00006b2630a6,2026-03-01T13:11:14Z,US,CO,meta,True,2026-03-01T13:11:14Z,meta_ads
101410,00006b26316d,2025-11-26T15:34:05Z,US,CO,Influencer,True,2025-11-26T15:34:05Z,influencer
103682,00006b308e2f,2026-05-30T14:34:15Z,US,MD,,False,2026-05-30T14:34:15Z,unknown
100882,00006b308ef6,2025-10-11T15:04:21Z,US,NJ,google_ads,True,2025-10-11T15:04:21Z,google_ads
101843,00006b362ab4,2025-12-17T14:20:45Z,US,FL,,False,2025-12-17T14:20:45Z,unknown
104033,00006b3aebb8,2026-06-28T01:05:06Z,CA,AB,direct,False,2026-06-28T01:05:06Z,direct
100104,00006b68cfe3,2025-07-13T00:42:49Z,US,CA,,True,2025-07-13T00:42:49Z,unknown
100349,00006b732d6c,2025-08-12T13:24:09Z,US,NC,meta,True,2025-08-12T13:24:09Z,meta_ads
104020,00006b732e33,2026-06-26T20:45:31Z,US,MD,referral,False,2026-06-26T20:45:31Z,referral
100936,00006b7d8af5,2025-10-16T20:52:36Z,US,NY,tiktok,False,2025-10-16T20:52:36Z,tiktok_ads
102586,00006b8acdd8,2026-03-07T01:09:12Z,US,NY,google_ads,False,2026-03-07T01:09:12Z,google_ads
103381,00006b952b61,2026-05-06T16:11:17Z,US,PA,influencer,True,2026-05-06T16:11:17Z,influencer
100881,00006b952c28,2025-10-11T11:40:04Z,US,TX,organic_search,False,2025-10-11T11:40:04Z,organic_search
103947,00006b9f88ea,2026-06-21T13:47:08Z,US,AZ,direct,True,2026-06-21T13:47:08Z,direct
100428,00006b9f89b1,2025-08-22T01:28:43Z,US,NY,direct,True,2025-08-22T01:28:43Z,direct
100906,00006ba9e673,2025-10-13T11:22:08Z,US,VA,meta,True,2025-10-13T11:22:08Z,meta_ads
100151,00006ba9e73a,2025-07-19T12:41:29Z,US,AZ,google_ads,True,2025-07-19T12:41:29Z,google_ads
102762,00006bc7d157,2026-03-18T23:20:43Z,US,MN,meta,True,2026-03-18T23:20:43Z,meta_ads
100040,00006bcd6d15,2025-07-05T05:06:55Z,AU,NSW,organic_search,False,2025-07-05T05:06:55Z,organic_search
102120,00006bd22ee0,2026-01-19T01:38:04Z,CA,ON,facebook_ads,True,2026-01-19T01:38:04Z,meta_ads
100365,00006bd7ca9e,2025-08-14T11:17:47Z,US,OR,influencer,False,2025-08-14T11:17:47Z,influencer
104014,00006bd7cb65,2026-06-26T11:04:07Z,US,CA,organic_search,True,2026-06-26T11:04:07Z,organic_search
102214,00006bdc8c69,2026-01-31T01:43:41Z,US,CA,organic_search,True,2026-01-31T01:43:41Z,organic_search
100851,00006be22827,2025-10-08T21:04:01Z,GB,ENG,organic_search,True,2025-10-08T21:04:01Z,organic_search
101250,00006be6e9f2,2025-11-24T01:59:24Z,US,CA,meta,False,2025-11-24T01:59:24Z,meta_ads
101559,00006bec85b0,2025-11-29T13:19:40Z,US,TX,organic_search,False,2025-11-29T13:19:40Z,organic_search
101260,00006bf1477b,2025-11-24T08:20:20Z,US,WI,influencer,True,2025-11-24T08:20:20Z,influencer
102492,00006c36cc12,2026-02-25T02:05:31Z,US,GA,,True,2026-02-25T02:05:31Z,unknown
100303,00006c3c67d0,2025-08-07T18:14:26Z,US,TX,,True,2025-08-07T18:14:26Z,unknown
102335,00006c4128d4,2026-02-10T12:11:56Z,US,FL,organic_search,False,2026-02-10T12:11:56Z,organic_search
102084,00006c41299b,2026-01-13T13:21:01Z,US,CA,direct,True,2026-01-13T13:21:01Z,direct
101072,00006c46c559,2025-10-29T21:49:45Z,US,TN,organic_search,False,2025-10-29T21:49:45Z,organic_search
103637,00006c46c620,2026-05-27T06:33:16Z,US,TN,organic_search,False,2026-05-27T06:33:16Z,organic_search
102807,00006c4b865d,2026-03-20T20:30:42Z,US,CA,influencer,True,2026-03-20T20:30:42Z,influencer
101306,00006c4b8724,2025-11-25T00:27:55Z,US,CO,referral,True,2025-11-25T00:27:55Z,referral
101480,00006c5122e2,2025-11-27T20:36:33Z,US,CA,meta,False,2025-11-27T20:36:33Z,meta_ads
103115,00006c5123a9,2026-04-16T16:25:36Z,US,CA,organic_search,True,2026-04-16T16:25:36Z,organic_search
103046,00006c55e3e6,2026-04-10T13:41:42Z,US,CA,direct,True,2026-04-10T13:41:42Z,direct
101256,00006c55e4ad,2025-11-24T04:00:30Z,US,FL,direct,False,2025-11-24T04:00:30Z,direct
101892,00006c5b806b,2025-12-22T13:08:14Z,US,TN,Google,True,2025-12-22T13:08:14Z,google_ads
102545,00006c5b8132,2026-03-01T05:41:13Z,US,OR,tiktok,False,2026-03-01T05:41:13Z,tiktok_ads
103301,00006c60416f,2026-05-01T04:37:01Z,AU,WA,influencer,False,2026-05-01T04:37:01Z,influencer
100838,00006c604236,2025-10-07T19:04:19Z,US,CA,meta,False,2025-10-07T19:04:19Z,meta_ads
101982,00006c65ddf4,2026-01-04T12:23:58Z,US,GA,influencer,False,2026-01-04T12:23:58Z,influencer
103868,00006c6a9ef8,2026-06-15T06:19:57Z,US,MA,meta,True,2026-06-15T06:19:57Z,meta_ads
103770,00006c9883ea,2026-06-07T23:23:30Z,US,MN,influencer,True,2026-06-07T23:23:30Z,influencer
103654,00006ca2e173,2026-05-28T01:34:22Z,US,GA,IG,True,2026-05-28T01:34:22Z,meta_ads
101292,00006cb02456,2025-11-24T19:27:32Z,US,CA,,False,2025-11-24T19:27:32Z,unknown
103195,00006cba8118,2026-04-22T09:58:11Z,US,TX,direct,False,2026-04-22T09:58:11Z,direct
101171,00006cba81df,2025-11-13T01:57:06Z,US,WI,direct,True,2025-11-13T01:57:06Z,direct
103509,00006cc4dea1,2026-05-15T14:16:55Z,US,FL,,True,2026-05-15T14:16:55Z,unknown
100774,00006cc4df68,2025-10-01T12:40:33Z,US,MO,organic_search,False,2025-10-01T12:40:33Z,organic_search
104003,00006ccf3c2a,2026-06-25T07:59:15Z,US,NY,organic_search,False,2026-06-25T07:59:15Z,organic_search
100377,00006ccf3cf1,2025-08-16T00:02:32Z,US,NY,influencer,True,2025-08-16T00:02:32Z,influencer
100333,00006cfd2055,2025-08-11T08:24:03Z,US,VA,direct,True,2025-08-11T08:24:03Z,direct
103801,00006cfd211c,2026-06-10T21:55:49Z,US,FL,meta,False,2026-06-10T21:55:49Z,meta_ads
100532,00006d077dde,2025-09-05T16:00:48Z,US,PA,organic_search,True,2025-09-05T16:00:48Z,organic_search
103310,00006d077ea5,2026-05-02T10:08:55Z,US,CA,organic_search,True,2026-05-02T10:08:55Z,organic_search
101098,00006d11db67,2025-11-03T01:01:51Z,US,NY,organic_search,False,2025-11-03T01:01:51Z,organic_search
103083,00006d11dc2e,2026-04-14T01:43:17Z,US,MI,influencer,True,2026-04-14T01:43:17Z,influencer
101404,00006d1c38f0,2025-11-26T13:50:25Z,CA,QC,Google,True,2025-11-26T13:50:25Z,google_ads
101866,00006d269679,2025-12-19T12:45:29Z,US,CA,meta,True,2025-12-19T12:45:29Z,meta_ads
103936,00006d33d95c,2026-06-20T23:52:07Z,AU,NSW,google_ads,True,2026-06-20T23:52:07Z,google_ads
103777,00006d61be4e,2026-06-08T12:34:23Z,US,CA,meta,True,2026-06-08T12:34:23Z,meta_ads
102041,00006d667f52,2026-01-09T01:40:44Z,US,CA,,True,2026-01-09T01:40:44Z,unknown
100756,00006d6c1b10,2025-09-30T08:57:06Z,US,PA,referral,False,2025-09-30T08:57:06Z,referral
103352,00006d6c1bd7,2026-05-04T21:45:55Z,US,IL,google_ads,True,2026-05-04T21:45:55Z,google_ads
101765,00006d70dcdb,2025-12-10T02:33:26Z,US,TX,influencer,True,2025-12-10T02:33:26Z,influencer
101409,00006d767899,2025-11-26T15:23:46Z,US,MO,Facebook,False,2025-11-26T15:23:46Z,meta_ads
102990,00006d767960,2026-04-06T12:26:00Z,US,CA,meta,False,2026-04-06T12:26:00Z,meta_ads
101117,00006d7b3a64,2025-11-05T15:26:38Z,US,OR,tiktok,False,2025-11-05T15:26:38Z,tiktok_ads
101423,00006d80d622,2025-11-26T20:46:41Z,US,CO,Influencer,True,2025-11-26T20:46:41Z,influencer
102880,00006d80d6e9,2026-03-25T19:51:58Z,US,FL,organic_search,True,2026-03-25T19:51:58Z,organic_search
100857,00006d8597ed,2025-10-09T03:58:08Z,US,CA,influencer,True,2025-10-09T03:58:08Z,influencer
101049,00006d8b33ab,2025-10-27T07:32:43Z,US,TX,,False,2025-10-27T07:32:43Z,unknown
102514,00006d8b3472,2026-02-27T01:25:08Z,CA,ON,influencer,False,2026-02-27T01:25:08Z,influencer
100539,00006d8ff576,2025-09-06T11:29:08Z,US,PA,influencer,False,2025-09-06T11:29:08Z,influencer
100710,00006d90d030,2025-09-25T08:11:45Z,US,MI,google_ads,True,2025-09-25T08:11:45Z,google_ads
102266,00006d959134,2026-02-04T17:38:35Z,US,FL,organic_search,True,2026-02-04T17:38:35Z,organic_search
100192,00006d9a52ff,2025-07-24T05:20:11Z,US,CA,influencer,True,2025-07-24T05:20:11Z,influencer
101343,00006ddfd796,2025-11-25T13:49:37Z,US,TX,IG,True,2025-11-25T13:49:37Z,meta_ads
101432,00006de57354,2025-11-26T23:07:00Z,US,NJ,organic_search,False,2025-11-26T23:07:00Z,organic_search
103348,00006dea3458,2026-05-04T17:47:50Z,US,WA,meta,True,2026-05-04T17:47:50Z,meta_ads
100782,00006dea351f,2025-10-01T19:39:52Z,US,AZ,referral,True,2025-10-01T19:39:52Z,referral
101857,00006defd0dd,2025-12-18T21:31:32Z,US,NJ,,False,2025-12-18T21:31:32Z,unknown
103768,00006df491e1,2026-06-07T21:07:46Z,US,IN,meta,True,2026-06-07T21:07:46Z,meta_ads
100694,00006df492a8,2025-09-23T23:09:43Z,US,AZ,direct,True,2025-09-23T23:09:43Z,direct
102227,00006dfa2e66,2026-02-01T12:04:24Z,US,CA,google_ads,True,2026-02-01T12:04:24Z,google_ads
102068,00006dfa2f2d,2026-01-11T20:14:37Z,US,NJ,referral,True,2026-01-11T20:14:37Z,referral
102394,00006dfeef6a,2026-02-15T02:58:03Z,US,TX,facebook_ads,True,2026-02-15T02:58:03Z,meta_ads
100099,00006dfef031,2025-07-12T15:12:22Z,US,PA,meta,True,2025-07-12T15:12:22Z,meta_ads
102788,00006e048bef,2026-03-20T03:46:17Z,US,TX,organic_search,True,2026-03-20T03:46:17Z,organic_search
101562,00006e048cb6,2025-11-29T13:48:16Z,US,NY,organic_search,True,2025-11-29T13:48:16Z,organic_search
103058,00006e0ee978,2026-04-11T04:45:03Z,US,MI,google_ads,True,2026-04-11T04:45:03Z,google_ads
102978,00006e2276d3,2026-04-05T02:12:54Z,US,MI,,True,2026-04-05T02:12:54Z,unknown
103733,00006e2cd45c,2026-06-04T14:50:18Z,US,NC,google_ads,False,2026-06-04T14:50:18Z,google_ads
103674,00006e3731e5,2026-05-29T18:28:56Z,US,FL,Facebook,True,2026-05-29T18:28:56Z,meta_ads
103143,00006e418f6e,2026-04-18T14:20:06Z,GB,WLS,meta,False,2026-04-18T14:20:06Z,meta_ads
102812,00006e4becf7,2026-03-20T23:53:14Z,US,WA,influencer,True,2026-03-20T23:53:14Z,influencer
100515,00006e592fda,2025-09-03T16:56:51Z,US,CA,direct,True,2025-09-03T16:56:51Z,direct
102032,00006e638c9c,2026-01-08T15:10:11Z,US,NC,meta,True,2026-01-08T15:10:11Z,meta_ads
100095,00006e638d63,2025-07-12T06:39:57Z,CA,QC,facebook_ads,True,2025-07-12T06:39:57Z,meta_ads
103945,00006e91718e,2026-06-21T12:35:09Z,US,IL,google_ads,False,2026-06-21T12:35:09Z,google_ads
100890,00006e9bce50,2025-10-12T05:07:34Z,CA,AB,influencer,True,2025-10-12T05:07:34Z,influencer
103405,00006e9bcf17,2026-05-07T23:53:48Z,US,MN,influencer,False,2026-05-07T23:53:48Z,influencer
101488,00006ea62bd9,2025-11-27T23:17:48Z,US,WA,,True,2025-11-27T23:17:48Z,unknown
102949,00006ea62ca0,2026-04-02T16:25:35Z,US,NC,Influencer,True,2026-04-02T16:25:35Z,influencer
101741,00006eb08962,2025-12-07T23:22:13Z,US,NJ,organic_search,True,2025-12-07T23:22:13Z,organic_search
102841,00006eb08a29,2026-03-21T23:03:48Z,US,FL,IG,True,2026-03-21T23:03:48Z,meta_ads
100340,00006eb625e7,2025-08-11T21:10:15Z,US,PA,IG,False,2025-08-11T21:10:15Z,meta_ads
103741,00006eb626ae,2026-06-05T00:12:50Z,US,NY,tiktok,False,2026-06-05T00:12:50Z,tiktok_ads
102134,00006ebae6eb,2026-01-20T10:22:16Z,US,TX,organic_search,True,2026-01-20T10:22:16Z,organic_search
102088,00006ebae7b2,2026-01-14T02:50:19Z,US,PA,organic_search,True,2026-01-14T02:50:19Z,organic_search
100711,00006ec08370,2025-09-25T10:41:51Z,US,TX,Influencer,True,2025-09-25T10:41:51Z,influencer
102562,00006ec54474,2026-03-03T03:15:22Z,US,NH,meta,True,2026-03-03T03:15:22Z,meta_ads
103214,00006f0ac9d2,2026-04-23T12:57:15Z,US,TX,meta,False,2026-04-23T12:57:15Z,meta_ads
101178,00006f0f8ad6,2025-11-14T00:59:41Z,US,FL,Google,True,2025-11-14T00:59:41Z,google_ads
101894,00006f152694,2025-12-22T19:12:05Z,US,MN,influencer,False,2025-12-22T19:12:05Z,influencer
102820,00006f15275b,2026-03-21T02:43:01Z,US,FL,,True,2026-03-21T02:43:01Z,unknown
100597,00006f19e85f,2025-09-12T13:07:22Z,AU,VIC,direct,False,2025-09-12T13:07:22Z,direct
102030,00006f1f841d,2026-01-08T13:23:35Z,US,CA,meta,False,2026-01-08T13:23:35Z,meta_ads
102124,00006f1f84e4,2026-01-19T13:07:49Z,US,NY,meta,True,2026-01-19T13:07:49Z,meta_ads
100400,00006f2445e8,2025-08-18T21:03:21Z,US,GA,google_ads,True,2025-08-18T21:03:21Z,google_ads
102774,00006f29e1a6,2026-03-19T13:55:21Z,US,NJ,direct,False,2026-03-19T13:55:21Z,direct
101845,00006f29e26d,2025-12-17T15:03:40Z,US,TN,meta,True,2025-12-17T15:03:40Z,meta_ads
103026,00006f343f2f,2026-04-09T01:43:01Z,US,MA,organic_search,True,2026-04-09T01:43:01Z,organic_search
101550,00006f343ff6,2025-11-29T10:18:36Z,US,CA,Facebook,False,2025-11-29T10:18:36Z,meta_ads
103422,00006f3e9cb8,2026-05-08T21:59:56Z,AU,NSW,Google,True,2026-05-08T21:59:56Z,google_ads
100188,00006f76de6c,2025-07-23T13:58:23Z,US,OR,direct,False,2025-07-23T13:58:23Z,direct
100594,00006f813bf5,2025-09-12T07:18:15Z,US,OR,google_ads,False,2025-09-12T07:18:15Z,google_ads
100288,00006f88e31a,2025-08-06T00:54:38Z,US,MO,influencer,False,2025-08-06T00:54:38Z,influencer
102797,00006f8e7ed8,2026-03-20T11:35:00Z,US,OH,organic_search,False,2026-03-20T11:35:00Z,organic_search
103228,00006f98dc61,2026-04-24T08:36:10Z,GB,ENG,google_ads,False,2026-04-24T08:36:10Z,google_ads
103339,00006fa339ea,2026-05-04T08:01:00Z,US,NC,Facebook,False,2026-05-04T08:01:00Z,meta_ads
103937,00006fad9773,2026-06-21T01:19:21Z,CA,BC,referral,True,2026-06-21T01:19:21Z,referral
101699,00006fb7f4fc,2025-12-04T01:33:50Z,US,WA,organic_search,True,2025-12-04T01:33:50Z,organic_search
103519,00006fc124ce,2026-05-16T12:31:28Z,US,IN,,True,2026-05-16T12:31:28Z,unknown
103139,00006fcb8257,2026-04-18T10:09:15Z,US,MI,Google,False,2026-04-18T10:09:15Z,google_ads
102882,00006fd5dfe0,2026-03-25T23:54:23Z,US,CO,google_ads,False,2026-03-25T23:54:23Z,google_ads
100115,00006fdb7b9e,2025-07-14T02:19:11Z,US,FL,meta,True,2025-07-14T02:19:11Z,meta_ads
102752,00006fdb7c65,2026-03-18T16:21:02Z,US,CA,direct,True,2026-03-18T16:21:02Z,direct
102388,00006fe03d69,2026-02-14T21:03:17Z,US,WA,google_ads,True,2026-02-14T21:03:17Z,google_ads
100747,00006fe5d927,2025-09-29T14:19:59Z,CA,BC,IG,False,2025-09-29T14:19:59Z,meta_ads
103798,00006fe5d9ee,2026-06-10T16:16:06Z,US,CO,organic_search,True,2026-06-10T16:16:06Z,organic_search
101795,00006fea9af2,2025-12-13T00:34:50Z,US,FL,meta,False,2025-12-13T00:34:50Z,meta_ads
100937,00006ff036b0,2025-10-16T22:08:37Z,US,OH,influencer,True,2025-10-16T22:08:37Z,influencer
102757,0000703a7d12,2026-03-18T20:30:13Z,US,TX,organic_search,True,2026-03-18T20:30:13Z,organic_search
100036,0000704018d0,2025-07-04T13:21:26Z,US,TX,meta,True,2025-07-04T13:21:26Z,meta_ads
101965,00007044d9d4,2026-01-02T23:11:05Z,US,CO,Google,False,2026-01-02T23:11:05Z,google_ads
102495,00007044da9b,2026-02-25T13:05:52Z,US,CA,influencer,True,2026-02-25T13:05:52Z,influencer
100639,0000704a7659,2025-09-17T13:09:59Z,US,TN,organic_search,True,2025-09-17T13:09:59Z,organic_search
102500,0000704f375d,2026-02-25T22:49:42Z,US,OH,referral,True,2026-02-25T22:49:42Z,referral
101797,0000704f3824,2025-12-13T05:10:02Z,CA,QC,meta,True,2025-12-13T05:10:02Z,meta_ads
100900,00007054d3e2,2025-10-13T00:21:44Z,US,NC,facebook_ads,True,2025-10-13T00:21:44Z,meta_ads
103489,00007054d4a9,2026-05-13T16:11:43Z,US,MD,meta,True,2026-05-13T16:11:43Z,meta_ads
102914,0000705994e6,2026-03-29T07:44:21Z,US,MA,meta,True,2026-03-29T07:44:21Z,meta_ads
101276,0000705995ad,2025-11-24T14:28:00Z,US,CA,referral,False,2025-11-24T14:28:00Z,referral
101272,0000705f316b,2025-11-24T12:33:06Z,US,IL,organic_search,False,2025-11-24T12:33:06Z,organic_search
102975,0000705f3232,2026-04-05T00:05:31Z,CA,AB,meta,False,2026-04-05T00:05:31Z,meta_ads
102935,00007063f26f,2026-04-01T02:07:48Z,US,NY,tiktok,True,2026-04-01T02:07:48Z,tiktok_ads
101478,00007063f336,2025-11-27T19:34:37Z,US,VA,TikTok,True,2025-11-27T19:34:37Z,tiktok_ads
101794,000070698ef4,2025-12-13T00:11:11Z,US,MN,direct,True,2025-12-13T00:11:11Z,direct
103521,0000706e4ff8,2026-05-16T15:04:26Z,US,NC,tiktok,True,2026-05-16T15:04:26Z,tiktok_ads
101828,000070b3d556,2025-12-16T12:16:17Z,US,CA,direct,True,2025-12-16T12:16:17Z,direct
100122,000070b8965a,2025-07-15T10:10:53Z,GB,ENG,organic_search,False,2025-07-15T10:10:53Z,organic_search
102827,000070be3218,2026-03-21T11:47:22Z,GB,ENG,tiktok,True,2026-03-21T11:47:22Z,tiktok_ads
101296,000070be32df,2025-11-24T21:56:17Z,US,NY,influencer,True,2025-11-24T21:56:17Z,influencer
103134,000070c88fa1,2026-04-17T23:40:37Z,US,GA,meta,False,2026-04-17T23:40:37Z,meta_ads
101304,000070c89068,2025-11-25T00:09:03Z,US,TX,google_ads,True,2025-11-25T00:09:03Z,google_ads
103514,000070d2ed2a,2026-05-16T06:36:24Z,CA,AB,direct,True,2026-05-16T06:36:24Z,direct
100506,000070d2edf1,2025-09-02T17:18:06Z,US,MI,,True,2025-09-02T17:18:06Z,unknown
103940,000070dd4ab3,2026-06-21T03:30:24Z,US,IN,organic_search,True,2026-06-21T03:30:24Z,organic_search
100269,000070dd4b7a,2025-08-03T00:37:31Z,GB,WLS,direct,False,2025-08-03T00:37:31Z,direct
100391,0000710b2ede,2025-08-17T15:36:54Z,US,CO,direct,True,2025-08-17T15:36:54Z,direct
103737,0000710b2fa5,2026-06-04T18:39:37Z,US,CA,influencer,True,2026-06-04T18:39:37Z,influencer
100922,000071158c67,2025-10-14T15:24:46Z,US,NJ,influencer,True,2025-10-14T15:24:46Z,influencer
103645,000071158d2e,2026-05-27T16:41:56Z,US,VA,referral,False,2026-05-27T16:41:56Z,referral
101093,0000711fe9f0,2025-11-02T13:29:25Z,US,WI,google_ads,True,2025-11-02T13:29:25Z,google_ads
102942,0000712d2cd3,2026-04-02T02:22:48Z,US,NY,Facebook,False,2026-04-02T02:22:48Z,meta_ads
103510,000071378a5c,2026-05-15T17:22:59Z,US,NC,meta,True,2026-05-15T17:22:59Z,meta_ads
103833,000071378a5c,2026-06-12T19:22:56Z,US,NC,,False,2026-06-12T19:22:56Z,unknown
103979,00007141e7e5,2026-06-23T13:42:58Z,US,CA,google_ads,True,2026-06-23T13:42:58Z,google_ads
102419,0000716a3052,2026-02-17T14:50:07Z,US,TX,organic_search,True,2026-02-17T14:50:07Z,organic_search
100305,0000716fcc10,2025-08-08T01:53:14Z,US,PA,,False,2025-08-08T01:53:14Z,unknown
104047,0000716fccd7,2026-06-29T17:41:34Z,US,WI,organic_search,False,2026-06-29T17:41:34Z,organic_search
102258,000071748d14,2026-02-03T22:29:29Z,US,WA,Facebook,True,2026-02-03T22:29:29Z,meta_ads
101978,000071748ddb,2026-01-04T01:15:46Z,US,MI,direct,False,2026-01-04T01:15:46Z,direct
100813,0000717a2999,2025-10-04T22:26:41Z,US,TN,meta,True,2025-10-04T22:26:41Z,meta_ads
103650,0000717a2a60,2026-05-27T21:04:46Z,AU,VIC,Influencer,True,2026-05-27T21:04:46Z,influencer
101808,0000717eeb64,2025-12-14T16:39:32Z,US,TX,Direct,False,2025-12-14T16:39:32Z,direct
101324,000071848722,2025-11-25T09:30:22Z,US,FL,direct,True,2025-11-25T09:30:22Z,direct
103005,0000718487e9,2026-04-07T14:54:59Z,US,AZ,meta,False,2026-04-07T14:54:59Z,meta_ads
101508,0000718948ed,2025-11-28T12:08:41Z,US,AZ,meta,False,2025-11-28T12:08:41Z,meta_ads
101539,0000718ee4ab,2025-11-29T02:38:59Z,US,NJ,influencer,True,2025-11-29T02:38:59Z,influencer
102654,0000718ee572,2026-03-14T14:39:22Z,GB,WLS,referral,True,2026-03-14T14:39:22Z,referral
100833,00007193a676,2025-10-07T09:08:28Z,US,GA,influencer,True,2025-10-07T09:08:28Z,influencer
102053,000071994234,2026-01-10T00:15:18Z,US,NY,direct,True,2026-01-10T00:15:18Z,direct
100960,000071dec6cb,2025-10-19T10:12:38Z,US,OH,meta,True,2025-10-19T10:12:38Z,meta_ads
101658,000071e38896,2025-12-01T14:10:41Z,US,CA,referral,True,2025-12-01T14:10:41Z,referral
101533,000071e92454,2025-11-28T22:35:12Z,GB,SCT,tiktok,True,2025-11-28T22:35:12Z,tiktok_ads
103196,000071ede558,2026-04-22T10:53:11Z,US,CO,google_ads,True,2026-04-22T10:53:11Z,google_ads
101451,000071ede61f,2025-11-27T12:25:31Z,US,IL,organic_search,True,2025-11-27T12:25:31Z,organic_search
101330,000071f381dd,2025-11-25T11:01:40Z,US,NY,,False,2025-11-25T11:01:40Z,unknown
103457,000071f842e1,2026-05-11T01:23:13Z,US,PA,organic_search,True,2026-05-11T01:23:13Z,organic_search
100991,000071f843a8,2025-10-21T12:07:58Z,US,NY,Facebook,False,2025-10-21T12:07:58Z,meta_ads
102018,000071fddf66,2026-01-07T11:39:44Z,US,TX,influencer,False,2026-01-07T11:39:44Z,influencer
103883,00007202a06a,2026-06-16T11:58:41Z,US,FL,google_ads,False,2026-06-16T11:58:41Z,google_ads
102252,000072083cef,2026-02-03T12:21:45Z,US,PA,direct,True,2026-02-03T12:21:45Z,direct
100109,0000720cfeba,2025-07-13T09:12:35Z,US,TN,meta,True,2025-07-13T09:12:35Z,meta_ads
102866,000072129a78,2026-03-24T02:26:07Z,US,NY,,True,2026-03-24T02:26:07Z,unknown
103670,00007230855c,2026-05-29T15:06:38Z,US,CO,Facebook,True,2026-05-29T15:06:38Z,meta_ads
103992,0000723ae2e5,2026-06-24T11:26:10Z,US,PA,Facebook,False,2026-06-24T11:26:10Z,meta_ads
103653,00007245406e,2026-05-28T00:38:32Z,CA,BC,meta,False,2026-05-28T00:38:32Z,meta_ads
101159,000072528351,2025-11-10T11:19:28Z,AU,VIC,meta,False,2025-11-10T11:19:28Z,meta_ads
100869,0000725ce0da,2025-10-10T04:34:01Z,US,PA,organic_search,False,2025-10-10T04:34:01Z,organic_search
103779,000072673d9c,2026-06-08T14:55:30Z,US,TN,facebook_ads,False,2026-06-08T14:55:30Z,meta_ads
100342,000072673e63,2025-08-11T22:43:48Z,US,CO,meta,True,2025-08-11T22:43:48Z,meta_ads
100072,000072719bec,2025-07-09T12:20:43Z,US,CA,direct,False,2025-07-09T12:20:43Z,direct
102770,00007295228e,2026-03-19T10:49:11Z,US,PA,organic_search,True,2026-03-19T10:49:11Z,organic_search
100669,0000729f7f50,2025-09-20T02:55:05Z,CA,QC,meta,False,2025-09-20T02:55:05Z,meta_ads
103855,0000729f8017,2026-06-14T14:32:15Z,US,CA,google_ads,True,2026-06-14T14:32:15Z,google_ads
100944,000072a9dcd9,2025-10-17T12:46:02Z,US,NC,meta,True,2025-10-17T12:46:02Z,meta_ads
103390,000072a9dda0,2026-05-07T00:45:23Z,AU,WA,organic_search,False,2026-05-07T00:45:23Z,organic_search
101630,000072b43a62,2025-11-30T21:55:29Z,US,VA,organic_search,False,2025-11-30T21:55:29Z,organic_search
102858,000072b43b29,2026-03-23T06:47:51Z,US,NY,organic_search,False,2026-03-23T06:47:51Z,organic_search
101770,000072be97eb,2025-12-10T15:56:24Z,US,AZ,Facebook,True,2025-12-10T15:56:24Z,meta_ads
102421,000072be98b2,2026-02-18T00:22:07Z,US,WA,Facebook,True,2026-02-18T00:22:07Z,meta_ads
100282,000072c43470,2025-08-04T18:24:53Z,AU,QLD,direct,False,2025-08-04T18:24:53Z,direct
101993,000072c8f574,2026-01-05T00:39:13Z,GB,ENG,referral,False,2026-01-05T00:39:13Z,referral
103911,000073041d49,2026-06-19T14:42:36Z,US,FL,meta,True,2026-06-19T14:42:36Z,meta_ads
103227,0000730e7ad2,2026-04-24T06:56:09Z,US,TX,TikTok,False,2026-04-24T06:56:09Z,tiktok_ads
101466,000073133bd6,2025-11-27T15:39:49Z,US,MO,influencer,False,2025-11-27T15:39:49Z,influencer
101578,00007318d794,2025-11-29T20:48:10Z,US,MO,,False,2025-11-29T20:48:10Z,unknown
102663,00007318d85b,2026-03-14T21:19:04Z,US,MO,organic_search,True,2026-03-14T21:19:04Z,organic_search
103207,0000731d9898,2026-04-22T22:44:04Z,US,NC,TikTok,False,2026-04-22T22:44:04Z,tiktok_ads
100926,0000731d995f,2025-10-15T12:56:16Z,CA,BC,referral,True,2025-10-15T12:56:16Z,referral
101720,00007323351d,2025-12-05T23:22:10Z,US,PA,,False,2025-12-05T23:22:10Z,unknown
102438,0000732335e4,2026-02-19T23:44:30Z,US,TX,organic_search,True,2026-02-19T23:44:30Z,organic_search
103776,00007327f621,2026-06-08T09:21:26Z,US,FL,tiktok,False,2026-06-08T09:21:26Z,tiktok_ads
100563,00007327f6e8,2025-09-08T07:17:38Z,US,AZ,organic_search,False,2025-09-08T07:17:38Z,organic_search
102238,0000732d92a6,2026-02-02T13:10:31Z,US,IL,facebook_ads,True,2026-02-02T13:10:31Z,meta_ads
101962,0000732d936d,2026-01-02T19:27:00Z,US,MN,meta,False,2026-01-02T19:27:00Z,meta_ads
100234,000073325471,2025-07-29T12:30:34Z,US,TX,meta,False,2025-07-29T12:30:34Z,meta_ads
102822,00007337f02f,2026-03-21T07:19:25Z,US,CA,influencer,True,2026-03-21T07:19:25Z,influencer
101806,00007337f0f6,2025-12-14T02:19:54Z,US,CA,meta,True,2025-12-14T02:19:54Z,meta_ads
103128,000073424db8,2026-04-17T15:52:54Z,US,CA,tiktok,True,2026-04-17T15:52:54Z,tiktok_ads
101887,00007387d24f,2025-12-21T16:51:46Z,US,TX,tiktok,True,2025-12-21T16:51:46Z,tiktok_ads
100749,0000738c941a,2025-09-29T16:56:25Z,US,WA,organic_search,True,2025-09-29T16:56:25Z,organic_search
102342,000073922fd8,2026-02-11T15:08:52Z,US,TX,IG,False,2026-02-11T15:08:52Z,meta_ads
103627,00007396f0dc,2026-05-26T13:50:07Z,US,DE,direct,True,2026-05-26T13:50:07Z,direct
100159,00007396f1a3,2025-07-19T21:42:57Z,US,MI,organic_search,True,2025-07-19T21:42:57Z,organic_search
102559,0000739c8d61,2026-03-02T22:36:19Z,US,WA,google_ads,True,2026-03-02T22:36:19Z,google_ads
103152,000073a6eaea,2026-04-19T02:38:38Z,US,CA,,True,2026-04-19T02:38:38Z,unknown
103387,000073b14873,2026-05-07T00:12:54Z,US,FL,google_ads,False,2026-05-07T00:12:54Z,google_ads
103764,000073c4d5ce,2026-06-07T13:57:55Z,CA,BC,Facebook,False,2026-06-07T13:57:55Z,meta_ads
100977,000073cf3290,2025-10-20T12:08:01Z,US,MO,Google,True,2025-10-20T12:08:01Z,google_ads
103617,000073cf3357,2026-05-25T20:07:04Z,CA,AB,direct,True,2026-05-25T20:07:04Z,direct
103015,000073d990e0,2026-04-08T09:21:11Z,CA,AB,organic_search,True,2026-04-08T09:21:11Z,organic_search
102784,000073e3ee69,2026-03-19T23:00:42Z,US,NH,meta,True,2026-03-19T23:00:42Z,meta_ads
100124,000073e98a27,2025-07-15T14:39:51Z,US,OR,direct,False,2025-07-15T14:39:51Z,direct
102640,000073e98aee,2026-03-14T01:17:30Z,US,MI,google_ads,True,2026-03-14T01:17:30Z,google_ads
102253,000073ee4bf2,2026-02-03T14:49:08Z,US,WA,meta,False,2026-02-03T14:49:08Z,meta_ads
100662,000073f3e7b0,2025-09-19T13:28:17Z,US,CA,tiktok,True,2025-09-19T13:28:17Z,tiktok_ads
100158,000073fb8ed5,2025-07-19T21:18:11Z,US,CA,referral,True,2025-07-19T21:18:11Z,referral
102947,0000743e2e12,2026-04-02T14:34:31Z,US,IL,,False,2026-04-02T14:34:31Z,unknown
101868,000074488ad4,2025-12-19T17:07:48Z,US,NY,direct,True,2025-12-19T17:07:48Z,direct
102378,000074488b9b,2026-02-14T03:57:16Z,US,MD,meta,True,2026-02-14T03:57:16Z,meta_ads
100223,0000744e2759,2025-07-27T20:23:02Z,US,NY,,False,2025-07-27T20:23:02Z,unknown
101966,00007452e85d,2026-01-03T01:10:21Z,US,WA,direct,True,2026-01-03T01:10:21Z,direct
102113,00007452e924,2026-01-18T05:48:30Z,US,VA,Influencer,True,2026-01-18T05:48:30Z,influencer
100502,0000745884e2,2025-09-02T11:09:50Z,US,CA,organic_search,False,2025-09-02T11:09:50Z,organic_search
102287,0000745d45e6,2026-02-06T19:30:21Z,US,NY,referral,False,2026-02-06T19:30:21Z,referral
101652,0000745d46ad,2025-12-01T06:41:10Z,GB,ENG,Facebook,True,2025-12-01T06:41:10Z,meta_ads
100789,00007462e26b,2025-10-02T15:13:26Z,US,WA,,False,2025-10-02T15:13:26Z,unknown
102787,00007467a36f,2026-03-19T23:46:09Z,US,NC,organic_search,False,2026-03-19T23:46:09Z,organic_search
101494,00007467a436,2025-11-28T03:04:52Z,AU,VIC,meta,True,2025-11-28T03:04:52Z,meta_ads
101609,0000746d3ff4,2025-11-30T15:08:25Z,GB,ENG,google_ads,False,2025-11-30T15:08:25Z,google_ads
103406,0000747200f8,2026-05-08T00:23:07Z,US,GA,Facebook,False,2026-05-08T00:23:07Z,meta_ads
102747,000074ad28cd,2026-03-18T11:42:03Z,US,TX,facebook_ads,True,2026-03-18T11:42:03Z,meta_ads
102021,000074b78656,2026-01-07T17:48:19Z,US,AZ,IG,True,2026-01-07T17:48:19Z,meta_ads
100374,000074bc475a,2025-08-15T11:55:32Z,US,WI,google_ads,True,2025-08-15T11:55:32Z,google_ads
102226,000074c1e318,2026-02-01T11:24:35Z,US,CO,organic_search,False,2026-02-01T11:24:35Z,organic_search
101827,000074c1e3df,2025-12-16T12:04:49Z,US,TX,meta,True,2025-12-16T12:04:49Z,meta_ads
102878,000074cc40a1,2026-03-25T17:56:53Z,US,CO,meta,True,2026-03-25T17:56:53Z,meta_ads
101500,000074cc4168,2025-11-28T07:43:45Z,AU,NSW,meta,False,2025-11-28T07:43:45Z,meta_ads
103604,000074d69e2a,2026-05-24T20:20:24Z,US,MD,influencer,True,2026-05-24T20:20:24Z,influencer
100967,000074d69ef1,2025-10-19T17:42:01Z,GB,ENG,IG,True,2025-10-19T17:42:01Z,meta_ads
104016,000074e0fbb3,2026-06-26T14:31:45Z,US,IL,direct,False,2026-06-26T14:31:45Z,direct
100612,000074eb593c,2025-09-14T07:01:19Z,US,NY,meta,True,2025-09-14T07:01:19Z,meta_ads
100055,0000750edfde,2025-07-08T00:41:54Z,US,MN,meta,False,2025-07-08T00:41:54Z,meta_ads
100353,000075193d67,2025-08-13T10:03:34Z,US,NY,meta,False,2025-08-13T10:03:34Z,meta_ads
103830,000075193e2e,2026-06-12T16:23:16Z,US,NY,meta,True,2026-06-12T16:23:16Z,meta_ads
100910,000075239af0,2025-10-13T15:20:09Z,US,TX,Facebook,True,2025-10-13T15:20:09Z,meta_ads
102948,00007530ddd3,2026-04-02T15:14:21Z,US,CA,,True,2026-04-02T15:14:21Z,unknown
103447,0000753b3b5c,2026-05-10T16:42:56Z,US,TN,tiktok,False,2026-05-10T16:42:56Z,tiktok_ads
103961,0000754598e5,2026-06-22T02:01:57Z,US,FL,direct,True,2026-06-22T02:01:57Z,direct
101812,0000754ff66e,2025-12-15T10:05:49Z,US,MO,google_ads,True,2025-12-15T10:05:49Z,google_ads
102845,0000756de152,2026-03-22T02:51:19Z,US,TN,meta,True,2026-03-22T02:51:19Z,meta_ads
100076,000075737d10,2025-07-09T18:48:30Z,US,CA,,False,2025-07-09T18:48:30Z,unknown
101738,000075783e14,2025-12-07T19:09:38Z,US,MD,Facebook,True,2025-12-07T19:09:38Z,meta_ads
100434,0000757dda99,2025-08-23T04:50:51Z,US,CA,google_ads,False,2025-08-23T04:50:51Z,google_ads
103837,0000757ddb60,2026-06-13T01:16:03Z,US,MD,meta,False,2026-06-13T01:16:03Z,meta_ads
102522,000075829b9d,2026-02-27T14:25:13Z,US,TX,meta,True,2026-02-27T14:25:13Z,meta_ads
102175,000075829c64,2026-01-26T02:24:50Z,US,FL,Facebook,True,2026-01-26T02:24:50Z,meta_ads
101067,000075883822,2025-10-28T21:49:06Z,US,PA,meta,False,2025-10-28T21:49:06Z,meta_ads
103613,0000758838e9,2026-05-25T13:59:46Z,US,FL,google_ads,True,2026-05-25T13:59:46Z,google_ads
101514,0000758cf9ed,2025-11-28T13:54:42Z,US,NJ,direct,False,2025-11-28T13:54:42Z,direct
101249,0000759295ab,2025-11-24T01:36:13Z,US,TX,google_ads,False,2025-11-24T01:36:13Z,google_ads
101388,000075975776,2025-11-26T07:02:24Z,US,NY,google_ads,True,2025-11-26T07:02:24Z,google_ads
101762,0000759cf334,2025-12-09T23:58:29Z,US,CA,organic_search,True,2025-12-09T23:58:29Z,organic_search
102262,000075dcdc0d,2026-02-04T04:06:10Z,US,NY,,True,2026-02-04T04:06:10Z,unknown
100740,000075e277cb,2025-09-28T15:53:53Z,US,TX,organic_search,True,2025-09-28T15:53:53Z,organic_search
102195,000075e73996,2026-01-28T10:11:31Z,CA,QC,direct,True,2026-01-28T10:11:31Z,direct
100771,000075ecd554,2025-10-01T11:48:18Z,US,NJ,Facebook,False,2025-10-01T11:48:18Z,meta_ads
102742,000075f19658,2026-03-18T09:30:46Z,US,FL,organic_search,True,2026-03-18T09:30:46Z,organic_search
101104,000075f1971f,2025-11-04T00:00:02Z,US,VA,organic_search,True,2025-11-04T00:00:02Z,organic_search
101450,000075f732dd,2025-11-27T12:21:18Z,US,NC,meta,False,2025-11-27T12:21:18Z,meta_ads
103153,000075fbf3e1,2026-04-19T02:46:17Z,US,FL,tiktok,False,2026-04-19T02:46:17Z,tiktok_ads
101218,000075fbf4a8,2025-11-20T11:53:52Z,US,CA,influencer,False,2025-11-20T11:53:52Z,influencer
101853,000076019066,2025-12-18T09:06:41Z,US,AZ,TikTok,True,2025-12-18T09:06:41Z,tiktok_ads
103622,00007606516a,2026-05-26T03:09:41Z,US,MA,meta,True,2026-05-26T03:09:41Z,meta_ads
100927,000076065231,2025-10-15T14:33:30Z,US,CA,meta,True,2025-10-15T14:33:30Z,meta_ads
101838,0000760bedef,2025-12-17T01:12:47Z,US,CO,organic_search,True,2025-12-17T01:12:47Z,organic_search
103989,00007610aef3,2026-06-24T09:18:04Z,CA,AB,referral,False,2026-06-24T09:18:04Z,referral
100420,00007610afba,2025-08-20T11:33:27Z,US,CA,Facebook,False,2025-08-20T11:33:27Z,meta_ads
103761,0000763e93e5,2026-06-07T07:47:00Z,US,MO,direct,False,2026-06-07T07:47:00Z,direct
103389,00007648f16e,2026-05-07T00:40:16Z,US,GA,organic_search,False,2026-05-07T00:40:16Z,organic_search
101452,000076563451,2025-11-27T12:48:26Z,US,DE,referral,True,2025-11-27T12:48:26Z,referral
103051,000076609113,2026-04-10T17:43:14Z,US,FL,meta,False,2026-04-10T17:43:14Z,meta_ads
101525,0000766091da,2025-11-28T18:37:46Z,US,IL,organic_search,True,2025-11-28T18:37:46Z,organic_search
103548,0000766aee9c,2026-05-19T00:27:15Z,US,FL,organic_search,True,2026-05-19T00:27:15Z,organic_search
100653,0000766aef63,2025-09-18T09:26:02Z,US,MI,influencer,True,2025-09-18T09:26:02Z,influencer
104055,000076754c25,2026-06-30T04:50:32Z,US,OH,organic_search,False,2026-06-30T04:50:32Z,organic_search
100418,000076754cec,2025-08-20T02:09:48Z,US,CA,Facebook,False,2025-08-20T02:09:48Z,meta_ads
100277,000076a33050,2025-08-04T05:47:45Z,US,IN,organic_search,False,2025-08-04T05:47:45Z,organic_search
103706,000076a33117,2026-06-02T10:05:45Z,US,OR,facebook_ads,True,2026-06-02T10:05:45Z,meta_ads
100504,000076ad8dd9,2025-09-02T12:44:32Z,US,TX,TikTok,True,2025-09-02T12:44:32Z,tiktok_ads
103594,000076ad8ea0,2026-05-23T23:20:14Z,US,VA,meta,True,2026-05-23T23:20:14Z,meta_ads
101491,000076b7eb62,2025-11-28T02:09:45Z,US,FL,google_ads,True,2025-11-28T02:09:45Z,google_ads
103022,000076b7ec29,2026-04-08T21:25:35Z,US,GA,Facebook,True,2026-04-08T21:25:35Z,meta_ads
101197,000076c248eb,2025-11-16T21:33:13Z,US,CO,direct,False,2025-11-16T21:33:13Z,direct
102395,000076c249b2,2026-02-15T04:24:41Z,US,WA,referral,True,2026-02-15T04:24:41Z,referral
101639,000076cca674,2025-12-01T01:08:53Z,US,TX,tiktok,False,2025-12-01T01:08:53Z,tiktok_ads
103596,000076d9e957,2026-05-24T02:05:02Z,US,CA,google_ads,True,2026-05-24T02:05:02Z,google_ads
104040,00007707ce49,2026-06-28T19:08:00Z,US,NY,referral,True,2026-06-28T19:08:00Z,referral
100673,000077122b0b,2025-09-20T17:45:57Z,CA,QC,,True,2025-09-20T17:45:57Z,unknown
103607,000077122bd2,2026-05-25T01:48:09Z,US,TX,meta,True,2026-05-25T01:48:09Z,meta_ads
101686,00007716ecd6,2025-12-03T03:00:08Z,US,CA,facebook_ads,True,2025-12-03T03:00:08Z,meta_ads
101512,0000771c8894,2025-11-28T13:33:48Z,GB,SCT,organic_search,True,2025-11-28T13:33:48Z,organic_search
103253,0000771c895b,2026-04-26T16:39:03Z,US,FL,organic_search,True,2026-04-26T16:39:03Z,organic_search
103036,000077214998,2026-04-09T19:19:09Z,US,TX,influencer,True,2026-04-09T19:19:09Z,influencer
101148,000077214a5f,2025-11-09T02:32:49Z,CA,QC,meta,True,2025-11-09T02:32:49Z,meta_ads
101614,00007726e61d,2025-11-30T16:48:59Z,US,WA,direct,True,2025-11-30T16:48:59Z,direct
102899,00007726e6e4,2026-03-27T19:21:03Z,US,CA,organic_search,True,2026-03-27T19:21:03Z,organic_search
103420,0000772ba721,2026-05-08T20:54:16Z,US,NJ,google_ads,True,2026-05-08T20:54:16Z,google_ads
100930,0000772ba7e8,2025-10-15T16:01:14Z,US,NJ,meta,False,2025-10-15T16:01:14Z,meta_ads
101705,0000773143a6,2025-12-04T14:53:57Z,US,NJ,influencer,True,2025-12-04T14:53:57Z,influencer
102293,00007731446d,2026-02-07T03:36:05Z,US,CA,meta,True,2026-02-07T03:36:05Z,meta_ads
104065,0000773604aa,2026-06-30T15:52:40Z,US,MD,facebook_ads,False,2026-06-30T15:52:40Z,meta_ads
100576,000077360571,2025-09-09T13:39:18Z,US,NJ,direct,True,2025-09-09T13:39:18Z,direct
102523,0000773ba12f,2026-02-27T14:35:29Z,US,WA,Google,False,2026-02-27T14:35:29Z,google_ads
100071,0000774062fa,2025-07-09T11:48:21Z,US,NJ,organic_search,True,2025-07-09T11:48:21Z,organic_search
102643,00007745feb8,2026-03-14T02:13:54Z,US,OH,tiktok,False,2026-03-14T02:13:54Z,tiktok_ads
101520,00007785e791,2025-11-28T16:02:55Z,US,NC,meta,True,2025-11-28T16:02:55Z,meta_ads
101395,0000778b834f,2025-11-26T11:45:29Z,US,OR,direct,True,2025-11-26T11:45:29Z,direct
100776,00007790451a,2025-10-01T13:05:33Z,US,TN,,True,2025-10-01T13:05:33Z,unknown
102174,00007795e0d8,2026-01-26T01:30:05Z,US,NH,meta,True,2026-01-26T01:30:05Z,meta_ads
104010,0000779aa1dc,2026-06-25T21:03:42Z,US,CA,influencer,True,2026-06-25T21:03:42Z,influencer
100517,0000779aa2a3,2025-09-03T22:44:16Z,US,NJ,organic_search,False,2025-09-03T22:44:16Z,organic_search
102326,000077a03e61,2026-02-09T17:14:30Z,US,AZ,organic_search,True,2026-02-09T17:14:30Z,organic_search
101915,000077a4ff65,2025-12-27T13:15:28Z,US,GA,meta,True,2025-12-27T13:15:28Z,meta_ads
100019,000077a5002c,2025-07-02T03:28:16Z,US,IN,referral,False,2025-07-02T03:28:16Z,referral
102637,000077aa9bea,2026-03-13T22:35:44Z,US,NC,referral,False,2026-03-13T22:35:44Z,referral
103103,000077b4f973,2026-04-15T19:35:19Z,US,MI,tiktok,False,2026-04-15T19:35:19Z,tiktok_ads
100233,000077c886ce,2025-07-29T12:24:28Z,US,AZ,organic_search,True,2025-07-29T12:24:28Z,organic_search
100512,000077d2e390,2025-09-03T14:09:34Z,US,IN,organic_search,True,2025-09-03T14:09:34Z,organic_search
103898,000077d2e457,2026-06-17T20:39:39Z,US,TX,,True,2026-06-17T20:39:39Z,unknown
101008,000077dd4119,2025-10-23T17:22:46Z,US,GA,meta,True,2025-10-23T17:22:46Z,meta_ads
103356,000077dd41e0,2026-05-05T01:39:02Z,US,FL,google_ads,False,2026-05-05T01:39:02Z,google_ads
101332,000077e79ea2,2025-11-25T11:32:46Z,US,CA,,False,2025-11-25T11:32:46Z,unknown
103149,000077e79f69,2026-04-18T22:03:17Z,US,OR,google_ads,False,2026-04-18T22:03:17Z,google_ads
102259,000077f1fcf2,2026-02-03T23:15:46Z,US,NY,meta,True,2026-02-03T23:15:46Z,meta_ads
100322,000077f798b0,2025-08-10T16:47:10Z,US,IN,meta,False,2025-08-10T16:47:10Z,meta_ads
100698,000077ff3fd5,2025-09-24T09:33:42Z,US,CA,tiktok,True,2025-09-24T09:33:42Z,tiktok_ads
102793,000078099c97,2026-03-20T10:21:24Z,US,MO,meta,True,2026-03-20T10:21:24Z,meta_ads
100205,000078099d5e,2025-07-26T13:29:45Z,CA,AB,referral,False,2025-07-26T13:29:45Z,referral
103949,000078378189,2026-06-21T15:14:24Z,US,OR,google_ads,True,2026-06-21T15:14:24Z,google_ads
103369,00007841df12,2026-05-05T21:26:02Z,CA,QC,direct,True,2026-05-05T21:26:02Z,direct
101502,00007846a016,2025-11-28T10:11:41Z,GB,WLS,TikTok,True,2025-11-28T10:11:41Z,tiktok_ads
101086,0000784c3bd4,2025-11-01T04:36:00Z,GB,WLS,direct,False,2025-11-01T04:36:00Z,direct
103164,0000784c3c9b,2026-04-20T00:44:27Z,GB,ENG,meta,False,2026-04-20T00:44:27Z,meta_ads
101912,00007856995d,2025-12-27T00:09:46Z,US,CA,meta,False,2025-12-27T00:09:46Z,meta_ads
102818,000078569a24,2026-03-21T01:54:47Z,US,TX,Facebook,True,2026-03-21T01:54:47Z,meta_ads
100356,0000785c35e2,2025-08-13T14:27:43Z,US,TX,direct,True,2025-08-13T14:27:43Z,direct
102186,00007860f6e6,2026-01-26T23:06:11Z,US,CA,google_ads,True,2026-01-26T23:06:11Z,google_ads
102135,00007860f7ad,2026-01-20T15:11:24Z,US,TX,tiktok,True,2026-01-20T15:11:24Z,tiktok_ads
100696,00007866936b,2025-09-24T00:47:18Z,US,IL,organic_search,True,2025-09-24T00:47:18Z,organic_search
102632,0000786b546f,2026-03-13T13:23:14Z,US,MI,meta,False,2026-03-13T13:23:14Z,meta_ads
101786,0000786b5536,2025-12-12T10:34:00Z,US,CA,google_ads,True,2025-12-12T10:34:00Z,google_ads
103201,00007875b1f8,2026-04-22T15:17:15Z,US,CA,referral,False,2026-04-22T15:17:15Z,referral
103265,000078b0d9cd,2026-04-27T22:17:56Z,CA,ON,organic_search,True,2026-04-27T22:17:56Z,organic_search
101822,000078bb368f,2025-12-16T00:59:28Z,US,MO,referral,True,2025-12-16T00:59:28Z,referral
102869,000078bb3756,2026-03-24T18:09:09Z,US,GA,organic_search,True,2026-03-24T18:09:09Z,organic_search
100697,000078bff85a,2025-09-24T01:52:21Z,US,CO,organic_search,True,2025-09-24T01:52:21Z,organic_search
102110,000078c59418,2026-01-17T16:33:34Z,US,AZ,influencer,True,2026-01-17T16:33:34Z,influencer
102103,000078c594df,2026-01-17T00:00:34Z,US,PA,Facebook,False,2026-01-17T00:00:34Z,meta_ads
103881,000078ca551c,2026-06-16T09:52:23Z,US,TX,direct,True,2026-06-16T09:52:23Z,direct
100462,000078ca55e3,2025-08-27T13:30:19Z,US,GA,influencer,True,2025-08-27T13:30:19Z,influencer
102890,000078cff1a1,2026-03-26T13:54:27Z,US,FL,organic_search,True,2026-03-26T13:54:27Z,organic_search
101692,000078cff268,2025-12-03T14:49:50Z,US,NH,referral,True,2025-12-03T14:49:50Z,referral
103132,000078da4f2a,2026-04-17T22:57:41Z,US,CA,direct,True,2026-04-17T22:57:41Z,direct
101130,000078da4ff1,2025-11-06T18:14:23Z,US,NJ,,True,2025-11-06T18:14:23Z,unknown
103353,000078e4acb3,2026-05-04T22:01:02Z,US,NJ,referral,False,2026-05-04T22:01:02Z,referral
100045,0000791cee67,2025-07-06T03:45:52Z,US,OH,organic_search,True,2025-07-06T03:45:52Z,organic_search
102459,0000791cef2e,2026-02-21T16:15:25Z,US,CA,referral,True,2026-02-21T16:15:25Z,referral
100503,000079274bf0,2025-09-02T12:09:30Z,US,TN,tiktok,True,2025-09-02T12:09:30Z,tiktok_ads
100276,0000792ef315,2025-08-04T01:41:05Z,US,OH,influencer,False,2025-08-04T01:41:05Z,influencer
102771,000079348ed3,2026-03-19T10:49:47Z,US,IL,tiktok,False,2026-03-19T10:49:47Z,tiktok_ads
103254,0000793eec5c,2026-04-26T20:44:38Z,US,TX,google_ads,True,2026-04-26T20:44:38Z,google_ads
103550,0000794949e5,2026-05-19T07:20:00Z,US,FL,meta,False,2026-05-19T07:20:00Z,meta_ads
103711,00007953a76e,2026-06-02T20:37:32Z,US,AZ,Facebook,False,2026-06-02T20:37:32Z,meta_ads
100746,0000795e04f7,2025-09-29T13:39:42Z,US,CA,direct,True,2025-09-29T13:39:42Z,direct
103172,000079719252,2026-04-20T20:58:18Z,US,CA,Google,True,2026-04-20T20:58:18Z,google_ads
101129,0000797bef14,2025-11-06T17:40:39Z,US,CA,meta,True,2025-11-06T17:40:39Z,meta_ads
102696,0000797befdb,2026-03-16T14:20:57Z,US,GA,TikTok,True,2026-03-16T14:20:57Z,tiktok_ads
100081,000079818b99,2025-07-10T13:26:06Z,US,WA,influencer,False,2025-07-10T13:26:06Z,influencer
103463,000079818c60,2026-05-11T14:02:10Z,US,IL,meta,True,2026-05-11T14:02:10Z,meta_ads
102109,000079864c9d,2026-01-17T13:22:15Z,US,MO,tiktok,False,2026-01-17T13:22:15Z,tiktok_ads
102312,000079864d64,2026-02-08T16:41:44Z,US,MN,Facebook,True,2026-02-08T16:41:44Z,meta_ads
100399,0000798be922,2025-08-18T19:08:26Z,GB,ENG,IG,True,2025-08-18T19:08:26Z,meta_ads
103773,0000798be9e9,2026-06-08T00:56:32Z,US,TX,influencer,True,2026-06-08T00:56:32Z,influencer
102246,00007990aa26,2026-02-03T01:09:59Z,AU,QLD,IG,False,2026-02-03T01:09:59Z,meta_ads
101880,00007990aaed,2025-12-20T18:14:32Z,US,NJ,organic_search,True,2025-12-20T18:14:32Z,organic_search
100780,0000799646ab,2025-10-01T15:03:02Z,US,VA,direct,True,2025-10-01T15:03:02Z,direct
102668,0000799b07af,2026-03-15T01:14:05Z,AU,WA,meta,True,2026-03-15T01:14:05Z,meta_ads
101394,0000799b0876,2025-11-26T11:41:51Z,US,TX,google_ads,True,2025-11-26T11:41:51Z,google_ads
102901,000079e08d0d,2026-03-27T22:10:04Z,US,MA,meta,True,2026-03-27T22:10:04Z,meta_ads
100083,000079e628cb,2025-07-10T21:15:09Z,US,NY,Google,False,2025-07-10T21:15:09Z,google_ads
102056,000079eae9cf,2026-01-10T11:05:41Z,CA,BC,Facebook,True,2026-01-10T11:05:41Z,meta_ads
102420,000079eaea96,2026-02-17T17:05:29Z,US,NY,google_ads,True,2026-02-17T17:05:29Z,google_ads
100271,000079efab9a,2025-08-03T12:34:21Z,US,VA,google_ads,True,2025-08-03T12:34:21Z,google_ads
100623,000079f08654,2025-09-16T02:35:18Z,US,NJ,google_ads,True,2025-09-16T02:35:18Z,google_ads
102240,000079f54758,2026-02-02T14:14:22Z,US,DE,google_ads,True,2026-02-02T14:14:22Z,google_ads
101731,000079f5481f,2025-12-07T08:43:30Z,US,CO,direct,True,2025-12-07T08:43:30Z,direct
100193,000079fa0923,2025-07-24T12:42:46Z,CA,BC,meta,False,2025-07-24T12:42:46Z,meta_ads
100997,000079fae3dd,2025-10-21T23:57:26Z,US,MO,meta,True,2025-10-21T23:57:26Z,meta_ads
102911,000079ffa4e1,2026-03-29T02:22:20Z,CA,QC,Facebook,True,2026-03-29T02:22:20Z,meta_ads
101080,000079ffa5a8,2025-10-31T14:07:28Z,US,NY,organic_search,False,2025-10-31T14:07:28Z,organic_search
101530,00007a054166,2025-11-28T21:10:52Z,US,MD,organic_search,True,2025-11-28T21:10:52Z,organic_search
103130,00007a0a026a,2026-04-17T18:14:00Z,CA,ON,direct,True,2026-04-17T18:14:00Z,direct
101511,00007a0a0331,2025-11-28T13:10:57Z,US,NJ,referral,False,2025-11-28T13:10:57Z,referral
101674,00007a0f9eef,2025-12-01T23:08:22Z,US,CA,meta,False,2025-12-01T23:08:22Z,meta_ads
103540,00007a145ff3,2026-05-18T00:04:41Z,US,CA,organic_search,True,2026-05-18T00:04:41Z,organic_search
103823,00007a1ebd7c,2026-06-12T04:22:21Z,GB,ENG,influencer,True,2026-06-12T04:22:21Z,influencer
103736,00007a4ca26e,2026-06-04T18:05:54Z,US,FL,influencer,True,2026-06-04T18:05:54Z,influencer
101947,00007a59e551,2025-12-31T05:39:47Z,US,CA,meta,False,2025-12-31T05:39:47Z,meta_ads
100042,00007a5ea655,2025-07-05T15:04:16Z,US,NY,direct,False,2025-07-05T15:04:16Z,direct
102599,00007a644213,2026-03-08T17:51:17Z,US,IL,google_ads,True,2026-03-08T17:51:17Z,google_ads
101551,00007a6442da,2025-11-29T11:18:08Z,US,WA,meta,True,2025-11-29T11:18:08Z,meta_ads
103038,00007a6e9f9c,2026-04-10T00:33:46Z,US,PA,meta,False,2026-04-10T00:33:46Z,meta_ads
100768,00007a6ea063,2025-10-01T01:31:18Z,US,MA,IG,True,2025-10-01T01:31:18Z,meta_ads
103303,00007a78fd25,2026-05-01T16:06:13Z,AU,QLD,google_ads,True,2026-05-01T16:06:13Z,google_ads
100658,00007a78fdec,2025-09-18T22:49:39Z,US,AZ,google_ads,False,2025-09-18T22:49:39Z,google_ads
103994,00007a835aae,2026-06-24T12:18:45Z,US,CA,google_ads,False,2026-06-24T12:18:45Z,google_ads
100225,00007a835b75,2025-07-27T23:47:55Z,US,TX,meta,False,2025-07-27T23:47:55Z,meta_ads
102555,00007aa14592,2026-03-02T11:57:59Z,US,FL,,True,2026-03-02T11:57:59Z,unknown
100297,00007ab13ed9,2025-08-06T22:26:28Z,US,VA,Facebook,True,2025-08-06T22:26:28Z,meta_ads
103910,00007ab13fa0,2026-06-19T07:56:03Z,US,VA,tiktok,True,2026-06-19T07:56:03Z,tiktok_ads
100858,00007abb9c62,2025-10-09T10:58:22Z,GB,ENG,organic_search,True,2025-10-09T10:58:22Z,organic_search
103451,00007abb9d29,2026-05-10T18:38:30Z,US,TX,influencer,False,2026-05-10T18:38:30Z,influencer
101582,00007ac5f9eb,2025-11-29T22:55:53Z,US,VA,direct,True,2025-11-29T22:55:53Z,direct
101444,00007ad05774,2025-11-27T05:25:00Z,US,NC,influencer,False,2025-11-27T05:25:00Z,influencer
103347,00007add9a57,2026-05-04T16:15:51Z,US,MA,tiktok,True,2026-05-04T16:15:51Z,tiktok_ads
103075,00007ae7f7e0,2026-04-13T01:40:55Z,US,MI,meta,True,2026-04-13T01:40:55Z,meta_ads
102412,00007b10404d,2026-02-16T19:16:00Z,US,FL,meta,False,2026-02-16T19:16:00Z,meta_ads
100437,00007b15dc0b,2025-08-23T20:45:42Z,US,DE,meta,True,2025-08-23T20:45:42Z,meta_ads
103913,00007b15dcd2,2026-06-19T15:13:13Z,US,TX,facebook_ads,False,2026-06-19T15:13:13Z,meta_ads
102008,00007b1a9dd6,2026-01-06T03:12:25Z,US,NJ,referral,True,2026-01-06T03:12:25Z,referral
100945,00007b203994,2025-10-17T13:10:17Z,US,VA,influencer,False,2025-10-17T13:10:17Z,influencer
103399,00007b203a5b,2026-05-07T12:33:02Z,US,NY,influencer,False,2026-05-07T12:33:02Z,influencer
102706,00007b24fa98,2026-03-17T00:33:39Z,US,VA,referral,False,2026-03-17T00:33:39Z,referral
101819,00007b24fb5f,2025-12-15T21:03:44Z,US,TX,organic_search,True,2025-12-15T21:03:44Z,organic_search
101101,00007b2a971d,2025-11-03T10:57:28Z,US,GA,direct,True,2025-11-03T10:57:28Z,direct
103054,00007b2a97e4,2026-04-11T01:18:23Z,US,CA,meta,True,2026-04-11T01:18:23Z,meta_ads
103042,00007b2f5821,2026-04-10T09:39:44Z,US,CA,referral,True,2026-04-10T09:39:44Z,referral
101463,00007b2f58e8,2025-11-27T14:53:27Z,US,NJ,organic_search,True,2025-11-27T14:53:27Z,organic_search
101096,00007b34f4a6,2025-11-02T18:14:25Z,US,TX,,True,2025-11-02T18:14:25Z,unknown
102760,00007b34f56d,2026-03-18T21:55:05Z,US,TX,tiktok,False,2026-03-18T21:55:05Z,tiktok_ads
103677,00007b39b5aa,2026-05-29T23:22:42Z,US,OH,meta,True,2026-05-29T23:22:42Z,meta_ads
100778,00007b39b671,2025-10-01T13:16:43Z,US,FL,tiktok,True,2025-10-01T13:16:43Z,tiktok_ads
101992,00007b3f522f,2026-01-04T23:24:24Z,US,NY,tiktok,False,2026-01-04T23:24:24Z,tiktok_ads
103917,00007b441333,2026-06-19T18:52:08Z,US,PA,meta,True,2026-06-19T18:52:08Z,meta_ads
100485,00007b4413fa,2025-08-31T13:44:34Z,US,NY,direct,True,2025-08-31T13:44:34Z,direct
101689,00007b899891,2025-12-03T12:46:51Z,AU,QLD,organic_search,True,2025-12-03T12:46:51Z,organic_search
101532,00007b8f344f,2025-11-28T22:30:36Z,US,MI,organic_search,True,2025-11-28T22:30:36Z,organic_search
102794,00007b93f553,2026-03-20T11:10:59Z,US,NY,meta,True,2026-03-20T11:10:59Z,meta_ads
101139,00007b93f61a,2025-11-08T12:33:47Z,US,MO,Direct,True,2025-11-08T12:33:47Z,direct
101929,00007b9991d8,2025-12-28T21:13:41Z,US,MD,google_ads,True,2025-12-28T21:13:41Z,google_ads
103110,00007b9e52dc,2026-04-16T07:34:09Z,US,PA,meta,True,2026-04-16T07:34:09Z,meta_ads
100923,00007b9e53a3,2025-10-14T15:59:36Z,US,MI,google_ads,True,2025-10-14T15:59:36Z,google_ads
102112,00007ba3ef61,2026-01-18T01:13:28Z,US,NC,organic_search,False,2026-01-18T01:13:28Z,organic_search
103884,00007ba8b065,2026-06-16T13:20:12Z,US,WI,meta,True,2026-06-16T13:20:12Z,meta_ads
100263,00007ba8b12c,2025-08-01T23:47:42Z,US,CA,,False,2025-08-01T23:47:42Z,unknown
102318,00007bae4cea,2026-02-08T23:56:08Z,US,MI,direct,True,2026-02-08T23:56:08Z,direct
100196,00007bb30eb5,2025-07-24T14:26:56Z,US,NH,,True,2025-07-24T14:26:56Z,unknown
102701,00007bb8aa73,2026-03-16T19:10:01Z,US,FL,organic_search,True,2026-03-16T19:10:01Z,organic_search
100170,00007bd69490,2025-07-21T01:41:32Z,AU,WA,influencer,True,2025-07-21T01:41:32Z,influencer
102038,00007bd69557,2026-01-08T21:44:33Z,US,MI,meta,True,2026-01-08T21:44:33Z,meta_ads
100549,00007be0f219,2025-09-07T00:56:02Z,US,VA,direct,False,2025-09-07T00:56:02Z,direct
104060,00007be0f2e0,2026-06-30T13:19:13Z,US,CA,Facebook,True,2026-06-30T13:19:13Z,meta_ads
101076,00007beb4fa2,2025-10-30T13:05:08Z,US,OH,organic_search,False,2025-10-30T13:05:08Z,organic_search
103225,00007beb5069,2026-04-24T03:44:47Z,US,NY,organic_search,True,2026-04-24T03:44:47Z,organic_search
101300,00007bf5ad2b,2025-11-24T23:04:42Z,US,IL,Google,True,2025-11-24T23:04:42Z,google_ads
102840,00007bf5adf2,2026-03-21T22:53:40Z,US,GA,google_ads,True,2026-03-21T22:53:40Z,google_ads
100766,00007c02f0d5,2025-10-01T01:18:51Z,AU,QLD,meta,True,2025-10-01T01:18:51Z,meta_ads
103918,00007c0d4d97,2026-06-19T19:03:47Z,US,IL,google_ads,True,2026-06-19T19:03:47Z,google_ads
100481,00007c0d4e5e,2025-08-30T20:55:58Z,US,VA,organic_search,True,2025-08-30T20:55:58Z,organic_search
100229,00007c17abe7,2025-07-29T07:11:18Z,US,OR,direct,True,2025-07-29T07:11:18Z,direct
100684,00007c3b3289,2025-09-23T00:27:18Z,US,VA,influencer,True,2025-09-23T00:27:18Z,influencer
100586,00007c458f4b,2025-09-10T22:57:30Z,US,CA,influencer,True,2025-09-10T22:57:30Z,influencer
103368,00007c459012,2026-05-05T19:05:27Z,US,GA,influencer,False,2026-05-05T19:05:27Z,influencer
101679,00007c4a5116,2025-12-02T11:50:47Z,US,OR,organic_search,True,2025-12-02T11:50:47Z,organic_search
100941,00007c4fecd4,2025-10-17T01:32:52Z,US,MI,google_ads,True,2025-10-17T01:32:52Z,google_ads
103213,00007c4fed9b,2026-04-23T11:35:56Z,US,NJ,meta,True,2026-04-23T11:35:56Z,meta_ads
101635,00007c54ae9f,2025-11-30T23:09:04Z,US,AZ,organic_search,False,2025-11-30T23:09:04Z,organic_search
101633,00007c5a4a5d,2025-11-30T22:58:05Z,US,NJ,influencer,True,2025-11-30T22:58:05Z,influencer
102573,00007c5a4b24,2026-03-04T10:05:09Z,US,TN,organic_search,True,2026-03-04T10:05:09Z,organic_search
100202,00007c5fe6e2,2025-07-26T01:14:32Z,US,NY,meta,True,2025-07-26T01:14:32Z,meta_ads
101663,00007c64a7e6,2025-12-01T15:36:10Z,CA,QC,referral,True,2025-12-01T15:36:10Z,referral
102311,00007c64a8ad,2026-02-08T15:19:05Z,US,TX,organic_search,True,2026-02-08T15:19:05Z,organic_search
100290,00007c6a446b,2025-08-06T02:03:15Z,US,FL,influencer,True,2025-08-06T02:03:15Z,influencer
102403,00007c6f056f,2026-02-16T02:02:18Z,US,WA,referral,False,2026-02-16T02:02:18Z,referral
102938,00007cb48acd,2026-04-01T19:55:44Z,CA,AB,direct,True,2026-04-01T19:55:44Z,direct
101481,00007cb94bd1,2025-11-27T20:36:35Z,US,MD,organic_search,False,2025-11-27T20:36:35Z,organic_search
101346,00007cbee78f,2025-11-25T14:10:20Z,US,NY,organic_search,False,2025-11-25T14:10:20Z,organic_search
102763,00007cbee856,2026-03-18T23:37:06Z,US,AZ,organic_search,False,2026-03-18T23:37:06Z,organic_search
101014,00007cc3a95a,2025-10-24T09:22:46Z,US,NY,referral,False,2025-10-24T09:22:46Z,referral
101825,00007cc94518,2025-12-16T11:32:33Z,US,NC,meta,False,2025-12-16T11:32:33Z,meta_ads
102485,00007cc945df,2026-02-23T15:03:43Z,CA,QC,google_ads,True,2026-02-23T15:03:43Z,google_ads
103841,00007cce061c,2026-06-13T13:49:16Z,US,MN,meta,False,2026-06-13T13:49:16Z,meta_ads
100611,00007cce06e3,2025-09-14T04:34:53Z,US,GA,facebook_ads,True,2025-09-14T04:34:53Z,meta_ads
102539,00007cd3a2a1,2026-02-28T17:16:28Z,US,OH,,True,2026-02-28T17:16:28Z,unknown
102126,00007cd3a368,2026-01-19T14:36:50Z,US,VA,meta,True,2026-01-19T14:36:50Z,meta_ads
101588,00007cd863a5,2025-11-30T00:53:13Z,US,PA,,True,2025-11-30T00:53:13Z,unknown
100161,00007cd8646c,2025-07-20T01:29:56Z,US,PA,facebook_ads,False,2025-07-20T01:29:56Z,meta_ads
102666,00007cde002a,2026-03-15T00:23:42Z,US,WA,Facebook,False,2026-03-15T00:23:42Z,meta_ads
101174,00007cde00f1,2025-11-13T12:57:06Z,US,CA,influencer,True,2025-11-13T12:57:06Z,influencer
103086,00007ce85db3,2026-04-14T11:14:29Z,US,NY,tiktok,False,2026-04-14T11:14:29Z,tiktok_ads
103824,00007d064897,2026-06-12T06:46:58Z,US,IL,meta,False,2026-06-12T06:46:58Z,meta_ads
100107,00007d2afcf0,2025-07-13T05:03:34Z,US,VA,Google,True,2025-07-13T05:03:34Z,google_ads
100762,00007d32a415,2025-09-30T14:29:37Z,US,TX,Google,False,2025-09-30T14:29:37Z,google_ads
102301,00007d383fd3,2026-02-07T22:40:29Z,US,WA,tiktok,False,2026-02-07T22:40:29Z,tiktok_ads
100918,00007d3d00d7,2025-10-14T09:57:16Z,US,TN,facebook_ads,True,2025-10-14T09:57:16Z,meta_ads
100048,00007d3d019e,2025-07-06T20:06:32Z,US,NY,organic_search,False,2025-07-06T20:06:32Z,organic_search
102811,00007d429d5c,2026-03-20T23:40:14Z,US,NJ,referral,True,2026-03-20T23:40:14Z,referral
103246,00007d4cfae5,2026-04-26T13:26:43Z,US,PA,meta,True,2026-04-26T13:26:43Z,meta_ads
103553,00007d57586e,2026-05-19T11:20:08Z,US,NC,,False,2026-05-19T11:20:08Z,unknown
103756,00007d61b5f7,2026-06-06T22:03:19Z,GB,SCT,meta,False,2026-06-06T22:03:19Z,meta_ads
104018,00007d6ae5c9,2026-06-26T15:29:45Z,US,MI,influencer,False,2026-06-26T15:29:45Z,influencer
103314,00007d754352,2026-05-02T12:50:27Z,US,OH,organic_search,True,2026-05-02T12:50:27Z,organic_search
101430,00007d7fa014,2025-11-26T22:52:40Z,US,MI,direct,True,2025-11-26T22:52:40Z,direct
103200,00007d7fa0db,2026-04-22T13:43:29Z,US,CO,IG,True,2026-04-22T13:43:29Z,meta_ads
101224,00007d89fd9d,2025-11-21T13:13:37Z,US,FL,influencer,True,2025-11-21T13:13:37Z,influencer
102798,00007d89fe64,2026-03-20T14:16:45Z,US,IL,meta,True,2026-03-20T14:16:45Z,meta_ads
100427,00007d8f9a22,2025-08-21T20:40:42Z,US,NJ,organic_search,True,2025-08-21T20:40:42Z,organic_search
104030,00007d8f9ae9,2026-06-27T15:33:18Z,US,MA,,True,2026-06-27T15:33:18Z,unknown
102059,00007d945b26,2026-01-10T14:56:24Z,US,CA,organic_search,True,2026-01-10T14:56:24Z,organic_search
102965,00007d945b26,2026-04-04T01:16:49Z,US,CA,,False,2026-04-04T01:16:49Z,unknown
102067,00007d945bed,2026-01-11T17:09:54Z,GB,SCT,influencer,True,2026-01-11T17:09:54Z,influencer
100561,00007d99f7ab,2025-09-07T23:38:50Z,US,GA,meta,False,2025-09-07T23:38:50Z,meta_ads
102242,00007d9eb8af,2026-02-02T20:18:20Z,US,CA,meta,True,2026-02-02T20:18:20Z,meta_ads
102713,00007da91638,2026-03-17T02:09:15Z,US,IN,referral,True,2026-03-17T02:09:15Z,referral
103147,00007de43e0d,2026-04-18T18:51:37Z,US,IL,Google,False,2026-04-18T18:51:37Z,google_ads
101531,00007de8ff11,2025-11-28T21:34:21Z,CA,AB,meta,True,2025-11-28T21:34:21Z,meta_ads
101930,00007dee9acf,2025-12-28T21:50:00Z,US,CA,tiktok,True,2025-12-28T21:50:00Z,tiktok_ads
102804,00007dee9b96,2026-03-20T16:48:37Z,CA,ON,meta,False,2026-03-20T16:48:37Z,meta_ads
101061,00007df35c9a,2025-10-28T02:07:14Z,US,OR,meta,False,2025-10-28T02:07:14Z,meta_ads
100393,00007df43754,2025-08-17T17:35:16Z,US,OR,organic_search,False,2025-08-17T17:35:16Z,organic_search
102123,00007df8f858,2026-01-19T10:48:50Z,US,NH,referral,True,2026-01-19T10:48:50Z,referral
102052,00007df8f91f,2026-01-09T23:20:24Z,US,FL,direct,False,2026-01-09T23:20:24Z,direct
100488,00007dfdba23,2025-08-31T23:05:09Z,US,TX,organic_search,True,2025-08-31T23:05:09Z,organic_search
101002,00007dfdba23,2025-10-22T21:17:11Z,US,TX,,False,2025-10-22T21:17:11Z,unknown
100651,00007dfe94dd,2025-09-18T04:38:43Z,US,MO,google_ads,True,2025-09-18T04:38:43Z,google_ads
102387,00007e0355e1,2026-02-14T20:28:39Z,US,TX,tiktok,True,2026-02-14T20:28:39Z,tiktok_ads
101707,00007e0356a8,2025-12-04T18:19:58Z,AU,VIC,organic_search,False,2025-12-04T18:19:58Z,organic_search
101237,00007e08f266,2025-11-23T14:22:37Z,US,PA,organic_search,False,2025-11-23T14:22:37Z,organic_search
102964,00007e0db36a,2026-04-04T00:20:01Z,CA,ON,organic_search,False,2026-04-04T00:20:01Z,organic_search
101151,00007e0db431,2025-11-09T15:33:26Z,US,FL,google_ads,True,2025-11-09T15:33:26Z,google_ads
101196,00007e134fef,2025-11-16T20:41:01Z,US,CA,tiktok,False,2025-11-16T20:41:01Z,tiktok_ads
103647,00007e1810f3,2026-05-27T17:34:47Z,US,AZ,organic_search,True,2026-05-27T17:34:47Z,organic_search
100009,00007e5052a7,2025-06-26T23:55:16Z,US,TN,direct,True,2025-06-26T23:55:16Z,direct
100534,00007e50536e,2025-09-05T18:57:03Z,CA,QC,influencer,True,2025-09-05T18:57:03Z,influencer
102104,00007e5d9651,2026-01-17T00:56:22Z,US,CA,meta,False,2026-01-17T00:56:22Z,meta_ads
100334,00007e625755,2025-08-11T09:53:48Z,US,CA,IG,True,2025-08-11T09:53:48Z,meta_ads
102912,00007e67f313,2026-03-29T03:07:45Z,US,NC,,True,2026-03-29T03:07:45Z,unknown
101032,00007e67f3da,2025-10-25T17:19:36Z,US,NY,meta,True,2025-10-25T17:19:36Z,meta_ads
103270,00007e67f3da,2026-04-28T04:01:20Z,US,NY,,False,2026-04-28T04:01:20Z,unknown
103273,00007e72509c,2026-04-28T13:21:29Z,US,FL,direct,True,2026-04-28T13:21:29Z,direct
101290,00007e725163,2025-11-24T18:49:03Z,US,TX,meta,True,2025-11-24T18:49:03Z,meta_ads
103462,00007e7cae25,2026-05-11T13:52:11Z,US,TN,referral,False,2026-05-11T13:52:11Z,referral
101069,00007e7caeec,2025-10-29T12:57:50Z,US,MA,google_ads,True,2025-10-29T12:57:50Z,google_ads
103789,00007e870bae,2026-06-09T18:37:00Z,US,CA,referral,True,2026-06-09T18:37:00Z,referral
100759,00007e870c75,2025-09-30T12:22:11Z,US,TX,direct,True,2025-09-30T12:22:11Z,direct
101995,00007e916937,2026-01-05T02:08:14Z,US,FL,referral,True,2026-01-05T02:08:14Z,referral
103263,00007ea4f692,2026-04-27T19:26:28Z,US,PA,,True,2026-04-27T19:26:28Z,unknown
102732,00007eaf541b,2026-03-17T20:56:34Z,US,MN,meta,False,2026-03-17T20:56:34Z,meta_ads
100098,00007eb4efd9,2025-07-12T13:35:37Z,US,TX,organic_search,True,2025-07-12T13:35:37Z,organic_search
102872,00007eb4f0a0,2026-03-25T00:49:19Z,US,IN,referral,True,2026-03-25T00:49:19Z,referral
102501,00007eb9b1a4,2026-02-25T23:17:08Z,US,NY,facebook_ads,True,2026-02-25T23:17:08Z,meta_ads
100712,00007ebf4d62,2025-09-25T12:44:11Z,US,TX,direct,False,2025-09-25T12:44:11Z,direct
103747,00007ebf4e29,2026-06-06T01:38:47Z,US,CA,google_ads,True,2026-06-06T01:38:47Z,google_ads
101013,00007ec9aaeb,2025-10-24T02:51:50Z,US,CO,meta,True,2025-10-24T02:51:50Z,meta_ads
103628,00007eeba8e0,2026-05-26T13:56:30Z,US,FL,meta,True,2026-05-26T13:56:30Z,meta_ads
103425,00007ef60669,2026-05-09T05:47:55Z,US,CA,,True,2026-05-09T05:47:55Z,unknown
102670,00007f13f14d,2026-03-15T02:25:55Z,US,MI,,False,2026-03-15T02:25:55Z,unknown
100227,00007f198d0b,2025-07-28T17:47:27Z,CA,QC,Google,True,2025-07-28T17:47:27Z,google_ads
102065,00007f198dd2,2026-01-11T12:40:15Z,US,MD,IG,True,2026-01-11T12:40:15Z,meta_ads
101667,00007f1e4e0f,2025-12-01T19:50:28Z,US,TX,tiktok,True,2025-12-01T19:50:28Z,tiktok_ads
102357,00007f1e4ed6,2026-02-12T16:07:29Z,US,TX,,False,2026-02-12T16:07:29Z,unknown
100661,00007f23ea94,2025-09-19T03:22:29Z,US,NJ,,False,2025-09-19T03:22:29Z,unknown
103861,00007f23eb5b,2026-06-14T21:42:13Z,US,AZ,google_ads,False,2026-06-14T21:42:13Z,google_ads
102236,00007f28ab98,2026-02-02T10:09:46Z,US,TX,direct,True,2026-02-02T10:09:46Z,direct
102111,00007f28ac5f,2026-01-17T19:41:25Z,US,IN,influencer,False,2026-01-17T19:41:25Z,influencer
100855,00007f2e481d,2025-10-09T02:03:28Z,US,TX,meta,True,2025-10-09T02:03:28Z,meta_ads
103491,00007f2e48e4,2026-05-13T23:54:43Z,US,MO,,True,2026-05-13T23:54:43Z,unknown
102768,00007f330921,2026-03-19T03:24:26Z,US,TN,google_ads,False,2026-03-19T03:24:26Z,google_ads
101164,00007f3309e8,2025-11-11T22:51:50Z,GB,ENG,google_ads,False,2025-11-11T22:51:50Z,google_ads
101498,00007f38a5a6,2025-11-28T04:52:36Z,US,CO,direct,True,2025-11-28T04:52:36Z,direct
102993,00007f38a66d,2026-04-06T19:12:38Z,US,CO,organic_search,True,2026-04-06T19:12:38Z,organic_search
102936,00007f3d66aa,2026-04-01T14:11:03Z,US,VA,tiktok,False,2026-04-01T14:11:03Z,tiktok_ads
101507,00007f3d6771,2025-11-28T11:16:35Z,US,MI,google_ads,False,2025-11-28T11:16:35Z,google_ads
101189,00007f43032f,2025-11-15T14:51:38Z,CA,BC,referral,False,2025-11-15T14:51:38Z,referral
103520,00007f47c433,2026-05-16T12:48:28Z,US,NY,influencer,True,2026-05-16T12:48:28Z,influencer
103792,00007f5221bc,2026-06-09T23:34:07Z,US,OH,,True,2026-06-09T23:34:07Z,unknown
102185,00007f8d4991,2026-01-26T21:25:38Z,US,CA,organic_search,False,2026-01-26T21:25:38Z,organic_search
100176,00007f920a95,2025-07-21T13:56:15Z,US,OH,referral,True,2025-07-21T13:56:15Z,referral
101081,00007f92e54f,2025-10-31T14:09:13Z,US,CA,Direct,True,2025-10-31T14:09:13Z,direct
102814,00007f97a653,2026-03-21T00:53:17Z,US,MA,influencer,False,2026-03-21T00:53:17Z,influencer
101350,00007f97a71a,2025-11-25T15:01:08Z,US,TX,direct,False,2025-11-25T15:01:08Z,direct
101354,00007f9d42d8,2025-11-25T15:57:40Z,US,WI,organic_search,True,2025-11-25T15:57:40Z,organic_search
102997,00007fa203dc,2026-04-06T21:21:32Z,CA,AB,direct,True,2026-04-06T21:21:32Z,direct
101625,00007fa204a3,2025-11-30T21:07:23Z,US,TX,google_ads,False,2025-11-30T21:07:23Z,google_ads
101946,00007fa7a061,2025-12-30T23:08:44Z,US,GA,Facebook,True,2025-12-30T23:08:44Z,meta_ads
103503,00007fac6165,2026-05-14T14:04:35Z,US,GA,meta,True,2026-05-14T14:04:35Z,meta_ads
100731,00007fac622c,2025-09-27T14:33:20Z,US,WI,facebook_ads,True,2025-09-27T14:33:20Z,meta_ads
102009,00007fb1fdea,2026-01-06T04:30:24Z,AU,WA,organic_search,True,2026-01-06T04:30:24Z,organic_search
103845,00007fb6beee,2026-06-13T18:04:33Z,US,WI,tiktok,False,2026-06-13T18:04:33Z,tiktok_ads
100476,00007fb6bfb5,2025-08-29T12:26:37Z,CA,ON,,False,2025-08-29T12:26:37Z,unknown
102553,00007fbc5b73,2026-03-01T22:43:36Z,US,TN,direct,False,2026-03-01T22:43:36Z,direct
100312,00007fe4a319,2025-08-09T11:43:18Z,US,NY,,True,2025-08-09T11:43:18Z,unknown
103742,00007fe4a3e0,2026-06-05T08:19:26Z,CA,AB,direct,True,2026-06-05T08:19:26Z,direct
100489,00007fef00a2,2025-09-01T00:03:38Z,US,OR,influencer,False,2025-09-01T00:03:38Z,influencer
103675,00007fef0169,2026-05-29T21:56:14Z,US,CA,direct,True,2026-05-29T21:56:14Z,direct
101023,00007ff95e2b,2025-10-25T03:33:53Z,US,CA,google_ads,False,2025-10-25T03:33:53Z,google_ads
101153,00007ffc444c,2025-11-09T19:28:11Z,US,CA,,False,2025-11-09T19:28:11Z,unknown
100026,00test000test,2025-07-03T15:07:00Z,US,CA,direct,False,2025-07-03T15:07:00Z,direct
100364,00test000test,2025-08-14T09:38:00Z,US,CA,direct,False,2025-08-14T09:38:00Z,direct
100574,00test000test,2025-09-09T10:59:00Z,US,CA,Direct,False,2025-09-09T10:59:00Z,direct
101102,00test000test,2025-11-03T13:22:00Z,US,CA,,False,2025-11-03T13:22:00Z,unknown
102028,00test000test,2026-01-08T10:12:00Z,US,CA,direct,False,2026-01-08T10:12:00Z,direct
103202,00test000test,2026-04-22T16:45:00Z,US,CA,direct,False,2026-04-22T16:45:00Z,direct
