discount_application_id,order_id,code,discount_type,percentage,amount,applies_to,code_clean,is_valid
9001,1001,SUMMER20,percentage,0.2,5.2,line_items,SUMMER20,True
9002,1002,SUMMER20,percentage,0.2,12.4,line_items,SUMMER20,True
9003,1003,SUMMER20,percentage,0.2,6.4,line_items,SUMMER20,True
9004,1005,SUMMER20,percentage,0.2,21.6,line_items,SUMMER20,True
9005,1006,SUMMER20,percentage,0.2,4.4,line_items,SUMMER20,True
9006,1007,SUMMER20,percentage,0.2,5.8,line_items,SUMMER20,True
9007,1008,SUMMER20,percentage,0.2,6.8,line_items,SUMMER20,True
9008,1008,FREESHIP,free_shipping,,5.95,shipping,FREESHIP,True
9009,1009,SUMMER20,percentage,0.2,4.4,line_items,SUMMER20,True
9010,1010,AMELIA10,percentage,0.1,14.7,line_items,AMELIA10,True
9011,1011,SUMMER20,percentage,0.2,11.2,line_items,SUMMER20,True
9012,1012,SUMMER20,percentage,0.2,23.6,line_items,SUMMER20,True
9013,1013,AMELIA10,percentage,0.1,5.4,line_items,AMELIA10,True
9014,1014,SUMMER20,percentage,0.2,6.8,line_items,SUMMER20,True
9015,1015,SUMMER20,percentage,0.2,5.8,line_items,SUMMER20,True
9016,1015,WELCOME15,percentage,0.15,3.48,line_items,WELCOME15,True
9017,1016,TEST100,percentage,1.0,34.0,line_items,TEST100,False
9018,1019,SUMMER20,percentage,0.2,13.2,line_items,SUMMER20,True
9019,1020,SUMMER20,percentage,0.2,10.2,line_items,SUMMER20,True
9020,1021,SUMMER20,percentage,0.2,6.4,line_items,SUMMER20,True
9021,1022,WELCOME15,percentage,0.15,8.1,line_items,WELCOME15,True
9022,1023,SUMMER20,percentage,0.2,11.2,line_items,SUMMER20,True
9023,1025,SUMMER20,percentage,0.2,6.8,line_items,SUMMER20,True
9024,1026,SUMMER20,percentage,0.2,5.8,line_items,SUMMER20,True
9025,1027,SUMMER20,percentage,0.2,4.4,line_items,SUMMER20,True
9026,1028,SUMMER20,percentage,0.2,16.8,line_items,SUMMER20,True
9027,1030,SUMMER20,percentage,0.2,21.6,line_items,SUMMER20,True
9028,1031,SUMMER20,percentage,0.2,12.4,line_items,SUMMER20,True
9029,1032,WELCOME15,percentage,0.15,5.1,line_items,WELCOME15,True
9030,1033,WELCOME15,percentage,0.15,7.2,line_items,WELCOME15,True
9031,1036,WELCOME15,percentage,0.15,13.2,line_items,WELCOME15,True
9032,1037,SUMMER20,percentage,0.2,6.8,line_items,SUMMER20,True
9033,1038,SUMMER20,percentage,0.2,16.8,line_items,SUMMER20,True
9034,1039,SUMMER20,percentage,0.2,6.8,line_items,SUMMER20,True
9035,1040,SUMMER20,percentage,0.2,6.8,line_items,SUMMER20,True
9036,1040,WELCOME15,percentage,0.15,4.08,line_items,WELCOME15,True
9037,1041,SUMMER20,percentage,0.2,5.8,line_items,SUMMER20,True
9038,1044,SUMMER20,percentage,0.2,11.2,line_items,SUMMER20,True
9039,1045,WELCOME15,percentage,0.15,10.2,line_items,WELCOME15,True
9040,1046,SUMMER20,percentage,0.2,5.6,line_items,SUMMER20,True
9041,1047,SUMMER20,percentage,0.2,13.2,line_items,SUMMER20,True
9042,1050,SUMMER20,percentage,0.2,6.8,line_items,SUMMER20,True
9043,1051,SUMMER20,percentage,0.2,11.2,line_items,SUMMER20,True
9044,1055,GLOWWITHSAM12,percentage,0.12,10.8,line_items,GLOWWITHSAM12,True
9045,1055,WELCOME15,percentage,0.15,11.88,line_items,WELCOME15,True
9046,1056,SUMMER20,percentage,0.2,11.2,line_items,SUMMER20,True
9047,1057,SUMMER20,percentage,0.2,8.8,line_items,SUMMER20,True
9048,1058,SUMMER20,percentage,0.2,5.2,line_items,SUMMER20,True
9049,1060,SUMMER20,percentage,0.2,16.8,line_items,SUMMER20,True
9050,1062,WELCOME15,percentage,0.15,10.2,line_items,WELCOME15,True
9051,1063,SUMMER20,percentage,0.2,10.0,line_items,SUMMER20,True
9052,1066,SUMMER20,percentage,0.2,13.6,line_items,SUMMER20,True
9053,1067,SUMMER20,percentage,0.2,16.8,line_items,SUMMER20,True
9054,1067,WELCOME15,percentage,0.15,10.08,line_items,WELCOME15,True
9055,1068,SUMMER20,percentage,0.2,23.6,line_items,SUMMER20,True
9056,1069,SUMMER20,percentage,0.2,15.6,line_items,SUMMER20,True
9057,1070,WELCOME15,percentage,0.15,3.3,line_items,WELCOME15,True
9058,1070,FREESHIP,free_shipping,,12.95,shipping,FREESHIP,True
9059,1071,WELCOME15,percentage,0.15,4.8,line_items,WELCOME15,True
9060,1073,SUMMER20,percentage,0.2,8.8,line_items,SUMMER20,True
9061,1074,SUMMER20,percentage,0.2,21.2,line_items,SUMMER20,True
9062,1075,SUMMER20,percentage,0.2,4.8,line_items,SUMMER20,True
9063,1076,SUMMER20,percentage,0.2,15.6,line_items,SUMMER20,True
9064,1078,WELCOME15,percentage,0.15,5.1,line_items,WELCOME15,True
9065,1079,WELCOME15,percentage,0.15,8.7,line_items,WELCOME15,True
9066,1082,SUMMER20,percentage,0.2,8.8,line_items,SUMMER20,True
9067,1084,SUMMER20,percentage,0.2,6.8,line_items,SUMMER20,True
9068,1084,WELCOME15,percentage,0.15,4.08,line_items,WELCOME15,True
9069,1085,SUMMER20,percentage,0.2,6.8,line_items,SUMMER20,True
9070,1086,WELCOME15,percentage,0.15,9.9,line_items,WELCOME15,True
9071,1087,SUMMER20,percentage,0.2,4.8,line_items,SUMMER20,True
9072,1088,WELCOME15,percentage,0.15,4.8,line_items,WELCOME15,True
9073,1091,SUMMER20,percentage,0.2,16.8,line_items,SUMMER20,True
9074,1092,SUMMER20,percentage,0.2,5.6,line_items,SUMMER20,True
9075,1094,SUMMER20,percentage,0.2,9.6,line_items,SUMMER20,True
9076,1095,SUMMER20,percentage,0.2,13.2,line_items,SUMMER20,True
9077,1096,SUMMER20,percentage,0.2,6.8,line_items,SUMMER20,True
9078,1098,WELCOME15,percentage,0.15,5.1,line_items,WELCOME15,True
9079,1099,SUMMER20,percentage,0.2,4.8,line_items,SUMMER20,True
9080,1099,WELCOME15,percentage,0.15,2.88,line_items,WELCOME15,True
9081,1101,SUMMER20,percentage,0.2,17.2,line_items,SUMMER20,True
9082,1104,SUMMER20,percentage,0.2,6.8,line_items,SUMMER20,True
9083,1104,WELCOME15,percentage,0.15,4.08,line_items,WELCOME15,True
9084,1105,SUMMER20,percentage,0.2,25.6,line_items,SUMMER20,True
9085,1108,SUMMER20,percentage,0.2,5.8,line_items,SUMMER20,True
9086,1110,WELCOME15,percentage,0.15,5.1,line_items,WELCOME15,True
9087,1110,FREESHIP,free_shipping,,12.95,shipping,FREESHIP,True
9088,1111,FREESHIP,free_shipping,,12.95,shipping,FREESHIP,True
9089,1112,SUMMER20,percentage,0.2,4.4,line_items,SUMMER20,True
9090,1116,SUMMER20,percentage,0.2,6.8,line_items,SUMMER20,True
9091,1117,WELCOME15,percentage,0.15,3.9,line_items,WELCOME15,True
9092,1119,SUMMER20,percentage,0.2,15.6,line_items,SUMMER20,True
9093,1120,SUMMER20,percentage,0.2,11.6,line_items,SUMMER20,True
9094,1122,SUMMER20,percentage,0.2,8.8,line_items,SUMMER20,True
9095,1123,SUMMER20,percentage,0.2,16.8,line_items,SUMMER20,True
9096,1125,SUMMER20,percentage,0.2,6.8,line_items,SUMMER20,True
9097,1126,SUMMER20,percentage,0.2,24.0,line_items,SUMMER20,True
9098,1127,SUMMER20,percentage,0.2,4.4,line_items,SUMMER20,True
9099,1128,SUMMER20,percentage,0.2,5.2,line_items,SUMMER20,True
9100,1131,SUMMER20,percentage,0.2,4.4,line_items,SUMMER20,True
9101,1132,SUMMER20,percentage,0.2,13.2,line_items,SUMMER20,True
9102,1133,SUMMER20,percentage,0.2,13.6,line_items,SUMMER20,True
9103,1134,WELCOME15,percentage,0.15,12.6,line_items,WELCOME15,True
9104,1135,SUMMER20,percentage,0.2,4.8,line_items,SUMMER20,True
9105,1136,SUMMER20,percentage,0.2,6.8,line_items,SUMMER20,True
9106,1137,SUMMER20,percentage,0.2,11.6,line_items,SUMMER20,True
9107,1137,WELCOME15,percentage,0.15,6.96,line_items,WELCOME15,True
9108,1138,SUMMER20,percentage,0.2,13.6,line_items,SUMMER20,True
9109,1139,SUMMER20,percentage,0.2,11.2,line_items,SUMMER20,True
9110,1140,SUMMER20,percentage,0.2,14.6,line_items,SUMMER20,True
9111,1141,SUMMER20,percentage,0.2,10.2,line_items,SUMMER20,True
9112,1142,SUMMER20,percentage,0.2,23.2,line_items,SUMMER20,True
9113,1142,WELCOME15,percentage,0.15,13.92,line_items,WELCOME15,True
9114,1143,SUMMER20,percentage,0.2,4.4,line_items,SUMMER20,True
9115,1144,SUMMER20,percentage,0.2,6.8,line_items,SUMMER20,True
9116,1145,SUMMER20,percentage,0.2,17.6,line_items,SUMMER20,True
9117,1147,SUMMER20,percentage,0.2,6.4,line_items,SUMMER20,True
9118,1149,SUMMER20,percentage,0.2,8.8,line_items,SUMMER20,True
9119,1152,SUMMER20,percentage,0.2,6.4,line_items,SUMMER20,True
9120,1153,WELCOME15,percentage,0.15,13.8,line_items,WELCOME15,True
9121,1154,WELCOME15,percentage,0.15,3.9,line_items,WELCOME15,True
9122,1155,FREESHIP,free_shipping,,5.95,shipping,FREESHIP,True
9123,1156,SUMMER20,percentage,0.2,16.8,line_items,SUMMER20,True
9124,1157,WELCOME15,percentage,0.15,12.9,line_items,WELCOME15,True
9125,1158,WELCOME15,percentage,0.15,10.2,line_items,WELCOME15,True
9126,1161,NOURISHED15,percentage,0.15,4.35,line_items,NOURISHED15,True
9127,1162,SUMMER20,percentage,0.2,12.6,line_items,SUMMER20,True
9128,1163,SKINBYJORDAN15,percentage,0.15,5.1,line_items,SKINBYJORDAN15,True
9129,1166,SUMMER20,percentage,0.2,23.6,line_items,SUMMER20,True
9130,1166,WELCOME15,percentage,0.15,14.16,line_items,WELCOME15,True
9131,1167,WELCOME15,percentage,0.15,21.3,line_items,WELCOME15,True
9132,1169,SUMMER20,percentage,0.2,4.8,line_items,SUMMER20,True
9133,1170,SUMMER20,percentage,0.2,23.6,line_items,SUMMER20,True
9134,1171,WELCOME15,percentage,0.15,16.65,line_items,WELCOME15,True
9135,1172,SUMMER20,percentage,0.2,8.8,line_items,SUMMER20,True
9136,1175,SUMMER20,percentage,0.2,24.4,line_items,SUMMER20,True
9137,1176,AMELIA10,percentage,0.1,3.4,line_items,AMELIA10,True
9138,1177,SUMMER20,percentage,0.2,8.8,line_items,SUMMER20,True
9139,1178,SUMMER20,percentage,0.2,6.8,line_items,SUMMER20,True
9140,1179,AMELIA10,percentage,0.1,3.4,line_items,AMELIA10,True
9141,1182,WELCOME15,percentage,0.15,7.2,line_items,WELCOME15,True
9142,1183,WELCOME15,percentage,0.15,3.3,line_items,WELCOME15,True
9143,1183,FREESHIP,free_shipping,,5.95,shipping,FREESHIP,True
9144,1185,SUMMER20,percentage,0.2,4.4,line_items,SUMMER20,True
9145,1187,WELCOME15,percentage,0.15,18.45,line_items,WELCOME15,True
9146,1188,SUMMER20,percentage,0.2,11.6,line_items,SUMMER20,True
9147,1189,SUMMER20,percentage,0.2,5.2,line_items,SUMMER20,True
9148,1190,SUMMER20,percentage,0.2,34.4,line_items,SUMMER20,True
9149,1191,SUMMER20,percentage,0.2,13.6,line_items,SUMMER20,True
9150,1192,SUMMER20,percentage,0.2,17.6,line_items,SUMMER20,True
9151,1193,SUMMER20,percentage,0.2,10.2,line_items,SUMMER20,True
9152,1194,SUMMER20,percentage,0.2,8.8,line_items,SUMMER20,True
9153,1195,SUMMER20,percentage,0.2,16.8,line_items,SUMMER20,True
9154,1196,SUMMER20,percentage,0.2,6.4,line_items,SUMMER20,True
9155,1197,SUMMER20,percentage,0.2,8.8,line_items,SUMMER20,True
9156,1198,SUMMER20,percentage,0.2,12.6,line_items,SUMMER20,True
9157,1199,NOURISHED15,percentage,0.15,9.3,line_items,NOURISHED15,True
9158,1200,SUMMER20,percentage,0.2,9.6,line_items,SUMMER20,True
9159,1200,WELCOME15,percentage,0.15,5.76,line_items,WELCOME15,True
9160,1201,SUMMER20,percentage,0.2,11.2,line_items,SUMMER20,True
9161,1202,SKINBYJORDAN15,percentage,0.15,13.8,line_items,SKINBYJORDAN15,True
9162,1204,WELCOME15,percentage,0.15,3.3,line_items,WELCOME15,True
9163,1205,WELCOME15,percentage,0.15,8.7,line_items,WELCOME15,True
9164,1206,WELCOME15,percentage,0.15,16.95,line_items,WELCOME15,True
9165,1208,SUMMER20,percentage,0.2,23.6,line_items,SUMMER20,True
9166,1209,AMELIA10,percentage,0.1,2.9,line_items,AMELIA10,True
9167,1210,WELCOME15,percentage,0.15,15.9,line_items,WELCOME15,True
9168,1216,SUMMER20,percentage,0.2,6.8,line_items,SUMMER20,False
9169,1218,SUMMER20,percentage,0.2,4.8,line_items,SUMMER20,True
9170,1219,SUMMER20,percentage,0.2,11.2,line_items,SUMMER20,True
9171,1220,SUMMER20,percentage,0.2,6.4,line_items,SUMMER20,True
9172,1221,SUMMER20,percentage,0.2,32.0,line_items,SUMMER20,True
9173,1222,FREESHIP,free_shipping,,12.95,shipping,FREESHIP,True
9174,1223,WELCOME15,percentage,0.15,4.8,line_items,WELCOME15,True
9175,1225,WELCOME15,percentage,0.15,12.9,line_items,WELCOME15,True
9176,1226,SUMMER20,percentage,0.2,6.8,line_items,SUMMER20,True
9177,1227,SUMMER20,percentage,0.2,13.6,line_items,SUMMER20,True
9178,1228,SUMMER20,percentage,0.2,6.8,line_items,SUMMER20,True
9179,1228,WELCOME15,percentage,0.15,4.08,line_items,WELCOME15,True
9180,1229,WELCOME15,percentage,0.15,3.9,line_items,WELCOME15,True
9181,1230,SUMMER20,percentage,0.2,6.8,line_items,SUMMER20,True
9182,1231,SUMMER20,percentage,0.2,4.8,line_items,SUMMER20,True
9183,1233,SUMMER20,percentage,0.2,6.8,line_items,SUMMER20,True
9184,1234,WELCOME15,percentage,0.15,4.2,line_items,WELCOME15,True
9185,1235,FREESHIP,free_shipping,,5.95,shipping,FREESHIP,True
9186,1236,SUMMER20,percentage,0.2,23.8,line_items,SUMMER20,True
9187,1236,WELCOME15,percentage,0.15,14.28,line_items,WELCOME15,True
9188,1237,WELCOME15,percentage,0.15,3.3,line_items,WELCOME15,True
9189,1240,SUMMER20,percentage,0.2,8.8,line_items,SUMMER20,True
9190,1241,SUMMER20,percentage,0.2,5.6,line_items,SUMMER20,True
9191,1242,SUMMER20,percentage,0.2,6.8,line_items,SUMMER20,True
9192,1243,WELCOME15,percentage,0.15,4.8,line_items,WELCOME15,True
9193,1244,WELCOME15,percentage,0.15,4.8,line_items,WELCOME15,True
9194,1245,SUMMER20,percentage,0.2,6.4,line_items,SUMMER20,False
9195,1246,SUMMER20,percentage,0.2,13.2,line_items,SUMMER20,True
9196,1246,welcome15,percentage,0.15,7.92,line_items,WELCOME15,True
9197,1248,SUMMER20,percentage,0.2,6.4,line_items,SUMMER20,True
9198,1249,SUMMER20,percentage,0.2,23.6,line_items,SUMMER20,True
9199,1250,SUMMER20,percentage,0.2,6.8,line_items,SUMMER20,True
9200,1252,WELCOME15,percentage,0.15,4.35,line_items,WELCOME15,True
9201,1253,SUMMER20,percentage,0.2,5.6,line_items,SUMMER20,True
9202,1255,SUMMER20,percentage,0.2,6.8,line_items,SUMMER20,True
9203,1256,SUMMER20,percentage,0.2,12.6,line_items,SUMMER20,True
9204,1257,SUMMER20,percentage,0.2,13.6,line_items,SUMMER20,True
9205,1258,SUMMER20,percentage,0.2,13.2,line_items,SUMMER20,True
9206,1259,SUMMER20,percentage,0.2,9.6,line_items,SUMMER20,True
9207,1260,WELCOME15,percentage,0.15,5.1,line_items,WELCOME15,True
9208,1262,DERMDIARY10,percentage,0.1,16.2,line_items,DERMDIARY10,True
9209,1264,SUMMER20,percentage,0.2,4.4,line_items,SUMMER20,True
9210,1266,SUMMER20,percentage,0.2,6.8,line_items,SUMMER20,True
9211,1268,SUMMER20,percentage,0.2,6.8,line_items,SUMMER20,True
9212,1268,WELCOME15,percentage,0.15,4.08,line_items,WELCOME15,True
9213,1269,SUMMER20,percentage,0.2,16.0,line_items,SUMMER20,True
9214,1270,SUMMER20,percentage,0.2,5.2,line_items,SUMMER20,True
9215,1271,SUMMER20,percentage,0.2,8.8,line_items,SUMMER20,True
9216,1272,SUMMER20,percentage,0.2,6.8,line_items,SUMMER20,True
9217,1272,WELCOME15,percentage,0.15,4.08,line_items,WELCOME15,True
9218,1275,SUMMER20,percentage,0.2,6.8,line_items,SUMMER20,True
9219,1276,SUMMER20,percentage,0.2,35.2,line_items,SUMMER20,True
9220,1276,WELCOME15,percentage,0.15,21.12,line_items,WELCOME15,True
9221,1279,SUMMER20,percentage,0.2,6.8,line_items,SUMMER20,True
9222,1281,SUMMER20,percentage,0.2,10.8,line_items,SUMMER20,True
9223,1282,SUMMER20,percentage,0.2,15.6,line_items,SUMMER20,True
9224,1283,SUMMER20,percentage,0.2,6.8,line_items,SUMMER20,True
9225,1284,SUMMER20,percentage,0.2,6.8,line_items,SUMMER20,True
9226,1285,SUMMER20,percentage,0.2,13.2,line_items,SUMMER20,True
9227,1285,WELCOME15,percentage,0.15,7.92,line_items,WELCOME15,True
9228,1287,SUMMER20,percentage,0.2,6.8,line_items,SUMMER20,True
9229,1288,SUMMER20,percentage,0.2,5.2,line_items,SUMMER20,True
9230,1289,SUMMER20,percentage,0.2,15.6,line_items,SUMMER20,True
9231,1290,SUMMER20,percentage,0.2,14.0,line_items,SUMMER20,True
9232,1291,SUMMER20,percentage,0.2,4.8,line_items,SUMMER20,True
9233,1293,SUMMER20,percentage,0.2,23.2,line_items,SUMMER20,True
9234,1294,SUMMER20,percentage,0.2,15.4,line_items,SUMMER20,True
9235,1296,SUMMER20,percentage,0.2,11.6,line_items,SUMMER20,True
9236,1297,SUMMER20,percentage,0.2,5.6,line_items,SUMMER20,True
9237,1298,SUMMER20,percentage,0.2,5.8,line_items,SUMMER20,True
9238,1299,SUMMER20,percentage,0.2,13.6,line_items,SUMMER20,True
9239,1300,SUMMER20,percentage,0.2,11.2,line_items,SUMMER20,True
9240,1300,WELCOME15,percentage,0.15,6.72,line_items,WELCOME15,True
9241,1301,SUMMER20,percentage,0.2,6.8,line_items,SUMMER20,True
9242,1304,SUMMER20,percentage,0.2,13.2,line_items,SUMMER20,True
9243,1306,WELCOME15,percentage,0.15,9.3,line_items,WELCOME15,True
9244,1307,WELCOME15,percentage,0.15,14.55,line_items,WELCOME15,True
9245,1311,SUMMER20,percentage,0.2,6.8,line_items,SUMMER20,True
9246,1313,SUMMER20,percentage,0.2,5.8,line_items,SUMMER20,True
9247,1313,FREESHIP,free_shipping,,5.95,shipping,FREESHIP,True
9248,1314,SUMMER20,percentage,0.2,17.6,line_items,SUMMER20,True
9249,1315,SUMMER20,percentage,0.2,15.6,line_items,SUMMER20,True
9250,1316,SUMMER20,percentage,0.2,8.8,line_items,SUMMER20,True
9251,1318,WELCOME15,percentage,0.15,5.1,line_items,WELCOME15,True
9252,1319,SUMMER20,percentage,0.2,4.4,line_items,SUMMER20,True
9253,1320,SUMMER20,percentage,0.2,6.8,line_items,SUMMER20,True
9254,1323,SUMMER20,percentage,0.2,22.0,line_items,SUMMER20,True
9255,1324,WELCOME15,percentage,0.15,6.6,line_items,WELCOME15,True
9256,1325,WELCOME15,percentage,0.15,5.1,line_items,WELCOME15,True
9257,1326,WELCOME15,percentage,0.15,8.7,line_items,WELCOME15,True
9258,1327,SUMMER20,percentage,0.2,10.8,line_items,SUMMER20,True
9259,1327,WELCOME15,percentage,0.15,6.48,line_items,WELCOME15,True
9260,1328,SUMMER20,percentage,0.2,4.8,line_items,SUMMER20,True
9261,1329,SUMMER20,percentage,0.2,5.2,line_items,SUMMER20,True
9262,1329,WELCOME15,percentage,0.15,3.12,line_items,WELCOME15,True
9263,1331,SUMMER20,percentage,0.2,16.8,line_items,SUMMER20,True
9264,1332,SUMMER20,percentage,0.2,11.2,line_items,SUMMER20,True
9265,1333,SUMMER20,percentage,0.2,5.8,line_items,SUMMER20,True
9266,1334,welcome15,percentage,0.15,12.6,line_items,WELCOME15,True
9267,1335,SUMMER20,percentage,0.2,13.2,line_items,SUMMER20,True
9268,1337,WELCOME15,percentage,0.15,4.35,line_items,WELCOME15,False
9269,1338,SUMMER20,percentage,0.2,5.2,line_items,SUMMER20,True
9270,1339,WELCOME15,percentage,0.15,4.2,line_items,WELCOME15,True
9271,1340,SUMMER20,percentage,0.2,12.6,line_items,SUMMER20,True
9272,1341,WELCOME15,percentage,0.15,17.7,line_items,WELCOME15,True
9273,1343,SUMMER20,percentage,0.2,4.4,line_items,SUMMER20,True
9274,1345,WELCOME15,percentage,0.15,4.2,line_items,WELCOME15,True
9275,1346,TEST100,percentage,1.0,34.0,line_items,TEST100,False
9276,1347,SKINBYJORDAN15,percentage,0.15,4.35,line_items,SKINBYJORDAN15,True
9277,1350,WELCOME15,percentage,0.15,12.6,line_items,WELCOME15,True
9278,1351,SUMMER20,percentage,0.2,13.6,line_items,SUMMER20,True
9279,1352,WELCOME15,percentage,0.15,6.6,line_items,WELCOME15,True
9280,1353,SUMMER20,percentage,0.2,36.8,line_items,SUMMER20,True
9281,1354,SUMMER20,percentage,0.2,13.6,line_items,SUMMER20,True
9282,1356,SUMMER20,percentage,0.2,15.6,line_items,SUMMER20,True
9283,1356,WELCOME15,percentage,0.15,9.36,line_items,WELCOME15,True
9284,1357,WELCOME15,percentage,0.15,12.0,line_items,WELCOME15,True
9285,1359,FREESHIP,free_shipping,,5.95,shipping,FREESHIP,True
9286,1364,WELCOME15,percentage,0.15,21.3,line_items,WELCOME15,True
9287,1365,WELCOME15,percentage,0.15,4.2,line_items,WELCOME15,True
9288,1366,WELCOME15,percentage,0.15,8.1,line_items,WELCOME15,True
9289,1367,WELCOME15,percentage,0.15,8.4,line_items,WELCOME15,True
9290,1368,WELCOME15,percentage,0.15,4.35,line_items,WELCOME15,True
9291,1370,WELCOME15,percentage,0.15,8.7,line_items,WELCOME15,True
9292,1372,WELCOME15,percentage,0.15,16.65,line_items,WELCOME15,True
9293,1379,SKINBYJORDAN15,percentage,0.15,12.6,line_items,SKINBYJORDAN15,True
9294,1384,welcome15,percentage,0.15,5.1,line_items,WELCOME15,True
9295,1385,WELCOME15,percentage,0.15,5.1,line_items,WELCOME15,True
9296,1387,LOYAL10,percentage,0.1,11.8,line_items,LOYAL10,True
9297,1388,AMELIA10,percentage,0.1,2.2,line_items,AMELIA10,True
9298,1388,WELCOME15,percentage,0.15,2.97,line_items,WELCOME15,True
9299,1390,WELCOME15,percentage,0.15,8.4,line_items,WELCOME15,True
9300,1391,WELCOME15,percentage,0.15,12.6,line_items,WELCOME15,True
9301,1394,WELCOME15,percentage,0.15,12.0,line_items,WELCOME15,True
9302,1396,WELCOME15,percentage,0.15,9.15,line_items,WELCOME15,True
9303,1401,GLOWWITHSAM12,percentage,0.12,6.24,line_items,GLOWWITHSAM12,True
9304,1404,LOYAL10,percentage,0.1,6.6,line_items,LOYAL10,True
9305,1407,AMELIA10,percentage,0.1,3.4,line_items,AMELIA10,True
9306,1409,LOYAL10,percentage,0.1,3.4,line_items,LOYAL10,True
9307,1412,FREESHIP,free_shipping,,5.95,shipping,FREESHIP,True
9308,1414,WELCOME15,percentage,0.15,4.8,line_items,WELCOME15,True
9309,1416,WELCOME15,percentage,0.15,4.2,line_items,WELCOME15,True
9310,1418,LOYAL10,percentage,0.1,2.8,line_items,LOYAL10,True
9311,1419,SKINBYJORDAN15,percentage,0.15,12.6,line_items,SKINBYJORDAN15,True
9312,1422,WELCOME15,percentage,0.15,3.3,line_items,WELCOME15,True
9313,1424,WELCOME15,percentage,0.15,4.35,line_items,WELCOME15,True
9314,1427,WELCOME15,percentage,0.15,3.9,line_items,WELCOME15,True
9315,1428,FREESHIP,free_shipping,,5.95,shipping,FREESHIP,True
9316,1429,WELCOME15,percentage,0.15,5.1,line_items,WELCOME15,True
9317,1431,WELCOME15,percentage,0.15,5.1,line_items,WELCOME15,True
9318,1432,FREESHIP,free_shipping,,12.95,shipping,FREESHIP,True
9319,1433,WELCOME15,percentage,0.15,6.6,line_items,WELCOME15,True
9320,1433,FREESHIP,free_shipping,,5.95,shipping,FREESHIP,True
9321,1436,WELCOME15,percentage,0.15,12.6,line_items,WELCOME15,True
9322,1437,LOYAL10,percentage,0.1,5.8,line_items,LOYAL10,True
9323,1438,WELCOME15,percentage,0.15,5.1,line_items,WELCOME15,True
9324,1439,WELCOME15,percentage,0.15,10.8,line_items,WELCOME15,True
9325,1440,WELCOME15,percentage,0.15,4.2,line_items,WELCOME15,True
9326,1444,WELCOME15,percentage,0.15,4.8,line_items,WELCOME15,True
9327,1448,GLOWWITHSAM12,percentage,0.12,4.08,line_items,GLOWWITHSAM12,True
9328,1449,AMELIA10,percentage,0.1,6.4,line_items,AMELIA10,True
9329,1450,AMELIA10,percentage,0.1,3.4,line_items,AMELIA10,True
9330,1451,DERMDIARY10,percentage,0.1,2.2,line_items,DERMDIARY10,True
9331,1452,WELCOME15,percentage,0.15,5.1,line_items,WELCOME15,True
9332,1454,WELCOME15,percentage,0.15,13.2,line_items,WELCOME15,True
9333,1456,GLOWWITHSAM12,percentage,0.12,7.92,line_items,GLOWWITHSAM12,True
9334,1458,WELCOME15,percentage,0.15,3.3,line_items,WELCOME15,True
9335,1458,FREESHIP,free_shipping,,5.95,shipping,FREESHIP,True
9336,1459,LOYAL10,percentage,0.1,9.4,line_items,LOYAL10,True
9337,1460,WELCOME15,percentage,0.15,5.1,line_items,WELCOME15,True
9338,1462,LOYAL10,percentage,0.1,4.4,line_items,LOYAL10,True
9339,1463,WELCOME15,percentage,0.15,5.1,line_items,WELCOME15,True
9340,1464,WELCOME15,percentage,0.15,3.3,line_items,WELCOME15,True
9341,1465,WELCOME15,percentage,0.15,10.95,line_items,WELCOME15,True
9342,1466,LABORDAY15,percentage,0.15,5.1,line_items,LABORDAY15,True
9343,1467,LABORDAY15,percentage,0.15,3.3,line_items,LABORDAY15,True
9344,1468,LABORDAY15,percentage,0.15,18.9,line_items,LABORDAY15,True
9345,1469,welcome15,percentage,0.15,27.15,line_items,WELCOME15,True
9346,1470,LABORDAY15,percentage,0.15,11.7,line_items,LABORDAY15,True
9347,1471,LABORDAY15,percentage,0.15,12.0,line_items,LABORDAY15,True
9348,1472,LOYAL10 ,percentage,0.1,8.4,line_items,LOYAL10,True
9349,1473,WELCOME15,percentage,0.15,5.1,line_items,WELCOME15,True
9350,1474,WELCOME15,percentage,0.15,3.6,line_items,WELCOME15,True
9351,1476,LABORDAY15,percentage,0.15,6.6,line_items,LABORDAY15,True
9352,1477,LABORDAY15,percentage,0.15,5.1,line_items,LABORDAY15,True
9353,1477,WELCOME15,percentage,0.15,4.34,line_items,WELCOME15,True
9354,1478,LOYAL10,percentage,0.1,7.7,line_items,LOYAL10,True
9355,1479,LOYAL10,percentage,0.1,3.4,line_items,LOYAL10,True
9356,1480,LABORDAY15,percentage,0.15,9.15,line_items,LABORDAY15,True
9357,1481,LABORDAY15,percentage,0.15,5.1,line_items,LABORDAY15,True
9358,1482,LABORDAY15,percentage,0.15,12.6,line_items,LABORDAY15,True
9359,1485,LABORDAY15,percentage,0.15,8.1,line_items,LABORDAY15,True
9360,1485,WELCOME15,percentage,0.15,6.89,line_items,WELCOME15,True
9361,1486,GLOWWITHSAM12,percentage,0.12,3.36,line_items,GLOWWITHSAM12,True
9362,1486,WELCOME15,percentage,0.15,3.7,line_items,WELCOME15,True
9363,1487,LABORDAY15,percentage,0.15,5.1,line_items,LABORDAY15,True
9364,1489,LABORDAY15,percentage,0.15,4.8,line_items,LABORDAY15,True
9365,1490,LABORDAY15,percentage,0.15,5.1,line_items,LABORDAY15,True
9366,1491,WELCOME15,percentage,0.15,17.7,line_items,WELCOME15,True
9367,1492,WELCOME15,percentage,0.15,3.3,line_items,WELCOME15,True
9368,1493,LABORDAY15,percentage,0.15,5.1,line_items,LABORDAY15,True
9369,1493,FREESHIP,free_shipping,,12.95,shipping,FREESHIP,True
9370,1494,WELCOME15,percentage,0.15,9.0,line_items,WELCOME15,True
9371,1496,LABORDAY15,percentage,0.15,6.6,line_items,LABORDAY15,True
9372,1497,LABORDAY15,percentage,0.15,3.9,line_items,LABORDAY15,True
9373,1498,LABORDAY15,percentage,0.15,11.7,line_items,LABORDAY15,True
9374,1499,LABORDAY15,percentage,0.15,5.1,line_items,LABORDAY15,True
9375,1499,FREESHIP,free_shipping,,5.95,shipping,FREESHIP,True
9376,1500,LABORDAY15,percentage,0.15,12.6,line_items,LABORDAY15,True
9377,1501,LABORDAY15,percentage,0.15,8.4,line_items,LABORDAY15,True
9378,1502,LABORDAY15,percentage,0.15,8.7,line_items,LABORDAY15,True
9379,1503,WELCOME15,percentage,0.15,6.6,line_items,WELCOME15,True
9380,1504,LABORDAY15,percentage,0.15,11.7,line_items,LABORDAY15,True
9381,1505,LABORDAY15,percentage,0.15,10.2,line_items,LABORDAY15,True
9382,1508,SKINBYJORDAN15,percentage,0.15,8.7,line_items,SKINBYJORDAN15,True
9383,1514,WELCOME15,percentage,0.15,4.2,line_items,WELCOME15,True
9384,1515,WELCOME15,percentage,0.15,5.1,line_items,WELCOME15,True
9385,1515,FREESHIP,free_shipping,,5.95,shipping,FREESHIP,True
9386,1516,WELCOME15,percentage,0.15,12.6,line_items,WELCOME15,True
9387,1517,SKINBYJORDAN15,percentage,0.15,5.1,line_items,SKINBYJORDAN15,True
9388,1520,WELCOME15,percentage,0.15,16.8,line_items,WELCOME15,True
9389,1525,WELCOME15,percentage,0.15,5.1,line_items,WELCOME15,True
9390,1526,WELCOME15,percentage,0.15,25.8,line_items,WELCOME15,True
9391,1527,WELCOME15,percentage,0.15,15.6,line_items,WELCOME15,True
9392,1537,WELCOME15,percentage,0.15,5.1,line_items,WELCOME15,True
9393,1538,WELCOME15,percentage,0.15,12.6,line_items,WELCOME15,True
9394,1539,WELCOME15,percentage,0.15,5.1,line_items,WELCOME15,True
9395,1541,WELCOME15,percentage,0.15,11.7,line_items,WELCOME15,True
9396,1542,WELCOME15,percentage,0.15,8.7,line_items,WELCOME15,True
9397,1543,LOYAL10,percentage,0.1,5.8,line_items,LOYAL10,True
9398,1550,WELCOME15,percentage,0.15,8.4,line_items,WELCOME15,True
9399,1551,WELCOME15,percentage,0.15,4.8,line_items,WELCOME15,True
9400,1554,WELCOME15,percentage,0.15,4.8,line_items,WELCOME15,True
9401,1556,welcome15,percentage,0.15,9.9,line_items,WELCOME15,True
9402,1557,LOYAL10,percentage,0.1,5.1,line_items,LOYAL10,True
9403,1566,WELCOME15,percentage,0.15,5.1,line_items,WELCOME15,True
9404,1570,GLOWWITHSAM12,percentage,0.12,13.92,line_items,GLOWWITHSAM12,True
9405,1572,AMELIA10,percentage,0.1,12.9,line_items,AMELIA10,True
9406,1574,TEST100,percentage,1.0,34.0,line_items,TEST100,False
9407,1578,WELCOME15,percentage,0.15,4.2,line_items,WELCOME15,True
9408,1581,SKINBYJORDAN15,percentage,0.15,6.6,line_items,SKINBYJORDAN15,True
9409,1582,WELCOME15,percentage,0.15,4.35,line_items,WELCOME15,True
9410,1587,GLOWWITHSAM12,percentage,0.12,7.92,line_items,GLOWWITHSAM12,True
9411,1588,WELCOME15,percentage,0.15,5.1,line_items,WELCOME15,True
9412,1589,DERMDIARY10,percentage,0.1,6.8,line_items,DERMDIARY10,True
9413,1589,WELCOME15,percentage,0.15,9.18,line_items,WELCOME15,True
9414,1590,FREESHIP,free_shipping,,5.95,shipping,FREESHIP,True
9415,1591,LOYAL10,percentage,0.1,4.4,line_items,LOYAL10,True
9416,1595,SKINBYJORDAN15,percentage,0.15,7.2,line_items,SKINBYJORDAN15,True
9417,1597,GLOWWITHSAM12,percentage,0.12,20.64,line_items,GLOWWITHSAM12,True
9418,1605,AMELIA10,percentage,0.1,4.4,line_items,AMELIA10,True
9419,1611,WELCOME15,percentage,0.15,3.3,line_items,WELCOME15,True
9420,1611,FREESHIP,free_shipping,,5.95,shipping,FREESHIP,True
9421,1613,WELCOME15,percentage,0.15,4.8,line_items,WELCOME15,True
9422,1614,WELCOME15,percentage,0.15,9.75,line_items,WELCOME15,True
9423,1615,WELCOME15,percentage,0.15,17.55,line_items,WELCOME15,True
9424,1616,WELCOME15,percentage,0.15,3.3,line_items,WELCOME15,True
9425,1619,WELCOME15,percentage,0.15,7.5,line_items,WELCOME15,True
9426,1620,WELCOME15,percentage,0.15,9.9,line_items,WELCOME15,True
9427,1621,WELCOME15,percentage,0.15,5.1,line_items,WELCOME15,True
9428,1624,LOYAL10,percentage,0.1,2.9,line_items,LOYAL10,True
9429,1625,GLOWWITHSAM12,percentage,0.12,9.6,line_items,GLOWWITHSAM12,True
9430,1626,WELCOME15,percentage,0.15,9.3,line_items,WELCOME15,True
9431,1627,welcome15,percentage,0.15,9.9,line_items,WELCOME15,True
9432,1629,WELCOME15,percentage,0.15,5.1,line_items,WELCOME15,True
9433,1633,WELCOME15,percentage,0.15,3.6,line_items,WELCOME15,True
9434,1634,FREESHIP,free_shipping,,5.95,shipping,FREESHIP,True
9435,1635,WELCOME15,percentage,0.15,4.8,line_items,WELCOME15,True
9436,1636,WELCOME15,percentage,0.15,22.8,line_items,WELCOME15,True
9437,1639,LOYAL10,percentage,0.1,4.4,line_items,LOYAL10,True
9438,1640,WELCOME15,percentage,0.15,17.7,line_items,WELCOME15,True
9439,1641,WELCOME15,percentage,0.15,18.9,line_items,WELCOME15,True
9440,1642,WELCOME15,percentage,0.15,5.1,line_items,WELCOME15,True
9441,1643,LOYAL10,percentage,0.1,7.8,line_items,LOYAL10,True
9442,1647,WELCOME15,percentage,0.15,8.1,line_items,WELCOME15,True
9443,1648,WELCOME15,percentage,0.15,5.1,line_items,WELCOME15,True
9444,1649,WELCOME15,percentage,0.15,17.7,line_items,WELCOME15,True
9445,1650,WELCOME15,percentage,0.15,6.6,line_items,WELCOME15,True
9446,1651,WELCOME15,percentage,0.15,5.1,line_items,WELCOME15,True
9447,1652,WELCOME15,percentage,0.15,4.8,line_items,WELCOME15,True
9448,1653,WELCOME15,percentage,0.15,3.9,line_items,WELCOME15,True
9449,1657,LOYAL10,percentage,0.1,3.4,line_items,LOYAL10,True
9450,1665,AMELIA10,percentage,0.1,3.6,line_items,AMELIA10,True
9451,1669,WELCOME15,percentage,0.15,4.35,line_items,WELCOME15,True
9452,1676,WELCOME15,percentage,0.15,5.1,line_items,WELCOME15,True
9453,1681,WELCOME15,percentage,0.15,5.1,line_items,WELCOME15,True
9454,1682,WELCOME15,percentage,0.15,8.1,line_items,WELCOME15,True
9455,1684,DERMDIARY10,percentage,0.1,3.4,line_items,DERMDIARY10,True
9456,1689,WELCOME15,percentage,0.15,3.3,line_items,WELCOME15,True
9457,1690,WELCOME15,percentage,0.15,6.9,line_items,WELCOME15,True
9458,1691,WELCOME15,percentage,0.15,13.8,line_items,WELCOME15,True
9459,1695,GLOWWITHSAM12,percentage,0.12,3.36,line_items,GLOWWITHSAM12,True
9460,1696,WELCOME15,percentage,0.15,4.35,line_items,WELCOME15,True
9461,1697,WELCOME15,percentage,0.15,9.9,line_items,WELCOME15,True
9462,1698,WELCOME15,percentage,0.15,4.8,line_items,WELCOME15,True
9463,1700,WELCOME15,percentage,0.15,4.35,line_items,WELCOME15,True
9464,1701,WELCOME15,percentage,0.15,9.15,line_items,WELCOME15,True
9465,1703,LOYAL10,percentage,0.1,9.7,line_items,LOYAL10,True
9466,1704,WELCOME15,percentage,0.15,4.2,line_items,WELCOME15,True
9467,1708,WELCOME15,percentage,0.15,12.6,line_items,WELCOME15,True
9468,1711,WELCOME15,percentage,0.15,4.8,line_items,WELCOME15,True
9469,1712,SKINBYJORDAN15,percentage,0.15,12.6,line_items,SKINBYJORDAN15,True
9470,1716,WELCOME15,percentage,0.15,4.35,line_items,WELCOME15,True
9471,1721,WELCOME15,percentage,0.15,5.1,line_items,WELCOME15,True
9472,1727,WELCOME15,percentage,0.15,5.1,line_items,WELCOME15,True
9473,1733,SKINBYJORDAN15,percentage,0.15,5.1,line_items,SKINBYJORDAN15,True
9474,1734,WELCOME15,percentage,0.15,16.95,line_items,WELCOME15,True
9475,1737,WELCOME15,percentage,0.15,16.8,line_items,WELCOME15,True
9476,1742,WELCOME15,percentage,0.15,8.7,line_items,WELCOME15,True
9477,1743,SKINBYJORDAN15,percentage,0.15,11.4,line_items,SKINBYJORDAN15,True
9478,1747,WELCOME15,percentage,0.15,14.85,line_items,WELCOME15,True
9479,1748,FREESHIP,free_shipping,,5.95,shipping,FREESHIP,True
9480,1749,LOYAL10,percentage,0.1,15.6,line_items,LOYAL10,True
9481,1750,WELCOME15,percentage,0.15,6.6,line_items,WELCOME15,True
9482,1752,LOYAL10,percentage,0.1,9.4,line_items,LOYAL10,False
9483,1757,LOYAL10,percentage,0.1,6.6,line_items,LOYAL10,True
9484,1758,WELCOME15,percentage,0.15,8.4,line_items,WELCOME15,True
9485,1759,WELCOME15,percentage,0.15,12.6,line_items,WELCOME15,True
9486,1761,WELCOME15,percentage,0.15,5.1,line_items,WELCOME15,True
9487,1764,LOYAL10,percentage,0.1,4.4,line_items,LOYAL10,True
9488,1765,WELCOME15,percentage,0.15,5.1,line_items,WELCOME15,True
9489,1766,welcome15,percentage,0.15,14.55,line_items,WELCOME15,True
9490,1768,WELCOME15,percentage,0.15,12.6,line_items,WELCOME15,True
9491,1772,WELCOME15,percentage,0.15,5.1,line_items,WELCOME15,True
9492,1775,WELCOME15,percentage,0.15,13.8,line_items,WELCOME15,True
9493,1777,WELCOME15,percentage,0.15,5.1,line_items,WELCOME15,True
9494,1778,WELCOME15,percentage,0.15,5.1,line_items,WELCOME15,True
9495,1784,NOURISHED15,percentage,0.15,9.75,line_items,NOURISHED15,True
9496,1787,FREESHIP,free_shipping,,5.95,shipping,FREESHIP,True
9497,1789,AMELIA10,percentage,0.1,2.9,line_items,AMELIA10,True
9498,1789,FREESHIP,free_shipping,,12.95,shipping,FREESHIP,True
9499,1792,WELCOME15,percentage,0.15,3.9,line_items,WELCOME15,True
9500,1794,WELCOME15,percentage,0.15,6.6,line_items,WELCOME15,True
9501,1795,SKINBYJORDAN15,percentage,0.15,12.0,line_items,SKINBYJORDAN15,True
9502,1799,WELCOME15,percentage,0.15,6.6,line_items,WELCOME15,True
9503,1805,LOYAL10,percentage,0.1,13.2,line_items,LOYAL10,True
9504,1806,AMELIA10,percentage,0.1,10.6,line_items,AMELIA10,True
9505,1807,WELCOME15,percentage,0.15,4.2,line_items,WELCOME15,True
9506,1809,LOYAL10,percentage,0.1,9.7,line_items,LOYAL10,True
9507,1813,LOYAL10,percentage,0.1,6.8,line_items,LOYAL10,True
9508,1821,WELCOME15,percentage,0.15,4.2,line_items,WELCOME15,True
9509,1822,welcome15,percentage,0.15,3.6,line_items,WELCOME15,True
9510,1823,LOYAL10,percentage,0.1,13.3,line_items,LOYAL10,True
9511,1825,FREESHIP,free_shipping,,5.95,shipping,FREESHIP,True
9512,1826,WELCOME15,percentage,0.15,12.6,line_items,WELCOME15,True
9513,1827,WELCOME15,percentage,0.15,20.7,line_items,WELCOME15,True
9514,1828,LOYAL10,percentage,0.1,3.4,line_items,LOYAL10,True
9515,1829,AMELIA10,percentage,0.1,3.4,line_items,AMELIA10,True
9516,1833,AMELIA10,percentage,0.1,7.8,line_items,AMELIA10,True
9517,1834,WELCOME15,percentage,0.15,6.6,line_items,WELCOME15,True
9518,1847,WELCOME15,percentage,0.15,5.1,line_items,WELCOME15,True
9519,1848,WELCOME15,percentage,0.15,6.6,line_items,WELCOME15,True
9520,1850,LOYAL10,percentage,0.1,9.2,line_items,LOYAL10,True
9521,1853,LOYAL10,percentage,0.1,6.0,line_items,LOYAL10,True
9522,1854,WELCOME15,percentage,0.15,5.1,line_items,WELCOME15,True
9523,1854,FREESHIP,free_shipping,,5.95,shipping,FREESHIP,True
9524,1857,WELCOME15,percentage,0.15,10.5,line_items,WELCOME15,True
9525,1859,WELCOME15,percentage,0.15,10.2,line_items,WELCOME15,True
9526,1862,LOYAL10,percentage,0.1,7.8,line_items,LOYAL10,True
9527,1866,LOYAL10,percentage,0.1,14.0,line_items,LOYAL10,True
9528,1868,WELCOME15,percentage,0.15,4.2,line_items,WELCOME15,True
9529,1869,WELCOME15,percentage,0.15,10.2,line_items,WELCOME15,True
9530,1876,SKINBYJORDAN15,percentage,0.15,21.9,line_items,SKINBYJORDAN15,True
9531,1876,WELCOME15,percentage,0.15,18.62,line_items,WELCOME15,True
9532,1877,WELCOME15,percentage,0.15,4.35,line_items,WELCOME15,True
9533,1880,WELCOME15,percentage,0.15,5.1,line_items,WELCOME15,True
9534,1885,WELCOME15,percentage,0.15,5.1,line_items,WELCOME15,False
9535,1888,WELCOME15,percentage,0.15,7.2,line_items,WELCOME15,True
9536,1890,AMELIA10,percentage,0.1,6.8,line_items,AMELIA10,True
9537,1891,WELCOME15,percentage,0.15,3.6,line_items,WELCOME15,True
9538,1893,WELCOME15,percentage,0.15,16.5,line_items,WELCOME15,True
9539,1894,WELCOME15,percentage,0.15,5.1,line_items,WELCOME15,True
9540,1895,WELCOME15,percentage,0.15,5.1,line_items,WELCOME15,True
9541,1896,GLOWWITHSAM12,percentage,0.12,7.92,line_items,GLOWWITHSAM12,True
9542,1897,LOYAL10,percentage,0.1,5.1,line_items,LOYAL10,True
9543,1901,WELCOME15,percentage,0.15,9.9,line_items,WELCOME15,True
9544,1902,WELCOME15,percentage,0.15,15.6,line_items,WELCOME15,True
9545,1903,WELCOME15,percentage,0.15,4.35,line_items,WELCOME15,True
9546,1904,WELCOME15,percentage,0.15,5.1,line_items,WELCOME15,True
9547,1905,WELCOME15,percentage,0.15,10.2,line_items,WELCOME15,True
9548,1906,WELCOME15,percentage,0.15,3.6,line_items,WELCOME15,True
9549,1909,WELCOME15,percentage,0.15,9.9,line_items,WELCOME15,True
9550,1910,WELCOME15,percentage,0.15,3.6,line_items,WELCOME15,True
9551,1912,WELCOME15,percentage,0.15,7.2,line_items,WELCOME15,True
9552,1913,GLOWWITHSAM12,percentage,0.12,6.96,line_items,GLOWWITHSAM12,True
9553,1913,WELCOME15,percentage,0.15,7.66,line_items,WELCOME15,True
9554,1918,WELCOME15,percentage,0.15,8.1,line_items,WELCOME15,True
9555,1922,WELCOME15,percentage,0.15,10.2,line_items,WELCOME15,True
9556,1923,WELCOME15,percentage,0.15,12.6,line_items,WELCOME15,True
9557,1927,WELCOME15,percentage,0.15,5.1,line_items,WELCOME15,True
9558,1928,WELCOME15,percentage,0.15,7.2,line_items,WELCOME15,True
9559,1931,WELCOME15,percentage,0.15,7.5,line_items,WELCOME15,True
9560,1932,WELCOME15,percentage,0.15,3.3,line_items,WELCOME15,True
9561,1937,WELCOME15,percentage,0.15,7.2,line_items,WELCOME15,True
9562,1953,WELCOME15,percentage,0.15,5.1,line_items,WELCOME15,True
9563,1955,WELCOME15,percentage,0.15,31.65,line_items,WELCOME15,True
9564,1957,FREESHIP,free_shipping,,5.95,shipping,FREESHIP,True
9565,1963,WELCOME15,percentage,0.15,10.2,line_items,WELCOME15,True
9566,1966,WELCOME15,percentage,0.15,4.35,line_items,WELCOME15,True
9567,1967,LOYAL10,percentage,0.1,8.8,line_items,LOYAL10,True
9568,1969,WELCOME15,percentage,0.15,12.6,line_items,WELCOME15,True
9569,1971,WELCOME15,percentage,0.15,13.2,line_items,WELCOME15,True
9570,1972,WELCOME15,percentage,0.15,22.8,line_items,WELCOME15,True
9571,1974,LOYAL10,percentage,0.1,6.8,line_items,LOYAL10,True
9572,1975,WELCOME15,percentage,0.15,17.4,line_items,WELCOME15,True
9573,1976,WELCOME15,percentage,0.15,19.2,line_items,WELCOME15,True
9574,1977,WELCOME15,percentage,0.15,12.6,line_items,WELCOME15,True
9575,1978,WELCOME15,percentage,0.15,17.7,line_items,WELCOME15,True
9576,1980,LOYAL10,percentage,0.1,14.4,line_items,LOYAL10,True
9577,1982,FREESHIP,free_shipping,,12.95,shipping,FREESHIP,True
9578,1992,WELCOME15,percentage,0.15,5.1,line_items,WELCOME15,True
9579,1993,GLOWWITHSAM12,percentage,0.12,10.08,line_items,GLOWWITHSAM12,True
9580,1994,WELCOME15,percentage,0.15,4.8,line_items,WELCOME15,True
9581,1996,WELCOME15,percentage,0.15,25.8,line_items,WELCOME15,True
9582,1997,WELCOME15,percentage,0.15,5.1,line_items,WELCOME15,True
9583,1998,WELCOME15,percentage,0.15,16.8,line_items,WELCOME15,True
9584,2002,GLOWWITHSAM12,percentage,0.12,4.08,line_items,GLOWWITHSAM12,True
9585,2003,welcome15,percentage,0.15,4.2,line_items,WELCOME15,True
9586,2005,WELCOME15,percentage,0.15,3.3,line_items,WELCOME15,True
9587,2011,LOYAL10,percentage,0.1,3.4,line_items,LOYAL10,True
9588,2012,WELCOME15,percentage,0.15,5.1,line_items,WELCOME15,True
9589,2016,welcome15,percentage,0.15,13.2,line_items,WELCOME15,True
9590,2021,WELCOME15,percentage,0.15,5.4,line_items,WELCOME15,True
9591,2022,WELCOME15,percentage,0.15,11.7,line_items,WELCOME15,True
9592,2024,WELCOME15,percentage,0.15,7.5,line_items,WELCOME15,True
9593,2025,welcome15,percentage,0.15,6.6,line_items,WELCOME15,True
9594,2026,WELCOME15,percentage,0.15,3.3,line_items,WELCOME15,True
9595,2028,WELCOME15,percentage,0.15,9.6,line_items,WELCOME15,True
9596,2029,LOYAL10,percentage,0.1,4.4,line_items,LOYAL10,True
9597,2030,WELCOME15,percentage,0.15,4.2,line_items,WELCOME15,True
9598,2032,WELCOME15,percentage,0.15,10.95,line_items,WELCOME15,True
9599,2041,WELCOME15,percentage,0.15,4.8,line_items,WELCOME15,True
9600,2042,WELCOME15,percentage,0.15,3.6,line_items,WELCOME15,True
9601,2043,AMELIA10,percentage,0.1,3.4,line_items,AMELIA10,True
9602,2046,WELCOME15,percentage,0.15,4.8,line_items,WELCOME15,True
9603,2048,WELCOME15,percentage,0.15,11.7,line_items,WELCOME15,True
9604,2049,WELCOME15,percentage,0.15,6.6,line_items,WELCOME15,True
9605,2050,WELCOME15,percentage,0.15,14.7,line_items,WELCOME15,True
9606,2053,WELCOME15,percentage,0.15,3.3,line_items,WELCOME15,True
9607,2055,WELCOME15,percentage,0.15,9.0,line_items,WELCOME15,True
9608,2057,WELCOME15,percentage,0.15,4.2,line_items,WELCOME15,True
9609,2061,WELCOME15,percentage,0.15,3.3,line_items,WELCOME15,True
9610,2062,AMELIA10,percentage,0.1,3.0,line_items,AMELIA10,True
9611,2065,WELCOME15,percentage,0.15,3.9,line_items,WELCOME15,True
9612,2067,WELCOME15,percentage,0.15,9.6,line_items,WELCOME15,True
9613,2069,WELCOME15,percentage,0.15,3.3,line_items,WELCOME15,True
9614,2076,GLOWWITHSAM12,percentage,0.12,7.44,line_items,GLOWWITHSAM12,True
9615,2081,LOYAL10,percentage,0.1,5.6,line_items,LOYAL10,True
9616,2085,WELCOME15,percentage,0.15,10.5,line_items,WELCOME15,True
9617,2086,WELCOME15,percentage,0.15,5.1,line_items,WELCOME15,True
9618,2087,WELCOME15,percentage,0.15,5.1,line_items,WELCOME15,True
9619,2090,LOYAL10,percentage,0.1,12.8,line_items,LOYAL10,True
9620,2096,LOYAL10,percentage,0.1,11.6,line_items,LOYAL10,True
9621,2097,LOYAL10,percentage,0.1,9.2,line_items,LOYAL10,True
9622,2100,SKINBYJORDAN15,percentage,0.15,5.1,line_items,SKINBYJORDAN15,True
9623,2101,WELCOME15,percentage,0.15,5.1,line_items,WELCOME15,True
9624,2102,WELCOME15,percentage,0.15,4.8,line_items,WELCOME15,True
9625,2103,NOURISHED15,percentage,0.15,5.4,line_items,NOURISHED15,True
9626,2109,WELCOME15,percentage,0.15,5.1,line_items,WELCOME15,True
9627,2110,LOYAL10,percentage,0.1,6.0,line_items,LOYAL10,True
9628,2112,DERMDIARY10,percentage,0.1,9.4,line_items,DERMDIARY10,True
9629,2114,WELCOME15,percentage,0.15,5.1,line_items,WELCOME15,True
9630,2116,SKINBYJORDAN15,percentage,0.15,4.35,line_items,SKINBYJORDAN15,True
9631,2122,WELCOME15,percentage,0.15,12.6,line_items,WELCOME15,True
9632,2123,AMELIA10,percentage,0.1,2.4,line_items,AMELIA10,True
9633,2123,FREESHIP,free_shipping,,5.95,shipping,FREESHIP,True
9634,2126,WELCOME15,percentage,0.15,9.0,line_items,WELCOME15,True
9635,2127,FREESHIP,free_shipping,,5.95,shipping,FREESHIP,True
9636,2131,WELCOME15,percentage,0.15,16.8,line_items,WELCOME15,True
9637,2136,LOYAL10,percentage,0.1,12.8,line_items,LOYAL10,True
9638,2138,AMELIA10,percentage,0.1,11.8,line_items,AMELIA10,True
9639,2141,WELCOME15,percentage,0.15,4.5,line_items,WELCOME15,True
9640,2142,WELCOME15,percentage,0.15,9.15,line_items,WELCOME15,True
9641,2150,WELCOME15,percentage,0.15,4.2,line_items,WELCOME15,True
9642,2153,WELCOME15,percentage,0.15,19.2,line_items,WELCOME15,True
9643,2158,WELCOME15,percentage,0.15,12.75,line_items,WELCOME15,True
9644,2160,FREESHIP,free_shipping,,12.95,shipping,FREESHIP,True
9645,2161,LOYAL10,percentage,0.1,2.8,line_items,LOYAL10,True
9646,2163,LOYAL10,percentage,0.1,8.8,line_items,LOYAL10,True
9647,2169,WELCOME15,percentage,0.15,4.8,line_items,WELCOME15,True
9648,2170,LOYAL10,percentage,0.1,8.0,line_items,LOYAL10,True
9649,2177,LOYAL10,percentage,0.1,6.8,line_items,LOYAL10,True
9650,2179,NOURISHED15,percentage,0.15,25.8,line_items,NOURISHED15,True
9651,2179,WELCOME15,percentage,0.15,21.93,line_items,WELCOME15,True
9652,2182,WELCOME15,percentage,0.15,12.6,line_items,WELCOME15,True
9653,2183,welcome15,percentage,0.15,3.9,line_items,WELCOME15,True
9654,2184,WELCOME15,percentage,0.15,4.35,line_items,WELCOME15,True
9655,2189,WELCOME15,percentage,0.15,21.0,line_items,WELCOME15,True
9656,2197,WELCOME15,percentage,0.15,5.1,line_items,WELCOME15,True
9657,2201,WELCOME15,percentage,0.15,6.6,line_items,WELCOME15,True
9658,2202,NOURISHED15,percentage,0.15,28.2,line_items,NOURISHED15,True
9659,2207,WELCOME15,percentage,0.15,4.35,line_items,WELCOME15,True
9660,2208,WELCOME15,percentage,0.15,5.1,line_items,WELCOME15,True
9661,2210,WELCOME15,percentage,0.15,18.75,line_items,WELCOME15,True
9662,2211,TEST100,percentage,1.0,34.0,line_items,TEST100,False
9663,2215,WELCOME15,percentage,0.15,3.6,line_items,WELCOME15,True
9664,2218,WELCOME15,percentage,0.15,5.1,line_items,WELCOME15,True
9665,2219,NOURISHED15,percentage,0.15,5.1,line_items,NOURISHED15,True
9666,2219,FREESHIP,free_shipping,,5.95,shipping,FREESHIP,True
9667,2222,AMELIA10,percentage,0.1,2.6,line_items,AMELIA10,True
9668,2224,LOYAL10,percentage,0.1,14.2,line_items,LOYAL10,True
9669,2226,LOYAL10,percentage,0.1,17.8,line_items,LOYAL10,True
9670,2228,NOURISHED15,percentage,0.15,6.6,line_items,NOURISHED15,True
9671,2234,WELCOME15,percentage,0.15,3.9,line_items,WELCOME15,True
9672,2235,LOYAL10,percentage,0.1,6.3,line_items,LOYAL10,True
9673,2237,LOYAL10,percentage,0.1,3.2,line_items,LOYAL10,True
9674,2239,WELCOME15,percentage,0.15,12.75,line_items,WELCOME15,True
9675,2241,LOYAL10,percentage,0.1,9.0,line_items,LOYAL10,True
9676,2243,WELCOME15,percentage,0.15,15.6,line_items,WELCOME15,True
9677,2244,welcome15,percentage,0.15,30.15,line_items,WELCOME15,True
9678,2245,WELCOME15,percentage,0.15,5.1,line_items,WELCOME15,True
9679,2248,WELCOME15,percentage,0.15,6.6,line_items,WELCOME15,True
9680,2252,WELCOME15,percentage,0.15,9.3,line_items,WELCOME15,True
9681,2255,LOYAL10,percentage,0.1,3.4,line_items,LOYAL10,True
9682,2262,WELCOME15,percentage,0.15,4.8,line_items,WELCOME15,True
9683,2263,LOYAL10,percentage,0.1,3.4,line_items,LOYAL10,True
9684,2267,WELCOME15,percentage,0.15,5.1,line_items,WELCOME15,True
9685,2268,WELCOME15,percentage,0.15,16.05,line_items,WELCOME15,True
9686,2269,WELCOME15,percentage,0.15,9.45,line_items,WELCOME15,True
9687,2270,WELCOME15,percentage,0.15,19.2,line_items,WELCOME15,True
9688,2271,WELCOME15,percentage,0.15,4.8,line_items,WELCOME15,True
9689,2276,welcome15,percentage,0.15,9.9,line_items,WELCOME15,True
9690,2277,AMELIA10,percentage,0.1,3.4,line_items,AMELIA10,True
9691,2277,FREESHIP,free_shipping,,5.95,shipping,FREESHIP,True
9692,2278,LOYAL10,percentage,0.1,7.2,line_items,LOYAL10,True
9693,2281,WELCOME15,percentage,0.15,21.0,line_items,WELCOME15,True
9694,2282,WELCOME15,percentage,0.15,8.4,line_items,WELCOME15,True
9695,2283,WELCOME15,percentage,0.15,10.2,line_items,WELCOME15,True
9696,2285,LOYAL10,percentage,0.1,9.2,line_items,LOYAL10,True
9697,2286,welcome15,percentage,0.15,16.2,line_items,WELCOME15,True
9698,2289,WELCOME15,percentage,0.15,4.8,line_items,WELCOME15,True
9699,2291,WELCOME15,percentage,0.15,9.9,line_items,WELCOME15,True
9700,2292,LOYAL10,percentage,0.1,2.6,line_items,LOYAL10,True
9701,2294,WELCOME15,percentage,0.15,4.2,line_items,WELCOME15,True
9702,2300,GLOWWITHSAM12,percentage,0.12,6.72,line_items,GLOWWITHSAM12,True
9703,2304,WELCOME15,percentage,0.15,5.1,line_items,WELCOME15,True
9704,2305,GLOWWITHSAM12,percentage,0.12,7.92,line_items,GLOWWITHSAM12,True
9705,2306,WELCOME15,percentage,0.15,5.1,line_items,WELCOME15,True
9706,2307,WELCOME15,percentage,0.15,5.1,line_items,WELCOME15,True
9707,2310,LOYAL10,percentage,0.1,3.4,line_items,LOYAL10,True
9708,2313,WELCOME15,percentage,0.15,17.4,line_items,WELCOME15,True
9709,2315,WELCOME15,percentage,0.15,4.2,line_items,WELCOME15,True
9710,2319,LOYAL10,percentage,0.1,4.4,line_items,LOYAL10,True
9711,2326,AMELIA10,percentage,0.1,11.8,line_items,AMELIA10,True
9712,2327,WELCOME15,percentage,0.15,9.9,line_items,WELCOME15,True
9713,2328,WELCOME15,percentage,0.15,5.1,line_items,WELCOME15,True
9714,2332,welcome15,percentage,0.15,4.2,line_items,WELCOME15,True
9715,2333,WELCOME15,percentage,0.15,3.3,line_items,WELCOME15,True
9716,2335,WELCOME15,percentage,0.15,25.2,line_items,WELCOME15,True
9717,2336,WELCOME15,percentage,0.15,5.1,line_items,WELCOME15,True
9718,2337,WELCOME15,percentage,0.15,4.8,line_items,WELCOME15,True
9719,2342,LOYAL10,percentage,0.1,8.4,line_items,LOYAL10,True
9720,2347,DERMDIARY10,percentage,0.1,9.8,line_items,DERMDIARY10,True
9721,2354,WELCOME15,percentage,0.15,14.1,line_items,WELCOME15,True
9722,2357,WELCOME15,percentage,0.15,4.5,line_items,WELCOME15,True
9723,2358,WELCOME15,percentage,0.15,12.6,line_items,WELCOME15,True
9724,2359,WELCOME15,percentage,0.15,4.8,line_items,WELCOME15,True
9725,2360,LOYAL10,percentage,0.1,2.9,line_items,LOYAL10,True
9726,2361,WELCOME15,percentage,0.15,8.4,line_items,WELCOME15,True
9727,2362,LOYAL10,percentage,0.1,19.2,line_items,LOYAL10,True
9728,2365,LOYAL10,percentage,0.1,3.2,line_items,LOYAL10,True
9729,2369,WELCOME15,percentage,0.15,13.05,line_items,WELCOME15,True
9730,2370,DERMDIARY10,percentage,0.1,6.6,line_items,DERMDIARY10,True
9731,2373,WELCOME15,percentage,0.15,6.6,line_items,WELCOME15,True
9732,2378,LOYAL10,percentage,0.1,11.3,line_items,LOYAL10,True
9733,2380,WELCOME15,percentage,0.15,4.35,line_items,WELCOME15,True
9734,2381,WELCOME15,percentage,0.15,5.1,line_items,WELCOME15,True
9735,2383,WELCOME15,percentage,0.15,15.6,line_items,WELCOME15,True
9736,2385,WELCOME15,percentage,0.15,16.95,line_items,WELCOME15,True
9737,2386,WELCOME15,percentage,0.15,9.9,line_items,WELCOME15,True
9738,2387,WELCOME15,percentage,0.15,5.1,line_items,WELCOME15,True
9739,2388,WELCOME15,percentage,0.15,14.25,line_items,WELCOME15,True
9740,2390,WELCOME15,percentage,0.15,29.4,line_items,WELCOME15,True
9741,2392,WELCOME15,percentage,0.15,3.6,line_items,WELCOME15,True
9742,2393,LOYAL10,percentage,0.1,6.0,line_items,LOYAL10,True
9743,2394,LOYAL10,percentage,0.1,6.6,line_items,LOYAL10,True
9744,2395,LOYAL10,percentage,0.1,2.9,line_items,LOYAL10,True
9745,2396,WELCOME15,percentage,0.15,4.8,line_items,WELCOME15,True
9746,2400,WELCOME15,percentage,0.15,5.4,line_items,WELCOME15,False
9747,2402,BFCM30,percentage,0.3,10.8,line_items,BFCM30,True
9748,2403,BFCM30,percentage,0.3,26.4,line_items,BFCM30,True
9749,2404,BFCM30,percentage,0.3,26.4,line_items,BFCM30,True
9750,2405,WELCOME15,percentage,0.15,3.3,line_items,WELCOME15,True
9751,2406,BFCM30,percentage,0.3,13.8,line_items,BFCM30,True
9752,2407,BFCM30,percentage,0.3,19.2,line_items,BFCM30,True
9753,2408,BFCM30,percentage,0.3,37.8,line_items,BFCM30,True
9754,2409,BFCM30,percentage,0.3,35.4,line_items,BFCM30,True
9755,2410,BFCM30,percentage,0.3,25.2,line_items,BFCM30,True
9756,2411,BFCM30,percentage,0.3,10.2,line_items,BFCM30,True
9757,2412,BFCM30,percentage,0.3,19.8,line_items,BFCM30,True
9758,2413,BFCM30,percentage,0.3,26.4,line_items,BFCM30,True
9759,2414,BFCM30,percentage,0.3,34.2,line_items,BFCM30,True
9760,2415,BFCM30,percentage,0.3,35.4,line_items,BFCM30,True
9761,2416,BFCM30,percentage,0.3,34.2,line_items,BFCM30,True
9762,2416,WELCOME15,percentage,0.15,11.97,line_items,WELCOME15,True
9763,2417,BFCM30,percentage,0.3,58.2,line_items,BFCM30,True
9764,2418,BFCM30,percentage,0.3,44.4,line_items,BFCM30,True
9765,2419,BFCM30,percentage,0.3,35.4,line_items,BFCM30,True
9766,2419,WELCOME15,percentage,0.15,12.39,line_items,WELCOME15,True
9767,2420,BFCM30,percentage,0.3,30.0,line_items,BFCM30,True
9768,2421,BFCM30,percentage,0.3,16.5,line_items,BFCM30,True
9769,2422,BFCM30,percentage,0.3,20.4,line_items,BFCM30,True
9770,2423,BFCM30,percentage,0.3,35.4,line_items,BFCM30,True
9771,2424,BFCM30,percentage,0.3,25.2,line_items,BFCM30,True
9772,2424,WELCOME15,percentage,0.15,8.82,line_items,WELCOME15,True
9773,2425,BFCM30,percentage,0.3,44.4,line_items,BFCM30,True
9774,2426,BFCM30,percentage,0.3,16.8,line_items,BFCM30,True
9775,2426,WELCOME15,percentage,0.15,5.88,line_items,WELCOME15,True
9776,2427,WELCOME15,percentage,0.15,22.8,line_items,WELCOME15,True
9777,2428,BFCM30,percentage,0.3,6.6,line_items,BFCM30,True
9778,2429,BFCM30,percentage,0.3,40.8,line_items,BFCM30,True
9779,2429,WELCOME15,percentage,0.15,14.28,line_items,WELCOME15,True
9780,2430,WELCOME15,percentage,0.15,3.3,line_items,WELCOME15,True
9781,2431,BFCM30,percentage,0.3,44.7,line_items,BFCM30,True
9782,2432,BFCM30,percentage,0.3,45.6,line_items,BFCM30,True
9783,2433,BFCM30,percentage,0.3,8.7,line_items,BFCM30,True
9784,2434,BFCM30,percentage,0.3,31.8,line_items,BFCM30,True
9785,2435,BFCM30,percentage,0.3,10.2,line_items,BFCM30,True
9786,2436,BFCM30,percentage,0.3,28.8,line_items,BFCM30,True
9787,2439,BFCM30,percentage,0.3,18.0,line_items,BFCM30,True
9788,2440,BFCM30,percentage,0.3,9.6,line_items,BFCM30,True
9789,2440,FREESHIP,free_shipping,,12.95,shipping,FREESHIP,True
9790,2442,BFCM30,percentage,0.3,29.4,line_items,BFCM30,True
9791,2443,BFCM30,percentage,0.3,8.7,line_items,BFCM30,True
9792,2444,BFCM30,percentage,0.3,36.9,line_items,BFCM30,True
9793,2445,BFCM30,percentage,0.3,23.4,line_items,BFCM30,True
9794,2446,WELCOME15,percentage,0.15,14.55,line_items,WELCOME15,True
9795,2447,BFCM30,percentage,0.3,17.4,line_items,BFCM30,True
9796,2448,BFCM30,percentage,0.3,55.8,line_items,BFCM30,True
9797,2449,BFCM30,percentage,0.3,54.6,line_items,BFCM30,True
9798,2450,BFCM30,percentage,0.3,25.2,line_items,BFCM30,True
9799,2451,BFCM30,percentage,0.3,10.2,line_items,BFCM30,True
9800,2452,BFCM30,percentage,0.3,25.2,line_items,BFCM30,True
9801,2453,BFCM30,percentage,0.3,25.2,line_items,BFCM30,True
9802,2454,BFCM30,percentage,0.3,25.2,line_items,BFCM30,True
9803,2455,BFCM30,percentage,0.3,25.2,line_items,BFCM30,True
9804,2455,WELCOME15,percentage,0.15,8.82,line_items,WELCOME15,True
9805,2456,BFCM30,percentage,0.3,10.8,line_items,BFCM30,True
9806,2457,BFCM30,percentage,0.3,33.9,line_items,BFCM30,True
9807,2458,BFCM30,percentage,0.3,37.5,line_items,BFCM30,True
9808,2459,BFCM30,percentage,0.3,33.9,line_items,BFCM30,True
9809,2460,WELCOME15,percentage,0.15,4.2,line_items,WELCOME15,True
9810,2461,BFCM30,percentage,0.3,63.6,line_items,BFCM30,True
9811,2462,BFCM30,percentage,0.3,38.4,line_items,BFCM30,True
9812,2463,BFCM30,percentage,0.3,6.6,line_items,BFCM30,False
9813,2464,BFCM30,percentage,0.3,25.2,line_items,BFCM30,True
9814,2465,BFCM30,percentage,0.3,24.0,line_items,BFCM30,True
9815,2466,BFCM30,percentage,0.3,30.6,line_items,BFCM30,True
9816,2467,BFCM30,percentage,0.3,29.4,line_items,BFCM30,True
9817,2468,BFCM30,percentage,0.3,25.2,line_items,BFCM30,True
9818,2469,BFCM30,percentage,0.3,16.8,line_items,BFCM30,True
9819,2470,BFCM30,percentage,0.3,17.4,line_items,BFCM30,True
9820,2471,BFCM30,percentage,0.3,18.9,line_items,BFCM30,True
9821,2472,BFCM30,percentage,0.3,16.8,line_items,BFCM30,True
9822,2473,BFCM30,percentage,0.3,10.2,line_items,BFCM30,True
9823,2474,BFCM30,percentage,0.3,10.2,line_items,BFCM30,True
9824,2475,BFCM30,percentage,0.3,25.2,line_items,BFCM30,True
9825,2475,welcome15,percentage,0.15,8.82,line_items,WELCOME15,True
9826,2476,BFCM30,percentage,0.3,39.6,line_items,BFCM30,True
9827,2477,WELCOME15,percentage,0.15,9.0,line_items,WELCOME15,True
9828,2478,BFCM30,percentage,0.3,38.4,line_items,BFCM30,True
9829,2479,BFCM30,percentage,0.3,23.4,line_items,BFCM30,True
9830,2480,BFCM30,percentage,0.3,36.0,line_items,BFCM30,True
9831,2481,BFCM30,percentage,0.3,25.8,line_items,BFCM30,True
9832,2482,BFCM30,percentage,0.3,7.8,line_items,BFCM30,True
9833,2483,BFCM30,percentage,0.3,30.0,line_items,BFCM30,True
9834,2483,WELCOME15,percentage,0.15,10.5,line_items,WELCOME15,True
9835,2484,BFCM30,percentage,0.3,18.9,line_items,BFCM30,True
9836,2485,BFCM30,percentage,0.3,10.2,line_items,BFCM30,True
9837,2486,BFCM30,percentage,0.3,10.2,line_items,BFCM30,True
9838,2487,BFCM30,percentage,0.3,22.8,line_items,BFCM30,True
9839,2488,BFCM30,percentage,0.3,25.2,line_items,BFCM30,True
9840,2488,WELCOME15,percentage,0.15,8.82,line_items,WELCOME15,True
9841,2489,BFCM30,percentage,0.3,10.2,line_items,BFCM30,True
9842,2490,BFCM30,percentage,0.3,10.2,line_items,BFCM30,True
9843,2491,BFCM30,percentage,0.3,30.0,line_items,BFCM30,True
9844,2492,BFCM30,percentage,0.3,51.0,line_items,BFCM30,True
9845,2493,BFCM30,percentage,0.3,52.2,line_items,BFCM30,True
9846,2494,BFCM30,percentage,0.3,9.0,line_items,BFCM30,True
9847,2495,BFCM30,percentage,0.3,18.9,line_items,BFCM30,True
9848,2496,BFCM30,percentage,0.3,24.9,line_items,BFCM30,True
9849,2496,WELCOME15,percentage,0.15,8.72,line_items,WELCOME15,True
9850,2496,FREESHIP,free_shipping,,5.95,shipping,FREESHIP,True
9851,2497,BFCM30,percentage,0.3,13.2,line_items,BFCM30,True
9852,2498,BFCM30,percentage,0.3,39.6,line_items,BFCM30,True
9853,2499,BFCM30,percentage,0.3,43.8,line_items,BFCM30,True
9854,2499,WELCOME15,percentage,0.15,15.33,line_items,WELCOME15,True
9855,2500,BFCM30,percentage,0.3,13.2,line_items,BFCM30,True
9856,2501,BFCM30,percentage,0.3,35.4,line_items,BFCM30,True
9857,2502,BFCM30,percentage,0.3,24.0,line_items,BFCM30,True
9858,2503,BFCM30,percentage,0.3,33.0,line_items,BFCM30,True
9859,2504,BFCM30,percentage,0.3,25.2,line_items,BFCM30,True
9860,2505,BFCM30,percentage,0.3,42.6,line_items,BFCM30,True
9861,2506,BFCM30,percentage,0.3,18.9,line_items,BFCM30,True
9862,2507,BFCM30,percentage,0.3,38.4,line_items,BFCM30,True
9863,2508,BFCM30,percentage,0.3,14.4,line_items,BFCM30,True
9864,2508,FREESHIP,free_shipping,,12.95,shipping,FREESHIP,True
9865,2509,BFCM30,percentage,0.3,35.4,line_items,BFCM30,True
9866,2510,BFCM30,percentage,0.3,51.6,line_items,BFCM30,True
9867,2511,WELCOME15,percentage,0.15,16.2,line_items,WELCOME15,True
9868,2512,BFCM30,percentage,0.3,13.2,line_items,BFCM30,True
9869,2513,BFCM30,percentage,0.3,7.2,line_items,BFCM30,True
9870,2514,BFCM30,percentage,0.3,8.4,line_items,BFCM30,True
9871,2515,BFCM30,percentage,0.3,15.3,line_items,BFCM30,True
9872,2516,BFCM30,percentage,0.3,6.6,line_items,BFCM30,True
9873,2517,BFCM30,percentage,0.3,10.2,line_items,BFCM30,True
9874,2518,BFCM30,percentage,0.3,50.4,line_items,BFCM30,True
9875,2520,BFCM30,percentage,0.3,19.8,line_items,BFCM30,True
9876,2523,BFCM30,percentage,0.3,38.4,line_items,BFCM30,True
9877,2524,BFCM30,percentage,0.3,8.4,line_items,BFCM30,True
9878,2525,BFCM30,percentage,0.3,25.2,line_items,BFCM30,True
9879,2526,BFCM30,percentage,0.3,45.6,line_items,BFCM30,True
9880,2527,BFCM30,percentage,0.3,15.6,line_items,BFCM30,True
9881,2527,WELCOME15,percentage,0.15,5.46,line_items,WELCOME15,True
9882,2528,BFCM30,percentage,0.3,22.8,line_items,BFCM30,True
9883,2529,WELCOME15,percentage,0.15,3.9,line_items,WELCOME15,True
9884,2530,BFCM30,percentage,0.3,15.3,line_items,BFCM30,True
9885,2531,WELCOME15,percentage,0.15,9.0,line_items,WELCOME15,True
9886,2532,WELCOME15,percentage,0.15,4.5,line_items,WELCOME15,True
9887,2533,BFCM30,percentage,0.3,9.6,line_items,BFCM30,True
9888,2534,BFCM30,percentage,0.3,16.8,line_items,BFCM30,True
9889,2535,BFCM30,percentage,0.3,7.2,line_items,BFCM30,True
9890,2536,BFCM30,percentage,0.3,25.2,line_items,BFCM30,True
9891,2537,BFCM30,percentage,0.3,27.0,line_items,BFCM30,True
9892,2538,BFCM30,percentage,0.3,9.6,line_items,BFCM30,True
9893,2539,BFCM30,percentage,0.3,31.5,line_items,BFCM30,True
9894,2540,BFCM30,percentage,0.3,38.1,line_items,BFCM30,True
9895,2541,BFCM30,percentage,0.3,19.8,line_items,BFCM30,True
9896,2542,BFCM30,percentage,0.3,17.7,line_items,BFCM30,True
9897,2543,BFCM30,percentage,0.3,10.8,line_items,BFCM30,True
9898,2545,BFCM30,percentage,0.3,21.0,line_items,BFCM30,True
9899,2546,BFCM30,percentage,0.3,6.6,line_items,BFCM30,True
9900,2547,BFCM30,percentage,0.3,44.1,line_items,BFCM30,True
9901,2548,WELCOME15,percentage,0.15,17.1,line_items,WELCOME15,True
9902,2549,BFCM30,percentage,0.3,26.4,line_items,BFCM30,True
9903,2550,BFCM30,percentage,0.3,33.6,line_items,BFCM30,True
9904,2551,BFCM30,percentage,0.3,16.5,line_items,BFCM30,True
9905,2552,BFCM30,percentage,0.3,47.1,line_items,BFCM30,True
9906,2553,BFCM30,percentage,0.3,25.5,line_items,BFCM30,True
9907,2554,BFCM30,percentage,0.3,9.0,line_items,BFCM30,True
9908,2555,BFCM30,percentage,0.3,25.2,line_items,BFCM30,True
9909,2556,WELCOME15,percentage,0.15,22.2,line_items,WELCOME15,True
9910,2557,BFCM30,percentage,0.3,45.0,line_items,BFCM30,True
9911,2558,BFCM30,percentage,0.3,41.1,line_items,BFCM30,True
9912,2559,BFCM30,percentage,0.3,33.6,line_items,BFCM30,True
9913,2560,WELCOME15,percentage,0.15,8.7,line_items,WELCOME15,True
9914,2561,BFCM30,percentage,0.3,22.8,line_items,BFCM30,True
9915,2562,BFCM30,percentage,0.3,18.0,line_items,BFCM30,True
9916,2564,BFCM30,percentage,0.3,33.6,line_items,BFCM30,True
9917,2565,BFCM30,percentage,0.3,35.4,line_items,BFCM30,True
9918,2566,BFCM30,percentage,0.3,17.4,line_items,BFCM30,True
9919,2567,BFCM30,percentage,0.3,37.2,line_items,BFCM30,True
9920,2567,WELCOME15,percentage,0.15,13.02,line_items,WELCOME15,True
9921,2568,BFCM30,percentage,0.3,16.8,line_items,BFCM30,True
9922,2569,BFCM30,percentage,0.3,52.8,line_items,BFCM30,True
9923,2570,BFCM30,percentage,0.3,19.8,line_items,BFCM30,True
9924,2571,BFCM30,percentage,0.3,35.4,line_items,BFCM30,True
9925,2572,BFCM30,percentage,0.3,28.2,line_items,BFCM30,True
9926,2573,BFCM30,percentage,0.3,10.2,line_items,BFCM30,True
9927,2574,BFCM30,percentage,0.3,13.2,line_items,BFCM30,True
9928,2575,BFCM30,percentage,0.3,35.4,line_items,BFCM30,True
9929,2576,BFCM30,percentage,0.3,8.7,line_items,BFCM30,True
9930,2578,BFCM30,percentage,0.3,21.6,line_items,BFCM30,True
9931,2579,BFCM30,percentage,0.3,10.2,line_items,BFCM30,True
9932,2580,BFCM30,percentage,0.3,10.8,line_items,BFCM30,True
9933,2581,BFCM30,percentage,0.3,45.6,line_items,BFCM30,True
9934,2582,BFCM30,percentage,0.3,20.4,line_items,BFCM30,True
9935,2583,BFCM30,percentage,0.3,10.2,line_items,BFCM30,True
9936,2584,BFCM30,percentage,0.3,42.6,line_items,BFCM30,True
9937,2585,BFCM30,percentage,0.3,15.9,line_items,BFCM30,True
9938,2586,BFCM30,percentage,0.3,15.6,line_items,BFCM30,True
9939,2587,BFCM30,percentage,0.3,27.0,line_items,BFCM30,True
9940,2588,BFCM30,percentage,0.3,39.6,line_items,BFCM30,True
9941,2589,BFCM30,percentage,0.3,18.6,line_items,BFCM30,True
9942,2590,BFCM30,percentage,0.3,9.0,line_items,BFCM30,True
9943,2590,FREESHIP,free_shipping,,5.95,shipping,FREESHIP,True
9944,2591,BFCM30,percentage,0.3,7.2,line_items,BFCM30,True
9945,2591,FREESHIP,free_shipping,,12.95,shipping,FREESHIP,True
9946,2592,BFCM30,percentage,0.3,25.2,line_items,BFCM30,True
9947,2593,BFCM30,percentage,0.3,9.6,line_items,BFCM30,True
9948,2594,BFCM30,percentage,0.3,36.6,line_items,BFCM30,True
9949,2595,GLOWWITHSAM12,percentage,0.12,2.64,line_items,GLOWWITHSAM12,True
9950,2596,BFCM30,percentage,0.3,19.2,line_items,BFCM30,True
9951,2597,BFCM30,percentage,0.3,9.6,line_items,BFCM30,True
9952,2598,BFCM30,percentage,0.3,33.6,line_items,BFCM30,True
9953,2599,BFCM30,percentage,0.3,63.0,line_items,BFCM30,True
9954,2600,BFCM30,percentage,0.3,21.0,line_items,BFCM30,True
9955,2601,BFCM30,percentage,0.3,58.8,line_items,BFCM30,True
9956,2602,BFCM30,percentage,0.3,10.8,line_items,BFCM30,True
9957,2603,BFCM30,percentage,0.3,35.4,line_items,BFCM30,True
9958,2603,WELCOME15,percentage,0.15,12.39,line_items,WELCOME15,True
9959,2604,BFCM30,percentage,0.3,27.0,line_items,BFCM30,True
9960,2605,BFCM30,percentage,0.3,10.8,line_items,BFCM30,True
9961,2606,BFCM30,percentage,0.3,25.2,line_items,BFCM30,True
9962,2607,WELCOME15,percentage,0.15,8.4,line_items,WELCOME15,True
9963,2608,BFCM30,percentage,0.3,31.8,line_items,BFCM30,True
9964,2609,BFCM30,percentage,0.3,21.0,line_items,BFCM30,True
9965,2610,BFCM30,percentage,0.3,8.7,line_items,BFCM30,True
9966,2611,BFCM30,percentage,0.3,52.2,line_items,BFCM30,True
9967,2612,BFCM30,percentage,0.3,9.0,line_items,BFCM30,True
9968,2613,BFCM30,percentage,0.3,35.4,line_items,BFCM30,True
9969,2614,BFCM30,percentage,0.3,31.2,line_items,BFCM30,True
9970,2615,BFCM30,percentage,0.3,24.0,line_items,BFCM30,True
9971,2616,BFCM30,percentage,0.3,27.0,line_items,BFCM30,True
9972,2617,BFCM30,percentage,0.3,20.4,line_items,BFCM30,True
9973,2617,WELCOME15,percentage,0.15,7.14,line_items,WELCOME15,True
9974,2618,BFCM30,percentage,0.3,10.2,line_items,BFCM30,True
9975,2619,BFCM30,percentage,0.3,34.8,line_items,BFCM30,True
9976,2620,BFCM30,percentage,0.3,16.2,line_items,BFCM30,True
9977,2621,BFCM30,percentage,0.3,6.6,line_items,BFCM30,True
9978,2622,BFCM30,percentage,0.3,6.6,line_items,BFCM30,True
9979,2623,BFCM30,percentage,0.3,8.7,line_items,BFCM30,True
9980,2624,BFCM30,percentage,0.3,26.4,line_items,BFCM30,True
9981,2624,WELCOME15,percentage,0.15,9.24,line_items,WELCOME15,True
9982,2625,BFCM30,percentage,0.3,25.2,line_items,BFCM30,True
9983,2625,WELCOME15,percentage,0.15,8.82,line_items,WELCOME15,True
9984,2626,BFCM30,percentage,0.3,10.2,line_items,BFCM30,True
9985,2627,BFCM30,percentage,0.3,47.1,line_items,BFCM30,True
9986,2628,BFCM30,percentage,0.3,6.6,line_items,BFCM30,True
9987,2629,BFCM30,percentage,0.3,13.2,line_items,BFCM30,True
9988,2630,BFCM30,percentage,0.3,23.4,line_items,BFCM30,True
9989,2631,BFCM30,percentage,0.3,18.6,line_items,BFCM30,True
9990,2632,BFCM30,percentage,0.3,39.6,line_items,BFCM30,True
9991,2633,BFCM30,percentage,0.3,19.8,line_items,BFCM30,True
9992,2634,BFCM30,percentage,0.3,25.5,line_items,BFCM30,True
9993,2635,BFCM30,percentage,0.3,7.2,line_items,BFCM30,True
9994,2636,BFCM30,percentage,0.3,47.4,line_items,BFCM30,True
9995,2637,BFCM30,percentage,0.3,41.4,line_items,BFCM30,True
9996,2638,BFCM30,percentage,0.3,42.0,line_items,BFCM30,True
9997,2639,BFCM30,percentage,0.3,16.8,line_items,BFCM30,True
9998,2640,BFCM30,percentage,0.3,9.0,line_items,BFCM30,True
9999,2641,BFCM30,percentage,0.3,45.6,line_items,BFCM30,True
10000,2642,BFCM30,percentage,0.3,18.6,line_items,BFCM30,True
10001,2643,WELCOME15,percentage,0.15,3.3,line_items,WELCOME15,True
10002,2644,BFCM30,percentage,0.3,8.7,line_items,BFCM30,True
10003,2645,BFCM30,percentage,0.3,19.8,line_items,BFCM30,True
10004,2647,BFCM30,percentage,0.3,16.8,line_items,BFCM30,True
10005,2648,BFCM30,percentage,0.3,13.2,line_items,BFCM30,True
10006,2649,BFCM30,percentage,0.3,30.0,line_items,BFCM30,True
10007,2650,BFCM30,percentage,0.3,8.4,line_items,BFCM30,True
10008,2651,BFCM30,percentage,0.3,19.2,line_items,BFCM30,True
10009,2652,BFCM30,percentage,0.3,25.2,line_items,BFCM30,True
10010,2653,BFCM30,percentage,0.3,35.4,line_items,BFCM30,True
10011,2654,BFCM30,percentage,0.3,6.6,line_items,BFCM30,True
10012,2655,BFCM30,percentage,0.3,20.4,line_items,BFCM30,True
10013,2657,BFCM30,percentage,0.3,33.9,line_items,BFCM30,True
10014,2658,BFCM30,percentage,0.3,31.2,line_items,BFCM30,True
10015,2658,WELCOME15,percentage,0.15,10.92,line_items,WELCOME15,True
10016,2659,BFCM30,percentage,0.3,7.2,line_items,BFCM30,True
10017,2660,BFCM30,percentage,0.3,13.2,line_items,BFCM30,True
10018,2660,FREESHIP,free_shipping,,5.95,shipping,FREESHIP,True
10019,2661,LOYAL10,percentage,0.1,2.2,line_items,LOYAL10,True
10020,2662,BFCM30,percentage,0.3,33.6,line_items,BFCM30,True
10021,2663,BFCM30,percentage,0.3,17.7,line_items,BFCM30,True
10022,2665,BFCM30,percentage,0.3,17.1,line_items,BFCM30,True
10023,2666,BFCM30,percentage,0.3,19.2,line_items,BFCM30,True
10024,2666,FREESHIP,free_shipping,,12.95,shipping,FREESHIP,True
10025,2667,BFCM30,percentage,0.3,43.8,line_items,BFCM30,True
10026,2668,BFCM30,percentage,0.3,35.7,line_items,BFCM30,True
10027,2669,BFCM30,percentage,0.3,30.0,line_items,BFCM30,True
10028,2670,WELCOME15,percentage,0.15,4.2,line_items,WELCOME15,True
10029,2671,BFCM30,percentage,0.3,10.2,line_items,BFCM30,True
10030,2672,BFCM30,percentage,0.3,42.6,line_items,BFCM30,True
10031,2673,BFCM30,percentage,0.3,10.2,line_items,BFCM30,True
10032,2674,BFCM30,percentage,0.3,17.4,line_items,BFCM30,True
10033,2676,BFCM30,percentage,0.3,35.4,line_items,BFCM30,True
10034,2677,BFCM30,percentage,0.3,8.7,line_items,BFCM30,True
10035,2678,BFCM30,percentage,0.3,18.9,line_items,BFCM30,True
10036,2678,WELCOME15,percentage,0.15,6.62,line_items,WELCOME15,True
10037,2679,BFCM30,percentage,0.3,9.0,line_items,BFCM30,True
10038,2680,WELCOME15,percentage,0.15,7.8,line_items,WELCOME15,True
10039,2681,BFCM30,percentage,0.3,16.8,line_items,BFCM30,True
10040,2682,BFCM30,percentage,0.3,35.4,line_items,BFCM30,True
10041,2683,BFCM30,percentage,0.3,20.4,line_items,BFCM30,True
10042,2684,BFCM30,percentage,0.3,8.4,line_items,BFCM30,True
10043,2685,BFCM30,percentage,0.3,35.4,line_items,BFCM30,True
10044,2686,BFCM30,percentage,0.3,9.0,line_items,BFCM30,True
10045,2687,WELCOME15,percentage,0.15,20.7,line_items,WELCOME15,True
10046,2688,BFCM30,percentage,0.3,7.2,line_items,BFCM30,True
10047,2689,BFCM30,percentage,0.3,25.2,line_items,BFCM30,False
10048,2690,BFCM30,percentage,0.3,13.2,line_items,BFCM30,True
10049,2693,BFCM30,percentage,0.3,8.7,line_items,BFCM30,True
10050,2694,BFCM30,percentage,0.3,18.0,line_items,BFCM30,True
10051,2695,BFCM30,percentage,0.3,25.2,line_items,BFCM30,True
10052,2697,BFCM30,percentage,0.3,46.2,line_items,BFCM30,True
10053,2698,BFCM30,percentage,0.3,35.7,line_items,BFCM30,True
10054,2699,BFCM30,percentage,0.3,42.6,line_items,BFCM30,True
10055,2700,BFCM30,percentage,0.3,10.2,line_items,BFCM30,True
10056,2701,BFCM30,percentage,0.3,52.2,line_items,BFCM30,True
10057,2702,BFCM30,percentage,0.3,22.8,line_items,BFCM30,True
10058,2703,BFCM30,percentage,0.3,6.6,line_items,BFCM30,True
10059,2703,WELCOME15,percentage,0.15,2.31,line_items,WELCOME15,True
10060,2704,BFCM30,percentage,0.3,13.2,line_items,BFCM30,True
10061,2705,BFCM30,percentage,0.3,13.2,line_items,BFCM30,True
10062,2706,BFCM30,percentage,0.3,18.9,line_items,BFCM30,True
10063,2707,BFCM30,percentage,0.3,15.0,line_items,BFCM30,True
10064,2708,BFCM30,percentage,0.3,37.8,line_items,BFCM30,True
10065,2710,BFCM30,percentage,0.3,27.6,line_items,BFCM30,True
10066,2711,BFCM30,percentage,0.3,53.4,line_items,BFCM30,True
10067,2712,BFCM30,percentage,0.3,52.2,line_items,BFCM30,True
10068,2713,BFCM30,percentage,0.3,8.4,line_items,BFCM30,True
10069,2714,BFCM30,percentage,0.3,36.6,line_items,BFCM30,True
10070,2715,BFCM30,percentage,0.3,38.4,line_items,BFCM30,True
10071,2716,BFCM30,percentage,0.3,19.5,line_items,BFCM30,True
10072,2717,BFCM30,percentage,0.3,9.6,line_items,BFCM30,True
10073,2718,BFCM30,percentage,0.3,25.2,line_items,BFCM30,True
10074,2719,BFCM30,percentage,0.3,27.6,line_items,BFCM30,True
10075,2720,BFCM30,percentage,0.3,10.2,line_items,BFCM30,True
10076,2721,BFCM30,percentage,0.3,15.3,line_items,BFCM30,True
10077,2723,BFCM30,percentage,0.3,8.4,line_items,BFCM30,True
10078,2724,BFCM30,percentage,0.3,27.6,line_items,BFCM30,True
10079,2725,BFCM30,percentage,0.3,27.0,line_items,BFCM30,True
10080,2726,BFCM30,percentage,0.3,51.6,line_items,BFCM30,True
10081,2727,BFCM30,percentage,0.3,10.2,line_items,BFCM30,True
10082,2728,BFCM30,percentage,0.3,26.4,line_items,BFCM30,True
10083,2729,WELCOME15,percentage,0.15,3.3,line_items,WELCOME15,True
10084,2730,BFCM30,percentage,0.3,10.2,line_items,BFCM30,True
10085,2731,BFCM30,percentage,0.3,46.2,line_items,BFCM30,True
10086,2732,BFCM30,percentage,0.3,7.8,line_items,BFCM30,True
10087,2732,WELCOME15,percentage,0.15,2.73,line_items,WELCOME15,True
10088,2733,BFCM30,percentage,0.3,8.7,line_items,BFCM30,True
10089,2734,BFCM30,percentage,0.3,56.4,line_items,BFCM30,True
10090,2735,BFCM30,percentage,0.3,26.4,line_items,BFCM30,True
10091,2736,BFCM30,percentage,0.3,9.0,line_items,BFCM30,True
10092,2737,BFCM30,percentage,0.3,10.2,line_items,BFCM30,True
10093,2738,BFCM30,percentage,0.3,9.6,line_items,BFCM30,True
10094,2739,BFCM30,percentage,0.3,8.7,line_items,BFCM30,True
10095,2740,BFCM30,percentage,0.3,29.7,line_items,BFCM30,True
10096,2741,BFCM30,percentage,0.3,23.4,line_items,BFCM30,True
10097,2742,BFCM30,percentage,0.3,38.4,line_items,BFCM30,True
10098,2743,BFCM30,percentage,0.3,33.9,line_items,BFCM30,False
10099,2743,WELCOME15,percentage,0.15,11.86,line_items,WELCOME15,False
10100,2744,BFCM30,percentage,0.3,10.8,line_items,BFCM30,True
10101,2745,BFCM30,percentage,0.3,25.2,line_items,BFCM30,True
10102,2746,WELCOME15,percentage,0.15,10.2,line_items,WELCOME15,True
10103,2747,BFCM30,percentage,0.3,30.0,line_items,BFCM30,True
10104,2748,BFCM30,percentage,0.3,10.2,line_items,BFCM30,True
10105,2749,BFCM30,percentage,0.3,25.2,line_items,BFCM30,True
10106,2751,BFCM30,percentage,0.3,10.2,line_items,BFCM30,True
10107,2752,BFCM30,percentage,0.3,9.6,line_items,BFCM30,True
10108,2753,BFCM30,percentage,0.3,48.6,line_items,BFCM30,True
10109,2754,BFCM30,percentage,0.3,17.4,line_items,BFCM30,True
10110,2754,FREESHIP,free_shipping,,5.95,shipping,FREESHIP,True
10111,2755,BFCM30,percentage,0.3,8.7,line_items,BFCM30,True
10112,2756,BFCM30,percentage,0.3,18.3,line_items,BFCM30,True
10113,2758,BFCM30,percentage,0.3,38.7,line_items,BFCM30,True
10114,2759,BFCM30,percentage,0.3,25.2,line_items,BFCM30,True
10115,2760,BFCM30,percentage,0.3,36.0,line_items,BFCM30,True
10116,2761,BFCM30,percentage,0.3,25.2,line_items,BFCM30,True
10117,2762,BFCM30,percentage,0.3,23.4,line_items,BFCM30,True
10118,2763,BFCM30,percentage,0.3,35.4,line_items,BFCM30,True
10119,2763,WELCOME15,percentage,0.15,12.39,line_items,WELCOME15,True
10120,2764,BFCM30,percentage,0.3,29.7,line_items,BFCM30,True
10121,2765,BFCM30,percentage,0.3,18.9,line_items,BFCM30,True
10122,2767,BFCM30,percentage,0.3,16.5,line_items,BFCM30,True
10123,2767,WELCOME15,percentage,0.15,5.78,line_items,WELCOME15,True
10124,2767,FREESHIP,free_shipping,,5.95,shipping,FREESHIP,True
10125,2768,BFCM30,percentage,0.3,27.0,line_items,BFCM30,True
10126,2769,BFCM30,percentage,0.3,20.4,line_items,BFCM30,True
10127,2770,BFCM30,percentage,0.3,51.6,line_items,BFCM30,True
10128,2770,WELCOME15,percentage,0.15,18.06,line_items,WELCOME15,True
10129,2771,BFCM30,percentage,0.3,21.9,line_items,BFCM30,True
10130,2772,BFCM30,percentage,0.3,10.8,line_items,BFCM30,True
10131,2773,BFCM30,percentage,0.3,7.2,line_items,BFCM30,True
10132,2774,BFCM30,percentage,0.3,10.2,line_items,BFCM30,True
10133,2775,BFCM30,percentage,0.3,16.5,line_items,BFCM30,True
10134,2776,BFCM30,percentage,0.3,13.2,line_items,BFCM30,True
10135,2776,WELCOME15,percentage,0.15,4.62,line_items,WELCOME15,True
10136,2777,BFCM30,percentage,0.3,20.4,line_items,BFCM30,True
10137,2778,BFCM30,percentage,0.3,19.2,line_items,BFCM30,True
10138,2779,BFCM30,percentage,0.3,48.6,line_items,BFCM30,True
10139,2780,BFCM30,percentage,0.3,8.7,line_items,BFCM30,True
10140,2781,BFCM30,percentage,0.3,25.2,line_items,BFCM30,True
10141,2782,BFCM30,percentage,0.3,13.2,line_items,BFCM30,True
10142,2783,BFCM30,percentage,0.3,28.2,line_items,BFCM30,True
10143,2784,BFCM30,percentage,0.3,7.2,line_items,BFCM30,True
10144,2785,BFCM30,percentage,0.3,7.8,line_items,BFCM30,True
10145,2786,BFCM30,percentage,0.3,18.6,line_items,BFCM30,True
10146,2787,WELCOME15,percentage,0.15,19.65,line_items,WELCOME15,True
10147,2788,BFCM30,percentage,0.3,20.4,line_items,BFCM30,True
10148,2789,BFCM30,percentage,0.3,35.4,line_items,BFCM30,True
10149,2790,BFCM30,percentage,0.3,34.2,line_items,BFCM30,True
10150,2791,FREESHIP,free_shipping,,5.95,shipping,FREESHIP,True
10151,2792,WELCOME15,percentage,0.15,8.7,line_items,WELCOME15,True
10152,2793,BFCM30,percentage,0.3,7.8,line_items,BFCM30,True
10153,2794,WELCOME15,percentage,0.15,5.1,line_items,WELCOME15,True
10154,2795,BFCM30,percentage,0.3,18.6,line_items,BFCM30,True
10155,2796,BFCM30,percentage,0.3,15.3,line_items,BFCM30,True
10156,2797,BFCM30,percentage,0.3,48.0,line_items,BFCM30,True
10157,2798,BFCM30,percentage,0.3,10.2,line_items,BFCM30,True
10158,2799,BFCM30,percentage,0.3,18.0,line_items,BFCM30,True
10159,2800,BFCM30,percentage,0.3,51.9,line_items,BFCM30,True
10160,2801,BFCM30,percentage,0.3,19.2,line_items,BFCM30,True
10161,2802,BFCM30,percentage,0.3,10.8,line_items,BFCM30,True
10162,2802,FREESHIP,free_shipping,,5.95,shipping,FREESHIP,True
10163,2803,BFCM30,percentage,0.3,25.8,line_items,BFCM30,True
10164,2804,BFCM30,percentage,0.3,21.6,line_items,BFCM30,True
10165,2805,BFCM30,percentage,0.3,31.2,line_items,BFCM30,True
10166,2806,BFCM30,percentage,0.3,33.9,line_items,BFCM30,True
10167,2807,BFCM30,percentage,0.3,18.9,line_items,BFCM30,True
10168,2808,BFCM30,percentage,0.3,10.2,line_items,BFCM30,True
10169,2809,BFCM30,percentage,0.3,20.4,line_items,BFCM30,True
10170,2810,BFCM30,percentage,0.3,31.8,line_items,BFCM30,True
10171,2811,BFCM30,percentage,0.3,16.8,line_items,BFCM30,True
10172,2812,BFCM30,percentage,0.3,10.2,line_items,BFCM30,True
10173,2814,BFCM30,percentage,0.3,29.4,line_items,BFCM30,True
10174,2815,BFCM30,percentage,0.3,18.0,line_items,BFCM30,True
10175,2816,BFCM30,percentage,0.3,33.0,line_items,BFCM30,True
10176,2817,BFCM30,percentage,0.3,6.6,line_items,BFCM30,True
10177,2818,BFCM30,percentage,0.3,13.2,line_items,BFCM30,True
10178,2819,BFCM30,percentage,0.3,18.9,line_items,BFCM30,True
10179,2820,BFCM30,percentage,0.3,18.0,line_items,BFCM30,True
10180,2821,BFCM30,percentage,0.3,34.2,line_items,BFCM30,True
10181,2822,BFCM30,percentage,0.3,33.0,line_items,BFCM30,True
10182,2823,BFCM30,percentage,0.3,24.6,line_items,BFCM30,True
10183,2824,BFCM30,percentage,0.3,25.8,line_items,BFCM30,True
10184,2825,BFCM30,percentage,0.3,19.8,line_items,BFCM30,True
10185,2826,BFCM30,percentage,0.3,38.4,line_items,BFCM30,True
10186,2827,BFCM30,percentage,0.3,30.6,line_items,BFCM30,True
10187,2828,BFCM30,percentage,0.3,34.8,line_items,BFCM30,True
10188,2830,BFCM30,percentage,0.3,7.2,line_items,BFCM30,True
10189,2831,BFCM30,percentage,0.3,9.6,line_items,BFCM30,True
10190,2832,BFCM30,percentage,0.3,10.2,line_items,BFCM30,True
10191,2834,BFCM30,percentage,0.3,10.2,line_items,BFCM30,True
10192,2835,BFCM30,percentage,0.3,30.3,line_items,BFCM30,True
10193,2836,BFCM30,percentage,0.3,7.8,line_items,BFCM30,True
10194,2837,BFCM30,percentage,0.3,34.2,line_items,BFCM30,True
10195,2838,BFCM30,percentage,0.3,8.7,line_items,BFCM30,True
10196,2838,WELCOME15,percentage,0.15,3.04,line_items,WELCOME15,True
10197,2839,BFCM30,percentage,0.3,8.7,line_items,BFCM30,True
10198,2840,BFCM30,percentage,0.3,40.5,line_items,BFCM30,True
10199,2840,WELCOME15,percentage,0.15,14.18,line_items,WELCOME15,True
10200,2841,BFCM30,percentage,0.3,9.6,line_items,BFCM30,True
10201,2842,BFCM30,percentage,0.3,45.0,line_items,BFCM30,True
10202,2844,BFCM30,percentage,0.3,18.9,line_items,BFCM30,True
10203,2845,BFCM30,percentage,0.3,10.2,line_items,BFCM30,True
10204,2846,BFCM30,percentage,0.3,25.2,line_items,BFCM30,True
10205,2847,BFCM30,percentage,0.3,23.4,line_items,BFCM30,True
10206,2848,BFCM30,percentage,0.3,9.6,line_items,BFCM30,True
10207,2849,BFCM30,percentage,0.3,31.2,line_items,BFCM30,True
10208,2850,BFCM30,percentage,0.3,15.6,line_items,BFCM30,True
10209,2851,BFCM30,percentage,0.3,8.7,line_items,BFCM30,True
10210,2852,BFCM30,percentage,0.3,18.9,line_items,BFCM30,True
10211,2853,BFCM30,percentage,0.3,18.0,line_items,BFCM30,True
10212,2854,BFCM30,percentage,0.3,48.0,line_items,BFCM30,True
10213,2855,BFCM30,percentage,0.3,42.9,line_items,BFCM30,True
10214,2856,BFCM30,percentage,0.3,21.0,line_items,BFCM30,True
10215,2857,BFCM30,percentage,0.3,41.4,line_items,BFCM30,True
10216,2857,WELCOME15,percentage,0.15,14.49,line_items,WELCOME15,True
10217,2858,BFCM30,percentage,0.3,6.6,line_items,BFCM30,True
10218,2859,BFCM30,percentage,0.3,8.7,line_items,BFCM30,True
10219,2859,WELCOME15,percentage,0.15,3.04,line_items,WELCOME15,True
10220,2860,BFCM30,percentage,0.3,35.4,line_items,BFCM30,True
10221,2861,BFCM30,percentage,0.3,42.6,line_items,BFCM30,True
10222,2861,WELCOME15,percentage,0.15,14.91,line_items,WELCOME15,True
10223,2862,BFCM30,percentage,0.3,56.4,line_items,BFCM30,True
10224,2863,BFCM30,percentage,0.3,8.7,line_items,BFCM30,True
10225,2865,BFCM30,percentage,0.3,27.6,line_items,BFCM30,True
10226,2866,BFCM30,percentage,0.3,18.9,line_items,BFCM30,True
10227,2867,WELCOME15,percentage,0.15,17.7,line_items,WELCOME15,True
10228,2868,BFCM30,percentage,0.3,60.6,line_items,BFCM30,True
10229,2869,BFCM30,percentage,0.3,30.0,line_items,BFCM30,True
10230,2872,AMELIA10,percentage,0.1,3.4,line_items,AMELIA10,True
10231,2873,WELCOME15,percentage,0.15,15.9,line_items,WELCOME15,True
10232,2878,HOLIDAY15,percentage,0.15,4.8,line_items,HOLIDAY15,True
10233,2879,WELCOME15,percentage,0.15,5.1,line_items,WELCOME15,True
10234,2880,HOLIDAY15,percentage,0.15,3.9,line_items,HOLIDAY15,True
10235,2881,HOLIDAY15,percentage,0.15,12.9,line_items,HOLIDAY15,True
10236,2883,HOLIDAY15,percentage,0.15,6.6,line_items,HOLIDAY15,True
10237,2884,NOURISHED15,percentage,0.15,3.9,line_items,NOURISHED15,True
10238,2885,HOLIDAY15,percentage,0.15,6.6,line_items,HOLIDAY15,True
10239,2886,HOLIDAY15,percentage,0.15,12.6,line_items,HOLIDAY15,True
10240,2886,WELCOME15,percentage,0.15,10.71,line_items,WELCOME15,True
10241,2887,HOLIDAY15,percentage,0.15,3.3,line_items,HOLIDAY15,True
10242,2889,HOLIDAY15,percentage,0.15,28.65,line_items,HOLIDAY15,True
10243,2890,HOLIDAY15,percentage,0.15,5.1,line_items,HOLIDAY15,True
10244,2891,WELCOME15,percentage,0.15,12.6,line_items,WELCOME15,True
10245,2895,DERMDIARY10,percentage,0.1,3.6,line_items,DERMDIARY10,True
10246,2896,DERMDIARY10,percentage,0.1,3.4,line_items,DERMDIARY10,True
10247,2897,HOLIDAY15,percentage,0.15,21.0,line_items,HOLIDAY15,True
10248,2898,WELCOME15,percentage,0.15,6.6,line_items,WELCOME15,True
10249,2903,HOLIDAY15,percentage,0.15,4.35,line_items,HOLIDAY15,True
10250,2904,GLOWWITHSAM12,percentage,0.12,10.92,line_items,GLOWWITHSAM12,True
10251,2907,HOLIDAY15,percentage,0.15,29.4,line_items,HOLIDAY15,True
10252,2908,HOLIDAY15,percentage,0.15,6.6,line_items,HOLIDAY15,True
10253,2909,HOLIDAY15,percentage,0.15,3.3,line_items,HOLIDAY15,True
10254,2910,LOYAL10,percentage,0.1,12.0,line_items,LOYAL10,True
10255,2911,HOLIDAY15,percentage,0.15,4.35,line_items,HOLIDAY15,True
10256,2913,HOLIDAY15,percentage,0.15,6.6,line_items,HOLIDAY15,True
10257,2916,HOLIDAY15,percentage,0.15,3.6,line_items,HOLIDAY15,True
10258,2917,HOLIDAY15,percentage,0.15,12.6,line_items,HOLIDAY15,True
10259,2919,HOLIDAY15,percentage,0.15,12.6,line_items,HOLIDAY15,True
10260,2921,HOLIDAY15,percentage,0.15,25.5,line_items,HOLIDAY15,True
10261,2923,LOYAL10,percentage,0.1,10.6,line_items,LOYAL10,True
10262,2924,HOLIDAY15,percentage,0.15,11.1,line_items,HOLIDAY15,True
10263,2926,HOLIDAY15,percentage,0.15,9.45,line_items,HOLIDAY15,True
10264,2927,WELCOME15,percentage,0.15,16.8,line_items,WELCOME15,True
10265,2928,HOLIDAY15,percentage,0.15,13.8,line_items,HOLIDAY15,True
10266,2930,HOLIDAY15,percentage,0.15,16.2,line_items,HOLIDAY15,True
10267,2933,HOLIDAY15,percentage,0.15,6.6,line_items,HOLIDAY15,True
10268,2936,WELCOME15,percentage,0.15,8.4,line_items,WELCOME15,True
10269,2937,WELCOME15,percentage,0.15,3.6,line_items,WELCOME15,True
10270,2938,NOURISHED15,percentage,0.15,12.6,line_items,NOURISHED15,True
10271,2942,WELCOME15,percentage,0.15,7.8,line_items,WELCOME15,True
10272,2943,WELCOME15,percentage,0.15,4.8,line_items,WELCOME15,True
10273,2944,WELCOME15,percentage,0.15,10.2,line_items,WELCOME15,True
10274,2945,HOLIDAY15,percentage,0.15,12.75,line_items,HOLIDAY15,True
10275,2946,WELCOME15,percentage,0.15,5.4,line_items,WELCOME15,True
10276,2947,HOLIDAY15,percentage,0.15,15.3,line_items,HOLIDAY15,True
10277,2950,HOLIDAY15,percentage,0.15,3.6,line_items,HOLIDAY15,True
10278,2951,HOLIDAY15,percentage,0.15,11.1,line_items,HOLIDAY15,True
10279,2951,WELCOME15,percentage,0.15,9.44,line_items,WELCOME15,True
10280,2952,WELCOME15,percentage,0.15,5.4,line_items,WELCOME15,True
10281,2953,HOLIDAY15,percentage,0.15,10.2,line_items,HOLIDAY15,True
10282,2955,LOYAL10,percentage,0.1,8.2,line_items,LOYAL10,True
10283,2957,HOLIDAY15,percentage,0.15,6.6,line_items,HOLIDAY15,True
10284,2958,HOLIDAY15,percentage,0.15,10.2,line_items,HOLIDAY15,True
10285,2959,HOLIDAY15,percentage,0.15,5.1,line_items,HOLIDAY15,True
10286,2965,HOLIDAY15,percentage,0.15,3.6,line_items,HOLIDAY15,True
10287,2965,WELCOME15,percentage,0.15,3.06,line_items,WELCOME15,True
10288,2967,HOLIDAY15,percentage,0.15,4.35,line_items,HOLIDAY15,True
10289,2968,HOLIDAY15,percentage,0.15,12.6,line_items,HOLIDAY15,True
10290,2969,WELCOME15,percentage,0.15,10.8,line_items,WELCOME15,True
10291,2971,HOLIDAY15,percentage,0.15,11.7,line_items,HOLIDAY15,True
10292,2972,HOLIDAY15,percentage,0.15,16.8,line_items,HOLIDAY15,True
10293,2975,HOLIDAY15,percentage,0.15,5.1,line_items,HOLIDAY15,True
10294,2976,HOLIDAY15,percentage,0.15,3.6,line_items,HOLIDAY15,True
10295,2978,HOLIDAY15,percentage,0.15,5.1,line_items,HOLIDAY15,True
10296,2980,GLOWWITHSAM12,percentage,0.12,11.4,line_items,GLOWWITHSAM12,True
10297,2981,WELCOME15,percentage,0.15,4.5,line_items,WELCOME15,True
10298,2982,DERMDIARY10,percentage,0.1,4.4,line_items,DERMDIARY10,True
10299,2982,WELCOME15,percentage,0.15,5.94,line_items,WELCOME15,True
10300,2983,HOLIDAY15,percentage,0.15,5.1,line_items,HOLIDAY15,True
10301,2984,WELCOME15,percentage,0.15,4.2,line_items,WELCOME15,True
10302,2985,HOLIDAY15,percentage,0.15,12.6,line_items,HOLIDAY15,True
10303,2986,WELCOME15,percentage,0.15,4.8,line_items,WELCOME15,True
10304,2987,HOLIDAY15,percentage,0.15,14.1,line_items,HOLIDAY15,True
10305,2988,LOYAL10,percentage,0.1,8.0,line_items,LOYAL10,True
10306,2990,LOYAL10,percentage,0.1,3.4,line_items,LOYAL10,True
10307,2991,HOLIDAY15,percentage,0.15,3.9,line_items,HOLIDAY15,False
10308,2992,HOLIDAY15,percentage,0.15,4.8,line_items,HOLIDAY15,True
10309,2993,WELCOME15,percentage,0.15,12.6,line_items,WELCOME15,True
10310,2994,HOLIDAY15,percentage,0.15,12.75,line_items,HOLIDAY15,True
10311,2995,FREESHIP,free_shipping,,5.95,shipping,FREESHIP,True
10312,2996,HOLIDAY15,percentage,0.15,24.6,line_items,HOLIDAY15,True
10313,2997,HOLIDAY15,percentage,0.15,15.0,line_items,HOLIDAY15,True
10314,2998,HOLIDAY15,percentage,0.15,13.5,line_items,HOLIDAY15,True
10315,2999,GLOWWITHSAM12,percentage,0.12,8.16,line_items,GLOWWITHSAM12,True
10316,3000,HOLIDAY15,percentage,0.15,12.6,line_items,HOLIDAY15,True
10317,3002,WELCOME15,percentage,0.15,3.3,line_items,WELCOME15,True
10318,3003,HOLIDAY15,percentage,0.15,25.2,line_items,HOLIDAY15,True
10319,3004,WELCOME15,percentage,0.15,4.8,line_items,WELCOME15,True
10320,3006,HOLIDAY15,percentage,0.15,13.5,line_items,HOLIDAY15,True
10321,3007,WELCOME15,percentage,0.15,19.8,line_items,WELCOME15,True
10322,3008,HOLIDAY15,percentage,0.15,11.55,line_items,HOLIDAY15,True
10323,3011,LOYAL10,percentage,0.1,6.1,line_items,LOYAL10,True
10324,3012,HOLIDAY15,percentage,0.15,5.1,line_items,HOLIDAY15,True
10325,3013,WELCOME15,percentage,0.15,3.3,line_items,WELCOME15,True
10326,3016,WELCOME15,percentage,0.15,8.7,line_items,WELCOME15,True
10327,3017,HOLIDAY15,percentage,0.15,27.0,line_items,HOLIDAY15,True
10328,3018,HOLIDAY15,percentage,0.15,3.3,line_items,HOLIDAY15,True
10329,3019,AMELIA10,percentage,0.1,3.4,line_items,AMELIA10,True
10330,3020,WELCOME15,percentage,0.15,5.1,line_items,WELCOME15,True
10331,3026,HOLIDAY15,percentage,0.15,12.6,line_items,HOLIDAY15,True
10332,3027,HOLIDAY15,percentage,0.15,13.8,line_items,HOLIDAY15,True
10333,3029,LOYAL10,percentage,0.1,6.2,line_items,LOYAL10,True
10334,3031,HOLIDAY15,percentage,0.15,5.1,line_items,HOLIDAY15,True
10335,3032,HOLIDAY15,percentage,0.15,8.4,line_items,HOLIDAY15,True
10336,3033,HOLIDAY15,percentage,0.15,9.9,line_items,HOLIDAY15,True
10337,3034,HOLIDAY15,percentage,0.15,19.5,line_items,HOLIDAY15,True
10338,3037,SKINBYJORDAN15,percentage,0.15,12.6,line_items,SKINBYJORDAN15,True
10339,3038,HOLIDAY15,percentage,0.15,9.75,line_items,HOLIDAY15,True
10340,3040,HOLIDAY15,percentage,0.15,18.0,line_items,HOLIDAY15,True
10341,3041,HOLIDAY15,percentage,0.15,16.95,line_items,HOLIDAY15,True
10342,3042,HOLIDAY15,percentage,0.15,4.8,line_items,HOLIDAY15,True
10343,3043,HOLIDAY15,percentage,0.15,15.9,line_items,HOLIDAY15,True
10344,3044,WELCOME15,percentage,0.15,8.4,line_items,WELCOME15,True
10345,3046,HOLIDAY15,percentage,0.15,5.4,line_items,HOLIDAY15,True
10346,3048,HOLIDAY15,percentage,0.15,5.1,line_items,HOLIDAY15,True
10347,3049,HOLIDAY15,percentage,0.15,4.35,line_items,HOLIDAY15,True
10348,3051,LOYAL10,percentage,0.1,5.6,line_items,LOYAL10,True
10349,3052,WELCOME15,percentage,0.15,3.9,line_items,WELCOME15,False
10350,3058,WELCOME15,percentage,0.15,16.8,line_items,WELCOME15,True
10351,3060,HOLIDAY15,percentage,0.15,3.3,line_items,HOLIDAY15,True
10352,3062,WELCOME15,percentage,0.15,15.3,line_items,WELCOME15,True
10353,3063,HOLIDAY15,percentage,0.15,9.9,line_items,HOLIDAY15,True
10354,3064,HOLIDAY15,percentage,0.15,23.1,line_items,HOLIDAY15,True
10355,3066,WELCOME15,percentage,0.15,8.4,line_items,WELCOME15,True
10356,3069,HOLIDAY15,percentage,0.15,3.3,line_items,HOLIDAY15,True
10357,3070,HOLIDAY15,percentage,0.15,4.2,line_items,HOLIDAY15,True
10358,3071,WELCOME15,percentage,0.15,7.65,line_items,WELCOME15,True
10359,3072,HOLIDAY15,percentage,0.15,6.6,line_items,HOLIDAY15,True
10360,3073,HOLIDAY15,percentage,0.15,5.1,line_items,HOLIDAY15,True
10361,3075,LOYAL10,percentage,0.1,10.2,line_items,LOYAL10,True
10362,3076,HOLIDAY15,percentage,0.15,14.4,line_items,HOLIDAY15,True
10363,3080,WELCOME15,percentage,0.15,3.3,line_items,WELCOME15,True
10364,3081,HOLIDAY15,percentage,0.15,11.7,line_items,HOLIDAY15,True
10365,3082,LOYAL10,percentage,0.1,17.3,line_items,LOYAL10,True
10366,3083,HOLIDAY15,percentage,0.15,8.25,line_items,HOLIDAY15,True
10367,3084,WELCOME15,percentage,0.15,22.95,line_items,WELCOME15,True
10368,3085,WELCOME15,percentage,0.15,5.1,line_items,WELCOME15,True
10369,3087,HOLIDAY15,percentage,0.15,19.5,line_items,HOLIDAY15,True
10370,3088,HOLIDAY15,percentage,0.15,4.2,line_items,HOLIDAY15,True
10371,3089,HOLIDAY15,percentage,0.15,15.0,line_items,HOLIDAY15,True
10372,3090,WELCOME15,percentage,0.15,9.0,line_items,WELCOME15,True
10373,3093,HOLIDAY15,percentage,0.15,4.5,line_items,HOLIDAY15,True
10374,3094,WELCOME15,percentage,0.15,12.6,line_items,WELCOME15,True
10375,3098,HOLIDAY15,percentage,0.15,5.4,line_items,HOLIDAY15,True
10376,3100,HOLIDAY15,percentage,0.15,10.2,line_items,HOLIDAY15,True
10377,3101,HOLIDAY15,percentage,0.15,4.8,line_items,HOLIDAY15,True
10378,3102,HOLIDAY15,percentage,0.15,5.1,line_items,HOLIDAY15,True
10379,3105,WELCOME15,percentage,0.15,27.9,line_items,WELCOME15,True
10380,3106,HOLIDAY15,percentage,0.15,4.5,line_items,HOLIDAY15,True
10381,3111,HOLIDAY15,percentage,0.15,10.2,line_items,HOLIDAY15,True
10382,3112,LOYAL10,percentage,0.1,2.9,line_items,LOYAL10,True
10383,3113,HOLIDAY15,percentage,0.15,5.1,line_items,HOLIDAY15,False
10384,3114,WELCOME15,percentage,0.15,5.1,line_items,WELCOME15,True
10385,3115,HOLIDAY15,percentage,0.15,9.6,line_items,HOLIDAY15,True
10386,3117,HOLIDAY15,percentage,0.15,11.1,line_items,HOLIDAY15,True
10387,3119,HOLIDAY15,percentage,0.15,4.8,line_items,HOLIDAY15,True
10388,3120,HOLIDAY15,percentage,0.15,30.75,line_items,HOLIDAY15,True
10389,3121,LOYAL10,percentage,0.1,3.4,line_items,LOYAL10,True
10390,3122,HOLIDAY15,percentage,0.15,4.35,line_items,HOLIDAY15,True
10391,3123,SKINBYJORDAN15,percentage,0.15,12.0,line_items,SKINBYJORDAN15,True
10392,3124,LOYAL10,percentage,0.1,8.4,line_items,LOYAL10,True
10393,3125,HOLIDAY15,percentage,0.15,5.1,line_items,HOLIDAY15,True
10394,3129,WELCOME15,percentage,0.15,4.2,line_items,WELCOME15,True
10395,3131,HOLIDAY15,percentage,0.15,4.2,line_items,HOLIDAY15,True
10396,3131,WELCOME15,percentage,0.15,3.57,line_items,WELCOME15,True
10397,3132,HOLIDAY15,percentage,0.15,5.1,line_items,HOLIDAY15,True
10398,3133,WELCOME15,percentage,0.15,8.4,line_items,WELCOME15,True
10399,3134,LOYAL10,percentage,0.1,6.8,line_items,LOYAL10,True
10400,3135,HOLIDAY15,percentage,0.15,15.3,line_items,HOLIDAY15,True
10401,3136,HOLIDAY15,percentage,0.15,5.1,line_items,HOLIDAY15,True
10402,3137,HOLIDAY15,percentage,0.15,12.6,line_items,HOLIDAY15,True
10403,3138,WELCOME15,percentage,0.15,5.1,line_items,WELCOME15,True
10404,3139,HOLIDAY15,percentage,0.15,5.1,line_items,HOLIDAY15,True
10405,3140,WELCOME15,percentage,0.15,15.6,line_items,WELCOME15,True
10406,3141,HOLIDAY15,percentage,0.15,12.6,line_items,HOLIDAY15,True
10407,3142,WELCOME15,percentage,0.15,9.6,line_items,WELCOME15,True
10408,3143,WELCOME15,percentage,0.15,10.2,line_items,WELCOME15,True
10409,3146,LOYAL10,percentage,0.1,6.3,line_items,LOYAL10,True
10410,3147,WELCOME15,percentage,0.15,3.3,line_items,WELCOME15,True
10411,3148,GLOWWITHSAM12,percentage,0.12,4.08,line_items,GLOWWITHSAM12,True
10412,3149,SKINBYJORDAN15,percentage,0.15,3.3,line_items,SKINBYJORDAN15,True
10413,3150,LOYAL10,percentage,0.1,10.1,line_items,LOYAL10,True
10414,3156,WELCOME15,percentage,0.15,3.3,line_items,WELCOME15,True
10415,3159,WELCOME15,percentage,0.15,17.55,line_items,WELCOME15,False
10416,3160,welcome15,percentage,0.15,5.1,line_items,WELCOME15,True
10417,3162,WELCOME15,percentage,0.15,4.8,line_items,WELCOME15,True
10418,3163,LOYAL10 ,percentage,0.1,4.4,line_items,LOYAL10,True
10419,3164,LOYAL10,percentage,0.1,6.8,line_items,LOYAL10,True
10420,3165,WELCOME15,percentage,0.15,6.6,line_items,WELCOME15,True
10421,3166,LOYAL10,percentage,0.1,3.6,line_items,LOYAL10,True
10422,3168,LOYAL10,percentage,0.1,12.8,line_items,LOYAL10,True
10423,3170,WELCOME15,percentage,0.15,8.4,line_items,WELCOME15,True
10424,3171,WELCOME15,percentage,0.15,12.6,line_items,WELCOME15,False
10425,3174,LOYAL10,percentage,0.1,8.4,line_items,LOYAL10,True
10426,3176,WELCOME15,percentage,0.15,22.8,line_items,WELCOME15,True
10427,3178,WELCOME15,percentage,0.15,3.3,line_items,WELCOME15,True
10428,3181,LOYAL10,percentage,0.1,5.6,line_items,LOYAL10,True
10429,3183,welcome15,percentage,0.15,9.9,line_items,WELCOME15,True
10430,3184,welcome15,percentage,0.15,10.2,line_items,WELCOME15,True
10431,3186,LOYAL10,percentage,0.1,11.2,line_items,LOYAL10,True
10432,3187,LOYAL10,percentage,0.1,12.8,line_items,LOYAL10,True
10433,3191,WELCOME15,percentage,0.15,9.9,line_items,WELCOME15,True
10434,3193,LOYAL10,percentage,0.1,3.4,line_items,LOYAL10,True
10435,3194,LOYAL10,percentage,0.1,5.1,line_items,LOYAL10,True
10436,3195,LOYAL10,percentage,0.1,6.2,line_items,LOYAL10,True
10437,3196,WELCOME15,percentage,0.15,5.1,line_items,WELCOME15,True
10438,3198,FREESHIP,free_shipping,,5.95,shipping,FREESHIP,False
10439,3200,WELCOME15,percentage,0.15,5.4,line_items,WELCOME15,True
10440,3203,WELCOME15,percentage,0.15,6.6,line_items,WELCOME15,True
10441,3205,LOYAL10,percentage,0.1,13.0,line_items,LOYAL10,True
10442,3208,WELCOME15,percentage,0.15,17.7,line_items,WELCOME15,True
10443,3210,WELCOME15,percentage,0.15,19.65,line_items,WELCOME15,True
10444,3212,SKINBYJORDAN15,percentage,0.15,11.4,line_items,SKINBYJORDAN15,True
10445,3217,WELCOME15,percentage,0.15,4.8,line_items,WELCOME15,True
10446,3219,SKINBYJORDAN15,percentage,0.15,17.4,line_items,SKINBYJORDAN15,True
10447,3220,WELCOME15,percentage,0.15,25.65,line_items,WELCOME15,True
10448,3221,AMELIA10,percentage,0.1,12.1,line_items,AMELIA10,True
10449,3224,SKINBYJORDAN15,percentage,0.15,10.8,line_items,SKINBYJORDAN15,True
10450,3225,DERMDIARY10,percentage,0.1,13.1,line_items,DERMDIARY10,True
10451,3226,welcome15,percentage,0.15,5.1,line_items,WELCOME15,True
10452,3227,WELCOME15,percentage,0.15,4.8,line_items,WELCOME15,True
10453,3230,GLOWWITHSAM12,percentage,0.12,4.32,line_items,GLOWWITHSAM12,True
10454,3236,WELCOME15,percentage,0.15,5.1,line_items,WELCOME15,True
10455,3238,welcome15,percentage,0.15,19.5,line_items,WELCOME15,True
10456,3242,LOYAL10,percentage,0.1,3.4,line_items,LOYAL10,True
10457,3245,NOURISHED15,percentage,0.15,3.3,line_items,NOURISHED15,True
10458,3247,AMELIA10,percentage,0.1,2.9,line_items,AMELIA10,True
10459,3249,WELCOME15,percentage,0.15,3.3,line_items,WELCOME15,True
10460,3251,LOYAL10,percentage,0.1,2.9,line_items,LOYAL10,True
10461,3254,LOYAL10,percentage,0.1,2.2,line_items,LOYAL10,True
10462,3258,LOYAL10,percentage,0.1,3.4,line_items,LOYAL10,True
10463,3259,LOYAL10,percentage,0.1,10.0,line_items,LOYAL10,True
10464,3260,NEWYEAR20,percentage,0.2,4.4,line_items,NEWYEAR20,True
10465,3262,WELCOME15,percentage,0.15,5.1,line_items,WELCOME15,True
10466,3263,WELCOME15,percentage,0.15,8.4,line_items,WELCOME15,True
10467,3264,WELCOME15,percentage,0.15,5.4,line_items,WELCOME15,True
10468,3265,WELCOME15,percentage,0.15,17.7,line_items,WELCOME15,True
10469,3269,NEWYEAR20,percentage,0.2,35.2,line_items,NEWYEAR20,True
10470,3271,LOYAL10,percentage,0.1,4.4,line_items,LOYAL10,True
10471,3272,LOYAL10,percentage,0.1,6.0,line_items,LOYAL10,True
10472,3273,NEWYEAR20,percentage,0.2,5.8,line_items,NEWYEAR20,True
10473,3276,NEWYEAR20,percentage,0.2,11.2,line_items,NEWYEAR20,True
10474,3278,NEWYEAR20,percentage,0.2,22.4,line_items,NEWYEAR20,True
10475,3279,NEWYEAR20,percentage,0.2,5.8,line_items,NEWYEAR20,True
10476,3280,WELCOME15,percentage,0.15,6.6,line_items,WELCOME15,True
10477,3281,NEWYEAR20,percentage,0.2,6.4,line_items,NEWYEAR20,True
10478,3282,NEWYEAR20,percentage,0.2,4.4,line_items,NEWYEAR20,True
10479,3283,NEWYEAR20,percentage,0.2,9.6,line_items,NEWYEAR20,True
10480,3283,WELCOME15,percentage,0.15,5.76,line_items,WELCOME15,True
10481,3284,WELCOME15,percentage,0.15,5.1,line_items,WELCOME15,True
10482,3286,NEWYEAR20,percentage,0.2,10.8,line_items,NEWYEAR20,True
10483,3287,NEWYEAR20,percentage,0.2,23.6,line_items,NEWYEAR20,True
10484,3288,WELCOME15,percentage,0.15,27.6,line_items,WELCOME15,True
10485,3290,NEWYEAR20,percentage,0.2,6.8,line_items,NEWYEAR20,True
10486,3291,WELCOME15,percentage,0.15,8.1,line_items,WELCOME15,True
10487,3292,LOYAL10,percentage,0.1,13.5,line_items,LOYAL10,True
10488,3293,NEWYEAR20,percentage,0.2,6.4,line_items,NEWYEAR20,True
10489,3293,WELCOME15,percentage,0.15,3.84,line_items,WELCOME15,True
10490,3295,AMELIA10,percentage,0.1,2.8,line_items,AMELIA10,True
10491,3296,FREESHIP,free_shipping,,12.95,shipping,FREESHIP,True
10492,3299,NEWYEAR20,percentage,0.2,16.8,line_items,NEWYEAR20,True
10493,3301,WELCOME15,percentage,0.15,6.6,line_items,WELCOME15,True
10494,3302,WELCOME15,percentage,0.15,4.5,line_items,WELCOME15,True
10495,3303,NEWYEAR20,percentage,0.2,4.4,line_items,NEWYEAR20,True
10496,3303,FREESHIP,free_shipping,,5.95,shipping,FREESHIP,True
10497,3304,WELCOME15,percentage,0.15,4.35,line_items,WELCOME15,True
10498,3305,NEWYEAR20,percentage,0.2,11.2,line_items,NEWYEAR20,True
10499,3307,NEWYEAR20,percentage,0.2,6.8,line_items,NEWYEAR20,True
10500,3308,SKINBYJORDAN15,percentage,0.15,6.6,line_items,SKINBYJORDAN15,True
10501,3309,NEWYEAR20,percentage,0.2,11.2,line_items,NEWYEAR20,True
10502,3311,NEWYEAR20,percentage,0.2,16.8,line_items,NEWYEAR20,True
10503,3312,NEWYEAR20,percentage,0.2,35.2,line_items,NEWYEAR20,True
10504,3313,NEWYEAR20,percentage,0.2,19.6,line_items,NEWYEAR20,True
10505,3315,NEWYEAR20,percentage,0.2,22.8,line_items,NEWYEAR20,True
10506,3316,WELCOME15,percentage,0.15,22.8,line_items,WELCOME15,True
10507,3317,NEWYEAR20,percentage,0.2,6.8,line_items,NEWYEAR20,True
10508,3319,NEWYEAR20,percentage,0.2,26.0,line_items,NEWYEAR20,True
10509,3321,LOYAL10,percentage,0.1,3.0,line_items,LOYAL10,True
10510,3324,NEWYEAR20,percentage,0.2,27.8,line_items,NEWYEAR20,True
10511,3325,SKINBYJORDAN15,percentage,0.15,17.1,line_items,SKINBYJORDAN15,True
10512,3326,LOYAL10,percentage,0.1,8.8,line_items,LOYAL10,True
10513,3327,WELCOME15,percentage,0.15,12.6,line_items,WELCOME15,True
10514,3328,NEWYEAR20,percentage,0.2,11.2,line_items,NEWYEAR20,True
10515,3328,FREESHIP,free_shipping,,12.95,shipping,FREESHIP,True
10516,3329,WELCOME15,percentage,0.15,16.05,line_items,WELCOME15,True
10517,3331,LOYAL10,percentage,0.1,3.2,line_items,LOYAL10,True
10518,3332,NEWYEAR20,percentage,0.2,4.4,line_items,NEWYEAR20,True
10519,3336,NEWYEAR20,percentage,0.2,8.8,line_items,NEWYEAR20,True
10520,3337,LOYAL10,percentage,0.1,8.2,line_items,LOYAL10,True
10521,3339,NEWYEAR20,percentage,0.2,5.8,line_items,NEWYEAR20,True
10522,3340,NEWYEAR20,percentage,0.2,13.2,line_items,NEWYEAR20,True
10523,3341,WELCOME15,percentage,0.15,9.0,line_items,WELCOME15,True
10524,3343,NEWYEAR20,percentage,0.2,5.6,line_items,NEWYEAR20,True
10525,3348,NEWYEAR20,percentage,0.2,24.0,line_items,NEWYEAR20,True
10526,3349,NEWYEAR20,percentage,0.2,4.4,line_items,NEWYEAR20,True
10527,3350,NEWYEAR20,percentage,0.2,14.0,line_items,NEWYEAR20,True
10528,3352,NEWYEAR20,percentage,0.2,21.6,line_items,NEWYEAR20,True
10529,3353,NEWYEAR20,percentage,0.2,6.8,line_items,NEWYEAR20,True
10530,3354,NEWYEAR20,percentage,0.2,11.2,line_items,NEWYEAR20,True
10531,3355,NEWYEAR20,percentage,0.2,28.0,line_items,NEWYEAR20,True
10532,3357,TEST100,percentage,1.0,34.0,line_items,TEST100,False
10533,3358,WELCOME15,percentage,0.15,12.6,line_items,WELCOME15,True
10534,3359,NEWYEAR20,percentage,0.2,10.8,line_items,NEWYEAR20,True
10535,3362,NEWYEAR20,percentage,0.2,4.8,line_items,NEWYEAR20,True
10536,3363,WELCOME15,percentage,0.15,5.1,line_items,WELCOME15,True
10537,3364,NOURISHED15,percentage,0.15,17.7,line_items,NOURISHED15,True
10538,3365,NEWYEAR20,percentage,0.2,7.2,line_items,NEWYEAR20,True
10539,3366,WELCOME15,percentage,0.15,13.2,line_items,WELCOME15,True
10540,3369,WELCOME15,percentage,0.15,5.1,line_items,WELCOME15,True
10541,3373,WELCOME15,percentage,0.15,4.2,line_items,WELCOME15,True
10542,3374,NEWYEAR20,percentage,0.2,23.8,line_items,NEWYEAR20,True
10543,3378,NEWYEAR20,percentage,0.2,20.0,line_items,NEWYEAR20,True
10544,3379,NEWYEAR20,percentage,0.2,6.8,line_items,NEWYEAR20,True
10545,3379,WELCOME15,percentage,0.15,4.08,line_items,WELCOME15,True
10546,3380,NEWYEAR20,percentage,0.2,5.8,line_items,NEWYEAR20,True
10547,3380,WELCOME15,percentage,0.15,3.48,line_items,WELCOME15,True
10548,3381,NEWYEAR20,percentage,0.2,11.2,line_items,NEWYEAR20,True
10549,3384,NEWYEAR20,percentage,0.2,5.2,line_items,NEWYEAR20,True
10550,3385,NEWYEAR20,percentage,0.2,12.4,line_items,NEWYEAR20,True
10551,3386,NEWYEAR20,percentage,0.2,16.8,line_items,NEWYEAR20,True
10552,3387,NEWYEAR20,percentage,0.2,16.8,line_items,NEWYEAR20,True
10553,3388,WELCOME15,percentage,0.15,9.9,line_items,WELCOME15,True
10554,3389,WELCOME15,percentage,0.15,9.75,line_items,WELCOME15,True
10555,3391,NEWYEAR20,percentage,0.2,5.8,line_items,NEWYEAR20,True
10556,3392,NEWYEAR20,percentage,0.2,10.2,line_items,NEWYEAR20,True
10557,3394,LOYAL10,percentage,0.1,3.4,line_items,LOYAL10,True
10558,3395,NEWYEAR20,percentage,0.2,29.4,line_items,NEWYEAR20,True
10559,3396,LOYAL10,percentage,0.1,6.8,line_items,LOYAL10,True
10560,3397,NEWYEAR20,percentage,0.2,35.6,line_items,NEWYEAR20,True
10561,3397,WELCOME15,percentage,0.15,21.36,line_items,WELCOME15,True
10562,3398,NEWYEAR20,percentage,0.2,6.8,line_items,NEWYEAR20,True
10563,3399,NEWYEAR20,percentage,0.2,6.8,line_items,NEWYEAR20,True
10564,3399,FREESHIP,free_shipping,,5.95,shipping,FREESHIP,True
10565,3400,NEWYEAR20,percentage,0.2,36.6,line_items,NEWYEAR20,True
10566,3404,NEWYEAR20,percentage,0.2,22.4,line_items,NEWYEAR20,True
10567,3405,AMELIA10,percentage,0.1,12.6,line_items,AMELIA10,True
10568,3406,NEWYEAR20,percentage,0.2,7.2,line_items,NEWYEAR20,True
10569,3407,NEWYEAR20,percentage,0.2,10.2,line_items,NEWYEAR20,True
10570,3408,WELCOME15,percentage,0.15,9.6,line_items,WELCOME15,True
10571,3409,WELCOME15,percentage,0.15,8.25,line_items,WELCOME15,True
10572,3411,NEWYEAR20,percentage,0.2,6.8,line_items,NEWYEAR20,True
10573,3412,DERMDIARY10,percentage,0.1,16.2,line_items,DERMDIARY10,True
10574,3413,NEWYEAR20,percentage,0.2,15.6,line_items,NEWYEAR20,True
10575,3413,WELCOME15,percentage,0.15,9.36,line_items,WELCOME15,True
10576,3416,NEWYEAR20,percentage,0.2,6.8,line_items,NEWYEAR20,True
10577,3417,WELCOME15,percentage,0.15,5.1,line_items,WELCOME15,True
10578,3418,WELCOME15,percentage,0.15,27.75,line_items,WELCOME15,True
10579,3419,WELCOME15,percentage,0.15,9.15,line_items,WELCOME15,True
10580,3420,LOYAL10,percentage,0.1,12.0,line_items,LOYAL10,True
10581,3421,NEWYEAR20,percentage,0.2,16.8,line_items,NEWYEAR20,True
10582,3421,WELCOME15,percentage,0.15,10.08,line_items,WELCOME15,True
10583,3422,NEWYEAR20,percentage,0.2,6.8,line_items,NEWYEAR20,True
10584,3425,welcome15,percentage,0.15,4.8,line_items,WELCOME15,True
10585,3428,LOYAL10,percentage,0.1,7.2,line_items,LOYAL10,True
10586,3429,WELCOME15,percentage,0.15,3.9,line_items,WELCOME15,True
10587,3431,LOYAL10,percentage,0.1,2.9,line_items,LOYAL10,True
10588,3433,WELCOME15,percentage,0.15,13.95,line_items,WELCOME15,True
10589,3439,SKINBYJORDAN15,percentage,0.15,5.7,line_items,SKINBYJORDAN15,True
10590,3443,WELCOME15,percentage,0.15,4.35,line_items,WELCOME15,True
10591,3445,WELCOME15,percentage,0.15,8.7,line_items,WELCOME15,True
10592,3446,DERMDIARY10,percentage,0.1,9.2,line_items,DERMDIARY10,True
10593,3449,LOYAL10,percentage,0.1,5.0,line_items,LOYAL10,True
10594,3452,LOYAL10,percentage,0.1,2.2,line_items,LOYAL10,True
10595,3453,WELCOME15,percentage,0.15,10.8,line_items,WELCOME15,True
10596,3454,LOYAL10,percentage,0.1,11.4,line_items,LOYAL10,True
10597,3465,WELCOME15,percentage,0.15,4.35,line_items,WELCOME15,False
10598,3467,GLOWWITHSAM12,percentage,0.12,10.8,line_items,GLOWWITHSAM12,True
10599,3468,GLOWWITHSAM12,percentage,0.12,13.92,line_items,GLOWWITHSAM12,True
10600,3470,SKINBYJORDAN15,percentage,0.15,5.4,line_items,SKINBYJORDAN15,True
10601,3471,WELCOME15,percentage,0.15,4.8,line_items,WELCOME15,True
10602,3472,LOYAL10,percentage,0.1,3.2,line_items,LOYAL10,True
10603,3477,WELCOME15,percentage,0.15,5.1,line_items,WELCOME15,True
10604,3479,WELCOME15,percentage,0.15,13.2,line_items,WELCOME15,True
10605,3482,LOYAL10,percentage,0.1,2.2,line_items,LOYAL10,True
10606,3485,WELCOME15,percentage,0.15,3.3,line_items,WELCOME15,True
10607,3485,FREESHIP,free_shipping,,5.95,shipping,FREESHIP,True
10608,3487,WELCOME15,percentage,0.15,5.7,line_items,WELCOME15,True
10609,3492,WELCOME15,percentage,0.15,4.2,line_items,WELCOME15,True
10610,3493,WELCOME15,percentage,0.15,6.6,line_items,WELCOME15,True
10611,3494,LOYAL10,percentage,0.1,3.4,line_items,LOYAL10,True
10612,3494,FREESHIP,free_shipping,,5.95,shipping,FREESHIP,True
10613,3496,WELCOME15,percentage,0.15,13.2,line_items,WELCOME15,True
10614,3497,WELCOME15,percentage,0.15,3.3,line_items,WELCOME15,True
10615,3498,WELCOME15,percentage,0.15,10.5,line_items,WELCOME15,True
10616,3499,LOYAL10,percentage,0.1,6.6,line_items,LOYAL10,True
10617,3500,WELCOME15,percentage,0.15,3.3,line_items,WELCOME15,True
10618,3503,WELCOME15,percentage,0.15,16.65,line_items,WELCOME15,True
10619,3513,WELCOME15,percentage,0.15,3.9,line_items,WELCOME15,True
10620,3515,WELCOME15,percentage,0.15,13.35,line_items,WELCOME15,True
10621,3516,WELCOME15,percentage,0.15,21.6,line_items,WELCOME15,True
10622,3519,LOYAL10,percentage,0.1,7.6,line_items,LOYAL10,True
10623,3520,WELCOME15,percentage,0.15,3.9,line_items,WELCOME15,True
10624,3520,FREESHIP,free_shipping,,5.95,shipping,FREESHIP,True
10625,3523,LOYAL10,percentage,0.1,2.2,line_items,LOYAL10,True
10626,3529,SKINBYJORDAN15,percentage,0.15,18.6,line_items,SKINBYJORDAN15,True
10627,3529,WELCOME15,percentage,0.15,15.81,line_items,WELCOME15,True
10628,3530,WELCOME15,percentage,0.15,10.2,line_items,WELCOME15,True
10629,3531,WELCOME15,percentage,0.15,23.4,line_items,WELCOME15,True
10630,3532,LOYAL10,percentage,0.1,6.8,line_items,LOYAL10,True
10631,3533,LOYAL10,percentage,0.1,13.8,line_items,LOYAL10,True
10632,3535,LOYAL10,percentage,0.1,6.2,line_items,LOYAL10,True
10633,3539,welcome15,percentage,0.15,3.6,line_items,WELCOME15,True
10634,3542,WELCOME15,percentage,0.15,10.05,line_items,WELCOME15,True
10635,3544,AMELIA10,percentage,0.1,2.4,line_items,AMELIA10,True
10636,3546,LOYAL10,percentage,0.1,6.2,line_items,LOYAL10,True
10637,3549,WELCOME15,percentage,0.15,3.3,line_items,WELCOME15,True
10638,3551,WELCOME15,percentage,0.15,9.75,line_items,WELCOME15,True
10639,3557,LOYAL10,percentage,0.1,4.4,line_items,LOYAL10,True
10640,3560,WELCOME15,percentage,0.15,13.2,line_items,WELCOME15,True
10641,3568,WELCOME15,percentage,0.15,4.5,line_items,WELCOME15,True
10642,3569,LOYAL10,percentage,0.1,2.6,line_items,LOYAL10,True
10643,3570,LOYAL10,percentage,0.1,7.9,line_items,LOYAL10,True
10644,3571,WELCOME15,percentage,0.15,14.1,line_items,WELCOME15,True
10645,3574,WELCOME15,percentage,0.15,3.3,line_items,WELCOME15,True
10646,3574,FREESHIP,free_shipping,,12.95,shipping,FREESHIP,True
10647,3575,WELCOME15,percentage,0.15,5.4,line_items,WELCOME15,True
10648,3576,WELCOME15,percentage,0.15,5.7,line_items,WELCOME15,True
10649,3587,WELCOME15,percentage,0.15,5.7,line_items,WELCOME15,True
10650,3588,WELCOME15,percentage,0.15,4.35,line_items,WELCOME15,True
10651,3591,WELCOME15,percentage,0.15,4.8,line_items,WELCOME15,True
10652,3593,LOYAL10,percentage,0.1,6.0,line_items,LOYAL10,True
10653,3596,welcome15,percentage,0.15,4.35,line_items,WELCOME15,True
10654,3601,LOYAL10,percentage,0.1,12.0,line_items,LOYAL10,True
10655,3603,SKINBYJORDAN15,percentage,0.15,25.2,line_items,SKINBYJORDAN15,True
10656,3604,SKINBYJORDAN15,percentage,0.15,16.8,line_items,SKINBYJORDAN15,True
10657,3605,WELCOME15,percentage,0.15,4.35,line_items,WELCOME15,True
10658,3608,LOYAL10,percentage,0.1,3.4,line_items,LOYAL10,False
10659,3609,WELCOME15,percentage,0.15,8.7,line_items,WELCOME15,True
10660,3612,WELCOME15,percentage,0.15,4.2,line_items,WELCOME15,True
10661,3615,LOYAL10,percentage,0.1,2.9,line_items,LOYAL10,True
10662,3618,WELCOME15,percentage,0.15,10.2,line_items,WELCOME15,True
10663,3619,WELCOME15,percentage,0.15,7.5,line_items,WELCOME15,True
10664,3623,WELCOME15,percentage,0.15,10.05,line_items,WELCOME15,True
10665,3626,LOYAL10 ,percentage,0.1,4.4,line_items,LOYAL10,True
10666,3630,WELCOME15,percentage,0.15,28.65,line_items,WELCOME15,False
10667,3640,WELCOME15,percentage,0.15,13.2,line_items,WELCOME15,True
10668,3641,GLOWWITHSAM12,percentage,0.12,7.68,line_items,GLOWWITHSAM12,False
10669,3644,WELCOME15,percentage,0.15,4.8,line_items,WELCOME15,True
10670,3645,LOYAL10,percentage,0.1,6.4,line_items,LOYAL10,True
10671,3646,WELCOME15,percentage,0.15,3.6,line_items,WELCOME15,True
10672,3647,WELCOME15,percentage,0.15,4.8,line_items,WELCOME15,True
10673,3651,DERMDIARY10,percentage,0.1,3.8,line_items,DERMDIARY10,True
10674,3655,AMELIA10,percentage,0.1,9.3,line_items,AMELIA10,True
10675,3657,WELCOME15,percentage,0.15,5.4,line_items,WELCOME15,True
10676,3659,LOYAL10,percentage,0.1,8.0,line_items,LOYAL10,True
10677,3663,LOYAL10,percentage,0.1,6.0,line_items,LOYAL10,True
10678,3672,WELCOME15,percentage,0.15,5.7,line_items,WELCOME15,True
10679,3674,WELCOME15,percentage,0.15,9.0,line_items,WELCOME15,True
10680,3675,WELCOME15,percentage,0.15,27.9,line_items,WELCOME15,True
10681,3678,WELCOME15,percentage,0.15,19.2,line_items,WELCOME15,True
10682,3679,SKINBYJORDAN15,percentage,0.15,5.7,line_items,SKINBYJORDAN15,True
10683,3679,WELCOME15,percentage,0.15,4.85,line_items,WELCOME15,True
10684,3680,WELCOME15,percentage,0.15,15.6,line_items,WELCOME15,True
10685,3682,WELCOME15,percentage,0.15,5.7,line_items,WELCOME15,True
10686,3683,AMELIA10,percentage,0.1,8.8,line_items,AMELIA10,True
10687,3686,WELCOME15,percentage,0.15,3.9,line_items,WELCOME15,True
10688,3687,WELCOME15,percentage,0.15,13.2,line_items,WELCOME15,True
10689,3689,WELCOME15,percentage,0.15,5.1,line_items,WELCOME15,False
10690,3689,FREESHIP,free_shipping,,5.95,shipping,FREESHIP,False
10691,3693,WELCOME15,percentage,0.15,3.6,line_items,WELCOME15,True
10692,3694,LOYAL10,percentage,0.1,3.2,line_items,LOYAL10,True
10693,3697,WELCOME15,percentage,0.15,5.7,line_items,WELCOME15,True
10694,3702,AMELIA10,percentage,0.1,13.5,line_items,AMELIA10,True
10695,3704,WELCOME15,percentage,0.15,18.0,line_items,WELCOME15,True
10696,3705,GLOWWITHSAM12,percentage,0.12,3.12,line_items,GLOWWITHSAM12,True
10697,3711,LOYAL10,percentage,0.1,5.2,line_items,LOYAL10,True
10698,3718,AMELIA10,percentage,0.1,6.2,line_items,AMELIA10,True
10699,3718,FREESHIP,free_shipping,,12.95,shipping,FREESHIP,True
10700,3725,LOYAL10,percentage,0.1,11.7,line_items,LOYAL10,True
10701,3732,WELCOME15,percentage,0.15,10.5,line_items,WELCOME15,True
10702,3733,WELCOME15,percentage,0.15,22.8,line_items,WELCOME15,True
10703,3734,LOYAL10,percentage,0.1,5.8,line_items,LOYAL10,True
10704,3741,LOYAL10,percentage,0.1,5.9,line_items,LOYAL10,True
10705,3744,GLOWWITHSAM12,percentage,0.12,10.32,line_items,GLOWWITHSAM12,True
10706,3745,WELCOME15,percentage,0.15,12.9,line_items,WELCOME15,True
10707,3746,DERMDIARY10,percentage,0.1,9.4,line_items,DERMDIARY10,True
10708,3746,WELCOME15,percentage,0.15,12.69,line_items,WELCOME15,True
10709,3748,WELCOME15,percentage,0.15,3.3,line_items,WELCOME15,True
10710,3749,WELCOME15,percentage,0.15,16.65,line_items,WELCOME15,True
10711,3750,WELCOME15,percentage,0.15,4.8,line_items,WELCOME15,True
10712,3757,WELCOME15,percentage,0.15,3.3,line_items,WELCOME15,True
10713,3759,SKINBYJORDAN15,percentage,0.15,3.3,line_items,SKINBYJORDAN15,True
10714,3762,AMELIA10,percentage,0.1,2.2,line_items,AMELIA10,True
10715,3763,LOYAL10 ,percentage,0.1,11.6,line_items,LOYAL10,True
10716,3767,LOYAL10,percentage,0.1,5.6,line_items,LOYAL10,True
10717,3769,WELCOME15,percentage,0.15,21.0,line_items,WELCOME15,True
10718,3771,WELCOME15,percentage,0.15,6.6,line_items,WELCOME15,True
10719,3777,WELCOME15,percentage,0.15,5.7,line_items,WELCOME15,True
10720,3781,SKINBYJORDAN15,percentage,0.15,6.9,line_items,SKINBYJORDAN15,True
10721,3782,WELCOME15,percentage,0.15,4.8,line_items,WELCOME15,True
10722,3783,WELCOME15,percentage,0.15,29.4,line_items,WELCOME15,True
10723,3787,WELCOME15,percentage,0.15,4.8,line_items,WELCOME15,True
10724,3789,WELCOME15,percentage,0.15,13.2,line_items,WELCOME15,True
10725,3791,FREESHIP,free_shipping,,12.95,shipping,FREESHIP,True
10726,3792,LOYAL10,percentage,0.1,4.6,line_items,LOYAL10,True
10727,3794,WELCOME15,percentage,0.15,10.2,line_items,WELCOME15,True
10728,3797,LOYAL10,percentage,0.1,8.2,line_items,LOYAL10,True
10729,3802,WELCOME15,percentage,0.15,29.25,line_items,WELCOME15,True
10730,3806,AMELIA10,percentage,0.1,4.4,line_items,AMELIA10,True
10731,3812,LOYAL10,percentage,0.1,2.4,line_items,LOYAL10,True
10732,3820,WELCOME15,percentage,0.15,12.6,line_items,WELCOME15,True
10733,3821,GLOWWITHSAM12,percentage,0.12,10.56,line_items,GLOWWITHSAM12,True
10734,3822,LOYAL10,percentage,0.1,16.6,line_items,LOYAL10,True
10735,3824,LOYAL10,percentage,0.1,2.6,line_items,LOYAL10,True
10736,3825,FREESHIP,free_shipping,,5.95,shipping,FREESHIP,True
10737,3827,WELCOME15,percentage,0.15,16.5,line_items,WELCOME15,True
10738,3828,LOYAL10,percentage,0.1,3.4,line_items,LOYAL10,True
10739,3832,WELCOME15,percentage,0.15,4.35,line_items,WELCOME15,True
10740,3834,WELCOME15,percentage,0.15,3.3,line_items,WELCOME15,True
10741,3834,FREESHIP,free_shipping,,5.95,shipping,FREESHIP,True
10742,3838,WELCOME15,percentage,0.15,9.6,line_items,WELCOME15,True
10743,3839,WELCOME15,percentage,0.15,14.4,line_items,WELCOME15,True
10744,3840,WELCOME15,percentage,0.15,5.7,line_items,WELCOME15,True
10745,3841,LOYAL10,percentage,0.1,2.6,line_items,LOYAL10,True
10746,3843,LOYAL10,percentage,0.1,11.7,line_items,LOYAL10,True
10747,3844,LOYAL10,percentage,0.1,2.2,line_items,LOYAL10,True
10748,3845,WELCOME15,percentage,0.15,4.8,line_items,WELCOME15,True
10749,3850,WELCOME15,percentage,0.15,11.4,line_items,WELCOME15,True
10750,3852,WELCOME15,percentage,0.15,26.55,line_items,WELCOME15,True
10751,3856,WELCOME15,percentage,0.15,13.2,line_items,WELCOME15,True
10752,3857,WELCOME15,percentage,0.15,4.8,line_items,WELCOME15,True
10753,3857,FREESHIP,free_shipping,,5.95,shipping,FREESHIP,True
10754,3859,WELCOME15,percentage,0.15,3.9,line_items,WELCOME15,True
10755,3860,WELCOME15,percentage,0.15,8.1,line_items,WELCOME15,True
10756,3862,WELCOME15,percentage,0.15,14.4,line_items,WELCOME15,True
10757,3865,WELCOME15,percentage,0.15,3.9,line_items,WELCOME15,True
10758,3866,WELCOME15,percentage,0.15,3.6,line_items,WELCOME15,True
10759,3867,WELCOME15,percentage,0.15,8.7,line_items,WELCOME15,True
10760,3869,WELCOME15,percentage,0.15,3.3,line_items,WELCOME15,True
10761,3873,WELCOME15,percentage,0.15,21.3,line_items,WELCOME15,True
10762,3874,WELCOME15,percentage,0.15,3.9,line_items,WELCOME15,True
10763,3876,WELCOME15,percentage,0.15,5.1,line_items,WELCOME15,True
10764,3877,WELCOME15,percentage,0.15,13.2,line_items,WELCOME15,True
10765,3879,WELCOME15,percentage,0.15,9.0,line_items,WELCOME15,True
10766,3880,WELCOME15,percentage,0.15,15.9,line_items,WELCOME15,True
10767,3883,WELCOME15,percentage,0.15,3.3,line_items,WELCOME15,True
10768,3884,WELCOME15,percentage,0.15,19.8,line_items,WELCOME15,True
10769,3886,WELCOME15,percentage,0.15,10.8,line_items,WELCOME15,True
10770,3889,WELCOME15,percentage,0.15,10.05,line_items,WELCOME15,True
10771,3892,WELCOME15,percentage,0.15,4.8,line_items,WELCOME15,True
10772,3895,WELCOME15,percentage,0.15,10.5,line_items,WELCOME15,True
10773,3896,WELCOME15,percentage,0.15,15.75,line_items,WELCOME15,True
10774,3900,LOYAL10,percentage,0.1,4.4,line_items,LOYAL10,True
10775,3901,WELCOME15,percentage,0.15,6.6,line_items,WELCOME15,True
10776,3902,WELCOME15,percentage,0.15,13.95,line_items,WELCOME15,True
10777,3904,LOYAL10,percentage,0.1,2.9,line_items,LOYAL10,True
10778,3905,WELCOME15,percentage,0.15,18.6,line_items,WELCOME15,True
10779,3906,WELCOME15,percentage,0.15,5.7,line_items,WELCOME15,True
10780,3910,WELCOME15,percentage,0.15,8.4,line_items,WELCOME15,True
10781,3912,WELCOME15,percentage,0.15,18.9,line_items,WELCOME15,True
10782,3914,welcome15,percentage,0.15,3.3,line_items,WELCOME15,False
10783,3919,welcome15,percentage,0.15,4.8,line_items,WELCOME15,True
10784,3921,LOYAL10,percentage,0.1,8.8,line_items,LOYAL10,True
10785,3923,WELCOME15,percentage,0.15,5.7,line_items,WELCOME15,True
10786,3925,WELCOME15,percentage,0.15,8.4,line_items,WELCOME15,True
10787,3926,WELCOME15,percentage,0.15,5.7,line_items,WELCOME15,True
10788,3939,WELCOME15,percentage,0.15,15.0,line_items,WELCOME15,True
10789,3942,LOYAL10,percentage,0.1,17.6,line_items,LOYAL10,True
10790,3943,WELCOME15,percentage,0.15,4.8,line_items,WELCOME15,True
10791,3946,LOYAL10,percentage,0.1,4.4,line_items,LOYAL10,True
10792,3948,LOYAL10,percentage,0.1,5.4,line_items,LOYAL10,True
10793,3952,LOYAL10,percentage,0.1,10.8,line_items,LOYAL10,True
10794,3954,LOYAL10,percentage,0.1,13.9,line_items,LOYAL10,True
10795,3956,welcome15,percentage,0.15,16.5,line_items,WELCOME15,True
10796,3958,SKINBYJORDAN15,percentage,0.15,5.7,line_items,SKINBYJORDAN15,True
10797,3961,LOYAL10,percentage,0.1,15.6,line_items,LOYAL10,True
10798,3963,WELCOME15,percentage,0.15,6.6,line_items,WELCOME15,True
10799,3964,WELCOME15,percentage,0.15,13.2,line_items,WELCOME15,True
10800,3966,WELCOME15,percentage,0.15,5.1,line_items,WELCOME15,True
10801,3968,WELCOME15,percentage,0.15,13.2,line_items,WELCOME15,True
10802,3971,LOYAL10,percentage,0.1,8.0,line_items,LOYAL10,True
10803,3972,WELCOME15,percentage,0.15,4.8,line_items,WELCOME15,True
10804,3973,WELCOME15,percentage,0.15,4.2,line_items,WELCOME15,True
10805,3974,WELCOME15,percentage,0.15,4.5,line_items,WELCOME15,True
10806,3979,WELCOME15,percentage,0.15,7.5,line_items,WELCOME15,True
10807,3980,SKINBYJORDAN15,percentage,0.15,4.2,line_items,SKINBYJORDAN15,True
10808,3986,WELCOME15,percentage,0.15,9.0,line_items,WELCOME15,True
10809,3992,WELCOME15,percentage,0.15,12.0,line_items,WELCOME15,True
10810,3997,WELCOME15,percentage,0.15,10.05,line_items,WELCOME15,True
10811,3998,WELCOME15,percentage,0.15,11.4,line_items,WELCOME15,True
10812,4001,NOURISHED15,percentage,0.15,13.2,line_items,NOURISHED15,True
10813,4002,WELCOME15,percentage,0.15,13.5,line_items,WELCOME15,True
10814,4004,LOYAL10,percentage,0.1,6.4,line_items,LOYAL10,True
10815,4005,WELCOME15,percentage,0.15,5.1,line_items,WELCOME15,True
10816,4007,AMELIA10,percentage,0.1,12.6,line_items,AMELIA10,True
10817,4010,WELCOME15,percentage,0.15,5.1,line_items,WELCOME15,True
10818,4013,GLOWWITHSAM12,percentage,0.12,15.24,line_items,GLOWWITHSAM12,True
10819,4015,WELCOME15,percentage,0.15,4.35,line_items,WELCOME15,True
10820,4015,FREESHIP,free_shipping,,12.95,shipping,FREESHIP,True
10821,4016,LOYAL10,percentage,0.1,3.6,line_items,LOYAL10,True
10822,4018,SKINBYJORDAN15,percentage,0.15,5.4,line_items,SKINBYJORDAN15,True
10823,4020,WELCOME15,percentage,0.15,13.2,line_items,WELCOME15,True
10824,4022,LOYAL10,percentage,0.1,10.6,line_items,LOYAL10,True
10825,4024,WELCOME15,percentage,0.15,5.7,line_items,WELCOME15,True
10826,4027,WELCOME15,percentage,0.15,4.35,line_items,WELCOME15,True
10827,4028,WELCOME15,percentage,0.15,3.3,line_items,WELCOME15,True
10828,4030,LOYAL10,percentage,0.1,3.2,line_items,LOYAL10,True
10829,4032,WELCOME15,percentage,0.15,9.3,line_items,WELCOME15,True
10830,4038,SKINBYJORDAN15,percentage,0.15,9.6,line_items,SKINBYJORDAN15,True
10831,4039,GLOWWITHSAM12,percentage,0.12,10.56,line_items,GLOWWITHSAM12,True
10832,4044,WELCOME15,percentage,0.15,4.8,line_items,WELCOME15,False
10833,4045,LOYAL10,percentage,0.1,5.8,line_items,LOYAL10,True
10834,4048,LOYAL10,percentage,0.1,16.6,line_items,LOYAL10,True
10835,4049,SKINBYJORDAN15,percentage,0.15,10.2,line_items,SKINBYJORDAN15,True
10836,4051,WELCOME15,percentage,0.15,5.4,line_items,WELCOME15,True
10837,4052,LOYAL10,percentage,0.1,7.2,line_items,LOYAL10,True
10838,4053,LOYAL10,percentage,0.1,8.8,line_items,LOYAL10,True
10839,4054,WELCOME15,percentage,0.15,3.3,line_items,WELCOME15,True
10840,4055,LOYAL10,percentage,0.1,13.8,line_items,LOYAL10,True
10841,4056,WELCOME15,percentage,0.15,17.7,line_items,WELCOME15,True
10842,4061,WELCOME15,percentage,0.15,4.5,line_items,WELCOME15,True
10843,4062,FREESHIP,free_shipping,,5.95,shipping,FREESHIP,True
10844,4065,WELCOME15,percentage,0.15,3.3,line_items,WELCOME15,True
10845,4066,WELCOME15,percentage,0.15,11.85,line_items,WELCOME15,True
10846,4070,WELCOME15,percentage,0.15,4.8,line_items,WELCOME15,True
10847,4071,WELCOME15,percentage,0.15,9.0,line_items,WELCOME15,True
10848,4073,NOURISHED15,percentage,0.15,9.0,line_items,NOURISHED15,True
10849,4075,WELCOME15,percentage,0.15,26.4,line_items,WELCOME15,True
10850,4078,LOYAL10 ,percentage,0.1,7.0,line_items,LOYAL10,True
10851,4081,WELCOME15,percentage,0.15,10.5,line_items,WELCOME15,True
10852,4083,WELCOME15,percentage,0.15,3.3,line_items,WELCOME15,True
10853,4089,WELCOME15,percentage,0.15,22.2,line_items,WELCOME15,True
10854,4091,NOURISHED15,percentage,0.15,5.4,line_items,NOURISHED15,False
10855,4092,WELCOME15,percentage,0.15,6.6,line_items,WELCOME15,True
10856,4099,LOYAL10,percentage,0.1,8.8,line_items,LOYAL10,True
10857,4101,WELCOME15,percentage,0.15,6.6,line_items,WELCOME15,True
10858,4102,WELCOME15,percentage,0.15,13.2,line_items,WELCOME15,True
10859,4103,welcome15,percentage,0.15,9.15,line_items,WELCOME15,True
10860,4105,LOYAL10,percentage,0.1,5.6,line_items,LOYAL10,True
10861,4109,WELCOME15,percentage,0.15,14.1,line_items,WELCOME15,True
10862,4110,WELCOME15,percentage,0.15,7.8,line_items,WELCOME15,True
10863,4113,WELCOME15,percentage,0.15,16.35,line_items,WELCOME15,True
10864,4114,WELCOME15,percentage,0.15,4.35,line_items,WELCOME15,True
10865,4117,WELCOME15,percentage,0.15,12.15,line_items,WELCOME15,True
10866,4118,WELCOME15,percentage,0.15,4.35,line_items,WELCOME15,True
10867,4119,WELCOME15,percentage,0.15,15.75,line_items,WELCOME15,True
10868,4130,GLOWWITHSAM12,percentage,0.12,10.56,line_items,GLOWWITHSAM12,True
10869,4133,LOYAL10,percentage,0.1,7.0,line_items,LOYAL10,True
10870,4137,SKINBYJORDAN15,percentage,0.15,9.6,line_items,SKINBYJORDAN15,True
10871,4142,WELCOME15,percentage,0.15,8.7,line_items,WELCOME15,True
10872,4146,WELCOME15,percentage,0.15,3.9,line_items,WELCOME15,True
10873,4148,LOYAL10,percentage,0.1,5.6,line_items,LOYAL10,True
10874,4151,WELCOME15,percentage,0.15,11.4,line_items,WELCOME15,True
10875,4152,WELCOME15,percentage,0.15,17.4,line_items,WELCOME15,True
10876,4153,WELCOME15,percentage,0.15,11.4,line_items,WELCOME15,True
10877,4154,WELCOME15,percentage,0.15,13.2,line_items,WELCOME15,True
10878,4155,WELCOME15,percentage,0.15,27.3,line_items,WELCOME15,True
10879,4156,LOYAL10,percentage,0.1,2.9,line_items,LOYAL10,True
10880,4156,FREESHIP,free_shipping,,5.95,shipping,FREESHIP,True
10881,4166,WELCOME15,percentage,0.15,3.3,line_items,WELCOME15,True
10882,4171,WELCOME15,percentage,0.15,15.6,line_items,WELCOME15,True
10883,4172,GLOWWITHSAM12,percentage,0.12,10.56,line_items,GLOWWITHSAM12,True
10884,4177,GLOWWITHSAM12,percentage,0.12,6.48,line_items,GLOWWITHSAM12,True
10885,4180,WELCOME15,percentage,0.15,10.8,line_items,WELCOME15,True
10886,4181,LOYAL10,percentage,0.1,6.2,line_items,LOYAL10,True
10887,4183,WELCOME15,percentage,0.15,12.0,line_items,WELCOME15,True
10888,4185,SPRING25,percentage,0.25,19.0,line_items,SPRING25,True
10889,4186,SPRING25,percentage,0.25,16.5,line_items,SPRING25,True
10890,4186,WELCOME15,percentage,0.15,7.43,line_items,WELCOME15,True
10891,4187,SPRING25,percentage,0.25,9.5,line_items,SPRING25,True
10892,4188,WELCOME15,percentage,0.15,8.7,line_items,WELCOME15,True
10893,4189,WELCOME15,percentage,0.15,9.6,line_items,WELCOME15,True
10894,4190,SPRING25,percentage,0.25,22.0,line_items,SPRING25,True
10895,4191,SPRING25,percentage,0.25,18.0,line_items,SPRING25,True
10896,4192,SPRING25,percentage,0.25,27.0,line_items,SPRING25,True
10897,4193,SPRING25,percentage,0.25,15.5,line_items,SPRING25,True
10898,4193,WELCOME15,percentage,0.15,6.98,line_items,WELCOME15,True
10899,4194,SPRING25,percentage,0.25,38.25,line_items,SPRING25,True
10900,4195,LOYAL10,percentage,0.1,3.4,line_items,LOYAL10,True
10901,4196,SPRING25,percentage,0.25,26.0,line_items,SPRING25,True
10902,4199,SPRING25,percentage,0.25,32.0,line_items,SPRING25,True
10903,4201,SPRING25,percentage,0.25,19.5,line_items,SPRING25,True
10904,4202,AMELIA10,percentage,0.1,2.2,line_items,AMELIA10,True
10905,4203,SPRING25,percentage,0.25,6.0,line_items,SPRING25,True
10906,4204,SPRING25,percentage,0.25,38.75,line_items,SPRING25,True
10907,4205,SPRING25,percentage,0.25,8.5,line_items,SPRING25,True
10908,4206,SPRING25,percentage,0.25,29.5,line_items,SPRING25,True
10909,4207,WELCOME15,percentage,0.15,4.2,line_items,WELCOME15,True
10910,4208,SPRING25,percentage,0.25,8.0,line_items,SPRING25,True
10911,4209,SPRING25,percentage,0.25,32.0,line_items,SPRING25,True
10912,4210,SPRING25,percentage,0.25,16.5,line_items,SPRING25,True
10913,4210,WELCOME15,percentage,0.15,7.43,line_items,WELCOME15,True
10914,4211,SPRING25,percentage,0.25,39.5,line_items,SPRING25,True
10915,4212,WELCOME15,percentage,0.15,16.5,line_items,WELCOME15,True
10916,4213,SPRING25,percentage,0.25,20.0,line_items,SPRING25,True
10917,4215,WELCOME15,percentage,0.15,16.5,line_items,WELCOME15,True
10918,4218,SPRING25,percentage,0.25,16.75,line_items,SPRING25,True
10919,4221,WELCOME15,percentage,0.15,5.1,line_items,WELCOME15,True
10920,4222,WELCOME15,percentage,0.15,5.7,line_items,WELCOME15,True
10921,4223,SPRING25,percentage,0.25,14.0,line_items,SPRING25,True
10922,4224,SPRING25,percentage,0.25,18.5,line_items,SPRING25,True
10923,4226,SPRING25,percentage,0.25,8.5,line_items,SPRING25,True
10924,4227,SPRING25,percentage,0.25,12.5,line_items,SPRING25,True
10925,4228,AMELIA10,percentage,0.1,8.8,line_items,AMELIA10,True
10926,4231,SPRING25,percentage,0.25,31.0,line_items,SPRING25,True
10927,4234,SPRING25,percentage,0.25,8.5,line_items,SPRING25,True
10928,4235,SPRING25,percentage,0.25,11.5,line_items,SPRING25,True
10929,4237,SPRING25,percentage,0.25,8.5,line_items,SPRING25,True
10930,4238,SPRING25,percentage,0.25,37.0,line_items,SPRING25,True
10931,4238,WELCOME15,percentage,0.15,16.65,line_items,WELCOME15,True
10932,4239,SPRING25,percentage,0.25,53.5,line_items,SPRING25,True
10933,4241,WELCOME15,percentage,0.15,8.4,line_items,WELCOME15,True
10934,4242,SPRING25,percentage,0.25,7.25,line_items,SPRING25,True
10935,4242,FREESHIP,free_shipping,,5.95,shipping,FREESHIP,True
10936,4243,SPRING25,percentage,0.25,23.5,line_items,SPRING25,True
10937,4243,WELCOME15,percentage,0.15,10.58,line_items,WELCOME15,True
10938,4245,LOYAL10,percentage,0.1,4.4,line_items,LOYAL10,True
10939,4247,SPRING25,percentage,0.25,23.5,line_items,SPRING25,True
10940,4248,SPRING25,percentage,0.25,49.0,line_items,SPRING25,True
10941,4249,SPRING25,percentage,0.25,5.5,line_items,SPRING25,True
10942,4250,SPRING25,percentage,0.25,18.0,line_items,SPRING25,True
10943,4251,SPRING25,percentage,0.25,11.5,line_items,SPRING25,True
10944,4252,SPRING25,percentage,0.25,9.5,line_items,SPRING25,True
10945,4254,SPRING25,percentage,0.25,9.5,line_items,SPRING25,True
10946,4255,SPRING25,percentage,0.25,17.0,line_items,SPRING25,True
10947,4256,SPRING25,percentage,0.25,26.25,line_items,SPRING25,True
10948,4257,SPRING25,percentage,0.25,19.0,line_items,SPRING25,True
10949,4259,SPRING25,percentage,0.25,36.5,line_items,SPRING25,True
10950,4259,WELCOME15,percentage,0.15,16.42,line_items,WELCOME15,True
10951,4260,SPRING25,percentage,0.25,9.5,line_items,SPRING25,True
10952,4261,WELCOME15,percentage,0.15,6.6,line_items,WELCOME15,True
10953,4262,SPRING25,percentage,0.25,13.5,line_items,SPRING25,True
10954,4263,WELCOME15,percentage,0.15,8.1,line_items,WELCOME15,True
10955,4264,SPRING25,percentage,0.25,39.0,line_items,SPRING25,True
10956,4265,WELCOME15,percentage,0.15,5.7,line_items,WELCOME15,True
10957,4266,WELCOME15,percentage,0.15,10.95,line_items,WELCOME15,True
10958,4267,SPRING25,percentage,0.25,36.5,line_items,SPRING25,True
10959,4268,SPRING25,percentage,0.25,8.5,line_items,SPRING25,True
10960,4269,LOYAL10,percentage,0.1,3.2,line_items,LOYAL10,True
10961,4271,LOYAL10,percentage,0.1,5.2,line_items,LOYAL10,True
10962,4273,SPRING25,percentage,0.25,9.5,line_items,SPRING25,True
10963,4274,SPRING25,percentage,0.25,29.25,line_items,SPRING25,True
10964,4276,SPRING25,percentage,0.25,11.0,line_items,SPRING25,True
10965,4277,SPRING25,percentage,0.25,34.5,line_items,SPRING25,True
10966,4279,SPRING25,percentage,0.25,15.0,line_items,SPRING25,True
10967,4280,SPRING25,percentage,0.25,26.0,line_items,SPRING25,True
10968,4281,SPRING25,percentage,0.25,31.5,line_items,SPRING25,True
10969,4282,SPRING25,percentage,0.25,8.5,line_items,SPRING25,True
10970,4283,SPRING25,percentage,0.25,24.75,line_items,SPRING25,True
10971,4284,SPRING25,percentage,0.25,22.0,line_items,SPRING25,True
10972,4285,WELCOME15,percentage,0.15,10.2,line_items,WELCOME15,True
10973,4287,LOYAL10,percentage,0.1,3.2,line_items,LOYAL10,True
10974,4288,SPRING25,percentage,0.25,36.25,line_items,SPRING25,True
10975,4291,SPRING25,percentage,0.25,17.5,line_items,SPRING25,True
10976,4292,WELCOME15,percentage,0.15,5.7,line_items,WELCOME15,True
10977,4293,SPRING25,percentage,0.25,37.5,line_items,SPRING25,True
10978,4294,SPRING25,percentage,0.25,5.5,line_items,SPRING25,True
10979,4294,WELCOME15,percentage,0.15,2.48,line_items,WELCOME15,True
10980,4295,SPRING25,percentage,0.25,8.5,line_items,SPRING25,True
10981,4298,SPRING25,percentage,0.25,22.0,line_items,SPRING25,True
10982,4299,SPRING25,percentage,0.25,8.5,line_items,SPRING25,True
10983,4301,SPRING25,percentage,0.25,25.25,line_items,SPRING25,True
10984,4302,SPRING25,percentage,0.25,9.5,line_items,SPRING25,True
10985,4303,SPRING25,percentage,0.25,5.5,line_items,SPRING25,True
10986,4304,WELCOME15,percentage,0.15,18.9,line_items,WELCOME15,True
10987,4305,SPRING25,percentage,0.25,31.5,line_items,SPRING25,True
10988,4306,FREESHIP,free_shipping,,12.95,shipping,FREESHIP,True
10989,4307,WELCOME15,percentage,0.15,17.1,line_items,WELCOME15,True
10990,4308,WELCOME15,percentage,0.15,4.8,line_items,WELCOME15,True
10991,4310,SPRING25,percentage,0.25,16.5,line_items,SPRING25,True
10992,4311,SPRING25,percentage,0.25,8.5,line_items,SPRING25,True
10993,4312,SPRING25,percentage,0.25,7.0,line_items,SPRING25,True
10994,4313,SPRING25,percentage,0.25,43.25,line_items,SPRING25,True
10995,4315,SPRING25,percentage,0.25,15.5,line_items,SPRING25,True
10996,4316,SPRING25,percentage,0.25,9.0,line_items,SPRING25,True
10997,4317,SPRING25,percentage,0.25,31.0,line_items,SPRING25,True
10998,4319,SPRING25,percentage,0.25,5.5,line_items,SPRING25,True
10999,4320,SPRING25,percentage,0.25,15.75,line_items,SPRING25,True
11000,4321,SPRING25,percentage,0.25,8.0,line_items,SPRING25,True
11001,4322,SPRING25,percentage,0.25,38.0,line_items,SPRING25,True
11002,4323,SPRING25,percentage,0.25,29.0,line_items,SPRING25,True
11003,4324,SPRING25,percentage,0.25,15.5,line_items,SPRING25,True
11004,4325,SPRING25,percentage,0.25,18.5,line_items,SPRING25,True
11005,4327,WELCOME15,percentage,0.15,16.5,line_items,WELCOME15,True
11006,4329,AMELIA10,percentage,0.1,15.6,line_items,AMELIA10,True
11007,4330,SPRING25,percentage,0.25,21.0,line_items,SPRING25,True
11008,4332,SPRING25,percentage,0.25,15.75,line_items,SPRING25,True
11009,4333,SPRING25,percentage,0.25,8.5,line_items,SPRING25,True
11010,4334,SPRING25,percentage,0.25,9.5,line_items,SPRING25,True
11011,4336,SPRING25,percentage,0.25,37.0,line_items,SPRING25,True
11012,4336,WELCOME15,percentage,0.15,16.65,line_items,WELCOME15,True
11013,4337,SPRING25,percentage,0.25,30.5,line_items,SPRING25,True
11014,4338,WELCOME15,percentage,0.15,5.1,line_items,WELCOME15,True
11015,4339,SPRING25,percentage,0.25,9.5,line_items,SPRING25,True
11016,4340,WELCOME15,percentage,0.15,3.3,line_items,WELCOME15,True
11017,4341,WELCOME15,percentage,0.15,3.6,line_items,WELCOME15,True
11018,4342,SPRING25,percentage,0.25,18.0,line_items,SPRING25,True
11019,4344,SPRING25,percentage,0.25,9.0,line_items,SPRING25,True
11020,4345,SPRING25,percentage,0.25,15.5,line_items,SPRING25,True
11021,4346,SPRING25,percentage,0.25,30.25,line_items,SPRING25,True
11022,4348,SPRING25,percentage,0.25,5.5,line_items,SPRING25,True
11023,4349,WELCOME15,percentage,0.15,18.3,line_items,WELCOME15,True
11024,4350,SPRING25,percentage,0.25,7.0,line_items,SPRING25,True
11025,4354,SPRING25,percentage,0.25,8.0,line_items,SPRING25,True
11026,4354,FREESHIP,free_shipping,,5.95,shipping,FREESHIP,True
11027,4355,WELCOME15,percentage,0.15,8.4,line_items,WELCOME15,True
11028,4356,WELCOME15,percentage,0.15,3.3,line_items,WELCOME15,True
11029,4357,SPRING25,percentage,0.25,6.5,line_items,SPRING25,True
11030,4358,SPRING25,percentage,0.25,9.5,line_items,SPRING25,True
11031,4359,SPRING25,percentage,0.25,8.5,line_items,SPRING25,True
11032,4360,SPRING25,percentage,0.25,21.25,line_items,SPRING25,True
11033,4362,SPRING25,percentage,0.25,29.0,line_items,SPRING25,True
11034,4362,WELCOME15,percentage,0.15,13.05,line_items,WELCOME15,True
11035,4363,SPRING25,percentage,0.25,7.25,line_items,SPRING25,True
11036,4364,SPRING25,percentage,0.25,8.5,line_items,SPRING25,True
11037,4365,AMELIA10,percentage,0.1,5.0,line_items,AMELIA10,True
11038,4366,WELCOME15,percentage,0.15,15.9,line_items,WELCOME15,True
11039,4367,SPRING25,percentage,0.25,14.5,line_items,SPRING25,True
11040,4368,SPRING25,percentage,0.25,29.0,line_items,SPRING25,True
11041,4369,SPRING25,percentage,0.25,6.5,line_items,SPRING25,True
11042,4370,WELCOME15,percentage,0.15,3.6,line_items,WELCOME15,True
11043,4371,LOYAL10,percentage,0.1,6.0,line_items,LOYAL10,True
11044,4373,SPRING25,percentage,0.25,14.5,line_items,SPRING25,True
11045,4375,SPRING25,percentage,0.25,5.5,line_items,SPRING25,True
11046,4376,SPRING25,percentage,0.25,16.5,line_items,SPRING25,True
11047,4377,WELCOME15,percentage,0.15,5.7,line_items,WELCOME15,True
11048,4379,SPRING25,percentage,0.25,24.0,line_items,SPRING25,True
11049,4380,SPRING25,percentage,0.25,31.5,line_items,SPRING25,True
11050,4382,SPRING25,percentage,0.25,31.5,line_items,SPRING25,True
11051,4385,WELCOME15,percentage,0.15,3.9,line_items,WELCOME15,True
11052,4386,SPRING25,percentage,0.25,54.75,line_items,SPRING25,True
11053,4387,SPRING25,percentage,0.25,19.5,line_items,SPRING25,True
11054,4388,SPRING25,percentage,0.25,11.0,line_items,SPRING25,True
11055,4388,WELCOME15,percentage,0.15,4.95,line_items,WELCOME15,True
11056,4390,SPRING25,percentage,0.25,17.0,line_items,SPRING25,True
11057,4392,SPRING25,percentage,0.25,17.0,line_items,SPRING25,True
11058,4393,SPRING25,percentage,0.25,40.5,line_items,SPRING25,True
11059,4394,SPRING25,percentage,0.25,7.25,line_items,SPRING25,True
11060,4395,SPRING25,percentage,0.25,11.5,line_items,SPRING25,True
11061,4396,SPRING25,percentage,0.25,16.0,line_items,SPRING25,True
11062,4398,SPRING25,percentage,0.25,30.0,line_items,SPRING25,True
11063,4399,WELCOME15,percentage,0.15,9.3,line_items,WELCOME15,True
11064,4401,SPRING25,percentage,0.25,19.5,line_items,SPRING25,True
11065,4402,SPRING25,percentage,0.25,24.5,line_items,SPRING25,True
11066,4403,SPRING25,percentage,0.25,29.0,line_items,SPRING25,True
11067,4404,AMELIA10,percentage,0.1,3.4,line_items,AMELIA10,True
11068,4404,WELCOME15,percentage,0.15,4.59,line_items,WELCOME15,True
11069,4405,SPRING25,percentage,0.25,32.75,line_items,SPRING25,True
11070,4406,WELCOME15,percentage,0.15,5.4,line_items,WELCOME15,True
11071,4407,SPRING25,percentage,0.25,19.5,line_items,SPRING25,True
11072,4408,welcome15,percentage,0.15,20.85,line_items,WELCOME15,True
11073,4409,NOURISHED15,percentage,0.15,22.2,line_items,NOURISHED15,True
11074,4409,WELCOME15,percentage,0.15,18.87,line_items,WELCOME15,True
11075,4410,SPRING25,percentage,0.25,7.25,line_items,SPRING25,True
11076,4410,WELCOME15,percentage,0.15,3.26,line_items,WELCOME15,True
11077,4411,SPRING25,percentage,0.25,5.5,line_items,SPRING25,True
11078,4412,SPRING25,percentage,0.25,5.5,line_items,SPRING25,True
11079,4413,SPRING25,percentage,0.25,35.5,line_items,SPRING25,True
11080,4414,SPRING25,percentage,0.25,28.5,line_items,SPRING25,True
11081,4415,SPRING25,percentage,0.25,7.5,line_items,SPRING25,True
11082,4417,SPRING25,percentage,0.25,15.0,line_items,SPRING25,True
11083,4419,SPRING25,percentage,0.25,7.25,line_items,SPRING25,True
11084,4421,WELCOME15,percentage,0.15,18.0,line_items,WELCOME15,True
11085,4422,SPRING25,percentage,0.25,50.0,line_items,SPRING25,True
11086,4423,SPRING25,percentage,0.25,45.75,line_items,SPRING25,True
11087,4424,AMELIA10,percentage,0.1,2.6,line_items,AMELIA10,True
11088,4426,WELCOME15,percentage,0.15,5.1,line_items,WELCOME15,True
11089,4428,SPRING25,percentage,0.25,6.0,line_items,SPRING25,True
11090,4430,SPRING25,percentage,0.25,37.75,line_items,SPRING25,True
11091,4432,WELCOME15,percentage,0.15,15.9,line_items,WELCOME15,True
11092,4439,WELCOME15,percentage,0.15,10.5,line_items,WELCOME15,True
11093,4442,WELCOME15,percentage,0.15,27.15,line_items,WELCOME15,True
11094,4447,GLOWWITHSAM12,percentage,0.12,4.56,line_items,GLOWWITHSAM12,True
11095,4447,FREESHIP,free_shipping,,5.95,shipping,FREESHIP,True
11096,4449,SKINBYJORDAN15,percentage,0.15,5.4,line_items,SKINBYJORDAN15,True
11097,4450,WELCOME15,percentage,0.15,6.6,line_items,WELCOME15,True
11098,4451,WELCOME15,percentage,0.15,22.2,line_items,WELCOME15,True
11099,4452,WELCOME15,percentage,0.15,8.4,line_items,WELCOME15,True
11100,4458,WELCOME15,percentage,0.15,10.2,line_items,WELCOME15,True
11101,4462,AMELIA10,percentage,0.1,5.8,line_items,AMELIA10,True
11102,4466,WELCOME15,percentage,0.15,10.8,line_items,WELCOME15,False
11103,4473,DERMDIARY10,percentage,0.1,2.2,line_items,DERMDIARY10,True
11104,4475,WELCOME15,percentage,0.15,5.4,line_items,WELCOME15,True
11105,4483,GLOWWITHSAM12,percentage,0.12,10.56,line_items,GLOWWITHSAM12,True
11106,4483,WELCOME15,percentage,0.15,11.62,line_items,WELCOME15,True
11107,4485,WELCOME15,percentage,0.15,4.8,line_items,WELCOME15,True
11108,4489,WELCOME15,percentage,0.15,9.9,line_items,WELCOME15,True
11109,4490,AMELIA10,percentage,0.1,3.8,line_items,AMELIA10,True
11110,4498,WELCOME15,percentage,0.15,4.8,line_items,WELCOME15,True
11111,4500,LOYAL10,percentage,0.1,3.0,line_items,LOYAL10,True
11112,4504,welcome15,percentage,0.15,13.2,line_items,WELCOME15,True
11113,4508,LOYAL10,percentage,0.1,19.9,line_items,LOYAL10,True
11114,4509,LOYAL10,percentage,0.1,14.4,line_items,LOYAL10,True
11115,4510,LOYAL10,percentage,0.1,2.6,line_items,LOYAL10,True
11116,4511,NOURISHED15,percentage,0.15,9.0,line_items,NOURISHED15,True
11117,4514,LOYAL10,percentage,0.1,15.4,line_items,LOYAL10,True
11118,4516,WELCOME15,percentage,0.15,7.2,line_items,WELCOME15,True
11119,4517,WELCOME15,percentage,0.15,14.25,line_items,WELCOME15,True
11120,4518,NOURISHED15,percentage,0.15,18.9,line_items,NOURISHED15,True
11121,4524,WELCOME15,percentage,0.15,18.6,line_items,WELCOME15,True
11122,4528,WELCOME15,percentage,0.15,4.8,line_items,WELCOME15,True
11123,4530,LOYAL10,percentage,0.1,3.0,line_items,LOYAL10,True
11124,4532,WELCOME15,percentage,0.15,6.6,line_items,WELCOME15,True
11125,4534,WELCOME15,percentage,0.15,3.3,line_items,WELCOME15,True
11126,4538,WELCOME15,percentage,0.15,4.35,line_items,WELCOME15,True
11127,4539,SKINBYJORDAN15,percentage,0.15,18.0,line_items,SKINBYJORDAN15,True
11128,4541,WELCOME15,percentage,0.15,5.4,line_items,WELCOME15,True
11129,4542,WELCOME15,percentage,0.15,16.5,line_items,WELCOME15,True
11130,4548,LOYAL10,percentage,0.1,2.2,line_items,LOYAL10,True
11131,4550,WELCOME15,percentage,0.15,10.8,line_items,WELCOME15,True
11132,4551,LOYAL10,percentage,0.1,3.6,line_items,LOYAL10,True
11133,4553,WELCOME15,percentage,0.15,5.7,line_items,WELCOME15,True
11134,4555,FREESHIP,free_shipping,,5.95,shipping,FREESHIP,True
11135,4557,WELCOME15,percentage,0.15,21.9,line_items,WELCOME15,True
11136,4558,WELCOME15,percentage,0.15,9.3,line_items,WELCOME15,True
11137,4560,FREESHIP,free_shipping,,12.95,shipping,FREESHIP,True
11138,4561,WELCOME15,percentage,0.15,17.55,line_items,WELCOME15,True
11139,4564,FREESHIP,free_shipping,,12.95,shipping,FREESHIP,True
11140,4565,WELCOME15,percentage,0.15,5.1,line_items,WELCOME15,True
11141,4572,WELCOME15,percentage,0.15,5.7,line_items,WELCOME15,True
11142,4573,AMELIA10,percentage,0.1,2.2,line_items,AMELIA10,True
11143,4573,WELCOME15,percentage,0.15,2.97,line_items,WELCOME15,True
11144,4575,SKINBYJORDAN15,percentage,0.15,5.1,line_items,SKINBYJORDAN15,True
11145,4577,LOYAL10,percentage,0.1,11.1,line_items,LOYAL10,True
11146,4578,AMELIA10,percentage,0.1,3.8,line_items,AMELIA10,True
11147,4580,WELCOME15,percentage,0.15,5.1,line_items,WELCOME15,True
11148,4581,LOYAL10,percentage,0.1,5.1,line_items,LOYAL10,True
11149,4582,LOYAL10,percentage,0.1,6.4,line_items,LOYAL10,True
11150,4583,WELCOME15,percentage,0.15,7.95,line_items,WELCOME15,True
11151,4588,WELCOME15,percentage,0.15,9.0,line_items,WELCOME15,True
11152,4589,WELCOME15,percentage,0.15,14.4,line_items,WELCOME15,True
11153,4590,SKINBYJORDAN15,percentage,0.15,10.2,line_items,SKINBYJORDAN15,True
11154,4592,LOYAL10,percentage,0.1,3.2,line_items,LOYAL10,True
11155,4593,WELCOME15,percentage,0.15,3.6,line_items,WELCOME15,True
11156,4595,LOYAL10,percentage,0.1,2.6,line_items,LOYAL10,True
11157,4596,WELCOME15,percentage,0.15,3.9,line_items,WELCOME15,True
11158,4597,welcome15,percentage,0.15,16.2,line_items,WELCOME15,True
11159,4599,WELCOME15,percentage,0.15,5.1,line_items,WELCOME15,True
11160,4600,WELCOME15,percentage,0.15,18.9,line_items,WELCOME15,False
11161,4601,LOYAL10,percentage,0.1,3.4,line_items,LOYAL10,True
11162,4604,FREESHIP,free_shipping,,5.95,shipping,FREESHIP,True
11163,4605,WELCOME15,percentage,0.15,18.9,line_items,WELCOME15,True
11164,4608,WELCOME15,percentage,0.15,9.45,line_items,WELCOME15,True
11165,4613,NOURISHED15,percentage,0.15,8.7,line_items,NOURISHED15,True
11166,4614,WELCOME15,percentage,0.15,24.6,line_items,WELCOME15,True
11167,4617,welcome15,percentage,0.15,5.1,line_items,WELCOME15,True
11168,4618,GLOWWITHSAM12,percentage,0.12,16.8,line_items,GLOWWITHSAM12,True
11169,4619,WELCOME15,percentage,0.15,5.7,line_items,WELCOME15,True
11170,4631,WELCOME15,percentage,0.15,5.7,line_items,WELCOME15,True
11171,4635,LOYAL10,percentage,0.1,3.8,line_items,LOYAL10,True
11172,4640,WELCOME15,percentage,0.15,3.6,line_items,WELCOME15,True
11173,4643,LOYAL10,percentage,0.1,3.4,line_items,LOYAL10,True
11174,4645,LOYAL10,percentage,0.1,8.0,line_items,LOYAL10,True
11175,4647,LOYAL10,percentage,0.1,2.4,line_items,LOYAL10,True
11176,4651,WELCOME15,percentage,0.15,4.8,line_items,WELCOME15,True
11177,4654,WELCOME15,percentage,0.15,3.3,line_items,WELCOME15,True
11178,4657,LOYAL10,percentage,0.1,7.2,line_items,LOYAL10,True
11179,4658,LOYAL10,percentage,0.1,12.2,line_items,LOYAL10,True
11180,4661,WELCOME15,percentage,0.15,8.4,line_items,WELCOME15,True
11181,4664,WELCOME15,percentage,0.15,8.1,line_items,WELCOME15,True
11182,4667,WELCOME15,percentage,0.15,4.8,line_items,WELCOME15,True
11183,4668,welcome15,percentage,0.15,3.6,line_items,WELCOME15,True
11184,4670,WELCOME15,percentage,0.15,4.2,line_items,WELCOME15,True
11185,4671,WELCOME15,percentage,0.15,9.45,line_items,WELCOME15,True
11186,4675,LOYAL10,percentage,0.1,3.4,line_items,LOYAL10,True
11187,4676,WELCOME15,percentage,0.15,13.2,line_items,WELCOME15,True
11188,4678,WELCOME15,percentage,0.15,7.5,line_items,WELCOME15,True
11189,4679,LOYAL10,percentage,0.1,6.7,line_items,LOYAL10,True
11190,4684,WELCOME15,percentage,0.15,4.5,line_items,WELCOME15,True
11191,4685,LOYAL10,percentage,0.1,5.4,line_items,LOYAL10,True
11192,4687,LOYAL10,percentage,0.1,2.6,line_items,LOYAL10,True
11193,4688,SKINBYJORDAN15,percentage,0.15,9.3,line_items,SKINBYJORDAN15,True
11194,4692,WELCOME15,percentage,0.15,3.3,line_items,WELCOME15,True
11195,4693,NOURISHED15,percentage,0.15,4.8,line_items,NOURISHED15,True
11196,4694,GLOWWITHSAM12,percentage,0.12,6.96,line_items,GLOWWITHSAM12,True
11197,4695,WELCOME15,percentage,0.15,18.6,line_items,WELCOME15,False
11198,4699,SKINBYJORDAN15,percentage,0.15,10.5,line_items,SKINBYJORDAN15,True
11199,4703,AMELIA10,percentage,0.1,14.8,line_items,AMELIA10,True
11200,4704,WELCOME15,percentage,0.15,5.7,line_items,WELCOME15,True
11201,4707,WELCOME15,percentage,0.15,26.4,line_items,WELCOME15,True
11202,4710,LOYAL10,percentage,0.1,8.8,line_items,LOYAL10,True
11203,4712,WELCOME15,percentage,0.15,4.8,line_items,WELCOME15,True
11204,4714,WELCOME15,percentage,0.15,5.1,line_items,WELCOME15,True
11205,4716,WELCOME15,percentage,0.15,5.1,line_items,WELCOME15,True
11206,4719,AMELIA10,percentage,0.1,2.2,line_items,AMELIA10,True
11207,4721,welcome15,percentage,0.15,4.35,line_items,WELCOME15,True
11208,4728,WELCOME15,percentage,0.15,5.4,line_items,WELCOME15,True
11209,4733,LOYAL10,percentage,0.1,6.1,line_items,LOYAL10,True
11210,4738,WELCOME15,percentage,0.15,18.6,line_items,WELCOME15,True
11211,4739,WELCOME15,percentage,0.15,10.8,line_items,WELCOME15,True
11212,4742,WELCOME15,percentage,0.15,4.5,line_items,WELCOME15,True
11213,4743,WELCOME15,percentage,0.15,5.1,line_items,WELCOME15,True
11214,4744,FREESHIP,free_shipping,,5.95,shipping,FREESHIP,True
11215,4745,SKINBYJORDAN15,percentage,0.15,5.7,line_items,SKINBYJORDAN15,True
11216,4746,WELCOME15,percentage,0.15,23.4,line_items,WELCOME15,True
11217,4749,LOYAL10,percentage,0.1,13.3,line_items,LOYAL10,False
11218,4750,WELCOME15,percentage,0.15,23.4,line_items,WELCOME15,True
11219,4751,LOYAL10,percentage,0.1,10.2,line_items,LOYAL10,True
11220,4753,LOYAL10,percentage,0.1,3.8,line_items,LOYAL10,True
11221,4756,NOURISHED15,percentage,0.15,28.95,line_items,NOURISHED15,True
11222,4764,WELCOME15,percentage,0.15,7.95,line_items,WELCOME15,True
11223,4767,WELCOME15,percentage,0.15,9.9,line_items,WELCOME15,True
11224,4768,SKINBYJORDAN15,percentage,0.15,4.35,line_items,SKINBYJORDAN15,True
11225,4769,WELCOME15,percentage,0.15,3.3,line_items,WELCOME15,True
11226,4770,WELCOME15,percentage,0.15,9.0,line_items,WELCOME15,True
11227,4778,LOYAL10 ,percentage,0.1,2.8,line_items,LOYAL10,True
11228,4782,WELCOME15,percentage,0.15,3.3,line_items,WELCOME15,True
11229,4787,welcome15,percentage,0.15,9.6,line_items,WELCOME15,True
11230,4788,LOYAL10,percentage,0.1,2.2,line_items,LOYAL10,True
11231,4795,LOYAL10,percentage,0.1,11.2,line_items,LOYAL10,True
11232,4797,LOYAL10,percentage,0.1,14.1,line_items,LOYAL10,True
11233,4798,WELCOME15,percentage,0.15,10.8,line_items,WELCOME15,True
11234,4802,WELCOME15,percentage,0.15,20.4,line_items,WELCOME15,True
11235,4803,AMELIA10,percentage,0.1,3.4,line_items,AMELIA10,True
11236,4805,LOYAL10,percentage,0.1,21.0,line_items,LOYAL10,True
11237,4814,WELCOME15,percentage,0.15,3.3,line_items,WELCOME15,True
11238,4816,WELCOME15,percentage,0.15,4.8,line_items,WELCOME15,True
11239,4820,WELCOME15,percentage,0.15,13.2,line_items,WELCOME15,True
11240,4824,WELCOME15,percentage,0.15,4.8,line_items,WELCOME15,True
11241,4825,welcome15,percentage,0.15,6.6,line_items,WELCOME15,True
11242,4826,WELCOME15,percentage,0.15,17.25,line_items,WELCOME15,True
11243,4827,LOYAL10,percentage,0.1,2.9,line_items,LOYAL10,True
11244,4828,WELCOME15,percentage,0.15,21.3,line_items,WELCOME15,True
11245,4829,WELCOME15,percentage,0.15,3.3,line_items,WELCOME15,True
11246,4832,WELCOME15,percentage,0.15,4.8,line_items,WELCOME15,True
11247,4834,WELCOME15,percentage,0.15,14.4,line_items,WELCOME15,True
11248,4835,LOYAL10,percentage,0.1,5.0,line_items,LOYAL10,True
11249,4837,DERMDIARY10,percentage,0.1,2.2,line_items,DERMDIARY10,True
11250,4840,WELCOME15,percentage,0.15,3.6,line_items,WELCOME15,True
11251,4842,WELCOME15,percentage,0.15,3.6,line_items,WELCOME15,True
11252,4843,LOYAL10,percentage,0.1,3.4,line_items,LOYAL10,True
11253,4846,LOYAL10,percentage,0.1,6.7,line_items,LOYAL10,True
11254,4847,WELCOME15,percentage,0.15,4.8,line_items,WELCOME15,True
11255,4849,WELCOME15,percentage,0.15,3.9,line_items,WELCOME15,True
11256,4850,LOYAL10,percentage,0.1,13.8,line_items,LOYAL10,True
11257,4851,WELCOME15,percentage,0.15,5.1,line_items,WELCOME15,True
11258,4852,WELCOME15,percentage,0.15,4.5,line_items,WELCOME15,True
11259,4852,FREESHIP,free_shipping,,5.95,shipping,FREESHIP,True
11260,4854,WELCOME15,percentage,0.15,13.2,line_items,WELCOME15,True
11261,4855,WELCOME15,percentage,0.15,11.4,line_items,WELCOME15,True
11262,4856,WELCOME15,percentage,0.15,5.7,line_items,WELCOME15,True
11263,4857,LOYAL10,percentage,0.1,6.8,line_items,LOYAL10,True
11264,4859,WELCOME15,percentage,0.15,9.0,line_items,WELCOME15,True
11265,4860,WELCOME15,percentage,0.15,4.2,line_items,WELCOME15,True
11266,4861,WELCOME15,percentage,0.15,5.1,line_items,WELCOME15,True
11267,4863,WELCOME15,percentage,0.15,5.1,line_items,WELCOME15,True
11268,4865,LOYAL10,percentage,0.1,11.6,line_items,LOYAL10,True
11269,4866,WELCOME15,percentage,0.15,18.9,line_items,WELCOME15,True
11270,4867,WELCOME15,percentage,0.15,5.4,line_items,WELCOME15,True
11271,4868,WELCOME15,percentage,0.15,8.4,line_items,WELCOME15,True
11272,4869,WELCOME15,percentage,0.15,5.4,line_items,WELCOME15,True
11273,4875,WELCOME15,percentage,0.15,10.5,line_items,WELCOME15,True
11274,4878,LOYAL10,percentage,0.1,2.2,line_items,LOYAL10,True
11275,4879,WELCOME15,percentage,0.15,10.5,line_items,WELCOME15,True
11276,4880,WELCOME15,percentage,0.15,8.4,line_items,WELCOME15,True
11277,4882,LOYAL10,percentage,0.1,14.9,line_items,LOYAL10,True
11278,4883,WELCOME15,percentage,0.15,4.8,line_items,WELCOME15,True
11279,4884,WELCOME15,percentage,0.15,10.8,line_items,WELCOME15,True
11280,4885,LOYAL10,percentage,0.1,3.8,line_items,LOYAL10,True
11281,4886,WELCOME15,percentage,0.15,4.8,line_items,WELCOME15,True
11282,4888,WELCOME15,percentage,0.15,10.2,line_items,WELCOME15,True
11283,4892,WELCOME15,percentage,0.15,13.2,line_items,WELCOME15,True
11284,4893,WELCOME15,percentage,0.15,7.65,line_items,WELCOME15,True
11285,4895,WELCOME15,percentage,0.15,12.75,line_items,WELCOME15,True
11286,4896,SKINBYJORDAN15,percentage,0.15,13.2,line_items,SKINBYJORDAN15,True
11287,4897,WELCOME15,percentage,0.15,4.35,line_items,WELCOME15,True
11288,4898,WELCOME15,percentage,0.15,6.6,line_items,WELCOME15,True
11289,4898,FREESHIP,free_shipping,,5.95,shipping,FREESHIP,True
11290,4900,WELCOME15,percentage,0.15,5.7,line_items,WELCOME15,True
11291,4901,AMELIA10,percentage,0.1,2.6,line_items,AMELIA10,True
11292,4902,WELCOME15,percentage,0.15,4.2,line_items,WELCOME15,True
11293,4906,WELCOME15,percentage,0.15,6.6,line_items,WELCOME15,True
11294,4907,TEST100,percentage,1.0,38.0,line_items,TEST100,False
11295,4909,WELCOME15,percentage,0.15,5.1,line_items,WELCOME15,True
11296,4914,WELCOME15,percentage,0.15,10.2,line_items,WELCOME15,True
11297,4919,WELCOME15,percentage,0.15,5.4,line_items,WELCOME15,True
11298,4922,WELCOME15,percentage,0.15,3.9,line_items,WELCOME15,True
11299,4923,FREESHIP,free_shipping,,5.95,shipping,FREESHIP,True
11300,4925,WELCOME15,percentage,0.15,3.3,line_items,WELCOME15,True
11301,4927,WELCOME15,percentage,0.15,10.8,line_items,WELCOME15,True
11302,4932,SKINBYJORDAN15,percentage,0.15,13.8,line_items,SKINBYJORDAN15,True
11303,4934,WELCOME15,percentage,0.15,15.3,line_items,WELCOME15,True
11304,4936,WELCOME15,percentage,0.15,4.2,line_items,WELCOME15,True
11305,4938,WELCOME15,percentage,0.15,16.8,line_items,WELCOME15,True
11306,4940,WELCOME15,percentage,0.15,4.35,line_items,WELCOME15,True
11307,4945,NOURISHED15,percentage,0.15,4.2,line_items,NOURISHED15,True
11308,4948,WELCOME15,percentage,0.15,13.35,line_items,WELCOME15,True
11309,4950,WELCOME15,percentage,0.15,5.1,line_items,WELCOME15,True
11310,4951,WELCOME15,percentage,0.15,16.5,line_items,WELCOME15,True
11311,4952,welcome15,percentage,0.15,6.6,line_items,WELCOME15,True
11312,4958,WELCOME15,percentage,0.15,5.7,line_items,WELCOME15,True
11313,4959,LOYAL10,percentage,0.1,9.4,line_items,LOYAL10,True
11314,4961,SKINBYJORDAN15,percentage,0.15,9.0,line_items,SKINBYJORDAN15,True
11315,4962,AMELIA10,percentage,0.1,6.8,line_items,AMELIA10,True
11316,4964,WELCOME15,percentage,0.15,8.7,line_items,WELCOME15,True
11317,4966,GLOWWITHSAM12,percentage,0.12,6.12,line_items,GLOWWITHSAM12,True
11318,4970,WELCOME15,percentage,0.15,22.5,line_items,WELCOME15,True
11319,4971,WELCOME15,percentage,0.15,8.1,line_items,WELCOME15,True
11320,4972,WELCOME15,percentage,0.15,9.0,line_items,WELCOME15,True
11321,4974,WELCOME15,percentage,0.15,5.7,line_items,WELCOME15,True
11322,4975,WELCOME15,percentage,0.15,17.7,line_items,WELCOME15,True
11323,4978,WELCOME15,percentage,0.15,4.35,line_items,WELCOME15,True
11324,4981,WELCOME15,percentage,0.15,5.1,line_items,WELCOME15,True
11325,4989,LOYAL10,percentage,0.1,14.9,line_items,LOYAL10,True
11326,4992,FREESHIP,free_shipping,,5.95,shipping,FREESHIP,True
11327,4996,AMELIA10,percentage,0.1,3.8,line_items,AMELIA10,True
11328,4998,WELCOME15,percentage,0.15,3.9,line_items,WELCOME15,True
11329,5002,WELCOME15,percentage,0.15,9.15,line_items,WELCOME15,True
11330,5003,WELCOME15,percentage,0.15,13.2,line_items,WELCOME15,True
11331,5008,WELCOME15,percentage,0.15,5.7,line_items,WELCOME15,True
11332,5009,FREESHIP,free_shipping,,5.95,shipping,FREESHIP,True
11333,5012,WELCOME15,percentage,0.15,10.2,line_items,WELCOME15,True
11334,5016,WELCOME15,percentage,0.15,5.1,line_items,WELCOME15,True
11335,5017,WELCOME15,percentage,0.15,5.7,line_items,WELCOME15,True
11336,5020,WELCOME15,percentage,0.15,13.5,line_items,WELCOME15,True
11337,5022,LOYAL10,percentage,0.1,3.2,line_items,LOYAL10,True
11338,5024,WELCOME15,percentage,0.15,8.1,line_items,WELCOME15,True
11339,5025,LOYAL10,percentage,0.1,2.4,line_items,LOYAL10,True
11340,5028,GLOWWITHSAM12,percentage,0.12,10.56,line_items,GLOWWITHSAM12,True
11341,5029,WELCOME15,percentage,0.15,16.65,line_items,WELCOME15,False
11342,5031,AMELIA10,percentage,0.1,5.6,line_items,AMELIA10,True
11343,5032,WELCOME15,percentage,0.15,24.9,line_items,WELCOME15,True
11344,5033,WELCOME15,percentage,0.15,27.3,line_items,WELCOME15,True
11345,5035,DERMDIARY10,percentage,0.1,4.4,line_items,DERMDIARY10,True
11346,5035,WELCOME15,percentage,0.15,5.94,line_items,WELCOME15,True
11347,5035,FREESHIP,free_shipping,,5.95,shipping,FREESHIP,True
11348,5036,NOURISHED15,percentage,0.15,5.7,line_items,NOURISHED15,True
11349,5040,WELCOME15,percentage,0.15,9.9,line_items,WELCOME15,True
11350,5041,WELCOME15,percentage,0.15,8.55,line_items,WELCOME15,True
11351,5042,LOYAL10,percentage,0.1,5.4,line_items,LOYAL10,True
11352,5044,DERMDIARY10,percentage,0.1,15.0,line_items,DERMDIARY10,True
11353,5045,GLOWWITHSAM12,percentage,0.12,3.12,line_items,GLOWWITHSAM12,True
11354,5051,WELCOME15,percentage,0.15,3.3,line_items,WELCOME15,True
11355,5056,WELCOME15,percentage,0.15,3.6,line_items,WELCOME15,True
11356,5059,WELCOME15,percentage,0.15,21.0,line_items,WELCOME15,True
11357,5060,WELCOME15,percentage,0.15,5.7,line_items,WELCOME15,True
11358,5061,WELCOME15,percentage,0.15,5.7,line_items,WELCOME15,True
11359,5062,WELCOME15,percentage,0.15,22.8,line_items,WELCOME15,True
11360,5063,NOURISHED15,percentage,0.15,9.3,line_items,NOURISHED15,True
11361,5064,DERMDIARY10,percentage,0.1,5.0,line_items,DERMDIARY10,True
11362,5067,SKINBYJORDAN15,percentage,0.15,3.3,line_items,SKINBYJORDAN15,True
11363,5069,DERMDIARY10,percentage,0.1,3.2,line_items,DERMDIARY10,True
11364,5070,AMELIA10,percentage,0.1,3.8,line_items,AMELIA10,True
11365,5072,SKINBYJORDAN15,percentage,0.15,5.1,line_items,SKINBYJORDAN15,True
11366,5072,WELCOME15,percentage,0.15,4.34,line_items,WELCOME15,True
11367,5074,WELCOME15,percentage,0.15,5.7,line_items,WELCOME15,True
11368,5077,WELCOME15,percentage,0.15,8.4,line_items,WELCOME15,True
11369,5080,MOMS15,percentage,0.15,5.7,line_items,MOMS15,True
11370,5081,MOMS15,percentage,0.15,8.1,line_items,MOMS15,True
11371,5082,WELCOME15,percentage,0.15,19.8,line_items,WELCOME15,True
11372,5083,MOMS15,percentage,0.15,18.0,line_items,MOMS15,True
11373,5084,MOMS15,percentage,0.15,5.7,line_items,MOMS15,True
11374,5085,MOMS15,percentage,0.15,4.2,line_items,MOMS15,True
11375,5086,WELCOME15,percentage,0.15,3.6,line_items,WELCOME15,True
11376,5087,MOMS15,percentage,0.15,13.95,line_items,MOMS15,True
11377,5087,WELCOME15,percentage,0.15,11.86,line_items,WELCOME15,True
11378,5087,FREESHIP,free_shipping,,12.95,shipping,FREESHIP,True
11379,5089,WELCOME15,percentage,0.15,9.9,line_items,WELCOME15,True
11380,5090,MOMS15,percentage,0.15,14.4,line_items,MOMS15,True
11381,5090,WELCOME15,percentage,0.15,12.24,line_items,WELCOME15,True
11382,5091,MOMS15,percentage,0.15,13.95,line_items,MOMS15,True
11383,5092,LOYAL10,percentage,0.1,8.7,line_items,LOYAL10,True
11384,5093,WELCOME15,percentage,0.15,5.7,line_items,WELCOME15,True
11385,5094,WELCOME15,percentage,0.15,4.8,line_items,WELCOME15,True
11386,5095,MOMS15,percentage,0.15,3.6,line_items,MOMS15,True
11387,5096,MOMS15,percentage,0.15,5.1,line_items,MOMS15,True
11388,5098,MOMS15,percentage,0.15,7.5,line_items,MOMS15,True
11389,5098,WELCOME15,percentage,0.15,6.38,line_items,WELCOME15,True
11390,5099,MOMS15,percentage,0.15,5.1,line_items,MOMS15,True
11391,5100,MOMS15,percentage,0.15,4.8,line_items,MOMS15,True
11392,5101,MOMS15,percentage,0.15,18.9,line_items,MOMS15,True
11393,5103,WELCOME15,percentage,0.15,5.1,line_items,WELCOME15,True
11394,5104,WELCOME15,percentage,0.15,24.6,line_items,WELCOME15,True
11395,5106,MOMS15,percentage,0.15,6.6,line_items,MOMS15,True
11396,5107,MOMS15,percentage,0.15,13.2,line_items,MOMS15,True
11397,5113,WELCOME15,percentage,0.15,23.25,line_items,WELCOME15,True
11398,5114,WELCOME15,percentage,0.15,9.6,line_items,WELCOME15,True
11399,5115,LOYAL10,percentage,0.1,9.6,line_items,LOYAL10,True
11400,5118,MOMS15,percentage,0.15,5.7,line_items,MOMS15,True
11401,5119,WELCOME15,percentage,0.15,4.35,line_items,WELCOME15,True
11402,5120,MOMS15,percentage,0.15,9.3,line_items,MOMS15,True
11403,5120,WELCOME15,percentage,0.15,7.91,line_items,WELCOME15,True
11404,5121,MOMS15,percentage,0.15,9.15,line_items,MOMS15,True
11405,5122,MOMS15,percentage,0.15,15.75,line_items,MOMS15,True
11406,5124,LOYAL10,percentage,0.1,7.2,line_items,LOYAL10,True
11407,5125,WELCOME15,percentage,0.15,6.6,line_items,WELCOME15,True
11408,5127,MOMS15,percentage,0.15,7.95,line_items,MOMS15,True
11409,5129,MOMS15,percentage,0.15,12.0,line_items,MOMS15,True
11410,5131,MOMS15,percentage,0.15,5.1,line_items,MOMS15,True
11411,5132,MOMS15,percentage,0.15,5.7,line_items,MOMS15,True
11412,5133,MOMS15,percentage,0.15,5.7,line_items,MOMS15,True
11413,5133,WELCOME15,percentage,0.15,4.85,line_items,WELCOME15,True
11414,5134,MOMS15,percentage,0.15,18.0,line_items,MOMS15,True
11415,5135,MOMS15,percentage,0.15,3.6,line_items,MOMS15,True
11416,5136,MOMS15,percentage,0.15,13.2,line_items,MOMS15,True
11417,5137,MOMS15,percentage,0.15,13.2,line_items,MOMS15,True
11418,5138,GLOWWITHSAM12,percentage,0.12,2.64,line_items,GLOWWITHSAM12,True
11419,5140,WELCOME15,percentage,0.15,5.4,line_items,WELCOME15,True
11420,5141,MOMS15,percentage,0.15,18.75,line_items,MOMS15,True
11421,5142,MOMS15,percentage,0.15,10.5,line_items,MOMS15,True
11422,5142,WELCOME15,percentage,0.15,8.93,line_items,WELCOME15,True
11423,5143,MOMS15,percentage,0.15,15.3,line_items,MOMS15,True
11424,5144,MOMS15,percentage,0.15,8.7,line_items,MOMS15,True
11425,5145,MOMS15,percentage,0.15,5.1,line_items,MOMS15,True
11426,5147,MOMS15,percentage,0.15,4.8,line_items,MOMS15,True
11427,5148,LOYAL10,percentage,0.1,14.5,line_items,LOYAL10,True
11428,5151,WELCOME15,percentage,0.15,6.6,line_items,WELCOME15,True
11429,5152,MOMS15,percentage,0.15,11.1,line_items,MOMS15,True
11430,5155,WELCOME15,percentage,0.15,4.35,line_items,WELCOME15,True
11431,5157,MOMS15,percentage,0.15,4.5,line_items,MOMS15,True
11432,5158,MOMS15,percentage,0.15,9.9,line_items,MOMS15,True
11433,5159,MOMS15,percentage,0.15,14.7,line_items,MOMS15,True
11434,5159,WELCOME15,percentage,0.15,12.5,line_items,WELCOME15,True
11435,5160,MOMS15,percentage,0.15,27.3,line_items,MOMS15,True
11436,5162,MOMS15,percentage,0.15,13.2,line_items,MOMS15,True
11437,5163,MOMS15,percentage,0.15,4.5,line_items,MOMS15,True
11438,5166,WELCOME15,percentage,0.15,6.6,line_items,WELCOME15,True
11439,5168,WELCOME15,percentage,0.15,21.75,line_items,WELCOME15,True
11440,5169,MOMS15,percentage,0.15,16.65,line_items,MOMS15,True
11441,5171,MOMS15,percentage,0.15,5.7,line_items,MOMS15,True
11442,5173,LOYAL10,percentage,0.1,5.8,line_items,LOYAL10,True
11443,5174,MOMS15,percentage,0.15,16.8,line_items,MOMS15,True
11444,5175,MOMS15,percentage,0.15,4.8,line_items,MOMS15,True
11445,5176,WELCOME15,percentage,0.15,7.2,line_items,WELCOME15,True
11446,5177,WELCOME15,percentage,0.15,18.3,line_items,WELCOME15,True
11447,5178,WELCOME15,percentage,0.15,13.2,line_items,WELCOME15,True
11448,5179,WELCOME15,percentage,0.15,13.2,line_items,WELCOME15,True
11449,5181,LOYAL10,percentage,0.1,10.4,line_items,LOYAL10,True
11450,5182,MOMS15,percentage,0.15,4.8,line_items,MOMS15,True
11451,5186,MOMS15,percentage,0.15,9.0,line_items,MOMS15,True
11452,5186,FREESHIP,free_shipping,,12.95,shipping,FREESHIP,True
11453,5187,MOMS15,percentage,0.15,17.55,line_items,MOMS15,True
11454,5189,MOMS15,percentage,0.15,4.8,line_items,MOMS15,True
11455,5190,WELCOME15,percentage,0.15,4.2,line_items,WELCOME15,True
11456,5191,WELCOME15,percentage,0.15,13.2,line_items,WELCOME15,True
11457,5192,MOMS15,percentage,0.15,5.1,line_items,MOMS15,True
11458,5192,WELCOME15,percentage,0.15,4.34,line_items,WELCOME15,True
11459,5194,WELCOME15,percentage,0.15,4.8,line_items,WELCOME15,True
11460,5196,MOMS15,percentage,0.15,7.8,line_items,MOMS15,True
11461,5200,WELCOME15,percentage,0.15,4.35,line_items,WELCOME15,True
11462,5201,MOMS15,percentage,0.15,17.1,line_items,MOMS15,True
11463,5202,MOMS15,percentage,0.15,9.6,line_items,MOMS15,True
11464,5203,LOYAL10,percentage,0.1,4.4,line_items,LOYAL10,True
11465,5204,MOMS15,percentage,0.15,3.3,line_items,MOMS15,True
11466,5205,MOMS15,percentage,0.15,18.6,line_items,MOMS15,True
11467,5205,WELCOME15,percentage,0.15,15.81,line_items,WELCOME15,True
11468,5206,WELCOME15,percentage,0.15,4.2,line_items,WELCOME15,True
11469,5207,MOMS15,percentage,0.15,23.1,line_items,MOMS15,True
11470,5209,MOMS15,percentage,0.15,4.8,line_items,MOMS15,True
11471,5210,MOMS15,percentage,0.15,13.2,line_items,MOMS15,True
11472,5214,MOMS15,percentage,0.15,15.6,line_items,MOMS15,False
11473,5215,MOMS15,percentage,0.15,4.2,line_items,MOMS15,True
11474,5218,MOMS15,percentage,0.15,5.4,line_items,MOMS15,True
11475,5219,MOMS15,percentage,0.15,5.7,line_items,MOMS15,True
11476,5220,WELCOME15,percentage,0.15,11.7,line_items,WELCOME15,True
11477,5223,MOMS15,percentage,0.15,9.6,line_items,MOMS15,True
11478,5224,FREESHIP,free_shipping,,12.95,shipping,FREESHIP,True
11479,5228,WELCOME15,percentage,0.15,4.8,line_items,WELCOME15,True
11480,5230,LOYAL10,percentage,0.1,6.8,line_items,LOYAL10,True
11481,5233,WELCOME15,percentage,0.15,4.2,line_items,WELCOME15,True
11482,5237,LOYAL10,percentage,0.1,3.8,line_items,LOYAL10,True
11483,5237,FREESHIP,free_shipping,,5.95,shipping,FREESHIP,True
11484,5240,LOYAL10,percentage,0.1,3.0,line_items,LOYAL10,True
11485,5242,WELCOME15,percentage,0.15,8.7,line_items,WELCOME15,True
11486,5243,WELCOME15,percentage,0.15,10.8,line_items,WELCOME15,True
11487,5244,LOYAL10 ,percentage,0.1,3.4,line_items,LOYAL10,True
11488,5245,WELCOME15,percentage,0.15,18.0,line_items,WELCOME15,True
11489,5247,WELCOME15,percentage,0.15,9.9,line_items,WELCOME15,True
11490,5252,WELCOME15,percentage,0.15,9.45,line_items,WELCOME15,True
11491,5257,WELCOME15,percentage,0.15,21.0,line_items,WELCOME15,True
11492,5259,WELCOME15,percentage,0.15,21.0,line_items,WELCOME15,True
11493,5260,WELCOME15,percentage,0.15,22.2,line_items,WELCOME15,True
11494,5266,WELCOME15,percentage,0.15,12.6,line_items,WELCOME15,True
11495,5268,LOYAL10,percentage,0.1,3.0,line_items,LOYAL10,True
11496,5269,WELCOME15,percentage,0.15,9.3,line_items,WELCOME15,True
11497,5273,WELCOME15,percentage,0.15,20.1,line_items,WELCOME15,True
11498,5278,AMELIA10,percentage,0.1,3.8,line_items,AMELIA10,True
11499,5280,WELCOME15,percentage,0.15,9.0,line_items,WELCOME15,True
11500,5281,WELCOME15,percentage,0.15,10.2,line_items,WELCOME15,True
11501,5283,LOYAL10,percentage,0.1,9.4,line_items,LOYAL10,True
11502,5284,WELCOME15,percentage,0.15,5.1,line_items,WELCOME15,True
11503,5285,WELCOME15,percentage,0.15,5.7,line_items,WELCOME15,True
11504,5291,LOYAL10,percentage,0.1,4.4,line_items,LOYAL10,True
11505,5292,WELCOME15,percentage,0.15,8.7,line_items,WELCOME15,True
11506,5294,LOYAL10,percentage,0.1,3.4,line_items,LOYAL10,True
11507,5295,AMELIA10,percentage,0.1,7.6,line_items,AMELIA10,True
11508,5296,WELCOME15,percentage,0.15,5.7,line_items,WELCOME15,True
11509,5298,AMELIA10,percentage,0.1,8.8,line_items,AMELIA10,True
11510,5299,LOYAL10,percentage,0.1,12.6,line_items,LOYAL10,True
11511,5303,WELCOME15,percentage,0.15,19.5,line_items,WELCOME15,True
11512,5310,welcome15,percentage,0.15,5.1,line_items,WELCOME15,True
11513,5311,WELCOME15,percentage,0.15,4.8,line_items,WELCOME15,True
11514,5313,WELCOME15,percentage,0.15,4.35,line_items,WELCOME15,True
11515,5316,AMELIA10,percentage,0.1,3.4,line_items,AMELIA10,True
11516,5320,AMELIA10,percentage,0.1,4.4,line_items,AMELIA10,True
11517,5321,WELCOME15,percentage,0.15,6.6,line_items,WELCOME15,True
11518,5321,FREESHIP,free_shipping,,5.95,shipping,FREESHIP,True
11519,5325,WELCOME15,percentage,0.15,5.7,line_items,WELCOME15,True
11520,5326,WELCOME15,percentage,0.15,9.0,line_items,WELCOME15,True
11521,5327,FREESHIP,free_shipping,,5.95,shipping,FREESHIP,True
11522,5328,LOYAL10,percentage,0.1,7.2,line_items,LOYAL10,True
11523,5331,WELCOME15,percentage,0.15,6.6,line_items,WELCOME15,True
11524,5334,WELCOME15,percentage,0.15,9.6,line_items,WELCOME15,True
11525,5336,WELCOME15,percentage,0.15,4.8,line_items,WELCOME15,True
11526,5338,WELCOME15,percentage,0.15,15.0,line_items,WELCOME15,True
11527,5340,WELCOME15,percentage,0.15,3.9,line_items,WELCOME15,True
11528,5342,WELCOME15,percentage,0.15,17.7,line_items,WELCOME15,True
11529,5343,WELCOME15,percentage,0.15,15.0,line_items,WELCOME15,True
11530,5346,WELCOME15,percentage,0.15,4.35,line_items,WELCOME15,True
11531,5351,FREESHIP,free_shipping,,5.95,shipping,FREESHIP,True
11532,5352,WELCOME15,percentage,0.15,9.6,line_items,WELCOME15,True
11533,5355,WELCOME15,percentage,0.15,9.6,line_items,WELCOME15,True
11534,5356,LOYAL10,percentage,0.1,6.6,line_items,LOYAL10,True
11535,5363,WELCOME15,percentage,0.15,5.7,line_items,WELCOME15,True
11536,5364,WELCOME15,percentage,0.15,5.7,line_items,WELCOME15,True
11537,5365,WELCOME15,percentage,0.15,21.0,line_items,WELCOME15,True
11538,5366,WELCOME15,percentage,0.15,4.8,line_items,WELCOME15,True
11539,5368,WELCOME15,percentage,0.15,10.5,line_items,WELCOME15,True
11540,5369,LOYAL10,percentage,0.1,2.4,line_items,LOYAL10,True
11541,5370,LOYAL10,percentage,0.1,6.1,line_items,LOYAL10,True
11542,5371,WELCOME15,percentage,0.15,17.55,line_items,WELCOME15,True
11543,5374,SKINBYJORDAN15,percentage,0.15,12.75,line_items,SKINBYJORDAN15,True
11544,5375,LOYAL10,percentage,0.1,5.8,line_items,LOYAL10,True
11545,5376,WELCOME15,percentage,0.15,5.7,line_items,WELCOME15,True
11546,5377,WELCOME15,percentage,0.15,3.3,line_items,WELCOME15,True
11547,5378,LOYAL10,percentage,0.1,6.8,line_items,LOYAL10,True
11548,5379,WELCOME15,percentage,0.15,4.8,line_items,WELCOME15,True
11549,5380,WELCOME15,percentage,0.15,9.6,line_items,WELCOME15,True
11550,5381,AMELIA10,percentage,0.1,9.8,line_items,AMELIA10,True
11551,5383,WELCOME15,percentage,0.15,3.6,line_items,WELCOME15,True
11552,5384,WELCOME15,percentage,0.15,19.8,line_items,WELCOME15,True
11553,5390,LOYAL10,percentage,0.1,3.8,line_items,LOYAL10,True
11554,5391,WELCOME15,percentage,0.15,3.9,line_items,WELCOME15,True
11555,5394,WELCOME15,percentage,0.15,7.2,line_items,WELCOME15,True
11556,5395,WELCOME15,percentage,0.15,17.4,line_items,WELCOME15,True
11557,5398,FREESHIP,free_shipping,,5.95,shipping,FREESHIP,True
11558,5399,WELCOME15,percentage,0.15,5.1,line_items,WELCOME15,True
11559,5401,WELCOME15,percentage,0.15,10.8,line_items,WELCOME15,True
11560,5405,welcome15,percentage,0.15,10.95,line_items,WELCOME15,True
11561,5410,WELCOME15,percentage,0.15,8.7,line_items,WELCOME15,True
11562,5412,welcome15,percentage,0.15,4.8,line_items,WELCOME15,True
11563,5413,WELCOME15,percentage,0.15,4.2,line_items,WELCOME15,True
11564,5417,WELCOME15,percentage,0.15,3.6,line_items,WELCOME15,True
11565,5419,WELCOME15,percentage,0.15,3.6,line_items,WELCOME15,True
11566,5421,FREESHIP,free_shipping,,5.95,shipping,FREESHIP,True
11567,5423,WELCOME15,percentage,0.15,24.3,line_items,WELCOME15,True
11568,5424,welcome15,percentage,0.15,3.9,line_items,WELCOME15,True
11569,5424,FREESHIP,free_shipping,,12.95,shipping,FREESHIP,True
11570,5426,SKINBYJORDAN15,percentage,0.15,4.8,line_items,SKINBYJORDAN15,True
11571,5427,WELCOME15,percentage,0.15,15.0,line_items,WELCOME15,True
11572,5428,WELCOME15,percentage,0.15,3.6,line_items,WELCOME15,True
11573,5430,WELCOME15,percentage,0.15,3.6,line_items,WELCOME15,True
11574,5431,AMELIA10,percentage,0.1,9.9,line_items,AMELIA10,True
11575,5432,WELCOME15,percentage,0.15,6.6,line_items,WELCOME15,True
11576,5438,WELCOME15,percentage,0.15,9.0,line_items,WELCOME15,True
11577,5439,NOURISHED15,percentage,0.15,6.6,line_items,NOURISHED15,True
11578,5442,WELCOME15,percentage,0.15,15.6,line_items,WELCOME15,True
11579,5443,WELCOME15,percentage,0.15,4.8,line_items,WELCOME15,True
11580,5445,LOYAL10,percentage,0.1,11.4,line_items,LOYAL10,True
11581,5447,WELCOME15,percentage,0.15,5.1,line_items,WELCOME15,True
11582,5448,WELCOME15,percentage,0.15,5.7,line_items,WELCOME15,True
11583,5451,WELCOME15,percentage,0.15,5.1,line_items,WELCOME15,True
11584,5453,LOYAL10,percentage,0.1,2.2,line_items,LOYAL10,True
11585,5459,WELCOME15,percentage,0.15,10.2,line_items,WELCOME15,True
11586,5461,WELCOME15,percentage,0.15,4.35,line_items,WELCOME15,True
11587,5465,NOURISHED15,percentage,0.15,18.9,line_items,NOURISHED15,True
11588,5466,WELCOME15,percentage,0.15,4.2,line_items,WELCOME15,True
11589,5469,WELCOME15,percentage,0.15,8.7,line_items,WELCOME15,True
11590,5470,LOYAL10,percentage,0.1,3.4,line_items,LOYAL10,True
11591,5473,WELCOME15,percentage,0.15,9.9,line_items,WELCOME15,True
11592,5479,WELCOME15,percentage,0.15,19.95,line_items,WELCOME15,True
11593,5481,WELCOME15,percentage,0.15,9.9,line_items,WELCOME15,True
11594,5483,WELCOME15,percentage,0.15,5.4,line_items,WELCOME15,True
11595,5485,WELCOME15,percentage,0.15,11.4,line_items,WELCOME15,True
11596,5487,WELCOME15,percentage,0.15,5.7,line_items,WELCOME15,True
11597,5490,WELCOME15,percentage,0.15,9.9,line_items,WELCOME15,True
11598,5492,LOYAL10,percentage,0.1,6.2,line_items,LOYAL10,True
11599,5495,LOYAL10,percentage,0.1,15.4,line_items,LOYAL10,True
11600,5496,welcome15,percentage,0.15,5.1,line_items,WELCOME15,True
11601,5500,DERMDIARY10,percentage,0.1,3.0,line_items,DERMDIARY10,True
11602,5500,FREESHIP,free_shipping,,5.95,shipping,FREESHIP,True
11603,5502,WELCOME15,percentage,0.15,13.05,line_items,WELCOME15,True
11604,5503,WELCOME15,percentage,0.15,5.7,line_items,WELCOME15,True
11605,5505,WELCOME15,percentage,0.15,3.6,line_items,WELCOME15,True
11606,5506,AMELIA10,percentage,0.1,9.8,line_items,AMELIA10,True
11607,5507,WELCOME15,percentage,0.15,5.7,line_items,WELCOME15,True
11608,5510,WELCOME15,percentage,0.15,5.7,line_items,WELCOME15,True
11609,5517,WELCOME15,percentage,0.15,13.2,line_items,WELCOME15,True
11610,5525,WELCOME15,percentage,0.15,6.6,line_items,WELCOME15,True
11611,5526,LOYAL10,percentage,0.1,6.1,line_items,LOYAL10,True
11612,5528,WELCOME15,percentage,0.15,4.35,line_items,WELCOME15,True
11613,5533,WELCOME15,percentage,0.15,11.1,line_items,WELCOME15,True
11614,5534,LOYAL10,percentage,0.1,11.0,line_items,LOYAL10,True
11615,5535,WELCOME15,percentage,0.15,13.2,line_items,WELCOME15,True
11616,5537,WELCOME15,percentage,0.15,6.6,line_items,WELCOME15,True
11617,5538,WELCOME15,percentage,0.15,18.9,line_items,WELCOME15,True
11618,5542,WELCOME15,percentage,0.15,27.0,line_items,WELCOME15,True
11619,5545,LOYAL10,percentage,0.1,15.8,line_items,LOYAL10,True
11620,5548,LOYAL10,percentage,0.1,5.0,line_items,LOYAL10,True
11621,5554,WELCOME15,percentage,0.15,6.6,line_items,WELCOME15,True
11622,5556,WELCOME15,percentage,0.15,9.45,line_items,WELCOME15,True
11623,5559,WELCOME15,percentage,0.15,5.1,line_items,WELCOME15,True
11624,5561,WELCOME15,percentage,0.15,26.55,line_items,WELCOME15,True
11625,5564,SKINBYJORDAN15,percentage,0.15,3.3,line_items,SKINBYJORDAN15,True
11626,5565,GLOWWITHSAM12,percentage,0.12,4.56,line_items,GLOWWITHSAM12,True
11627,5572,LOYAL10,percentage,0.1,14.9,line_items,LOYAL10,True
11628,5576,WELCOME15,percentage,0.15,8.4,line_items,WELCOME15,True
11629,5577,SKINBYJORDAN15,percentage,0.15,18.3,line_items,SKINBYJORDAN15,True
11630,5578,WELCOME15,percentage,0.15,11.1,line_items,WELCOME15,True
11631,5582,LOYAL10,percentage,0.1,3.0,line_items,LOYAL10,True
11632,5585,WELCOME15,percentage,0.15,6.6,line_items,WELCOME15,True
11633,5587,WELCOME15,percentage,0.15,8.7,line_items,WELCOME15,True
11634,5590,WELCOME15,percentage,0.15,9.3,line_items,WELCOME15,True
11635,5595,WELCOME15,percentage,0.15,4.2,line_items,WELCOME15,True
11636,5596,WELCOME15,percentage,0.15,4.8,line_items,WELCOME15,True
11637,5598,WELCOME15,percentage,0.15,28.8,line_items,WELCOME15,True
11638,5599,WELCOME15,percentage,0.15,4.8,line_items,WELCOME15,True
11639,5600,WELCOME15,percentage,0.15,9.9,line_items,WELCOME15,True
11640,5601,DERMDIARY10,percentage,0.1,11.4,line_items,DERMDIARY10,True
11641,5603,AMELIA10,percentage,0.1,6.5,line_items,AMELIA10,True
11642,5607,FREESHIP,free_shipping,,12.95,shipping,FREESHIP,True
11643,5610,WELCOME15,percentage,0.15,16.5,line_items,WELCOME15,True
11644,5611,WELCOME15,percentage,0.15,5.4,line_items,WELCOME15,True
11645,5612,WELCOME15,percentage,0.15,5.7,line_items,WELCOME15,True
11646,5613,LOYAL10,percentage,0.1,5.8,line_items,LOYAL10,True
11647,5614,LOYAL10,percentage,0.1,13.1,line_items,LOYAL10,True
11648,5615,DERMDIARY10,percentage,0.1,2.2,line_items,DERMDIARY10,True
11649,5621,LOYAL10,percentage,0.1,8.8,line_items,LOYAL10,True
11650,5622,WELCOME15,percentage,0.15,17.55,line_items,WELCOME15,True
11651,5626,WELCOME15,percentage,0.15,3.3,line_items,WELCOME15,True
11652,5628,LOYAL10,percentage,0.1,3.8,line_items,LOYAL10,True
11653,5629,WELCOME15,percentage,0.15,13.2,line_items,WELCOME15,True
11654,5631,LOYAL10,percentage,0.1,3.8,line_items,LOYAL10,True
11655,5634,LOYAL10,percentage,0.1,9.2,line_items,LOYAL10,True
11656,5635,WELCOME15,percentage,0.15,21.3,line_items,WELCOME15,True
11657,5637,WELCOME15,percentage,0.15,18.0,line_items,WELCOME15,True
11658,5638,NOURISHED15,percentage,0.15,6.6,line_items,NOURISHED15,True
11659,5642,WELCOME15,percentage,0.15,10.5,line_items,WELCOME15,True
11660,5646,WELCOME15,percentage,0.15,13.2,line_items,WELCOME15,True
11661,5647,WELCOME15,percentage,0.15,26.7,line_items,WELCOME15,True
11662,5648,LOYAL10 ,percentage,0.1,6.5,line_items,LOYAL10,True
11663,5649,AMELIA10,percentage,0.1,3.6,line_items,AMELIA10,True
11664,5651,WELCOME15,percentage,0.15,5.1,line_items,WELCOME15,True
11665,5652,WELCOME15,percentage,0.15,4.35,line_items,WELCOME15,True
11666,5653,WELCOME15,percentage,0.15,17.4,line_items,WELCOME15,True
11667,5656,WELCOME15,percentage,0.15,4.5,line_items,WELCOME15,True
11668,5657,LOYAL10,percentage,0.1,2.4,line_items,LOYAL10,True
11669,5659,WELCOME15,percentage,0.15,4.35,line_items,WELCOME15,True
11670,5660,WELCOME15,percentage,0.15,10.5,line_items,WELCOME15,True
11671,5661,LOYAL10,percentage,0.1,3.4,line_items,LOYAL10,True
11672,5662,WELCOME15,percentage,0.15,5.1,line_items,WELCOME15,True
11673,5662,FREESHIP,free_shipping,,5.95,shipping,FREESHIP,True
11674,5664,WELCOME15,percentage,0.15,10.8,line_items,WELCOME15,True
11675,5666,LOYAL10,percentage,0.1,3.6,line_items,LOYAL10,True
11676,5668,WELCOME15,percentage,0.15,11.4,line_items,WELCOME15,True
11677,5669,WELCOME15,percentage,0.15,15.0,line_items,WELCOME15,True
11678,5673,WELCOME15,percentage,0.15,6.6,line_items,WELCOME15,True
11679,5674,LOYAL10,percentage,0.1,3.2,line_items,LOYAL10,True
11680,5675,LOYAL10,percentage,0.1,6.4,line_items,LOYAL10,True
11681,5677,WELCOME15,percentage,0.15,22.2,line_items,WELCOME15,True
11682,5679,WELCOME15,percentage,0.15,4.35,line_items,WELCOME15,True
11683,5680,NOURISHED15,percentage,0.15,10.2,line_items,NOURISHED15,True
11684,5680,WELCOME15,percentage,0.15,8.67,line_items,WELCOME15,True
11685,5683,AMELIA10,percentage,0.1,3.0,line_items,AMELIA10,True
11686,5683,WELCOME15,percentage,0.15,4.05,line_items,WELCOME15,True
11687,5685,AMELIA10,percentage,0.1,3.0,line_items,AMELIA10,True
11688,5687,DERMDIARY10,percentage,0.1,3.4,line_items,DERMDIARY10,True
11689,5691,WELCOME15,percentage,0.15,4.35,line_items,WELCOME15,True
11690,5692,LOYAL10,percentage,0.1,5.1,line_items,LOYAL10,True
11691,5693,WELCOME15,percentage,0.15,13.2,line_items,WELCOME15,True
11692,5696,WELCOME15,percentage,0.15,4.35,line_items,WELCOME15,True
11693,5699,WELCOME15,percentage,0.15,18.3,line_items,WELCOME15,True
11694,5701,LOYAL10,percentage,0.1,2.6,line_items,LOYAL10,True
11695,5703,WELCOME15,percentage,0.15,12.6,line_items,WELCOME15,True
11696,5705,WELCOME15,percentage,0.15,5.7,line_items,WELCOME15,True
11697,5706,SKINBYJORDAN15,percentage,0.15,11.4,line_items,SKINBYJORDAN15,True
11698,5707,WELCOME15,percentage,0.15,18.0,line_items,WELCOME15,True
11699,5708,WELCOME15,percentage,0.15,13.2,line_items,WELCOME15,True
11700,5712,WELCOME15,percentage,0.15,5.1,line_items,WELCOME15,True
11701,5713,WELCOME15,percentage,0.15,3.3,line_items,WELCOME15,True
11702,5719,WELCOME15,percentage,0.15,3.3,line_items,WELCOME15,True
11703,5722,AMELIA10,percentage,0.1,5.4,line_items,AMELIA10,True
11704,5725,FREESHIP,free_shipping,,5.95,shipping,FREESHIP,True
11705,5729,WELCOME15,percentage,0.15,5.1,line_items,WELCOME15,True
11706,5730,welcome15,percentage,0.15,4.5,line_items,WELCOME15,True
11707,5731,SKINBYJORDAN15,percentage,0.15,3.3,line_items,SKINBYJORDAN15,True
11708,5733,AMELIA10,percentage,0.1,2.2,line_items,AMELIA10,True
11709,5735,LOYAL10,percentage,0.1,3.4,line_items,LOYAL10,True
11710,5738,WELCOME15,percentage,0.15,13.2,line_items,WELCOME15,True
11711,5745,LOYAL10,percentage,0.1,3.8,line_items,LOYAL10,True
11712,5748,WELCOME15,percentage,0.15,15.0,line_items,WELCOME15,True
11713,5749,NOURISHED15,percentage,0.15,21.6,line_items,NOURISHED15,True
11714,5751,WELCOME15,percentage,0.15,5.1,line_items,WELCOME15,True
11715,5753,LOYAL10,percentage,0.1,3.4,line_items,LOYAL10,True
11716,5759,WELCOME15,percentage,0.15,4.8,line_items,WELCOME15,True
11717,5760,WELCOME15,percentage,0.15,10.8,line_items,WELCOME15,True
11718,5761,WELCOME15,percentage,0.15,19.2,line_items,WELCOME15,True
11719,5763,LOYAL10,percentage,0.1,11.8,line_items,LOYAL10,True
11720,5764,AMELIA10,percentage,0.1,6.6,line_items,AMELIA10,True
11721,5767,WELCOME15,percentage,0.15,13.2,line_items,WELCOME15,True
11722,5772,WELCOME15,percentage,0.15,12.3,line_items,WELCOME15,True
11723,5774,DERMDIARY10,percentage,0.1,13.2,line_items,DERMDIARY10,True
11724,5779,WELCOME15,percentage,0.15,8.4,line_items,WELCOME15,True
11725,5785,WELCOME15,percentage,0.15,11.4,line_items,WELCOME15,True
11726,5786,WELCOME15,percentage,0.15,24.0,line_items,WELCOME15,True
11727,5788,WELCOME15,percentage,0.15,3.6,line_items,WELCOME15,True
11728,5789,LOYAL10,percentage,0.1,7.6,line_items,LOYAL10,True
11729,5790,LOYAL10,percentage,0.1,15.3,line_items,LOYAL10,True
11730,5792,WELCOME15,percentage,0.15,17.1,line_items,WELCOME15,True
11731,5793,WELCOME15,percentage,0.15,5.7,line_items,WELCOME15,True
11732,5794,WELCOME15,percentage,0.15,4.5,line_items,WELCOME15,True
11733,5796,WELCOME15,percentage,0.15,5.7,line_items,WELCOME15,True
11734,5796,FREESHIP,free_shipping,,12.95,shipping,FREESHIP,True
11735,5799,WELCOME15,percentage,0.15,5.7,line_items,WELCOME15,True
11736,5800,WELCOME15,percentage,0.15,10.5,line_items,WELCOME15,True
11737,5801,WELCOME15,percentage,0.15,12.0,line_items,WELCOME15,True
11738,5805,LOYAL10,percentage,0.1,3.2,line_items,LOYAL10,True
11739,5807,WELCOME15,percentage,0.15,3.3,line_items,WELCOME15,True
11740,5812,FREESHIP,free_shipping,,5.95,shipping,FREESHIP,True
11741,5813,WELCOME15,percentage,0.15,5.1,line_items,WELCOME15,True
11742,5818,WELCOME15,percentage,0.15,23.7,line_items,WELCOME15,True
11743,5820,LOYAL10,percentage,0.1,12.6,line_items,LOYAL10,True
11744,5821,WELCOME15,percentage,0.15,5.7,line_items,WELCOME15,True
11745,5822,WELCOME15,percentage,0.15,18.9,line_items,WELCOME15,True
11746,5823,LOYAL10,percentage,0.1,3.6,line_items,LOYAL10,True
11747,5824,WELCOME15,percentage,0.15,10.8,line_items,WELCOME15,True
11748,5825,DERMDIARY10,percentage,0.1,5.6,line_items,DERMDIARY10,True
11749,5826,welcome15,percentage,0.15,5.7,line_items,WELCOME15,True
11750,5827,WELCOME15,percentage,0.15,8.7,line_items,WELCOME15,True
11751,5829,LOYAL10,percentage,0.1,8.8,line_items,LOYAL10,True
11752,5830,LOYAL10,percentage,0.1,3.6,line_items,LOYAL10,True
11753,5831,WELCOME15,percentage,0.15,4.35,line_items,WELCOME15,True
11754,5832,WELCOME15,percentage,0.15,10.2,line_items,WELCOME15,True
11755,5835,WELCOME15,percentage,0.15,8.7,line_items,WELCOME15,True
11756,5838,WELCOME15,percentage,0.15,11.4,line_items,WELCOME15,True
11757,5839,WELCOME15,percentage,0.15,5.7,line_items,WELCOME15,True
11758,5840,LOYAL10,percentage,0.1,2.8,line_items,LOYAL10,True
11759,5841,WELCOME15,percentage,0.15,20.7,line_items,WELCOME15,True
11760,5843,WELCOME15,percentage,0.15,6.6,line_items,WELCOME15,True
11761,5844,LOYAL10,percentage,0.1,3.4,line_items,LOYAL10,True
11762,5851,WELCOME15,percentage,0.15,7.2,line_items,WELCOME15,True
11763,5851,FREESHIP,free_shipping,,5.95,shipping,FREESHIP,True
11764,5852,WELCOME15,percentage,0.15,5.1,line_items,WELCOME15,True
11765,5852,FREESHIP,free_shipping,,5.95,shipping,FREESHIP,True
11766,5857,LOYAL10,percentage,0.1,16.8,line_items,LOYAL10,True
11767,5858,WELCOME15,percentage,0.15,5.7,line_items,WELCOME15,True
11768,5861,WELCOME15,percentage,0.15,12.6,line_items,WELCOME15,True
11769,5862,WELCOME15,percentage,0.15,3.3,line_items,WELCOME15,True
11770,5867,LOYAL10,percentage,0.1,3.4,line_items,LOYAL10,True
11771,5872,LOYAL10 ,percentage,0.1,2.2,line_items,LOYAL10,True
11772,5876,WELCOME15,percentage,0.15,7.2,line_items,WELCOME15,True
11773,5877,WELCOME15,percentage,0.15,16.5,line_items,WELCOME15,True
11774,5879,SKINBYJORDAN15,percentage,0.15,16.5,line_items,SKINBYJORDAN15,True
11775,5882,FREESHIP,free_shipping,,5.95,shipping,FREESHIP,True
11776,5884,WELCOME15,percentage,0.15,9.15,line_items,WELCOME15,True
11777,5887,WELCOME15,percentage,0.15,13.8,line_items,WELCOME15,True
11778,5899,welcome15,percentage,0.15,3.3,line_items,WELCOME15,True
11779,5913,SKINBYJORDAN15,percentage,0.15,16.5,line_items,SKINBYJORDAN15,True
11780,5914,WELCOME15,percentage,0.15,4.8,line_items,WELCOME15,True
11781,5916,WELCOME15,percentage,0.15,4.35,line_items,WELCOME15,True
11782,5917,WELCOME15,percentage,0.15,6.6,line_items,WELCOME15,True
11783,5919,WELCOME15,percentage,0.15,10.5,line_items,WELCOME15,True
11784,5923,AMELIA10,percentage,0.1,6.6,line_items,AMELIA10,True
11785,5924,LOYAL10,percentage,0.1,3.4,line_items,LOYAL10,True
11786,5926,WELCOME15,percentage,0.15,5.4,line_items,WELCOME15,True
11787,5928,WELCOME15,percentage,0.15,13.8,line_items,WELCOME15,True
11788,5930,FREESHIP,free_shipping,,12.95,shipping,FREESHIP,True
11789,5931,WELCOME15,percentage,0.15,7.65,line_items,WELCOME15,True
11790,5934,WELCOME15,percentage,0.15,4.8,line_items,WELCOME15,True
11791,5936,WELCOME15,percentage,0.15,23.1,line_items,WELCOME15,True
11792,5939,LOYAL10,percentage,0.1,7.6,line_items,LOYAL10,True
11793,5941,WELCOME15,percentage,0.15,3.3,line_items,WELCOME15,True
11794,5942,WELCOME15,percentage,0.15,3.9,line_items,WELCOME15,True
11795,5943,WELCOME15,percentage,0.15,6.6,line_items,WELCOME15,True
11796,5959,WELCOME15,percentage,0.15,5.7,line_items,WELCOME15,True
11797,5960,WELCOME15,percentage,0.15,5.7,line_items,WELCOME15,True
11798,5961,LOYAL10,percentage,0.1,4.8,line_items,LOYAL10,True
11799,5962,WELCOME15,percentage,0.15,3.3,line_items,WELCOME15,True
11800,5967,LOYAL10,percentage,0.1,16.6,line_items,LOYAL10,False
11801,5970,AMELIA10,percentage,0.1,16.4,line_items,AMELIA10,True
11802,5972,WELCOME15,percentage,0.15,4.35,line_items,WELCOME15,True
11803,5973,WELCOME15,percentage,0.15,13.5,line_items,WELCOME15,True
11804,5975,FREESHIP,free_shipping,,5.95,shipping,FREESHIP,True
11805,5976,WELCOME15,percentage,0.15,18.9,line_items,WELCOME15,True
11806,5977,WELCOME15,percentage,0.15,6.6,line_items,WELCOME15,True
11807,5982,WELCOME15,percentage,0.15,3.9,line_items,WELCOME15,True
11808,5986,LOYAL10,percentage,0.1,2.6,line_items,LOYAL10,True
11809,5988,WELCOME15,percentage,0.15,9.3,line_items,WELCOME15,True
11810,5990,WELCOME15,percentage,0.15,13.2,line_items,WELCOME15,True
11811,5993,WELCOME15,percentage,0.15,13.35,line_items,WELCOME15,True
11812,5998,LOYAL10,percentage,0.1,3.8,line_items,LOYAL10,True
11813,6001,AMELIA10,percentage,0.1,3.6,line_items,AMELIA10,True
11814,6001,WELCOME15,percentage,0.15,4.86,line_items,WELCOME15,True
11815,6004,welcome15,percentage,0.15,4.2,line_items,WELCOME15,True
11816,6006,LOYAL10,percentage,0.1,6.1,line_items,LOYAL10,True
11817,6009,WELCOME15,percentage,0.15,5.4,line_items,WELCOME15,True
11818,6013,GLOWWITHSAM12,percentage,0.12,8.64,line_items,GLOWWITHSAM12,True
11819,6017,LOYAL10,percentage,0.1,2.2,line_items,LOYAL10,True
11820,6018,LOYAL10,percentage,0.1,18.2,line_items,LOYAL10,True
11821,6019,DERMDIARY10,percentage,0.1,2.9,line_items,DERMDIARY10,True
11822,6020,WELCOME15,percentage,0.15,12.75,line_items,WELCOME15,True
11823,6022,AMELIA10,percentage,0.1,3.8,line_items,AMELIA10,True
11824,6026,LOYAL10,percentage,0.1,13.0,line_items,LOYAL10,True
11825,6027,WELCOME15,percentage,0.15,13.2,line_items,WELCOME15,True
11826,6028,WELCOME15,percentage,0.15,3.3,line_items,WELCOME15,True
11827,6029,WELCOME15,percentage,0.15,5.7,line_items,WELCOME15,True
11828,6030,welcome15,percentage,0.15,13.2,line_items,WELCOME15,True
11829,6034,WELCOME15,percentage,0.15,18.9,line_items,WELCOME15,True
11830,6037,WELCOME15,percentage,0.15,15.6,line_items,WELCOME15,True
11831,6041,WELCOME15,percentage,0.15,15.75,line_items,WELCOME15,True
11832,6043,LOYAL10,percentage,0.1,6.0,line_items,LOYAL10,True
11833,6045,WELCOME15,percentage,0.15,4.8,line_items,WELCOME15,True
11834,6046,GLOWWITHSAM12,percentage,0.12,5.76,line_items,GLOWWITHSAM12,True
11835,6046,WELCOME15,percentage,0.15,6.34,line_items,WELCOME15,True
11836,6048,WELCOME15,percentage,0.15,5.7,line_items,WELCOME15,True
11837,6049,WELCOME15,percentage,0.15,8.4,line_items,WELCOME15,True
11838,6051,DERMDIARY10,percentage,0.1,3.8,line_items,DERMDIARY10,True
11839,6055,FREESHIP,free_shipping,,5.95,shipping,FREESHIP,True
11840,6058,WELCOME15,percentage,0.15,18.3,line_items,WELCOME15,True
11841,6060,WELCOME15,percentage,0.15,4.8,line_items,WELCOME15,True
11842,6062,WELCOME15,percentage,0.15,5.7,line_items,WELCOME15,True
11843,6065,GLOWWITHSAM12,percentage,0.12,4.56,line_items,GLOWWITHSAM12,True
11844,6067,WELCOME15,percentage,0.15,3.3,line_items,WELCOME15,True
11845,6068,WELCOME15,percentage,0.15,3.9,line_items,WELCOME15,True
11846,6069,WELCOME15,percentage,0.15,5.7,line_items,WELCOME15,True
