order_item_id,order_id,product_id,sku,quantity,unit_price,line_discount,gross_line,net_line,is_gift,unit_cogs,cogs_line,is_valid
500001,1001,P10,MS-MSK-CLY100,1,26.0,5.2,26.0,20.8,False,6.0,6.0,True
500002,1002,P03,MS-SER-VTC30,1,34.0,6.8,34.0,27.2,False,8.5,8.5,True
500003,1002,P11,MS-BDY-LOT400,1,28.0,5.6,28.0,22.4,False,8.5,8.5,True
500004,1003,P07,MS-MOI-SPF50,1,32.0,6.4,32.0,25.6,False,7.8,7.8,True
500005,1004,P03,MS-SER-VTC30,1,34.0,0.0,34.0,34.0,False,8.5,8.5,True
500006,1004,P11,MS-BDY-LOT400,1,28.0,0.0,28.0,28.0,False,8.5,8.5,True
500007,1004,P04,MS-SER-HYA30,1,34.0,0.0,34.0,34.0,False,7.2,7.2,True
500008,1005,P07,MS-MOI-SPF50,2,32.0,12.8,64.0,51.2,False,7.8,15.6,True
500009,1005,P06,MS-TRT-RET50,1,44.0,8.8,44.0,35.2,False,10.5,10.5,True
500010,1006,P01,MS-CLN-GEL150,1,22.0,4.4,22.0,17.6,False,4.8,4.8,True
500011,1007,P05,MS-SER-NIA30,1,29.0,5.8,29.0,23.2,False,5.9,5.9,True
500012,1008,P04,MS-SER-HYA30,1,34.0,6.8,34.0,27.2,False,7.2,7.2,True
500013,1009,P01,MS-CLN-GEL150,1,22.0,4.4,22.0,17.6,False,4.8,4.8,True
500014,1010,P03,MS-SER-VTC30,1,34.0,3.4,34.0,30.6,False,8.5,8.5,True
500015,1010,P05,MS-SER-NIA30,1,29.0,2.9,29.0,26.1,False,5.9,5.9,True
500016,1010,P12,MS-SET-RTN3,1,84.0,8.4,84.0,75.6,False,21.1,21.1,True
500017,1011,P01,MS-CLN-GEL150,1,22.0,4.4,22.0,17.6,False,4.8,4.8,True
500018,1011,P03,MS-SER-VTC30,1,34.0,6.8,34.0,27.2,False,8.5,8.5,True
500019,1012,P12,MS-SET-RTN3,1,84.0,16.8,84.0,67.2,False,21.1,21.1,True
500020,1012,P03,MS-SER-VTC30,1,34.0,6.8,34.0,27.2,False,8.5,8.5,True
500021,1013,P01,MS-CLN-GEL150,1,22.0,2.2,22.0,19.8,False,4.8,4.8,True
500022,1013,P07,MS-MOI-SPF50,1,32.0,3.2,32.0,28.8,False,7.8,7.8,True
500023,1014,P03,MS-SER-VTC30,1,34.0,6.8,34.0,27.2,False,8.5,8.5,True
500024,1015,P05,MS-SER-NIA30,1,29.0,9.28,29.0,19.72,False,5.9,5.9,True
500025,1016,P03,MS-SER-VTC30,1,34.0,34.0,34.0,0.0,False,8.5,8.5,False
500026,1017,P05,MS-SER-NIA30,1,29.0,0.0,29.0,29.0,False,5.9,5.9,True
500027,1017,P11,MS-BDY-LOT400,1,28.0,0.0,28.0,28.0,False,8.5,8.5,True
500028,1018,P07,MS-MOI-SPF50,1,32.0,0.0,32.0,32.0,False,7.8,7.8,True
500029,1019,P07,MS-MOI-SPF50,1,32.0,6.4,32.0,25.6,False,7.8,7.8,True
500030,1019,P04,MS-SER-HYA30,1,34.0,6.8,34.0,27.2,False,7.2,7.2,True
500031,1020,P05,MS-SER-NIA30,1,29.0,5.8,29.0,23.2,False,5.9,5.9,True
500032,1020,P01,MS-CLN-GEL150,1,22.0,4.4,22.0,17.6,False,4.8,4.8,True
500033,1021,P07,MS-MOI-SPF50,1,32.0,6.4,32.0,25.6,False,7.8,7.8,True
500034,1022,P01,MS-CLN-GEL150,1,22.0,3.3,22.0,18.7,False,4.8,4.8,True
500035,1022,P07,MS-MOI-SPF50,1,32.0,4.8,32.0,27.2,False,7.8,7.8,True
500036,1023,P01,MS-CLN-GEL150,1,22.0,4.4,22.0,17.6,False,4.8,4.8,True
500037,1023,P03,MS-SER-VTC30,1,34.0,6.8,34.0,27.2,False,8.5,8.5,True
500038,1024,P04,MS-SER-HYA30,1,34.0,0.0,34.0,34.0,False,7.2,7.2,True
500039,1025,P03,MS-SER-VTC30,1,34.0,6.8,34.0,27.2,False,8.5,8.5,True
500040,1026,P05,MS-SER-NIA30,1,29.0,5.8,29.0,23.2,False,5.9,5.9,True
500041,1027,P01,MS-CLN-GEL150,1,22.0,4.4,22.0,17.6,False,4.8,4.8,True
500042,1028,P12,MS-SET-RTN3,1,84.0,16.8,84.0,67.2,False,21.1,21.1,True
500043,1029,P12,MS-SET-RTN3,1,84.0,0.0,84.0,84.0,False,21.1,21.1,True
500044,1029,P03,MS-SER-VTC30,1,34.0,0.0,34.0,34.0,False,8.5,8.5,True
500045,1030,P02,MS-CLN-CRM150,1,24.0,4.8,24.0,19.2,False,5.4,5.4,True
500046,1030,P12,MS-SET-RTN3,1,84.0,16.8,84.0,67.2,False,21.1,21.1,True
500047,1031,P11,MS-BDY-LOT400,1,28.0,5.6,28.0,22.4,False,8.5,8.5,True
500048,1031,P04,MS-SER-HYA30,1,34.0,6.8,34.0,27.2,False,7.2,7.2,True
500049,1032,P03,MS-SER-VTC30,1,34.0,5.1,34.0,28.9,False,8.5,8.5,True
500050,1033,P02,MS-CLN-CRM150,2,24.0,7.2,48.0,40.8,False,5.4,10.8,True
500051,1034,P01,MS-CLN-GEL150,1,22.0,0.0,22.0,22.0,False,4.8,4.8,True
500052,1035,P07,MS-MOI-SPF50,1,32.0,0.0,32.0,32.0,False,7.8,7.8,True
500053,1036,P06,MS-TRT-RET50,2,44.0,13.2,88.0,74.8,False,10.5,21.0,True
500054,1037,P03,MS-SER-VTC30,1,34.0,6.8,34.0,27.2,False,8.5,8.5,True
500055,1038,P11,MS-BDY-LOT400,1,28.0,5.6,28.0,22.4,False,8.5,8.5,True
500056,1038,P07,MS-MOI-SPF50,1,32.0,6.4,32.0,25.6,False,7.8,7.8,True
500057,1038,P02,MS-CLN-CRM150,1,24.0,4.8,24.0,19.2,False,5.4,5.4,True
500058,1039,P03,MS-SER-VTC30,1,34.0,6.8,34.0,27.2,False,8.5,8.5,True
500059,1040,P04,MS-SER-HYA30,1,34.0,10.88,34.0,23.119999999999997,False,7.2,7.2,True
500060,1041,P05,MS-SER-NIA30,1,29.0,5.8,29.0,23.2,False,5.9,5.9,True
500061,1042,P03,MS-SER-VTC30,1,34.0,0.0,34.0,34.0,False,8.5,8.5,True
500062,1043,P12,MS-SET-RTN3,1,84.0,0.0,84.0,84.0,False,21.1,21.1,True
500063,1044,P04,MS-SER-HYA30,1,34.0,6.8,34.0,27.2,False,7.2,7.2,True
500064,1044,P01,MS-CLN-GEL150,1,22.0,4.4,22.0,17.6,False,4.8,4.8,True
500065,1045,P03,MS-SER-VTC30,1,34.0,5.1,34.0,28.9,False,8.5,8.5,True
500066,1045,P04,MS-SER-HYA30,1,34.0,5.1,34.0,28.9,False,7.2,7.2,True
500067,1046,P11,MS-BDY-LOT400,1,28.0,5.6,28.0,22.4,False,8.5,8.5,True
500068,1047,P07,MS-MOI-SPF50,1,32.0,6.4,32.0,25.6,False,7.8,7.8,True
500069,1047,P04,MS-SER-HYA30,1,34.0,6.8,34.0,27.2,False,7.2,7.2,True
500070,1048,P11,MS-BDY-LOT400,1,28.0,0.0,28.0,28.0,False,8.5,8.5,True
500071,1048,P01,MS-CLN-GEL150,2,22.0,0.0,44.0,44.0,False,4.8,9.6,True
500072,1048,P05,MS-SER-NIA30,1,29.0,0.0,29.0,29.0,False,5.9,5.9,True
500073,1048,P07,MS-MOI-SPF50,1,32.0,0.0,32.0,32.0,False,7.8,7.8,True
500074,1049,P02,MS-CLN-CRM150,1,24.0,0.0,24.0,24.0,False,5.4,5.4,True
500075,1049,P12,MS-SET-RTN3,1,84.0,0.0,84.0,84.0,False,21.1,21.1,True
500076,1050,P04,MS-SER-HYA30,1,34.0,6.8,34.0,27.2,False,7.2,7.2,True
500077,1051,P01,MS-CLN-GEL150,1,22.0,4.4,22.0,17.6,False,4.8,4.8,True
500078,1051,P04,MS-SER-HYA30,1,34.0,6.8,34.0,27.2,False,7.2,7.2,True
500079,1052,P03,MS-SER-VTC30,1,34.0,0.0,34.0,34.0,False,8.5,8.5,True
500080,1053,P05,MS-SER-NIA30,1,29.0,0.0,29.0,29.0,False,5.9,5.9,True
500081,1053,P04,MS-SER-HYA30,2,34.0,0.0,68.0,68.0,False,7.2,14.4,True
500082,1054,P01,MS-CLN-GEL150,1,22.0,0.0,22.0,22.0,False,4.8,4.8,True
500083,1054,P10,MS-MSK-CLY100,1,26.0,0.0,26.0,26.0,False,6.0,6.0,True
500084,1055,P03,MS-SER-VTC30,2,34.0,17.14,68.0,50.86,False,8.5,17.0,True
500085,1055,P01,MS-CLN-GEL150,1,22.0,5.54,22.0,16.46,False,4.8,4.8,True
500086,1056,P11,MS-BDY-LOT400,2,28.0,11.2,56.0,44.8,False,8.5,17.0,True
500087,1057,P01,MS-CLN-GEL150,2,22.0,8.8,44.0,35.2,False,4.8,9.6,True
500088,1058,P10,MS-MSK-CLY100,1,26.0,5.2,26.0,20.8,False,6.0,6.0,True
500089,1059,P05,MS-SER-NIA30,1,29.0,0.0,29.0,29.0,False,5.9,5.9,True
500090,1059,P03,MS-SER-VTC30,1,34.0,0.0,34.0,34.0,False,8.5,8.5,True
500091,1060,P12,MS-SET-RTN3,1,84.0,16.8,84.0,67.2,False,21.1,21.1,True
500092,1061,P10,MS-MSK-CLY100,1,26.0,0.0,26.0,26.0,False,6.0,6.0,True
500093,1061,P12,MS-SET-RTN3,1,84.0,0.0,84.0,84.0,False,21.1,21.1,True
500094,1062,P04,MS-SER-HYA30,1,34.0,5.1,34.0,28.9,False,7.2,7.2,True
500095,1062,P03,MS-SER-VTC30,1,34.0,5.1,34.0,28.9,False,8.5,8.5,True
500096,1063,P01,MS-CLN-GEL150,1,22.0,4.4,22.0,17.6,False,4.8,4.8,True
500097,1063,P11,MS-BDY-LOT400,1,28.0,5.6,28.0,22.4,False,8.5,8.5,True
500098,1064,P07,MS-MOI-SPF50,1,32.0,0.0,32.0,32.0,False,7.8,7.8,True
500099,1065,P07,MS-MOI-SPF50,1,32.0,0.0,32.0,32.0,False,7.8,7.8,True
500100,1065,P01,MS-CLN-GEL150,1,22.0,0.0,22.0,22.0,False,4.8,4.8,True
500101,1065,P03,MS-SER-VTC30,2,34.0,0.0,68.0,68.0,False,8.5,17.0,True
500102,1066,P04,MS-SER-HYA30,1,34.0,6.8,34.0,27.2,False,7.2,7.2,True
500103,1066,P03,MS-SER-VTC30,1,34.0,6.8,34.0,27.2,False,8.5,8.5,True
500104,1067,P12,MS-SET-RTN3,1,84.0,26.88,84.0,57.120000000000005,False,21.1,21.1,True
500105,1068,P12,MS-SET-RTN3,1,84.0,16.8,84.0,67.2,False,21.1,21.1,True
500106,1068,P04,MS-SER-HYA30,1,34.0,6.8,34.0,27.2,False,7.2,7.2,True
500107,1069,P03,MS-SER-VTC30,1,34.0,6.8,34.0,27.2,False,8.5,8.5,True
500108,1069,P06,MS-TRT-RET50,1,44.0,8.8,44.0,35.2,False,10.5,10.5,True
500109,1070,P01,MS-CLN-GEL150,1,22.0,3.3,22.0,18.7,False,4.8,4.8,True
500110,1071,P07,MS-MOI-SPF50,1,32.0,4.8,32.0,27.2,False,7.8,7.8,True
500111,1072,P06,MS-TRT-RET50,1,44.0,0.0,44.0,44.0,False,10.5,10.5,True
500112,1072,P10,MS-MSK-CLY100,1,26.0,0.0,26.0,26.0,False,6.0,6.0,True
500113,1073,P06,MS-TRT-RET50,1,44.0,8.8,44.0,35.2,False,10.5,10.5,True
500114,1074,P01,MS-CLN-GEL150,1,22.0,4.4,22.0,17.6,False,4.8,4.8,True
500115,1074,P12,MS-SET-RTN3,1,84.0,16.8,84.0,67.2,False,21.1,21.1,True
500116,1075,P02,MS-CLN-CRM150,1,24.0,4.8,24.0,19.2,False,5.4,5.4,True
500117,1076,P01,MS-CLN-GEL150,2,22.0,8.8,44.0,35.2,False,4.8,9.6,True
500118,1076,P04,MS-SER-HYA30,1,34.0,6.8,34.0,27.2,False,7.2,7.2,True
500119,1077,P01,MS-CLN-GEL150,1,22.0,0.0,22.0,22.0,False,4.8,4.8,True
500120,1077,P12,MS-SET-RTN3,1,84.0,0.0,84.0,84.0,False,21.1,21.1,True
500121,1078,P04,MS-SER-HYA30,1,34.0,5.1,34.0,28.9,False,7.2,7.2,True
500122,1079,P03,MS-SER-VTC30,1,34.0,5.1,34.0,28.9,False,8.5,8.5,True
500123,1079,P02,MS-CLN-CRM150,1,24.0,3.6,24.0,20.4,False,5.4,5.4,True
500124,1080,P01,MS-CLN-GEL150,1,22.0,0.0,22.0,22.0,False,4.8,4.8,True
500125,1081,P06,MS-TRT-RET50,1,44.0,0.0,44.0,44.0,False,10.5,10.5,True
500126,1081,P02,MS-CLN-CRM150,1,24.0,0.0,24.0,24.0,False,5.4,5.4,True
500127,1081,P03,MS-SER-VTC30,1,34.0,0.0,34.0,34.0,False,8.5,8.5,True
500128,1081,P01,MS-CLN-GEL150,1,22.0,0.0,22.0,22.0,False,4.8,4.8,True
500129,1082,P01,MS-CLN-GEL150,2,22.0,8.8,44.0,35.2,False,4.8,9.6,True
500130,1083,P06,MS-TRT-RET50,1,44.0,0.0,44.0,44.0,False,10.5,10.5,True
500131,1083,P05,MS-SER-NIA30,1,29.0,0.0,29.0,29.0,False,5.9,5.9,True
500132,1084,P03,MS-SER-VTC30,1,34.0,10.88,34.0,23.119999999999997,False,8.5,8.5,True
500133,1085,P03,MS-SER-VTC30,1,34.0,6.8,34.0,27.2,False,8.5,8.5,True
500134,1086,P03,MS-SER-VTC30,1,34.0,5.1,34.0,28.9,False,8.5,8.5,True
500135,1086,P07,MS-MOI-SPF50,1,32.0,4.8,32.0,27.2,False,7.8,7.8,True
500136,1087,P02,MS-CLN-CRM150,1,24.0,4.8,24.0,19.2,False,5.4,5.4,True
500137,1088,P07,MS-MOI-SPF50,1,32.0,4.8,32.0,27.2,False,7.8,7.8,True
500138,1089,P05,MS-SER-NIA30,1,29.0,0.0,29.0,29.0,False,5.9,5.9,True
500139,1090,P04,MS-SER-HYA30,1,34.0,0.0,34.0,34.0,False,7.2,7.2,True
500140,1091,P12,MS-SET-RTN3,1,84.0,16.8,84.0,67.2,False,21.1,21.1,True
500141,1092,P11,MS-BDY-LOT400,1,28.0,5.6,28.0,22.4,False,8.5,8.5,True
500142,1093,P05,MS-SER-NIA30,1,29.0,0.0,29.0,29.0,False,5.9,5.9,True
500143,1094,P01,MS-CLN-GEL150,1,22.0,4.4,22.0,17.6,False,4.8,4.8,True
500144,1094,P10,MS-MSK-CLY100,1,26.0,5.2,26.0,20.8,False,6.0,6.0,True
500145,1095,P06,MS-TRT-RET50,1,44.0,8.8,44.0,35.2,False,10.5,10.5,True
500146,1095,P01,MS-CLN-GEL150,1,22.0,4.4,22.0,17.6,False,4.8,4.8,True
500147,1096,P03,MS-SER-VTC30,1,34.0,6.8,34.0,27.2,False,8.5,8.5,True
500148,1097,P03,MS-SER-VTC30,2,34.0,0.0,68.0,68.0,False,8.5,17.0,True
500149,1098,P03,MS-SER-VTC30,1,34.0,5.1,34.0,28.9,False,8.5,8.5,True
500150,1099,P02,MS-CLN-CRM150,1,24.0,7.68,24.0,16.32,False,5.4,5.4,True
500151,1100,P01,MS-CLN-GEL150,1,22.0,0.0,22.0,22.0,False,4.8,4.8,True
500152,1100,P03,MS-SER-VTC30,1,34.0,0.0,34.0,34.0,False,8.5,8.5,True
500153,1101,P03,MS-SER-VTC30,1,34.0,6.8,34.0,27.2,False,8.5,8.5,True
500154,1101,P10,MS-MSK-CLY100,2,26.0,10.4,52.0,41.6,False,6.0,12.0,True
500155,1102,P07,MS-MOI-SPF50,1,32.0,0.0,32.0,32.0,False,7.8,7.8,True
500156,1103,P07,MS-MOI-SPF50,1,32.0,0.0,32.0,32.0,False,7.8,7.8,True
500157,1103,P03,MS-SER-VTC30,1,34.0,0.0,34.0,34.0,False,8.5,8.5,True
500158,1104,P04,MS-SER-HYA30,1,34.0,10.88,34.0,23.119999999999997,False,7.2,7.2,True
500159,1105,P01,MS-CLN-GEL150,2,22.0,8.8,44.0,35.2,False,4.8,9.6,True
500160,1105,P12,MS-SET-RTN3,1,84.0,16.8,84.0,67.2,False,21.1,21.1,True
500161,1106,P05,MS-SER-NIA30,1,29.0,0.0,29.0,29.0,False,5.9,5.9,True
500162,1106,P04,MS-SER-HYA30,1,34.0,0.0,34.0,34.0,False,7.2,7.2,True
500163,1107,P04,MS-SER-HYA30,1,34.0,0.0,34.0,34.0,False,7.2,7.2,True
500164,1108,P05,MS-SER-NIA30,1,29.0,5.8,29.0,23.2,False,5.9,5.9,True
500165,1109,P03,MS-SER-VTC30,1,34.0,0.0,34.0,34.0,False,8.5,8.5,True
500166,1110,P03,MS-SER-VTC30,1,34.0,5.1,34.0,28.9,False,8.5,8.5,True
500167,1111,P11,MS-BDY-LOT400,1,28.0,0.0,28.0,28.0,False,8.5,8.5,True
500168,1112,P01,MS-CLN-GEL150,1,22.0,4.4,22.0,17.6,False,4.8,4.8,True
500169,1113,P04,MS-SER-HYA30,1,34.0,0.0,34.0,34.0,False,7.2,7.2,True
500170,1114,P11,MS-BDY-LOT400,1,28.0,0.0,28.0,28.0,False,8.5,8.5,True
500171,1114,P03,MS-SER-VTC30,1,34.0,0.0,34.0,34.0,False,8.5,8.5,True
500172,1115,P03,MS-SER-VTC30,1,34.0,0.0,34.0,34.0,False,8.5,8.5,True
500173,1116,P03,MS-SER-VTC30,1,34.0,6.8,34.0,27.2,False,8.5,8.5,True
500174,1117,P10,MS-MSK-CLY100,1,26.0,3.9,26.0,22.1,False,6.0,6.0,True
500175,1118,P03,MS-SER-VTC30,1,34.0,0.0,34.0,34.0,False,8.5,8.5,True
500176,1119,P03,MS-SER-VTC30,1,34.0,6.8,34.0,27.2,False,8.5,8.5,True
500177,1119,P06,MS-TRT-RET50,1,44.0,8.8,44.0,35.2,False,10.5,10.5,True
500178,1120,P07,MS-MOI-SPF50,1,32.0,6.4,32.0,25.6,False,7.8,7.8,True
500179,1120,P10,MS-MSK-CLY100,1,26.0,5.2,26.0,20.8,False,6.0,6.0,True
500180,1121,P07,MS-MOI-SPF50,1,32.0,0.0,32.0,32.0,False,7.8,7.8,True
500181,1122,P06,MS-TRT-RET50,1,44.0,8.8,44.0,35.2,False,10.5,10.5,True
500182,1123,P12,MS-SET-RTN3,1,84.0,16.8,84.0,67.2,False,21.1,21.1,True
500183,1124,P05,MS-SER-NIA30,1,29.0,0.0,29.0,29.0,False,5.9,5.9,True
500184,1124,P04,MS-SER-HYA30,1,34.0,0.0,34.0,34.0,False,7.2,7.2,True
500185,1125,P04,MS-SER-HYA30,1,34.0,6.8,34.0,27.2,False,7.2,7.2,True
500186,1126,P02,MS-CLN-CRM150,1,24.0,4.8,24.0,19.2,False,5.4,5.4,True
500187,1126,P04,MS-SER-HYA30,1,34.0,6.8,34.0,27.2,False,7.2,7.2,True
500188,1126,P03,MS-SER-VTC30,1,34.0,6.8,34.0,27.2,False,8.5,8.5,True
500189,1126,P11,MS-BDY-LOT400,1,28.0,5.6,28.0,22.4,False,8.5,8.5,True
500190,1127,P01,MS-CLN-GEL150,1,22.0,4.4,22.0,17.6,False,4.8,4.8,True
500191,1128,P10,MS-MSK-CLY100,1,26.0,5.2,26.0,20.8,False,6.0,6.0,True
500192,1129,P01,MS-CLN-GEL150,1,22.0,0.0,22.0,22.0,False,4.8,4.8,True
500193,1130,P04,MS-SER-HYA30,1,34.0,0.0,34.0,34.0,False,7.2,7.2,True
500194,1130,P06,MS-TRT-RET50,2,44.0,0.0,88.0,88.0,False,10.5,21.0,True
500195,1131,P01,MS-CLN-GEL150,1,22.0,4.4,22.0,17.6,False,4.8,4.8,True
500196,1132,P07,MS-MOI-SPF50,1,32.0,6.4,32.0,25.6,False,7.8,7.8,True
500197,1132,P03,MS-SER-VTC30,1,34.0,6.8,34.0,27.2,False,8.5,8.5,True
500198,1133,P03,MS-SER-VTC30,2,34.0,13.6,68.0,54.4,False,8.5,17.0,True
500199,1134,P12,MS-SET-RTN3,1,84.0,12.6,84.0,71.4,False,21.1,21.1,True
500200,1135,P02,MS-CLN-CRM150,1,24.0,4.8,24.0,19.2,False,5.4,5.4,True
500201,1136,P04,MS-SER-HYA30,1,34.0,6.8,34.0,27.2,False,7.2,7.2,True
500202,1137,P10,MS-MSK-CLY100,1,26.0,8.32,26.0,17.68,False,6.0,6.0,True
500203,1137,P07,MS-MOI-SPF50,1,32.0,10.24,32.0,21.759999999999998,False,7.8,7.8,True
500204,1138,P03,MS-SER-VTC30,2,34.0,13.6,68.0,54.4,False,8.5,17.0,True
500205,1139,P03,MS-SER-VTC30,1,34.0,6.8,34.0,27.2,False,8.5,8.5,True
500206,1139,P01,MS-CLN-GEL150,1,22.0,4.4,22.0,17.6,False,4.8,4.8,True
500207,1140,P05,MS-SER-NIA30,1,29.0,5.8,29.0,23.2,False,5.9,5.9,True
500208,1140,P06,MS-TRT-RET50,1,44.0,8.8,44.0,35.2,False,10.5,10.5,True
500209,1141,P05,MS-SER-NIA30,1,29.0,5.8,29.0,23.2,False,5.9,5.9,True
500210,1141,P01,MS-CLN-GEL150,1,22.0,4.4,22.0,17.6,False,4.8,4.8,True
500211,1142,P07,MS-MOI-SPF50,1,32.0,10.24,32.0,21.759999999999998,False,7.8,7.8,True
500212,1142,P12,MS-SET-RTN3,1,84.0,26.88,84.0,57.120000000000005,False,21.1,21.1,True
500213,1143,P01,MS-CLN-GEL150,1,22.0,4.4,22.0,17.6,False,4.8,4.8,True
500214,1144,P03,MS-SER-VTC30,1,34.0,6.8,34.0,27.2,False,8.5,8.5,True
500215,1145,P06,MS-TRT-RET50,2,44.0,17.6,88.0,70.4,False,10.5,21.0,True
500216,1146,P06,MS-TRT-RET50,1,44.0,0.0,44.0,44.0,False,10.5,10.5,True
500217,1146,P01,MS-CLN-GEL150,1,22.0,0.0,22.0,22.0,False,4.8,4.8,True
500218,1147,P07,MS-MOI-SPF50,1,32.0,6.4,32.0,25.6,False,7.8,7.8,True
500219,1148,P10,MS-MSK-CLY100,1,26.0,0.0,26.0,26.0,False,6.0,6.0,True
500220,1149,P06,MS-TRT-RET50,1,44.0,8.8,44.0,35.2,False,10.5,10.5,True
500221,1150,P11,MS-BDY-LOT400,1,28.0,0.0,28.0,28.0,False,8.5,8.5,True
500222,1151,P04,MS-SER-HYA30,1,34.0,0.0,34.0,34.0,False,7.2,7.2,True
500223,1152,P07,MS-MOI-SPF50,1,32.0,6.4,32.0,25.6,False,7.8,7.8,True
500224,1153,P03,MS-SER-VTC30,1,34.0,5.1,34.0,28.9,False,8.5,8.5,True
500225,1153,P05,MS-SER-NIA30,2,29.0,8.7,58.0,49.3,False,5.9,11.8,True
500226,1154,P10,MS-MSK-CLY100,1,26.0,3.9,26.0,22.1,False,6.0,6.0,True
500227,1155,P06,MS-TRT-RET50,1,44.0,0.0,44.0,44.0,False,10.5,10.5,True
500228,1156,P12,MS-SET-RTN3,1,84.0,16.8,84.0,67.2,False,21.1,21.1,True
500229,1157,P05,MS-SER-NIA30,2,29.0,8.7,58.0,49.3,False,5.9,11.8,True
500230,1157,P11,MS-BDY-LOT400,1,28.0,4.2,28.0,23.8,False,8.5,8.5,True
500231,1158,P04,MS-SER-HYA30,1,34.0,5.1,34.0,28.9,False,7.2,7.2,True
500232,1158,P03,MS-SER-VTC30,1,34.0,5.1,34.0,28.9,False,8.5,8.5,True
500233,1159,P05,MS-SER-NIA30,1,29.0,0.0,29.0,29.0,False,5.9,5.9,True
500234,1159,P03,MS-SER-VTC30,1,34.0,0.0,34.0,34.0,False,8.5,8.5,True
500235,1160,P06,MS-TRT-RET50,1,44.0,0.0,44.0,44.0,False,10.5,10.5,True
500236,1160,P04,MS-SER-HYA30,1,34.0,0.0,34.0,34.0,False,7.2,7.2,True
500237,1161,P05,MS-SER-NIA30,1,29.0,4.35,29.0,24.65,False,5.9,5.9,True
500238,1162,P03,MS-SER-VTC30,1,34.0,6.8,34.0,27.2,False,8.5,8.5,True
500239,1162,P05,MS-SER-NIA30,1,29.0,5.8,29.0,23.2,False,5.9,5.9,True
500240,1163,P04,MS-SER-HYA30,1,34.0,5.1,34.0,28.9,False,7.2,7.2,True
500241,1164,P04,MS-SER-HYA30,1,34.0,0.0,34.0,34.0,False,7.2,7.2,True
500242,1164,P10,MS-MSK-CLY100,1,26.0,0.0,26.0,26.0,False,6.0,6.0,True
500243,1164,P01,MS-CLN-GEL150,1,22.0,0.0,22.0,22.0,False,4.8,4.8,True
500244,1165,P07,MS-MOI-SPF50,1,32.0,0.0,32.0,32.0,False,7.8,7.8,True
500245,1166,P04,MS-SER-HYA30,1,34.0,10.88,34.0,23.119999999999997,False,7.2,7.2,True
500246,1166,P12,MS-SET-RTN3,1,84.0,26.88,84.0,57.120000000000005,False,21.1,21.1,True
500247,1167,P02,MS-CLN-CRM150,1,24.0,3.6,24.0,20.4,False,5.4,5.4,True
500248,1167,P12,MS-SET-RTN3,1,84.0,12.6,84.0,71.4,False,21.1,21.1,True
500249,1167,P03,MS-SER-VTC30,1,34.0,5.1,34.0,28.9,False,8.5,8.5,True
500250,1168,P02,MS-CLN-CRM150,1,24.0,0.0,24.0,24.0,False,5.4,5.4,True
500251,1169,P02,MS-CLN-CRM150,1,24.0,4.8,24.0,19.2,False,5.4,5.4,True
500252,1170,P03,MS-SER-VTC30,1,34.0,6.8,34.0,27.2,False,8.5,8.5,True
500253,1170,P12,MS-SET-RTN3,1,84.0,16.8,84.0,67.2,False,21.1,21.1,True
500254,1171,P01,MS-CLN-GEL150,1,22.0,3.3,22.0,18.7,False,4.8,4.8,True
500255,1171,P03,MS-SER-VTC30,1,34.0,5.1,34.0,28.9,False,8.5,8.5,True
500256,1171,P05,MS-SER-NIA30,1,29.0,4.35,29.0,24.65,False,5.9,5.9,True
500257,1171,P10,MS-MSK-CLY100,1,26.0,3.9,26.0,22.1,False,6.0,6.0,True
500258,1172,P06,MS-TRT-RET50,1,44.0,8.8,44.0,35.2,False,10.5,10.5,True
500259,1173,P03,MS-SER-VTC30,1,34.0,0.0,34.0,34.0,False,8.5,8.5,True
500260,1174,P12,MS-SET-RTN3,1,84.0,0.0,84.0,84.0,False,21.1,21.1,True
500261,1174,P06,MS-TRT-RET50,1,44.0,0.0,44.0,44.0,False,10.5,10.5,True
500262,1175,P06,MS-TRT-RET50,2,44.0,17.6,88.0,70.4,False,10.5,21.0,True
500263,1175,P03,MS-SER-VTC30,1,34.0,6.8,34.0,27.2,False,8.5,8.5,True
500264,1176,P04,MS-SER-HYA30,1,34.0,3.4,34.0,30.6,False,7.2,7.2,True
500265,1177,P06,MS-TRT-RET50,1,44.0,8.8,44.0,35.2,False,10.5,10.5,True
500266,1178,P03,MS-SER-VTC30,1,34.0,6.8,34.0,27.2,False,8.5,8.5,True
500267,1179,P03,MS-SER-VTC30,1,34.0,3.4,34.0,30.6,False,8.5,8.5,True
500268,1180,P05,MS-SER-NIA30,1,29.0,0.0,29.0,29.0,False,5.9,5.9,True
500269,1181,P10,MS-MSK-CLY100,2,26.0,0.0,52.0,52.0,False,6.0,12.0,True
500270,1181,P06,MS-TRT-RET50,2,44.0,0.0,88.0,88.0,False,10.5,21.0,True
500271,1182,P02,MS-CLN-CRM150,2,24.0,7.2,48.0,40.8,False,5.4,10.8,True
500272,1183,P01,MS-CLN-GEL150,1,22.0,3.3,22.0,18.7,False,4.8,4.8,True
500273,1184,P02,MS-CLN-CRM150,1,24.0,0.0,24.0,24.0,False,5.4,5.4,True
500274,1185,P01,MS-CLN-GEL150,1,22.0,4.4,22.0,17.6,False,4.8,4.8,True
500275,1186,P10,MS-MSK-CLY100,1,26.0,0.0,26.0,26.0,False,6.0,6.0,True
500276,1187,P07,MS-MOI-SPF50,1,32.0,4.8,32.0,27.2,False,7.8,7.8,True
500277,1187,P04,MS-SER-HYA30,1,34.0,5.1,34.0,28.9,False,7.2,7.2,True
500278,1187,P11,MS-BDY-LOT400,1,28.0,4.2,28.0,23.8,False,8.5,8.5,True
500279,1187,P05,MS-SER-NIA30,1,29.0,4.35,29.0,24.65,False,5.9,5.9,True
500280,1188,P05,MS-SER-NIA30,2,29.0,11.6,58.0,46.4,False,5.9,11.8,True
500281,1189,P10,MS-MSK-CLY100,1,26.0,5.2,26.0,20.8,False,6.0,6.0,True
500282,1190,P07,MS-MOI-SPF50,1,32.0,6.4,32.0,25.6,False,7.8,7.8,True
500283,1190,P04,MS-SER-HYA30,1,34.0,6.8,34.0,27.2,False,7.2,7.2,True
500284,1190,P01,MS-CLN-GEL150,1,22.0,4.4,22.0,17.6,False,4.8,4.8,True
500285,1190,P12,MS-SET-RTN3,1,84.0,16.8,84.0,67.2,False,21.1,21.1,True
500286,1191,P03,MS-SER-VTC30,2,34.0,13.6,68.0,54.4,False,8.5,17.0,True
500287,1192,P06,MS-TRT-RET50,2,44.0,17.6,88.0,70.4,False,10.5,21.0,True
500288,1193,P01,MS-CLN-GEL150,1,22.0,4.4,22.0,17.6,False,4.8,4.8,True
500289,1193,P05,MS-SER-NIA30,1,29.0,5.8,29.0,23.2,False,5.9,5.9,True
500290,1194,P06,MS-TRT-RET50,1,44.0,8.8,44.0,35.2,False,10.5,10.5,True
500291,1195,P12,MS-SET-RTN3,1,84.0,16.8,84.0,67.2,False,21.1,21.1,True
500292,1196,P07,MS-MOI-SPF50,1,32.0,6.4,32.0,25.6,False,7.8,7.8,True
500293,1197,P06,MS-TRT-RET50,1,44.0,8.8,44.0,35.2,False,10.5,10.5,True
500294,1198,P03,MS-SER-VTC30,1,34.0,6.8,34.0,27.2,False,8.5,8.5,True
500295,1198,P05,MS-SER-NIA30,1,29.0,5.8,29.0,23.2,False,5.9,5.9,True
500296,1199,P03,MS-SER-VTC30,1,34.0,5.1,34.0,28.9,False,8.5,8.5,True
500297,1199,P11,MS-BDY-LOT400,1,28.0,4.2,28.0,23.8,False,8.5,8.5,True
500298,1200,P01,MS-CLN-GEL150,1,22.0,7.04,22.0,14.96,False,4.8,4.8,True
500299,1200,P10,MS-MSK-CLY100,1,26.0,8.32,26.0,17.68,False,6.0,6.0,True
500300,1201,P01,MS-CLN-GEL150,1,22.0,4.4,22.0,17.6,False,4.8,4.8,True
500301,1201,P03,MS-SER-VTC30,1,34.0,6.8,34.0,27.2,False,8.5,8.5,True
500302,1202,P05,MS-SER-NIA30,2,29.0,8.7,58.0,49.3,False,5.9,11.8,True
500303,1202,P03,MS-SER-VTC30,1,34.0,5.1,34.0,28.9,False,8.5,8.5,True
500304,1203,P03,MS-SER-VTC30,1,34.0,0.0,34.0,34.0,False,8.5,8.5,True
500305,1203,P12,MS-SET-RTN3,1,84.0,0.0,84.0,84.0,False,21.1,21.1,True
500306,1204,P01,MS-CLN-GEL150,1,22.0,3.3,22.0,18.7,False,4.8,4.8,True
500307,1205,P10,MS-MSK-CLY100,1,26.0,3.9,26.0,22.1,False,6.0,6.0,True
500308,1205,P07,MS-MOI-SPF50,1,32.0,4.8,32.0,27.2,False,7.8,7.8,True
500309,1206,P12,MS-SET-RTN3,1,84.0,12.6,84.0,71.4,False,21.1,21.1,True
500310,1206,P05,MS-SER-NIA30,1,29.0,4.35,29.0,24.65,False,5.9,5.9,True
500311,1207,P07,MS-MOI-SPF50,1,32.0,0.0,32.0,32.0,False,7.8,7.8,True
500312,1208,P03,MS-SER-VTC30,1,34.0,6.8,34.0,27.2,False,8.5,8.5,True
500313,1208,P11,MS-BDY-LOT400,1,28.0,5.6,28.0,22.4,False,8.5,8.5,True
500314,1208,P01,MS-CLN-GEL150,1,22.0,4.4,22.0,17.6,False,4.8,4.8,True
500315,1208,P04,MS-SER-HYA30,1,34.0,6.8,34.0,27.2,False,7.2,7.2,True
500316,1209,P05,MS-SER-NIA30,1,29.0,2.9,29.0,26.1,False,5.9,5.9,True
500317,1210,P12,MS-SET-RTN3,1,84.0,12.6,84.0,71.4,False,21.1,21.1,True
500318,1210,P01,MS-CLN-GEL150,1,22.0,3.3,22.0,18.7,False,4.8,4.8,True
500319,1211,P05,MS-SER-NIA30,1,29.0,0.0,29.0,29.0,False,5.9,5.9,True
500320,1212,P12,MS-SET-RTN3,1,84.0,0.0,84.0,84.0,False,21.1,21.1,True
500321,1213,P04,MS-SER-HYA30,1,34.0,0.0,34.0,34.0,False,7.2,7.2,True
500322,1213,P10,MS-MSK-CLY100,1,26.0,0.0,26.0,26.0,False,6.0,6.0,True
500323,1214,P01,MS-CLN-GEL150,2,22.0,0.0,44.0,44.0,False,4.8,9.6,True
500324,1214,P02,MS-CLN-CRM150,1,24.0,0.0,24.0,24.0,False,5.4,5.4,True
500325,1214,P12,MS-SET-RTN3,1,84.0,0.0,84.0,84.0,False,21.1,21.1,True
500326,1215,P01,MS-CLN-GEL150,1,22.0,0.0,22.0,22.0,False,4.8,4.8,True
500327,1215,P03,MS-SER-VTC30,1,34.0,0.0,34.0,34.0,False,8.5,8.5,True
500328,1216,P03,MS-SER-VTC30,1,34.0,6.8,34.0,27.2,False,8.5,8.5,False
500329,1217,P07,MS-MOI-SPF50,1,32.0,0.0,32.0,32.0,False,7.8,7.8,True
500330,1218,P02,MS-CLN-CRM150,1,24.0,4.8,24.0,19.2,False,5.4,5.4,True
500331,1219,P11,MS-BDY-LOT400,2,28.0,11.2,56.0,44.8,False,8.5,17.0,True
500332,1220,P07,MS-MOI-SPF50,1,32.0,6.4,32.0,25.6,False,7.8,7.8,True
500333,1221,P12,MS-SET-RTN3,1,84.0,16.8,84.0,67.2,False,21.1,21.1,True
500334,1221,P06,MS-TRT-RET50,1,44.0,8.8,44.0,35.2,False,10.5,10.5,True
500335,1221,P07,MS-MOI-SPF50,1,32.0,6.4,32.0,25.6,False,7.8,7.8,True
500336,1222,P01,MS-CLN-GEL150,1,22.0,0.0,22.0,22.0,False,4.8,4.8,True
500337,1222,P06,MS-TRT-RET50,1,44.0,0.0,44.0,44.0,False,10.5,10.5,True
500338,1223,P07,MS-MOI-SPF50,1,32.0,4.8,32.0,27.2,False,7.8,7.8,True
500339,1224,P12,MS-SET-RTN3,1,84.0,0.0,84.0,84.0,False,21.1,21.1,True
500340,1224,P03,MS-SER-VTC30,1,34.0,0.0,34.0,34.0,False,8.5,8.5,True
500341,1225,P03,MS-SER-VTC30,1,34.0,5.1,34.0,28.9,False,8.5,8.5,True
500342,1225,P10,MS-MSK-CLY100,2,26.0,7.8,52.0,44.2,False,6.0,12.0,True
500343,1226,P04,MS-SER-HYA30,1,34.0,6.8,34.0,27.2,False,7.2,7.2,True
500344,1227,P02,MS-CLN-CRM150,1,24.0,4.8,24.0,19.2,False,5.4,5.4,True
500345,1227,P06,MS-TRT-RET50,1,44.0,8.8,44.0,35.2,False,10.5,10.5,True
500346,1228,P03,MS-SER-VTC30,1,34.0,10.88,34.0,23.119999999999997,False,8.5,8.5,True
500347,1229,P10,MS-MSK-CLY100,1,26.0,3.9,26.0,22.1,False,6.0,6.0,True
500348,1230,P04,MS-SER-HYA30,1,34.0,6.8,34.0,27.2,False,7.2,7.2,True
500349,1231,P02,MS-CLN-CRM150,1,24.0,4.8,24.0,19.2,False,5.4,5.4,True
500350,1232,P03,MS-SER-VTC30,1,34.0,0.0,34.0,34.0,False,8.5,8.5,True
500351,1232,P11,MS-BDY-LOT400,2,28.0,0.0,56.0,56.0,False,8.5,17.0,True
500352,1232,P02,MS-CLN-CRM150,1,24.0,0.0,24.0,24.0,False,5.4,5.4,True
500353,1233,P03,MS-SER-VTC30,1,34.0,6.8,34.0,27.2,False,8.5,8.5,True
500354,1234,P11,MS-BDY-LOT400,1,28.0,4.2,28.0,23.8,False,8.5,8.5,True
500355,1235,P03,MS-SER-VTC30,1,34.0,0.0,34.0,34.0,False,8.5,8.5,True
500356,1236,P05,MS-SER-NIA30,1,29.0,9.28,29.0,19.72,False,5.9,5.9,True
500357,1236,P11,MS-BDY-LOT400,2,28.0,17.92,56.0,38.08,False,8.5,17.0,True
500358,1236,P03,MS-SER-VTC30,1,34.0,10.88,34.0,23.119999999999997,False,8.5,8.5,True
500359,1237,P01,MS-CLN-GEL150,1,22.0,3.3,22.0,18.7,False,4.8,4.8,True
500360,1238,P01,MS-CLN-GEL150,1,22.0,0.0,22.0,22.0,False,4.8,4.8,True
500361,1238,P02,MS-CLN-CRM150,2,24.0,0.0,48.0,48.0,False,5.4,10.8,True
500362,1238,P05,MS-SER-NIA30,1,29.0,0.0,29.0,29.0,False,5.9,5.9,True
500363,1239,P03,MS-SER-VTC30,1,34.0,0.0,34.0,34.0,False,8.5,8.5,True
500364,1239,P06,MS-TRT-RET50,1,44.0,0.0,44.0,44.0,False,10.5,10.5,True
500365,1240,P06,MS-TRT-RET50,1,44.0,8.8,44.0,35.2,False,10.5,10.5,True
500366,1241,P11,MS-BDY-LOT400,1,28.0,5.6,28.0,22.4,False,8.5,8.5,True
500367,1242,P04,MS-SER-HYA30,1,34.0,6.8,34.0,27.2,False,7.2,7.2,True
500368,1243,P07,MS-MOI-SPF50,1,32.0,4.8,32.0,27.2,False,7.8,7.8,True
500369,1244,P07,MS-MOI-SPF50,1,32.0,4.8,32.0,27.2,False,7.8,7.8,True
500370,1245,P07,MS-MOI-SPF50,1,32.0,6.4,32.0,25.6,False,7.8,7.8,False
500371,1246,P07,MS-MOI-SPF50,1,32.0,10.24,32.0,21.759999999999998,False,7.8,7.8,True
500372,1246,P03,MS-SER-VTC30,1,34.0,10.88,34.0,23.119999999999997,False,8.5,8.5,True
500373,1247,P11,MS-BDY-LOT400,1,28.0,0.0,28.0,28.0,False,8.5,8.5,True
500374,1248,P07,MS-MOI-SPF50,1,32.0,6.4,32.0,25.6,False,7.8,7.8,True
500375,1249,P03,MS-SER-VTC30,1,34.0,6.8,34.0,27.2,False,8.5,8.5,True
500376,1249,P12,MS-SET-RTN3,1,84.0,16.8,84.0,67.2,False,21.1,21.1,True
500377,1250,P03,MS-SER-VTC30,1,34.0,6.8,34.0,27.2,False,8.5,8.5,True
500378,1251,P06,MS-TRT-RET50,1,44.0,0.0,44.0,44.0,False,10.5,10.5,True
500379,1252,P05,MS-SER-NIA30,1,29.0,4.35,29.0,24.65,False,5.9,5.9,True
500380,1253,P11,MS-BDY-LOT400,1,28.0,5.6,28.0,22.4,False,8.5,8.5,True
500381,1254,P05,MS-SER-NIA30,1,29.0,0.0,29.0,29.0,False,5.9,5.9,True
500382,1255,P04,MS-SER-HYA30,1,34.0,6.8,34.0,27.2,False,7.2,7.2,True
500383,1256,P04,MS-SER-HYA30,1,34.0,6.8,34.0,27.2,False,7.2,7.2,True
500384,1256,P05,MS-SER-NIA30,1,29.0,5.8,29.0,23.2,False,5.9,5.9,True
500385,1257,P03,MS-SER-VTC30,1,34.0,6.8,34.0,27.2,False,8.5,8.5,True
500386,1257,P04,MS-SER-HYA30,1,34.0,6.8,34.0,27.2,False,7.2,7.2,True
500387,1258,P03,MS-SER-VTC30,1,34.0,6.8,34.0,27.2,False,8.5,8.5,True
500388,1258,P07,MS-MOI-SPF50,1,32.0,6.4,32.0,25.6,False,7.8,7.8,True
500389,1259,P01,MS-CLN-GEL150,1,22.0,4.4,22.0,17.6,False,4.8,4.8,True
500390,1259,P10,MS-MSK-CLY100,1,26.0,5.2,26.0,20.8,False,6.0,6.0,True
500391,1260,P03,MS-SER-VTC30,1,34.0,5.1,34.0,28.9,False,8.5,8.5,True
500392,1261,P12,MS-SET-RTN3,1,84.0,0.0,84.0,84.0,False,21.1,21.1,True
500393,1261,P04,MS-SER-HYA30,1,34.0,0.0,34.0,34.0,False,7.2,7.2,True
500394,1261,P05,MS-SER-NIA30,1,29.0,0.0,29.0,29.0,False,5.9,5.9,True
500395,1262,P06,MS-TRT-RET50,1,44.0,4.4,44.0,39.6,False,10.5,10.5,True
500396,1262,P03,MS-SER-VTC30,1,34.0,3.4,34.0,30.6,False,8.5,8.5,True
500397,1262,P12,MS-SET-RTN3,1,84.0,8.4,84.0,75.6,False,21.1,21.1,True
500398,1263,P03,MS-SER-VTC30,1,34.0,0.0,34.0,34.0,False,8.5,8.5,True
500399,1264,P01,MS-CLN-GEL150,1,22.0,4.4,22.0,17.6,False,4.8,4.8,True
500400,1265,P12,MS-SET-RTN3,1,84.0,0.0,84.0,84.0,False,21.1,21.1,True
500401,1265,P04,MS-SER-HYA30,1,34.0,0.0,34.0,34.0,False,7.2,7.2,True
500402,1266,P04,MS-SER-HYA30,1,34.0,6.8,34.0,27.2,False,7.2,7.2,True
500403,1267,P04,MS-SER-HYA30,1,34.0,0.0,34.0,34.0,False,7.2,7.2,True
500404,1268,P04,MS-SER-HYA30,1,34.0,10.88,34.0,23.119999999999997,False,7.2,7.2,True
500405,1269,P01,MS-CLN-GEL150,1,22.0,4.4,22.0,17.6,False,4.8,4.8,True
500406,1269,P02,MS-CLN-CRM150,1,24.0,4.8,24.0,19.2,False,5.4,5.4,True
500407,1269,P04,MS-SER-HYA30,1,34.0,6.8,34.0,27.2,False,7.2,7.2,True
500408,1270,P10,MS-MSK-CLY100,1,26.0,5.2,26.0,20.8,False,6.0,6.0,True
500409,1271,P01,MS-CLN-GEL150,2,22.0,8.8,44.0,35.2,False,4.8,9.6,True
500410,1272,P03,MS-SER-VTC30,1,34.0,10.88,34.0,23.119999999999997,False,8.5,8.5,True
500411,1273,P03,MS-SER-VTC30,1,34.0,0.0,34.0,34.0,False,8.5,8.5,True
500412,1273,P11,MS-BDY-LOT400,1,28.0,0.0,28.0,28.0,False,8.5,8.5,True
500413,1273,P02,MS-CLN-CRM150,1,24.0,0.0,24.0,24.0,False,5.4,5.4,True
500414,1274,P04,MS-SER-HYA30,1,34.0,0.0,34.0,34.0,False,7.2,7.2,True
500415,1274,P01,MS-CLN-GEL150,1,22.0,0.0,22.0,22.0,False,4.8,4.8,True
500416,1275,P03,MS-SER-VTC30,1,34.0,6.8,34.0,27.2,False,8.5,8.5,True
500417,1276,P03,MS-SER-VTC30,1,34.0,10.88,34.0,23.119999999999997,False,8.5,8.5,True
500418,1276,P05,MS-SER-NIA30,2,29.0,18.56,58.0,39.44,False,5.9,11.8,True
500419,1276,P12,MS-SET-RTN3,1,84.0,26.88,84.0,57.120000000000005,False,21.1,21.1,True
500420,1277,P04,MS-SER-HYA30,1,34.0,0.0,34.0,34.0,False,7.2,7.2,True
500421,1277,P07,MS-MOI-SPF50,2,32.0,0.0,64.0,64.0,False,7.8,15.6,True
500422,1278,P07,MS-MOI-SPF50,1,32.0,0.0,32.0,32.0,False,7.8,7.8,True
500423,1278,P03,MS-SER-VTC30,1,34.0,0.0,34.0,34.0,False,8.5,8.5,True
500424,1279,P03,MS-SER-VTC30,1,34.0,6.8,34.0,27.2,False,8.5,8.5,True
500425,1280,P03,MS-SER-VTC30,1,34.0,0.0,34.0,34.0,False,8.5,8.5,True
500426,1281,P01,MS-CLN-GEL150,1,22.0,4.4,22.0,17.6,False,4.8,4.8,True
500427,1281,P07,MS-MOI-SPF50,1,32.0,6.4,32.0,25.6,False,7.8,7.8,True
500428,1282,P06,MS-TRT-RET50,1,44.0,8.8,44.0,35.2,False,10.5,10.5,True
500429,1282,P03,MS-SER-VTC30,1,34.0,6.8,34.0,27.2,False,8.5,8.5,True
500430,1283,P03,MS-SER-VTC30,1,34.0,6.8,34.0,27.2,False,8.5,8.5,True
500431,1284,P04,MS-SER-HYA30,1,34.0,6.8,34.0,27.2,False,7.2,7.2,True
500432,1285,P06,MS-TRT-RET50,1,44.0,14.08,44.0,29.92,False,10.5,10.5,True
500433,1285,P01,MS-CLN-GEL150,1,22.0,7.04,22.0,14.96,False,4.8,4.8,True
500434,1286,P01,MS-CLN-GEL150,1,22.0,0.0,22.0,22.0,False,4.8,4.8,True
500435,1286,P07,MS-MOI-SPF50,1,32.0,0.0,32.0,32.0,False,7.8,7.8,True
500436,1286,P06,MS-TRT-RET50,1,44.0,0.0,44.0,44.0,False,10.5,10.5,True
500437,1287,P04,MS-SER-HYA30,1,34.0,6.8,34.0,27.2,False,7.2,7.2,True
500438,1288,P10,MS-MSK-CLY100,1,26.0,5.2,26.0,20.8,False,6.0,6.0,True
500439,1289,P03,MS-SER-VTC30,1,34.0,6.8,34.0,27.2,False,8.5,8.5,True
500440,1289,P06,MS-TRT-RET50,1,44.0,8.8,44.0,35.2,False,10.5,10.5,True
500441,1290,P10,MS-MSK-CLY100,1,26.0,5.2,26.0,20.8,False,6.0,6.0,True
500442,1290,P06,MS-TRT-RET50,1,44.0,8.8,44.0,35.2,False,10.5,10.5,True
500443,1291,P02,MS-CLN-CRM150,1,24.0,4.8,24.0,19.2,False,5.4,5.4,True
500444,1292,P12,MS-SET-RTN3,1,84.0,0.0,84.0,84.0,False,21.1,21.1,True
500445,1292,P03,MS-SER-VTC30,1,34.0,0.0,34.0,34.0,False,8.5,8.5,True
500446,1292,P04,MS-SER-HYA30,1,34.0,0.0,34.0,34.0,False,7.2,7.2,True
500447,1293,P12,MS-SET-RTN3,1,84.0,16.8,84.0,67.2,False,21.1,21.1,True
500448,1293,P07,MS-MOI-SPF50,1,32.0,6.4,32.0,25.6,False,7.8,7.8,True
500449,1294,P01,MS-CLN-GEL150,1,22.0,4.4,22.0,17.6,False,4.8,4.8,True
500450,1294,P10,MS-MSK-CLY100,1,26.0,5.2,26.0,20.8,False,6.0,6.0,True
500451,1294,P05,MS-SER-NIA30,1,29.0,5.8,29.0,23.2,False,5.9,5.9,True
500452,1295,P04,MS-SER-HYA30,1,34.0,0.0,34.0,34.0,False,7.2,7.2,True
500453,1296,P05,MS-SER-NIA30,2,29.0,11.6,58.0,46.4,False,5.9,11.8,True
500454,1297,P11,MS-BDY-LOT400,1,28.0,5.6,28.0,22.4,False,8.5,8.5,True
500455,1298,P05,MS-SER-NIA30,1,29.0,5.8,29.0,23.2,False,5.9,5.9,True
500456,1299,P03,MS-SER-VTC30,2,34.0,13.6,68.0,54.4,False,8.5,17.0,True
500457,1300,P01,MS-CLN-GEL150,1,22.0,7.04,22.0,14.96,False,4.8,4.8,True
500458,1300,P03,MS-SER-VTC30,1,34.0,10.88,34.0,23.119999999999997,False,8.5,8.5,True
500459,1301,P03,MS-SER-VTC30,1,34.0,6.8,34.0,27.2,False,8.5,8.5,True
500460,1302,P03,MS-SER-VTC30,1,34.0,0.0,34.0,34.0,False,8.5,8.5,True
500461,1303,P07,MS-MOI-SPF50,1,32.0,0.0,32.0,32.0,False,7.8,7.8,True
500462,1303,P04,MS-SER-HYA30,1,34.0,0.0,34.0,34.0,False,7.2,7.2,True
500463,1304,P07,MS-MOI-SPF50,1,32.0,6.4,32.0,25.6,False,7.8,7.8,True
500464,1304,P03,MS-SER-VTC30,1,34.0,6.8,34.0,27.2,False,8.5,8.5,True
500465,1305,P03,MS-SER-VTC30,1,34.0,0.0,34.0,34.0,False,8.5,8.5,True
500466,1305,P12,MS-SET-RTN3,1,84.0,0.0,84.0,84.0,False,21.1,21.1,True
500467,1306,P03,MS-SER-VTC30,1,34.0,5.1,34.0,28.9,False,8.5,8.5,True
500468,1306,P11,MS-BDY-LOT400,1,28.0,4.2,28.0,23.8,False,8.5,8.5,True
500469,1307,P05,MS-SER-NIA30,1,29.0,4.35,29.0,24.65,False,5.9,5.9,True
500470,1307,P03,MS-SER-VTC30,2,34.0,10.2,68.0,57.8,False,8.5,17.0,True
500471,1308,P06,MS-TRT-RET50,1,44.0,0.0,44.0,44.0,False,10.5,10.5,True
500472,1309,P06,MS-TRT-RET50,1,44.0,0.0,44.0,44.0,False,10.5,10.5,True
500473,1310,P05,MS-SER-NIA30,1,29.0,0.0,29.0,29.0,False,5.9,5.9,True
500474,1310,P07,MS-MOI-SPF50,1,32.0,0.0,32.0,32.0,False,7.8,7.8,True
500475,1310,P03,MS-SER-VTC30,1,34.0,0.0,34.0,34.0,False,8.5,8.5,True
500476,1311,P03,MS-SER-VTC30,1,34.0,6.8,34.0,27.2,False,8.5,8.5,True
500477,1312,P06,MS-TRT-RET50,2,44.0,0.0,88.0,88.0,False,10.5,21.0,True
500478,1312,P05,MS-SER-NIA30,1,29.0,0.0,29.0,29.0,False,5.9,5.9,True
500479,1313,P05,MS-SER-NIA30,1,29.0,5.8,29.0,23.2,False,5.9,5.9,True
500480,1314,P03,MS-SER-VTC30,1,34.0,6.8,34.0,27.2,False,8.5,8.5,True
500481,1314,P07,MS-MOI-SPF50,1,32.0,6.4,32.0,25.6,False,7.8,7.8,True
500482,1314,P01,MS-CLN-GEL150,1,22.0,4.4,22.0,17.6,False,4.8,4.8,True
500483,1315,P01,MS-CLN-GEL150,2,22.0,8.8,44.0,35.2,False,4.8,9.6,True
500484,1315,P03,MS-SER-VTC30,1,34.0,6.8,34.0,27.2,False,8.5,8.5,True
500485,1316,P06,MS-TRT-RET50,1,44.0,8.8,44.0,35.2,False,10.5,10.5,True
500486,1317,P04,MS-SER-HYA30,1,34.0,0.0,34.0,34.0,False,7.2,7.2,True
500487,1317,P02,MS-CLN-CRM150,1,24.0,0.0,24.0,24.0,False,5.4,5.4,True
500488,1317,P11,MS-BDY-LOT400,1,28.0,0.0,28.0,28.0,False,8.5,8.5,True
500489,1318,P03,MS-SER-VTC30,1,34.0,5.1,34.0,28.9,False,8.5,8.5,True
500490,1319,P01,MS-CLN-GEL150,1,22.0,4.4,22.0,17.6,False,4.8,4.8,True
500491,1320,P04,MS-SER-HYA30,1,34.0,6.8,34.0,27.2,False,7.2,7.2,True
500492,1321,P04,MS-SER-HYA30,1,34.0,0.0,34.0,34.0,False,7.2,7.2,True
500493,1322,P03,MS-SER-VTC30,1,34.0,0.0,34.0,34.0,False,8.5,8.5,True
500494,1322,P01,MS-CLN-GEL150,1,22.0,0.0,22.0,22.0,False,4.8,4.8,True
500495,1322,P04,MS-SER-HYA30,1,34.0,0.0,34.0,34.0,False,7.2,7.2,True
500496,1322,P12,MS-SET-RTN3,1,84.0,0.0,84.0,84.0,False,21.1,21.1,True
500497,1323,P10,MS-MSK-CLY100,1,26.0,5.2,26.0,20.8,False,6.0,6.0,True
500498,1323,P12,MS-SET-RTN3,1,84.0,16.8,84.0,67.2,False,21.1,21.1,True
500499,1324,P06,MS-TRT-RET50,1,44.0,6.6,44.0,37.4,False,10.5,10.5,True
500500,1325,P03,MS-SER-VTC30,1,34.0,5.1,34.0,28.9,False,8.5,8.5,True
500501,1326,P03,MS-SER-VTC30,1,34.0,5.1,34.0,28.9,False,8.5,8.5,True
500502,1326,P02,MS-CLN-CRM150,1,24.0,3.6,24.0,20.4,False,5.4,5.4,True
500503,1327,P01,MS-CLN-GEL150,1,22.0,7.04,22.0,14.96,False,4.8,4.8,True
500504,1327,P07,MS-MOI-SPF50,1,32.0,10.24,32.0,21.759999999999998,False,7.8,7.8,True
500505,1328,P02,MS-CLN-CRM150,1,24.0,4.8,24.0,19.2,False,5.4,5.4,True
500506,1329,P10,MS-MSK-CLY100,1,26.0,8.32,26.0,17.68,False,6.0,6.0,True
500507,1330,P02,MS-CLN-CRM150,1,24.0,0.0,24.0,24.0,False,5.4,5.4,True
500508,1330,P11,MS-BDY-LOT400,2,28.0,0.0,56.0,56.0,False,8.5,17.0,True
500509,1330,P01,MS-CLN-GEL150,2,22.0,0.0,44.0,44.0,False,4.8,9.6,True
500510,1331,P11,MS-BDY-LOT400,1,28.0,5.6,28.0,22.4,False,8.5,8.5,True
500511,1331,P01,MS-CLN-GEL150,1,22.0,4.4,22.0,17.6,False,4.8,4.8,True
500512,1331,P04,MS-SER-HYA30,1,34.0,6.8,34.0,27.2,False,7.2,7.2,True
500513,1332,P03,MS-SER-VTC30,1,34.0,6.8,34.0,27.2,False,8.5,8.5,True
500514,1332,P01,MS-CLN-GEL150,1,22.0,4.4,22.0,17.6,False,4.8,4.8,True
500515,1333,P05,MS-SER-NIA30,1,29.0,5.8,29.0,23.2,False,5.9,5.9,True
500516,1334,P12,MS-SET-RTN3,1,84.0,12.6,84.0,71.4,False,21.1,21.1,True
500517,1335,P03,MS-SER-VTC30,1,34.0,6.8,34.0,27.2,False,8.5,8.5,True
500518,1335,P07,MS-MOI-SPF50,1,32.0,6.4,32.0,25.6,False,7.8,7.8,True
500519,1336,P04,MS-SER-HYA30,1,34.0,0.0,34.0,34.0,False,7.2,7.2,True
500520,1336,P06,MS-TRT-RET50,1,44.0,0.0,44.0,44.0,False,10.5,10.5,True
500521,1336,P01,MS-CLN-GEL150,2,22.0,0.0,44.0,44.0,False,4.8,9.6,True
500522,1337,P05,MS-SER-NIA30,1,29.0,4.35,29.0,24.65,False,5.9,5.9,False
500523,1338,P10,MS-MSK-CLY100,1,26.0,5.2,26.0,20.8,False,6.0,6.0,True
500524,1339,P11,MS-BDY-LOT400,1,28.0,4.2,28.0,23.8,False,8.5,8.5,True
500525,1340,P03,MS-SER-VTC30,1,34.0,6.8,34.0,27.2,False,8.5,8.5,True
500526,1340,P05,MS-SER-NIA30,1,29.0,5.8,29.0,23.2,False,5.9,5.9,True
500527,1341,P12,MS-SET-RTN3,1,84.0,12.6,84.0,71.4,False,21.1,21.1,True
500528,1341,P04,MS-SER-HYA30,1,34.0,5.1,34.0,28.9,False,7.2,7.2,True
500529,1342,P03,MS-SER-VTC30,1,34.0,0.0,34.0,34.0,False,8.5,8.5,True
500530,1343,P01,MS-CLN-GEL150,1,22.0,4.4,22.0,17.6,False,4.8,4.8,True
500531,1344,P06,MS-TRT-RET50,2,44.0,0.0,88.0,88.0,False,10.5,21.0,True
500532,1345,P11,MS-BDY-LOT400,1,28.0,4.2,28.0,23.8,False,8.5,8.5,True
500533,1346,P03,MS-SER-VTC30,1,34.0,34.0,34.0,0.0,False,8.5,8.5,False
500534,1347,P05,MS-SER-NIA30,1,29.0,4.35,29.0,24.65,False,5.9,5.9,True
500535,1348,P05,MS-SER-NIA30,1,29.0,0.0,29.0,29.0,False,5.9,5.9,True
500536,1348,P03,MS-SER-VTC30,1,34.0,0.0,34.0,34.0,False,8.5,8.5,True
500537,1349,P11,MS-BDY-LOT400,2,28.0,0.0,56.0,56.0,False,8.5,17.0,True
500538,1350,P12,MS-SET-RTN3,1,84.0,12.6,84.0,71.4,False,21.1,21.1,True
500539,1351,P02,MS-CLN-CRM150,1,24.0,4.8,24.0,19.2,False,5.4,5.4,True
500540,1351,P06,MS-TRT-RET50,1,44.0,8.8,44.0,35.2,False,10.5,10.5,True
500541,1352,P06,MS-TRT-RET50,1,44.0,6.6,44.0,37.4,False,10.5,10.5,True
500542,1353,P01,MS-CLN-GEL150,1,22.0,4.4,22.0,17.6,False,4.8,4.8,True
500543,1353,P03,MS-SER-VTC30,1,34.0,6.8,34.0,27.2,False,8.5,8.5,True
500544,1353,P12,MS-SET-RTN3,1,84.0,16.8,84.0,67.2,False,21.1,21.1,True
500545,1353,P06,MS-TRT-RET50,1,44.0,8.8,44.0,35.2,False,10.5,10.5,True
500546,1354,P03,MS-SER-VTC30,2,34.0,13.6,68.0,54.4,False,8.5,17.0,True
500547,1355,P04,MS-SER-HYA30,1,34.0,0.0,34.0,34.0,False,7.2,7.2,True
500548,1356,P03,MS-SER-VTC30,1,34.0,10.88,34.0,23.119999999999997,False,8.5,8.5,True
500549,1356,P06,MS-TRT-RET50,1,44.0,14.08,44.0,29.92,False,10.5,10.5,True
500550,1357,P02,MS-CLN-CRM150,1,24.0,3.6,24.0,20.4,False,5.4,5.4,True
500551,1357,P03,MS-SER-VTC30,1,34.0,5.1,34.0,28.9,False,8.5,8.5,True
500552,1357,P01,MS-CLN-GEL150,1,22.0,3.3,22.0,18.7,False,4.8,4.8,True
500553,1358,P05,MS-SER-NIA30,1,29.0,0.0,29.0,29.0,False,5.9,5.9,True
500554,1359,P10,MS-MSK-CLY100,1,26.0,0.0,26.0,26.0,False,6.0,6.0,True
500555,1360,P03,MS-SER-VTC30,1,34.0,0.0,34.0,34.0,False,8.5,8.5,True
500556,1361,P03,MS-SER-VTC30,2,34.0,0.0,68.0,68.0,False,8.5,17.0,True
500557,1362,P01,MS-CLN-GEL150,1,22.0,0.0,22.0,22.0,False,4.8,4.8,True
500558,1363,P03,MS-SER-VTC30,1,34.0,0.0,34.0,34.0,False,8.5,8.5,True
500559,1364,P12,MS-SET-RTN3,1,84.0,12.6,84.0,71.4,False,21.1,21.1,True
500560,1364,P07,MS-MOI-SPF50,1,32.0,4.8,32.0,27.2,False,7.8,7.8,True
500561,1364,P10,MS-MSK-CLY100,1,26.0,3.9,26.0,22.1,False,6.0,6.0,True
500562,1365,P11,MS-BDY-LOT400,1,28.0,4.2,28.0,23.8,False,8.5,8.5,True
500563,1366,P07,MS-MOI-SPF50,1,32.0,4.8,32.0,27.2,False,7.8,7.8,True
500564,1366,P01,MS-CLN-GEL150,1,22.0,3.3,22.0,18.7,False,4.8,4.8,True
500565,1367,P04,MS-SER-HYA30,1,34.0,5.1,34.0,28.9,False,7.2,7.2,True
500566,1367,P01,MS-CLN-GEL150,1,22.0,3.3,22.0,18.7,False,4.8,4.8,True
500567,1368,P05,MS-SER-NIA30,1,29.0,4.35,29.0,24.65,False,5.9,5.9,True
500568,1369,P02,MS-CLN-CRM150,1,24.0,0.0,24.0,24.0,False,5.4,5.4,True
500569,1370,P03,MS-SER-VTC30,1,34.0,5.1,34.0,28.9,False,8.5,8.5,True
500570,1370,P02,MS-CLN-CRM150,1,24.0,3.6,24.0,20.4,False,5.4,5.4,True
500571,1371,P01,MS-CLN-GEL150,1,22.0,0.0,22.0,22.0,False,4.8,4.8,True
500572,1371,P05,MS-SER-NIA30,1,29.0,0.0,29.0,29.0,False,5.9,5.9,True
500573,1371,P04,MS-SER-HYA30,1,34.0,0.0,34.0,34.0,False,7.2,7.2,True
500574,1371,P06,MS-TRT-RET50,1,44.0,0.0,44.0,44.0,False,10.5,10.5,True
500575,1372,P04,MS-SER-HYA30,1,34.0,5.1,34.0,28.9,False,7.2,7.2,True
500576,1372,P01,MS-CLN-GEL150,1,22.0,3.3,22.0,18.7,False,4.8,4.8,True
500577,1372,P05,MS-SER-NIA30,1,29.0,4.35,29.0,24.65,False,5.9,5.9,True
500578,1372,P10,MS-MSK-CLY100,1,26.0,3.9,26.0,22.1,False,6.0,6.0,True
500579,1373,P04,MS-SER-HYA30,1,34.0,0.0,34.0,34.0,False,7.2,7.2,True
500580,1374,P03,MS-SER-VTC30,1,34.0,0.0,34.0,34.0,False,8.5,8.5,True
500581,1375,P06,MS-TRT-RET50,1,44.0,0.0,44.0,44.0,False,10.5,10.5,True
500582,1376,P03,MS-SER-VTC30,1,34.0,0.0,34.0,34.0,False,8.5,8.5,True
500583,1376,P04,MS-SER-HYA30,1,34.0,0.0,34.0,34.0,False,7.2,7.2,True
500584,1377,P02,MS-CLN-CRM150,1,24.0,0.0,24.0,24.0,False,5.4,5.4,True
500585,1377,P04,MS-SER-HYA30,2,34.0,0.0,68.0,68.0,False,7.2,14.4,True
500586,1378,P02,MS-CLN-CRM150,1,24.0,0.0,24.0,24.0,False,5.4,5.4,True
500587,1378,P06,MS-TRT-RET50,1,44.0,0.0,44.0,44.0,False,10.5,10.5,True
500588,1378,P03,MS-SER-VTC30,1,34.0,0.0,34.0,34.0,False,8.5,8.5,True
500589,1379,P12,MS-SET-RTN3,1,84.0,12.6,84.0,71.4,False,21.1,21.1,True
500590,1380,P02,MS-CLN-CRM150,1,24.0,0.0,24.0,24.0,False,5.4,5.4,True
500591,1380,P04,MS-SER-HYA30,1,34.0,0.0,34.0,34.0,False,7.2,7.2,True
500592,1381,P05,MS-SER-NIA30,1,29.0,0.0,29.0,29.0,False,5.9,5.9,True
500593,1382,P03,MS-SER-VTC30,1,34.0,0.0,34.0,34.0,False,8.5,8.5,True
500594,1382,P06,MS-TRT-RET50,1,44.0,0.0,44.0,44.0,False,10.5,10.5,True
500595,1383,P01,MS-CLN-GEL150,2,22.0,0.0,44.0,44.0,False,4.8,9.6,True
500596,1384,P03,MS-SER-VTC30,1,34.0,5.1,34.0,28.9,False,8.5,8.5,True
500597,1385,P03,MS-SER-VTC30,1,34.0,5.1,34.0,28.9,False,8.5,8.5,True
500598,1386,P04,MS-SER-HYA30,1,34.0,0.0,34.0,34.0,False,7.2,7.2,True
500599,1386,P07,MS-MOI-SPF50,1,32.0,0.0,32.0,32.0,False,7.8,7.8,True
500600,1387,P12,MS-SET-RTN3,1,84.0,8.4,84.0,75.6,False,21.1,21.1,True
500601,1387,P04,MS-SER-HYA30,1,34.0,3.4,34.0,30.6,False,7.2,7.2,True
500602,1388,P01,MS-CLN-GEL150,1,22.0,5.17,22.0,16.83,False,4.8,4.8,True
500603,1389,P03,MS-SER-VTC30,1,34.0,0.0,34.0,34.0,False,8.5,8.5,True
500604,1390,P03,MS-SER-VTC30,1,34.0,5.1,34.0,28.9,False,8.5,8.5,True
500605,1390,P01,MS-CLN-GEL150,1,22.0,3.3,22.0,18.7,False,4.8,4.8,True
500606,1391,P12,MS-SET-RTN3,1,84.0,12.6,84.0,71.4,False,21.1,21.1,True
500607,1392,P03,MS-SER-VTC30,1,34.0,0.0,34.0,34.0,False,8.5,8.5,True
500608,1393,P03,MS-SER-VTC30,2,34.0,0.0,68.0,68.0,False,8.5,17.0,True
500609,1394,P01,MS-CLN-GEL150,1,22.0,3.3,22.0,18.7,False,4.8,4.8,True
500610,1394,P05,MS-SER-NIA30,2,29.0,8.7,58.0,49.3,False,5.9,11.8,True
500611,1395,P06,MS-TRT-RET50,1,44.0,0.0,44.0,44.0,False,10.5,10.5,True
500612,1396,P05,MS-SER-NIA30,1,29.0,4.35,29.0,24.65,False,5.9,5.9,True
500613,1396,P07,MS-MOI-SPF50,1,32.0,4.8,32.0,27.2,False,7.8,7.8,True
500614,1397,P03,MS-SER-VTC30,2,34.0,0.0,68.0,68.0,False,8.5,17.0,True
500615,1397,P07,MS-MOI-SPF50,1,32.0,0.0,32.0,32.0,False,7.8,7.8,True
500616,1398,P01,MS-CLN-GEL150,1,22.0,0.0,22.0,22.0,False,4.8,4.8,True
500617,1398,P07,MS-MOI-SPF50,1,32.0,0.0,32.0,32.0,False,7.8,7.8,True
500618,1399,P03,MS-SER-VTC30,1,34.0,0.0,34.0,34.0,False,8.5,8.5,True
500619,1399,P01,MS-CLN-GEL150,1,22.0,0.0,22.0,22.0,False,4.8,4.8,True
500620,1400,P06,MS-TRT-RET50,1,44.0,0.0,44.0,44.0,False,10.5,10.5,True
500621,1401,P02,MS-CLN-CRM150,1,24.0,2.88,24.0,21.12,False,5.4,5.4,True
500622,1401,P11,MS-BDY-LOT400,1,28.0,3.36,28.0,24.64,False,8.5,8.5,True
500623,1402,P04,MS-SER-HYA30,1,34.0,0.0,34.0,34.0,False,7.2,7.2,True
500624,1403,P07,MS-MOI-SPF50,1,32.0,0.0,32.0,32.0,False,7.8,7.8,True
500625,1403,P01,MS-CLN-GEL150,1,22.0,0.0,22.0,22.0,False,4.8,4.8,True
500626,1404,P04,MS-SER-HYA30,1,34.0,3.4,34.0,30.6,False,7.2,7.2,True
500627,1404,P07,MS-MOI-SPF50,1,32.0,3.2,32.0,28.8,False,7.8,7.8,True
500628,1405,P04,MS-SER-HYA30,2,34.0,0.0,68.0,68.0,False,7.2,14.4,True
500629,1405,P11,MS-BDY-LOT400,1,28.0,0.0,28.0,28.0,False,8.5,8.5,True
500630,1405,P03,MS-SER-VTC30,1,34.0,0.0,34.0,34.0,False,8.5,8.5,True
500631,1406,P03,MS-SER-VTC30,1,34.0,0.0,34.0,34.0,False,8.5,8.5,True
500632,1406,P07,MS-MOI-SPF50,1,32.0,0.0,32.0,32.0,False,7.8,7.8,True
500633,1406,P04,MS-SER-HYA30,1,34.0,0.0,34.0,34.0,False,7.2,7.2,True
500634,1407,P03,MS-SER-VTC30,1,34.0,3.4,34.0,30.6,False,8.5,8.5,True
500635,1408,P03,MS-SER-VTC30,1,34.0,0.0,34.0,34.0,False,8.5,8.5,True
500636,1409,P04,MS-SER-HYA30,1,34.0,3.4,34.0,30.6,False,7.2,7.2,True
500637,1410,P12,MS-SET-RTN3,1,84.0,0.0,84.0,84.0,False,21.1,21.1,True
500638,1410,P07,MS-MOI-SPF50,1,32.0,0.0,32.0,32.0,False,7.8,7.8,True
500639,1411,P10,MS-MSK-CLY100,1,26.0,0.0,26.0,26.0,False,6.0,6.0,True
500640,1412,P05,MS-SER-NIA30,1,29.0,0.0,29.0,29.0,False,5.9,5.9,True
500641,1413,P12,MS-SET-RTN3,1,84.0,0.0,84.0,84.0,False,21.1,21.1,True
500642,1414,P07,MS-MOI-SPF50,1,32.0,4.8,32.0,27.2,False,7.8,7.8,True
500643,1415,P02,MS-CLN-CRM150,1,24.0,0.0,24.0,24.0,False,5.4,5.4,True
500644,1415,P07,MS-MOI-SPF50,1,32.0,0.0,32.0,32.0,False,7.8,7.8,True
500645,1416,P11,MS-BDY-LOT400,1,28.0,4.2,28.0,23.8,False,8.5,8.5,True
500646,1417,P02,MS-CLN-CRM150,1,24.0,0.0,24.0,24.0,False,5.4,5.4,True
500647,1417,P03,MS-SER-VTC30,1,34.0,0.0,34.0,34.0,False,8.5,8.5,True
500648,1418,P11,MS-BDY-LOT400,1,28.0,2.8,28.0,25.2,False,8.5,8.5,True
500649,1419,P12,MS-SET-RTN3,1,84.0,12.6,84.0,71.4,False,21.1,21.1,True
500650,1420,P02,MS-CLN-CRM150,1,24.0,0.0,24.0,24.0,False,5.4,5.4,True
500651,1421,P02,MS-CLN-CRM150,2,24.0,0.0,48.0,48.0,False,5.4,10.8,True
500652,1422,P01,MS-CLN-GEL150,1,22.0,3.3,22.0,18.7,False,4.8,4.8,True
500653,1423,P11,MS-BDY-LOT400,1,28.0,0.0,28.0,28.0,False,8.5,8.5,True
500654,1423,P05,MS-SER-NIA30,2,29.0,0.0,58.0,58.0,False,5.9,11.8,True
500655,1424,P05,MS-SER-NIA30,1,29.0,4.35,29.0,24.65,False,5.9,5.9,True
500656,1425,P03,MS-SER-VTC30,1,34.0,0.0,34.0,34.0,False,8.5,8.5,True
500657,1426,P02,MS-CLN-CRM150,2,24.0,0.0,48.0,48.0,False,5.4,10.8,True
500658,1426,P05,MS-SER-NIA30,1,29.0,0.0,29.0,29.0,False,5.9,5.9,True
500659,1426,P01,MS-CLN-GEL150,1,22.0,0.0,22.0,22.0,False,4.8,4.8,True
500660,1427,P10,MS-MSK-CLY100,1,26.0,3.9,26.0,22.1,False,6.0,6.0,True
500661,1428,P07,MS-MOI-SPF50,1,32.0,0.0,32.0,32.0,False,7.8,7.8,True
500662,1429,P03,MS-SER-VTC30,1,34.0,5.1,34.0,28.9,False,8.5,8.5,True
500663,1430,P10,MS-MSK-CLY100,1,26.0,0.0,26.0,26.0,False,6.0,6.0,True
500664,1431,P04,MS-SER-HYA30,1,34.0,5.1,34.0,28.9,False,7.2,7.2,True
500665,1432,P01,MS-CLN-GEL150,1,22.0,0.0,22.0,22.0,False,4.8,4.8,True
500666,1433,P06,MS-TRT-RET50,1,44.0,6.6,44.0,37.4,False,10.5,10.5,True
500667,1434,P06,MS-TRT-RET50,1,44.0,0.0,44.0,44.0,False,10.5,10.5,True
500668,1435,P05,MS-SER-NIA30,1,29.0,0.0,29.0,29.0,False,5.9,5.9,True
500669,1436,P12,MS-SET-RTN3,1,84.0,12.6,84.0,71.4,False,21.1,21.1,True
500670,1437,P05,MS-SER-NIA30,2,29.0,5.8,58.0,52.2,False,5.9,11.8,True
500671,1438,P03,MS-SER-VTC30,1,34.0,5.1,34.0,28.9,False,8.5,8.5,True
500672,1439,P11,MS-BDY-LOT400,1,28.0,4.2,28.0,23.8,False,8.5,8.5,True
500673,1439,P06,MS-TRT-RET50,1,44.0,6.6,44.0,37.4,False,10.5,10.5,True
500674,1440,P11,MS-BDY-LOT400,1,28.0,4.2,28.0,23.8,False,8.5,8.5,True
500675,1441,P05,MS-SER-NIA30,1,29.0,0.0,29.0,29.0,False,5.9,5.9,True
500676,1442,P05,MS-SER-NIA30,1,29.0,0.0,29.0,29.0,False,5.9,5.9,True
500677,1443,P06,MS-TRT-RET50,2,44.0,0.0,88.0,88.0,False,10.5,21.0,True
500678,1443,P12,MS-SET-RTN3,1,84.0,0.0,84.0,84.0,False,21.1,21.1,True
500679,1444,P07,MS-MOI-SPF50,1,32.0,4.8,32.0,27.2,False,7.8,7.8,True
500680,1445,P12,MS-SET-RTN3,1,84.0,0.0,84.0,84.0,False,21.1,21.1,True
500681,1446,P02,MS-CLN-CRM150,1,24.0,0.0,24.0,24.0,False,5.4,5.4,True
500682,1446,P12,MS-SET-RTN3,1,84.0,0.0,84.0,84.0,False,21.1,21.1,True
500683,1447,P04,MS-SER-HYA30,1,34.0,0.0,34.0,34.0,False,7.2,7.2,True
500684,1447,P06,MS-TRT-RET50,1,44.0,0.0,44.0,44.0,False,10.5,10.5,True
500685,1448,P03,MS-SER-VTC30,1,34.0,4.08,34.0,29.92,False,8.5,8.5,True
500686,1449,P07,MS-MOI-SPF50,2,32.0,6.4,64.0,57.6,False,7.8,15.6,True
500687,1450,P03,MS-SER-VTC30,1,34.0,3.4,34.0,30.6,False,8.5,8.5,True
500688,1451,P01,MS-CLN-GEL150,1,22.0,2.2,22.0,19.8,False,4.8,4.8,True
500689,1452,P03,MS-SER-VTC30,1,34.0,5.1,34.0,28.9,False,8.5,8.5,True
500690,1453,P10,MS-MSK-CLY100,1,26.0,0.0,26.0,26.0,False,6.0,6.0,True
500691,1453,P04,MS-SER-HYA30,1,34.0,0.0,34.0,34.0,False,7.2,7.2,True
500692,1454,P10,MS-MSK-CLY100,1,26.0,3.9,26.0,22.1,False,6.0,6.0,True
500693,1454,P04,MS-SER-HYA30,1,34.0,5.1,34.0,28.9,False,7.2,7.2,True
500694,1454,P11,MS-BDY-LOT400,1,28.0,4.2,28.0,23.8,False,8.5,8.5,True
500695,1455,P04,MS-SER-HYA30,1,34.0,0.0,34.0,34.0,False,7.2,7.2,True
500696,1456,P07,MS-MOI-SPF50,1,32.0,3.84,32.0,28.16,False,7.8,7.8,True
500697,1456,P03,MS-SER-VTC30,1,34.0,4.08,34.0,29.92,False,8.5,8.5,True
500698,1457,P01,MS-CLN-GEL150,1,22.0,0.0,22.0,22.0,False,4.8,4.8,True
500699,1458,P01,MS-CLN-GEL150,1,22.0,3.3,22.0,18.7,False,4.8,4.8,True
500700,1459,P10,MS-MSK-CLY100,1,26.0,2.6,26.0,23.4,False,6.0,6.0,True
500701,1459,P03,MS-SER-VTC30,2,34.0,6.8,68.0,61.2,False,8.5,17.0,True
500702,1460,P03,MS-SER-VTC30,1,34.0,5.1,34.0,28.9,False,8.5,8.5,True
500703,1461,P03,MS-SER-VTC30,1,34.0,0.0,34.0,34.0,False,8.5,8.5,True
500704,1462,P06,MS-TRT-RET50,1,44.0,4.4,44.0,39.6,False,10.5,10.5,True
500705,1463,P03,MS-SER-VTC30,1,34.0,5.1,34.0,28.9,False,8.5,8.5,True
500706,1464,P01,MS-CLN-GEL150,1,22.0,3.3,22.0,18.7,False,4.8,4.8,True
500707,1465,P05,MS-SER-NIA30,1,29.0,4.35,29.0,24.65,False,5.9,5.9,True
500708,1465,P06,MS-TRT-RET50,1,44.0,6.6,44.0,37.4,False,10.5,10.5,True
500709,1466,P03,MS-SER-VTC30,1,34.0,5.1,34.0,28.9,False,8.5,8.5,True
500710,1467,P01,MS-CLN-GEL150,1,22.0,3.3,22.0,18.7,False,4.8,4.8,True
500711,1468,P05,MS-SER-NIA30,2,29.0,8.7,58.0,49.3,False,5.9,11.8,True
500712,1468,P04,MS-SER-HYA30,2,34.0,10.2,68.0,57.8,False,7.2,14.4,True
500713,1469,P04,MS-SER-HYA30,1,34.0,5.1,34.0,28.9,False,7.2,7.2,True
500714,1469,P05,MS-SER-NIA30,1,29.0,4.35,29.0,24.65,False,5.9,5.9,True
500715,1469,P12,MS-SET-RTN3,1,84.0,12.6,84.0,71.4,False,21.1,21.1,True
500716,1469,P03,MS-SER-VTC30,1,34.0,5.1,34.0,28.9,False,8.5,8.5,True
500717,1470,P03,MS-SER-VTC30,1,34.0,5.1,34.0,28.9,False,8.5,8.5,True
500718,1470,P06,MS-TRT-RET50,1,44.0,6.6,44.0,37.4,False,10.5,10.5,True
500719,1471,P01,MS-CLN-GEL150,1,22.0,3.3,22.0,18.7,False,4.8,4.8,True
500720,1471,P03,MS-SER-VTC30,1,34.0,5.1,34.0,28.9,False,8.5,8.5,True
500721,1471,P02,MS-CLN-CRM150,1,24.0,3.6,24.0,20.4,False,5.4,5.4,True
500722,1472,P12,MS-SET-RTN3,1,84.0,8.4,84.0,75.6,False,21.1,21.1,True
500723,1473,P04,MS-SER-HYA30,1,34.0,5.1,34.0,28.9,False,7.2,7.2,True
500724,1474,P02,MS-CLN-CRM150,1,24.0,3.6,24.0,20.4,False,5.4,5.4,True
500725,1475,P06,MS-TRT-RET50,1,44.0,0.0,44.0,44.0,False,10.5,10.5,True
500726,1475,P04,MS-SER-HYA30,1,34.0,0.0,34.0,34.0,False,7.2,7.2,True
500727,1476,P01,MS-CLN-GEL150,2,22.0,6.6,44.0,37.4,False,4.8,9.6,True
500728,1477,P03,MS-SER-VTC30,1,34.0,9.44,34.0,24.560000000000002,False,8.5,8.5,True
500729,1478,P10,MS-MSK-CLY100,1,26.0,2.6,26.0,23.4,False,6.0,6.0,True
500730,1478,P01,MS-CLN-GEL150,1,22.0,2.2,22.0,19.8,False,4.8,4.8,True
500731,1478,P05,MS-SER-NIA30,1,29.0,2.9,29.0,26.1,False,5.9,5.9,True
500732,1479,P03,MS-SER-VTC30,1,34.0,3.4,34.0,30.6,False,8.5,8.5,True
500733,1480,P05,MS-SER-NIA30,1,29.0,4.35,29.0,24.65,False,5.9,5.9,True
500734,1480,P07,MS-MOI-SPF50,1,32.0,4.8,32.0,27.2,False,7.8,7.8,True
500735,1481,P03,MS-SER-VTC30,1,34.0,5.1,34.0,28.9,False,8.5,8.5,True
500736,1482,P12,MS-SET-RTN3,1,84.0,12.6,84.0,71.4,False,21.1,21.1,True
500737,1483,P01,MS-CLN-GEL150,1,22.0,0.0,22.0,22.0,False,4.8,4.8,True
500738,1483,P03,MS-SER-VTC30,1,34.0,0.0,34.0,34.0,False,8.5,8.5,True
500739,1484,P07,MS-MOI-SPF50,1,32.0,0.0,32.0,32.0,False,7.8,7.8,True
500740,1484,P12,MS-SET-RTN3,1,84.0,0.0,84.0,84.0,False,21.1,21.1,True
500741,1485,P07,MS-MOI-SPF50,1,32.0,8.88,32.0,23.119999999999997,False,7.8,7.8,True
500742,1485,P01,MS-CLN-GEL150,1,22.0,6.11,22.0,15.89,False,4.8,4.8,True
500743,1486,P11,MS-BDY-LOT400,1,28.0,7.06,28.0,20.94,False,8.5,8.5,True
500744,1487,P04,MS-SER-HYA30,1,34.0,5.1,34.0,28.9,False,7.2,7.2,True
500745,1488,P03,MS-SER-VTC30,2,34.0,0.0,68.0,68.0,False,8.5,17.0,True
500746,1489,P07,MS-MOI-SPF50,1,32.0,4.8,32.0,27.2,False,7.8,7.8,True
500747,1490,P04,MS-SER-HYA30,1,34.0,5.1,34.0,28.9,False,7.2,7.2,True
500748,1491,P03,MS-SER-VTC30,1,34.0,5.1,34.0,28.9,False,8.5,8.5,True
500749,1491,P12,MS-SET-RTN3,1,84.0,12.6,84.0,71.4,False,21.1,21.1,True
500750,1492,P01,MS-CLN-GEL150,1,22.0,3.3,22.0,18.7,False,4.8,4.8,True
500751,1493,P04,MS-SER-HYA30,1,34.0,5.1,34.0,28.9,False,7.2,7.2,True
500752,1494,P10,MS-MSK-CLY100,1,26.0,3.9,26.0,22.1,False,6.0,6.0,True
500753,1494,P04,MS-SER-HYA30,1,34.0,5.1,34.0,28.9,False,7.2,7.2,True
500754,1495,P03,MS-SER-VTC30,1,34.0,0.0,34.0,34.0,False,8.5,8.5,True
500755,1496,P06,MS-TRT-RET50,1,44.0,6.6,44.0,37.4,False,10.5,10.5,True
500756,1497,P10,MS-MSK-CLY100,1,26.0,3.9,26.0,22.1,False,6.0,6.0,True
500757,1498,P06,MS-TRT-RET50,1,44.0,6.6,44.0,37.4,False,10.5,10.5,True
500758,1498,P04,MS-SER-HYA30,1,34.0,5.1,34.0,28.9,False,7.2,7.2,True
500759,1499,P04,MS-SER-HYA30,1,34.0,5.1,34.0,28.9,False,7.2,7.2,True
500760,1500,P12,MS-SET-RTN3,1,84.0,12.6,84.0,71.4,False,21.1,21.1,True
500761,1501,P01,MS-CLN-GEL150,1,22.0,3.3,22.0,18.7,False,4.8,4.8,True
500762,1501,P04,MS-SER-HYA30,1,34.0,5.1,34.0,28.9,False,7.2,7.2,True
500763,1502,P03,MS-SER-VTC30,1,34.0,5.1,34.0,28.9,False,8.5,8.5,True
500764,1502,P02,MS-CLN-CRM150,1,24.0,3.6,24.0,20.4,False,5.4,5.4,True
500765,1503,P06,MS-TRT-RET50,1,44.0,6.6,44.0,37.4,False,10.5,10.5,True
500766,1504,P04,MS-SER-HYA30,1,34.0,5.1,34.0,28.9,False,7.2,7.2,True
500767,1504,P06,MS-TRT-RET50,1,44.0,6.6,44.0,37.4,False,10.5,10.5,True
500768,1505,P03,MS-SER-VTC30,1,34.0,5.1,34.0,28.9,False,8.5,8.5,True
500769,1505,P04,MS-SER-HYA30,1,34.0,5.1,34.0,28.9,False,7.2,7.2,True
500770,1506,P01,MS-CLN-GEL150,1,22.0,0.0,22.0,22.0,False,4.8,4.8,True
500771,1507,P10,MS-MSK-CLY100,1,26.0,0.0,26.0,26.0,False,6.0,6.0,True
500772,1507,P12,MS-SET-RTN3,1,84.0,0.0,84.0,84.0,False,21.1,21.1,True
500773,1507,P03,MS-SER-VTC30,1,34.0,0.0,34.0,34.0,False,8.5,8.5,True
500774,1508,P05,MS-SER-NIA30,2,29.0,8.7,58.0,49.3,False,5.9,11.8,True
500775,1509,P11,MS-BDY-LOT400,1,28.0,0.0,28.0,28.0,False,8.5,8.5,True
500776,1510,P01,MS-CLN-GEL150,1,22.0,0.0,22.0,22.0,False,4.8,4.8,True
500777,1511,P07,MS-MOI-SPF50,1,32.0,0.0,32.0,32.0,False,7.8,7.8,True
500778,1511,P12,MS-SET-RTN3,1,84.0,0.0,84.0,84.0,False,21.1,21.1,True
500779,1512,P12,MS-SET-RTN3,1,84.0,0.0,84.0,84.0,False,21.1,21.1,True
500780,1512,P07,MS-MOI-SPF50,1,32.0,0.0,32.0,32.0,False,7.8,7.8,True
500781,1513,P04,MS-SER-HYA30,1,34.0,0.0,34.0,34.0,False,7.2,7.2,True
500782,1514,P11,MS-BDY-LOT400,1,28.0,4.2,28.0,23.8,False,8.5,8.5,True
500783,1515,P03,MS-SER-VTC30,1,34.0,5.1,34.0,28.9,False,8.5,8.5,True
500784,1516,P12,MS-SET-RTN3,1,84.0,12.6,84.0,71.4,False,21.1,21.1,True
500785,1517,P03,MS-SER-VTC30,1,34.0,5.1,34.0,28.9,False,8.5,8.5,True
500786,1518,P12,MS-SET-RTN3,1,84.0,0.0,84.0,84.0,False,21.1,21.1,True
500787,1518,P04,MS-SER-HYA30,1,34.0,0.0,34.0,34.0,False,7.2,7.2,True
500788,1518,P10,MS-MSK-CLY100,1,26.0,0.0,26.0,26.0,False,6.0,6.0,True
500789,1519,P07,MS-MOI-SPF50,1,32.0,0.0,32.0,32.0,False,7.8,7.8,True
500790,1519,P03,MS-SER-VTC30,1,34.0,0.0,34.0,34.0,False,8.5,8.5,True
500791,1520,P03,MS-SER-VTC30,2,34.0,10.2,68.0,57.8,False,8.5,17.0,True
500792,1520,P06,MS-TRT-RET50,1,44.0,6.6,44.0,37.4,False,10.5,10.5,True
500793,1521,P01,MS-CLN-GEL150,1,22.0,0.0,22.0,22.0,False,4.8,4.8,True
500794,1521,P02,MS-CLN-CRM150,1,24.0,0.0,24.0,24.0,False,5.4,5.4,True
500795,1521,P07,MS-MOI-SPF50,1,32.0,0.0,32.0,32.0,False,7.8,7.8,True
500796,1522,P03,MS-SER-VTC30,2,34.0,0.0,68.0,68.0,False,8.5,17.0,True
500797,1523,P05,MS-SER-NIA30,1,29.0,0.0,29.0,29.0,False,5.9,5.9,True
500798,1524,P03,MS-SER-VTC30,1,34.0,0.0,34.0,34.0,False,8.5,8.5,True
500799,1525,P04,MS-SER-HYA30,1,34.0,5.1,34.0,28.9,False,7.2,7.2,True
500800,1526,P07,MS-MOI-SPF50,1,32.0,4.8,32.0,27.2,False,7.8,7.8,True
500801,1526,P12,MS-SET-RTN3,1,84.0,12.6,84.0,71.4,False,21.1,21.1,True
500802,1526,P03,MS-SER-VTC30,1,34.0,5.1,34.0,28.9,False,8.5,8.5,True
500803,1526,P01,MS-CLN-GEL150,1,22.0,3.3,22.0,18.7,False,4.8,4.8,True
500804,1527,P04,MS-SER-HYA30,1,34.0,5.1,34.0,28.9,False,7.2,7.2,True
500805,1527,P06,MS-TRT-RET50,1,44.0,6.6,44.0,37.4,False,10.5,10.5,True
500806,1527,P10,MS-MSK-CLY100,1,26.0,3.9,26.0,22.1,False,6.0,6.0,True
500807,1528,P10,MS-MSK-CLY100,1,26.0,0.0,26.0,26.0,False,6.0,6.0,True
500808,1529,P04,MS-SER-HYA30,1,34.0,0.0,34.0,34.0,False,7.2,7.2,True
500809,1529,P05,MS-SER-NIA30,2,29.0,0.0,58.0,58.0,False,5.9,11.8,True
500810,1530,P07,MS-MOI-SPF50,1,32.0,0.0,32.0,32.0,False,7.8,7.8,True
500811,1531,P10,MS-MSK-CLY100,1,26.0,0.0,26.0,26.0,False,6.0,6.0,True
500812,1532,P12,MS-SET-RTN3,1,84.0,0.0,84.0,84.0,False,21.1,21.1,True
500813,1533,P03,MS-SER-VTC30,1,34.0,0.0,34.0,34.0,False,8.5,8.5,True
500814,1533,P06,MS-TRT-RET50,1,44.0,0.0,44.0,44.0,False,10.5,10.5,True
500815,1534,P04,MS-SER-HYA30,1,34.0,0.0,34.0,34.0,False,7.2,7.2,True
500816,1534,P10,MS-MSK-CLY100,1,26.0,0.0,26.0,26.0,False,6.0,6.0,True
500817,1535,P11,MS-BDY-LOT400,1,28.0,0.0,28.0,28.0,False,8.5,8.5,True
500818,1536,P02,MS-CLN-CRM150,1,24.0,0.0,24.0,24.0,False,5.4,5.4,True
500819,1536,P05,MS-SER-NIA30,1,29.0,0.0,29.0,29.0,False,5.9,5.9,True
500820,1537,P04,MS-SER-HYA30,1,34.0,5.1,34.0,28.9,False,7.2,7.2,True
500821,1538,P12,MS-SET-RTN3,1,84.0,12.6,84.0,71.4,False,21.1,21.1,True
500822,1539,P03,MS-SER-VTC30,1,34.0,5.1,34.0,28.9,False,8.5,8.5,True
500823,1540,P01,MS-CLN-GEL150,1,22.0,0.0,22.0,22.0,False,4.8,4.8,True
500824,1541,P01,MS-CLN-GEL150,2,22.0,6.6,44.0,37.4,False,4.8,9.6,True
500825,1541,P04,MS-SER-HYA30,1,34.0,5.1,34.0,28.9,False,7.2,7.2,True
500826,1542,P02,MS-CLN-CRM150,1,24.0,3.6,24.0,20.4,False,5.4,5.4,True
500827,1542,P03,MS-SER-VTC30,1,34.0,5.1,34.0,28.9,False,8.5,8.5,True
500828,1543,P02,MS-CLN-CRM150,1,24.0,2.4,24.0,21.6,False,5.4,5.4,True
500829,1543,P04,MS-SER-HYA30,1,34.0,3.4,34.0,30.6,False,7.2,7.2,True
500830,1544,P06,MS-TRT-RET50,1,44.0,0.0,44.0,44.0,False,10.5,10.5,True
500831,1545,P11,MS-BDY-LOT400,1,28.0,0.0,28.0,28.0,False,8.5,8.5,True
500832,1545,P05,MS-SER-NIA30,1,29.0,0.0,29.0,29.0,False,5.9,5.9,True
500833,1546,P06,MS-TRT-RET50,1,44.0,0.0,44.0,44.0,False,10.5,10.5,True
500834,1547,P03,MS-SER-VTC30,1,34.0,0.0,34.0,34.0,False,8.5,8.5,True
500835,1547,P10,MS-MSK-CLY100,1,26.0,0.0,26.0,26.0,False,6.0,6.0,True
500836,1548,P03,MS-SER-VTC30,1,34.0,0.0,34.0,34.0,False,8.5,8.5,True
500837,1549,P07,MS-MOI-SPF50,1,32.0,0.0,32.0,32.0,False,7.8,7.8,True
500838,1549,P12,MS-SET-RTN3,1,84.0,0.0,84.0,84.0,False,21.1,21.1,True
500839,1549,P03,MS-SER-VTC30,1,34.0,0.0,34.0,34.0,False,8.5,8.5,True
500840,1549,P05,MS-SER-NIA30,1,29.0,0.0,29.0,29.0,False,5.9,5.9,True
500841,1550,P01,MS-CLN-GEL150,1,22.0,3.3,22.0,18.7,False,4.8,4.8,True
500842,1550,P04,MS-SER-HYA30,1,34.0,5.1,34.0,28.9,False,7.2,7.2,True
500843,1551,P07,MS-MOI-SPF50,1,32.0,4.8,32.0,27.2,False,7.8,7.8,True
500844,1552,P05,MS-SER-NIA30,1,29.0,0.0,29.0,29.0,False,5.9,5.9,True
500845,1553,P02,MS-CLN-CRM150,1,24.0,0.0,24.0,24.0,False,5.4,5.4,True
500846,1554,P07,MS-MOI-SPF50,1,32.0,4.8,32.0,27.2,False,7.8,7.8,True
500847,1555,P05,MS-SER-NIA30,1,29.0,0.0,29.0,29.0,False,5.9,5.9,True
500848,1556,P01,MS-CLN-GEL150,1,22.0,3.3,22.0,18.7,False,4.8,4.8,True
500849,1556,P06,MS-TRT-RET50,1,44.0,6.6,44.0,37.4,False,10.5,10.5,True
500850,1557,P05,MS-SER-NIA30,1,29.0,2.9,29.0,26.1,False,5.9,5.9,True
500851,1557,P01,MS-CLN-GEL150,1,22.0,2.2,22.0,19.8,False,4.8,4.8,True
500852,1558,P10,MS-MSK-CLY100,1,26.0,0.0,26.0,26.0,False,6.0,6.0,True
500853,1559,P03,MS-SER-VTC30,1,34.0,0.0,34.0,34.0,False,8.5,8.5,True
500854,1559,P02,MS-CLN-CRM150,1,24.0,0.0,24.0,24.0,False,5.4,5.4,True
500855,1559,P06,MS-TRT-RET50,1,44.0,0.0,44.0,44.0,False,10.5,10.5,True
500856,1560,P06,MS-TRT-RET50,1,44.0,0.0,44.0,44.0,False,10.5,10.5,True
500857,1561,P03,MS-SER-VTC30,1,34.0,0.0,34.0,34.0,False,8.5,8.5,True
500858,1561,P01,MS-CLN-GEL150,1,22.0,0.0,22.0,22.0,False,4.8,4.8,True
500859,1562,P01,MS-CLN-GEL150,1,22.0,0.0,22.0,22.0,False,4.8,4.8,True
500860,1562,P04,MS-SER-HYA30,1,34.0,0.0,34.0,34.0,False,7.2,7.2,True
500861,1562,P11,MS-BDY-LOT400,1,28.0,0.0,28.0,28.0,False,8.5,8.5,True
500862,1562,P03,MS-SER-VTC30,1,34.0,0.0,34.0,34.0,False,8.5,8.5,True
500863,1563,P04,MS-SER-HYA30,2,34.0,0.0,68.0,68.0,False,7.2,14.4,True
500864,1564,P02,MS-CLN-CRM150,1,24.0,0.0,24.0,24.0,False,5.4,5.4,True
500865,1564,P01,MS-CLN-GEL150,2,22.0,0.0,44.0,44.0,False,4.8,9.6,True
500866,1564,P07,MS-MOI-SPF50,1,32.0,0.0,32.0,32.0,False,7.8,7.8,True
500867,1565,P03,MS-SER-VTC30,1,34.0,0.0,34.0,34.0,False,8.5,8.5,True
500868,1565,P07,MS-MOI-SPF50,1,32.0,0.0,32.0,32.0,False,7.8,7.8,True
500869,1565,P04,MS-SER-HYA30,1,34.0,0.0,34.0,34.0,False,7.2,7.2,True
500870,1566,P04,MS-SER-HYA30,1,34.0,5.1,34.0,28.9,False,7.2,7.2,True
500871,1567,P03,MS-SER-VTC30,1,34.0,0.0,34.0,34.0,False,8.5,8.5,True
500872,1567,P11,MS-BDY-LOT400,1,28.0,0.0,28.0,28.0,False,8.5,8.5,True
500873,1567,P10,MS-MSK-CLY100,1,26.0,0.0,26.0,26.0,False,6.0,6.0,True
500874,1568,P01,MS-CLN-GEL150,1,22.0,0.0,22.0,22.0,False,4.8,4.8,True
500875,1569,P04,MS-SER-HYA30,1,34.0,0.0,34.0,34.0,False,7.2,7.2,True
500876,1570,P12,MS-SET-RTN3,1,84.0,10.08,84.0,73.92,False,21.1,21.1,True
500877,1570,P07,MS-MOI-SPF50,1,32.0,3.84,32.0,28.16,False,7.8,7.8,True
500878,1571,P06,MS-TRT-RET50,2,44.0,0.0,88.0,88.0,False,10.5,21.0,True
500879,1572,P01,MS-CLN-GEL150,1,22.0,2.2,22.0,19.8,False,4.8,4.8,True
500880,1572,P05,MS-SER-NIA30,1,29.0,2.9,29.0,26.1,False,5.9,5.9,True
500881,1572,P03,MS-SER-VTC30,1,34.0,3.4,34.0,30.6,False,8.5,8.5,True
500882,1572,P06,MS-TRT-RET50,1,44.0,4.4,44.0,39.6,False,10.5,10.5,True
500883,1573,P03,MS-SER-VTC30,1,34.0,0.0,34.0,34.0,False,8.5,8.5,True
500884,1574,P03,MS-SER-VTC30,1,34.0,34.0,34.0,0.0,False,8.5,8.5,False
500885,1575,P05,MS-SER-NIA30,1,29.0,0.0,29.0,29.0,False,5.9,5.9,True
500886,1576,P05,MS-SER-NIA30,2,29.0,0.0,58.0,58.0,False,5.9,11.8,True
500887,1576,P12,MS-SET-RTN3,1,84.0,0.0,84.0,84.0,False,21.1,21.1,True
500888,1576,P02,MS-CLN-CRM150,1,24.0,0.0,24.0,24.0,False,5.4,5.4,True
500889,1577,P03,MS-SER-VTC30,1,34.0,0.0,34.0,34.0,False,8.5,8.5,True
500890,1578,P11,MS-BDY-LOT400,1,28.0,4.2,28.0,23.8,False,8.5,8.5,True
500891,1579,P04,MS-SER-HYA30,1,34.0,0.0,34.0,34.0,False,7.2,7.2,True
500892,1579,P11,MS-BDY-LOT400,1,28.0,0.0,28.0,28.0,False,8.5,8.5,True
500893,1580,P02,MS-CLN-CRM150,1,24.0,0.0,24.0,24.0,False,5.4,5.4,True
500894,1580,P04,MS-SER-HYA30,1,34.0,0.0,34.0,34.0,False,7.2,7.2,True
500895,1580,P03,MS-SER-VTC30,1,34.0,0.0,34.0,34.0,False,8.5,8.5,True
500896,1581,P06,MS-TRT-RET50,1,44.0,6.6,44.0,37.4,False,10.5,10.5,True
500897,1582,P05,MS-SER-NIA30,1,29.0,4.35,29.0,24.65,False,5.9,5.9,True
500898,1583,P04,MS-SER-HYA30,2,34.0,0.0,68.0,68.0,False,7.2,14.4,True
500899,1584,P03,MS-SER-VTC30,1,34.0,0.0,34.0,34.0,False,8.5,8.5,True
500900,1584,P07,MS-MOI-SPF50,1,32.0,0.0,32.0,32.0,False,7.8,7.8,True
500901,1584,P06,MS-TRT-RET50,1,44.0,0.0,44.0,44.0,False,10.5,10.5,True
500902,1585,P01,MS-CLN-GEL150,1,22.0,0.0,22.0,22.0,False,4.8,4.8,True
500903,1586,P03,MS-SER-VTC30,2,34.0,0.0,68.0,68.0,False,8.5,17.0,True
500904,1586,P02,MS-CLN-CRM150,1,24.0,0.0,24.0,24.0,False,5.4,5.4,True
500905,1587,P07,MS-MOI-SPF50,1,32.0,3.84,32.0,28.16,False,7.8,7.8,True
500906,1587,P03,MS-SER-VTC30,1,34.0,4.08,34.0,29.92,False,8.5,8.5,True
500907,1588,P04,MS-SER-HYA30,1,34.0,5.1,34.0,28.9,False,7.2,7.2,True
500908,1589,P04,MS-SER-HYA30,1,34.0,7.99,34.0,26.009999999999998,False,7.2,7.2,True
500909,1589,P03,MS-SER-VTC30,1,34.0,7.99,34.0,26.009999999999998,False,8.5,8.5,True
500910,1590,P02,MS-CLN-CRM150,1,24.0,0.0,24.0,24.0,False,5.4,5.4,True
500911,1591,P06,MS-TRT-RET50,1,44.0,4.4,44.0,39.6,False,10.5,10.5,True
500912,1592,P03,MS-SER-VTC30,1,34.0,0.0,34.0,34.0,False,8.5,8.5,True
500913,1592,P10,MS-MSK-CLY100,1,26.0,0.0,26.0,26.0,False,6.0,6.0,True
500914,1592,P04,MS-SER-HYA30,1,34.0,0.0,34.0,34.0,False,7.2,7.2,True
500915,1593,P03,MS-SER-VTC30,1,34.0,0.0,34.0,34.0,False,8.5,8.5,True
500916,1593,P10,MS-MSK-CLY100,1,26.0,0.0,26.0,26.0,False,6.0,6.0,True
500917,1593,P01,MS-CLN-GEL150,1,22.0,0.0,22.0,22.0,False,4.8,4.8,True
500918,1593,P02,MS-CLN-CRM150,1,24.0,0.0,24.0,24.0,False,5.4,5.4,True
500919,1594,P01,MS-CLN-GEL150,1,22.0,0.0,22.0,22.0,False,4.8,4.8,True
500920,1594,P02,MS-CLN-CRM150,2,24.0,0.0,48.0,48.0,False,5.4,10.8,True
500921,1594,P05,MS-SER-NIA30,1,29.0,0.0,29.0,29.0,False,5.9,5.9,True
500922,1594,P07,MS-MOI-SPF50,1,32.0,0.0,32.0,32.0,False,7.8,7.8,True
500923,1595,P02,MS-CLN-CRM150,2,24.0,7.2,48.0,40.8,False,5.4,10.8,True
500924,1596,P07,MS-MOI-SPF50,2,32.0,0.0,64.0,64.0,False,7.8,15.6,True
500925,1597,P04,MS-SER-HYA30,2,34.0,8.16,68.0,59.84,False,7.2,14.4,True
500926,1597,P01,MS-CLN-GEL150,2,22.0,5.28,44.0,38.72,False,4.8,9.6,True
500927,1597,P10,MS-MSK-CLY100,1,26.0,3.12,26.0,22.88,False,6.0,6.0,True
500928,1597,P03,MS-SER-VTC30,1,34.0,4.08,34.0,29.92,False,8.5,8.5,True
500929,1598,P01,MS-CLN-GEL150,1,22.0,0.0,22.0,22.0,False,4.8,4.8,True
500930,1599,P02,MS-CLN-CRM150,1,24.0,0.0,24.0,24.0,False,5.4,5.4,True
500931,1600,P01,MS-CLN-GEL150,1,22.0,0.0,22.0,22.0,False,4.8,4.8,True
500932,1600,P06,MS-TRT-RET50,1,44.0,0.0,44.0,44.0,False,10.5,10.5,True
500933,1600,P11,MS-BDY-LOT400,1,28.0,0.0,28.0,28.0,False,8.5,8.5,True
500934,1600,P04,MS-SER-HYA30,1,34.0,0.0,34.0,34.0,False,7.2,7.2,True
500935,1601,P01,MS-CLN-GEL150,1,22.0,0.0,22.0,22.0,False,4.8,4.8,True
500936,1601,P03,MS-SER-VTC30,1,34.0,0.0,34.0,34.0,False,8.5,8.5,True
500937,1602,P05,MS-SER-NIA30,1,29.0,0.0,29.0,29.0,False,5.9,5.9,True
500938,1602,P03,MS-SER-VTC30,1,34.0,0.0,34.0,34.0,False,8.5,8.5,True
500939,1603,P11,MS-BDY-LOT400,1,28.0,0.0,28.0,28.0,False,8.5,8.5,True
500940,1603,P06,MS-TRT-RET50,1,44.0,0.0,44.0,44.0,False,10.5,10.5,True
500941,1604,P05,MS-SER-NIA30,2,29.0,0.0,58.0,58.0,False,5.9,11.8,True
500942,1604,P03,MS-SER-VTC30,2,34.0,0.0,68.0,68.0,False,8.5,17.0,True
500943,1605,P06,MS-TRT-RET50,1,44.0,4.4,44.0,39.6,False,10.5,10.5,True
500944,1606,P07,MS-MOI-SPF50,1,32.0,0.0,32.0,32.0,False,7.8,7.8,True
500945,1607,P06,MS-TRT-RET50,1,44.0,0.0,44.0,44.0,False,10.5,10.5,True
500946,1607,P05,MS-SER-NIA30,1,29.0,0.0,29.0,29.0,False,5.9,5.9,True
500947,1608,P01,MS-CLN-GEL150,1,22.0,0.0,22.0,22.0,False,4.8,4.8,True
500948,1609,P03,MS-SER-VTC30,1,34.0,0.0,34.0,34.0,False,8.5,8.5,True
500949,1609,P12,MS-SET-RTN3,1,84.0,0.0,84.0,84.0,False,21.1,21.1,True
500950,1609,P11,MS-BDY-LOT400,1,28.0,0.0,28.0,28.0,False,8.5,8.5,True
500951,1610,P12,MS-SET-RTN3,1,84.0,0.0,84.0,84.0,False,21.1,21.1,True
500952,1611,P01,MS-CLN-GEL150,1,22.0,3.3,22.0,18.7,False,4.8,4.8,True
500953,1612,P12,MS-SET-RTN3,1,84.0,0.0,84.0,84.0,False,21.1,21.1,True
500954,1612,P06,MS-TRT-RET50,1,44.0,0.0,44.0,44.0,False,10.5,10.5,True
500955,1613,P07,MS-MOI-SPF50,1,32.0,4.8,32.0,27.2,False,7.8,7.8,True
500956,1614,P05,MS-SER-NIA30,1,29.0,4.35,29.0,24.65,False,5.9,5.9,True
500957,1614,P08,MS-MOI-BAR50,1,36.0,5.4,36.0,30.6,False,8.0,8.0,True
500958,1615,P06,MS-TRT-RET50,2,44.0,13.2,88.0,74.8,False,10.5,21.0,True
500959,1615,P05,MS-SER-NIA30,1,29.0,4.35,29.0,24.65,False,5.9,5.9,True
500960,1616,P01,MS-CLN-GEL150,1,22.0,3.3,22.0,18.7,False,4.8,4.8,True
500961,1617,P06,MS-TRT-RET50,1,44.0,0.0,44.0,44.0,False,10.5,10.5,True
500962,1617,P03,MS-SER-VTC30,1,34.0,0.0,34.0,34.0,False,8.5,8.5,True
500963,1618,P03,MS-SER-VTC30,1,34.0,0.0,34.0,34.0,False,8.5,8.5,True
500964,1619,P11,MS-BDY-LOT400,1,28.0,4.2,28.0,23.8,False,8.5,8.5,True
500965,1619,P01,MS-CLN-GEL150,1,22.0,3.3,22.0,18.7,False,4.8,4.8,True
500966,1620,P07,MS-MOI-SPF50,1,32.0,4.8,32.0,27.2,False,7.8,7.8,True
500967,1620,P03,MS-SER-VTC30,1,34.0,5.1,34.0,28.9,False,8.5,8.5,True
500968,1621,P04,MS-SER-HYA30,1,34.0,5.1,34.0,28.9,False,7.2,7.2,True
500969,1622,P05,MS-SER-NIA30,1,29.0,0.0,29.0,29.0,False,5.9,5.9,True
500970,1623,P04,MS-SER-HYA30,2,34.0,0.0,68.0,68.0,False,7.2,14.4,True
500971,1623,P07,MS-MOI-SPF50,2,32.0,0.0,64.0,64.0,False,7.8,15.6,True
500972,1623,P01,MS-CLN-GEL150,2,22.0,0.0,44.0,44.0,False,4.8,9.6,True
500973,1624,P05,MS-SER-NIA30,1,29.0,2.9,29.0,26.1,False,5.9,5.9,True
500974,1625,P01,MS-CLN-GEL150,1,22.0,2.64,22.0,19.36,False,4.8,4.8,True
500975,1625,P10,MS-MSK-CLY100,1,26.0,3.12,26.0,22.88,False,6.0,6.0,True
500976,1625,P07,MS-MOI-SPF50,1,32.0,3.84,32.0,28.16,False,7.8,7.8,True
500977,1626,P08,MS-MOI-BAR50,1,36.0,5.4,36.0,30.6,False,8.0,8.0,True
500978,1626,P10,MS-MSK-CLY100,1,26.0,3.9,26.0,22.1,False,6.0,6.0,True
500979,1627,P03,MS-SER-VTC30,1,34.0,5.1,34.0,28.9,False,8.5,8.5,True
500980,1627,P07,MS-MOI-SPF50,1,32.0,4.8,32.0,27.2,False,7.8,7.8,True
500981,1628,P08,MS-MOI-BAR50,1,36.0,0.0,36.0,36.0,False,8.0,8.0,True
500982,1629,P03,MS-SER-VTC30,1,34.0,5.1,34.0,28.9,False,8.5,8.5,True
500983,1630,P06,MS-TRT-RET50,1,44.0,0.0,44.0,44.0,False,10.5,10.5,True
500984,1631,P01,MS-CLN-GEL150,1,22.0,0.0,22.0,22.0,False,4.8,4.8,True
500985,1632,P04,MS-SER-HYA30,1,34.0,0.0,34.0,34.0,False,7.2,7.2,True
500986,1633,P02,MS-CLN-CRM150,1,24.0,3.6,24.0,20.4,False,5.4,5.4,True
500987,1634,P10,MS-MSK-CLY100,1,26.0,0.0,26.0,26.0,False,6.0,6.0,True
500988,1635,P07,MS-MOI-SPF50,1,32.0,4.8,32.0,27.2,False,7.8,7.8,True
500989,1636,P12,MS-SET-RTN3,1,84.0,12.6,84.0,71.4,False,21.1,21.1,True
500990,1636,P04,MS-SER-HYA30,1,34.0,5.1,34.0,28.9,False,7.2,7.2,True
500991,1636,P03,MS-SER-VTC30,1,34.0,5.1,34.0,28.9,False,8.5,8.5,True
500992,1637,P04,MS-SER-HYA30,1,34.0,0.0,34.0,34.0,False,7.2,7.2,True
500993,1637,P11,MS-BDY-LOT400,1,28.0,0.0,28.0,28.0,False,8.5,8.5,True
500994,1637,P05,MS-SER-NIA30,2,29.0,0.0,58.0,58.0,False,5.9,11.8,True
500995,1637,P10,MS-MSK-CLY100,1,26.0,0.0,26.0,26.0,False,6.0,6.0,True
500996,1638,P06,MS-TRT-RET50,1,44.0,0.0,44.0,44.0,False,10.5,10.5,True
500997,1638,P04,MS-SER-HYA30,1,34.0,0.0,34.0,34.0,False,7.2,7.2,True
500998,1639,P06,MS-TRT-RET50,1,44.0,4.4,44.0,39.6,False,10.5,10.5,True
500999,1640,P12,MS-SET-RTN3,1,84.0,12.6,84.0,71.4,False,21.1,21.1,True
501000,1640,P03,MS-SER-VTC30,1,34.0,5.1,34.0,28.9,False,8.5,8.5,True
501001,1641,P03,MS-SER-VTC30,1,34.0,5.1,34.0,28.9,False,8.5,8.5,True
501002,1641,P01,MS-CLN-GEL150,1,22.0,3.3,22.0,18.7,False,4.8,4.8,True
501003,1641,P08,MS-MOI-BAR50,1,36.0,5.4,36.0,30.6,False,8.0,8.0,True
501004,1641,P04,MS-SER-HYA30,1,34.0,5.1,34.0,28.9,False,7.2,7.2,True
501005,1642,P03,MS-SER-VTC30,1,34.0,5.1,34.0,28.9,False,8.5,8.5,True
501006,1643,P03,MS-SER-VTC30,1,34.0,3.4,34.0,30.6,False,8.5,8.5,True
501007,1643,P06,MS-TRT-RET50,1,44.0,4.4,44.0,39.6,False,10.5,10.5,True
501008,1644,P03,MS-SER-VTC30,1,34.0,0.0,34.0,34.0,False,8.5,8.5,True
501009,1644,P10,MS-MSK-CLY100,1,26.0,0.0,26.0,26.0,False,6.0,6.0,True
501010,1644,P06,MS-TRT-RET50,1,44.0,0.0,44.0,44.0,False,10.5,10.5,True
501011,1644,P05,MS-SER-NIA30,1,29.0,0.0,29.0,29.0,False,5.9,5.9,True
501012,1645,P01,MS-CLN-GEL150,1,22.0,0.0,22.0,22.0,False,4.8,4.8,True
501013,1645,P05,MS-SER-NIA30,2,29.0,0.0,58.0,58.0,False,5.9,11.8,True
501014,1645,P04,MS-SER-HYA30,1,34.0,0.0,34.0,34.0,False,7.2,7.2,True
501015,1646,P07,MS-MOI-SPF50,1,32.0,0.0,32.0,32.0,False,7.8,7.8,True
501016,1647,P07,MS-MOI-SPF50,1,32.0,4.8,32.0,27.2,False,7.8,7.8,True
501017,1647,P01,MS-CLN-GEL150,1,22.0,3.3,22.0,18.7,False,4.8,4.8,True
501018,1648,P03,MS-SER-VTC30,1,34.0,5.1,34.0,28.9,False,8.5,8.5,True
501019,1649,P12,MS-SET-RTN3,1,84.0,12.6,84.0,71.4,False,21.1,21.1,True
501020,1649,P04,MS-SER-HYA30,1,34.0,5.1,34.0,28.9,False,7.2,7.2,True
501021,1650,P06,MS-TRT-RET50,1,44.0,6.6,44.0,37.4,False,10.5,10.5,True
501022,1651,P03,MS-SER-VTC30,1,34.0,5.1,34.0,28.9,False,8.5,8.5,True
501023,1652,P07,MS-MOI-SPF50,1,32.0,4.8,32.0,27.2,False,7.8,7.8,True
501024,1653,P10,MS-MSK-CLY100,1,26.0,3.9,26.0,22.1,False,6.0,6.0,True
501025,1654,P07,MS-MOI-SPF50,2,32.0,0.0,64.0,64.0,False,7.8,15.6,True
501026,1654,P10,MS-MSK-CLY100,1,26.0,0.0,26.0,26.0,False,6.0,6.0,True
501027,1655,P03,MS-SER-VTC30,1,34.0,0.0,34.0,34.0,False,8.5,8.5,True
501028,1656,P04,MS-SER-HYA30,1,34.0,0.0,34.0,34.0,False,7.2,7.2,True
501029,1657,P03,MS-SER-VTC30,1,34.0,3.4,34.0,30.6,False,8.5,8.5,True
501030,1658,P01,MS-CLN-GEL150,1,22.0,0.0,22.0,22.0,False,4.8,4.8,True
501031,1658,P08,MS-MOI-BAR50,2,36.0,0.0,72.0,72.0,False,8.0,16.0,True
501032,1659,P10,MS-MSK-CLY100,1,26.0,0.0,26.0,26.0,False,6.0,6.0,True
501033,1660,P02,MS-CLN-CRM150,1,24.0,0.0,24.0,24.0,False,5.4,5.4,True
501034,1660,P03,MS-SER-VTC30,1,34.0,0.0,34.0,34.0,False,8.5,8.5,True
501035,1660,P07,MS-MOI-SPF50,1,32.0,0.0,32.0,32.0,False,7.8,7.8,True
501036,1661,P05,MS-SER-NIA30,1,29.0,0.0,29.0,29.0,False,5.9,5.9,True
501037,1661,P10,MS-MSK-CLY100,1,26.0,0.0,26.0,26.0,False,6.0,6.0,True
501038,1661,P12,MS-SET-RTN3,1,84.0,0.0,84.0,84.0,False,21.1,21.1,True
501039,1661,P08,MS-MOI-BAR50,1,36.0,0.0,36.0,36.0,False,8.0,8.0,True
501040,1662,P02,MS-CLN-CRM150,1,24.0,0.0,24.0,24.0,False,5.4,5.4,True
501041,1662,P07,MS-MOI-SPF50,1,32.0,0.0,32.0,32.0,False,7.8,7.8,True
501042,1663,P03,MS-SER-VTC30,1,34.0,0.0,34.0,34.0,False,8.5,8.5,True
501043,1664,P01,MS-CLN-GEL150,1,22.0,0.0,22.0,22.0,False,4.8,4.8,True
501044,1664,P03,MS-SER-VTC30,2,34.0,0.0,68.0,68.0,False,8.5,17.0,True
501045,1665,P08,MS-MOI-BAR50,1,36.0,3.6,36.0,32.4,False,8.0,8.0,True
501046,1666,P04,MS-SER-HYA30,1,34.0,0.0,34.0,34.0,False,7.2,7.2,True
501047,1667,P03,MS-SER-VTC30,2,34.0,0.0,68.0,68.0,False,8.5,17.0,True
501048,1667,P01,MS-CLN-GEL150,1,22.0,0.0,22.0,22.0,False,4.8,4.8,True
501049,1667,P06,MS-TRT-RET50,1,44.0,0.0,44.0,44.0,False,10.5,10.5,True
501050,1668,P07,MS-MOI-SPF50,2,32.0,0.0,64.0,64.0,False,7.8,15.6,True
501051,1668,P02,MS-CLN-CRM150,1,24.0,0.0,24.0,24.0,False,5.4,5.4,True
501052,1669,P05,MS-SER-NIA30,1,29.0,4.35,29.0,24.65,False,5.9,5.9,True
501053,1670,P03,MS-SER-VTC30,1,34.0,0.0,34.0,34.0,False,8.5,8.5,True
501054,1671,P06,MS-TRT-RET50,1,44.0,0.0,44.0,44.0,False,10.5,10.5,True
501055,1672,P02,MS-CLN-CRM150,1,24.0,0.0,24.0,24.0,False,5.4,5.4,True
501056,1672,P03,MS-SER-VTC30,1,34.0,0.0,34.0,34.0,False,8.5,8.5,True
501057,1673,P04,MS-SER-HYA30,1,34.0,0.0,34.0,34.0,False,7.2,7.2,True
501058,1673,P08,MS-MOI-BAR50,1,36.0,0.0,36.0,36.0,False,8.0,8.0,True
501059,1674,P12,MS-SET-RTN3,1,84.0,0.0,84.0,84.0,False,21.1,21.1,True
501060,1675,P03,MS-SER-VTC30,1,34.0,0.0,34.0,34.0,False,8.5,8.5,True
501061,1676,P03,MS-SER-VTC30,1,34.0,5.1,34.0,28.9,False,8.5,8.5,True
501062,1677,P01,MS-CLN-GEL150,2,22.0,0.0,44.0,44.0,False,4.8,9.6,True
501063,1677,P05,MS-SER-NIA30,1,29.0,0.0,29.0,29.0,False,5.9,5.9,True
501064,1677,P03,MS-SER-VTC30,2,34.0,0.0,68.0,68.0,False,8.5,17.0,True
501065,1677,P06,MS-TRT-RET50,1,44.0,0.0,44.0,44.0,False,10.5,10.5,True
501066,1678,P01,MS-CLN-GEL150,2,22.0,0.0,44.0,44.0,False,4.8,9.6,True
501067,1678,P05,MS-SER-NIA30,1,29.0,0.0,29.0,29.0,False,5.9,5.9,True
501068,1679,P03,MS-SER-VTC30,1,34.0,0.0,34.0,34.0,False,8.5,8.5,True
501069,1679,P07,MS-MOI-SPF50,1,32.0,0.0,32.0,32.0,False,7.8,7.8,True
501070,1679,P11,MS-BDY-LOT400,1,28.0,0.0,28.0,28.0,False,8.5,8.5,True
501071,1679,P04,MS-SER-HYA30,1,34.0,0.0,34.0,34.0,False,7.2,7.2,True
501072,1680,P03,MS-SER-VTC30,2,34.0,0.0,68.0,68.0,False,8.5,17.0,True
501073,1680,P12,MS-SET-RTN3,1,84.0,0.0,84.0,84.0,False,21.1,21.1,True
501074,1681,P04,MS-SER-HYA30,1,34.0,5.1,34.0,28.9,False,7.2,7.2,True
501075,1682,P01,MS-CLN-GEL150,1,22.0,3.3,22.0,18.7,False,4.8,4.8,True
501076,1682,P07,MS-MOI-SPF50,1,32.0,4.8,32.0,27.2,False,7.8,7.8,True
501077,1683,P03,MS-SER-VTC30,1,34.0,0.0,34.0,34.0,False,8.5,8.5,True
501078,1684,P03,MS-SER-VTC30,1,34.0,3.4,34.0,30.6,False,8.5,8.5,True
501079,1685,P01,MS-CLN-GEL150,1,22.0,0.0,22.0,22.0,False,4.8,4.8,True
501080,1685,P03,MS-SER-VTC30,1,34.0,0.0,34.0,34.0,False,8.5,8.5,True
501081,1686,P05,MS-SER-NIA30,2,29.0,0.0,58.0,58.0,False,5.9,11.8,True
501082,1687,P04,MS-SER-HYA30,1,34.0,0.0,34.0,34.0,False,7.2,7.2,True
501083,1688,P03,MS-SER-VTC30,1,34.0,0.0,34.0,34.0,False,8.5,8.5,True
501084,1688,P05,MS-SER-NIA30,1,29.0,0.0,29.0,29.0,False,5.9,5.9,True
501085,1689,P01,MS-CLN-GEL150,1,22.0,3.3,22.0,18.7,False,4.8,4.8,True
501086,1690,P02,MS-CLN-CRM150,1,24.0,3.6,24.0,20.4,False,5.4,5.4,True
501087,1690,P01,MS-CLN-GEL150,1,22.0,3.3,22.0,18.7,False,4.8,4.8,True
501088,1691,P03,MS-SER-VTC30,1,34.0,5.1,34.0,28.9,False,8.5,8.5,True
501089,1691,P05,MS-SER-NIA30,2,29.0,8.7,58.0,49.3,False,5.9,11.8,True
501090,1692,P03,MS-SER-VTC30,2,34.0,0.0,68.0,68.0,False,8.5,17.0,True
501091,1693,P05,MS-SER-NIA30,1,29.0,0.0,29.0,29.0,False,5.9,5.9,True
501092,1693,P03,MS-SER-VTC30,1,34.0,0.0,34.0,34.0,False,8.5,8.5,True
501093,1693,P07,MS-MOI-SPF50,1,32.0,0.0,32.0,32.0,False,7.8,7.8,True
501094,1694,P03,MS-SER-VTC30,1,34.0,0.0,34.0,34.0,False,8.5,8.5,True
501095,1694,P12,MS-SET-RTN3,1,84.0,0.0,84.0,84.0,False,21.1,21.1,True
501096,1695,P11,MS-BDY-LOT400,1,28.0,3.36,28.0,24.64,False,8.5,8.5,True
501097,1696,P05,MS-SER-NIA30,1,29.0,4.35,29.0,24.65,False,5.9,5.9,True
501098,1697,P01,MS-CLN-GEL150,1,22.0,3.3,22.0,18.7,False,4.8,4.8,True
501099,1697,P06,MS-TRT-RET50,1,44.0,6.6,44.0,37.4,False,10.5,10.5,True
501100,1698,P07,MS-MOI-SPF50,1,32.0,4.8,32.0,27.2,False,7.8,7.8,True
501101,1699,P08,MS-MOI-BAR50,1,36.0,0.0,36.0,36.0,False,8.0,8.0,True
501102,1700,P05,MS-SER-NIA30,1,29.0,4.35,29.0,24.65,False,5.9,5.9,True
501103,1701,P05,MS-SER-NIA30,1,29.0,4.35,29.0,24.65,False,5.9,5.9,True
501104,1701,P07,MS-MOI-SPF50,1,32.0,4.8,32.0,27.2,False,7.8,7.8,True
501105,1702,P03,MS-SER-VTC30,1,34.0,0.0,34.0,34.0,False,8.5,8.5,True
501106,1703,P04,MS-SER-HYA30,1,34.0,3.4,34.0,30.6,False,7.2,7.2,True
501107,1703,P05,MS-SER-NIA30,1,29.0,2.9,29.0,26.1,False,5.9,5.9,True
501108,1703,P03,MS-SER-VTC30,1,34.0,3.4,34.0,30.6,False,8.5,8.5,True
501109,1704,P11,MS-BDY-LOT400,1,28.0,4.2,28.0,23.8,False,8.5,8.5,True
501110,1705,P06,MS-TRT-RET50,1,44.0,0.0,44.0,44.0,False,10.5,10.5,True
501111,1705,P03,MS-SER-VTC30,1,34.0,0.0,34.0,34.0,False,8.5,8.5,True
501112,1705,P01,MS-CLN-GEL150,2,22.0,0.0,44.0,44.0,False,4.8,9.6,True
501113,1706,P01,MS-CLN-GEL150,2,22.0,0.0,44.0,44.0,False,4.8,9.6,True
501114,1707,P05,MS-SER-NIA30,1,29.0,0.0,29.0,29.0,False,5.9,5.9,True
501115,1707,P08,MS-MOI-BAR50,1,36.0,0.0,36.0,36.0,False,8.0,8.0,True
501116,1707,P04,MS-SER-HYA30,1,34.0,0.0,34.0,34.0,False,7.2,7.2,True
501117,1707,P06,MS-TRT-RET50,2,44.0,0.0,88.0,88.0,False,10.5,21.0,True
501118,1708,P10,MS-MSK-CLY100,2,26.0,7.8,52.0,44.2,False,6.0,12.0,True
501119,1708,P07,MS-MOI-SPF50,1,32.0,4.8,32.0,27.2,False,7.8,7.8,True
501120,1709,P07,MS-MOI-SPF50,1,32.0,0.0,32.0,32.0,False,7.8,7.8,True
501121,1710,P02,MS-CLN-CRM150,1,24.0,0.0,24.0,24.0,False,5.4,5.4,True
501122,1711,P07,MS-MOI-SPF50,1,32.0,4.8,32.0,27.2,False,7.8,7.8,True
501123,1712,P12,MS-SET-RTN3,1,84.0,12.6,84.0,71.4,False,21.1,21.1,True
501124,1713,P07,MS-MOI-SPF50,1,32.0,0.0,32.0,32.0,False,7.8,7.8,True
501125,1713,P03,MS-SER-VTC30,1,34.0,0.0,34.0,34.0,False,8.5,8.5,True
501126,1714,P10,MS-MSK-CLY100,1,26.0,0.0,26.0,26.0,False,6.0,6.0,True
501127,1714,P03,MS-SER-VTC30,1,34.0,0.0,34.0,34.0,False,8.5,8.5,True
501128,1714,P07,MS-MOI-SPF50,1,32.0,0.0,32.0,32.0,False,7.8,7.8,True
501129,1715,P01,MS-CLN-GEL150,1,22.0,0.0,22.0,22.0,False,4.8,4.8,True
501130,1715,P06,MS-TRT-RET50,1,44.0,0.0,44.0,44.0,False,10.5,10.5,True
501131,1716,P05,MS-SER-NIA30,1,29.0,4.35,29.0,24.65,False,5.9,5.9,True
501132,1717,P08,MS-MOI-BAR50,1,36.0,0.0,36.0,36.0,False,8.0,8.0,True
501133,1718,P12,MS-SET-RTN3,1,84.0,0.0,84.0,84.0,False,21.1,21.1,True
501134,1718,P03,MS-SER-VTC30,1,34.0,0.0,34.0,34.0,False,8.5,8.5,True
501135,1718,P07,MS-MOI-SPF50,1,32.0,0.0,32.0,32.0,False,7.8,7.8,True
501136,1719,P03,MS-SER-VTC30,1,34.0,0.0,34.0,34.0,False,8.5,8.5,True
501137,1719,P10,MS-MSK-CLY100,1,26.0,0.0,26.0,26.0,False,6.0,6.0,True
501138,1719,P11,MS-BDY-LOT400,1,28.0,0.0,28.0,28.0,False,8.5,8.5,True
501139,1720,P05,MS-SER-NIA30,1,29.0,0.0,29.0,29.0,False,5.9,5.9,True
501140,1720,P11,MS-BDY-LOT400,2,28.0,0.0,56.0,56.0,False,8.5,17.0,True
501141,1721,P04,MS-SER-HYA30,1,34.0,5.1,34.0,28.9,False,7.2,7.2,True
501142,1722,P04,MS-SER-HYA30,1,34.0,0.0,34.0,34.0,False,7.2,7.2,True
501143,1723,P10,MS-MSK-CLY100,1,26.0,0.0,26.0,26.0,False,6.0,6.0,True
501144,1724,P03,MS-SER-VTC30,1,34.0,0.0,34.0,34.0,False,8.5,8.5,True
501145,1724,P01,MS-CLN-GEL150,1,22.0,0.0,22.0,22.0,False,4.8,4.8,True
501146,1725,P10,MS-MSK-CLY100,1,26.0,0.0,26.0,26.0,False,6.0,6.0,True
501147,1726,P01,MS-CLN-GEL150,1,22.0,0.0,22.0,22.0,False,4.8,4.8,True
501148,1726,P02,MS-CLN-CRM150,1,24.0,0.0,24.0,24.0,False,5.4,5.4,True
501149,1727,P03,MS-SER-VTC30,1,34.0,5.1,34.0,28.9,False,8.5,8.5,True
501150,1728,P06,MS-TRT-RET50,1,44.0,0.0,44.0,44.0,False,10.5,10.5,True
501151,1728,P01,MS-CLN-GEL150,1,22.0,0.0,22.0,22.0,False,4.8,4.8,True
501152,1729,P01,MS-CLN-GEL150,1,22.0,0.0,22.0,22.0,False,4.8,4.8,True
501153,1730,P02,MS-CLN-CRM150,1,24.0,0.0,24.0,24.0,False,5.4,5.4,True
501154,1730,P01,MS-CLN-GEL150,1,22.0,0.0,22.0,22.0,False,4.8,4.8,True
501155,1731,P02,MS-CLN-CRM150,2,24.0,0.0,48.0,48.0,False,5.4,10.8,True
501156,1732,P05,MS-SER-NIA30,1,29.0,0.0,29.0,29.0,False,5.9,5.9,True
501157,1732,P06,MS-TRT-RET50,1,44.0,0.0,44.0,44.0,False,10.5,10.5,True
501158,1732,P04,MS-SER-HYA30,1,34.0,0.0,34.0,34.0,False,7.2,7.2,True
501159,1733,P04,MS-SER-HYA30,1,34.0,5.1,34.0,28.9,False,7.2,7.2,True
501160,1734,P05,MS-SER-NIA30,1,29.0,4.35,29.0,24.65,False,5.9,5.9,True
501161,1734,P12,MS-SET-RTN3,1,84.0,12.6,84.0,71.4,False,21.1,21.1,True
501162,1735,P12,MS-SET-RTN3,1,84.0,0.0,84.0,84.0,False,21.1,21.1,True
501163,1735,P01,MS-CLN-GEL150,1,22.0,0.0,22.0,22.0,False,4.8,4.8,True
501164,1735,P03,MS-SER-VTC30,1,34.0,0.0,34.0,34.0,False,8.5,8.5,True
501165,1736,P01,MS-CLN-GEL150,1,22.0,0.0,22.0,22.0,False,4.8,4.8,True
501166,1736,P03,MS-SER-VTC30,1,34.0,0.0,34.0,34.0,False,8.5,8.5,True
501167,1737,P03,MS-SER-VTC30,2,34.0,10.2,68.0,57.8,False,8.5,17.0,True
501168,1737,P06,MS-TRT-RET50,1,44.0,6.6,44.0,37.4,False,10.5,10.5,True
501169,1738,P05,MS-SER-NIA30,1,29.0,0.0,29.0,29.0,False,5.9,5.9,True
501170,1739,P04,MS-SER-HYA30,1,34.0,0.0,34.0,34.0,False,7.2,7.2,True
501171,1740,P07,MS-MOI-SPF50,1,32.0,0.0,32.0,32.0,False,7.8,7.8,True
501172,1741,P03,MS-SER-VTC30,1,34.0,0.0,34.0,34.0,False,8.5,8.5,True
501173,1741,P08,MS-MOI-BAR50,1,36.0,0.0,36.0,36.0,False,8.0,8.0,True
501174,1741,P05,MS-SER-NIA30,1,29.0,0.0,29.0,29.0,False,5.9,5.9,True
501175,1742,P03,MS-SER-VTC30,1,34.0,5.1,34.0,28.9,False,8.5,8.5,True
501176,1742,P02,MS-CLN-CRM150,1,24.0,3.6,24.0,20.4,False,5.4,5.4,True
501177,1743,P07,MS-MOI-SPF50,1,32.0,4.8,32.0,27.2,False,7.8,7.8,True
501178,1743,P06,MS-TRT-RET50,1,44.0,6.6,44.0,37.4,False,10.5,10.5,True
501179,1744,P03,MS-SER-VTC30,1,34.0,0.0,34.0,34.0,False,8.5,8.5,True
501180,1744,P01,MS-CLN-GEL150,1,22.0,0.0,22.0,22.0,False,4.8,4.8,True
501181,1745,P06,MS-TRT-RET50,1,44.0,0.0,44.0,44.0,False,10.5,10.5,True
501182,1745,P03,MS-SER-VTC30,1,34.0,0.0,34.0,34.0,False,8.5,8.5,True
501183,1746,P05,MS-SER-NIA30,1,29.0,0.0,29.0,29.0,False,5.9,5.9,True
501184,1747,P05,MS-SER-NIA30,1,29.0,4.35,29.0,24.65,False,5.9,5.9,True
501185,1747,P03,MS-SER-VTC30,1,34.0,5.1,34.0,28.9,False,8.5,8.5,True
501186,1747,P08,MS-MOI-BAR50,1,36.0,5.4,36.0,30.6,False,8.0,8.0,True
501187,1748,P11,MS-BDY-LOT400,1,28.0,0.0,28.0,28.0,False,8.5,8.5,True
501188,1749,P03,MS-SER-VTC30,2,34.0,6.8,68.0,61.2,False,8.5,17.0,True
501189,1749,P06,MS-TRT-RET50,2,44.0,8.8,88.0,79.2,False,10.5,21.0,True
501190,1750,P06,MS-TRT-RET50,1,44.0,6.6,44.0,37.4,False,10.5,10.5,True
501191,1751,P02,MS-CLN-CRM150,1,24.0,0.0,24.0,24.0,False,5.4,5.4,True
501192,1752,P06,MS-TRT-RET50,1,44.0,4.4,44.0,39.6,False,10.5,10.5,False
501193,1752,P11,MS-BDY-LOT400,1,28.0,2.8,28.0,25.2,False,8.5,8.5,False
501194,1752,P01,MS-CLN-GEL150,1,22.0,2.2,22.0,19.8,False,4.8,4.8,False
501195,1753,P03,MS-SER-VTC30,1,34.0,0.0,34.0,34.0,False,8.5,8.5,True
501196,1754,P03,MS-SER-VTC30,1,34.0,0.0,34.0,34.0,False,8.5,8.5,True
501197,1755,P06,MS-TRT-RET50,1,44.0,0.0,44.0,44.0,False,10.5,10.5,True
501198,1756,P03,MS-SER-VTC30,1,34.0,0.0,34.0,34.0,False,8.5,8.5,True
501199,1757,P04,MS-SER-HYA30,1,34.0,3.4,34.0,30.6,False,7.2,7.2,True
501200,1757,P07,MS-MOI-SPF50,1,32.0,3.2,32.0,28.8,False,7.8,7.8,True
501201,1758,P01,MS-CLN-GEL150,1,22.0,3.3,22.0,18.7,False,4.8,4.8,True
501202,1758,P03,MS-SER-VTC30,1,34.0,5.1,34.0,28.9,False,8.5,8.5,True
501203,1759,P12,MS-SET-RTN3,1,84.0,12.6,84.0,71.4,False,21.1,21.1,True
501204,1760,P01,MS-CLN-GEL150,1,22.0,0.0,22.0,22.0,False,4.8,4.8,True
501205,1761,P03,MS-SER-VTC30,1,34.0,5.1,34.0,28.9,False,8.5,8.5,True
501206,1762,P05,MS-SER-NIA30,1,29.0,0.0,29.0,29.0,False,5.9,5.9,True
501207,1762,P04,MS-SER-HYA30,1,34.0,0.0,34.0,34.0,False,7.2,7.2,True
501208,1763,P01,MS-CLN-GEL150,2,22.0,0.0,44.0,44.0,False,4.8,9.6,True
501209,1764,P06,MS-TRT-RET50,1,44.0,4.4,44.0,39.6,False,10.5,10.5,True
501210,1765,P03,MS-SER-VTC30,1,34.0,5.1,34.0,28.9,False,8.5,8.5,True
501211,1766,P02,MS-CLN-CRM150,1,24.0,3.6,24.0,20.4,False,5.4,5.4,True
501212,1766,P06,MS-TRT-RET50,1,44.0,6.6,44.0,37.4,False,10.5,10.5,True
501213,1766,P05,MS-SER-NIA30,1,29.0,4.35,29.0,24.65,False,5.9,5.9,True
501214,1767,P08,MS-MOI-BAR50,1,36.0,0.0,36.0,36.0,False,8.0,8.0,True
501215,1767,P03,MS-SER-VTC30,2,34.0,0.0,68.0,68.0,False,8.5,17.0,True
501216,1768,P12,MS-SET-RTN3,1,84.0,12.6,84.0,71.4,False,21.1,21.1,True
501217,1769,P06,MS-TRT-RET50,1,44.0,0.0,44.0,44.0,False,10.5,10.5,True
501218,1770,P03,MS-SER-VTC30,1,34.0,0.0,34.0,34.0,False,8.5,8.5,True
501219,1771,P10,MS-MSK-CLY100,1,26.0,0.0,26.0,26.0,False,6.0,6.0,True
501220,1772,P04,MS-SER-HYA30,1,34.0,5.1,34.0,28.9,False,7.2,7.2,True
501221,1773,P06,MS-TRT-RET50,1,44.0,0.0,44.0,44.0,False,10.5,10.5,True
501222,1774,P08,MS-MOI-BAR50,1,36.0,0.0,36.0,36.0,False,8.0,8.0,True
501223,1775,P07,MS-MOI-SPF50,1,32.0,4.8,32.0,27.2,False,7.8,7.8,True
501224,1775,P10,MS-MSK-CLY100,1,26.0,3.9,26.0,22.1,False,6.0,6.0,True
501225,1775,P03,MS-SER-VTC30,1,34.0,5.1,34.0,28.9,False,8.5,8.5,True
501226,1776,P06,MS-TRT-RET50,1,44.0,0.0,44.0,44.0,False,10.5,10.5,True
501227,1776,P01,MS-CLN-GEL150,2,22.0,0.0,44.0,44.0,False,4.8,9.6,True
501228,1777,P03,MS-SER-VTC30,1,34.0,5.1,34.0,28.9,False,8.5,8.5,True
501229,1778,P03,MS-SER-VTC30,1,34.0,5.1,34.0,28.9,False,8.5,8.5,True
501230,1779,P10,MS-MSK-CLY100,1,26.0,0.0,26.0,26.0,False,6.0,6.0,True
501231,1779,P07,MS-MOI-SPF50,1,32.0,0.0,32.0,32.0,False,7.8,7.8,True
501232,1780,P08,MS-MOI-BAR50,1,36.0,0.0,36.0,36.0,False,8.0,8.0,True
501233,1781,P04,MS-SER-HYA30,1,34.0,0.0,34.0,34.0,False,7.2,7.2,True
501234,1781,P05,MS-SER-NIA30,1,29.0,0.0,29.0,29.0,False,5.9,5.9,True
501235,1782,P07,MS-MOI-SPF50,1,32.0,0.0,32.0,32.0,False,7.8,7.8,True
501236,1783,P08,MS-MOI-BAR50,1,36.0,0.0,36.0,36.0,False,8.0,8.0,True
501237,1784,P05,MS-SER-NIA30,1,29.0,4.35,29.0,24.65,False,5.9,5.9,True
501238,1784,P08,MS-MOI-BAR50,1,36.0,5.4,36.0,30.6,False,8.0,8.0,True
501239,1785,P05,MS-SER-NIA30,2,29.0,0.0,58.0,58.0,False,5.9,11.8,True
501240,1786,P10,MS-MSK-CLY100,1,26.0,0.0,26.0,26.0,False,6.0,6.0,True
501241,1786,P08,MS-MOI-BAR50,2,36.0,0.0,72.0,72.0,False,8.0,16.0,True
501242,1787,P08,MS-MOI-BAR50,1,36.0,0.0,36.0,36.0,False,8.0,8.0,True
501243,1788,P04,MS-SER-HYA30,1,34.0,0.0,34.0,34.0,False,7.2,7.2,True
501244,1788,P03,MS-SER-VTC30,1,34.0,0.0,34.0,34.0,False,8.5,8.5,True
501245,1789,P05,MS-SER-NIA30,1,29.0,2.9,29.0,26.1,False,5.9,5.9,True
501246,1790,P10,MS-MSK-CLY100,1,26.0,0.0,26.0,26.0,False,6.0,6.0,True
501247,1791,P12,MS-SET-RTN3,1,84.0,0.0,84.0,84.0,False,21.1,21.1,True
501248,1792,P10,MS-MSK-CLY100,1,26.0,3.9,26.0,22.1,False,6.0,6.0,True
501249,1793,P08,MS-MOI-BAR50,1,36.0,0.0,36.0,36.0,False,8.0,8.0,True
501250,1794,P01,MS-CLN-GEL150,2,22.0,6.6,44.0,37.4,False,4.8,9.6,True
501251,1795,P07,MS-MOI-SPF50,1,32.0,4.8,32.0,27.2,False,7.8,7.8,True
501252,1795,P02,MS-CLN-CRM150,2,24.0,7.2,48.0,40.8,False,5.4,10.8,True
501253,1796,P01,MS-CLN-GEL150,1,22.0,0.0,22.0,22.0,False,4.8,4.8,True
501254,1796,P06,MS-TRT-RET50,1,44.0,0.0,44.0,44.0,False,10.5,10.5,True
501255,1797,P12,MS-SET-RTN3,1,84.0,0.0,84.0,84.0,False,21.1,21.1,True
501256,1798,P03,MS-SER-VTC30,1,34.0,0.0,34.0,34.0,False,8.5,8.5,True
501257,1799,P06,MS-TRT-RET50,1,44.0,6.6,44.0,37.4,False,10.5,10.5,True
501258,1800,P12,MS-SET-RTN3,1,84.0,0.0,84.0,84.0,False,21.1,21.1,True
501259,1801,P01,MS-CLN-GEL150,1,22.0,0.0,22.0,22.0,False,4.8,4.8,True
501260,1802,P03,MS-SER-VTC30,1,34.0,0.0,34.0,34.0,False,8.5,8.5,True
501261,1802,P07,MS-MOI-SPF50,1,32.0,0.0,32.0,32.0,False,7.8,7.8,True
501262,1803,P03,MS-SER-VTC30,1,34.0,0.0,34.0,34.0,False,8.5,8.5,True
501263,1803,P10,MS-MSK-CLY100,1,26.0,0.0,26.0,26.0,False,6.0,6.0,True
501264,1803,P01,MS-CLN-GEL150,1,22.0,0.0,22.0,22.0,False,4.8,4.8,True
501265,1804,P01,MS-CLN-GEL150,1,22.0,0.0,22.0,22.0,False,4.8,4.8,True
501266,1804,P12,MS-SET-RTN3,1,84.0,0.0,84.0,84.0,False,21.1,21.1,True
501267,1805,P04,MS-SER-HYA30,1,34.0,3.4,34.0,30.6,False,7.2,7.2,True
501268,1805,P01,MS-CLN-GEL150,1,22.0,2.2,22.0,19.8,False,4.8,4.8,True
501269,1805,P07,MS-MOI-SPF50,1,32.0,3.2,32.0,28.8,False,7.8,7.8,True
501270,1805,P06,MS-TRT-RET50,1,44.0,4.4,44.0,39.6,False,10.5,10.5,True
501271,1806,P01,MS-CLN-GEL150,1,22.0,2.2,22.0,19.8,False,4.8,4.8,True
501272,1806,P12,MS-SET-RTN3,1,84.0,8.4,84.0,75.6,False,21.1,21.1,True
501273,1807,P11,MS-BDY-LOT400,1,28.0,4.2,28.0,23.8,False,8.5,8.5,True
501274,1808,P08,MS-MOI-BAR50,1,36.0,0.0,36.0,36.0,False,8.0,8.0,True
501275,1808,P05,MS-SER-NIA30,1,29.0,0.0,29.0,29.0,False,5.9,5.9,True
501276,1809,P04,MS-SER-HYA30,2,34.0,6.8,68.0,61.2,False,7.2,14.4,True
501277,1809,P05,MS-SER-NIA30,1,29.0,2.9,29.0,26.1,False,5.9,5.9,True
501278,1810,P12,MS-SET-RTN3,1,84.0,0.0,84.0,84.0,False,21.1,21.1,True
501279,1811,P08,MS-MOI-BAR50,1,36.0,0.0,36.0,36.0,False,8.0,8.0,True
501280,1812,P12,MS-SET-RTN3,1,84.0,0.0,84.0,84.0,False,21.1,21.1,True
501281,1813,P03,MS-SER-VTC30,1,34.0,3.4,34.0,30.6,False,8.5,8.5,True
501282,1813,P04,MS-SER-HYA30,1,34.0,3.4,34.0,30.6,False,7.2,7.2,True
501283,1814,P01,MS-CLN-GEL150,1,22.0,0.0,22.0,22.0,False,4.8,4.8,False
501284,1814,P04,MS-SER-HYA30,1,34.0,0.0,34.0,34.0,False,7.2,7.2,False
501285,1814,P03,MS-SER-VTC30,1,34.0,0.0,34.0,34.0,False,8.5,8.5,False
501286,1814,P08,MS-MOI-BAR50,1,36.0,0.0,36.0,36.0,False,8.0,8.0,False
501287,1815,P04,MS-SER-HYA30,1,34.0,0.0,34.0,34.0,False,7.2,7.2,True
501288,1815,P03,MS-SER-VTC30,1,34.0,0.0,34.0,34.0,False,8.5,8.5,True
501289,1816,P03,MS-SER-VTC30,1,34.0,0.0,34.0,34.0,False,8.5,8.5,True
501290,1816,P01,MS-CLN-GEL150,1,22.0,0.0,22.0,22.0,False,4.8,4.8,True
501291,1817,P01,MS-CLN-GEL150,1,22.0,0.0,22.0,22.0,False,4.8,4.8,True
501292,1818,P12,MS-SET-RTN3,1,84.0,0.0,84.0,84.0,False,21.1,21.1,True
501293,1818,P03,MS-SER-VTC30,1,34.0,0.0,34.0,34.0,False,8.5,8.5,True
501294,1818,P02,MS-CLN-CRM150,1,24.0,0.0,24.0,24.0,False,5.4,5.4,True
501295,1819,P03,MS-SER-VTC30,1,34.0,0.0,34.0,34.0,False,8.5,8.5,True
501296,1820,P10,MS-MSK-CLY100,1,26.0,0.0,26.0,26.0,False,6.0,6.0,True
501297,1821,P11,MS-BDY-LOT400,1,28.0,4.2,28.0,23.8,False,8.5,8.5,True
501298,1822,P02,MS-CLN-CRM150,1,24.0,3.6,24.0,20.4,False,5.4,5.4,True
501299,1823,P04,MS-SER-HYA30,1,34.0,3.4,34.0,30.6,False,7.2,7.2,True
501300,1823,P02,MS-CLN-CRM150,2,24.0,4.8,48.0,43.2,False,5.4,10.8,True
501301,1823,P05,MS-SER-NIA30,1,29.0,2.9,29.0,26.1,False,5.9,5.9,True
501302,1823,P01,MS-CLN-GEL150,1,22.0,2.2,22.0,19.8,False,4.8,4.8,True
501303,1824,P03,MS-SER-VTC30,1,34.0,0.0,34.0,34.0,False,8.5,8.5,True
501304,1824,P01,MS-CLN-GEL150,1,22.0,0.0,22.0,22.0,False,4.8,4.8,True
501305,1825,P11,MS-BDY-LOT400,1,28.0,0.0,28.0,28.0,False,8.5,8.5,True
501306,1826,P12,MS-SET-RTN3,1,84.0,12.6,84.0,71.4,False,21.1,21.1,True
501307,1827,P04,MS-SER-HYA30,1,34.0,5.1,34.0,28.9,False,7.2,7.2,True
501308,1827,P03,MS-SER-VTC30,2,34.0,10.2,68.0,57.8,False,8.5,17.0,True
501309,1827,P08,MS-MOI-BAR50,1,36.0,5.4,36.0,30.6,False,8.0,8.0,True
501310,1828,P03,MS-SER-VTC30,1,34.0,3.4,34.0,30.6,False,8.5,8.5,True
501311,1829,P03,MS-SER-VTC30,1,34.0,3.4,34.0,30.6,False,8.5,8.5,True
501312,1830,P04,MS-SER-HYA30,1,34.0,0.0,34.0,34.0,False,7.2,7.2,True
501313,1830,P03,MS-SER-VTC30,1,34.0,0.0,34.0,34.0,False,8.5,8.5,True
501314,1831,P08,MS-MOI-BAR50,1,36.0,0.0,36.0,36.0,False,8.0,8.0,True
501315,1831,P10,MS-MSK-CLY100,1,26.0,0.0,26.0,26.0,False,6.0,6.0,True
501316,1831,P06,MS-TRT-RET50,1,44.0,0.0,44.0,44.0,False,10.5,10.5,True
501317,1831,P07,MS-MOI-SPF50,1,32.0,0.0,32.0,32.0,False,7.8,7.8,True
501318,1832,P05,MS-SER-NIA30,1,29.0,0.0,29.0,29.0,False,5.9,5.9,True
501319,1833,P06,MS-TRT-RET50,1,44.0,4.4,44.0,39.6,False,10.5,10.5,True
501320,1833,P03,MS-SER-VTC30,1,34.0,3.4,34.0,30.6,False,8.5,8.5,True
501321,1834,P06,MS-TRT-RET50,1,44.0,6.6,44.0,37.4,False,10.5,10.5,True
501322,1835,P10,MS-MSK-CLY100,1,26.0,0.0,26.0,26.0,False,6.0,6.0,True
501323,1836,P02,MS-CLN-CRM150,1,24.0,0.0,24.0,24.0,False,5.4,5.4,True
501324,1836,P01,MS-CLN-GEL150,1,22.0,0.0,22.0,22.0,False,4.8,4.8,True
501325,1837,P11,MS-BDY-LOT400,1,28.0,0.0,28.0,28.0,False,8.5,8.5,True
501326,1838,P03,MS-SER-VTC30,1,34.0,0.0,34.0,34.0,False,8.5,8.5,True
501327,1839,P04,MS-SER-HYA30,1,34.0,0.0,34.0,34.0,False,7.2,7.2,True
501328,1840,P04,MS-SER-HYA30,1,34.0,0.0,34.0,34.0,False,7.2,7.2,True
501329,1841,P02,MS-CLN-CRM150,1,24.0,0.0,24.0,24.0,False,5.4,5.4,True
501330,1842,P05,MS-SER-NIA30,1,29.0,0.0,29.0,29.0,False,5.9,5.9,True
501331,1843,P01,MS-CLN-GEL150,1,22.0,0.0,22.0,22.0,False,4.8,4.8,True
501332,1844,P03,MS-SER-VTC30,1,34.0,0.0,34.0,34.0,False,8.5,8.5,True
501333,1845,P03,MS-SER-VTC30,1,34.0,0.0,34.0,34.0,False,8.5,8.5,True
501334,1846,P06,MS-TRT-RET50,1,44.0,0.0,44.0,44.0,False,10.5,10.5,True
501335,1847,P03,MS-SER-VTC30,1,34.0,5.1,34.0,28.9,False,8.5,8.5,True
501336,1848,P06,MS-TRT-RET50,1,44.0,6.6,44.0,37.4,False,10.5,10.5,True
501337,1849,P04,MS-SER-HYA30,1,34.0,0.0,34.0,34.0,False,7.2,7.2,True
501338,1850,P03,MS-SER-VTC30,1,34.0,3.4,34.0,30.6,False,8.5,8.5,True
501339,1850,P05,MS-SER-NIA30,2,29.0,5.8,58.0,52.2,False,5.9,11.8,True
501340,1851,P03,MS-SER-VTC30,1,34.0,0.0,34.0,34.0,False,8.5,8.5,True
501341,1852,P04,MS-SER-HYA30,1,34.0,0.0,34.0,34.0,False,7.2,7.2,True
501342,1852,P02,MS-CLN-CRM150,1,24.0,0.0,24.0,24.0,False,5.4,5.4,True
501343,1852,P03,MS-SER-VTC30,1,34.0,0.0,34.0,34.0,False,8.5,8.5,True
501344,1852,P01,MS-CLN-GEL150,1,22.0,0.0,22.0,22.0,False,4.8,4.8,True
501345,1853,P03,MS-SER-VTC30,1,34.0,3.4,34.0,30.6,False,8.5,8.5,True
501346,1853,P10,MS-MSK-CLY100,1,26.0,2.6,26.0,23.4,False,6.0,6.0,True
501347,1854,P03,MS-SER-VTC30,1,34.0,5.1,34.0,28.9,False,8.5,8.5,True
501348,1855,P07,MS-MOI-SPF50,1,32.0,0.0,32.0,32.0,False,7.8,7.8,True
501349,1856,P03,MS-SER-VTC30,1,34.0,0.0,34.0,34.0,False,8.5,8.5,True
501350,1856,P06,MS-TRT-RET50,1,44.0,0.0,44.0,44.0,False,10.5,10.5,True
501351,1857,P06,MS-TRT-RET50,1,44.0,6.6,44.0,37.4,False,10.5,10.5,True
501352,1857,P10,MS-MSK-CLY100,1,26.0,3.9,26.0,22.1,False,6.0,6.0,True
501353,1858,P05,MS-SER-NIA30,1,29.0,0.0,29.0,29.0,False,5.9,5.9,True
501354,1858,P07,MS-MOI-SPF50,1,32.0,0.0,32.0,32.0,False,7.8,7.8,True
501355,1859,P03,MS-SER-VTC30,1,34.0,5.1,34.0,28.9,False,8.5,8.5,True
501356,1859,P04,MS-SER-HYA30,1,34.0,5.1,34.0,28.9,False,7.2,7.2,True
501357,1860,P03,MS-SER-VTC30,1,34.0,0.0,34.0,34.0,False,8.5,8.5,True
501358,1861,P01,MS-CLN-GEL150,1,22.0,0.0,22.0,22.0,False,4.8,4.8,True
501359,1861,P07,MS-MOI-SPF50,1,32.0,0.0,32.0,32.0,False,7.8,7.8,True
501360,1862,P06,MS-TRT-RET50,1,44.0,4.4,44.0,39.6,False,10.5,10.5,True
501361,1862,P03,MS-SER-VTC30,1,34.0,3.4,34.0,30.6,False,8.5,8.5,True
501362,1863,P07,MS-MOI-SPF50,2,32.0,0.0,64.0,64.0,False,7.8,15.6,True
501363,1863,P11,MS-BDY-LOT400,1,28.0,0.0,28.0,28.0,False,8.5,8.5,True
501364,1864,P01,MS-CLN-GEL150,1,22.0,0.0,22.0,22.0,False,4.8,4.8,True
501365,1865,P12,MS-SET-RTN3,1,84.0,0.0,84.0,84.0,False,21.1,21.1,True
501366,1865,P07,MS-MOI-SPF50,1,32.0,0.0,32.0,32.0,False,7.8,7.8,True
501367,1866,P06,MS-TRT-RET50,1,44.0,4.4,44.0,39.6,False,10.5,10.5,True
501368,1866,P08,MS-MOI-BAR50,1,36.0,3.6,36.0,32.4,False,8.0,8.0,True
501369,1866,P10,MS-MSK-CLY100,1,26.0,2.6,26.0,23.4,False,6.0,6.0,True
501370,1866,P04,MS-SER-HYA30,1,34.0,3.4,34.0,30.6,False,7.2,7.2,True
501371,1867,P05,MS-SER-NIA30,1,29.0,0.0,29.0,29.0,False,5.9,5.9,True
501372,1868,P11,MS-BDY-LOT400,1,28.0,4.2,28.0,23.8,False,8.5,8.5,True
501373,1869,P03,MS-SER-VTC30,1,34.0,5.1,34.0,28.9,False,8.5,8.5,True
501374,1869,P04,MS-SER-HYA30,1,34.0,5.1,34.0,28.9,False,7.2,7.2,True
501375,1870,P02,MS-CLN-CRM150,1,24.0,0.0,24.0,24.0,False,5.4,5.4,True
501376,1870,P06,MS-TRT-RET50,1,44.0,0.0,44.0,44.0,False,10.5,10.5,True
501377,1870,P03,MS-SER-VTC30,1,34.0,0.0,34.0,34.0,False,8.5,8.5,True
501378,1871,P04,MS-SER-HYA30,1,34.0,0.0,34.0,34.0,False,7.2,7.2,True
501379,1871,P03,MS-SER-VTC30,1,34.0,0.0,34.0,34.0,False,8.5,8.5,True
501380,1872,P04,MS-SER-HYA30,1,34.0,0.0,34.0,34.0,False,7.2,7.2,True
501381,1873,P07,MS-MOI-SPF50,1,32.0,0.0,32.0,32.0,False,7.8,7.8,True
501382,1874,P03,MS-SER-VTC30,1,34.0,0.0,34.0,34.0,False,8.5,8.5,True
501383,1874,P08,MS-MOI-BAR50,1,36.0,0.0,36.0,36.0,False,8.0,8.0,True
501384,1875,P03,MS-SER-VTC30,1,34.0,0.0,34.0,34.0,False,8.5,8.5,True
501385,1876,P11,MS-BDY-LOT400,1,28.0,7.77,28.0,20.23,False,8.5,8.5,True
501386,1876,P12,MS-SET-RTN3,1,84.0,23.31,84.0,60.69,False,21.1,21.1,True
501387,1876,P04,MS-SER-HYA30,1,34.0,9.44,34.0,24.560000000000002,False,7.2,7.2,True
501388,1877,P05,MS-SER-NIA30,1,29.0,4.35,29.0,24.65,False,5.9,5.9,True
501389,1878,P02,MS-CLN-CRM150,1,24.0,0.0,24.0,24.0,False,5.4,5.4,True
501390,1879,P07,MS-MOI-SPF50,1,32.0,0.0,32.0,32.0,False,7.8,7.8,True
501391,1880,P04,MS-SER-HYA30,1,34.0,5.1,34.0,28.9,False,7.2,7.2,True
501392,1881,P12,MS-SET-RTN3,1,84.0,0.0,84.0,84.0,False,21.1,21.1,False
501393,1882,P01,MS-CLN-GEL150,1,22.0,0.0,22.0,22.0,False,4.8,4.8,True
501394,1882,P06,MS-TRT-RET50,1,44.0,0.0,44.0,44.0,False,10.5,10.5,True
501395,1883,P08,MS-MOI-BAR50,1,36.0,0.0,36.0,36.0,False,8.0,8.0,True
501396,1884,P08,MS-MOI-BAR50,1,36.0,0.0,36.0,36.0,False,8.0,8.0,True
501397,1884,P04,MS-SER-HYA30,1,34.0,0.0,34.0,34.0,False,7.2,7.2,True
501398,1885,P03,MS-SER-VTC30,1,34.0,5.1,34.0,28.9,False,8.5,8.5,False
501399,1886,P01,MS-CLN-GEL150,1,22.0,0.0,22.0,22.0,False,4.8,4.8,True
501400,1887,P03,MS-SER-VTC30,1,34.0,0.0,34.0,34.0,False,8.5,8.5,True
501401,1888,P02,MS-CLN-CRM150,2,24.0,7.2,48.0,40.8,False,5.4,10.8,True
501402,1889,P11,MS-BDY-LOT400,1,28.0,0.0,28.0,28.0,False,8.5,8.5,True
501403,1889,P03,MS-SER-VTC30,1,34.0,0.0,34.0,34.0,False,8.5,8.5,True
501404,1889,P05,MS-SER-NIA30,1,29.0,0.0,29.0,29.0,False,5.9,5.9,True
501405,1890,P04,MS-SER-HYA30,2,34.0,6.8,68.0,61.2,False,7.2,14.4,True
501406,1891,P02,MS-CLN-CRM150,1,24.0,3.6,24.0,20.4,False,5.4,5.4,True
501407,1892,P02,MS-CLN-CRM150,1,24.0,0.0,24.0,24.0,False,5.4,5.4,True
501408,1893,P10,MS-MSK-CLY100,1,26.0,3.9,26.0,22.1,False,6.0,6.0,True
501409,1893,P12,MS-SET-RTN3,1,84.0,12.6,84.0,71.4,False,21.1,21.1,True
501410,1894,P04,MS-SER-HYA30,1,34.0,5.1,34.0,28.9,False,7.2,7.2,True
501411,1895,P03,MS-SER-VTC30,1,34.0,5.1,34.0,28.9,False,8.5,8.5,True
501412,1896,P07,MS-MOI-SPF50,1,32.0,3.84,32.0,28.16,False,7.8,7.8,True
501413,1896,P03,MS-SER-VTC30,1,34.0,4.08,34.0,29.92,False,8.5,8.5,True
501414,1897,P05,MS-SER-NIA30,1,29.0,2.9,29.0,26.1,False,5.9,5.9,True
501415,1897,P01,MS-CLN-GEL150,1,22.0,2.2,22.0,19.8,False,4.8,4.8,True
501416,1898,P04,MS-SER-HYA30,1,34.0,0.0,34.0,34.0,False,7.2,7.2,True
501417,1898,P07,MS-MOI-SPF50,1,32.0,0.0,32.0,32.0,False,7.8,7.8,True
501418,1899,P03,MS-SER-VTC30,1,34.0,0.0,34.0,34.0,False,8.5,8.5,True
501419,1899,P11,MS-BDY-LOT400,1,28.0,0.0,28.0,28.0,False,8.5,8.5,True
501420,1900,P03,MS-SER-VTC30,1,34.0,0.0,34.0,34.0,False,8.5,8.5,True
501421,1901,P07,MS-MOI-SPF50,1,32.0,4.8,32.0,27.2,False,7.8,7.8,True
501422,1901,P04,MS-SER-HYA30,1,34.0,5.1,34.0,28.9,False,7.2,7.2,True
501423,1902,P08,MS-MOI-BAR50,1,36.0,5.4,36.0,30.6,False,8.0,8.0,True
501424,1902,P03,MS-SER-VTC30,2,34.0,10.2,68.0,57.8,False,8.5,17.0,True
501425,1903,P05,MS-SER-NIA30,1,29.0,4.35,29.0,24.65,False,5.9,5.9,True
501426,1904,P03,MS-SER-VTC30,1,34.0,5.1,34.0,28.9,False,8.5,8.5,True
501427,1905,P02,MS-CLN-CRM150,1,24.0,3.6,24.0,20.4,False,5.4,5.4,True
501428,1905,P06,MS-TRT-RET50,1,44.0,6.6,44.0,37.4,False,10.5,10.5,True
501429,1906,P02,MS-CLN-CRM150,1,24.0,3.6,24.0,20.4,False,5.4,5.4,True
501430,1907,P04,MS-SER-HYA30,1,34.0,0.0,34.0,34.0,False,7.2,7.2,True
501431,1908,P03,MS-SER-VTC30,1,34.0,0.0,34.0,34.0,False,8.5,8.5,True
501432,1909,P03,MS-SER-VTC30,1,34.0,5.1,34.0,28.9,False,8.5,8.5,True
501433,1909,P07,MS-MOI-SPF50,1,32.0,4.8,32.0,27.2,False,7.8,7.8,True
501434,1910,P02,MS-CLN-CRM150,1,24.0,3.6,24.0,20.4,False,5.4,5.4,True
501435,1911,P11,MS-BDY-LOT400,1,28.0,0.0,28.0,28.0,False,8.5,8.5,True
501436,1911,P03,MS-SER-VTC30,2,34.0,0.0,68.0,68.0,False,8.5,17.0,True
501437,1912,P01,MS-CLN-GEL150,1,22.0,3.3,22.0,18.7,False,4.8,4.8,True
501438,1912,P10,MS-MSK-CLY100,1,26.0,3.9,26.0,22.1,False,6.0,6.0,True
501439,1913,P07,MS-MOI-SPF50,1,32.0,8.07,32.0,23.93,False,7.8,7.8,True
501440,1913,P10,MS-MSK-CLY100,1,26.0,6.55,26.0,19.45,False,6.0,6.0,True
501441,1914,P07,MS-MOI-SPF50,1,32.0,0.0,32.0,32.0,False,7.8,7.8,True
501442,1914,P01,MS-CLN-GEL150,1,22.0,0.0,22.0,22.0,False,4.8,4.8,True
501443,1915,P10,MS-MSK-CLY100,1,26.0,0.0,26.0,26.0,False,6.0,6.0,True
501444,1915,P03,MS-SER-VTC30,1,34.0,0.0,34.0,34.0,False,8.5,8.5,True
501445,1916,P07,MS-MOI-SPF50,1,32.0,0.0,32.0,32.0,False,7.8,7.8,True
501446,1916,P03,MS-SER-VTC30,1,34.0,0.0,34.0,34.0,False,8.5,8.5,True
501447,1916,P02,MS-CLN-CRM150,2,24.0,0.0,48.0,48.0,False,5.4,10.8,True
501448,1916,P12,MS-SET-RTN3,1,84.0,0.0,84.0,84.0,False,21.1,21.1,True
501449,1917,P08,MS-MOI-BAR50,1,36.0,0.0,36.0,36.0,False,8.0,8.0,True
501450,1918,P11,MS-BDY-LOT400,1,28.0,4.2,28.0,23.8,False,8.5,8.5,True
501451,1918,P10,MS-MSK-CLY100,1,26.0,3.9,26.0,22.1,False,6.0,6.0,True
501452,1919,P03,MS-SER-VTC30,1,34.0,0.0,34.0,34.0,False,8.5,8.5,True
501453,1919,P06,MS-TRT-RET50,1,44.0,0.0,44.0,44.0,False,10.5,10.5,True
501454,1920,P04,MS-SER-HYA30,1,34.0,0.0,34.0,34.0,False,7.2,7.2,True
501455,1921,P03,MS-SER-VTC30,1,34.0,0.0,34.0,34.0,False,8.5,8.5,True
501456,1922,P06,MS-TRT-RET50,1,44.0,6.6,44.0,37.4,False,10.5,10.5,True
501457,1922,P02,MS-CLN-CRM150,1,24.0,3.6,24.0,20.4,False,5.4,5.4,True
501458,1923,P03,MS-SER-VTC30,1,34.0,5.1,34.0,28.9,False,8.5,8.5,True
501459,1923,P11,MS-BDY-LOT400,1,28.0,4.2,28.0,23.8,False,8.5,8.5,True
501460,1923,P01,MS-CLN-GEL150,1,22.0,3.3,22.0,18.7,False,4.8,4.8,True
501461,1924,P08,MS-MOI-BAR50,1,36.0,0.0,36.0,36.0,False,8.0,8.0,True
501462,1924,P05,MS-SER-NIA30,2,29.0,0.0,58.0,58.0,False,5.9,11.8,True
501463,1924,P07,MS-MOI-SPF50,1,32.0,0.0,32.0,32.0,False,7.8,7.8,True
501464,1924,P03,MS-SER-VTC30,1,34.0,0.0,34.0,34.0,False,8.5,8.5,True
501465,1925,P02,MS-CLN-CRM150,1,24.0,0.0,24.0,24.0,False,5.4,5.4,True
501466,1926,P10,MS-MSK-CLY100,1,26.0,0.0,26.0,26.0,False,6.0,6.0,True
501467,1927,P03,MS-SER-VTC30,1,34.0,5.1,34.0,28.9,False,8.5,8.5,True
501468,1928,P10,MS-MSK-CLY100,1,26.0,3.9,26.0,22.1,False,6.0,6.0,True
501469,1928,P01,MS-CLN-GEL150,1,22.0,3.3,22.0,18.7,False,4.8,4.8,True
501470,1929,P03,MS-SER-VTC30,1,34.0,0.0,34.0,34.0,False,8.5,8.5,True
501471,1930,P01,MS-CLN-GEL150,1,22.0,0.0,22.0,22.0,False,4.8,4.8,True
501472,1930,P04,MS-SER-HYA30,1,34.0,0.0,34.0,34.0,False,7.2,7.2,True
501473,1930,P10,MS-MSK-CLY100,1,26.0,0.0,26.0,26.0,False,6.0,6.0,True
501474,1931,P11,MS-BDY-LOT400,1,28.0,4.2,28.0,23.8,False,8.5,8.5,True
501475,1931,P01,MS-CLN-GEL150,1,22.0,3.3,22.0,18.7,False,4.8,4.8,True
501476,1932,P01,MS-CLN-GEL150,1,22.0,3.3,22.0,18.7,False,4.8,4.8,True
501477,1933,P07,MS-MOI-SPF50,1,32.0,0.0,32.0,32.0,False,7.8,7.8,True
501478,1933,P05,MS-SER-NIA30,1,29.0,0.0,29.0,29.0,False,5.9,5.9,True
501479,1933,P11,MS-BDY-LOT400,1,28.0,0.0,28.0,28.0,False,8.5,8.5,True
501480,1934,P04,MS-SER-HYA30,2,34.0,0.0,68.0,68.0,False,7.2,14.4,True
501481,1934,P02,MS-CLN-CRM150,1,24.0,0.0,24.0,24.0,False,5.4,5.4,True
501482,1934,P11,MS-BDY-LOT400,1,28.0,0.0,28.0,28.0,False,8.5,8.5,True
501483,1935,P08,MS-MOI-BAR50,1,36.0,0.0,36.0,36.0,False,8.0,8.0,True
501484,1936,P07,MS-MOI-SPF50,1,32.0,0.0,32.0,32.0,False,7.8,7.8,True
501485,1936,P08,MS-MOI-BAR50,1,36.0,0.0,36.0,36.0,False,8.0,8.0,True
501486,1937,P01,MS-CLN-GEL150,1,22.0,3.3,22.0,18.7,False,4.8,4.8,True
501487,1937,P10,MS-MSK-CLY100,1,26.0,3.9,26.0,22.1,False,6.0,6.0,True
501488,1938,P06,MS-TRT-RET50,1,44.0,0.0,44.0,44.0,False,10.5,10.5,True
501489,1938,P02,MS-CLN-CRM150,1,24.0,0.0,24.0,24.0,False,5.4,5.4,True
501490,1939,P07,MS-MOI-SPF50,1,32.0,0.0,32.0,32.0,False,7.8,7.8,True
501491,1940,P12,MS-SET-RTN3,1,84.0,0.0,84.0,84.0,False,21.1,21.1,True
501492,1940,P05,MS-SER-NIA30,1,29.0,0.0,29.0,29.0,False,5.9,5.9,True
501493,1940,P02,MS-CLN-CRM150,1,24.0,0.0,24.0,24.0,False,5.4,5.4,True
501494,1941,P07,MS-MOI-SPF50,1,32.0,0.0,32.0,32.0,False,7.8,7.8,False
501495,1942,P10,MS-MSK-CLY100,1,26.0,0.0,26.0,26.0,False,6.0,6.0,True
501496,1943,P04,MS-SER-HYA30,1,34.0,0.0,34.0,34.0,False,7.2,7.2,True
501497,1944,P12,MS-SET-RTN3,1,84.0,0.0,84.0,84.0,False,21.1,21.1,True
501498,1945,P03,MS-SER-VTC30,1,34.0,0.0,34.0,34.0,False,8.5,8.5,True
501499,1946,P08,MS-MOI-BAR50,1,36.0,0.0,36.0,36.0,False,8.0,8.0,True
501500,1946,P07,MS-MOI-SPF50,2,32.0,0.0,64.0,64.0,False,7.8,15.6,True
501501,1947,P06,MS-TRT-RET50,1,44.0,0.0,44.0,44.0,False,10.5,10.5,True
501502,1948,P12,MS-SET-RTN3,1,84.0,0.0,84.0,84.0,False,21.1,21.1,True
501503,1948,P08,MS-MOI-BAR50,1,36.0,0.0,36.0,36.0,False,8.0,8.0,True
501504,1949,P05,MS-SER-NIA30,1,29.0,0.0,29.0,29.0,False,5.9,5.9,True
501505,1950,P02,MS-CLN-CRM150,1,24.0,0.0,24.0,24.0,False,5.4,5.4,False
501506,1951,P07,MS-MOI-SPF50,1,32.0,0.0,32.0,32.0,False,7.8,7.8,True
501507,1951,P04,MS-SER-HYA30,1,34.0,0.0,34.0,34.0,False,7.2,7.2,True
501508,1952,P05,MS-SER-NIA30,1,29.0,0.0,29.0,29.0,False,5.9,5.9,True
501509,1952,P03,MS-SER-VTC30,1,34.0,0.0,34.0,34.0,False,8.5,8.5,True
501510,1953,P03,MS-SER-VTC30,1,34.0,5.1,34.0,28.9,False,8.5,8.5,True
501511,1954,P02,MS-CLN-CRM150,1,24.0,0.0,24.0,24.0,False,5.4,5.4,True
501512,1954,P10,MS-MSK-CLY100,1,26.0,0.0,26.0,26.0,False,6.0,6.0,True
501513,1955,P12,MS-SET-RTN3,1,84.0,12.6,84.0,71.4,False,21.1,21.1,True
501514,1955,P05,MS-SER-NIA30,1,29.0,4.35,29.0,24.65,False,5.9,5.9,True
501515,1955,P04,MS-SER-HYA30,1,34.0,5.1,34.0,28.9,False,7.2,7.2,True
501516,1955,P07,MS-MOI-SPF50,2,32.0,9.6,64.0,54.4,False,7.8,15.6,True
501517,1956,P12,MS-SET-RTN3,1,84.0,0.0,84.0,84.0,False,21.1,21.1,True
501518,1957,P02,MS-CLN-CRM150,1,24.0,0.0,24.0,24.0,False,5.4,5.4,True
501519,1958,P02,MS-CLN-CRM150,1,24.0,0.0,24.0,24.0,False,5.4,5.4,True
501520,1958,P03,MS-SER-VTC30,1,34.0,0.0,34.0,34.0,False,8.5,8.5,True
501521,1959,P02,MS-CLN-CRM150,1,24.0,0.0,24.0,24.0,False,5.4,5.4,True
501522,1959,P07,MS-MOI-SPF50,1,32.0,0.0,32.0,32.0,False,7.8,7.8,True
501523,1960,P03,MS-SER-VTC30,1,34.0,0.0,34.0,34.0,False,8.5,8.5,True
501524,1960,P02,MS-CLN-CRM150,1,24.0,0.0,24.0,24.0,False,5.4,5.4,True
501525,1960,P01,MS-CLN-GEL150,1,22.0,0.0,22.0,22.0,False,4.8,4.8,True
501526,1961,P12,MS-SET-RTN3,1,84.0,0.0,84.0,84.0,False,21.1,21.1,True
501527,1962,P01,MS-CLN-GEL150,2,22.0,0.0,44.0,44.0,False,4.8,9.6,True
501528,1962,P02,MS-CLN-CRM150,2,24.0,0.0,48.0,48.0,False,5.4,10.8,True
501529,1962,P06,MS-TRT-RET50,1,44.0,0.0,44.0,44.0,False,10.5,10.5,True
501530,1963,P02,MS-CLN-CRM150,1,24.0,3.6,24.0,20.4,False,5.4,5.4,True
501531,1963,P06,MS-TRT-RET50,1,44.0,6.6,44.0,37.4,False,10.5,10.5,True
501532,1964,P04,MS-SER-HYA30,1,34.0,0.0,34.0,34.0,False,7.2,7.2,True
501533,1965,P07,MS-MOI-SPF50,1,32.0,0.0,32.0,32.0,False,7.8,7.8,True
501534,1965,P03,MS-SER-VTC30,1,34.0,0.0,34.0,34.0,False,8.5,8.5,True
501535,1966,P05,MS-SER-NIA30,1,29.0,4.35,29.0,24.65,False,5.9,5.9,True
501536,1967,P11,MS-BDY-LOT400,2,28.0,5.6,56.0,50.4,False,8.5,17.0,True
501537,1967,P07,MS-MOI-SPF50,1,32.0,3.2,32.0,28.8,False,7.8,7.8,True
501538,1968,P03,MS-SER-VTC30,1,34.0,0.0,34.0,34.0,False,8.5,8.5,True
501539,1969,P12,MS-SET-RTN3,1,84.0,12.6,84.0,71.4,False,21.1,21.1,True
501540,1970,P04,MS-SER-HYA30,1,34.0,0.0,34.0,34.0,False,7.2,7.2,True
501541,1971,P06,MS-TRT-RET50,2,44.0,13.2,88.0,74.8,False,10.5,21.0,True
501542,1972,P03,MS-SER-VTC30,2,34.0,10.2,68.0,57.8,False,8.5,17.0,True
501543,1972,P12,MS-SET-RTN3,1,84.0,12.6,84.0,71.4,False,21.1,21.1,True
501544,1973,P12,MS-SET-RTN3,1,84.0,0.0,84.0,84.0,False,21.1,21.1,True
501545,1973,P02,MS-CLN-CRM150,1,24.0,0.0,24.0,24.0,False,5.4,5.4,True
501546,1974,P04,MS-SER-HYA30,1,34.0,3.4,34.0,30.6,False,7.2,7.2,True
501547,1974,P03,MS-SER-VTC30,1,34.0,3.4,34.0,30.6,False,8.5,8.5,True
501548,1975,P12,MS-SET-RTN3,1,84.0,12.6,84.0,71.4,False,21.1,21.1,True
501549,1975,P07,MS-MOI-SPF50,1,32.0,4.8,32.0,27.2,False,7.8,7.8,True
501550,1976,P12,MS-SET-RTN3,1,84.0,12.6,84.0,71.4,False,21.1,21.1,True
501551,1976,P06,MS-TRT-RET50,1,44.0,6.6,44.0,37.4,False,10.5,10.5,True
501552,1977,P12,MS-SET-RTN3,1,84.0,12.6,84.0,71.4,False,21.1,21.1,True
501553,1978,P12,MS-SET-RTN3,1,84.0,12.6,84.0,71.4,False,21.1,21.1,True
501554,1978,P03,MS-SER-VTC30,1,34.0,5.1,34.0,28.9,False,8.5,8.5,True
501555,1979,P06,MS-TRT-RET50,1,44.0,0.0,44.0,44.0,False,10.5,10.5,True
501556,1979,P10,MS-MSK-CLY100,1,26.0,0.0,26.0,26.0,False,6.0,6.0,True
501557,1980,P06,MS-TRT-RET50,2,44.0,8.8,88.0,79.2,False,10.5,21.0,True
501558,1980,P04,MS-SER-HYA30,1,34.0,3.4,34.0,30.6,False,7.2,7.2,True
501559,1980,P01,MS-CLN-GEL150,1,22.0,2.2,22.0,19.8,False,4.8,4.8,True
501560,1981,P07,MS-MOI-SPF50,1,32.0,0.0,32.0,32.0,False,7.8,7.8,True
501561,1982,P06,MS-TRT-RET50,1,44.0,0.0,44.0,44.0,False,10.5,10.5,True
501562,1983,P10,MS-MSK-CLY100,1,26.0,0.0,26.0,26.0,False,6.0,6.0,True
501563,1983,P03,MS-SER-VTC30,1,34.0,0.0,34.0,34.0,False,8.5,8.5,True
501564,1984,P11,MS-BDY-LOT400,1,28.0,0.0,28.0,28.0,False,8.5,8.5,True
501565,1984,P03,MS-SER-VTC30,2,34.0,0.0,68.0,68.0,False,8.5,17.0,True
501566,1985,P04,MS-SER-HYA30,1,34.0,0.0,34.0,34.0,False,7.2,7.2,True
501567,1986,P02,MS-CLN-CRM150,1,24.0,0.0,24.0,24.0,False,5.4,5.4,True
501568,1987,P08,MS-MOI-BAR50,1,36.0,0.0,36.0,36.0,False,8.0,8.0,True
501569,1987,P01,MS-CLN-GEL150,1,22.0,0.0,22.0,22.0,False,4.8,4.8,True
501570,1988,P12,MS-SET-RTN3,1,84.0,0.0,84.0,84.0,False,21.1,21.1,True
501571,1988,P01,MS-CLN-GEL150,1,22.0,0.0,22.0,22.0,False,4.8,4.8,True
501572,1989,P08,MS-MOI-BAR50,1,36.0,0.0,36.0,36.0,False,8.0,8.0,True
501573,1990,P11,MS-BDY-LOT400,2,28.0,0.0,56.0,56.0,False,8.5,17.0,True
501574,1991,P01,MS-CLN-GEL150,1,22.0,0.0,22.0,22.0,False,4.8,4.8,True
501575,1992,P04,MS-SER-HYA30,1,34.0,5.1,34.0,28.9,False,7.2,7.2,True
501576,1993,P12,MS-SET-RTN3,1,84.0,10.08,84.0,73.92,False,21.1,21.1,True
501577,1994,P07,MS-MOI-SPF50,1,32.0,4.8,32.0,27.2,False,7.8,7.8,True
501578,1995,P04,MS-SER-HYA30,2,34.0,0.0,68.0,68.0,False,7.2,14.4,True
501579,1996,P12,MS-SET-RTN3,1,84.0,12.6,84.0,71.4,False,21.1,21.1,True
501580,1996,P03,MS-SER-VTC30,1,34.0,5.1,34.0,28.9,False,8.5,8.5,True
501581,1996,P07,MS-MOI-SPF50,1,32.0,4.8,32.0,27.2,False,7.8,7.8,True
501582,1996,P01,MS-CLN-GEL150,1,22.0,3.3,22.0,18.7,False,4.8,4.8,True
501583,1997,P03,MS-SER-VTC30,1,34.0,5.1,34.0,28.9,False,8.5,8.5,True
501584,1998,P03,MS-SER-VTC30,1,34.0,5.1,34.0,28.9,False,8.5,8.5,True
501585,1998,P04,MS-SER-HYA30,1,34.0,5.1,34.0,28.9,False,7.2,7.2,True
501586,1998,P06,MS-TRT-RET50,1,44.0,6.6,44.0,37.4,False,10.5,10.5,True
501587,1999,P04,MS-SER-HYA30,1,34.0,0.0,34.0,34.0,False,7.2,7.2,True
501588,1999,P03,MS-SER-VTC30,1,34.0,0.0,34.0,34.0,False,8.5,8.5,True
501589,2000,P03,MS-SER-VTC30,1,34.0,0.0,34.0,34.0,False,8.5,8.5,True
501590,2001,P08,MS-MOI-BAR50,1,36.0,0.0,36.0,36.0,False,8.0,8.0,True
501591,2001,P06,MS-TRT-RET50,1,44.0,0.0,44.0,44.0,False,10.5,10.5,True
501592,2002,P03,MS-SER-VTC30,1,34.0,4.08,34.0,29.92,False,8.5,8.5,True
501593,2003,P11,MS-BDY-LOT400,1,28.0,4.2,28.0,23.8,False,8.5,8.5,True
501594,2004,P04,MS-SER-HYA30,1,34.0,0.0,34.0,34.0,False,7.2,7.2,True
501595,2005,P01,MS-CLN-GEL150,1,22.0,3.3,22.0,18.7,False,4.8,4.8,True
501596,2006,P07,MS-MOI-SPF50,2,32.0,0.0,64.0,64.0,False,7.8,15.6,True
501597,2006,P12,MS-SET-RTN3,1,84.0,0.0,84.0,84.0,False,21.1,21.1,True
501598,2007,P10,MS-MSK-CLY100,1,26.0,0.0,26.0,26.0,False,6.0,6.0,True
501599,2008,P03,MS-SER-VTC30,1,34.0,0.0,34.0,34.0,False,8.5,8.5,True
501600,2009,P03,MS-SER-VTC30,1,34.0,0.0,34.0,34.0,False,8.5,8.5,True
501601,2010,P05,MS-SER-NIA30,1,29.0,0.0,29.0,29.0,False,5.9,5.9,True
501602,2011,P04,MS-SER-HYA30,1,34.0,3.4,34.0,30.6,False,7.2,7.2,True
501603,2012,P04,MS-SER-HYA30,1,34.0,5.1,34.0,28.9,False,7.2,7.2,True
501604,2013,P07,MS-MOI-SPF50,1,32.0,0.0,32.0,32.0,False,7.8,7.8,True
501605,2013,P01,MS-CLN-GEL150,1,22.0,0.0,22.0,22.0,False,4.8,4.8,True
501606,2014,P12,MS-SET-RTN3,1,84.0,0.0,84.0,84.0,False,21.1,21.1,True
501607,2014,P04,MS-SER-HYA30,1,34.0,0.0,34.0,34.0,False,7.2,7.2,True
501608,2014,P06,MS-TRT-RET50,1,44.0,0.0,44.0,44.0,False,10.5,10.5,True
501609,2015,P07,MS-MOI-SPF50,1,32.0,0.0,32.0,32.0,False,7.8,7.8,True
501610,2016,P06,MS-TRT-RET50,2,44.0,13.2,88.0,74.8,False,10.5,21.0,True
501611,2017,P01,MS-CLN-GEL150,1,22.0,0.0,22.0,22.0,False,4.8,4.8,True
501612,2018,P03,MS-SER-VTC30,1,34.0,0.0,34.0,34.0,False,8.5,8.5,True
501613,2018,P04,MS-SER-HYA30,2,34.0,0.0,68.0,68.0,False,7.2,14.4,True
501614,2018,P12,MS-SET-RTN3,1,84.0,0.0,84.0,84.0,False,21.1,21.1,True
501615,2018,P08,MS-MOI-BAR50,1,36.0,0.0,36.0,36.0,False,8.0,8.0,True
501616,2019,P09,MS-EYE-015,1,30.0,0.0,30.0,30.0,False,7.5,7.5,True
501617,2019,P03,MS-SER-VTC30,1,34.0,0.0,34.0,34.0,False,8.5,8.5,True
501618,2019,P08,MS-MOI-BAR50,1,36.0,0.0,36.0,36.0,False,8.0,8.0,True
501619,2020,P01,MS-CLN-GEL150,1,22.0,0.0,22.0,22.0,False,4.8,4.8,True
501620,2021,P08,MS-MOI-BAR50,1,36.0,5.4,36.0,30.6,False,8.0,8.0,True
501621,2022,P06,MS-TRT-RET50,1,44.0,6.6,44.0,37.4,False,10.5,10.5,True
501622,2022,P03,MS-SER-VTC30,1,34.0,5.1,34.0,28.9,False,8.5,8.5,True
501623,2023,P04,MS-SER-HYA30,1,34.0,0.0,34.0,34.0,False,7.2,7.2,True
501624,2023,P11,MS-BDY-LOT400,1,28.0,0.0,28.0,28.0,False,8.5,8.5,True
501625,2023,P12,MS-SET-RTN3,1,84.0,0.0,84.0,84.0,False,21.1,21.1,True
501626,2023,P01,MS-CLN-GEL150,1,22.0,0.0,22.0,22.0,False,4.8,4.8,True
501627,2024,P01,MS-CLN-GEL150,1,22.0,3.3,22.0,18.7,False,4.8,4.8,True
501628,2024,P11,MS-BDY-LOT400,1,28.0,4.2,28.0,23.8,False,8.5,8.5,True
501629,2025,P06,MS-TRT-RET50,1,44.0,6.6,44.0,37.4,False,10.5,10.5,True
501630,2026,P01,MS-CLN-GEL150,1,22.0,3.3,22.0,18.7,False,4.8,4.8,True
501631,2027,P10,MS-MSK-CLY100,1,26.0,0.0,26.0,26.0,False,6.0,6.0,True
501632,2027,P11,MS-BDY-LOT400,1,28.0,0.0,28.0,28.0,False,8.5,8.5,True
501633,2028,P09,MS-EYE-015,1,30.0,4.5,30.0,25.5,False,7.5,7.5,True
501634,2028,P03,MS-SER-VTC30,1,34.0,5.1,34.0,28.9,False,8.5,8.5,True
501635,2029,P06,MS-TRT-RET50,1,44.0,4.4,44.0,39.6,False,10.5,10.5,True
501636,2030,P11,MS-BDY-LOT400,1,28.0,4.2,28.0,23.8,False,8.5,8.5,True
501637,2031,P06,MS-TRT-RET50,1,44.0,0.0,44.0,44.0,False,10.5,10.5,True
501638,2032,P05,MS-SER-NIA30,1,29.0,4.35,29.0,24.65,False,5.9,5.9,True
501639,2032,P06,MS-TRT-RET50,1,44.0,6.6,44.0,37.4,False,10.5,10.5,True
501640,2033,P06,MS-TRT-RET50,1,44.0,0.0,44.0,44.0,False,10.5,10.5,True
501641,2034,P03,MS-SER-VTC30,1,34.0,0.0,34.0,34.0,False,8.5,8.5,True
501642,2034,P07,MS-MOI-SPF50,1,32.0,0.0,32.0,32.0,False,7.8,7.8,True
501643,2035,P03,MS-SER-VTC30,1,34.0,0.0,34.0,34.0,False,8.5,8.5,True
501644,2036,P10,MS-MSK-CLY100,1,26.0,0.0,26.0,26.0,False,6.0,6.0,True
501645,2037,P07,MS-MOI-SPF50,1,32.0,0.0,32.0,32.0,False,7.8,7.8,True
501646,2038,P12,MS-SET-RTN3,1,84.0,0.0,84.0,84.0,False,21.1,21.1,True
501647,2039,P07,MS-MOI-SPF50,1,32.0,0.0,32.0,32.0,False,7.8,7.8,True
501648,2039,P05,MS-SER-NIA30,1,29.0,0.0,29.0,29.0,False,5.9,5.9,True
501649,2040,P03,MS-SER-VTC30,1,34.0,0.0,34.0,34.0,False,8.5,8.5,True
501650,2040,P01,MS-CLN-GEL150,1,22.0,0.0,22.0,22.0,False,4.8,4.8,True
501651,2041,P07,MS-MOI-SPF50,1,32.0,4.8,32.0,27.2,False,7.8,7.8,True
501652,2042,P02,MS-CLN-CRM150,1,24.0,3.6,24.0,20.4,False,5.4,5.4,True
501653,2043,P04,MS-SER-HYA30,1,34.0,3.4,34.0,30.6,False,7.2,7.2,True
501654,2044,P09,MS-EYE-015,1,30.0,0.0,30.0,30.0,False,7.5,7.5,True
501655,2044,P11,MS-BDY-LOT400,1,28.0,0.0,28.0,28.0,False,8.5,8.5,True
501656,2044,P01,MS-CLN-GEL150,1,22.0,0.0,22.0,22.0,False,4.8,4.8,True
501657,2045,P11,MS-BDY-LOT400,1,28.0,0.0,28.0,28.0,False,8.5,8.5,True
501658,2046,P07,MS-MOI-SPF50,1,32.0,4.8,32.0,27.2,False,7.8,7.8,True
501659,2047,P03,MS-SER-VTC30,2,34.0,0.0,68.0,68.0,False,8.5,17.0,True
501660,2048,P06,MS-TRT-RET50,1,44.0,6.6,44.0,37.4,False,10.5,10.5,True
501661,2048,P03,MS-SER-VTC30,1,34.0,5.1,34.0,28.9,False,8.5,8.5,True
501662,2049,P06,MS-TRT-RET50,1,44.0,6.6,44.0,37.4,False,10.5,10.5,True
501663,2050,P07,MS-MOI-SPF50,2,32.0,9.6,64.0,54.4,False,7.8,15.6,True
501664,2050,P03,MS-SER-VTC30,1,34.0,5.1,34.0,28.9,False,8.5,8.5,True
501665,2051,P02,MS-CLN-CRM150,1,24.0,0.0,24.0,24.0,False,5.4,5.4,True
501666,2051,P04,MS-SER-HYA30,2,34.0,0.0,68.0,68.0,False,7.2,14.4,True
501667,2051,P12,MS-SET-RTN3,1,84.0,0.0,84.0,84.0,False,21.1,21.1,True
501668,2052,P05,MS-SER-NIA30,2,29.0,0.0,58.0,58.0,False,5.9,11.8,True
501669,2053,P01,MS-CLN-GEL150,1,22.0,3.3,22.0,18.7,False,4.8,4.8,True
501670,2054,P07,MS-MOI-SPF50,1,32.0,0.0,32.0,32.0,False,7.8,7.8,True
501671,2055,P08,MS-MOI-BAR50,1,36.0,5.4,36.0,30.6,False,8.0,8.0,True
501672,2055,P02,MS-CLN-CRM150,1,24.0,3.6,24.0,20.4,False,5.4,5.4,True
501673,2056,P05,MS-SER-NIA30,1,29.0,0.0,29.0,29.0,False,5.9,5.9,True
501674,2057,P11,MS-BDY-LOT400,1,28.0,4.2,28.0,23.8,False,8.5,8.5,True
501675,2058,P09,MS-EYE-015,1,30.0,0.0,30.0,30.0,False,7.5,7.5,True
501676,2059,P03,MS-SER-VTC30,2,34.0,0.0,68.0,68.0,False,8.5,17.0,True
501677,2059,P05,MS-SER-NIA30,1,29.0,0.0,29.0,29.0,False,5.9,5.9,True
501678,2060,P06,MS-TRT-RET50,1,44.0,0.0,44.0,44.0,False,10.5,10.5,True
501679,2061,P01,MS-CLN-GEL150,1,22.0,3.3,22.0,18.7,False,4.8,4.8,True
501680,2062,P09,MS-EYE-015,1,30.0,3.0,30.0,27.0,False,7.5,7.5,True
501681,2063,P03,MS-SER-VTC30,1,34.0,0.0,34.0,34.0,False,8.5,8.5,True
501682,2063,P05,MS-SER-NIA30,1,29.0,0.0,29.0,29.0,False,5.9,5.9,True
501683,2064,P01,MS-CLN-GEL150,1,22.0,0.0,22.0,22.0,False,4.8,4.8,True
501684,2064,P07,MS-MOI-SPF50,2,32.0,0.0,64.0,64.0,False,7.8,15.6,True
501685,2065,P10,MS-MSK-CLY100,1,26.0,3.9,26.0,22.1,False,6.0,6.0,True
501686,2066,P02,MS-CLN-CRM150,1,24.0,0.0,24.0,24.0,False,5.4,5.4,True
501687,2067,P09,MS-EYE-015,1,30.0,4.5,30.0,25.5,False,7.5,7.5,True
501688,2067,P03,MS-SER-VTC30,1,34.0,5.1,34.0,28.9,False,8.5,8.5,True
501689,2068,P08,MS-MOI-BAR50,2,36.0,0.0,72.0,72.0,False,8.0,16.0,True
501690,2068,P01,MS-CLN-GEL150,1,22.0,0.0,22.0,22.0,False,4.8,4.8,True
501691,2069,P01,MS-CLN-GEL150,1,22.0,3.3,22.0,18.7,False,4.8,4.8,True
501692,2070,P05,MS-SER-NIA30,1,29.0,0.0,29.0,29.0,False,5.9,5.9,True
501693,2070,P10,MS-MSK-CLY100,2,26.0,0.0,52.0,52.0,False,6.0,12.0,True
501694,2071,P12,MS-SET-RTN3,1,84.0,0.0,84.0,84.0,False,21.1,21.1,True
501695,2071,P10,MS-MSK-CLY100,1,26.0,0.0,26.0,26.0,False,6.0,6.0,True
501696,2072,P04,MS-SER-HYA30,2,34.0,0.0,68.0,68.0,False,7.2,14.4,True
501697,2073,P12,MS-SET-RTN3,1,84.0,0.0,84.0,84.0,False,21.1,21.1,True
501698,2073,P06,MS-TRT-RET50,2,44.0,0.0,88.0,88.0,False,10.5,21.0,True
501699,2074,P01,MS-CLN-GEL150,1,22.0,0.0,22.0,22.0,False,4.8,4.8,True
501700,2074,P02,MS-CLN-CRM150,1,24.0,0.0,24.0,24.0,False,5.4,5.4,True
501701,2075,P02,MS-CLN-CRM150,1,24.0,0.0,24.0,24.0,False,5.4,5.4,True
501702,2076,P11,MS-BDY-LOT400,1,28.0,3.36,28.0,24.64,False,8.5,8.5,True
501703,2076,P03,MS-SER-VTC30,1,34.0,4.08,34.0,29.92,False,8.5,8.5,True
501704,2077,P07,MS-MOI-SPF50,1,32.0,0.0,32.0,32.0,False,7.8,7.8,True
501705,2077,P03,MS-SER-VTC30,1,34.0,0.0,34.0,34.0,False,8.5,8.5,True
501706,2078,P07,MS-MOI-SPF50,1,32.0,0.0,32.0,32.0,False,7.8,7.8,True
501707,2079,P03,MS-SER-VTC30,1,34.0,0.0,34.0,34.0,False,8.5,8.5,True
501708,2079,P07,MS-MOI-SPF50,2,32.0,0.0,64.0,64.0,False,7.8,15.6,True
501709,2080,P04,MS-SER-HYA30,2,34.0,0.0,68.0,68.0,False,7.2,14.4,True
501710,2080,P03,MS-SER-VTC30,1,34.0,0.0,34.0,34.0,False,8.5,8.5,True
501711,2081,P02,MS-CLN-CRM150,1,24.0,2.4,24.0,21.6,False,5.4,5.4,True
501712,2081,P07,MS-MOI-SPF50,1,32.0,3.2,32.0,28.8,False,7.8,7.8,True
501713,2082,P10,MS-MSK-CLY100,1,26.0,0.0,26.0,26.0,False,6.0,6.0,True
501714,2082,P07,MS-MOI-SPF50,1,32.0,0.0,32.0,32.0,False,7.8,7.8,True
501715,2083,P03,MS-SER-VTC30,1,34.0,0.0,34.0,34.0,False,8.5,8.5,True
501716,2084,P03,MS-SER-VTC30,1,34.0,0.0,34.0,34.0,False,8.5,8.5,True
501717,2085,P03,MS-SER-VTC30,1,34.0,5.1,34.0,28.9,False,8.5,8.5,True
501718,2085,P08,MS-MOI-BAR50,1,36.0,5.4,36.0,30.6,False,8.0,8.0,True
501719,2086,P04,MS-SER-HYA30,1,34.0,5.1,34.0,28.9,False,7.2,7.2,True
501720,2087,P03,MS-SER-VTC30,1,34.0,5.1,34.0,28.9,False,8.5,8.5,True
501721,2088,P11,MS-BDY-LOT400,1,28.0,0.0,28.0,28.0,False,8.5,8.5,True
501722,2089,P06,MS-TRT-RET50,1,44.0,0.0,44.0,44.0,False,10.5,10.5,True
501723,2090,P12,MS-SET-RTN3,1,84.0,8.4,84.0,75.6,False,21.1,21.1,True
501724,2090,P06,MS-TRT-RET50,1,44.0,4.4,44.0,39.6,False,10.5,10.5,True
501725,2091,P04,MS-SER-HYA30,2,34.0,0.0,68.0,68.0,False,7.2,14.4,True
501726,2091,P03,MS-SER-VTC30,2,34.0,0.0,68.0,68.0,False,8.5,17.0,True
501727,2092,P06,MS-TRT-RET50,2,44.0,0.0,88.0,88.0,False,10.5,21.0,True
501728,2093,P06,MS-TRT-RET50,1,44.0,0.0,44.0,44.0,False,10.5,10.5,True
501729,2093,P04,MS-SER-HYA30,1,34.0,0.0,34.0,34.0,False,7.2,7.2,True
501730,2094,P08,MS-MOI-BAR50,1,36.0,0.0,36.0,36.0,False,8.0,8.0,True
501731,2095,P05,MS-SER-NIA30,1,29.0,0.0,29.0,29.0,False,5.9,5.9,True
501732,2096,P07,MS-MOI-SPF50,1,32.0,3.2,32.0,28.8,False,7.8,7.8,True
501733,2096,P12,MS-SET-RTN3,1,84.0,8.4,84.0,75.6,False,21.1,21.1,True
501734,2097,P05,MS-SER-NIA30,2,29.0,5.8,58.0,52.2,False,5.9,11.8,True
501735,2097,P04,MS-SER-HYA30,1,34.0,3.4,34.0,30.6,False,7.2,7.2,True
501736,2098,P05,MS-SER-NIA30,1,29.0,0.0,29.0,29.0,False,5.9,5.9,True
501737,2099,P05,MS-SER-NIA30,1,29.0,0.0,29.0,29.0,False,5.9,5.9,True
501738,2099,P08,MS-MOI-BAR50,1,36.0,0.0,36.0,36.0,False,8.0,8.0,True
501739,2100,P03,MS-SER-VTC30,1,34.0,5.1,34.0,28.9,False,8.5,8.5,True
501740,2101,P03,MS-SER-VTC30,1,34.0,5.1,34.0,28.9,False,8.5,8.5,True
501741,2102,P07,MS-MOI-SPF50,1,32.0,4.8,32.0,27.2,False,7.8,7.8,True
501742,2103,P08,MS-MOI-BAR50,1,36.0,5.4,36.0,30.6,False,8.0,8.0,True
501743,2104,P09,MS-EYE-015,1,30.0,0.0,30.0,30.0,False,7.5,7.5,True
501744,2105,P10,MS-MSK-CLY100,1,26.0,0.0,26.0,26.0,False,6.0,6.0,True
501745,2106,P01,MS-CLN-GEL150,1,22.0,0.0,22.0,22.0,False,4.8,4.8,True
501746,2106,P05,MS-SER-NIA30,1,29.0,0.0,29.0,29.0,False,5.9,5.9,True
501747,2106,P06,MS-TRT-RET50,1,44.0,0.0,44.0,44.0,False,10.5,10.5,True
501748,2107,P01,MS-CLN-GEL150,1,22.0,0.0,22.0,22.0,False,4.8,4.8,True
501749,2107,P09,MS-EYE-015,1,30.0,0.0,30.0,30.0,False,7.5,7.5,True
501750,2108,P10,MS-MSK-CLY100,1,26.0,0.0,26.0,26.0,False,6.0,6.0,True
501751,2108,P11,MS-BDY-LOT400,1,28.0,0.0,28.0,28.0,False,8.5,8.5,True
501752,2109,P03,MS-SER-VTC30,1,34.0,5.1,34.0,28.9,False,8.5,8.5,True
501753,2110,P04,MS-SER-HYA30,1,34.0,3.4,34.0,30.6,False,7.2,7.2,True
501754,2110,P10,MS-MSK-CLY100,1,26.0,2.6,26.0,23.4,False,6.0,6.0,True
501755,2111,P07,MS-MOI-SPF50,1,32.0,0.0,32.0,32.0,False,7.8,7.8,True
501756,2112,P11,MS-BDY-LOT400,1,28.0,2.8,28.0,25.2,False,8.5,8.5,True
501757,2112,P07,MS-MOI-SPF50,1,32.0,3.2,32.0,28.8,False,7.8,7.8,True
501758,2112,P03,MS-SER-VTC30,1,34.0,3.4,34.0,30.6,False,8.5,8.5,True
501759,2113,P03,MS-SER-VTC30,1,34.0,0.0,34.0,34.0,False,8.5,8.5,True
501760,2114,P03,MS-SER-VTC30,1,34.0,5.1,34.0,28.9,False,8.5,8.5,True
501761,2115,P04,MS-SER-HYA30,1,34.0,0.0,34.0,34.0,False,7.2,7.2,True
501762,2116,P05,MS-SER-NIA30,1,29.0,4.35,29.0,24.65,False,5.9,5.9,True
501763,2117,P03,MS-SER-VTC30,1,34.0,0.0,34.0,34.0,False,8.5,8.5,True
501764,2117,P01,MS-CLN-GEL150,1,22.0,0.0,22.0,22.0,False,4.8,4.8,True
501765,2118,P10,MS-MSK-CLY100,1,26.0,0.0,26.0,26.0,False,6.0,6.0,True
501766,2118,P11,MS-BDY-LOT400,1,28.0,0.0,28.0,28.0,False,8.5,8.5,True
501767,2118,P05,MS-SER-NIA30,1,29.0,0.0,29.0,29.0,False,5.9,5.9,True
501768,2118,P03,MS-SER-VTC30,1,34.0,0.0,34.0,34.0,False,8.5,8.5,True
501769,2119,P03,MS-SER-VTC30,1,34.0,0.0,34.0,34.0,False,8.5,8.5,True
501770,2119,P02,MS-CLN-CRM150,2,24.0,0.0,48.0,48.0,False,5.4,10.8,True
501771,2120,P11,MS-BDY-LOT400,1,28.0,0.0,28.0,28.0,False,8.5,8.5,True
501772,2121,P12,MS-SET-RTN3,1,84.0,0.0,84.0,84.0,False,21.1,21.1,True
501773,2122,P12,MS-SET-RTN3,1,84.0,12.6,84.0,71.4,False,21.1,21.1,True
501774,2123,P02,MS-CLN-CRM150,1,24.0,2.4,24.0,21.6,False,5.4,5.4,True
501775,2124,P02,MS-CLN-CRM150,1,24.0,0.0,24.0,24.0,False,5.4,5.4,True
501776,2125,P07,MS-MOI-SPF50,2,32.0,0.0,64.0,64.0,False,7.8,15.6,True
501777,2126,P03,MS-SER-VTC30,1,34.0,5.1,34.0,28.9,False,8.5,8.5,True
501778,2126,P10,MS-MSK-CLY100,1,26.0,3.9,26.0,22.1,False,6.0,6.0,True
501779,2127,P03,MS-SER-VTC30,1,34.0,0.0,34.0,34.0,False,8.5,8.5,True
501780,2128,P06,MS-TRT-RET50,1,44.0,0.0,44.0,44.0,False,10.5,10.5,True
501781,2129,P06,MS-TRT-RET50,1,44.0,0.0,44.0,44.0,False,10.5,10.5,True
501782,2129,P11,MS-BDY-LOT400,1,28.0,0.0,28.0,28.0,False,8.5,8.5,True
501783,2129,P05,MS-SER-NIA30,1,29.0,0.0,29.0,29.0,False,5.9,5.9,True
501784,2129,P03,MS-SER-VTC30,1,34.0,0.0,34.0,34.0,False,8.5,8.5,True
501785,2130,P11,MS-BDY-LOT400,2,28.0,0.0,56.0,56.0,False,8.5,17.0,True
501786,2130,P08,MS-MOI-BAR50,1,36.0,0.0,36.0,36.0,False,8.0,8.0,True
501787,2130,P09,MS-EYE-015,1,30.0,0.0,30.0,30.0,False,7.5,7.5,True
501788,2130,P10,MS-MSK-CLY100,1,26.0,0.0,26.0,26.0,False,6.0,6.0,True
501789,2131,P06,MS-TRT-RET50,1,44.0,6.6,44.0,37.4,False,10.5,10.5,True
501790,2131,P03,MS-SER-VTC30,2,34.0,10.2,68.0,57.8,False,8.5,17.0,True
501791,2132,P02,MS-CLN-CRM150,1,24.0,0.0,24.0,24.0,False,5.4,5.4,True
501792,2132,P07,MS-MOI-SPF50,1,32.0,0.0,32.0,32.0,False,7.8,7.8,True
501793,2133,P06,MS-TRT-RET50,1,44.0,0.0,44.0,44.0,False,10.5,10.5,True
501794,2133,P07,MS-MOI-SPF50,1,32.0,0.0,32.0,32.0,False,7.8,7.8,True
501795,2133,P05,MS-SER-NIA30,1,29.0,0.0,29.0,29.0,False,5.9,5.9,True
501796,2134,P01,MS-CLN-GEL150,2,22.0,0.0,44.0,44.0,False,4.8,9.6,True
501797,2135,P02,MS-CLN-CRM150,1,24.0,0.0,24.0,24.0,False,5.4,5.4,True
501798,2136,P04,MS-SER-HYA30,1,34.0,3.4,34.0,30.6,False,7.2,7.2,True
501799,2136,P11,MS-BDY-LOT400,1,28.0,2.8,28.0,25.2,False,8.5,8.5,True
501800,2136,P03,MS-SER-VTC30,1,34.0,3.4,34.0,30.6,False,8.5,8.5,True
501801,2136,P07,MS-MOI-SPF50,1,32.0,3.2,32.0,28.8,False,7.8,7.8,True
501802,2137,P05,MS-SER-NIA30,1,29.0,0.0,29.0,29.0,False,5.9,5.9,True
501803,2138,P03,MS-SER-VTC30,1,34.0,3.4,34.0,30.6,False,8.5,8.5,True
501804,2138,P12,MS-SET-RTN3,1,84.0,8.4,84.0,75.6,False,21.1,21.1,True
501805,2139,P04,MS-SER-HYA30,1,34.0,0.0,34.0,34.0,False,7.2,7.2,True
501806,2139,P11,MS-BDY-LOT400,1,28.0,0.0,28.0,28.0,False,8.5,8.5,True
501807,2140,P02,MS-CLN-CRM150,1,24.0,0.0,24.0,24.0,False,5.4,5.4,True
501808,2140,P03,MS-SER-VTC30,1,34.0,0.0,34.0,34.0,False,8.5,8.5,True
501809,2140,P10,MS-MSK-CLY100,1,26.0,0.0,26.0,26.0,False,6.0,6.0,True
501810,2140,P12,MS-SET-RTN3,1,84.0,0.0,84.0,84.0,False,21.1,21.1,True
501811,2141,P09,MS-EYE-015,1,30.0,4.5,30.0,25.5,False,7.5,7.5,True
501812,2142,P07,MS-MOI-SPF50,1,32.0,4.8,32.0,27.2,False,7.8,7.8,True
501813,2142,P05,MS-SER-NIA30,1,29.0,4.35,29.0,24.65,False,5.9,5.9,True
501814,2143,P01,MS-CLN-GEL150,1,22.0,0.0,22.0,22.0,False,4.8,4.8,True
501815,2143,P07,MS-MOI-SPF50,1,32.0,0.0,32.0,32.0,False,7.8,7.8,True
501816,2144,P07,MS-MOI-SPF50,1,32.0,0.0,32.0,32.0,False,7.8,7.8,True
501817,2144,P04,MS-SER-HYA30,1,34.0,0.0,34.0,34.0,False,7.2,7.2,True
501818,2145,P03,MS-SER-VTC30,1,34.0,0.0,34.0,34.0,False,8.5,8.5,True
501819,2146,P03,MS-SER-VTC30,1,34.0,0.0,34.0,34.0,False,8.5,8.5,True
501820,2146,P08,MS-MOI-BAR50,1,36.0,0.0,36.0,36.0,False,8.0,8.0,True
501821,2146,P06,MS-TRT-RET50,1,44.0,0.0,44.0,44.0,False,10.5,10.5,True
501822,2146,P01,MS-CLN-GEL150,1,22.0,0.0,22.0,22.0,False,4.8,4.8,True
501823,2147,P04,MS-SER-HYA30,1,34.0,0.0,34.0,34.0,False,7.2,7.2,True
501824,2148,P01,MS-CLN-GEL150,1,22.0,0.0,22.0,22.0,False,4.8,4.8,True
501825,2149,P04,MS-SER-HYA30,1,34.0,0.0,34.0,34.0,False,7.2,7.2,True
501826,2150,P11,MS-BDY-LOT400,1,28.0,4.2,28.0,23.8,False,8.5,8.5,True
501827,2151,P03,MS-SER-VTC30,2,34.0,0.0,68.0,68.0,False,8.5,17.0,True
501828,2152,P06,MS-TRT-RET50,2,44.0,0.0,88.0,88.0,False,10.5,21.0,True
501829,2152,P01,MS-CLN-GEL150,1,22.0,0.0,22.0,22.0,False,4.8,4.8,True
501830,2152,P08,MS-MOI-BAR50,1,36.0,0.0,36.0,36.0,False,8.0,8.0,True
501831,2153,P06,MS-TRT-RET50,1,44.0,6.6,44.0,37.4,False,10.5,10.5,True
501832,2153,P12,MS-SET-RTN3,1,84.0,12.6,84.0,71.4,False,21.1,21.1,True
501833,2154,P02,MS-CLN-CRM150,2,24.0,0.0,48.0,48.0,False,5.4,10.8,True
501834,2154,P04,MS-SER-HYA30,1,34.0,0.0,34.0,34.0,False,7.2,7.2,True
501835,2155,P03,MS-SER-VTC30,1,34.0,0.0,34.0,34.0,False,8.5,8.5,True
501836,2155,P06,MS-TRT-RET50,2,44.0,0.0,88.0,88.0,False,10.5,21.0,True
501837,2155,P04,MS-SER-HYA30,1,34.0,0.0,34.0,34.0,False,7.2,7.2,True
501838,2155,P05,MS-SER-NIA30,1,29.0,0.0,29.0,29.0,False,5.9,5.9,True
501839,2156,P03,MS-SER-VTC30,1,34.0,0.0,34.0,34.0,False,8.5,8.5,True
501840,2157,P01,MS-CLN-GEL150,2,22.0,0.0,44.0,44.0,False,4.8,9.6,True
501841,2158,P03,MS-SER-VTC30,1,34.0,5.1,34.0,28.9,False,8.5,8.5,True
501842,2158,P05,MS-SER-NIA30,1,29.0,4.35,29.0,24.65,False,5.9,5.9,True
501843,2158,P01,MS-CLN-GEL150,1,22.0,3.3,22.0,18.7,False,4.8,4.8,True
501844,2159,P10,MS-MSK-CLY100,1,26.0,0.0,26.0,26.0,False,6.0,6.0,True
501845,2159,P07,MS-MOI-SPF50,1,32.0,0.0,32.0,32.0,False,7.8,7.8,True
501846,2160,P03,MS-SER-VTC30,1,34.0,0.0,34.0,34.0,False,8.5,8.5,True
501847,2161,P11,MS-BDY-LOT400,1,28.0,2.8,28.0,25.2,False,8.5,8.5,True
501848,2162,P10,MS-MSK-CLY100,1,26.0,0.0,26.0,26.0,False,6.0,6.0,True
501849,2163,P07,MS-MOI-SPF50,1,32.0,3.2,32.0,28.8,False,7.8,7.8,True
501850,2163,P01,MS-CLN-GEL150,1,22.0,2.2,22.0,19.8,False,4.8,4.8,True
501851,2163,P04,MS-SER-HYA30,1,34.0,3.4,34.0,30.6,False,7.2,7.2,True
501852,2164,P01,MS-CLN-GEL150,1,22.0,0.0,22.0,22.0,False,4.8,4.8,True
501853,2165,P09,MS-EYE-015,1,30.0,0.0,30.0,30.0,False,7.5,7.5,True
501854,2166,P03,MS-SER-VTC30,1,34.0,0.0,34.0,34.0,False,8.5,8.5,True
501855,2166,P09,MS-EYE-015,1,30.0,0.0,30.0,30.0,False,7.5,7.5,True
501856,2167,P05,MS-SER-NIA30,1,29.0,0.0,29.0,29.0,False,5.9,5.9,True
501857,2168,P03,MS-SER-VTC30,1,34.0,0.0,34.0,34.0,False,8.5,8.5,True
501858,2169,P07,MS-MOI-SPF50,1,32.0,4.8,32.0,27.2,False,7.8,7.8,True
501859,2170,P02,MS-CLN-CRM150,1,24.0,2.4,24.0,21.6,False,5.4,5.4,True
501860,2170,P11,MS-BDY-LOT400,2,28.0,5.6,56.0,50.4,False,8.5,17.0,True
501861,2171,P03,MS-SER-VTC30,2,34.0,0.0,68.0,68.0,False,8.5,17.0,True
501862,2171,P05,MS-SER-NIA30,1,29.0,0.0,29.0,29.0,False,5.9,5.9,True
501863,2172,P03,MS-SER-VTC30,1,34.0,0.0,34.0,34.0,False,8.5,8.5,True
501864,2172,P12,MS-SET-RTN3,1,84.0,0.0,84.0,84.0,False,21.1,21.1,True
501865,2173,P06,MS-TRT-RET50,1,44.0,0.0,44.0,44.0,False,10.5,10.5,True
501866,2173,P07,MS-MOI-SPF50,1,32.0,0.0,32.0,32.0,False,7.8,7.8,True
501867,2174,P05,MS-SER-NIA30,1,29.0,0.0,29.0,29.0,False,5.9,5.9,True
501868,2175,P04,MS-SER-HYA30,1,34.0,0.0,34.0,34.0,False,7.2,7.2,True
501869,2176,P08,MS-MOI-BAR50,1,36.0,0.0,36.0,36.0,False,8.0,8.0,True
501870,2177,P08,MS-MOI-BAR50,1,36.0,3.6,36.0,32.4,False,8.0,8.0,True
501871,2177,P07,MS-MOI-SPF50,1,32.0,3.2,32.0,28.8,False,7.8,7.8,True
501872,2178,P09,MS-EYE-015,1,30.0,0.0,30.0,30.0,False,7.5,7.5,True
501873,2179,P06,MS-TRT-RET50,2,44.0,24.42,88.0,63.58,False,10.5,21.0,True
501874,2179,P12,MS-SET-RTN3,1,84.0,23.31,84.0,60.69,False,21.1,21.1,True
501875,2180,P03,MS-SER-VTC30,1,34.0,0.0,34.0,34.0,False,8.5,8.5,True
501876,2180,P05,MS-SER-NIA30,1,29.0,0.0,29.0,29.0,False,5.9,5.9,True
501877,2180,P02,MS-CLN-CRM150,1,24.0,0.0,24.0,24.0,False,5.4,5.4,True
501878,2181,P03,MS-SER-VTC30,1,34.0,0.0,34.0,34.0,False,8.5,8.5,True
501879,2182,P12,MS-SET-RTN3,1,84.0,12.6,84.0,71.4,False,21.1,21.1,True
501880,2183,P10,MS-MSK-CLY100,1,26.0,3.9,26.0,22.1,False,6.0,6.0,True
501881,2184,P05,MS-SER-NIA30,1,29.0,4.35,29.0,24.65,False,5.9,5.9,True
501882,2185,P02,MS-CLN-CRM150,1,24.0,0.0,24.0,24.0,False,5.4,5.4,True
501883,2186,P02,MS-CLN-CRM150,1,24.0,0.0,24.0,24.0,False,5.4,5.4,True
501884,2187,P12,MS-SET-RTN3,1,84.0,0.0,84.0,84.0,False,21.1,21.1,True
501885,2187,P03,MS-SER-VTC30,1,34.0,0.0,34.0,34.0,False,8.5,8.5,True
501886,2188,P05,MS-SER-NIA30,1,29.0,0.0,29.0,29.0,False,5.9,5.9,True
501887,2189,P07,MS-MOI-SPF50,1,32.0,4.8,32.0,27.2,False,7.8,7.8,True
501888,2189,P02,MS-CLN-CRM150,1,24.0,3.6,24.0,20.4,False,5.4,5.4,True
501889,2189,P12,MS-SET-RTN3,1,84.0,12.6,84.0,71.4,False,21.1,21.1,True
501890,2190,P12,MS-SET-RTN3,1,84.0,0.0,84.0,84.0,False,21.1,21.1,True
501891,2190,P03,MS-SER-VTC30,2,34.0,0.0,68.0,68.0,False,8.5,17.0,True
501892,2191,P04,MS-SER-HYA30,1,34.0,0.0,34.0,34.0,False,7.2,7.2,True
501893,2191,P03,MS-SER-VTC30,1,34.0,0.0,34.0,34.0,False,8.5,8.5,True
501894,2192,P05,MS-SER-NIA30,1,29.0,0.0,29.0,29.0,False,5.9,5.9,True
501895,2192,P03,MS-SER-VTC30,1,34.0,0.0,34.0,34.0,False,8.5,8.5,True
501896,2192,P12,MS-SET-RTN3,1,84.0,0.0,84.0,84.0,False,21.1,21.1,True
501897,2192,P01,MS-CLN-GEL150,1,22.0,0.0,22.0,22.0,False,4.8,4.8,True
501898,2193,P04,MS-SER-HYA30,1,34.0,0.0,34.0,34.0,False,7.2,7.2,True
501899,2194,P01,MS-CLN-GEL150,1,22.0,0.0,22.0,22.0,False,4.8,4.8,True
501900,2195,P01,MS-CLN-GEL150,1,22.0,0.0,22.0,22.0,False,4.8,4.8,True
501901,2196,P12,MS-SET-RTN3,1,84.0,0.0,84.0,84.0,False,21.1,21.1,True
501902,2197,P04,MS-SER-HYA30,1,34.0,5.1,34.0,28.9,False,7.2,7.2,True
501903,2198,P05,MS-SER-NIA30,1,29.0,0.0,29.0,29.0,False,5.9,5.9,True
501904,2199,P09,MS-EYE-015,1,30.0,0.0,30.0,30.0,False,7.5,7.5,True
501905,2200,P10,MS-MSK-CLY100,1,26.0,0.0,26.0,26.0,False,6.0,6.0,True
501906,2200,P04,MS-SER-HYA30,2,34.0,0.0,68.0,68.0,False,7.2,14.4,True
501907,2201,P06,MS-TRT-RET50,1,44.0,6.6,44.0,37.4,False,10.5,10.5,True
501908,2202,P12,MS-SET-RTN3,1,84.0,12.6,84.0,71.4,False,21.1,21.1,True
501909,2202,P04,MS-SER-HYA30,1,34.0,5.1,34.0,28.9,False,7.2,7.2,True
501910,2202,P02,MS-CLN-CRM150,2,24.0,7.2,48.0,40.8,False,5.4,10.8,True
501911,2202,P01,MS-CLN-GEL150,1,22.0,3.3,22.0,18.7,False,4.8,4.8,True
501912,2203,P11,MS-BDY-LOT400,2,28.0,0.0,56.0,56.0,False,8.5,17.0,True
501913,2203,P03,MS-SER-VTC30,1,34.0,0.0,34.0,34.0,False,8.5,8.5,True
501914,2203,P01,MS-CLN-GEL150,2,22.0,0.0,44.0,44.0,False,4.8,9.6,True
501915,2204,P11,MS-BDY-LOT400,1,28.0,0.0,28.0,28.0,False,8.5,8.5,True
501916,2204,P05,MS-SER-NIA30,1,29.0,0.0,29.0,29.0,False,5.9,5.9,True
501917,2205,P03,MS-SER-VTC30,2,34.0,0.0,68.0,68.0,False,8.5,17.0,True
501918,2205,P09,MS-EYE-015,1,30.0,0.0,30.0,30.0,False,7.5,7.5,True
501919,2205,P01,MS-CLN-GEL150,1,22.0,0.0,22.0,22.0,False,4.8,4.8,True
501920,2206,P01,MS-CLN-GEL150,1,22.0,0.0,22.0,22.0,False,4.8,4.8,True
501921,2206,P07,MS-MOI-SPF50,1,32.0,0.0,32.0,32.0,False,7.8,7.8,True
501922,2207,P05,MS-SER-NIA30,1,29.0,4.35,29.0,24.65,False,5.9,5.9,True
501923,2208,P03,MS-SER-VTC30,1,34.0,5.1,34.0,28.9,False,8.5,8.5,True
501924,2209,P12,MS-SET-RTN3,1,84.0,0.0,84.0,84.0,False,21.1,21.1,True
501925,2209,P10,MS-MSK-CLY100,1,26.0,0.0,26.0,26.0,False,6.0,6.0,True
501926,2210,P02,MS-CLN-CRM150,1,24.0,3.6,24.0,20.4,False,5.4,5.4,True
501927,2210,P11,MS-BDY-LOT400,1,28.0,4.2,28.0,23.8,False,8.5,8.5,True
501928,2210,P06,MS-TRT-RET50,1,44.0,6.6,44.0,37.4,False,10.5,10.5,True
501929,2210,P05,MS-SER-NIA30,1,29.0,4.35,29.0,24.65,False,5.9,5.9,True
501930,2211,P03,MS-SER-VTC30,1,34.0,34.0,34.0,0.0,False,8.5,8.5,False
501931,2212,P03,MS-SER-VTC30,1,34.0,0.0,34.0,34.0,False,8.5,8.5,True
501932,2212,P02,MS-CLN-CRM150,1,24.0,0.0,24.0,24.0,False,5.4,5.4,True
501933,2212,P10,MS-MSK-CLY100,1,26.0,0.0,26.0,26.0,False,6.0,6.0,True
501934,2213,P03,MS-SER-VTC30,1,34.0,0.0,34.0,34.0,False,8.5,8.5,True
501935,2213,P06,MS-TRT-RET50,1,44.0,0.0,44.0,44.0,False,10.5,10.5,True
501936,2214,P08,MS-MOI-BAR50,1,36.0,0.0,36.0,36.0,False,8.0,8.0,True
501937,2215,P02,MS-CLN-CRM150,1,24.0,3.6,24.0,20.4,False,5.4,5.4,True
501938,2216,P05,MS-SER-NIA30,1,29.0,0.0,29.0,29.0,False,5.9,5.9,True
501939,2217,P04,MS-SER-HYA30,1,34.0,0.0,34.0,34.0,False,7.2,7.2,True
501940,2217,P03,MS-SER-VTC30,1,34.0,0.0,34.0,34.0,False,8.5,8.5,True
501941,2217,P01,MS-CLN-GEL150,1,22.0,0.0,22.0,22.0,False,4.8,4.8,True
501942,2218,P03,MS-SER-VTC30,1,34.0,5.1,34.0,28.9,False,8.5,8.5,True
501943,2219,P03,MS-SER-VTC30,1,34.0,5.1,34.0,28.9,False,8.5,8.5,True
501944,2220,P06,MS-TRT-RET50,2,44.0,0.0,88.0,88.0,False,10.5,21.0,True
501945,2220,P03,MS-SER-VTC30,1,34.0,0.0,34.0,34.0,False,8.5,8.5,True
501946,2221,P01,MS-CLN-GEL150,2,22.0,0.0,44.0,44.0,False,4.8,9.6,True
501947,2222,P10,MS-MSK-CLY100,1,26.0,2.6,26.0,23.4,False,6.0,6.0,True
501948,2223,P11,MS-BDY-LOT400,2,28.0,0.0,56.0,56.0,False,8.5,17.0,True
501949,2224,P08,MS-MOI-BAR50,1,36.0,3.6,36.0,32.4,False,8.0,8.0,True
501950,2224,P12,MS-SET-RTN3,1,84.0,8.4,84.0,75.6,False,21.1,21.1,True
501951,2224,P01,MS-CLN-GEL150,1,22.0,2.2,22.0,19.8,False,4.8,4.8,True
501952,2225,P04,MS-SER-HYA30,1,34.0,0.0,34.0,34.0,False,7.2,7.2,True
501953,2226,P12,MS-SET-RTN3,1,84.0,8.4,84.0,75.6,False,21.1,21.1,True
501954,2226,P07,MS-MOI-SPF50,1,32.0,3.2,32.0,28.8,False,7.8,7.8,True
501955,2226,P03,MS-SER-VTC30,1,34.0,3.4,34.0,30.6,False,8.5,8.5,True
501956,2226,P11,MS-BDY-LOT400,1,28.0,2.8,28.0,25.2,False,8.5,8.5,True
501957,2227,P12,MS-SET-RTN3,1,84.0,0.0,84.0,84.0,False,21.1,21.1,True
501958,2227,P11,MS-BDY-LOT400,1,28.0,0.0,28.0,28.0,False,8.5,8.5,True
501959,2228,P06,MS-TRT-RET50,1,44.0,6.6,44.0,37.4,False,10.5,10.5,True
501960,2229,P08,MS-MOI-BAR50,1,36.0,0.0,36.0,36.0,False,8.0,8.0,True
501961,2229,P07,MS-MOI-SPF50,1,32.0,0.0,32.0,32.0,False,7.8,7.8,True
501962,2230,P10,MS-MSK-CLY100,1,26.0,0.0,26.0,26.0,False,6.0,6.0,True
501963,2230,P12,MS-SET-RTN3,1,84.0,0.0,84.0,84.0,False,21.1,21.1,True
501964,2230,P01,MS-CLN-GEL150,1,22.0,0.0,22.0,22.0,False,4.8,4.8,True
501965,2231,P05,MS-SER-NIA30,1,29.0,0.0,29.0,29.0,False,5.9,5.9,True
501966,2232,P12,MS-SET-RTN3,1,84.0,0.0,84.0,84.0,False,21.1,21.1,True
501967,2232,P06,MS-TRT-RET50,1,44.0,0.0,44.0,44.0,False,10.5,10.5,True
501968,2233,P06,MS-TRT-RET50,1,44.0,0.0,44.0,44.0,False,10.5,10.5,True
501969,2234,P10,MS-MSK-CLY100,1,26.0,3.9,26.0,22.1,False,6.0,6.0,True
501970,2235,P05,MS-SER-NIA30,1,29.0,2.9,29.0,26.1,False,5.9,5.9,True
501971,2235,P04,MS-SER-HYA30,1,34.0,3.4,34.0,30.6,False,7.2,7.2,True
501972,2236,P05,MS-SER-NIA30,1,29.0,0.0,29.0,29.0,False,5.9,5.9,True
501973,2236,P01,MS-CLN-GEL150,2,22.0,0.0,44.0,44.0,False,4.8,9.6,True
501974,2236,P09,MS-EYE-015,1,30.0,0.0,30.0,30.0,False,7.5,7.5,True
501975,2237,P07,MS-MOI-SPF50,1,32.0,3.2,32.0,28.8,False,7.8,7.8,True
501976,2238,P01,MS-CLN-GEL150,1,22.0,0.0,22.0,22.0,False,4.8,4.8,True
501977,2238,P08,MS-MOI-BAR50,2,36.0,0.0,72.0,72.0,False,8.0,16.0,True
501978,2239,P03,MS-SER-VTC30,1,34.0,5.1,34.0,28.9,False,8.5,8.5,True
501979,2239,P01,MS-CLN-GEL150,1,22.0,3.3,22.0,18.7,False,4.8,4.8,True
501980,2239,P05,MS-SER-NIA30,1,29.0,4.35,29.0,24.65,False,5.9,5.9,True
501981,2240,P04,MS-SER-HYA30,1,34.0,0.0,34.0,34.0,False,7.2,7.2,True
501982,2240,P03,MS-SER-VTC30,1,34.0,0.0,34.0,34.0,False,8.5,8.5,True
501983,2240,P09,MS-EYE-015,1,30.0,0.0,30.0,30.0,False,7.5,7.5,True
501984,2240,P05,MS-SER-NIA30,1,29.0,0.0,29.0,29.0,False,5.9,5.9,True
501985,2241,P01,MS-CLN-GEL150,1,22.0,2.2,22.0,19.8,False,4.8,4.8,True
501986,2241,P03,MS-SER-VTC30,2,34.0,6.8,68.0,61.2,False,8.5,17.0,True
501987,2242,P01,MS-CLN-GEL150,1,22.0,0.0,22.0,22.0,False,4.8,4.8,True
501988,2242,P11,MS-BDY-LOT400,1,28.0,0.0,28.0,28.0,False,8.5,8.5,True
501989,2243,P03,MS-SER-VTC30,1,34.0,5.1,34.0,28.9,False,8.5,8.5,True
501990,2243,P02,MS-CLN-CRM150,2,24.0,7.2,48.0,40.8,False,5.4,10.8,True
501991,2243,P01,MS-CLN-GEL150,1,22.0,3.3,22.0,18.7,False,4.8,4.8,True
501992,2244,P06,MS-TRT-RET50,2,44.0,13.2,88.0,74.8,False,10.5,21.0,True
501993,2244,P05,MS-SER-NIA30,1,29.0,4.35,29.0,24.65,False,5.9,5.9,True
501994,2244,P12,MS-SET-RTN3,1,84.0,12.6,84.0,71.4,False,21.1,21.1,True
501995,2245,P03,MS-SER-VTC30,1,34.0,5.1,34.0,28.9,False,8.5,8.5,True
501996,2246,P07,MS-MOI-SPF50,1,32.0,0.0,32.0,32.0,False,7.8,7.8,True
501997,2247,P05,MS-SER-NIA30,1,29.0,0.0,29.0,29.0,False,5.9,5.9,True
501998,2247,P09,MS-EYE-015,2,30.0,0.0,60.0,60.0,False,7.5,15.0,True
501999,2248,P06,MS-TRT-RET50,1,44.0,6.6,44.0,37.4,False,10.5,10.5,True
502000,2249,P01,MS-CLN-GEL150,1,22.0,0.0,22.0,22.0,False,4.8,4.8,True
502001,2250,P09,MS-EYE-015,1,30.0,0.0,30.0,30.0,False,7.5,7.5,True
502002,2251,P02,MS-CLN-CRM150,1,24.0,0.0,24.0,24.0,False,5.4,5.4,True
502003,2251,P01,MS-CLN-GEL150,1,22.0,0.0,22.0,22.0,False,4.8,4.8,True
502004,2252,P03,MS-SER-VTC30,1,34.0,5.1,34.0,28.9,False,8.5,8.5,True
502005,2252,P11,MS-BDY-LOT400,1,28.0,4.2,28.0,23.8,False,8.5,8.5,True
502006,2253,P03,MS-SER-VTC30,1,34.0,0.0,34.0,34.0,False,8.5,8.5,True
502007,2253,P01,MS-CLN-GEL150,1,22.0,0.0,22.0,22.0,False,4.8,4.8,True
502008,2254,P01,MS-CLN-GEL150,1,22.0,0.0,22.0,22.0,False,4.8,4.8,True
502009,2254,P12,MS-SET-RTN3,1,84.0,0.0,84.0,84.0,False,21.1,21.1,True
502010,2254,P09,MS-EYE-015,1,30.0,0.0,30.0,30.0,False,7.5,7.5,True
502011,2255,P04,MS-SER-HYA30,1,34.0,3.4,34.0,30.6,False,7.2,7.2,True
502012,2256,P06,MS-TRT-RET50,2,44.0,0.0,88.0,88.0,False,10.5,21.0,True
502013,2256,P05,MS-SER-NIA30,1,29.0,0.0,29.0,29.0,False,5.9,5.9,True
502014,2256,P07,MS-MOI-SPF50,1,32.0,0.0,32.0,32.0,False,7.8,7.8,True
502015,2257,P03,MS-SER-VTC30,1,34.0,0.0,34.0,34.0,False,8.5,8.5,True
502016,2257,P07,MS-MOI-SPF50,1,32.0,0.0,32.0,32.0,False,7.8,7.8,True
502017,2258,P05,MS-SER-NIA30,1,29.0,0.0,29.0,29.0,False,5.9,5.9,True
502018,2258,P12,MS-SET-RTN3,1,84.0,0.0,84.0,84.0,False,21.1,21.1,True
502019,2259,P04,MS-SER-HYA30,2,34.0,0.0,68.0,68.0,False,7.2,14.4,True
502020,2259,P08,MS-MOI-BAR50,1,36.0,0.0,36.0,36.0,False,8.0,8.0,True
502021,2260,P02,MS-CLN-CRM150,1,24.0,0.0,24.0,24.0,False,5.4,5.4,True
502022,2260,P07,MS-MOI-SPF50,1,32.0,0.0,32.0,32.0,False,7.8,7.8,True
502023,2261,P10,MS-MSK-CLY100,1,26.0,0.0,26.0,26.0,False,6.0,6.0,True
502024,2261,P03,MS-SER-VTC30,1,34.0,0.0,34.0,34.0,False,8.5,8.5,True
502025,2261,P04,MS-SER-HYA30,1,34.0,0.0,34.0,34.0,False,7.2,7.2,True
502026,2262,P07,MS-MOI-SPF50,1,32.0,4.8,32.0,27.2,False,7.8,7.8,True
502027,2263,P04,MS-SER-HYA30,1,34.0,3.4,34.0,30.6,False,7.2,7.2,True
502028,2264,P03,MS-SER-VTC30,1,34.0,0.0,34.0,34.0,False,8.5,8.5,True
502029,2265,P04,MS-SER-HYA30,1,34.0,0.0,34.0,34.0,False,7.2,7.2,True
502030,2265,P03,MS-SER-VTC30,1,34.0,0.0,34.0,34.0,False,8.5,8.5,True
502031,2266,P04,MS-SER-HYA30,1,34.0,0.0,34.0,34.0,False,7.2,7.2,True
502032,2266,P11,MS-BDY-LOT400,1,28.0,0.0,28.0,28.0,False,8.5,8.5,True
502033,2267,P03,MS-SER-VTC30,1,34.0,5.1,34.0,28.9,False,8.5,8.5,True
502034,2268,P05,MS-SER-NIA30,1,29.0,4.35,29.0,24.65,False,5.9,5.9,True
502035,2268,P04,MS-SER-HYA30,1,34.0,5.1,34.0,28.9,False,7.2,7.2,True
502036,2268,P06,MS-TRT-RET50,1,44.0,6.6,44.0,37.4,False,10.5,10.5,True
502037,2269,P05,MS-SER-NIA30,1,29.0,4.35,29.0,24.65,False,5.9,5.9,True
502038,2269,P04,MS-SER-HYA30,1,34.0,5.1,34.0,28.9,False,7.2,7.2,True
502039,2270,P12,MS-SET-RTN3,1,84.0,12.6,84.0,71.4,False,21.1,21.1,True
502040,2270,P06,MS-TRT-RET50,1,44.0,6.6,44.0,37.4,False,10.5,10.5,True
502041,2271,P07,MS-MOI-SPF50,1,32.0,4.8,32.0,27.2,False,7.8,7.8,True
502042,2272,P07,MS-MOI-SPF50,1,32.0,0.0,32.0,32.0,False,7.8,7.8,True
502043,2273,P07,MS-MOI-SPF50,2,32.0,0.0,64.0,64.0,False,7.8,15.6,True
502044,2274,P05,MS-SER-NIA30,1,29.0,0.0,29.0,29.0,False,5.9,5.9,True
502045,2274,P01,MS-CLN-GEL150,1,22.0,0.0,22.0,22.0,False,4.8,4.8,True
502046,2275,P04,MS-SER-HYA30,1,34.0,0.0,34.0,34.0,False,7.2,7.2,True
502047,2275,P01,MS-CLN-GEL150,1,22.0,0.0,22.0,22.0,False,4.8,4.8,True
502048,2275,P08,MS-MOI-BAR50,1,36.0,0.0,36.0,36.0,False,8.0,8.0,True
502049,2275,P05,MS-SER-NIA30,1,29.0,0.0,29.0,29.0,False,5.9,5.9,True
502050,2276,P03,MS-SER-VTC30,1,34.0,5.1,34.0,28.9,False,8.5,8.5,True
502051,2276,P07,MS-MOI-SPF50,1,32.0,4.8,32.0,27.2,False,7.8,7.8,True
502052,2277,P03,MS-SER-VTC30,1,34.0,3.4,34.0,30.6,False,8.5,8.5,True
502053,2278,P06,MS-TRT-RET50,1,44.0,4.4,44.0,39.6,False,10.5,10.5,True
502054,2278,P11,MS-BDY-LOT400,1,28.0,2.8,28.0,25.2,False,8.5,8.5,True
502055,2279,P07,MS-MOI-SPF50,1,32.0,0.0,32.0,32.0,False,7.8,7.8,True
502056,2279,P05,MS-SER-NIA30,1,29.0,0.0,29.0,29.0,False,5.9,5.9,True
502057,2279,P03,MS-SER-VTC30,2,34.0,0.0,68.0,68.0,False,8.5,17.0,True
502058,2280,P06,MS-TRT-RET50,1,44.0,0.0,44.0,44.0,False,10.5,10.5,True
502059,2280,P04,MS-SER-HYA30,1,34.0,0.0,34.0,34.0,False,7.2,7.2,True
502060,2280,P05,MS-SER-NIA30,1,29.0,0.0,29.0,29.0,False,5.9,5.9,True
502061,2281,P01,MS-CLN-GEL150,1,22.0,3.3,22.0,18.7,False,4.8,4.8,True
502062,2281,P12,MS-SET-RTN3,1,84.0,12.6,84.0,71.4,False,21.1,21.1,True
502063,2281,P03,MS-SER-VTC30,1,34.0,5.1,34.0,28.9,False,8.5,8.5,True
502064,2282,P07,MS-MOI-SPF50,1,32.0,4.8,32.0,27.2,False,7.8,7.8,True
502065,2282,P02,MS-CLN-CRM150,1,24.0,3.6,24.0,20.4,False,5.4,5.4,True
502066,2283,P03,MS-SER-VTC30,1,34.0,5.1,34.0,28.9,False,8.5,8.5,True
502067,2283,P04,MS-SER-HYA30,1,34.0,5.1,34.0,28.9,False,7.2,7.2,True
502068,2284,P01,MS-CLN-GEL150,1,22.0,0.0,22.0,22.0,False,4.8,4.8,True
502069,2285,P05,MS-SER-NIA30,2,29.0,5.8,58.0,52.2,False,5.9,11.8,True
502070,2285,P03,MS-SER-VTC30,1,34.0,3.4,34.0,30.6,False,8.5,8.5,True
502071,2286,P09,MS-EYE-015,1,30.0,4.5,30.0,25.5,False,7.5,7.5,True
502072,2286,P03,MS-SER-VTC30,1,34.0,5.1,34.0,28.9,False,8.5,8.5,True
502073,2286,P06,MS-TRT-RET50,1,44.0,6.6,44.0,37.4,False,10.5,10.5,True
502074,2287,P08,MS-MOI-BAR50,1,36.0,0.0,36.0,36.0,False,8.0,8.0,True
502075,2288,P01,MS-CLN-GEL150,2,22.0,0.0,44.0,44.0,False,4.8,9.6,False
502076,2288,P08,MS-MOI-BAR50,1,36.0,0.0,36.0,36.0,False,8.0,8.0,False
502077,2289,P07,MS-MOI-SPF50,1,32.0,4.8,32.0,27.2,False,7.8,7.8,True
502078,2290,P03,MS-SER-VTC30,2,34.0,0.0,68.0,68.0,False,8.5,17.0,True
502079,2290,P07,MS-MOI-SPF50,1,32.0,0.0,32.0,32.0,False,7.8,7.8,True
502080,2291,P06,MS-TRT-RET50,1,44.0,6.6,44.0,37.4,False,10.5,10.5,True
502081,2291,P01,MS-CLN-GEL150,1,22.0,3.3,22.0,18.7,False,4.8,4.8,True
502082,2292,P10,MS-MSK-CLY100,1,26.0,2.6,26.0,23.4,False,6.0,6.0,True
502083,2293,P06,MS-TRT-RET50,1,44.0,0.0,44.0,44.0,False,10.5,10.5,True
502084,2294,P11,MS-BDY-LOT400,1,28.0,4.2,28.0,23.8,False,8.5,8.5,True
502085,2295,P03,MS-SER-VTC30,1,34.0,0.0,34.0,34.0,False,8.5,8.5,True
502086,2296,P05,MS-SER-NIA30,1,29.0,0.0,29.0,29.0,False,5.9,5.9,True
502087,2297,P03,MS-SER-VTC30,1,34.0,0.0,34.0,34.0,False,8.5,8.5,True
502088,2297,P10,MS-MSK-CLY100,1,26.0,0.0,26.0,26.0,False,6.0,6.0,True
502089,2298,P03,MS-SER-VTC30,1,34.0,0.0,34.0,34.0,False,8.5,8.5,True
502090,2298,P01,MS-CLN-GEL150,2,22.0,0.0,44.0,44.0,False,4.8,9.6,True
502091,2298,P07,MS-MOI-SPF50,1,32.0,0.0,32.0,32.0,False,7.8,7.8,True
502092,2298,P02,MS-CLN-CRM150,1,24.0,0.0,24.0,24.0,False,5.4,5.4,True
502093,2299,P02,MS-CLN-CRM150,1,24.0,0.0,24.0,24.0,False,5.4,5.4,True
502094,2299,P12,MS-SET-RTN3,1,84.0,0.0,84.0,84.0,False,21.1,21.1,True
502095,2299,P04,MS-SER-HYA30,2,34.0,0.0,68.0,68.0,False,7.2,14.4,True
502096,2300,P01,MS-CLN-GEL150,1,22.0,2.64,22.0,19.36,False,4.8,4.8,True
502097,2300,P03,MS-SER-VTC30,1,34.0,4.08,34.0,29.92,False,8.5,8.5,True
502098,2301,P08,MS-MOI-BAR50,1,36.0,0.0,36.0,36.0,False,8.0,8.0,True
502099,2301,P12,MS-SET-RTN3,1,84.0,0.0,84.0,84.0,False,21.1,21.1,True
502100,2302,P11,MS-BDY-LOT400,1,28.0,0.0,28.0,28.0,False,8.5,8.5,True
502101,2302,P06,MS-TRT-RET50,1,44.0,0.0,44.0,44.0,False,10.5,10.5,True
502102,2303,P12,MS-SET-RTN3,1,84.0,0.0,84.0,84.0,False,21.1,21.1,True
502103,2304,P03,MS-SER-VTC30,1,34.0,5.1,34.0,28.9,False,8.5,8.5,True
502104,2305,P03,MS-SER-VTC30,1,34.0,4.08,34.0,29.92,False,8.5,8.5,True
502105,2305,P07,MS-MOI-SPF50,1,32.0,3.84,32.0,28.16,False,7.8,7.8,True
502106,2306,P03,MS-SER-VTC30,1,34.0,5.1,34.0,28.9,False,8.5,8.5,True
502107,2307,P03,MS-SER-VTC30,1,34.0,5.1,34.0,28.9,False,8.5,8.5,True
502108,2308,P01,MS-CLN-GEL150,1,22.0,0.0,22.0,22.0,False,4.8,4.8,True
502109,2309,P07,MS-MOI-SPF50,1,32.0,0.0,32.0,32.0,False,7.8,7.8,True
502110,2309,P09,MS-EYE-015,1,30.0,0.0,30.0,30.0,False,7.5,7.5,True
502111,2310,P03,MS-SER-VTC30,1,34.0,3.4,34.0,30.6,False,8.5,8.5,True
502112,2311,P03,MS-SER-VTC30,1,34.0,0.0,34.0,34.0,False,8.5,8.5,True
502113,2312,P05,MS-SER-NIA30,1,29.0,0.0,29.0,29.0,False,5.9,5.9,True
502114,2312,P04,MS-SER-HYA30,1,34.0,0.0,34.0,34.0,False,7.2,7.2,True
502115,2313,P07,MS-MOI-SPF50,1,32.0,4.8,32.0,27.2,False,7.8,7.8,True
502116,2313,P12,MS-SET-RTN3,1,84.0,12.6,84.0,71.4,False,21.1,21.1,True
502117,2314,P04,MS-SER-HYA30,1,34.0,0.0,34.0,34.0,False,7.2,7.2,True
502118,2314,P03,MS-SER-VTC30,1,34.0,0.0,34.0,34.0,False,8.5,8.5,True
502119,2315,P11,MS-BDY-LOT400,1,28.0,4.2,28.0,23.8,False,8.5,8.5,True
502120,2316,P04,MS-SER-HYA30,1,34.0,0.0,34.0,34.0,False,7.2,7.2,True
502121,2316,P01,MS-CLN-GEL150,1,22.0,0.0,22.0,22.0,False,4.8,4.8,True
502122,2316,P07,MS-MOI-SPF50,1,32.0,0.0,32.0,32.0,False,7.8,7.8,True
502123,2317,P07,MS-MOI-SPF50,1,32.0,0.0,32.0,32.0,False,7.8,7.8,True
502124,2317,P06,MS-TRT-RET50,1,44.0,0.0,44.0,44.0,False,10.5,10.5,True
502125,2317,P02,MS-CLN-CRM150,2,24.0,0.0,48.0,48.0,False,5.4,10.8,True
502126,2318,P04,MS-SER-HYA30,1,34.0,0.0,34.0,34.0,False,7.2,7.2,True
502127,2318,P03,MS-SER-VTC30,1,34.0,0.0,34.0,34.0,False,8.5,8.5,True
502128,2319,P06,MS-TRT-RET50,1,44.0,4.4,44.0,39.6,False,10.5,10.5,True
502129,2320,P08,MS-MOI-BAR50,2,36.0,0.0,72.0,72.0,False,8.0,16.0,True
502130,2320,P10,MS-MSK-CLY100,1,26.0,0.0,26.0,26.0,False,6.0,6.0,True
502131,2321,P07,MS-MOI-SPF50,1,32.0,0.0,32.0,32.0,False,7.8,7.8,True
502132,2321,P03,MS-SER-VTC30,1,34.0,0.0,34.0,34.0,False,8.5,8.5,True
502133,2322,P04,MS-SER-HYA30,1,34.0,0.0,34.0,34.0,False,7.2,7.2,True
502134,2322,P08,MS-MOI-BAR50,1,36.0,0.0,36.0,36.0,False,8.0,8.0,True
502135,2322,P07,MS-MOI-SPF50,2,32.0,0.0,64.0,64.0,False,7.8,15.6,True
502136,2323,P04,MS-SER-HYA30,1,34.0,0.0,34.0,34.0,False,7.2,7.2,True
502137,2323,P07,MS-MOI-SPF50,1,32.0,0.0,32.0,32.0,False,7.8,7.8,True
502138,2323,P02,MS-CLN-CRM150,2,24.0,0.0,48.0,48.0,False,5.4,10.8,True
502139,2324,P12,MS-SET-RTN3,1,84.0,0.0,84.0,84.0,False,21.1,21.1,True
502140,2324,P06,MS-TRT-RET50,1,44.0,0.0,44.0,44.0,False,10.5,10.5,True
502141,2325,P03,MS-SER-VTC30,1,34.0,0.0,34.0,34.0,False,8.5,8.5,True
502142,2326,P12,MS-SET-RTN3,1,84.0,8.4,84.0,75.6,False,21.1,21.1,True
502143,2326,P04,MS-SER-HYA30,1,34.0,3.4,34.0,30.6,False,7.2,7.2,True
502144,2327,P07,MS-MOI-SPF50,1,32.0,4.8,32.0,27.2,False,7.8,7.8,True
502145,2327,P03,MS-SER-VTC30,1,34.0,5.1,34.0,28.9,False,8.5,8.5,True
502146,2328,P04,MS-SER-HYA30,1,34.0,5.1,34.0,28.9,False,7.2,7.2,True
502147,2329,P04,MS-SER-HYA30,1,34.0,0.0,34.0,34.0,False,7.2,7.2,True
502148,2329,P09,MS-EYE-015,1,30.0,0.0,30.0,30.0,False,7.5,7.5,True
502149,2329,P07,MS-MOI-SPF50,1,32.0,0.0,32.0,32.0,False,7.8,7.8,True
502150,2330,P03,MS-SER-VTC30,1,34.0,0.0,34.0,34.0,False,8.5,8.5,True
502151,2330,P09,MS-EYE-015,1,30.0,0.0,30.0,30.0,False,7.5,7.5,True
502152,2331,P10,MS-MSK-CLY100,1,26.0,0.0,26.0,26.0,False,6.0,6.0,True
502153,2331,P06,MS-TRT-RET50,1,44.0,0.0,44.0,44.0,False,10.5,10.5,True
502154,2332,P11,MS-BDY-LOT400,1,28.0,4.2,28.0,23.8,False,8.5,8.5,True
502155,2333,P01,MS-CLN-GEL150,1,22.0,3.3,22.0,18.7,False,4.8,4.8,True
502156,2334,P11,MS-BDY-LOT400,1,28.0,0.0,28.0,28.0,False,8.5,8.5,True
502157,2334,P04,MS-SER-HYA30,1,34.0,0.0,34.0,34.0,False,7.2,7.2,True
502158,2335,P05,MS-SER-NIA30,2,29.0,8.7,58.0,49.3,False,5.9,11.8,True
502159,2335,P06,MS-TRT-RET50,1,44.0,6.6,44.0,37.4,False,10.5,10.5,True
502160,2335,P07,MS-MOI-SPF50,1,32.0,4.8,32.0,27.2,False,7.8,7.8,True
502161,2335,P04,MS-SER-HYA30,1,34.0,5.1,34.0,28.9,False,7.2,7.2,True
502162,2336,P04,MS-SER-HYA30,1,34.0,5.1,34.0,28.9,False,7.2,7.2,True
502163,2337,P07,MS-MOI-SPF50,1,32.0,4.8,32.0,27.2,False,7.8,7.8,True
502164,2338,P12,MS-SET-RTN3,1,84.0,0.0,84.0,84.0,False,21.1,21.1,True
502165,2338,P05,MS-SER-NIA30,1,29.0,0.0,29.0,29.0,False,5.9,5.9,True
502166,2338,P10,MS-MSK-CLY100,1,26.0,0.0,26.0,26.0,False,6.0,6.0,True
502167,2339,P05,MS-SER-NIA30,1,29.0,0.0,29.0,29.0,False,5.9,5.9,True
502168,2340,P03,MS-SER-VTC30,1,34.0,0.0,34.0,34.0,False,8.5,8.5,True
502169,2340,P07,MS-MOI-SPF50,1,32.0,0.0,32.0,32.0,False,7.8,7.8,True
502170,2341,P03,MS-SER-VTC30,1,34.0,0.0,34.0,34.0,False,8.5,8.5,True
502171,2341,P07,MS-MOI-SPF50,1,32.0,0.0,32.0,32.0,False,7.8,7.8,True
502172,2341,P01,MS-CLN-GEL150,1,22.0,0.0,22.0,22.0,False,4.8,4.8,True
502173,2342,P12,MS-SET-RTN3,1,84.0,8.4,84.0,75.6,False,21.1,21.1,True
502174,2343,P03,MS-SER-VTC30,1,34.0,0.0,34.0,34.0,False,8.5,8.5,True
502175,2344,P01,MS-CLN-GEL150,1,22.0,0.0,22.0,22.0,False,4.8,4.8,True
502176,2344,P08,MS-MOI-BAR50,2,36.0,0.0,72.0,72.0,False,8.0,16.0,True
502177,2345,P04,MS-SER-HYA30,1,34.0,0.0,34.0,34.0,False,7.2,7.2,True
502178,2346,P05,MS-SER-NIA30,1,29.0,0.0,29.0,29.0,False,5.9,5.9,True
502179,2346,P03,MS-SER-VTC30,1,34.0,0.0,34.0,34.0,False,8.5,8.5,True
502180,2347,P08,MS-MOI-BAR50,1,36.0,3.6,36.0,32.4,False,8.0,8.0,True
502181,2347,P07,MS-MOI-SPF50,1,32.0,3.2,32.0,28.8,False,7.8,7.8,True
502182,2347,P09,MS-EYE-015,1,30.0,3.0,30.0,27.0,False,7.5,7.5,True
502183,2348,P01,MS-CLN-GEL150,1,22.0,0.0,22.0,22.0,False,4.8,4.8,True
502184,2349,P11,MS-BDY-LOT400,1,28.0,0.0,28.0,28.0,False,8.5,8.5,True
502185,2349,P06,MS-TRT-RET50,1,44.0,0.0,44.0,44.0,False,10.5,10.5,True
502186,2350,P06,MS-TRT-RET50,1,44.0,0.0,44.0,44.0,False,10.5,10.5,True
502187,2351,P10,MS-MSK-CLY100,1,26.0,0.0,26.0,26.0,False,6.0,6.0,True
502188,2352,P10,MS-MSK-CLY100,1,26.0,0.0,26.0,26.0,False,6.0,6.0,True
502189,2352,P06,MS-TRT-RET50,1,44.0,0.0,44.0,44.0,False,10.5,10.5,True
502190,2353,P03,MS-SER-VTC30,1,34.0,0.0,34.0,34.0,False,8.5,8.5,True
502191,2353,P10,MS-MSK-CLY100,1,26.0,0.0,26.0,26.0,False,6.0,6.0,True
502192,2353,P04,MS-SER-HYA30,1,34.0,0.0,34.0,34.0,False,7.2,7.2,True
502193,2354,P01,MS-CLN-GEL150,1,22.0,3.3,22.0,18.7,False,4.8,4.8,True
502194,2354,P08,MS-MOI-BAR50,2,36.0,10.8,72.0,61.2,False,8.0,16.0,True
502195,2355,P01,MS-CLN-GEL150,1,22.0,0.0,22.0,22.0,False,4.8,4.8,True
502196,2356,P01,MS-CLN-GEL150,1,22.0,0.0,22.0,22.0,False,4.8,4.8,True
502197,2357,P09,MS-EYE-015,1,30.0,4.5,30.0,25.5,False,7.5,7.5,True
502198,2358,P12,MS-SET-RTN3,1,84.0,12.6,84.0,71.4,False,21.1,21.1,True
502199,2359,P07,MS-MOI-SPF50,1,32.0,4.8,32.0,27.2,False,7.8,7.8,True
502200,2360,P05,MS-SER-NIA30,1,29.0,2.9,29.0,26.1,False,5.9,5.9,True
502201,2361,P11,MS-BDY-LOT400,2,28.0,8.4,56.0,47.6,False,8.5,17.0,True
502202,2362,P04,MS-SER-HYA30,2,34.0,6.8,68.0,61.2,False,7.2,14.4,True
502203,2362,P03,MS-SER-VTC30,1,34.0,3.4,34.0,30.6,False,8.5,8.5,True
502204,2362,P07,MS-MOI-SPF50,1,32.0,3.2,32.0,28.8,False,7.8,7.8,True
502205,2362,P05,MS-SER-NIA30,2,29.0,5.8,58.0,52.2,False,5.9,11.8,True
502206,2363,P09,MS-EYE-015,2,30.0,0.0,60.0,60.0,False,7.5,15.0,True
502207,2363,P03,MS-SER-VTC30,1,34.0,0.0,34.0,34.0,False,8.5,8.5,True
502208,2363,P01,MS-CLN-GEL150,1,22.0,0.0,22.0,22.0,False,4.8,4.8,True
502209,2363,P06,MS-TRT-RET50,1,44.0,0.0,44.0,44.0,False,10.5,10.5,True
502210,2364,P04,MS-SER-HYA30,2,34.0,0.0,68.0,68.0,False,7.2,14.4,True
502211,2365,P07,MS-MOI-SPF50,1,32.0,3.2,32.0,28.8,False,7.8,7.8,True
502212,2366,P01,MS-CLN-GEL150,2,22.0,0.0,44.0,44.0,False,4.8,9.6,True
502213,2367,P11,MS-BDY-LOT400,1,28.0,0.0,28.0,28.0,False,8.5,8.5,True
502214,2367,P03,MS-SER-VTC30,1,34.0,0.0,34.0,34.0,False,8.5,8.5,True
502215,2367,P02,MS-CLN-CRM150,1,24.0,0.0,24.0,24.0,False,5.4,5.4,True
502216,2368,P04,MS-SER-HYA30,1,34.0,0.0,34.0,34.0,False,7.2,7.2,True
502217,2369,P04,MS-SER-HYA30,1,34.0,5.1,34.0,28.9,False,7.2,7.2,True
502218,2369,P02,MS-CLN-CRM150,1,24.0,3.6,24.0,20.4,False,5.4,5.4,True
502219,2369,P05,MS-SER-NIA30,1,29.0,4.35,29.0,24.65,False,5.9,5.9,True
502220,2370,P03,MS-SER-VTC30,1,34.0,3.4,34.0,30.6,False,8.5,8.5,True
502221,2370,P07,MS-MOI-SPF50,1,32.0,3.2,32.0,28.8,False,7.8,7.8,True
502222,2371,P12,MS-SET-RTN3,1,84.0,0.0,84.0,84.0,False,21.1,21.1,True
502223,2371,P02,MS-CLN-CRM150,1,24.0,0.0,24.0,24.0,False,5.4,5.4,True
502224,2372,P01,MS-CLN-GEL150,1,22.0,0.0,22.0,22.0,False,4.8,4.8,True
502225,2372,P05,MS-SER-NIA30,1,29.0,0.0,29.0,29.0,False,5.9,5.9,True
502226,2373,P06,MS-TRT-RET50,1,44.0,6.6,44.0,37.4,False,10.5,10.5,True
502227,2374,P12,MS-SET-RTN3,1,84.0,0.0,84.0,84.0,False,21.1,21.1,True
502228,2375,P10,MS-MSK-CLY100,1,26.0,0.0,26.0,26.0,False,6.0,6.0,True
502229,2376,P07,MS-MOI-SPF50,1,32.0,0.0,32.0,32.0,False,7.8,7.8,True
502230,2376,P01,MS-CLN-GEL150,1,22.0,0.0,22.0,22.0,False,4.8,4.8,True
502231,2377,P10,MS-MSK-CLY100,1,26.0,0.0,26.0,26.0,False,6.0,6.0,True
502232,2378,P12,MS-SET-RTN3,1,84.0,8.4,84.0,75.6,False,21.1,21.1,True
502233,2378,P05,MS-SER-NIA30,1,29.0,2.9,29.0,26.1,False,5.9,5.9,True
502234,2379,P09,MS-EYE-015,2,30.0,0.0,60.0,60.0,False,7.5,15.0,True
502235,2380,P05,MS-SER-NIA30,1,29.0,4.35,29.0,24.65,False,5.9,5.9,True
502236,2381,P04,MS-SER-HYA30,1,34.0,5.1,34.0,28.9,False,7.2,7.2,True
502237,2382,P03,MS-SER-VTC30,1,34.0,0.0,34.0,34.0,False,8.5,8.5,True
502238,2383,P08,MS-MOI-BAR50,1,36.0,5.4,36.0,30.6,False,8.0,8.0,True
502239,2383,P04,MS-SER-HYA30,1,34.0,5.1,34.0,28.9,False,7.2,7.2,True
502240,2383,P03,MS-SER-VTC30,1,34.0,5.1,34.0,28.9,False,8.5,8.5,True
502241,2384,P05,MS-SER-NIA30,1,29.0,0.0,29.0,29.0,False,5.9,5.9,True
502242,2385,P05,MS-SER-NIA30,1,29.0,4.35,29.0,24.65,False,5.9,5.9,True
502243,2385,P12,MS-SET-RTN3,1,84.0,12.6,84.0,71.4,False,21.1,21.1,True
502244,2386,P07,MS-MOI-SPF50,1,32.0,4.8,32.0,27.2,False,7.8,7.8,True
502245,2386,P04,MS-SER-HYA30,1,34.0,5.1,34.0,28.9,False,7.2,7.2,True
502246,2387,P04,MS-SER-HYA30,1,34.0,5.1,34.0,28.9,False,7.2,7.2,True
502247,2388,P06,MS-TRT-RET50,1,44.0,6.6,44.0,37.4,False,10.5,10.5,True
502248,2388,P01,MS-CLN-GEL150,1,22.0,3.3,22.0,18.7,False,4.8,4.8,True
502249,2388,P05,MS-SER-NIA30,1,29.0,4.35,29.0,24.65,False,5.9,5.9,True
502250,2389,P11,MS-BDY-LOT400,1,28.0,0.0,28.0,28.0,False,8.5,8.5,True
502251,2390,P03,MS-SER-VTC30,1,34.0,5.1,34.0,28.9,False,8.5,8.5,True
502252,2390,P09,MS-EYE-015,1,30.0,4.5,30.0,25.5,False,7.5,7.5,True
502253,2390,P02,MS-CLN-CRM150,2,24.0,7.2,48.0,40.8,False,5.4,10.8,True
502254,2390,P12,MS-SET-RTN3,1,84.0,12.6,84.0,71.4,False,21.1,21.1,True
502255,2391,P03,MS-SER-VTC30,1,34.0,0.0,34.0,34.0,False,8.5,8.5,True
502256,2391,P09,MS-EYE-015,1,30.0,0.0,30.0,30.0,False,7.5,7.5,True
502257,2392,P02,MS-CLN-CRM150,1,24.0,3.6,24.0,20.4,False,5.4,5.4,True
502258,2393,P11,MS-BDY-LOT400,1,28.0,2.8,28.0,25.2,False,8.5,8.5,True
502259,2393,P07,MS-MOI-SPF50,1,32.0,3.2,32.0,28.8,False,7.8,7.8,True
502260,2394,P03,MS-SER-VTC30,1,34.0,3.4,34.0,30.6,False,8.5,8.5,True
502261,2394,P07,MS-MOI-SPF50,1,32.0,3.2,32.0,28.8,False,7.8,7.8,True
502262,2395,P05,MS-SER-NIA30,1,29.0,2.9,29.0,26.1,False,5.9,5.9,True
502263,2396,P07,MS-MOI-SPF50,1,32.0,4.8,32.0,27.2,False,7.8,7.8,True
502264,2397,P06,MS-TRT-RET50,1,44.0,0.0,44.0,44.0,False,10.5,10.5,True
502265,2398,P06,MS-TRT-RET50,1,44.0,0.0,44.0,44.0,False,10.5,10.5,True
502266,2398,P01,MS-CLN-GEL150,2,22.0,0.0,44.0,44.0,False,4.8,9.6,True
502267,2399,P06,MS-TRT-RET50,1,44.0,0.0,44.0,44.0,False,10.5,10.5,True
502268,2399,P03,MS-SER-VTC30,1,34.0,0.0,34.0,34.0,False,8.5,8.5,True
502269,2400,P08,MS-MOI-BAR50,1,36.0,5.4,36.0,30.6,False,8.0,8.0,False
502270,2401,P06,MS-TRT-RET50,1,44.0,0.0,44.0,44.0,False,10.5,10.5,True
502271,2402,P08,MS-MOI-BAR50,1,36.0,10.8,36.0,25.2,False,8.0,8.0,True
502272,2403,P06,MS-TRT-RET50,2,44.0,26.4,88.0,61.6,False,10.5,21.0,True
502273,2403,P13,MS-GIFT-SACHET,1,0.0,0.0,0.0,0.0,True,1.0,1.0,True
502274,2404,P01,MS-CLN-GEL150,1,22.0,6.6,22.0,15.4,False,4.8,4.8,True
502275,2404,P03,MS-SER-VTC30,1,34.0,10.2,34.0,23.8,False,8.5,8.5,True
502276,2404,P07,MS-MOI-SPF50,1,32.0,9.6,32.0,22.4,False,7.8,7.8,True
502277,2405,P01,MS-CLN-GEL150,1,22.0,3.3,22.0,18.7,False,4.8,4.8,True
502278,2406,P01,MS-CLN-GEL150,1,22.0,6.6,22.0,15.4,False,4.8,4.8,True
502279,2406,P02,MS-CLN-CRM150,1,24.0,7.2,24.0,16.8,False,5.4,5.4,True
502280,2407,P04,MS-SER-HYA30,1,34.0,10.2,34.0,23.8,False,7.2,7.2,True
502281,2407,P09,MS-EYE-015,1,30.0,9.0,30.0,21.0,False,7.5,7.5,True
502282,2408,P03,MS-SER-VTC30,1,34.0,10.2,34.0,23.8,False,8.5,8.5,True
502283,2408,P06,MS-TRT-RET50,1,44.0,13.2,44.0,30.8,False,10.5,10.5,True
502284,2408,P02,MS-CLN-CRM150,2,24.0,14.4,48.0,33.6,False,5.4,10.8,True
502285,2408,P13,MS-GIFT-SACHET,1,0.0,0.0,0.0,0.0,True,1.0,1.0,True
502286,2409,P12,MS-SET-RTN3,1,84.0,25.2,84.0,58.8,False,21.1,21.1,True
502287,2409,P03,MS-SER-VTC30,1,34.0,10.2,34.0,23.8,False,8.5,8.5,True
502288,2409,P13,MS-GIFT-SACHET,1,0.0,0.0,0.0,0.0,True,1.0,1.0,True
502289,2410,P12,MS-SET-RTN3,1,84.0,25.2,84.0,58.8,False,21.1,21.1,True
502290,2411,P04,MS-SER-HYA30,1,34.0,10.2,34.0,23.8,False,7.2,7.2,True
502291,2412,P07,MS-MOI-SPF50,1,32.0,9.6,32.0,22.4,False,7.8,7.8,True
502292,2412,P03,MS-SER-VTC30,1,34.0,10.2,34.0,23.8,False,8.5,8.5,True
502293,2413,P02,MS-CLN-CRM150,1,24.0,7.2,24.0,16.8,False,5.4,5.4,True
502294,2413,P07,MS-MOI-SPF50,2,32.0,19.2,64.0,44.8,False,7.8,15.6,True
502295,2414,P12,MS-SET-RTN3,1,84.0,25.2,84.0,58.8,False,21.1,21.1,True
502296,2414,P09,MS-EYE-015,1,30.0,9.0,30.0,21.0,False,7.5,7.5,True
502297,2414,P13,MS-GIFT-SACHET,1,0.0,0.0,0.0,0.0,True,1.0,1.0,True
502298,2415,P04,MS-SER-HYA30,1,34.0,10.2,34.0,23.8,False,7.2,7.2,True
502299,2415,P12,MS-SET-RTN3,1,84.0,25.2,84.0,58.8,False,21.1,21.1,True
502300,2416,P12,MS-SET-RTN3,1,84.0,34.02,84.0,49.98,False,21.1,21.1,True
502301,2416,P09,MS-EYE-015,1,30.0,12.15,30.0,17.85,False,7.5,7.5,True
502302,2416,P13,MS-GIFT-SACHET,1,0.0,0.0,0.0,0.0,True,1.0,1.0,True
502303,2417,P07,MS-MOI-SPF50,1,32.0,9.6,32.0,22.4,False,7.8,7.8,True
502304,2417,P12,MS-SET-RTN3,1,84.0,25.2,84.0,58.8,False,21.1,21.1,True
502305,2417,P04,MS-SER-HYA30,1,34.0,10.2,34.0,23.8,False,7.2,7.2,True
502306,2417,P06,MS-TRT-RET50,1,44.0,13.2,44.0,30.8,False,10.5,10.5,True
502307,2417,P13,MS-GIFT-SACHET,1,0.0,0.0,0.0,0.0,True,1.0,1.0,True
502308,2418,P04,MS-SER-HYA30,1,34.0,10.2,34.0,23.8,False,7.2,7.2,True
502309,2418,P06,MS-TRT-RET50,1,44.0,13.2,44.0,30.8,False,10.5,10.5,True
502310,2418,P08,MS-MOI-BAR50,1,36.0,10.8,36.0,25.2,False,8.0,8.0,True
502311,2418,P03,MS-SER-VTC30,1,34.0,10.2,34.0,23.8,False,8.5,8.5,True
502312,2418,P13,MS-GIFT-SACHET,1,0.0,0.0,0.0,0.0,True,1.0,1.0,True
502313,2419,P04,MS-SER-HYA30,1,34.0,13.77,34.0,20.23,False,7.2,7.2,True
502314,2419,P12,MS-SET-RTN3,1,84.0,34.02,84.0,49.98,False,21.1,21.1,True
502315,2419,P13,MS-GIFT-SACHET,1,0.0,0.0,0.0,0.0,True,1.0,1.0,True
502316,2420,P04,MS-SER-HYA30,2,34.0,20.4,68.0,47.6,False,7.2,14.4,True
502317,2420,P07,MS-MOI-SPF50,1,32.0,9.6,32.0,22.4,False,7.8,7.8,True
502318,2420,P13,MS-GIFT-SACHET,1,0.0,0.0,0.0,0.0,True,1.0,1.0,True
502319,2421,P05,MS-SER-NIA30,1,29.0,8.7,29.0,20.3,False,5.9,5.9,True
502320,2421,P10,MS-MSK-CLY100,1,26.0,7.8,26.0,18.2,False,6.0,6.0,True
502321,2422,P04,MS-SER-HYA30,1,34.0,10.2,34.0,23.8,False,7.2,7.2,True
502322,2422,P03,MS-SER-VTC30,1,34.0,10.2,34.0,23.8,False,8.5,8.5,True
502323,2423,P04,MS-SER-HYA30,1,34.0,10.2,34.0,23.8,False,7.2,7.2,True
502324,2423,P12,MS-SET-RTN3,1,84.0,25.2,84.0,58.8,False,21.1,21.1,True
502325,2423,P13,MS-GIFT-SACHET,1,0.0,0.0,0.0,0.0,True,1.0,1.0,True
502326,2424,P12,MS-SET-RTN3,1,84.0,34.02,84.0,49.98,False,21.1,21.1,True
502327,2424,P13,MS-GIFT-SACHET,1,0.0,0.0,0.0,0.0,True,1.0,1.0,True
502328,2425,P03,MS-SER-VTC30,1,34.0,10.2,34.0,23.8,False,8.5,8.5,True
502329,2425,P09,MS-EYE-015,1,30.0,9.0,30.0,21.0,False,7.5,7.5,True
502330,2425,P12,MS-SET-RTN3,1,84.0,25.2,84.0,58.8,False,21.1,21.1,True
502331,2425,P13,MS-GIFT-SACHET,1,0.0,0.0,0.0,0.0,True,1.0,1.0,True
502332,2426,P04,MS-SER-HYA30,1,34.0,13.77,34.0,20.23,False,7.2,7.2,True
502333,2426,P01,MS-CLN-GEL150,1,22.0,8.91,22.0,13.09,False,4.8,4.8,True
502334,2427,P04,MS-SER-HYA30,1,34.0,5.1,34.0,28.9,False,7.2,7.2,True
502335,2427,P03,MS-SER-VTC30,1,34.0,5.1,34.0,28.9,False,8.5,8.5,True
502336,2427,P12,MS-SET-RTN3,1,84.0,12.6,84.0,71.4,False,21.1,21.1,True
502337,2427,P13,MS-GIFT-SACHET,1,0.0,0.0,0.0,0.0,True,1.0,1.0,True
502338,2428,P01,MS-CLN-GEL150,1,22.0,6.6,22.0,15.4,False,4.8,4.8,True
502339,2429,P12,MS-SET-RTN3,1,84.0,34.02,84.0,49.98,False,21.1,21.1,True
502340,2429,P10,MS-MSK-CLY100,2,26.0,21.06,52.0,30.94,False,6.0,12.0,True
502341,2429,P13,MS-GIFT-SACHET,1,0.0,0.0,0.0,0.0,True,1.0,1.0,True
502342,2430,P01,MS-CLN-GEL150,1,22.0,3.3,22.0,18.7,False,4.8,4.8,True
502343,2431,P05,MS-SER-NIA30,1,29.0,8.7,29.0,20.3,False,5.9,5.9,True
502344,2431,P03,MS-SER-VTC30,1,34.0,10.2,34.0,23.8,False,8.5,8.5,True
502345,2431,P07,MS-MOI-SPF50,2,32.0,19.2,64.0,44.8,False,7.8,15.6,True
502346,2431,P01,MS-CLN-GEL150,1,22.0,6.6,22.0,15.4,False,4.8,4.8,True
502347,2431,P13,MS-GIFT-SACHET,1,0.0,0.0,0.0,0.0,True,1.0,1.0,True
502348,2432,P12,MS-SET-RTN3,1,84.0,25.2,84.0,58.8,False,21.1,21.1,True
502349,2432,P03,MS-SER-VTC30,1,34.0,10.2,34.0,23.8,False,8.5,8.5,True
502350,2432,P04,MS-SER-HYA30,1,34.0,10.2,34.0,23.8,False,7.2,7.2,True
502351,2433,P05,MS-SER-NIA30,1,29.0,8.7,29.0,20.3,False,5.9,5.9,True
502352,2434,P01,MS-CLN-GEL150,1,22.0,6.6,22.0,15.4,False,4.8,4.8,True
502353,2434,P12,MS-SET-RTN3,1,84.0,25.2,84.0,58.8,False,21.1,21.1,True
502354,2434,P13,MS-GIFT-SACHET,1,0.0,0.0,0.0,0.0,True,1.0,1.0,True
502355,2435,P04,MS-SER-HYA30,1,34.0,10.2,34.0,23.8,False,7.2,7.2,True
502356,2436,P04,MS-SER-HYA30,1,34.0,10.2,34.0,23.8,False,7.2,7.2,True
502357,2436,P07,MS-MOI-SPF50,1,32.0,9.6,32.0,22.4,False,7.8,7.8,True
502358,2436,P09,MS-EYE-015,1,30.0,9.0,30.0,21.0,False,7.5,7.5,True
502359,2436,P13,MS-GIFT-SACHET,1,0.0,0.0,0.0,0.0,True,1.0,1.0,True
502360,2437,P08,MS-MOI-BAR50,1,36.0,0.0,36.0,36.0,False,8.0,8.0,True
502361,2437,P01,MS-CLN-GEL150,1,22.0,0.0,22.0,22.0,False,4.8,4.8,True
502362,2438,P03,MS-SER-VTC30,1,34.0,0.0,34.0,34.0,False,8.5,8.5,True
502363,2438,P01,MS-CLN-GEL150,1,22.0,0.0,22.0,22.0,False,4.8,4.8,True
502364,2438,P10,MS-MSK-CLY100,1,26.0,0.0,26.0,26.0,False,6.0,6.0,True
502365,2438,P13,MS-GIFT-SACHET,1,0.0,0.0,0.0,0.0,True,1.0,1.0,True
502366,2439,P04,MS-SER-HYA30,1,34.0,10.2,34.0,23.8,False,7.2,7.2,True
502367,2439,P10,MS-MSK-CLY100,1,26.0,7.8,26.0,18.2,False,6.0,6.0,True
502368,2440,P07,MS-MOI-SPF50,1,32.0,9.6,32.0,22.4,False,7.8,7.8,True
502369,2441,P03,MS-SER-VTC30,1,34.0,0.0,34.0,34.0,False,8.5,8.5,True
502370,2441,P09,MS-EYE-015,1,30.0,0.0,30.0,30.0,False,7.5,7.5,True
502371,2442,P03,MS-SER-VTC30,2,34.0,20.4,68.0,47.6,False,8.5,17.0,True
502372,2442,P09,MS-EYE-015,1,30.0,9.0,30.0,21.0,False,7.5,7.5,True
502373,2443,P05,MS-SER-NIA30,1,29.0,8.7,29.0,20.3,False,5.9,5.9,True
502374,2444,P08,MS-MOI-BAR50,1,36.0,10.8,36.0,25.2,False,8.0,8.0,True
502375,2444,P05,MS-SER-NIA30,1,29.0,8.7,29.0,20.3,False,5.9,5.9,True
502376,2444,P07,MS-MOI-SPF50,1,32.0,9.6,32.0,22.4,False,7.8,7.8,True
502377,2444,P10,MS-MSK-CLY100,1,26.0,7.8,26.0,18.2,False,6.0,6.0,True
502378,2445,P06,MS-TRT-RET50,1,44.0,13.2,44.0,30.8,False,10.5,10.5,True
502379,2445,P03,MS-SER-VTC30,1,34.0,10.2,34.0,23.8,False,8.5,8.5,True
502380,2445,P13,MS-GIFT-SACHET,1,0.0,0.0,0.0,0.0,True,1.0,1.0,True
502381,2446,P06,MS-TRT-RET50,1,44.0,6.6,44.0,37.4,False,10.5,10.5,True
502382,2446,P02,MS-CLN-CRM150,1,24.0,3.6,24.0,20.4,False,5.4,5.4,True
502383,2446,P05,MS-SER-NIA30,1,29.0,4.35,29.0,24.65,False,5.9,5.9,True
502384,2446,P13,MS-GIFT-SACHET,1,0.0,0.0,0.0,0.0,True,1.0,1.0,True
502385,2447,P11,MS-BDY-LOT400,1,28.0,8.4,28.0,19.6,False,8.5,8.5,True
502386,2447,P09,MS-EYE-015,1,30.0,9.0,30.0,21.0,False,7.5,7.5,True
502387,2448,P03,MS-SER-VTC30,2,34.0,20.4,68.0,47.6,False,8.5,17.0,True
502388,2448,P04,MS-SER-HYA30,1,34.0,10.2,34.0,23.8,False,7.2,7.2,True
502389,2448,P12,MS-SET-RTN3,1,84.0,25.2,84.0,58.8,False,21.1,21.1,True
502390,2448,P13,MS-GIFT-SACHET,1,0.0,0.0,0.0,0.0,True,1.0,1.0,True
502391,2449,P12,MS-SET-RTN3,1,84.0,25.2,84.0,58.8,False,21.1,21.1,True
502392,2449,P03,MS-SER-VTC30,1,34.0,10.2,34.0,23.8,False,8.5,8.5,True
502393,2449,P09,MS-EYE-015,1,30.0,9.0,30.0,21.0,False,7.5,7.5,True
502394,2449,P04,MS-SER-HYA30,1,34.0,10.2,34.0,23.8,False,7.2,7.2,True
502395,2450,P12,MS-SET-RTN3,1,84.0,25.2,84.0,58.8,False,21.1,21.1,True
502396,2450,P13,MS-GIFT-SACHET,1,0.0,0.0,0.0,0.0,True,1.0,1.0,True
502397,2451,P04,MS-SER-HYA30,1,34.0,10.2,34.0,23.8,False,7.2,7.2,True
502398,2452,P12,MS-SET-RTN3,1,84.0,25.2,84.0,58.8,False,21.1,21.1,True
502399,2452,P13,MS-GIFT-SACHET,1,0.0,0.0,0.0,0.0,True,1.0,1.0,True
502400,2453,P12,MS-SET-RTN3,1,84.0,25.2,84.0,58.8,False,21.1,21.1,True
502401,2453,P13,MS-GIFT-SACHET,1,0.0,0.0,0.0,0.0,True,1.0,1.0,True
502402,2454,P12,MS-SET-RTN3,1,84.0,25.2,84.0,58.8,False,21.1,21.1,True
502403,2454,P13,MS-GIFT-SACHET,1,0.0,0.0,0.0,0.0,True,1.0,1.0,True
502404,2455,P12,MS-SET-RTN3,1,84.0,34.02,84.0,49.98,False,21.1,21.1,True
502405,2455,P13,MS-GIFT-SACHET,1,0.0,0.0,0.0,0.0,True,1.0,1.0,True
502406,2456,P08,MS-MOI-BAR50,1,36.0,10.8,36.0,25.2,False,8.0,8.0,True
502407,2457,P12,MS-SET-RTN3,1,84.0,25.2,84.0,58.8,False,21.1,21.1,True
502408,2457,P05,MS-SER-NIA30,1,29.0,8.7,29.0,20.3,False,5.9,5.9,True
502409,2457,P13,MS-GIFT-SACHET,1,0.0,0.0,0.0,0.0,True,1.0,1.0,True
502410,2458,P04,MS-SER-HYA30,1,34.0,10.2,34.0,23.8,False,7.2,7.2,True
502411,2458,P05,MS-SER-NIA30,1,29.0,8.7,29.0,20.3,False,5.9,5.9,True
502412,2458,P03,MS-SER-VTC30,1,34.0,10.2,34.0,23.8,False,8.5,8.5,True
502413,2458,P11,MS-BDY-LOT400,1,28.0,8.4,28.0,19.6,False,8.5,8.5,True
502414,2459,P12,MS-SET-RTN3,1,84.0,25.2,84.0,58.8,False,21.1,21.1,True
502415,2459,P05,MS-SER-NIA30,1,29.0,8.7,29.0,20.3,False,5.9,5.9,True
502416,2460,P11,MS-BDY-LOT400,1,28.0,4.2,28.0,23.8,False,8.5,8.5,True
502417,2461,P10,MS-MSK-CLY100,1,26.0,7.8,26.0,18.2,False,6.0,6.0,True
502418,2461,P12,MS-SET-RTN3,1,84.0,25.2,84.0,58.8,False,21.1,21.1,True
502419,2461,P05,MS-SER-NIA30,2,29.0,17.4,58.0,40.6,False,5.9,11.8,True
502420,2461,P06,MS-TRT-RET50,1,44.0,13.2,44.0,30.8,False,10.5,10.5,True
502421,2461,P13,MS-GIFT-SACHET,1,0.0,0.0,0.0,0.0,True,1.0,1.0,True
502422,2462,P06,MS-TRT-RET50,1,44.0,13.2,44.0,30.8,False,10.5,10.5,True
502423,2462,P12,MS-SET-RTN3,1,84.0,25.2,84.0,58.8,False,21.1,21.1,True
502424,2462,P13,MS-GIFT-SACHET,1,0.0,0.0,0.0,0.0,True,1.0,1.0,True
502425,2463,P01,MS-CLN-GEL150,1,22.0,6.6,22.0,15.4,False,4.8,4.8,False
502426,2464,P12,MS-SET-RTN3,1,84.0,25.2,84.0,58.8,False,21.1,21.1,True
502427,2464,P13,MS-GIFT-SACHET,1,0.0,0.0,0.0,0.0,True,1.0,1.0,True
502428,2465,P01,MS-CLN-GEL150,1,22.0,6.6,22.0,15.4,False,4.8,4.8,True
502429,2465,P10,MS-MSK-CLY100,1,26.0,7.8,26.0,18.2,False,6.0,6.0,True
502430,2465,P07,MS-MOI-SPF50,1,32.0,9.6,32.0,22.4,False,7.8,7.8,True
502431,2465,P13,MS-GIFT-SACHET,1,0.0,0.0,0.0,0.0,True,1.0,1.0,True
502432,2466,P05,MS-SER-NIA30,2,29.0,17.4,58.0,40.6,False,5.9,11.8,True
502433,2466,P06,MS-TRT-RET50,1,44.0,13.2,44.0,30.8,False,10.5,10.5,True
502434,2466,P13,MS-GIFT-SACHET,1,0.0,0.0,0.0,0.0,True,1.0,1.0,True
502435,2467,P06,MS-TRT-RET50,1,44.0,13.2,44.0,30.8,False,10.5,10.5,True
502436,2467,P07,MS-MOI-SPF50,1,32.0,9.6,32.0,22.4,False,7.8,7.8,True
502437,2467,P01,MS-CLN-GEL150,1,22.0,6.6,22.0,15.4,False,4.8,4.8,True
502438,2467,P13,MS-GIFT-SACHET,1,0.0,0.0,0.0,0.0,True,1.0,1.0,True
502439,2468,P12,MS-SET-RTN3,1,84.0,25.2,84.0,58.8,False,21.1,21.1,True
502440,2468,P13,MS-GIFT-SACHET,1,0.0,0.0,0.0,0.0,True,1.0,1.0,True
502441,2469,P04,MS-SER-HYA30,1,34.0,10.2,34.0,23.8,False,7.2,7.2,True
502442,2469,P01,MS-CLN-GEL150,1,22.0,6.6,22.0,15.4,False,4.8,4.8,True
502443,2470,P10,MS-MSK-CLY100,1,26.0,7.8,26.0,18.2,False,6.0,6.0,True
502444,2470,P07,MS-MOI-SPF50,1,32.0,9.6,32.0,22.4,False,7.8,7.8,True
502445,2471,P03,MS-SER-VTC30,1,34.0,10.2,34.0,23.8,False,8.5,8.5,True
502446,2471,P05,MS-SER-NIA30,1,29.0,8.7,29.0,20.3,False,5.9,5.9,True
502447,2472,P07,MS-MOI-SPF50,1,32.0,9.6,32.0,22.4,False,7.8,7.8,True
502448,2472,P02,MS-CLN-CRM150,1,24.0,7.2,24.0,16.8,False,5.4,5.4,True
502449,2473,P03,MS-SER-VTC30,1,34.0,10.2,34.0,23.8,False,8.5,8.5,True
502450,2474,P03,MS-SER-VTC30,1,34.0,10.2,34.0,23.8,False,8.5,8.5,True
502451,2475,P12,MS-SET-RTN3,1,84.0,34.02,84.0,49.98,False,21.1,21.1,True
502452,2475,P13,MS-GIFT-SACHET,1,0.0,0.0,0.0,0.0,True,1.0,1.0,True
502453,2476,P04,MS-SER-HYA30,1,34.0,10.2,34.0,23.8,False,7.2,7.2,True
502454,2476,P03,MS-SER-VTC30,1,34.0,10.2,34.0,23.8,False,8.5,8.5,True
502455,2476,P07,MS-MOI-SPF50,2,32.0,19.2,64.0,44.8,False,7.8,15.6,True
502456,2476,P13,MS-GIFT-SACHET,1,0.0,0.0,0.0,0.0,True,1.0,1.0,True
502457,2477,P09,MS-EYE-015,2,30.0,9.0,60.0,51.0,False,7.5,15.0,True
502458,2478,P12,MS-SET-RTN3,1,84.0,25.2,84.0,58.8,False,21.1,21.1,True
502459,2478,P06,MS-TRT-RET50,1,44.0,13.2,44.0,30.8,False,10.5,10.5,True
502460,2478,P13,MS-GIFT-SACHET,1,0.0,0.0,0.0,0.0,True,1.0,1.0,True
502461,2479,P06,MS-TRT-RET50,1,44.0,13.2,44.0,30.8,False,10.5,10.5,True
502462,2479,P03,MS-SER-VTC30,1,34.0,10.2,34.0,23.8,False,8.5,8.5,True
502463,2479,P13,MS-GIFT-SACHET,1,0.0,0.0,0.0,0.0,True,1.0,1.0,True
502464,2480,P08,MS-MOI-BAR50,1,36.0,10.8,36.0,25.2,False,8.0,8.0,True
502465,2480,P12,MS-SET-RTN3,1,84.0,25.2,84.0,58.8,False,21.1,21.1,True
502466,2480,P13,MS-GIFT-SACHET,1,0.0,0.0,0.0,0.0,True,1.0,1.0,True
502467,2481,P03,MS-SER-VTC30,1,34.0,10.2,34.0,23.8,False,8.5,8.5,True
502468,2481,P11,MS-BDY-LOT400,1,28.0,8.4,28.0,19.6,False,8.5,8.5,True
502469,2481,P02,MS-CLN-CRM150,1,24.0,7.2,24.0,16.8,False,5.4,5.4,True
502470,2481,P13,MS-GIFT-SACHET,1,0.0,0.0,0.0,0.0,True,1.0,1.0,True
502471,2482,P10,MS-MSK-CLY100,1,26.0,7.8,26.0,18.2,False,6.0,6.0,True
502472,2483,P07,MS-MOI-SPF50,1,32.0,12.96,32.0,19.04,False,7.8,7.8,True
502473,2483,P03,MS-SER-VTC30,2,34.0,27.54,68.0,40.46,False,8.5,17.0,True
502474,2483,P13,MS-GIFT-SACHET,1,0.0,0.0,0.0,0.0,True,1.0,1.0,True
502475,2484,P05,MS-SER-NIA30,1,29.0,8.7,29.0,20.3,False,5.9,5.9,True
502476,2484,P03,MS-SER-VTC30,1,34.0,10.2,34.0,23.8,False,8.5,8.5,True
502477,2485,P03,MS-SER-VTC30,1,34.0,10.2,34.0,23.8,False,8.5,8.5,True
502478,2486,P04,MS-SER-HYA30,1,34.0,10.2,34.0,23.8,False,7.2,7.2,True
502479,2487,P07,MS-MOI-SPF50,1,32.0,9.6,32.0,22.4,False,7.8,7.8,True
502480,2487,P06,MS-TRT-RET50,1,44.0,13.2,44.0,30.8,False,10.5,10.5,True
502481,2487,P13,MS-GIFT-SACHET,1,0.0,0.0,0.0,0.0,True,1.0,1.0,True
502482,2488,P12,MS-SET-RTN3,1,84.0,34.02,84.0,49.98,False,21.1,21.1,True
502483,2489,P03,MS-SER-VTC30,1,34.0,10.2,34.0,23.8,False,8.5,8.5,True
502484,2490,P03,MS-SER-VTC30,1,34.0,10.2,34.0,23.8,False,8.5,8.5,True
502485,2491,P07,MS-MOI-SPF50,1,32.0,9.6,32.0,22.4,False,7.8,7.8,True
502486,2491,P06,MS-TRT-RET50,1,44.0,13.2,44.0,30.8,False,10.5,10.5,True
502487,2491,P02,MS-CLN-CRM150,1,24.0,7.2,24.0,16.8,False,5.4,5.4,True
502488,2491,P13,MS-GIFT-SACHET,1,0.0,0.0,0.0,0.0,True,1.0,1.0,True
502489,2492,P12,MS-SET-RTN3,1,84.0,25.2,84.0,58.8,False,21.1,21.1,True
502490,2492,P10,MS-MSK-CLY100,1,26.0,7.8,26.0,18.2,False,6.0,6.0,True
502491,2492,P09,MS-EYE-015,2,30.0,18.0,60.0,42.0,False,7.5,15.0,True
502492,2492,P13,MS-GIFT-SACHET,1,0.0,0.0,0.0,0.0,True,1.0,1.0,True
502493,2493,P01,MS-CLN-GEL150,1,22.0,6.6,22.0,15.4,False,4.8,4.8,True
502494,2493,P06,MS-TRT-RET50,1,44.0,13.2,44.0,30.8,False,10.5,10.5,True
502495,2493,P12,MS-SET-RTN3,1,84.0,25.2,84.0,58.8,False,21.1,21.1,True
502496,2493,P02,MS-CLN-CRM150,1,24.0,7.2,24.0,16.8,False,5.4,5.4,True
502497,2493,P13,MS-GIFT-SACHET,1,0.0,0.0,0.0,0.0,True,1.0,1.0,True
502498,2494,P09,MS-EYE-015,1,30.0,9.0,30.0,21.0,False,7.5,7.5,True
502499,2495,P03,MS-SER-VTC30,1,34.0,10.2,34.0,23.8,False,8.5,8.5,True
502500,2495,P05,MS-SER-NIA30,1,29.0,8.7,29.0,20.3,False,5.9,5.9,True
502501,2496,P01,MS-CLN-GEL150,1,22.0,8.91,22.0,13.09,False,4.8,4.8,True
502502,2496,P07,MS-MOI-SPF50,1,32.0,12.97,32.0,19.03,False,7.8,7.8,True
502503,2496,P05,MS-SER-NIA30,1,29.0,11.74,29.0,17.259999999999998,False,5.9,5.9,True
502504,2496,P13,MS-GIFT-SACHET,1,0.0,0.0,0.0,0.0,True,1.0,1.0,True
502505,2497,P06,MS-TRT-RET50,1,44.0,13.2,44.0,30.8,False,10.5,10.5,True
502506,2498,P04,MS-SER-HYA30,1,34.0,10.2,34.0,23.8,False,7.2,7.2,True
502507,2498,P08,MS-MOI-BAR50,2,36.0,21.6,72.0,50.4,False,8.0,16.0,True
502508,2498,P10,MS-MSK-CLY100,1,26.0,7.8,26.0,18.2,False,6.0,6.0,True
502509,2498,P13,MS-GIFT-SACHET,1,0.0,0.0,0.0,0.0,True,1.0,1.0,True
502510,2499,P12,MS-SET-RTN3,1,84.0,34.02,84.0,49.98,False,21.1,21.1,True
502511,2499,P11,MS-BDY-LOT400,1,28.0,11.34,28.0,16.66,False,8.5,8.5,True
502512,2499,P04,MS-SER-HYA30,1,34.0,13.77,34.0,20.23,False,7.2,7.2,True
502513,2499,P13,MS-GIFT-SACHET,1,0.0,0.0,0.0,0.0,True,1.0,1.0,True
502514,2500,P01,MS-CLN-GEL150,2,22.0,13.2,44.0,30.8,False,4.8,9.6,True
502515,2501,P03,MS-SER-VTC30,1,34.0,10.2,34.0,23.8,False,8.5,8.5,True
502516,2501,P12,MS-SET-RTN3,1,84.0,25.2,84.0,58.8,False,21.1,21.1,True
502517,2502,P08,MS-MOI-BAR50,1,36.0,10.8,36.0,25.2,False,8.0,8.0,True
502518,2502,P06,MS-TRT-RET50,1,44.0,13.2,44.0,30.8,False,10.5,10.5,True
502519,2502,P13,MS-GIFT-SACHET,1,0.0,0.0,0.0,0.0,True,1.0,1.0,True
502520,2503,P12,MS-SET-RTN3,1,84.0,25.2,84.0,58.8,False,21.1,21.1,True
502521,2503,P10,MS-MSK-CLY100,1,26.0,7.8,26.0,18.2,False,6.0,6.0,True
502522,2503,P13,MS-GIFT-SACHET,1,0.0,0.0,0.0,0.0,True,1.0,1.0,True
502523,2504,P12,MS-SET-RTN3,1,84.0,25.2,84.0,58.8,False,21.1,21.1,True
502524,2504,P13,MS-GIFT-SACHET,1,0.0,0.0,0.0,0.0,True,1.0,1.0,True
502525,2505,P02,MS-CLN-CRM150,1,24.0,7.2,24.0,16.8,False,5.4,5.4,True
502526,2505,P04,MS-SER-HYA30,1,34.0,10.2,34.0,23.8,False,7.2,7.2,True
502527,2505,P12,MS-SET-RTN3,1,84.0,25.2,84.0,58.8,False,21.1,21.1,True
502528,2506,P04,MS-SER-HYA30,1,34.0,10.2,34.0,23.8,False,7.2,7.2,True
502529,2506,P05,MS-SER-NIA30,1,29.0,8.7,29.0,20.3,False,5.9,5.9,True
502530,2507,P06,MS-TRT-RET50,1,44.0,13.2,44.0,30.8,False,10.5,10.5,True
502531,2507,P12,MS-SET-RTN3,1,84.0,25.2,84.0,58.8,False,21.1,21.1,True
502532,2507,P13,MS-GIFT-SACHET,1,0.0,0.0,0.0,0.0,True,1.0,1.0,True
502533,2508,P01,MS-CLN-GEL150,1,22.0,6.6,22.0,15.4,False,4.8,4.8,True
502534,2508,P10,MS-MSK-CLY100,1,26.0,7.8,26.0,18.2,False,6.0,6.0,True
502535,2509,P04,MS-SER-HYA30,1,34.0,10.2,34.0,23.8,False,7.2,7.2,True
502536,2509,P12,MS-SET-RTN3,1,84.0,25.2,84.0,58.8,False,21.1,21.1,True
502537,2509,P13,MS-GIFT-SACHET,1,0.0,0.0,0.0,0.0,True,1.0,1.0,True
502538,2510,P07,MS-MOI-SPF50,1,32.0,9.6,32.0,22.4,False,7.8,7.8,True
502539,2510,P11,MS-BDY-LOT400,2,28.0,16.8,56.0,39.2,False,8.5,17.0,True
502540,2510,P12,MS-SET-RTN3,1,84.0,25.2,84.0,58.8,False,21.1,21.1,True
502541,2510,P13,MS-GIFT-SACHET,1,0.0,0.0,0.0,0.0,True,1.0,1.0,True
502542,2511,P03,MS-SER-VTC30,1,34.0,5.1,34.0,28.9,False,8.5,8.5,True
502543,2511,P09,MS-EYE-015,1,30.0,4.5,30.0,25.5,False,7.5,7.5,True
502544,2511,P06,MS-TRT-RET50,1,44.0,6.6,44.0,37.4,False,10.5,10.5,True
502545,2512,P06,MS-TRT-RET50,1,44.0,13.2,44.0,30.8,False,10.5,10.5,True
502546,2513,P02,MS-CLN-CRM150,1,24.0,7.2,24.0,16.8,False,5.4,5.4,True
502547,2514,P11,MS-BDY-LOT400,1,28.0,8.4,28.0,19.6,False,8.5,8.5,True
502548,2515,P01,MS-CLN-GEL150,1,22.0,6.6,22.0,15.4,False,4.8,4.8,True
502549,2515,P05,MS-SER-NIA30,1,29.0,8.7,29.0,20.3,False,5.9,5.9,True
502550,2516,P01,MS-CLN-GEL150,1,22.0,6.6,22.0,15.4,False,4.8,4.8,True
502551,2517,P03,MS-SER-VTC30,1,34.0,10.2,34.0,23.8,False,8.5,8.5,True
502552,2518,P11,MS-BDY-LOT400,1,28.0,8.4,28.0,19.6,False,8.5,8.5,True
502553,2518,P03,MS-SER-VTC30,2,34.0,20.4,68.0,47.6,False,8.5,17.0,True
502554,2518,P08,MS-MOI-BAR50,2,36.0,21.6,72.0,50.4,False,8.0,16.0,True
502555,2518,P13,MS-GIFT-SACHET,1,0.0,0.0,0.0,0.0,True,1.0,1.0,True
502556,2519,P01,MS-CLN-GEL150,1,22.0,0.0,22.0,22.0,False,4.8,4.8,True
502557,2520,P07,MS-MOI-SPF50,1,32.0,9.6,32.0,22.4,False,7.8,7.8,True
502558,2520,P04,MS-SER-HYA30,1,34.0,10.2,34.0,23.8,False,7.2,7.2,True
502559,2521,P07,MS-MOI-SPF50,1,32.0,0.0,32.0,32.0,False,7.8,7.8,False
502560,2522,P03,MS-SER-VTC30,1,34.0,0.0,34.0,34.0,False,8.5,8.5,True
502561,2522,P04,MS-SER-HYA30,1,34.0,0.0,34.0,34.0,False,7.2,7.2,True
502562,2522,P07,MS-MOI-SPF50,1,32.0,0.0,32.0,32.0,False,7.8,7.8,True
502563,2522,P11,MS-BDY-LOT400,1,28.0,0.0,28.0,28.0,False,8.5,8.5,True
502564,2522,P13,MS-GIFT-SACHET,1,0.0,0.0,0.0,0.0,True,1.0,1.0,True
502565,2523,P06,MS-TRT-RET50,1,44.0,13.2,44.0,30.8,False,10.5,10.5,True
502566,2523,P12,MS-SET-RTN3,1,84.0,25.2,84.0,58.8,False,21.1,21.1,True
502567,2523,P13,MS-GIFT-SACHET,1,0.0,0.0,0.0,0.0,True,1.0,1.0,True
502568,2524,P11,MS-BDY-LOT400,1,28.0,8.4,28.0,19.6,False,8.5,8.5,True
502569,2525,P12,MS-SET-RTN3,1,84.0,25.2,84.0,58.8,False,21.1,21.1,True
502570,2525,P13,MS-GIFT-SACHET,1,0.0,0.0,0.0,0.0,True,1.0,1.0,True
502571,2526,P04,MS-SER-HYA30,1,34.0,10.2,34.0,23.8,False,7.2,7.2,True
502572,2526,P12,MS-SET-RTN3,1,84.0,25.2,84.0,58.8,False,21.1,21.1,True
502573,2526,P03,MS-SER-VTC30,1,34.0,10.2,34.0,23.8,False,8.5,8.5,True
502574,2526,P13,MS-GIFT-SACHET,1,0.0,0.0,0.0,0.0,True,1.0,1.0,True
502575,2527,P01,MS-CLN-GEL150,1,22.0,8.91,22.0,13.09,False,4.8,4.8,True
502576,2527,P09,MS-EYE-015,1,30.0,12.15,30.0,17.85,False,7.5,7.5,True
502577,2528,P06,MS-TRT-RET50,1,44.0,13.2,44.0,30.8,False,10.5,10.5,True
502578,2528,P07,MS-MOI-SPF50,1,32.0,9.6,32.0,22.4,False,7.8,7.8,True
502579,2528,P13,MS-GIFT-SACHET,1,0.0,0.0,0.0,0.0,True,1.0,1.0,True
502580,2529,P10,MS-MSK-CLY100,1,26.0,3.9,26.0,22.1,False,6.0,6.0,True
502581,2530,P05,MS-SER-NIA30,1,29.0,8.7,29.0,20.3,False,5.9,5.9,True
502582,2530,P01,MS-CLN-GEL150,1,22.0,6.6,22.0,15.4,False,4.8,4.8,True
502583,2531,P09,MS-EYE-015,2,30.0,9.0,60.0,51.0,False,7.5,15.0,True
502584,2532,P09,MS-EYE-015,1,30.0,4.5,30.0,25.5,False,7.5,7.5,True
502585,2533,P07,MS-MOI-SPF50,1,32.0,9.6,32.0,22.4,False,7.8,7.8,True
502586,2534,P10,MS-MSK-CLY100,1,26.0,7.8,26.0,18.2,False,6.0,6.0,True
502587,2534,P09,MS-EYE-015,1,30.0,9.0,30.0,21.0,False,7.5,7.5,True
502588,2535,P02,MS-CLN-CRM150,1,24.0,7.2,24.0,16.8,False,5.4,5.4,True
502589,2536,P12,MS-SET-RTN3,1,84.0,25.2,84.0,58.8,False,21.1,21.1,True
502590,2536,P13,MS-GIFT-SACHET,1,0.0,0.0,0.0,0.0,True,1.0,1.0,True
502591,2537,P07,MS-MOI-SPF50,1,32.0,9.6,32.0,22.4,False,7.8,7.8,True
502592,2537,P08,MS-MOI-BAR50,1,36.0,10.8,36.0,25.2,False,8.0,8.0,True
502593,2537,P01,MS-CLN-GEL150,1,22.0,6.6,22.0,15.4,False,4.8,4.8,True
502594,2537,P13,MS-GIFT-SACHET,1,0.0,0.0,0.0,0.0,True,1.0,1.0,True
502595,2538,P07,MS-MOI-SPF50,1,32.0,9.6,32.0,22.4,False,7.8,7.8,True
502596,2539,P06,MS-TRT-RET50,1,44.0,13.2,44.0,30.8,False,10.5,10.5,True
502597,2539,P07,MS-MOI-SPF50,1,32.0,9.6,32.0,22.4,False,7.8,7.8,True
502598,2539,P05,MS-SER-NIA30,1,29.0,8.7,29.0,20.3,False,5.9,5.9,True
502599,2540,P09,MS-EYE-015,1,30.0,9.0,30.0,21.0,False,7.5,7.5,True
502600,2540,P05,MS-SER-NIA30,1,29.0,8.7,29.0,20.3,False,5.9,5.9,True
502601,2540,P03,MS-SER-VTC30,1,34.0,10.2,34.0,23.8,False,8.5,8.5,True
502602,2540,P04,MS-SER-HYA30,1,34.0,10.2,34.0,23.8,False,7.2,7.2,True
502603,2540,P13,MS-GIFT-SACHET,1,0.0,0.0,0.0,0.0,True,1.0,1.0,True
502604,2541,P03,MS-SER-VTC30,1,34.0,10.2,34.0,23.8,False,8.5,8.5,True
502605,2541,P07,MS-MOI-SPF50,1,32.0,9.6,32.0,22.4,False,7.8,7.8,True
502606,2542,P09,MS-EYE-015,1,30.0,9.0,30.0,21.0,False,7.5,7.5,True
502607,2542,P05,MS-SER-NIA30,1,29.0,8.7,29.0,20.3,False,5.9,5.9,True
502608,2543,P08,MS-MOI-BAR50,1,36.0,10.8,36.0,25.2,False,8.0,8.0,True
502609,2544,P03,MS-SER-VTC30,1,34.0,0.0,34.0,34.0,False,8.5,8.5,True
502610,2544,P07,MS-MOI-SPF50,1,32.0,0.0,32.0,32.0,False,7.8,7.8,True
502611,2545,P06,MS-TRT-RET50,1,44.0,13.2,44.0,30.8,False,10.5,10.5,True
502612,2545,P10,MS-MSK-CLY100,1,26.0,7.8,26.0,18.2,False,6.0,6.0,True
502613,2546,P01,MS-CLN-GEL150,1,22.0,6.6,22.0,15.4,False,4.8,4.8,True
502614,2547,P12,MS-SET-RTN3,1,84.0,25.2,84.0,58.8,False,21.1,21.1,True
502615,2547,P05,MS-SER-NIA30,1,29.0,8.7,29.0,20.3,False,5.9,5.9,True
502616,2547,P04,MS-SER-HYA30,1,34.0,10.2,34.0,23.8,False,7.2,7.2,True
502617,2547,P13,MS-GIFT-SACHET,1,0.0,0.0,0.0,0.0,True,1.0,1.0,True
502618,2548,P08,MS-MOI-BAR50,1,36.0,5.4,36.0,30.6,False,8.0,8.0,True
502619,2548,P06,MS-TRT-RET50,1,44.0,6.6,44.0,37.4,False,10.5,10.5,True
502620,2548,P03,MS-SER-VTC30,1,34.0,5.1,34.0,28.9,False,8.5,8.5,True
502621,2549,P07,MS-MOI-SPF50,1,32.0,9.6,32.0,22.4,False,7.8,7.8,True
502622,2549,P04,MS-SER-HYA30,1,34.0,10.2,34.0,23.8,False,7.2,7.2,True
502623,2549,P01,MS-CLN-GEL150,1,22.0,6.6,22.0,15.4,False,4.8,4.8,True
502624,2549,P13,MS-GIFT-SACHET,1,0.0,0.0,0.0,0.0,True,1.0,1.0,True
502625,2550,P11,MS-BDY-LOT400,1,28.0,8.4,28.0,19.6,False,8.5,8.5,True
502626,2550,P12,MS-SET-RTN3,1,84.0,25.2,84.0,58.8,False,21.1,21.1,True
502627,2550,P13,MS-GIFT-SACHET,1,0.0,0.0,0.0,0.0,True,1.0,1.0,True
502628,2551,P10,MS-MSK-CLY100,1,26.0,7.8,26.0,18.2,False,6.0,6.0,True
502629,2551,P05,MS-SER-NIA30,1,29.0,8.7,29.0,20.3,False,5.9,5.9,True
502630,2552,P05,MS-SER-NIA30,1,29.0,8.7,29.0,20.3,False,5.9,5.9,True
502631,2552,P03,MS-SER-VTC30,1,34.0,10.2,34.0,23.8,False,8.5,8.5,True
502632,2552,P04,MS-SER-HYA30,1,34.0,10.2,34.0,23.8,False,7.2,7.2,True
502633,2552,P09,MS-EYE-015,2,30.0,18.0,60.0,42.0,False,7.5,15.0,True
502634,2552,P13,MS-GIFT-SACHET,1,0.0,0.0,0.0,0.0,True,1.0,1.0,True
502635,2553,P01,MS-CLN-GEL150,1,22.0,6.6,22.0,15.4,False,4.8,4.8,True
502636,2553,P03,MS-SER-VTC30,1,34.0,10.2,34.0,23.8,False,8.5,8.5,True
502637,2553,P05,MS-SER-NIA30,1,29.0,8.7,29.0,20.3,False,5.9,5.9,True
502638,2553,P13,MS-GIFT-SACHET,1,0.0,0.0,0.0,0.0,True,1.0,1.0,True
502639,2554,P09,MS-EYE-015,1,30.0,9.0,30.0,21.0,False,7.5,7.5,True
502640,2555,P12,MS-SET-RTN3,1,84.0,25.2,84.0,58.8,False,21.1,21.1,True
502641,2555,P13,MS-GIFT-SACHET,1,0.0,0.0,0.0,0.0,True,1.0,1.0,True
502642,2556,P03,MS-SER-VTC30,1,34.0,5.1,34.0,28.9,False,8.5,8.5,True
502643,2556,P06,MS-TRT-RET50,1,44.0,6.6,44.0,37.4,False,10.5,10.5,True
502644,2556,P04,MS-SER-HYA30,1,34.0,5.1,34.0,28.9,False,7.2,7.2,True
502645,2556,P08,MS-MOI-BAR50,1,36.0,5.4,36.0,30.6,False,8.0,8.0,True
502646,2556,P13,MS-GIFT-SACHET,1,0.0,0.0,0.0,0.0,True,1.0,1.0,True
502647,2557,P09,MS-EYE-015,1,30.0,9.0,30.0,21.0,False,7.5,7.5,True
502648,2557,P07,MS-MOI-SPF50,1,32.0,9.6,32.0,22.4,False,7.8,7.8,True
502649,2557,P06,MS-TRT-RET50,2,44.0,26.4,88.0,61.6,False,10.5,21.0,True
502650,2557,P13,MS-GIFT-SACHET,1,0.0,0.0,0.0,0.0,True,1.0,1.0,True
502651,2558,P05,MS-SER-NIA30,1,29.0,8.7,29.0,20.3,False,5.9,5.9,True
502652,2558,P12,MS-SET-RTN3,1,84.0,25.2,84.0,58.8,False,21.1,21.1,True
502653,2558,P02,MS-CLN-CRM150,1,24.0,7.2,24.0,16.8,False,5.4,5.4,True
502654,2558,P13,MS-GIFT-SACHET,1,0.0,0.0,0.0,0.0,True,1.0,1.0,True
502655,2559,P03,MS-SER-VTC30,1,34.0,10.2,34.0,23.8,False,8.5,8.5,True
502656,2559,P06,MS-TRT-RET50,1,44.0,13.2,44.0,30.8,False,10.5,10.5,True
502657,2559,P04,MS-SER-HYA30,1,34.0,10.2,34.0,23.8,False,7.2,7.2,True
502658,2559,P13,MS-GIFT-SACHET,1,0.0,0.0,0.0,0.0,True,1.0,1.0,True
502659,2560,P02,MS-CLN-CRM150,1,24.0,3.6,24.0,20.4,False,5.4,5.4,True
502660,2560,P03,MS-SER-VTC30,1,34.0,5.1,34.0,28.9,False,8.5,8.5,True
502661,2561,P07,MS-MOI-SPF50,1,32.0,9.6,32.0,22.4,False,7.8,7.8,True
502662,2561,P06,MS-TRT-RET50,1,44.0,13.2,44.0,30.8,False,10.5,10.5,True
502663,2562,P04,MS-SER-HYA30,1,34.0,10.2,34.0,23.8,False,7.2,7.2,True
502664,2562,P10,MS-MSK-CLY100,1,26.0,7.8,26.0,18.2,False,6.0,6.0,True
502665,2563,P12,MS-SET-RTN3,1,84.0,0.0,84.0,84.0,False,21.1,21.1,True
502666,2563,P13,MS-GIFT-SACHET,1,0.0,0.0,0.0,0.0,True,1.0,1.0,True
502667,2564,P12,MS-SET-RTN3,1,84.0,25.2,84.0,58.8,False,21.1,21.1,True
502668,2564,P11,MS-BDY-LOT400,1,28.0,8.4,28.0,19.6,False,8.5,8.5,True
502669,2564,P13,MS-GIFT-SACHET,1,0.0,0.0,0.0,0.0,True,1.0,1.0,True
502670,2565,P12,MS-SET-RTN3,1,84.0,25.2,84.0,58.8,False,21.1,21.1,True
502671,2565,P04,MS-SER-HYA30,1,34.0,10.2,34.0,23.8,False,7.2,7.2,True
502672,2566,P02,MS-CLN-CRM150,1,24.0,7.2,24.0,16.8,False,5.4,5.4,True
502673,2566,P03,MS-SER-VTC30,1,34.0,10.2,34.0,23.8,False,8.5,8.5,True
502674,2567,P01,MS-CLN-GEL150,1,22.0,8.91,22.0,13.09,False,4.8,4.8,True
502675,2567,P04,MS-SER-HYA30,1,34.0,13.77,34.0,20.23,False,7.2,7.2,True
502676,2567,P03,MS-SER-VTC30,2,34.0,27.54,68.0,40.46,False,8.5,17.0,True
502677,2567,P13,MS-GIFT-SACHET,1,0.0,0.0,0.0,0.0,True,1.0,1.0,True
502678,2568,P02,MS-CLN-CRM150,1,24.0,7.2,24.0,16.8,False,5.4,5.4,True
502679,2568,P07,MS-MOI-SPF50,1,32.0,9.6,32.0,22.4,False,7.8,7.8,True
502680,2569,P03,MS-SER-VTC30,1,34.0,10.2,34.0,23.8,False,8.5,8.5,True
502681,2569,P12,MS-SET-RTN3,1,84.0,25.2,84.0,58.8,False,21.1,21.1,True
502682,2569,P05,MS-SER-NIA30,2,29.0,17.4,58.0,40.6,False,5.9,11.8,True
502683,2569,P13,MS-GIFT-SACHET,1,0.0,0.0,0.0,0.0,True,1.0,1.0,True
502684,2570,P07,MS-MOI-SPF50,1,32.0,9.6,32.0,22.4,False,7.8,7.8,True
502685,2570,P03,MS-SER-VTC30,1,34.0,10.2,34.0,23.8,False,8.5,8.5,True
502686,2571,P12,MS-SET-RTN3,1,84.0,25.2,84.0,58.8,False,21.1,21.1,True
502687,2571,P03,MS-SER-VTC30,1,34.0,10.2,34.0,23.8,False,8.5,8.5,True
502688,2572,P10,MS-MSK-CLY100,1,26.0,7.8,26.0,18.2,False,6.0,6.0,True
502689,2572,P03,MS-SER-VTC30,2,34.0,20.4,68.0,47.6,False,8.5,17.0,True
502690,2572,P13,MS-GIFT-SACHET,1,0.0,0.0,0.0,0.0,True,1.0,1.0,True
502691,2573,P03,MS-SER-VTC30,1,34.0,10.2,34.0,23.8,False,8.5,8.5,True
502692,2574,P06,MS-TRT-RET50,1,44.0,13.2,44.0,30.8,False,10.5,10.5,True
502693,2575,P12,MS-SET-RTN3,1,84.0,25.2,84.0,58.8,False,21.1,21.1,True
502694,2575,P04,MS-SER-HYA30,1,34.0,10.2,34.0,23.8,False,7.2,7.2,True
502695,2575,P13,MS-GIFT-SACHET,1,0.0,0.0,0.0,0.0,True,1.0,1.0,True
502696,2576,P05,MS-SER-NIA30,1,29.0,8.7,29.0,20.3,False,5.9,5.9,True
502697,2577,P04,MS-SER-HYA30,1,34.0,0.0,34.0,34.0,False,7.2,7.2,True
502698,2577,P12,MS-SET-RTN3,1,84.0,0.0,84.0,84.0,False,21.1,21.1,True
502699,2578,P11,MS-BDY-LOT400,1,28.0,8.4,28.0,19.6,False,8.5,8.5,True
502700,2578,P06,MS-TRT-RET50,1,44.0,13.2,44.0,30.8,False,10.5,10.5,True
502701,2579,P03,MS-SER-VTC30,1,34.0,10.2,34.0,23.8,False,8.5,8.5,True
502702,2580,P08,MS-MOI-BAR50,1,36.0,10.8,36.0,25.2,False,8.0,8.0,True
502703,2581,P04,MS-SER-HYA30,1,34.0,10.2,34.0,23.8,False,7.2,7.2,True
502704,2581,P12,MS-SET-RTN3,1,84.0,25.2,84.0,58.8,False,21.1,21.1,True
502705,2581,P03,MS-SER-VTC30,1,34.0,10.2,34.0,23.8,False,8.5,8.5,True
502706,2582,P04,MS-SER-HYA30,1,34.0,10.2,34.0,23.8,False,7.2,7.2,True
502707,2582,P03,MS-SER-VTC30,1,34.0,10.2,34.0,23.8,False,8.5,8.5,True
502708,2583,P03,MS-SER-VTC30,1,34.0,10.2,34.0,23.8,False,8.5,8.5,True
502709,2584,P10,MS-MSK-CLY100,1,26.0,7.8,26.0,18.2,False,6.0,6.0,True
502710,2584,P07,MS-MOI-SPF50,1,32.0,9.6,32.0,22.4,False,7.8,7.8,True
502711,2584,P12,MS-SET-RTN3,1,84.0,25.2,84.0,58.8,False,21.1,21.1,True
502712,2584,P13,MS-GIFT-SACHET,1,0.0,0.0,0.0,0.0,True,1.0,1.0,True
502713,2585,P02,MS-CLN-CRM150,1,24.0,7.2,24.0,16.8,False,5.4,5.4,True
502714,2585,P05,MS-SER-NIA30,1,29.0,8.7,29.0,20.3,False,5.9,5.9,True
502715,2586,P09,MS-EYE-015,1,30.0,9.0,30.0,21.0,False,7.5,7.5,True
502716,2586,P01,MS-CLN-GEL150,1,22.0,6.6,22.0,15.4,False,4.8,4.8,True
502717,2587,P03,MS-SER-VTC30,2,34.0,20.4,68.0,47.6,False,8.5,17.0,True
502718,2587,P01,MS-CLN-GEL150,1,22.0,6.6,22.0,15.4,False,4.8,4.8,True
502719,2587,P13,MS-GIFT-SACHET,1,0.0,0.0,0.0,0.0,True,1.0,1.0,True
502720,2588,P01,MS-CLN-GEL150,1,22.0,6.6,22.0,15.4,False,4.8,4.8,True
502721,2588,P08,MS-MOI-BAR50,1,36.0,10.8,36.0,25.2,False,8.0,8.0,True
502722,2588,P09,MS-EYE-015,1,30.0,9.0,30.0,21.0,False,7.5,7.5,True
502723,2588,P06,MS-TRT-RET50,1,44.0,13.2,44.0,30.8,False,10.5,10.5,True
502724,2588,P13,MS-GIFT-SACHET,1,0.0,0.0,0.0,0.0,True,1.0,1.0,True
502725,2589,P09,MS-EYE-015,1,30.0,9.0,30.0,21.0,False,7.5,7.5,True
502726,2589,P07,MS-MOI-SPF50,1,32.0,9.6,32.0,22.4,False,7.8,7.8,True
502727,2590,P09,MS-EYE-015,1,30.0,9.0,30.0,21.0,False,7.5,7.5,True
502728,2591,P02,MS-CLN-CRM150,1,24.0,7.2,24.0,16.8,False,5.4,5.4,True
502729,2592,P12,MS-SET-RTN3,1,84.0,25.2,84.0,58.8,False,21.1,21.1,True
502730,2593,P07,MS-MOI-SPF50,1,32.0,9.6,32.0,22.4,False,7.8,7.8,True
502731,2594,P04,MS-SER-HYA30,1,34.0,10.2,34.0,23.8,False,7.2,7.2,True
502732,2594,P01,MS-CLN-GEL150,1,22.0,6.6,22.0,15.4,False,4.8,4.8,True
502733,2594,P07,MS-MOI-SPF50,1,32.0,9.6,32.0,22.4,False,7.8,7.8,True
502734,2594,P03,MS-SER-VTC30,1,34.0,10.2,34.0,23.8,False,8.5,8.5,True
502735,2594,P13,MS-GIFT-SACHET,1,0.0,0.0,0.0,0.0,True,1.0,1.0,True
502736,2595,P01,MS-CLN-GEL150,1,22.0,2.64,22.0,19.36,False,4.8,4.8,True
502737,2596,P07,MS-MOI-SPF50,2,32.0,19.2,64.0,44.8,False,7.8,15.6,True
502738,2597,P07,MS-MOI-SPF50,1,32.0,9.6,32.0,22.4,False,7.8,7.8,True
502739,2598,P06,MS-TRT-RET50,1,44.0,13.2,44.0,30.8,False,10.5,10.5,True
502740,2598,P03,MS-SER-VTC30,2,34.0,20.4,68.0,47.6,False,8.5,17.0,True
502741,2598,P13,MS-GIFT-SACHET,1,0.0,0.0,0.0,0.0,True,1.0,1.0,True
502742,2599,P12,MS-SET-RTN3,1,84.0,25.2,84.0,58.8,False,21.1,21.1,True
502743,2599,P07,MS-MOI-SPF50,1,32.0,9.6,32.0,22.4,False,7.8,7.8,True
502744,2599,P04,MS-SER-HYA30,1,34.0,10.2,34.0,23.8,False,7.2,7.2,True
502745,2599,P09,MS-EYE-015,2,30.0,18.0,60.0,42.0,False,7.5,15.0,True
502746,2599,P13,MS-GIFT-SACHET,1,0.0,0.0,0.0,0.0,True,1.0,1.0,True
502747,2600,P08,MS-MOI-BAR50,1,36.0,10.8,36.0,25.2,False,8.0,8.0,True
502748,2600,P03,MS-SER-VTC30,1,34.0,10.2,34.0,23.8,False,8.5,8.5,True
502749,2601,P03,MS-SER-VTC30,1,34.0,10.2,34.0,23.8,False,8.5,8.5,True
502750,2601,P06,MS-TRT-RET50,1,44.0,13.2,44.0,30.8,False,10.5,10.5,True
502751,2601,P12,MS-SET-RTN3,1,84.0,25.2,84.0,58.8,False,21.1,21.1,True
502752,2601,P04,MS-SER-HYA30,1,34.0,10.2,34.0,23.8,False,7.2,7.2,True
502753,2601,P13,MS-GIFT-SACHET,1,0.0,0.0,0.0,0.0,True,1.0,1.0,True
502754,2602,P08,MS-MOI-BAR50,1,36.0,10.8,36.0,25.2,False,8.0,8.0,True
502755,2603,P03,MS-SER-VTC30,1,34.0,13.77,34.0,20.23,False,8.5,8.5,True
502756,2603,P12,MS-SET-RTN3,1,84.0,34.02,84.0,49.98,False,21.1,21.1,True
502757,2603,P13,MS-GIFT-SACHET,1,0.0,0.0,0.0,0.0,True,1.0,1.0,True
502758,2604,P07,MS-MOI-SPF50,1,32.0,9.6,32.0,22.4,False,7.8,7.8,True
502759,2604,P02,MS-CLN-CRM150,1,24.0,7.2,24.0,16.8,False,5.4,5.4,True
502760,2604,P04,MS-SER-HYA30,1,34.0,10.2,34.0,23.8,False,7.2,7.2,True
502761,2604,P13,MS-GIFT-SACHET,1,0.0,0.0,0.0,0.0,True,1.0,1.0,True
502762,2605,P08,MS-MOI-BAR50,1,36.0,10.8,36.0,25.2,False,8.0,8.0,True
502763,2606,P12,MS-SET-RTN3,1,84.0,25.2,84.0,58.8,False,21.1,21.1,True
502764,2606,P13,MS-GIFT-SACHET,1,0.0,0.0,0.0,0.0,True,1.0,1.0,True
502765,2607,P01,MS-CLN-GEL150,1,22.0,3.3,22.0,18.7,False,4.8,4.8,True
502766,2607,P03,MS-SER-VTC30,1,34.0,5.1,34.0,28.9,False,8.5,8.5,True
502767,2608,P12,MS-SET-RTN3,1,84.0,25.2,84.0,58.8,False,21.1,21.1,True
502768,2608,P01,MS-CLN-GEL150,1,22.0,6.6,22.0,15.4,False,4.8,4.8,True
502769,2609,P06,MS-TRT-RET50,1,44.0,13.2,44.0,30.8,False,10.5,10.5,True
502770,2609,P10,MS-MSK-CLY100,1,26.0,7.8,26.0,18.2,False,6.0,6.0,True
502771,2610,P05,MS-SER-NIA30,1,29.0,8.7,29.0,20.3,False,5.9,5.9,True
502772,2611,P02,MS-CLN-CRM150,1,24.0,7.2,24.0,16.8,False,5.4,5.4,True
502773,2611,P10,MS-MSK-CLY100,1,26.0,7.8,26.0,18.2,False,6.0,6.0,True
502774,2611,P03,MS-SER-VTC30,2,34.0,20.4,68.0,47.6,False,8.5,17.0,True
502775,2611,P11,MS-BDY-LOT400,2,28.0,16.8,56.0,39.2,False,8.5,17.0,True
502776,2611,P13,MS-GIFT-SACHET,1,0.0,0.0,0.0,0.0,True,1.0,1.0,True
502777,2612,P09,MS-EYE-015,1,30.0,9.0,30.0,21.0,False,7.5,7.5,True
502778,2613,P12,MS-SET-RTN3,1,84.0,25.2,84.0,58.8,False,21.1,21.1,True
502779,2613,P03,MS-SER-VTC30,1,34.0,10.2,34.0,23.8,False,8.5,8.5,True
502780,2613,P13,MS-GIFT-SACHET,1,0.0,0.0,0.0,0.0,True,1.0,1.0,True
502781,2614,P03,MS-SER-VTC30,1,34.0,10.2,34.0,23.8,False,8.5,8.5,True
502782,2614,P08,MS-MOI-BAR50,1,36.0,10.8,36.0,25.2,False,8.0,8.0,True
502783,2614,P04,MS-SER-HYA30,1,34.0,10.2,34.0,23.8,False,7.2,7.2,True
502784,2614,P13,MS-GIFT-SACHET,1,0.0,0.0,0.0,0.0,True,1.0,1.0,True
502785,2615,P06,MS-TRT-RET50,1,44.0,13.2,44.0,30.8,False,10.5,10.5,True
502786,2615,P08,MS-MOI-BAR50,1,36.0,10.8,36.0,25.2,False,8.0,8.0,True
502787,2616,P03,MS-SER-VTC30,1,34.0,10.2,34.0,23.8,False,8.5,8.5,True
502788,2616,P11,MS-BDY-LOT400,2,28.0,16.8,56.0,39.2,False,8.5,17.0,True
502789,2616,P13,MS-GIFT-SACHET,1,0.0,0.0,0.0,0.0,True,1.0,1.0,True
502790,2617,P08,MS-MOI-BAR50,1,36.0,14.58,36.0,21.42,False,8.0,8.0,True
502791,2617,P07,MS-MOI-SPF50,1,32.0,12.96,32.0,19.04,False,7.8,7.8,True
502792,2618,P04,MS-SER-HYA30,1,34.0,10.2,34.0,23.8,False,7.2,7.2,True
502793,2619,P03,MS-SER-VTC30,1,34.0,10.2,34.0,23.8,False,8.5,8.5,True
502794,2619,P10,MS-MSK-CLY100,1,26.0,7.8,26.0,18.2,False,6.0,6.0,True
502795,2619,P04,MS-SER-HYA30,1,34.0,10.2,34.0,23.8,False,7.2,7.2,True
502796,2619,P01,MS-CLN-GEL150,1,22.0,6.6,22.0,15.4,False,4.8,4.8,True
502797,2620,P01,MS-CLN-GEL150,1,22.0,6.6,22.0,15.4,False,4.8,4.8,True
502798,2620,P07,MS-MOI-SPF50,1,32.0,9.6,32.0,22.4,False,7.8,7.8,True
502799,2621,P01,MS-CLN-GEL150,1,22.0,6.6,22.0,15.4,False,4.8,4.8,True
502800,2622,P01,MS-CLN-GEL150,1,22.0,6.6,22.0,15.4,False,4.8,4.8,True
502801,2623,P05,MS-SER-NIA30,1,29.0,8.7,29.0,20.3,False,5.9,5.9,True
502802,2624,P10,MS-MSK-CLY100,2,26.0,21.06,52.0,30.94,False,6.0,12.0,True
502803,2624,P08,MS-MOI-BAR50,1,36.0,14.58,36.0,21.42,False,8.0,8.0,True
502804,2624,P13,MS-GIFT-SACHET,1,0.0,0.0,0.0,0.0,True,1.0,1.0,True
502805,2625,P12,MS-SET-RTN3,1,84.0,34.02,84.0,49.98,False,21.1,21.1,True
502806,2626,P03,MS-SER-VTC30,1,34.0,10.2,34.0,23.8,False,8.5,8.5,True
502807,2627,P11,MS-BDY-LOT400,1,28.0,8.4,28.0,19.6,False,8.5,8.5,True
502808,2627,P05,MS-SER-NIA30,1,29.0,8.7,29.0,20.3,False,5.9,5.9,True
502809,2627,P04,MS-SER-HYA30,2,34.0,20.4,68.0,47.6,False,7.2,14.4,True
502810,2627,P07,MS-MOI-SPF50,1,32.0,9.6,32.0,22.4,False,7.8,7.8,True
502811,2627,P13,MS-GIFT-SACHET,1,0.0,0.0,0.0,0.0,True,1.0,1.0,True
502812,2628,P01,MS-CLN-GEL150,1,22.0,6.6,22.0,15.4,False,4.8,4.8,True
502813,2629,P06,MS-TRT-RET50,1,44.0,13.2,44.0,30.8,False,10.5,10.5,True
502814,2630,P04,MS-SER-HYA30,1,34.0,10.2,34.0,23.8,False,7.2,7.2,True
502815,2630,P06,MS-TRT-RET50,1,44.0,13.2,44.0,30.8,False,10.5,10.5,True
502816,2630,P13,MS-GIFT-SACHET,1,0.0,0.0,0.0,0.0,True,1.0,1.0,True
502817,2631,P11,MS-BDY-LOT400,1,28.0,8.4,28.0,19.6,False,8.5,8.5,True
502818,2631,P03,MS-SER-VTC30,1,34.0,10.2,34.0,23.8,False,8.5,8.5,True
502819,2632,P01,MS-CLN-GEL150,1,22.0,6.6,22.0,15.4,False,4.8,4.8,True
502820,2632,P10,MS-MSK-CLY100,1,26.0,7.8,26.0,18.2,False,6.0,6.0,True
502821,2632,P12,MS-SET-RTN3,1,84.0,25.2,84.0,58.8,False,21.1,21.1,True
502822,2632,P13,MS-GIFT-SACHET,1,0.0,0.0,0.0,0.0,True,1.0,1.0,True
502823,2633,P01,MS-CLN-GEL150,1,22.0,6.6,22.0,15.4,False,4.8,4.8,True
502824,2633,P06,MS-TRT-RET50,1,44.0,13.2,44.0,30.8,False,10.5,10.5,True
502825,2634,P04,MS-SER-HYA30,1,34.0,10.2,34.0,23.8,False,7.2,7.2,True
502826,2634,P05,MS-SER-NIA30,1,29.0,8.7,29.0,20.3,False,5.9,5.9,True
502827,2634,P01,MS-CLN-GEL150,1,22.0,6.6,22.0,15.4,False,4.8,4.8,True
502828,2634,P13,MS-GIFT-SACHET,1,0.0,0.0,0.0,0.0,True,1.0,1.0,True
502829,2635,P02,MS-CLN-CRM150,1,24.0,7.2,24.0,16.8,False,5.4,5.4,True
502830,2636,P12,MS-SET-RTN3,1,84.0,25.2,84.0,58.8,False,21.1,21.1,True
502831,2636,P06,MS-TRT-RET50,1,44.0,13.2,44.0,30.8,False,10.5,10.5,True
502832,2636,P09,MS-EYE-015,1,30.0,9.0,30.0,21.0,False,7.5,7.5,True
502833,2637,P03,MS-SER-VTC30,1,34.0,10.2,34.0,23.8,False,8.5,8.5,True
502834,2637,P04,MS-SER-HYA30,1,34.0,10.2,34.0,23.8,False,7.2,7.2,True
502835,2637,P06,MS-TRT-RET50,1,44.0,13.2,44.0,30.8,False,10.5,10.5,True
502836,2637,P10,MS-MSK-CLY100,1,26.0,7.8,26.0,18.2,False,6.0,6.0,True
502837,2637,P13,MS-GIFT-SACHET,1,0.0,0.0,0.0,0.0,True,1.0,1.0,True
502838,2638,P06,MS-TRT-RET50,1,44.0,13.2,44.0,30.8,False,10.5,10.5,True
502839,2638,P10,MS-MSK-CLY100,1,26.0,7.8,26.0,18.2,False,6.0,6.0,True
502840,2638,P04,MS-SER-HYA30,1,34.0,10.2,34.0,23.8,False,7.2,7.2,True
502841,2638,P08,MS-MOI-BAR50,1,36.0,10.8,36.0,25.2,False,8.0,8.0,True
502842,2638,P13,MS-GIFT-SACHET,1,0.0,0.0,0.0,0.0,True,1.0,1.0,True
502843,2639,P11,MS-BDY-LOT400,2,28.0,16.8,56.0,39.2,False,8.5,17.0,True
502844,2640,P09,MS-EYE-015,1,30.0,9.0,30.0,21.0,False,7.5,7.5,True
502845,2641,P04,MS-SER-HYA30,2,34.0,20.4,68.0,47.6,False,7.2,14.4,True
502846,2641,P08,MS-MOI-BAR50,1,36.0,10.8,36.0,25.2,False,8.0,8.0,True
502847,2641,P02,MS-CLN-CRM150,2,24.0,14.4,48.0,33.6,False,5.4,10.8,True
502848,2641,P13,MS-GIFT-SACHET,1,0.0,0.0,0.0,0.0,True,1.0,1.0,True
502849,2642,P11,MS-BDY-LOT400,1,28.0,8.4,28.0,19.6,False,8.5,8.5,True
502850,2642,P03,MS-SER-VTC30,1,34.0,10.2,34.0,23.8,False,8.5,8.5,True
502851,2643,P01,MS-CLN-GEL150,1,22.0,3.3,22.0,18.7,False,4.8,4.8,True
502852,2644,P05,MS-SER-NIA30,1,29.0,8.7,29.0,20.3,False,5.9,5.9,True
502853,2645,P03,MS-SER-VTC30,1,34.0,10.2,34.0,23.8,False,8.5,8.5,True
502854,2645,P07,MS-MOI-SPF50,1,32.0,9.6,32.0,22.4,False,7.8,7.8,True
502855,2646,P03,MS-SER-VTC30,1,34.0,0.0,34.0,34.0,False,8.5,8.5,True
502856,2647,P04,MS-SER-HYA30,1,34.0,10.2,34.0,23.8,False,7.2,7.2,True
502857,2647,P01,MS-CLN-GEL150,1,22.0,6.6,22.0,15.4,False,4.8,4.8,True
502858,2648,P06,MS-TRT-RET50,1,44.0,13.2,44.0,30.8,False,10.5,10.5,True
502859,2649,P07,MS-MOI-SPF50,2,32.0,19.2,64.0,44.8,False,7.8,15.6,True
502860,2649,P08,MS-MOI-BAR50,1,36.0,10.8,36.0,25.2,False,8.0,8.0,True
502861,2649,P13,MS-GIFT-SACHET,1,0.0,0.0,0.0,0.0,True,1.0,1.0,True
502862,2650,P11,MS-BDY-LOT400,1,28.0,8.4,28.0,19.6,False,8.5,8.5,True
502863,2651,P09,MS-EYE-015,1,30.0,9.0,30.0,21.0,False,7.5,7.5,True
502864,2651,P04,MS-SER-HYA30,1,34.0,10.2,34.0,23.8,False,7.2,7.2,True
502865,2652,P12,MS-SET-RTN3,1,84.0,25.2,84.0,58.8,False,21.1,21.1,True
502866,2652,P13,MS-GIFT-SACHET,1,0.0,0.0,0.0,0.0,True,1.0,1.0,True
502867,2653,P03,MS-SER-VTC30,1,34.0,10.2,34.0,23.8,False,8.5,8.5,True
502868,2653,P12,MS-SET-RTN3,1,84.0,25.2,84.0,58.8,False,21.1,21.1,True
502869,2653,P13,MS-GIFT-SACHET,1,0.0,0.0,0.0,0.0,True,1.0,1.0,True
502870,2654,P01,MS-CLN-GEL150,1,22.0,6.6,22.0,15.4,False,4.8,4.8,True
502871,2655,P03,MS-SER-VTC30,2,34.0,20.4,68.0,47.6,False,8.5,17.0,True
502872,2656,P08,MS-MOI-BAR50,1,36.0,0.0,36.0,36.0,False,8.0,8.0,True
502873,2657,P05,MS-SER-NIA30,1,29.0,8.7,29.0,20.3,False,5.9,5.9,True
502874,2657,P12,MS-SET-RTN3,1,84.0,25.2,84.0,58.8,False,21.1,21.1,True
502875,2657,P13,MS-GIFT-SACHET,1,0.0,0.0,0.0,0.0,True,1.0,1.0,True
502876,2658,P08,MS-MOI-BAR50,1,36.0,14.58,36.0,21.42,False,8.0,8.0,True
502877,2658,P06,MS-TRT-RET50,1,44.0,17.82,44.0,26.18,False,10.5,10.5,True
502878,2658,P02,MS-CLN-CRM150,1,24.0,9.72,24.0,14.28,False,5.4,5.4,True
502879,2658,P13,MS-GIFT-SACHET,1,0.0,0.0,0.0,0.0,True,1.0,1.0,True
502880,2659,P02,MS-CLN-CRM150,1,24.0,7.2,24.0,16.8,False,5.4,5.4,True
502881,2660,P06,MS-TRT-RET50,1,44.0,13.2,44.0,30.8,False,10.5,10.5,True
502882,2661,P01,MS-CLN-GEL150,1,22.0,2.2,22.0,19.8,False,4.8,4.8,True
502883,2662,P11,MS-BDY-LOT400,1,28.0,8.4,28.0,19.6,False,8.5,8.5,True
502884,2662,P10,MS-MSK-CLY100,1,26.0,7.8,26.0,18.2,False,6.0,6.0,True
502885,2662,P03,MS-SER-VTC30,1,34.0,10.2,34.0,23.8,False,8.5,8.5,True
502886,2662,P02,MS-CLN-CRM150,1,24.0,7.2,24.0,16.8,False,5.4,5.4,True
502887,2662,P13,MS-GIFT-SACHET,1,0.0,0.0,0.0,0.0,True,1.0,1.0,True
502888,2663,P05,MS-SER-NIA30,1,29.0,8.7,29.0,20.3,False,5.9,5.9,True
502889,2663,P09,MS-EYE-015,1,30.0,9.0,30.0,21.0,False,7.5,7.5,True
502890,2664,P06,MS-TRT-RET50,1,44.0,0.0,44.0,44.0,False,10.5,10.5,True
502891,2665,P11,MS-BDY-LOT400,1,28.0,8.4,28.0,19.6,False,8.5,8.5,True
502892,2665,P05,MS-SER-NIA30,1,29.0,8.7,29.0,20.3,False,5.9,5.9,True
502893,2666,P07,MS-MOI-SPF50,2,32.0,19.2,64.0,44.8,False,7.8,15.6,True
502894,2667,P03,MS-SER-VTC30,2,34.0,20.4,68.0,47.6,False,8.5,17.0,True
502895,2667,P04,MS-SER-HYA30,1,34.0,10.2,34.0,23.8,False,7.2,7.2,True
502896,2667,P06,MS-TRT-RET50,1,44.0,13.2,44.0,30.8,False,10.5,10.5,True
502897,2667,P13,MS-GIFT-SACHET,1,0.0,0.0,0.0,0.0,True,1.0,1.0,True
502898,2668,P03,MS-SER-VTC30,2,34.0,20.4,68.0,47.6,False,8.5,17.0,True
502899,2668,P01,MS-CLN-GEL150,1,22.0,6.6,22.0,15.4,False,4.8,4.8,True
502900,2668,P05,MS-SER-NIA30,1,29.0,8.7,29.0,20.3,False,5.9,5.9,True
502901,2668,P13,MS-GIFT-SACHET,1,0.0,0.0,0.0,0.0,True,1.0,1.0,True
502902,2669,P01,MS-CLN-GEL150,1,22.0,6.6,22.0,15.4,False,4.8,4.8,True
502903,2669,P03,MS-SER-VTC30,1,34.0,10.2,34.0,23.8,False,8.5,8.5,True
502904,2669,P06,MS-TRT-RET50,1,44.0,13.2,44.0,30.8,False,10.5,10.5,True
502905,2669,P13,MS-GIFT-SACHET,1,0.0,0.0,0.0,0.0,True,1.0,1.0,True
502906,2670,P11,MS-BDY-LOT400,1,28.0,4.2,28.0,23.8,False,8.5,8.5,True
502907,2671,P03,MS-SER-VTC30,1,34.0,10.2,34.0,23.8,False,8.5,8.5,True
502908,2672,P07,MS-MOI-SPF50,1,32.0,9.6,32.0,22.4,False,7.8,7.8,True
502909,2672,P10,MS-MSK-CLY100,1,26.0,7.8,26.0,18.2,False,6.0,6.0,True
502910,2672,P12,MS-SET-RTN3,1,84.0,25.2,84.0,58.8,False,21.1,21.1,True
502911,2672,P13,MS-GIFT-SACHET,1,0.0,0.0,0.0,0.0,True,1.0,1.0,True
502912,2673,P04,MS-SER-HYA30,1,34.0,10.2,34.0,23.8,False,7.2,7.2,True
502913,2674,P08,MS-MOI-BAR50,1,36.0,10.8,36.0,25.2,False,8.0,8.0,True
502914,2674,P01,MS-CLN-GEL150,1,22.0,6.6,22.0,15.4,False,4.8,4.8,True
502915,2675,P01,MS-CLN-GEL150,2,22.0,0.0,44.0,44.0,False,4.8,9.6,True
502916,2676,P03,MS-SER-VTC30,1,34.0,10.2,34.0,23.8,False,8.5,8.5,True
502917,2676,P07,MS-MOI-SPF50,1,32.0,9.6,32.0,22.4,False,7.8,7.8,True
502918,2676,P10,MS-MSK-CLY100,2,26.0,15.6,52.0,36.4,False,6.0,12.0,True
502919,2676,P13,MS-GIFT-SACHET,1,0.0,0.0,0.0,0.0,True,1.0,1.0,True
502920,2677,P05,MS-SER-NIA30,1,29.0,8.7,29.0,20.3,False,5.9,5.9,True
502921,2678,P05,MS-SER-NIA30,1,29.0,11.74,29.0,17.259999999999998,False,5.9,5.9,True
502922,2678,P04,MS-SER-HYA30,1,34.0,13.78,34.0,20.22,False,7.2,7.2,True
502923,2679,P09,MS-EYE-015,1,30.0,9.0,30.0,21.0,False,7.5,7.5,True
502924,2680,P10,MS-MSK-CLY100,2,26.0,7.8,52.0,44.2,False,6.0,12.0,True
502925,2681,P03,MS-SER-VTC30,1,34.0,10.2,34.0,23.8,False,8.5,8.5,True
502926,2681,P01,MS-CLN-GEL150,1,22.0,6.6,22.0,15.4,False,4.8,4.8,True
502927,2682,P12,MS-SET-RTN3,1,84.0,25.2,84.0,58.8,False,21.1,21.1,True
502928,2682,P03,MS-SER-VTC30,1,34.0,10.2,34.0,23.8,False,8.5,8.5,True
502929,2682,P13,MS-GIFT-SACHET,1,0.0,0.0,0.0,0.0,True,1.0,1.0,True
502930,2683,P04,MS-SER-HYA30,2,34.0,20.4,68.0,47.6,False,7.2,14.4,True
502931,2684,P11,MS-BDY-LOT400,1,28.0,8.4,28.0,19.6,False,8.5,8.5,True
502932,2685,P04,MS-SER-HYA30,1,34.0,10.2,34.0,23.8,False,7.2,7.2,True
502933,2685,P12,MS-SET-RTN3,1,84.0,25.2,84.0,58.8,False,21.1,21.1,True
502934,2686,P09,MS-EYE-015,1,30.0,9.0,30.0,21.0,False,7.5,7.5,True
502935,2687,P06,MS-TRT-RET50,1,44.0,6.6,44.0,37.4,False,10.5,10.5,True
502936,2687,P10,MS-MSK-CLY100,1,26.0,3.9,26.0,22.1,False,6.0,6.0,True
502937,2687,P03,MS-SER-VTC30,2,34.0,10.2,68.0,57.8,False,8.5,17.0,True
502938,2687,P13,MS-GIFT-SACHET,1,0.0,0.0,0.0,0.0,True,1.0,1.0,True
502939,2688,P02,MS-CLN-CRM150,1,24.0,7.2,24.0,16.8,False,5.4,5.4,True
502940,2689,P12,MS-SET-RTN3,1,84.0,25.2,84.0,58.8,False,21.1,21.1,False
502941,2689,P13,MS-GIFT-SACHET,1,0.0,0.0,0.0,0.0,True,1.0,1.0,False
502942,2690,P06,MS-TRT-RET50,1,44.0,13.2,44.0,30.8,False,10.5,10.5,True
502943,2691,P06,MS-TRT-RET50,1,44.0,0.0,44.0,44.0,False,10.5,10.5,True
502944,2691,P03,MS-SER-VTC30,1,34.0,0.0,34.0,34.0,False,8.5,8.5,True
502945,2691,P13,MS-GIFT-SACHET,1,0.0,0.0,0.0,0.0,True,1.0,1.0,True
502946,2692,P05,MS-SER-NIA30,1,29.0,0.0,29.0,29.0,False,5.9,5.9,True
502947,2692,P03,MS-SER-VTC30,2,34.0,0.0,68.0,68.0,False,8.5,17.0,True
502948,2692,P13,MS-GIFT-SACHET,1,0.0,0.0,0.0,0.0,True,1.0,1.0,True
502949,2693,P05,MS-SER-NIA30,1,29.0,8.7,29.0,20.3,False,5.9,5.9,True
502950,2694,P10,MS-MSK-CLY100,1,26.0,7.8,26.0,18.2,False,6.0,6.0,True
502951,2694,P04,MS-SER-HYA30,1,34.0,10.2,34.0,23.8,False,7.2,7.2,True
502952,2695,P12,MS-SET-RTN3,1,84.0,25.2,84.0,58.8,False,21.1,21.1,True
502953,2695,P13,MS-GIFT-SACHET,1,0.0,0.0,0.0,0.0,True,1.0,1.0,True
502954,2696,P02,MS-CLN-CRM150,1,24.0,0.0,24.0,24.0,False,5.4,5.4,True
502955,2697,P08,MS-MOI-BAR50,1,36.0,10.8,36.0,25.2,False,8.0,8.0,True
502956,2697,P12,MS-SET-RTN3,1,84.0,25.2,84.0,58.8,False,21.1,21.1,True
502957,2697,P03,MS-SER-VTC30,1,34.0,10.2,34.0,23.8,False,8.5,8.5,True
502958,2697,P13,MS-GIFT-SACHET,1,0.0,0.0,0.0,0.0,True,1.0,1.0,True
502959,2698,P01,MS-CLN-GEL150,1,22.0,6.6,22.0,15.4,False,4.8,4.8,True
502960,2698,P05,MS-SER-NIA30,1,29.0,8.7,29.0,20.3,False,5.9,5.9,True
502961,2698,P04,MS-SER-HYA30,2,34.0,20.4,68.0,47.6,False,7.2,14.4,True
502962,2698,P13,MS-GIFT-SACHET,1,0.0,0.0,0.0,0.0,True,1.0,1.0,True
502963,2699,P08,MS-MOI-BAR50,1,36.0,10.8,36.0,25.2,False,8.0,8.0,True
502964,2699,P01,MS-CLN-GEL150,1,22.0,6.6,22.0,15.4,False,4.8,4.8,True
502965,2699,P12,MS-SET-RTN3,1,84.0,25.2,84.0,58.8,False,21.1,21.1,True
502966,2699,P13,MS-GIFT-SACHET,1,0.0,0.0,0.0,0.0,True,1.0,1.0,True
502967,2700,P03,MS-SER-VTC30,1,34.0,10.2,34.0,23.8,False,8.5,8.5,True
502968,2701,P10,MS-MSK-CLY100,1,26.0,7.8,26.0,18.2,False,6.0,6.0,True
502969,2701,P07,MS-MOI-SPF50,2,32.0,19.2,64.0,44.8,False,7.8,15.6,True
502970,2701,P12,MS-SET-RTN3,1,84.0,25.2,84.0,58.8,False,21.1,21.1,True
502971,2701,P13,MS-GIFT-SACHET,1,0.0,0.0,0.0,0.0,True,1.0,1.0,True
502972,2702,P06,MS-TRT-RET50,1,44.0,13.2,44.0,30.8,False,10.5,10.5,True
502973,2702,P07,MS-MOI-SPF50,1,32.0,9.6,32.0,22.4,False,7.8,7.8,True
502974,2703,P01,MS-CLN-GEL150,1,22.0,8.91,22.0,13.09,False,4.8,4.8,True
502975,2704,P06,MS-TRT-RET50,1,44.0,13.2,44.0,30.8,False,10.5,10.5,True
502976,2705,P06,MS-TRT-RET50,1,44.0,13.2,44.0,30.8,False,10.5,10.5,True
502977,2706,P05,MS-SER-NIA30,1,29.0,8.7,29.0,20.3,False,5.9,5.9,True
502978,2706,P04,MS-SER-HYA30,1,34.0,10.2,34.0,23.8,False,7.2,7.2,True
502979,2707,P11,MS-BDY-LOT400,1,28.0,8.4,28.0,19.6,False,8.5,8.5,True
502980,2707,P01,MS-CLN-GEL150,1,22.0,6.6,22.0,15.4,False,4.8,4.8,True
502981,2708,P04,MS-SER-HYA30,1,34.0,10.2,34.0,23.8,False,7.2,7.2,True
502982,2708,P01,MS-CLN-GEL150,1,22.0,6.6,22.0,15.4,False,4.8,4.8,True
502983,2708,P08,MS-MOI-BAR50,1,36.0,10.8,36.0,25.2,False,8.0,8.0,True
502984,2708,P03,MS-SER-VTC30,1,34.0,10.2,34.0,23.8,False,8.5,8.5,True
502985,2708,P13,MS-GIFT-SACHET,1,0.0,0.0,0.0,0.0,True,1.0,1.0,True
502986,2709,P06,MS-TRT-RET50,2,44.0,0.0,88.0,88.0,False,10.5,21.0,True
502987,2709,P13,MS-GIFT-SACHET,1,0.0,0.0,0.0,0.0,True,1.0,1.0,True
502988,2710,P03,MS-SER-VTC30,1,34.0,10.2,34.0,23.8,False,8.5,8.5,True
502989,2710,P07,MS-MOI-SPF50,1,32.0,9.6,32.0,22.4,False,7.8,7.8,True
502990,2710,P10,MS-MSK-CLY100,1,26.0,7.8,26.0,18.2,False,6.0,6.0,True
502991,2710,P13,MS-GIFT-SACHET,1,0.0,0.0,0.0,0.0,True,1.0,1.0,True
502992,2711,P03,MS-SER-VTC30,1,34.0,10.2,34.0,23.8,False,8.5,8.5,True
502993,2711,P12,MS-SET-RTN3,1,84.0,25.2,84.0,58.8,False,21.1,21.1,True
502994,2711,P07,MS-MOI-SPF50,1,32.0,9.6,32.0,22.4,False,7.8,7.8,True
502995,2711,P11,MS-BDY-LOT400,1,28.0,8.4,28.0,19.6,False,8.5,8.5,True
502996,2711,P13,MS-GIFT-SACHET,1,0.0,0.0,0.0,0.0,True,1.0,1.0,True
502997,2712,P04,MS-SER-HYA30,1,34.0,10.2,34.0,23.8,False,7.2,7.2,True
502998,2712,P03,MS-SER-VTC30,1,34.0,10.2,34.0,23.8,False,8.5,8.5,True
502999,2712,P01,MS-CLN-GEL150,1,22.0,6.6,22.0,15.4,False,4.8,4.8,True
503000,2712,P12,MS-SET-RTN3,1,84.0,25.2,84.0,58.8,False,21.1,21.1,True
503001,2713,P11,MS-BDY-LOT400,1,28.0,8.4,28.0,19.6,False,8.5,8.5,True
503002,2714,P02,MS-CLN-CRM150,1,24.0,7.2,24.0,16.8,False,5.4,5.4,True
503003,2714,P07,MS-MOI-SPF50,2,32.0,19.2,64.0,44.8,False,7.8,15.6,True
503004,2714,P04,MS-SER-HYA30,1,34.0,10.2,34.0,23.8,False,7.2,7.2,True
503005,2715,P09,MS-EYE-015,2,30.0,18.0,60.0,42.0,False,7.5,15.0,True
503006,2715,P04,MS-SER-HYA30,2,34.0,20.4,68.0,47.6,False,7.2,14.4,True
503007,2715,P13,MS-GIFT-SACHET,1,0.0,0.0,0.0,0.0,True,1.0,1.0,True
503008,2716,P08,MS-MOI-BAR50,1,36.0,10.8,36.0,25.2,False,8.0,8.0,True
503009,2716,P05,MS-SER-NIA30,1,29.0,8.7,29.0,20.3,False,5.9,5.9,True
503010,2717,P07,MS-MOI-SPF50,1,32.0,9.6,32.0,22.4,False,7.8,7.8,True
503011,2718,P12,MS-SET-RTN3,1,84.0,25.2,84.0,58.8,False,21.1,21.1,True
503012,2718,P13,MS-GIFT-SACHET,1,0.0,0.0,0.0,0.0,True,1.0,1.0,True
503013,2719,P03,MS-SER-VTC30,1,34.0,10.2,34.0,23.8,False,8.5,8.5,True
503014,2719,P07,MS-MOI-SPF50,1,32.0,9.6,32.0,22.4,False,7.8,7.8,True
503015,2719,P10,MS-MSK-CLY100,1,26.0,7.8,26.0,18.2,False,6.0,6.0,True
503016,2720,P04,MS-SER-HYA30,1,34.0,10.2,34.0,23.8,False,7.2,7.2,True
503017,2721,P05,MS-SER-NIA30,1,29.0,8.7,29.0,20.3,False,5.9,5.9,True
503018,2721,P01,MS-CLN-GEL150,1,22.0,6.6,22.0,15.4,False,4.8,4.8,True
503019,2722,P12,MS-SET-RTN3,1,84.0,0.0,84.0,84.0,False,21.1,21.1,True
503020,2723,P11,MS-BDY-LOT400,1,28.0,8.4,28.0,19.6,False,8.5,8.5,True
503021,2724,P01,MS-CLN-GEL150,1,22.0,6.6,22.0,15.4,False,4.8,4.8,True
503022,2724,P08,MS-MOI-BAR50,1,36.0,10.8,36.0,25.2,False,8.0,8.0,True
503023,2724,P03,MS-SER-VTC30,1,34.0,10.2,34.0,23.8,False,8.5,8.5,True
503024,2724,P13,MS-GIFT-SACHET,1,0.0,0.0,0.0,0.0,True,1.0,1.0,True
503025,2725,P04,MS-SER-HYA30,1,34.0,10.2,34.0,23.8,False,7.2,7.2,True
503026,2725,P01,MS-CLN-GEL150,1,22.0,6.6,22.0,15.4,False,4.8,4.8,True
503027,2725,P03,MS-SER-VTC30,1,34.0,10.2,34.0,23.8,False,8.5,8.5,True
503028,2725,P13,MS-GIFT-SACHET,1,0.0,0.0,0.0,0.0,True,1.0,1.0,True
503029,2726,P06,MS-TRT-RET50,2,44.0,26.4,88.0,61.6,False,10.5,21.0,True
503030,2726,P12,MS-SET-RTN3,1,84.0,25.2,84.0,58.8,False,21.1,21.1,True
503031,2726,P13,MS-GIFT-SACHET,1,0.0,0.0,0.0,0.0,True,1.0,1.0,True
503032,2727,P03,MS-SER-VTC30,1,34.0,10.2,34.0,23.8,False,8.5,8.5,True
503033,2728,P01,MS-CLN-GEL150,2,22.0,13.2,44.0,30.8,False,4.8,9.6,True
503034,2728,P06,MS-TRT-RET50,1,44.0,13.2,44.0,30.8,False,10.5,10.5,True
503035,2728,P13,MS-GIFT-SACHET,1,0.0,0.0,0.0,0.0,True,1.0,1.0,True
503036,2729,P01,MS-CLN-GEL150,1,22.0,3.3,22.0,18.7,False,4.8,4.8,True
503037,2730,P04,MS-SER-HYA30,1,34.0,10.2,34.0,23.8,False,7.2,7.2,True
503038,2731,P07,MS-MOI-SPF50,1,32.0,9.6,32.0,22.4,False,7.8,7.8,True
503039,2731,P06,MS-TRT-RET50,2,44.0,26.4,88.0,61.6,False,10.5,21.0,True
503040,2731,P04,MS-SER-HYA30,1,34.0,10.2,34.0,23.8,False,7.2,7.2,True
503041,2732,P10,MS-MSK-CLY100,1,26.0,10.53,26.0,15.47,False,6.0,6.0,True
503042,2733,P05,MS-SER-NIA30,1,29.0,8.7,29.0,20.3,False,5.9,5.9,True
503043,2734,P07,MS-MOI-SPF50,1,32.0,9.6,32.0,22.4,False,7.8,7.8,True
503044,2734,P06,MS-TRT-RET50,2,44.0,26.4,88.0,61.6,False,10.5,21.0,True
503045,2734,P04,MS-SER-HYA30,1,34.0,10.2,34.0,23.8,False,7.2,7.2,True
503046,2734,P03,MS-SER-VTC30,1,34.0,10.2,34.0,23.8,False,8.5,8.5,True
503047,2734,P13,MS-GIFT-SACHET,1,0.0,0.0,0.0,0.0,True,1.0,1.0,True
503048,2735,P06,MS-TRT-RET50,2,44.0,26.4,88.0,61.6,False,10.5,21.0,True
503049,2735,P13,MS-GIFT-SACHET,1,0.0,0.0,0.0,0.0,True,1.0,1.0,True
503050,2736,P09,MS-EYE-015,1,30.0,9.0,30.0,21.0,False,7.5,7.5,True
503051,2737,P04,MS-SER-HYA30,1,34.0,10.2,34.0,23.8,False,7.2,7.2,True
503052,2738,P07,MS-MOI-SPF50,1,32.0,9.6,32.0,22.4,False,7.8,7.8,True
503053,2739,P05,MS-SER-NIA30,1,29.0,8.7,29.0,20.3,False,5.9,5.9,True
503054,2740,P08,MS-MOI-BAR50,1,36.0,10.8,36.0,25.2,False,8.0,8.0,True
503055,2740,P04,MS-SER-HYA30,1,34.0,10.2,34.0,23.8,False,7.2,7.2,True
503056,2740,P05,MS-SER-NIA30,1,29.0,8.7,29.0,20.3,False,5.9,5.9,True
503057,2740,P13,MS-GIFT-SACHET,1,0.0,0.0,0.0,0.0,True,1.0,1.0,True
503058,2741,P03,MS-SER-VTC30,1,34.0,10.2,34.0,23.8,False,8.5,8.5,True
503059,2741,P06,MS-TRT-RET50,1,44.0,13.2,44.0,30.8,False,10.5,10.5,True
503060,2741,P13,MS-GIFT-SACHET,1,0.0,0.0,0.0,0.0,True,1.0,1.0,True
503061,2742,P12,MS-SET-RTN3,1,84.0,25.2,84.0,58.8,False,21.1,21.1,True
503062,2742,P06,MS-TRT-RET50,1,44.0,13.2,44.0,30.8,False,10.5,10.5,True
503063,2742,P13,MS-GIFT-SACHET,1,0.0,0.0,0.0,0.0,True,1.0,1.0,True
503064,2743,P12,MS-SET-RTN3,1,84.0,34.02,84.0,49.98,False,21.1,21.1,False
503065,2743,P05,MS-SER-NIA30,1,29.0,11.74,29.0,17.259999999999998,False,5.9,5.9,False
503066,2743,P13,MS-GIFT-SACHET,1,0.0,0.0,0.0,0.0,True,1.0,1.0,False
503067,2744,P08,MS-MOI-BAR50,1,36.0,10.8,36.0,25.2,False,8.0,8.0,True
503068,2745,P12,MS-SET-RTN3,1,84.0,25.2,84.0,58.8,False,21.1,21.1,True
503069,2745,P13,MS-GIFT-SACHET,1,0.0,0.0,0.0,0.0,True,1.0,1.0,True
503070,2746,P08,MS-MOI-BAR50,1,36.0,5.4,36.0,30.6,False,8.0,8.0,True
503071,2746,P07,MS-MOI-SPF50,1,32.0,4.8,32.0,27.2,False,7.8,7.8,True
503072,2747,P01,MS-CLN-GEL150,1,22.0,6.6,22.0,15.4,False,4.8,4.8,True
503073,2747,P03,MS-SER-VTC30,1,34.0,10.2,34.0,23.8,False,8.5,8.5,True
503074,2747,P06,MS-TRT-RET50,1,44.0,13.2,44.0,30.8,False,10.5,10.5,True
503075,2747,P13,MS-GIFT-SACHET,1,0.0,0.0,0.0,0.0,True,1.0,1.0,True
503076,2748,P04,MS-SER-HYA30,1,34.0,10.2,34.0,23.8,False,7.2,7.2,True
503077,2749,P12,MS-SET-RTN3,1,84.0,25.2,84.0,58.8,False,21.1,21.1,True
503078,2749,P13,MS-GIFT-SACHET,1,0.0,0.0,0.0,0.0,True,1.0,1.0,True
503079,2750,P05,MS-SER-NIA30,1,29.0,0.0,29.0,29.0,False,5.9,5.9,True
503080,2750,P01,MS-CLN-GEL150,1,22.0,0.0,22.0,22.0,False,4.8,4.8,True
503081,2750,P04,MS-SER-HYA30,1,34.0,0.0,34.0,34.0,False,7.2,7.2,True
503082,2750,P09,MS-EYE-015,1,30.0,0.0,30.0,30.0,False,7.5,7.5,True
503083,2750,P13,MS-GIFT-SACHET,1,0.0,0.0,0.0,0.0,True,1.0,1.0,True
503084,2751,P04,MS-SER-HYA30,1,34.0,10.2,34.0,23.8,False,7.2,7.2,True
503085,2752,P07,MS-MOI-SPF50,1,32.0,9.6,32.0,22.4,False,7.8,7.8,True
503086,2753,P12,MS-SET-RTN3,1,84.0,25.2,84.0,58.8,False,21.1,21.1,True
503087,2753,P06,MS-TRT-RET50,1,44.0,13.2,44.0,30.8,False,10.5,10.5,True
503088,2753,P03,MS-SER-VTC30,1,34.0,10.2,34.0,23.8,False,8.5,8.5,True
503089,2754,P08,MS-MOI-BAR50,1,36.0,10.8,36.0,25.2,False,8.0,8.0,True
503090,2754,P01,MS-CLN-GEL150,1,22.0,6.6,22.0,15.4,False,4.8,4.8,True
503091,2755,P05,MS-SER-NIA30,1,29.0,8.7,29.0,20.3,False,5.9,5.9,True
503092,2756,P07,MS-MOI-SPF50,1,32.0,9.6,32.0,22.4,False,7.8,7.8,True
503093,2756,P05,MS-SER-NIA30,1,29.0,8.7,29.0,20.3,False,5.9,5.9,True
503094,2757,P12,MS-SET-RTN3,1,84.0,0.0,84.0,84.0,False,21.1,21.1,True
503095,2757,P13,MS-GIFT-SACHET,1,0.0,0.0,0.0,0.0,True,1.0,1.0,True
503096,2758,P07,MS-MOI-SPF50,1,32.0,9.6,32.0,22.4,False,7.8,7.8,True
503097,2758,P02,MS-CLN-CRM150,1,24.0,7.2,24.0,16.8,False,5.4,5.4,True
503098,2758,P05,MS-SER-NIA30,1,29.0,8.7,29.0,20.3,False,5.9,5.9,True
503099,2758,P06,MS-TRT-RET50,1,44.0,13.2,44.0,30.8,False,10.5,10.5,True
503100,2758,P13,MS-GIFT-SACHET,1,0.0,0.0,0.0,0.0,True,1.0,1.0,True
503101,2759,P08,MS-MOI-BAR50,1,36.0,10.8,36.0,25.2,False,8.0,8.0,True
503102,2759,P01,MS-CLN-GEL150,1,22.0,6.6,22.0,15.4,False,4.8,4.8,True
503103,2759,P10,MS-MSK-CLY100,1,26.0,7.8,26.0,18.2,False,6.0,6.0,True
503104,2759,P13,MS-GIFT-SACHET,1,0.0,0.0,0.0,0.0,True,1.0,1.0,True
503105,2760,P03,MS-SER-VTC30,1,34.0,10.2,34.0,23.8,False,8.5,8.5,True
503106,2760,P07,MS-MOI-SPF50,2,32.0,19.2,64.0,44.8,False,7.8,15.6,True
503107,2760,P01,MS-CLN-GEL150,1,22.0,6.6,22.0,15.4,False,4.8,4.8,True
503108,2760,P13,MS-GIFT-SACHET,1,0.0,0.0,0.0,0.0,True,1.0,1.0,True
503109,2761,P12,MS-SET-RTN3,1,84.0,25.2,84.0,58.8,False,21.1,21.1,True
503110,2761,P13,MS-GIFT-SACHET,1,0.0,0.0,0.0,0.0,True,1.0,1.0,True
503111,2762,P06,MS-TRT-RET50,1,44.0,13.2,44.0,30.8,False,10.5,10.5,True
503112,2762,P04,MS-SER-HYA30,1,34.0,10.2,34.0,23.8,False,7.2,7.2,True
503113,2762,P13,MS-GIFT-SACHET,1,0.0,0.0,0.0,0.0,True,1.0,1.0,True
503114,2763,P12,MS-SET-RTN3,1,84.0,34.02,84.0,49.98,False,21.1,21.1,True
503115,2763,P03,MS-SER-VTC30,1,34.0,13.77,34.0,20.23,False,8.5,8.5,True
503116,2764,P05,MS-SER-NIA30,1,29.0,8.7,29.0,20.3,False,5.9,5.9,True
503117,2764,P08,MS-MOI-BAR50,1,36.0,10.8,36.0,25.2,False,8.0,8.0,True
503118,2764,P03,MS-SER-VTC30,1,34.0,10.2,34.0,23.8,False,8.5,8.5,True
503119,2764,P13,MS-GIFT-SACHET,1,0.0,0.0,0.0,0.0,True,1.0,1.0,True
503120,2765,P05,MS-SER-NIA30,1,29.0,8.7,29.0,20.3,False,5.9,5.9,True
503121,2765,P03,MS-SER-VTC30,1,34.0,10.2,34.0,23.8,False,8.5,8.5,True
503122,2766,P04,MS-SER-HYA30,1,34.0,0.0,34.0,34.0,False,7.2,7.2,True
503123,2766,P06,MS-TRT-RET50,1,44.0,0.0,44.0,44.0,False,10.5,10.5,True
503124,2767,P10,MS-MSK-CLY100,1,26.0,10.53,26.0,15.47,False,6.0,6.0,True
503125,2767,P05,MS-SER-NIA30,1,29.0,11.75,29.0,17.25,False,5.9,5.9,True
503126,2768,P01,MS-CLN-GEL150,1,22.0,6.6,22.0,15.4,False,4.8,4.8,True
503127,2768,P03,MS-SER-VTC30,2,34.0,20.4,68.0,47.6,False,8.5,17.0,True
503128,2768,P13,MS-GIFT-SACHET,1,0.0,0.0,0.0,0.0,True,1.0,1.0,True
503129,2769,P02,MS-CLN-CRM150,1,24.0,7.2,24.0,16.8,False,5.4,5.4,True
503130,2769,P06,MS-TRT-RET50,1,44.0,13.2,44.0,30.8,False,10.5,10.5,True
503131,2770,P07,MS-MOI-SPF50,1,32.0,12.96,32.0,19.04,False,7.8,7.8,True
503132,2770,P12,MS-SET-RTN3,1,84.0,34.02,84.0,49.98,False,21.1,21.1,True
503133,2770,P03,MS-SER-VTC30,1,34.0,13.77,34.0,20.23,False,8.5,8.5,True
503134,2770,P01,MS-CLN-GEL150,1,22.0,8.91,22.0,13.09,False,4.8,4.8,True
503135,2770,P13,MS-GIFT-SACHET,1,0.0,0.0,0.0,0.0,True,1.0,1.0,True
503136,2771,P05,MS-SER-NIA30,1,29.0,8.7,29.0,20.3,False,5.9,5.9,True
503137,2771,P01,MS-CLN-GEL150,2,22.0,13.2,44.0,30.8,False,4.8,9.6,True
503138,2772,P08,MS-MOI-BAR50,1,36.0,10.8,36.0,25.2,False,8.0,8.0,True
503139,2773,P02,MS-CLN-CRM150,1,24.0,7.2,24.0,16.8,False,5.4,5.4,True
503140,2774,P03,MS-SER-VTC30,1,34.0,10.2,34.0,23.8,False,8.5,8.5,True
503141,2775,P05,MS-SER-NIA30,1,29.0,8.7,29.0,20.3,False,5.9,5.9,True
503142,2775,P10,MS-MSK-CLY100,1,26.0,7.8,26.0,18.2,False,6.0,6.0,True
503143,2776,P01,MS-CLN-GEL150,2,22.0,17.82,44.0,26.18,False,4.8,9.6,True
503144,2777,P03,MS-SER-VTC30,1,34.0,10.2,34.0,23.8,False,8.5,8.5,True
503145,2777,P04,MS-SER-HYA30,1,34.0,10.2,34.0,23.8,False,7.2,7.2,True
503146,2778,P09,MS-EYE-015,1,30.0,9.0,30.0,21.0,False,7.5,7.5,True
503147,2778,P03,MS-SER-VTC30,1,34.0,10.2,34.0,23.8,False,8.5,8.5,True
503148,2779,P04,MS-SER-HYA30,1,34.0,10.2,34.0,23.8,False,7.2,7.2,True
503149,2779,P12,MS-SET-RTN3,1,84.0,25.2,84.0,58.8,False,21.1,21.1,True
503150,2779,P01,MS-CLN-GEL150,2,22.0,13.2,44.0,30.8,False,4.8,9.6,True
503151,2779,P13,MS-GIFT-SACHET,1,0.0,0.0,0.0,0.0,True,1.0,1.0,True
503152,2780,P05,MS-SER-NIA30,1,29.0,8.7,29.0,20.3,False,5.9,5.9,True
503153,2781,P12,MS-SET-RTN3,1,84.0,25.2,84.0,58.8,False,21.1,21.1,True
503154,2781,P13,MS-GIFT-SACHET,1,0.0,0.0,0.0,0.0,True,1.0,1.0,True
503155,2782,P06,MS-TRT-RET50,1,44.0,13.2,44.0,30.8,False,10.5,10.5,True
503156,2783,P08,MS-MOI-BAR50,1,36.0,10.8,36.0,25.2,False,8.0,8.0,True
503157,2783,P03,MS-SER-VTC30,1,34.0,10.2,34.0,23.8,False,8.5,8.5,True
503158,2783,P02,MS-CLN-CRM150,1,24.0,7.2,24.0,16.8,False,5.4,5.4,True
503159,2783,P13,MS-GIFT-SACHET,1,0.0,0.0,0.0,0.0,True,1.0,1.0,True
503160,2784,P02,MS-CLN-CRM150,1,24.0,7.2,24.0,16.8,False,5.4,5.4,True
503161,2785,P10,MS-MSK-CLY100,1,26.0,7.8,26.0,18.2,False,6.0,6.0,True
503162,2786,P07,MS-MOI-SPF50,1,32.0,9.6,32.0,22.4,False,7.8,7.8,True
503163,2786,P09,MS-EYE-015,1,30.0,9.0,30.0,21.0,False,7.5,7.5,True
503164,2787,P01,MS-CLN-GEL150,1,22.0,3.3,22.0,18.7,False,4.8,4.8,True
503165,2787,P06,MS-TRT-RET50,1,44.0,6.6,44.0,37.4,False,10.5,10.5,True
503166,2787,P05,MS-SER-NIA30,1,29.0,4.35,29.0,24.65,False,5.9,5.9,True
503167,2787,P08,MS-MOI-BAR50,1,36.0,5.4,36.0,30.6,False,8.0,8.0,True
503168,2787,P13,MS-GIFT-SACHET,1,0.0,0.0,0.0,0.0,True,1.0,1.0,True
503169,2788,P04,MS-SER-HYA30,1,34.0,10.2,34.0,23.8,False,7.2,7.2,True
503170,2788,P03,MS-SER-VTC30,1,34.0,10.2,34.0,23.8,False,8.5,8.5,True
503171,2789,P03,MS-SER-VTC30,1,34.0,10.2,34.0,23.8,False,8.5,8.5,True
503172,2789,P12,MS-SET-RTN3,1,84.0,25.2,84.0,58.8,False,21.1,21.1,True
503173,2789,P13,MS-GIFT-SACHET,1,0.0,0.0,0.0,0.0,True,1.0,1.0,True
503174,2790,P11,MS-BDY-LOT400,2,28.0,16.8,56.0,39.2,False,8.5,17.0,True
503175,2790,P10,MS-MSK-CLY100,1,26.0,7.8,26.0,18.2,False,6.0,6.0,True
503176,2790,P07,MS-MOI-SPF50,1,32.0,9.6,32.0,22.4,False,7.8,7.8,True
503177,2790,P13,MS-GIFT-SACHET,1,0.0,0.0,0.0,0.0,True,1.0,1.0,True
503178,2791,P09,MS-EYE-015,1,30.0,0.0,30.0,30.0,False,7.5,7.5,True
503179,2792,P05,MS-SER-NIA30,2,29.0,8.7,58.0,49.3,False,5.9,11.8,True
503180,2793,P10,MS-MSK-CLY100,1,26.0,7.8,26.0,18.2,False,6.0,6.0,True
503181,2794,P03,MS-SER-VTC30,1,34.0,5.1,34.0,28.9,False,8.5,8.5,True
503182,2795,P04,MS-SER-HYA30,1,34.0,10.2,34.0,23.8,False,7.2,7.2,True
503183,2795,P11,MS-BDY-LOT400,1,28.0,8.4,28.0,19.6,False,8.5,8.5,True
503184,2796,P01,MS-CLN-GEL150,1,22.0,6.6,22.0,15.4,False,4.8,4.8,True
503185,2796,P05,MS-SER-NIA30,1,29.0,8.7,29.0,20.3,False,5.9,5.9,True
503186,2797,P06,MS-TRT-RET50,1,44.0,13.2,44.0,30.8,False,10.5,10.5,True
503187,2797,P12,MS-SET-RTN3,1,84.0,25.2,84.0,58.8,False,21.1,21.1,True
503188,2797,P07,MS-MOI-SPF50,1,32.0,9.6,32.0,22.4,False,7.8,7.8,True
503189,2797,P13,MS-GIFT-SACHET,1,0.0,0.0,0.0,0.0,True,1.0,1.0,True
503190,2798,P03,MS-SER-VTC30,1,34.0,10.2,34.0,23.8,False,8.5,8.5,True
503191,2799,P10,MS-MSK-CLY100,1,26.0,7.8,26.0,18.2,False,6.0,6.0,True
503192,2799,P03,MS-SER-VTC30,1,34.0,10.2,34.0,23.8,False,8.5,8.5,True
503193,2800,P10,MS-MSK-CLY100,1,26.0,7.8,26.0,18.2,False,6.0,6.0,True
503194,2800,P03,MS-SER-VTC30,1,34.0,10.2,34.0,23.8,False,8.5,8.5,True
503195,2800,P12,MS-SET-RTN3,1,84.0,25.2,84.0,58.8,False,21.1,21.1,True
503196,2800,P05,MS-SER-NIA30,1,29.0,8.7,29.0,20.3,False,5.9,5.9,True
503197,2801,P07,MS-MOI-SPF50,2,32.0,19.2,64.0,44.8,False,7.8,15.6,True
503198,2802,P08,MS-MOI-BAR50,1,36.0,10.8,36.0,25.2,False,8.0,8.0,True
503199,2803,P07,MS-MOI-SPF50,2,32.0,19.2,64.0,44.8,False,7.8,15.6,True
503200,2803,P01,MS-CLN-GEL150,1,22.0,6.6,22.0,15.4,False,4.8,4.8,True
503201,2803,P13,MS-GIFT-SACHET,1,0.0,0.0,0.0,0.0,True,1.0,1.0,True
503202,2804,P11,MS-BDY-LOT400,1,28.0,8.4,28.0,19.6,False,8.5,8.5,True
503203,2804,P06,MS-TRT-RET50,1,44.0,13.2,44.0,30.8,False,10.5,10.5,True
503204,2805,P03,MS-SER-VTC30,1,34.0,10.2,34.0,23.8,False,8.5,8.5,True
503205,2805,P06,MS-TRT-RET50,1,44.0,13.2,44.0,30.8,False,10.5,10.5,True
503206,2805,P10,MS-MSK-CLY100,1,26.0,7.8,26.0,18.2,False,6.0,6.0,True
503207,2805,P13,MS-GIFT-SACHET,1,0.0,0.0,0.0,0.0,True,1.0,1.0,True
503208,2806,P12,MS-SET-RTN3,1,84.0,25.2,84.0,58.8,False,21.1,21.1,True
503209,2806,P05,MS-SER-NIA30,1,29.0,8.7,29.0,20.3,False,5.9,5.9,True
503210,2806,P13,MS-GIFT-SACHET,1,0.0,0.0,0.0,0.0,True,1.0,1.0,True
503211,2807,P04,MS-SER-HYA30,1,34.0,10.2,34.0,23.8,False,7.2,7.2,True
503212,2807,P05,MS-SER-NIA30,1,29.0,8.7,29.0,20.3,False,5.9,5.9,True
503213,2808,P03,MS-SER-VTC30,1,34.0,10.2,34.0,23.8,False,8.5,8.5,True
503214,2809,P04,MS-SER-HYA30,2,34.0,20.4,68.0,47.6,False,7.2,14.4,True
503215,2810,P01,MS-CLN-GEL150,1,22.0,6.6,22.0,15.4,False,4.8,4.8,True
503216,2810,P12,MS-SET-RTN3,1,84.0,25.2,84.0,58.8,False,21.1,21.1,True
503217,2810,P13,MS-GIFT-SACHET,1,0.0,0.0,0.0,0.0,True,1.0,1.0,True
503218,2811,P01,MS-CLN-GEL150,1,22.0,6.6,22.0,15.4,False,4.8,4.8,True
503219,2811,P03,MS-SER-VTC30,1,34.0,10.2,34.0,23.8,False,8.5,8.5,True
503220,2812,P03,MS-SER-VTC30,1,34.0,10.2,34.0,23.8,False,8.5,8.5,True
503221,2813,P10,MS-MSK-CLY100,1,26.0,0.0,26.0,26.0,False,6.0,6.0,True
503222,2813,P08,MS-MOI-BAR50,1,36.0,0.0,36.0,36.0,False,8.0,8.0,True
503223,2814,P10,MS-MSK-CLY100,1,26.0,7.8,26.0,18.2,False,6.0,6.0,True
503224,2814,P08,MS-MOI-BAR50,2,36.0,21.6,72.0,50.4,False,8.0,16.0,True
503225,2814,P13,MS-GIFT-SACHET,1,0.0,0.0,0.0,0.0,True,1.0,1.0,True
503226,2815,P03,MS-SER-VTC30,1,34.0,10.2,34.0,23.8,False,8.5,8.5,True
503227,2815,P10,MS-MSK-CLY100,1,26.0,7.8,26.0,18.2,False,6.0,6.0,True
503228,2816,P12,MS-SET-RTN3,1,84.0,25.2,84.0,58.8,False,21.1,21.1,True
503229,2816,P10,MS-MSK-CLY100,1,26.0,7.8,26.0,18.2,False,6.0,6.0,True
503230,2816,P13,MS-GIFT-SACHET,1,0.0,0.0,0.0,0.0,True,1.0,1.0,True
503231,2817,P01,MS-CLN-GEL150,1,22.0,6.6,22.0,15.4,False,4.8,4.8,True
503232,2818,P06,MS-TRT-RET50,1,44.0,13.2,44.0,30.8,False,10.5,10.5,True
503233,2819,P05,MS-SER-NIA30,1,29.0,8.7,29.0,20.3,False,5.9,5.9,True
503234,2819,P03,MS-SER-VTC30,1,34.0,10.2,34.0,23.8,False,8.5,8.5,True
503235,2820,P02,MS-CLN-CRM150,1,24.0,7.2,24.0,16.8,False,5.4,5.4,True
503236,2820,P08,MS-MOI-BAR50,1,36.0,10.8,36.0,25.2,False,8.0,8.0,True
503237,2821,P10,MS-MSK-CLY100,1,26.0,7.8,26.0,18.2,False,6.0,6.0,True
503238,2821,P06,MS-TRT-RET50,2,44.0,26.4,88.0,61.6,False,10.5,21.0,True
503239,2821,P13,MS-GIFT-SACHET,1,0.0,0.0,0.0,0.0,True,1.0,1.0,True
503240,2822,P04,MS-SER-HYA30,1,34.0,10.2,34.0,23.8,False,7.2,7.2,True
503241,2822,P06,MS-TRT-RET50,1,44.0,13.2,44.0,30.8,False,10.5,10.5,True
503242,2822,P07,MS-MOI-SPF50,1,32.0,9.6,32.0,22.4,False,7.8,7.8,True
503243,2822,P13,MS-GIFT-SACHET,1,0.0,0.0,0.0,0.0,True,1.0,1.0,True
503244,2823,P01,MS-CLN-GEL150,1,22.0,6.6,22.0,15.4,False,4.8,4.8,True
503245,2823,P03,MS-SER-VTC30,1,34.0,10.2,34.0,23.8,False,8.5,8.5,True
503246,2823,P10,MS-MSK-CLY100,1,26.0,7.8,26.0,18.2,False,6.0,6.0,True
503247,2824,P01,MS-CLN-GEL150,1,22.0,6.6,22.0,15.4,False,4.8,4.8,True
503248,2824,P07,MS-MOI-SPF50,2,32.0,19.2,64.0,44.8,False,7.8,15.6,True
503249,2824,P13,MS-GIFT-SACHET,1,0.0,0.0,0.0,0.0,True,1.0,1.0,True
503250,2825,P06,MS-TRT-RET50,1,44.0,13.2,44.0,30.8,False,10.5,10.5,True
503251,2825,P01,MS-CLN-GEL150,1,22.0,6.6,22.0,15.4,False,4.8,4.8,True
503252,2826,P12,MS-SET-RTN3,1,84.0,25.2,84.0,58.8,False,21.1,21.1,True
503253,2826,P06,MS-TRT-RET50,1,44.0,13.2,44.0,30.8,False,10.5,10.5,True
503254,2826,P13,MS-GIFT-SACHET,1,0.0,0.0,0.0,0.0,True,1.0,1.0,True
503255,2827,P04,MS-SER-HYA30,1,34.0,10.2,34.0,23.8,False,7.2,7.2,True
503256,2827,P03,MS-SER-VTC30,2,34.0,20.4,68.0,47.6,False,8.5,17.0,True
503257,2828,P12,MS-SET-RTN3,1,84.0,25.2,84.0,58.8,False,21.1,21.1,True
503258,2828,P07,MS-MOI-SPF50,1,32.0,9.6,32.0,22.4,False,7.8,7.8,True
503259,2829,P01,MS-CLN-GEL150,1,22.0,0.0,22.0,22.0,False,4.8,4.8,True
503260,2829,P06,MS-TRT-RET50,1,44.0,0.0,44.0,44.0,False,10.5,10.5,True
503261,2830,P02,MS-CLN-CRM150,1,24.0,7.2,24.0,16.8,False,5.4,5.4,True
503262,2831,P07,MS-MOI-SPF50,1,32.0,9.6,32.0,22.4,False,7.8,7.8,True
503263,2832,P03,MS-SER-VTC30,1,34.0,10.2,34.0,23.8,False,8.5,8.5,True
503264,2833,P12,MS-SET-RTN3,1,84.0,0.0,84.0,84.0,False,21.1,21.1,True
503265,2833,P05,MS-SER-NIA30,1,29.0,0.0,29.0,29.0,False,5.9,5.9,True
503266,2833,P13,MS-GIFT-SACHET,1,0.0,0.0,0.0,0.0,True,1.0,1.0,True
503267,2834,P04,MS-SER-HYA30,1,34.0,10.2,34.0,23.8,False,7.2,7.2,True
503268,2835,P05,MS-SER-NIA30,1,29.0,8.7,29.0,20.3,False,5.9,5.9,True
503269,2835,P11,MS-BDY-LOT400,1,28.0,8.4,28.0,19.6,False,8.5,8.5,True
503270,2835,P06,MS-TRT-RET50,1,44.0,13.2,44.0,30.8,False,10.5,10.5,True
503271,2836,P10,MS-MSK-CLY100,1,26.0,7.8,26.0,18.2,False,6.0,6.0,True
503272,2837,P06,MS-TRT-RET50,1,44.0,13.2,44.0,30.8,False,10.5,10.5,True
503273,2837,P08,MS-MOI-BAR50,1,36.0,10.8,36.0,25.2,False,8.0,8.0,True
503274,2837,P03,MS-SER-VTC30,1,34.0,10.2,34.0,23.8,False,8.5,8.5,True
503275,2837,P13,MS-GIFT-SACHET,1,0.0,0.0,0.0,0.0,True,1.0,1.0,True
503276,2838,P05,MS-SER-NIA30,1,29.0,11.74,29.0,17.259999999999998,False,5.9,5.9,True
503277,2839,P05,MS-SER-NIA30,1,29.0,8.7,29.0,20.3,False,5.9,5.9,True
503278,2840,P03,MS-SER-VTC30,1,34.0,13.77,34.0,20.23,False,8.5,8.5,True
503279,2840,P11,MS-BDY-LOT400,1,28.0,11.34,28.0,16.66,False,8.5,8.5,True
503280,2840,P01,MS-CLN-GEL150,2,22.0,17.830000000000002,44.0,26.169999999999998,False,4.8,9.6,True
503281,2840,P05,MS-SER-NIA30,1,29.0,11.74,29.0,17.259999999999998,False,5.9,5.9,True
503282,2840,P13,MS-GIFT-SACHET,1,0.0,0.0,0.0,0.0,True,1.0,1.0,True
503283,2841,P07,MS-MOI-SPF50,1,32.0,9.6,32.0,22.4,False,7.8,7.8,True
503284,2842,P07,MS-MOI-SPF50,1,32.0,9.6,32.0,22.4,False,7.8,7.8,True
503285,2842,P03,MS-SER-VTC30,1,34.0,10.2,34.0,23.8,False,8.5,8.5,True
503286,2842,P12,MS-SET-RTN3,1,84.0,25.2,84.0,58.8,False,21.1,21.1,True
503287,2843,P07,MS-MOI-SPF50,1,32.0,0.0,32.0,32.0,False,7.8,7.8,True
503288,2844,P05,MS-SER-NIA30,1,29.0,8.7,29.0,20.3,False,5.9,5.9,True
503289,2844,P03,MS-SER-VTC30,1,34.0,10.2,34.0,23.8,False,8.5,8.5,True
503290,2845,P03,MS-SER-VTC30,1,34.0,10.2,34.0,23.8,False,8.5,8.5,True
503291,2846,P12,MS-SET-RTN3,1,84.0,25.2,84.0,58.8,False,21.1,21.1,True
503292,2846,P13,MS-GIFT-SACHET,1,0.0,0.0,0.0,0.0,True,1.0,1.0,True
503293,2847,P04,MS-SER-HYA30,1,34.0,10.2,34.0,23.8,False,7.2,7.2,True
503294,2847,P06,MS-TRT-RET50,1,44.0,13.2,44.0,30.8,False,10.5,10.5,True
503295,2847,P13,MS-GIFT-SACHET,1,0.0,0.0,0.0,0.0,True,1.0,1.0,True
503296,2848,P07,MS-MOI-SPF50,1,32.0,9.6,32.0,22.4,False,7.8,7.8,True
503297,2849,P04,MS-SER-HYA30,1,34.0,10.2,34.0,23.8,False,7.2,7.2,True
503298,2849,P03,MS-SER-VTC30,1,34.0,10.2,34.0,23.8,False,8.5,8.5,True
503299,2849,P08,MS-MOI-BAR50,1,36.0,10.8,36.0,25.2,False,8.0,8.0,True
503300,2849,P13,MS-GIFT-SACHET,1,0.0,0.0,0.0,0.0,True,1.0,1.0,True
503301,2850,P01,MS-CLN-GEL150,1,22.0,6.6,22.0,15.4,False,4.8,4.8,True
503302,2850,P09,MS-EYE-015,1,30.0,9.0,30.0,21.0,False,7.5,7.5,True
503303,2851,P05,MS-SER-NIA30,1,29.0,8.7,29.0,20.3,False,5.9,5.9,True
503304,2852,P05,MS-SER-NIA30,1,29.0,8.7,29.0,20.3,False,5.9,5.9,True
503305,2852,P03,MS-SER-VTC30,1,34.0,10.2,34.0,23.8,False,8.5,8.5,True
503306,2853,P04,MS-SER-HYA30,1,34.0,10.2,34.0,23.8,False,7.2,7.2,True
503307,2853,P10,MS-MSK-CLY100,1,26.0,7.8,26.0,18.2,False,6.0,6.0,True
503308,2854,P12,MS-SET-RTN3,1,84.0,25.2,84.0,58.8,False,21.1,21.1,True
503309,2854,P07,MS-MOI-SPF50,1,32.0,9.6,32.0,22.4,False,7.8,7.8,True
503310,2854,P06,MS-TRT-RET50,1,44.0,13.2,44.0,30.8,False,10.5,10.5,True
503311,2855,P06,MS-TRT-RET50,1,44.0,13.2,44.0,30.8,False,10.5,10.5,True
503312,2855,P10,MS-MSK-CLY100,1,26.0,7.8,26.0,18.2,False,6.0,6.0,True
503313,2855,P05,MS-SER-NIA30,1,29.0,8.7,29.0,20.3,False,5.9,5.9,True
503314,2855,P01,MS-CLN-GEL150,2,22.0,13.2,44.0,30.8,False,4.8,9.6,True
503315,2855,P13,MS-GIFT-SACHET,1,0.0,0.0,0.0,0.0,True,1.0,1.0,True
503316,2856,P01,MS-CLN-GEL150,2,22.0,13.2,44.0,30.8,False,4.8,9.6,True
503317,2856,P10,MS-MSK-CLY100,1,26.0,7.8,26.0,18.2,False,6.0,6.0,True
503318,2857,P12,MS-SET-RTN3,1,84.0,34.02,84.0,49.98,False,21.1,21.1,True
503319,2857,P01,MS-CLN-GEL150,1,22.0,8.91,22.0,13.09,False,4.8,4.8,True
503320,2857,P07,MS-MOI-SPF50,1,32.0,12.96,32.0,19.04,False,7.8,7.8,True
503321,2858,P01,MS-CLN-GEL150,1,22.0,6.6,22.0,15.4,False,4.8,4.8,True
503322,2859,P05,MS-SER-NIA30,1,29.0,11.74,29.0,17.259999999999998,False,5.9,5.9,True
503323,2860,P12,MS-SET-RTN3,1,84.0,25.2,84.0,58.8,False,21.1,21.1,True
503324,2860,P04,MS-SER-HYA30,1,34.0,10.2,34.0,23.8,False,7.2,7.2,True
503325,2861,P12,MS-SET-RTN3,1,84.0,34.02,84.0,49.98,False,21.1,21.1,True
503326,2861,P08,MS-MOI-BAR50,1,36.0,14.58,36.0,21.42,False,8.0,8.0,True
503327,2861,P01,MS-CLN-GEL150,1,22.0,8.91,22.0,13.09,False,4.8,4.8,True
503328,2861,P13,MS-GIFT-SACHET,1,0.0,0.0,0.0,0.0,True,1.0,1.0,True
503329,2862,P10,MS-MSK-CLY100,1,26.0,7.8,26.0,18.2,False,6.0,6.0,True
503330,2862,P06,MS-TRT-RET50,1,44.0,13.2,44.0,30.8,False,10.5,10.5,True
503331,2862,P03,MS-SER-VTC30,1,34.0,10.2,34.0,23.8,False,8.5,8.5,True
503332,2862,P12,MS-SET-RTN3,1,84.0,25.2,84.0,58.8,False,21.1,21.1,True
503333,2862,P13,MS-GIFT-SACHET,1,0.0,0.0,0.0,0.0,True,1.0,1.0,True
503334,2863,P05,MS-SER-NIA30,1,29.0,8.7,29.0,20.3,False,5.9,5.9,True
503335,2864,P04,MS-SER-HYA30,1,34.0,0.0,34.0,34.0,False,7.2,7.2,False
503336,2864,P12,MS-SET-RTN3,1,84.0,0.0,84.0,84.0,False,21.1,21.1,False
503337,2864,P13,MS-GIFT-SACHET,1,0.0,0.0,0.0,0.0,True,1.0,1.0,False
503338,2865,P02,MS-CLN-CRM150,1,24.0,7.2,24.0,16.8,False,5.4,5.4,True
503339,2865,P03,MS-SER-VTC30,2,34.0,20.4,68.0,47.6,False,8.5,17.0,True
503340,2865,P13,MS-GIFT-SACHET,1,0.0,0.0,0.0,0.0,True,1.0,1.0,True
503341,2866,P05,MS-SER-NIA30,1,29.0,8.7,29.0,20.3,False,5.9,5.9,True
503342,2866,P03,MS-SER-VTC30,1,34.0,10.2,34.0,23.8,False,8.5,8.5,True
503343,2867,P12,MS-SET-RTN3,1,84.0,12.6,84.0,71.4,False,21.1,21.1,True
503344,2867,P03,MS-SER-VTC30,1,34.0,5.1,34.0,28.9,False,8.5,8.5,True
503345,2867,P13,MS-GIFT-SACHET,1,0.0,0.0,0.0,0.0,True,1.0,1.0,True
503346,2868,P12,MS-SET-RTN3,1,84.0,25.2,84.0,58.8,False,21.1,21.1,True
503347,2868,P06,MS-TRT-RET50,2,44.0,26.4,88.0,61.6,False,10.5,21.0,True
503348,2868,P09,MS-EYE-015,1,30.0,9.0,30.0,21.0,False,7.5,7.5,True
503349,2868,P13,MS-GIFT-SACHET,1,0.0,0.0,0.0,0.0,True,1.0,1.0,True
503350,2869,P07,MS-MOI-SPF50,1,32.0,9.6,32.0,22.4,False,7.8,7.8,True
503351,2869,P06,MS-TRT-RET50,1,44.0,13.2,44.0,30.8,False,10.5,10.5,True
503352,2869,P02,MS-CLN-CRM150,1,24.0,7.2,24.0,16.8,False,5.4,5.4,True
503353,2869,P13,MS-GIFT-SACHET,1,0.0,0.0,0.0,0.0,True,1.0,1.0,True
503354,2870,P03,MS-SER-VTC30,1,34.0,0.0,34.0,34.0,False,8.5,8.5,True
503355,2871,P01,MS-CLN-GEL150,1,22.0,0.0,22.0,22.0,False,4.8,4.8,True
503356,2872,P04,MS-SER-HYA30,1,34.0,3.4,34.0,30.6,False,7.2,7.2,True
503357,2873,P01,MS-CLN-GEL150,1,22.0,3.3,22.0,18.7,False,4.8,4.8,True
503358,2873,P12,MS-SET-RTN3,1,84.0,12.6,84.0,71.4,False,21.1,21.1,True
503359,2873,P13,MS-GIFT-SACHET,1,0.0,0.0,0.0,0.0,True,1.0,1.0,True
503360,2874,P01,MS-CLN-GEL150,1,22.0,0.0,22.0,22.0,False,4.8,4.8,True
503361,2875,P03,MS-SER-VTC30,1,34.0,0.0,34.0,34.0,False,8.5,8.5,True
503362,2875,P06,MS-TRT-RET50,1,44.0,0.0,44.0,44.0,False,10.5,10.5,True
503363,2875,P13,MS-GIFT-SACHET,1,0.0,0.0,0.0,0.0,True,1.0,1.0,True
503364,2876,P06,MS-TRT-RET50,1,44.0,0.0,44.0,44.0,False,10.5,10.5,True
503365,2877,P01,MS-CLN-GEL150,1,22.0,0.0,22.0,22.0,False,4.8,4.8,True
503366,2877,P10,MS-MSK-CLY100,1,26.0,0.0,26.0,26.0,False,6.0,6.0,True
503367,2877,P03,MS-SER-VTC30,1,34.0,0.0,34.0,34.0,False,8.5,8.5,True
503368,2877,P06,MS-TRT-RET50,1,44.0,0.0,44.0,44.0,False,10.5,10.5,True
503369,2877,P13,MS-GIFT-SACHET,1,0.0,0.0,0.0,0.0,True,1.0,1.0,True
503370,2878,P07,MS-MOI-SPF50,1,32.0,4.8,32.0,27.2,False,7.8,7.8,True
503371,2879,P04,MS-SER-HYA30,1,34.0,5.1,34.0,28.9,False,7.2,7.2,True
503372,2880,P10,MS-MSK-CLY100,1,26.0,3.9,26.0,22.1,False,6.0,6.0,True
503373,2881,P03,MS-SER-VTC30,1,34.0,5.1,34.0,28.9,False,8.5,8.5,True
503374,2881,P01,MS-CLN-GEL150,1,22.0,3.3,22.0,18.7,False,4.8,4.8,True
503375,2881,P09,MS-EYE-015,1,30.0,4.5,30.0,25.5,False,7.5,7.5,True
503376,2882,P01,MS-CLN-GEL150,1,22.0,0.0,22.0,22.0,False,4.8,4.8,True
503377,2883,P06,MS-TRT-RET50,1,44.0,6.6,44.0,37.4,False,10.5,10.5,True
503378,2884,P10,MS-MSK-CLY100,1,26.0,3.9,26.0,22.1,False,6.0,6.0,True
503379,2885,P06,MS-TRT-RET50,1,44.0,6.6,44.0,37.4,False,10.5,10.5,True
503380,2886,P12,MS-SET-RTN3,1,84.0,23.31,84.0,60.69,False,21.1,21.1,True
503381,2886,P13,MS-GIFT-SACHET,1,0.0,0.0,0.0,0.0,True,1.0,1.0,True
503382,2887,P01,MS-CLN-GEL150,1,22.0,3.3,22.0,18.7,False,4.8,4.8,True
503383,2888,P04,MS-SER-HYA30,1,34.0,0.0,34.0,34.0,False,7.2,7.2,True
503384,2888,P06,MS-TRT-RET50,1,44.0,0.0,44.0,44.0,False,10.5,10.5,True
503385,2888,P03,MS-SER-VTC30,1,34.0,0.0,34.0,34.0,False,8.5,8.5,True
503386,2888,P12,MS-SET-RTN3,1,84.0,0.0,84.0,84.0,False,21.1,21.1,True
503387,2889,P06,MS-TRT-RET50,1,44.0,6.6,44.0,37.4,False,10.5,10.5,True
503388,2889,P04,MS-SER-HYA30,1,34.0,5.1,34.0,28.9,False,7.2,7.2,True
503389,2889,P12,MS-SET-RTN3,1,84.0,12.6,84.0,71.4,False,21.1,21.1,True
503390,2889,P05,MS-SER-NIA30,1,29.0,4.35,29.0,24.65,False,5.9,5.9,True
503391,2890,P03,MS-SER-VTC30,1,34.0,5.1,34.0,28.9,False,8.5,8.5,True
503392,2891,P12,MS-SET-RTN3,1,84.0,12.6,84.0,71.4,False,21.1,21.1,True
503393,2891,P13,MS-GIFT-SACHET,1,0.0,0.0,0.0,0.0,True,1.0,1.0,True
503394,2892,P11,MS-BDY-LOT400,1,28.0,0.0,28.0,28.0,False,8.5,8.5,True
503395,2892,P12,MS-SET-RTN3,1,84.0,0.0,84.0,84.0,False,21.1,21.1,True
503396,2892,P02,MS-CLN-CRM150,1,24.0,0.0,24.0,24.0,False,5.4,5.4,True
503397,2892,P13,MS-GIFT-SACHET,1,0.0,0.0,0.0,0.0,True,1.0,1.0,True
503398,2893,P06,MS-TRT-RET50,1,44.0,0.0,44.0,44.0,False,10.5,10.5,True
503399,2893,P03,MS-SER-VTC30,1,34.0,0.0,34.0,34.0,False,8.5,8.5,True
503400,2893,P01,MS-CLN-GEL150,1,22.0,0.0,22.0,22.0,False,4.8,4.8,True
503401,2893,P13,MS-GIFT-SACHET,1,0.0,0.0,0.0,0.0,True,1.0,1.0,True
503402,2894,P06,MS-TRT-RET50,1,44.0,0.0,44.0,44.0,False,10.5,10.5,True
503403,2895,P08,MS-MOI-BAR50,1,36.0,3.6,36.0,32.4,False,8.0,8.0,True
503404,2896,P03,MS-SER-VTC30,1,34.0,3.4,34.0,30.6,False,8.5,8.5,True
503405,2897,P01,MS-CLN-GEL150,1,22.0,3.3,22.0,18.7,False,4.8,4.8,True
503406,2897,P04,MS-SER-HYA30,1,34.0,5.1,34.0,28.9,False,7.2,7.2,True
503407,2897,P12,MS-SET-RTN3,1,84.0,12.6,84.0,71.4,False,21.1,21.1,True
503408,2897,P13,MS-GIFT-SACHET,1,0.0,0.0,0.0,0.0,True,1.0,1.0,True
503409,2898,P01,MS-CLN-GEL150,2,22.0,6.6,44.0,37.4,False,4.8,9.6,True
503410,2899,P01,MS-CLN-GEL150,1,22.0,0.0,22.0,22.0,False,4.8,4.8,True
503411,2899,P08,MS-MOI-BAR50,1,36.0,0.0,36.0,36.0,False,8.0,8.0,True
503412,2899,P03,MS-SER-VTC30,1,34.0,0.0,34.0,34.0,False,8.5,8.5,True
503413,2899,P13,MS-GIFT-SACHET,1,0.0,0.0,0.0,0.0,True,1.0,1.0,True
503414,2900,P05,MS-SER-NIA30,2,29.0,0.0,58.0,58.0,False,5.9,11.8,True
503415,2901,P05,MS-SER-NIA30,1,29.0,0.0,29.0,29.0,False,5.9,5.9,True
503416,2902,P12,MS-SET-RTN3,1,84.0,0.0,84.0,84.0,False,21.1,21.1,True
503417,2902,P04,MS-SER-HYA30,1,34.0,0.0,34.0,34.0,False,7.2,7.2,True
503418,2902,P13,MS-GIFT-SACHET,1,0.0,0.0,0.0,0.0,True,1.0,1.0,True
503419,2903,P05,MS-SER-NIA30,1,29.0,4.35,29.0,24.65,False,5.9,5.9,True
503420,2904,P07,MS-MOI-SPF50,1,32.0,3.84,32.0,28.16,False,7.8,7.8,True
503421,2904,P09,MS-EYE-015,1,30.0,3.6,30.0,26.4,False,7.5,7.5,True
503422,2904,P05,MS-SER-NIA30,1,29.0,3.48,29.0,25.52,False,5.9,5.9,True
503423,2904,P13,MS-GIFT-SACHET,1,0.0,0.0,0.0,0.0,True,1.0,1.0,True
503424,2905,P07,MS-MOI-SPF50,1,32.0,0.0,32.0,32.0,False,7.8,7.8,True
503425,2905,P10,MS-MSK-CLY100,1,26.0,0.0,26.0,26.0,False,6.0,6.0,True
503426,2905,P01,MS-CLN-GEL150,2,22.0,0.0,44.0,44.0,False,4.8,9.6,True
503427,2905,P13,MS-GIFT-SACHET,1,0.0,0.0,0.0,0.0,True,1.0,1.0,True
503428,2906,P08,MS-MOI-BAR50,1,36.0,0.0,36.0,36.0,False,8.0,8.0,True
503429,2907,P06,MS-TRT-RET50,1,44.0,6.6,44.0,37.4,False,10.5,10.5,True
503430,2907,P03,MS-SER-VTC30,2,34.0,10.2,68.0,57.8,False,8.5,17.0,True
503431,2907,P12,MS-SET-RTN3,1,84.0,12.6,84.0,71.4,False,21.1,21.1,True
503432,2907,P13,MS-GIFT-SACHET,1,0.0,0.0,0.0,0.0,True,1.0,1.0,True
503433,2908,P06,MS-TRT-RET50,1,44.0,6.6,44.0,37.4,False,10.5,10.5,True
503434,2909,P01,MS-CLN-GEL150,1,22.0,3.3,22.0,18.7,False,4.8,4.8,True
503435,2910,P08,MS-MOI-BAR50,1,36.0,3.6,36.0,32.4,False,8.0,8.0,True
503436,2910,P12,MS-SET-RTN3,1,84.0,8.4,84.0,75.6,False,21.1,21.1,True
503437,2910,P13,MS-GIFT-SACHET,1,0.0,0.0,0.0,0.0,True,1.0,1.0,True
503438,2911,P05,MS-SER-NIA30,1,29.0,4.35,29.0,24.65,False,5.9,5.9,True
503439,2912,P07,MS-MOI-SPF50,1,32.0,0.0,32.0,32.0,False,7.8,7.8,True
503440,2912,P03,MS-SER-VTC30,1,34.0,0.0,34.0,34.0,False,8.5,8.5,True
503441,2912,P06,MS-TRT-RET50,1,44.0,0.0,44.0,44.0,False,10.5,10.5,True
503442,2912,P13,MS-GIFT-SACHET,1,0.0,0.0,0.0,0.0,True,1.0,1.0,True
503443,2913,P06,MS-TRT-RET50,1,44.0,6.6,44.0,37.4,False,10.5,10.5,True
503444,2914,P08,MS-MOI-BAR50,1,36.0,0.0,36.0,36.0,False,8.0,8.0,True
503445,2915,P07,MS-MOI-SPF50,1,32.0,0.0,32.0,32.0,False,7.8,7.8,True
503446,2915,P05,MS-SER-NIA30,2,29.0,0.0,58.0,58.0,False,5.9,11.8,True
503447,2916,P02,MS-CLN-CRM150,1,24.0,3.6,24.0,20.4,False,5.4,5.4,True
503448,2917,P12,MS-SET-RTN3,1,84.0,12.6,84.0,71.4,False,21.1,21.1,True
503449,2917,P13,MS-GIFT-SACHET,1,0.0,0.0,0.0,0.0,True,1.0,1.0,True
503450,2918,P06,MS-TRT-RET50,1,44.0,0.0,44.0,44.0,False,10.5,10.5,True
503451,2919,P12,MS-SET-RTN3,1,84.0,12.6,84.0,71.4,False,21.1,21.1,True
503452,2920,P04,MS-SER-HYA30,1,34.0,0.0,34.0,34.0,False,7.2,7.2,True
503453,2920,P01,MS-CLN-GEL150,1,22.0,0.0,22.0,22.0,False,4.8,4.8,True
503454,2921,P07,MS-MOI-SPF50,1,32.0,4.8,32.0,27.2,False,7.8,7.8,True
503455,2921,P03,MS-SER-VTC30,2,34.0,10.2,68.0,57.8,False,8.5,17.0,True
503456,2921,P01,MS-CLN-GEL150,2,22.0,6.6,44.0,37.4,False,4.8,9.6,True
503457,2921,P10,MS-MSK-CLY100,1,26.0,3.9,26.0,22.1,False,6.0,6.0,True
503458,2921,P13,MS-GIFT-SACHET,1,0.0,0.0,0.0,0.0,True,1.0,1.0,True
503459,2922,P03,MS-SER-VTC30,1,34.0,0.0,34.0,34.0,False,8.5,8.5,True
503460,2922,P02,MS-CLN-CRM150,1,24.0,0.0,24.0,24.0,False,5.4,5.4,True
503461,2923,P03,MS-SER-VTC30,1,34.0,3.4,34.0,30.6,False,8.5,8.5,True
503462,2923,P08,MS-MOI-BAR50,2,36.0,7.2,72.0,64.8,False,8.0,16.0,True
503463,2924,P09,MS-EYE-015,1,30.0,4.5,30.0,25.5,False,7.5,7.5,True
503464,2924,P06,MS-TRT-RET50,1,44.0,6.6,44.0,37.4,False,10.5,10.5,True
503465,2925,P11,MS-BDY-LOT400,1,28.0,0.0,28.0,28.0,False,8.5,8.5,True
503466,2926,P05,MS-SER-NIA30,1,29.0,4.35,29.0,24.65,False,5.9,5.9,True
503467,2926,P03,MS-SER-VTC30,1,34.0,5.1,34.0,28.9,False,8.5,8.5,True
503468,2927,P04,MS-SER-HYA30,1,34.0,5.1,34.0,28.9,False,7.2,7.2,True
503469,2927,P06,MS-TRT-RET50,1,44.0,6.6,44.0,37.4,False,10.5,10.5,True
503470,2927,P03,MS-SER-VTC30,1,34.0,5.1,34.0,28.9,False,8.5,8.5,True
503471,2927,P13,MS-GIFT-SACHET,1,0.0,0.0,0.0,0.0,True,1.0,1.0,True
503472,2928,P03,MS-SER-VTC30,2,34.0,10.2,68.0,57.8,False,8.5,17.0,True
503473,2928,P02,MS-CLN-CRM150,1,24.0,3.6,24.0,20.4,False,5.4,5.4,True
503474,2928,P13,MS-GIFT-SACHET,1,0.0,0.0,0.0,0.0,True,1.0,1.0,True
503475,2929,P04,MS-SER-HYA30,1,34.0,0.0,34.0,34.0,False,7.2,7.2,True
503476,2929,P10,MS-MSK-CLY100,1,26.0,0.0,26.0,26.0,False,6.0,6.0,True
503477,2930,P12,MS-SET-RTN3,1,84.0,12.6,84.0,71.4,False,21.1,21.1,True
503478,2930,P02,MS-CLN-CRM150,1,24.0,3.6,24.0,20.4,False,5.4,5.4,True
503479,2931,P04,MS-SER-HYA30,1,34.0,0.0,34.0,34.0,False,7.2,7.2,True
503480,2932,P04,MS-SER-HYA30,1,34.0,0.0,34.0,34.0,False,7.2,7.2,False
503481,2933,P06,MS-TRT-RET50,1,44.0,6.6,44.0,37.4,False,10.5,10.5,True
503482,2934,P02,MS-CLN-CRM150,1,24.0,0.0,24.0,24.0,False,5.4,5.4,True
503483,2935,P05,MS-SER-NIA30,1,29.0,0.0,29.0,29.0,False,5.9,5.9,True
503484,2936,P04,MS-SER-HYA30,1,34.0,5.1,34.0,28.9,False,7.2,7.2,True
503485,2936,P01,MS-CLN-GEL150,1,22.0,3.3,22.0,18.7,False,4.8,4.8,True
503486,2937,P02,MS-CLN-CRM150,1,24.0,3.6,24.0,20.4,False,5.4,5.4,True
503487,2938,P12,MS-SET-RTN3,1,84.0,12.6,84.0,71.4,False,21.1,21.1,True
503488,2938,P13,MS-GIFT-SACHET,1,0.0,0.0,0.0,0.0,True,1.0,1.0,True
503489,2939,P01,MS-CLN-GEL150,1,22.0,0.0,22.0,22.0,False,4.8,4.8,True
503490,2940,P03,MS-SER-VTC30,1,34.0,0.0,34.0,34.0,False,8.5,8.5,True
503491,2941,P07,MS-MOI-SPF50,1,32.0,0.0,32.0,32.0,False,7.8,7.8,True
503492,2942,P02,MS-CLN-CRM150,1,24.0,3.6,24.0,20.4,False,5.4,5.4,True
503493,2942,P11,MS-BDY-LOT400,1,28.0,4.2,28.0,23.8,False,8.5,8.5,True
503494,2943,P07,MS-MOI-SPF50,1,32.0,4.8,32.0,27.2,False,7.8,7.8,True
503495,2944,P04,MS-SER-HYA30,1,34.0,5.1,34.0,28.9,False,7.2,7.2,True
503496,2944,P03,MS-SER-VTC30,1,34.0,5.1,34.0,28.9,False,8.5,8.5,True
503497,2945,P03,MS-SER-VTC30,1,34.0,5.1,34.0,28.9,False,8.5,8.5,True
503498,2945,P05,MS-SER-NIA30,1,29.0,4.35,29.0,24.65,False,5.9,5.9,True
503499,2945,P01,MS-CLN-GEL150,1,22.0,3.3,22.0,18.7,False,4.8,4.8,True
503500,2945,P13,MS-GIFT-SACHET,1,0.0,0.0,0.0,0.0,True,1.0,1.0,True
503501,2946,P08,MS-MOI-BAR50,1,36.0,5.4,36.0,30.6,False,8.0,8.0,True
503502,2947,P08,MS-MOI-BAR50,1,36.0,5.4,36.0,30.6,False,8.0,8.0,True
503503,2947,P03,MS-SER-VTC30,1,34.0,5.1,34.0,28.9,False,8.5,8.5,True
503504,2947,P07,MS-MOI-SPF50,1,32.0,4.8,32.0,27.2,False,7.8,7.8,True
503505,2947,P13,MS-GIFT-SACHET,1,0.0,0.0,0.0,0.0,True,1.0,1.0,True
503506,2948,P11,MS-BDY-LOT400,1,28.0,0.0,28.0,28.0,False,8.5,8.5,True
503507,2948,P04,MS-SER-HYA30,1,34.0,0.0,34.0,34.0,False,7.2,7.2,True
503508,2948,P03,MS-SER-VTC30,1,34.0,0.0,34.0,34.0,False,8.5,8.5,True
503509,2948,P13,MS-GIFT-SACHET,1,0.0,0.0,0.0,0.0,True,1.0,1.0,True
503510,2949,P08,MS-MOI-BAR50,1,36.0,0.0,36.0,36.0,False,8.0,8.0,True
503511,2950,P02,MS-CLN-CRM150,1,24.0,3.6,24.0,20.4,False,5.4,5.4,True
503512,2951,P09,MS-EYE-015,1,30.0,8.33,30.0,21.67,False,7.5,7.5,True
503513,2951,P06,MS-TRT-RET50,1,44.0,12.21,44.0,31.79,False,10.5,10.5,True
503514,2952,P08,MS-MOI-BAR50,1,36.0,5.4,36.0,30.6,False,8.0,8.0,True
503515,2953,P04,MS-SER-HYA30,1,34.0,5.1,34.0,28.9,False,7.2,7.2,True
503516,2953,P03,MS-SER-VTC30,1,34.0,5.1,34.0,28.9,False,8.5,8.5,True
503517,2954,P01,MS-CLN-GEL150,1,22.0,0.0,22.0,22.0,False,4.8,4.8,True
503518,2954,P05,MS-SER-NIA30,1,29.0,0.0,29.0,29.0,False,5.9,5.9,True
503519,2954,P08,MS-MOI-BAR50,1,36.0,0.0,36.0,36.0,False,8.0,8.0,True
503520,2954,P02,MS-CLN-CRM150,1,24.0,0.0,24.0,24.0,False,5.4,5.4,True
503521,2954,P13,MS-GIFT-SACHET,1,0.0,0.0,0.0,0.0,True,1.0,1.0,True
503522,2955,P09,MS-EYE-015,2,30.0,6.0,60.0,54.0,False,7.5,15.0,True
503523,2955,P01,MS-CLN-GEL150,1,22.0,2.2,22.0,19.8,False,4.8,4.8,True
503524,2955,P13,MS-GIFT-SACHET,1,0.0,0.0,0.0,0.0,True,1.0,1.0,True
503525,2956,P03,MS-SER-VTC30,1,34.0,0.0,34.0,34.0,False,8.5,8.5,True
503526,2957,P06,MS-TRT-RET50,1,44.0,6.6,44.0,37.4,False,10.5,10.5,True
503527,2958,P03,MS-SER-VTC30,1,34.0,5.1,34.0,28.9,False,8.5,8.5,True
503528,2958,P04,MS-SER-HYA30,1,34.0,5.1,34.0,28.9,False,7.2,7.2,True
503529,2959,P03,MS-SER-VTC30,1,34.0,5.1,34.0,28.9,False,8.5,8.5,True
503530,2960,P02,MS-CLN-CRM150,1,24.0,0.0,24.0,24.0,False,5.4,5.4,True
503531,2961,P03,MS-SER-VTC30,1,34.0,0.0,34.0,34.0,False,8.5,8.5,True
503532,2961,P05,MS-SER-NIA30,1,29.0,0.0,29.0,29.0,False,5.9,5.9,True
503533,2962,P03,MS-SER-VTC30,1,34.0,0.0,34.0,34.0,False,8.5,8.5,True
503534,2962,P08,MS-MOI-BAR50,2,36.0,0.0,72.0,72.0,False,8.0,16.0,True
503535,2962,P13,MS-GIFT-SACHET,1,0.0,0.0,0.0,0.0,True,1.0,1.0,True
503536,2963,P12,MS-SET-RTN3,1,84.0,0.0,84.0,84.0,False,21.1,21.1,True
503537,2963,P11,MS-BDY-LOT400,1,28.0,0.0,28.0,28.0,False,8.5,8.5,True
503538,2963,P13,MS-GIFT-SACHET,1,0.0,0.0,0.0,0.0,True,1.0,1.0,True
503539,2964,P11,MS-BDY-LOT400,1,28.0,0.0,28.0,28.0,False,8.5,8.5,True
503540,2965,P02,MS-CLN-CRM150,1,24.0,6.66,24.0,17.34,False,5.4,5.4,True
503541,2966,P12,MS-SET-RTN3,1,84.0,0.0,84.0,84.0,False,21.1,21.1,True
503542,2966,P05,MS-SER-NIA30,1,29.0,0.0,29.0,29.0,False,5.9,5.9,True
503543,2966,P08,MS-MOI-BAR50,1,36.0,0.0,36.0,36.0,False,8.0,8.0,True
503544,2966,P13,MS-GIFT-SACHET,1,0.0,0.0,0.0,0.0,True,1.0,1.0,True
503545,2967,P05,MS-SER-NIA30,1,29.0,4.35,29.0,24.65,False,5.9,5.9,True
503546,2968,P12,MS-SET-RTN3,1,84.0,12.6,84.0,71.4,False,21.1,21.1,True
503547,2968,P13,MS-GIFT-SACHET,1,0.0,0.0,0.0,0.0,True,1.0,1.0,True
503548,2969,P08,MS-MOI-BAR50,2,36.0,10.8,72.0,61.2,False,8.0,16.0,True
503549,2970,P03,MS-SER-VTC30,1,34.0,0.0,34.0,34.0,False,8.5,8.5,True
503550,2970,P11,MS-BDY-LOT400,1,28.0,0.0,28.0,28.0,False,8.5,8.5,True
503551,2970,P01,MS-CLN-GEL150,1,22.0,0.0,22.0,22.0,False,4.8,4.8,True
503552,2970,P07,MS-MOI-SPF50,1,32.0,0.0,32.0,32.0,False,7.8,7.8,True
503553,2971,P06,MS-TRT-RET50,1,44.0,6.6,44.0,37.4,False,10.5,10.5,True
503554,2971,P03,MS-SER-VTC30,1,34.0,5.1,34.0,28.9,False,8.5,8.5,True
503555,2971,P13,MS-GIFT-SACHET,1,0.0,0.0,0.0,0.0,True,1.0,1.0,True
503556,2972,P03,MS-SER-VTC30,1,34.0,5.1,34.0,28.9,False,8.5,8.5,True
503557,2972,P06,MS-TRT-RET50,1,44.0,6.6,44.0,37.4,False,10.5,10.5,True
503558,2972,P04,MS-SER-HYA30,1,34.0,5.1,34.0,28.9,False,7.2,7.2,True
503559,2973,P04,MS-SER-HYA30,1,34.0,0.0,34.0,34.0,False,7.2,7.2,True
503560,2974,P10,MS-MSK-CLY100,1,26.0,0.0,26.0,26.0,False,6.0,6.0,True
503561,2975,P04,MS-SER-HYA30,1,34.0,5.1,34.0,28.9,False,7.2,7.2,True
503562,2976,P02,MS-CLN-CRM150,1,24.0,3.6,24.0,20.4,False,5.4,5.4,True
503563,2977,P01,MS-CLN-GEL150,2,22.0,0.0,44.0,44.0,False,4.8,9.6,True
503564,2977,P03,MS-SER-VTC30,1,34.0,0.0,34.0,34.0,False,8.5,8.5,True
503565,2977,P13,MS-GIFT-SACHET,1,0.0,0.0,0.0,0.0,True,1.0,1.0,True
503566,2978,P03,MS-SER-VTC30,1,34.0,5.1,34.0,28.9,False,8.5,8.5,True
503567,2979,P02,MS-CLN-CRM150,1,24.0,0.0,24.0,24.0,False,5.4,5.4,True
503568,2980,P05,MS-SER-NIA30,1,29.0,3.48,29.0,25.52,False,5.9,5.9,True
503569,2980,P06,MS-TRT-RET50,1,44.0,5.28,44.0,38.72,False,10.5,10.5,True
503570,2980,P01,MS-CLN-GEL150,1,22.0,2.64,22.0,19.36,False,4.8,4.8,True
503571,2980,P13,MS-GIFT-SACHET,1,0.0,0.0,0.0,0.0,True,1.0,1.0,True
503572,2981,P09,MS-EYE-015,1,30.0,4.5,30.0,25.5,False,7.5,7.5,True
503573,2982,P06,MS-TRT-RET50,1,44.0,10.34,44.0,33.66,False,10.5,10.5,True
503574,2983,P04,MS-SER-HYA30,1,34.0,5.1,34.0,28.9,False,7.2,7.2,True
503575,2984,P11,MS-BDY-LOT400,1,28.0,4.2,28.0,23.8,False,8.5,8.5,True
503576,2985,P12,MS-SET-RTN3,1,84.0,12.6,84.0,71.4,False,21.1,21.1,True
503577,2985,P13,MS-GIFT-SACHET,1,0.0,0.0,0.0,0.0,True,1.0,1.0,True
503578,2986,P07,MS-MOI-SPF50,1,32.0,4.8,32.0,27.2,False,7.8,7.8,True
503579,2987,P01,MS-CLN-GEL150,1,22.0,3.3,22.0,18.7,False,4.8,4.8,True
503580,2987,P08,MS-MOI-BAR50,2,36.0,10.8,72.0,61.2,False,8.0,16.0,True
503581,2987,P13,MS-GIFT-SACHET,1,0.0,0.0,0.0,0.0,True,1.0,1.0,True
503582,2988,P01,MS-CLN-GEL150,1,22.0,2.2,22.0,19.8,False,4.8,4.8,True
503583,2988,P05,MS-SER-NIA30,2,29.0,5.8,58.0,52.2,False,5.9,11.8,True
503584,2988,P13,MS-GIFT-SACHET,1,0.0,0.0,0.0,0.0,True,1.0,1.0,True
503585,2989,P06,MS-TRT-RET50,1,44.0,0.0,44.0,44.0,False,10.5,10.5,True
503586,2989,P12,MS-SET-RTN3,1,84.0,0.0,84.0,84.0,False,21.1,21.1,True
503587,2989,P03,MS-SER-VTC30,1,34.0,0.0,34.0,34.0,False,8.5,8.5,True
503588,2989,P13,MS-GIFT-SACHET,1,0.0,0.0,0.0,0.0,True,1.0,1.0,True
503589,2990,P04,MS-SER-HYA30,1,34.0,3.4,34.0,30.6,False,7.2,7.2,True
503590,2991,P10,MS-MSK-CLY100,1,26.0,3.9,26.0,22.1,False,6.0,6.0,False
503591,2992,P07,MS-MOI-SPF50,1,32.0,4.8,32.0,27.2,False,7.8,7.8,True
503592,2993,P12,MS-SET-RTN3,1,84.0,12.6,84.0,71.4,False,21.1,21.1,True
503593,2993,P13,MS-GIFT-SACHET,1,0.0,0.0,0.0,0.0,True,1.0,1.0,True
503594,2994,P02,MS-CLN-CRM150,1,24.0,3.6,24.0,20.4,False,5.4,5.4,True
503595,2994,P07,MS-MOI-SPF50,1,32.0,4.8,32.0,27.2,False,7.8,7.8,True
503596,2994,P05,MS-SER-NIA30,1,29.0,4.35,29.0,24.65,False,5.9,5.9,True
503597,2994,P13,MS-GIFT-SACHET,1,0.0,0.0,0.0,0.0,True,1.0,1.0,True
503598,2995,P03,MS-SER-VTC30,1,34.0,0.0,34.0,34.0,False,8.5,8.5,True
503599,2996,P08,MS-MOI-BAR50,1,36.0,5.4,36.0,30.6,False,8.0,8.0,True
503600,2996,P06,MS-TRT-RET50,1,44.0,6.6,44.0,37.4,False,10.5,10.5,True
503601,2996,P12,MS-SET-RTN3,1,84.0,12.6,84.0,71.4,False,21.1,21.1,True
503602,2996,P13,MS-GIFT-SACHET,1,0.0,0.0,0.0,0.0,True,1.0,1.0,True
503603,2997,P01,MS-CLN-GEL150,1,22.0,3.3,22.0,18.7,False,4.8,4.8,True
503604,2997,P04,MS-SER-HYA30,1,34.0,5.1,34.0,28.9,False,7.2,7.2,True
503605,2997,P06,MS-TRT-RET50,1,44.0,6.6,44.0,37.4,False,10.5,10.5,True
503606,2997,P13,MS-GIFT-SACHET,1,0.0,0.0,0.0,0.0,True,1.0,1.0,True
503607,2998,P07,MS-MOI-SPF50,1,32.0,4.8,32.0,27.2,False,7.8,7.8,True
503608,2998,P04,MS-SER-HYA30,1,34.0,5.1,34.0,28.9,False,7.2,7.2,True
503609,2998,P02,MS-CLN-CRM150,1,24.0,3.6,24.0,20.4,False,5.4,5.4,True
503610,2999,P06,MS-TRT-RET50,1,44.0,5.28,44.0,38.72,False,10.5,10.5,True
503611,2999,P02,MS-CLN-CRM150,1,24.0,2.88,24.0,21.12,False,5.4,5.4,True
503612,3000,P12,MS-SET-RTN3,1,84.0,12.6,84.0,71.4,False,21.1,21.1,True
503613,3001,P05,MS-SER-NIA30,2,29.0,0.0,58.0,58.0,False,5.9,11.8,True
503614,3002,P01,MS-CLN-GEL150,1,22.0,3.3,22.0,18.7,False,4.8,4.8,True
503615,3003,P02,MS-CLN-CRM150,1,24.0,3.6,24.0,20.4,False,5.4,5.4,True
503616,3003,P05,MS-SER-NIA30,2,29.0,8.7,58.0,49.3,False,5.9,11.8,True
503617,3003,P10,MS-MSK-CLY100,2,26.0,7.8,52.0,44.2,False,6.0,12.0,True
503618,3003,P04,MS-SER-HYA30,1,34.0,5.1,34.0,28.9,False,7.2,7.2,True
503619,3003,P13,MS-GIFT-SACHET,1,0.0,0.0,0.0,0.0,True,1.0,1.0,True
503620,3004,P07,MS-MOI-SPF50,1,32.0,4.8,32.0,27.2,False,7.8,7.8,True
503621,3005,P04,MS-SER-HYA30,1,34.0,0.0,34.0,34.0,False,7.2,7.2,True
503622,3005,P12,MS-SET-RTN3,1,84.0,0.0,84.0,84.0,False,21.1,21.1,True
503623,3005,P13,MS-GIFT-SACHET,1,0.0,0.0,0.0,0.0,True,1.0,1.0,True
503624,3006,P04,MS-SER-HYA30,1,34.0,5.1,34.0,28.9,False,7.2,7.2,True
503625,3006,P02,MS-CLN-CRM150,1,24.0,3.6,24.0,20.4,False,5.4,5.4,True
503626,3006,P07,MS-MOI-SPF50,1,32.0,4.8,32.0,27.2,False,7.8,7.8,True
503627,3006,P13,MS-GIFT-SACHET,1,0.0,0.0,0.0,0.0,True,1.0,1.0,True
503628,3007,P04,MS-SER-HYA30,2,34.0,10.2,68.0,57.8,False,7.2,14.4,True
503629,3007,P07,MS-MOI-SPF50,2,32.0,9.6,64.0,54.4,False,7.8,15.6,True
503630,3007,P13,MS-GIFT-SACHET,1,0.0,0.0,0.0,0.0,True,1.0,1.0,True
503631,3008,P02,MS-CLN-CRM150,2,24.0,7.2,48.0,40.8,False,5.4,10.8,True
503632,3008,P05,MS-SER-NIA30,1,29.0,4.35,29.0,24.65,False,5.9,5.9,True
503633,3009,P06,MS-TRT-RET50,1,44.0,0.0,44.0,44.0,False,10.5,10.5,True
503634,3009,P03,MS-SER-VTC30,2,34.0,0.0,68.0,68.0,False,8.5,17.0,True
503635,3009,P13,MS-GIFT-SACHET,1,0.0,0.0,0.0,0.0,True,1.0,1.0,True
503636,3010,P08,MS-MOI-BAR50,1,36.0,0.0,36.0,36.0,False,8.0,8.0,True
503637,3011,P07,MS-MOI-SPF50,1,32.0,3.2,32.0,28.8,False,7.8,7.8,True
503638,3011,P05,MS-SER-NIA30,1,29.0,2.9,29.0,26.1,False,5.9,5.9,True
503639,3012,P03,MS-SER-VTC30,1,34.0,5.1,34.0,28.9,False,8.5,8.5,True
503640,3013,P01,MS-CLN-GEL150,1,22.0,3.3,22.0,18.7,False,4.8,4.8,True
503641,3014,P05,MS-SER-NIA30,1,29.0,0.0,29.0,29.0,False,5.9,5.9,True
503642,3015,P12,MS-SET-RTN3,1,84.0,0.0,84.0,84.0,False,21.1,21.1,True
503643,3015,P13,MS-GIFT-SACHET,1,0.0,0.0,0.0,0.0,True,1.0,1.0,True
503644,3016,P07,MS-MOI-SPF50,1,32.0,4.8,32.0,27.2,False,7.8,7.8,True
503645,3016,P10,MS-MSK-CLY100,1,26.0,3.9,26.0,22.1,False,6.0,6.0,True
503646,3017,P12,MS-SET-RTN3,1,84.0,12.6,84.0,71.4,False,21.1,21.1,True
503647,3017,P04,MS-SER-HYA30,2,34.0,10.2,68.0,57.8,False,7.2,14.4,True
503648,3017,P11,MS-BDY-LOT400,1,28.0,4.2,28.0,23.8,False,8.5,8.5,True
503649,3017,P13,MS-GIFT-SACHET,1,0.0,0.0,0.0,0.0,True,1.0,1.0,True
503650,3018,P01,MS-CLN-GEL150,1,22.0,3.3,22.0,18.7,False,4.8,4.8,True
503651,3019,P03,MS-SER-VTC30,1,34.0,3.4,34.0,30.6,False,8.5,8.5,True
503652,3020,P03,MS-SER-VTC30,1,34.0,5.1,34.0,28.9,False,8.5,8.5,True
503653,3021,P03,MS-SER-VTC30,1,34.0,0.0,34.0,34.0,False,8.5,8.5,True
503654,3021,P07,MS-MOI-SPF50,1,32.0,0.0,32.0,32.0,False,7.8,7.8,True
503655,3022,P07,MS-MOI-SPF50,1,32.0,0.0,32.0,32.0,False,7.8,7.8,True
503656,3023,P03,MS-SER-VTC30,1,34.0,0.0,34.0,34.0,False,8.5,8.5,True
503657,3024,P03,MS-SER-VTC30,1,34.0,0.0,34.0,34.0,False,8.5,8.5,True
503658,3025,P07,MS-MOI-SPF50,1,32.0,0.0,32.0,32.0,False,7.8,7.8,True
503659,3025,P05,MS-SER-NIA30,1,29.0,0.0,29.0,29.0,False,5.9,5.9,True
503660,3026,P12,MS-SET-RTN3,1,84.0,12.6,84.0,71.4,False,21.1,21.1,True
503661,3026,P13,MS-GIFT-SACHET,1,0.0,0.0,0.0,0.0,True,1.0,1.0,True
503662,3027,P02,MS-CLN-CRM150,1,24.0,3.6,24.0,20.4,False,5.4,5.4,True
503663,3027,P03,MS-SER-VTC30,2,34.0,10.2,68.0,57.8,False,8.5,17.0,True
503664,3028,P11,MS-BDY-LOT400,1,28.0,0.0,28.0,28.0,False,8.5,8.5,True
503665,3028,P12,MS-SET-RTN3,1,84.0,0.0,84.0,84.0,False,21.1,21.1,True
503666,3028,P13,MS-GIFT-SACHET,1,0.0,0.0,0.0,0.0,True,1.0,1.0,True
503667,3029,P11,MS-BDY-LOT400,1,28.0,2.8,28.0,25.2,False,8.5,8.5,True
503668,3029,P03,MS-SER-VTC30,1,34.0,3.4,34.0,30.6,False,8.5,8.5,True
503669,3030,P12,MS-SET-RTN3,1,84.0,0.0,84.0,84.0,False,21.1,21.1,True
503670,3030,P13,MS-GIFT-SACHET,1,0.0,0.0,0.0,0.0,True,1.0,1.0,True
503671,3031,P04,MS-SER-HYA30,1,34.0,5.1,34.0,28.9,False,7.2,7.2,True
503672,3032,P02,MS-CLN-CRM150,1,24.0,3.6,24.0,20.4,False,5.4,5.4,True
503673,3032,P07,MS-MOI-SPF50,1,32.0,4.8,32.0,27.2,False,7.8,7.8,True
503674,3033,P07,MS-MOI-SPF50,1,32.0,4.8,32.0,27.2,False,7.8,7.8,True
503675,3033,P03,MS-SER-VTC30,1,34.0,5.1,34.0,28.9,False,8.5,8.5,True
503676,3034,P11,MS-BDY-LOT400,1,28.0,4.2,28.0,23.8,False,8.5,8.5,True
503677,3034,P10,MS-MSK-CLY100,1,26.0,3.9,26.0,22.1,False,6.0,6.0,True
503678,3034,P07,MS-MOI-SPF50,1,32.0,4.8,32.0,27.2,False,7.8,7.8,True
503679,3034,P01,MS-CLN-GEL150,2,22.0,6.6,44.0,37.4,False,4.8,9.6,True
503680,3034,P13,MS-GIFT-SACHET,1,0.0,0.0,0.0,0.0,True,1.0,1.0,True
503681,3035,P07,MS-MOI-SPF50,1,32.0,0.0,32.0,32.0,False,7.8,7.8,True
503682,3035,P05,MS-SER-NIA30,1,29.0,0.0,29.0,29.0,False,5.9,5.9,True
503683,3036,P05,MS-SER-NIA30,1,29.0,0.0,29.0,29.0,False,5.9,5.9,True
503684,3036,P02,MS-CLN-CRM150,1,24.0,0.0,24.0,24.0,False,5.4,5.4,True
503685,3037,P12,MS-SET-RTN3,1,84.0,12.6,84.0,71.4,False,21.1,21.1,True
503686,3037,P13,MS-GIFT-SACHET,1,0.0,0.0,0.0,0.0,True,1.0,1.0,True
503687,3038,P08,MS-MOI-BAR50,1,36.0,5.4,36.0,30.6,False,8.0,8.0,True
503688,3038,P05,MS-SER-NIA30,1,29.0,4.35,29.0,24.65,False,5.9,5.9,True
503689,3039,P01,MS-CLN-GEL150,1,22.0,0.0,22.0,22.0,False,4.8,4.8,True
503690,3039,P09,MS-EYE-015,2,30.0,0.0,60.0,60.0,False,7.5,15.0,True
503691,3039,P13,MS-GIFT-SACHET,1,0.0,0.0,0.0,0.0,True,1.0,1.0,True
503692,3040,P06,MS-TRT-RET50,2,44.0,13.2,88.0,74.8,False,10.5,21.0,True
503693,3040,P07,MS-MOI-SPF50,1,32.0,4.8,32.0,27.2,False,7.8,7.8,True
503694,3040,P13,MS-GIFT-SACHET,1,0.0,0.0,0.0,0.0,True,1.0,1.0,True
503695,3041,P05,MS-SER-NIA30,1,29.0,4.35,29.0,24.65,False,5.9,5.9,True
503696,3041,P12,MS-SET-RTN3,1,84.0,12.6,84.0,71.4,False,21.1,21.1,True
503697,3041,P13,MS-GIFT-SACHET,1,0.0,0.0,0.0,0.0,True,1.0,1.0,True
503698,3042,P07,MS-MOI-SPF50,1,32.0,4.8,32.0,27.2,False,7.8,7.8,True
503699,3043,P12,MS-SET-RTN3,1,84.0,12.6,84.0,71.4,False,21.1,21.1,True
503700,3043,P01,MS-CLN-GEL150,1,22.0,3.3,22.0,18.7,False,4.8,4.8,True
503701,3043,P13,MS-GIFT-SACHET,1,0.0,0.0,0.0,0.0,True,1.0,1.0,True
503702,3044,P04,MS-SER-HYA30,1,34.0,5.1,34.0,28.9,False,7.2,7.2,True
503703,3044,P01,MS-CLN-GEL150,1,22.0,3.3,22.0,18.7,False,4.8,4.8,True
503704,3045,P02,MS-CLN-CRM150,1,24.0,0.0,24.0,24.0,False,5.4,5.4,True
503705,3046,P08,MS-MOI-BAR50,1,36.0,5.4,36.0,30.6,False,8.0,8.0,True
503706,3047,P06,MS-TRT-RET50,1,44.0,0.0,44.0,44.0,False,10.5,10.5,True
503707,3048,P03,MS-SER-VTC30,1,34.0,5.1,34.0,28.9,False,8.5,8.5,True
503708,3049,P05,MS-SER-NIA30,1,29.0,4.35,29.0,24.65,False,5.9,5.9,True
503709,3050,P03,MS-SER-VTC30,1,34.0,0.0,34.0,34.0,False,8.5,8.5,True
503710,3051,P01,MS-CLN-GEL150,1,22.0,2.2,22.0,19.8,False,4.8,4.8,True
503711,3051,P03,MS-SER-VTC30,1,34.0,3.4,34.0,30.6,False,8.5,8.5,True
503712,3052,P10,MS-MSK-CLY100,1,26.0,3.9,26.0,22.1,False,6.0,6.0,False
503713,3053,P07,MS-MOI-SPF50,1,32.0,0.0,32.0,32.0,False,7.8,7.8,True
503714,3054,P06,MS-TRT-RET50,1,44.0,0.0,44.0,44.0,False,10.5,10.5,True
503715,3054,P03,MS-SER-VTC30,1,34.0,0.0,34.0,34.0,False,8.5,8.5,True
503716,3055,P03,MS-SER-VTC30,1,34.0,0.0,34.0,34.0,False,8.5,8.5,True
503717,3055,P12,MS-SET-RTN3,1,84.0,0.0,84.0,84.0,False,21.1,21.1,True
503718,3055,P04,MS-SER-HYA30,1,34.0,0.0,34.0,34.0,False,7.2,7.2,True
503719,3055,P11,MS-BDY-LOT400,1,28.0,0.0,28.0,28.0,False,8.5,8.5,True
503720,3055,P13,MS-GIFT-SACHET,1,0.0,0.0,0.0,0.0,True,1.0,1.0,True
503721,3056,P05,MS-SER-NIA30,2,29.0,0.0,58.0,58.0,False,5.9,11.8,True
503722,3057,P07,MS-MOI-SPF50,1,32.0,0.0,32.0,32.0,False,7.8,7.8,True
503723,3057,P05,MS-SER-NIA30,2,29.0,0.0,58.0,58.0,False,5.9,11.8,True
503724,3057,P01,MS-CLN-GEL150,1,22.0,0.0,22.0,22.0,False,4.8,4.8,True
503725,3058,P11,MS-BDY-LOT400,1,28.0,4.2,28.0,23.8,False,8.5,8.5,True
503726,3058,P12,MS-SET-RTN3,1,84.0,12.6,84.0,71.4,False,21.1,21.1,True
503727,3058,P13,MS-GIFT-SACHET,1,0.0,0.0,0.0,0.0,True,1.0,1.0,True
503728,3059,P11,MS-BDY-LOT400,1,28.0,0.0,28.0,28.0,False,8.5,8.5,True
503729,3059,P03,MS-SER-VTC30,2,34.0,0.0,68.0,68.0,False,8.5,17.0,True
503730,3059,P13,MS-GIFT-SACHET,1,0.0,0.0,0.0,0.0,True,1.0,1.0,True
503731,3060,P01,MS-CLN-GEL150,1,22.0,3.3,22.0,18.7,False,4.8,4.8,True
503732,3061,P07,MS-MOI-SPF50,1,32.0,0.0,32.0,32.0,False,7.8,7.8,True
503733,3061,P06,MS-TRT-RET50,1,44.0,0.0,44.0,44.0,False,10.5,10.5,True
503734,3061,P03,MS-SER-VTC30,1,34.0,0.0,34.0,34.0,False,8.5,8.5,True
503735,3061,P13,MS-GIFT-SACHET,1,0.0,0.0,0.0,0.0,True,1.0,1.0,True
503736,3062,P06,MS-TRT-RET50,1,44.0,6.6,44.0,37.4,False,10.5,10.5,True
503737,3062,P04,MS-SER-HYA30,1,34.0,5.1,34.0,28.9,False,7.2,7.2,True
503738,3062,P02,MS-CLN-CRM150,1,24.0,3.6,24.0,20.4,False,5.4,5.4,True
503739,3063,P03,MS-SER-VTC30,1,34.0,5.1,34.0,28.9,False,8.5,8.5,True
503740,3063,P07,MS-MOI-SPF50,1,32.0,4.8,32.0,27.2,False,7.8,7.8,True
503741,3064,P07,MS-MOI-SPF50,1,32.0,4.8,32.0,27.2,False,7.8,7.8,True
503742,3064,P06,MS-TRT-RET50,2,44.0,13.2,88.0,74.8,False,10.5,21.0,True
503743,3064,P04,MS-SER-HYA30,1,34.0,5.1,34.0,28.9,False,7.2,7.2,True
503744,3064,P13,MS-GIFT-SACHET,1,0.0,0.0,0.0,0.0,True,1.0,1.0,True
503745,3065,P04,MS-SER-HYA30,1,34.0,0.0,34.0,34.0,False,7.2,7.2,True
503746,3065,P06,MS-TRT-RET50,2,44.0,0.0,88.0,88.0,False,10.5,21.0,True
503747,3065,P03,MS-SER-VTC30,1,34.0,0.0,34.0,34.0,False,8.5,8.5,True
503748,3065,P08,MS-MOI-BAR50,1,36.0,0.0,36.0,36.0,False,8.0,8.0,True
503749,3065,P13,MS-GIFT-SACHET,1,0.0,0.0,0.0,0.0,True,1.0,1.0,True
503750,3066,P03,MS-SER-VTC30,1,34.0,5.1,34.0,28.9,False,8.5,8.5,True
503751,3066,P01,MS-CLN-GEL150,1,22.0,3.3,22.0,18.7,False,4.8,4.8,True
503752,3067,P03,MS-SER-VTC30,1,34.0,0.0,34.0,34.0,False,8.5,8.5,True
503753,3068,P07,MS-MOI-SPF50,1,32.0,0.0,32.0,32.0,False,7.8,7.8,True
503754,3069,P01,MS-CLN-GEL150,1,22.0,3.3,22.0,18.7,False,4.8,4.8,True
503755,3070,P11,MS-BDY-LOT400,1,28.0,4.2,28.0,23.8,False,8.5,8.5,True
503756,3071,P05,MS-SER-NIA30,1,29.0,4.35,29.0,24.65,False,5.9,5.9,True
503757,3071,P01,MS-CLN-GEL150,1,22.0,3.3,22.0,18.7,False,4.8,4.8,True
503758,3072,P06,MS-TRT-RET50,1,44.0,6.6,44.0,37.4,False,10.5,10.5,True
503759,3073,P03,MS-SER-VTC30,1,34.0,5.1,34.0,28.9,False,8.5,8.5,True
503760,3074,P01,MS-CLN-GEL150,1,22.0,0.0,22.0,22.0,False,4.8,4.8,True
503761,3074,P10,MS-MSK-CLY100,1,26.0,0.0,26.0,26.0,False,6.0,6.0,True
503762,3075,P05,MS-SER-NIA30,2,29.0,5.8,58.0,52.2,False,5.9,11.8,True
503763,3075,P06,MS-TRT-RET50,1,44.0,4.4,44.0,39.6,False,10.5,10.5,True
503764,3075,P13,MS-GIFT-SACHET,1,0.0,0.0,0.0,0.0,True,1.0,1.0,True
503765,3076,P06,MS-TRT-RET50,1,44.0,6.6,44.0,37.4,False,10.5,10.5,True
503766,3076,P10,MS-MSK-CLY100,2,26.0,7.8,52.0,44.2,False,6.0,12.0,True
503767,3077,P10,MS-MSK-CLY100,1,26.0,0.0,26.0,26.0,False,6.0,6.0,True
503768,3078,P03,MS-SER-VTC30,1,34.0,0.0,34.0,34.0,False,8.5,8.5,True
503769,3078,P02,MS-CLN-CRM150,1,24.0,0.0,24.0,24.0,False,5.4,5.4,True
503770,3079,P04,MS-SER-HYA30,1,34.0,0.0,34.0,34.0,False,7.2,7.2,True
503771,3080,P01,MS-CLN-GEL150,1,22.0,3.3,22.0,18.7,False,4.8,4.8,True
503772,3081,P06,MS-TRT-RET50,1,44.0,6.6,44.0,37.4,False,10.5,10.5,True
503773,3081,P03,MS-SER-VTC30,1,34.0,5.1,34.0,28.9,False,8.5,8.5,True
503774,3081,P13,MS-GIFT-SACHET,1,0.0,0.0,0.0,0.0,True,1.0,1.0,True
503775,3082,P06,MS-TRT-RET50,2,44.0,8.8,88.0,79.2,False,10.5,21.0,True
503776,3082,P05,MS-SER-NIA30,1,29.0,2.9,29.0,26.1,False,5.9,5.9,True
503777,3082,P09,MS-EYE-015,1,30.0,3.0,30.0,27.0,False,7.5,7.5,True
503778,3082,P10,MS-MSK-CLY100,1,26.0,2.6,26.0,23.4,False,6.0,6.0,True
503779,3082,P13,MS-GIFT-SACHET,1,0.0,0.0,0.0,0.0,True,1.0,1.0,True
503780,3083,P05,MS-SER-NIA30,1,29.0,4.35,29.0,24.65,False,5.9,5.9,True
503781,3083,P10,MS-MSK-CLY100,1,26.0,3.9,26.0,22.1,False,6.0,6.0,True
503782,3084,P05,MS-SER-NIA30,1,29.0,4.35,29.0,24.65,False,5.9,5.9,True
503783,3084,P01,MS-CLN-GEL150,1,22.0,3.3,22.0,18.7,False,4.8,4.8,True
503784,3084,P04,MS-SER-HYA30,2,34.0,10.2,68.0,57.8,False,7.2,14.4,True
503785,3084,P03,MS-SER-VTC30,1,34.0,5.1,34.0,28.9,False,8.5,8.5,True
503786,3085,P03,MS-SER-VTC30,1,34.0,5.1,34.0,28.9,False,8.5,8.5,True
503787,3086,P01,MS-CLN-GEL150,1,22.0,0.0,22.0,22.0,False,4.8,4.8,True
503788,3086,P03,MS-SER-VTC30,1,34.0,0.0,34.0,34.0,False,8.5,8.5,True
503789,3087,P11,MS-BDY-LOT400,1,28.0,4.2,28.0,23.8,False,8.5,8.5,True
503790,3087,P04,MS-SER-HYA30,2,34.0,10.2,68.0,57.8,False,7.2,14.4,True
503791,3087,P03,MS-SER-VTC30,1,34.0,5.1,34.0,28.9,False,8.5,8.5,True
503792,3087,P13,MS-GIFT-SACHET,1,0.0,0.0,0.0,0.0,True,1.0,1.0,True
503793,3088,P11,MS-BDY-LOT400,1,28.0,4.2,28.0,23.8,False,8.5,8.5,True
503794,3089,P07,MS-MOI-SPF50,1,32.0,4.8,32.0,27.2,False,7.8,7.8,True
503795,3089,P06,MS-TRT-RET50,1,44.0,6.6,44.0,37.4,False,10.5,10.5,True
503796,3089,P02,MS-CLN-CRM150,1,24.0,3.6,24.0,20.4,False,5.4,5.4,True
503797,3090,P10,MS-MSK-CLY100,1,26.0,3.9,26.0,22.1,False,6.0,6.0,True
503798,3090,P04,MS-SER-HYA30,1,34.0,5.1,34.0,28.9,False,7.2,7.2,True
503799,3091,P11,MS-BDY-LOT400,1,28.0,0.0,28.0,28.0,False,8.5,8.5,True
503800,3092,P09,MS-EYE-015,1,30.0,0.0,30.0,30.0,False,7.5,7.5,False
503801,3093,P09,MS-EYE-015,1,30.0,4.5,30.0,25.5,False,7.5,7.5,True
503802,3094,P12,MS-SET-RTN3,1,84.0,12.6,84.0,71.4,False,21.1,21.1,True
503803,3094,P13,MS-GIFT-SACHET,1,0.0,0.0,0.0,0.0,True,1.0,1.0,True
503804,3095,P02,MS-CLN-CRM150,1,24.0,0.0,24.0,24.0,False,5.4,5.4,True
503805,3096,P06,MS-TRT-RET50,1,44.0,0.0,44.0,44.0,False,10.5,10.5,False
503806,3096,P04,MS-SER-HYA30,1,34.0,0.0,34.0,34.0,False,7.2,7.2,False
503807,3096,P10,MS-MSK-CLY100,1,26.0,0.0,26.0,26.0,False,6.0,6.0,False
503808,3096,P13,MS-GIFT-SACHET,1,0.0,0.0,0.0,0.0,True,1.0,1.0,False
503809,3097,P05,MS-SER-NIA30,1,29.0,0.0,29.0,29.0,False,5.9,5.9,True
503810,3097,P11,MS-BDY-LOT400,1,28.0,0.0,28.0,28.0,False,8.5,8.5,True
503811,3098,P08,MS-MOI-BAR50,1,36.0,5.4,36.0,30.6,False,8.0,8.0,True
503812,3099,P11,MS-BDY-LOT400,1,28.0,0.0,28.0,28.0,False,8.5,8.5,True
503813,3099,P04,MS-SER-HYA30,1,34.0,0.0,34.0,34.0,False,7.2,7.2,True
503814,3100,P03,MS-SER-VTC30,1,34.0,5.1,34.0,28.9,False,8.5,8.5,True
503815,3100,P04,MS-SER-HYA30,1,34.0,5.1,34.0,28.9,False,7.2,7.2,True
503816,3101,P07,MS-MOI-SPF50,1,32.0,4.8,32.0,27.2,False,7.8,7.8,True
503817,3102,P03,MS-SER-VTC30,1,34.0,5.1,34.0,28.9,False,8.5,8.5,True
503818,3103,P01,MS-CLN-GEL150,1,22.0,0.0,22.0,22.0,False,4.8,4.8,True
503819,3103,P03,MS-SER-VTC30,1,34.0,0.0,34.0,34.0,False,8.5,8.5,True
503820,3104,P07,MS-MOI-SPF50,1,32.0,0.0,32.0,32.0,False,7.8,7.8,True
503821,3104,P03,MS-SER-VTC30,1,34.0,0.0,34.0,34.0,False,8.5,8.5,True
503822,3105,P12,MS-SET-RTN3,1,84.0,12.6,84.0,71.4,False,21.1,21.1,True
503823,3105,P04,MS-SER-HYA30,2,34.0,10.2,68.0,57.8,False,7.2,14.4,True
503824,3105,P03,MS-SER-VTC30,1,34.0,5.1,34.0,28.9,False,8.5,8.5,True
503825,3105,P13,MS-GIFT-SACHET,1,0.0,0.0,0.0,0.0,True,1.0,1.0,True
503826,3106,P09,MS-EYE-015,1,30.0,4.5,30.0,25.5,False,7.5,7.5,True
503827,3107,P10,MS-MSK-CLY100,1,26.0,0.0,26.0,26.0,False,6.0,6.0,True
503828,3107,P08,MS-MOI-BAR50,1,36.0,0.0,36.0,36.0,False,8.0,8.0,True
503829,3107,P01,MS-CLN-GEL150,1,22.0,0.0,22.0,22.0,False,4.8,4.8,True
503830,3107,P13,MS-GIFT-SACHET,1,0.0,0.0,0.0,0.0,True,1.0,1.0,True
503831,3108,P01,MS-CLN-GEL150,2,22.0,0.0,44.0,44.0,False,4.8,9.6,True
503832,3109,P03,MS-SER-VTC30,1,34.0,0.0,34.0,34.0,False,8.5,8.5,True
503833,3109,P01,MS-CLN-GEL150,1,22.0,0.0,22.0,22.0,False,4.8,4.8,True
503834,3109,P02,MS-CLN-CRM150,1,24.0,0.0,24.0,24.0,False,5.4,5.4,True
503835,3109,P13,MS-GIFT-SACHET,1,0.0,0.0,0.0,0.0,True,1.0,1.0,True
503836,3110,P08,MS-MOI-BAR50,1,36.0,0.0,36.0,36.0,False,8.0,8.0,True
503837,3111,P04,MS-SER-HYA30,2,34.0,10.2,68.0,57.8,False,7.2,14.4,True
503838,3112,P05,MS-SER-NIA30,1,29.0,2.9,29.0,26.1,False,5.9,5.9,True
503839,3113,P03,MS-SER-VTC30,1,34.0,5.1,34.0,28.9,False,8.5,8.5,False
503840,3114,P03,MS-SER-VTC30,1,34.0,5.1,34.0,28.9,False,8.5,8.5,True
503841,3115,P07,MS-MOI-SPF50,2,32.0,9.6,64.0,54.4,False,7.8,15.6,True
503842,3116,P01,MS-CLN-GEL150,1,22.0,0.0,22.0,22.0,False,4.8,4.8,True
503843,3117,P09,MS-EYE-015,1,30.0,4.5,30.0,25.5,False,7.5,7.5,True
503844,3117,P06,MS-TRT-RET50,1,44.0,6.6,44.0,37.4,False,10.5,10.5,True
503845,3118,P06,MS-TRT-RET50,1,44.0,0.0,44.0,44.0,False,10.5,10.5,True
503846,3119,P07,MS-MOI-SPF50,1,32.0,4.8,32.0,27.2,False,7.8,7.8,True
503847,3120,P01,MS-CLN-GEL150,2,22.0,6.6,44.0,37.4,False,4.8,9.6,True
503848,3120,P07,MS-MOI-SPF50,2,32.0,9.6,64.0,54.4,False,7.8,15.6,True
503849,3120,P04,MS-SER-HYA30,2,34.0,10.2,68.0,57.8,False,7.2,14.4,True
503850,3120,P05,MS-SER-NIA30,1,29.0,4.35,29.0,24.65,False,5.9,5.9,True
503851,3121,P04,MS-SER-HYA30,1,34.0,3.4,34.0,30.6,False,7.2,7.2,True
503852,3122,P05,MS-SER-NIA30,1,29.0,4.35,29.0,24.65,False,5.9,5.9,True
503853,3123,P06,MS-TRT-RET50,1,44.0,6.6,44.0,37.4,False,10.5,10.5,True
503854,3123,P08,MS-MOI-BAR50,1,36.0,5.4,36.0,30.6,False,8.0,8.0,True
503855,3123,P13,MS-GIFT-SACHET,1,0.0,0.0,0.0,0.0,True,1.0,1.0,True
503856,3124,P12,MS-SET-RTN3,1,84.0,8.4,84.0,75.6,False,21.1,21.1,True
503857,3124,P13,MS-GIFT-SACHET,1,0.0,0.0,0.0,0.0,True,1.0,1.0,True
503858,3125,P03,MS-SER-VTC30,1,34.0,5.1,34.0,28.9,False,8.5,8.5,True
503859,3126,P03,MS-SER-VTC30,1,34.0,0.0,34.0,34.0,False,8.5,8.5,True
503860,3127,P07,MS-MOI-SPF50,1,32.0,0.0,32.0,32.0,False,7.8,7.8,True
503861,3128,P05,MS-SER-NIA30,1,29.0,0.0,29.0,29.0,False,5.9,5.9,True
503862,3129,P11,MS-BDY-LOT400,1,28.0,4.2,28.0,23.8,False,8.5,8.5,True
503863,3130,P01,MS-CLN-GEL150,1,22.0,0.0,22.0,22.0,False,4.8,4.8,True
503864,3131,P11,MS-BDY-LOT400,1,28.0,7.77,28.0,20.23,False,8.5,8.5,True
503865,3132,P04,MS-SER-HYA30,1,34.0,5.1,34.0,28.9,False,7.2,7.2,True
503866,3133,P03,MS-SER-VTC30,1,34.0,5.1,34.0,28.9,False,8.5,8.5,True
503867,3133,P01,MS-CLN-GEL150,1,22.0,3.3,22.0,18.7,False,4.8,4.8,True
503868,3134,P07,MS-MOI-SPF50,1,32.0,3.2,32.0,28.8,False,7.8,7.8,True
503869,3134,P08,MS-MOI-BAR50,1,36.0,3.6,36.0,32.4,False,8.0,8.0,True
503870,3135,P10,MS-MSK-CLY100,1,26.0,3.9,26.0,22.1,False,6.0,6.0,True
503871,3135,P06,MS-TRT-RET50,1,44.0,6.6,44.0,37.4,False,10.5,10.5,True
503872,3135,P07,MS-MOI-SPF50,1,32.0,4.8,32.0,27.2,False,7.8,7.8,True
503873,3136,P03,MS-SER-VTC30,1,34.0,5.1,34.0,28.9,False,8.5,8.5,True
503874,3137,P12,MS-SET-RTN3,1,84.0,12.6,84.0,71.4,False,21.1,21.1,True
503875,3137,P13,MS-GIFT-SACHET,1,0.0,0.0,0.0,0.0,True,1.0,1.0,True
503876,3138,P03,MS-SER-VTC30,1,34.0,5.1,34.0,28.9,False,8.5,8.5,True
503877,3139,P03,MS-SER-VTC30,1,34.0,5.1,34.0,28.9,False,8.5,8.5,True
503878,3140,P03,MS-SER-VTC30,2,34.0,10.2,68.0,57.8,False,8.5,17.0,True
503879,3140,P08,MS-MOI-BAR50,1,36.0,5.4,36.0,30.6,False,8.0,8.0,True
503880,3141,P12,MS-SET-RTN3,1,84.0,12.6,84.0,71.4,False,21.1,21.1,True
503881,3141,P13,MS-GIFT-SACHET,1,0.0,0.0,0.0,0.0,True,1.0,1.0,True
503882,3142,P07,MS-MOI-SPF50,2,32.0,9.6,64.0,54.4,False,7.8,15.6,True
503883,3143,P08,MS-MOI-BAR50,1,36.0,5.4,36.0,30.6,False,8.0,8.0,True
503884,3143,P07,MS-MOI-SPF50,1,32.0,4.8,32.0,27.2,False,7.8,7.8,True
503885,3144,P10,MS-MSK-CLY100,1,26.0,0.0,26.0,26.0,False,6.0,6.0,True
503886,3145,P11,MS-BDY-LOT400,1,28.0,0.0,28.0,28.0,False,8.5,8.5,True
503887,3145,P05,MS-SER-NIA30,1,29.0,0.0,29.0,29.0,False,5.9,5.9,True
503888,3146,P05,MS-SER-NIA30,1,29.0,2.9,29.0,26.1,False,5.9,5.9,True
503889,3146,P03,MS-SER-VTC30,1,34.0,3.4,34.0,30.6,False,8.5,8.5,True
503890,3147,P01,MS-CLN-GEL150,1,22.0,3.3,22.0,18.7,False,4.8,4.8,True
503891,3148,P03,MS-SER-VTC30,1,34.0,4.08,34.0,29.92,False,8.5,8.5,True
503892,3149,P01,MS-CLN-GEL150,1,22.0,3.3,22.0,18.7,False,4.8,4.8,True
503893,3150,P05,MS-SER-NIA30,1,29.0,2.9,29.0,26.1,False,5.9,5.9,True
503894,3150,P08,MS-MOI-BAR50,2,36.0,7.2,72.0,64.8,False,8.0,16.0,True
503895,3150,P13,MS-GIFT-SACHET,1,0.0,0.0,0.0,0.0,True,1.0,1.0,True
503896,3151,P06,MS-TRT-RET50,1,44.0,0.0,44.0,44.0,False,10.5,10.5,True
503897,3151,P02,MS-CLN-CRM150,1,24.0,0.0,24.0,24.0,False,5.4,5.4,True
503898,3152,P05,MS-SER-NIA30,1,29.0,0.0,29.0,29.0,False,5.9,5.9,True
503899,3152,P08,MS-MOI-BAR50,2,36.0,0.0,72.0,72.0,False,8.0,16.0,True
503900,3152,P11,MS-BDY-LOT400,2,28.0,0.0,56.0,56.0,False,8.5,17.0,True
503901,3153,P05,MS-SER-NIA30,1,29.0,0.0,29.0,29.0,False,5.9,5.9,True
503902,3154,P03,MS-SER-VTC30,1,34.0,0.0,34.0,34.0,False,8.5,8.5,True
503903,3154,P06,MS-TRT-RET50,1,44.0,0.0,44.0,44.0,False,10.5,10.5,True
503904,3155,P03,MS-SER-VTC30,1,34.0,0.0,34.0,34.0,False,8.5,8.5,True
503905,3155,P12,MS-SET-RTN3,1,84.0,0.0,84.0,84.0,False,21.1,21.1,True
503906,3155,P05,MS-SER-NIA30,1,29.0,0.0,29.0,29.0,False,5.9,5.9,True
503907,3155,P02,MS-CLN-CRM150,2,24.0,0.0,48.0,48.0,False,5.4,10.8,True
503908,3155,P13,MS-GIFT-SACHET,1,0.0,0.0,0.0,0.0,True,1.0,1.0,True
503909,3156,P01,MS-CLN-GEL150,1,22.0,3.3,22.0,18.7,False,4.8,4.8,True
503910,3157,P04,MS-SER-HYA30,1,34.0,0.0,34.0,34.0,False,7.2,7.2,True
503911,3157,P07,MS-MOI-SPF50,1,32.0,0.0,32.0,32.0,False,7.8,7.8,True
503912,3157,P06,MS-TRT-RET50,1,44.0,0.0,44.0,44.0,False,10.5,10.5,True
503913,3157,P13,MS-GIFT-SACHET,1,0.0,0.0,0.0,0.0,True,1.0,1.0,True
503914,3158,P04,MS-SER-HYA30,1,34.0,0.0,34.0,34.0,False,7.2,7.2,True
503915,3159,P04,MS-SER-HYA30,1,34.0,5.1,34.0,28.9,False,7.2,7.2,False
503916,3159,P05,MS-SER-NIA30,1,29.0,4.35,29.0,24.65,False,5.9,5.9,False
503917,3159,P01,MS-CLN-GEL150,1,22.0,3.3,22.0,18.7,False,4.8,4.8,False
503918,3159,P07,MS-MOI-SPF50,1,32.0,4.8,32.0,27.2,False,7.8,7.8,False
503919,3159,P13,MS-GIFT-SACHET,1,0.0,0.0,0.0,0.0,True,1.0,1.0,False
503920,3160,P04,MS-SER-HYA30,1,34.0,5.1,34.0,28.9,False,7.2,7.2,True
503921,3161,P12,MS-SET-RTN3,1,84.0,0.0,84.0,84.0,False,21.1,21.1,True
503922,3162,P07,MS-MOI-SPF50,1,32.0,4.8,32.0,27.2,False,7.8,7.8,True
503923,3163,P06,MS-TRT-RET50,1,44.0,4.4,44.0,39.6,False,10.5,10.5,True
503924,3164,P03,MS-SER-VTC30,1,34.0,3.4,34.0,30.6,False,8.5,8.5,True
503925,3164,P04,MS-SER-HYA30,1,34.0,3.4,34.0,30.6,False,7.2,7.2,True
503926,3165,P01,MS-CLN-GEL150,2,22.0,6.6,44.0,37.4,False,4.8,9.6,True
503927,3166,P08,MS-MOI-BAR50,1,36.0,3.6,36.0,32.4,False,8.0,8.0,True
503928,3167,P04,MS-SER-HYA30,1,34.0,0.0,34.0,34.0,False,7.2,7.2,True
503929,3167,P05,MS-SER-NIA30,1,29.0,0.0,29.0,29.0,False,5.9,5.9,True
503930,3168,P10,MS-MSK-CLY100,1,26.0,2.6,26.0,23.4,False,6.0,6.0,True
503931,3168,P03,MS-SER-VTC30,1,34.0,3.4,34.0,30.6,False,8.5,8.5,True
503932,3168,P04,MS-SER-HYA30,2,34.0,6.8,68.0,61.2,False,7.2,14.4,True
503933,3168,P13,MS-GIFT-SACHET,1,0.0,0.0,0.0,0.0,True,1.0,1.0,True
503934,3169,P03,MS-SER-VTC30,1,34.0,0.0,34.0,34.0,False,8.5,8.5,True
503935,3169,P07,MS-MOI-SPF50,1,32.0,0.0,32.0,32.0,False,7.8,7.8,True
503936,3169,P04,MS-SER-HYA30,2,34.0,0.0,68.0,68.0,False,7.2,14.4,True
503937,3169,P13,MS-GIFT-SACHET,1,0.0,0.0,0.0,0.0,True,1.0,1.0,True
503938,3170,P03,MS-SER-VTC30,1,34.0,5.1,34.0,28.9,False,8.5,8.5,True
503939,3170,P01,MS-CLN-GEL150,1,22.0,3.3,22.0,18.7,False,4.8,4.8,True
503940,3171,P12,MS-SET-RTN3,1,84.0,12.6,84.0,71.4,False,21.1,21.1,False
503941,3171,P13,MS-GIFT-SACHET,1,0.0,0.0,0.0,0.0,True,1.0,1.0,False
503942,3172,P02,MS-CLN-CRM150,1,24.0,0.0,24.0,24.0,False,5.4,5.4,True
503943,3172,P03,MS-SER-VTC30,1,34.0,0.0,34.0,34.0,False,8.5,8.5,True
503944,3173,P08,MS-MOI-BAR50,2,36.0,0.0,72.0,72.0,False,8.0,16.0,True
503945,3174,P12,MS-SET-RTN3,1,84.0,8.4,84.0,75.6,False,21.1,21.1,True
503946,3174,P13,MS-GIFT-SACHET,1,0.0,0.0,0.0,0.0,True,1.0,1.0,True
503947,3175,P03,MS-SER-VTC30,1,34.0,0.0,34.0,34.0,False,8.5,8.5,True
503948,3175,P10,MS-MSK-CLY100,2,26.0,0.0,52.0,52.0,False,6.0,12.0,True
503949,3175,P13,MS-GIFT-SACHET,1,0.0,0.0,0.0,0.0,True,1.0,1.0,True
503950,3176,P12,MS-SET-RTN3,1,84.0,12.6,84.0,71.4,False,21.1,21.1,True
503951,3176,P03,MS-SER-VTC30,2,34.0,10.2,68.0,57.8,False,8.5,17.0,True
503952,3176,P13,MS-GIFT-SACHET,1,0.0,0.0,0.0,0.0,True,1.0,1.0,True
503953,3177,P03,MS-SER-VTC30,1,34.0,0.0,34.0,34.0,False,8.5,8.5,True
503954,3177,P08,MS-MOI-BAR50,1,36.0,0.0,36.0,36.0,False,8.0,8.0,True
503955,3178,P01,MS-CLN-GEL150,1,22.0,3.3,22.0,18.7,False,4.8,4.8,True
503956,3179,P03,MS-SER-VTC30,2,34.0,0.0,68.0,68.0,False,8.5,17.0,True
503957,3180,P12,MS-SET-RTN3,1,84.0,0.0,84.0,84.0,False,21.1,21.1,True
503958,3180,P13,MS-GIFT-SACHET,1,0.0,0.0,0.0,0.0,True,1.0,1.0,True
503959,3181,P11,MS-BDY-LOT400,2,28.0,5.6,56.0,50.4,False,8.5,17.0,True
503960,3182,P12,MS-SET-RTN3,1,84.0,0.0,84.0,84.0,False,21.1,21.1,True
503961,3182,P05,MS-SER-NIA30,2,29.0,0.0,58.0,58.0,False,5.9,11.8,True
503962,3183,P08,MS-MOI-BAR50,1,36.0,5.4,36.0,30.6,False,8.0,8.0,True
503963,3183,P09,MS-EYE-015,1,30.0,4.5,30.0,25.5,False,7.5,7.5,True
503964,3184,P04,MS-SER-HYA30,2,34.0,10.2,68.0,57.8,False,7.2,14.4,True
503965,3185,P07,MS-MOI-SPF50,2,32.0,0.0,64.0,64.0,False,7.8,15.6,True
503966,3185,P08,MS-MOI-BAR50,1,36.0,0.0,36.0,36.0,False,8.0,8.0,True
503967,3185,P13,MS-GIFT-SACHET,1,0.0,0.0,0.0,0.0,True,1.0,1.0,True
503968,3186,P06,MS-TRT-RET50,2,44.0,8.8,88.0,79.2,False,10.5,21.0,True
503969,3186,P02,MS-CLN-CRM150,1,24.0,2.4,24.0,21.6,False,5.4,5.4,True
503970,3186,P13,MS-GIFT-SACHET,1,0.0,0.0,0.0,0.0,True,1.0,1.0,True
503971,3187,P04,MS-SER-HYA30,2,34.0,6.8,68.0,61.2,False,7.2,14.4,True
503972,3187,P08,MS-MOI-BAR50,1,36.0,3.6,36.0,32.4,False,8.0,8.0,True
503973,3187,P02,MS-CLN-CRM150,1,24.0,2.4,24.0,21.6,False,5.4,5.4,True
503974,3187,P13,MS-GIFT-SACHET,1,0.0,0.0,0.0,0.0,True,1.0,1.0,True
503975,3188,P04,MS-SER-HYA30,2,34.0,0.0,68.0,68.0,False,7.2,14.4,True
503976,3188,P05,MS-SER-NIA30,1,29.0,0.0,29.0,29.0,False,5.9,5.9,True
503977,3189,P01,MS-CLN-GEL150,1,22.0,0.0,22.0,22.0,False,4.8,4.8,True
503978,3189,P02,MS-CLN-CRM150,1,24.0,0.0,24.0,24.0,False,5.4,5.4,True
503979,3189,P07,MS-MOI-SPF50,1,32.0,0.0,32.0,32.0,False,7.8,7.8,True
503980,3189,P13,MS-GIFT-SACHET,1,0.0,0.0,0.0,0.0,True,1.0,1.0,True
503981,3190,P01,MS-CLN-GEL150,1,22.0,0.0,22.0,22.0,False,4.8,4.8,True
503982,3190,P04,MS-SER-HYA30,1,34.0,0.0,34.0,34.0,False,7.2,7.2,True
503983,3191,P03,MS-SER-VTC30,1,34.0,5.1,34.0,28.9,False,8.5,8.5,True
503984,3191,P07,MS-MOI-SPF50,1,32.0,4.8,32.0,27.2,False,7.8,7.8,True
503985,3192,P09,MS-EYE-015,2,30.0,0.0,60.0,60.0,False,7.5,15.0,True
503986,3193,P04,MS-SER-HYA30,1,34.0,3.4,34.0,30.6,False,7.2,7.2,True
503987,3194,P01,MS-CLN-GEL150,1,22.0,2.2,22.0,19.8,False,4.8,4.8,True
503988,3194,P05,MS-SER-NIA30,1,29.0,2.9,29.0,26.1,False,5.9,5.9,True
503989,3195,P09,MS-EYE-015,1,30.0,3.0,30.0,27.0,False,7.5,7.5,True
503990,3195,P07,MS-MOI-SPF50,1,32.0,3.2,32.0,28.8,False,7.8,7.8,True
503991,3196,P03,MS-SER-VTC30,1,34.0,5.1,34.0,28.9,False,8.5,8.5,True
503992,3197,P05,MS-SER-NIA30,1,29.0,0.0,29.0,29.0,False,5.9,5.9,True
503993,3198,P03,MS-SER-VTC30,1,34.0,0.0,34.0,34.0,False,8.5,8.5,False
503994,3199,P08,MS-MOI-BAR50,1,36.0,0.0,36.0,36.0,False,8.0,8.0,True
503995,3199,P05,MS-SER-NIA30,1,29.0,0.0,29.0,29.0,False,5.9,5.9,True
503996,3199,P01,MS-CLN-GEL150,1,22.0,0.0,22.0,22.0,False,4.8,4.8,True
503997,3199,P13,MS-GIFT-SACHET,1,0.0,0.0,0.0,0.0,True,1.0,1.0,True
503998,3200,P08,MS-MOI-BAR50,1,36.0,5.4,36.0,30.6,False,8.0,8.0,True
503999,3201,P03,MS-SER-VTC30,1,34.0,0.0,34.0,34.0,False,8.5,8.5,True
504000,3202,P03,MS-SER-VTC30,1,34.0,0.0,34.0,34.0,False,8.5,8.5,True
504001,3203,P06,MS-TRT-RET50,1,44.0,6.6,44.0,37.4,False,10.5,10.5,True
504002,3204,P08,MS-MOI-BAR50,1,36.0,0.0,36.0,36.0,False,8.0,8.0,True
504003,3204,P01,MS-CLN-GEL150,1,22.0,0.0,22.0,22.0,False,4.8,4.8,True
504004,3205,P08,MS-MOI-BAR50,1,36.0,3.6,36.0,32.4,False,8.0,8.0,True
504005,3205,P10,MS-MSK-CLY100,1,26.0,2.6,26.0,23.4,False,6.0,6.0,True
504006,3205,P03,MS-SER-VTC30,1,34.0,3.4,34.0,30.6,False,8.5,8.5,True
504007,3205,P04,MS-SER-HYA30,1,34.0,3.4,34.0,30.6,False,7.2,7.2,True
504008,3206,P05,MS-SER-NIA30,1,29.0,0.0,29.0,29.0,False,5.9,5.9,True
504009,3207,P01,MS-CLN-GEL150,1,22.0,0.0,22.0,22.0,False,4.8,4.8,True
504010,3207,P07,MS-MOI-SPF50,1,32.0,0.0,32.0,32.0,False,7.8,7.8,True
504011,3208,P04,MS-SER-HYA30,1,34.0,5.1,34.0,28.9,False,7.2,7.2,True
504012,3208,P12,MS-SET-RTN3,1,84.0,12.6,84.0,71.4,False,21.1,21.1,True
504013,3209,P07,MS-MOI-SPF50,1,32.0,0.0,32.0,32.0,False,7.8,7.8,True
504014,3209,P01,MS-CLN-GEL150,1,22.0,0.0,22.0,22.0,False,4.8,4.8,True
504015,3210,P09,MS-EYE-015,1,30.0,4.5,30.0,25.5,False,7.5,7.5,True
504016,3210,P08,MS-MOI-BAR50,2,36.0,10.8,72.0,61.2,False,8.0,16.0,True
504017,3210,P05,MS-SER-NIA30,1,29.0,4.35,29.0,24.65,False,5.9,5.9,True
504018,3210,P13,MS-GIFT-SACHET,1,0.0,0.0,0.0,0.0,True,1.0,1.0,True
504019,3211,P07,MS-MOI-SPF50,1,32.0,0.0,32.0,32.0,False,7.8,7.8,True
504020,3212,P07,MS-MOI-SPF50,1,32.0,4.8,32.0,27.2,False,7.8,7.8,True
504021,3212,P06,MS-TRT-RET50,1,44.0,6.6,44.0,37.4,False,10.5,10.5,True
504022,3212,P13,MS-GIFT-SACHET,1,0.0,0.0,0.0,0.0,True,1.0,1.0,True
504023,3213,P08,MS-MOI-BAR50,1,36.0,0.0,36.0,36.0,False,8.0,8.0,True
504024,3214,P02,MS-CLN-CRM150,1,24.0,0.0,24.0,24.0,False,5.4,5.4,True
504025,3215,P11,MS-BDY-LOT400,1,28.0,0.0,28.0,28.0,False,8.5,8.5,True
504026,3215,P03,MS-SER-VTC30,1,34.0,0.0,34.0,34.0,False,8.5,8.5,True
504027,3216,P08,MS-MOI-BAR50,2,36.0,0.0,72.0,72.0,False,8.0,16.0,True
504028,3217,P07,MS-MOI-SPF50,1,32.0,4.8,32.0,27.2,False,7.8,7.8,True
504029,3218,P02,MS-CLN-CRM150,1,24.0,0.0,24.0,24.0,False,5.4,5.4,True
504030,3218,P03,MS-SER-VTC30,1,34.0,0.0,34.0,34.0,False,8.5,8.5,True
504031,3219,P06,MS-TRT-RET50,1,44.0,6.6,44.0,37.4,False,10.5,10.5,True
504032,3219,P08,MS-MOI-BAR50,2,36.0,10.8,72.0,61.2,False,8.0,16.0,True
504033,3219,P13,MS-GIFT-SACHET,1,0.0,0.0,0.0,0.0,True,1.0,1.0,True
504034,3220,P05,MS-SER-NIA30,1,29.0,4.35,29.0,24.65,False,5.9,5.9,True
504035,3220,P07,MS-MOI-SPF50,1,32.0,4.8,32.0,27.2,False,7.8,7.8,True
504036,3220,P12,MS-SET-RTN3,1,84.0,12.6,84.0,71.4,False,21.1,21.1,True
504037,3220,P10,MS-MSK-CLY100,1,26.0,3.9,26.0,22.1,False,6.0,6.0,True
504038,3220,P13,MS-GIFT-SACHET,1,0.0,0.0,0.0,0.0,True,1.0,1.0,True
504039,3221,P05,MS-SER-NIA30,1,29.0,2.9,29.0,26.1,False,5.9,5.9,True
504040,3221,P07,MS-MOI-SPF50,2,32.0,6.4,64.0,57.6,False,7.8,15.6,True
504041,3221,P11,MS-BDY-LOT400,1,28.0,2.8,28.0,25.2,False,8.5,8.5,True
504042,3221,P13,MS-GIFT-SACHET,1,0.0,0.0,0.0,0.0,True,1.0,1.0,True
504043,3222,P07,MS-MOI-SPF50,1,32.0,0.0,32.0,32.0,False,7.8,7.8,True
504044,3222,P02,MS-CLN-CRM150,1,24.0,0.0,24.0,24.0,False,5.4,5.4,True
504045,3222,P08,MS-MOI-BAR50,1,36.0,0.0,36.0,36.0,False,8.0,8.0,True
504046,3222,P04,MS-SER-HYA30,1,34.0,0.0,34.0,34.0,False,7.2,7.2,True
504047,3223,P01,MS-CLN-GEL150,1,22.0,0.0,22.0,22.0,False,4.8,4.8,True
504048,3224,P08,MS-MOI-BAR50,2,36.0,10.8,72.0,61.2,False,8.0,16.0,True
504049,3225,P05,MS-SER-NIA30,1,29.0,2.9,29.0,26.1,False,5.9,5.9,True
504050,3225,P03,MS-SER-VTC30,1,34.0,3.4,34.0,30.6,False,8.5,8.5,True
504051,3225,P04,MS-SER-HYA30,2,34.0,6.8,68.0,61.2,False,7.2,14.4,True
504052,3225,P13,MS-GIFT-SACHET,1,0.0,0.0,0.0,0.0,True,1.0,1.0,True
504053,3226,P03,MS-SER-VTC30,1,34.0,5.1,34.0,28.9,False,8.5,8.5,True
504054,3227,P07,MS-MOI-SPF50,1,32.0,4.8,32.0,27.2,False,7.8,7.8,True
504055,3228,P05,MS-SER-NIA30,2,29.0,0.0,58.0,58.0,False,5.9,11.8,True
504056,3228,P01,MS-CLN-GEL150,1,22.0,0.0,22.0,22.0,False,4.8,4.8,True
504057,3228,P13,MS-GIFT-SACHET,1,0.0,0.0,0.0,0.0,True,1.0,1.0,True
504058,3229,P08,MS-MOI-BAR50,1,36.0,0.0,36.0,36.0,False,8.0,8.0,True
504059,3230,P08,MS-MOI-BAR50,1,36.0,4.32,36.0,31.68,False,8.0,8.0,True
504060,3231,P02,MS-CLN-CRM150,1,24.0,0.0,24.0,24.0,False,5.4,5.4,True
504061,3231,P06,MS-TRT-RET50,1,44.0,0.0,44.0,44.0,False,10.5,10.5,True
504062,3232,P06,MS-TRT-RET50,2,44.0,0.0,88.0,88.0,False,10.5,21.0,True
504063,3232,P01,MS-CLN-GEL150,1,22.0,0.0,22.0,22.0,False,4.8,4.8,True
504064,3232,P13,MS-GIFT-SACHET,1,0.0,0.0,0.0,0.0,True,1.0,1.0,True
504065,3233,P03,MS-SER-VTC30,1,34.0,0.0,34.0,34.0,False,8.5,8.5,True
504066,3233,P05,MS-SER-NIA30,1,29.0,0.0,29.0,29.0,False,5.9,5.9,True
504067,3234,P03,MS-SER-VTC30,1,34.0,0.0,34.0,34.0,False,8.5,8.5,True
504068,3235,P03,MS-SER-VTC30,1,34.0,0.0,34.0,34.0,False,8.5,8.5,True
504069,3236,P03,MS-SER-VTC30,1,34.0,5.1,34.0,28.9,False,8.5,8.5,True
504070,3237,P07,MS-MOI-SPF50,1,32.0,0.0,32.0,32.0,False,7.8,7.8,True
504071,3237,P08,MS-MOI-BAR50,1,36.0,0.0,36.0,36.0,False,8.0,8.0,True
504072,3237,P12,MS-SET-RTN3,1,84.0,0.0,84.0,84.0,False,21.1,21.1,True
504073,3237,P13,MS-GIFT-SACHET,1,0.0,0.0,0.0,0.0,True,1.0,1.0,True
504074,3238,P08,MS-MOI-BAR50,1,36.0,5.4,36.0,30.6,False,8.0,8.0,True
504075,3238,P03,MS-SER-VTC30,1,34.0,5.1,34.0,28.9,False,8.5,8.5,True
504076,3238,P07,MS-MOI-SPF50,1,32.0,4.8,32.0,27.2,False,7.8,7.8,True
504077,3238,P11,MS-BDY-LOT400,1,28.0,4.2,28.0,23.8,False,8.5,8.5,True
504078,3239,P01,MS-CLN-GEL150,1,22.0,0.0,22.0,22.0,False,4.8,4.8,True
504079,3240,P01,MS-CLN-GEL150,1,22.0,0.0,22.0,22.0,False,4.8,4.8,True
504080,3240,P09,MS-EYE-015,1,30.0,0.0,30.0,30.0,False,7.5,7.5,True
504081,3241,P01,MS-CLN-GEL150,1,22.0,0.0,22.0,22.0,False,4.8,4.8,True
504082,3242,P03,MS-SER-VTC30,1,34.0,3.4,34.0,30.6,False,8.5,8.5,True
504083,3243,P06,MS-TRT-RET50,1,44.0,0.0,44.0,44.0,False,10.5,10.5,True
504084,3243,P05,MS-SER-NIA30,1,29.0,0.0,29.0,29.0,False,5.9,5.9,True
504085,3244,P11,MS-BDY-LOT400,1,28.0,0.0,28.0,28.0,False,8.5,8.5,True
504086,3244,P02,MS-CLN-CRM150,1,24.0,0.0,24.0,24.0,False,5.4,5.4,True
504087,3244,P01,MS-CLN-GEL150,1,22.0,0.0,22.0,22.0,False,4.8,4.8,True
504088,3245,P01,MS-CLN-GEL150,1,22.0,3.3,22.0,18.7,False,4.8,4.8,True
504089,3246,P03,MS-SER-VTC30,1,34.0,0.0,34.0,34.0,False,8.5,8.5,True
504090,3246,P01,MS-CLN-GEL150,2,22.0,0.0,44.0,44.0,False,4.8,9.6,True
504091,3246,P13,MS-GIFT-SACHET,1,0.0,0.0,0.0,0.0,True,1.0,1.0,True
504092,3247,P05,MS-SER-NIA30,1,29.0,2.9,29.0,26.1,False,5.9,5.9,True
504093,3248,P07,MS-MOI-SPF50,2,32.0,0.0,64.0,64.0,False,7.8,15.6,True
504094,3249,P01,MS-CLN-GEL150,1,22.0,3.3,22.0,18.7,False,4.8,4.8,True
504095,3250,P09,MS-EYE-015,1,30.0,0.0,30.0,30.0,False,7.5,7.5,True
504096,3250,P07,MS-MOI-SPF50,2,32.0,0.0,64.0,64.0,False,7.8,15.6,True
504097,3250,P03,MS-SER-VTC30,2,34.0,0.0,68.0,68.0,False,8.5,17.0,True
504098,3251,P05,MS-SER-NIA30,1,29.0,2.9,29.0,26.1,False,5.9,5.9,True
504099,3252,P05,MS-SER-NIA30,1,29.0,0.0,29.0,29.0,False,5.9,5.9,True
504100,3253,P05,MS-SER-NIA30,2,29.0,0.0,58.0,58.0,False,5.9,11.8,True
504101,3254,P01,MS-CLN-GEL150,1,22.0,2.2,22.0,19.8,False,4.8,4.8,True
504102,3255,P03,MS-SER-VTC30,1,34.0,0.0,34.0,34.0,False,8.5,8.5,True
504103,3255,P04,MS-SER-HYA30,1,34.0,0.0,34.0,34.0,False,7.2,7.2,True
504104,3256,P05,MS-SER-NIA30,1,29.0,0.0,29.0,29.0,False,5.9,5.9,True
504105,3257,P08,MS-MOI-BAR50,1,36.0,0.0,36.0,36.0,False,8.0,8.0,True
504106,3257,P12,MS-SET-RTN3,1,84.0,0.0,84.0,84.0,False,21.1,21.1,True
504107,3258,P04,MS-SER-HYA30,1,34.0,3.4,34.0,30.6,False,7.2,7.2,True
504108,3259,P01,MS-CLN-GEL150,1,22.0,2.2,22.0,19.8,False,4.8,4.8,True
504109,3259,P04,MS-SER-HYA30,1,34.0,3.4,34.0,30.6,False,7.2,7.2,True
504110,3259,P06,MS-TRT-RET50,1,44.0,4.4,44.0,39.6,False,10.5,10.5,True
504111,3260,P01,MS-CLN-GEL150,1,22.0,4.4,22.0,17.6,False,4.8,4.8,True
504112,3261,P08,MS-MOI-BAR50,1,36.0,0.0,36.0,36.0,False,8.0,8.0,True
504113,3262,P03,MS-SER-VTC30,1,34.0,5.1,34.0,28.9,False,8.5,8.5,True
504114,3263,P04,MS-SER-HYA30,1,34.0,5.1,34.0,28.9,False,7.2,7.2,True
504115,3263,P01,MS-CLN-GEL150,1,22.0,3.3,22.0,18.7,False,4.8,4.8,True
504116,3264,P08,MS-MOI-BAR50,1,36.0,5.4,36.0,30.6,False,8.0,8.0,True
504117,3265,P12,MS-SET-RTN3,1,84.0,12.6,84.0,71.4,False,21.1,21.1,True
504118,3265,P03,MS-SER-VTC30,1,34.0,5.1,34.0,28.9,False,8.5,8.5,True
504119,3266,P09,MS-EYE-015,1,30.0,0.0,30.0,30.0,False,7.5,7.5,True
504120,3266,P01,MS-CLN-GEL150,1,22.0,0.0,22.0,22.0,False,4.8,4.8,True
504121,3266,P02,MS-CLN-CRM150,1,24.0,0.0,24.0,24.0,False,5.4,5.4,True
504122,3267,P03,MS-SER-VTC30,1,34.0,0.0,34.0,34.0,False,8.5,8.5,True
504123,3268,P04,MS-SER-HYA30,1,34.0,0.0,34.0,34.0,False,7.2,7.2,True
504124,3268,P07,MS-MOI-SPF50,1,32.0,0.0,32.0,32.0,False,7.8,7.8,True
504125,3269,P05,MS-SER-NIA30,2,29.0,11.6,58.0,46.4,False,5.9,11.8,True
504126,3269,P03,MS-SER-VTC30,1,34.0,6.8,34.0,27.2,False,8.5,8.5,True
504127,3269,P12,MS-SET-RTN3,1,84.0,16.8,84.0,67.2,False,21.1,21.1,True
504128,3270,P07,MS-MOI-SPF50,1,32.0,0.0,32.0,32.0,False,7.8,7.8,True
504129,3271,P01,MS-CLN-GEL150,2,22.0,4.4,44.0,39.6,False,4.8,9.6,True
504130,3272,P11,MS-BDY-LOT400,1,28.0,2.8,28.0,25.2,False,8.5,8.5,True
504131,3272,P07,MS-MOI-SPF50,1,32.0,3.2,32.0,28.8,False,7.8,7.8,True
504132,3273,P05,MS-SER-NIA30,1,29.0,5.8,29.0,23.2,False,5.9,5.9,True
504133,3274,P03,MS-SER-VTC30,1,34.0,0.0,34.0,34.0,False,8.5,8.5,True
504134,3274,P04,MS-SER-HYA30,1,34.0,0.0,34.0,34.0,False,7.2,7.2,True
504135,3275,P06,MS-TRT-RET50,1,44.0,0.0,44.0,44.0,False,10.5,10.5,False
504136,3275,P09,MS-EYE-015,1,30.0,0.0,30.0,30.0,False,7.5,7.5,False
504137,3276,P03,MS-SER-VTC30,1,34.0,6.8,34.0,27.2,False,8.5,8.5,True
504138,3276,P01,MS-CLN-GEL150,1,22.0,4.4,22.0,17.6,False,4.8,4.8,True
504139,3277,P07,MS-MOI-SPF50,2,32.0,0.0,64.0,64.0,False,7.8,15.6,True
504140,3277,P04,MS-SER-HYA30,1,34.0,0.0,34.0,34.0,False,7.2,7.2,True
504141,3278,P12,MS-SET-RTN3,1,84.0,16.8,84.0,67.2,False,21.1,21.1,True
504142,3278,P11,MS-BDY-LOT400,1,28.0,5.6,28.0,22.4,False,8.5,8.5,True
504143,3279,P05,MS-SER-NIA30,1,29.0,5.8,29.0,23.2,False,5.9,5.9,True
504144,3280,P06,MS-TRT-RET50,1,44.0,6.6,44.0,37.4,False,10.5,10.5,True
504145,3281,P07,MS-MOI-SPF50,1,32.0,6.4,32.0,25.6,False,7.8,7.8,True
504146,3282,P01,MS-CLN-GEL150,1,22.0,4.4,22.0,17.6,False,4.8,4.8,True
504147,3283,P10,MS-MSK-CLY100,1,26.0,8.32,26.0,17.68,False,6.0,6.0,True
504148,3283,P01,MS-CLN-GEL150,1,22.0,7.04,22.0,14.96,False,4.8,4.8,True
504149,3284,P04,MS-SER-HYA30,1,34.0,5.1,34.0,28.9,False,7.2,7.2,True
504150,3285,P09,MS-EYE-015,1,30.0,0.0,30.0,30.0,False,7.5,7.5,True
504151,3286,P01,MS-CLN-GEL150,1,22.0,4.4,22.0,17.6,False,4.8,4.8,True
504152,3286,P07,MS-MOI-SPF50,1,32.0,6.4,32.0,25.6,False,7.8,7.8,True
504153,3287,P12,MS-SET-RTN3,1,84.0,16.8,84.0,67.2,False,21.1,21.1,True
504154,3287,P03,MS-SER-VTC30,1,34.0,6.8,34.0,27.2,False,8.5,8.5,True
504155,3288,P12,MS-SET-RTN3,1,84.0,12.6,84.0,71.4,False,21.1,21.1,True
504156,3288,P04,MS-SER-HYA30,1,34.0,5.1,34.0,28.9,False,7.2,7.2,True
504157,3288,P03,MS-SER-VTC30,1,34.0,5.1,34.0,28.9,False,8.5,8.5,True
504158,3288,P07,MS-MOI-SPF50,1,32.0,4.8,32.0,27.2,False,7.8,7.8,True
504159,3289,P01,MS-CLN-GEL150,1,22.0,0.0,22.0,22.0,False,4.8,4.8,True
504160,3289,P12,MS-SET-RTN3,1,84.0,0.0,84.0,84.0,False,21.1,21.1,True
504161,3290,P03,MS-SER-VTC30,1,34.0,6.8,34.0,27.2,False,8.5,8.5,True
504162,3291,P07,MS-MOI-SPF50,1,32.0,4.8,32.0,27.2,False,7.8,7.8,True
504163,3291,P01,MS-CLN-GEL150,1,22.0,3.3,22.0,18.7,False,4.8,4.8,True
504164,3292,P11,MS-BDY-LOT400,1,28.0,2.8,28.0,25.2,False,8.5,8.5,True
504165,3292,P05,MS-SER-NIA30,1,29.0,2.9,29.0,26.1,False,5.9,5.9,True
504166,3292,P01,MS-CLN-GEL150,2,22.0,4.4,44.0,39.6,False,4.8,9.6,True
504167,3292,P03,MS-SER-VTC30,1,34.0,3.4,34.0,30.6,False,8.5,8.5,True
504168,3293,P07,MS-MOI-SPF50,1,32.0,10.24,32.0,21.759999999999998,False,7.8,7.8,True
504169,3294,P04,MS-SER-HYA30,2,34.0,0.0,68.0,68.0,False,7.2,14.4,True
504170,3295,P11,MS-BDY-LOT400,1,28.0,2.8,28.0,25.2,False,8.5,8.5,True
504171,3296,P04,MS-SER-HYA30,2,34.0,0.0,68.0,68.0,False,7.2,14.4,True
504172,3297,P04,MS-SER-HYA30,1,34.0,0.0,34.0,34.0,False,7.2,7.2,True
504173,3298,P04,MS-SER-HYA30,1,34.0,0.0,34.0,34.0,False,7.2,7.2,True
504174,3298,P03,MS-SER-VTC30,1,34.0,0.0,34.0,34.0,False,8.5,8.5,True
504175,3299,P12,MS-SET-RTN3,1,84.0,16.8,84.0,67.2,False,21.1,21.1,True
504176,3300,P08,MS-MOI-BAR50,1,36.0,0.0,36.0,36.0,False,8.0,8.0,True
504177,3300,P11,MS-BDY-LOT400,1,28.0,0.0,28.0,28.0,False,8.5,8.5,True
504178,3300,P07,MS-MOI-SPF50,2,32.0,0.0,64.0,64.0,False,7.8,15.6,True
504179,3301,P06,MS-TRT-RET50,1,44.0,6.6,44.0,37.4,False,10.5,10.5,True
504180,3302,P09,MS-EYE-015,1,30.0,4.5,30.0,25.5,False,7.5,7.5,True
504181,3303,P01,MS-CLN-GEL150,1,22.0,4.4,22.0,17.6,False,4.8,4.8,True
504182,3304,P05,MS-SER-NIA30,1,29.0,4.35,29.0,24.65,False,5.9,5.9,True
504183,3305,P11,MS-BDY-LOT400,2,28.0,11.2,56.0,44.8,False,8.5,17.0,True
504184,3306,P12,MS-SET-RTN3,1,84.0,0.0,84.0,84.0,False,21.1,21.1,True
504185,3307,P03,MS-SER-VTC30,1,34.0,6.8,34.0,27.2,False,8.5,8.5,True
504186,3308,P06,MS-TRT-RET50,1,44.0,6.6,44.0,37.4,False,10.5,10.5,True
504187,3309,P02,MS-CLN-CRM150,1,24.0,4.8,24.0,19.2,False,5.4,5.4,True
504188,3309,P07,MS-MOI-SPF50,1,32.0,6.4,32.0,25.6,False,7.8,7.8,True
504189,3310,P03,MS-SER-VTC30,1,34.0,0.0,34.0,34.0,False,8.5,8.5,True
504190,3310,P05,MS-SER-NIA30,1,29.0,0.0,29.0,29.0,False,5.9,5.9,True
504191,3311,P12,MS-SET-RTN3,1,84.0,16.8,84.0,67.2,False,21.1,21.1,True
504192,3312,P02,MS-CLN-CRM150,1,24.0,4.8,24.0,19.2,False,5.4,5.4,True
504193,3312,P04,MS-SER-HYA30,2,34.0,13.6,68.0,54.4,False,7.2,14.4,True
504194,3312,P12,MS-SET-RTN3,1,84.0,16.8,84.0,67.2,False,21.1,21.1,True
504195,3313,P03,MS-SER-VTC30,1,34.0,6.8,34.0,27.2,False,8.5,8.5,True
504196,3313,P09,MS-EYE-015,1,30.0,6.0,30.0,24.0,False,7.5,7.5,True
504197,3313,P04,MS-SER-HYA30,1,34.0,6.8,34.0,27.2,False,7.2,7.2,True
504198,3314,P09,MS-EYE-015,1,30.0,0.0,30.0,30.0,False,7.5,7.5,True
504199,3314,P08,MS-MOI-BAR50,1,36.0,0.0,36.0,36.0,False,8.0,8.0,True
504200,3315,P09,MS-EYE-015,1,30.0,6.0,30.0,24.0,False,7.5,7.5,True
504201,3315,P12,MS-SET-RTN3,1,84.0,16.8,84.0,67.2,False,21.1,21.1,True
504202,3316,P04,MS-SER-HYA30,2,34.0,10.2,68.0,57.8,False,7.2,14.4,True
504203,3316,P07,MS-MOI-SPF50,1,32.0,4.8,32.0,27.2,False,7.8,7.8,True
504204,3316,P10,MS-MSK-CLY100,2,26.0,7.8,52.0,44.2,False,6.0,12.0,True
504205,3317,P04,MS-SER-HYA30,1,34.0,6.8,34.0,27.2,False,7.2,7.2,True
504206,3318,P10,MS-MSK-CLY100,1,26.0,0.0,26.0,26.0,False,6.0,6.0,True
504207,3318,P11,MS-BDY-LOT400,1,28.0,0.0,28.0,28.0,False,8.5,8.5,True
504208,3318,P01,MS-CLN-GEL150,1,22.0,0.0,22.0,22.0,False,4.8,4.8,True
504209,3319,P12,MS-SET-RTN3,1,84.0,16.8,84.0,67.2,False,21.1,21.1,True
504210,3319,P01,MS-CLN-GEL150,1,22.0,4.4,22.0,17.6,False,4.8,4.8,True
504211,3319,P02,MS-CLN-CRM150,1,24.0,4.8,24.0,19.2,False,5.4,5.4,True
504212,3320,P04,MS-SER-HYA30,1,34.0,0.0,34.0,34.0,False,7.2,7.2,True
504213,3320,P05,MS-SER-NIA30,1,29.0,0.0,29.0,29.0,False,5.9,5.9,True
504214,3321,P09,MS-EYE-015,1,30.0,3.0,30.0,27.0,False,7.5,7.5,True
504215,3322,P10,MS-MSK-CLY100,1,26.0,0.0,26.0,26.0,False,6.0,6.0,True
504216,3323,P10,MS-MSK-CLY100,1,26.0,0.0,26.0,26.0,False,6.0,6.0,True
504217,3324,P04,MS-SER-HYA30,1,34.0,6.8,34.0,27.2,False,7.2,7.2,True
504218,3324,P07,MS-MOI-SPF50,1,32.0,6.4,32.0,25.6,False,7.8,7.8,True
504219,3324,P05,MS-SER-NIA30,1,29.0,5.8,29.0,23.2,False,5.9,5.9,True
504220,3324,P06,MS-TRT-RET50,1,44.0,8.8,44.0,35.2,False,10.5,10.5,True
504221,3325,P09,MS-EYE-015,1,30.0,4.5,30.0,25.5,False,7.5,7.5,True
504222,3325,P12,MS-SET-RTN3,1,84.0,12.6,84.0,71.4,False,21.1,21.1,True
504223,3326,P01,MS-CLN-GEL150,1,22.0,2.2,22.0,19.8,False,4.8,4.8,True
504224,3326,P04,MS-SER-HYA30,1,34.0,3.4,34.0,30.6,False,7.2,7.2,True
504225,3326,P07,MS-MOI-SPF50,1,32.0,3.2,32.0,28.8,False,7.8,7.8,True
504226,3327,P12,MS-SET-RTN3,1,84.0,12.6,84.0,71.4,False,21.1,21.1,True
504227,3328,P03,MS-SER-VTC30,1,34.0,6.8,34.0,27.2,False,8.5,8.5,True
504228,3328,P01,MS-CLN-GEL150,1,22.0,4.4,22.0,17.6,False,4.8,4.8,True
504229,3329,P06,MS-TRT-RET50,1,44.0,6.6,44.0,37.4,False,10.5,10.5,True
504230,3329,P04,MS-SER-HYA30,1,34.0,5.1,34.0,28.9,False,7.2,7.2,True
504231,3329,P05,MS-SER-NIA30,1,29.0,4.35,29.0,24.65,False,5.9,5.9,True
504232,3330,P12,MS-SET-RTN3,1,84.0,0.0,84.0,84.0,False,21.1,21.1,True
504233,3331,P07,MS-MOI-SPF50,1,32.0,3.2,32.0,28.8,False,7.8,7.8,True
504234,3332,P01,MS-CLN-GEL150,1,22.0,4.4,22.0,17.6,False,4.8,4.8,True
504235,3333,P09,MS-EYE-015,1,30.0,0.0,30.0,30.0,False,7.5,7.5,True
504236,3334,P05,MS-SER-NIA30,1,29.0,0.0,29.0,29.0,False,5.9,5.9,True
504237,3334,P03,MS-SER-VTC30,1,34.0,0.0,34.0,34.0,False,8.5,8.5,True
504238,3335,P08,MS-MOI-BAR50,1,36.0,0.0,36.0,36.0,False,8.0,8.0,True
504239,3336,P06,MS-TRT-RET50,1,44.0,8.8,44.0,35.2,False,10.5,10.5,True
504240,3337,P03,MS-SER-VTC30,1,34.0,3.4,34.0,30.6,False,8.5,8.5,True
504241,3337,P02,MS-CLN-CRM150,2,24.0,4.8,48.0,43.2,False,5.4,10.8,True
504242,3338,P03,MS-SER-VTC30,1,34.0,0.0,34.0,34.0,False,8.5,8.5,True
504243,3339,P05,MS-SER-NIA30,1,29.0,5.8,29.0,23.2,False,5.9,5.9,True
504244,3340,P07,MS-MOI-SPF50,1,32.0,6.4,32.0,25.6,False,7.8,7.8,True
504245,3340,P03,MS-SER-VTC30,1,34.0,6.8,34.0,27.2,False,8.5,8.5,True
504246,3341,P09,MS-EYE-015,2,30.0,9.0,60.0,51.0,False,7.5,15.0,True
504247,3342,P09,MS-EYE-015,1,30.0,0.0,30.0,30.0,False,7.5,7.5,True
504248,3342,P07,MS-MOI-SPF50,1,32.0,0.0,32.0,32.0,False,7.8,7.8,True
504249,3343,P11,MS-BDY-LOT400,1,28.0,5.6,28.0,22.4,False,8.5,8.5,True
504250,3344,P05,MS-SER-NIA30,2,29.0,0.0,58.0,58.0,False,5.9,11.8,True
504251,3345,P05,MS-SER-NIA30,1,29.0,0.0,29.0,29.0,False,5.9,5.9,True
504252,3345,P10,MS-MSK-CLY100,1,26.0,0.0,26.0,26.0,False,6.0,6.0,True
504253,3346,P07,MS-MOI-SPF50,2,32.0,0.0,64.0,64.0,False,7.8,15.6,True
504254,3346,P01,MS-CLN-GEL150,1,22.0,0.0,22.0,22.0,False,4.8,4.8,True
504255,3347,P09,MS-EYE-015,1,30.0,0.0,30.0,30.0,False,7.5,7.5,True
504256,3348,P08,MS-MOI-BAR50,1,36.0,7.2,36.0,28.8,False,8.0,8.0,True
504257,3348,P12,MS-SET-RTN3,1,84.0,16.8,84.0,67.2,False,21.1,21.1,True
504258,3349,P01,MS-CLN-GEL150,1,22.0,4.4,22.0,17.6,False,4.8,4.8,True
504259,3350,P03,MS-SER-VTC30,1,34.0,6.8,34.0,27.2,False,8.5,8.5,True
504260,3350,P08,MS-MOI-BAR50,1,36.0,7.2,36.0,28.8,False,8.0,8.0,True
504261,3351,P05,MS-SER-NIA30,1,29.0,0.0,29.0,29.0,False,5.9,5.9,True
504262,3351,P06,MS-TRT-RET50,1,44.0,0.0,44.0,44.0,False,10.5,10.5,True
504263,3351,P08,MS-MOI-BAR50,1,36.0,0.0,36.0,36.0,False,8.0,8.0,True
504264,3352,P02,MS-CLN-CRM150,1,24.0,4.8,24.0,19.2,False,5.4,5.4,True
504265,3352,P12,MS-SET-RTN3,1,84.0,16.8,84.0,67.2,False,21.1,21.1,True
504266,3353,P04,MS-SER-HYA30,1,34.0,6.8,34.0,27.2,False,7.2,7.2,True
504267,3354,P11,MS-BDY-LOT400,2,28.0,11.2,56.0,44.8,False,8.5,17.0,True
504268,3355,P12,MS-SET-RTN3,1,84.0,16.8,84.0,67.2,False,21.1,21.1,True
504269,3355,P01,MS-CLN-GEL150,1,22.0,4.4,22.0,17.6,False,4.8,4.8,True
504270,3355,P04,MS-SER-HYA30,1,34.0,6.8,34.0,27.2,False,7.2,7.2,True
504271,3356,P12,MS-SET-RTN3,1,84.0,0.0,84.0,84.0,False,21.1,21.1,True
504272,3357,P03,MS-SER-VTC30,1,34.0,34.0,34.0,0.0,False,8.5,8.5,False
504273,3358,P12,MS-SET-RTN3,1,84.0,12.6,84.0,71.4,False,21.1,21.1,True
504274,3359,P01,MS-CLN-GEL150,1,22.0,4.4,22.0,17.6,False,4.8,4.8,True
504275,3359,P07,MS-MOI-SPF50,1,32.0,6.4,32.0,25.6,False,7.8,7.8,True
504276,3360,P04,MS-SER-HYA30,1,34.0,0.0,34.0,34.0,False,7.2,7.2,True
504277,3360,P07,MS-MOI-SPF50,1,32.0,0.0,32.0,32.0,False,7.8,7.8,True
504278,3361,P12,MS-SET-RTN3,1,84.0,0.0,84.0,84.0,False,21.1,21.1,True
504279,3362,P02,MS-CLN-CRM150,1,24.0,4.8,24.0,19.2,False,5.4,5.4,True
504280,3363,P03,MS-SER-VTC30,1,34.0,5.1,34.0,28.9,False,8.5,8.5,True
504281,3364,P12,MS-SET-RTN3,1,84.0,12.6,84.0,71.4,False,21.1,21.1,True
504282,3364,P03,MS-SER-VTC30,1,34.0,5.1,34.0,28.9,False,8.5,8.5,True
504283,3365,P08,MS-MOI-BAR50,1,36.0,7.2,36.0,28.8,False,8.0,8.0,True
504284,3366,P06,MS-TRT-RET50,2,44.0,13.2,88.0,74.8,False,10.5,21.0,True
504285,3367,P07,MS-MOI-SPF50,1,32.0,0.0,32.0,32.0,False,7.8,7.8,True
504286,3367,P04,MS-SER-HYA30,1,34.0,0.0,34.0,34.0,False,7.2,7.2,True
504287,3368,P03,MS-SER-VTC30,1,34.0,0.0,34.0,34.0,False,8.5,8.5,True
504288,3368,P08,MS-MOI-BAR50,1,36.0,0.0,36.0,36.0,False,8.0,8.0,True
504289,3369,P03,MS-SER-VTC30,1,34.0,5.1,34.0,28.9,False,8.5,8.5,True
504290,3370,P06,MS-TRT-RET50,1,44.0,0.0,44.0,44.0,False,10.5,10.5,True
504291,3371,P12,MS-SET-RTN3,1,84.0,0.0,84.0,84.0,False,21.1,21.1,True
504292,3372,P05,MS-SER-NIA30,1,29.0,0.0,29.0,29.0,False,5.9,5.9,True
504293,3372,P03,MS-SER-VTC30,1,34.0,0.0,34.0,34.0,False,8.5,8.5,True
504294,3372,P01,MS-CLN-GEL150,1,22.0,0.0,22.0,22.0,False,4.8,4.8,True
504295,3373,P11,MS-BDY-LOT400,1,28.0,4.2,28.0,23.8,False,8.5,8.5,True
504296,3374,P03,MS-SER-VTC30,1,34.0,6.8,34.0,27.2,False,8.5,8.5,True
504297,3374,P01,MS-CLN-GEL150,1,22.0,4.4,22.0,17.6,False,4.8,4.8,True
504298,3374,P04,MS-SER-HYA30,1,34.0,6.8,34.0,27.2,False,7.2,7.2,True
504299,3374,P05,MS-SER-NIA30,1,29.0,5.8,29.0,23.2,False,5.9,5.9,True
504300,3375,P07,MS-MOI-SPF50,1,32.0,0.0,32.0,32.0,False,7.8,7.8,True
504301,3375,P02,MS-CLN-CRM150,1,24.0,0.0,24.0,24.0,False,5.4,5.4,True
504302,3376,P05,MS-SER-NIA30,2,29.0,0.0,58.0,58.0,False,5.9,11.8,True
504303,3377,P04,MS-SER-HYA30,1,34.0,0.0,34.0,34.0,False,7.2,7.2,True
504304,3378,P06,MS-TRT-RET50,1,44.0,8.8,44.0,35.2,False,10.5,10.5,True
504305,3378,P01,MS-CLN-GEL150,1,22.0,4.4,22.0,17.6,False,4.8,4.8,True
504306,3378,P03,MS-SER-VTC30,1,34.0,6.8,34.0,27.2,False,8.5,8.5,True
504307,3379,P04,MS-SER-HYA30,1,34.0,10.88,34.0,23.119999999999997,False,7.2,7.2,True
504308,3380,P05,MS-SER-NIA30,1,29.0,9.28,29.0,19.72,False,5.9,5.9,True
504309,3381,P01,MS-CLN-GEL150,1,22.0,4.4,22.0,17.6,False,4.8,4.8,True
504310,3381,P04,MS-SER-HYA30,1,34.0,6.8,34.0,27.2,False,7.2,7.2,True
504311,3382,P10,MS-MSK-CLY100,1,26.0,0.0,26.0,26.0,False,6.0,6.0,True
504312,3383,P03,MS-SER-VTC30,1,34.0,0.0,34.0,34.0,False,8.5,8.5,True
504313,3383,P12,MS-SET-RTN3,1,84.0,0.0,84.0,84.0,False,21.1,21.1,True
504314,3383,P02,MS-CLN-CRM150,1,24.0,0.0,24.0,24.0,False,5.4,5.4,True
504315,3384,P10,MS-MSK-CLY100,1,26.0,5.2,26.0,20.8,False,6.0,6.0,True
504316,3385,P03,MS-SER-VTC30,1,34.0,6.8,34.0,27.2,False,8.5,8.5,True
504317,3385,P11,MS-BDY-LOT400,1,28.0,5.6,28.0,22.4,False,8.5,8.5,True
504318,3386,P12,MS-SET-RTN3,1,84.0,16.8,84.0,67.2,False,21.1,21.1,True
504319,3387,P12,MS-SET-RTN3,1,84.0,16.8,84.0,67.2,False,21.1,21.1,True
504320,3388,P03,MS-SER-VTC30,1,34.0,5.1,34.0,28.9,False,8.5,8.5,True
504321,3388,P07,MS-MOI-SPF50,1,32.0,4.8,32.0,27.2,False,7.8,7.8,True
504322,3389,P08,MS-MOI-BAR50,1,36.0,5.4,36.0,30.6,False,8.0,8.0,True
504323,3389,P05,MS-SER-NIA30,1,29.0,4.35,29.0,24.65,False,5.9,5.9,True
504324,3390,P10,MS-MSK-CLY100,1,26.0,0.0,26.0,26.0,False,6.0,6.0,True
504325,3390,P03,MS-SER-VTC30,2,34.0,0.0,68.0,68.0,False,8.5,17.0,True
504326,3391,P05,MS-SER-NIA30,1,29.0,5.8,29.0,23.2,False,5.9,5.9,True
504327,3392,P05,MS-SER-NIA30,1,29.0,5.8,29.0,23.2,False,5.9,5.9,True
504328,3392,P01,MS-CLN-GEL150,1,22.0,4.4,22.0,17.6,False,4.8,4.8,True
504329,3393,P10,MS-MSK-CLY100,1,26.0,0.0,26.0,26.0,False,6.0,6.0,True
504330,3394,P03,MS-SER-VTC30,1,34.0,3.4,34.0,30.6,False,8.5,8.5,True
504331,3395,P12,MS-SET-RTN3,1,84.0,16.8,84.0,67.2,False,21.1,21.1,True
504332,3395,P05,MS-SER-NIA30,1,29.0,5.8,29.0,23.2,False,5.9,5.9,True
504333,3395,P03,MS-SER-VTC30,1,34.0,6.8,34.0,27.2,False,8.5,8.5,True
504334,3396,P04,MS-SER-HYA30,2,34.0,6.8,68.0,61.2,False,7.2,14.4,True
504335,3397,P07,MS-MOI-SPF50,1,32.0,10.24,32.0,21.759999999999998,False,7.8,7.8,True
504336,3397,P03,MS-SER-VTC30,1,34.0,10.88,34.0,23.119999999999997,False,8.5,8.5,True
504337,3397,P06,MS-TRT-RET50,1,44.0,14.08,44.0,29.92,False,10.5,10.5,True
504338,3397,P04,MS-SER-HYA30,2,34.0,21.76,68.0,46.239999999999995,False,7.2,14.4,True
504339,3398,P04,MS-SER-HYA30,1,34.0,6.8,34.0,27.2,False,7.2,7.2,True
504340,3399,P03,MS-SER-VTC30,1,34.0,6.8,34.0,27.2,False,8.5,8.5,True
504341,3400,P05,MS-SER-NIA30,1,29.0,5.8,29.0,23.2,False,5.9,5.9,True
504342,3400,P07,MS-MOI-SPF50,1,32.0,6.4,32.0,25.6,False,7.8,7.8,True
504343,3400,P03,MS-SER-VTC30,1,34.0,6.8,34.0,27.2,False,8.5,8.5,True
504344,3400,P06,MS-TRT-RET50,2,44.0,17.6,88.0,70.4,False,10.5,21.0,True
504345,3401,P01,MS-CLN-GEL150,1,22.0,0.0,22.0,22.0,False,4.8,4.8,True
504346,3401,P09,MS-EYE-015,1,30.0,0.0,30.0,30.0,False,7.5,7.5,True
504347,3401,P05,MS-SER-NIA30,1,29.0,0.0,29.0,29.0,False,5.9,5.9,True
504348,3402,P11,MS-BDY-LOT400,2,28.0,0.0,56.0,56.0,False,8.5,17.0,True
504349,3403,P04,MS-SER-HYA30,1,34.0,0.0,34.0,34.0,False,7.2,7.2,True
504350,3403,P06,MS-TRT-RET50,1,44.0,0.0,44.0,44.0,False,10.5,10.5,True
504351,3403,P02,MS-CLN-CRM150,1,24.0,0.0,24.0,24.0,False,5.4,5.4,True
504352,3403,P03,MS-SER-VTC30,1,34.0,0.0,34.0,34.0,False,8.5,8.5,True
504353,3404,P06,MS-TRT-RET50,1,44.0,8.8,44.0,35.2,False,10.5,10.5,True
504354,3404,P03,MS-SER-VTC30,2,34.0,13.6,68.0,54.4,False,8.5,17.0,True
504355,3405,P10,MS-MSK-CLY100,1,26.0,2.6,26.0,23.4,False,6.0,6.0,True
504356,3405,P03,MS-SER-VTC30,1,34.0,3.4,34.0,30.6,False,8.5,8.5,True
504357,3405,P07,MS-MOI-SPF50,1,32.0,3.2,32.0,28.8,False,7.8,7.8,True
504358,3405,P04,MS-SER-HYA30,1,34.0,3.4,34.0,30.6,False,7.2,7.2,True
504359,3406,P08,MS-MOI-BAR50,1,36.0,7.2,36.0,28.8,False,8.0,8.0,True
504360,3407,P05,MS-SER-NIA30,1,29.0,5.8,29.0,23.2,False,5.9,5.9,True
504361,3407,P01,MS-CLN-GEL150,1,22.0,4.4,22.0,17.6,False,4.8,4.8,True
504362,3408,P09,MS-EYE-015,1,30.0,4.5,30.0,25.5,False,7.5,7.5,True
504363,3408,P04,MS-SER-HYA30,1,34.0,5.1,34.0,28.9,False,7.2,7.2,True
504364,3409,P05,MS-SER-NIA30,1,29.0,4.35,29.0,24.65,False,5.9,5.9,True
504365,3409,P10,MS-MSK-CLY100,1,26.0,3.9,26.0,22.1,False,6.0,6.0,True
504366,3410,P04,MS-SER-HYA30,1,34.0,0.0,34.0,34.0,False,7.2,7.2,True
504367,3411,P04,MS-SER-HYA30,1,34.0,6.8,34.0,27.2,False,7.2,7.2,True
504368,3412,P06,MS-TRT-RET50,1,44.0,4.4,44.0,39.6,False,10.5,10.5,True
504369,3412,P03,MS-SER-VTC30,1,34.0,3.4,34.0,30.6,False,8.5,8.5,True
504370,3412,P12,MS-SET-RTN3,1,84.0,8.4,84.0,75.6,False,21.1,21.1,True
504371,3413,P06,MS-TRT-RET50,1,44.0,14.08,44.0,29.92,False,10.5,10.5,True
504372,3413,P04,MS-SER-HYA30,1,34.0,10.88,34.0,23.119999999999997,False,7.2,7.2,True
504373,3414,P01,MS-CLN-GEL150,1,22.0,0.0,22.0,22.0,False,4.8,4.8,True
504374,3414,P04,MS-SER-HYA30,2,34.0,0.0,68.0,68.0,False,7.2,14.4,True
504375,3414,P02,MS-CLN-CRM150,1,24.0,0.0,24.0,24.0,False,5.4,5.4,True
504376,3414,P12,MS-SET-RTN3,1,84.0,0.0,84.0,84.0,False,21.1,21.1,True
504377,3415,P03,MS-SER-VTC30,2,34.0,0.0,68.0,68.0,False,8.5,17.0,True
504378,3416,P04,MS-SER-HYA30,1,34.0,6.8,34.0,27.2,False,7.2,7.2,True
504379,3417,P03,MS-SER-VTC30,1,34.0,5.1,34.0,28.9,False,8.5,8.5,True
504380,3418,P06,MS-TRT-RET50,2,44.0,13.2,88.0,74.8,False,10.5,21.0,True
504381,3418,P08,MS-MOI-BAR50,1,36.0,5.4,36.0,30.6,False,8.0,8.0,True
504382,3418,P07,MS-MOI-SPF50,1,32.0,4.8,32.0,27.2,False,7.8,7.8,True
504383,3418,P05,MS-SER-NIA30,1,29.0,4.35,29.0,24.65,False,5.9,5.9,True
504384,3419,P05,MS-SER-NIA30,1,29.0,4.35,29.0,24.65,False,5.9,5.9,True
504385,3419,P07,MS-MOI-SPF50,1,32.0,4.8,32.0,27.2,False,7.8,7.8,True
504386,3420,P01,MS-CLN-GEL150,1,22.0,2.2,22.0,19.8,False,4.8,4.8,True
504387,3420,P03,MS-SER-VTC30,2,34.0,6.8,68.0,61.2,False,8.5,17.0,True
504388,3420,P09,MS-EYE-015,1,30.0,3.0,30.0,27.0,False,7.5,7.5,True
504389,3421,P12,MS-SET-RTN3,1,84.0,26.88,84.0,57.120000000000005,False,21.1,21.1,True
504390,3422,P03,MS-SER-VTC30,1,34.0,6.8,34.0,27.2,False,8.5,8.5,True
504391,3423,P12,MS-SET-RTN3,1,84.0,0.0,84.0,84.0,False,21.1,21.1,True
504392,3423,P03,MS-SER-VTC30,1,34.0,0.0,34.0,34.0,False,8.5,8.5,True
504393,3424,P02,MS-CLN-CRM150,1,24.0,0.0,24.0,24.0,False,5.4,5.4,True
504394,3425,P07,MS-MOI-SPF50,1,32.0,4.8,32.0,27.2,False,7.8,7.8,True
504395,3426,P07,MS-MOI-SPF50,1,32.0,0.0,32.0,32.0,False,7.8,7.8,True
504396,3427,P06,MS-TRT-RET50,1,44.0,0.0,44.0,44.0,False,10.5,10.5,True
504397,3427,P03,MS-SER-VTC30,1,34.0,0.0,34.0,34.0,False,8.5,8.5,True
504398,3427,P07,MS-MOI-SPF50,2,32.0,0.0,64.0,64.0,False,7.8,15.6,True
504399,3428,P08,MS-MOI-BAR50,2,36.0,7.2,72.0,64.8,False,8.0,16.0,True
504400,3429,P10,MS-MSK-CLY100,1,26.0,3.9,26.0,22.1,False,6.0,6.0,True
504401,3430,P04,MS-SER-HYA30,2,34.0,0.0,68.0,68.0,False,7.2,14.4,True
504402,3430,P03,MS-SER-VTC30,1,34.0,0.0,34.0,34.0,False,8.5,8.5,True
504403,3431,P05,MS-SER-NIA30,1,29.0,2.9,29.0,26.1,False,5.9,5.9,True
504404,3432,P11,MS-BDY-LOT400,1,28.0,0.0,28.0,28.0,False,8.5,8.5,True
504405,3433,P03,MS-SER-VTC30,1,34.0,5.1,34.0,28.9,False,8.5,8.5,True
504406,3433,P09,MS-EYE-015,1,30.0,4.5,30.0,25.5,False,7.5,7.5,True
504407,3433,P05,MS-SER-NIA30,1,29.0,4.35,29.0,24.65,False,5.9,5.9,True
504408,3434,P07,MS-MOI-SPF50,1,32.0,0.0,32.0,32.0,False,7.8,7.8,True
504409,3434,P03,MS-SER-VTC30,2,34.0,0.0,68.0,68.0,False,8.5,17.0,True
504410,3434,P04,MS-SER-HYA30,1,34.0,0.0,34.0,34.0,False,7.2,7.2,True
504411,3434,P08,MS-MOI-BAR50,1,36.0,0.0,36.0,36.0,False,8.0,8.0,True
504412,3435,P05,MS-SER-NIA30,1,29.0,0.0,29.0,29.0,False,5.9,5.9,True
504413,3436,P07,MS-MOI-SPF50,1,32.0,0.0,32.0,32.0,False,7.8,7.8,True
504414,3436,P08,MS-MOI-BAR50,1,36.0,0.0,36.0,36.0,False,8.0,8.0,True
504415,3437,P02,MS-CLN-CRM150,1,24.0,0.0,24.0,24.0,False,5.4,5.4,True
504416,3438,P03,MS-SER-VTC30,1,34.0,0.0,34.0,34.0,False,8.5,8.5,True
504417,3439,P03,MS-SER-VTC30,1,38.0,5.7,38.0,32.3,False,8.5,8.5,True
504418,3440,P04,MS-SER-HYA30,1,34.0,0.0,34.0,34.0,False,7.2,7.2,True
504419,3440,P11,MS-BDY-LOT400,1,28.0,0.0,28.0,28.0,False,8.5,8.5,True
504420,3440,P05,MS-SER-NIA30,1,29.0,0.0,29.0,29.0,False,5.9,5.9,True
504421,3441,P04,MS-SER-HYA30,2,34.0,0.0,68.0,68.0,False,7.2,14.4,True
504422,3442,P10,MS-MSK-CLY100,1,26.0,0.0,26.0,26.0,False,6.0,6.0,True
504423,3442,P07,MS-MOI-SPF50,1,32.0,0.0,32.0,32.0,False,7.8,7.8,True
504424,3443,P05,MS-SER-NIA30,1,29.0,4.35,29.0,24.65,False,5.9,5.9,True
504425,3444,P05,MS-SER-NIA30,1,29.0,0.0,29.0,29.0,False,5.9,5.9,True
504426,3444,P04,MS-SER-HYA30,1,34.0,0.0,34.0,34.0,False,7.2,7.2,True
504427,3445,P08,MS-MOI-BAR50,1,36.0,5.4,36.0,30.6,False,8.0,8.0,True
504428,3445,P01,MS-CLN-GEL150,1,22.0,3.3,22.0,18.7,False,4.8,4.8,True
504429,3446,P04,MS-SER-HYA30,1,34.0,3.4,34.0,30.6,False,7.2,7.2,True
504430,3446,P07,MS-MOI-SPF50,1,32.0,3.2,32.0,28.8,False,7.8,7.8,True
504431,3446,P10,MS-MSK-CLY100,1,26.0,2.6,26.0,23.4,False,6.0,6.0,True
504432,3447,P07,MS-MOI-SPF50,1,32.0,0.0,32.0,32.0,False,7.8,7.8,True
504433,3448,P01,MS-CLN-GEL150,1,22.0,0.0,22.0,22.0,False,4.8,4.8,True
504434,3449,P02,MS-CLN-CRM150,1,24.0,2.4,24.0,21.6,False,5.4,5.4,True
504435,3449,P10,MS-MSK-CLY100,1,26.0,2.6,26.0,23.4,False,6.0,6.0,True
504436,3450,P01,MS-CLN-GEL150,2,22.0,0.0,44.0,44.0,False,4.8,9.6,True
504437,3451,P03,MS-SER-VTC30,2,38.0,0.0,76.0,76.0,False,8.5,17.0,True
504438,3451,P06,MS-TRT-RET50,2,44.0,0.0,88.0,88.0,False,10.5,21.0,True
504439,3452,P01,MS-CLN-GEL150,1,22.0,2.2,22.0,19.8,False,4.8,4.8,True
504440,3453,P04,MS-SER-HYA30,1,34.0,5.1,34.0,28.9,False,7.2,7.2,True
504441,3453,P03,MS-SER-VTC30,1,38.0,5.7,38.0,32.3,False,8.5,8.5,True
504442,3454,P10,MS-MSK-CLY100,1,26.0,2.6,26.0,23.4,False,6.0,6.0,True
504443,3454,P01,MS-CLN-GEL150,2,22.0,4.4,44.0,39.6,False,4.8,9.6,True
504444,3454,P06,MS-TRT-RET50,1,44.0,4.4,44.0,39.6,False,10.5,10.5,True
504445,3455,P03,MS-SER-VTC30,1,38.0,0.0,38.0,38.0,False,8.5,8.5,True
504446,3456,P02,MS-CLN-CRM150,1,24.0,0.0,24.0,24.0,False,5.4,5.4,True
504447,3457,P06,MS-TRT-RET50,1,44.0,0.0,44.0,44.0,False,10.5,10.5,True
504448,3457,P07,MS-MOI-SPF50,2,32.0,0.0,64.0,64.0,False,7.8,15.6,True
504449,3458,P05,MS-SER-NIA30,2,29.0,0.0,58.0,58.0,False,5.9,11.8,True
504450,3459,P04,MS-SER-HYA30,2,34.0,0.0,68.0,68.0,False,7.2,14.4,True
504451,3460,P05,MS-SER-NIA30,1,29.0,0.0,29.0,29.0,False,5.9,5.9,True
504452,3461,P07,MS-MOI-SPF50,1,32.0,0.0,32.0,32.0,False,7.8,7.8,True
504453,3462,P04,MS-SER-HYA30,2,34.0,0.0,68.0,68.0,False,7.2,14.4,True
504454,3463,P03,MS-SER-VTC30,1,38.0,0.0,38.0,38.0,False,8.5,8.5,True
504455,3464,P07,MS-MOI-SPF50,1,32.0,0.0,32.0,32.0,False,7.8,7.8,True
504456,3464,P12,MS-SET-RTN3,1,88.0,0.0,88.0,88.0,False,21.1,21.1,True
504457,3464,P01,MS-CLN-GEL150,1,22.0,0.0,22.0,22.0,False,4.8,4.8,True
504458,3465,P05,MS-SER-NIA30,1,29.0,4.35,29.0,24.65,False,5.9,5.9,False
504459,3466,P05,MS-SER-NIA30,1,29.0,0.0,29.0,29.0,False,5.9,5.9,True
504460,3466,P08,MS-MOI-BAR50,1,36.0,0.0,36.0,36.0,False,8.0,8.0,True
504461,3467,P07,MS-MOI-SPF50,1,32.0,3.84,32.0,28.16,False,7.8,7.8,True
504462,3467,P01,MS-CLN-GEL150,1,22.0,2.64,22.0,19.36,False,4.8,4.8,True
504463,3467,P08,MS-MOI-BAR50,1,36.0,4.32,36.0,31.68,False,8.0,8.0,True
504464,3468,P11,MS-BDY-LOT400,1,28.0,3.36,28.0,24.64,False,8.5,8.5,True
504465,3468,P12,MS-SET-RTN3,1,88.0,10.56,88.0,77.44,False,21.1,21.1,True
504466,3469,P01,MS-CLN-GEL150,1,22.0,0.0,22.0,22.0,False,4.8,4.8,True
504467,3470,P08,MS-MOI-BAR50,1,36.0,5.4,36.0,30.6,False,8.0,8.0,True
504468,3471,P07,MS-MOI-SPF50,1,32.0,4.8,32.0,27.2,False,7.8,7.8,True
504469,3472,P07,MS-MOI-SPF50,1,32.0,3.2,32.0,28.8,False,7.8,7.8,True
504470,3473,P06,MS-TRT-RET50,1,44.0,0.0,44.0,44.0,False,10.5,10.5,True
504471,3474,P03,MS-SER-VTC30,1,38.0,0.0,38.0,38.0,False,8.5,8.5,True
504472,3474,P07,MS-MOI-SPF50,1,32.0,0.0,32.0,32.0,False,7.8,7.8,True
504473,3474,P02,MS-CLN-CRM150,1,24.0,0.0,24.0,24.0,False,5.4,5.4,True
504474,3475,P03,MS-SER-VTC30,1,38.0,0.0,38.0,38.0,False,8.5,8.5,True
504475,3475,P07,MS-MOI-SPF50,1,32.0,0.0,32.0,32.0,False,7.8,7.8,True
504476,3475,P05,MS-SER-NIA30,1,29.0,0.0,29.0,29.0,False,5.9,5.9,True
504477,3476,P09,MS-EYE-015,1,30.0,0.0,30.0,30.0,False,7.5,7.5,True
504478,3477,P04,MS-SER-HYA30,1,34.0,5.1,34.0,28.9,False,7.2,7.2,True
504479,3478,P11,MS-BDY-LOT400,1,28.0,0.0,28.0,28.0,False,8.5,8.5,True
504480,3479,P06,MS-TRT-RET50,2,44.0,13.2,88.0,74.8,False,10.5,21.0,True
504481,3480,P06,MS-TRT-RET50,1,44.0,0.0,44.0,44.0,False,10.5,10.5,True
504482,3480,P04,MS-SER-HYA30,1,34.0,0.0,34.0,34.0,False,7.2,7.2,True
504483,3480,P02,MS-CLN-CRM150,1,24.0,0.0,24.0,24.0,False,5.4,5.4,True
504484,3480,P07,MS-MOI-SPF50,1,32.0,0.0,32.0,32.0,False,7.8,7.8,True
504485,3481,P03,MS-SER-VTC30,1,38.0,0.0,38.0,38.0,False,8.5,8.5,True
504486,3482,P01,MS-CLN-GEL150,1,22.0,2.2,22.0,19.8,False,4.8,4.8,True
504487,3483,P03,MS-SER-VTC30,1,38.0,0.0,38.0,38.0,False,8.5,8.5,True
504488,3483,P02,MS-CLN-CRM150,1,24.0,0.0,24.0,24.0,False,5.4,5.4,True
504489,3484,P05,MS-SER-NIA30,1,29.0,0.0,29.0,29.0,False,5.9,5.9,True
504490,3484,P12,MS-SET-RTN3,1,88.0,0.0,88.0,88.0,False,21.1,21.1,True
504491,3484,P04,MS-SER-HYA30,1,34.0,0.0,34.0,34.0,False,7.2,7.2,True
504492,3485,P01,MS-CLN-GEL150,1,22.0,3.3,22.0,18.7,False,4.8,4.8,True
504493,3486,P03,MS-SER-VTC30,1,38.0,0.0,38.0,38.0,False,8.5,8.5,True
504494,3486,P06,MS-TRT-RET50,1,44.0,0.0,44.0,44.0,False,10.5,10.5,True
504495,3487,P03,MS-SER-VTC30,1,38.0,5.7,38.0,32.3,False,8.5,8.5,True
504496,3488,P06,MS-TRT-RET50,1,44.0,0.0,44.0,44.0,False,10.5,10.5,True
504497,3488,P01,MS-CLN-GEL150,1,22.0,0.0,22.0,22.0,False,4.8,4.8,True
504498,3489,P07,MS-MOI-SPF50,1,32.0,0.0,32.0,32.0,False,7.8,7.8,True
504499,3489,P03,MS-SER-VTC30,1,38.0,0.0,38.0,38.0,False,8.5,8.5,True
504500,3490,P09,MS-EYE-015,1,30.0,0.0,30.0,30.0,False,7.5,7.5,True
504501,3491,P07,MS-MOI-SPF50,1,32.0,0.0,32.0,32.0,False,7.8,7.8,True
504502,3491,P01,MS-CLN-GEL150,1,22.0,0.0,22.0,22.0,False,4.8,4.8,True
504503,3492,P11,MS-BDY-LOT400,1,28.0,4.2,28.0,23.8,False,8.5,8.5,True
504504,3493,P06,MS-TRT-RET50,1,44.0,6.6,44.0,37.4,False,10.5,10.5,True
504505,3494,P04,MS-SER-HYA30,1,34.0,3.4,34.0,30.6,False,7.2,7.2,True
504506,3495,P03,MS-SER-VTC30,1,38.0,0.0,38.0,38.0,False,8.5,8.5,True
504507,3495,P07,MS-MOI-SPF50,2,32.0,0.0,64.0,64.0,False,7.8,15.6,True
504508,3496,P06,MS-TRT-RET50,2,44.0,13.2,88.0,74.8,False,10.5,21.0,True
504509,3497,P01,MS-CLN-GEL150,1,22.0,3.3,22.0,18.7,False,4.8,4.8,True
504510,3498,P04,MS-SER-HYA30,1,34.0,5.1,34.0,28.9,False,7.2,7.2,True
504511,3498,P08,MS-MOI-BAR50,1,36.0,5.4,36.0,30.6,False,8.0,8.0,True
504512,3499,P04,MS-SER-HYA30,1,34.0,3.4,34.0,30.6,False,7.2,7.2,True
504513,3499,P07,MS-MOI-SPF50,1,32.0,3.2,32.0,28.8,False,7.8,7.8,True
504514,3500,P01,MS-CLN-GEL150,1,22.0,3.3,22.0,18.7,False,4.8,4.8,True
504515,3501,P05,MS-SER-NIA30,1,29.0,0.0,29.0,29.0,False,5.9,5.9,True
504516,3501,P03,MS-SER-VTC30,1,38.0,0.0,38.0,38.0,False,8.5,8.5,True
504517,3502,P06,MS-TRT-RET50,1,44.0,0.0,44.0,44.0,False,10.5,10.5,True
504518,3503,P03,MS-SER-VTC30,1,38.0,5.7,38.0,32.3,False,8.5,8.5,True
504519,3503,P05,MS-SER-NIA30,1,29.0,4.35,29.0,24.65,False,5.9,5.9,True
504520,3503,P06,MS-TRT-RET50,1,44.0,6.6,44.0,37.4,False,10.5,10.5,True
504521,3504,P08,MS-MOI-BAR50,1,36.0,0.0,36.0,36.0,False,8.0,8.0,True
504522,3504,P02,MS-CLN-CRM150,1,24.0,0.0,24.0,24.0,False,5.4,5.4,True
504523,3505,P06,MS-TRT-RET50,1,44.0,0.0,44.0,44.0,False,10.5,10.5,True
504524,3505,P04,MS-SER-HYA30,1,34.0,0.0,34.0,34.0,False,7.2,7.2,True
504525,3506,P09,MS-EYE-015,1,30.0,0.0,30.0,30.0,False,7.5,7.5,True
504526,3506,P06,MS-TRT-RET50,1,44.0,0.0,44.0,44.0,False,10.5,10.5,True
504527,3507,P01,MS-CLN-GEL150,1,22.0,0.0,22.0,22.0,False,4.8,4.8,True
504528,3508,P03,MS-SER-VTC30,1,38.0,0.0,38.0,38.0,False,8.5,8.5,True
504529,3509,P04,MS-SER-HYA30,1,34.0,0.0,34.0,34.0,False,7.2,7.2,True
504530,3510,P06,MS-TRT-RET50,1,44.0,0.0,44.0,44.0,False,10.5,10.5,True
504531,3511,P10,MS-MSK-CLY100,1,26.0,0.0,26.0,26.0,False,6.0,6.0,True
504532,3512,P12,MS-SET-RTN3,1,88.0,0.0,88.0,88.0,False,21.1,21.1,True
504533,3512,P01,MS-CLN-GEL150,1,22.0,0.0,22.0,22.0,False,4.8,4.8,True
504534,3512,P08,MS-MOI-BAR50,1,36.0,0.0,36.0,36.0,False,8.0,8.0,True
504535,3513,P10,MS-MSK-CLY100,1,26.0,3.9,26.0,22.1,False,6.0,6.0,True
504536,3514,P03,MS-SER-VTC30,1,38.0,0.0,38.0,38.0,False,8.5,8.5,True
504537,3514,P07,MS-MOI-SPF50,1,32.0,0.0,32.0,32.0,False,7.8,7.8,True
504538,3515,P03,MS-SER-VTC30,1,38.0,5.7,38.0,32.3,False,8.5,8.5,True
504539,3515,P05,MS-SER-NIA30,1,29.0,4.35,29.0,24.65,False,5.9,5.9,True
504540,3515,P01,MS-CLN-GEL150,1,22.0,3.3,22.0,18.7,False,4.8,4.8,True
504541,3516,P01,MS-CLN-GEL150,1,22.0,3.3,22.0,18.7,False,4.8,4.8,True
504542,3516,P04,MS-SER-HYA30,1,34.0,5.1,34.0,28.9,False,7.2,7.2,True
504543,3516,P12,MS-SET-RTN3,1,88.0,13.2,88.0,74.8,False,21.1,21.1,True
504544,3517,P09,MS-EYE-015,1,30.0,0.0,30.0,30.0,False,7.5,7.5,True
504545,3518,P03,MS-SER-VTC30,1,38.0,0.0,38.0,38.0,False,8.5,8.5,True
504546,3519,P03,MS-SER-VTC30,2,38.0,7.6,76.0,68.4,False,8.5,17.0,True
504547,3520,P10,MS-MSK-CLY100,1,26.0,3.9,26.0,22.1,False,6.0,6.0,True
504548,3521,P01,MS-CLN-GEL150,1,22.0,0.0,22.0,22.0,False,4.8,4.8,True
504549,3522,P03,MS-SER-VTC30,1,38.0,0.0,38.0,38.0,False,8.5,8.5,True
504550,3523,P01,MS-CLN-GEL150,1,22.0,2.2,22.0,19.8,False,4.8,4.8,True
504551,3524,P01,MS-CLN-GEL150,2,22.0,0.0,44.0,44.0,False,4.8,9.6,True
504552,3525,P07,MS-MOI-SPF50,2,32.0,0.0,64.0,64.0,False,7.8,15.6,True
504553,3525,P01,MS-CLN-GEL150,1,22.0,0.0,22.0,22.0,False,4.8,4.8,True
504554,3525,P03,MS-SER-VTC30,1,38.0,0.0,38.0,38.0,False,8.5,8.5,True
504555,3525,P02,MS-CLN-CRM150,1,24.0,0.0,24.0,24.0,False,5.4,5.4,True
504556,3526,P10,MS-MSK-CLY100,1,26.0,0.0,26.0,26.0,False,6.0,6.0,True
504557,3526,P04,MS-SER-HYA30,1,34.0,0.0,34.0,34.0,False,7.2,7.2,True
504558,3526,P03,MS-SER-VTC30,1,38.0,0.0,38.0,38.0,False,8.5,8.5,True
504559,3526,P02,MS-CLN-CRM150,2,24.0,0.0,48.0,48.0,False,5.4,10.8,True
504560,3527,P10,MS-MSK-CLY100,1,26.0,0.0,26.0,26.0,False,6.0,6.0,True
504561,3528,P05,MS-SER-NIA30,1,29.0,0.0,29.0,29.0,False,5.9,5.9,True
504562,3528,P02,MS-CLN-CRM150,1,24.0,0.0,24.0,24.0,False,5.4,5.4,True
504563,3529,P08,MS-MOI-BAR50,1,36.0,9.99,36.0,26.009999999999998,False,8.0,8.0,True
504564,3529,P12,MS-SET-RTN3,1,88.0,24.42,88.0,63.58,False,21.1,21.1,True
504565,3530,P04,MS-SER-HYA30,2,34.0,10.2,68.0,57.8,False,7.2,14.4,True
504566,3531,P05,MS-SER-NIA30,2,29.0,8.7,58.0,49.3,False,5.9,11.8,True
504567,3531,P04,MS-SER-HYA30,1,34.0,5.1,34.0,28.9,False,7.2,7.2,True
504568,3531,P03,MS-SER-VTC30,1,38.0,5.7,38.0,32.3,False,8.5,8.5,True
504569,3531,P10,MS-MSK-CLY100,1,26.0,3.9,26.0,22.1,False,6.0,6.0,True
504570,3532,P03,MS-SER-VTC30,1,38.0,3.8,38.0,34.2,False,8.5,8.5,True
504571,3532,P09,MS-EYE-015,1,30.0,3.0,30.0,27.0,False,7.5,7.5,True
504572,3533,P03,MS-SER-VTC30,1,38.0,3.8,38.0,34.2,False,8.5,8.5,True
504573,3533,P07,MS-MOI-SPF50,1,32.0,3.2,32.0,28.8,False,7.8,7.8,True
504574,3533,P04,MS-SER-HYA30,2,34.0,6.8,68.0,61.2,False,7.2,14.4,True
504575,3534,P04,MS-SER-HYA30,1,34.0,0.0,34.0,34.0,False,7.2,7.2,True
504576,3535,P02,MS-CLN-CRM150,1,24.0,2.4,24.0,21.6,False,5.4,5.4,True
504577,3535,P03,MS-SER-VTC30,1,38.0,3.8,38.0,34.2,False,8.5,8.5,True
504578,3536,P03,MS-SER-VTC30,1,38.0,0.0,38.0,38.0,False,8.5,8.5,True
504579,3537,P07,MS-MOI-SPF50,2,32.0,0.0,64.0,64.0,False,7.8,15.6,True
504580,3538,P01,MS-CLN-GEL150,1,22.0,0.0,22.0,22.0,False,4.8,4.8,True
504581,3538,P04,MS-SER-HYA30,1,34.0,0.0,34.0,34.0,False,7.2,7.2,True
504582,3539,P02,MS-CLN-CRM150,1,24.0,3.6,24.0,20.4,False,5.4,5.4,True
504583,3540,P07,MS-MOI-SPF50,1,32.0,0.0,32.0,32.0,False,7.8,7.8,True
504584,3541,P03,MS-SER-VTC30,1,38.0,0.0,38.0,38.0,False,8.5,8.5,True
504585,3542,P03,MS-SER-VTC30,1,38.0,5.7,38.0,32.3,False,8.5,8.5,True
504586,3542,P05,MS-SER-NIA30,1,29.0,4.35,29.0,24.65,False,5.9,5.9,True
504587,3543,P03,MS-SER-VTC30,1,38.0,0.0,38.0,38.0,False,8.5,8.5,True
504588,3543,P08,MS-MOI-BAR50,2,36.0,0.0,72.0,72.0,False,8.0,16.0,True
504589,3543,P05,MS-SER-NIA30,2,29.0,0.0,58.0,58.0,False,5.9,11.8,True
504590,3544,P02,MS-CLN-CRM150,1,24.0,2.4,24.0,21.6,False,5.4,5.4,True
504591,3545,P03,MS-SER-VTC30,1,38.0,0.0,38.0,38.0,False,8.5,8.5,True
504592,3546,P09,MS-EYE-015,1,30.0,3.0,30.0,27.0,False,7.5,7.5,True
504593,3546,P07,MS-MOI-SPF50,1,32.0,3.2,32.0,28.8,False,7.8,7.8,True
504594,3547,P03,MS-SER-VTC30,1,38.0,0.0,38.0,38.0,False,8.5,8.5,True
504595,3548,P01,MS-CLN-GEL150,1,22.0,0.0,22.0,22.0,False,4.8,4.8,True
504596,3548,P10,MS-MSK-CLY100,2,26.0,0.0,52.0,52.0,False,6.0,12.0,True
504597,3549,P01,MS-CLN-GEL150,1,22.0,3.3,22.0,18.7,False,4.8,4.8,True
504598,3550,P11,MS-BDY-LOT400,1,28.0,0.0,28.0,28.0,False,8.5,8.5,True
504599,3551,P08,MS-MOI-BAR50,1,36.0,5.4,36.0,30.6,False,8.0,8.0,True
504600,3551,P05,MS-SER-NIA30,1,29.0,4.35,29.0,24.65,False,5.9,5.9,True
504601,3552,P09,MS-EYE-015,1,30.0,0.0,30.0,30.0,False,7.5,7.5,True
504602,3553,P01,MS-CLN-GEL150,1,22.0,0.0,22.0,22.0,False,4.8,4.8,True
504603,3553,P12,MS-SET-RTN3,1,88.0,0.0,88.0,88.0,False,21.1,21.1,True
504604,3553,P03,MS-SER-VTC30,1,38.0,0.0,38.0,38.0,False,8.5,8.5,True
504605,3554,P10,MS-MSK-CLY100,1,26.0,0.0,26.0,26.0,False,6.0,6.0,True
504606,3555,P02,MS-CLN-CRM150,1,24.0,0.0,24.0,24.0,False,5.4,5.4,True
504607,3555,P05,MS-SER-NIA30,1,29.0,0.0,29.0,29.0,False,5.9,5.9,True
504608,3556,P01,MS-CLN-GEL150,2,22.0,0.0,44.0,44.0,False,4.8,9.6,True
504609,3556,P04,MS-SER-HYA30,1,34.0,0.0,34.0,34.0,False,7.2,7.2,True
504610,3556,P05,MS-SER-NIA30,1,29.0,0.0,29.0,29.0,False,5.9,5.9,True
504611,3557,P06,MS-TRT-RET50,1,44.0,4.4,44.0,39.6,False,10.5,10.5,True
504612,3558,P06,MS-TRT-RET50,1,44.0,0.0,44.0,44.0,False,10.5,10.5,True
504613,3558,P01,MS-CLN-GEL150,1,22.0,0.0,22.0,22.0,False,4.8,4.8,True
504614,3559,P03,MS-SER-VTC30,1,38.0,0.0,38.0,38.0,False,8.5,8.5,True
504615,3559,P05,MS-SER-NIA30,1,29.0,0.0,29.0,29.0,False,5.9,5.9,True
504616,3560,P12,MS-SET-RTN3,1,88.0,13.2,88.0,74.8,False,21.1,21.1,True
504617,3561,P12,MS-SET-RTN3,1,88.0,0.0,88.0,88.0,False,21.1,21.1,True
504618,3561,P01,MS-CLN-GEL150,1,22.0,0.0,22.0,22.0,False,4.8,4.8,True
504619,3561,P02,MS-CLN-CRM150,1,24.0,0.0,24.0,24.0,False,5.4,5.4,True
504620,3562,P12,MS-SET-RTN3,1,88.0,0.0,88.0,88.0,False,21.1,21.1,True
504621,3562,P03,MS-SER-VTC30,2,38.0,0.0,76.0,76.0,False,8.5,17.0,True
504622,3563,P03,MS-SER-VTC30,1,38.0,0.0,38.0,38.0,False,8.5,8.5,True
504623,3564,P08,MS-MOI-BAR50,2,36.0,0.0,72.0,72.0,False,8.0,16.0,True
504624,3564,P03,MS-SER-VTC30,1,38.0,0.0,38.0,38.0,False,8.5,8.5,True
504625,3564,P02,MS-CLN-CRM150,1,24.0,0.0,24.0,24.0,False,5.4,5.4,True
504626,3565,P03,MS-SER-VTC30,1,38.0,0.0,38.0,38.0,False,8.5,8.5,False
504627,3566,P08,MS-MOI-BAR50,1,36.0,0.0,36.0,36.0,False,8.0,8.0,True
504628,3567,P12,MS-SET-RTN3,1,88.0,0.0,88.0,88.0,False,21.1,21.1,True
504629,3567,P04,MS-SER-HYA30,1,34.0,0.0,34.0,34.0,False,7.2,7.2,True
504630,3568,P09,MS-EYE-015,1,30.0,4.5,30.0,25.5,False,7.5,7.5,True
504631,3569,P10,MS-MSK-CLY100,1,26.0,2.6,26.0,23.4,False,6.0,6.0,True
504632,3570,P05,MS-SER-NIA30,1,29.0,2.9,29.0,26.1,False,5.9,5.9,True
504633,3570,P02,MS-CLN-CRM150,1,24.0,2.4,24.0,21.6,False,5.4,5.4,True
504634,3570,P10,MS-MSK-CLY100,1,26.0,2.6,26.0,23.4,False,6.0,6.0,True
504635,3571,P11,MS-BDY-LOT400,1,28.0,4.2,28.0,23.8,False,8.5,8.5,True
504636,3571,P06,MS-TRT-RET50,1,44.0,6.6,44.0,37.4,False,10.5,10.5,True
504637,3571,P01,MS-CLN-GEL150,1,22.0,3.3,22.0,18.7,False,4.8,4.8,True
504638,3572,P11,MS-BDY-LOT400,1,28.0,0.0,28.0,28.0,False,8.5,8.5,True
504639,3573,P04,MS-SER-HYA30,1,34.0,0.0,34.0,34.0,False,7.2,7.2,True
504640,3574,P01,MS-CLN-GEL150,1,22.0,3.3,22.0,18.7,False,4.8,4.8,True
504641,3575,P08,MS-MOI-BAR50,1,36.0,5.4,36.0,30.6,False,8.0,8.0,True
504642,3576,P03,MS-SER-VTC30,1,38.0,5.7,38.0,32.3,False,8.5,8.5,True
504643,3577,P09,MS-EYE-015,1,30.0,0.0,30.0,30.0,False,7.5,7.5,True
504644,3578,P09,MS-EYE-015,1,30.0,0.0,30.0,30.0,False,7.5,7.5,True
504645,3579,P11,MS-BDY-LOT400,1,28.0,0.0,28.0,28.0,False,8.5,8.5,True
504646,3580,P03,MS-SER-VTC30,1,38.0,0.0,38.0,38.0,False,8.5,8.5,True
504647,3581,P01,MS-CLN-GEL150,2,22.0,0.0,44.0,44.0,False,4.8,9.6,True
504648,3581,P07,MS-MOI-SPF50,1,32.0,0.0,32.0,32.0,False,7.8,7.8,True
504649,3582,P01,MS-CLN-GEL150,1,22.0,0.0,22.0,22.0,False,4.8,4.8,True
504650,3582,P03,MS-SER-VTC30,1,38.0,0.0,38.0,38.0,False,8.5,8.5,True
504651,3582,P05,MS-SER-NIA30,2,29.0,0.0,58.0,58.0,False,5.9,11.8,True
504652,3583,P10,MS-MSK-CLY100,1,26.0,0.0,26.0,26.0,False,6.0,6.0,True
504653,3584,P07,MS-MOI-SPF50,1,32.0,0.0,32.0,32.0,False,7.8,7.8,True
504654,3585,P03,MS-SER-VTC30,1,38.0,0.0,38.0,38.0,False,8.5,8.5,True
504655,3586,P03,MS-SER-VTC30,1,38.0,0.0,38.0,38.0,False,8.5,8.5,True
504656,3587,P03,MS-SER-VTC30,1,38.0,5.7,38.0,32.3,False,8.5,8.5,True
504657,3588,P05,MS-SER-NIA30,1,29.0,4.35,29.0,24.65,False,5.9,5.9,True
504658,3589,P10,MS-MSK-CLY100,1,26.0,0.0,26.0,26.0,False,6.0,6.0,True
504659,3589,P07,MS-MOI-SPF50,1,32.0,0.0,32.0,32.0,False,7.8,7.8,True
504660,3590,P04,MS-SER-HYA30,1,34.0,0.0,34.0,34.0,False,7.2,7.2,True
504661,3590,P05,MS-SER-NIA30,1,29.0,0.0,29.0,29.0,False,5.9,5.9,True
504662,3591,P07,MS-MOI-SPF50,1,32.0,4.8,32.0,27.2,False,7.8,7.8,True
504663,3592,P04,MS-SER-HYA30,1,34.0,0.0,34.0,34.0,False,7.2,7.2,True
504664,3593,P03,MS-SER-VTC30,1,38.0,3.8,38.0,34.2,False,8.5,8.5,True
504665,3593,P01,MS-CLN-GEL150,1,22.0,2.2,22.0,19.8,False,4.8,4.8,True
504666,3594,P08,MS-MOI-BAR50,1,36.0,0.0,36.0,36.0,False,8.0,8.0,True
504667,3594,P04,MS-SER-HYA30,1,34.0,0.0,34.0,34.0,False,7.2,7.2,True
504668,3595,P06,MS-TRT-RET50,2,44.0,0.0,88.0,88.0,False,10.5,21.0,True
504669,3596,P05,MS-SER-NIA30,1,29.0,4.35,29.0,24.65,False,5.9,5.9,True
504670,3597,P06,MS-TRT-RET50,1,44.0,0.0,44.0,44.0,False,10.5,10.5,True
504671,3598,P05,MS-SER-NIA30,1,29.0,0.0,29.0,29.0,False,5.9,5.9,True
504672,3598,P02,MS-CLN-CRM150,1,24.0,0.0,24.0,24.0,False,5.4,5.4,True
504673,3599,P02,MS-CLN-CRM150,1,24.0,0.0,24.0,24.0,False,5.4,5.4,True
504674,3600,P04,MS-SER-HYA30,1,34.0,0.0,34.0,34.0,False,7.2,7.2,True
504675,3601,P12,MS-SET-RTN3,1,88.0,8.8,88.0,79.2,False,21.1,21.1,True
504676,3601,P07,MS-MOI-SPF50,1,32.0,3.2,32.0,28.8,False,7.8,7.8,True
504677,3602,P03,MS-SER-VTC30,2,38.0,0.0,76.0,76.0,False,8.5,17.0,True
504678,3602,P04,MS-SER-HYA30,2,34.0,0.0,68.0,68.0,False,7.2,14.4,True
504679,3603,P06,MS-TRT-RET50,1,44.0,6.6,44.0,37.4,False,10.5,10.5,True
504680,3603,P02,MS-CLN-CRM150,1,24.0,3.6,24.0,20.4,False,5.4,5.4,True
504681,3603,P04,MS-SER-HYA30,2,34.0,10.2,68.0,57.8,False,7.2,14.4,True
504682,3603,P07,MS-MOI-SPF50,1,32.0,4.8,32.0,27.2,False,7.8,7.8,True
504683,3604,P01,MS-CLN-GEL150,2,22.0,6.6,44.0,37.4,False,4.8,9.6,True
504684,3604,P06,MS-TRT-RET50,1,44.0,6.6,44.0,37.4,False,10.5,10.5,True
504685,3604,P02,MS-CLN-CRM150,1,24.0,3.6,24.0,20.4,False,5.4,5.4,True
504686,3605,P05,MS-SER-NIA30,1,29.0,4.35,29.0,24.65,False,5.9,5.9,True
504687,3606,P11,MS-BDY-LOT400,1,28.0,0.0,28.0,28.0,False,8.5,8.5,True
504688,3607,P10,MS-MSK-CLY100,1,26.0,0.0,26.0,26.0,False,6.0,6.0,True
504689,3608,P04,MS-SER-HYA30,1,34.0,3.4,34.0,30.6,False,7.2,7.2,False
504690,3609,P08,MS-MOI-BAR50,1,36.0,5.4,36.0,30.6,False,8.0,8.0,True
504691,3609,P01,MS-CLN-GEL150,1,22.0,3.3,22.0,18.7,False,4.8,4.8,True
504692,3610,P05,MS-SER-NIA30,1,29.0,0.0,29.0,29.0,False,5.9,5.9,True
504693,3610,P04,MS-SER-HYA30,1,34.0,0.0,34.0,34.0,False,7.2,7.2,True
504694,3611,P05,MS-SER-NIA30,1,29.0,0.0,29.0,29.0,False,5.9,5.9,True
504695,3612,P11,MS-BDY-LOT400,1,28.0,4.2,28.0,23.8,False,8.5,8.5,True
504696,3613,P09,MS-EYE-015,1,30.0,0.0,30.0,30.0,False,7.5,7.5,True
504697,3613,P01,MS-CLN-GEL150,2,22.0,0.0,44.0,44.0,False,4.8,9.6,True
504698,3614,P10,MS-MSK-CLY100,1,26.0,0.0,26.0,26.0,False,6.0,6.0,True
504699,3615,P05,MS-SER-NIA30,1,29.0,2.9,29.0,26.1,False,5.9,5.9,True
504700,3616,P08,MS-MOI-BAR50,1,36.0,0.0,36.0,36.0,False,8.0,8.0,True
504701,3616,P09,MS-EYE-015,1,30.0,0.0,30.0,30.0,False,7.5,7.5,True
504702,3617,P07,MS-MOI-SPF50,1,32.0,0.0,32.0,32.0,False,7.8,7.8,True
504703,3617,P06,MS-TRT-RET50,1,44.0,0.0,44.0,44.0,False,10.5,10.5,True
504704,3617,P12,MS-SET-RTN3,1,88.0,0.0,88.0,88.0,False,21.1,21.1,True
504705,3618,P02,MS-CLN-CRM150,1,24.0,3.6,24.0,20.4,False,5.4,5.4,True
504706,3618,P06,MS-TRT-RET50,1,44.0,6.6,44.0,37.4,False,10.5,10.5,True
504707,3619,P11,MS-BDY-LOT400,1,28.0,4.2,28.0,23.8,False,8.5,8.5,True
504708,3619,P01,MS-CLN-GEL150,1,22.0,3.3,22.0,18.7,False,4.8,4.8,True
504709,3620,P04,MS-SER-HYA30,1,34.0,0.0,34.0,34.0,False,7.2,7.2,True
504710,3621,P03,MS-SER-VTC30,1,38.0,0.0,38.0,38.0,False,8.5,8.5,True
504711,3621,P01,MS-CLN-GEL150,1,22.0,0.0,22.0,22.0,False,4.8,4.8,True
504712,3622,P09,MS-EYE-015,1,30.0,0.0,30.0,30.0,False,7.5,7.5,True
504713,3622,P05,MS-SER-NIA30,1,29.0,0.0,29.0,29.0,False,5.9,5.9,True
504714,3622,P10,MS-MSK-CLY100,1,26.0,0.0,26.0,26.0,False,6.0,6.0,True
504715,3623,P03,MS-SER-VTC30,1,38.0,5.7,38.0,32.3,False,8.5,8.5,True
504716,3623,P05,MS-SER-NIA30,1,29.0,4.35,29.0,24.65,False,5.9,5.9,True
504717,3624,P06,MS-TRT-RET50,1,44.0,0.0,44.0,44.0,False,10.5,10.5,True
504718,3625,P04,MS-SER-HYA30,1,34.0,0.0,34.0,34.0,False,7.2,7.2,True
504719,3625,P05,MS-SER-NIA30,1,29.0,0.0,29.0,29.0,False,5.9,5.9,True
504720,3626,P06,MS-TRT-RET50,1,44.0,4.4,44.0,39.6,False,10.5,10.5,True
504721,3627,P07,MS-MOI-SPF50,1,32.0,0.0,32.0,32.0,False,7.8,7.8,True
504722,3627,P04,MS-SER-HYA30,1,34.0,0.0,34.0,34.0,False,7.2,7.2,True
504723,3628,P02,MS-CLN-CRM150,1,24.0,0.0,24.0,24.0,False,5.4,5.4,True
504724,3628,P01,MS-CLN-GEL150,1,22.0,0.0,22.0,22.0,False,4.8,4.8,True
504725,3628,P03,MS-SER-VTC30,1,38.0,0.0,38.0,38.0,False,8.5,8.5,True
504726,3628,P05,MS-SER-NIA30,1,29.0,0.0,29.0,29.0,False,5.9,5.9,True
504727,3629,P10,MS-MSK-CLY100,1,26.0,0.0,26.0,26.0,False,6.0,6.0,True
504728,3630,P06,MS-TRT-RET50,1,44.0,6.6,44.0,37.4,False,10.5,10.5,False
504729,3630,P09,MS-EYE-015,1,30.0,4.5,30.0,25.5,False,7.5,7.5,False
504730,3630,P05,MS-SER-NIA30,1,29.0,4.35,29.0,24.65,False,5.9,5.9,False
504731,3630,P12,MS-SET-RTN3,1,88.0,13.2,88.0,74.8,False,21.1,21.1,False
504732,3631,P01,MS-CLN-GEL150,1,22.0,0.0,22.0,22.0,False,4.8,4.8,True
504733,3631,P04,MS-SER-HYA30,1,34.0,0.0,34.0,34.0,False,7.2,7.2,True
504734,3631,P07,MS-MOI-SPF50,1,32.0,0.0,32.0,32.0,False,7.8,7.8,True
504735,3631,P03,MS-SER-VTC30,2,38.0,0.0,76.0,76.0,False,8.5,17.0,True
504736,3632,P01,MS-CLN-GEL150,1,22.0,0.0,22.0,22.0,False,4.8,4.8,True
504737,3632,P03,MS-SER-VTC30,1,38.0,0.0,38.0,38.0,False,8.5,8.5,True
504738,3632,P08,MS-MOI-BAR50,1,36.0,0.0,36.0,36.0,False,8.0,8.0,True
504739,3632,P11,MS-BDY-LOT400,1,28.0,0.0,28.0,28.0,False,8.5,8.5,True
504740,3633,P03,MS-SER-VTC30,1,38.0,0.0,38.0,38.0,False,8.5,8.5,True
504741,3633,P04,MS-SER-HYA30,2,34.0,0.0,68.0,68.0,False,7.2,14.4,True
504742,3634,P10,MS-MSK-CLY100,1,26.0,0.0,26.0,26.0,False,6.0,6.0,True
504743,3635,P03,MS-SER-VTC30,1,38.0,0.0,38.0,38.0,False,8.5,8.5,True
504744,3636,P08,MS-MOI-BAR50,2,36.0,0.0,72.0,72.0,False,8.0,16.0,True
504745,3637,P01,MS-CLN-GEL150,1,22.0,0.0,22.0,22.0,False,4.8,4.8,True
504746,3638,P12,MS-SET-RTN3,1,88.0,0.0,88.0,88.0,False,21.1,21.1,True
504747,3638,P07,MS-MOI-SPF50,1,32.0,0.0,32.0,32.0,False,7.8,7.8,True
504748,3638,P03,MS-SER-VTC30,1,38.0,0.0,38.0,38.0,False,8.5,8.5,True
504749,3639,P03,MS-SER-VTC30,1,38.0,0.0,38.0,38.0,False,8.5,8.5,True
504750,3640,P06,MS-TRT-RET50,2,44.0,13.2,88.0,74.8,False,10.5,21.0,True
504751,3641,P07,MS-MOI-SPF50,2,32.0,7.68,64.0,56.32,False,7.8,15.6,False
504752,3642,P11,MS-BDY-LOT400,1,28.0,0.0,28.0,28.0,False,8.5,8.5,True
504753,3642,P03,MS-SER-VTC30,1,38.0,0.0,38.0,38.0,False,8.5,8.5,True
504754,3642,P05,MS-SER-NIA30,1,29.0,0.0,29.0,29.0,False,5.9,5.9,True
504755,3642,P06,MS-TRT-RET50,1,44.0,0.0,44.0,44.0,False,10.5,10.5,True
504756,3643,P07,MS-MOI-SPF50,1,32.0,0.0,32.0,32.0,False,7.8,7.8,True
504757,3643,P08,MS-MOI-BAR50,1,36.0,0.0,36.0,36.0,False,8.0,8.0,True
504758,3644,P07,MS-MOI-SPF50,1,32.0,4.8,32.0,27.2,False,7.8,7.8,True
504759,3645,P07,MS-MOI-SPF50,2,32.0,6.4,64.0,57.6,False,7.8,15.6,True
504760,3646,P02,MS-CLN-CRM150,1,24.0,3.6,24.0,20.4,False,5.4,5.4,True
504761,3647,P07,MS-MOI-SPF50,1,32.0,4.8,32.0,27.2,False,7.8,7.8,True
504762,3648,P04,MS-SER-HYA30,1,34.0,0.0,34.0,34.0,False,7.2,7.2,True
504763,3649,P06,MS-TRT-RET50,2,44.0,0.0,88.0,88.0,False,10.5,21.0,True
504764,3650,P04,MS-SER-HYA30,1,34.0,0.0,34.0,34.0,False,7.2,7.2,True
504765,3651,P03,MS-SER-VTC30,1,38.0,3.8,38.0,34.2,False,8.5,8.5,True
504766,3652,P12,MS-SET-RTN3,1,88.0,0.0,88.0,88.0,False,21.1,21.1,True
504767,3653,P03,MS-SER-VTC30,1,38.0,0.0,38.0,38.0,False,8.5,8.5,True
504768,3654,P04,MS-SER-HYA30,1,34.0,0.0,34.0,34.0,False,7.2,7.2,True
504769,3655,P10,MS-MSK-CLY100,1,26.0,2.6,26.0,23.4,False,6.0,6.0,True
504770,3655,P03,MS-SER-VTC30,1,38.0,3.8,38.0,34.2,False,8.5,8.5,True
504771,3655,P05,MS-SER-NIA30,1,29.0,2.9,29.0,26.1,False,5.9,5.9,True
504772,3656,P03,MS-SER-VTC30,1,38.0,0.0,38.0,38.0,False,8.5,8.5,True
504773,3656,P07,MS-MOI-SPF50,2,32.0,0.0,64.0,64.0,False,7.8,15.6,True
504774,3656,P10,MS-MSK-CLY100,1,26.0,0.0,26.0,26.0,False,6.0,6.0,True
504775,3656,P02,MS-CLN-CRM150,1,24.0,0.0,24.0,24.0,False,5.4,5.4,True
504776,3657,P08,MS-MOI-BAR50,1,36.0,5.4,36.0,30.6,False,8.0,8.0,True
504777,3658,P06,MS-TRT-RET50,1,44.0,0.0,44.0,44.0,False,10.5,10.5,True
504778,3658,P05,MS-SER-NIA30,1,29.0,0.0,29.0,29.0,False,5.9,5.9,True
504779,3658,P04,MS-SER-HYA30,1,34.0,0.0,34.0,34.0,False,7.2,7.2,True
504780,3659,P04,MS-SER-HYA30,1,34.0,3.4,34.0,30.6,False,7.2,7.2,True
504781,3659,P01,MS-CLN-GEL150,1,22.0,2.2,22.0,19.8,False,4.8,4.8,True
504782,3659,P02,MS-CLN-CRM150,1,24.0,2.4,24.0,21.6,False,5.4,5.4,True
504783,3660,P09,MS-EYE-015,1,30.0,0.0,30.0,30.0,False,7.5,7.5,True
504784,3661,P01,MS-CLN-GEL150,1,22.0,0.0,22.0,22.0,False,4.8,4.8,True
504785,3661,P12,MS-SET-RTN3,1,88.0,0.0,88.0,88.0,False,21.1,21.1,True
504786,3662,P11,MS-BDY-LOT400,1,28.0,0.0,28.0,28.0,False,8.5,8.5,True
504787,3663,P02,MS-CLN-CRM150,1,24.0,2.4,24.0,21.6,False,5.4,5.4,True
504788,3663,P08,MS-MOI-BAR50,1,36.0,3.6,36.0,32.4,False,8.0,8.0,True
504789,3664,P04,MS-SER-HYA30,1,34.0,0.0,34.0,34.0,False,7.2,7.2,True
504790,3665,P04,MS-SER-HYA30,1,34.0,0.0,34.0,34.0,False,7.2,7.2,True
504791,3666,P10,MS-MSK-CLY100,2,26.0,0.0,52.0,52.0,False,6.0,12.0,True
504792,3667,P04,MS-SER-HYA30,1,34.0,0.0,34.0,34.0,False,7.2,7.2,True
504793,3668,P05,MS-SER-NIA30,1,29.0,0.0,29.0,29.0,False,5.9,5.9,True
504794,3669,P05,MS-SER-NIA30,1,29.0,0.0,29.0,29.0,False,5.9,5.9,True
504795,3670,P03,MS-SER-VTC30,1,38.0,0.0,38.0,38.0,False,8.5,8.5,True
504796,3670,P01,MS-CLN-GEL150,1,22.0,0.0,22.0,22.0,False,4.8,4.8,True
504797,3670,P04,MS-SER-HYA30,2,34.0,0.0,68.0,68.0,False,7.2,14.4,True
504798,3671,P11,MS-BDY-LOT400,1,28.0,0.0,28.0,28.0,False,8.5,8.5,True
504799,3672,P03,MS-SER-VTC30,1,38.0,5.7,38.0,32.3,False,8.5,8.5,True
504800,3673,P02,MS-CLN-CRM150,1,24.0,0.0,24.0,24.0,False,5.4,5.4,True
504801,3673,P06,MS-TRT-RET50,1,44.0,0.0,44.0,44.0,False,10.5,10.5,True
504802,3673,P10,MS-MSK-CLY100,1,26.0,0.0,26.0,26.0,False,6.0,6.0,True
504803,3674,P09,MS-EYE-015,2,30.0,9.0,60.0,51.0,False,7.5,15.0,True
504804,3675,P12,MS-SET-RTN3,1,88.0,13.2,88.0,74.8,False,21.1,21.1,True
504805,3675,P01,MS-CLN-GEL150,1,22.0,3.3,22.0,18.7,False,4.8,4.8,True
504806,3675,P02,MS-CLN-CRM150,1,24.0,3.6,24.0,20.4,False,5.4,5.4,True
504807,3675,P10,MS-MSK-CLY100,2,26.0,7.8,52.0,44.2,False,6.0,12.0,True
504808,3676,P03,MS-SER-VTC30,1,38.0,0.0,38.0,38.0,False,8.5,8.5,True
504809,3676,P02,MS-CLN-CRM150,1,24.0,0.0,24.0,24.0,False,5.4,5.4,True
504810,3677,P03,MS-SER-VTC30,1,38.0,0.0,38.0,38.0,False,8.5,8.5,True
504811,3678,P02,MS-CLN-CRM150,1,24.0,3.6,24.0,20.4,False,5.4,5.4,True
504812,3678,P03,MS-SER-VTC30,1,38.0,5.7,38.0,32.3,False,8.5,8.5,True
504813,3678,P04,MS-SER-HYA30,1,34.0,5.1,34.0,28.9,False,7.2,7.2,True
504814,3678,P07,MS-MOI-SPF50,1,32.0,4.8,32.0,27.2,False,7.8,7.8,True
504815,3679,P03,MS-SER-VTC30,1,38.0,10.55,38.0,27.45,False,8.5,8.5,True
504816,3680,P11,MS-BDY-LOT400,1,28.0,4.2,28.0,23.8,False,8.5,8.5,True
504817,3680,P03,MS-SER-VTC30,2,38.0,11.4,76.0,64.6,False,8.5,17.0,True
504818,3681,P10,MS-MSK-CLY100,1,26.0,0.0,26.0,26.0,False,6.0,6.0,True
504819,3681,P03,MS-SER-VTC30,1,38.0,0.0,38.0,38.0,False,8.5,8.5,True
504820,3681,P09,MS-EYE-015,1,30.0,0.0,30.0,30.0,False,7.5,7.5,True
504821,3682,P03,MS-SER-VTC30,1,38.0,5.7,38.0,32.3,False,8.5,8.5,True
504822,3683,P12,MS-SET-RTN3,1,88.0,8.8,88.0,79.2,False,21.1,21.1,True
504823,3684,P01,MS-CLN-GEL150,1,22.0,0.0,22.0,22.0,False,4.8,4.8,True
504824,3684,P08,MS-MOI-BAR50,1,36.0,0.0,36.0,36.0,False,8.0,8.0,True
504825,3684,P07,MS-MOI-SPF50,1,32.0,0.0,32.0,32.0,False,7.8,7.8,True
504826,3685,P11,MS-BDY-LOT400,1,28.0,0.0,28.0,28.0,False,8.5,8.5,True
504827,3685,P04,MS-SER-HYA30,1,34.0,0.0,34.0,34.0,False,7.2,7.2,True
504828,3685,P03,MS-SER-VTC30,1,38.0,0.0,38.0,38.0,False,8.5,8.5,True
504829,3686,P10,MS-MSK-CLY100,1,26.0,3.9,26.0,22.1,False,6.0,6.0,True
504830,3687,P12,MS-SET-RTN3,1,88.0,13.2,88.0,74.8,False,21.1,21.1,True
504831,3688,P07,MS-MOI-SPF50,1,32.0,0.0,32.0,32.0,False,7.8,7.8,True
504832,3689,P04,MS-SER-HYA30,1,34.0,5.1,34.0,28.9,False,7.2,7.2,False
504833,3690,P03,MS-SER-VTC30,2,38.0,0.0,76.0,76.0,False,8.5,17.0,True
504834,3691,P12,MS-SET-RTN3,1,88.0,0.0,88.0,88.0,False,21.1,21.1,True
504835,3692,P12,MS-SET-RTN3,1,88.0,0.0,88.0,88.0,False,21.1,21.1,True
504836,3692,P03,MS-SER-VTC30,2,38.0,0.0,76.0,76.0,False,8.5,17.0,True
504837,3692,P05,MS-SER-NIA30,2,29.0,0.0,58.0,58.0,False,5.9,11.8,True
504838,3693,P02,MS-CLN-CRM150,1,24.0,3.6,24.0,20.4,False,5.4,5.4,True
504839,3694,P07,MS-MOI-SPF50,1,32.0,3.2,32.0,28.8,False,7.8,7.8,True
504840,3695,P06,MS-TRT-RET50,1,44.0,0.0,44.0,44.0,False,10.5,10.5,True
504841,3695,P04,MS-SER-HYA30,1,34.0,0.0,34.0,34.0,False,7.2,7.2,True
504842,3696,P01,MS-CLN-GEL150,1,22.0,0.0,22.0,22.0,False,4.8,4.8,True
504843,3696,P02,MS-CLN-CRM150,2,24.0,0.0,48.0,48.0,False,5.4,10.8,True
504844,3696,P04,MS-SER-HYA30,1,34.0,0.0,34.0,34.0,False,7.2,7.2,True
504845,3696,P06,MS-TRT-RET50,1,44.0,0.0,44.0,44.0,False,10.5,10.5,True
504846,3697,P03,MS-SER-VTC30,1,38.0,5.7,38.0,32.3,False,8.5,8.5,True
504847,3698,P04,MS-SER-HYA30,1,34.0,0.0,34.0,34.0,False,7.2,7.2,True
504848,3699,P03,MS-SER-VTC30,1,38.0,0.0,38.0,38.0,False,8.5,8.5,True
504849,3699,P08,MS-MOI-BAR50,1,36.0,0.0,36.0,36.0,False,8.0,8.0,True
504850,3699,P04,MS-SER-HYA30,1,34.0,0.0,34.0,34.0,False,7.2,7.2,True
504851,3699,P06,MS-TRT-RET50,1,44.0,0.0,44.0,44.0,False,10.5,10.5,True
504852,3700,P06,MS-TRT-RET50,2,44.0,0.0,88.0,88.0,False,10.5,21.0,True
504853,3700,P11,MS-BDY-LOT400,2,28.0,0.0,56.0,56.0,False,8.5,17.0,True
504854,3700,P09,MS-EYE-015,1,30.0,0.0,30.0,30.0,False,7.5,7.5,True
504855,3700,P12,MS-SET-RTN3,1,88.0,0.0,88.0,88.0,False,21.1,21.1,True
504856,3701,P11,MS-BDY-LOT400,2,28.0,0.0,56.0,56.0,False,8.5,17.0,True
504857,3702,P07,MS-MOI-SPF50,1,32.0,3.2,32.0,28.8,False,7.8,7.8,True
504858,3702,P03,MS-SER-VTC30,1,38.0,3.8,38.0,34.2,False,8.5,8.5,True
504859,3702,P08,MS-MOI-BAR50,1,36.0,3.6,36.0,32.4,False,8.0,8.0,True
504860,3702,P05,MS-SER-NIA30,1,29.0,2.9,29.0,26.1,False,5.9,5.9,True
504861,3703,P03,MS-SER-VTC30,1,38.0,0.0,38.0,38.0,False,8.5,8.5,True
504862,3703,P10,MS-MSK-CLY100,1,26.0,0.0,26.0,26.0,False,6.0,6.0,True
504863,3704,P07,MS-MOI-SPF50,1,32.0,4.8,32.0,27.2,False,7.8,7.8,True
504864,3704,P12,MS-SET-RTN3,1,88.0,13.2,88.0,74.8,False,21.1,21.1,True
504865,3705,P10,MS-MSK-CLY100,1,26.0,3.12,26.0,22.88,False,6.0,6.0,True
504866,3706,P08,MS-MOI-BAR50,1,36.0,0.0,36.0,36.0,False,8.0,8.0,True
504867,3706,P03,MS-SER-VTC30,1,38.0,0.0,38.0,38.0,False,8.5,8.5,True
504868,3707,P12,MS-SET-RTN3,1,88.0,0.0,88.0,88.0,False,21.1,21.1,True
504869,3708,P08,MS-MOI-BAR50,1,36.0,0.0,36.0,36.0,False,8.0,8.0,True
504870,3708,P04,MS-SER-HYA30,1,34.0,0.0,34.0,34.0,False,7.2,7.2,True
504871,3709,P11,MS-BDY-LOT400,1,28.0,0.0,28.0,28.0,False,8.5,8.5,True
504872,3710,P03,MS-SER-VTC30,1,38.0,0.0,38.0,38.0,False,8.5,8.5,True
504873,3711,P10,MS-MSK-CLY100,2,26.0,5.2,52.0,46.8,False,6.0,12.0,True
504874,3712,P03,MS-SER-VTC30,1,38.0,0.0,38.0,38.0,False,8.5,8.5,True
504875,3712,P02,MS-CLN-CRM150,1,24.0,0.0,24.0,24.0,False,5.4,5.4,True
504876,3713,P05,MS-SER-NIA30,1,29.0,0.0,29.0,29.0,False,5.9,5.9,True
504877,3714,P07,MS-MOI-SPF50,1,32.0,0.0,32.0,32.0,False,7.8,7.8,True
504878,3715,P03,MS-SER-VTC30,2,38.0,0.0,76.0,76.0,False,8.5,17.0,True
504879,3716,P11,MS-BDY-LOT400,1,28.0,0.0,28.0,28.0,False,8.5,8.5,True
504880,3716,P06,MS-TRT-RET50,1,44.0,0.0,44.0,44.0,False,10.5,10.5,True
504881,3717,P03,MS-SER-VTC30,1,38.0,0.0,38.0,38.0,False,8.5,8.5,True
504882,3717,P02,MS-CLN-CRM150,1,24.0,0.0,24.0,24.0,False,5.4,5.4,True
504883,3718,P03,MS-SER-VTC30,1,38.0,3.8,38.0,34.2,False,8.5,8.5,True
504884,3718,P02,MS-CLN-CRM150,1,24.0,2.4,24.0,21.6,False,5.4,5.4,True
504885,3719,P11,MS-BDY-LOT400,1,28.0,0.0,28.0,28.0,False,8.5,8.5,True
504886,3720,P08,MS-MOI-BAR50,1,36.0,0.0,36.0,36.0,False,8.0,8.0,True
504887,3721,P07,MS-MOI-SPF50,1,32.0,0.0,32.0,32.0,False,7.8,7.8,True
504888,3721,P01,MS-CLN-GEL150,2,22.0,0.0,44.0,44.0,False,4.8,9.6,True
504889,3721,P03,MS-SER-VTC30,1,38.0,0.0,38.0,38.0,False,8.5,8.5,True
504890,3722,P12,MS-SET-RTN3,1,88.0,0.0,88.0,88.0,False,21.1,21.1,True
504891,3723,P09,MS-EYE-015,2,30.0,0.0,60.0,60.0,False,7.5,15.0,False
504892,3724,P03,MS-SER-VTC30,1,38.0,0.0,38.0,38.0,False,8.5,8.5,True
504893,3724,P07,MS-MOI-SPF50,1,32.0,0.0,32.0,32.0,False,7.8,7.8,True
504894,3725,P12,MS-SET-RTN3,1,88.0,8.8,88.0,79.2,False,21.1,21.1,True
504895,3725,P05,MS-SER-NIA30,1,29.0,2.9,29.0,26.1,False,5.9,5.9,True
504896,3726,P03,MS-SER-VTC30,1,38.0,0.0,38.0,38.0,False,8.5,8.5,True
504897,3726,P06,MS-TRT-RET50,1,44.0,0.0,44.0,44.0,False,10.5,10.5,True
504898,3727,P01,MS-CLN-GEL150,1,22.0,0.0,22.0,22.0,False,4.8,4.8,False
504899,3728,P12,MS-SET-RTN3,1,88.0,0.0,88.0,88.0,False,21.1,21.1,True
504900,3728,P03,MS-SER-VTC30,2,38.0,0.0,76.0,76.0,False,8.5,17.0,True
504901,3728,P02,MS-CLN-CRM150,1,24.0,0.0,24.0,24.0,False,5.4,5.4,True
504902,3728,P01,MS-CLN-GEL150,1,22.0,0.0,22.0,22.0,False,4.8,4.8,True
504903,3729,P04,MS-SER-HYA30,1,34.0,0.0,34.0,34.0,False,7.2,7.2,True
504904,3730,P03,MS-SER-VTC30,1,38.0,0.0,38.0,38.0,False,8.5,8.5,True
504905,3731,P08,MS-MOI-BAR50,1,36.0,0.0,36.0,36.0,False,8.0,8.0,True
504906,3732,P07,MS-MOI-SPF50,1,32.0,4.8,32.0,27.2,False,7.8,7.8,True
504907,3732,P03,MS-SER-VTC30,1,38.0,5.7,38.0,32.3,False,8.5,8.5,True
504908,3733,P03,MS-SER-VTC30,1,38.0,5.7,38.0,32.3,False,8.5,8.5,True
504909,3733,P01,MS-CLN-GEL150,1,22.0,3.3,22.0,18.7,False,4.8,4.8,True
504910,3733,P04,MS-SER-HYA30,2,34.0,10.2,68.0,57.8,False,7.2,14.4,True
504911,3733,P02,MS-CLN-CRM150,1,24.0,3.6,24.0,20.4,False,5.4,5.4,True
504912,3734,P05,MS-SER-NIA30,2,29.0,5.8,58.0,52.2,False,5.9,11.8,True
504913,3735,P09,MS-EYE-015,1,30.0,0.0,30.0,30.0,False,7.5,7.5,True
504914,3735,P04,MS-SER-HYA30,2,34.0,0.0,68.0,68.0,False,7.2,14.4,True
504915,3736,P12,MS-SET-RTN3,1,88.0,0.0,88.0,88.0,False,21.1,21.1,True
504916,3736,P03,MS-SER-VTC30,1,38.0,0.0,38.0,38.0,False,8.5,8.5,True
504917,3737,P02,MS-CLN-CRM150,1,24.0,0.0,24.0,24.0,False,5.4,5.4,True
504918,3738,P12,MS-SET-RTN3,1,88.0,0.0,88.0,88.0,False,21.1,21.1,True
504919,3739,P08,MS-MOI-BAR50,1,36.0,0.0,36.0,36.0,False,8.0,8.0,True
504920,3740,P11,MS-BDY-LOT400,1,28.0,0.0,28.0,28.0,False,8.5,8.5,True
504921,3740,P05,MS-SER-NIA30,1,29.0,0.0,29.0,29.0,False,5.9,5.9,True
504922,3741,P09,MS-EYE-015,1,30.0,3.0,30.0,27.0,False,7.5,7.5,True
504923,3741,P05,MS-SER-NIA30,1,29.0,2.9,29.0,26.1,False,5.9,5.9,True
504924,3742,P03,MS-SER-VTC30,1,38.0,0.0,38.0,38.0,False,8.5,8.5,True
504925,3743,P02,MS-CLN-CRM150,1,24.0,0.0,24.0,24.0,False,5.4,5.4,True
504926,3743,P04,MS-SER-HYA30,2,34.0,0.0,68.0,68.0,False,7.2,14.4,True
504927,3744,P04,MS-SER-HYA30,1,34.0,4.08,34.0,29.92,False,7.2,7.2,True
504928,3744,P09,MS-EYE-015,1,30.0,3.6,30.0,26.4,False,7.5,7.5,True
504929,3744,P01,MS-CLN-GEL150,1,22.0,2.64,22.0,19.36,False,4.8,4.8,True
504930,3745,P01,MS-CLN-GEL150,1,22.0,3.3,22.0,18.7,False,4.8,4.8,True
504931,3745,P07,MS-MOI-SPF50,2,32.0,9.6,64.0,54.4,False,7.8,15.6,True
504932,3746,P04,MS-SER-HYA30,1,34.0,7.99,34.0,26.009999999999998,False,7.2,7.2,True
504933,3746,P01,MS-CLN-GEL150,1,22.0,5.17,22.0,16.83,False,4.8,4.8,True
504934,3746,P03,MS-SER-VTC30,1,38.0,8.93,38.0,29.07,False,8.5,8.5,True
504935,3747,P03,MS-SER-VTC30,1,38.0,0.0,38.0,38.0,False,8.5,8.5,True
504936,3747,P05,MS-SER-NIA30,2,29.0,0.0,58.0,58.0,False,5.9,11.8,True
504937,3748,P01,MS-CLN-GEL150,1,22.0,3.3,22.0,18.7,False,4.8,4.8,True
504938,3749,P03,MS-SER-VTC30,1,38.0,5.7,38.0,32.3,False,8.5,8.5,True
504939,3749,P06,MS-TRT-RET50,1,44.0,6.6,44.0,37.4,False,10.5,10.5,True
504940,3749,P05,MS-SER-NIA30,1,29.0,4.35,29.0,24.65,False,5.9,5.9,True
504941,3750,P07,MS-MOI-SPF50,1,32.0,4.8,32.0,27.2,False,7.8,7.8,True
504942,3751,P01,MS-CLN-GEL150,1,22.0,0.0,22.0,22.0,False,4.8,4.8,True
504943,3752,P09,MS-EYE-015,1,30.0,0.0,30.0,30.0,False,7.5,7.5,True
504944,3753,P09,MS-EYE-015,1,30.0,0.0,30.0,30.0,False,7.5,7.5,True
504945,3753,P03,MS-SER-VTC30,1,38.0,0.0,38.0,38.0,False,8.5,8.5,True
504946,3753,P05,MS-SER-NIA30,1,29.0,0.0,29.0,29.0,False,5.9,5.9,True
504947,3754,P03,MS-SER-VTC30,1,38.0,0.0,38.0,38.0,False,8.5,8.5,True
504948,3754,P12,MS-SET-RTN3,1,88.0,0.0,88.0,88.0,False,21.1,21.1,True
504949,3755,P06,MS-TRT-RET50,1,44.0,0.0,44.0,44.0,False,10.5,10.5,True
504950,3755,P01,MS-CLN-GEL150,1,22.0,0.0,22.0,22.0,False,4.8,4.8,True
504951,3756,P04,MS-SER-HYA30,1,34.0,0.0,34.0,34.0,False,7.2,7.2,True
504952,3757,P01,MS-CLN-GEL150,1,22.0,3.3,22.0,18.7,False,4.8,4.8,True
504953,3758,P04,MS-SER-HYA30,1,34.0,0.0,34.0,34.0,False,7.2,7.2,True
504954,3758,P03,MS-SER-VTC30,1,38.0,0.0,38.0,38.0,False,8.5,8.5,True
504955,3759,P01,MS-CLN-GEL150,1,22.0,3.3,22.0,18.7,False,4.8,4.8,True
504956,3760,P03,MS-SER-VTC30,1,38.0,0.0,38.0,38.0,False,8.5,8.5,True
504957,3761,P01,MS-CLN-GEL150,1,22.0,0.0,22.0,22.0,False,4.8,4.8,True
504958,3762,P01,MS-CLN-GEL150,1,22.0,2.2,22.0,19.8,False,4.8,4.8,True
504959,3763,P04,MS-SER-HYA30,1,34.0,3.4,34.0,30.6,False,7.2,7.2,True
504960,3763,P03,MS-SER-VTC30,1,38.0,3.8,38.0,34.2,False,8.5,8.5,True
504961,3763,P06,MS-TRT-RET50,1,44.0,4.4,44.0,39.6,False,10.5,10.5,True
504962,3764,P03,MS-SER-VTC30,1,38.0,0.0,38.0,38.0,False,8.5,8.5,True
504963,3764,P10,MS-MSK-CLY100,1,26.0,0.0,26.0,26.0,False,6.0,6.0,True
504964,3764,P01,MS-CLN-GEL150,2,22.0,0.0,44.0,44.0,False,4.8,9.6,True
504965,3765,P08,MS-MOI-BAR50,1,36.0,0.0,36.0,36.0,False,8.0,8.0,True
504966,3766,P07,MS-MOI-SPF50,1,32.0,0.0,32.0,32.0,False,7.8,7.8,True
504967,3767,P04,MS-SER-HYA30,1,34.0,3.4,34.0,30.6,False,7.2,7.2,True
504968,3767,P01,MS-CLN-GEL150,1,22.0,2.2,22.0,19.8,False,4.8,4.8,True
504969,3768,P12,MS-SET-RTN3,1,88.0,0.0,88.0,88.0,False,21.1,21.1,True
504970,3768,P05,MS-SER-NIA30,1,29.0,0.0,29.0,29.0,False,5.9,5.9,True
504971,3769,P01,MS-CLN-GEL150,1,22.0,3.3,22.0,18.7,False,4.8,4.8,True
504972,3769,P12,MS-SET-RTN3,1,88.0,13.2,88.0,74.8,False,21.1,21.1,True
504973,3769,P09,MS-EYE-015,1,30.0,4.5,30.0,25.5,False,7.5,7.5,True
504974,3770,P01,MS-CLN-GEL150,1,22.0,0.0,22.0,22.0,False,4.8,4.8,True
504975,3771,P06,MS-TRT-RET50,1,44.0,6.6,44.0,37.4,False,10.5,10.5,True
504976,3772,P09,MS-EYE-015,1,30.0,0.0,30.0,30.0,False,7.5,7.5,True
504977,3773,P04,MS-SER-HYA30,1,34.0,0.0,34.0,34.0,False,7.2,7.2,True
504978,3774,P05,MS-SER-NIA30,2,29.0,0.0,58.0,58.0,False,5.9,11.8,True
504979,3775,P03,MS-SER-VTC30,1,38.0,0.0,38.0,38.0,False,8.5,8.5,True
504980,3775,P04,MS-SER-HYA30,1,34.0,0.0,34.0,34.0,False,7.2,7.2,True
504981,3775,P12,MS-SET-RTN3,1,88.0,0.0,88.0,88.0,False,21.1,21.1,True
504982,3776,P10,MS-MSK-CLY100,1,26.0,0.0,26.0,26.0,False,6.0,6.0,True
504983,3777,P03,MS-SER-VTC30,1,38.0,5.7,38.0,32.3,False,8.5,8.5,True
504984,3778,P02,MS-CLN-CRM150,1,24.0,0.0,24.0,24.0,False,5.4,5.4,True
504985,3779,P02,MS-CLN-CRM150,1,24.0,0.0,24.0,24.0,False,5.4,5.4,True
504986,3779,P05,MS-SER-NIA30,1,29.0,0.0,29.0,29.0,False,5.9,5.9,True
504987,3780,P12,MS-SET-RTN3,1,88.0,0.0,88.0,88.0,False,21.1,21.1,True
504988,3780,P04,MS-SER-HYA30,1,34.0,0.0,34.0,34.0,False,7.2,7.2,True
504989,3781,P01,MS-CLN-GEL150,1,22.0,3.3,22.0,18.7,False,4.8,4.8,True
504990,3781,P02,MS-CLN-CRM150,1,24.0,3.6,24.0,20.4,False,5.4,5.4,True
504991,3782,P07,MS-MOI-SPF50,1,32.0,4.8,32.0,27.2,False,7.8,7.8,True
504992,3783,P03,MS-SER-VTC30,2,38.0,11.4,76.0,64.6,False,8.5,17.0,True
504993,3783,P12,MS-SET-RTN3,1,88.0,13.2,88.0,74.8,False,21.1,21.1,True
504994,3783,P07,MS-MOI-SPF50,1,32.0,4.8,32.0,27.2,False,7.8,7.8,True
504995,3784,P01,MS-CLN-GEL150,2,22.0,0.0,44.0,44.0,False,4.8,9.6,True
504996,3785,P04,MS-SER-HYA30,1,34.0,0.0,34.0,34.0,False,7.2,7.2,True
504997,3786,P11,MS-BDY-LOT400,1,28.0,0.0,28.0,28.0,False,8.5,8.5,True
504998,3787,P07,MS-MOI-SPF50,1,32.0,4.8,32.0,27.2,False,7.8,7.8,True
504999,3788,P01,MS-CLN-GEL150,1,22.0,0.0,22.0,22.0,False,4.8,4.8,True
505000,3788,P10,MS-MSK-CLY100,1,26.0,0.0,26.0,26.0,False,6.0,6.0,True
505001,3789,P12,MS-SET-RTN3,1,88.0,13.2,88.0,74.8,False,21.1,21.1,True
505002,3790,P06,MS-TRT-RET50,1,44.0,0.0,44.0,44.0,False,10.5,10.5,True
505003,3791,P08,MS-MOI-BAR50,1,36.0,0.0,36.0,36.0,False,8.0,8.0,True
505004,3792,P01,MS-CLN-GEL150,1,22.0,2.2,22.0,19.8,False,4.8,4.8,True
505005,3792,P02,MS-CLN-CRM150,1,24.0,2.4,24.0,21.6,False,5.4,5.4,True
505006,3793,P12,MS-SET-RTN3,1,88.0,0.0,88.0,88.0,False,21.1,21.1,True
505007,3794,P04,MS-SER-HYA30,2,34.0,10.2,68.0,57.8,False,7.2,14.4,True
505008,3795,P03,MS-SER-VTC30,1,38.0,0.0,38.0,38.0,False,8.5,8.5,True
505009,3795,P06,MS-TRT-RET50,1,44.0,0.0,44.0,44.0,False,10.5,10.5,True
505010,3795,P02,MS-CLN-CRM150,1,24.0,0.0,24.0,24.0,False,5.4,5.4,True
505011,3795,P10,MS-MSK-CLY100,1,26.0,0.0,26.0,26.0,False,6.0,6.0,True
505012,3796,P07,MS-MOI-SPF50,1,32.0,0.0,32.0,32.0,False,7.8,7.8,True
505013,3796,P04,MS-SER-HYA30,1,34.0,0.0,34.0,34.0,False,7.2,7.2,True
505014,3797,P03,MS-SER-VTC30,1,38.0,3.8,38.0,34.2,False,8.5,8.5,True
505015,3797,P06,MS-TRT-RET50,1,44.0,4.4,44.0,39.6,False,10.5,10.5,True
505016,3798,P04,MS-SER-HYA30,1,34.0,0.0,34.0,34.0,False,7.2,7.2,True
505017,3798,P05,MS-SER-NIA30,1,29.0,0.0,29.0,29.0,False,5.9,5.9,True
505018,3798,P10,MS-MSK-CLY100,1,26.0,0.0,26.0,26.0,False,6.0,6.0,True
505019,3799,P07,MS-MOI-SPF50,1,32.0,0.0,32.0,32.0,False,7.8,7.8,True
505020,3799,P03,MS-SER-VTC30,1,38.0,0.0,38.0,38.0,False,8.5,8.5,True
505021,3800,P04,MS-SER-HYA30,1,34.0,0.0,34.0,34.0,False,7.2,7.2,True
505022,3800,P08,MS-MOI-BAR50,1,36.0,0.0,36.0,36.0,False,8.0,8.0,True
505023,3801,P05,MS-SER-NIA30,1,29.0,0.0,29.0,29.0,False,5.9,5.9,True
505024,3802,P03,MS-SER-VTC30,2,38.0,11.4,76.0,64.6,False,8.5,17.0,True
505025,3802,P07,MS-MOI-SPF50,2,32.0,9.6,64.0,54.4,False,7.8,15.6,True
505026,3802,P05,MS-SER-NIA30,1,29.0,4.35,29.0,24.65,False,5.9,5.9,True
505027,3802,P10,MS-MSK-CLY100,1,26.0,3.9,26.0,22.1,False,6.0,6.0,True
505028,3803,P01,MS-CLN-GEL150,1,22.0,0.0,22.0,22.0,False,4.8,4.8,True
505029,3804,P06,MS-TRT-RET50,1,44.0,0.0,44.0,44.0,False,10.5,10.5,True
505030,3805,P01,MS-CLN-GEL150,1,22.0,0.0,22.0,22.0,False,4.8,4.8,True
505031,3805,P06,MS-TRT-RET50,1,44.0,0.0,44.0,44.0,False,10.5,10.5,True
505032,3805,P07,MS-MOI-SPF50,1,32.0,0.0,32.0,32.0,False,7.8,7.8,True
505033,3806,P06,MS-TRT-RET50,1,44.0,4.4,44.0,39.6,False,10.5,10.5,True
505034,3807,P02,MS-CLN-CRM150,1,24.0,0.0,24.0,24.0,False,5.4,5.4,True
505035,3807,P12,MS-SET-RTN3,1,88.0,0.0,88.0,88.0,False,21.1,21.1,True
505036,3808,P09,MS-EYE-015,1,30.0,0.0,30.0,30.0,False,7.5,7.5,True
505037,3809,P06,MS-TRT-RET50,1,44.0,0.0,44.0,44.0,False,10.5,10.5,True
505038,3809,P02,MS-CLN-CRM150,1,24.0,0.0,24.0,24.0,False,5.4,5.4,True
505039,3809,P05,MS-SER-NIA30,1,29.0,0.0,29.0,29.0,False,5.9,5.9,True
505040,3810,P02,MS-CLN-CRM150,2,24.0,0.0,48.0,48.0,False,5.4,10.8,True
505041,3811,P03,MS-SER-VTC30,1,38.0,0.0,38.0,38.0,False,8.5,8.5,True
505042,3812,P02,MS-CLN-CRM150,1,24.0,2.4,24.0,21.6,False,5.4,5.4,True
505043,3813,P03,MS-SER-VTC30,1,38.0,0.0,38.0,38.0,False,8.5,8.5,True
505044,3814,P06,MS-TRT-RET50,1,44.0,0.0,44.0,44.0,False,10.5,10.5,True
505045,3814,P11,MS-BDY-LOT400,1,28.0,0.0,28.0,28.0,False,8.5,8.5,True
505046,3815,P12,MS-SET-RTN3,1,88.0,0.0,88.0,88.0,False,21.1,21.1,True
505047,3816,P08,MS-MOI-BAR50,1,36.0,0.0,36.0,36.0,False,8.0,8.0,True
505048,3816,P12,MS-SET-RTN3,1,88.0,0.0,88.0,88.0,False,21.1,21.1,True
505049,3817,P08,MS-MOI-BAR50,1,36.0,0.0,36.0,36.0,False,8.0,8.0,True
505050,3818,P07,MS-MOI-SPF50,1,32.0,0.0,32.0,32.0,False,7.8,7.8,True
505051,3819,P08,MS-MOI-BAR50,1,36.0,0.0,36.0,36.0,False,8.0,8.0,True
505052,3819,P11,MS-BDY-LOT400,1,28.0,0.0,28.0,28.0,False,8.5,8.5,True
505053,3819,P03,MS-SER-VTC30,1,38.0,0.0,38.0,38.0,False,8.5,8.5,True
505054,3819,P05,MS-SER-NIA30,1,29.0,0.0,29.0,29.0,False,5.9,5.9,True
505055,3820,P01,MS-CLN-GEL150,1,22.0,3.3,22.0,18.7,False,4.8,4.8,True
505056,3820,P03,MS-SER-VTC30,1,38.0,5.7,38.0,32.3,False,8.5,8.5,True
505057,3820,P02,MS-CLN-CRM150,1,24.0,3.6,24.0,20.4,False,5.4,5.4,True
505058,3821,P12,MS-SET-RTN3,1,88.0,10.56,88.0,77.44,False,21.1,21.1,True
505059,3822,P12,MS-SET-RTN3,1,88.0,8.8,88.0,79.2,False,21.1,21.1,True
505060,3822,P06,MS-TRT-RET50,1,44.0,4.4,44.0,39.6,False,10.5,10.5,True
505061,3822,P04,MS-SER-HYA30,1,34.0,3.4,34.0,30.6,False,7.2,7.2,True
505062,3823,P05,MS-SER-NIA30,2,29.0,0.0,58.0,58.0,False,5.9,11.8,True
505063,3824,P10,MS-MSK-CLY100,1,26.0,2.6,26.0,23.4,False,6.0,6.0,True
505064,3825,P01,MS-CLN-GEL150,1,22.0,0.0,22.0,22.0,False,4.8,4.8,True
505065,3826,P08,MS-MOI-BAR50,1,36.0,0.0,36.0,36.0,False,8.0,8.0,True
505066,3826,P06,MS-TRT-RET50,2,44.0,0.0,88.0,88.0,False,10.5,21.0,True
505067,3826,P01,MS-CLN-GEL150,1,22.0,0.0,22.0,22.0,False,4.8,4.8,True
505068,3826,P12,MS-SET-RTN3,1,88.0,0.0,88.0,88.0,False,21.1,21.1,True
505069,3827,P08,MS-MOI-BAR50,2,36.0,10.8,72.0,61.2,False,8.0,16.0,True
505070,3827,P03,MS-SER-VTC30,1,38.0,5.7,38.0,32.3,False,8.5,8.5,True
505071,3828,P04,MS-SER-HYA30,1,34.0,3.4,34.0,30.6,False,7.2,7.2,True
505072,3829,P10,MS-MSK-CLY100,1,26.0,0.0,26.0,26.0,False,6.0,6.0,True
505073,3830,P11,MS-BDY-LOT400,1,28.0,0.0,28.0,28.0,False,8.5,8.5,True
505074,3831,P06,MS-TRT-RET50,1,44.0,0.0,44.0,44.0,False,10.5,10.5,True
505075,3831,P12,MS-SET-RTN3,1,88.0,0.0,88.0,88.0,False,21.1,21.1,True
505076,3832,P05,MS-SER-NIA30,1,29.0,4.35,29.0,24.65,False,5.9,5.9,True
505077,3833,P03,MS-SER-VTC30,1,38.0,0.0,38.0,38.0,False,8.5,8.5,True
505078,3833,P07,MS-MOI-SPF50,2,32.0,0.0,64.0,64.0,False,7.8,15.6,True
505079,3833,P04,MS-SER-HYA30,1,34.0,0.0,34.0,34.0,False,7.2,7.2,True
505080,3834,P01,MS-CLN-GEL150,1,22.0,3.3,22.0,18.7,False,4.8,4.8,True
505081,3835,P06,MS-TRT-RET50,1,44.0,0.0,44.0,44.0,False,10.5,10.5,True
505082,3836,P11,MS-BDY-LOT400,1,28.0,0.0,28.0,28.0,False,8.5,8.5,True
505083,3837,P02,MS-CLN-CRM150,2,24.0,0.0,48.0,48.0,False,5.4,10.8,True
505084,3837,P04,MS-SER-HYA30,1,34.0,0.0,34.0,34.0,False,7.2,7.2,True
505085,3838,P10,MS-MSK-CLY100,1,26.0,3.9,26.0,22.1,False,6.0,6.0,True
505086,3838,P03,MS-SER-VTC30,1,38.0,5.7,38.0,32.3,False,8.5,8.5,True
505087,3839,P04,MS-SER-HYA30,1,34.0,5.1,34.0,28.9,False,7.2,7.2,True
505088,3839,P03,MS-SER-VTC30,1,38.0,5.7,38.0,32.3,False,8.5,8.5,True
505089,3839,P02,MS-CLN-CRM150,1,24.0,3.6,24.0,20.4,False,5.4,5.4,True
505090,3840,P03,MS-SER-VTC30,1,38.0,5.7,38.0,32.3,False,8.5,8.5,True
505091,3841,P10,MS-MSK-CLY100,1,26.0,2.6,26.0,23.4,False,6.0,6.0,True
505092,3842,P03,MS-SER-VTC30,1,38.0,0.0,38.0,38.0,False,8.5,8.5,True
505093,3842,P10,MS-MSK-CLY100,1,26.0,0.0,26.0,26.0,False,6.0,6.0,True
505094,3843,P06,MS-TRT-RET50,2,44.0,8.8,88.0,79.2,False,10.5,21.0,True
505095,3843,P05,MS-SER-NIA30,1,29.0,2.9,29.0,26.1,False,5.9,5.9,True
505096,3844,P01,MS-CLN-GEL150,1,22.0,2.2,22.0,19.8,False,4.8,4.8,True
505097,3845,P07,MS-MOI-SPF50,1,32.0,4.8,32.0,27.2,False,7.8,7.8,True
505098,3846,P03,MS-SER-VTC30,1,38.0,0.0,38.0,38.0,False,8.5,8.5,True
505099,3847,P07,MS-MOI-SPF50,1,32.0,0.0,32.0,32.0,False,7.8,7.8,True
505100,3847,P02,MS-CLN-CRM150,2,24.0,0.0,48.0,48.0,False,5.4,10.8,True
505101,3848,P04,MS-SER-HYA30,1,34.0,0.0,34.0,34.0,False,7.2,7.2,True
505102,3848,P08,MS-MOI-BAR50,1,36.0,0.0,36.0,36.0,False,8.0,8.0,True
505103,3848,P05,MS-SER-NIA30,1,29.0,0.0,29.0,29.0,False,5.9,5.9,True
505104,3849,P05,MS-SER-NIA30,2,29.0,0.0,58.0,58.0,False,5.9,11.8,True
505105,3849,P08,MS-MOI-BAR50,1,36.0,0.0,36.0,36.0,False,8.0,8.0,True
505106,3850,P07,MS-MOI-SPF50,1,32.0,4.8,32.0,27.2,False,7.8,7.8,True
505107,3850,P06,MS-TRT-RET50,1,44.0,6.6,44.0,37.4,False,10.5,10.5,True
505108,3851,P07,MS-MOI-SPF50,1,32.0,0.0,32.0,32.0,False,7.8,7.8,True
505109,3852,P01,MS-CLN-GEL150,1,22.0,3.3,22.0,18.7,False,4.8,4.8,True
505110,3852,P05,MS-SER-NIA30,1,29.0,4.35,29.0,24.65,False,5.9,5.9,True
505111,3852,P03,MS-SER-VTC30,1,38.0,5.7,38.0,32.3,False,8.5,8.5,True
505112,3852,P12,MS-SET-RTN3,1,88.0,13.2,88.0,74.8,False,21.1,21.1,True
505113,3853,P07,MS-MOI-SPF50,1,32.0,0.0,32.0,32.0,False,7.8,7.8,True
505114,3853,P04,MS-SER-HYA30,1,34.0,0.0,34.0,34.0,False,7.2,7.2,True
505115,3854,P02,MS-CLN-CRM150,1,24.0,0.0,24.0,24.0,False,5.4,5.4,True
505116,3854,P07,MS-MOI-SPF50,1,32.0,0.0,32.0,32.0,False,7.8,7.8,True
505117,3855,P01,MS-CLN-GEL150,2,22.0,0.0,44.0,44.0,False,4.8,9.6,True
505118,3856,P12,MS-SET-RTN3,1,88.0,13.2,88.0,74.8,False,21.1,21.1,True
505119,3857,P07,MS-MOI-SPF50,1,32.0,4.8,32.0,27.2,False,7.8,7.8,True
505120,3858,P07,MS-MOI-SPF50,1,32.0,0.0,32.0,32.0,False,7.8,7.8,True
505121,3858,P01,MS-CLN-GEL150,1,22.0,0.0,22.0,22.0,False,4.8,4.8,True
505122,3858,P04,MS-SER-HYA30,1,34.0,0.0,34.0,34.0,False,7.2,7.2,True
505123,3858,P02,MS-CLN-CRM150,1,24.0,0.0,24.0,24.0,False,5.4,5.4,True
505124,3859,P10,MS-MSK-CLY100,1,26.0,3.9,26.0,22.1,False,6.0,6.0,True
505125,3860,P01,MS-CLN-GEL150,1,22.0,3.3,22.0,18.7,False,4.8,4.8,True
505126,3860,P07,MS-MOI-SPF50,1,32.0,4.8,32.0,27.2,False,7.8,7.8,True
505127,3861,P11,MS-BDY-LOT400,1,28.0,0.0,28.0,28.0,False,8.5,8.5,True
505128,3861,P06,MS-TRT-RET50,1,44.0,0.0,44.0,44.0,False,10.5,10.5,True
505129,3862,P03,MS-SER-VTC30,1,38.0,5.7,38.0,32.3,False,8.5,8.5,True
505130,3862,P01,MS-CLN-GEL150,1,22.0,3.3,22.0,18.7,False,4.8,4.8,True
505131,3862,P08,MS-MOI-BAR50,1,36.0,5.4,36.0,30.6,False,8.0,8.0,True
505132,3863,P11,MS-BDY-LOT400,1,28.0,0.0,28.0,28.0,False,8.5,8.5,True
505133,3864,P05,MS-SER-NIA30,1,29.0,0.0,29.0,29.0,False,5.9,5.9,True
505134,3865,P10,MS-MSK-CLY100,1,26.0,3.9,26.0,22.1,False,6.0,6.0,True
505135,3866,P02,MS-CLN-CRM150,1,24.0,3.6,24.0,20.4,False,5.4,5.4,True
505136,3867,P02,MS-CLN-CRM150,1,24.0,3.6,24.0,20.4,False,5.4,5.4,True
505137,3867,P04,MS-SER-HYA30,1,34.0,5.1,34.0,28.9,False,7.2,7.2,True
505138,3868,P05,MS-SER-NIA30,1,29.0,0.0,29.0,29.0,False,5.9,5.9,True
505139,3868,P12,MS-SET-RTN3,1,88.0,0.0,88.0,88.0,False,21.1,21.1,True
505140,3869,P01,MS-CLN-GEL150,1,22.0,3.3,22.0,18.7,False,4.8,4.8,True
505141,3870,P01,MS-CLN-GEL150,1,22.0,0.0,22.0,22.0,False,4.8,4.8,True
505142,3871,P04,MS-SER-HYA30,1,34.0,0.0,34.0,34.0,False,7.2,7.2,True
505143,3872,P03,MS-SER-VTC30,1,38.0,0.0,38.0,38.0,False,8.5,8.5,True
505144,3873,P10,MS-MSK-CLY100,2,26.0,7.8,52.0,44.2,False,6.0,12.0,True
505145,3873,P03,MS-SER-VTC30,1,38.0,5.7,38.0,32.3,False,8.5,8.5,True
505146,3873,P01,MS-CLN-GEL150,1,22.0,3.3,22.0,18.7,False,4.8,4.8,True
505147,3873,P09,MS-EYE-015,1,30.0,4.5,30.0,25.5,False,7.5,7.5,True
505148,3874,P10,MS-MSK-CLY100,1,26.0,3.9,26.0,22.1,False,6.0,6.0,True
505149,3875,P12,MS-SET-RTN3,1,88.0,0.0,88.0,88.0,False,21.1,21.1,True
505150,3875,P02,MS-CLN-CRM150,1,24.0,0.0,24.0,24.0,False,5.4,5.4,True
505151,3875,P04,MS-SER-HYA30,1,34.0,0.0,34.0,34.0,False,7.2,7.2,True
505152,3875,P03,MS-SER-VTC30,1,38.0,0.0,38.0,38.0,False,8.5,8.5,True
505153,3876,P04,MS-SER-HYA30,1,34.0,5.1,34.0,28.9,False,7.2,7.2,True
505154,3877,P12,MS-SET-RTN3,1,88.0,13.2,88.0,74.8,False,21.1,21.1,True
505155,3878,P04,MS-SER-HYA30,1,34.0,0.0,34.0,34.0,False,7.2,7.2,True
505156,3879,P10,MS-MSK-CLY100,1,26.0,3.9,26.0,22.1,False,6.0,6.0,True
505157,3879,P04,MS-SER-HYA30,1,34.0,5.1,34.0,28.9,False,7.2,7.2,True
505158,3880,P03,MS-SER-VTC30,1,38.0,5.7,38.0,32.3,False,8.5,8.5,True
505159,3880,P04,MS-SER-HYA30,2,34.0,10.2,68.0,57.8,False,7.2,14.4,True
505160,3881,P03,MS-SER-VTC30,1,38.0,0.0,38.0,38.0,False,8.5,8.5,True
505161,3882,P01,MS-CLN-GEL150,2,22.0,0.0,44.0,44.0,False,4.8,9.6,True
505162,3883,P01,MS-CLN-GEL150,1,22.0,3.3,22.0,18.7,False,4.8,4.8,True
505163,3884,P04,MS-SER-HYA30,2,34.0,10.2,68.0,57.8,False,7.2,14.4,True
505164,3884,P07,MS-MOI-SPF50,2,32.0,9.6,64.0,54.4,False,7.8,15.6,True
505165,3885,P03,MS-SER-VTC30,1,38.0,0.0,38.0,38.0,False,8.5,8.5,True
505166,3885,P08,MS-MOI-BAR50,1,36.0,0.0,36.0,36.0,False,8.0,8.0,True
505167,3886,P08,MS-MOI-BAR50,2,36.0,10.8,72.0,61.2,False,8.0,16.0,True
505168,3887,P05,MS-SER-NIA30,1,29.0,0.0,29.0,29.0,False,5.9,5.9,True
505169,3887,P08,MS-MOI-BAR50,1,36.0,0.0,36.0,36.0,False,8.0,8.0,True
505170,3887,P12,MS-SET-RTN3,1,88.0,0.0,88.0,88.0,False,21.1,21.1,True
505171,3888,P02,MS-CLN-CRM150,1,24.0,0.0,24.0,24.0,False,5.4,5.4,True
505172,3888,P04,MS-SER-HYA30,1,34.0,0.0,34.0,34.0,False,7.2,7.2,True
505173,3889,P05,MS-SER-NIA30,1,29.0,4.35,29.0,24.65,False,5.9,5.9,True
505174,3889,P03,MS-SER-VTC30,1,38.0,5.7,38.0,32.3,False,8.5,8.5,True
505175,3890,P04,MS-SER-HYA30,2,34.0,0.0,68.0,68.0,False,7.2,14.4,True
505176,3890,P07,MS-MOI-SPF50,1,32.0,0.0,32.0,32.0,False,7.8,7.8,True
505177,3891,P03,MS-SER-VTC30,1,38.0,0.0,38.0,38.0,False,8.5,8.5,True
505178,3891,P07,MS-MOI-SPF50,1,32.0,0.0,32.0,32.0,False,7.8,7.8,True
505179,3891,P04,MS-SER-HYA30,2,34.0,0.0,68.0,68.0,False,7.2,14.4,True
505180,3891,P01,MS-CLN-GEL150,1,22.0,0.0,22.0,22.0,False,4.8,4.8,True
505181,3892,P07,MS-MOI-SPF50,1,32.0,4.8,32.0,27.2,False,7.8,7.8,True
505182,3893,P01,MS-CLN-GEL150,1,22.0,0.0,22.0,22.0,False,4.8,4.8,True
505183,3894,P02,MS-CLN-CRM150,1,24.0,0.0,24.0,24.0,False,5.4,5.4,True
505184,3895,P03,MS-SER-VTC30,1,38.0,5.7,38.0,32.3,False,8.5,8.5,True
505185,3895,P07,MS-MOI-SPF50,1,32.0,4.8,32.0,27.2,False,7.8,7.8,True
505186,3896,P03,MS-SER-VTC30,2,38.0,11.4,76.0,64.6,False,8.5,17.0,True
505187,3896,P05,MS-SER-NIA30,1,29.0,4.35,29.0,24.65,False,5.9,5.9,True
505188,3897,P09,MS-EYE-015,1,30.0,0.0,30.0,30.0,False,7.5,7.5,True
505189,3898,P01,MS-CLN-GEL150,1,22.0,0.0,22.0,22.0,False,4.8,4.8,True
505190,3899,P03,MS-SER-VTC30,1,38.0,0.0,38.0,38.0,False,8.5,8.5,True
505191,3899,P04,MS-SER-HYA30,1,34.0,0.0,34.0,34.0,False,7.2,7.2,True
505192,3899,P09,MS-EYE-015,1,30.0,0.0,30.0,30.0,False,7.5,7.5,True
505193,3899,P02,MS-CLN-CRM150,1,24.0,0.0,24.0,24.0,False,5.4,5.4,True
505194,3900,P06,MS-TRT-RET50,1,44.0,4.4,44.0,39.6,False,10.5,10.5,True
505195,3901,P06,MS-TRT-RET50,1,44.0,6.6,44.0,37.4,False,10.5,10.5,True
505196,3902,P07,MS-MOI-SPF50,2,32.0,9.6,64.0,54.4,False,7.8,15.6,True
505197,3902,P05,MS-SER-NIA30,1,29.0,4.35,29.0,24.65,False,5.9,5.9,True
505198,3903,P01,MS-CLN-GEL150,1,22.0,0.0,22.0,22.0,False,4.8,4.8,True
505199,3903,P10,MS-MSK-CLY100,1,26.0,0.0,26.0,26.0,False,6.0,6.0,True
505200,3904,P05,MS-SER-NIA30,1,29.0,2.9,29.0,26.1,False,5.9,5.9,True
505201,3905,P01,MS-CLN-GEL150,1,22.0,3.3,22.0,18.7,False,4.8,4.8,True
505202,3905,P10,MS-MSK-CLY100,1,26.0,3.9,26.0,22.1,False,6.0,6.0,True
505203,3905,P03,MS-SER-VTC30,2,38.0,11.4,76.0,64.6,False,8.5,17.0,True
505204,3906,P03,MS-SER-VTC30,1,38.0,5.7,38.0,32.3,False,8.5,8.5,True
505205,3907,P01,MS-CLN-GEL150,1,22.0,0.0,22.0,22.0,False,4.8,4.8,True
505206,3907,P12,MS-SET-RTN3,1,88.0,0.0,88.0,88.0,False,21.1,21.1,True
505207,3908,P06,MS-TRT-RET50,1,44.0,0.0,44.0,44.0,False,10.5,10.5,True
505208,3909,P07,MS-MOI-SPF50,1,32.0,0.0,32.0,32.0,False,7.8,7.8,True
505209,3909,P03,MS-SER-VTC30,1,38.0,0.0,38.0,38.0,False,8.5,8.5,True
505210,3910,P04,MS-SER-HYA30,1,34.0,5.1,34.0,28.9,False,7.2,7.2,True
505211,3910,P01,MS-CLN-GEL150,1,22.0,3.3,22.0,18.7,False,4.8,4.8,True
505212,3911,P07,MS-MOI-SPF50,1,32.0,0.0,32.0,32.0,False,7.8,7.8,True
505213,3911,P03,MS-SER-VTC30,1,38.0,0.0,38.0,38.0,False,8.5,8.5,True
505214,3912,P03,MS-SER-VTC30,1,38.0,5.7,38.0,32.3,False,8.5,8.5,True
505215,3912,P12,MS-SET-RTN3,1,88.0,13.2,88.0,74.8,False,21.1,21.1,True
505216,3913,P09,MS-EYE-015,1,30.0,0.0,30.0,30.0,False,7.5,7.5,True
505217,3914,P01,MS-CLN-GEL150,1,22.0,3.3,22.0,18.7,False,4.8,4.8,False
505218,3915,P05,MS-SER-NIA30,1,29.0,0.0,29.0,29.0,False,5.9,5.9,True
505219,3916,P12,MS-SET-RTN3,1,88.0,0.0,88.0,88.0,False,21.1,21.1,True
505220,3917,P08,MS-MOI-BAR50,2,36.0,0.0,72.0,72.0,False,8.0,16.0,True
505221,3918,P07,MS-MOI-SPF50,1,32.0,0.0,32.0,32.0,False,7.8,7.8,True
505222,3919,P07,MS-MOI-SPF50,1,32.0,4.8,32.0,27.2,False,7.8,7.8,True
505223,3920,P09,MS-EYE-015,2,30.0,0.0,60.0,60.0,False,7.5,15.0,True
505224,3920,P03,MS-SER-VTC30,1,38.0,0.0,38.0,38.0,False,8.5,8.5,True
505225,3920,P04,MS-SER-HYA30,1,34.0,0.0,34.0,34.0,False,7.2,7.2,True
505226,3920,P06,MS-TRT-RET50,1,44.0,0.0,44.0,44.0,False,10.5,10.5,True
505227,3921,P12,MS-SET-RTN3,1,88.0,8.8,88.0,79.2,False,21.1,21.1,True
505228,3922,P03,MS-SER-VTC30,1,38.0,0.0,38.0,38.0,False,8.5,8.5,True
505229,3922,P07,MS-MOI-SPF50,1,32.0,0.0,32.0,32.0,False,7.8,7.8,True
505230,3922,P06,MS-TRT-RET50,1,44.0,0.0,44.0,44.0,False,10.5,10.5,True
505231,3922,P04,MS-SER-HYA30,1,34.0,0.0,34.0,34.0,False,7.2,7.2,True
505232,3923,P03,MS-SER-VTC30,1,38.0,5.7,38.0,32.3,False,8.5,8.5,True
505233,3924,P04,MS-SER-HYA30,1,34.0,0.0,34.0,34.0,False,7.2,7.2,True
505234,3925,P07,MS-MOI-SPF50,1,32.0,4.8,32.0,27.2,False,7.8,7.8,True
505235,3925,P02,MS-CLN-CRM150,1,24.0,3.6,24.0,20.4,False,5.4,5.4,True
505236,3926,P03,MS-SER-VTC30,1,38.0,5.7,38.0,32.3,False,8.5,8.5,True
505237,3927,P03,MS-SER-VTC30,1,38.0,0.0,38.0,38.0,False,8.5,8.5,True
505238,3927,P01,MS-CLN-GEL150,1,22.0,0.0,22.0,22.0,False,4.8,4.8,True
505239,3928,P08,MS-MOI-BAR50,1,36.0,0.0,36.0,36.0,False,8.0,8.0,True
505240,3929,P04,MS-SER-HYA30,2,34.0,0.0,68.0,68.0,False,7.2,14.4,True
505241,3930,P10,MS-MSK-CLY100,1,26.0,0.0,26.0,26.0,False,6.0,6.0,True
505242,3931,P04,MS-SER-HYA30,1,34.0,0.0,34.0,34.0,False,7.2,7.2,True
505243,3931,P05,MS-SER-NIA30,1,29.0,0.0,29.0,29.0,False,5.9,5.9,True
505244,3931,P07,MS-MOI-SPF50,1,32.0,0.0,32.0,32.0,False,7.8,7.8,True
505245,3932,P06,MS-TRT-RET50,2,44.0,0.0,88.0,88.0,False,10.5,21.0,True
505246,3932,P10,MS-MSK-CLY100,1,26.0,0.0,26.0,26.0,False,6.0,6.0,True
505247,3933,P09,MS-EYE-015,1,30.0,0.0,30.0,30.0,False,7.5,7.5,True
505248,3933,P07,MS-MOI-SPF50,1,32.0,0.0,32.0,32.0,False,7.8,7.8,True
505249,3933,P01,MS-CLN-GEL150,1,22.0,0.0,22.0,22.0,False,4.8,4.8,True
505250,3934,P05,MS-SER-NIA30,1,29.0,0.0,29.0,29.0,False,5.9,5.9,True
505251,3935,P06,MS-TRT-RET50,2,44.0,0.0,88.0,88.0,False,10.5,21.0,True
505252,3936,P12,MS-SET-RTN3,1,88.0,0.0,88.0,88.0,False,21.1,21.1,True
505253,3936,P10,MS-MSK-CLY100,1,26.0,0.0,26.0,26.0,False,6.0,6.0,True
505254,3936,P07,MS-MOI-SPF50,2,32.0,0.0,64.0,64.0,False,7.8,15.6,True
505255,3937,P08,MS-MOI-BAR50,1,36.0,0.0,36.0,36.0,False,8.0,8.0,True
505256,3938,P03,MS-SER-VTC30,1,38.0,0.0,38.0,38.0,False,8.5,8.5,True
505257,3939,P03,MS-SER-VTC30,1,38.0,5.7,38.0,32.3,False,8.5,8.5,True
505258,3939,P08,MS-MOI-BAR50,1,36.0,5.4,36.0,30.6,False,8.0,8.0,True
505259,3939,P10,MS-MSK-CLY100,1,26.0,3.9,26.0,22.1,False,6.0,6.0,True
505260,3940,P09,MS-EYE-015,1,30.0,0.0,30.0,30.0,False,7.5,7.5,True
505261,3941,P03,MS-SER-VTC30,1,38.0,0.0,38.0,38.0,False,8.5,8.5,True
505262,3941,P12,MS-SET-RTN3,1,88.0,0.0,88.0,88.0,False,21.1,21.1,True
505263,3942,P01,MS-CLN-GEL150,1,22.0,2.2,22.0,19.8,False,4.8,4.8,True
505264,3942,P03,MS-SER-VTC30,1,38.0,3.8,38.0,34.2,False,8.5,8.5,True
505265,3942,P11,MS-BDY-LOT400,1,28.0,2.8,28.0,25.2,False,8.5,8.5,True
505266,3942,P12,MS-SET-RTN3,1,88.0,8.8,88.0,79.2,False,21.1,21.1,True
505267,3943,P07,MS-MOI-SPF50,1,32.0,4.8,32.0,27.2,False,7.8,7.8,True
505268,3944,P03,MS-SER-VTC30,1,38.0,0.0,38.0,38.0,False,8.5,8.5,True
505269,3944,P08,MS-MOI-BAR50,1,36.0,0.0,36.0,36.0,False,8.0,8.0,True
505270,3944,P02,MS-CLN-CRM150,1,24.0,0.0,24.0,24.0,False,5.4,5.4,True
505271,3945,P05,MS-SER-NIA30,1,29.0,0.0,29.0,29.0,False,5.9,5.9,True
505272,3945,P07,MS-MOI-SPF50,1,32.0,0.0,32.0,32.0,False,7.8,7.8,True
505273,3946,P06,MS-TRT-RET50,1,44.0,4.4,44.0,39.6,False,10.5,10.5,True
505274,3947,P03,MS-SER-VTC30,1,38.0,0.0,38.0,38.0,False,8.5,8.5,True
505275,3947,P05,MS-SER-NIA30,1,29.0,0.0,29.0,29.0,False,5.9,5.9,True
505276,3948,P01,MS-CLN-GEL150,1,22.0,2.2,22.0,19.8,False,4.8,4.8,True
505277,3948,P07,MS-MOI-SPF50,1,32.0,3.2,32.0,28.8,False,7.8,7.8,True
505278,3949,P03,MS-SER-VTC30,1,38.0,0.0,38.0,38.0,False,8.5,8.5,True
505279,3950,P08,MS-MOI-BAR50,1,36.0,0.0,36.0,36.0,False,8.0,8.0,True
505280,3951,P04,MS-SER-HYA30,2,34.0,0.0,68.0,68.0,False,7.2,14.4,True
505281,3952,P03,MS-SER-VTC30,1,38.0,3.8,38.0,34.2,False,8.5,8.5,True
505282,3952,P04,MS-SER-HYA30,1,34.0,3.4,34.0,30.6,False,7.2,7.2,True
505283,3952,P08,MS-MOI-BAR50,1,36.0,3.6,36.0,32.4,False,8.0,8.0,True
505284,3953,P01,MS-CLN-GEL150,1,22.0,0.0,22.0,22.0,False,4.8,4.8,True
505285,3953,P02,MS-CLN-CRM150,1,24.0,0.0,24.0,24.0,False,5.4,5.4,True
505286,3954,P12,MS-SET-RTN3,1,88.0,8.8,88.0,79.2,False,21.1,21.1,True
505287,3954,P05,MS-SER-NIA30,1,29.0,2.9,29.0,26.1,False,5.9,5.9,True
505288,3954,P01,MS-CLN-GEL150,1,22.0,2.2,22.0,19.8,False,4.8,4.8,True
505289,3955,P05,MS-SER-NIA30,1,29.0,0.0,29.0,29.0,False,5.9,5.9,True
505290,3956,P01,MS-CLN-GEL150,1,22.0,3.3,22.0,18.7,False,4.8,4.8,True
505291,3956,P06,MS-TRT-RET50,2,44.0,13.2,88.0,74.8,False,10.5,21.0,True
505292,3957,P02,MS-CLN-CRM150,1,24.0,0.0,24.0,24.0,False,5.4,5.4,True
505293,3958,P03,MS-SER-VTC30,1,38.0,5.7,38.0,32.3,False,8.5,8.5,True
505294,3959,P07,MS-MOI-SPF50,1,32.0,0.0,32.0,32.0,False,7.8,7.8,True
505295,3960,P02,MS-CLN-CRM150,1,24.0,0.0,24.0,24.0,False,5.4,5.4,True
505296,3961,P04,MS-SER-HYA30,2,34.0,6.8,68.0,61.2,False,7.2,14.4,True
505297,3961,P12,MS-SET-RTN3,1,88.0,8.8,88.0,79.2,False,21.1,21.1,True
505298,3962,P05,MS-SER-NIA30,1,29.0,0.0,29.0,29.0,False,5.9,5.9,True
505299,3963,P06,MS-TRT-RET50,1,44.0,6.6,44.0,37.4,False,10.5,10.5,True
505300,3964,P12,MS-SET-RTN3,1,88.0,13.2,88.0,74.8,False,21.1,21.1,True
505301,3965,P11,MS-BDY-LOT400,1,28.0,0.0,28.0,28.0,False,8.5,8.5,True
505302,3966,P04,MS-SER-HYA30,1,34.0,5.1,34.0,28.9,False,7.2,7.2,True
505303,3967,P06,MS-TRT-RET50,1,44.0,0.0,44.0,44.0,False,10.5,10.5,True
505304,3967,P05,MS-SER-NIA30,1,29.0,0.0,29.0,29.0,False,5.9,5.9,True
505305,3968,P12,MS-SET-RTN3,1,88.0,13.2,88.0,74.8,False,21.1,21.1,True
505306,3969,P03,MS-SER-VTC30,2,38.0,0.0,76.0,76.0,False,8.5,17.0,True
505307,3969,P01,MS-CLN-GEL150,1,22.0,0.0,22.0,22.0,False,4.8,4.8,True
505308,3970,P06,MS-TRT-RET50,1,44.0,0.0,44.0,44.0,False,10.5,10.5,True
505309,3970,P07,MS-MOI-SPF50,1,32.0,0.0,32.0,32.0,False,7.8,7.8,True
505310,3971,P05,MS-SER-NIA30,2,29.0,5.8,58.0,52.2,False,5.9,11.8,True
505311,3971,P01,MS-CLN-GEL150,1,22.0,2.2,22.0,19.8,False,4.8,4.8,True
505312,3972,P07,MS-MOI-SPF50,1,32.0,4.8,32.0,27.2,False,7.8,7.8,True
505313,3973,P11,MS-BDY-LOT400,1,28.0,4.2,28.0,23.8,False,8.5,8.5,True
505314,3974,P09,MS-EYE-015,1,30.0,4.5,30.0,25.5,False,7.5,7.5,True
505315,3975,P02,MS-CLN-CRM150,1,24.0,0.0,24.0,24.0,False,5.4,5.4,True
505316,3976,P03,MS-SER-VTC30,1,38.0,0.0,38.0,38.0,False,8.5,8.5,True
505317,3977,P07,MS-MOI-SPF50,1,32.0,0.0,32.0,32.0,False,7.8,7.8,True
505318,3977,P05,MS-SER-NIA30,1,29.0,0.0,29.0,29.0,False,5.9,5.9,True
505319,3978,P03,MS-SER-VTC30,1,38.0,0.0,38.0,38.0,False,8.5,8.5,True
505320,3978,P04,MS-SER-HYA30,1,34.0,0.0,34.0,34.0,False,7.2,7.2,True
505321,3979,P10,MS-MSK-CLY100,1,26.0,3.9,26.0,22.1,False,6.0,6.0,True
505322,3979,P02,MS-CLN-CRM150,1,24.0,3.6,24.0,20.4,False,5.4,5.4,True
505323,3980,P11,MS-BDY-LOT400,1,28.0,4.2,28.0,23.8,False,8.5,8.5,True
505324,3981,P07,MS-MOI-SPF50,1,32.0,0.0,32.0,32.0,False,7.8,7.8,True
505325,3982,P10,MS-MSK-CLY100,1,26.0,0.0,26.0,26.0,False,6.0,6.0,True
505326,3983,P06,MS-TRT-RET50,1,44.0,0.0,44.0,44.0,False,10.5,10.5,False
505327,3983,P01,MS-CLN-GEL150,1,22.0,0.0,22.0,22.0,False,4.8,4.8,False
505328,3984,P06,MS-TRT-RET50,1,44.0,0.0,44.0,44.0,False,10.5,10.5,True
505329,3984,P12,MS-SET-RTN3,1,88.0,0.0,88.0,88.0,False,21.1,21.1,True
505330,3985,P07,MS-MOI-SPF50,1,32.0,0.0,32.0,32.0,False,7.8,7.8,True
505331,3985,P02,MS-CLN-CRM150,1,24.0,0.0,24.0,24.0,False,5.4,5.4,True
505332,3985,P05,MS-SER-NIA30,2,29.0,0.0,58.0,58.0,False,5.9,11.8,True
505333,3985,P03,MS-SER-VTC30,1,38.0,0.0,38.0,38.0,False,8.5,8.5,True
505334,3986,P03,MS-SER-VTC30,1,38.0,5.7,38.0,32.3,False,8.5,8.5,True
505335,3986,P01,MS-CLN-GEL150,1,22.0,3.3,22.0,18.7,False,4.8,4.8,True
505336,3987,P02,MS-CLN-CRM150,1,24.0,0.0,24.0,24.0,False,5.4,5.4,True
505337,3987,P05,MS-SER-NIA30,1,29.0,0.0,29.0,29.0,False,5.9,5.9,True
505338,3988,P03,MS-SER-VTC30,2,38.0,0.0,76.0,76.0,False,8.5,17.0,True
505339,3989,P12,MS-SET-RTN3,1,88.0,0.0,88.0,88.0,False,21.1,21.1,True
505340,3990,P03,MS-SER-VTC30,1,38.0,0.0,38.0,38.0,False,8.5,8.5,True
505341,3991,P06,MS-TRT-RET50,1,44.0,0.0,44.0,44.0,False,10.5,10.5,True
505342,3992,P06,MS-TRT-RET50,1,44.0,6.6,44.0,37.4,False,10.5,10.5,True
505343,3992,P08,MS-MOI-BAR50,1,36.0,5.4,36.0,30.6,False,8.0,8.0,True
505344,3993,P04,MS-SER-HYA30,1,34.0,0.0,34.0,34.0,False,7.2,7.2,True
505345,3993,P05,MS-SER-NIA30,1,29.0,0.0,29.0,29.0,False,5.9,5.9,True
505346,3993,P07,MS-MOI-SPF50,1,32.0,0.0,32.0,32.0,False,7.8,7.8,True
505347,3994,P08,MS-MOI-BAR50,2,36.0,0.0,72.0,72.0,False,8.0,16.0,True
505348,3994,P04,MS-SER-HYA30,1,34.0,0.0,34.0,34.0,False,7.2,7.2,True
505349,3994,P12,MS-SET-RTN3,1,88.0,0.0,88.0,88.0,False,21.1,21.1,True
505350,3995,P03,MS-SER-VTC30,1,38.0,0.0,38.0,38.0,False,8.5,8.5,True
505351,3996,P03,MS-SER-VTC30,1,38.0,0.0,38.0,38.0,False,8.5,8.5,True
505352,3997,P05,MS-SER-NIA30,1,29.0,4.35,29.0,24.65,False,5.9,5.9,True
505353,3997,P03,MS-SER-VTC30,1,38.0,5.7,38.0,32.3,False,8.5,8.5,True
505354,3998,P03,MS-SER-VTC30,2,38.0,11.4,76.0,64.6,False,8.5,17.0,True
505355,3999,P07,MS-MOI-SPF50,1,32.0,0.0,32.0,32.0,False,7.8,7.8,True
505356,4000,P07,MS-MOI-SPF50,1,32.0,0.0,32.0,32.0,False,7.8,7.8,True
505357,4000,P06,MS-TRT-RET50,1,44.0,0.0,44.0,44.0,False,10.5,10.5,True
505358,4000,P03,MS-SER-VTC30,1,38.0,0.0,38.0,38.0,False,8.5,8.5,True
505359,4001,P12,MS-SET-RTN3,1,88.0,13.2,88.0,74.8,False,21.1,21.1,True
505360,4002,P03,MS-SER-VTC30,1,38.0,5.7,38.0,32.3,False,8.5,8.5,True
505361,4002,P11,MS-BDY-LOT400,1,28.0,4.2,28.0,23.8,False,8.5,8.5,True
505362,4002,P02,MS-CLN-CRM150,1,24.0,3.6,24.0,20.4,False,5.4,5.4,True
505363,4003,P07,MS-MOI-SPF50,1,32.0,0.0,32.0,32.0,False,7.8,7.8,True
505364,4004,P11,MS-BDY-LOT400,1,28.0,2.8,28.0,25.2,False,8.5,8.5,True
505365,4004,P08,MS-MOI-BAR50,1,36.0,3.6,36.0,32.4,False,8.0,8.0,True
505366,4005,P04,MS-SER-HYA30,1,34.0,5.1,34.0,28.9,False,7.2,7.2,True
505367,4006,P03,MS-SER-VTC30,1,38.0,0.0,38.0,38.0,False,8.5,8.5,True
505368,4006,P01,MS-CLN-GEL150,1,22.0,0.0,22.0,22.0,False,4.8,4.8,True
505369,4007,P03,MS-SER-VTC30,1,38.0,3.8,38.0,34.2,False,8.5,8.5,True
505370,4007,P04,MS-SER-HYA30,1,34.0,3.4,34.0,30.6,False,7.2,7.2,True
505371,4007,P11,MS-BDY-LOT400,1,28.0,2.8,28.0,25.2,False,8.5,8.5,True
505372,4007,P10,MS-MSK-CLY100,1,26.0,2.6,26.0,23.4,False,6.0,6.0,True
505373,4008,P03,MS-SER-VTC30,1,38.0,0.0,38.0,38.0,False,8.5,8.5,True
505374,4008,P01,MS-CLN-GEL150,1,22.0,0.0,22.0,22.0,False,4.8,4.8,True
505375,4009,P03,MS-SER-VTC30,1,38.0,0.0,38.0,38.0,False,8.5,8.5,True
505376,4010,P04,MS-SER-HYA30,1,34.0,5.1,34.0,28.9,False,7.2,7.2,True
505377,4011,P11,MS-BDY-LOT400,1,28.0,0.0,28.0,28.0,False,8.5,8.5,True
505378,4012,P03,MS-SER-VTC30,1,38.0,0.0,38.0,38.0,False,8.5,8.5,True
505379,4012,P08,MS-MOI-BAR50,1,36.0,0.0,36.0,36.0,False,8.0,8.0,True
505380,4013,P09,MS-EYE-015,2,30.0,7.2,60.0,52.8,False,7.5,15.0,True
505381,4013,P03,MS-SER-VTC30,1,38.0,4.56,38.0,33.44,False,8.5,8.5,True
505382,4013,P05,MS-SER-NIA30,1,29.0,3.48,29.0,25.52,False,5.9,5.9,True
505383,4014,P05,MS-SER-NIA30,1,29.0,0.0,29.0,29.0,False,5.9,5.9,True
505384,4015,P05,MS-SER-NIA30,1,29.0,4.35,29.0,24.65,False,5.9,5.9,True
505385,4016,P08,MS-MOI-BAR50,1,36.0,3.6,36.0,32.4,False,8.0,8.0,True
505386,4017,P07,MS-MOI-SPF50,2,32.0,0.0,64.0,64.0,False,7.8,15.6,True
505387,4017,P01,MS-CLN-GEL150,1,22.0,0.0,22.0,22.0,False,4.8,4.8,True
505388,4018,P08,MS-MOI-BAR50,1,36.0,5.4,36.0,30.6,False,8.0,8.0,True
505389,4019,P07,MS-MOI-SPF50,1,32.0,0.0,32.0,32.0,False,7.8,7.8,True
505390,4020,P11,MS-BDY-LOT400,1,28.0,4.2,28.0,23.8,False,8.5,8.5,True
505391,4020,P09,MS-EYE-015,2,30.0,9.0,60.0,51.0,False,7.5,15.0,True
505392,4021,P11,MS-BDY-LOT400,1,28.0,0.0,28.0,28.0,False,8.5,8.5,True
505393,4021,P02,MS-CLN-CRM150,1,24.0,0.0,24.0,24.0,False,5.4,5.4,True
505394,4022,P07,MS-MOI-SPF50,1,32.0,3.2,32.0,28.8,False,7.8,7.8,True
505395,4022,P03,MS-SER-VTC30,1,38.0,3.8,38.0,34.2,False,8.5,8.5,True
505396,4022,P08,MS-MOI-BAR50,1,36.0,3.6,36.0,32.4,False,8.0,8.0,True
505397,4023,P01,MS-CLN-GEL150,1,22.0,0.0,22.0,22.0,False,4.8,4.8,True
505398,4024,P03,MS-SER-VTC30,1,38.0,5.7,38.0,32.3,False,8.5,8.5,True
505399,4025,P05,MS-SER-NIA30,1,29.0,0.0,29.0,29.0,False,5.9,5.9,True
505400,4025,P07,MS-MOI-SPF50,1,32.0,0.0,32.0,32.0,False,7.8,7.8,True
505401,4026,P07,MS-MOI-SPF50,2,32.0,0.0,64.0,64.0,False,7.8,15.6,True
505402,4027,P05,MS-SER-NIA30,1,29.0,4.35,29.0,24.65,False,5.9,5.9,True
505403,4028,P01,MS-CLN-GEL150,1,22.0,3.3,22.0,18.7,False,4.8,4.8,True
505404,4029,P04,MS-SER-HYA30,1,34.0,0.0,34.0,34.0,False,7.2,7.2,True
505405,4030,P07,MS-MOI-SPF50,1,32.0,3.2,32.0,28.8,False,7.8,7.8,True
505406,4031,P01,MS-CLN-GEL150,1,22.0,0.0,22.0,22.0,False,4.8,4.8,True
505407,4031,P04,MS-SER-HYA30,1,34.0,0.0,34.0,34.0,False,7.2,7.2,True
505408,4032,P02,MS-CLN-CRM150,1,24.0,3.6,24.0,20.4,False,5.4,5.4,True
505409,4032,P03,MS-SER-VTC30,1,38.0,5.7,38.0,32.3,False,8.5,8.5,True
505410,4033,P10,MS-MSK-CLY100,1,26.0,0.0,26.0,26.0,False,6.0,6.0,True
505411,4033,P04,MS-SER-HYA30,2,34.0,0.0,68.0,68.0,False,7.2,14.4,True
505412,4033,P06,MS-TRT-RET50,1,44.0,0.0,44.0,44.0,False,10.5,10.5,True
505413,4034,P01,MS-CLN-GEL150,1,22.0,0.0,22.0,22.0,False,4.8,4.8,True
505414,4034,P03,MS-SER-VTC30,1,38.0,0.0,38.0,38.0,False,8.5,8.5,True
505415,4034,P08,MS-MOI-BAR50,1,36.0,0.0,36.0,36.0,False,8.0,8.0,True
505416,4035,P10,MS-MSK-CLY100,1,26.0,0.0,26.0,26.0,False,6.0,6.0,True
505417,4036,P04,MS-SER-HYA30,1,34.0,0.0,34.0,34.0,False,7.2,7.2,True
505418,4036,P03,MS-SER-VTC30,1,38.0,0.0,38.0,38.0,False,8.5,8.5,True
505419,4037,P04,MS-SER-HYA30,1,34.0,0.0,34.0,34.0,False,7.2,7.2,True
505420,4038,P07,MS-MOI-SPF50,2,32.0,9.6,64.0,54.4,False,7.8,15.6,True
505421,4039,P12,MS-SET-RTN3,1,88.0,10.56,88.0,77.44,False,21.1,21.1,True
505422,4040,P04,MS-SER-HYA30,1,34.0,0.0,34.0,34.0,False,7.2,7.2,True
505423,4040,P12,MS-SET-RTN3,1,88.0,0.0,88.0,88.0,False,21.1,21.1,True
505424,4041,P05,MS-SER-NIA30,2,29.0,0.0,58.0,58.0,False,5.9,11.8,True
505425,4042,P04,MS-SER-HYA30,1,34.0,0.0,34.0,34.0,False,7.2,7.2,True
505426,4042,P12,MS-SET-RTN3,1,88.0,0.0,88.0,88.0,False,21.1,21.1,True
505427,4043,P12,MS-SET-RTN3,1,88.0,0.0,88.0,88.0,False,21.1,21.1,True
505428,4044,P07,MS-MOI-SPF50,1,32.0,4.8,32.0,27.2,False,7.8,7.8,False
505429,4045,P07,MS-MOI-SPF50,1,32.0,3.2,32.0,28.8,False,7.8,7.8,True
505430,4045,P10,MS-MSK-CLY100,1,26.0,2.6,26.0,23.4,False,6.0,6.0,True
505431,4046,P01,MS-CLN-GEL150,1,22.0,0.0,22.0,22.0,False,4.8,4.8,True
505432,4047,P08,MS-MOI-BAR50,1,36.0,0.0,36.0,36.0,False,8.0,8.0,True
505433,4048,P12,MS-SET-RTN3,1,88.0,8.8,88.0,79.2,False,21.1,21.1,True
505434,4048,P06,MS-TRT-RET50,1,44.0,4.4,44.0,39.6,False,10.5,10.5,True
505435,4048,P04,MS-SER-HYA30,1,34.0,3.4,34.0,30.6,False,7.2,7.2,True
505436,4049,P07,MS-MOI-SPF50,1,32.0,4.8,32.0,27.2,False,7.8,7.8,True
505437,4049,P08,MS-MOI-BAR50,1,36.0,5.4,36.0,30.6,False,8.0,8.0,True
505438,4050,P12,MS-SET-RTN3,1,88.0,0.0,88.0,88.0,False,21.1,21.1,True
505439,4050,P01,MS-CLN-GEL150,1,22.0,0.0,22.0,22.0,False,4.8,4.8,True
505440,4051,P08,MS-MOI-BAR50,1,36.0,5.4,36.0,30.6,False,8.0,8.0,True
505441,4052,P08,MS-MOI-BAR50,2,36.0,7.2,72.0,64.8,False,8.0,16.0,True
505442,4053,P12,MS-SET-RTN3,1,88.0,8.8,88.0,79.2,False,21.1,21.1,True
505443,4054,P01,MS-CLN-GEL150,1,22.0,3.3,22.0,18.7,False,4.8,4.8,True
505444,4055,P04,MS-SER-HYA30,1,34.0,3.4,34.0,30.6,False,7.2,7.2,True
505445,4055,P01,MS-CLN-GEL150,1,22.0,2.2,22.0,19.8,False,4.8,4.8,True
505446,4055,P03,MS-SER-VTC30,1,38.0,3.8,38.0,34.2,False,8.5,8.5,True
505447,4055,P06,MS-TRT-RET50,1,44.0,4.4,44.0,39.6,False,10.5,10.5,True
505448,4056,P12,MS-SET-RTN3,1,88.0,13.2,88.0,74.8,False,21.1,21.1,True
505449,4056,P09,MS-EYE-015,1,30.0,4.5,30.0,25.5,False,7.5,7.5,True
505450,4057,P05,MS-SER-NIA30,1,29.0,0.0,29.0,29.0,False,5.9,5.9,True
505451,4058,P10,MS-MSK-CLY100,1,26.0,0.0,26.0,26.0,False,6.0,6.0,True
505452,4058,P07,MS-MOI-SPF50,1,32.0,0.0,32.0,32.0,False,7.8,7.8,True
505453,4058,P03,MS-SER-VTC30,1,38.0,0.0,38.0,38.0,False,8.5,8.5,True
505454,4058,P01,MS-CLN-GEL150,1,22.0,0.0,22.0,22.0,False,4.8,4.8,True
505455,4059,P01,MS-CLN-GEL150,1,22.0,0.0,22.0,22.0,False,4.8,4.8,True
505456,4059,P06,MS-TRT-RET50,1,44.0,0.0,44.0,44.0,False,10.5,10.5,True
505457,4060,P04,MS-SER-HYA30,1,34.0,0.0,34.0,34.0,False,7.2,7.2,False
505458,4060,P05,MS-SER-NIA30,1,29.0,0.0,29.0,29.0,False,5.9,5.9,False
505459,4061,P09,MS-EYE-015,1,30.0,4.5,30.0,25.5,False,7.5,7.5,True
505460,4062,P10,MS-MSK-CLY100,1,26.0,0.0,26.0,26.0,False,6.0,6.0,True
505461,4063,P01,MS-CLN-GEL150,1,22.0,0.0,22.0,22.0,False,4.8,4.8,True
505462,4064,P03,MS-SER-VTC30,1,38.0,0.0,38.0,38.0,False,8.5,8.5,True
505463,4064,P10,MS-MSK-CLY100,1,26.0,0.0,26.0,26.0,False,6.0,6.0,True
505464,4065,P01,MS-CLN-GEL150,1,22.0,3.3,22.0,18.7,False,4.8,4.8,True
505465,4066,P10,MS-MSK-CLY100,1,26.0,3.9,26.0,22.1,False,6.0,6.0,True
505466,4066,P02,MS-CLN-CRM150,1,24.0,3.6,24.0,20.4,False,5.4,5.4,True
505467,4066,P05,MS-SER-NIA30,1,29.0,4.35,29.0,24.65,False,5.9,5.9,True
505468,4067,P05,MS-SER-NIA30,1,29.0,0.0,29.0,29.0,False,5.9,5.9,True
505469,4068,P03,MS-SER-VTC30,1,38.0,0.0,38.0,38.0,False,8.5,8.5,True
505470,4069,P05,MS-SER-NIA30,1,29.0,0.0,29.0,29.0,False,5.9,5.9,True
505471,4070,P07,MS-MOI-SPF50,1,32.0,4.8,32.0,27.2,False,7.8,7.8,True
505472,4071,P03,MS-SER-VTC30,1,38.0,5.7,38.0,32.3,False,8.5,8.5,True
505473,4071,P01,MS-CLN-GEL150,1,22.0,3.3,22.0,18.7,False,4.8,4.8,True
505474,4072,P04,MS-SER-HYA30,1,34.0,0.0,34.0,34.0,False,7.2,7.2,True
505475,4073,P01,MS-CLN-GEL150,1,22.0,3.3,22.0,18.7,False,4.8,4.8,True
505476,4073,P03,MS-SER-VTC30,1,38.0,5.7,38.0,32.3,False,8.5,8.5,True
505477,4074,P08,MS-MOI-BAR50,1,36.0,0.0,36.0,36.0,False,8.0,8.0,True
505478,4074,P02,MS-CLN-CRM150,1,24.0,0.0,24.0,24.0,False,5.4,5.4,True
505479,4074,P01,MS-CLN-GEL150,1,22.0,0.0,22.0,22.0,False,4.8,4.8,True
505480,4075,P06,MS-TRT-RET50,2,44.0,13.2,88.0,74.8,False,10.5,21.0,True
505481,4075,P12,MS-SET-RTN3,1,88.0,13.2,88.0,74.8,False,21.1,21.1,True
505482,4076,P04,MS-SER-HYA30,1,34.0,0.0,34.0,34.0,False,7.2,7.2,True
505483,4076,P07,MS-MOI-SPF50,2,32.0,0.0,64.0,64.0,False,7.8,15.6,True
505484,4076,P12,MS-SET-RTN3,1,88.0,0.0,88.0,88.0,False,21.1,21.1,True
505485,4077,P03,MS-SER-VTC30,1,38.0,0.0,38.0,38.0,False,8.5,8.5,True
505486,4077,P04,MS-SER-HYA30,1,34.0,0.0,34.0,34.0,False,7.2,7.2,True
505487,4078,P07,MS-MOI-SPF50,1,32.0,3.2,32.0,28.8,False,7.8,7.8,True
505488,4078,P03,MS-SER-VTC30,1,38.0,3.8,38.0,34.2,False,8.5,8.5,True
505489,4079,P03,MS-SER-VTC30,1,38.0,0.0,38.0,38.0,False,8.5,8.5,True
505490,4080,P03,MS-SER-VTC30,1,38.0,0.0,38.0,38.0,False,8.5,8.5,True
505491,4081,P07,MS-MOI-SPF50,1,32.0,4.8,32.0,27.2,False,7.8,7.8,True
505492,4081,P03,MS-SER-VTC30,1,38.0,5.7,38.0,32.3,False,8.5,8.5,True
505493,4082,P09,MS-EYE-015,1,30.0,0.0,30.0,30.0,False,7.5,7.5,True
505494,4083,P01,MS-CLN-GEL150,1,22.0,3.3,22.0,18.7,False,4.8,4.8,True
505495,4084,P03,MS-SER-VTC30,1,38.0,0.0,38.0,38.0,False,8.5,8.5,True
505496,4084,P12,MS-SET-RTN3,1,88.0,0.0,88.0,88.0,False,21.1,21.1,True
505497,4085,P04,MS-SER-HYA30,1,34.0,0.0,34.0,34.0,False,7.2,7.2,True
505498,4085,P08,MS-MOI-BAR50,1,36.0,0.0,36.0,36.0,False,8.0,8.0,True
505499,4086,P01,MS-CLN-GEL150,1,22.0,0.0,22.0,22.0,False,4.8,4.8,True
505500,4087,P11,MS-BDY-LOT400,1,28.0,0.0,28.0,28.0,False,8.5,8.5,True
505501,4088,P12,MS-SET-RTN3,1,88.0,0.0,88.0,88.0,False,21.1,21.1,False
505502,4089,P12,MS-SET-RTN3,1,88.0,13.2,88.0,74.8,False,21.1,21.1,True
505503,4089,P11,MS-BDY-LOT400,1,28.0,4.2,28.0,23.8,False,8.5,8.5,True
505504,4089,P07,MS-MOI-SPF50,1,32.0,4.8,32.0,27.2,False,7.8,7.8,True
505505,4090,P10,MS-MSK-CLY100,1,26.0,0.0,26.0,26.0,False,6.0,6.0,True
505506,4091,P08,MS-MOI-BAR50,1,36.0,5.4,36.0,30.6,False,8.0,8.0,False
505507,4092,P06,MS-TRT-RET50,1,44.0,6.6,44.0,37.4,False,10.5,10.5,True
505508,4093,P02,MS-CLN-CRM150,1,24.0,0.0,24.0,24.0,False,5.4,5.4,True
505509,4094,P09,MS-EYE-015,2,30.0,0.0,60.0,60.0,False,7.5,15.0,True
505510,4095,P12,MS-SET-RTN3,1,88.0,0.0,88.0,88.0,False,21.1,21.1,True
505511,4095,P01,MS-CLN-GEL150,1,22.0,0.0,22.0,22.0,False,4.8,4.8,True
505512,4096,P07,MS-MOI-SPF50,1,32.0,0.0,32.0,32.0,False,7.8,7.8,True
505513,4096,P08,MS-MOI-BAR50,1,36.0,0.0,36.0,36.0,False,8.0,8.0,True
505514,4097,P05,MS-SER-NIA30,1,29.0,0.0,29.0,29.0,False,5.9,5.9,True
505515,4097,P11,MS-BDY-LOT400,1,28.0,0.0,28.0,28.0,False,8.5,8.5,True
505516,4098,P12,MS-SET-RTN3,1,88.0,0.0,88.0,88.0,False,21.1,21.1,True
505517,4099,P12,MS-SET-RTN3,1,88.0,8.8,88.0,79.2,False,21.1,21.1,True
505518,4100,P06,MS-TRT-RET50,1,44.0,0.0,44.0,44.0,False,10.5,10.5,True
505519,4100,P03,MS-SER-VTC30,1,38.0,0.0,38.0,38.0,False,8.5,8.5,True
505520,4100,P10,MS-MSK-CLY100,1,26.0,0.0,26.0,26.0,False,6.0,6.0,True
505521,4101,P06,MS-TRT-RET50,1,44.0,6.6,44.0,37.4,False,10.5,10.5,True
505522,4102,P12,MS-SET-RTN3,1,88.0,13.2,88.0,74.8,False,21.1,21.1,True
505523,4103,P05,MS-SER-NIA30,1,29.0,4.35,29.0,24.65,False,5.9,5.9,True
505524,4103,P07,MS-MOI-SPF50,1,32.0,4.8,32.0,27.2,False,7.8,7.8,True
505525,4104,P07,MS-MOI-SPF50,1,32.0,0.0,32.0,32.0,False,7.8,7.8,True
505526,4104,P01,MS-CLN-GEL150,2,22.0,0.0,44.0,44.0,False,4.8,9.6,True
505527,4105,P04,MS-SER-HYA30,1,34.0,3.4,34.0,30.6,False,7.2,7.2,True
505528,4105,P01,MS-CLN-GEL150,1,22.0,2.2,22.0,19.8,False,4.8,4.8,True
505529,4106,P06,MS-TRT-RET50,1,44.0,0.0,44.0,44.0,False,10.5,10.5,True
505530,4106,P12,MS-SET-RTN3,1,88.0,0.0,88.0,88.0,False,21.1,21.1,True
505531,4107,P01,MS-CLN-GEL150,1,22.0,0.0,22.0,22.0,False,4.8,4.8,True
505532,4108,P01,MS-CLN-GEL150,1,22.0,0.0,22.0,22.0,False,4.8,4.8,True
505533,4108,P08,MS-MOI-BAR50,1,36.0,0.0,36.0,36.0,False,8.0,8.0,True
505534,4108,P04,MS-SER-HYA30,1,34.0,0.0,34.0,34.0,False,7.2,7.2,True
505535,4109,P03,MS-SER-VTC30,1,38.0,5.7,38.0,32.3,False,8.5,8.5,True
505536,4109,P11,MS-BDY-LOT400,2,28.0,8.4,56.0,47.6,False,8.5,17.0,True
505537,4110,P01,MS-CLN-GEL150,1,22.0,3.3,22.0,18.7,False,4.8,4.8,True
505538,4110,P09,MS-EYE-015,1,30.0,4.5,30.0,25.5,False,7.5,7.5,True
505539,4111,P11,MS-BDY-LOT400,1,28.0,0.0,28.0,28.0,False,8.5,8.5,True
505540,4111,P03,MS-SER-VTC30,1,38.0,0.0,38.0,38.0,False,8.5,8.5,True
505541,4111,P07,MS-MOI-SPF50,1,32.0,0.0,32.0,32.0,False,7.8,7.8,True
505542,4112,P10,MS-MSK-CLY100,1,26.0,0.0,26.0,26.0,False,6.0,6.0,True
505543,4112,P08,MS-MOI-BAR50,1,36.0,0.0,36.0,36.0,False,8.0,8.0,True
505544,4113,P05,MS-SER-NIA30,1,29.0,4.35,29.0,24.65,False,5.9,5.9,True
505545,4113,P06,MS-TRT-RET50,1,44.0,6.6,44.0,37.4,False,10.5,10.5,True
505546,4113,P08,MS-MOI-BAR50,1,36.0,5.4,36.0,30.6,False,8.0,8.0,True
505547,4114,P05,MS-SER-NIA30,1,29.0,4.35,29.0,24.65,False,5.9,5.9,True
505548,4115,P02,MS-CLN-CRM150,1,24.0,0.0,24.0,24.0,False,5.4,5.4,True
505549,4116,P03,MS-SER-VTC30,1,38.0,0.0,38.0,38.0,False,8.5,8.5,True
505550,4117,P10,MS-MSK-CLY100,2,26.0,7.8,52.0,44.2,False,6.0,12.0,True
505551,4117,P05,MS-SER-NIA30,1,29.0,4.35,29.0,24.65,False,5.9,5.9,True
505552,4118,P05,MS-SER-NIA30,1,29.0,4.35,29.0,24.65,False,5.9,5.9,True
505553,4119,P05,MS-SER-NIA30,1,29.0,4.35,29.0,24.65,False,5.9,5.9,True
505554,4119,P03,MS-SER-VTC30,2,38.0,11.4,76.0,64.6,False,8.5,17.0,True
505555,4120,P04,MS-SER-HYA30,1,34.0,0.0,34.0,34.0,False,7.2,7.2,True
505556,4120,P06,MS-TRT-RET50,1,44.0,0.0,44.0,44.0,False,10.5,10.5,True
505557,4121,P11,MS-BDY-LOT400,1,28.0,0.0,28.0,28.0,False,8.5,8.5,True
505558,4122,P10,MS-MSK-CLY100,1,26.0,0.0,26.0,26.0,False,6.0,6.0,True
505559,4122,P09,MS-EYE-015,1,30.0,0.0,30.0,30.0,False,7.5,7.5,True
505560,4123,P03,MS-SER-VTC30,1,38.0,0.0,38.0,38.0,False,8.5,8.5,True
505561,4123,P09,MS-EYE-015,1,30.0,0.0,30.0,30.0,False,7.5,7.5,True
505562,4123,P10,MS-MSK-CLY100,1,26.0,0.0,26.0,26.0,False,6.0,6.0,True
505563,4124,P05,MS-SER-NIA30,1,29.0,0.0,29.0,29.0,False,5.9,5.9,True
505564,4124,P07,MS-MOI-SPF50,1,32.0,0.0,32.0,32.0,False,7.8,7.8,True
505565,4125,P12,MS-SET-RTN3,1,88.0,0.0,88.0,88.0,False,21.1,21.1,True
505566,4125,P02,MS-CLN-CRM150,1,24.0,0.0,24.0,24.0,False,5.4,5.4,True
505567,4126,P08,MS-MOI-BAR50,1,36.0,0.0,36.0,36.0,False,8.0,8.0,True
505568,4126,P06,MS-TRT-RET50,1,44.0,0.0,44.0,44.0,False,10.5,10.5,True
505569,4126,P03,MS-SER-VTC30,1,38.0,0.0,38.0,38.0,False,8.5,8.5,True
505570,4126,P12,MS-SET-RTN3,1,88.0,0.0,88.0,88.0,False,21.1,21.1,True
505571,4127,P11,MS-BDY-LOT400,1,28.0,0.0,28.0,28.0,False,8.5,8.5,True
505572,4127,P07,MS-MOI-SPF50,1,32.0,0.0,32.0,32.0,False,7.8,7.8,True
505573,4128,P04,MS-SER-HYA30,1,34.0,0.0,34.0,34.0,False,7.2,7.2,True
505574,4129,P01,MS-CLN-GEL150,1,22.0,0.0,22.0,22.0,False,4.8,4.8,True
505575,4129,P04,MS-SER-HYA30,1,34.0,0.0,34.0,34.0,False,7.2,7.2,True
505576,4130,P12,MS-SET-RTN3,1,88.0,10.56,88.0,77.44,False,21.1,21.1,True
505577,4131,P04,MS-SER-HYA30,1,34.0,0.0,34.0,34.0,False,7.2,7.2,True
505578,4132,P01,MS-CLN-GEL150,1,22.0,0.0,22.0,22.0,False,4.8,4.8,True
505579,4132,P05,MS-SER-NIA30,1,29.0,0.0,29.0,29.0,False,5.9,5.9,True
505580,4133,P07,MS-MOI-SPF50,1,32.0,3.2,32.0,28.8,False,7.8,7.8,True
505581,4133,P03,MS-SER-VTC30,1,38.0,3.8,38.0,34.2,False,8.5,8.5,True
505582,4134,P02,MS-CLN-CRM150,1,24.0,0.0,24.0,24.0,False,5.4,5.4,True
505583,4135,P08,MS-MOI-BAR50,1,36.0,0.0,36.0,36.0,False,8.0,8.0,True
505584,4135,P07,MS-MOI-SPF50,1,32.0,0.0,32.0,32.0,False,7.8,7.8,True
505585,4136,P06,MS-TRT-RET50,1,44.0,0.0,44.0,44.0,False,10.5,10.5,True
505586,4137,P11,MS-BDY-LOT400,1,28.0,4.2,28.0,23.8,False,8.5,8.5,True
505587,4137,P08,MS-MOI-BAR50,1,36.0,5.4,36.0,30.6,False,8.0,8.0,True
505588,4138,P03,MS-SER-VTC30,1,38.0,0.0,38.0,38.0,False,8.5,8.5,True
505589,4138,P10,MS-MSK-CLY100,1,26.0,0.0,26.0,26.0,False,6.0,6.0,True
505590,4138,P04,MS-SER-HYA30,1,34.0,0.0,34.0,34.0,False,7.2,7.2,True
505591,4139,P05,MS-SER-NIA30,2,29.0,0.0,58.0,58.0,False,5.9,11.8,True
505592,4139,P06,MS-TRT-RET50,1,44.0,0.0,44.0,44.0,False,10.5,10.5,True
505593,4140,P03,MS-SER-VTC30,1,38.0,0.0,38.0,38.0,False,8.5,8.5,True
505594,4140,P11,MS-BDY-LOT400,1,28.0,0.0,28.0,28.0,False,8.5,8.5,True
505595,4140,P04,MS-SER-HYA30,1,34.0,0.0,34.0,34.0,False,7.2,7.2,True
505596,4141,P12,MS-SET-RTN3,1,88.0,0.0,88.0,88.0,False,21.1,21.1,True
505597,4141,P05,MS-SER-NIA30,1,29.0,0.0,29.0,29.0,False,5.9,5.9,True
505598,4142,P01,MS-CLN-GEL150,1,22.0,3.3,22.0,18.7,False,4.8,4.8,True
505599,4142,P08,MS-MOI-BAR50,1,36.0,5.4,36.0,30.6,False,8.0,8.0,True
505600,4143,P04,MS-SER-HYA30,1,34.0,0.0,34.0,34.0,False,7.2,7.2,True
505601,4144,P03,MS-SER-VTC30,2,38.0,0.0,76.0,76.0,False,8.5,17.0,True
505602,4144,P01,MS-CLN-GEL150,1,22.0,0.0,22.0,22.0,False,4.8,4.8,True
505603,4145,P03,MS-SER-VTC30,1,38.0,0.0,38.0,38.0,False,8.5,8.5,True
505604,4146,P10,MS-MSK-CLY100,1,26.0,3.9,26.0,22.1,False,6.0,6.0,True
505605,4147,P08,MS-MOI-BAR50,1,36.0,0.0,36.0,36.0,False,8.0,8.0,True
505606,4147,P03,MS-SER-VTC30,1,38.0,0.0,38.0,38.0,False,8.5,8.5,True
505607,4148,P09,MS-EYE-015,1,30.0,3.0,30.0,27.0,False,7.5,7.5,True
505608,4148,P10,MS-MSK-CLY100,1,26.0,2.6,26.0,23.4,False,6.0,6.0,True
505609,4149,P01,MS-CLN-GEL150,1,22.0,0.0,22.0,22.0,False,4.8,4.8,True
505610,4150,P08,MS-MOI-BAR50,1,36.0,0.0,36.0,36.0,False,8.0,8.0,True
505611,4151,P03,MS-SER-VTC30,2,38.0,11.4,76.0,64.6,False,8.5,17.0,True
505612,4152,P04,MS-SER-HYA30,1,34.0,5.1,34.0,28.9,False,7.2,7.2,True
505613,4152,P03,MS-SER-VTC30,1,38.0,5.7,38.0,32.3,False,8.5,8.5,True
505614,4152,P06,MS-TRT-RET50,1,44.0,6.6,44.0,37.4,False,10.5,10.5,True
505615,4153,P03,MS-SER-VTC30,2,38.0,11.4,76.0,64.6,False,8.5,17.0,True
505616,4154,P12,MS-SET-RTN3,1,88.0,13.2,88.0,74.8,False,21.1,21.1,True
505617,4155,P04,MS-SER-HYA30,1,34.0,5.1,34.0,28.9,False,7.2,7.2,True
505618,4155,P06,MS-TRT-RET50,2,44.0,13.2,88.0,74.8,False,10.5,21.0,True
505619,4155,P03,MS-SER-VTC30,1,38.0,5.7,38.0,32.3,False,8.5,8.5,True
505620,4155,P01,MS-CLN-GEL150,1,22.0,3.3,22.0,18.7,False,4.8,4.8,True
505621,4156,P05,MS-SER-NIA30,1,29.0,2.9,29.0,26.1,False,5.9,5.9,True
505622,4157,P03,MS-SER-VTC30,1,38.0,0.0,38.0,38.0,False,8.5,8.5,True
505623,4158,P06,MS-TRT-RET50,1,44.0,0.0,44.0,44.0,False,10.5,10.5,True
505624,4159,P06,MS-TRT-RET50,1,44.0,0.0,44.0,44.0,False,10.5,10.5,True
505625,4159,P03,MS-SER-VTC30,1,38.0,0.0,38.0,38.0,False,8.5,8.5,True
505626,4160,P03,MS-SER-VTC30,1,38.0,0.0,38.0,38.0,False,8.5,8.5,True
505627,4161,P03,MS-SER-VTC30,1,38.0,0.0,38.0,38.0,False,8.5,8.5,True
505628,4161,P04,MS-SER-HYA30,1,34.0,0.0,34.0,34.0,False,7.2,7.2,True
505629,4161,P01,MS-CLN-GEL150,1,22.0,0.0,22.0,22.0,False,4.8,4.8,True
505630,4162,P03,MS-SER-VTC30,1,38.0,0.0,38.0,38.0,False,8.5,8.5,True
505631,4162,P09,MS-EYE-015,1,30.0,0.0,30.0,30.0,False,7.5,7.5,True
505632,4163,P02,MS-CLN-CRM150,1,24.0,0.0,24.0,24.0,False,5.4,5.4,True
505633,4164,P03,MS-SER-VTC30,1,38.0,0.0,38.0,38.0,False,8.5,8.5,True
505634,4165,P01,MS-CLN-GEL150,1,22.0,0.0,22.0,22.0,False,4.8,4.8,True
505635,4166,P01,MS-CLN-GEL150,1,22.0,3.3,22.0,18.7,False,4.8,4.8,True
505636,4167,P07,MS-MOI-SPF50,1,32.0,0.0,32.0,32.0,False,7.8,7.8,True
505637,4168,P06,MS-TRT-RET50,2,44.0,0.0,88.0,88.0,False,10.5,21.0,True
505638,4169,P04,MS-SER-HYA30,1,34.0,0.0,34.0,34.0,False,7.2,7.2,True
505639,4169,P10,MS-MSK-CLY100,1,26.0,0.0,26.0,26.0,False,6.0,6.0,True
505640,4169,P07,MS-MOI-SPF50,1,32.0,0.0,32.0,32.0,False,7.8,7.8,True
505641,4170,P03,MS-SER-VTC30,2,38.0,0.0,76.0,76.0,False,8.5,17.0,True
505642,4170,P02,MS-CLN-CRM150,1,24.0,0.0,24.0,24.0,False,5.4,5.4,True
505643,4171,P11,MS-BDY-LOT400,1,28.0,4.2,28.0,23.8,False,8.5,8.5,True
505644,4171,P06,MS-TRT-RET50,1,44.0,6.6,44.0,37.4,False,10.5,10.5,True
505645,4171,P07,MS-MOI-SPF50,1,32.0,4.8,32.0,27.2,False,7.8,7.8,True
505646,4172,P12,MS-SET-RTN3,1,88.0,10.56,88.0,77.44,False,21.1,21.1,True
505647,4173,P05,MS-SER-NIA30,1,29.0,0.0,29.0,29.0,False,5.9,5.9,True
505648,4174,P11,MS-BDY-LOT400,1,28.0,0.0,28.0,28.0,False,8.5,8.5,True
505649,4174,P07,MS-MOI-SPF50,1,32.0,0.0,32.0,32.0,False,7.8,7.8,True
505650,4175,P03,MS-SER-VTC30,2,38.0,0.0,76.0,76.0,False,8.5,17.0,True
505651,4176,P03,MS-SER-VTC30,1,38.0,0.0,38.0,38.0,False,8.5,8.5,True
505652,4177,P02,MS-CLN-CRM150,1,24.0,2.88,24.0,21.12,False,5.4,5.4,True
505653,4177,P09,MS-EYE-015,1,30.0,3.6,30.0,26.4,False,7.5,7.5,True
505654,4178,P09,MS-EYE-015,1,30.0,0.0,30.0,30.0,False,7.5,7.5,True
505655,4179,P05,MS-SER-NIA30,1,29.0,0.0,29.0,29.0,False,5.9,5.9,True
505656,4180,P04,MS-SER-HYA30,1,34.0,5.1,34.0,28.9,False,7.2,7.2,True
505657,4180,P03,MS-SER-VTC30,1,38.0,5.7,38.0,32.3,False,8.5,8.5,True
505658,4181,P02,MS-CLN-CRM150,1,24.0,2.4,24.0,21.6,False,5.4,5.4,True
505659,4181,P03,MS-SER-VTC30,1,38.0,3.8,38.0,34.2,False,8.5,8.5,True
505660,4182,P04,MS-SER-HYA30,1,34.0,0.0,34.0,34.0,False,7.2,7.2,True
505661,4183,P08,MS-MOI-BAR50,1,36.0,5.4,36.0,30.6,False,8.0,8.0,True
505662,4183,P06,MS-TRT-RET50,1,44.0,6.6,44.0,37.4,False,10.5,10.5,True
505663,4184,P11,MS-BDY-LOT400,1,28.0,0.0,28.0,28.0,False,8.5,8.5,True
505664,4185,P03,MS-SER-VTC30,2,38.0,19.0,76.0,57.0,False,8.5,17.0,True
505665,4186,P06,MS-TRT-RET50,1,44.0,15.95,44.0,28.05,False,10.5,10.5,True
505666,4186,P01,MS-CLN-GEL150,1,22.0,7.98,22.0,14.02,False,4.8,4.8,True
505667,4187,P03,MS-SER-VTC30,1,38.0,9.5,38.0,28.5,False,8.5,8.5,True
505668,4188,P01,MS-CLN-GEL150,1,22.0,3.3,22.0,18.7,False,4.8,4.8,True
505669,4188,P08,MS-MOI-BAR50,1,36.0,5.4,36.0,30.6,False,8.0,8.0,True
505670,4189,P10,MS-MSK-CLY100,1,26.0,3.9,26.0,22.1,False,6.0,6.0,True
505671,4189,P03,MS-SER-VTC30,1,38.0,5.7,38.0,32.3,False,8.5,8.5,True
505672,4190,P12,MS-SET-RTN3,1,88.0,22.0,88.0,66.0,False,21.1,21.1,True
505673,4191,P11,MS-BDY-LOT400,1,28.0,7.0,28.0,21.0,False,8.5,8.5,True
505674,4191,P06,MS-TRT-RET50,1,44.0,11.0,44.0,33.0,False,10.5,10.5,True
505675,4192,P10,MS-MSK-CLY100,2,26.0,13.0,52.0,39.0,False,6.0,12.0,True
505676,4192,P04,MS-SER-HYA30,1,34.0,8.5,34.0,25.5,False,7.2,7.2,True
505677,4192,P01,MS-CLN-GEL150,1,22.0,5.5,22.0,16.5,False,4.8,4.8,True
505678,4193,P02,MS-CLN-CRM150,1,24.0,8.7,24.0,15.3,False,5.4,5.4,True
505679,4193,P03,MS-SER-VTC30,1,38.0,13.78,38.0,24.22,False,8.5,8.5,True
505680,4194,P08,MS-MOI-BAR50,1,36.0,9.0,36.0,27.0,False,8.0,8.0,True
505681,4194,P12,MS-SET-RTN3,1,88.0,22.0,88.0,66.0,False,21.1,21.1,True
505682,4194,P05,MS-SER-NIA30,1,29.0,7.25,29.0,21.75,False,5.9,5.9,True
505683,4195,P04,MS-SER-HYA30,1,34.0,3.4,34.0,30.6,False,7.2,7.2,True
505684,4196,P03,MS-SER-VTC30,1,38.0,9.5,38.0,28.5,False,8.5,8.5,True
505685,4196,P07,MS-MOI-SPF50,1,32.0,8.0,32.0,24.0,False,7.8,7.8,True
505686,4196,P04,MS-SER-HYA30,1,34.0,8.5,34.0,25.5,False,7.2,7.2,True
505687,4197,P07,MS-MOI-SPF50,1,32.0,0.0,32.0,32.0,False,7.8,7.8,True
505688,4198,P06,MS-TRT-RET50,1,44.0,0.0,44.0,44.0,False,10.5,10.5,True
505689,4198,P03,MS-SER-VTC30,1,38.0,0.0,38.0,38.0,False,8.5,8.5,True
505690,4199,P09,MS-EYE-015,1,30.0,7.5,30.0,22.5,False,7.5,7.5,True
505691,4199,P08,MS-MOI-BAR50,1,36.0,9.0,36.0,27.0,False,8.0,8.0,True
505692,4199,P02,MS-CLN-CRM150,1,24.0,6.0,24.0,18.0,False,5.4,5.4,True
505693,4199,P03,MS-SER-VTC30,1,38.0,9.5,38.0,28.5,False,8.5,8.5,True
505694,4200,P07,MS-MOI-SPF50,1,32.0,0.0,32.0,32.0,False,7.8,7.8,True
505695,4201,P04,MS-SER-HYA30,1,34.0,8.5,34.0,25.5,False,7.2,7.2,True
505696,4201,P06,MS-TRT-RET50,1,44.0,11.0,44.0,33.0,False,10.5,10.5,True
505697,4202,P01,MS-CLN-GEL150,1,22.0,2.2,22.0,19.8,False,4.8,4.8,True
505698,4203,P02,MS-CLN-CRM150,1,24.0,6.0,24.0,18.0,False,5.4,5.4,True
505699,4204,P03,MS-SER-VTC30,1,38.0,9.5,38.0,28.5,False,8.5,8.5,True
505700,4204,P07,MS-MOI-SPF50,2,32.0,16.0,64.0,48.0,False,7.8,15.6,True
505701,4204,P05,MS-SER-NIA30,1,29.0,7.25,29.0,21.75,False,5.9,5.9,True
505702,4204,P02,MS-CLN-CRM150,1,24.0,6.0,24.0,18.0,False,5.4,5.4,True
505703,4205,P04,MS-SER-HYA30,1,34.0,8.5,34.0,25.5,False,7.2,7.2,True
505704,4206,P03,MS-SER-VTC30,1,38.0,9.5,38.0,28.5,False,8.5,8.5,True
505705,4206,P06,MS-TRT-RET50,1,44.0,11.0,44.0,33.0,False,10.5,10.5,True
505706,4206,P08,MS-MOI-BAR50,1,36.0,9.0,36.0,27.0,False,8.0,8.0,True
505707,4207,P11,MS-BDY-LOT400,1,28.0,4.2,28.0,23.8,False,8.5,8.5,True
505708,4208,P07,MS-MOI-SPF50,1,32.0,8.0,32.0,24.0,False,7.8,7.8,True
505709,4209,P03,MS-SER-VTC30,1,38.0,9.5,38.0,28.5,False,8.5,8.5,True
505710,4209,P05,MS-SER-NIA30,2,29.0,14.5,58.0,43.5,False,5.9,11.8,True
505711,4209,P07,MS-MOI-SPF50,1,32.0,8.0,32.0,24.0,False,7.8,7.8,True
505712,4210,P03,MS-SER-VTC30,1,38.0,13.78,38.0,24.22,False,8.5,8.5,True
505713,4210,P11,MS-BDY-LOT400,1,28.0,10.15,28.0,17.85,False,8.5,8.5,True
505714,4211,P01,MS-CLN-GEL150,2,22.0,11.0,44.0,33.0,False,4.8,9.6,True
505715,4211,P12,MS-SET-RTN3,1,88.0,22.0,88.0,66.0,False,21.1,21.1,True
505716,4211,P10,MS-MSK-CLY100,1,26.0,6.5,26.0,19.5,False,6.0,6.0,True
505717,4212,P08,MS-MOI-BAR50,2,36.0,10.8,72.0,61.2,False,8.0,16.0,True
505718,4212,P03,MS-SER-VTC30,1,38.0,5.7,38.0,32.3,False,8.5,8.5,True
505719,4213,P01,MS-CLN-GEL150,2,22.0,11.0,44.0,33.0,False,4.8,9.6,True
505720,4213,P08,MS-MOI-BAR50,1,36.0,9.0,36.0,27.0,False,8.0,8.0,True
505721,4214,P07,MS-MOI-SPF50,1,32.0,0.0,32.0,32.0,False,7.8,7.8,True
505722,4214,P06,MS-TRT-RET50,1,44.0,0.0,44.0,44.0,False,10.5,10.5,True
505723,4215,P01,MS-CLN-GEL150,1,22.0,3.3,22.0,18.7,False,4.8,4.8,True
505724,4215,P12,MS-SET-RTN3,1,88.0,13.2,88.0,74.8,False,21.1,21.1,True
505725,4216,P12,MS-SET-RTN3,1,88.0,0.0,88.0,88.0,False,21.1,21.1,True
505726,4216,P01,MS-CLN-GEL150,1,22.0,0.0,22.0,22.0,False,4.8,4.8,True
505727,4216,P07,MS-MOI-SPF50,1,32.0,0.0,32.0,32.0,False,7.8,7.8,True
505728,4216,P06,MS-TRT-RET50,1,44.0,0.0,44.0,44.0,False,10.5,10.5,True
505729,4217,P12,MS-SET-RTN3,1,88.0,0.0,88.0,88.0,False,21.1,21.1,True
505730,4218,P03,MS-SER-VTC30,1,38.0,9.5,38.0,28.5,False,8.5,8.5,True
505731,4218,P05,MS-SER-NIA30,1,29.0,7.25,29.0,21.75,False,5.9,5.9,True
505732,4219,P10,MS-MSK-CLY100,1,26.0,0.0,26.0,26.0,False,6.0,6.0,True
505733,4219,P04,MS-SER-HYA30,1,34.0,0.0,34.0,34.0,False,7.2,7.2,True
505734,4219,P09,MS-EYE-015,1,30.0,0.0,30.0,30.0,False,7.5,7.5,True
505735,4220,P09,MS-EYE-015,1,30.0,0.0,30.0,30.0,False,7.5,7.5,True
505736,4221,P04,MS-SER-HYA30,1,34.0,5.1,34.0,28.9,False,7.2,7.2,True
505737,4222,P03,MS-SER-VTC30,1,38.0,5.7,38.0,32.3,False,8.5,8.5,True
505738,4223,P01,MS-CLN-GEL150,1,22.0,5.5,22.0,16.5,False,4.8,4.8,True
505739,4223,P04,MS-SER-HYA30,1,34.0,8.5,34.0,25.5,False,7.2,7.2,True
505740,4224,P08,MS-MOI-BAR50,1,36.0,9.0,36.0,27.0,False,8.0,8.0,True
505741,4224,P03,MS-SER-VTC30,1,38.0,9.5,38.0,28.5,False,8.5,8.5,True
505742,4225,P12,MS-SET-RTN3,1,88.0,0.0,88.0,88.0,False,21.1,21.1,True
505743,4225,P06,MS-TRT-RET50,1,44.0,0.0,44.0,44.0,False,10.5,10.5,True
505744,4226,P04,MS-SER-HYA30,1,34.0,8.5,34.0,25.5,False,7.2,7.2,True
505745,4227,P02,MS-CLN-CRM150,1,24.0,6.0,24.0,18.0,False,5.4,5.4,True
505746,4227,P10,MS-MSK-CLY100,1,26.0,6.5,26.0,19.5,False,6.0,6.0,True
505747,4228,P12,MS-SET-RTN3,1,88.0,8.8,88.0,79.2,False,21.1,21.1,True
505748,4229,P01,MS-CLN-GEL150,1,22.0,0.0,22.0,22.0,False,4.8,4.8,True
505749,4230,P03,MS-SER-VTC30,2,38.0,0.0,76.0,76.0,False,8.5,17.0,True
505750,4230,P10,MS-MSK-CLY100,2,26.0,0.0,52.0,52.0,False,6.0,12.0,True
505751,4231,P12,MS-SET-RTN3,1,88.0,22.0,88.0,66.0,False,21.1,21.1,True
505752,4231,P08,MS-MOI-BAR50,1,36.0,9.0,36.0,27.0,False,8.0,8.0,True
505753,4232,P01,MS-CLN-GEL150,1,22.0,0.0,22.0,22.0,False,4.8,4.8,True
505754,4233,P03,MS-SER-VTC30,1,38.0,0.0,38.0,38.0,False,8.5,8.5,True
505755,4233,P02,MS-CLN-CRM150,1,24.0,0.0,24.0,24.0,False,5.4,5.4,True
505756,4234,P04,MS-SER-HYA30,1,34.0,8.5,34.0,25.5,False,7.2,7.2,True
505757,4235,P02,MS-CLN-CRM150,1,24.0,6.0,24.0,18.0,False,5.4,5.4,True
505758,4235,P01,MS-CLN-GEL150,1,22.0,5.5,22.0,16.5,False,4.8,4.8,True
505759,4236,P04,MS-SER-HYA30,1,34.0,0.0,34.0,34.0,False,7.2,7.2,True
505760,4237,P04,MS-SER-HYA30,1,34.0,8.5,34.0,25.5,False,7.2,7.2,True
505761,4238,P02,MS-CLN-CRM150,1,24.0,8.7,24.0,15.3,False,5.4,5.4,True
505762,4238,P12,MS-SET-RTN3,1,88.0,31.9,88.0,56.1,False,21.1,21.1,True
505763,4238,P08,MS-MOI-BAR50,1,36.0,13.05,36.0,22.95,False,8.0,8.0,True
505764,4239,P03,MS-SER-VTC30,1,38.0,9.5,38.0,28.5,False,8.5,8.5,True
505765,4239,P12,MS-SET-RTN3,1,88.0,22.0,88.0,66.0,False,21.1,21.1,True
505766,4239,P06,MS-TRT-RET50,2,44.0,22.0,88.0,66.0,False,10.5,21.0,True
505767,4240,P03,MS-SER-VTC30,1,38.0,0.0,38.0,38.0,False,8.5,8.5,True
505768,4241,P09,MS-EYE-015,1,30.0,4.5,30.0,25.5,False,7.5,7.5,True
505769,4241,P10,MS-MSK-CLY100,1,26.0,3.9,26.0,22.1,False,6.0,6.0,True
505770,4242,P05,MS-SER-NIA30,1,29.0,7.25,29.0,21.75,False,5.9,5.9,True
505771,4243,P09,MS-EYE-015,1,30.0,10.88,30.0,19.119999999999997,False,7.5,7.5,True
505772,4243,P10,MS-MSK-CLY100,1,26.0,9.43,26.0,16.57,False,6.0,6.0,True
505773,4243,P03,MS-SER-VTC30,1,38.0,13.77,38.0,24.23,False,8.5,8.5,True
505774,4244,P05,MS-SER-NIA30,1,29.0,0.0,29.0,29.0,False,5.9,5.9,True
505775,4245,P06,MS-TRT-RET50,1,44.0,4.4,44.0,39.6,False,10.5,10.5,True
505776,4246,P11,MS-BDY-LOT400,1,28.0,0.0,28.0,28.0,False,8.5,8.5,True
505777,4247,P11,MS-BDY-LOT400,1,28.0,7.0,28.0,21.0,False,8.5,8.5,True
505778,4247,P01,MS-CLN-GEL150,1,22.0,5.5,22.0,16.5,False,4.8,4.8,True
505779,4247,P06,MS-TRT-RET50,1,44.0,11.0,44.0,33.0,False,10.5,10.5,True
505780,4248,P12,MS-SET-RTN3,1,88.0,22.0,88.0,66.0,False,21.1,21.1,True
505781,4248,P10,MS-MSK-CLY100,1,26.0,6.5,26.0,19.5,False,6.0,6.0,True
505782,4248,P01,MS-CLN-GEL150,1,22.0,5.5,22.0,16.5,False,4.8,4.8,True
505783,4248,P09,MS-EYE-015,2,30.0,15.0,60.0,45.0,False,7.5,15.0,True
505784,4249,P01,MS-CLN-GEL150,1,22.0,5.5,22.0,16.5,False,4.8,4.8,True
505785,4250,P08,MS-MOI-BAR50,2,36.0,18.0,72.0,54.0,False,8.0,16.0,True
505786,4251,P02,MS-CLN-CRM150,1,24.0,6.0,24.0,18.0,False,5.4,5.4,True
505787,4251,P01,MS-CLN-GEL150,1,22.0,5.5,22.0,16.5,False,4.8,4.8,True
505788,4252,P03,MS-SER-VTC30,1,38.0,9.5,38.0,28.5,False,8.5,8.5,True
505789,4253,P05,MS-SER-NIA30,1,29.0,0.0,29.0,29.0,False,5.9,5.9,True
505790,4253,P06,MS-TRT-RET50,1,44.0,0.0,44.0,44.0,False,10.5,10.5,True
505791,4254,P03,MS-SER-VTC30,1,38.0,9.5,38.0,28.5,False,8.5,8.5,True
505792,4255,P04,MS-SER-HYA30,2,34.0,17.0,68.0,51.0,False,7.2,14.4,True
505793,4256,P03,MS-SER-VTC30,2,38.0,19.0,76.0,57.0,False,8.5,17.0,True
505794,4256,P05,MS-SER-NIA30,1,29.0,7.25,29.0,21.75,False,5.9,5.9,True
505795,4257,P03,MS-SER-VTC30,2,38.0,19.0,76.0,57.0,False,8.5,17.0,True
505796,4258,P01,MS-CLN-GEL150,1,22.0,0.0,22.0,22.0,False,4.8,4.8,True
505797,4259,P01,MS-CLN-GEL150,1,22.0,7.98,22.0,14.02,False,4.8,4.8,True
505798,4259,P08,MS-MOI-BAR50,1,36.0,13.05,36.0,22.95,False,8.0,8.0,True
505799,4259,P12,MS-SET-RTN3,1,88.0,31.89,88.0,56.11,False,21.1,21.1,True
505800,4260,P03,MS-SER-VTC30,1,38.0,9.5,38.0,28.5,False,8.5,8.5,True
505801,4261,P01,MS-CLN-GEL150,2,22.0,6.6,44.0,37.4,False,4.8,9.6,True
505802,4262,P01,MS-CLN-GEL150,1,22.0,5.5,22.0,16.5,False,4.8,4.8,True
505803,4262,P07,MS-MOI-SPF50,1,32.0,8.0,32.0,24.0,False,7.8,7.8,True
505804,4263,P01,MS-CLN-GEL150,1,22.0,3.3,22.0,18.7,False,4.8,4.8,True
505805,4263,P07,MS-MOI-SPF50,1,32.0,4.8,32.0,27.2,False,7.8,7.8,True
505806,4264,P08,MS-MOI-BAR50,1,36.0,9.0,36.0,27.0,False,8.0,8.0,True
505807,4264,P07,MS-MOI-SPF50,1,32.0,8.0,32.0,24.0,False,7.8,7.8,True
505808,4264,P12,MS-SET-RTN3,1,88.0,22.0,88.0,66.0,False,21.1,21.1,True
505809,4265,P03,MS-SER-VTC30,1,38.0,5.7,38.0,32.3,False,8.5,8.5,True
505810,4266,P05,MS-SER-NIA30,1,29.0,4.35,29.0,24.65,False,5.9,5.9,True
505811,4266,P06,MS-TRT-RET50,1,44.0,6.6,44.0,37.4,False,10.5,10.5,True
505812,4267,P08,MS-MOI-BAR50,1,36.0,9.0,36.0,27.0,False,8.0,8.0,True
505813,4267,P12,MS-SET-RTN3,1,88.0,22.0,88.0,66.0,False,21.1,21.1,True
505814,4267,P01,MS-CLN-GEL150,1,22.0,5.5,22.0,16.5,False,4.8,4.8,True
505815,4268,P04,MS-SER-HYA30,1,34.0,8.5,34.0,25.5,False,7.2,7.2,True
505816,4269,P07,MS-MOI-SPF50,1,32.0,3.2,32.0,28.8,False,7.8,7.8,True
505817,4270,P12,MS-SET-RTN3,1,88.0,0.0,88.0,88.0,False,21.1,21.1,True
505818,4271,P09,MS-EYE-015,1,30.0,3.0,30.0,27.0,False,7.5,7.5,True
505819,4271,P01,MS-CLN-GEL150,1,22.0,2.2,22.0,19.8,False,4.8,4.8,True
505820,4272,P01,MS-CLN-GEL150,1,22.0,0.0,22.0,22.0,False,4.8,4.8,True
505821,4273,P03,MS-SER-VTC30,1,38.0,9.5,38.0,28.5,False,8.5,8.5,True
505822,4274,P12,MS-SET-RTN3,1,88.0,22.0,88.0,66.0,False,21.1,21.1,True
505823,4274,P05,MS-SER-NIA30,1,29.0,7.25,29.0,21.75,False,5.9,5.9,True
505824,4275,P07,MS-MOI-SPF50,1,32.0,0.0,32.0,32.0,False,7.8,7.8,True
505825,4275,P08,MS-MOI-BAR50,1,36.0,0.0,36.0,36.0,False,8.0,8.0,True
505826,4276,P06,MS-TRT-RET50,1,44.0,11.0,44.0,33.0,False,10.5,10.5,True
505827,4277,P12,MS-SET-RTN3,1,88.0,22.0,88.0,66.0,False,21.1,21.1,True
505828,4277,P02,MS-CLN-CRM150,1,24.0,6.0,24.0,18.0,False,5.4,5.4,True
505829,4277,P10,MS-MSK-CLY100,1,26.0,6.5,26.0,19.5,False,6.0,6.0,True
505830,4278,P03,MS-SER-VTC30,1,38.0,0.0,38.0,38.0,False,8.5,8.5,True
505831,4279,P01,MS-CLN-GEL150,1,22.0,5.5,22.0,16.5,False,4.8,4.8,True
505832,4279,P03,MS-SER-VTC30,1,38.0,9.5,38.0,28.5,False,8.5,8.5,True
505833,4280,P08,MS-MOI-BAR50,2,36.0,18.0,72.0,54.0,False,8.0,16.0,True
505834,4280,P07,MS-MOI-SPF50,1,32.0,8.0,32.0,24.0,False,7.8,7.8,True
505835,4281,P07,MS-MOI-SPF50,1,32.0,8.0,32.0,24.0,False,7.8,7.8,True
505836,4281,P09,MS-EYE-015,2,30.0,15.0,60.0,45.0,False,7.5,15.0,True
505837,4281,P04,MS-SER-HYA30,1,34.0,8.5,34.0,25.5,False,7.2,7.2,True
505838,4282,P04,MS-SER-HYA30,1,34.0,8.5,34.0,25.5,False,7.2,7.2,True
505839,4283,P05,MS-SER-NIA30,1,29.0,7.25,29.0,21.75,False,5.9,5.9,True
505840,4283,P04,MS-SER-HYA30,1,34.0,8.5,34.0,25.5,False,7.2,7.2,True
505841,4283,P08,MS-MOI-BAR50,1,36.0,9.0,36.0,27.0,False,8.0,8.0,True
505842,4284,P12,MS-SET-RTN3,1,88.0,22.0,88.0,66.0,False,21.1,21.1,True
505843,4285,P02,MS-CLN-CRM150,1,24.0,3.6,24.0,20.4,False,5.4,5.4,True
505844,4285,P06,MS-TRT-RET50,1,44.0,6.6,44.0,37.4,False,10.5,10.5,True
505845,4286,P02,MS-CLN-CRM150,2,24.0,0.0,48.0,48.0,False,5.4,10.8,True
505846,4286,P06,MS-TRT-RET50,1,44.0,0.0,44.0,44.0,False,10.5,10.5,True
505847,4286,P04,MS-SER-HYA30,1,34.0,0.0,34.0,34.0,False,7.2,7.2,True
505848,4287,P07,MS-MOI-SPF50,1,32.0,3.2,32.0,28.8,False,7.8,7.8,True
505849,4288,P11,MS-BDY-LOT400,1,28.0,7.0,28.0,21.0,False,8.5,8.5,True
505850,4288,P05,MS-SER-NIA30,1,29.0,7.25,29.0,21.75,False,5.9,5.9,True
505851,4288,P12,MS-SET-RTN3,1,88.0,22.0,88.0,66.0,False,21.1,21.1,True
505852,4289,P04,MS-SER-HYA30,1,34.0,0.0,34.0,34.0,False,7.2,7.2,True
505853,4289,P03,MS-SER-VTC30,1,38.0,0.0,38.0,38.0,False,8.5,8.5,True
505854,4289,P01,MS-CLN-GEL150,1,22.0,0.0,22.0,22.0,False,4.8,4.8,True
505855,4290,P12,MS-SET-RTN3,1,88.0,0.0,88.0,88.0,False,21.1,21.1,True
505856,4290,P08,MS-MOI-BAR50,1,36.0,0.0,36.0,36.0,False,8.0,8.0,True
505857,4290,P04,MS-SER-HYA30,2,34.0,0.0,68.0,68.0,False,7.2,14.4,True
505858,4290,P03,MS-SER-VTC30,1,38.0,0.0,38.0,38.0,False,8.5,8.5,True
505859,4291,P07,MS-MOI-SPF50,1,32.0,8.0,32.0,24.0,False,7.8,7.8,True
505860,4291,P03,MS-SER-VTC30,1,38.0,9.5,38.0,28.5,False,8.5,8.5,True
505861,4292,P03,MS-SER-VTC30,1,38.0,5.7,38.0,32.3,False,8.5,8.5,True
505862,4293,P04,MS-SER-HYA30,1,34.0,8.5,34.0,25.5,False,7.2,7.2,True
505863,4293,P08,MS-MOI-BAR50,2,36.0,18.0,72.0,54.0,False,8.0,16.0,True
505864,4293,P06,MS-TRT-RET50,1,44.0,11.0,44.0,33.0,False,10.5,10.5,True
505865,4294,P01,MS-CLN-GEL150,1,22.0,7.98,22.0,14.02,False,4.8,4.8,True
505866,4295,P04,MS-SER-HYA30,1,34.0,8.5,34.0,25.5,False,7.2,7.2,True
505867,4296,P01,MS-CLN-GEL150,1,22.0,0.0,22.0,22.0,False,4.8,4.8,True
505868,4297,P05,MS-SER-NIA30,1,29.0,0.0,29.0,29.0,False,5.9,5.9,True
505869,4298,P12,MS-SET-RTN3,1,88.0,22.0,88.0,66.0,False,21.1,21.1,True
505870,4299,P04,MS-SER-HYA30,1,34.0,8.5,34.0,25.5,False,7.2,7.2,True
505871,4300,P12,MS-SET-RTN3,1,88.0,0.0,88.0,88.0,False,21.1,21.1,True
505872,4301,P08,MS-MOI-BAR50,2,36.0,18.0,72.0,54.0,False,8.0,16.0,True
505873,4301,P05,MS-SER-NIA30,1,29.0,7.25,29.0,21.75,False,5.9,5.9,True
505874,4302,P03,MS-SER-VTC30,1,38.0,9.5,38.0,28.5,False,8.5,8.5,True
505875,4303,P01,MS-CLN-GEL150,1,22.0,5.5,22.0,16.5,False,4.8,4.8,True
505876,4304,P07,MS-MOI-SPF50,1,32.0,4.8,32.0,27.2,False,7.8,7.8,True
505877,4304,P03,MS-SER-VTC30,1,38.0,5.7,38.0,32.3,False,8.5,8.5,True
505878,4304,P11,MS-BDY-LOT400,2,28.0,8.4,56.0,47.6,False,8.5,17.0,True
505879,4305,P12,MS-SET-RTN3,1,88.0,22.0,88.0,66.0,False,21.1,21.1,True
505880,4305,P03,MS-SER-VTC30,1,38.0,9.5,38.0,28.5,False,8.5,8.5,True
505881,4306,P05,MS-SER-NIA30,1,29.0,0.0,29.0,29.0,False,5.9,5.9,True
505882,4307,P06,MS-TRT-RET50,1,44.0,6.6,44.0,37.4,False,10.5,10.5,True
505883,4307,P01,MS-CLN-GEL150,2,22.0,6.6,44.0,37.4,False,4.8,9.6,True
505884,4307,P10,MS-MSK-CLY100,1,26.0,3.9,26.0,22.1,False,6.0,6.0,True
505885,4308,P07,MS-MOI-SPF50,1,32.0,4.8,32.0,27.2,False,7.8,7.8,True
505886,4309,P01,MS-CLN-GEL150,1,22.0,0.0,22.0,22.0,False,4.8,4.8,True
505887,4310,P01,MS-CLN-GEL150,1,22.0,5.5,22.0,16.5,False,4.8,4.8,True
505888,4310,P06,MS-TRT-RET50,1,44.0,11.0,44.0,33.0,False,10.5,10.5,True
505889,4311,P04,MS-SER-HYA30,1,34.0,8.5,34.0,25.5,False,7.2,7.2,True
505890,4312,P11,MS-BDY-LOT400,1,28.0,7.0,28.0,21.0,False,8.5,8.5,True
505891,4313,P09,MS-EYE-015,1,30.0,7.5,30.0,22.5,False,7.5,7.5,True
505892,4313,P12,MS-SET-RTN3,1,88.0,22.0,88.0,66.0,False,21.1,21.1,True
505893,4313,P05,MS-SER-NIA30,1,29.0,7.25,29.0,21.75,False,5.9,5.9,True
505894,4313,P10,MS-MSK-CLY100,1,26.0,6.5,26.0,19.5,False,6.0,6.0,True
505895,4314,P04,MS-SER-HYA30,1,34.0,0.0,34.0,34.0,False,7.2,7.2,True
505896,4314,P02,MS-CLN-CRM150,1,24.0,0.0,24.0,24.0,False,5.4,5.4,True
505897,4315,P03,MS-SER-VTC30,1,38.0,9.5,38.0,28.5,False,8.5,8.5,True
505898,4315,P02,MS-CLN-CRM150,1,24.0,6.0,24.0,18.0,False,5.4,5.4,True
505899,4316,P08,MS-MOI-BAR50,1,36.0,9.0,36.0,27.0,False,8.0,8.0,True
505900,4317,P12,MS-SET-RTN3,1,88.0,22.0,88.0,66.0,False,21.1,21.1,True
505901,4317,P08,MS-MOI-BAR50,1,36.0,9.0,36.0,27.0,False,8.0,8.0,True
505902,4318,P12,MS-SET-RTN3,1,88.0,0.0,88.0,88.0,False,21.1,21.1,True
505903,4318,P01,MS-CLN-GEL150,1,22.0,0.0,22.0,22.0,False,4.8,4.8,True
505904,4319,P01,MS-CLN-GEL150,1,22.0,5.5,22.0,16.5,False,4.8,4.8,True
505905,4320,P04,MS-SER-HYA30,1,34.0,8.5,34.0,25.5,False,7.2,7.2,True
505906,4320,P05,MS-SER-NIA30,1,29.0,7.25,29.0,21.75,False,5.9,5.9,True
505907,4321,P07,MS-MOI-SPF50,1,32.0,8.0,32.0,24.0,False,7.8,7.8,True
505908,4322,P12,MS-SET-RTN3,1,88.0,22.0,88.0,66.0,False,21.1,21.1,True
505909,4322,P07,MS-MOI-SPF50,2,32.0,16.0,64.0,48.0,False,7.8,15.6,True
505910,4323,P12,MS-SET-RTN3,1,88.0,22.0,88.0,66.0,False,21.1,21.1,True
505911,4323,P11,MS-BDY-LOT400,1,28.0,7.0,28.0,21.0,False,8.5,8.5,True
505912,4324,P02,MS-CLN-CRM150,1,24.0,6.0,24.0,18.0,False,5.4,5.4,True
505913,4324,P03,MS-SER-VTC30,1,38.0,9.5,38.0,28.5,False,8.5,8.5,True
505914,4325,P09,MS-EYE-015,1,30.0,7.5,30.0,22.5,False,7.5,7.5,True
505915,4325,P06,MS-TRT-RET50,1,44.0,11.0,44.0,33.0,False,10.5,10.5,True
505916,4326,P03,MS-SER-VTC30,1,38.0,0.0,38.0,38.0,False,8.5,8.5,False
505917,4327,P01,MS-CLN-GEL150,1,22.0,3.3,22.0,18.7,False,4.8,4.8,True
505918,4327,P12,MS-SET-RTN3,1,88.0,13.2,88.0,74.8,False,21.1,21.1,True
505919,4328,P01,MS-CLN-GEL150,1,22.0,0.0,22.0,22.0,False,4.8,4.8,True
505920,4329,P09,MS-EYE-015,1,30.0,3.0,30.0,27.0,False,7.5,7.5,True
505921,4329,P03,MS-SER-VTC30,1,38.0,3.8,38.0,34.2,False,8.5,8.5,True
505922,4329,P12,MS-SET-RTN3,1,88.0,8.8,88.0,79.2,False,21.1,21.1,True
505923,4330,P02,MS-CLN-CRM150,1,24.0,6.0,24.0,18.0,False,5.4,5.4,True
505924,4330,P03,MS-SER-VTC30,1,38.0,9.5,38.0,28.5,False,8.5,8.5,True
505925,4330,P01,MS-CLN-GEL150,1,22.0,5.5,22.0,16.5,False,4.8,4.8,True
505926,4331,P08,MS-MOI-BAR50,1,36.0,0.0,36.0,36.0,False,8.0,8.0,True
505927,4332,P05,MS-SER-NIA30,1,29.0,7.25,29.0,21.75,False,5.9,5.9,True
505928,4332,P04,MS-SER-HYA30,1,34.0,8.5,34.0,25.5,False,7.2,7.2,True
505929,4333,P04,MS-SER-HYA30,1,34.0,8.5,34.0,25.5,False,7.2,7.2,True
505930,4334,P03,MS-SER-VTC30,1,38.0,9.5,38.0,28.5,False,8.5,8.5,True
505931,4335,P08,MS-MOI-BAR50,2,36.0,0.0,72.0,72.0,False,8.0,16.0,True
505932,4335,P09,MS-EYE-015,1,30.0,0.0,30.0,30.0,False,7.5,7.5,True
505933,4335,P07,MS-MOI-SPF50,2,32.0,0.0,64.0,64.0,False,7.8,15.6,True
505934,4336,P07,MS-MOI-SPF50,1,32.0,11.6,32.0,20.4,False,7.8,7.8,True
505935,4336,P03,MS-SER-VTC30,1,38.0,13.78,38.0,24.22,False,8.5,8.5,True
505936,4336,P06,MS-TRT-RET50,1,44.0,15.95,44.0,28.05,False,10.5,10.5,True
505937,4336,P04,MS-SER-HYA30,1,34.0,12.32,34.0,21.68,False,7.2,7.2,True
505938,4337,P04,MS-SER-HYA30,1,34.0,8.5,34.0,25.5,False,7.2,7.2,True
505939,4337,P12,MS-SET-RTN3,1,88.0,22.0,88.0,66.0,False,21.1,21.1,True
505940,4338,P04,MS-SER-HYA30,1,34.0,5.1,34.0,28.9,False,7.2,7.2,True
505941,4339,P03,MS-SER-VTC30,1,38.0,9.5,38.0,28.5,False,8.5,8.5,True
505942,4340,P01,MS-CLN-GEL150,1,22.0,3.3,22.0,18.7,False,4.8,4.8,True
505943,4341,P02,MS-CLN-CRM150,1,24.0,3.6,24.0,20.4,False,5.4,5.4,True
505944,4342,P04,MS-SER-HYA30,1,34.0,8.5,34.0,25.5,False,7.2,7.2,True
505945,4342,P03,MS-SER-VTC30,1,38.0,9.5,38.0,28.5,False,8.5,8.5,True
505946,4343,P04,MS-SER-HYA30,1,34.0,0.0,34.0,34.0,False,7.2,7.2,True
505947,4344,P08,MS-MOI-BAR50,1,36.0,9.0,36.0,27.0,False,8.0,8.0,True
505948,4345,P07,MS-MOI-SPF50,1,32.0,8.0,32.0,24.0,False,7.8,7.8,True
505949,4345,P09,MS-EYE-015,1,30.0,7.5,30.0,22.5,False,7.5,7.5,True
505950,4346,P01,MS-CLN-GEL150,1,22.0,5.5,22.0,16.5,False,4.8,4.8,True
505951,4346,P05,MS-SER-NIA30,1,29.0,7.25,29.0,21.75,False,5.9,5.9,True
505952,4346,P03,MS-SER-VTC30,1,38.0,9.5,38.0,28.5,False,8.5,8.5,True
505953,4346,P07,MS-MOI-SPF50,1,32.0,8.0,32.0,24.0,False,7.8,7.8,True
505954,4347,P05,MS-SER-NIA30,1,29.0,0.0,29.0,29.0,False,5.9,5.9,False
505955,4348,P01,MS-CLN-GEL150,1,22.0,5.5,22.0,16.5,False,4.8,4.8,True
505956,4349,P12,MS-SET-RTN3,1,88.0,13.2,88.0,74.8,False,21.1,21.1,True
505957,4349,P04,MS-SER-HYA30,1,34.0,5.1,34.0,28.9,False,7.2,7.2,True
505958,4350,P11,MS-BDY-LOT400,1,28.0,7.0,28.0,21.0,False,8.5,8.5,True
505959,4351,P12,MS-SET-RTN3,1,88.0,0.0,88.0,88.0,False,21.1,21.1,True
505960,4352,P11,MS-BDY-LOT400,2,28.0,0.0,56.0,56.0,False,8.5,17.0,True
505961,4353,P04,MS-SER-HYA30,1,34.0,0.0,34.0,34.0,False,7.2,7.2,True
505962,4354,P07,MS-MOI-SPF50,1,32.0,8.0,32.0,24.0,False,7.8,7.8,True
505963,4355,P11,MS-BDY-LOT400,2,28.0,8.4,56.0,47.6,False,8.5,17.0,True
505964,4356,P01,MS-CLN-GEL150,1,22.0,3.3,22.0,18.7,False,4.8,4.8,True
505965,4357,P10,MS-MSK-CLY100,1,26.0,6.5,26.0,19.5,False,6.0,6.0,True
505966,4358,P03,MS-SER-VTC30,1,38.0,9.5,38.0,28.5,False,8.5,8.5,True
505967,4359,P04,MS-SER-HYA30,1,34.0,8.5,34.0,25.5,False,7.2,7.2,True
505968,4360,P05,MS-SER-NIA30,1,29.0,7.25,29.0,21.75,False,5.9,5.9,True
505969,4360,P11,MS-BDY-LOT400,2,28.0,14.0,56.0,42.0,False,8.5,17.0,True
505970,4361,P06,MS-TRT-RET50,1,44.0,0.0,44.0,44.0,False,10.5,10.5,True
505971,4361,P03,MS-SER-VTC30,1,38.0,0.0,38.0,38.0,False,8.5,8.5,True
505972,4362,P06,MS-TRT-RET50,1,44.0,15.95,44.0,28.05,False,10.5,10.5,True
505973,4362,P04,MS-SER-HYA30,1,34.0,12.32,34.0,21.68,False,7.2,7.2,True
505974,4362,P03,MS-SER-VTC30,1,38.0,13.78,38.0,24.22,False,8.5,8.5,True
505975,4363,P05,MS-SER-NIA30,1,29.0,7.25,29.0,21.75,False,5.9,5.9,True
505976,4364,P04,MS-SER-HYA30,1,34.0,8.5,34.0,25.5,False,7.2,7.2,True
505977,4365,P11,MS-BDY-LOT400,1,28.0,2.8,28.0,25.2,False,8.5,8.5,True
505978,4365,P01,MS-CLN-GEL150,1,22.0,2.2,22.0,19.8,False,4.8,4.8,True
505979,4366,P04,MS-SER-HYA30,2,34.0,10.2,68.0,57.8,False,7.2,14.4,True
505980,4366,P03,MS-SER-VTC30,1,38.0,5.7,38.0,32.3,False,8.5,8.5,True
505981,4367,P02,MS-CLN-CRM150,1,24.0,6.0,24.0,18.0,False,5.4,5.4,True
505982,4367,P04,MS-SER-HYA30,1,34.0,8.5,34.0,25.5,False,7.2,7.2,True
505983,4368,P12,MS-SET-RTN3,1,88.0,22.0,88.0,66.0,False,21.1,21.1,True
505984,4368,P11,MS-BDY-LOT400,1,28.0,7.0,28.0,21.0,False,8.5,8.5,True
505985,4369,P10,MS-MSK-CLY100,1,26.0,6.5,26.0,19.5,False,6.0,6.0,True
505986,4370,P02,MS-CLN-CRM150,1,24.0,3.6,24.0,20.4,False,5.4,5.4,True
505987,4371,P09,MS-EYE-015,2,30.0,6.0,60.0,54.0,False,7.5,15.0,True
505988,4372,P03,MS-SER-VTC30,1,38.0,0.0,38.0,38.0,False,8.5,8.5,True
505989,4372,P09,MS-EYE-015,1,30.0,0.0,30.0,30.0,False,7.5,7.5,True
505990,4373,P04,MS-SER-HYA30,1,34.0,8.5,34.0,25.5,False,7.2,7.2,True
505991,4373,P02,MS-CLN-CRM150,1,24.0,6.0,24.0,18.0,False,5.4,5.4,True
505992,4374,P04,MS-SER-HYA30,1,34.0,0.0,34.0,34.0,False,7.2,7.2,True
505993,4374,P06,MS-TRT-RET50,1,44.0,0.0,44.0,44.0,False,10.5,10.5,True
505994,4374,P07,MS-MOI-SPF50,1,32.0,0.0,32.0,32.0,False,7.8,7.8,True
505995,4375,P01,MS-CLN-GEL150,1,22.0,5.5,22.0,16.5,False,4.8,4.8,True
505996,4376,P04,MS-SER-HYA30,1,34.0,8.5,34.0,25.5,False,7.2,7.2,True
505997,4376,P07,MS-MOI-SPF50,1,32.0,8.0,32.0,24.0,False,7.8,7.8,True
505998,4377,P03,MS-SER-VTC30,1,38.0,5.7,38.0,32.3,False,8.5,8.5,True
505999,4378,P01,MS-CLN-GEL150,1,22.0,0.0,22.0,22.0,False,4.8,4.8,True
506000,4379,P04,MS-SER-HYA30,1,34.0,8.5,34.0,25.5,False,7.2,7.2,True
506001,4379,P03,MS-SER-VTC30,1,38.0,9.5,38.0,28.5,False,8.5,8.5,True
506002,4379,P02,MS-CLN-CRM150,1,24.0,6.0,24.0,18.0,False,5.4,5.4,True
506003,4380,P03,MS-SER-VTC30,1,38.0,9.5,38.0,28.5,False,8.5,8.5,True
506004,4380,P12,MS-SET-RTN3,1,88.0,22.0,88.0,66.0,False,21.1,21.1,True
506005,4381,P12,MS-SET-RTN3,1,88.0,0.0,88.0,88.0,False,21.1,21.1,True
506006,4381,P07,MS-MOI-SPF50,1,32.0,0.0,32.0,32.0,False,7.8,7.8,True
506007,4381,P01,MS-CLN-GEL150,1,22.0,0.0,22.0,22.0,False,4.8,4.8,True
506008,4382,P03,MS-SER-VTC30,1,38.0,9.5,38.0,28.5,False,8.5,8.5,True
506009,4382,P06,MS-TRT-RET50,2,44.0,22.0,88.0,66.0,False,10.5,21.0,True
506010,4383,P05,MS-SER-NIA30,1,29.0,0.0,29.0,29.0,False,5.9,5.9,True
506011,4384,P03,MS-SER-VTC30,1,38.0,0.0,38.0,38.0,False,8.5,8.5,True
506012,4385,P10,MS-MSK-CLY100,1,26.0,3.9,26.0,22.1,False,6.0,6.0,True
506013,4386,P10,MS-MSK-CLY100,1,26.0,6.5,26.0,19.5,False,6.0,6.0,True
506014,4386,P12,MS-SET-RTN3,1,88.0,22.0,88.0,66.0,False,21.1,21.1,True
506015,4386,P03,MS-SER-VTC30,2,38.0,19.0,76.0,57.0,False,8.5,17.0,True
506016,4386,P05,MS-SER-NIA30,1,29.0,7.25,29.0,21.75,False,5.9,5.9,True
506017,4387,P04,MS-SER-HYA30,1,34.0,8.5,34.0,25.5,False,7.2,7.2,True
506018,4387,P01,MS-CLN-GEL150,2,22.0,11.0,44.0,33.0,False,4.8,9.6,True
506019,4388,P06,MS-TRT-RET50,1,44.0,15.95,44.0,28.05,False,10.5,10.5,True
506020,4389,P08,MS-MOI-BAR50,1,36.0,0.0,36.0,36.0,False,8.0,8.0,True
506021,4390,P09,MS-EYE-015,1,30.0,7.5,30.0,22.5,False,7.5,7.5,True
506022,4390,P03,MS-SER-VTC30,1,38.0,9.5,38.0,28.5,False,8.5,8.5,True
506023,4391,P05,MS-SER-NIA30,1,29.0,0.0,29.0,29.0,False,5.9,5.9,True
506024,4391,P07,MS-MOI-SPF50,1,32.0,0.0,32.0,32.0,False,7.8,7.8,True
506025,4391,P01,MS-CLN-GEL150,1,22.0,0.0,22.0,22.0,False,4.8,4.8,True
506026,4392,P07,MS-MOI-SPF50,1,32.0,8.0,32.0,24.0,False,7.8,7.8,True
506027,4392,P08,MS-MOI-BAR50,1,36.0,9.0,36.0,27.0,False,8.0,8.0,True
506028,4393,P12,MS-SET-RTN3,1,88.0,22.0,88.0,66.0,False,21.1,21.1,True
506029,4393,P03,MS-SER-VTC30,1,38.0,9.5,38.0,28.5,False,8.5,8.5,True
506030,4393,P08,MS-MOI-BAR50,1,36.0,9.0,36.0,27.0,False,8.0,8.0,True
506031,4394,P05,MS-SER-NIA30,1,29.0,7.25,29.0,21.75,False,5.9,5.9,True
506032,4395,P02,MS-CLN-CRM150,1,24.0,6.0,24.0,18.0,False,5.4,5.4,True
506033,4395,P01,MS-CLN-GEL150,1,22.0,5.5,22.0,16.5,False,4.8,4.8,True
506034,4396,P03,MS-SER-VTC30,1,38.0,9.5,38.0,28.5,False,8.5,8.5,True
506035,4396,P10,MS-MSK-CLY100,1,26.0,6.5,26.0,19.5,False,6.0,6.0,True
506036,4397,P07,MS-MOI-SPF50,1,32.0,0.0,32.0,32.0,False,7.8,7.8,True
506037,4397,P04,MS-SER-HYA30,1,34.0,0.0,34.0,34.0,False,7.2,7.2,True
506038,4398,P07,MS-MOI-SPF50,1,32.0,8.0,32.0,24.0,False,7.8,7.8,True
506039,4398,P12,MS-SET-RTN3,1,88.0,22.0,88.0,66.0,False,21.1,21.1,True
506040,4399,P03,MS-SER-VTC30,1,38.0,5.7,38.0,32.3,False,8.5,8.5,True
506041,4399,P02,MS-CLN-CRM150,1,24.0,3.6,24.0,20.4,False,5.4,5.4,True
506042,4400,P03,MS-SER-VTC30,2,38.0,0.0,76.0,76.0,False,8.5,17.0,True
506043,4401,P04,MS-SER-HYA30,1,34.0,8.5,34.0,25.5,False,7.2,7.2,True
506044,4401,P06,MS-TRT-RET50,1,44.0,11.0,44.0,33.0,False,10.5,10.5,True
506045,4402,P01,MS-CLN-GEL150,1,22.0,5.5,22.0,16.5,False,4.8,4.8,True
506046,4402,P03,MS-SER-VTC30,2,38.0,19.0,76.0,57.0,False,8.5,17.0,True
506047,4403,P08,MS-MOI-BAR50,2,36.0,18.0,72.0,54.0,False,8.0,16.0,True
506048,4403,P06,MS-TRT-RET50,1,44.0,11.0,44.0,33.0,False,10.5,10.5,True
506049,4404,P04,MS-SER-HYA30,1,34.0,7.99,34.0,26.009999999999998,False,7.2,7.2,True
506050,4405,P05,MS-SER-NIA30,1,29.0,7.25,29.0,21.75,False,5.9,5.9,True
506051,4405,P04,MS-SER-HYA30,1,34.0,8.5,34.0,25.5,False,7.2,7.2,True
506052,4405,P03,MS-SER-VTC30,1,38.0,9.5,38.0,28.5,False,8.5,8.5,True
506053,4405,P09,MS-EYE-015,1,30.0,7.5,30.0,22.5,False,7.5,7.5,True
506054,4406,P08,MS-MOI-BAR50,1,36.0,5.4,36.0,30.6,False,8.0,8.0,True
506055,4407,P04,MS-SER-HYA30,1,34.0,8.5,34.0,25.5,False,7.2,7.2,True
506056,4407,P06,MS-TRT-RET50,1,44.0,11.0,44.0,33.0,False,10.5,10.5,True
506057,4408,P09,MS-EYE-015,2,30.0,9.0,60.0,51.0,False,7.5,15.0,True
506058,4408,P05,MS-SER-NIA30,1,29.0,4.35,29.0,24.65,False,5.9,5.9,True
506059,4408,P01,MS-CLN-GEL150,1,22.0,3.3,22.0,18.7,False,4.8,4.8,True
506060,4408,P11,MS-BDY-LOT400,1,28.0,4.2,28.0,23.8,False,8.5,8.5,True
506061,4409,P12,MS-SET-RTN3,1,88.0,24.41,88.0,63.59,False,21.1,21.1,True
506062,4409,P03,MS-SER-VTC30,1,38.0,10.55,38.0,27.45,False,8.5,8.5,True
506063,4409,P01,MS-CLN-GEL150,1,22.0,6.11,22.0,15.89,False,4.8,4.8,True
506064,4410,P05,MS-SER-NIA30,1,29.0,10.51,29.0,18.490000000000002,False,5.9,5.9,True
506065,4411,P01,MS-CLN-GEL150,1,22.0,5.5,22.0,16.5,False,4.8,4.8,True
506066,4412,P01,MS-CLN-GEL150,1,22.0,5.5,22.0,16.5,False,4.8,4.8,True
506067,4413,P12,MS-SET-RTN3,1,88.0,22.0,88.0,66.0,False,21.1,21.1,True
506068,4413,P01,MS-CLN-GEL150,1,22.0,5.5,22.0,16.5,False,4.8,4.8,True
506069,4413,P07,MS-MOI-SPF50,1,32.0,8.0,32.0,24.0,False,7.8,7.8,True
506070,4414,P12,MS-SET-RTN3,1,88.0,22.0,88.0,66.0,False,21.1,21.1,True
506071,4414,P10,MS-MSK-CLY100,1,26.0,6.5,26.0,19.5,False,6.0,6.0,True
506072,4415,P09,MS-EYE-015,1,30.0,7.5,30.0,22.5,False,7.5,7.5,True
506073,4416,P04,MS-SER-HYA30,1,34.0,0.0,34.0,34.0,False,7.2,7.2,True
506074,4417,P03,MS-SER-VTC30,1,38.0,9.5,38.0,28.5,False,8.5,8.5,True
506075,4417,P01,MS-CLN-GEL150,1,22.0,5.5,22.0,16.5,False,4.8,4.8,True
506076,4418,P06,MS-TRT-RET50,1,44.0,0.0,44.0,44.0,False,10.5,10.5,True
506077,4418,P03,MS-SER-VTC30,2,38.0,0.0,76.0,76.0,False,8.5,17.0,True
506078,4418,P02,MS-CLN-CRM150,1,24.0,0.0,24.0,24.0,False,5.4,5.4,True
506079,4419,P05,MS-SER-NIA30,1,29.0,7.25,29.0,21.75,False,5.9,5.9,True
506080,4420,P01,MS-CLN-GEL150,1,22.0,0.0,22.0,22.0,False,4.8,4.8,True
506081,4421,P07,MS-MOI-SPF50,1,32.0,4.8,32.0,27.2,False,7.8,7.8,True
506082,4421,P12,MS-SET-RTN3,1,88.0,13.2,88.0,74.8,False,21.1,21.1,True
506083,4422,P04,MS-SER-HYA30,2,34.0,17.0,68.0,51.0,False,7.2,14.4,True
506084,4422,P12,MS-SET-RTN3,1,88.0,22.0,88.0,66.0,False,21.1,21.1,True
506085,4422,P06,MS-TRT-RET50,1,44.0,11.0,44.0,33.0,False,10.5,10.5,True
506086,4423,P04,MS-SER-HYA30,1,34.0,8.5,34.0,25.5,False,7.2,7.2,True
506087,4423,P12,MS-SET-RTN3,1,88.0,22.0,88.0,66.0,False,21.1,21.1,True
506088,4423,P07,MS-MOI-SPF50,1,32.0,8.0,32.0,24.0,False,7.8,7.8,True
506089,4423,P05,MS-SER-NIA30,1,29.0,7.25,29.0,21.75,False,5.9,5.9,True
506090,4424,P10,MS-MSK-CLY100,1,26.0,2.6,26.0,23.4,False,6.0,6.0,True
506091,4425,P07,MS-MOI-SPF50,1,32.0,0.0,32.0,32.0,False,7.8,7.8,True
506092,4426,P04,MS-SER-HYA30,1,34.0,5.1,34.0,28.9,False,7.2,7.2,True
506093,4427,P04,MS-SER-HYA30,1,34.0,0.0,34.0,34.0,False,7.2,7.2,True
506094,4428,P02,MS-CLN-CRM150,1,24.0,6.0,24.0,18.0,False,5.4,5.4,True
506095,4429,P07,MS-MOI-SPF50,1,32.0,0.0,32.0,32.0,False,7.8,7.8,True
506096,4430,P06,MS-TRT-RET50,2,44.0,22.0,88.0,66.0,False,10.5,21.0,True
506097,4430,P05,MS-SER-NIA30,1,29.0,7.25,29.0,21.75,False,5.9,5.9,True
506098,4430,P04,MS-SER-HYA30,1,34.0,8.5,34.0,25.5,False,7.2,7.2,True
506099,4431,P09,MS-EYE-015,1,30.0,0.0,30.0,30.0,False,7.5,7.5,True
506100,4432,P03,MS-SER-VTC30,1,38.0,5.7,38.0,32.3,False,8.5,8.5,True
506101,4432,P08,MS-MOI-BAR50,1,36.0,5.4,36.0,30.6,False,8.0,8.0,True
506102,4432,P07,MS-MOI-SPF50,1,32.0,4.8,32.0,27.2,False,7.8,7.8,True
506103,4433,P04,MS-SER-HYA30,1,34.0,0.0,34.0,34.0,False,7.2,7.2,True
506104,4434,P04,MS-SER-HYA30,1,34.0,0.0,34.0,34.0,False,7.2,7.2,True
506105,4435,P05,MS-SER-NIA30,1,29.0,0.0,29.0,29.0,False,5.9,5.9,True
506106,4435,P12,MS-SET-RTN3,1,88.0,0.0,88.0,88.0,False,21.1,21.1,True
506107,4435,P08,MS-MOI-BAR50,1,36.0,0.0,36.0,36.0,False,8.0,8.0,True
506108,4435,P09,MS-EYE-015,1,30.0,0.0,30.0,30.0,False,7.5,7.5,True
506109,4436,P04,MS-SER-HYA30,1,34.0,0.0,34.0,34.0,False,7.2,7.2,True
506110,4436,P09,MS-EYE-015,1,30.0,0.0,30.0,30.0,False,7.5,7.5,True
506111,4437,P11,MS-BDY-LOT400,1,28.0,0.0,28.0,28.0,False,8.5,8.5,True
506112,4437,P12,MS-SET-RTN3,1,88.0,0.0,88.0,88.0,False,21.1,21.1,True
506113,4438,P06,MS-TRT-RET50,2,44.0,0.0,88.0,88.0,False,10.5,21.0,True
506114,4438,P07,MS-MOI-SPF50,1,32.0,0.0,32.0,32.0,False,7.8,7.8,True
506115,4439,P03,MS-SER-VTC30,1,38.0,5.7,38.0,32.3,False,8.5,8.5,True
506116,4439,P07,MS-MOI-SPF50,1,32.0,4.8,32.0,27.2,False,7.8,7.8,True
506117,4440,P10,MS-MSK-CLY100,1,26.0,0.0,26.0,26.0,False,6.0,6.0,True
506118,4441,P07,MS-MOI-SPF50,2,32.0,0.0,64.0,64.0,False,7.8,15.6,True
506119,4441,P05,MS-SER-NIA30,1,29.0,0.0,29.0,29.0,False,5.9,5.9,True
506120,4442,P08,MS-MOI-BAR50,1,36.0,5.4,36.0,30.6,False,8.0,8.0,True
506121,4442,P11,MS-BDY-LOT400,1,28.0,4.2,28.0,23.8,False,8.5,8.5,True
506122,4442,P05,MS-SER-NIA30,1,29.0,4.35,29.0,24.65,False,5.9,5.9,True
506123,4442,P12,MS-SET-RTN3,1,88.0,13.2,88.0,74.8,False,21.1,21.1,True
506124,4443,P10,MS-MSK-CLY100,1,26.0,0.0,26.0,26.0,False,6.0,6.0,True
506125,4444,P12,MS-SET-RTN3,1,88.0,0.0,88.0,88.0,False,21.1,21.1,True
506126,4444,P07,MS-MOI-SPF50,1,32.0,0.0,32.0,32.0,False,7.8,7.8,True
506127,4445,P06,MS-TRT-RET50,1,44.0,0.0,44.0,44.0,False,10.5,10.5,True
506128,4445,P07,MS-MOI-SPF50,1,32.0,0.0,32.0,32.0,False,7.8,7.8,True
506129,4446,P08,MS-MOI-BAR50,2,36.0,0.0,72.0,72.0,False,8.0,16.0,True
506130,4446,P05,MS-SER-NIA30,1,29.0,0.0,29.0,29.0,False,5.9,5.9,True
506131,4446,P02,MS-CLN-CRM150,1,24.0,0.0,24.0,24.0,False,5.4,5.4,True
506132,4446,P10,MS-MSK-CLY100,1,26.0,0.0,26.0,26.0,False,6.0,6.0,True
506133,4447,P03,MS-SER-VTC30,1,38.0,4.56,38.0,33.44,False,8.5,8.5,True
506134,4448,P03,MS-SER-VTC30,1,38.0,0.0,38.0,38.0,False,8.5,8.5,True
506135,4448,P05,MS-SER-NIA30,1,29.0,0.0,29.0,29.0,False,5.9,5.9,True
506136,4449,P08,MS-MOI-BAR50,1,36.0,5.4,36.0,30.6,False,8.0,8.0,True
506137,4450,P06,MS-TRT-RET50,1,44.0,6.6,44.0,37.4,False,10.5,10.5,True
506138,4451,P10,MS-MSK-CLY100,1,26.0,3.9,26.0,22.1,False,6.0,6.0,True
506139,4451,P12,MS-SET-RTN3,1,88.0,13.2,88.0,74.8,False,21.1,21.1,True
506140,4451,P04,MS-SER-HYA30,1,34.0,5.1,34.0,28.9,False,7.2,7.2,True
506141,4452,P04,MS-SER-HYA30,1,34.0,5.1,34.0,28.9,False,7.2,7.2,True
506142,4452,P01,MS-CLN-GEL150,1,22.0,3.3,22.0,18.7,False,4.8,4.8,True
506143,4453,P04,MS-SER-HYA30,1,34.0,0.0,34.0,34.0,False,7.2,7.2,True
506144,4453,P02,MS-CLN-CRM150,1,24.0,0.0,24.0,24.0,False,5.4,5.4,True
506145,4454,P10,MS-MSK-CLY100,1,26.0,0.0,26.0,26.0,False,6.0,6.0,True
506146,4455,P04,MS-SER-HYA30,1,34.0,0.0,34.0,34.0,False,7.2,7.2,True
506147,4456,P01,MS-CLN-GEL150,1,22.0,0.0,22.0,22.0,False,4.8,4.8,True
506148,4456,P05,MS-SER-NIA30,1,29.0,0.0,29.0,29.0,False,5.9,5.9,True
506149,4456,P06,MS-TRT-RET50,1,44.0,0.0,44.0,44.0,False,10.5,10.5,True
506150,4457,P03,MS-SER-VTC30,1,38.0,0.0,38.0,38.0,False,8.5,8.5,True
506151,4458,P04,MS-SER-HYA30,2,34.0,10.2,68.0,57.8,False,7.2,14.4,True
506152,4459,P10,MS-MSK-CLY100,1,26.0,0.0,26.0,26.0,False,6.0,6.0,True
506153,4460,P02,MS-CLN-CRM150,1,24.0,0.0,24.0,24.0,False,5.4,5.4,True
506154,4460,P05,MS-SER-NIA30,1,29.0,0.0,29.0,29.0,False,5.9,5.9,True
506155,4461,P07,MS-MOI-SPF50,1,32.0,0.0,32.0,32.0,False,7.8,7.8,True
506156,4462,P05,MS-SER-NIA30,2,29.0,5.8,58.0,52.2,False,5.9,11.8,True
506157,4463,P01,MS-CLN-GEL150,1,22.0,0.0,22.0,22.0,False,4.8,4.8,True
506158,4463,P05,MS-SER-NIA30,1,29.0,0.0,29.0,29.0,False,5.9,5.9,True
506159,4463,P07,MS-MOI-SPF50,1,32.0,0.0,32.0,32.0,False,7.8,7.8,True
506160,4464,P08,MS-MOI-BAR50,1,36.0,0.0,36.0,36.0,False,8.0,8.0,True
506161,4464,P06,MS-TRT-RET50,1,44.0,0.0,44.0,44.0,False,10.5,10.5,True
506162,4465,P03,MS-SER-VTC30,1,38.0,0.0,38.0,38.0,False,8.5,8.5,True
506163,4465,P08,MS-MOI-BAR50,1,36.0,0.0,36.0,36.0,False,8.0,8.0,True
506164,4465,P04,MS-SER-HYA30,1,34.0,0.0,34.0,34.0,False,7.2,7.2,True
506165,4465,P02,MS-CLN-CRM150,1,24.0,0.0,24.0,24.0,False,5.4,5.4,True
506166,4466,P03,MS-SER-VTC30,1,38.0,5.7,38.0,32.3,False,8.5,8.5,False
506167,4466,P04,MS-SER-HYA30,1,34.0,5.1,34.0,28.9,False,7.2,7.2,False
506168,4467,P08,MS-MOI-BAR50,1,36.0,0.0,36.0,36.0,False,8.0,8.0,True
506169,4467,P06,MS-TRT-RET50,1,44.0,0.0,44.0,44.0,False,10.5,10.5,True
506170,4468,P09,MS-EYE-015,1,30.0,0.0,30.0,30.0,False,7.5,7.5,True
506171,4468,P06,MS-TRT-RET50,1,44.0,0.0,44.0,44.0,False,10.5,10.5,True
506172,4469,P05,MS-SER-NIA30,2,29.0,0.0,58.0,58.0,False,5.9,11.8,True
506173,4470,P04,MS-SER-HYA30,1,34.0,0.0,34.0,34.0,False,7.2,7.2,True
506174,4471,P05,MS-SER-NIA30,1,29.0,0.0,29.0,29.0,False,5.9,5.9,True
506175,4472,P10,MS-MSK-CLY100,1,26.0,0.0,26.0,26.0,False,6.0,6.0,True
506176,4472,P02,MS-CLN-CRM150,1,24.0,0.0,24.0,24.0,False,5.4,5.4,True
506177,4473,P01,MS-CLN-GEL150,1,22.0,2.2,22.0,19.8,False,4.8,4.8,True
506178,4474,P03,MS-SER-VTC30,2,38.0,0.0,76.0,76.0,False,8.5,17.0,True
506179,4475,P08,MS-MOI-BAR50,1,36.0,5.4,36.0,30.6,False,8.0,8.0,True
506180,4476,P12,MS-SET-RTN3,1,88.0,0.0,88.0,88.0,False,21.1,21.1,True
506181,4477,P07,MS-MOI-SPF50,1,32.0,0.0,32.0,32.0,False,7.8,7.8,True
506182,4477,P05,MS-SER-NIA30,1,29.0,0.0,29.0,29.0,False,5.9,5.9,True
506183,4478,P01,MS-CLN-GEL150,1,22.0,0.0,22.0,22.0,False,4.8,4.8,True
506184,4478,P04,MS-SER-HYA30,1,34.0,0.0,34.0,34.0,False,7.2,7.2,True
506185,4478,P09,MS-EYE-015,1,30.0,0.0,30.0,30.0,False,7.5,7.5,True
506186,4479,P02,MS-CLN-CRM150,1,24.0,0.0,24.0,24.0,False,5.4,5.4,True
506187,4479,P01,MS-CLN-GEL150,1,22.0,0.0,22.0,22.0,False,4.8,4.8,True
506188,4479,P03,MS-SER-VTC30,1,38.0,0.0,38.0,38.0,False,8.5,8.5,True
506189,4480,P03,MS-SER-VTC30,1,38.0,0.0,38.0,38.0,False,8.5,8.5,True
506190,4480,P07,MS-MOI-SPF50,1,32.0,0.0,32.0,32.0,False,7.8,7.8,True
506191,4480,P01,MS-CLN-GEL150,1,22.0,0.0,22.0,22.0,False,4.8,4.8,True
506192,4481,P10,MS-MSK-CLY100,1,26.0,0.0,26.0,26.0,False,6.0,6.0,True
506193,4482,P06,MS-TRT-RET50,1,44.0,0.0,44.0,44.0,False,10.5,10.5,True
506194,4483,P06,MS-TRT-RET50,2,44.0,22.18,88.0,65.82,False,10.5,21.0,True
506195,4484,P01,MS-CLN-GEL150,1,22.0,0.0,22.0,22.0,False,4.8,4.8,True
506196,4485,P07,MS-MOI-SPF50,1,32.0,4.8,32.0,27.2,False,7.8,7.8,True
506197,4486,P01,MS-CLN-GEL150,1,22.0,0.0,22.0,22.0,False,4.8,4.8,True
506198,4486,P05,MS-SER-NIA30,1,29.0,0.0,29.0,29.0,False,5.9,5.9,True
506199,4487,P08,MS-MOI-BAR50,1,36.0,0.0,36.0,36.0,False,8.0,8.0,True
506200,4487,P03,MS-SER-VTC30,1,38.0,0.0,38.0,38.0,False,8.5,8.5,True
506201,4488,P04,MS-SER-HYA30,1,34.0,0.0,34.0,34.0,False,7.2,7.2,True
506202,4489,P06,MS-TRT-RET50,1,44.0,6.6,44.0,37.4,False,10.5,10.5,True
506203,4489,P01,MS-CLN-GEL150,1,22.0,3.3,22.0,18.7,False,4.8,4.8,True
506204,4490,P03,MS-SER-VTC30,1,38.0,3.8,38.0,34.2,False,8.5,8.5,True
506205,4491,P01,MS-CLN-GEL150,1,22.0,0.0,22.0,22.0,False,4.8,4.8,True
506206,4492,P06,MS-TRT-RET50,1,44.0,0.0,44.0,44.0,False,10.5,10.5,True
506207,4492,P11,MS-BDY-LOT400,2,28.0,0.0,56.0,56.0,False,8.5,17.0,True
506208,4493,P12,MS-SET-RTN3,1,88.0,0.0,88.0,88.0,False,21.1,21.1,True
506209,4493,P05,MS-SER-NIA30,1,29.0,0.0,29.0,29.0,False,5.9,5.9,True
506210,4494,P02,MS-CLN-CRM150,1,24.0,0.0,24.0,24.0,False,5.4,5.4,False
506211,4495,P10,MS-MSK-CLY100,1,26.0,0.0,26.0,26.0,False,6.0,6.0,True
506212,4495,P07,MS-MOI-SPF50,1,32.0,0.0,32.0,32.0,False,7.8,7.8,True
506213,4495,P03,MS-SER-VTC30,1,38.0,0.0,38.0,38.0,False,8.5,8.5,True
506214,4496,P03,MS-SER-VTC30,1,38.0,0.0,38.0,38.0,False,8.5,8.5,True
506215,4497,P01,MS-CLN-GEL150,1,22.0,0.0,22.0,22.0,False,4.8,4.8,True
506216,4498,P07,MS-MOI-SPF50,1,32.0,4.8,32.0,27.2,False,7.8,7.8,True
506217,4499,P02,MS-CLN-CRM150,1,24.0,0.0,24.0,24.0,False,5.4,5.4,True
506218,4499,P03,MS-SER-VTC30,1,38.0,0.0,38.0,38.0,False,8.5,8.5,True
506219,4500,P09,MS-EYE-015,1,30.0,3.0,30.0,27.0,False,7.5,7.5,True
506220,4501,P05,MS-SER-NIA30,1,29.0,0.0,29.0,29.0,False,5.9,5.9,True
506221,4501,P03,MS-SER-VTC30,1,38.0,0.0,38.0,38.0,False,8.5,8.5,True
506222,4502,P02,MS-CLN-CRM150,1,24.0,0.0,24.0,24.0,False,5.4,5.4,True
506223,4503,P02,MS-CLN-CRM150,2,24.0,0.0,48.0,48.0,False,5.4,10.8,True
506224,4503,P11,MS-BDY-LOT400,1,28.0,0.0,28.0,28.0,False,8.5,8.5,True
506225,4504,P12,MS-SET-RTN3,1,88.0,13.2,88.0,74.8,False,21.1,21.1,True
506226,4505,P01,MS-CLN-GEL150,1,22.0,0.0,22.0,22.0,False,4.8,4.8,True
506227,4505,P08,MS-MOI-BAR50,1,36.0,0.0,36.0,36.0,False,8.0,8.0,True
506228,4506,P04,MS-SER-HYA30,1,34.0,0.0,34.0,34.0,False,7.2,7.2,True
506229,4506,P01,MS-CLN-GEL150,1,22.0,0.0,22.0,22.0,False,4.8,4.8,True
506230,4507,P04,MS-SER-HYA30,1,34.0,0.0,34.0,34.0,False,7.2,7.2,True
506231,4507,P12,MS-SET-RTN3,1,88.0,0.0,88.0,88.0,False,21.1,21.1,True
506232,4508,P06,MS-TRT-RET50,1,44.0,4.4,44.0,39.6,False,10.5,10.5,True
506233,4508,P12,MS-SET-RTN3,1,88.0,8.8,88.0,79.2,False,21.1,21.1,True
506234,4508,P03,MS-SER-VTC30,1,38.0,3.8,38.0,34.2,False,8.5,8.5,True
506235,4508,P05,MS-SER-NIA30,1,29.0,2.9,29.0,26.1,False,5.9,5.9,True
506236,4509,P01,MS-CLN-GEL150,2,22.0,4.4,44.0,39.6,False,4.8,9.6,True
506237,4509,P07,MS-MOI-SPF50,1,32.0,3.2,32.0,28.8,False,7.8,7.8,True
506238,4509,P04,MS-SER-HYA30,2,34.0,6.8,68.0,61.2,False,7.2,14.4,True
506239,4510,P10,MS-MSK-CLY100,1,26.0,2.6,26.0,23.4,False,6.0,6.0,True
506240,4511,P03,MS-SER-VTC30,1,38.0,5.7,38.0,32.3,False,8.5,8.5,True
506241,4511,P01,MS-CLN-GEL150,1,22.0,3.3,22.0,18.7,False,4.8,4.8,True
506242,4512,P03,MS-SER-VTC30,1,38.0,0.0,38.0,38.0,False,8.5,8.5,True
506243,4513,P01,MS-CLN-GEL150,2,22.0,0.0,44.0,44.0,False,4.8,9.6,True
506244,4514,P04,MS-SER-HYA30,1,34.0,3.4,34.0,30.6,False,7.2,7.2,True
506245,4514,P12,MS-SET-RTN3,1,88.0,8.8,88.0,79.2,False,21.1,21.1,True
506246,4514,P07,MS-MOI-SPF50,1,32.0,3.2,32.0,28.8,False,7.8,7.8,True
506247,4515,P02,MS-CLN-CRM150,1,24.0,0.0,24.0,24.0,False,5.4,5.4,True
506248,4515,P04,MS-SER-HYA30,2,34.0,0.0,68.0,68.0,False,7.2,14.4,True
506249,4516,P10,MS-MSK-CLY100,1,26.0,3.9,26.0,22.1,False,6.0,6.0,True
506250,4516,P01,MS-CLN-GEL150,1,22.0,3.3,22.0,18.7,False,4.8,4.8,True
506251,4517,P05,MS-SER-NIA30,1,29.0,4.35,29.0,24.65,False,5.9,5.9,True
506252,4517,P03,MS-SER-VTC30,1,38.0,5.7,38.0,32.3,False,8.5,8.5,True
506253,4517,P11,MS-BDY-LOT400,1,28.0,4.2,28.0,23.8,False,8.5,8.5,True
506254,4518,P03,MS-SER-VTC30,1,38.0,5.7,38.0,32.3,False,8.5,8.5,True
506255,4518,P12,MS-SET-RTN3,1,88.0,13.2,88.0,74.8,False,21.1,21.1,True
506256,4519,P07,MS-MOI-SPF50,1,32.0,0.0,32.0,32.0,False,7.8,7.8,True
506257,4519,P08,MS-MOI-BAR50,1,36.0,0.0,36.0,36.0,False,8.0,8.0,True
506258,4520,P08,MS-MOI-BAR50,1,36.0,0.0,36.0,36.0,False,8.0,8.0,True
506259,4520,P03,MS-SER-VTC30,1,38.0,0.0,38.0,38.0,False,8.5,8.5,True
506260,4521,P03,MS-SER-VTC30,1,38.0,0.0,38.0,38.0,False,8.5,8.5,True
506261,4522,P07,MS-MOI-SPF50,1,32.0,0.0,32.0,32.0,False,7.8,7.8,True
506262,4522,P05,MS-SER-NIA30,1,29.0,0.0,29.0,29.0,False,5.9,5.9,True
506263,4523,P05,MS-SER-NIA30,2,29.0,0.0,58.0,58.0,False,5.9,11.8,True
506264,4523,P06,MS-TRT-RET50,2,44.0,0.0,88.0,88.0,False,10.5,21.0,True
506265,4523,P04,MS-SER-HYA30,1,34.0,0.0,34.0,34.0,False,7.2,7.2,True
506266,4523,P12,MS-SET-RTN3,1,88.0,0.0,88.0,88.0,False,21.1,21.1,True
506267,4524,P10,MS-MSK-CLY100,1,26.0,3.9,26.0,22.1,False,6.0,6.0,True
506268,4524,P09,MS-EYE-015,2,30.0,9.0,60.0,51.0,False,7.5,15.0,True
506269,4524,P03,MS-SER-VTC30,1,38.0,5.7,38.0,32.3,False,8.5,8.5,True
506270,4525,P07,MS-MOI-SPF50,1,32.0,0.0,32.0,32.0,False,7.8,7.8,True
506271,4525,P10,MS-MSK-CLY100,1,26.0,0.0,26.0,26.0,False,6.0,6.0,True
506272,4526,P02,MS-CLN-CRM150,1,24.0,0.0,24.0,24.0,False,5.4,5.4,True
506273,4526,P03,MS-SER-VTC30,1,38.0,0.0,38.0,38.0,False,8.5,8.5,True
506274,4527,P10,MS-MSK-CLY100,1,26.0,0.0,26.0,26.0,False,6.0,6.0,True
506275,4528,P07,MS-MOI-SPF50,1,32.0,4.8,32.0,27.2,False,7.8,7.8,True
506276,4529,P12,MS-SET-RTN3,1,88.0,0.0,88.0,88.0,False,21.1,21.1,True
506277,4530,P09,MS-EYE-015,1,30.0,3.0,30.0,27.0,False,7.5,7.5,True
506278,4531,P11,MS-BDY-LOT400,1,28.0,0.0,28.0,28.0,False,8.5,8.5,True
506279,4531,P02,MS-CLN-CRM150,1,24.0,0.0,24.0,24.0,False,5.4,5.4,True
506280,4532,P06,MS-TRT-RET50,1,44.0,6.6,44.0,37.4,False,10.5,10.5,True
506281,4533,P06,MS-TRT-RET50,2,44.0,0.0,88.0,88.0,False,10.5,21.0,True
506282,4534,P01,MS-CLN-GEL150,1,22.0,3.3,22.0,18.7,False,4.8,4.8,True
506283,4535,P12,MS-SET-RTN3,1,88.0,0.0,88.0,88.0,False,21.1,21.1,True
506284,4536,P07,MS-MOI-SPF50,1,32.0,0.0,32.0,32.0,False,7.8,7.8,True
506285,4536,P01,MS-CLN-GEL150,1,22.0,0.0,22.0,22.0,False,4.8,4.8,True
506286,4537,P03,MS-SER-VTC30,1,38.0,0.0,38.0,38.0,False,8.5,8.5,True
506287,4537,P02,MS-CLN-CRM150,1,24.0,0.0,24.0,24.0,False,5.4,5.4,True
506288,4538,P05,MS-SER-NIA30,1,29.0,4.35,29.0,24.65,False,5.9,5.9,True
506289,4539,P07,MS-MOI-SPF50,1,32.0,4.8,32.0,27.2,False,7.8,7.8,True
506290,4539,P06,MS-TRT-RET50,2,44.0,13.2,88.0,74.8,False,10.5,21.0,True
506291,4540,P06,MS-TRT-RET50,1,44.0,0.0,44.0,44.0,False,10.5,10.5,True
506292,4541,P08,MS-MOI-BAR50,1,36.0,5.4,36.0,30.6,False,8.0,8.0,True
506293,4542,P03,MS-SER-VTC30,2,38.0,11.4,76.0,64.6,False,8.5,17.0,True
506294,4542,P04,MS-SER-HYA30,1,34.0,5.1,34.0,28.9,False,7.2,7.2,True
506295,4543,P03,MS-SER-VTC30,1,38.0,0.0,38.0,38.0,False,8.5,8.5,True
506296,4543,P07,MS-MOI-SPF50,1,32.0,0.0,32.0,32.0,False,7.8,7.8,True
506297,4544,P07,MS-MOI-SPF50,1,32.0,0.0,32.0,32.0,False,7.8,7.8,True
506298,4544,P05,MS-SER-NIA30,1,29.0,0.0,29.0,29.0,False,5.9,5.9,True
506299,4544,P08,MS-MOI-BAR50,1,36.0,0.0,36.0,36.0,False,8.0,8.0,True
506300,4544,P06,MS-TRT-RET50,1,44.0,0.0,44.0,44.0,False,10.5,10.5,True
506301,4545,P04,MS-SER-HYA30,1,34.0,0.0,34.0,34.0,False,7.2,7.2,True
506302,4546,P06,MS-TRT-RET50,1,44.0,0.0,44.0,44.0,False,10.5,10.5,True
506303,4546,P05,MS-SER-NIA30,1,29.0,0.0,29.0,29.0,False,5.9,5.9,True
506304,4547,P09,MS-EYE-015,2,30.0,0.0,60.0,60.0,False,7.5,15.0,True
506305,4548,P01,MS-CLN-GEL150,1,22.0,2.2,22.0,19.8,False,4.8,4.8,True
506306,4549,P12,MS-SET-RTN3,1,88.0,0.0,88.0,88.0,False,21.1,21.1,True
506307,4549,P04,MS-SER-HYA30,2,34.0,0.0,68.0,68.0,False,7.2,14.4,True
506308,4550,P03,MS-SER-VTC30,1,38.0,5.7,38.0,32.3,False,8.5,8.5,True
506309,4550,P04,MS-SER-HYA30,1,34.0,5.1,34.0,28.9,False,7.2,7.2,True
506310,4551,P08,MS-MOI-BAR50,1,36.0,3.6,36.0,32.4,False,8.0,8.0,True
506311,4552,P03,MS-SER-VTC30,1,38.0,0.0,38.0,38.0,False,8.5,8.5,True
506312,4553,P03,MS-SER-VTC30,1,38.0,5.7,38.0,32.3,False,8.5,8.5,True
506313,4554,P02,MS-CLN-CRM150,1,24.0,0.0,24.0,24.0,False,5.4,5.4,True
506314,4555,P04,MS-SER-HYA30,1,34.0,0.0,34.0,34.0,False,7.2,7.2,True
506315,4556,P11,MS-BDY-LOT400,1,28.0,0.0,28.0,28.0,False,8.5,8.5,True
506316,4556,P03,MS-SER-VTC30,1,38.0,0.0,38.0,38.0,False,8.5,8.5,True
506317,4556,P04,MS-SER-HYA30,1,34.0,0.0,34.0,34.0,False,7.2,7.2,True
506318,4557,P05,MS-SER-NIA30,2,29.0,8.7,58.0,49.3,False,5.9,11.8,True
506319,4557,P12,MS-SET-RTN3,1,88.0,13.2,88.0,74.8,False,21.1,21.1,True
506320,4558,P02,MS-CLN-CRM150,1,24.0,3.6,24.0,20.4,False,5.4,5.4,True
506321,4558,P03,MS-SER-VTC30,1,38.0,5.7,38.0,32.3,False,8.5,8.5,True
506322,4559,P05,MS-SER-NIA30,1,29.0,0.0,29.0,29.0,False,5.9,5.9,True
506323,4559,P11,MS-BDY-LOT400,1,28.0,0.0,28.0,28.0,False,8.5,8.5,True
506324,4559,P02,MS-CLN-CRM150,1,24.0,0.0,24.0,24.0,False,5.4,5.4,True
506325,4559,P04,MS-SER-HYA30,2,34.0,0.0,68.0,68.0,False,7.2,14.4,True
506326,4560,P11,MS-BDY-LOT400,2,28.0,0.0,56.0,56.0,False,8.5,17.0,True
506327,4561,P06,MS-TRT-RET50,2,44.0,13.2,88.0,74.8,False,10.5,21.0,True
506328,4561,P05,MS-SER-NIA30,1,29.0,4.35,29.0,24.65,False,5.9,5.9,True
506329,4562,P02,MS-CLN-CRM150,1,24.0,0.0,24.0,24.0,False,5.4,5.4,True
506330,4563,P04,MS-SER-HYA30,1,34.0,0.0,34.0,34.0,False,7.2,7.2,True
506331,4564,P03,MS-SER-VTC30,1,38.0,0.0,38.0,38.0,False,8.5,8.5,True
506332,4565,P04,MS-SER-HYA30,1,34.0,5.1,34.0,28.9,False,7.2,7.2,True
506333,4566,P07,MS-MOI-SPF50,1,32.0,0.0,32.0,32.0,False,7.8,7.8,True
506334,4566,P03,MS-SER-VTC30,1,38.0,0.0,38.0,38.0,False,8.5,8.5,True
506335,4567,P07,MS-MOI-SPF50,1,32.0,0.0,32.0,32.0,False,7.8,7.8,True
506336,4568,P07,MS-MOI-SPF50,1,32.0,0.0,32.0,32.0,False,7.8,7.8,True
506337,4569,P06,MS-TRT-RET50,1,44.0,0.0,44.0,44.0,False,10.5,10.5,True
506338,4570,P01,MS-CLN-GEL150,1,22.0,0.0,22.0,22.0,False,4.8,4.8,True
506339,4570,P03,MS-SER-VTC30,1,38.0,0.0,38.0,38.0,False,8.5,8.5,True
506340,4571,P06,MS-TRT-RET50,1,44.0,0.0,44.0,44.0,False,10.5,10.5,True
506341,4572,P03,MS-SER-VTC30,1,38.0,5.7,38.0,32.3,False,8.5,8.5,True
506342,4573,P01,MS-CLN-GEL150,1,22.0,5.17,22.0,16.83,False,4.8,4.8,True
506343,4574,P04,MS-SER-HYA30,1,34.0,0.0,34.0,34.0,False,7.2,7.2,True
506344,4575,P04,MS-SER-HYA30,1,34.0,5.1,34.0,28.9,False,7.2,7.2,True
506345,4576,P04,MS-SER-HYA30,2,34.0,0.0,68.0,68.0,False,7.2,14.4,True
506346,4577,P01,MS-CLN-GEL150,2,22.0,4.4,44.0,39.6,False,4.8,9.6,True
506347,4577,P05,MS-SER-NIA30,1,29.0,2.9,29.0,26.1,False,5.9,5.9,True
506348,4577,P03,MS-SER-VTC30,1,38.0,3.8,38.0,34.2,False,8.5,8.5,True
506349,4578,P03,MS-SER-VTC30,1,38.0,3.8,38.0,34.2,False,8.5,8.5,True
506350,4579,P09,MS-EYE-015,1,30.0,0.0,30.0,30.0,False,7.5,7.5,True
506351,4580,P04,MS-SER-HYA30,1,34.0,5.1,34.0,28.9,False,7.2,7.2,True
506352,4581,P05,MS-SER-NIA30,1,29.0,2.9,29.0,26.1,False,5.9,5.9,True
506353,4581,P01,MS-CLN-GEL150,1,22.0,2.2,22.0,19.8,False,4.8,4.8,True
506354,4582,P09,MS-EYE-015,1,30.0,3.0,30.0,27.0,False,7.5,7.5,True
506355,4582,P04,MS-SER-HYA30,1,34.0,3.4,34.0,30.6,False,7.2,7.2,True
506356,4583,P02,MS-CLN-CRM150,1,24.0,3.6,24.0,20.4,False,5.4,5.4,True
506357,4583,P05,MS-SER-NIA30,1,29.0,4.35,29.0,24.65,False,5.9,5.9,True
506358,4584,P03,MS-SER-VTC30,1,38.0,0.0,38.0,38.0,False,8.5,8.5,True
506359,4585,P10,MS-MSK-CLY100,1,26.0,0.0,26.0,26.0,False,6.0,6.0,True
506360,4586,P06,MS-TRT-RET50,1,44.0,0.0,44.0,44.0,False,10.5,10.5,True
506361,4587,P06,MS-TRT-RET50,1,44.0,0.0,44.0,44.0,False,10.5,10.5,True
506362,4587,P01,MS-CLN-GEL150,1,22.0,0.0,22.0,22.0,False,4.8,4.8,True
506363,4588,P09,MS-EYE-015,2,30.0,9.0,60.0,51.0,False,7.5,15.0,True
506364,4589,P03,MS-SER-VTC30,1,38.0,5.7,38.0,32.3,False,8.5,8.5,True
506365,4589,P05,MS-SER-NIA30,2,29.0,8.7,58.0,49.3,False,5.9,11.8,True
506366,4590,P04,MS-SER-HYA30,2,34.0,10.2,68.0,57.8,False,7.2,14.4,True
506367,4591,P11,MS-BDY-LOT400,1,28.0,0.0,28.0,28.0,False,8.5,8.5,True
506368,4591,P05,MS-SER-NIA30,1,29.0,0.0,29.0,29.0,False,5.9,5.9,True
506369,4592,P07,MS-MOI-SPF50,1,32.0,3.2,32.0,28.8,False,7.8,7.8,True
506370,4593,P02,MS-CLN-CRM150,1,24.0,3.6,24.0,20.4,False,5.4,5.4,True
506371,4594,P03,MS-SER-VTC30,1,38.0,0.0,38.0,38.0,False,8.5,8.5,True
506372,4595,P10,MS-MSK-CLY100,1,26.0,2.6,26.0,23.4,False,6.0,6.0,True
506373,4596,P10,MS-MSK-CLY100,1,26.0,3.9,26.0,22.1,False,6.0,6.0,True
506374,4597,P10,MS-MSK-CLY100,1,26.0,3.9,26.0,22.1,False,6.0,6.0,True
506375,4597,P06,MS-TRT-RET50,1,44.0,6.6,44.0,37.4,False,10.5,10.5,True
506376,4597,P03,MS-SER-VTC30,1,38.0,5.7,38.0,32.3,False,8.5,8.5,True
506377,4598,P03,MS-SER-VTC30,1,38.0,0.0,38.0,38.0,False,8.5,8.5,True
506378,4599,P04,MS-SER-HYA30,1,34.0,5.1,34.0,28.9,False,7.2,7.2,True
506379,4600,P12,MS-SET-RTN3,1,88.0,13.2,88.0,74.8,False,21.1,21.1,False
506380,4600,P03,MS-SER-VTC30,1,38.0,5.7,38.0,32.3,False,8.5,8.5,False
506381,4601,P04,MS-SER-HYA30,1,34.0,3.4,34.0,30.6,False,7.2,7.2,True
506382,4602,P08,MS-MOI-BAR50,1,36.0,0.0,36.0,36.0,False,8.0,8.0,True
506383,4603,P08,MS-MOI-BAR50,1,36.0,0.0,36.0,36.0,False,8.0,8.0,True
506384,4604,P10,MS-MSK-CLY100,1,26.0,0.0,26.0,26.0,False,6.0,6.0,True
506385,4605,P12,MS-SET-RTN3,1,88.0,13.2,88.0,74.8,False,21.1,21.1,True
506386,4605,P03,MS-SER-VTC30,1,38.0,5.7,38.0,32.3,False,8.5,8.5,True
506387,4606,P07,MS-MOI-SPF50,1,32.0,0.0,32.0,32.0,False,7.8,7.8,True
506388,4607,P11,MS-BDY-LOT400,2,28.0,0.0,56.0,56.0,False,8.5,17.0,True
506389,4608,P05,MS-SER-NIA30,1,29.0,4.35,29.0,24.65,False,5.9,5.9,True
506390,4608,P04,MS-SER-HYA30,1,34.0,5.1,34.0,28.9,False,7.2,7.2,True
506391,4609,P01,MS-CLN-GEL150,1,22.0,0.0,22.0,22.0,False,4.8,4.8,True
506392,4610,P05,MS-SER-NIA30,1,29.0,0.0,29.0,29.0,False,5.9,5.9,True
506393,4611,P08,MS-MOI-BAR50,1,36.0,0.0,36.0,36.0,False,8.0,8.0,True
506394,4611,P05,MS-SER-NIA30,1,29.0,0.0,29.0,29.0,False,5.9,5.9,True
506395,4612,P02,MS-CLN-CRM150,1,24.0,0.0,24.0,24.0,False,5.4,5.4,True
506396,4613,P08,MS-MOI-BAR50,1,36.0,5.4,36.0,30.6,False,8.0,8.0,True
506397,4613,P01,MS-CLN-GEL150,1,22.0,3.3,22.0,18.7,False,4.8,4.8,True
506398,4614,P12,MS-SET-RTN3,1,88.0,13.2,88.0,74.8,False,21.1,21.1,True
506399,4614,P03,MS-SER-VTC30,2,38.0,11.4,76.0,64.6,False,8.5,17.0,True
506400,4615,P06,MS-TRT-RET50,1,44.0,0.0,44.0,44.0,False,10.5,10.5,True
506401,4615,P03,MS-SER-VTC30,1,38.0,0.0,38.0,38.0,False,8.5,8.5,True
506402,4616,P06,MS-TRT-RET50,1,44.0,0.0,44.0,44.0,False,10.5,10.5,True
506403,4616,P05,MS-SER-NIA30,1,29.0,0.0,29.0,29.0,False,5.9,5.9,True
506404,4617,P04,MS-SER-HYA30,1,34.0,5.1,34.0,28.9,False,7.2,7.2,True
506405,4618,P09,MS-EYE-015,1,30.0,3.6,30.0,26.4,False,7.5,7.5,True
506406,4618,P04,MS-SER-HYA30,1,34.0,4.08,34.0,29.92,False,7.2,7.2,True
506407,4618,P03,MS-SER-VTC30,2,38.0,9.12,76.0,66.88,False,8.5,17.0,True
506408,4619,P03,MS-SER-VTC30,1,38.0,5.7,38.0,32.3,False,8.5,8.5,True
506409,4620,P05,MS-SER-NIA30,1,29.0,0.0,29.0,29.0,False,5.9,5.9,True
506410,4621,P01,MS-CLN-GEL150,1,22.0,0.0,22.0,22.0,False,4.8,4.8,True
506411,4621,P03,MS-SER-VTC30,1,38.0,0.0,38.0,38.0,False,8.5,8.5,True
506412,4622,P06,MS-TRT-RET50,1,44.0,0.0,44.0,44.0,False,10.5,10.5,True
506413,4623,P01,MS-CLN-GEL150,2,22.0,0.0,44.0,44.0,False,4.8,9.6,True
506414,4624,P04,MS-SER-HYA30,1,34.0,0.0,34.0,34.0,False,7.2,7.2,True
506415,4625,P05,MS-SER-NIA30,1,29.0,0.0,29.0,29.0,False,5.9,5.9,True
506416,4625,P06,MS-TRT-RET50,1,44.0,0.0,44.0,44.0,False,10.5,10.5,True
506417,4626,P07,MS-MOI-SPF50,2,32.0,0.0,64.0,64.0,False,7.8,15.6,True
506418,4627,P03,MS-SER-VTC30,1,38.0,0.0,38.0,38.0,False,8.5,8.5,True
506419,4628,P04,MS-SER-HYA30,1,34.0,0.0,34.0,34.0,False,7.2,7.2,True
506420,4628,P05,MS-SER-NIA30,1,29.0,0.0,29.0,29.0,False,5.9,5.9,True
506421,4628,P07,MS-MOI-SPF50,2,32.0,0.0,64.0,64.0,False,7.8,15.6,True
506422,4629,P08,MS-MOI-BAR50,1,36.0,0.0,36.0,36.0,False,8.0,8.0,True
506423,4630,P01,MS-CLN-GEL150,1,22.0,0.0,22.0,22.0,False,4.8,4.8,True
506424,4631,P03,MS-SER-VTC30,1,38.0,5.7,38.0,32.3,False,8.5,8.5,True
506425,4632,P02,MS-CLN-CRM150,1,24.0,0.0,24.0,24.0,False,5.4,5.4,True
506426,4632,P03,MS-SER-VTC30,1,38.0,0.0,38.0,38.0,False,8.5,8.5,True
506427,4632,P01,MS-CLN-GEL150,2,22.0,0.0,44.0,44.0,False,4.8,9.6,True
506428,4633,P08,MS-MOI-BAR50,1,36.0,0.0,36.0,36.0,False,8.0,8.0,True
506429,4633,P09,MS-EYE-015,2,30.0,0.0,60.0,60.0,False,7.5,15.0,True
506430,4633,P01,MS-CLN-GEL150,1,22.0,0.0,22.0,22.0,False,4.8,4.8,True
506431,4634,P03,MS-SER-VTC30,2,38.0,0.0,76.0,76.0,False,8.5,17.0,True
506432,4635,P03,MS-SER-VTC30,1,38.0,3.8,38.0,34.2,False,8.5,8.5,True
506433,4636,P09,MS-EYE-015,2,30.0,0.0,60.0,60.0,False,7.5,15.0,True
506434,4637,P03,MS-SER-VTC30,1,38.0,0.0,38.0,38.0,False,8.5,8.5,True
506435,4637,P01,MS-CLN-GEL150,1,22.0,0.0,22.0,22.0,False,4.8,4.8,True
506436,4638,P07,MS-MOI-SPF50,2,32.0,0.0,64.0,64.0,False,7.8,15.6,True
506437,4638,P05,MS-SER-NIA30,1,29.0,0.0,29.0,29.0,False,5.9,5.9,True
506438,4639,P07,MS-MOI-SPF50,1,32.0,0.0,32.0,32.0,False,7.8,7.8,True
506439,4640,P02,MS-CLN-CRM150,1,24.0,3.6,24.0,20.4,False,5.4,5.4,True
506440,4641,P06,MS-TRT-RET50,1,44.0,0.0,44.0,44.0,False,10.5,10.5,True
506441,4642,P06,MS-TRT-RET50,1,44.0,0.0,44.0,44.0,False,10.5,10.5,True
506442,4642,P07,MS-MOI-SPF50,1,32.0,0.0,32.0,32.0,False,7.8,7.8,True
506443,4643,P04,MS-SER-HYA30,1,34.0,3.4,34.0,30.6,False,7.2,7.2,True
506444,4644,P06,MS-TRT-RET50,2,44.0,0.0,88.0,88.0,False,10.5,21.0,True
506445,4644,P08,MS-MOI-BAR50,1,36.0,0.0,36.0,36.0,False,8.0,8.0,True
506446,4645,P07,MS-MOI-SPF50,1,32.0,3.2,32.0,28.8,False,7.8,7.8,True
506447,4645,P02,MS-CLN-CRM150,2,24.0,4.8,48.0,43.2,False,5.4,10.8,True
506448,4646,P11,MS-BDY-LOT400,1,28.0,0.0,28.0,28.0,False,8.5,8.5,True
506449,4647,P02,MS-CLN-CRM150,1,24.0,2.4,24.0,21.6,False,5.4,5.4,True
506450,4648,P04,MS-SER-HYA30,1,34.0,0.0,34.0,34.0,False,7.2,7.2,True
506451,4649,P01,MS-CLN-GEL150,2,22.0,0.0,44.0,44.0,False,4.8,9.6,True
506452,4649,P06,MS-TRT-RET50,1,44.0,0.0,44.0,44.0,False,10.5,10.5,True
506453,4650,P03,MS-SER-VTC30,1,38.0,0.0,38.0,38.0,False,8.5,8.5,True
506454,4651,P07,MS-MOI-SPF50,1,32.0,4.8,32.0,27.2,False,7.8,7.8,True
506455,4652,P12,MS-SET-RTN3,1,88.0,0.0,88.0,88.0,False,21.1,21.1,True
506456,4653,P03,MS-SER-VTC30,1,38.0,0.0,38.0,38.0,False,8.5,8.5,True
506457,4653,P07,MS-MOI-SPF50,1,32.0,0.0,32.0,32.0,False,7.8,7.8,True
506458,4653,P01,MS-CLN-GEL150,1,22.0,0.0,22.0,22.0,False,4.8,4.8,True
506459,4653,P05,MS-SER-NIA30,1,29.0,0.0,29.0,29.0,False,5.9,5.9,True
506460,4654,P01,MS-CLN-GEL150,1,22.0,3.3,22.0,18.7,False,4.8,4.8,True
506461,4655,P04,MS-SER-HYA30,1,34.0,0.0,34.0,34.0,False,7.2,7.2,True
506462,4655,P02,MS-CLN-CRM150,1,24.0,0.0,24.0,24.0,False,5.4,5.4,True
506463,4656,P02,MS-CLN-CRM150,2,24.0,0.0,48.0,48.0,False,5.4,10.8,False
506464,4657,P08,MS-MOI-BAR50,2,36.0,7.2,72.0,64.8,False,8.0,16.0,True
506465,4658,P04,MS-SER-HYA30,2,34.0,6.8,68.0,61.2,False,7.2,14.4,True
506466,4658,P01,MS-CLN-GEL150,1,22.0,2.2,22.0,19.8,False,4.8,4.8,True
506467,4658,P07,MS-MOI-SPF50,1,32.0,3.2,32.0,28.8,False,7.8,7.8,True
506468,4659,P03,MS-SER-VTC30,2,38.0,0.0,76.0,76.0,False,8.5,17.0,True
506469,4659,P07,MS-MOI-SPF50,1,32.0,0.0,32.0,32.0,False,7.8,7.8,True
506470,4660,P08,MS-MOI-BAR50,1,36.0,0.0,36.0,36.0,False,8.0,8.0,True
506471,4660,P06,MS-TRT-RET50,1,44.0,0.0,44.0,44.0,False,10.5,10.5,True
506472,4661,P01,MS-CLN-GEL150,1,22.0,3.3,22.0,18.7,False,4.8,4.8,True
506473,4661,P04,MS-SER-HYA30,1,34.0,5.1,34.0,28.9,False,7.2,7.2,True
506474,4662,P02,MS-CLN-CRM150,1,24.0,0.0,24.0,24.0,False,5.4,5.4,True
506475,4663,P01,MS-CLN-GEL150,1,22.0,0.0,22.0,22.0,False,4.8,4.8,True
506476,4663,P04,MS-SER-HYA30,1,34.0,0.0,34.0,34.0,False,7.2,7.2,True
506477,4664,P01,MS-CLN-GEL150,1,22.0,3.3,22.0,18.7,False,4.8,4.8,True
506478,4664,P07,MS-MOI-SPF50,1,32.0,4.8,32.0,27.2,False,7.8,7.8,True
506479,4665,P01,MS-CLN-GEL150,1,22.0,0.0,22.0,22.0,False,4.8,4.8,True
506480,4665,P05,MS-SER-NIA30,1,29.0,0.0,29.0,29.0,False,5.9,5.9,True
506481,4666,P05,MS-SER-NIA30,1,29.0,0.0,29.0,29.0,False,5.9,5.9,True
506482,4667,P07,MS-MOI-SPF50,1,32.0,4.8,32.0,27.2,False,7.8,7.8,True
506483,4668,P02,MS-CLN-CRM150,1,24.0,3.6,24.0,20.4,False,5.4,5.4,True
506484,4669,P07,MS-MOI-SPF50,1,32.0,0.0,32.0,32.0,False,7.8,7.8,True
506485,4669,P04,MS-SER-HYA30,2,34.0,0.0,68.0,68.0,False,7.2,14.4,True
506486,4669,P02,MS-CLN-CRM150,1,24.0,0.0,24.0,24.0,False,5.4,5.4,True
506487,4670,P11,MS-BDY-LOT400,1,28.0,4.2,28.0,23.8,False,8.5,8.5,True
506488,4671,P05,MS-SER-NIA30,1,29.0,4.35,29.0,24.65,False,5.9,5.9,True
506489,4671,P04,MS-SER-HYA30,1,34.0,5.1,34.0,28.9,False,7.2,7.2,True
506490,4672,P07,MS-MOI-SPF50,1,32.0,0.0,32.0,32.0,False,7.8,7.8,True
506491,4673,P11,MS-BDY-LOT400,2,28.0,0.0,56.0,56.0,False,8.5,17.0,True
506492,4674,P05,MS-SER-NIA30,1,29.0,0.0,29.0,29.0,False,5.9,5.9,True
506493,4674,P09,MS-EYE-015,1,30.0,0.0,30.0,30.0,False,7.5,7.5,True
506494,4674,P03,MS-SER-VTC30,1,38.0,0.0,38.0,38.0,False,8.5,8.5,True
506495,4675,P04,MS-SER-HYA30,1,34.0,3.4,34.0,30.6,False,7.2,7.2,True
506496,4676,P12,MS-SET-RTN3,1,88.0,13.2,88.0,74.8,False,21.1,21.1,True
506497,4677,P09,MS-EYE-015,1,30.0,0.0,30.0,30.0,False,7.5,7.5,True
506498,4677,P07,MS-MOI-SPF50,1,32.0,0.0,32.0,32.0,False,7.8,7.8,True
506499,4678,P01,MS-CLN-GEL150,1,22.0,3.3,22.0,18.7,False,4.8,4.8,True
506500,4678,P11,MS-BDY-LOT400,1,28.0,4.2,28.0,23.8,False,8.5,8.5,True
506501,4679,P03,MS-SER-VTC30,1,38.0,3.8,38.0,34.2,False,8.5,8.5,True
506502,4679,P05,MS-SER-NIA30,1,29.0,2.9,29.0,26.1,False,5.9,5.9,True
506503,4680,P10,MS-MSK-CLY100,1,26.0,0.0,26.0,26.0,False,6.0,6.0,True
506504,4681,P08,MS-MOI-BAR50,1,36.0,0.0,36.0,36.0,False,8.0,8.0,True
506505,4682,P03,MS-SER-VTC30,1,38.0,0.0,38.0,38.0,False,8.5,8.5,True
506506,4683,P01,MS-CLN-GEL150,1,22.0,0.0,22.0,22.0,False,4.8,4.8,True
506507,4684,P09,MS-EYE-015,1,30.0,4.5,30.0,25.5,False,7.5,7.5,True
506508,4685,P07,MS-MOI-SPF50,1,32.0,3.2,32.0,28.8,False,7.8,7.8,True
506509,4685,P01,MS-CLN-GEL150,1,22.0,2.2,22.0,19.8,False,4.8,4.8,True
506510,4686,P02,MS-CLN-CRM150,1,24.0,0.0,24.0,24.0,False,5.4,5.4,True
506511,4687,P10,MS-MSK-CLY100,1,26.0,2.6,26.0,23.4,False,6.0,6.0,True
506512,4688,P09,MS-EYE-015,1,30.0,4.5,30.0,25.5,False,7.5,7.5,True
506513,4688,P07,MS-MOI-SPF50,1,32.0,4.8,32.0,27.2,False,7.8,7.8,True
506514,4689,P02,MS-CLN-CRM150,1,24.0,0.0,24.0,24.0,False,5.4,5.4,True
506515,4689,P06,MS-TRT-RET50,2,44.0,0.0,88.0,88.0,False,10.5,21.0,True
506516,4689,P04,MS-SER-HYA30,1,34.0,0.0,34.0,34.0,False,7.2,7.2,True
506517,4689,P10,MS-MSK-CLY100,1,26.0,0.0,26.0,26.0,False,6.0,6.0,True
506518,4690,P08,MS-MOI-BAR50,2,36.0,0.0,72.0,72.0,False,8.0,16.0,True
506519,4690,P01,MS-CLN-GEL150,1,22.0,0.0,22.0,22.0,False,4.8,4.8,True
506520,4691,P02,MS-CLN-CRM150,2,24.0,0.0,48.0,48.0,False,5.4,10.8,True
506521,4692,P01,MS-CLN-GEL150,1,22.0,3.3,22.0,18.7,False,4.8,4.8,True
506522,4693,P07,MS-MOI-SPF50,1,32.0,4.8,32.0,27.2,False,7.8,7.8,True
506523,4694,P07,MS-MOI-SPF50,1,32.0,3.84,32.0,28.16,False,7.8,7.8,True
506524,4694,P10,MS-MSK-CLY100,1,26.0,3.12,26.0,22.88,False,6.0,6.0,True
506525,4695,P04,MS-SER-HYA30,1,34.0,5.1,34.0,28.9,False,7.2,7.2,False
506526,4695,P03,MS-SER-VTC30,1,38.0,5.7,38.0,32.3,False,8.5,8.5,False
506527,4695,P10,MS-MSK-CLY100,2,26.0,7.8,52.0,44.2,False,6.0,12.0,False
506528,4696,P01,MS-CLN-GEL150,1,22.0,0.0,22.0,22.0,False,4.8,4.8,True
506529,4696,P07,MS-MOI-SPF50,1,32.0,0.0,32.0,32.0,False,7.8,7.8,True
506530,4696,P10,MS-MSK-CLY100,1,26.0,0.0,26.0,26.0,False,6.0,6.0,True
506531,4697,P08,MS-MOI-BAR50,2,36.0,0.0,72.0,72.0,False,8.0,16.0,True
506532,4698,P04,MS-SER-HYA30,1,34.0,0.0,34.0,34.0,False,7.2,7.2,True
506533,4699,P04,MS-SER-HYA30,1,34.0,5.1,34.0,28.9,False,7.2,7.2,True
506534,4699,P08,MS-MOI-BAR50,1,36.0,5.4,36.0,30.6,False,8.0,8.0,True
506535,4700,P01,MS-CLN-GEL150,1,22.0,0.0,22.0,22.0,False,4.8,4.8,True
506536,4701,P10,MS-MSK-CLY100,1,26.0,0.0,26.0,26.0,False,6.0,6.0,True
506537,4702,P05,MS-SER-NIA30,1,29.0,0.0,29.0,29.0,False,5.9,5.9,True
506538,4702,P02,MS-CLN-CRM150,1,24.0,0.0,24.0,24.0,False,5.4,5.4,True
506539,4703,P11,MS-BDY-LOT400,1,28.0,2.8,28.0,25.2,False,8.5,8.5,True
506540,4703,P07,MS-MOI-SPF50,1,32.0,3.2,32.0,28.8,False,7.8,7.8,True
506541,4703,P12,MS-SET-RTN3,1,88.0,8.8,88.0,79.2,False,21.1,21.1,True
506542,4704,P03,MS-SER-VTC30,1,38.0,5.7,38.0,32.3,False,8.5,8.5,True
506543,4705,P03,MS-SER-VTC30,1,38.0,0.0,38.0,38.0,False,8.5,8.5,True
506544,4706,P07,MS-MOI-SPF50,1,32.0,0.0,32.0,32.0,False,7.8,7.8,True
506545,4707,P03,MS-SER-VTC30,1,38.0,5.7,38.0,32.3,False,8.5,8.5,True
506546,4707,P11,MS-BDY-LOT400,1,28.0,4.2,28.0,23.8,False,8.5,8.5,True
506547,4707,P12,MS-SET-RTN3,1,88.0,13.2,88.0,74.8,False,21.1,21.1,True
506548,4707,P01,MS-CLN-GEL150,1,22.0,3.3,22.0,18.7,False,4.8,4.8,True
506549,4708,P03,MS-SER-VTC30,1,38.0,0.0,38.0,38.0,False,8.5,8.5,True
506550,4709,P03,MS-SER-VTC30,1,38.0,0.0,38.0,38.0,False,8.5,8.5,True
506551,4710,P07,MS-MOI-SPF50,2,32.0,6.4,64.0,57.6,False,7.8,15.6,True
506552,4710,P02,MS-CLN-CRM150,1,24.0,2.4,24.0,21.6,False,5.4,5.4,True
506553,4711,P06,MS-TRT-RET50,1,44.0,0.0,44.0,44.0,False,10.5,10.5,True
506554,4712,P07,MS-MOI-SPF50,1,32.0,4.8,32.0,27.2,False,7.8,7.8,True
506555,4713,P08,MS-MOI-BAR50,1,36.0,0.0,36.0,36.0,False,8.0,8.0,True
506556,4714,P04,MS-SER-HYA30,1,34.0,5.1,34.0,28.9,False,7.2,7.2,True
506557,4715,P04,MS-SER-HYA30,1,34.0,0.0,34.0,34.0,False,7.2,7.2,True
506558,4715,P02,MS-CLN-CRM150,1,24.0,0.0,24.0,24.0,False,5.4,5.4,True
506559,4716,P04,MS-SER-HYA30,1,34.0,5.1,34.0,28.9,False,7.2,7.2,True
506560,4717,P12,MS-SET-RTN3,1,88.0,0.0,88.0,88.0,False,21.1,21.1,True
506561,4718,P10,MS-MSK-CLY100,1,26.0,0.0,26.0,26.0,False,6.0,6.0,True
506562,4718,P04,MS-SER-HYA30,1,34.0,0.0,34.0,34.0,False,7.2,7.2,True
506563,4718,P06,MS-TRT-RET50,1,44.0,0.0,44.0,44.0,False,10.5,10.5,True
506564,4719,P01,MS-CLN-GEL150,1,22.0,2.2,22.0,19.8,False,4.8,4.8,True
506565,4720,P03,MS-SER-VTC30,1,38.0,0.0,38.0,38.0,False,8.5,8.5,True
506566,4721,P05,MS-SER-NIA30,1,29.0,4.35,29.0,24.65,False,5.9,5.9,True
506567,4722,P04,MS-SER-HYA30,2,34.0,0.0,68.0,68.0,False,7.2,14.4,True
506568,4723,P07,MS-MOI-SPF50,1,32.0,0.0,32.0,32.0,False,7.8,7.8,True
506569,4723,P12,MS-SET-RTN3,1,88.0,0.0,88.0,88.0,False,21.1,21.1,True
506570,4724,P09,MS-EYE-015,1,30.0,0.0,30.0,30.0,False,7.5,7.5,True
506571,4724,P11,MS-BDY-LOT400,1,28.0,0.0,28.0,28.0,False,8.5,8.5,True
506572,4725,P03,MS-SER-VTC30,1,38.0,0.0,38.0,38.0,False,8.5,8.5,True
506573,4725,P12,MS-SET-RTN3,1,88.0,0.0,88.0,88.0,False,21.1,21.1,True
506574,4726,P07,MS-MOI-SPF50,1,32.0,0.0,32.0,32.0,False,7.8,7.8,True
506575,4726,P04,MS-SER-HYA30,1,34.0,0.0,34.0,34.0,False,7.2,7.2,True
506576,4727,P12,MS-SET-RTN3,1,88.0,0.0,88.0,88.0,False,21.1,21.1,True
506577,4728,P08,MS-MOI-BAR50,1,36.0,5.4,36.0,30.6,False,8.0,8.0,True
506578,4729,P03,MS-SER-VTC30,1,38.0,0.0,38.0,38.0,False,8.5,8.5,True
506579,4729,P07,MS-MOI-SPF50,1,32.0,0.0,32.0,32.0,False,7.8,7.8,True
506580,4730,P03,MS-SER-VTC30,1,38.0,0.0,38.0,38.0,False,8.5,8.5,True
506581,4730,P10,MS-MSK-CLY100,1,26.0,0.0,26.0,26.0,False,6.0,6.0,True
506582,4731,P08,MS-MOI-BAR50,1,36.0,0.0,36.0,36.0,False,8.0,8.0,True
506583,4732,P02,MS-CLN-CRM150,2,24.0,0.0,48.0,48.0,False,5.4,10.8,True
506584,4733,P05,MS-SER-NIA30,1,29.0,2.9,29.0,26.1,False,5.9,5.9,True
506585,4733,P07,MS-MOI-SPF50,1,32.0,3.2,32.0,28.8,False,7.8,7.8,True
506586,4734,P10,MS-MSK-CLY100,1,26.0,0.0,26.0,26.0,False,6.0,6.0,True
506587,4735,P05,MS-SER-NIA30,1,29.0,0.0,29.0,29.0,False,5.9,5.9,True
506588,4736,P12,MS-SET-RTN3,1,88.0,0.0,88.0,88.0,False,21.1,21.1,True
506589,4737,P04,MS-SER-HYA30,1,34.0,0.0,34.0,34.0,False,7.2,7.2,True
506590,4737,P08,MS-MOI-BAR50,1,36.0,0.0,36.0,36.0,False,8.0,8.0,True
506591,4738,P12,MS-SET-RTN3,1,88.0,13.2,88.0,74.8,False,21.1,21.1,True
506592,4738,P08,MS-MOI-BAR50,1,36.0,5.4,36.0,30.6,False,8.0,8.0,True
506593,4739,P08,MS-MOI-BAR50,2,36.0,10.8,72.0,61.2,False,8.0,16.0,True
506594,4740,P02,MS-CLN-CRM150,1,24.0,0.0,24.0,24.0,False,5.4,5.4,True
506595,4740,P04,MS-SER-HYA30,1,34.0,0.0,34.0,34.0,False,7.2,7.2,True
506596,4740,P05,MS-SER-NIA30,2,29.0,0.0,58.0,58.0,False,5.9,11.8,True
506597,4741,P04,MS-SER-HYA30,1,34.0,0.0,34.0,34.0,False,7.2,7.2,True
506598,4741,P09,MS-EYE-015,2,30.0,0.0,60.0,60.0,False,7.5,15.0,True
506599,4742,P09,MS-EYE-015,1,30.0,4.5,30.0,25.5,False,7.5,7.5,True
506600,4743,P04,MS-SER-HYA30,1,34.0,5.1,34.0,28.9,False,7.2,7.2,True
506601,4744,P03,MS-SER-VTC30,1,38.0,0.0,38.0,38.0,False,8.5,8.5,True
506602,4745,P03,MS-SER-VTC30,1,38.0,5.7,38.0,32.3,False,8.5,8.5,True
506603,4746,P07,MS-MOI-SPF50,1,32.0,4.8,32.0,27.2,False,7.8,7.8,True
506604,4746,P08,MS-MOI-BAR50,1,36.0,5.4,36.0,30.6,False,8.0,8.0,True
506605,4746,P06,MS-TRT-RET50,2,44.0,13.2,88.0,74.8,False,10.5,21.0,True
506606,4747,P04,MS-SER-HYA30,1,34.0,0.0,34.0,34.0,False,7.2,7.2,True
506607,4748,P04,MS-SER-HYA30,1,34.0,0.0,34.0,34.0,False,7.2,7.2,True
506608,4748,P02,MS-CLN-CRM150,1,24.0,0.0,24.0,24.0,False,5.4,5.4,True
506609,4749,P03,MS-SER-VTC30,2,38.0,7.6,76.0,68.4,False,8.5,17.0,False
506610,4749,P05,MS-SER-NIA30,1,29.0,2.9,29.0,26.1,False,5.9,5.9,False
506611,4749,P11,MS-BDY-LOT400,1,28.0,2.8,28.0,25.2,False,8.5,8.5,False
506612,4750,P09,MS-EYE-015,1,30.0,4.5,30.0,25.5,False,7.5,7.5,True
506613,4750,P12,MS-SET-RTN3,1,88.0,13.2,88.0,74.8,False,21.1,21.1,True
506614,4750,P03,MS-SER-VTC30,1,38.0,5.7,38.0,32.3,False,8.5,8.5,True
506615,4751,P03,MS-SER-VTC30,1,38.0,3.8,38.0,34.2,False,8.5,8.5,True
506616,4751,P07,MS-MOI-SPF50,2,32.0,6.4,64.0,57.6,False,7.8,15.6,True
506617,4752,P07,MS-MOI-SPF50,1,32.0,0.0,32.0,32.0,False,7.8,7.8,True
506618,4752,P04,MS-SER-HYA30,1,34.0,0.0,34.0,34.0,False,7.2,7.2,True
506619,4753,P03,MS-SER-VTC30,1,38.0,3.8,38.0,34.2,False,8.5,8.5,True
506620,4754,P05,MS-SER-NIA30,1,29.0,0.0,29.0,29.0,False,5.9,5.9,True
506621,4755,P01,MS-CLN-GEL150,1,22.0,0.0,22.0,22.0,False,4.8,4.8,True
506622,4755,P09,MS-EYE-015,2,30.0,0.0,60.0,60.0,False,7.5,15.0,True
506623,4756,P05,MS-SER-NIA30,1,29.0,4.35,29.0,24.65,False,5.9,5.9,True
506624,4756,P03,MS-SER-VTC30,2,38.0,11.4,76.0,64.6,False,8.5,17.0,True
506625,4756,P12,MS-SET-RTN3,1,88.0,13.2,88.0,74.8,False,21.1,21.1,True
506626,4757,P07,MS-MOI-SPF50,1,32.0,0.0,32.0,32.0,False,7.8,7.8,True
506627,4758,P01,MS-CLN-GEL150,1,22.0,0.0,22.0,22.0,False,4.8,4.8,True
506628,4759,P04,MS-SER-HYA30,1,34.0,0.0,34.0,34.0,False,7.2,7.2,True
506629,4759,P08,MS-MOI-BAR50,1,36.0,0.0,36.0,36.0,False,8.0,8.0,True
506630,4759,P01,MS-CLN-GEL150,1,22.0,0.0,22.0,22.0,False,4.8,4.8,True
506631,4760,P06,MS-TRT-RET50,1,44.0,0.0,44.0,44.0,False,10.5,10.5,True
506632,4761,P04,MS-SER-HYA30,1,34.0,0.0,34.0,34.0,False,7.2,7.2,True
506633,4761,P10,MS-MSK-CLY100,2,26.0,0.0,52.0,52.0,False,6.0,12.0,True
506634,4762,P11,MS-BDY-LOT400,1,28.0,0.0,28.0,28.0,False,8.5,8.5,True
506635,4763,P02,MS-CLN-CRM150,1,24.0,0.0,24.0,24.0,False,5.4,5.4,True
506636,4763,P03,MS-SER-VTC30,2,38.0,0.0,76.0,76.0,False,8.5,17.0,True
506637,4763,P12,MS-SET-RTN3,1,88.0,0.0,88.0,88.0,False,21.1,21.1,True
506638,4764,P02,MS-CLN-CRM150,1,24.0,3.6,24.0,20.4,False,5.4,5.4,True
506639,4764,P05,MS-SER-NIA30,1,29.0,4.35,29.0,24.65,False,5.9,5.9,True
506640,4765,P07,MS-MOI-SPF50,2,32.0,0.0,64.0,64.0,False,7.8,15.6,True
506641,4766,P07,MS-MOI-SPF50,1,32.0,0.0,32.0,32.0,False,7.8,7.8,True
506642,4767,P08,MS-MOI-BAR50,1,36.0,5.4,36.0,30.6,False,8.0,8.0,True
506643,4767,P09,MS-EYE-015,1,30.0,4.5,30.0,25.5,False,7.5,7.5,True
506644,4768,P05,MS-SER-NIA30,1,29.0,4.35,29.0,24.65,False,5.9,5.9,True
506645,4769,P01,MS-CLN-GEL150,1,22.0,3.3,22.0,18.7,False,4.8,4.8,True
506646,4770,P04,MS-SER-HYA30,1,34.0,5.1,34.0,28.9,False,7.2,7.2,True
506647,4770,P10,MS-MSK-CLY100,1,26.0,3.9,26.0,22.1,False,6.0,6.0,True
506648,4771,P01,MS-CLN-GEL150,1,22.0,0.0,22.0,22.0,False,4.8,4.8,True
506649,4771,P03,MS-SER-VTC30,1,38.0,0.0,38.0,38.0,False,8.5,8.5,True
506650,4772,P05,MS-SER-NIA30,2,29.0,0.0,58.0,58.0,False,5.9,11.8,True
506651,4773,P03,MS-SER-VTC30,1,38.0,0.0,38.0,38.0,False,8.5,8.5,True
506652,4773,P11,MS-BDY-LOT400,1,28.0,0.0,28.0,28.0,False,8.5,8.5,True
506653,4774,P10,MS-MSK-CLY100,1,26.0,0.0,26.0,26.0,False,6.0,6.0,True
506654,4774,P07,MS-MOI-SPF50,1,32.0,0.0,32.0,32.0,False,7.8,7.8,True
506655,4775,P02,MS-CLN-CRM150,1,24.0,0.0,24.0,24.0,False,5.4,5.4,True
506656,4775,P07,MS-MOI-SPF50,1,32.0,0.0,32.0,32.0,False,7.8,7.8,True
506657,4776,P03,MS-SER-VTC30,1,38.0,0.0,38.0,38.0,False,8.5,8.5,True
506658,4776,P05,MS-SER-NIA30,1,29.0,0.0,29.0,29.0,False,5.9,5.9,True
506659,4777,P04,MS-SER-HYA30,2,34.0,0.0,68.0,68.0,False,7.2,14.4,True
506660,4777,P12,MS-SET-RTN3,1,88.0,0.0,88.0,88.0,False,21.1,21.1,True
506661,4778,P11,MS-BDY-LOT400,1,28.0,2.8,28.0,25.2,False,8.5,8.5,True
506662,4779,P03,MS-SER-VTC30,1,38.0,0.0,38.0,38.0,False,8.5,8.5,True
506663,4779,P11,MS-BDY-LOT400,2,28.0,0.0,56.0,56.0,False,8.5,17.0,True
506664,4779,P07,MS-MOI-SPF50,1,32.0,0.0,32.0,32.0,False,7.8,7.8,True
506665,4780,P11,MS-BDY-LOT400,1,28.0,0.0,28.0,28.0,False,8.5,8.5,True
506666,4780,P01,MS-CLN-GEL150,1,22.0,0.0,22.0,22.0,False,4.8,4.8,True
506667,4781,P08,MS-MOI-BAR50,1,36.0,0.0,36.0,36.0,False,8.0,8.0,True
506668,4782,P01,MS-CLN-GEL150,1,22.0,3.3,22.0,18.7,False,4.8,4.8,True
506669,4783,P05,MS-SER-NIA30,1,29.0,0.0,29.0,29.0,False,5.9,5.9,True
506670,4784,P12,MS-SET-RTN3,1,88.0,0.0,88.0,88.0,False,21.1,21.1,True
506671,4784,P03,MS-SER-VTC30,2,38.0,0.0,76.0,76.0,False,8.5,17.0,True
506672,4784,P07,MS-MOI-SPF50,1,32.0,0.0,32.0,32.0,False,7.8,7.8,True
506673,4785,P10,MS-MSK-CLY100,1,26.0,0.0,26.0,26.0,False,6.0,6.0,True
506674,4785,P12,MS-SET-RTN3,1,88.0,0.0,88.0,88.0,False,21.1,21.1,True
506675,4786,P03,MS-SER-VTC30,2,38.0,0.0,76.0,76.0,False,8.5,17.0,True
506676,4787,P07,MS-MOI-SPF50,2,32.0,9.6,64.0,54.4,False,7.8,15.6,True
506677,4788,P01,MS-CLN-GEL150,1,22.0,2.2,22.0,19.8,False,4.8,4.8,True
506678,4789,P06,MS-TRT-RET50,1,44.0,0.0,44.0,44.0,False,10.5,10.5,True
506679,4789,P01,MS-CLN-GEL150,2,22.0,0.0,44.0,44.0,False,4.8,9.6,True
506680,4790,P03,MS-SER-VTC30,1,38.0,0.0,38.0,38.0,False,8.5,8.5,True
506681,4790,P09,MS-EYE-015,1,30.0,0.0,30.0,30.0,False,7.5,7.5,True
506682,4791,P03,MS-SER-VTC30,2,38.0,0.0,76.0,76.0,False,8.5,17.0,True
506683,4792,P06,MS-TRT-RET50,1,44.0,0.0,44.0,44.0,False,10.5,10.5,True
506684,4793,P06,MS-TRT-RET50,2,44.0,0.0,88.0,88.0,False,10.5,21.0,True
506685,4794,P09,MS-EYE-015,1,30.0,0.0,30.0,30.0,False,7.5,7.5,True
506686,4795,P04,MS-SER-HYA30,2,34.0,6.8,68.0,61.2,False,7.2,14.4,True
506687,4795,P06,MS-TRT-RET50,1,44.0,4.4,44.0,39.6,False,10.5,10.5,True
506688,4796,P04,MS-SER-HYA30,1,34.0,0.0,34.0,34.0,False,7.2,7.2,True
506689,4796,P10,MS-MSK-CLY100,1,26.0,0.0,26.0,26.0,False,6.0,6.0,True
506690,4796,P06,MS-TRT-RET50,1,44.0,0.0,44.0,44.0,False,10.5,10.5,True
506691,4797,P01,MS-CLN-GEL150,2,22.0,4.4,44.0,39.6,False,4.8,9.6,True
506692,4797,P04,MS-SER-HYA30,2,34.0,6.8,68.0,61.2,False,7.2,14.4,True
506693,4797,P05,MS-SER-NIA30,1,29.0,2.9,29.0,26.1,False,5.9,5.9,True
506694,4798,P04,MS-SER-HYA30,1,34.0,5.1,34.0,28.9,False,7.2,7.2,True
506695,4798,P03,MS-SER-VTC30,1,38.0,5.7,38.0,32.3,False,8.5,8.5,True
506696,4799,P04,MS-SER-HYA30,1,34.0,0.0,34.0,34.0,False,7.2,7.2,True
506697,4800,P01,MS-CLN-GEL150,1,22.0,0.0,22.0,22.0,False,4.8,4.8,True
506698,4800,P07,MS-MOI-SPF50,1,32.0,0.0,32.0,32.0,False,7.8,7.8,True
506699,4801,P02,MS-CLN-CRM150,1,24.0,0.0,24.0,24.0,False,5.4,5.4,True
506700,4801,P08,MS-MOI-BAR50,1,36.0,0.0,36.0,36.0,False,8.0,8.0,True
506701,4802,P04,MS-SER-HYA30,1,34.0,5.1,34.0,28.9,False,7.2,7.2,True
506702,4802,P09,MS-EYE-015,1,30.0,4.5,30.0,25.5,False,7.5,7.5,True
506703,4802,P08,MS-MOI-BAR50,2,36.0,10.8,72.0,61.2,False,8.0,16.0,True
506704,4803,P04,MS-SER-HYA30,1,34.0,3.4,34.0,30.6,False,7.2,7.2,True
506705,4804,P12,MS-SET-RTN3,1,88.0,0.0,88.0,88.0,False,21.1,21.1,True
506706,4804,P04,MS-SER-HYA30,2,34.0,0.0,68.0,68.0,False,7.2,14.4,True
506707,4805,P12,MS-SET-RTN3,1,88.0,8.8,88.0,79.2,False,21.1,21.1,True
506708,4805,P04,MS-SER-HYA30,2,34.0,6.8,68.0,61.2,False,7.2,14.4,True
506709,4805,P02,MS-CLN-CRM150,1,24.0,2.4,24.0,21.6,False,5.4,5.4,True
506710,4805,P09,MS-EYE-015,1,30.0,3.0,30.0,27.0,False,7.5,7.5,True
506711,4806,P09,MS-EYE-015,1,30.0,0.0,30.0,30.0,False,7.5,7.5,True
506712,4806,P03,MS-SER-VTC30,2,38.0,0.0,76.0,76.0,False,8.5,17.0,True
506713,4807,P03,MS-SER-VTC30,1,38.0,0.0,38.0,38.0,False,8.5,8.5,True
506714,4808,P02,MS-CLN-CRM150,1,24.0,0.0,24.0,24.0,False,5.4,5.4,True
506715,4809,P06,MS-TRT-RET50,1,44.0,0.0,44.0,44.0,False,10.5,10.5,True
506716,4809,P12,MS-SET-RTN3,1,88.0,0.0,88.0,88.0,False,21.1,21.1,True
506717,4810,P04,MS-SER-HYA30,1,34.0,0.0,34.0,34.0,False,7.2,7.2,True
506718,4810,P06,MS-TRT-RET50,1,44.0,0.0,44.0,44.0,False,10.5,10.5,True
506719,4810,P07,MS-MOI-SPF50,1,32.0,0.0,32.0,32.0,False,7.8,7.8,True
506720,4810,P11,MS-BDY-LOT400,1,28.0,0.0,28.0,28.0,False,8.5,8.5,True
506721,4811,P05,MS-SER-NIA30,1,29.0,0.0,29.0,29.0,False,5.9,5.9,True
506722,4811,P12,MS-SET-RTN3,1,88.0,0.0,88.0,88.0,False,21.1,21.1,True
506723,4812,P03,MS-SER-VTC30,1,38.0,0.0,38.0,38.0,False,8.5,8.5,True
506724,4813,P04,MS-SER-HYA30,1,34.0,0.0,34.0,34.0,False,7.2,7.2,True
506725,4813,P03,MS-SER-VTC30,1,38.0,0.0,38.0,38.0,False,8.5,8.5,True
506726,4814,P01,MS-CLN-GEL150,1,22.0,3.3,22.0,18.7,False,4.8,4.8,True
506727,4815,P01,MS-CLN-GEL150,1,22.0,0.0,22.0,22.0,False,4.8,4.8,True
506728,4815,P04,MS-SER-HYA30,1,34.0,0.0,34.0,34.0,False,7.2,7.2,True
506729,4815,P02,MS-CLN-CRM150,1,24.0,0.0,24.0,24.0,False,5.4,5.4,True
506730,4816,P07,MS-MOI-SPF50,1,32.0,4.8,32.0,27.2,False,7.8,7.8,True
506731,4817,P07,MS-MOI-SPF50,1,32.0,0.0,32.0,32.0,False,7.8,7.8,True
506732,4817,P04,MS-SER-HYA30,2,34.0,0.0,68.0,68.0,False,7.2,14.4,True
506733,4818,P01,MS-CLN-GEL150,2,22.0,0.0,44.0,44.0,False,4.8,9.6,True
506734,4818,P07,MS-MOI-SPF50,1,32.0,0.0,32.0,32.0,False,7.8,7.8,True
506735,4818,P03,MS-SER-VTC30,1,38.0,0.0,38.0,38.0,False,8.5,8.5,True
506736,4819,P10,MS-MSK-CLY100,1,26.0,0.0,26.0,26.0,False,6.0,6.0,True
506737,4819,P06,MS-TRT-RET50,2,44.0,0.0,88.0,88.0,False,10.5,21.0,True
506738,4820,P12,MS-SET-RTN3,1,88.0,13.2,88.0,74.8,False,21.1,21.1,True
506739,4821,P03,MS-SER-VTC30,2,38.0,0.0,76.0,76.0,False,8.5,17.0,True
506740,4822,P05,MS-SER-NIA30,2,29.0,0.0,58.0,58.0,False,5.9,11.8,True
506741,4823,P09,MS-EYE-015,1,30.0,0.0,30.0,30.0,False,7.5,7.5,True
506742,4823,P03,MS-SER-VTC30,1,38.0,0.0,38.0,38.0,False,8.5,8.5,True
506743,4824,P07,MS-MOI-SPF50,1,32.0,4.8,32.0,27.2,False,7.8,7.8,True
506744,4825,P06,MS-TRT-RET50,1,44.0,6.6,44.0,37.4,False,10.5,10.5,True
506745,4826,P05,MS-SER-NIA30,1,29.0,4.35,29.0,24.65,False,5.9,5.9,True
506746,4826,P08,MS-MOI-BAR50,1,36.0,5.4,36.0,30.6,False,8.0,8.0,True
506747,4826,P11,MS-BDY-LOT400,1,28.0,4.2,28.0,23.8,False,8.5,8.5,True
506748,4826,P01,MS-CLN-GEL150,1,22.0,3.3,22.0,18.7,False,4.8,4.8,True
506749,4827,P05,MS-SER-NIA30,1,29.0,2.9,29.0,26.1,False,5.9,5.9,True
506750,4828,P03,MS-SER-VTC30,2,38.0,11.4,76.0,64.6,False,8.5,17.0,True
506751,4828,P04,MS-SER-HYA30,1,34.0,5.1,34.0,28.9,False,7.2,7.2,True
506752,4828,P07,MS-MOI-SPF50,1,32.0,4.8,32.0,27.2,False,7.8,7.8,True
506753,4829,P01,MS-CLN-GEL150,1,22.0,3.3,22.0,18.7,False,4.8,4.8,True
506754,4830,P07,MS-MOI-SPF50,2,32.0,0.0,64.0,64.0,False,7.8,15.6,True
506755,4831,P03,MS-SER-VTC30,1,38.0,0.0,38.0,38.0,False,8.5,8.5,True
506756,4832,P07,MS-MOI-SPF50,1,32.0,4.8,32.0,27.2,False,7.8,7.8,True
506757,4833,P12,MS-SET-RTN3,1,88.0,0.0,88.0,88.0,False,21.1,21.1,True
506758,4834,P01,MS-CLN-GEL150,1,22.0,3.3,22.0,18.7,False,4.8,4.8,True
506759,4834,P08,MS-MOI-BAR50,1,36.0,5.4,36.0,30.6,False,8.0,8.0,True
506760,4834,P03,MS-SER-VTC30,1,38.0,5.7,38.0,32.3,False,8.5,8.5,True
506761,4835,P01,MS-CLN-GEL150,1,22.0,2.2,22.0,19.8,False,4.8,4.8,True
506762,4835,P11,MS-BDY-LOT400,1,28.0,2.8,28.0,25.2,False,8.5,8.5,True
506763,4836,P07,MS-MOI-SPF50,1,32.0,0.0,32.0,32.0,False,7.8,7.8,True
506764,4837,P01,MS-CLN-GEL150,1,22.0,2.2,22.0,19.8,False,4.8,4.8,True
506765,4838,P12,MS-SET-RTN3,1,88.0,0.0,88.0,88.0,False,21.1,21.1,True
506766,4839,P04,MS-SER-HYA30,1,34.0,0.0,34.0,34.0,False,7.2,7.2,True
506767,4840,P02,MS-CLN-CRM150,1,24.0,3.6,24.0,20.4,False,5.4,5.4,True
506768,4841,P03,MS-SER-VTC30,1,38.0,0.0,38.0,38.0,False,8.5,8.5,True
506769,4841,P12,MS-SET-RTN3,1,88.0,0.0,88.0,88.0,False,21.1,21.1,True
506770,4842,P02,MS-CLN-CRM150,1,24.0,3.6,24.0,20.4,False,5.4,5.4,True
506771,4843,P04,MS-SER-HYA30,1,34.0,3.4,34.0,30.6,False,7.2,7.2,True
506772,4844,P04,MS-SER-HYA30,1,34.0,0.0,34.0,34.0,False,7.2,7.2,True
506773,4845,P05,MS-SER-NIA30,1,29.0,0.0,29.0,29.0,False,5.9,5.9,True
506774,4846,P05,MS-SER-NIA30,1,29.0,2.9,29.0,26.1,False,5.9,5.9,True
506775,4846,P03,MS-SER-VTC30,1,38.0,3.8,38.0,34.2,False,8.5,8.5,True
506776,4847,P07,MS-MOI-SPF50,1,32.0,4.8,32.0,27.2,False,7.8,7.8,True
506777,4848,P03,MS-SER-VTC30,1,38.0,0.0,38.0,38.0,False,8.5,8.5,True
506778,4849,P10,MS-MSK-CLY100,1,26.0,3.9,26.0,22.1,False,6.0,6.0,True
506779,4850,P09,MS-EYE-015,2,30.0,6.0,60.0,54.0,False,7.5,15.0,True
506780,4850,P01,MS-CLN-GEL150,1,22.0,2.2,22.0,19.8,False,4.8,4.8,True
506781,4850,P11,MS-BDY-LOT400,2,28.0,5.6,56.0,50.4,False,8.5,17.0,True
506782,4851,P04,MS-SER-HYA30,1,34.0,5.1,34.0,28.9,False,7.2,7.2,True
506783,4852,P09,MS-EYE-015,1,30.0,4.5,30.0,25.5,False,7.5,7.5,True
506784,4853,P06,MS-TRT-RET50,1,44.0,0.0,44.0,44.0,False,10.5,10.5,True
506785,4854,P12,MS-SET-RTN3,1,88.0,13.2,88.0,74.8,False,21.1,21.1,True
506786,4855,P03,MS-SER-VTC30,2,38.0,11.4,76.0,64.6,False,8.5,17.0,True
506787,4856,P03,MS-SER-VTC30,1,38.0,5.7,38.0,32.3,False,8.5,8.5,True
506788,4857,P04,MS-SER-HYA30,2,34.0,6.8,68.0,61.2,False,7.2,14.4,True
506789,4858,P04,MS-SER-HYA30,2,34.0,0.0,68.0,68.0,False,7.2,14.4,True
506790,4859,P07,MS-MOI-SPF50,1,32.0,4.8,32.0,27.2,False,7.8,7.8,True
506791,4859,P11,MS-BDY-LOT400,1,28.0,4.2,28.0,23.8,False,8.5,8.5,True
506792,4860,P11,MS-BDY-LOT400,1,28.0,4.2,28.0,23.8,False,8.5,8.5,True
506793,4861,P04,MS-SER-HYA30,1,34.0,5.1,34.0,28.9,False,7.2,7.2,True
506794,4862,P04,MS-SER-HYA30,1,34.0,0.0,34.0,34.0,False,7.2,7.2,True
506795,4862,P02,MS-CLN-CRM150,1,24.0,0.0,24.0,24.0,False,5.4,5.4,True
506796,4863,P04,MS-SER-HYA30,1,34.0,5.1,34.0,28.9,False,7.2,7.2,True
506797,4864,P09,MS-EYE-015,1,30.0,0.0,30.0,30.0,False,7.5,7.5,True
506798,4865,P11,MS-BDY-LOT400,1,28.0,2.8,28.0,25.2,False,8.5,8.5,True
506799,4865,P06,MS-TRT-RET50,2,44.0,8.8,88.0,79.2,False,10.5,21.0,True
506800,4866,P03,MS-SER-VTC30,1,38.0,5.7,38.0,32.3,False,8.5,8.5,True
506801,4866,P12,MS-SET-RTN3,1,88.0,13.2,88.0,74.8,False,21.1,21.1,True
506802,4867,P08,MS-MOI-BAR50,1,36.0,5.4,36.0,30.6,False,8.0,8.0,True
506803,4868,P07,MS-MOI-SPF50,1,32.0,4.8,32.0,27.2,False,7.8,7.8,True
506804,4868,P02,MS-CLN-CRM150,1,24.0,3.6,24.0,20.4,False,5.4,5.4,True
506805,4869,P08,MS-MOI-BAR50,1,36.0,5.4,36.0,30.6,False,8.0,8.0,True
506806,4870,P03,MS-SER-VTC30,1,38.0,0.0,38.0,38.0,False,8.5,8.5,True
506807,4871,P11,MS-BDY-LOT400,1,28.0,0.0,28.0,28.0,False,8.5,8.5,True
506808,4871,P07,MS-MOI-SPF50,1,32.0,0.0,32.0,32.0,False,7.8,7.8,True
506809,4872,P03,MS-SER-VTC30,2,38.0,0.0,76.0,76.0,False,8.5,17.0,True
506810,4872,P04,MS-SER-HYA30,1,34.0,0.0,34.0,34.0,False,7.2,7.2,True
506811,4873,P01,MS-CLN-GEL150,1,22.0,0.0,22.0,22.0,False,4.8,4.8,True
506812,4873,P04,MS-SER-HYA30,1,34.0,0.0,34.0,34.0,False,7.2,7.2,True
506813,4874,P10,MS-MSK-CLY100,1,26.0,0.0,26.0,26.0,False,6.0,6.0,True
506814,4875,P03,MS-SER-VTC30,1,38.0,5.7,38.0,32.3,False,8.5,8.5,True
506815,4875,P07,MS-MOI-SPF50,1,32.0,4.8,32.0,27.2,False,7.8,7.8,True
506816,4876,P01,MS-CLN-GEL150,1,22.0,0.0,22.0,22.0,False,4.8,4.8,True
506817,4876,P09,MS-EYE-015,1,30.0,0.0,30.0,30.0,False,7.5,7.5,True
506818,4876,P04,MS-SER-HYA30,1,34.0,0.0,34.0,34.0,False,7.2,7.2,True
506819,4877,P04,MS-SER-HYA30,1,34.0,0.0,34.0,34.0,False,7.2,7.2,True
506820,4877,P05,MS-SER-NIA30,1,29.0,0.0,29.0,29.0,False,5.9,5.9,True
506821,4878,P01,MS-CLN-GEL150,1,22.0,2.2,22.0,19.8,False,4.8,4.8,True
506822,4879,P03,MS-SER-VTC30,1,38.0,5.7,38.0,32.3,False,8.5,8.5,True
506823,4879,P07,MS-MOI-SPF50,1,32.0,4.8,32.0,27.2,False,7.8,7.8,True
506824,4880,P11,MS-BDY-LOT400,2,28.0,8.4,56.0,47.6,False,8.5,17.0,True
506825,4881,P01,MS-CLN-GEL150,1,22.0,0.0,22.0,22.0,False,4.8,4.8,True
506826,4881,P07,MS-MOI-SPF50,1,32.0,0.0,32.0,32.0,False,7.8,7.8,True
506827,4882,P05,MS-SER-NIA30,1,29.0,2.9,29.0,26.1,False,5.9,5.9,True
506828,4882,P03,MS-SER-VTC30,2,38.0,7.6,76.0,68.4,False,8.5,17.0,True
506829,4882,P06,MS-TRT-RET50,1,44.0,4.4,44.0,39.6,False,10.5,10.5,True
506830,4883,P07,MS-MOI-SPF50,1,32.0,4.8,32.0,27.2,False,7.8,7.8,True
506831,4884,P08,MS-MOI-BAR50,2,36.0,10.8,72.0,61.2,False,8.0,16.0,True
506832,4885,P03,MS-SER-VTC30,1,38.0,3.8,38.0,34.2,False,8.5,8.5,True
506833,4886,P07,MS-MOI-SPF50,1,32.0,4.8,32.0,27.2,False,7.8,7.8,True
506834,4887,P11,MS-BDY-LOT400,1,28.0,0.0,28.0,28.0,False,8.5,8.5,True
506835,4888,P04,MS-SER-HYA30,2,34.0,10.2,68.0,57.8,False,7.2,14.4,True
506836,4889,P08,MS-MOI-BAR50,1,36.0,0.0,36.0,36.0,False,8.0,8.0,True
506837,4889,P05,MS-SER-NIA30,1,29.0,0.0,29.0,29.0,False,5.9,5.9,True
506838,4889,P06,MS-TRT-RET50,1,44.0,0.0,44.0,44.0,False,10.5,10.5,True
506839,4890,P02,MS-CLN-CRM150,2,24.0,0.0,48.0,48.0,False,5.4,10.8,True
506840,4890,P12,MS-SET-RTN3,1,88.0,0.0,88.0,88.0,False,21.1,21.1,True
506841,4890,P07,MS-MOI-SPF50,1,32.0,0.0,32.0,32.0,False,7.8,7.8,True
506842,4891,P12,MS-SET-RTN3,1,88.0,0.0,88.0,88.0,False,21.1,21.1,True
506843,4891,P07,MS-MOI-SPF50,2,32.0,0.0,64.0,64.0,False,7.8,15.6,True
506844,4892,P12,MS-SET-RTN3,1,88.0,13.2,88.0,74.8,False,21.1,21.1,True
506845,4893,P05,MS-SER-NIA30,1,29.0,4.35,29.0,24.65,False,5.9,5.9,True
506846,4893,P01,MS-CLN-GEL150,1,22.0,3.3,22.0,18.7,False,4.8,4.8,True
506847,4894,P08,MS-MOI-BAR50,1,36.0,0.0,36.0,36.0,False,8.0,8.0,True
506848,4895,P04,MS-SER-HYA30,1,34.0,5.1,34.0,28.9,False,7.2,7.2,True
506849,4895,P01,MS-CLN-GEL150,1,22.0,3.3,22.0,18.7,False,4.8,4.8,True
506850,4895,P05,MS-SER-NIA30,1,29.0,4.35,29.0,24.65,False,5.9,5.9,True
506851,4896,P12,MS-SET-RTN3,1,88.0,13.2,88.0,74.8,False,21.1,21.1,True
506852,4897,P05,MS-SER-NIA30,1,29.0,4.35,29.0,24.65,False,5.9,5.9,True
506853,4898,P06,MS-TRT-RET50,1,44.0,6.6,44.0,37.4,False,10.5,10.5,True
506854,4899,P04,MS-SER-HYA30,1,34.0,0.0,34.0,34.0,False,7.2,7.2,True
506855,4899,P08,MS-MOI-BAR50,2,36.0,0.0,72.0,72.0,False,8.0,16.0,True
506856,4899,P03,MS-SER-VTC30,1,38.0,0.0,38.0,38.0,False,8.5,8.5,True
506857,4900,P03,MS-SER-VTC30,1,38.0,5.7,38.0,32.3,False,8.5,8.5,True
506858,4901,P10,MS-MSK-CLY100,1,26.0,2.6,26.0,23.4,False,6.0,6.0,True
506859,4902,P11,MS-BDY-LOT400,1,28.0,4.2,28.0,23.8,False,8.5,8.5,True
506860,4903,P03,MS-SER-VTC30,1,38.0,0.0,38.0,38.0,False,8.5,8.5,True
506861,4904,P04,MS-SER-HYA30,1,34.0,0.0,34.0,34.0,False,7.2,7.2,True
506862,4905,P07,MS-MOI-SPF50,1,32.0,0.0,32.0,32.0,False,7.8,7.8,True
506863,4905,P10,MS-MSK-CLY100,1,26.0,0.0,26.0,26.0,False,6.0,6.0,True
506864,4906,P06,MS-TRT-RET50,1,44.0,6.6,44.0,37.4,False,10.5,10.5,True
506865,4907,P03,MS-SER-VTC30,1,38.0,38.0,38.0,0.0,False,8.5,8.5,False
506866,4908,P09,MS-EYE-015,1,30.0,0.0,30.0,30.0,False,7.5,7.5,True
506867,4908,P07,MS-MOI-SPF50,1,32.0,0.0,32.0,32.0,False,7.8,7.8,True
506868,4908,P06,MS-TRT-RET50,1,44.0,0.0,44.0,44.0,False,10.5,10.5,True
506869,4909,P04,MS-SER-HYA30,1,34.0,5.1,34.0,28.9,False,7.2,7.2,True
506870,4910,P03,MS-SER-VTC30,2,38.0,0.0,76.0,76.0,False,8.5,17.0,True
506871,4911,P07,MS-MOI-SPF50,1,32.0,0.0,32.0,32.0,False,7.8,7.8,True
506872,4912,P08,MS-MOI-BAR50,1,36.0,0.0,36.0,36.0,False,8.0,8.0,True
506873,4913,P03,MS-SER-VTC30,1,38.0,0.0,38.0,38.0,False,8.5,8.5,True
506874,4914,P06,MS-TRT-RET50,1,44.0,6.6,44.0,37.4,False,10.5,10.5,True
506875,4914,P02,MS-CLN-CRM150,1,24.0,3.6,24.0,20.4,False,5.4,5.4,True
506876,4915,P02,MS-CLN-CRM150,1,24.0,0.0,24.0,24.0,False,5.4,5.4,True
506877,4916,P08,MS-MOI-BAR50,1,36.0,0.0,36.0,36.0,False,8.0,8.0,True
506878,4916,P12,MS-SET-RTN3,1,88.0,0.0,88.0,88.0,False,21.1,21.1,True
506879,4917,P10,MS-MSK-CLY100,1,26.0,0.0,26.0,26.0,False,6.0,6.0,True
506880,4918,P05,MS-SER-NIA30,2,29.0,0.0,58.0,58.0,False,5.9,11.8,True
506881,4918,P07,MS-MOI-SPF50,1,32.0,0.0,32.0,32.0,False,7.8,7.8,True
506882,4919,P08,MS-MOI-BAR50,1,36.0,5.4,36.0,30.6,False,8.0,8.0,True
506883,4920,P07,MS-MOI-SPF50,2,32.0,0.0,64.0,64.0,False,7.8,15.6,True
506884,4921,P09,MS-EYE-015,1,30.0,0.0,30.0,30.0,False,7.5,7.5,True
506885,4921,P05,MS-SER-NIA30,1,29.0,0.0,29.0,29.0,False,5.9,5.9,True
506886,4922,P10,MS-MSK-CLY100,1,26.0,3.9,26.0,22.1,False,6.0,6.0,True
506887,4923,P03,MS-SER-VTC30,1,38.0,0.0,38.0,38.0,False,8.5,8.5,True
506888,4924,P04,MS-SER-HYA30,1,34.0,0.0,34.0,34.0,False,7.2,7.2,True
506889,4925,P01,MS-CLN-GEL150,1,22.0,3.3,22.0,18.7,False,4.8,4.8,True
506890,4926,P05,MS-SER-NIA30,1,29.0,0.0,29.0,29.0,False,5.9,5.9,True
506891,4926,P08,MS-MOI-BAR50,1,36.0,0.0,36.0,36.0,False,8.0,8.0,True
506892,4927,P03,MS-SER-VTC30,1,38.0,5.7,38.0,32.3,False,8.5,8.5,True
506893,4927,P04,MS-SER-HYA30,1,34.0,5.1,34.0,28.9,False,7.2,7.2,True
506894,4928,P01,MS-CLN-GEL150,2,22.0,0.0,44.0,44.0,False,4.8,9.6,True
506895,4928,P03,MS-SER-VTC30,1,38.0,0.0,38.0,38.0,False,8.5,8.5,True
506896,4928,P05,MS-SER-NIA30,1,29.0,0.0,29.0,29.0,False,5.9,5.9,True
506897,4929,P07,MS-MOI-SPF50,1,32.0,0.0,32.0,32.0,False,7.8,7.8,True
506898,4929,P03,MS-SER-VTC30,1,38.0,0.0,38.0,38.0,False,8.5,8.5,True
506899,4930,P06,MS-TRT-RET50,1,44.0,0.0,44.0,44.0,False,10.5,10.5,True
506900,4930,P12,MS-SET-RTN3,1,88.0,0.0,88.0,88.0,False,21.1,21.1,True
506901,4930,P01,MS-CLN-GEL150,1,22.0,0.0,22.0,22.0,False,4.8,4.8,True
506902,4931,P05,MS-SER-NIA30,1,29.0,0.0,29.0,29.0,False,5.9,5.9,True
506903,4931,P01,MS-CLN-GEL150,1,22.0,0.0,22.0,22.0,False,4.8,4.8,True
506904,4931,P04,MS-SER-HYA30,1,34.0,0.0,34.0,34.0,False,7.2,7.2,True
506905,4932,P10,MS-MSK-CLY100,1,26.0,3.9,26.0,22.1,False,6.0,6.0,True
506906,4932,P06,MS-TRT-RET50,1,44.0,6.6,44.0,37.4,False,10.5,10.5,True
506907,4932,P01,MS-CLN-GEL150,1,22.0,3.3,22.0,18.7,False,4.8,4.8,True
506908,4933,P05,MS-SER-NIA30,1,29.0,0.0,29.0,29.0,False,5.9,5.9,True
506909,4934,P06,MS-TRT-RET50,1,44.0,6.6,44.0,37.4,False,10.5,10.5,True
506910,4934,P10,MS-MSK-CLY100,1,26.0,3.9,26.0,22.1,False,6.0,6.0,True
506911,4934,P07,MS-MOI-SPF50,1,32.0,4.8,32.0,27.2,False,7.8,7.8,True
506912,4935,P08,MS-MOI-BAR50,1,36.0,0.0,36.0,36.0,False,8.0,8.0,True
506913,4936,P11,MS-BDY-LOT400,1,28.0,4.2,28.0,23.8,False,8.5,8.5,True
506914,4937,P07,MS-MOI-SPF50,1,32.0,0.0,32.0,32.0,False,7.8,7.8,True
506915,4938,P12,MS-SET-RTN3,1,88.0,13.2,88.0,74.8,False,21.1,21.1,True
506916,4938,P02,MS-CLN-CRM150,1,24.0,3.6,24.0,20.4,False,5.4,5.4,True
506917,4939,P05,MS-SER-NIA30,1,29.0,0.0,29.0,29.0,False,5.9,5.9,True
506918,4939,P07,MS-MOI-SPF50,1,32.0,0.0,32.0,32.0,False,7.8,7.8,True
506919,4939,P03,MS-SER-VTC30,1,38.0,0.0,38.0,38.0,False,8.5,8.5,True
506920,4939,P08,MS-MOI-BAR50,1,36.0,0.0,36.0,36.0,False,8.0,8.0,True
506921,4940,P05,MS-SER-NIA30,1,29.0,4.35,29.0,24.65,False,5.9,5.9,True
506922,4941,P04,MS-SER-HYA30,1,34.0,0.0,34.0,34.0,False,7.2,7.2,True
506923,4941,P11,MS-BDY-LOT400,1,28.0,0.0,28.0,28.0,False,8.5,8.5,True
506924,4941,P03,MS-SER-VTC30,1,38.0,0.0,38.0,38.0,False,8.5,8.5,True
506925,4942,P01,MS-CLN-GEL150,1,22.0,0.0,22.0,22.0,False,4.8,4.8,True
506926,4943,P12,MS-SET-RTN3,1,88.0,0.0,88.0,88.0,False,21.1,21.1,True
506927,4943,P07,MS-MOI-SPF50,1,32.0,0.0,32.0,32.0,False,7.8,7.8,True
506928,4944,P07,MS-MOI-SPF50,1,32.0,0.0,32.0,32.0,False,7.8,7.8,True
506929,4945,P11,MS-BDY-LOT400,1,28.0,4.2,28.0,23.8,False,8.5,8.5,True
506930,4946,P04,MS-SER-HYA30,1,34.0,0.0,34.0,34.0,False,7.2,7.2,True
506931,4947,P03,MS-SER-VTC30,1,38.0,0.0,38.0,38.0,False,8.5,8.5,True
506932,4947,P06,MS-TRT-RET50,1,44.0,0.0,44.0,44.0,False,10.5,10.5,True
506933,4948,P05,MS-SER-NIA30,1,29.0,4.35,29.0,24.65,False,5.9,5.9,True
506934,4948,P09,MS-EYE-015,2,30.0,9.0,60.0,51.0,False,7.5,15.0,True
506935,4949,P10,MS-MSK-CLY100,1,26.0,0.0,26.0,26.0,False,6.0,6.0,True
506936,4950,P04,MS-SER-HYA30,1,34.0,5.1,34.0,28.9,False,7.2,7.2,True
506937,4951,P03,MS-SER-VTC30,2,38.0,11.4,76.0,64.6,False,8.5,17.0,True
506938,4951,P04,MS-SER-HYA30,1,34.0,5.1,34.0,28.9,False,7.2,7.2,True
506939,4952,P06,MS-TRT-RET50,1,44.0,6.6,44.0,37.4,False,10.5,10.5,True
506940,4953,P03,MS-SER-VTC30,1,38.0,0.0,38.0,38.0,False,8.5,8.5,True
506941,4954,P04,MS-SER-HYA30,1,34.0,0.0,34.0,34.0,False,7.2,7.2,True
506942,4954,P01,MS-CLN-GEL150,2,22.0,0.0,44.0,44.0,False,4.8,9.6,True
506943,4955,P11,MS-BDY-LOT400,1,28.0,0.0,28.0,28.0,False,8.5,8.5,True
506944,4956,P10,MS-MSK-CLY100,2,26.0,0.0,52.0,52.0,False,6.0,12.0,True
506945,4957,P01,MS-CLN-GEL150,1,22.0,0.0,22.0,22.0,False,4.8,4.8,True
506946,4957,P05,MS-SER-NIA30,1,29.0,0.0,29.0,29.0,False,5.9,5.9,True
506947,4958,P03,MS-SER-VTC30,1,38.0,5.7,38.0,32.3,False,8.5,8.5,True
506948,4959,P10,MS-MSK-CLY100,1,26.0,2.6,26.0,23.4,False,6.0,6.0,True
506949,4959,P02,MS-CLN-CRM150,1,24.0,2.4,24.0,21.6,False,5.4,5.4,True
506950,4959,P01,MS-CLN-GEL150,2,22.0,4.4,44.0,39.6,False,4.8,9.6,True
506951,4960,P06,MS-TRT-RET50,1,44.0,0.0,44.0,44.0,False,10.5,10.5,True
506952,4960,P10,MS-MSK-CLY100,1,26.0,0.0,26.0,26.0,False,6.0,6.0,True
506953,4960,P03,MS-SER-VTC30,1,38.0,0.0,38.0,38.0,False,8.5,8.5,True
506954,4960,P07,MS-MOI-SPF50,1,32.0,0.0,32.0,32.0,False,7.8,7.8,True
506955,4961,P01,MS-CLN-GEL150,1,22.0,3.3,22.0,18.7,False,4.8,4.8,True
506956,4961,P03,MS-SER-VTC30,1,38.0,5.7,38.0,32.3,False,8.5,8.5,True
506957,4962,P03,MS-SER-VTC30,1,38.0,3.8,38.0,34.2,False,8.5,8.5,True
506958,4962,P09,MS-EYE-015,1,30.0,3.0,30.0,27.0,False,7.5,7.5,True
506959,4963,P08,MS-MOI-BAR50,1,36.0,0.0,36.0,36.0,False,8.0,8.0,True
506960,4963,P10,MS-MSK-CLY100,1,26.0,0.0,26.0,26.0,False,6.0,6.0,True
506961,4963,P03,MS-SER-VTC30,1,38.0,0.0,38.0,38.0,False,8.5,8.5,True
506962,4964,P07,MS-MOI-SPF50,1,32.0,4.8,32.0,27.2,False,7.8,7.8,True
506963,4964,P10,MS-MSK-CLY100,1,26.0,3.9,26.0,22.1,False,6.0,6.0,True
506964,4965,P05,MS-SER-NIA30,1,29.0,0.0,29.0,29.0,False,5.9,5.9,True
506965,4966,P05,MS-SER-NIA30,1,29.0,3.48,29.0,25.52,False,5.9,5.9,True
506966,4966,P01,MS-CLN-GEL150,1,22.0,2.64,22.0,19.36,False,4.8,4.8,True
506967,4967,P03,MS-SER-VTC30,1,38.0,0.0,38.0,38.0,False,8.5,8.5,True
506968,4967,P12,MS-SET-RTN3,1,88.0,0.0,88.0,88.0,False,21.1,21.1,True
506969,4967,P04,MS-SER-HYA30,1,34.0,0.0,34.0,34.0,False,7.2,7.2,True
506970,4968,P01,MS-CLN-GEL150,1,22.0,0.0,22.0,22.0,False,4.8,4.8,True
506971,4968,P07,MS-MOI-SPF50,1,32.0,0.0,32.0,32.0,False,7.8,7.8,True
506972,4969,P04,MS-SER-HYA30,1,34.0,0.0,34.0,34.0,False,7.2,7.2,True
506973,4969,P05,MS-SER-NIA30,1,29.0,0.0,29.0,29.0,False,5.9,5.9,True
506974,4970,P06,MS-TRT-RET50,1,44.0,6.6,44.0,37.4,False,10.5,10.5,True
506975,4970,P03,MS-SER-VTC30,1,38.0,5.7,38.0,32.3,False,8.5,8.5,True
506976,4970,P07,MS-MOI-SPF50,1,32.0,4.8,32.0,27.2,False,7.8,7.8,True
506977,4970,P08,MS-MOI-BAR50,1,36.0,5.4,36.0,30.6,False,8.0,8.0,True
506978,4971,P01,MS-CLN-GEL150,1,22.0,3.3,22.0,18.7,False,4.8,4.8,True
506979,4971,P07,MS-MOI-SPF50,1,32.0,4.8,32.0,27.2,False,7.8,7.8,True
506980,4972,P07,MS-MOI-SPF50,1,32.0,4.8,32.0,27.2,False,7.8,7.8,True
506981,4972,P11,MS-BDY-LOT400,1,28.0,4.2,28.0,23.8,False,8.5,8.5,True
506982,4973,P06,MS-TRT-RET50,1,44.0,0.0,44.0,44.0,False,10.5,10.5,True
506983,4974,P03,MS-SER-VTC30,1,38.0,5.7,38.0,32.3,False,8.5,8.5,True
506984,4975,P03,MS-SER-VTC30,1,38.0,5.7,38.0,32.3,False,8.5,8.5,True
506985,4975,P04,MS-SER-HYA30,1,34.0,5.1,34.0,28.9,False,7.2,7.2,True
506986,4975,P01,MS-CLN-GEL150,1,22.0,3.3,22.0,18.7,False,4.8,4.8,True
506987,4975,P02,MS-CLN-CRM150,1,24.0,3.6,24.0,20.4,False,5.4,5.4,True
506988,4976,P12,MS-SET-RTN3,1,88.0,0.0,88.0,88.0,False,21.1,21.1,True
506989,4976,P09,MS-EYE-015,1,30.0,0.0,30.0,30.0,False,7.5,7.5,True
506990,4977,P03,MS-SER-VTC30,1,38.0,0.0,38.0,38.0,False,8.5,8.5,True
506991,4978,P05,MS-SER-NIA30,1,29.0,4.35,29.0,24.65,False,5.9,5.9,True
506992,4979,P02,MS-CLN-CRM150,1,24.0,0.0,24.0,24.0,False,5.4,5.4,True
506993,4980,P10,MS-MSK-CLY100,1,26.0,0.0,26.0,26.0,False,6.0,6.0,True
506994,4980,P01,MS-CLN-GEL150,1,22.0,0.0,22.0,22.0,False,4.8,4.8,True
506995,4980,P02,MS-CLN-CRM150,1,24.0,0.0,24.0,24.0,False,5.4,5.4,True
506996,4981,P04,MS-SER-HYA30,1,34.0,5.1,34.0,28.9,False,7.2,7.2,True
506997,4982,P03,MS-SER-VTC30,1,38.0,0.0,38.0,38.0,False,8.5,8.5,True
506998,4982,P12,MS-SET-RTN3,1,88.0,0.0,88.0,88.0,False,21.1,21.1,True
506999,4983,P03,MS-SER-VTC30,1,38.0,0.0,38.0,38.0,False,8.5,8.5,True
507000,4984,P01,MS-CLN-GEL150,1,22.0,0.0,22.0,22.0,False,4.8,4.8,True
507001,4985,P01,MS-CLN-GEL150,1,22.0,0.0,22.0,22.0,False,4.8,4.8,True
507002,4986,P03,MS-SER-VTC30,1,38.0,0.0,38.0,38.0,False,8.5,8.5,False
507003,4986,P12,MS-SET-RTN3,1,88.0,0.0,88.0,88.0,False,21.1,21.1,False
507004,4987,P03,MS-SER-VTC30,2,38.0,0.0,76.0,76.0,False,8.5,17.0,True
507005,4988,P09,MS-EYE-015,2,30.0,0.0,60.0,60.0,False,7.5,15.0,True
507006,4989,P02,MS-CLN-CRM150,1,24.0,2.4,24.0,21.6,False,5.4,5.4,True
507007,4989,P05,MS-SER-NIA30,1,29.0,2.9,29.0,26.1,False,5.9,5.9,True
507008,4989,P01,MS-CLN-GEL150,2,22.0,4.4,44.0,39.6,False,4.8,9.6,True
507009,4989,P10,MS-MSK-CLY100,2,26.0,5.2,52.0,46.8,False,6.0,12.0,True
507010,4990,P03,MS-SER-VTC30,1,38.0,0.0,38.0,38.0,False,8.5,8.5,True
507011,4991,P07,MS-MOI-SPF50,1,32.0,0.0,32.0,32.0,False,7.8,7.8,True
507012,4992,P03,MS-SER-VTC30,1,38.0,0.0,38.0,38.0,False,8.5,8.5,True
507013,4993,P07,MS-MOI-SPF50,2,32.0,0.0,64.0,64.0,False,7.8,15.6,True
507014,4994,P04,MS-SER-HYA30,1,34.0,0.0,34.0,34.0,False,7.2,7.2,True
507015,4994,P05,MS-SER-NIA30,1,29.0,0.0,29.0,29.0,False,5.9,5.9,True
507016,4994,P06,MS-TRT-RET50,1,44.0,0.0,44.0,44.0,False,10.5,10.5,True
507017,4994,P02,MS-CLN-CRM150,1,24.0,0.0,24.0,24.0,False,5.4,5.4,True
507018,4995,P06,MS-TRT-RET50,2,44.0,0.0,88.0,88.0,False,10.5,21.0,True
507019,4996,P03,MS-SER-VTC30,1,38.0,3.8,38.0,34.2,False,8.5,8.5,True
507020,4997,P12,MS-SET-RTN3,1,88.0,0.0,88.0,88.0,False,21.1,21.1,True
507021,4998,P10,MS-MSK-CLY100,1,26.0,3.9,26.0,22.1,False,6.0,6.0,True
507022,4999,P03,MS-SER-VTC30,2,38.0,0.0,76.0,76.0,False,8.5,17.0,True
507023,4999,P10,MS-MSK-CLY100,1,26.0,0.0,26.0,26.0,False,6.0,6.0,True
507024,5000,P04,MS-SER-HYA30,1,34.0,0.0,34.0,34.0,False,7.2,7.2,True
507025,5000,P05,MS-SER-NIA30,1,29.0,0.0,29.0,29.0,False,5.9,5.9,True
507026,5000,P08,MS-MOI-BAR50,1,36.0,0.0,36.0,36.0,False,8.0,8.0,True
507027,5001,P12,MS-SET-RTN3,1,88.0,0.0,88.0,88.0,False,21.1,21.1,True
507028,5001,P04,MS-SER-HYA30,1,34.0,0.0,34.0,34.0,False,7.2,7.2,True
507029,5002,P07,MS-MOI-SPF50,1,32.0,4.8,32.0,27.2,False,7.8,7.8,True
507030,5002,P05,MS-SER-NIA30,1,29.0,4.35,29.0,24.65,False,5.9,5.9,True
507031,5003,P12,MS-SET-RTN3,1,88.0,13.2,88.0,74.8,False,21.1,21.1,True
507032,5004,P03,MS-SER-VTC30,2,38.0,0.0,76.0,76.0,False,8.5,17.0,True
507033,5004,P04,MS-SER-HYA30,2,34.0,0.0,68.0,68.0,False,7.2,14.4,True
507034,5005,P08,MS-MOI-BAR50,1,36.0,0.0,36.0,36.0,False,8.0,8.0,True
507035,5005,P01,MS-CLN-GEL150,1,22.0,0.0,22.0,22.0,False,4.8,4.8,True
507036,5005,P07,MS-MOI-SPF50,2,32.0,0.0,64.0,64.0,False,7.8,15.6,True
507037,5006,P05,MS-SER-NIA30,1,29.0,0.0,29.0,29.0,False,5.9,5.9,True
507038,5007,P05,MS-SER-NIA30,1,29.0,0.0,29.0,29.0,False,5.9,5.9,True
507039,5008,P03,MS-SER-VTC30,1,38.0,5.7,38.0,32.3,False,8.5,8.5,True
507040,5009,P11,MS-BDY-LOT400,1,28.0,0.0,28.0,28.0,False,8.5,8.5,True
507041,5010,P01,MS-CLN-GEL150,1,22.0,0.0,22.0,22.0,False,4.8,4.8,True
507042,5011,P05,MS-SER-NIA30,1,29.0,0.0,29.0,29.0,False,5.9,5.9,True
507043,5012,P07,MS-MOI-SPF50,1,32.0,4.8,32.0,27.2,False,7.8,7.8,True
507044,5012,P08,MS-MOI-BAR50,1,36.0,5.4,36.0,30.6,False,8.0,8.0,True
507045,5013,P04,MS-SER-HYA30,1,34.0,0.0,34.0,34.0,False,7.2,7.2,True
507046,5013,P03,MS-SER-VTC30,2,38.0,0.0,76.0,76.0,False,8.5,17.0,True
507047,5013,P10,MS-MSK-CLY100,1,26.0,0.0,26.0,26.0,False,6.0,6.0,True
507048,5013,P01,MS-CLN-GEL150,1,22.0,0.0,22.0,22.0,False,4.8,4.8,True
507049,5014,P03,MS-SER-VTC30,1,38.0,0.0,38.0,38.0,False,8.5,8.5,True
507050,5014,P06,MS-TRT-RET50,1,44.0,0.0,44.0,44.0,False,10.5,10.5,True
507051,5015,P03,MS-SER-VTC30,1,38.0,0.0,38.0,38.0,False,8.5,8.5,True
507052,5015,P02,MS-CLN-CRM150,1,24.0,0.0,24.0,24.0,False,5.4,5.4,True
507053,5016,P04,MS-SER-HYA30,1,34.0,5.1,34.0,28.9,False,7.2,7.2,True
507054,5017,P03,MS-SER-VTC30,1,38.0,5.7,38.0,32.3,False,8.5,8.5,True
507055,5018,P09,MS-EYE-015,1,30.0,0.0,30.0,30.0,False,7.5,7.5,True
507056,5018,P07,MS-MOI-SPF50,1,32.0,0.0,32.0,32.0,False,7.8,7.8,True
507057,5018,P08,MS-MOI-BAR50,1,36.0,0.0,36.0,36.0,False,8.0,8.0,True
507058,5019,P08,MS-MOI-BAR50,1,36.0,0.0,36.0,36.0,False,8.0,8.0,True
507059,5020,P09,MS-EYE-015,1,30.0,4.5,30.0,25.5,False,7.5,7.5,True
507060,5020,P11,MS-BDY-LOT400,1,28.0,4.2,28.0,23.8,False,8.5,8.5,True
507061,5020,P07,MS-MOI-SPF50,1,32.0,4.8,32.0,27.2,False,7.8,7.8,True
507062,5021,P03,MS-SER-VTC30,1,38.0,0.0,38.0,38.0,False,8.5,8.5,True
507063,5021,P04,MS-SER-HYA30,1,34.0,0.0,34.0,34.0,False,7.2,7.2,True
507064,5021,P05,MS-SER-NIA30,1,29.0,0.0,29.0,29.0,False,5.9,5.9,True
507065,5022,P07,MS-MOI-SPF50,1,32.0,3.2,32.0,28.8,False,7.8,7.8,True
507066,5023,P06,MS-TRT-RET50,1,44.0,0.0,44.0,44.0,False,10.5,10.5,True
507067,5024,P07,MS-MOI-SPF50,1,32.0,4.8,32.0,27.2,False,7.8,7.8,True
507068,5024,P01,MS-CLN-GEL150,1,22.0,3.3,22.0,18.7,False,4.8,4.8,True
507069,5025,P02,MS-CLN-CRM150,1,24.0,2.4,24.0,21.6,False,5.4,5.4,True
507070,5026,P02,MS-CLN-CRM150,1,24.0,0.0,24.0,24.0,False,5.4,5.4,True
507071,5026,P03,MS-SER-VTC30,1,38.0,0.0,38.0,38.0,False,8.5,8.5,True
507072,5027,P08,MS-MOI-BAR50,1,36.0,0.0,36.0,36.0,False,8.0,8.0,True
507073,5027,P07,MS-MOI-SPF50,1,32.0,0.0,32.0,32.0,False,7.8,7.8,True
507074,5027,P03,MS-SER-VTC30,1,38.0,0.0,38.0,38.0,False,8.5,8.5,True
507075,5028,P06,MS-TRT-RET50,2,44.0,10.56,88.0,77.44,False,10.5,21.0,True
507076,5029,P03,MS-SER-VTC30,1,38.0,5.7,38.0,32.3,False,8.5,8.5,False
507077,5029,P05,MS-SER-NIA30,1,29.0,4.35,29.0,24.65,False,5.9,5.9,False
507078,5029,P06,MS-TRT-RET50,1,44.0,6.6,44.0,37.4,False,10.5,10.5,False
507079,5030,P12,MS-SET-RTN3,1,88.0,0.0,88.0,88.0,False,21.1,21.1,True
507080,5031,P07,MS-MOI-SPF50,1,32.0,3.2,32.0,28.8,False,7.8,7.8,True
507081,5031,P02,MS-CLN-CRM150,1,24.0,2.4,24.0,21.6,False,5.4,5.4,True
507082,5032,P01,MS-CLN-GEL150,1,22.0,3.3,22.0,18.7,False,4.8,4.8,True
507083,5032,P07,MS-MOI-SPF50,1,32.0,4.8,32.0,27.2,False,7.8,7.8,True
507084,5032,P02,MS-CLN-CRM150,1,24.0,3.6,24.0,20.4,False,5.4,5.4,True
507085,5032,P12,MS-SET-RTN3,1,88.0,13.2,88.0,74.8,False,21.1,21.1,True
507086,5033,P08,MS-MOI-BAR50,1,36.0,5.4,36.0,30.6,False,8.0,8.0,True
507087,5033,P06,MS-TRT-RET50,1,44.0,6.6,44.0,37.4,False,10.5,10.5,True
507088,5033,P07,MS-MOI-SPF50,2,32.0,9.6,64.0,54.4,False,7.8,15.6,True
507089,5033,P03,MS-SER-VTC30,1,38.0,5.7,38.0,32.3,False,8.5,8.5,True
507090,5034,P03,MS-SER-VTC30,1,38.0,0.0,38.0,38.0,False,8.5,8.5,True
507091,5035,P06,MS-TRT-RET50,1,44.0,10.34,44.0,33.66,False,10.5,10.5,True
507092,5036,P03,MS-SER-VTC30,1,38.0,5.7,38.0,32.3,False,8.5,8.5,True
507093,5037,P11,MS-BDY-LOT400,1,28.0,0.0,28.0,28.0,False,8.5,8.5,True
507094,5038,P01,MS-CLN-GEL150,1,22.0,0.0,22.0,22.0,False,4.8,4.8,True
507095,5038,P03,MS-SER-VTC30,1,38.0,0.0,38.0,38.0,False,8.5,8.5,True
507096,5039,P01,MS-CLN-GEL150,1,22.0,0.0,22.0,22.0,False,4.8,4.8,True
507097,5039,P06,MS-TRT-RET50,1,44.0,0.0,44.0,44.0,False,10.5,10.5,True
507098,5040,P01,MS-CLN-GEL150,1,22.0,3.3,22.0,18.7,False,4.8,4.8,True
507099,5040,P06,MS-TRT-RET50,1,44.0,6.6,44.0,37.4,False,10.5,10.5,True
507100,5041,P05,MS-SER-NIA30,1,29.0,4.35,29.0,24.65,False,5.9,5.9,True
507101,5041,P11,MS-BDY-LOT400,1,28.0,4.2,28.0,23.8,False,8.5,8.5,True
507102,5042,P01,MS-CLN-GEL150,1,22.0,2.2,22.0,19.8,False,4.8,4.8,True
507103,5042,P07,MS-MOI-SPF50,1,32.0,3.2,32.0,28.8,False,7.8,7.8,True
507104,5043,P07,MS-MOI-SPF50,1,32.0,0.0,32.0,32.0,False,7.8,7.8,True
507105,5044,P02,MS-CLN-CRM150,1,24.0,2.4,24.0,21.6,False,5.4,5.4,True
507106,5044,P03,MS-SER-VTC30,1,38.0,3.8,38.0,34.2,False,8.5,8.5,True
507107,5044,P08,MS-MOI-BAR50,1,36.0,3.6,36.0,32.4,False,8.0,8.0,True
507108,5044,P10,MS-MSK-CLY100,2,26.0,5.2,52.0,46.8,False,6.0,12.0,True
507109,5045,P10,MS-MSK-CLY100,1,26.0,3.12,26.0,22.88,False,6.0,6.0,True
507110,5046,P02,MS-CLN-CRM150,1,24.0,0.0,24.0,24.0,False,5.4,5.4,True
507111,5046,P01,MS-CLN-GEL150,1,22.0,0.0,22.0,22.0,False,4.8,4.8,True
507112,5047,P03,MS-SER-VTC30,1,38.0,0.0,38.0,38.0,False,8.5,8.5,True
507113,5048,P08,MS-MOI-BAR50,1,36.0,0.0,36.0,36.0,False,8.0,8.0,True
507114,5049,P01,MS-CLN-GEL150,1,22.0,0.0,22.0,22.0,False,4.8,4.8,True
507115,5050,P07,MS-MOI-SPF50,1,32.0,0.0,32.0,32.0,False,7.8,7.8,True
507116,5050,P01,MS-CLN-GEL150,1,22.0,0.0,22.0,22.0,False,4.8,4.8,True
507117,5050,P04,MS-SER-HYA30,2,34.0,0.0,68.0,68.0,False,7.2,14.4,True
507118,5050,P03,MS-SER-VTC30,1,38.0,0.0,38.0,38.0,False,8.5,8.5,True
507119,5051,P01,MS-CLN-GEL150,1,22.0,3.3,22.0,18.7,False,4.8,4.8,True
507120,5052,P02,MS-CLN-CRM150,1,24.0,0.0,24.0,24.0,False,5.4,5.4,True
507121,5053,P06,MS-TRT-RET50,1,44.0,0.0,44.0,44.0,False,10.5,10.5,True
507122,5053,P07,MS-MOI-SPF50,1,32.0,0.0,32.0,32.0,False,7.8,7.8,True
507123,5053,P12,MS-SET-RTN3,1,88.0,0.0,88.0,88.0,False,21.1,21.1,True
507124,5054,P03,MS-SER-VTC30,1,38.0,0.0,38.0,38.0,False,8.5,8.5,True
507125,5055,P08,MS-MOI-BAR50,1,36.0,0.0,36.0,36.0,False,8.0,8.0,True
507126,5056,P02,MS-CLN-CRM150,1,24.0,3.6,24.0,20.4,False,5.4,5.4,True
507127,5057,P03,MS-SER-VTC30,1,38.0,0.0,38.0,38.0,False,8.5,8.5,True
507128,5058,P03,MS-SER-VTC30,1,38.0,0.0,38.0,38.0,False,8.5,8.5,True
507129,5059,P08,MS-MOI-BAR50,1,36.0,5.4,36.0,30.6,False,8.0,8.0,True
507130,5059,P03,MS-SER-VTC30,1,38.0,5.7,38.0,32.3,False,8.5,8.5,True
507131,5059,P01,MS-CLN-GEL150,1,22.0,3.3,22.0,18.7,False,4.8,4.8,True
507132,5059,P06,MS-TRT-RET50,1,44.0,6.6,44.0,37.4,False,10.5,10.5,True
507133,5060,P03,MS-SER-VTC30,1,38.0,5.7,38.0,32.3,False,8.5,8.5,True
507134,5061,P03,MS-SER-VTC30,1,38.0,5.7,38.0,32.3,False,8.5,8.5,True
507135,5062,P09,MS-EYE-015,1,30.0,4.5,30.0,25.5,False,7.5,7.5,True
507136,5062,P04,MS-SER-HYA30,1,34.0,5.1,34.0,28.9,False,7.2,7.2,True
507137,5062,P12,MS-SET-RTN3,1,88.0,13.2,88.0,74.8,False,21.1,21.1,True
507138,5063,P02,MS-CLN-CRM150,1,24.0,3.6,24.0,20.4,False,5.4,5.4,True
507139,5063,P03,MS-SER-VTC30,1,38.0,5.7,38.0,32.3,False,8.5,8.5,True
507140,5064,P02,MS-CLN-CRM150,1,24.0,2.4,24.0,21.6,False,5.4,5.4,True
507141,5064,P10,MS-MSK-CLY100,1,26.0,2.6,26.0,23.4,False,6.0,6.0,True
507142,5065,P03,MS-SER-VTC30,1,38.0,0.0,38.0,38.0,False,8.5,8.5,True
507143,5066,P10,MS-MSK-CLY100,1,26.0,0.0,26.0,26.0,False,6.0,6.0,True
507144,5067,P01,MS-CLN-GEL150,1,22.0,3.3,22.0,18.7,False,4.8,4.8,True
507145,5068,P01,MS-CLN-GEL150,1,22.0,0.0,22.0,22.0,False,4.8,4.8,True
507146,5069,P07,MS-MOI-SPF50,1,32.0,3.2,32.0,28.8,False,7.8,7.8,True
507147,5070,P03,MS-SER-VTC30,1,38.0,3.8,38.0,34.2,False,8.5,8.5,True
507148,5071,P11,MS-BDY-LOT400,1,28.0,0.0,28.0,28.0,False,8.5,8.5,True
507149,5072,P04,MS-SER-HYA30,1,34.0,9.44,34.0,24.560000000000002,False,7.2,7.2,True
507150,5073,P07,MS-MOI-SPF50,2,32.0,0.0,64.0,64.0,False,7.8,15.6,True
507151,5074,P03,MS-SER-VTC30,1,38.0,5.7,38.0,32.3,False,8.5,8.5,True
507152,5075,P07,MS-MOI-SPF50,2,32.0,0.0,64.0,64.0,False,7.8,15.6,True
507153,5076,P08,MS-MOI-BAR50,1,36.0,0.0,36.0,36.0,False,8.0,8.0,True
507154,5076,P12,MS-SET-RTN3,1,88.0,0.0,88.0,88.0,False,21.1,21.1,True
507155,5077,P10,MS-MSK-CLY100,1,26.0,3.9,26.0,22.1,False,6.0,6.0,True
507156,5077,P09,MS-EYE-015,1,30.0,4.5,30.0,25.5,False,7.5,7.5,True
507157,5078,P03,MS-SER-VTC30,1,38.0,0.0,38.0,38.0,False,8.5,8.5,True
507158,5078,P04,MS-SER-HYA30,1,34.0,0.0,34.0,34.0,False,7.2,7.2,True
507159,5078,P01,MS-CLN-GEL150,1,22.0,0.0,22.0,22.0,False,4.8,4.8,True
507160,5078,P06,MS-TRT-RET50,1,44.0,0.0,44.0,44.0,False,10.5,10.5,True
507161,5079,P08,MS-MOI-BAR50,1,36.0,0.0,36.0,36.0,False,8.0,8.0,True
507162,5079,P04,MS-SER-HYA30,1,34.0,0.0,34.0,34.0,False,7.2,7.2,True
507163,5080,P03,MS-SER-VTC30,1,38.0,5.7,38.0,32.3,False,8.5,8.5,True
507164,5081,P07,MS-MOI-SPF50,1,32.0,4.8,32.0,27.2,False,7.8,7.8,True
507165,5081,P01,MS-CLN-GEL150,1,22.0,3.3,22.0,18.7,False,4.8,4.8,True
507166,5082,P03,MS-SER-VTC30,1,38.0,5.7,38.0,32.3,False,8.5,8.5,True
507167,5082,P08,MS-MOI-BAR50,1,36.0,5.4,36.0,30.6,False,8.0,8.0,True
507168,5082,P10,MS-MSK-CLY100,1,26.0,3.9,26.0,22.1,False,6.0,6.0,True
507169,5082,P07,MS-MOI-SPF50,1,32.0,4.8,32.0,27.2,False,7.8,7.8,True
507170,5083,P07,MS-MOI-SPF50,1,32.0,4.8,32.0,27.2,False,7.8,7.8,True
507171,5083,P12,MS-SET-RTN3,1,88.0,13.2,88.0,74.8,False,21.1,21.1,True
507172,5084,P03,MS-SER-VTC30,1,38.0,5.7,38.0,32.3,False,8.5,8.5,True
507173,5085,P11,MS-BDY-LOT400,1,28.0,4.2,28.0,23.8,False,8.5,8.5,True
507174,5086,P02,MS-CLN-CRM150,1,24.0,3.6,24.0,20.4,False,5.4,5.4,True
507175,5087,P04,MS-SER-HYA30,1,34.0,9.43,34.0,24.57,False,7.2,7.2,True
507176,5087,P09,MS-EYE-015,1,30.0,8.33,30.0,21.67,False,7.5,7.5,True
507177,5087,P05,MS-SER-NIA30,1,29.0,8.05,29.0,20.95,False,5.9,5.9,True
507178,5088,P11,MS-BDY-LOT400,1,28.0,0.0,28.0,28.0,False,8.5,8.5,True
507179,5089,P01,MS-CLN-GEL150,1,22.0,3.3,22.0,18.7,False,4.8,4.8,True
507180,5089,P06,MS-TRT-RET50,1,44.0,6.6,44.0,37.4,False,10.5,10.5,True
507181,5090,P08,MS-MOI-BAR50,1,36.0,9.99,36.0,26.009999999999998,False,8.0,8.0,True
507182,5090,P11,MS-BDY-LOT400,1,28.0,7.77,28.0,20.23,False,8.5,8.5,True
507183,5090,P07,MS-MOI-SPF50,1,32.0,8.88,32.0,23.119999999999997,False,7.8,7.8,True
507184,5091,P07,MS-MOI-SPF50,2,32.0,9.6,64.0,54.4,False,7.8,15.6,True
507185,5091,P05,MS-SER-NIA30,1,29.0,4.35,29.0,24.65,False,5.9,5.9,True
507186,5092,P05,MS-SER-NIA30,1,29.0,2.9,29.0,26.1,False,5.9,5.9,True
507187,5092,P04,MS-SER-HYA30,1,34.0,3.4,34.0,30.6,False,7.2,7.2,True
507188,5092,P02,MS-CLN-CRM150,1,24.0,2.4,24.0,21.6,False,5.4,5.4,True
507189,5093,P03,MS-SER-VTC30,1,38.0,5.7,38.0,32.3,False,8.5,8.5,True
507190,5094,P07,MS-MOI-SPF50,1,32.0,4.8,32.0,27.2,False,7.8,7.8,True
507191,5095,P02,MS-CLN-CRM150,1,24.0,3.6,24.0,20.4,False,5.4,5.4,True
507192,5096,P04,MS-SER-HYA30,1,34.0,5.1,34.0,28.9,False,7.2,7.2,True
507193,5097,P11,MS-BDY-LOT400,2,28.0,0.0,56.0,56.0,False,8.5,17.0,True
507194,5098,P11,MS-BDY-LOT400,1,28.0,7.77,28.0,20.23,False,8.5,8.5,True
507195,5098,P01,MS-CLN-GEL150,1,22.0,6.11,22.0,15.89,False,4.8,4.8,True
507196,5099,P04,MS-SER-HYA30,1,34.0,5.1,34.0,28.9,False,7.2,7.2,True
507197,5100,P07,MS-MOI-SPF50,1,32.0,4.8,32.0,27.2,False,7.8,7.8,True
507198,5101,P03,MS-SER-VTC30,1,38.0,5.7,38.0,32.3,False,8.5,8.5,True
507199,5101,P12,MS-SET-RTN3,1,88.0,13.2,88.0,74.8,False,21.1,21.1,True
507200,5102,P03,MS-SER-VTC30,1,38.0,0.0,38.0,38.0,False,8.5,8.5,True
507201,5103,P04,MS-SER-HYA30,1,34.0,5.1,34.0,28.9,False,7.2,7.2,True
507202,5104,P12,MS-SET-RTN3,1,88.0,13.2,88.0,74.8,False,21.1,21.1,True
507203,5104,P03,MS-SER-VTC30,2,38.0,11.4,76.0,64.6,False,8.5,17.0,True
507204,5105,P03,MS-SER-VTC30,1,38.0,0.0,38.0,38.0,False,8.5,8.5,True
507205,5105,P07,MS-MOI-SPF50,1,32.0,0.0,32.0,32.0,False,7.8,7.8,True
507206,5105,P06,MS-TRT-RET50,1,44.0,0.0,44.0,44.0,False,10.5,10.5,True
507207,5106,P06,MS-TRT-RET50,1,44.0,6.6,44.0,37.4,False,10.5,10.5,True
507208,5107,P12,MS-SET-RTN3,1,88.0,13.2,88.0,74.8,False,21.1,21.1,True
507209,5108,P03,MS-SER-VTC30,1,38.0,0.0,38.0,38.0,False,8.5,8.5,True
507210,5109,P03,MS-SER-VTC30,1,38.0,0.0,38.0,38.0,False,8.5,8.5,True
507211,5110,P10,MS-MSK-CLY100,1,26.0,0.0,26.0,26.0,False,6.0,6.0,True
507212,5110,P09,MS-EYE-015,1,30.0,0.0,30.0,30.0,False,7.5,7.5,True
507213,5110,P06,MS-TRT-RET50,1,44.0,0.0,44.0,44.0,False,10.5,10.5,True
507214,5110,P03,MS-SER-VTC30,2,38.0,0.0,76.0,76.0,False,8.5,17.0,True
507215,5111,P03,MS-SER-VTC30,1,38.0,0.0,38.0,38.0,False,8.5,8.5,True
507216,5111,P02,MS-CLN-CRM150,1,24.0,0.0,24.0,24.0,False,5.4,5.4,True
507217,5112,P03,MS-SER-VTC30,1,38.0,0.0,38.0,38.0,False,8.5,8.5,True
507218,5113,P03,MS-SER-VTC30,1,38.0,5.7,38.0,32.3,False,8.5,8.5,True
507219,5113,P12,MS-SET-RTN3,1,88.0,13.2,88.0,74.8,False,21.1,21.1,True
507220,5113,P05,MS-SER-NIA30,1,29.0,4.35,29.0,24.65,False,5.9,5.9,True
507221,5114,P07,MS-MOI-SPF50,2,32.0,9.6,64.0,54.4,False,7.8,15.6,True
507222,5115,P03,MS-SER-VTC30,1,38.0,3.8,38.0,34.2,False,8.5,8.5,True
507223,5115,P01,MS-CLN-GEL150,1,22.0,2.2,22.0,19.8,False,4.8,4.8,True
507224,5115,P08,MS-MOI-BAR50,1,36.0,3.6,36.0,32.4,False,8.0,8.0,True
507225,5116,P11,MS-BDY-LOT400,1,28.0,0.0,28.0,28.0,False,8.5,8.5,True
507226,5117,P08,MS-MOI-BAR50,1,36.0,0.0,36.0,36.0,False,8.0,8.0,True
507227,5117,P07,MS-MOI-SPF50,2,32.0,0.0,64.0,64.0,False,7.8,15.6,True
507228,5118,P03,MS-SER-VTC30,1,38.0,5.7,38.0,32.3,False,8.5,8.5,True
507229,5119,P05,MS-SER-NIA30,1,29.0,4.35,29.0,24.65,False,5.9,5.9,True
507230,5120,P07,MS-MOI-SPF50,1,32.0,8.88,32.0,23.119999999999997,False,7.8,7.8,True
507231,5120,P09,MS-EYE-015,1,30.0,8.33,30.0,21.67,False,7.5,7.5,True
507232,5121,P05,MS-SER-NIA30,1,29.0,4.35,29.0,24.65,False,5.9,5.9,True
507233,5121,P07,MS-MOI-SPF50,1,32.0,4.8,32.0,27.2,False,7.8,7.8,True
507234,5122,P06,MS-TRT-RET50,1,44.0,6.6,44.0,37.4,False,10.5,10.5,True
507235,5122,P05,MS-SER-NIA30,1,29.0,4.35,29.0,24.65,False,5.9,5.9,True
507236,5122,P07,MS-MOI-SPF50,1,32.0,4.8,32.0,27.2,False,7.8,7.8,True
507237,5123,P12,MS-SET-RTN3,1,88.0,0.0,88.0,88.0,False,21.1,21.1,True
507238,5123,P07,MS-MOI-SPF50,1,32.0,0.0,32.0,32.0,False,7.8,7.8,True
507239,5123,P03,MS-SER-VTC30,1,38.0,0.0,38.0,38.0,False,8.5,8.5,True
507240,5123,P05,MS-SER-NIA30,1,29.0,0.0,29.0,29.0,False,5.9,5.9,True
507241,5124,P10,MS-MSK-CLY100,1,26.0,2.6,26.0,23.4,False,6.0,6.0,True
507242,5124,P01,MS-CLN-GEL150,1,22.0,2.2,22.0,19.8,False,4.8,4.8,True
507243,5124,P02,MS-CLN-CRM150,1,24.0,2.4,24.0,21.6,False,5.4,5.4,True
507244,5125,P06,MS-TRT-RET50,1,44.0,6.6,44.0,37.4,False,10.5,10.5,True
507245,5126,P03,MS-SER-VTC30,1,38.0,0.0,38.0,38.0,False,8.5,8.5,True
507246,5127,P05,MS-SER-NIA30,1,29.0,4.35,29.0,24.65,False,5.9,5.9,True
507247,5127,P02,MS-CLN-CRM150,1,24.0,3.6,24.0,20.4,False,5.4,5.4,True
507248,5128,P03,MS-SER-VTC30,2,38.0,0.0,76.0,76.0,False,8.5,17.0,True
507249,5129,P06,MS-TRT-RET50,1,44.0,6.6,44.0,37.4,False,10.5,10.5,True
507250,5129,P08,MS-MOI-BAR50,1,36.0,5.4,36.0,30.6,False,8.0,8.0,True
507251,5130,P12,MS-SET-RTN3,1,88.0,0.0,88.0,88.0,False,21.1,21.1,True
507252,5130,P07,MS-MOI-SPF50,1,32.0,0.0,32.0,32.0,False,7.8,7.8,True
507253,5130,P02,MS-CLN-CRM150,1,24.0,0.0,24.0,24.0,False,5.4,5.4,True
507254,5131,P04,MS-SER-HYA30,1,34.0,5.1,34.0,28.9,False,7.2,7.2,True
507255,5132,P03,MS-SER-VTC30,1,38.0,5.7,38.0,32.3,False,8.5,8.5,True
507256,5133,P03,MS-SER-VTC30,1,38.0,10.55,38.0,27.45,False,8.5,8.5,True
507257,5134,P07,MS-MOI-SPF50,1,32.0,4.8,32.0,27.2,False,7.8,7.8,True
507258,5134,P12,MS-SET-RTN3,1,88.0,13.2,88.0,74.8,False,21.1,21.1,True
507259,5135,P02,MS-CLN-CRM150,1,24.0,3.6,24.0,20.4,False,5.4,5.4,True
507260,5136,P06,MS-TRT-RET50,2,44.0,13.2,88.0,74.8,False,10.5,21.0,True
507261,5137,P12,MS-SET-RTN3,1,88.0,13.2,88.0,74.8,False,21.1,21.1,True
507262,5138,P01,MS-CLN-GEL150,1,22.0,2.64,22.0,19.36,False,4.8,4.8,True
507263,5139,P07,MS-MOI-SPF50,1,32.0,0.0,32.0,32.0,False,7.8,7.8,True
507264,5139,P02,MS-CLN-CRM150,1,24.0,0.0,24.0,24.0,False,5.4,5.4,True
507265,5140,P08,MS-MOI-BAR50,1,36.0,5.4,36.0,30.6,False,8.0,8.0,True
507266,5141,P10,MS-MSK-CLY100,1,26.0,3.9,26.0,22.1,False,6.0,6.0,True
507267,5141,P03,MS-SER-VTC30,1,38.0,5.7,38.0,32.3,False,8.5,8.5,True
507268,5141,P05,MS-SER-NIA30,1,29.0,4.35,29.0,24.65,False,5.9,5.9,True
507269,5141,P07,MS-MOI-SPF50,1,32.0,4.8,32.0,27.2,False,7.8,7.8,True
507270,5142,P03,MS-SER-VTC30,1,38.0,10.55,38.0,27.45,False,8.5,8.5,True
507271,5142,P07,MS-MOI-SPF50,1,32.0,8.88,32.0,23.119999999999997,False,7.8,7.8,True
507272,5143,P07,MS-MOI-SPF50,1,32.0,4.8,32.0,27.2,False,7.8,7.8,True
507273,5143,P06,MS-TRT-RET50,1,44.0,6.6,44.0,37.4,False,10.5,10.5,True
507274,5143,P10,MS-MSK-CLY100,1,26.0,3.9,26.0,22.1,False,6.0,6.0,True
507275,5144,P05,MS-SER-NIA30,2,29.0,8.7,58.0,49.3,False,5.9,11.8,True
507276,5145,P04,MS-SER-HYA30,1,34.0,5.1,34.0,28.9,False,7.2,7.2,True
507277,5146,P03,MS-SER-VTC30,1,38.0,0.0,38.0,38.0,False,8.5,8.5,True
507278,5147,P07,MS-MOI-SPF50,1,32.0,4.8,32.0,27.2,False,7.8,7.8,True
507279,5148,P05,MS-SER-NIA30,1,29.0,2.9,29.0,26.1,False,5.9,5.9,True
507280,5148,P04,MS-SER-HYA30,1,34.0,3.4,34.0,30.6,False,7.2,7.2,True
507281,5148,P01,MS-CLN-GEL150,2,22.0,4.4,44.0,39.6,False,4.8,9.6,True
507282,5148,P03,MS-SER-VTC30,1,38.0,3.8,38.0,34.2,False,8.5,8.5,True
507283,5149,P10,MS-MSK-CLY100,1,26.0,0.0,26.0,26.0,False,6.0,6.0,True
507284,5149,P05,MS-SER-NIA30,1,29.0,0.0,29.0,29.0,False,5.9,5.9,True
507285,5150,P10,MS-MSK-CLY100,1,26.0,0.0,26.0,26.0,False,6.0,6.0,True
507286,5151,P06,MS-TRT-RET50,1,44.0,6.6,44.0,37.4,False,10.5,10.5,True
507287,5152,P03,MS-SER-VTC30,1,38.0,5.7,38.0,32.3,False,8.5,8.5,True
507288,5152,P08,MS-MOI-BAR50,1,36.0,5.4,36.0,30.6,False,8.0,8.0,True
507289,5153,P08,MS-MOI-BAR50,1,36.0,0.0,36.0,36.0,False,8.0,8.0,True
507290,5153,P05,MS-SER-NIA30,1,29.0,0.0,29.0,29.0,False,5.9,5.9,True
507291,5153,P03,MS-SER-VTC30,2,38.0,0.0,76.0,76.0,False,8.5,17.0,True
507292,5154,P03,MS-SER-VTC30,1,38.0,0.0,38.0,38.0,False,8.5,8.5,True
507293,5155,P05,MS-SER-NIA30,1,29.0,4.35,29.0,24.65,False,5.9,5.9,True
507294,5156,P09,MS-EYE-015,1,30.0,0.0,30.0,30.0,False,7.5,7.5,True
507295,5156,P12,MS-SET-RTN3,1,88.0,0.0,88.0,88.0,False,21.1,21.1,True
507296,5157,P09,MS-EYE-015,1,30.0,4.5,30.0,25.5,False,7.5,7.5,True
507297,5158,P07,MS-MOI-SPF50,1,32.0,4.8,32.0,27.2,False,7.8,7.8,True
507298,5158,P04,MS-SER-HYA30,1,34.0,5.1,34.0,28.9,False,7.2,7.2,True
507299,5159,P03,MS-SER-VTC30,1,38.0,10.55,38.0,27.45,False,8.5,8.5,True
507300,5159,P09,MS-EYE-015,2,30.0,16.65,60.0,43.35,False,7.5,15.0,True
507301,5160,P01,MS-CLN-GEL150,1,22.0,3.3,22.0,18.7,False,4.8,4.8,True
507302,5160,P12,MS-SET-RTN3,1,88.0,13.2,88.0,74.8,False,21.1,21.1,True
507303,5160,P04,MS-SER-HYA30,1,34.0,5.1,34.0,28.9,False,7.2,7.2,True
507304,5160,P03,MS-SER-VTC30,1,38.0,5.7,38.0,32.3,False,8.5,8.5,True
507305,5161,P06,MS-TRT-RET50,1,44.0,0.0,44.0,44.0,False,10.5,10.5,True
507306,5162,P06,MS-TRT-RET50,2,44.0,13.2,88.0,74.8,False,10.5,21.0,True
507307,5163,P09,MS-EYE-015,1,30.0,4.5,30.0,25.5,False,7.5,7.5,True
507308,5164,P12,MS-SET-RTN3,1,88.0,0.0,88.0,88.0,False,21.1,21.1,True
507309,5165,P11,MS-BDY-LOT400,1,28.0,0.0,28.0,28.0,False,8.5,8.5,True
507310,5165,P01,MS-CLN-GEL150,1,22.0,0.0,22.0,22.0,False,4.8,4.8,True
507311,5166,P06,MS-TRT-RET50,1,44.0,6.6,44.0,37.4,False,10.5,10.5,True
507312,5167,P01,MS-CLN-GEL150,1,22.0,0.0,22.0,22.0,False,4.8,4.8,True
507313,5168,P03,MS-SER-VTC30,1,38.0,5.7,38.0,32.3,False,8.5,8.5,True
507314,5168,P05,MS-SER-NIA30,1,29.0,4.35,29.0,24.65,False,5.9,5.9,True
507315,5168,P04,MS-SER-HYA30,1,34.0,5.1,34.0,28.9,False,7.2,7.2,True
507316,5168,P01,MS-CLN-GEL150,2,22.0,6.6,44.0,37.4,False,4.8,9.6,True
507317,5169,P04,MS-SER-HYA30,1,34.0,5.1,34.0,28.9,False,7.2,7.2,True
507318,5169,P10,MS-MSK-CLY100,1,26.0,3.9,26.0,22.1,False,6.0,6.0,True
507319,5169,P01,MS-CLN-GEL150,1,22.0,3.3,22.0,18.7,False,4.8,4.8,True
507320,5169,P05,MS-SER-NIA30,1,29.0,4.35,29.0,24.65,False,5.9,5.9,True
507321,5170,P02,MS-CLN-CRM150,1,24.0,0.0,24.0,24.0,False,5.4,5.4,True
507322,5170,P08,MS-MOI-BAR50,1,36.0,0.0,36.0,36.0,False,8.0,8.0,True
507323,5170,P04,MS-SER-HYA30,1,34.0,0.0,34.0,34.0,False,7.2,7.2,True
507324,5171,P03,MS-SER-VTC30,1,38.0,5.7,38.0,32.3,False,8.5,8.5,True
507325,5172,P02,MS-CLN-CRM150,1,24.0,0.0,24.0,24.0,False,5.4,5.4,True
507326,5173,P08,MS-MOI-BAR50,1,36.0,3.6,36.0,32.4,False,8.0,8.0,True
507327,5173,P01,MS-CLN-GEL150,1,22.0,2.2,22.0,19.8,False,4.8,4.8,True
507328,5174,P08,MS-MOI-BAR50,1,36.0,5.4,36.0,30.6,False,8.0,8.0,True
507329,5174,P07,MS-MOI-SPF50,1,32.0,4.8,32.0,27.2,False,7.8,7.8,True
507330,5174,P01,MS-CLN-GEL150,2,22.0,6.6,44.0,37.4,False,4.8,9.6,True
507331,5175,P07,MS-MOI-SPF50,1,32.0,4.8,32.0,27.2,False,7.8,7.8,True
507332,5176,P02,MS-CLN-CRM150,2,24.0,7.2,48.0,40.8,False,5.4,10.8,True
507333,5177,P10,MS-MSK-CLY100,2,26.0,7.8,52.0,44.2,False,6.0,12.0,True
507334,5177,P03,MS-SER-VTC30,1,38.0,5.7,38.0,32.3,False,8.5,8.5,True
507335,5177,P07,MS-MOI-SPF50,1,32.0,4.8,32.0,27.2,False,7.8,7.8,True
507336,5178,P12,MS-SET-RTN3,1,88.0,13.2,88.0,74.8,False,21.1,21.1,True
507337,5179,P12,MS-SET-RTN3,1,88.0,13.2,88.0,74.8,False,21.1,21.1,True
507338,5180,P12,MS-SET-RTN3,1,88.0,0.0,88.0,88.0,False,21.1,21.1,True
507339,5180,P01,MS-CLN-GEL150,1,22.0,0.0,22.0,22.0,False,4.8,4.8,True
507340,5181,P09,MS-EYE-015,2,30.0,6.0,60.0,54.0,False,7.5,15.0,True
507341,5181,P01,MS-CLN-GEL150,2,22.0,4.4,44.0,39.6,False,4.8,9.6,True
507342,5182,P07,MS-MOI-SPF50,1,32.0,4.8,32.0,27.2,False,7.8,7.8,True
507343,5183,P01,MS-CLN-GEL150,1,22.0,0.0,22.0,22.0,False,4.8,4.8,True
507344,5184,P05,MS-SER-NIA30,1,29.0,0.0,29.0,29.0,False,5.9,5.9,True
507345,5184,P10,MS-MSK-CLY100,1,26.0,0.0,26.0,26.0,False,6.0,6.0,True
507346,5184,P03,MS-SER-VTC30,1,38.0,0.0,38.0,38.0,False,8.5,8.5,True
507347,5185,P08,MS-MOI-BAR50,1,36.0,0.0,36.0,36.0,False,8.0,8.0,True
507348,5186,P01,MS-CLN-GEL150,1,22.0,3.3,22.0,18.7,False,4.8,4.8,True
507349,5186,P03,MS-SER-VTC30,1,38.0,5.7,38.0,32.3,False,8.5,8.5,True
507350,5187,P03,MS-SER-VTC30,1,38.0,5.7,38.0,32.3,False,8.5,8.5,True
507351,5187,P01,MS-CLN-GEL150,1,22.0,3.3,22.0,18.7,False,4.8,4.8,True
507352,5187,P05,MS-SER-NIA30,1,29.0,4.35,29.0,24.65,False,5.9,5.9,True
507353,5187,P11,MS-BDY-LOT400,1,28.0,4.2,28.0,23.8,False,8.5,8.5,True
507354,5188,P05,MS-SER-NIA30,2,29.0,0.0,58.0,58.0,False,5.9,11.8,True
507355,5189,P07,MS-MOI-SPF50,1,32.0,4.8,32.0,27.2,False,7.8,7.8,True
507356,5190,P11,MS-BDY-LOT400,1,28.0,4.2,28.0,23.8,False,8.5,8.5,True
507357,5191,P12,MS-SET-RTN3,1,88.0,13.2,88.0,74.8,False,21.1,21.1,True
507358,5192,P04,MS-SER-HYA30,1,34.0,9.44,34.0,24.560000000000002,False,7.2,7.2,True
507359,5193,P03,MS-SER-VTC30,1,38.0,0.0,38.0,38.0,False,8.5,8.5,True
507360,5194,P07,MS-MOI-SPF50,1,32.0,4.8,32.0,27.2,False,7.8,7.8,True
507361,5195,P07,MS-MOI-SPF50,1,32.0,0.0,32.0,32.0,False,7.8,7.8,True
507362,5195,P09,MS-EYE-015,1,30.0,0.0,30.0,30.0,False,7.5,7.5,True
507363,5196,P02,MS-CLN-CRM150,1,24.0,3.6,24.0,20.4,False,5.4,5.4,True
507364,5196,P11,MS-BDY-LOT400,1,28.0,4.2,28.0,23.8,False,8.5,8.5,True
507365,5197,P03,MS-SER-VTC30,1,38.0,0.0,38.0,38.0,False,8.5,8.5,True
507366,5197,P01,MS-CLN-GEL150,1,22.0,0.0,22.0,22.0,False,4.8,4.8,True
507367,5198,P03,MS-SER-VTC30,1,38.0,0.0,38.0,38.0,False,8.5,8.5,True
507368,5199,P02,MS-CLN-CRM150,1,24.0,0.0,24.0,24.0,False,5.4,5.4,True
507369,5200,P05,MS-SER-NIA30,1,29.0,4.35,29.0,24.65,False,5.9,5.9,True
507370,5201,P12,MS-SET-RTN3,1,88.0,13.2,88.0,74.8,False,21.1,21.1,True
507371,5201,P10,MS-MSK-CLY100,1,26.0,3.9,26.0,22.1,False,6.0,6.0,True
507372,5202,P07,MS-MOI-SPF50,2,32.0,9.6,64.0,54.4,False,7.8,15.6,True
507373,5203,P01,MS-CLN-GEL150,2,22.0,4.4,44.0,39.6,False,4.8,9.6,True
507374,5204,P01,MS-CLN-GEL150,1,22.0,3.3,22.0,18.7,False,4.8,4.8,True
507375,5205,P12,MS-SET-RTN3,1,88.0,24.42,88.0,63.58,False,21.1,21.1,True
507376,5205,P08,MS-MOI-BAR50,1,36.0,9.99,36.0,26.009999999999998,False,8.0,8.0,True
507377,5206,P11,MS-BDY-LOT400,1,28.0,4.2,28.0,23.8,False,8.5,8.5,True
507378,5207,P01,MS-CLN-GEL150,1,22.0,3.3,22.0,18.7,False,4.8,4.8,True
507379,5207,P12,MS-SET-RTN3,1,88.0,13.2,88.0,74.8,False,21.1,21.1,True
507380,5207,P06,MS-TRT-RET50,1,44.0,6.6,44.0,37.4,False,10.5,10.5,True
507381,5208,P01,MS-CLN-GEL150,1,22.0,0.0,22.0,22.0,False,4.8,4.8,True
507382,5209,P07,MS-MOI-SPF50,1,32.0,4.8,32.0,27.2,False,7.8,7.8,True
507383,5210,P12,MS-SET-RTN3,1,88.0,13.2,88.0,74.8,False,21.1,21.1,True
507384,5211,P04,MS-SER-HYA30,1,34.0,0.0,34.0,34.0,False,7.2,7.2,True
507385,5212,P03,MS-SER-VTC30,2,38.0,0.0,76.0,76.0,False,8.5,17.0,True
507386,5213,P06,MS-TRT-RET50,1,44.0,0.0,44.0,44.0,False,10.5,10.5,True
507387,5214,P01,MS-CLN-GEL150,1,22.0,3.3,22.0,18.7,False,4.8,4.8,False
507388,5214,P06,MS-TRT-RET50,1,44.0,6.6,44.0,37.4,False,10.5,10.5,False
507389,5214,P03,MS-SER-VTC30,1,38.0,5.7,38.0,32.3,False,8.5,8.5,False
507390,5215,P11,MS-BDY-LOT400,1,28.0,4.2,28.0,23.8,False,8.5,8.5,True
507391,5216,P04,MS-SER-HYA30,1,34.0,0.0,34.0,34.0,False,7.2,7.2,True
507392,5217,P04,MS-SER-HYA30,1,34.0,0.0,34.0,34.0,False,7.2,7.2,True
507393,5217,P06,MS-TRT-RET50,1,44.0,0.0,44.0,44.0,False,10.5,10.5,True
507394,5217,P09,MS-EYE-015,1,30.0,0.0,30.0,30.0,False,7.5,7.5,True
507395,5218,P08,MS-MOI-BAR50,1,36.0,5.4,36.0,30.6,False,8.0,8.0,True
507396,5219,P03,MS-SER-VTC30,1,38.0,5.7,38.0,32.3,False,8.5,8.5,True
507397,5220,P02,MS-CLN-CRM150,2,24.0,7.2,48.0,40.8,False,5.4,10.8,True
507398,5220,P09,MS-EYE-015,1,30.0,4.5,30.0,25.5,False,7.5,7.5,True
507399,5221,P06,MS-TRT-RET50,2,44.0,0.0,88.0,88.0,False,10.5,21.0,True
507400,5221,P07,MS-MOI-SPF50,1,32.0,0.0,32.0,32.0,False,7.8,7.8,True
507401,5221,P05,MS-SER-NIA30,1,29.0,0.0,29.0,29.0,False,5.9,5.9,True
507402,5221,P04,MS-SER-HYA30,1,34.0,0.0,34.0,34.0,False,7.2,7.2,True
507403,5222,P03,MS-SER-VTC30,1,38.0,0.0,38.0,38.0,False,8.5,8.5,True
507404,5222,P12,MS-SET-RTN3,1,88.0,0.0,88.0,88.0,False,21.1,21.1,True
507405,5223,P09,MS-EYE-015,1,30.0,4.5,30.0,25.5,False,7.5,7.5,True
507406,5223,P04,MS-SER-HYA30,1,34.0,5.1,34.0,28.9,False,7.2,7.2,True
507407,5224,P01,MS-CLN-GEL150,1,22.0,0.0,22.0,22.0,False,4.8,4.8,True
507408,5225,P03,MS-SER-VTC30,2,38.0,0.0,76.0,76.0,False,8.5,17.0,True
507409,5225,P04,MS-SER-HYA30,1,34.0,0.0,34.0,34.0,False,7.2,7.2,True
507410,5226,P03,MS-SER-VTC30,2,38.0,0.0,76.0,76.0,False,8.5,17.0,True
507411,5226,P07,MS-MOI-SPF50,1,32.0,0.0,32.0,32.0,False,7.8,7.8,True
507412,5226,P04,MS-SER-HYA30,1,34.0,0.0,34.0,34.0,False,7.2,7.2,True
507413,5227,P03,MS-SER-VTC30,1,38.0,0.0,38.0,38.0,False,8.5,8.5,True
507414,5228,P07,MS-MOI-SPF50,1,32.0,4.8,32.0,27.2,False,7.8,7.8,True
507415,5229,P05,MS-SER-NIA30,1,29.0,0.0,29.0,29.0,False,5.9,5.9,True
507416,5230,P07,MS-MOI-SPF50,1,32.0,3.2,32.0,28.8,False,7.8,7.8,True
507417,5230,P08,MS-MOI-BAR50,1,36.0,3.6,36.0,32.4,False,8.0,8.0,True
507418,5231,P03,MS-SER-VTC30,2,38.0,0.0,76.0,76.0,False,8.5,17.0,True
507419,5231,P08,MS-MOI-BAR50,1,36.0,0.0,36.0,36.0,False,8.0,8.0,True
507420,5231,P10,MS-MSK-CLY100,1,26.0,0.0,26.0,26.0,False,6.0,6.0,True
507421,5232,P10,MS-MSK-CLY100,2,26.0,0.0,52.0,52.0,False,6.0,12.0,True
507422,5233,P11,MS-BDY-LOT400,1,28.0,4.2,28.0,23.8,False,8.5,8.5,True
507423,5234,P08,MS-MOI-BAR50,2,36.0,0.0,72.0,72.0,False,8.0,16.0,True
507424,5234,P04,MS-SER-HYA30,1,34.0,0.0,34.0,34.0,False,7.2,7.2,True
507425,5235,P02,MS-CLN-CRM150,1,24.0,0.0,24.0,24.0,False,5.4,5.4,True
507426,5236,P04,MS-SER-HYA30,1,34.0,0.0,34.0,34.0,False,7.2,7.2,True
507427,5237,P03,MS-SER-VTC30,1,38.0,3.8,38.0,34.2,False,8.5,8.5,True
507428,5238,P04,MS-SER-HYA30,1,34.0,0.0,34.0,34.0,False,7.2,7.2,True
507429,5238,P08,MS-MOI-BAR50,1,36.0,0.0,36.0,36.0,False,8.0,8.0,True
507430,5238,P03,MS-SER-VTC30,1,38.0,0.0,38.0,38.0,False,8.5,8.5,True
507431,5239,P06,MS-TRT-RET50,1,44.0,0.0,44.0,44.0,False,10.5,10.5,True
507432,5239,P03,MS-SER-VTC30,1,38.0,0.0,38.0,38.0,False,8.5,8.5,True
507433,5240,P09,MS-EYE-015,1,30.0,3.0,30.0,27.0,False,7.5,7.5,True
507434,5241,P08,MS-MOI-BAR50,1,36.0,0.0,36.0,36.0,False,8.0,8.0,True
507435,5241,P07,MS-MOI-SPF50,1,32.0,0.0,32.0,32.0,False,7.8,7.8,True
507436,5242,P09,MS-EYE-015,1,30.0,4.5,30.0,25.5,False,7.5,7.5,True
507437,5242,P11,MS-BDY-LOT400,1,28.0,4.2,28.0,23.8,False,8.5,8.5,True
507438,5243,P06,MS-TRT-RET50,1,44.0,6.6,44.0,37.4,False,10.5,10.5,True
507439,5243,P11,MS-BDY-LOT400,1,28.0,4.2,28.0,23.8,False,8.5,8.5,True
507440,5244,P04,MS-SER-HYA30,1,34.0,3.4,34.0,30.6,False,7.2,7.2,True
507441,5245,P12,MS-SET-RTN3,1,88.0,13.2,88.0,74.8,False,21.1,21.1,True
507442,5245,P07,MS-MOI-SPF50,1,32.0,4.8,32.0,27.2,False,7.8,7.8,True
507443,5246,P11,MS-BDY-LOT400,1,28.0,0.0,28.0,28.0,False,8.5,8.5,True
507444,5247,P03,MS-SER-VTC30,1,38.0,5.7,38.0,32.3,False,8.5,8.5,True
507445,5247,P11,MS-BDY-LOT400,1,28.0,4.2,28.0,23.8,False,8.5,8.5,True
507446,5248,P04,MS-SER-HYA30,2,34.0,0.0,68.0,68.0,False,7.2,14.4,True
507447,5249,P03,MS-SER-VTC30,1,38.0,0.0,38.0,38.0,False,8.5,8.5,False
507448,5249,P12,MS-SET-RTN3,1,88.0,0.0,88.0,88.0,False,21.1,21.1,False
507449,5250,P07,MS-MOI-SPF50,1,32.0,0.0,32.0,32.0,False,7.8,7.8,True
507450,5251,P01,MS-CLN-GEL150,1,22.0,0.0,22.0,22.0,False,4.8,4.8,True
507451,5251,P02,MS-CLN-CRM150,1,24.0,0.0,24.0,24.0,False,5.4,5.4,True
507452,5251,P04,MS-SER-HYA30,1,34.0,0.0,34.0,34.0,False,7.2,7.2,True
507453,5252,P04,MS-SER-HYA30,1,34.0,5.1,34.0,28.9,False,7.2,7.2,True
507454,5252,P05,MS-SER-NIA30,1,29.0,4.35,29.0,24.65,False,5.9,5.9,True
507455,5253,P07,MS-MOI-SPF50,1,32.0,0.0,32.0,32.0,False,7.8,7.8,True
507456,5254,P08,MS-MOI-BAR50,1,36.0,0.0,36.0,36.0,False,8.0,8.0,True
507457,5254,P07,MS-MOI-SPF50,1,32.0,0.0,32.0,32.0,False,7.8,7.8,True
507458,5254,P02,MS-CLN-CRM150,1,24.0,0.0,24.0,24.0,False,5.4,5.4,True
507459,5255,P04,MS-SER-HYA30,1,34.0,0.0,34.0,34.0,False,7.2,7.2,True
507460,5255,P12,MS-SET-RTN3,1,88.0,0.0,88.0,88.0,False,21.1,21.1,True
507461,5256,P06,MS-TRT-RET50,1,44.0,0.0,44.0,44.0,False,10.5,10.5,True
507462,5257,P07,MS-MOI-SPF50,1,32.0,4.8,32.0,27.2,False,7.8,7.8,True
507463,5257,P06,MS-TRT-RET50,1,44.0,6.6,44.0,37.4,False,10.5,10.5,True
507464,5257,P03,MS-SER-VTC30,1,38.0,5.7,38.0,32.3,False,8.5,8.5,True
507465,5257,P10,MS-MSK-CLY100,1,26.0,3.9,26.0,22.1,False,6.0,6.0,True
507466,5258,P01,MS-CLN-GEL150,1,22.0,0.0,22.0,22.0,False,4.8,4.8,True
507467,5259,P08,MS-MOI-BAR50,2,36.0,10.8,72.0,61.2,False,8.0,16.0,True
507468,5259,P04,MS-SER-HYA30,2,34.0,10.2,68.0,57.8,False,7.2,14.4,True
507469,5260,P12,MS-SET-RTN3,1,88.0,13.2,88.0,74.8,False,21.1,21.1,True
507470,5260,P03,MS-SER-VTC30,1,38.0,5.7,38.0,32.3,False,8.5,8.5,True
507471,5260,P01,MS-CLN-GEL150,1,22.0,3.3,22.0,18.7,False,4.8,4.8,True
507472,5261,P04,MS-SER-HYA30,1,34.0,0.0,34.0,34.0,False,7.2,7.2,True
507473,5262,P10,MS-MSK-CLY100,1,26.0,0.0,26.0,26.0,False,6.0,6.0,True
507474,5262,P12,MS-SET-RTN3,1,88.0,0.0,88.0,88.0,False,21.1,21.1,True
507475,5263,P09,MS-EYE-015,2,30.0,0.0,60.0,60.0,False,7.5,15.0,True
507476,5263,P04,MS-SER-HYA30,1,34.0,0.0,34.0,34.0,False,7.2,7.2,True
507477,5263,P03,MS-SER-VTC30,1,38.0,0.0,38.0,38.0,False,8.5,8.5,True
507478,5263,P01,MS-CLN-GEL150,1,22.0,0.0,22.0,22.0,False,4.8,4.8,True
507479,5264,P03,MS-SER-VTC30,1,38.0,0.0,38.0,38.0,False,8.5,8.5,True
507480,5265,P05,MS-SER-NIA30,1,29.0,0.0,29.0,29.0,False,5.9,5.9,True
507481,5265,P04,MS-SER-HYA30,1,34.0,0.0,34.0,34.0,False,7.2,7.2,True
507482,5266,P02,MS-CLN-CRM150,1,24.0,3.6,24.0,20.4,False,5.4,5.4,True
507483,5266,P01,MS-CLN-GEL150,1,22.0,3.3,22.0,18.7,False,4.8,4.8,True
507484,5266,P03,MS-SER-VTC30,1,38.0,5.7,38.0,32.3,False,8.5,8.5,True
507485,5267,P04,MS-SER-HYA30,1,34.0,0.0,34.0,34.0,False,7.2,7.2,True
507486,5267,P05,MS-SER-NIA30,1,29.0,0.0,29.0,29.0,False,5.9,5.9,True
507487,5267,P06,MS-TRT-RET50,1,44.0,0.0,44.0,44.0,False,10.5,10.5,True
507488,5268,P09,MS-EYE-015,1,30.0,3.0,30.0,27.0,False,7.5,7.5,True
507489,5269,P02,MS-CLN-CRM150,1,24.0,3.6,24.0,20.4,False,5.4,5.4,True
507490,5269,P03,MS-SER-VTC30,1,38.0,5.7,38.0,32.3,False,8.5,8.5,True
507491,5270,P09,MS-EYE-015,1,30.0,0.0,30.0,30.0,False,7.5,7.5,True
507492,5271,P11,MS-BDY-LOT400,1,28.0,0.0,28.0,28.0,False,8.5,8.5,False
507493,5271,P03,MS-SER-VTC30,2,38.0,0.0,76.0,76.0,False,8.5,17.0,False
507494,5272,P01,MS-CLN-GEL150,1,22.0,0.0,22.0,22.0,False,4.8,4.8,True
507495,5272,P04,MS-SER-HYA30,1,34.0,0.0,34.0,34.0,False,7.2,7.2,True
507496,5273,P01,MS-CLN-GEL150,1,22.0,3.3,22.0,18.7,False,4.8,4.8,True
507497,5273,P04,MS-SER-HYA30,2,34.0,10.2,68.0,57.8,False,7.2,14.4,True
507498,5273,P06,MS-TRT-RET50,1,44.0,6.6,44.0,37.4,False,10.5,10.5,True
507499,5274,P02,MS-CLN-CRM150,1,24.0,0.0,24.0,24.0,False,5.4,5.4,True
507500,5275,P12,MS-SET-RTN3,1,88.0,0.0,88.0,88.0,False,21.1,21.1,True
507501,5275,P03,MS-SER-VTC30,1,38.0,0.0,38.0,38.0,False,8.5,8.5,True
507502,5275,P04,MS-SER-HYA30,1,34.0,0.0,34.0,34.0,False,7.2,7.2,True
507503,5276,P04,MS-SER-HYA30,1,34.0,0.0,34.0,34.0,False,7.2,7.2,True
507504,5276,P02,MS-CLN-CRM150,1,24.0,0.0,24.0,24.0,False,5.4,5.4,True
507505,5277,P05,MS-SER-NIA30,1,29.0,0.0,29.0,29.0,False,5.9,5.9,True
507506,5277,P03,MS-SER-VTC30,1,38.0,0.0,38.0,38.0,False,8.5,8.5,True
507507,5277,P02,MS-CLN-CRM150,1,24.0,0.0,24.0,24.0,False,5.4,5.4,True
507508,5278,P03,MS-SER-VTC30,1,38.0,3.8,38.0,34.2,False,8.5,8.5,True
507509,5279,P07,MS-MOI-SPF50,1,32.0,0.0,32.0,32.0,False,7.8,7.8,True
507510,5280,P01,MS-CLN-GEL150,1,22.0,3.3,22.0,18.7,False,4.8,4.8,True
507511,5280,P03,MS-SER-VTC30,1,38.0,5.7,38.0,32.3,False,8.5,8.5,True
507512,5281,P06,MS-TRT-RET50,1,44.0,6.6,44.0,37.4,False,10.5,10.5,True
507513,5281,P02,MS-CLN-CRM150,1,24.0,3.6,24.0,20.4,False,5.4,5.4,True
507514,5282,P12,MS-SET-RTN3,1,88.0,0.0,88.0,88.0,False,21.1,21.1,True
507515,5283,P07,MS-MOI-SPF50,1,32.0,3.2,32.0,28.8,False,7.8,7.8,True
507516,5283,P03,MS-SER-VTC30,1,38.0,3.8,38.0,34.2,False,8.5,8.5,True
507517,5283,P02,MS-CLN-CRM150,1,24.0,2.4,24.0,21.6,False,5.4,5.4,True
507518,5284,P04,MS-SER-HYA30,1,34.0,5.1,34.0,28.9,False,7.2,7.2,True
507519,5285,P03,MS-SER-VTC30,1,38.0,5.7,38.0,32.3,False,8.5,8.5,True
507520,5286,P01,MS-CLN-GEL150,1,22.0,0.0,22.0,22.0,False,4.8,4.8,True
507521,5287,P12,MS-SET-RTN3,1,88.0,0.0,88.0,88.0,False,21.1,21.1,False
507522,5288,P01,MS-CLN-GEL150,2,22.0,0.0,44.0,44.0,False,4.8,9.6,True
507523,5288,P05,MS-SER-NIA30,1,29.0,0.0,29.0,29.0,False,5.9,5.9,True
507524,5289,P05,MS-SER-NIA30,1,29.0,0.0,29.0,29.0,False,5.9,5.9,True
507525,5289,P08,MS-MOI-BAR50,1,36.0,0.0,36.0,36.0,False,8.0,8.0,True
507526,5290,P07,MS-MOI-SPF50,1,32.0,0.0,32.0,32.0,False,7.8,7.8,True
507527,5291,P06,MS-TRT-RET50,1,44.0,4.4,44.0,39.6,False,10.5,10.5,True
507528,5292,P04,MS-SER-HYA30,1,34.0,5.1,34.0,28.9,False,7.2,7.2,True
507529,5292,P02,MS-CLN-CRM150,1,24.0,3.6,24.0,20.4,False,5.4,5.4,True
507530,5293,P02,MS-CLN-CRM150,2,24.0,0.0,48.0,48.0,False,5.4,10.8,True
507531,5293,P03,MS-SER-VTC30,1,38.0,0.0,38.0,38.0,False,8.5,8.5,True
507532,5293,P06,MS-TRT-RET50,1,44.0,0.0,44.0,44.0,False,10.5,10.5,True
507533,5294,P04,MS-SER-HYA30,1,34.0,3.4,34.0,30.6,False,7.2,7.2,True
507534,5295,P03,MS-SER-VTC30,2,38.0,7.6,76.0,68.4,False,8.5,17.0,True
507535,5296,P03,MS-SER-VTC30,1,38.0,5.7,38.0,32.3,False,8.5,8.5,True
507536,5297,P07,MS-MOI-SPF50,1,32.0,0.0,32.0,32.0,False,7.8,7.8,True
507537,5298,P06,MS-TRT-RET50,2,44.0,8.8,88.0,79.2,False,10.5,21.0,True
507538,5299,P12,MS-SET-RTN3,1,88.0,8.8,88.0,79.2,False,21.1,21.1,True
507539,5299,P03,MS-SER-VTC30,1,38.0,3.8,38.0,34.2,False,8.5,8.5,True
507540,5300,P01,MS-CLN-GEL150,1,22.0,0.0,22.0,22.0,False,4.8,4.8,True
507541,5301,P01,MS-CLN-GEL150,1,22.0,0.0,22.0,22.0,False,4.8,4.8,True
507542,5301,P07,MS-MOI-SPF50,1,32.0,0.0,32.0,32.0,False,7.8,7.8,True
507543,5302,P09,MS-EYE-015,2,30.0,0.0,60.0,60.0,False,7.5,15.0,True
507544,5302,P01,MS-CLN-GEL150,2,22.0,0.0,44.0,44.0,False,4.8,9.6,True
507545,5302,P03,MS-SER-VTC30,2,38.0,0.0,76.0,76.0,False,8.5,17.0,True
507546,5303,P03,MS-SER-VTC30,1,38.0,5.7,38.0,32.3,False,8.5,8.5,True
507547,5303,P02,MS-CLN-CRM150,2,24.0,7.2,48.0,40.8,False,5.4,10.8,True
507548,5303,P06,MS-TRT-RET50,1,44.0,6.6,44.0,37.4,False,10.5,10.5,True
507549,5304,P07,MS-MOI-SPF50,1,32.0,0.0,32.0,32.0,False,7.8,7.8,True
507550,5305,P01,MS-CLN-GEL150,1,22.0,0.0,22.0,22.0,False,4.8,4.8,True
507551,5305,P07,MS-MOI-SPF50,2,32.0,0.0,64.0,64.0,False,7.8,15.6,True
507552,5306,P03,MS-SER-VTC30,1,38.0,0.0,38.0,38.0,False,8.5,8.5,True
507553,5306,P08,MS-MOI-BAR50,2,36.0,0.0,72.0,72.0,False,8.0,16.0,True
507554,5307,P07,MS-MOI-SPF50,1,32.0,0.0,32.0,32.0,False,7.8,7.8,True
507555,5307,P12,MS-SET-RTN3,1,88.0,0.0,88.0,88.0,False,21.1,21.1,True
507556,5307,P03,MS-SER-VTC30,1,38.0,0.0,38.0,38.0,False,8.5,8.5,True
507557,5307,P02,MS-CLN-CRM150,1,24.0,0.0,24.0,24.0,False,5.4,5.4,True
507558,5308,P07,MS-MOI-SPF50,1,32.0,0.0,32.0,32.0,False,7.8,7.8,True
507559,5308,P06,MS-TRT-RET50,1,44.0,0.0,44.0,44.0,False,10.5,10.5,True
507560,5308,P04,MS-SER-HYA30,1,34.0,0.0,34.0,34.0,False,7.2,7.2,True
507561,5308,P02,MS-CLN-CRM150,1,24.0,0.0,24.0,24.0,False,5.4,5.4,True
507562,5309,P12,MS-SET-RTN3,1,88.0,0.0,88.0,88.0,False,21.1,21.1,True
507563,5309,P04,MS-SER-HYA30,1,34.0,0.0,34.0,34.0,False,7.2,7.2,True
507564,5309,P03,MS-SER-VTC30,1,38.0,0.0,38.0,38.0,False,8.5,8.5,True
507565,5310,P04,MS-SER-HYA30,1,34.0,5.1,34.0,28.9,False,7.2,7.2,True
507566,5311,P07,MS-MOI-SPF50,1,32.0,4.8,32.0,27.2,False,7.8,7.8,True
507567,5312,P03,MS-SER-VTC30,1,38.0,0.0,38.0,38.0,False,8.5,8.5,True
507568,5312,P05,MS-SER-NIA30,1,29.0,0.0,29.0,29.0,False,5.9,5.9,True
507569,5312,P01,MS-CLN-GEL150,1,22.0,0.0,22.0,22.0,False,4.8,4.8,True
507570,5313,P05,MS-SER-NIA30,1,29.0,4.35,29.0,24.65,False,5.9,5.9,True
507571,5314,P08,MS-MOI-BAR50,1,36.0,0.0,36.0,36.0,False,8.0,8.0,True
507572,5315,P11,MS-BDY-LOT400,1,28.0,0.0,28.0,28.0,False,8.5,8.5,True
507573,5316,P04,MS-SER-HYA30,1,34.0,3.4,34.0,30.6,False,7.2,7.2,True
507574,5317,P04,MS-SER-HYA30,1,34.0,0.0,34.0,34.0,False,7.2,7.2,True
507575,5317,P02,MS-CLN-CRM150,1,24.0,0.0,24.0,24.0,False,5.4,5.4,True
507576,5317,P05,MS-SER-NIA30,1,29.0,0.0,29.0,29.0,False,5.9,5.9,True
507577,5318,P11,MS-BDY-LOT400,1,28.0,0.0,28.0,28.0,False,8.5,8.5,True
507578,5318,P02,MS-CLN-CRM150,1,24.0,0.0,24.0,24.0,False,5.4,5.4,True
507579,5319,P08,MS-MOI-BAR50,1,36.0,0.0,36.0,36.0,False,8.0,8.0,True
507580,5319,P03,MS-SER-VTC30,1,38.0,0.0,38.0,38.0,False,8.5,8.5,True
507581,5320,P06,MS-TRT-RET50,1,44.0,4.4,44.0,39.6,False,10.5,10.5,True
507582,5321,P06,MS-TRT-RET50,1,44.0,6.6,44.0,37.4,False,10.5,10.5,True
507583,5322,P01,MS-CLN-GEL150,1,22.0,0.0,22.0,22.0,False,4.8,4.8,True
507584,5323,P03,MS-SER-VTC30,1,38.0,0.0,38.0,38.0,False,8.5,8.5,True
507585,5324,P08,MS-MOI-BAR50,1,36.0,0.0,36.0,36.0,False,8.0,8.0,True
507586,5325,P03,MS-SER-VTC30,1,38.0,5.7,38.0,32.3,False,8.5,8.5,True
507587,5326,P08,MS-MOI-BAR50,1,36.0,5.4,36.0,30.6,False,8.0,8.0,True
507588,5326,P02,MS-CLN-CRM150,1,24.0,3.6,24.0,20.4,False,5.4,5.4,True
507589,5327,P01,MS-CLN-GEL150,1,22.0,0.0,22.0,22.0,False,4.8,4.8,True
507590,5328,P03,MS-SER-VTC30,1,38.0,3.8,38.0,34.2,False,8.5,8.5,True
507591,5328,P04,MS-SER-HYA30,1,34.0,3.4,34.0,30.6,False,7.2,7.2,True
507592,5329,P05,MS-SER-NIA30,1,29.0,0.0,29.0,29.0,False,5.9,5.9,True
507593,5330,P01,MS-CLN-GEL150,1,22.0,0.0,22.0,22.0,False,4.8,4.8,True
507594,5330,P08,MS-MOI-BAR50,1,36.0,0.0,36.0,36.0,False,8.0,8.0,True
507595,5331,P06,MS-TRT-RET50,1,44.0,6.6,44.0,37.4,False,10.5,10.5,True
507596,5332,P12,MS-SET-RTN3,1,88.0,0.0,88.0,88.0,False,21.1,21.1,True
507597,5333,P08,MS-MOI-BAR50,1,36.0,0.0,36.0,36.0,False,8.0,8.0,True
507598,5334,P07,MS-MOI-SPF50,2,32.0,9.6,64.0,54.4,False,7.8,15.6,True
507599,5335,P08,MS-MOI-BAR50,1,36.0,0.0,36.0,36.0,False,8.0,8.0,True
507600,5336,P07,MS-MOI-SPF50,1,32.0,4.8,32.0,27.2,False,7.8,7.8,True
507601,5337,P07,MS-MOI-SPF50,1,32.0,0.0,32.0,32.0,False,7.8,7.8,True
507602,5338,P07,MS-MOI-SPF50,1,32.0,4.8,32.0,27.2,False,7.8,7.8,True
507603,5338,P04,MS-SER-HYA30,2,34.0,10.2,68.0,57.8,False,7.2,14.4,True
507604,5339,P05,MS-SER-NIA30,1,29.0,0.0,29.0,29.0,False,5.9,5.9,True
507605,5339,P09,MS-EYE-015,1,30.0,0.0,30.0,30.0,False,7.5,7.5,True
507606,5339,P03,MS-SER-VTC30,1,38.0,0.0,38.0,38.0,False,8.5,8.5,True
507607,5340,P10,MS-MSK-CLY100,1,26.0,3.9,26.0,22.1,False,6.0,6.0,True
507608,5341,P06,MS-TRT-RET50,1,44.0,0.0,44.0,44.0,False,10.5,10.5,True
507609,5341,P08,MS-MOI-BAR50,1,36.0,0.0,36.0,36.0,False,8.0,8.0,True
507610,5342,P03,MS-SER-VTC30,1,38.0,5.7,38.0,32.3,False,8.5,8.5,True
507611,5342,P08,MS-MOI-BAR50,1,36.0,5.4,36.0,30.6,False,8.0,8.0,True
507612,5342,P06,MS-TRT-RET50,1,44.0,6.6,44.0,37.4,False,10.5,10.5,True
507613,5343,P09,MS-EYE-015,1,30.0,4.5,30.0,25.5,False,7.5,7.5,True
507614,5343,P07,MS-MOI-SPF50,1,32.0,4.8,32.0,27.2,False,7.8,7.8,True
507615,5343,P03,MS-SER-VTC30,1,38.0,5.7,38.0,32.3,False,8.5,8.5,True
507616,5344,P02,MS-CLN-CRM150,1,24.0,0.0,24.0,24.0,False,5.4,5.4,True
507617,5344,P07,MS-MOI-SPF50,1,32.0,0.0,32.0,32.0,False,7.8,7.8,True
507618,5345,P03,MS-SER-VTC30,1,38.0,0.0,38.0,38.0,False,8.5,8.5,True
507619,5346,P05,MS-SER-NIA30,1,29.0,4.35,29.0,24.65,False,5.9,5.9,True
507620,5347,P12,MS-SET-RTN3,1,88.0,0.0,88.0,88.0,False,21.1,21.1,True
507621,5348,P03,MS-SER-VTC30,1,38.0,0.0,38.0,38.0,False,8.5,8.5,True
507622,5349,P06,MS-TRT-RET50,1,44.0,0.0,44.0,44.0,False,10.5,10.5,True
507623,5349,P05,MS-SER-NIA30,1,29.0,0.0,29.0,29.0,False,5.9,5.9,True
507624,5350,P09,MS-EYE-015,1,30.0,0.0,30.0,30.0,False,7.5,7.5,True
507625,5351,P05,MS-SER-NIA30,1,29.0,0.0,29.0,29.0,False,5.9,5.9,True
507626,5352,P04,MS-SER-HYA30,1,34.0,5.1,34.0,28.9,False,7.2,7.2,True
507627,5352,P09,MS-EYE-015,1,30.0,4.5,30.0,25.5,False,7.5,7.5,True
507628,5353,P01,MS-CLN-GEL150,1,22.0,0.0,22.0,22.0,False,4.8,4.8,True
507629,5353,P05,MS-SER-NIA30,1,29.0,0.0,29.0,29.0,False,5.9,5.9,True
507630,5354,P06,MS-TRT-RET50,2,44.0,0.0,88.0,88.0,False,10.5,21.0,True
507631,5355,P03,MS-SER-VTC30,1,38.0,5.7,38.0,32.3,False,8.5,8.5,True
507632,5355,P10,MS-MSK-CLY100,1,26.0,3.9,26.0,22.1,False,6.0,6.0,True
507633,5356,P07,MS-MOI-SPF50,1,32.0,3.2,32.0,28.8,False,7.8,7.8,True
507634,5356,P04,MS-SER-HYA30,1,34.0,3.4,34.0,30.6,False,7.2,7.2,True
507635,5357,P07,MS-MOI-SPF50,2,32.0,0.0,64.0,64.0,False,7.8,15.6,True
507636,5358,P03,MS-SER-VTC30,1,38.0,0.0,38.0,38.0,False,8.5,8.5,True
507637,5358,P07,MS-MOI-SPF50,1,32.0,0.0,32.0,32.0,False,7.8,7.8,True
507638,5359,P01,MS-CLN-GEL150,1,22.0,0.0,22.0,22.0,False,4.8,4.8,True
507639,5360,P03,MS-SER-VTC30,1,38.0,0.0,38.0,38.0,False,8.5,8.5,True
507640,5361,P09,MS-EYE-015,1,30.0,0.0,30.0,30.0,False,7.5,7.5,True
507641,5361,P10,MS-MSK-CLY100,2,26.0,0.0,52.0,52.0,False,6.0,12.0,True
507642,5361,P07,MS-MOI-SPF50,1,32.0,0.0,32.0,32.0,False,7.8,7.8,True
507643,5362,P07,MS-MOI-SPF50,1,32.0,0.0,32.0,32.0,False,7.8,7.8,True
507644,5362,P08,MS-MOI-BAR50,1,36.0,0.0,36.0,36.0,False,8.0,8.0,True
507645,5363,P03,MS-SER-VTC30,1,38.0,5.7,38.0,32.3,False,8.5,8.5,True
507646,5364,P03,MS-SER-VTC30,1,38.0,5.7,38.0,32.3,False,8.5,8.5,True
507647,5365,P08,MS-MOI-BAR50,1,36.0,5.4,36.0,30.6,False,8.0,8.0,True
507648,5365,P07,MS-MOI-SPF50,1,32.0,4.8,32.0,27.2,False,7.8,7.8,True
507649,5365,P04,MS-SER-HYA30,1,34.0,5.1,34.0,28.9,False,7.2,7.2,True
507650,5365,P03,MS-SER-VTC30,1,38.0,5.7,38.0,32.3,False,8.5,8.5,True
507651,5366,P07,MS-MOI-SPF50,1,32.0,4.8,32.0,27.2,False,7.8,7.8,True
507652,5367,P08,MS-MOI-BAR50,1,36.0,0.0,36.0,36.0,False,8.0,8.0,True
507653,5368,P03,MS-SER-VTC30,1,38.0,5.7,38.0,32.3,False,8.5,8.5,True
507654,5368,P07,MS-MOI-SPF50,1,32.0,4.8,32.0,27.2,False,7.8,7.8,True
507655,5369,P02,MS-CLN-CRM150,1,24.0,2.4,24.0,21.6,False,5.4,5.4,True
507656,5370,P07,MS-MOI-SPF50,1,32.0,3.2,32.0,28.8,False,7.8,7.8,True
507657,5370,P05,MS-SER-NIA30,1,29.0,2.9,29.0,26.1,False,5.9,5.9,True
507658,5371,P06,MS-TRT-RET50,2,44.0,13.2,88.0,74.8,False,10.5,21.0,True
507659,5371,P05,MS-SER-NIA30,1,29.0,4.35,29.0,24.65,False,5.9,5.9,True
507660,5372,P07,MS-MOI-SPF50,2,32.0,0.0,64.0,64.0,False,7.8,15.6,True
507661,5372,P08,MS-MOI-BAR50,1,36.0,0.0,36.0,36.0,False,8.0,8.0,True
507662,5372,P01,MS-CLN-GEL150,1,22.0,0.0,22.0,22.0,False,4.8,4.8,True
507663,5372,P05,MS-SER-NIA30,2,29.0,0.0,58.0,58.0,False,5.9,11.8,True
507664,5373,P01,MS-CLN-GEL150,1,22.0,0.0,22.0,22.0,False,4.8,4.8,True
507665,5373,P02,MS-CLN-CRM150,1,24.0,0.0,24.0,24.0,False,5.4,5.4,True
507666,5374,P05,MS-SER-NIA30,1,29.0,4.35,29.0,24.65,False,5.9,5.9,True
507667,5374,P04,MS-SER-HYA30,1,34.0,5.1,34.0,28.9,False,7.2,7.2,True
507668,5374,P01,MS-CLN-GEL150,1,22.0,3.3,22.0,18.7,False,4.8,4.8,True
507669,5375,P04,MS-SER-HYA30,1,34.0,3.4,34.0,30.6,False,7.2,7.2,True
507670,5375,P02,MS-CLN-CRM150,1,24.0,2.4,24.0,21.6,False,5.4,5.4,True
507671,5376,P03,MS-SER-VTC30,1,38.0,5.7,38.0,32.3,False,8.5,8.5,True
507672,5377,P01,MS-CLN-GEL150,1,22.0,3.3,22.0,18.7,False,4.8,4.8,True
507673,5378,P04,MS-SER-HYA30,2,34.0,6.8,68.0,61.2,False,7.2,14.4,True
507674,5379,P07,MS-MOI-SPF50,1,32.0,4.8,32.0,27.2,False,7.8,7.8,True
507675,5380,P03,MS-SER-VTC30,1,38.0,5.7,38.0,32.3,False,8.5,8.5,True
507676,5380,P10,MS-MSK-CLY100,1,26.0,3.9,26.0,22.1,False,6.0,6.0,True
507677,5381,P04,MS-SER-HYA30,1,34.0,3.4,34.0,30.6,False,7.2,7.2,True
507678,5381,P07,MS-MOI-SPF50,2,32.0,6.4,64.0,57.6,False,7.8,15.6,True
507679,5382,P03,MS-SER-VTC30,1,38.0,0.0,38.0,38.0,False,8.5,8.5,True
507680,5383,P02,MS-CLN-CRM150,1,24.0,3.6,24.0,20.4,False,5.4,5.4,True
507681,5384,P12,MS-SET-RTN3,1,88.0,13.2,88.0,74.8,False,21.1,21.1,True
507682,5384,P06,MS-TRT-RET50,1,44.0,6.6,44.0,37.4,False,10.5,10.5,True
507683,5385,P01,MS-CLN-GEL150,1,22.0,0.0,22.0,22.0,False,4.8,4.8,True
507684,5386,P10,MS-MSK-CLY100,1,26.0,0.0,26.0,26.0,False,6.0,6.0,True
507685,5387,P11,MS-BDY-LOT400,1,28.0,0.0,28.0,28.0,False,8.5,8.5,True
507686,5388,P02,MS-CLN-CRM150,1,24.0,0.0,24.0,24.0,False,5.4,5.4,True
507687,5388,P04,MS-SER-HYA30,1,34.0,0.0,34.0,34.0,False,7.2,7.2,True
507688,5389,P05,MS-SER-NIA30,1,29.0,0.0,29.0,29.0,False,5.9,5.9,True
507689,5389,P11,MS-BDY-LOT400,1,28.0,0.0,28.0,28.0,False,8.5,8.5,True
507690,5390,P03,MS-SER-VTC30,1,38.0,3.8,38.0,34.2,False,8.5,8.5,True
507691,5391,P10,MS-MSK-CLY100,1,26.0,3.9,26.0,22.1,False,6.0,6.0,True
507692,5392,P05,MS-SER-NIA30,1,29.0,0.0,29.0,29.0,False,5.9,5.9,True
507693,5393,P05,MS-SER-NIA30,1,29.0,0.0,29.0,29.0,False,5.9,5.9,True
507694,5394,P02,MS-CLN-CRM150,2,24.0,7.2,48.0,40.8,False,5.4,10.8,True
507695,5395,P11,MS-BDY-LOT400,1,28.0,4.2,28.0,23.8,False,8.5,8.5,True
507696,5395,P06,MS-TRT-RET50,2,44.0,13.2,88.0,74.8,False,10.5,21.0,True
507697,5396,P01,MS-CLN-GEL150,1,22.0,0.0,22.0,22.0,False,4.8,4.8,True
507698,5396,P08,MS-MOI-BAR50,1,36.0,0.0,36.0,36.0,False,8.0,8.0,True
507699,5396,P06,MS-TRT-RET50,1,44.0,0.0,44.0,44.0,False,10.5,10.5,True
507700,5397,P03,MS-SER-VTC30,1,38.0,0.0,38.0,38.0,False,8.5,8.5,True
507701,5398,P04,MS-SER-HYA30,1,34.0,0.0,34.0,34.0,False,7.2,7.2,True
507702,5399,P04,MS-SER-HYA30,1,34.0,5.1,34.0,28.9,False,7.2,7.2,True
507703,5400,P02,MS-CLN-CRM150,1,24.0,0.0,24.0,24.0,False,5.4,5.4,True
507704,5400,P04,MS-SER-HYA30,1,34.0,0.0,34.0,34.0,False,7.2,7.2,True
507705,5400,P03,MS-SER-VTC30,1,38.0,0.0,38.0,38.0,False,8.5,8.5,True
507706,5400,P12,MS-SET-RTN3,1,88.0,0.0,88.0,88.0,False,21.1,21.1,True
507707,5401,P04,MS-SER-HYA30,1,34.0,5.1,34.0,28.9,False,7.2,7.2,True
507708,5401,P03,MS-SER-VTC30,1,38.0,5.7,38.0,32.3,False,8.5,8.5,True
507709,5402,P04,MS-SER-HYA30,1,34.0,0.0,34.0,34.0,False,7.2,7.2,True
507710,5403,P01,MS-CLN-GEL150,1,22.0,0.0,22.0,22.0,False,4.8,4.8,True
507711,5403,P04,MS-SER-HYA30,1,34.0,0.0,34.0,34.0,False,7.2,7.2,True
507712,5404,P07,MS-MOI-SPF50,2,32.0,0.0,64.0,64.0,False,7.8,15.6,True
507713,5404,P04,MS-SER-HYA30,1,34.0,0.0,34.0,34.0,False,7.2,7.2,True
507714,5405,P06,MS-TRT-RET50,1,44.0,6.6,44.0,37.4,False,10.5,10.5,True
507715,5405,P05,MS-SER-NIA30,1,29.0,4.35,29.0,24.65,False,5.9,5.9,True
507716,5406,P06,MS-TRT-RET50,1,44.0,0.0,44.0,44.0,False,10.5,10.5,True
507717,5407,P03,MS-SER-VTC30,1,38.0,0.0,38.0,38.0,False,8.5,8.5,True
507718,5408,P06,MS-TRT-RET50,1,44.0,0.0,44.0,44.0,False,10.5,10.5,True
507719,5408,P03,MS-SER-VTC30,1,38.0,0.0,38.0,38.0,False,8.5,8.5,True
507720,5409,P12,MS-SET-RTN3,1,88.0,0.0,88.0,88.0,False,21.1,21.1,True
507721,5410,P01,MS-CLN-GEL150,1,22.0,3.3,22.0,18.7,False,4.8,4.8,True
507722,5410,P08,MS-MOI-BAR50,1,36.0,5.4,36.0,30.6,False,8.0,8.0,True
507723,5411,P01,MS-CLN-GEL150,1,22.0,0.0,22.0,22.0,False,4.8,4.8,True
507724,5412,P07,MS-MOI-SPF50,1,32.0,4.8,32.0,27.2,False,7.8,7.8,True
507725,5413,P11,MS-BDY-LOT400,1,28.0,4.2,28.0,23.8,False,8.5,8.5,True
507726,5414,P05,MS-SER-NIA30,1,29.0,0.0,29.0,29.0,False,5.9,5.9,True
507727,5414,P01,MS-CLN-GEL150,1,22.0,0.0,22.0,22.0,False,4.8,4.8,True
507728,5414,P09,MS-EYE-015,1,30.0,0.0,30.0,30.0,False,7.5,7.5,True
507729,5414,P03,MS-SER-VTC30,1,38.0,0.0,38.0,38.0,False,8.5,8.5,True
507730,5415,P04,MS-SER-HYA30,1,34.0,0.0,34.0,34.0,False,7.2,7.2,True
507731,5415,P08,MS-MOI-BAR50,1,36.0,0.0,36.0,36.0,False,8.0,8.0,True
507732,5415,P01,MS-CLN-GEL150,1,22.0,0.0,22.0,22.0,False,4.8,4.8,True
507733,5415,P07,MS-MOI-SPF50,2,32.0,0.0,64.0,64.0,False,7.8,15.6,True
507734,5416,P03,MS-SER-VTC30,1,38.0,0.0,38.0,38.0,False,8.5,8.5,True
507735,5416,P04,MS-SER-HYA30,1,34.0,0.0,34.0,34.0,False,7.2,7.2,True
507736,5417,P02,MS-CLN-CRM150,1,24.0,3.6,24.0,20.4,False,5.4,5.4,True
507737,5418,P05,MS-SER-NIA30,1,29.0,0.0,29.0,29.0,False,5.9,5.9,True
507738,5418,P01,MS-CLN-GEL150,2,22.0,0.0,44.0,44.0,False,4.8,9.6,True
507739,5419,P02,MS-CLN-CRM150,1,24.0,3.6,24.0,20.4,False,5.4,5.4,True
507740,5420,P05,MS-SER-NIA30,1,29.0,0.0,29.0,29.0,False,5.9,5.9,True
507741,5421,P07,MS-MOI-SPF50,1,32.0,0.0,32.0,32.0,False,7.8,7.8,True
507742,5422,P04,MS-SER-HYA30,1,34.0,0.0,34.0,34.0,False,7.2,7.2,True
507743,5423,P09,MS-EYE-015,1,30.0,4.5,30.0,25.5,False,7.5,7.5,True
507744,5423,P12,MS-SET-RTN3,1,88.0,13.2,88.0,74.8,False,21.1,21.1,True
507745,5423,P06,MS-TRT-RET50,1,44.0,6.6,44.0,37.4,False,10.5,10.5,True
507746,5424,P10,MS-MSK-CLY100,1,26.0,3.9,26.0,22.1,False,6.0,6.0,True
507747,5425,P06,MS-TRT-RET50,1,44.0,0.0,44.0,44.0,False,10.5,10.5,True
507748,5426,P07,MS-MOI-SPF50,1,32.0,4.8,32.0,27.2,False,7.8,7.8,True
507749,5427,P03,MS-SER-VTC30,1,38.0,5.7,38.0,32.3,False,8.5,8.5,True
507750,5427,P04,MS-SER-HYA30,1,34.0,5.1,34.0,28.9,False,7.2,7.2,True
507751,5427,P11,MS-BDY-LOT400,1,28.0,4.2,28.0,23.8,False,8.5,8.5,True
507752,5428,P02,MS-CLN-CRM150,1,24.0,3.6,24.0,20.4,False,5.4,5.4,True
507753,5429,P02,MS-CLN-CRM150,1,24.0,0.0,24.0,24.0,False,5.4,5.4,True
507754,5429,P04,MS-SER-HYA30,1,34.0,0.0,34.0,34.0,False,7.2,7.2,True
507755,5430,P02,MS-CLN-CRM150,1,24.0,3.6,24.0,20.4,False,5.4,5.4,True
507756,5431,P03,MS-SER-VTC30,1,38.0,3.8,38.0,34.2,False,8.5,8.5,True
507757,5431,P05,MS-SER-NIA30,1,29.0,2.9,29.0,26.1,False,5.9,5.9,True
507758,5431,P07,MS-MOI-SPF50,1,32.0,3.2,32.0,28.8,False,7.8,7.8,True
507759,5432,P06,MS-TRT-RET50,1,44.0,6.6,44.0,37.4,False,10.5,10.5,True
507760,5433,P01,MS-CLN-GEL150,1,22.0,0.0,22.0,22.0,False,4.8,4.8,True
507761,5434,P05,MS-SER-NIA30,1,29.0,0.0,29.0,29.0,False,5.9,5.9,True
507762,5435,P09,MS-EYE-015,1,30.0,0.0,30.0,30.0,False,7.5,7.5,False
507763,5435,P08,MS-MOI-BAR50,1,36.0,0.0,36.0,36.0,False,8.0,8.0,False
507764,5436,P03,MS-SER-VTC30,1,38.0,0.0,38.0,38.0,False,8.5,8.5,True
507765,5436,P05,MS-SER-NIA30,1,29.0,0.0,29.0,29.0,False,5.9,5.9,True
507766,5437,P04,MS-SER-HYA30,1,34.0,0.0,34.0,34.0,False,7.2,7.2,True
507767,5438,P03,MS-SER-VTC30,1,38.0,5.7,38.0,32.3,False,8.5,8.5,True
507768,5438,P01,MS-CLN-GEL150,1,22.0,3.3,22.0,18.7,False,4.8,4.8,True
507769,5439,P06,MS-TRT-RET50,1,44.0,6.6,44.0,37.4,False,10.5,10.5,True
507770,5440,P11,MS-BDY-LOT400,1,28.0,0.0,28.0,28.0,False,8.5,8.5,True
507771,5441,P04,MS-SER-HYA30,1,34.0,0.0,34.0,34.0,False,7.2,7.2,True
507772,5441,P03,MS-SER-VTC30,1,38.0,0.0,38.0,38.0,False,8.5,8.5,True
507773,5442,P03,MS-SER-VTC30,1,38.0,5.7,38.0,32.3,False,8.5,8.5,True
507774,5442,P06,MS-TRT-RET50,1,44.0,6.6,44.0,37.4,False,10.5,10.5,True
507775,5442,P01,MS-CLN-GEL150,1,22.0,3.3,22.0,18.7,False,4.8,4.8,True
507776,5443,P07,MS-MOI-SPF50,1,32.0,4.8,32.0,27.2,False,7.8,7.8,True
507777,5444,P04,MS-SER-HYA30,1,34.0,0.0,34.0,34.0,False,7.2,7.2,True
507778,5445,P10,MS-MSK-CLY100,2,26.0,5.2,52.0,46.8,False,6.0,12.0,True
507779,5445,P07,MS-MOI-SPF50,1,32.0,3.2,32.0,28.8,False,7.8,7.8,True
507780,5445,P09,MS-EYE-015,1,30.0,3.0,30.0,27.0,False,7.5,7.5,True
507781,5446,P04,MS-SER-HYA30,1,34.0,0.0,34.0,34.0,False,7.2,7.2,True
507782,5446,P10,MS-MSK-CLY100,1,26.0,0.0,26.0,26.0,False,6.0,6.0,True
507783,5446,P05,MS-SER-NIA30,1,29.0,0.0,29.0,29.0,False,5.9,5.9,True
507784,5447,P04,MS-SER-HYA30,1,34.0,5.1,34.0,28.9,False,7.2,7.2,True
507785,5448,P03,MS-SER-VTC30,1,38.0,5.7,38.0,32.3,False,8.5,8.5,True
507786,5449,P09,MS-EYE-015,1,30.0,0.0,30.0,30.0,False,7.5,7.5,True
507787,5450,P04,MS-SER-HYA30,1,34.0,0.0,34.0,34.0,False,7.2,7.2,True
507788,5451,P04,MS-SER-HYA30,1,34.0,5.1,34.0,28.9,False,7.2,7.2,True
507789,5452,P07,MS-MOI-SPF50,1,32.0,0.0,32.0,32.0,False,7.8,7.8,True
507790,5452,P05,MS-SER-NIA30,1,29.0,0.0,29.0,29.0,False,5.9,5.9,True
507791,5453,P01,MS-CLN-GEL150,1,22.0,2.2,22.0,19.8,False,4.8,4.8,True
507792,5454,P01,MS-CLN-GEL150,1,22.0,0.0,22.0,22.0,False,4.8,4.8,True
507793,5454,P04,MS-SER-HYA30,1,34.0,0.0,34.0,34.0,False,7.2,7.2,True
507794,5455,P02,MS-CLN-CRM150,1,24.0,0.0,24.0,24.0,False,5.4,5.4,True
507795,5456,P03,MS-SER-VTC30,1,38.0,0.0,38.0,38.0,False,8.5,8.5,True
507796,5457,P03,MS-SER-VTC30,1,38.0,0.0,38.0,38.0,False,8.5,8.5,True
507797,5458,P05,MS-SER-NIA30,1,29.0,0.0,29.0,29.0,False,5.9,5.9,True
507798,5459,P07,MS-MOI-SPF50,1,32.0,4.8,32.0,27.2,False,7.8,7.8,True
507799,5459,P08,MS-MOI-BAR50,1,36.0,5.4,36.0,30.6,False,8.0,8.0,True
507800,5460,P03,MS-SER-VTC30,2,38.0,0.0,76.0,76.0,False,8.5,17.0,True
507801,5461,P05,MS-SER-NIA30,1,29.0,4.35,29.0,24.65,False,5.9,5.9,True
507802,5462,P01,MS-CLN-GEL150,1,22.0,0.0,22.0,22.0,False,4.8,4.8,True
507803,5462,P08,MS-MOI-BAR50,1,36.0,0.0,36.0,36.0,False,8.0,8.0,True
507804,5462,P05,MS-SER-NIA30,1,29.0,0.0,29.0,29.0,False,5.9,5.9,True
507805,5462,P03,MS-SER-VTC30,1,38.0,0.0,38.0,38.0,False,8.5,8.5,True
507806,5463,P04,MS-SER-HYA30,1,34.0,0.0,34.0,34.0,False,7.2,7.2,True
507807,5464,P10,MS-MSK-CLY100,1,26.0,0.0,26.0,26.0,False,6.0,6.0,True
507808,5465,P07,MS-MOI-SPF50,1,32.0,4.8,32.0,27.2,False,7.8,7.8,True
507809,5465,P03,MS-SER-VTC30,1,38.0,5.7,38.0,32.3,False,8.5,8.5,True
507810,5465,P01,MS-CLN-GEL150,1,22.0,3.3,22.0,18.7,False,4.8,4.8,True
507811,5465,P04,MS-SER-HYA30,1,34.0,5.1,34.0,28.9,False,7.2,7.2,True
507812,5466,P11,MS-BDY-LOT400,1,28.0,4.2,28.0,23.8,False,8.5,8.5,True
507813,5467,P05,MS-SER-NIA30,1,29.0,0.0,29.0,29.0,False,5.9,5.9,True
507814,5467,P03,MS-SER-VTC30,1,38.0,0.0,38.0,38.0,False,8.5,8.5,True
507815,5468,P03,MS-SER-VTC30,1,38.0,0.0,38.0,38.0,False,8.5,8.5,True
507816,5468,P07,MS-MOI-SPF50,1,32.0,0.0,32.0,32.0,False,7.8,7.8,True
507817,5469,P02,MS-CLN-CRM150,1,24.0,3.6,24.0,20.4,False,5.4,5.4,True
507818,5469,P04,MS-SER-HYA30,1,34.0,5.1,34.0,28.9,False,7.2,7.2,True
507819,5470,P04,MS-SER-HYA30,1,34.0,3.4,34.0,30.6,False,7.2,7.2,True
507820,5471,P01,MS-CLN-GEL150,1,22.0,0.0,22.0,22.0,False,4.8,4.8,True
507821,5472,P08,MS-MOI-BAR50,1,36.0,0.0,36.0,36.0,False,8.0,8.0,True
507822,5472,P02,MS-CLN-CRM150,1,24.0,0.0,24.0,24.0,False,5.4,5.4,True
507823,5472,P12,MS-SET-RTN3,1,88.0,0.0,88.0,88.0,False,21.1,21.1,True
507824,5473,P03,MS-SER-VTC30,1,38.0,5.7,38.0,32.3,False,8.5,8.5,True
507825,5473,P11,MS-BDY-LOT400,1,28.0,4.2,28.0,23.8,False,8.5,8.5,True
507826,5474,P07,MS-MOI-SPF50,1,32.0,0.0,32.0,32.0,False,7.8,7.8,True
507827,5475,P12,MS-SET-RTN3,1,88.0,0.0,88.0,88.0,False,21.1,21.1,True
507828,5476,P05,MS-SER-NIA30,1,29.0,0.0,29.0,29.0,False,5.9,5.9,True
507829,5476,P03,MS-SER-VTC30,1,38.0,0.0,38.0,38.0,False,8.5,8.5,True
507830,5477,P05,MS-SER-NIA30,1,29.0,0.0,29.0,29.0,False,5.9,5.9,True
507831,5477,P09,MS-EYE-015,2,30.0,0.0,60.0,60.0,False,7.5,15.0,True
507832,5478,P02,MS-CLN-CRM150,1,24.0,0.0,24.0,24.0,False,5.4,5.4,True
507833,5479,P05,MS-SER-NIA30,1,29.0,4.35,29.0,24.65,False,5.9,5.9,True
507834,5479,P07,MS-MOI-SPF50,1,32.0,4.8,32.0,27.2,False,7.8,7.8,True
507835,5479,P03,MS-SER-VTC30,1,38.0,5.7,38.0,32.3,False,8.5,8.5,True
507836,5479,P04,MS-SER-HYA30,1,34.0,5.1,34.0,28.9,False,7.2,7.2,True
507837,5480,P07,MS-MOI-SPF50,1,32.0,0.0,32.0,32.0,False,7.8,7.8,True
507838,5481,P04,MS-SER-HYA30,1,34.0,5.1,34.0,28.9,False,7.2,7.2,True
507839,5481,P07,MS-MOI-SPF50,1,32.0,4.8,32.0,27.2,False,7.8,7.8,True
507840,5482,P12,MS-SET-RTN3,1,88.0,0.0,88.0,88.0,False,21.1,21.1,True
507841,5483,P08,MS-MOI-BAR50,1,36.0,5.4,36.0,30.6,False,8.0,8.0,True
507842,5484,P12,MS-SET-RTN3,1,88.0,0.0,88.0,88.0,False,21.1,21.1,True
507843,5484,P06,MS-TRT-RET50,2,44.0,0.0,88.0,88.0,False,10.5,21.0,True
507844,5485,P01,MS-CLN-GEL150,1,22.0,3.3,22.0,18.7,False,4.8,4.8,True
507845,5485,P11,MS-BDY-LOT400,1,28.0,4.2,28.0,23.8,False,8.5,8.5,True
507846,5485,P10,MS-MSK-CLY100,1,26.0,3.9,26.0,22.1,False,6.0,6.0,True
507847,5486,P03,MS-SER-VTC30,1,38.0,0.0,38.0,38.0,False,8.5,8.5,True
507848,5487,P03,MS-SER-VTC30,1,38.0,5.7,38.0,32.3,False,8.5,8.5,True
507849,5488,P10,MS-MSK-CLY100,1,26.0,0.0,26.0,26.0,False,6.0,6.0,True
507850,5489,P10,MS-MSK-CLY100,1,26.0,0.0,26.0,26.0,False,6.0,6.0,True
507851,5490,P07,MS-MOI-SPF50,1,32.0,4.8,32.0,27.2,False,7.8,7.8,True
507852,5490,P04,MS-SER-HYA30,1,34.0,5.1,34.0,28.9,False,7.2,7.2,True
507853,5491,P04,MS-SER-HYA30,2,34.0,0.0,68.0,68.0,False,7.2,14.4,True
507854,5491,P09,MS-EYE-015,1,30.0,0.0,30.0,30.0,False,7.5,7.5,True
507855,5491,P06,MS-TRT-RET50,1,44.0,0.0,44.0,44.0,False,10.5,10.5,True
507856,5491,P07,MS-MOI-SPF50,1,32.0,0.0,32.0,32.0,False,7.8,7.8,True
507857,5492,P02,MS-CLN-CRM150,1,24.0,2.4,24.0,21.6,False,5.4,5.4,True
507858,5492,P03,MS-SER-VTC30,1,38.0,3.8,38.0,34.2,False,8.5,8.5,True
507859,5493,P05,MS-SER-NIA30,1,29.0,0.0,29.0,29.0,False,5.9,5.9,False
507860,5493,P03,MS-SER-VTC30,2,38.0,0.0,76.0,76.0,False,8.5,17.0,False
507861,5494,P05,MS-SER-NIA30,1,29.0,0.0,29.0,29.0,False,5.9,5.9,True
507862,5494,P03,MS-SER-VTC30,1,38.0,0.0,38.0,38.0,False,8.5,8.5,True
507863,5495,P08,MS-MOI-BAR50,1,36.0,3.6,36.0,32.4,False,8.0,8.0,True
507864,5495,P09,MS-EYE-015,1,30.0,3.0,30.0,27.0,False,7.5,7.5,True
507865,5495,P12,MS-SET-RTN3,1,88.0,8.8,88.0,79.2,False,21.1,21.1,True
507866,5496,P04,MS-SER-HYA30,1,34.0,5.1,34.0,28.9,False,7.2,7.2,True
507867,5497,P01,MS-CLN-GEL150,1,22.0,0.0,22.0,22.0,False,4.8,4.8,True
507868,5498,P03,MS-SER-VTC30,1,38.0,0.0,38.0,38.0,False,8.5,8.5,True
507869,5498,P08,MS-MOI-BAR50,2,36.0,0.0,72.0,72.0,False,8.0,16.0,True
507870,5499,P04,MS-SER-HYA30,1,34.0,0.0,34.0,34.0,False,7.2,7.2,True
507871,5500,P09,MS-EYE-015,1,30.0,3.0,30.0,27.0,False,7.5,7.5,True
507872,5501,P03,MS-SER-VTC30,1,38.0,0.0,38.0,38.0,False,8.5,8.5,True
507873,5502,P02,MS-CLN-CRM150,1,24.0,3.6,24.0,20.4,False,5.4,5.4,True
507874,5502,P05,MS-SER-NIA30,1,29.0,4.35,29.0,24.65,False,5.9,5.9,True
507875,5502,P04,MS-SER-HYA30,1,34.0,5.1,34.0,28.9,False,7.2,7.2,True
507876,5503,P03,MS-SER-VTC30,1,38.0,5.7,38.0,32.3,False,8.5,8.5,True
507877,5504,P06,MS-TRT-RET50,1,44.0,0.0,44.0,44.0,False,10.5,10.5,True
507878,5504,P03,MS-SER-VTC30,1,38.0,0.0,38.0,38.0,False,8.5,8.5,True
507879,5505,P02,MS-CLN-CRM150,1,24.0,3.6,24.0,20.4,False,5.4,5.4,True
507880,5506,P07,MS-MOI-SPF50,1,32.0,3.2,32.0,28.8,False,7.8,7.8,True
507881,5506,P06,MS-TRT-RET50,1,44.0,4.4,44.0,39.6,False,10.5,10.5,True
507882,5506,P01,MS-CLN-GEL150,1,22.0,2.2,22.0,19.8,False,4.8,4.8,True
507883,5507,P03,MS-SER-VTC30,1,38.0,5.7,38.0,32.3,False,8.5,8.5,True
507884,5508,P04,MS-SER-HYA30,1,34.0,0.0,34.0,34.0,False,7.2,7.2,True
507885,5509,P04,MS-SER-HYA30,1,34.0,0.0,34.0,34.0,False,7.2,7.2,True
507886,5509,P03,MS-SER-VTC30,2,38.0,0.0,76.0,76.0,False,8.5,17.0,True
507887,5509,P11,MS-BDY-LOT400,1,28.0,0.0,28.0,28.0,False,8.5,8.5,True
507888,5509,P01,MS-CLN-GEL150,1,22.0,0.0,22.0,22.0,False,4.8,4.8,True
507889,5510,P03,MS-SER-VTC30,1,38.0,5.7,38.0,32.3,False,8.5,8.5,True
507890,5511,P05,MS-SER-NIA30,2,29.0,0.0,58.0,58.0,False,5.9,11.8,True
507891,5512,P07,MS-MOI-SPF50,1,32.0,0.0,32.0,32.0,False,7.8,7.8,True
507892,5512,P06,MS-TRT-RET50,1,44.0,0.0,44.0,44.0,False,10.5,10.5,True
507893,5512,P01,MS-CLN-GEL150,1,22.0,0.0,22.0,22.0,False,4.8,4.8,True
507894,5513,P08,MS-MOI-BAR50,2,36.0,0.0,72.0,72.0,False,8.0,16.0,True
507895,5514,P04,MS-SER-HYA30,1,34.0,0.0,34.0,34.0,False,7.2,7.2,True
507896,5515,P08,MS-MOI-BAR50,1,36.0,0.0,36.0,36.0,False,8.0,8.0,True
507897,5516,P08,MS-MOI-BAR50,1,36.0,0.0,36.0,36.0,False,8.0,8.0,True
507898,5517,P12,MS-SET-RTN3,1,88.0,13.2,88.0,74.8,False,21.1,21.1,True
507899,5518,P03,MS-SER-VTC30,2,38.0,0.0,76.0,76.0,False,8.5,17.0,True
507900,5519,P01,MS-CLN-GEL150,1,22.0,0.0,22.0,22.0,False,4.8,4.8,True
507901,5520,P12,MS-SET-RTN3,1,88.0,0.0,88.0,88.0,False,21.1,21.1,True
507902,5521,P05,MS-SER-NIA30,1,29.0,0.0,29.0,29.0,False,5.9,5.9,True
507903,5522,P02,MS-CLN-CRM150,1,24.0,0.0,24.0,24.0,False,5.4,5.4,True
507904,5522,P06,MS-TRT-RET50,1,44.0,0.0,44.0,44.0,False,10.5,10.5,True
507905,5523,P11,MS-BDY-LOT400,1,28.0,0.0,28.0,28.0,False,8.5,8.5,True
507906,5524,P02,MS-CLN-CRM150,1,24.0,0.0,24.0,24.0,False,5.4,5.4,True
507907,5524,P11,MS-BDY-LOT400,1,28.0,0.0,28.0,28.0,False,8.5,8.5,True
507908,5525,P06,MS-TRT-RET50,1,44.0,6.6,44.0,37.4,False,10.5,10.5,True
507909,5526,P07,MS-MOI-SPF50,1,32.0,3.2,32.0,28.8,False,7.8,7.8,True
507910,5526,P05,MS-SER-NIA30,1,29.0,2.9,29.0,26.1,False,5.9,5.9,True
507911,5527,P07,MS-MOI-SPF50,1,32.0,0.0,32.0,32.0,False,7.8,7.8,True
507912,5527,P04,MS-SER-HYA30,1,34.0,0.0,34.0,34.0,False,7.2,7.2,True
507913,5528,P05,MS-SER-NIA30,1,29.0,4.35,29.0,24.65,False,5.9,5.9,True
507914,5529,P06,MS-TRT-RET50,2,44.0,0.0,88.0,88.0,False,10.5,21.0,True
507915,5529,P05,MS-SER-NIA30,1,29.0,0.0,29.0,29.0,False,5.9,5.9,True
507916,5529,P01,MS-CLN-GEL150,1,22.0,0.0,22.0,22.0,False,4.8,4.8,True
507917,5530,P04,MS-SER-HYA30,1,34.0,0.0,34.0,34.0,False,7.2,7.2,True
507918,5531,P03,MS-SER-VTC30,1,38.0,0.0,38.0,38.0,False,8.5,8.5,True
507919,5532,P05,MS-SER-NIA30,1,29.0,0.0,29.0,29.0,False,5.9,5.9,True
507920,5532,P02,MS-CLN-CRM150,1,24.0,0.0,24.0,24.0,False,5.4,5.4,True
507921,5532,P12,MS-SET-RTN3,1,88.0,0.0,88.0,88.0,False,21.1,21.1,True
507922,5533,P03,MS-SER-VTC30,1,38.0,5.7,38.0,32.3,False,8.5,8.5,True
507923,5533,P08,MS-MOI-BAR50,1,36.0,5.4,36.0,30.6,False,8.0,8.0,True
507924,5534,P01,MS-CLN-GEL150,1,22.0,2.2,22.0,19.8,False,4.8,4.8,True
507925,5534,P12,MS-SET-RTN3,1,88.0,8.8,88.0,79.2,False,21.1,21.1,True
507926,5535,P12,MS-SET-RTN3,1,88.0,13.2,88.0,74.8,False,21.1,21.1,True
507927,5536,P06,MS-TRT-RET50,1,44.0,0.0,44.0,44.0,False,10.5,10.5,True
507928,5537,P06,MS-TRT-RET50,1,44.0,6.6,44.0,37.4,False,10.5,10.5,True
507929,5538,P03,MS-SER-VTC30,1,38.0,5.7,38.0,32.3,False,8.5,8.5,True
507930,5538,P12,MS-SET-RTN3,1,88.0,13.2,88.0,74.8,False,21.1,21.1,True
507931,5539,P09,MS-EYE-015,1,30.0,0.0,30.0,30.0,False,7.5,7.5,True
507932,5540,P01,MS-CLN-GEL150,1,22.0,0.0,22.0,22.0,False,4.8,4.8,True
507933,5540,P06,MS-TRT-RET50,1,44.0,0.0,44.0,44.0,False,10.5,10.5,True
507934,5540,P07,MS-MOI-SPF50,1,32.0,0.0,32.0,32.0,False,7.8,7.8,True
507935,5541,P04,MS-SER-HYA30,1,34.0,0.0,34.0,34.0,False,7.2,7.2,True
507936,5542,P04,MS-SER-HYA30,1,34.0,5.1,34.0,28.9,False,7.2,7.2,True
507937,5542,P10,MS-MSK-CLY100,1,26.0,3.9,26.0,22.1,False,6.0,6.0,True
507938,5542,P07,MS-MOI-SPF50,1,32.0,4.8,32.0,27.2,False,7.8,7.8,True
507939,5542,P12,MS-SET-RTN3,1,88.0,13.2,88.0,74.8,False,21.1,21.1,True
507940,5543,P03,MS-SER-VTC30,1,38.0,0.0,38.0,38.0,False,8.5,8.5,True
507941,5544,P05,MS-SER-NIA30,1,29.0,0.0,29.0,29.0,False,5.9,5.9,True
507942,5545,P03,MS-SER-VTC30,1,38.0,3.8,38.0,34.2,False,8.5,8.5,True
507943,5545,P07,MS-MOI-SPF50,1,32.0,3.2,32.0,28.8,False,7.8,7.8,True
507944,5545,P06,MS-TRT-RET50,2,44.0,8.8,88.0,79.2,False,10.5,21.0,True
507945,5546,P11,MS-BDY-LOT400,1,28.0,0.0,28.0,28.0,False,8.5,8.5,True
507946,5546,P01,MS-CLN-GEL150,1,22.0,0.0,22.0,22.0,False,4.8,4.8,True
507947,5546,P04,MS-SER-HYA30,1,34.0,0.0,34.0,34.0,False,7.2,7.2,True
507948,5547,P02,MS-CLN-CRM150,1,24.0,0.0,24.0,24.0,False,5.4,5.4,True
507949,5548,P10,MS-MSK-CLY100,1,26.0,2.6,26.0,23.4,False,6.0,6.0,True
507950,5548,P02,MS-CLN-CRM150,1,24.0,2.4,24.0,21.6,False,5.4,5.4,True
507951,5549,P06,MS-TRT-RET50,1,44.0,0.0,44.0,44.0,False,10.5,10.5,True
507952,5549,P01,MS-CLN-GEL150,1,22.0,0.0,22.0,22.0,False,4.8,4.8,True
507953,5550,P03,MS-SER-VTC30,1,38.0,0.0,38.0,38.0,False,8.5,8.5,True
507954,5551,P06,MS-TRT-RET50,1,44.0,0.0,44.0,44.0,False,10.5,10.5,True
507955,5552,P12,MS-SET-RTN3,1,88.0,0.0,88.0,88.0,False,21.1,21.1,True
507956,5553,P04,MS-SER-HYA30,1,34.0,0.0,34.0,34.0,False,7.2,7.2,True
507957,5554,P06,MS-TRT-RET50,1,44.0,6.6,44.0,37.4,False,10.5,10.5,True
507958,5555,P06,MS-TRT-RET50,1,44.0,0.0,44.0,44.0,False,10.5,10.5,True
507959,5555,P01,MS-CLN-GEL150,1,22.0,0.0,22.0,22.0,False,4.8,4.8,True
507960,5556,P05,MS-SER-NIA30,1,29.0,4.35,29.0,24.65,False,5.9,5.9,True
507961,5556,P04,MS-SER-HYA30,1,34.0,5.1,34.0,28.9,False,7.2,7.2,True
507962,5557,P04,MS-SER-HYA30,1,34.0,0.0,34.0,34.0,False,7.2,7.2,True
507963,5558,P01,MS-CLN-GEL150,1,22.0,0.0,22.0,22.0,False,4.8,4.8,True
507964,5558,P03,MS-SER-VTC30,1,38.0,0.0,38.0,38.0,False,8.5,8.5,True
507965,5558,P07,MS-MOI-SPF50,1,32.0,0.0,32.0,32.0,False,7.8,7.8,True
507966,5558,P04,MS-SER-HYA30,1,34.0,0.0,34.0,34.0,False,7.2,7.2,True
507967,5559,P04,MS-SER-HYA30,1,34.0,5.1,34.0,28.9,False,7.2,7.2,True
507968,5560,P03,MS-SER-VTC30,1,38.0,0.0,38.0,38.0,False,8.5,8.5,True
507969,5561,P01,MS-CLN-GEL150,1,22.0,3.3,22.0,18.7,False,4.8,4.8,True
507970,5561,P12,MS-SET-RTN3,1,88.0,13.2,88.0,74.8,False,21.1,21.1,True
507971,5561,P05,MS-SER-NIA30,1,29.0,4.35,29.0,24.65,False,5.9,5.9,True
507972,5561,P03,MS-SER-VTC30,1,38.0,5.7,38.0,32.3,False,8.5,8.5,True
507973,5562,P04,MS-SER-HYA30,1,34.0,0.0,34.0,34.0,False,7.2,7.2,True
507974,5563,P05,MS-SER-NIA30,1,29.0,0.0,29.0,29.0,False,5.9,5.9,True
507975,5564,P01,MS-CLN-GEL150,1,22.0,3.3,22.0,18.7,False,4.8,4.8,True
507976,5565,P03,MS-SER-VTC30,1,38.0,4.56,38.0,33.44,False,8.5,8.5,True
507977,5566,P04,MS-SER-HYA30,2,34.0,0.0,68.0,68.0,False,7.2,14.4,True
507978,5567,P08,MS-MOI-BAR50,2,36.0,0.0,72.0,72.0,False,8.0,16.0,True
507979,5568,P04,MS-SER-HYA30,1,34.0,0.0,34.0,34.0,False,7.2,7.2,True
507980,5568,P07,MS-MOI-SPF50,1,32.0,0.0,32.0,32.0,False,7.8,7.8,True
507981,5569,P04,MS-SER-HYA30,1,34.0,0.0,34.0,34.0,False,7.2,7.2,True
507982,5570,P04,MS-SER-HYA30,1,34.0,0.0,34.0,34.0,False,7.2,7.2,True
507983,5570,P08,MS-MOI-BAR50,1,36.0,0.0,36.0,36.0,False,8.0,8.0,True
507984,5571,P02,MS-CLN-CRM150,1,24.0,0.0,24.0,24.0,False,5.4,5.4,True
507985,5571,P05,MS-SER-NIA30,1,29.0,0.0,29.0,29.0,False,5.9,5.9,True
507986,5572,P04,MS-SER-HYA30,1,34.0,3.4,34.0,30.6,False,7.2,7.2,True
507987,5572,P03,MS-SER-VTC30,1,38.0,3.8,38.0,34.2,False,8.5,8.5,True
507988,5572,P02,MS-CLN-CRM150,2,24.0,4.8,48.0,43.2,False,5.4,10.8,True
507989,5572,P05,MS-SER-NIA30,1,29.0,2.9,29.0,26.1,False,5.9,5.9,True
507990,5573,P06,MS-TRT-RET50,1,44.0,0.0,44.0,44.0,False,10.5,10.5,True
507991,5573,P09,MS-EYE-015,1,30.0,0.0,30.0,30.0,False,7.5,7.5,True
507992,5574,P03,MS-SER-VTC30,1,38.0,0.0,38.0,38.0,False,8.5,8.5,True
507993,5575,P03,MS-SER-VTC30,1,38.0,0.0,38.0,38.0,False,8.5,8.5,True
507994,5575,P06,MS-TRT-RET50,1,44.0,0.0,44.0,44.0,False,10.5,10.5,True
507995,5576,P09,MS-EYE-015,1,30.0,4.5,30.0,25.5,False,7.5,7.5,True
507996,5576,P10,MS-MSK-CLY100,1,26.0,3.9,26.0,22.1,False,6.0,6.0,True
507997,5577,P12,MS-SET-RTN3,1,88.0,13.2,88.0,74.8,False,21.1,21.1,True
507998,5577,P04,MS-SER-HYA30,1,34.0,5.1,34.0,28.9,False,7.2,7.2,True
507999,5578,P03,MS-SER-VTC30,1,38.0,5.7,38.0,32.3,False,8.5,8.5,True
508000,5578,P08,MS-MOI-BAR50,1,36.0,5.4,36.0,30.6,False,8.0,8.0,True
508001,5579,P01,MS-CLN-GEL150,1,22.0,0.0,22.0,22.0,False,4.8,4.8,True
508002,5580,P03,MS-SER-VTC30,1,38.0,0.0,38.0,38.0,False,8.5,8.5,True
508003,5581,P12,MS-SET-RTN3,1,88.0,0.0,88.0,88.0,False,21.1,21.1,True
508004,5581,P01,MS-CLN-GEL150,1,22.0,0.0,22.0,22.0,False,4.8,4.8,True
508005,5582,P09,MS-EYE-015,1,30.0,3.0,30.0,27.0,False,7.5,7.5,True
508006,5583,P12,MS-SET-RTN3,1,88.0,0.0,88.0,88.0,False,21.1,21.1,True
508007,5583,P10,MS-MSK-CLY100,1,26.0,0.0,26.0,26.0,False,6.0,6.0,True
508008,5584,P01,MS-CLN-GEL150,1,22.0,0.0,22.0,22.0,False,4.8,4.8,True
508009,5585,P06,MS-TRT-RET50,1,44.0,6.6,44.0,37.4,False,10.5,10.5,True
508010,5586,P03,MS-SER-VTC30,2,38.0,0.0,76.0,76.0,False,8.5,17.0,True
508011,5587,P02,MS-CLN-CRM150,1,24.0,3.6,24.0,20.4,False,5.4,5.4,True
508012,5587,P04,MS-SER-HYA30,1,34.0,5.1,34.0,28.9,False,7.2,7.2,True
508013,5588,P10,MS-MSK-CLY100,1,26.0,0.0,26.0,26.0,False,6.0,6.0,True
508014,5589,P04,MS-SER-HYA30,1,34.0,0.0,34.0,34.0,False,7.2,7.2,True
508015,5590,P11,MS-BDY-LOT400,1,28.0,4.2,28.0,23.8,False,8.5,8.5,True
508016,5590,P04,MS-SER-HYA30,1,34.0,5.1,34.0,28.9,False,7.2,7.2,True
508017,5591,P03,MS-SER-VTC30,1,38.0,0.0,38.0,38.0,False,8.5,8.5,True
508018,5592,P03,MS-SER-VTC30,1,38.0,0.0,38.0,38.0,False,8.5,8.5,True
508019,5592,P07,MS-MOI-SPF50,1,32.0,0.0,32.0,32.0,False,7.8,7.8,True
508020,5592,P05,MS-SER-NIA30,1,29.0,0.0,29.0,29.0,False,5.9,5.9,True
508021,5592,P08,MS-MOI-BAR50,1,36.0,0.0,36.0,36.0,False,8.0,8.0,True
508022,5593,P07,MS-MOI-SPF50,1,32.0,0.0,32.0,32.0,False,7.8,7.8,True
508023,5593,P12,MS-SET-RTN3,1,88.0,0.0,88.0,88.0,False,21.1,21.1,True
508024,5594,P02,MS-CLN-CRM150,2,24.0,0.0,48.0,48.0,False,5.4,10.8,True
508025,5595,P11,MS-BDY-LOT400,1,28.0,4.2,28.0,23.8,False,8.5,8.5,True
508026,5596,P07,MS-MOI-SPF50,1,32.0,4.8,32.0,27.2,False,7.8,7.8,True
508027,5597,P01,MS-CLN-GEL150,1,22.0,0.0,22.0,22.0,False,4.8,4.8,True
508028,5597,P04,MS-SER-HYA30,1,34.0,0.0,34.0,34.0,False,7.2,7.2,True
508029,5598,P06,MS-TRT-RET50,2,44.0,13.2,88.0,74.8,False,10.5,21.0,True
508030,5598,P07,MS-MOI-SPF50,1,32.0,4.8,32.0,27.2,False,7.8,7.8,True
508031,5598,P03,MS-SER-VTC30,1,38.0,5.7,38.0,32.3,False,8.5,8.5,True
508032,5598,P04,MS-SER-HYA30,1,34.0,5.1,34.0,28.9,False,7.2,7.2,True
508033,5599,P07,MS-MOI-SPF50,1,32.0,4.8,32.0,27.2,False,7.8,7.8,True
508034,5600,P06,MS-TRT-RET50,1,44.0,6.6,44.0,37.4,False,10.5,10.5,True
508035,5600,P01,MS-CLN-GEL150,1,22.0,3.3,22.0,18.7,False,4.8,4.8,True
508036,5601,P04,MS-SER-HYA30,1,34.0,3.4,34.0,30.6,False,7.2,7.2,True
508037,5601,P02,MS-CLN-CRM150,2,24.0,4.8,48.0,43.2,False,5.4,10.8,True
508038,5601,P07,MS-MOI-SPF50,1,32.0,3.2,32.0,28.8,False,7.8,7.8,True
508039,5602,P12,MS-SET-RTN3,1,88.0,0.0,88.0,88.0,False,21.1,21.1,True
508040,5603,P08,MS-MOI-BAR50,1,36.0,3.6,36.0,32.4,False,8.0,8.0,True
508041,5603,P05,MS-SER-NIA30,1,29.0,2.9,29.0,26.1,False,5.9,5.9,True
508042,5604,P11,MS-BDY-LOT400,1,28.0,0.0,28.0,28.0,False,8.5,8.5,True
508043,5605,P01,MS-CLN-GEL150,1,22.0,0.0,22.0,22.0,False,4.8,4.8,True
508044,5606,P04,MS-SER-HYA30,1,34.0,0.0,34.0,34.0,False,7.2,7.2,True
508045,5606,P01,MS-CLN-GEL150,1,22.0,0.0,22.0,22.0,False,4.8,4.8,True
508046,5606,P03,MS-SER-VTC30,1,38.0,0.0,38.0,38.0,False,8.5,8.5,True
508047,5607,P11,MS-BDY-LOT400,1,28.0,0.0,28.0,28.0,False,8.5,8.5,True
508048,5607,P04,MS-SER-HYA30,1,34.0,0.0,34.0,34.0,False,7.2,7.2,True
508049,5608,P07,MS-MOI-SPF50,1,32.0,0.0,32.0,32.0,False,7.8,7.8,True
508050,5609,P05,MS-SER-NIA30,1,29.0,0.0,29.0,29.0,False,5.9,5.9,True
508051,5610,P06,MS-TRT-RET50,1,44.0,6.6,44.0,37.4,False,10.5,10.5,True
508052,5610,P03,MS-SER-VTC30,1,38.0,5.7,38.0,32.3,False,8.5,8.5,True
508053,5610,P11,MS-BDY-LOT400,1,28.0,4.2,28.0,23.8,False,8.5,8.5,True
508054,5611,P08,MS-MOI-BAR50,1,36.0,5.4,36.0,30.6,False,8.0,8.0,True
508055,5612,P03,MS-SER-VTC30,1,38.0,5.7,38.0,32.3,False,8.5,8.5,True
508056,5613,P02,MS-CLN-CRM150,1,24.0,2.4,24.0,21.6,False,5.4,5.4,True
508057,5613,P04,MS-SER-HYA30,1,34.0,3.4,34.0,30.6,False,7.2,7.2,True
508058,5614,P05,MS-SER-NIA30,1,29.0,2.9,29.0,26.1,False,5.9,5.9,True
508059,5614,P10,MS-MSK-CLY100,1,26.0,2.6,26.0,23.4,False,6.0,6.0,True
508060,5614,P03,MS-SER-VTC30,2,38.0,7.6,76.0,68.4,False,8.5,17.0,True
508061,5615,P01,MS-CLN-GEL150,1,22.0,2.2,22.0,19.8,False,4.8,4.8,True
508062,5616,P11,MS-BDY-LOT400,1,28.0,0.0,28.0,28.0,False,8.5,8.5,True
508063,5616,P04,MS-SER-HYA30,2,34.0,0.0,68.0,68.0,False,7.2,14.4,True
508064,5617,P03,MS-SER-VTC30,2,38.0,0.0,76.0,76.0,False,8.5,17.0,True
508065,5617,P11,MS-BDY-LOT400,1,28.0,0.0,28.0,28.0,False,8.5,8.5,True
508066,5618,P04,MS-SER-HYA30,1,34.0,0.0,34.0,34.0,False,7.2,7.2,True
508067,5618,P01,MS-CLN-GEL150,1,22.0,0.0,22.0,22.0,False,4.8,4.8,True
508068,5618,P03,MS-SER-VTC30,1,38.0,0.0,38.0,38.0,False,8.5,8.5,True
508069,5619,P05,MS-SER-NIA30,1,29.0,0.0,29.0,29.0,False,5.9,5.9,True
508070,5619,P06,MS-TRT-RET50,1,44.0,0.0,44.0,44.0,False,10.5,10.5,True
508071,5619,P01,MS-CLN-GEL150,1,22.0,0.0,22.0,22.0,False,4.8,4.8,True
508072,5620,P03,MS-SER-VTC30,1,38.0,0.0,38.0,38.0,False,8.5,8.5,True
508073,5621,P12,MS-SET-RTN3,1,88.0,8.8,88.0,79.2,False,21.1,21.1,True
508074,5622,P05,MS-SER-NIA30,1,29.0,4.35,29.0,24.65,False,5.9,5.9,True
508075,5622,P12,MS-SET-RTN3,1,88.0,13.2,88.0,74.8,False,21.1,21.1,True
508076,5623,P04,MS-SER-HYA30,1,34.0,0.0,34.0,34.0,False,7.2,7.2,True
508077,5623,P08,MS-MOI-BAR50,1,36.0,0.0,36.0,36.0,False,8.0,8.0,True
508078,5624,P05,MS-SER-NIA30,1,29.0,0.0,29.0,29.0,False,5.9,5.9,True
508079,5624,P06,MS-TRT-RET50,1,44.0,0.0,44.0,44.0,False,10.5,10.5,True
508080,5624,P12,MS-SET-RTN3,1,88.0,0.0,88.0,88.0,False,21.1,21.1,True
508081,5624,P07,MS-MOI-SPF50,1,32.0,0.0,32.0,32.0,False,7.8,7.8,True
508082,5625,P01,MS-CLN-GEL150,1,22.0,0.0,22.0,22.0,False,4.8,4.8,True
508083,5625,P06,MS-TRT-RET50,2,44.0,0.0,88.0,88.0,False,10.5,21.0,True
508084,5626,P01,MS-CLN-GEL150,1,22.0,3.3,22.0,18.7,False,4.8,4.8,True
508085,5627,P06,MS-TRT-RET50,2,44.0,0.0,88.0,88.0,False,10.5,21.0,True
508086,5628,P03,MS-SER-VTC30,1,38.0,3.8,38.0,34.2,False,8.5,8.5,True
508087,5629,P10,MS-MSK-CLY100,1,26.0,3.9,26.0,22.1,False,6.0,6.0,True
508088,5629,P11,MS-BDY-LOT400,1,28.0,4.2,28.0,23.8,False,8.5,8.5,True
508089,5629,P04,MS-SER-HYA30,1,34.0,5.1,34.0,28.9,False,7.2,7.2,True
508090,5630,P08,MS-MOI-BAR50,1,36.0,0.0,36.0,36.0,False,8.0,8.0,True
508091,5630,P02,MS-CLN-CRM150,1,24.0,0.0,24.0,24.0,False,5.4,5.4,True
508092,5630,P09,MS-EYE-015,1,30.0,0.0,30.0,30.0,False,7.5,7.5,True
508093,5631,P03,MS-SER-VTC30,1,38.0,3.8,38.0,34.2,False,8.5,8.5,True
508094,5632,P03,MS-SER-VTC30,1,38.0,0.0,38.0,38.0,False,8.5,8.5,True
508095,5632,P01,MS-CLN-GEL150,1,22.0,0.0,22.0,22.0,False,4.8,4.8,True
508096,5633,P07,MS-MOI-SPF50,1,32.0,0.0,32.0,32.0,False,7.8,7.8,True
508097,5633,P12,MS-SET-RTN3,1,88.0,0.0,88.0,88.0,False,21.1,21.1,True
508098,5633,P10,MS-MSK-CLY100,1,26.0,0.0,26.0,26.0,False,6.0,6.0,True
508099,5634,P04,MS-SER-HYA30,1,34.0,3.4,34.0,30.6,False,7.2,7.2,True
508100,5634,P05,MS-SER-NIA30,2,29.0,5.8,58.0,52.2,False,5.9,11.8,True
508101,5635,P11,MS-BDY-LOT400,1,28.0,4.2,28.0,23.8,False,8.5,8.5,True
508102,5635,P12,MS-SET-RTN3,1,88.0,13.2,88.0,74.8,False,21.1,21.1,True
508103,5635,P10,MS-MSK-CLY100,1,26.0,3.9,26.0,22.1,False,6.0,6.0,True
508104,5636,P10,MS-MSK-CLY100,1,26.0,0.0,26.0,26.0,False,6.0,6.0,True
508105,5637,P12,MS-SET-RTN3,1,88.0,13.2,88.0,74.8,False,21.1,21.1,True
508106,5637,P07,MS-MOI-SPF50,1,32.0,4.8,32.0,27.2,False,7.8,7.8,True
508107,5638,P06,MS-TRT-RET50,1,44.0,6.6,44.0,37.4,False,10.5,10.5,True
508108,5639,P04,MS-SER-HYA30,1,34.0,0.0,34.0,34.0,False,7.2,7.2,True
508109,5639,P05,MS-SER-NIA30,1,29.0,0.0,29.0,29.0,False,5.9,5.9,True
508110,5640,P05,MS-SER-NIA30,1,29.0,0.0,29.0,29.0,False,5.9,5.9,True
508111,5641,P07,MS-MOI-SPF50,1,32.0,0.0,32.0,32.0,False,7.8,7.8,True
508112,5642,P04,MS-SER-HYA30,1,34.0,5.1,34.0,28.9,False,7.2,7.2,True
508113,5642,P08,MS-MOI-BAR50,1,36.0,5.4,36.0,30.6,False,8.0,8.0,True
508114,5643,P09,MS-EYE-015,2,30.0,0.0,60.0,60.0,False,7.5,15.0,True
508115,5643,P02,MS-CLN-CRM150,1,24.0,0.0,24.0,24.0,False,5.4,5.4,True
508116,5644,P02,MS-CLN-CRM150,1,24.0,0.0,24.0,24.0,False,5.4,5.4,True
508117,5644,P06,MS-TRT-RET50,1,44.0,0.0,44.0,44.0,False,10.5,10.5,True
508118,5645,P04,MS-SER-HYA30,1,34.0,0.0,34.0,34.0,False,7.2,7.2,True
508119,5645,P09,MS-EYE-015,1,30.0,0.0,30.0,30.0,False,7.5,7.5,True
508120,5646,P12,MS-SET-RTN3,1,88.0,13.2,88.0,74.8,False,21.1,21.1,True
508121,5647,P12,MS-SET-RTN3,1,88.0,13.2,88.0,74.8,False,21.1,21.1,True
508122,5647,P04,MS-SER-HYA30,1,34.0,5.1,34.0,28.9,False,7.2,7.2,True
508123,5647,P11,MS-BDY-LOT400,2,28.0,8.4,56.0,47.6,False,8.5,17.0,True
508124,5648,P08,MS-MOI-BAR50,1,36.0,3.6,36.0,32.4,False,8.0,8.0,True
508125,5648,P05,MS-SER-NIA30,1,29.0,2.9,29.0,26.1,False,5.9,5.9,True
508126,5649,P08,MS-MOI-BAR50,1,36.0,3.6,36.0,32.4,False,8.0,8.0,True
508127,5650,P03,MS-SER-VTC30,1,38.0,0.0,38.0,38.0,False,8.5,8.5,True
508128,5650,P11,MS-BDY-LOT400,1,28.0,0.0,28.0,28.0,False,8.5,8.5,True
508129,5651,P04,MS-SER-HYA30,1,34.0,5.1,34.0,28.9,False,7.2,7.2,True
508130,5652,P05,MS-SER-NIA30,1,29.0,4.35,29.0,24.65,False,5.9,5.9,True
508131,5653,P10,MS-MSK-CLY100,1,26.0,3.9,26.0,22.1,False,6.0,6.0,True
508132,5653,P02,MS-CLN-CRM150,1,24.0,3.6,24.0,20.4,False,5.4,5.4,True
508133,5653,P01,MS-CLN-GEL150,1,22.0,3.3,22.0,18.7,False,4.8,4.8,True
508134,5653,P06,MS-TRT-RET50,1,44.0,6.6,44.0,37.4,False,10.5,10.5,True
508135,5654,P04,MS-SER-HYA30,1,34.0,0.0,34.0,34.0,False,7.2,7.2,True
508136,5654,P03,MS-SER-VTC30,2,38.0,0.0,76.0,76.0,False,8.5,17.0,True
508137,5654,P02,MS-CLN-CRM150,1,24.0,0.0,24.0,24.0,False,5.4,5.4,True
508138,5655,P04,MS-SER-HYA30,1,34.0,0.0,34.0,34.0,False,7.2,7.2,True
508139,5655,P03,MS-SER-VTC30,1,38.0,0.0,38.0,38.0,False,8.5,8.5,True
508140,5656,P09,MS-EYE-015,1,30.0,4.5,30.0,25.5,False,7.5,7.5,True
508141,5657,P02,MS-CLN-CRM150,1,24.0,2.4,24.0,21.6,False,5.4,5.4,True
508142,5658,P04,MS-SER-HYA30,1,34.0,0.0,34.0,34.0,False,7.2,7.2,True
508143,5659,P05,MS-SER-NIA30,1,29.0,4.35,29.0,24.65,False,5.9,5.9,True
508144,5660,P04,MS-SER-HYA30,1,34.0,5.1,34.0,28.9,False,7.2,7.2,True
508145,5660,P08,MS-MOI-BAR50,1,36.0,5.4,36.0,30.6,False,8.0,8.0,True
508146,5661,P04,MS-SER-HYA30,1,34.0,3.4,34.0,30.6,False,7.2,7.2,True
508147,5662,P04,MS-SER-HYA30,1,34.0,5.1,34.0,28.9,False,7.2,7.2,True
508148,5663,P10,MS-MSK-CLY100,1,26.0,0.0,26.0,26.0,False,6.0,6.0,True
508149,5664,P04,MS-SER-HYA30,1,34.0,5.1,34.0,28.9,False,7.2,7.2,True
508150,5664,P03,MS-SER-VTC30,1,38.0,5.7,38.0,32.3,False,8.5,8.5,True
508151,5665,P09,MS-EYE-015,1,30.0,0.0,30.0,30.0,False,7.5,7.5,True
508152,5665,P12,MS-SET-RTN3,1,88.0,0.0,88.0,88.0,False,21.1,21.1,True
508153,5665,P08,MS-MOI-BAR50,1,36.0,0.0,36.0,36.0,False,8.0,8.0,True
508154,5666,P08,MS-MOI-BAR50,1,36.0,3.6,36.0,32.4,False,8.0,8.0,True
508155,5667,P07,MS-MOI-SPF50,1,32.0,0.0,32.0,32.0,False,7.8,7.8,True
508156,5668,P03,MS-SER-VTC30,2,38.0,11.4,76.0,64.6,False,8.5,17.0,True
508157,5669,P11,MS-BDY-LOT400,1,28.0,4.2,28.0,23.8,False,8.5,8.5,True
508158,5669,P08,MS-MOI-BAR50,2,36.0,10.8,72.0,61.2,False,8.0,16.0,True
508159,5670,P05,MS-SER-NIA30,1,29.0,0.0,29.0,29.0,False,5.9,5.9,True
508160,5670,P12,MS-SET-RTN3,1,88.0,0.0,88.0,88.0,False,21.1,21.1,True
508161,5671,P10,MS-MSK-CLY100,1,26.0,0.0,26.0,26.0,False,6.0,6.0,True
508162,5672,P04,MS-SER-HYA30,1,34.0,0.0,34.0,34.0,False,7.2,7.2,True
508163,5672,P07,MS-MOI-SPF50,1,32.0,0.0,32.0,32.0,False,7.8,7.8,True
508164,5672,P05,MS-SER-NIA30,1,29.0,0.0,29.0,29.0,False,5.9,5.9,True
508165,5672,P03,MS-SER-VTC30,2,38.0,0.0,76.0,76.0,False,8.5,17.0,True
508166,5673,P06,MS-TRT-RET50,1,44.0,6.6,44.0,37.4,False,10.5,10.5,True
508167,5674,P07,MS-MOI-SPF50,1,32.0,3.2,32.0,28.8,False,7.8,7.8,True
508168,5675,P07,MS-MOI-SPF50,2,32.0,6.4,64.0,57.6,False,7.8,15.6,True
508169,5676,P01,MS-CLN-GEL150,1,22.0,0.0,22.0,22.0,False,4.8,4.8,True
508170,5676,P04,MS-SER-HYA30,1,34.0,0.0,34.0,34.0,False,7.2,7.2,True
508171,5677,P03,MS-SER-VTC30,1,38.0,5.7,38.0,32.3,False,8.5,8.5,True
508172,5677,P12,MS-SET-RTN3,1,88.0,13.2,88.0,74.8,False,21.1,21.1,True
508173,5677,P01,MS-CLN-GEL150,1,22.0,3.3,22.0,18.7,False,4.8,4.8,True
508174,5678,P01,MS-CLN-GEL150,2,22.0,0.0,44.0,44.0,False,4.8,9.6,True
508175,5679,P05,MS-SER-NIA30,1,29.0,4.35,29.0,24.65,False,5.9,5.9,True
508176,5680,P02,MS-CLN-CRM150,1,24.0,6.66,24.0,17.34,False,5.4,5.4,True
508177,5680,P06,MS-TRT-RET50,1,44.0,12.21,44.0,31.79,False,10.5,10.5,True
508178,5681,P01,MS-CLN-GEL150,1,22.0,0.0,22.0,22.0,False,4.8,4.8,True
508179,5682,P11,MS-BDY-LOT400,1,28.0,0.0,28.0,28.0,False,8.5,8.5,True
508180,5682,P07,MS-MOI-SPF50,1,32.0,0.0,32.0,32.0,False,7.8,7.8,True
508181,5683,P09,MS-EYE-015,1,30.0,7.05,30.0,22.95,False,7.5,7.5,True
508182,5684,P09,MS-EYE-015,1,30.0,0.0,30.0,30.0,False,7.5,7.5,True
508183,5685,P09,MS-EYE-015,1,30.0,3.0,30.0,27.0,False,7.5,7.5,True
508184,5686,P08,MS-MOI-BAR50,1,36.0,0.0,36.0,36.0,False,8.0,8.0,True
508185,5687,P04,MS-SER-HYA30,1,34.0,3.4,34.0,30.6,False,7.2,7.2,True
508186,5688,P02,MS-CLN-CRM150,2,24.0,0.0,48.0,48.0,False,5.4,10.8,True
508187,5688,P11,MS-BDY-LOT400,1,28.0,0.0,28.0,28.0,False,8.5,8.5,True
508188,5689,P08,MS-MOI-BAR50,1,36.0,0.0,36.0,36.0,False,8.0,8.0,True
508189,5690,P05,MS-SER-NIA30,2,29.0,0.0,58.0,58.0,False,5.9,11.8,True
508190,5690,P04,MS-SER-HYA30,1,34.0,0.0,34.0,34.0,False,7.2,7.2,True
508191,5691,P05,MS-SER-NIA30,1,29.0,4.35,29.0,24.65,False,5.9,5.9,True
508192,5692,P05,MS-SER-NIA30,1,29.0,2.9,29.0,26.1,False,5.9,5.9,True
508193,5692,P01,MS-CLN-GEL150,1,22.0,2.2,22.0,19.8,False,4.8,4.8,True
508194,5693,P12,MS-SET-RTN3,1,88.0,13.2,88.0,74.8,False,21.1,21.1,True
508195,5694,P03,MS-SER-VTC30,1,38.0,0.0,38.0,38.0,False,8.5,8.5,True
508196,5694,P02,MS-CLN-CRM150,2,24.0,0.0,48.0,48.0,False,5.4,10.8,True
508197,5695,P05,MS-SER-NIA30,2,29.0,0.0,58.0,58.0,False,5.9,11.8,True
508198,5696,P05,MS-SER-NIA30,1,29.0,4.35,29.0,24.65,False,5.9,5.9,True
508199,5697,P05,MS-SER-NIA30,1,29.0,0.0,29.0,29.0,False,5.9,5.9,True
508200,5697,P11,MS-BDY-LOT400,1,28.0,0.0,28.0,28.0,False,8.5,8.5,True
508201,5698,P03,MS-SER-VTC30,1,38.0,0.0,38.0,38.0,False,8.5,8.5,True
508202,5699,P07,MS-MOI-SPF50,2,32.0,9.6,64.0,54.4,False,7.8,15.6,True
508203,5699,P01,MS-CLN-GEL150,1,22.0,3.3,22.0,18.7,False,4.8,4.8,True
508204,5699,P08,MS-MOI-BAR50,1,36.0,5.4,36.0,30.6,False,8.0,8.0,True
508205,5700,P08,MS-MOI-BAR50,1,36.0,0.0,36.0,36.0,False,8.0,8.0,True
508206,5701,P10,MS-MSK-CLY100,1,26.0,2.6,26.0,23.4,False,6.0,6.0,True
508207,5702,P01,MS-CLN-GEL150,1,22.0,0.0,22.0,22.0,False,4.8,4.8,True
508208,5703,P02,MS-CLN-CRM150,2,24.0,7.2,48.0,40.8,False,5.4,10.8,True
508209,5703,P08,MS-MOI-BAR50,1,36.0,5.4,36.0,30.6,False,8.0,8.0,True
508210,5704,P09,MS-EYE-015,1,30.0,0.0,30.0,30.0,False,7.5,7.5,True
508211,5704,P11,MS-BDY-LOT400,2,28.0,0.0,56.0,56.0,False,8.5,17.0,True
508212,5705,P03,MS-SER-VTC30,1,38.0,5.7,38.0,32.3,False,8.5,8.5,True
508213,5706,P03,MS-SER-VTC30,2,38.0,11.4,76.0,64.6,False,8.5,17.0,True
508214,5707,P12,MS-SET-RTN3,1,88.0,13.2,88.0,74.8,False,21.1,21.1,True
508215,5707,P07,MS-MOI-SPF50,1,32.0,4.8,32.0,27.2,False,7.8,7.8,True
508216,5708,P12,MS-SET-RTN3,1,88.0,13.2,88.0,74.8,False,21.1,21.1,True
508217,5709,P01,MS-CLN-GEL150,1,22.0,0.0,22.0,22.0,False,4.8,4.8,True
508218,5710,P11,MS-BDY-LOT400,1,28.0,0.0,28.0,28.0,False,8.5,8.5,True
508219,5711,P02,MS-CLN-CRM150,2,24.0,0.0,48.0,48.0,False,5.4,10.8,True
508220,5712,P04,MS-SER-HYA30,1,34.0,5.1,34.0,28.9,False,7.2,7.2,True
508221,5713,P01,MS-CLN-GEL150,1,22.0,3.3,22.0,18.7,False,4.8,4.8,True
508222,5714,P10,MS-MSK-CLY100,1,26.0,0.0,26.0,26.0,False,6.0,6.0,True
508223,5714,P03,MS-SER-VTC30,1,38.0,0.0,38.0,38.0,False,8.5,8.5,True
508224,5715,P03,MS-SER-VTC30,1,38.0,0.0,38.0,38.0,False,8.5,8.5,True
508225,5716,P05,MS-SER-NIA30,1,29.0,0.0,29.0,29.0,False,5.9,5.9,True
508226,5717,P07,MS-MOI-SPF50,1,32.0,0.0,32.0,32.0,False,7.8,7.8,True
508227,5718,P12,MS-SET-RTN3,1,88.0,0.0,88.0,88.0,False,21.1,21.1,True
508228,5719,P01,MS-CLN-GEL150,1,22.0,3.3,22.0,18.7,False,4.8,4.8,True
508229,5720,P07,MS-MOI-SPF50,1,32.0,0.0,32.0,32.0,False,7.8,7.8,True
508230,5720,P11,MS-BDY-LOT400,1,28.0,0.0,28.0,28.0,False,8.5,8.5,True
508231,5720,P08,MS-MOI-BAR50,1,36.0,0.0,36.0,36.0,False,8.0,8.0,True
508232,5720,P10,MS-MSK-CLY100,1,26.0,0.0,26.0,26.0,False,6.0,6.0,True
508233,5721,P04,MS-SER-HYA30,1,34.0,0.0,34.0,34.0,False,7.2,7.2,True
508234,5721,P09,MS-EYE-015,1,30.0,0.0,30.0,30.0,False,7.5,7.5,True
508235,5722,P10,MS-MSK-CLY100,1,26.0,2.6,26.0,23.4,False,6.0,6.0,True
508236,5722,P11,MS-BDY-LOT400,1,28.0,2.8,28.0,25.2,False,8.5,8.5,True
508237,5723,P11,MS-BDY-LOT400,1,28.0,0.0,28.0,28.0,False,8.5,8.5,True
508238,5723,P02,MS-CLN-CRM150,1,24.0,0.0,24.0,24.0,False,5.4,5.4,True
508239,5724,P08,MS-MOI-BAR50,1,36.0,0.0,36.0,36.0,False,8.0,8.0,True
508240,5724,P01,MS-CLN-GEL150,1,22.0,0.0,22.0,22.0,False,4.8,4.8,True
508241,5725,P04,MS-SER-HYA30,1,34.0,0.0,34.0,34.0,False,7.2,7.2,True
508242,5726,P11,MS-BDY-LOT400,1,28.0,0.0,28.0,28.0,False,8.5,8.5,True
508243,5727,P10,MS-MSK-CLY100,1,26.0,0.0,26.0,26.0,False,6.0,6.0,True
508244,5727,P03,MS-SER-VTC30,1,38.0,0.0,38.0,38.0,False,8.5,8.5,True
508245,5728,P08,MS-MOI-BAR50,1,36.0,0.0,36.0,36.0,False,8.0,8.0,True
508246,5729,P04,MS-SER-HYA30,1,34.0,5.1,34.0,28.9,False,7.2,7.2,True
508247,5730,P09,MS-EYE-015,1,30.0,4.5,30.0,25.5,False,7.5,7.5,True
508248,5731,P01,MS-CLN-GEL150,1,22.0,3.3,22.0,18.7,False,4.8,4.8,True
508249,5732,P02,MS-CLN-CRM150,1,24.0,0.0,24.0,24.0,False,5.4,5.4,False
508250,5733,P01,MS-CLN-GEL150,1,22.0,2.2,22.0,19.8,False,4.8,4.8,True
508251,5734,P04,MS-SER-HYA30,1,34.0,0.0,34.0,34.0,False,7.2,7.2,True
508252,5735,P04,MS-SER-HYA30,1,34.0,3.4,34.0,30.6,False,7.2,7.2,True
508253,5736,P11,MS-BDY-LOT400,1,28.0,0.0,28.0,28.0,False,8.5,8.5,True
508254,5737,P08,MS-MOI-BAR50,1,36.0,0.0,36.0,36.0,False,8.0,8.0,True
508255,5737,P03,MS-SER-VTC30,1,38.0,0.0,38.0,38.0,False,8.5,8.5,True
508256,5738,P12,MS-SET-RTN3,1,88.0,13.2,88.0,74.8,False,21.1,21.1,True
508257,5739,P04,MS-SER-HYA30,1,34.0,0.0,34.0,34.0,False,7.2,7.2,True
508258,5740,P08,MS-MOI-BAR50,1,36.0,0.0,36.0,36.0,False,8.0,8.0,True
508259,5740,P07,MS-MOI-SPF50,1,32.0,0.0,32.0,32.0,False,7.8,7.8,True
508260,5740,P06,MS-TRT-RET50,1,44.0,0.0,44.0,44.0,False,10.5,10.5,True
508261,5741,P08,MS-MOI-BAR50,1,36.0,0.0,36.0,36.0,False,8.0,8.0,True
508262,5742,P01,MS-CLN-GEL150,1,22.0,0.0,22.0,22.0,False,4.8,4.8,True
508263,5743,P03,MS-SER-VTC30,1,38.0,0.0,38.0,38.0,False,8.5,8.5,True
508264,5743,P01,MS-CLN-GEL150,1,22.0,0.0,22.0,22.0,False,4.8,4.8,True
508265,5744,P04,MS-SER-HYA30,1,34.0,0.0,34.0,34.0,False,7.2,7.2,True
508266,5744,P06,MS-TRT-RET50,1,44.0,0.0,44.0,44.0,False,10.5,10.5,True
508267,5745,P03,MS-SER-VTC30,1,38.0,3.8,38.0,34.2,False,8.5,8.5,True
508268,5746,P02,MS-CLN-CRM150,1,24.0,0.0,24.0,24.0,False,5.4,5.4,True
508269,5747,P01,MS-CLN-GEL150,1,22.0,0.0,22.0,22.0,False,4.8,4.8,False
508270,5747,P07,MS-MOI-SPF50,1,32.0,0.0,32.0,32.0,False,7.8,7.8,False
508271,5748,P07,MS-MOI-SPF50,1,32.0,4.8,32.0,27.2,False,7.8,7.8,True
508272,5748,P02,MS-CLN-CRM150,1,24.0,3.6,24.0,20.4,False,5.4,5.4,True
508273,5748,P01,MS-CLN-GEL150,2,22.0,6.6,44.0,37.4,False,4.8,9.6,True
508274,5749,P08,MS-MOI-BAR50,2,36.0,10.8,72.0,61.2,False,8.0,16.0,True
508275,5749,P04,MS-SER-HYA30,1,34.0,5.1,34.0,28.9,False,7.2,7.2,True
508276,5749,P03,MS-SER-VTC30,1,38.0,5.7,38.0,32.3,False,8.5,8.5,True
508277,5750,P08,MS-MOI-BAR50,1,36.0,0.0,36.0,36.0,False,8.0,8.0,True
508278,5751,P04,MS-SER-HYA30,1,34.0,5.1,34.0,28.9,False,7.2,7.2,True
508279,5752,P01,MS-CLN-GEL150,2,22.0,0.0,44.0,44.0,False,4.8,9.6,True
508280,5752,P05,MS-SER-NIA30,1,29.0,0.0,29.0,29.0,False,5.9,5.9,True
508281,5752,P07,MS-MOI-SPF50,1,32.0,0.0,32.0,32.0,False,7.8,7.8,True
508282,5753,P04,MS-SER-HYA30,1,34.0,3.4,34.0,30.6,False,7.2,7.2,True
508283,5754,P11,MS-BDY-LOT400,2,28.0,0.0,56.0,56.0,False,8.5,17.0,True
508284,5754,P07,MS-MOI-SPF50,1,32.0,0.0,32.0,32.0,False,7.8,7.8,True
508285,5754,P10,MS-MSK-CLY100,1,26.0,0.0,26.0,26.0,False,6.0,6.0,True
508286,5755,P07,MS-MOI-SPF50,1,32.0,0.0,32.0,32.0,False,7.8,7.8,True
508287,5755,P12,MS-SET-RTN3,1,88.0,0.0,88.0,88.0,False,21.1,21.1,True
508288,5756,P03,MS-SER-VTC30,1,38.0,0.0,38.0,38.0,False,8.5,8.5,True
508289,5757,P12,MS-SET-RTN3,1,88.0,0.0,88.0,88.0,False,21.1,21.1,True
508290,5757,P07,MS-MOI-SPF50,1,32.0,0.0,32.0,32.0,False,7.8,7.8,True
508291,5758,P03,MS-SER-VTC30,1,38.0,0.0,38.0,38.0,False,8.5,8.5,True
508292,5758,P04,MS-SER-HYA30,1,34.0,0.0,34.0,34.0,False,7.2,7.2,True
508293,5759,P07,MS-MOI-SPF50,1,32.0,4.8,32.0,27.2,False,7.8,7.8,True
508294,5760,P11,MS-BDY-LOT400,1,28.0,4.2,28.0,23.8,False,8.5,8.5,True
508295,5760,P06,MS-TRT-RET50,1,44.0,6.6,44.0,37.4,False,10.5,10.5,True
508296,5761,P07,MS-MOI-SPF50,1,32.0,4.8,32.0,27.2,False,7.8,7.8,True
508297,5761,P11,MS-BDY-LOT400,1,28.0,4.2,28.0,23.8,False,8.5,8.5,True
508298,5761,P09,MS-EYE-015,1,30.0,4.5,30.0,25.5,False,7.5,7.5,True
508299,5761,P03,MS-SER-VTC30,1,38.0,5.7,38.0,32.3,False,8.5,8.5,True
508300,5762,P07,MS-MOI-SPF50,1,32.0,0.0,32.0,32.0,False,7.8,7.8,True
508301,5763,P12,MS-SET-RTN3,1,88.0,8.8,88.0,79.2,False,21.1,21.1,True
508302,5763,P09,MS-EYE-015,1,30.0,3.0,30.0,27.0,False,7.5,7.5,True
508303,5764,P08,MS-MOI-BAR50,1,36.0,3.6,36.0,32.4,False,8.0,8.0,True
508304,5764,P09,MS-EYE-015,1,30.0,3.0,30.0,27.0,False,7.5,7.5,True
508305,5765,P05,MS-SER-NIA30,1,29.0,0.0,29.0,29.0,False,5.9,5.9,True
508306,5765,P09,MS-EYE-015,1,30.0,0.0,30.0,30.0,False,7.5,7.5,True
508307,5766,P03,MS-SER-VTC30,1,38.0,0.0,38.0,38.0,False,8.5,8.5,True
508308,5767,P12,MS-SET-RTN3,1,88.0,13.2,88.0,74.8,False,21.1,21.1,True
508309,5768,P03,MS-SER-VTC30,1,38.0,0.0,38.0,38.0,False,8.5,8.5,True
508310,5768,P05,MS-SER-NIA30,1,29.0,0.0,29.0,29.0,False,5.9,5.9,True
508311,5769,P06,MS-TRT-RET50,1,44.0,0.0,44.0,44.0,False,10.5,10.5,True
508312,5770,P06,MS-TRT-RET50,1,44.0,0.0,44.0,44.0,False,10.5,10.5,True
508313,5771,P10,MS-MSK-CLY100,1,26.0,0.0,26.0,26.0,False,6.0,6.0,True
508314,5771,P08,MS-MOI-BAR50,1,36.0,0.0,36.0,36.0,False,8.0,8.0,True
508315,5772,P03,MS-SER-VTC30,1,38.0,5.7,38.0,32.3,False,8.5,8.5,True
508316,5772,P06,MS-TRT-RET50,1,44.0,6.6,44.0,37.4,False,10.5,10.5,True
508317,5773,P02,MS-CLN-CRM150,1,24.0,0.0,24.0,24.0,False,5.4,5.4,True
508318,5773,P09,MS-EYE-015,1,30.0,0.0,30.0,30.0,False,7.5,7.5,True
508319,5774,P01,MS-CLN-GEL150,2,22.0,4.4,44.0,39.6,False,4.8,9.6,True
508320,5774,P12,MS-SET-RTN3,1,88.0,8.8,88.0,79.2,False,21.1,21.1,True
508321,5775,P05,MS-SER-NIA30,1,29.0,0.0,29.0,29.0,False,5.9,5.9,True
508322,5776,P09,MS-EYE-015,1,30.0,0.0,30.0,30.0,False,7.5,7.5,True
508323,5777,P12,MS-SET-RTN3,1,88.0,0.0,88.0,88.0,False,21.1,21.1,True
508324,5777,P06,MS-TRT-RET50,1,44.0,0.0,44.0,44.0,False,10.5,10.5,True
508325,5777,P02,MS-CLN-CRM150,1,24.0,0.0,24.0,24.0,False,5.4,5.4,True
508326,5778,P05,MS-SER-NIA30,1,29.0,0.0,29.0,29.0,False,5.9,5.9,True
508327,5779,P04,MS-SER-HYA30,1,34.0,5.1,34.0,28.9,False,7.2,7.2,True
508328,5779,P01,MS-CLN-GEL150,1,22.0,3.3,22.0,18.7,False,4.8,4.8,True
508329,5780,P03,MS-SER-VTC30,1,38.0,0.0,38.0,38.0,False,8.5,8.5,True
508330,5781,P03,MS-SER-VTC30,1,38.0,0.0,38.0,38.0,False,8.5,8.5,True
508331,5782,P07,MS-MOI-SPF50,1,32.0,0.0,32.0,32.0,False,7.8,7.8,True
508332,5782,P09,MS-EYE-015,1,30.0,0.0,30.0,30.0,False,7.5,7.5,True
508333,5783,P08,MS-MOI-BAR50,1,36.0,0.0,36.0,36.0,False,8.0,8.0,True
508334,5783,P01,MS-CLN-GEL150,1,22.0,0.0,22.0,22.0,False,4.8,4.8,True
508335,5784,P02,MS-CLN-CRM150,1,24.0,0.0,24.0,24.0,False,5.4,5.4,True
508336,5784,P06,MS-TRT-RET50,1,44.0,0.0,44.0,44.0,False,10.5,10.5,True
508337,5785,P07,MS-MOI-SPF50,1,32.0,4.8,32.0,27.2,False,7.8,7.8,True
508338,5785,P06,MS-TRT-RET50,1,44.0,6.6,44.0,37.4,False,10.5,10.5,True
508339,5786,P03,MS-SER-VTC30,1,38.0,5.7,38.0,32.3,False,8.5,8.5,True
508340,5786,P12,MS-SET-RTN3,1,88.0,13.2,88.0,74.8,False,21.1,21.1,True
508341,5786,P04,MS-SER-HYA30,1,34.0,5.1,34.0,28.9,False,7.2,7.2,True
508342,5787,P05,MS-SER-NIA30,1,29.0,0.0,29.0,29.0,False,5.9,5.9,True
508343,5787,P04,MS-SER-HYA30,1,34.0,0.0,34.0,34.0,False,7.2,7.2,True
508344,5787,P07,MS-MOI-SPF50,1,32.0,0.0,32.0,32.0,False,7.8,7.8,True
508345,5787,P03,MS-SER-VTC30,1,38.0,0.0,38.0,38.0,False,8.5,8.5,True
508346,5788,P02,MS-CLN-CRM150,1,24.0,3.6,24.0,20.4,False,5.4,5.4,True
508347,5789,P07,MS-MOI-SPF50,1,32.0,3.2,32.0,28.8,False,7.8,7.8,True
508348,5789,P06,MS-TRT-RET50,1,44.0,4.4,44.0,39.6,False,10.5,10.5,True
508349,5790,P05,MS-SER-NIA30,1,29.0,2.9,29.0,26.1,False,5.9,5.9,True
508350,5790,P08,MS-MOI-BAR50,1,36.0,3.6,36.0,32.4,False,8.0,8.0,True
508351,5790,P12,MS-SET-RTN3,1,88.0,8.8,88.0,79.2,False,21.1,21.1,True
508352,5791,P01,MS-CLN-GEL150,1,22.0,0.0,22.0,22.0,False,4.8,4.8,True
508353,5791,P04,MS-SER-HYA30,1,34.0,0.0,34.0,34.0,False,7.2,7.2,True
508354,5792,P12,MS-SET-RTN3,1,88.0,13.2,88.0,74.8,False,21.1,21.1,True
508355,5792,P10,MS-MSK-CLY100,1,26.0,3.9,26.0,22.1,False,6.0,6.0,True
508356,5793,P03,MS-SER-VTC30,1,38.0,5.7,38.0,32.3,False,8.5,8.5,True
508357,5794,P09,MS-EYE-015,1,30.0,4.5,30.0,25.5,False,7.5,7.5,True
508358,5795,P03,MS-SER-VTC30,1,38.0,0.0,38.0,38.0,False,8.5,8.5,True
508359,5796,P03,MS-SER-VTC30,1,38.0,5.7,38.0,32.3,False,8.5,8.5,True
508360,5797,P08,MS-MOI-BAR50,1,36.0,0.0,36.0,36.0,False,8.0,8.0,True
508361,5797,P03,MS-SER-VTC30,1,38.0,0.0,38.0,38.0,False,8.5,8.5,True
508362,5798,P03,MS-SER-VTC30,1,38.0,0.0,38.0,38.0,False,8.5,8.5,True
508363,5799,P03,MS-SER-VTC30,1,38.0,5.7,38.0,32.3,False,8.5,8.5,True
508364,5800,P04,MS-SER-HYA30,1,34.0,5.1,34.0,28.9,False,7.2,7.2,True
508365,5800,P08,MS-MOI-BAR50,1,36.0,5.4,36.0,30.6,False,8.0,8.0,True
508366,5801,P08,MS-MOI-BAR50,1,36.0,5.4,36.0,30.6,False,8.0,8.0,True
508367,5801,P06,MS-TRT-RET50,1,44.0,6.6,44.0,37.4,False,10.5,10.5,True
508368,5802,P05,MS-SER-NIA30,1,29.0,0.0,29.0,29.0,False,5.9,5.9,True
508369,5803,P04,MS-SER-HYA30,2,34.0,0.0,68.0,68.0,False,7.2,14.4,True
508370,5803,P02,MS-CLN-CRM150,1,24.0,0.0,24.0,24.0,False,5.4,5.4,True
508371,5804,P07,MS-MOI-SPF50,2,32.0,0.0,64.0,64.0,False,7.8,15.6,True
508372,5804,P01,MS-CLN-GEL150,1,22.0,0.0,22.0,22.0,False,4.8,4.8,True
508373,5805,P07,MS-MOI-SPF50,1,32.0,3.2,32.0,28.8,False,7.8,7.8,True
508374,5806,P08,MS-MOI-BAR50,1,36.0,0.0,36.0,36.0,False,8.0,8.0,True
508375,5806,P04,MS-SER-HYA30,1,34.0,0.0,34.0,34.0,False,7.2,7.2,True
508376,5807,P01,MS-CLN-GEL150,1,22.0,3.3,22.0,18.7,False,4.8,4.8,True
508377,5808,P07,MS-MOI-SPF50,1,32.0,0.0,32.0,32.0,False,7.8,7.8,True
508378,5808,P01,MS-CLN-GEL150,1,22.0,0.0,22.0,22.0,False,4.8,4.8,True
508379,5808,P09,MS-EYE-015,1,30.0,0.0,30.0,30.0,False,7.5,7.5,True
508380,5808,P03,MS-SER-VTC30,1,38.0,0.0,38.0,38.0,False,8.5,8.5,True
508381,5809,P01,MS-CLN-GEL150,1,22.0,0.0,22.0,22.0,False,4.8,4.8,True
508382,5810,P06,MS-TRT-RET50,1,44.0,0.0,44.0,44.0,False,10.5,10.5,True
508383,5811,P04,MS-SER-HYA30,1,34.0,0.0,34.0,34.0,False,7.2,7.2,True
508384,5812,P05,MS-SER-NIA30,1,29.0,0.0,29.0,29.0,False,5.9,5.9,True
508385,5813,P04,MS-SER-HYA30,1,34.0,5.1,34.0,28.9,False,7.2,7.2,True
508386,5814,P03,MS-SER-VTC30,1,38.0,0.0,38.0,38.0,False,8.5,8.5,True
508387,5815,P06,MS-TRT-RET50,1,44.0,0.0,44.0,44.0,False,10.5,10.5,True
508388,5815,P03,MS-SER-VTC30,1,38.0,0.0,38.0,38.0,False,8.5,8.5,True
508389,5815,P12,MS-SET-RTN3,1,88.0,0.0,88.0,88.0,False,21.1,21.1,True
508390,5816,P09,MS-EYE-015,1,30.0,0.0,30.0,30.0,False,7.5,7.5,True
508391,5816,P08,MS-MOI-BAR50,1,36.0,0.0,36.0,36.0,False,8.0,8.0,True
508392,5816,P06,MS-TRT-RET50,1,44.0,0.0,44.0,44.0,False,10.5,10.5,True
508393,5817,P06,MS-TRT-RET50,1,44.0,0.0,44.0,44.0,False,10.5,10.5,True
508394,5818,P07,MS-MOI-SPF50,1,32.0,4.8,32.0,27.2,False,7.8,7.8,True
508395,5818,P03,MS-SER-VTC30,1,38.0,5.7,38.0,32.3,False,8.5,8.5,True
508396,5818,P12,MS-SET-RTN3,1,88.0,13.2,88.0,74.8,False,21.1,21.1,True
508397,5819,P07,MS-MOI-SPF50,1,32.0,0.0,32.0,32.0,False,7.8,7.8,True
508398,5819,P12,MS-SET-RTN3,1,88.0,0.0,88.0,88.0,False,21.1,21.1,True
508399,5820,P03,MS-SER-VTC30,1,38.0,3.8,38.0,34.2,False,8.5,8.5,True
508400,5820,P12,MS-SET-RTN3,1,88.0,8.8,88.0,79.2,False,21.1,21.1,True
508401,5821,P03,MS-SER-VTC30,1,38.0,5.7,38.0,32.3,False,8.5,8.5,True
508402,5822,P08,MS-MOI-BAR50,1,36.0,5.4,36.0,30.6,False,8.0,8.0,True
508403,5822,P05,MS-SER-NIA30,2,29.0,8.7,58.0,49.3,False,5.9,11.8,True
508404,5822,P07,MS-MOI-SPF50,1,32.0,4.8,32.0,27.2,False,7.8,7.8,True
508405,5823,P08,MS-MOI-BAR50,1,36.0,3.6,36.0,32.4,False,8.0,8.0,True
508406,5824,P03,MS-SER-VTC30,1,38.0,5.7,38.0,32.3,False,8.5,8.5,True
508407,5824,P04,MS-SER-HYA30,1,34.0,5.1,34.0,28.9,False,7.2,7.2,True
508408,5825,P04,MS-SER-HYA30,1,34.0,3.4,34.0,30.6,False,7.2,7.2,True
508409,5825,P01,MS-CLN-GEL150,1,22.0,2.2,22.0,19.8,False,4.8,4.8,True
508410,5826,P03,MS-SER-VTC30,1,38.0,5.7,38.0,32.3,False,8.5,8.5,True
508411,5827,P05,MS-SER-NIA30,2,29.0,8.7,58.0,49.3,False,5.9,11.8,True
508412,5828,P03,MS-SER-VTC30,1,38.0,0.0,38.0,38.0,False,8.5,8.5,True
508413,5829,P01,MS-CLN-GEL150,1,22.0,2.2,22.0,19.8,False,4.8,4.8,True
508414,5829,P07,MS-MOI-SPF50,1,32.0,3.2,32.0,28.8,False,7.8,7.8,True
508415,5829,P04,MS-SER-HYA30,1,34.0,3.4,34.0,30.6,False,7.2,7.2,True
508416,5830,P08,MS-MOI-BAR50,1,36.0,3.6,36.0,32.4,False,8.0,8.0,True
508417,5831,P05,MS-SER-NIA30,1,29.0,4.35,29.0,24.65,False,5.9,5.9,True
508418,5832,P04,MS-SER-HYA30,2,34.0,10.2,68.0,57.8,False,7.2,14.4,True
508419,5833,P03,MS-SER-VTC30,1,38.0,0.0,38.0,38.0,False,8.5,8.5,True
508420,5833,P11,MS-BDY-LOT400,1,28.0,0.0,28.0,28.0,False,8.5,8.5,True
508421,5834,P03,MS-SER-VTC30,2,38.0,0.0,76.0,76.0,False,8.5,17.0,True
508422,5834,P07,MS-MOI-SPF50,1,32.0,0.0,32.0,32.0,False,7.8,7.8,True
508423,5835,P09,MS-EYE-015,1,30.0,4.5,30.0,25.5,False,7.5,7.5,True
508424,5835,P11,MS-BDY-LOT400,1,28.0,4.2,28.0,23.8,False,8.5,8.5,True
508425,5836,P03,MS-SER-VTC30,1,38.0,0.0,38.0,38.0,False,8.5,8.5,True
508426,5837,P07,MS-MOI-SPF50,1,32.0,0.0,32.0,32.0,False,7.8,7.8,True
508427,5837,P05,MS-SER-NIA30,1,29.0,0.0,29.0,29.0,False,5.9,5.9,True
508428,5837,P06,MS-TRT-RET50,1,44.0,0.0,44.0,44.0,False,10.5,10.5,True
508429,5837,P01,MS-CLN-GEL150,1,22.0,0.0,22.0,22.0,False,4.8,4.8,True
508430,5838,P03,MS-SER-VTC30,2,38.0,11.4,76.0,64.6,False,8.5,17.0,True
508431,5839,P03,MS-SER-VTC30,1,38.0,5.7,38.0,32.3,False,8.5,8.5,True
508432,5840,P11,MS-BDY-LOT400,1,28.0,2.8,28.0,25.2,False,8.5,8.5,True
508433,5841,P03,MS-SER-VTC30,2,38.0,11.4,76.0,64.6,False,8.5,17.0,True
508434,5841,P09,MS-EYE-015,1,30.0,4.5,30.0,25.5,False,7.5,7.5,True
508435,5841,P07,MS-MOI-SPF50,1,32.0,4.8,32.0,27.2,False,7.8,7.8,True
508436,5842,P02,MS-CLN-CRM150,1,24.0,0.0,24.0,24.0,False,5.4,5.4,True
508437,5843,P06,MS-TRT-RET50,1,44.0,6.6,44.0,37.4,False,10.5,10.5,True
508438,5844,P04,MS-SER-HYA30,1,34.0,3.4,34.0,30.6,False,7.2,7.2,True
508439,5845,P04,MS-SER-HYA30,1,34.0,0.0,34.0,34.0,False,7.2,7.2,True
508440,5845,P09,MS-EYE-015,1,30.0,0.0,30.0,30.0,False,7.5,7.5,True
508441,5846,P10,MS-MSK-CLY100,1,26.0,0.0,26.0,26.0,False,6.0,6.0,True
508442,5847,P03,MS-SER-VTC30,1,38.0,0.0,38.0,38.0,False,8.5,8.5,True
508443,5847,P09,MS-EYE-015,1,30.0,0.0,30.0,30.0,False,7.5,7.5,True
508444,5848,P01,MS-CLN-GEL150,1,22.0,0.0,22.0,22.0,False,4.8,4.8,True
508445,5848,P04,MS-SER-HYA30,1,34.0,0.0,34.0,34.0,False,7.2,7.2,True
508446,5849,P03,MS-SER-VTC30,1,38.0,0.0,38.0,38.0,False,8.5,8.5,True
508447,5850,P03,MS-SER-VTC30,1,38.0,0.0,38.0,38.0,False,8.5,8.5,True
508448,5851,P01,MS-CLN-GEL150,1,22.0,3.3,22.0,18.7,False,4.8,4.8,True
508449,5851,P10,MS-MSK-CLY100,1,26.0,3.9,26.0,22.1,False,6.0,6.0,True
508450,5852,P04,MS-SER-HYA30,1,34.0,5.1,34.0,28.9,False,7.2,7.2,True
508451,5853,P09,MS-EYE-015,1,30.0,0.0,30.0,30.0,False,7.5,7.5,True
508452,5854,P07,MS-MOI-SPF50,2,32.0,0.0,64.0,64.0,False,7.8,15.6,True
508453,5854,P01,MS-CLN-GEL150,1,22.0,0.0,22.0,22.0,False,4.8,4.8,True
508454,5855,P11,MS-BDY-LOT400,2,28.0,0.0,56.0,56.0,False,8.5,17.0,True
508455,5855,P05,MS-SER-NIA30,1,29.0,0.0,29.0,29.0,False,5.9,5.9,True
508456,5856,P08,MS-MOI-BAR50,1,36.0,0.0,36.0,36.0,False,8.0,8.0,True
508457,5857,P04,MS-SER-HYA30,1,34.0,3.4,34.0,30.6,False,7.2,7.2,True
508458,5857,P03,MS-SER-VTC30,2,38.0,7.6,76.0,68.4,False,8.5,17.0,True
508459,5857,P05,MS-SER-NIA30,2,29.0,5.8,58.0,52.2,False,5.9,11.8,True
508460,5858,P03,MS-SER-VTC30,1,38.0,5.7,38.0,32.3,False,8.5,8.5,True
508461,5859,P03,MS-SER-VTC30,1,38.0,0.0,38.0,38.0,False,8.5,8.5,True
508462,5859,P06,MS-TRT-RET50,1,44.0,0.0,44.0,44.0,False,10.5,10.5,True
508463,5860,P04,MS-SER-HYA30,1,34.0,0.0,34.0,34.0,False,7.2,7.2,True
508464,5861,P02,MS-CLN-CRM150,2,24.0,7.2,48.0,40.8,False,5.4,10.8,True
508465,5861,P08,MS-MOI-BAR50,1,36.0,5.4,36.0,30.6,False,8.0,8.0,True
508466,5862,P01,MS-CLN-GEL150,1,22.0,3.3,22.0,18.7,False,4.8,4.8,True
508467,5863,P03,MS-SER-VTC30,1,38.0,0.0,38.0,38.0,False,8.5,8.5,True
508468,5863,P12,MS-SET-RTN3,1,88.0,0.0,88.0,88.0,False,21.1,21.1,True
508469,5863,P10,MS-MSK-CLY100,1,26.0,0.0,26.0,26.0,False,6.0,6.0,True
508470,5864,P07,MS-MOI-SPF50,1,32.0,0.0,32.0,32.0,False,7.8,7.8,True
508471,5864,P01,MS-CLN-GEL150,1,22.0,0.0,22.0,22.0,False,4.8,4.8,True
508472,5864,P06,MS-TRT-RET50,1,44.0,0.0,44.0,44.0,False,10.5,10.5,True
508473,5864,P05,MS-SER-NIA30,1,29.0,0.0,29.0,29.0,False,5.9,5.9,True
508474,5865,P03,MS-SER-VTC30,1,38.0,0.0,38.0,38.0,False,8.5,8.5,True
508475,5865,P05,MS-SER-NIA30,1,29.0,0.0,29.0,29.0,False,5.9,5.9,True
508476,5865,P12,MS-SET-RTN3,1,88.0,0.0,88.0,88.0,False,21.1,21.1,True
508477,5866,P01,MS-CLN-GEL150,1,22.0,0.0,22.0,22.0,False,4.8,4.8,True
508478,5866,P07,MS-MOI-SPF50,1,32.0,0.0,32.0,32.0,False,7.8,7.8,True
508479,5866,P02,MS-CLN-CRM150,1,24.0,0.0,24.0,24.0,False,5.4,5.4,True
508480,5867,P04,MS-SER-HYA30,1,34.0,3.4,34.0,30.6,False,7.2,7.2,True
508481,5868,P02,MS-CLN-CRM150,2,24.0,0.0,48.0,48.0,False,5.4,10.8,True
508482,5869,P10,MS-MSK-CLY100,1,26.0,0.0,26.0,26.0,False,6.0,6.0,True
508483,5869,P09,MS-EYE-015,1,30.0,0.0,30.0,30.0,False,7.5,7.5,True
508484,5870,P04,MS-SER-HYA30,1,34.0,0.0,34.0,34.0,False,7.2,7.2,True
508485,5871,P04,MS-SER-HYA30,2,34.0,0.0,68.0,68.0,False,7.2,14.4,True
508486,5871,P02,MS-CLN-CRM150,2,24.0,0.0,48.0,48.0,False,5.4,10.8,True
508487,5871,P01,MS-CLN-GEL150,1,22.0,0.0,22.0,22.0,False,4.8,4.8,True
508488,5871,P03,MS-SER-VTC30,1,38.0,0.0,38.0,38.0,False,8.5,8.5,True
508489,5872,P01,MS-CLN-GEL150,1,22.0,2.2,22.0,19.8,False,4.8,4.8,True
508490,5873,P07,MS-MOI-SPF50,1,32.0,0.0,32.0,32.0,False,7.8,7.8,True
508491,5873,P05,MS-SER-NIA30,1,29.0,0.0,29.0,29.0,False,5.9,5.9,True
508492,5874,P11,MS-BDY-LOT400,1,28.0,0.0,28.0,28.0,False,8.5,8.5,True
508493,5874,P06,MS-TRT-RET50,1,44.0,0.0,44.0,44.0,False,10.5,10.5,True
508494,5874,P04,MS-SER-HYA30,1,34.0,0.0,34.0,34.0,False,7.2,7.2,True
508495,5875,P07,MS-MOI-SPF50,1,32.0,0.0,32.0,32.0,False,7.8,7.8,True
508496,5876,P02,MS-CLN-CRM150,2,24.0,7.2,48.0,40.8,False,5.4,10.8,True
508497,5877,P01,MS-CLN-GEL150,1,22.0,3.3,22.0,18.7,False,4.8,4.8,True
508498,5877,P06,MS-TRT-RET50,2,44.0,13.2,88.0,74.8,False,10.5,21.0,True
508499,5878,P05,MS-SER-NIA30,1,29.0,0.0,29.0,29.0,False,5.9,5.9,True
508500,5879,P06,MS-TRT-RET50,2,44.0,13.2,88.0,74.8,False,10.5,21.0,True
508501,5879,P01,MS-CLN-GEL150,1,22.0,3.3,22.0,18.7,False,4.8,4.8,True
508502,5880,P03,MS-SER-VTC30,1,38.0,0.0,38.0,38.0,False,8.5,8.5,True
508503,5881,P05,MS-SER-NIA30,1,29.0,0.0,29.0,29.0,False,5.9,5.9,True
508504,5881,P06,MS-TRT-RET50,1,44.0,0.0,44.0,44.0,False,10.5,10.5,True
508505,5881,P03,MS-SER-VTC30,1,38.0,0.0,38.0,38.0,False,8.5,8.5,True
508506,5882,P01,MS-CLN-GEL150,2,22.0,0.0,44.0,44.0,False,4.8,9.6,True
508507,5883,P01,MS-CLN-GEL150,1,22.0,0.0,22.0,22.0,False,4.8,4.8,True
508508,5884,P05,MS-SER-NIA30,1,29.0,4.35,29.0,24.65,False,5.9,5.9,True
508509,5884,P07,MS-MOI-SPF50,1,32.0,4.8,32.0,27.2,False,7.8,7.8,True
508510,5885,P09,MS-EYE-015,1,30.0,0.0,30.0,30.0,False,7.5,7.5,True
508511,5885,P01,MS-CLN-GEL150,1,22.0,0.0,22.0,22.0,False,4.8,4.8,True
508512,5885,P11,MS-BDY-LOT400,1,28.0,0.0,28.0,28.0,False,8.5,8.5,True
508513,5886,P01,MS-CLN-GEL150,1,22.0,0.0,22.0,22.0,False,4.8,4.8,True
508514,5886,P12,MS-SET-RTN3,1,88.0,0.0,88.0,88.0,False,21.1,21.1,True
508515,5887,P04,MS-SER-HYA30,1,34.0,5.1,34.0,28.9,False,7.2,7.2,True
508516,5887,P05,MS-SER-NIA30,2,29.0,8.7,58.0,49.3,False,5.9,11.8,True
508517,5888,P04,MS-SER-HYA30,1,34.0,0.0,34.0,34.0,False,7.2,7.2,True
508518,5888,P10,MS-MSK-CLY100,2,26.0,0.0,52.0,52.0,False,6.0,12.0,True
508519,5888,P07,MS-MOI-SPF50,1,32.0,0.0,32.0,32.0,False,7.8,7.8,True
508520,5889,P06,MS-TRT-RET50,2,44.0,0.0,88.0,88.0,False,10.5,21.0,True
508521,5890,P01,MS-CLN-GEL150,1,22.0,0.0,22.0,22.0,False,4.8,4.8,True
508522,5890,P02,MS-CLN-CRM150,1,24.0,0.0,24.0,24.0,False,5.4,5.4,True
508523,5890,P12,MS-SET-RTN3,1,88.0,0.0,88.0,88.0,False,21.1,21.1,True
508524,5891,P03,MS-SER-VTC30,1,38.0,0.0,38.0,38.0,False,8.5,8.5,True
508525,5892,P02,MS-CLN-CRM150,1,24.0,0.0,24.0,24.0,False,5.4,5.4,True
508526,5893,P05,MS-SER-NIA30,1,29.0,0.0,29.0,29.0,False,5.9,5.9,True
508527,5894,P12,MS-SET-RTN3,1,88.0,0.0,88.0,88.0,False,21.1,21.1,True
508528,5894,P06,MS-TRT-RET50,1,44.0,0.0,44.0,44.0,False,10.5,10.5,True
508529,5894,P07,MS-MOI-SPF50,1,32.0,0.0,32.0,32.0,False,7.8,7.8,True
508530,5895,P01,MS-CLN-GEL150,1,22.0,0.0,22.0,22.0,False,4.8,4.8,True
508531,5895,P03,MS-SER-VTC30,1,38.0,0.0,38.0,38.0,False,8.5,8.5,True
508532,5895,P12,MS-SET-RTN3,1,88.0,0.0,88.0,88.0,False,21.1,21.1,True
508533,5896,P09,MS-EYE-015,1,30.0,0.0,30.0,30.0,False,7.5,7.5,True
508534,5897,P03,MS-SER-VTC30,1,38.0,0.0,38.0,38.0,False,8.5,8.5,True
508535,5897,P10,MS-MSK-CLY100,1,26.0,0.0,26.0,26.0,False,6.0,6.0,True
508536,5898,P11,MS-BDY-LOT400,1,28.0,0.0,28.0,28.0,False,8.5,8.5,False
508537,5899,P01,MS-CLN-GEL150,1,22.0,3.3,22.0,18.7,False,4.8,4.8,True
508538,5900,P04,MS-SER-HYA30,2,34.0,0.0,68.0,68.0,False,7.2,14.4,True
508539,5901,P05,MS-SER-NIA30,1,29.0,0.0,29.0,29.0,False,5.9,5.9,True
508540,5902,P07,MS-MOI-SPF50,1,32.0,0.0,32.0,32.0,False,7.8,7.8,True
508541,5902,P01,MS-CLN-GEL150,1,22.0,0.0,22.0,22.0,False,4.8,4.8,True
508542,5903,P12,MS-SET-RTN3,1,88.0,0.0,88.0,88.0,False,21.1,21.1,True
508543,5904,P01,MS-CLN-GEL150,1,22.0,0.0,22.0,22.0,False,4.8,4.8,True
508544,5905,P10,MS-MSK-CLY100,1,26.0,0.0,26.0,26.0,False,6.0,6.0,True
508545,5905,P04,MS-SER-HYA30,1,34.0,0.0,34.0,34.0,False,7.2,7.2,True
508546,5905,P11,MS-BDY-LOT400,1,28.0,0.0,28.0,28.0,False,8.5,8.5,True
508547,5906,P04,MS-SER-HYA30,1,34.0,0.0,34.0,34.0,False,7.2,7.2,True
508548,5907,P09,MS-EYE-015,1,30.0,0.0,30.0,30.0,False,7.5,7.5,True
508549,5908,P05,MS-SER-NIA30,1,29.0,0.0,29.0,29.0,False,5.9,5.9,True
508550,5909,P03,MS-SER-VTC30,1,38.0,0.0,38.0,38.0,False,8.5,8.5,True
508551,5909,P01,MS-CLN-GEL150,2,22.0,0.0,44.0,44.0,False,4.8,9.6,True
508552,5909,P06,MS-TRT-RET50,2,44.0,0.0,88.0,88.0,False,10.5,21.0,True
508553,5910,P02,MS-CLN-CRM150,1,24.0,0.0,24.0,24.0,False,5.4,5.4,True
508554,5910,P04,MS-SER-HYA30,1,34.0,0.0,34.0,34.0,False,7.2,7.2,True
508555,5911,P08,MS-MOI-BAR50,2,36.0,0.0,72.0,72.0,False,8.0,16.0,True
508556,5912,P03,MS-SER-VTC30,1,38.0,0.0,38.0,38.0,False,8.5,8.5,True
508557,5913,P12,MS-SET-RTN3,1,88.0,13.2,88.0,74.8,False,21.1,21.1,True
508558,5913,P01,MS-CLN-GEL150,1,22.0,3.3,22.0,18.7,False,4.8,4.8,True
508559,5914,P07,MS-MOI-SPF50,1,32.0,4.8,32.0,27.2,False,7.8,7.8,True
508560,5915,P05,MS-SER-NIA30,1,29.0,0.0,29.0,29.0,False,5.9,5.9,True
508561,5916,P05,MS-SER-NIA30,1,29.0,4.35,29.0,24.65,False,5.9,5.9,True
508562,5917,P06,MS-TRT-RET50,1,44.0,6.6,44.0,37.4,False,10.5,10.5,True
508563,5918,P09,MS-EYE-015,1,30.0,0.0,30.0,30.0,False,7.5,7.5,True
508564,5919,P04,MS-SER-HYA30,1,34.0,5.1,34.0,28.9,False,7.2,7.2,True
508565,5919,P08,MS-MOI-BAR50,1,36.0,5.4,36.0,30.6,False,8.0,8.0,True
508566,5920,P03,MS-SER-VTC30,1,38.0,0.0,38.0,38.0,False,8.5,8.5,True
508567,5921,P04,MS-SER-HYA30,1,34.0,0.0,34.0,34.0,False,7.2,7.2,True
508568,5921,P07,MS-MOI-SPF50,2,32.0,0.0,64.0,64.0,False,7.8,15.6,True
508569,5921,P01,MS-CLN-GEL150,1,22.0,0.0,22.0,22.0,False,4.8,4.8,True
508570,5922,P02,MS-CLN-CRM150,1,24.0,0.0,24.0,24.0,False,5.4,5.4,True
508571,5922,P10,MS-MSK-CLY100,1,26.0,0.0,26.0,26.0,False,6.0,6.0,True
508572,5923,P06,MS-TRT-RET50,1,44.0,4.4,44.0,39.6,False,10.5,10.5,True
508573,5923,P01,MS-CLN-GEL150,1,22.0,2.2,22.0,19.8,False,4.8,4.8,True
508574,5924,P04,MS-SER-HYA30,1,34.0,3.4,34.0,30.6,False,7.2,7.2,True
508575,5925,P07,MS-MOI-SPF50,1,32.0,0.0,32.0,32.0,False,7.8,7.8,True
508576,5925,P03,MS-SER-VTC30,2,38.0,0.0,76.0,76.0,False,8.5,17.0,True
508577,5926,P08,MS-MOI-BAR50,1,36.0,5.4,36.0,30.6,False,8.0,8.0,True
508578,5927,P06,MS-TRT-RET50,1,44.0,0.0,44.0,44.0,False,10.5,10.5,True
508579,5928,P03,MS-SER-VTC30,1,38.0,5.7,38.0,32.3,False,8.5,8.5,True
508580,5928,P01,MS-CLN-GEL150,1,22.0,3.3,22.0,18.7,False,4.8,4.8,True
508581,5928,P07,MS-MOI-SPF50,1,32.0,4.8,32.0,27.2,False,7.8,7.8,True
508582,5929,P07,MS-MOI-SPF50,1,32.0,0.0,32.0,32.0,False,7.8,7.8,True
508583,5930,P02,MS-CLN-CRM150,1,24.0,0.0,24.0,24.0,False,5.4,5.4,True
508584,5931,P01,MS-CLN-GEL150,1,22.0,3.3,22.0,18.7,False,4.8,4.8,True
508585,5931,P05,MS-SER-NIA30,1,29.0,4.35,29.0,24.65,False,5.9,5.9,True
508586,5932,P03,MS-SER-VTC30,1,38.0,0.0,38.0,38.0,False,8.5,8.5,True
508587,5933,P08,MS-MOI-BAR50,1,36.0,0.0,36.0,36.0,False,8.0,8.0,True
508588,5934,P07,MS-MOI-SPF50,1,32.0,4.8,32.0,27.2,False,7.8,7.8,True
508589,5935,P04,MS-SER-HYA30,1,34.0,0.0,34.0,34.0,False,7.2,7.2,True
508590,5935,P10,MS-MSK-CLY100,1,26.0,0.0,26.0,26.0,False,6.0,6.0,True
508591,5936,P03,MS-SER-VTC30,1,38.0,5.7,38.0,32.3,False,8.5,8.5,True
508592,5936,P02,MS-CLN-CRM150,2,24.0,7.2,48.0,40.8,False,5.4,10.8,True
508593,5936,P07,MS-MOI-SPF50,1,32.0,4.8,32.0,27.2,False,7.8,7.8,True
508594,5936,P08,MS-MOI-BAR50,1,36.0,5.4,36.0,30.6,False,8.0,8.0,True
508595,5937,P10,MS-MSK-CLY100,1,26.0,0.0,26.0,26.0,False,6.0,6.0,True
508596,5937,P05,MS-SER-NIA30,1,29.0,0.0,29.0,29.0,False,5.9,5.9,True
508597,5938,P12,MS-SET-RTN3,1,88.0,0.0,88.0,88.0,False,21.1,21.1,True
508598,5939,P03,MS-SER-VTC30,2,38.0,7.6,76.0,68.4,False,8.5,17.0,True
508599,5940,P05,MS-SER-NIA30,1,29.0,0.0,29.0,29.0,False,5.9,5.9,True
508600,5941,P01,MS-CLN-GEL150,1,22.0,3.3,22.0,18.7,False,4.8,4.8,True
508601,5942,P10,MS-MSK-CLY100,1,26.0,3.9,26.0,22.1,False,6.0,6.0,True
508602,5943,P06,MS-TRT-RET50,1,44.0,6.6,44.0,37.4,False,10.5,10.5,True
508603,5944,P12,MS-SET-RTN3,1,88.0,0.0,88.0,88.0,False,21.1,21.1,True
508604,5945,P04,MS-SER-HYA30,1,34.0,0.0,34.0,34.0,False,7.2,7.2,True
508605,5946,P04,MS-SER-HYA30,1,34.0,0.0,34.0,34.0,False,7.2,7.2,True
508606,5946,P06,MS-TRT-RET50,1,44.0,0.0,44.0,44.0,False,10.5,10.5,True
508607,5947,P03,MS-SER-VTC30,1,38.0,0.0,38.0,38.0,False,8.5,8.5,True
508608,5948,P03,MS-SER-VTC30,1,38.0,0.0,38.0,38.0,False,8.5,8.5,True
508609,5949,P01,MS-CLN-GEL150,2,22.0,0.0,44.0,44.0,False,4.8,9.6,True
508610,5949,P03,MS-SER-VTC30,1,38.0,0.0,38.0,38.0,False,8.5,8.5,True
508611,5950,P06,MS-TRT-RET50,1,44.0,0.0,44.0,44.0,False,10.5,10.5,True
508612,5950,P05,MS-SER-NIA30,1,29.0,0.0,29.0,29.0,False,5.9,5.9,True
508613,5950,P01,MS-CLN-GEL150,2,22.0,0.0,44.0,44.0,False,4.8,9.6,True
508614,5950,P03,MS-SER-VTC30,1,38.0,0.0,38.0,38.0,False,8.5,8.5,True
508615,5951,P04,MS-SER-HYA30,1,34.0,0.0,34.0,34.0,False,7.2,7.2,True
508616,5952,P04,MS-SER-HYA30,1,34.0,0.0,34.0,34.0,False,7.2,7.2,True
508617,5952,P05,MS-SER-NIA30,1,29.0,0.0,29.0,29.0,False,5.9,5.9,True
508618,5952,P10,MS-MSK-CLY100,1,26.0,0.0,26.0,26.0,False,6.0,6.0,True
508619,5953,P05,MS-SER-NIA30,2,29.0,0.0,58.0,58.0,False,5.9,11.8,True
508620,5953,P03,MS-SER-VTC30,2,38.0,0.0,76.0,76.0,False,8.5,17.0,True
508621,5953,P07,MS-MOI-SPF50,1,32.0,0.0,32.0,32.0,False,7.8,7.8,True
508622,5954,P07,MS-MOI-SPF50,1,32.0,0.0,32.0,32.0,False,7.8,7.8,True
508623,5955,P04,MS-SER-HYA30,1,34.0,0.0,34.0,34.0,False,7.2,7.2,True
508624,5955,P03,MS-SER-VTC30,1,38.0,0.0,38.0,38.0,False,8.5,8.5,True
508625,5956,P12,MS-SET-RTN3,1,88.0,0.0,88.0,88.0,False,21.1,21.1,True
508626,5956,P08,MS-MOI-BAR50,1,36.0,0.0,36.0,36.0,False,8.0,8.0,True
508627,5957,P03,MS-SER-VTC30,1,38.0,0.0,38.0,38.0,False,8.5,8.5,True
508628,5957,P05,MS-SER-NIA30,2,29.0,0.0,58.0,58.0,False,5.9,11.8,True
508629,5957,P08,MS-MOI-BAR50,1,36.0,0.0,36.0,36.0,False,8.0,8.0,True
508630,5958,P12,MS-SET-RTN3,1,88.0,0.0,88.0,88.0,False,21.1,21.1,True
508631,5958,P02,MS-CLN-CRM150,1,24.0,0.0,24.0,24.0,False,5.4,5.4,True
508632,5958,P09,MS-EYE-015,1,30.0,0.0,30.0,30.0,False,7.5,7.5,True
508633,5959,P03,MS-SER-VTC30,1,38.0,5.7,38.0,32.3,False,8.5,8.5,True
508634,5960,P03,MS-SER-VTC30,1,38.0,5.7,38.0,32.3,False,8.5,8.5,True
508635,5961,P02,MS-CLN-CRM150,2,24.0,4.8,48.0,43.2,False,5.4,10.8,True
508636,5962,P01,MS-CLN-GEL150,1,22.0,3.3,22.0,18.7,False,4.8,4.8,True
508637,5963,P06,MS-TRT-RET50,1,44.0,0.0,44.0,44.0,False,10.5,10.5,True
508638,5963,P09,MS-EYE-015,1,30.0,0.0,30.0,30.0,False,7.5,7.5,True
508639,5964,P03,MS-SER-VTC30,1,38.0,0.0,38.0,38.0,False,8.5,8.5,True
508640,5965,P08,MS-MOI-BAR50,2,36.0,0.0,72.0,72.0,False,8.0,16.0,True
508641,5965,P03,MS-SER-VTC30,1,38.0,0.0,38.0,38.0,False,8.5,8.5,True
508642,5965,P02,MS-CLN-CRM150,1,24.0,0.0,24.0,24.0,False,5.4,5.4,True
508643,5966,P04,MS-SER-HYA30,1,34.0,0.0,34.0,34.0,False,7.2,7.2,True
508644,5966,P06,MS-TRT-RET50,1,44.0,0.0,44.0,44.0,False,10.5,10.5,True
508645,5967,P03,MS-SER-VTC30,2,38.0,7.6,76.0,68.4,False,8.5,17.0,False
508646,5967,P02,MS-CLN-CRM150,1,24.0,2.4,24.0,21.6,False,5.4,5.4,False
508647,5967,P07,MS-MOI-SPF50,1,32.0,3.2,32.0,28.8,False,7.8,7.8,False
508648,5967,P04,MS-SER-HYA30,1,34.0,3.4,34.0,30.6,False,7.2,7.2,False
508649,5968,P11,MS-BDY-LOT400,1,28.0,0.0,28.0,28.0,False,8.5,8.5,True
508650,5969,P03,MS-SER-VTC30,1,38.0,0.0,38.0,38.0,False,8.5,8.5,True
508651,5969,P06,MS-TRT-RET50,2,44.0,0.0,88.0,88.0,False,10.5,21.0,True
508652,5970,P07,MS-MOI-SPF50,1,32.0,3.2,32.0,28.8,False,7.8,7.8,True
508653,5970,P09,MS-EYE-015,2,30.0,6.0,60.0,54.0,False,7.5,15.0,True
508654,5970,P04,MS-SER-HYA30,1,34.0,3.4,34.0,30.6,False,7.2,7.2,True
508655,5970,P03,MS-SER-VTC30,1,38.0,3.8,38.0,34.2,False,8.5,8.5,True
508656,5971,P11,MS-BDY-LOT400,1,28.0,0.0,28.0,28.0,False,8.5,8.5,True
508657,5972,P05,MS-SER-NIA30,1,29.0,4.35,29.0,24.65,False,5.9,5.9,True
508658,5973,P07,MS-MOI-SPF50,2,32.0,9.6,64.0,54.4,False,7.8,15.6,True
508659,5973,P10,MS-MSK-CLY100,1,26.0,3.9,26.0,22.1,False,6.0,6.0,True
508660,5974,P04,MS-SER-HYA30,2,34.0,0.0,68.0,68.0,False,7.2,14.4,True
508661,5975,P11,MS-BDY-LOT400,1,28.0,0.0,28.0,28.0,False,8.5,8.5,True
508662,5976,P06,MS-TRT-RET50,2,44.0,13.2,88.0,74.8,False,10.5,21.0,True
508663,5976,P03,MS-SER-VTC30,1,38.0,5.7,38.0,32.3,False,8.5,8.5,True
508664,5977,P06,MS-TRT-RET50,1,44.0,6.6,44.0,37.4,False,10.5,10.5,True
508665,5978,P06,MS-TRT-RET50,1,44.0,0.0,44.0,44.0,False,10.5,10.5,True
508666,5979,P06,MS-TRT-RET50,1,44.0,0.0,44.0,44.0,False,10.5,10.5,True
508667,5979,P05,MS-SER-NIA30,1,29.0,0.0,29.0,29.0,False,5.9,5.9,True
508668,5980,P02,MS-CLN-CRM150,1,24.0,0.0,24.0,24.0,False,5.4,5.4,True
508669,5980,P04,MS-SER-HYA30,1,34.0,0.0,34.0,34.0,False,7.2,7.2,True
508670,5981,P01,MS-CLN-GEL150,1,22.0,0.0,22.0,22.0,False,4.8,4.8,True
508671,5982,P10,MS-MSK-CLY100,1,26.0,3.9,26.0,22.1,False,6.0,6.0,True
508672,5983,P09,MS-EYE-015,1,30.0,0.0,30.0,30.0,False,7.5,7.5,True
508673,5984,P03,MS-SER-VTC30,1,38.0,0.0,38.0,38.0,False,8.5,8.5,True
508674,5984,P12,MS-SET-RTN3,1,88.0,0.0,88.0,88.0,False,21.1,21.1,True
508675,5984,P08,MS-MOI-BAR50,1,36.0,0.0,36.0,36.0,False,8.0,8.0,True
508676,5985,P06,MS-TRT-RET50,1,44.0,0.0,44.0,44.0,False,10.5,10.5,True
508677,5985,P04,MS-SER-HYA30,2,34.0,0.0,68.0,68.0,False,7.2,14.4,True
508678,5986,P10,MS-MSK-CLY100,1,26.0,2.6,26.0,23.4,False,6.0,6.0,True
508679,5987,P01,MS-CLN-GEL150,1,22.0,0.0,22.0,22.0,False,4.8,4.8,True
508680,5988,P02,MS-CLN-CRM150,1,24.0,3.6,24.0,20.4,False,5.4,5.4,True
508681,5988,P03,MS-SER-VTC30,1,38.0,5.7,38.0,32.3,False,8.5,8.5,True
508682,5989,P10,MS-MSK-CLY100,1,26.0,0.0,26.0,26.0,False,6.0,6.0,True
508683,5990,P12,MS-SET-RTN3,1,88.0,13.2,88.0,74.8,False,21.1,21.1,True
508684,5991,P05,MS-SER-NIA30,1,29.0,0.0,29.0,29.0,False,5.9,5.9,True
508685,5992,P03,MS-SER-VTC30,1,38.0,0.0,38.0,38.0,False,8.5,8.5,True
508686,5993,P04,MS-SER-HYA30,1,34.0,5.1,34.0,28.9,False,7.2,7.2,True
508687,5993,P05,MS-SER-NIA30,1,29.0,4.35,29.0,24.65,False,5.9,5.9,True
508688,5993,P10,MS-MSK-CLY100,1,26.0,3.9,26.0,22.1,False,6.0,6.0,True
508689,5994,P06,MS-TRT-RET50,1,44.0,0.0,44.0,44.0,False,10.5,10.5,True
508690,5994,P03,MS-SER-VTC30,1,38.0,0.0,38.0,38.0,False,8.5,8.5,True
508691,5994,P02,MS-CLN-CRM150,1,24.0,0.0,24.0,24.0,False,5.4,5.4,True
508692,5995,P03,MS-SER-VTC30,1,38.0,0.0,38.0,38.0,False,8.5,8.5,True
508693,5995,P09,MS-EYE-015,1,30.0,0.0,30.0,30.0,False,7.5,7.5,True
508694,5996,P03,MS-SER-VTC30,1,38.0,0.0,38.0,38.0,False,8.5,8.5,True
508695,5997,P01,MS-CLN-GEL150,1,22.0,0.0,22.0,22.0,False,4.8,4.8,True
508696,5998,P03,MS-SER-VTC30,1,38.0,3.8,38.0,34.2,False,8.5,8.5,True
508697,5999,P01,MS-CLN-GEL150,1,22.0,0.0,22.0,22.0,False,4.8,4.8,True
508698,6000,P07,MS-MOI-SPF50,1,32.0,0.0,32.0,32.0,False,7.8,7.8,True
508699,6000,P04,MS-SER-HYA30,2,34.0,0.0,68.0,68.0,False,7.2,14.4,True
508700,6000,P03,MS-SER-VTC30,2,38.0,0.0,76.0,76.0,False,8.5,17.0,True
508701,6001,P08,MS-MOI-BAR50,1,36.0,8.46,36.0,27.54,False,8.0,8.0,True
508702,6002,P05,MS-SER-NIA30,2,29.0,0.0,58.0,58.0,False,5.9,11.8,True
508703,6002,P07,MS-MOI-SPF50,1,32.0,0.0,32.0,32.0,False,7.8,7.8,True
508704,6003,P06,MS-TRT-RET50,1,44.0,0.0,44.0,44.0,False,10.5,10.5,True
508705,6004,P11,MS-BDY-LOT400,1,28.0,4.2,28.0,23.8,False,8.5,8.5,True
508706,6005,P06,MS-TRT-RET50,1,44.0,0.0,44.0,44.0,False,10.5,10.5,True
508707,6006,P07,MS-MOI-SPF50,1,32.0,3.2,32.0,28.8,False,7.8,7.8,True
508708,6006,P05,MS-SER-NIA30,1,29.0,2.9,29.0,26.1,False,5.9,5.9,True
508709,6007,P07,MS-MOI-SPF50,1,32.0,0.0,32.0,32.0,False,7.8,7.8,True
508710,6008,P06,MS-TRT-RET50,1,44.0,0.0,44.0,44.0,False,10.5,10.5,True
508711,6008,P09,MS-EYE-015,1,30.0,0.0,30.0,30.0,False,7.5,7.5,True
508712,6009,P08,MS-MOI-BAR50,1,36.0,5.4,36.0,30.6,False,8.0,8.0,True
508713,6010,P12,MS-SET-RTN3,1,88.0,0.0,88.0,88.0,False,21.1,21.1,True
508714,6010,P04,MS-SER-HYA30,1,34.0,0.0,34.0,34.0,False,7.2,7.2,True
508715,6010,P06,MS-TRT-RET50,1,44.0,0.0,44.0,44.0,False,10.5,10.5,True
508716,6011,P07,MS-MOI-SPF50,1,32.0,0.0,32.0,32.0,False,7.8,7.8,True
508717,6012,P07,MS-MOI-SPF50,1,32.0,0.0,32.0,32.0,False,7.8,7.8,True
508718,6012,P01,MS-CLN-GEL150,1,22.0,0.0,22.0,22.0,False,4.8,4.8,True
508719,6013,P08,MS-MOI-BAR50,2,36.0,8.64,72.0,63.36,False,8.0,16.0,True
508720,6014,P04,MS-SER-HYA30,1,34.0,0.0,34.0,34.0,False,7.2,7.2,True
508721,6014,P03,MS-SER-VTC30,1,38.0,0.0,38.0,38.0,False,8.5,8.5,True
508722,6014,P11,MS-BDY-LOT400,1,28.0,0.0,28.0,28.0,False,8.5,8.5,True
508723,6015,P06,MS-TRT-RET50,1,44.0,0.0,44.0,44.0,False,10.5,10.5,True
508724,6015,P03,MS-SER-VTC30,1,38.0,0.0,38.0,38.0,False,8.5,8.5,True
508725,6016,P11,MS-BDY-LOT400,1,28.0,0.0,28.0,28.0,False,8.5,8.5,True
508726,6016,P12,MS-SET-RTN3,1,88.0,0.0,88.0,88.0,False,21.1,21.1,True
508727,6017,P01,MS-CLN-GEL150,1,22.0,2.2,22.0,19.8,False,4.8,4.8,True
508728,6018,P03,MS-SER-VTC30,1,38.0,3.8,38.0,34.2,False,8.5,8.5,True
508729,6018,P01,MS-CLN-GEL150,1,22.0,2.2,22.0,19.8,False,4.8,4.8,True
508730,6018,P12,MS-SET-RTN3,1,88.0,8.8,88.0,79.2,False,21.1,21.1,True
508731,6018,P04,MS-SER-HYA30,1,34.0,3.4,34.0,30.6,False,7.2,7.2,True
508732,6019,P05,MS-SER-NIA30,1,29.0,2.9,29.0,26.1,False,5.9,5.9,True
508733,6020,P05,MS-SER-NIA30,1,29.0,4.35,29.0,24.65,False,5.9,5.9,True
508734,6020,P04,MS-SER-HYA30,1,34.0,5.1,34.0,28.9,False,7.2,7.2,True
508735,6020,P01,MS-CLN-GEL150,1,22.0,3.3,22.0,18.7,False,4.8,4.8,True
508736,6021,P01,MS-CLN-GEL150,1,22.0,0.0,22.0,22.0,False,4.8,4.8,True
508737,6021,P12,MS-SET-RTN3,1,88.0,0.0,88.0,88.0,False,21.1,21.1,True
508738,6022,P03,MS-SER-VTC30,1,38.0,3.8,38.0,34.2,False,8.5,8.5,True
508739,6023,P01,MS-CLN-GEL150,1,22.0,0.0,22.0,22.0,False,4.8,4.8,True
508740,6023,P03,MS-SER-VTC30,1,38.0,0.0,38.0,38.0,False,8.5,8.5,True
508741,6024,P05,MS-SER-NIA30,1,29.0,0.0,29.0,29.0,False,5.9,5.9,True
508742,6025,P07,MS-MOI-SPF50,2,32.0,0.0,64.0,64.0,False,7.8,15.6,True
508743,6025,P06,MS-TRT-RET50,1,44.0,0.0,44.0,44.0,False,10.5,10.5,True
508744,6026,P03,MS-SER-VTC30,2,38.0,7.6,76.0,68.4,False,8.5,17.0,True
508745,6026,P10,MS-MSK-CLY100,1,26.0,2.6,26.0,23.4,False,6.0,6.0,True
508746,6026,P11,MS-BDY-LOT400,1,28.0,2.8,28.0,25.2,False,8.5,8.5,True
508747,6027,P12,MS-SET-RTN3,1,88.0,13.2,88.0,74.8,False,21.1,21.1,True
508748,6028,P01,MS-CLN-GEL150,1,22.0,3.3,22.0,18.7,False,4.8,4.8,True
508749,6029,P03,MS-SER-VTC30,1,38.0,5.7,38.0,32.3,False,8.5,8.5,True
508750,6030,P12,MS-SET-RTN3,1,88.0,13.2,88.0,74.8,False,21.1,21.1,True
508751,6031,P08,MS-MOI-BAR50,1,36.0,0.0,36.0,36.0,False,8.0,8.0,True
508752,6031,P02,MS-CLN-CRM150,1,24.0,0.0,24.0,24.0,False,5.4,5.4,True
508753,6032,P12,MS-SET-RTN3,1,88.0,0.0,88.0,88.0,False,21.1,21.1,True
508754,6033,P03,MS-SER-VTC30,1,38.0,0.0,38.0,38.0,False,8.5,8.5,True
508755,6033,P07,MS-MOI-SPF50,2,32.0,0.0,64.0,64.0,False,7.8,15.6,True
508756,6033,P06,MS-TRT-RET50,1,44.0,0.0,44.0,44.0,False,10.5,10.5,True
508757,6034,P04,MS-SER-HYA30,2,34.0,10.2,68.0,57.8,False,7.2,14.4,True
508758,6034,P08,MS-MOI-BAR50,1,36.0,5.4,36.0,30.6,False,8.0,8.0,True
508759,6034,P01,MS-CLN-GEL150,1,22.0,3.3,22.0,18.7,False,4.8,4.8,True
508760,6035,P03,MS-SER-VTC30,1,38.0,0.0,38.0,38.0,False,8.5,8.5,True
508761,6036,P03,MS-SER-VTC30,1,38.0,0.0,38.0,38.0,False,8.5,8.5,True
508762,6037,P09,MS-EYE-015,2,30.0,9.0,60.0,51.0,False,7.5,15.0,True
508763,6037,P06,MS-TRT-RET50,1,44.0,6.6,44.0,37.4,False,10.5,10.5,True
508764,6038,P09,MS-EYE-015,1,30.0,0.0,30.0,30.0,False,7.5,7.5,True
508765,6039,P12,MS-SET-RTN3,1,88.0,0.0,88.0,88.0,False,21.1,21.1,True
508766,6039,P03,MS-SER-VTC30,1,38.0,0.0,38.0,38.0,False,8.5,8.5,True
508767,6039,P05,MS-SER-NIA30,1,29.0,0.0,29.0,29.0,False,5.9,5.9,True
508768,6040,P03,MS-SER-VTC30,1,38.0,0.0,38.0,38.0,False,8.5,8.5,True
508769,6040,P04,MS-SER-HYA30,1,34.0,0.0,34.0,34.0,False,7.2,7.2,True
508770,6041,P05,MS-SER-NIA30,1,29.0,4.35,29.0,24.65,False,5.9,5.9,True
508771,6041,P03,MS-SER-VTC30,2,38.0,11.4,76.0,64.6,False,8.5,17.0,True
508772,6042,P03,MS-SER-VTC30,1,38.0,0.0,38.0,38.0,False,8.5,8.5,True
508773,6043,P03,MS-SER-VTC30,1,38.0,3.8,38.0,34.2,False,8.5,8.5,True
508774,6043,P01,MS-CLN-GEL150,1,22.0,2.2,22.0,19.8,False,4.8,4.8,True
508775,6044,P05,MS-SER-NIA30,2,29.0,0.0,58.0,58.0,False,5.9,11.8,True
508776,6044,P03,MS-SER-VTC30,2,38.0,0.0,76.0,76.0,False,8.5,17.0,True
508777,6044,P07,MS-MOI-SPF50,1,32.0,0.0,32.0,32.0,False,7.8,7.8,True
508778,6045,P07,MS-MOI-SPF50,1,32.0,4.8,32.0,27.2,False,7.8,7.8,True
508779,6046,P01,MS-CLN-GEL150,1,22.0,5.54,22.0,16.46,False,4.8,4.8,True
508780,6046,P10,MS-MSK-CLY100,1,26.0,6.56,26.0,19.44,False,6.0,6.0,True
508781,6047,P05,MS-SER-NIA30,1,29.0,0.0,29.0,29.0,False,5.9,5.9,True
508782,6047,P01,MS-CLN-GEL150,1,22.0,0.0,22.0,22.0,False,4.8,4.8,True
508783,6047,P03,MS-SER-VTC30,1,38.0,0.0,38.0,38.0,False,8.5,8.5,True
508784,6048,P03,MS-SER-VTC30,1,38.0,5.7,38.0,32.3,False,8.5,8.5,True
508785,6049,P01,MS-CLN-GEL150,1,22.0,3.3,22.0,18.7,False,4.8,4.8,True
508786,6049,P04,MS-SER-HYA30,1,34.0,5.1,34.0,28.9,False,7.2,7.2,True
508787,6050,P07,MS-MOI-SPF50,1,32.0,0.0,32.0,32.0,False,7.8,7.8,True
508788,6051,P03,MS-SER-VTC30,1,38.0,3.8,38.0,34.2,False,8.5,8.5,True
508789,6052,P06,MS-TRT-RET50,1,44.0,0.0,44.0,44.0,False,10.5,10.5,True
508790,6053,P04,MS-SER-HYA30,1,34.0,0.0,34.0,34.0,False,7.2,7.2,True
508791,6053,P01,MS-CLN-GEL150,1,22.0,0.0,22.0,22.0,False,4.8,4.8,True
508792,6053,P02,MS-CLN-CRM150,2,24.0,0.0,48.0,48.0,False,5.4,10.8,True
508793,6054,P10,MS-MSK-CLY100,1,26.0,0.0,26.0,26.0,False,6.0,6.0,True
508794,6055,P03,MS-SER-VTC30,1,38.0,0.0,38.0,38.0,False,8.5,8.5,True
508795,6056,P05,MS-SER-NIA30,1,29.0,0.0,29.0,29.0,False,5.9,5.9,True
508796,6056,P03,MS-SER-VTC30,1,38.0,0.0,38.0,38.0,False,8.5,8.5,True
508797,6056,P01,MS-CLN-GEL150,1,22.0,0.0,22.0,22.0,False,4.8,4.8,True
508798,6057,P01,MS-CLN-GEL150,1,22.0,0.0,22.0,22.0,False,4.8,4.8,True
508799,6058,P11,MS-BDY-LOT400,1,28.0,4.2,28.0,23.8,False,8.5,8.5,True
508800,6058,P10,MS-MSK-CLY100,1,26.0,3.9,26.0,22.1,False,6.0,6.0,True
508801,6058,P04,MS-SER-HYA30,2,34.0,10.2,68.0,57.8,False,7.2,14.4,True
508802,6059,P01,MS-CLN-GEL150,1,22.0,0.0,22.0,22.0,False,4.8,4.8,True
508803,6059,P07,MS-MOI-SPF50,1,32.0,0.0,32.0,32.0,False,7.8,7.8,True
508804,6060,P07,MS-MOI-SPF50,1,32.0,4.8,32.0,27.2,False,7.8,7.8,True
508805,6061,P01,MS-CLN-GEL150,1,22.0,0.0,22.0,22.0,False,4.8,4.8,True
508806,6061,P12,MS-SET-RTN3,1,88.0,0.0,88.0,88.0,False,21.1,21.1,True
508807,6062,P03,MS-SER-VTC30,1,38.0,5.7,38.0,32.3,False,8.5,8.5,True
508808,6063,P12,MS-SET-RTN3,1,88.0,0.0,88.0,88.0,False,21.1,21.1,True
508809,6064,P11,MS-BDY-LOT400,1,28.0,0.0,28.0,28.0,False,8.5,8.5,False
508810,6064,P03,MS-SER-VTC30,1,38.0,0.0,38.0,38.0,False,8.5,8.5,False
508811,6065,P03,MS-SER-VTC30,1,38.0,4.56,38.0,33.44,False,8.5,8.5,True
508812,6066,P12,MS-SET-RTN3,1,88.0,0.0,88.0,88.0,False,21.1,21.1,True
508813,6067,P01,MS-CLN-GEL150,1,22.0,3.3,22.0,18.7,False,4.8,4.8,True
508814,6068,P10,MS-MSK-CLY100,1,26.0,3.9,26.0,22.1,False,6.0,6.0,True
508815,6069,P03,MS-SER-VTC30,1,38.0,5.7,38.0,32.3,False,8.5,8.5,True
508816,6070,P03,MS-SER-VTC30,1,38.0,0.0,38.0,38.0,False,8.5,8.5,True
508817,6071,P06,MS-TRT-RET50,1,44.0,0.0,44.0,44.0,False,10.5,10.5,True
508818,6071,P12,MS-SET-RTN3,1,88.0,0.0,88.0,88.0,False,21.1,21.1,True
508819,6072,P01,MS-CLN-GEL150,1,22.0,0.0,22.0,22.0,False,4.8,4.8,True
508820,6072,P04,MS-SER-HYA30,1,34.0,0.0,34.0,34.0,False,7.2,7.2,True
508821,6073,P03,MS-SER-VTC30,1,38.0,0.0,38.0,38.0,False,8.5,8.5,True
508822,6073,P05,MS-SER-NIA30,1,29.0,0.0,29.0,29.0,False,5.9,5.9,True
508823,6073,P08,MS-MOI-BAR50,1,36.0,0.0,36.0,36.0,False,8.0,8.0,True
508824,6073,P11,MS-BDY-LOT400,1,28.0,0.0,28.0,28.0,False,8.5,8.5,True
