person_id,first_customer_id,n_customer_ids,created_utc,country,region,accepts_marketing,acquisition_source
0000000497e9,103786,1,2026-06-09T10:30:00Z,US,MI,False,google_ads
0000000ef572,103344,1,2026-05-04T13:07:56Z,US,TX,False,meta_ads
0000001952fb,103176,1,2026-04-21T01:03:27Z,US,TX,False,meta_ads
00000023b084,102579,1,2026-03-05T13:54:45Z,US,TX,True,organic_search
000000294c42,100181,1,2025-07-22T10:39:08Z,US,CA,True,unknown
000000294d09,101969,1,2026-01-03T06:40:13Z,US,MD,True,meta_ads
0000002e0e0d,102251,1,2026-02-03T11:07:52Z,US,GA,True,influencer
00000033a9cb,100636,1,2025-09-17T02:29:06Z,US,CA,True,direct
0000003b50f0,100054,1,2025-07-07T23:32:26Z,US,CA,False,meta_ads
0000007df02d,103025,1,2026-04-08T23:11:33Z,CA,BC,False,google_ads
000000884cef,101678,1,2025-12-02T04:28:13Z,AU,VIC,True,influencer
000000884db6,102876,1,2026-03-25T14:00:49Z,US,TX,True,referral
0000008de974,100160,1,2025-07-20T00:30:41Z,US,MO,True,tiktok_ads
00000092aa78,102051,1,2026-01-09T22:32:48Z,US,WA,True,organic_search
00000092ab3f,102507,1,2026-02-26T12:13:59Z,US,CA,False,organic_search
0000009846fd,100670,1,2025-09-20T03:08:38Z,US,WI,True,influencer
0000009d0801,102229,1,2026-02-01T13:42:14Z,US,CA,True,organic_search
0000009d08c8,101807,1,2025-12-14T03:12:57Z,US,OR,True,organic_search
000000a2a486,100836,1,2025-10-07T15:57:01Z,US,FL,False,meta_ads
000000a2a54d,103456,1,2026-05-11T01:12:07Z,GB,SCT,True,referral
000000a7658a,102895,1,2026-03-27T00:22:54Z,US,VA,False,direct
000000a76651,101126,1,2025-11-06T13:48:56Z,CA,ON,True,tiktok_ads
000000ad020f,101519,1,2025-11-28T15:59:08Z,CA,QC,False,meta_ads
000000b1c313,103358,1,2026-05-05T03:53:54Z,US,NY,False,google_ads
000000f74871,102487,1,2026-02-23T22:24:00Z,US,CA,True,direct
000000fc0975,100459,1,2025-08-26T16:25:07Z,US,GA,True,meta_ads
00000101a5fa,101767,1,2025-12-10T07:02:52Z,US,NY,True,organic_search
0000010c02bc,102595,1,2026-03-08T01:55:50Z,US,GA,True,tiktok_ads
0000010c0383,101479,1,2025-11-27T20:35:36Z,AU,VIC,True,meta_ads
000001166045,103629,1,2026-05-26T15:56:40Z,US,NH,True,tiktok_ads
00000116610c,100848,1,2025-10-08T13:38:40Z,CA,AB,True,google_ads
00000120bdce,103746,1,2026-06-05T21:47:36Z,US,AZ,True,meta_ads
00000120be95,100701,1,2025-09-24T14:50:14Z,US,CA,True,google_ads
0000012b1b57,102875,1,2026-03-25T13:22:25Z,US,WA,True,meta_ads
0000014ea1f9,100206,1,2025-07-26T14:19:19Z,US,VA,True,organic_search
00000158ff82,100470,1,2025-08-28T13:29:37Z,US,NJ,True,referral
000001590049,103700,1,2026-06-01T20:34:10Z,US,FL,False,google_ads
000001635d0b,100845,1,2025-10-08T11:29:47Z,US,CA,True,direct
000001709fee,102674,1,2026-03-15T12:57:50Z,US,CA,False,meta_ads
0000017afd77,103542,1,2026-05-18T07:45:41Z,GB,WLS,True,meta_ads
000001855b00,103695,1,2026-06-01T03:34:05Z,US,NH,True,unknown
0000018fb889,103439,1,2026-05-10T01:30:28Z,US,MA,True,organic_search
000001ada36d,102886,1,2026-03-26T12:07:43Z,US,CA,True,meta_ads
000001b33f2b,100226,1,2025-07-28T02:30:17Z,US,NJ,True,meta_ads
000001b8002f,101920,1,2025-12-28T01:01:31Z,US,GA,True,meta_ads
000001b800f6,102336,1,2026-02-10T12:17:06Z,US,TX,True,tiktok_ads
000001bd9cb4,100466,1,2025-08-27T16:18:16Z,US,IL,True,meta_ads
000001bd9d7b,103954,1,2026-06-21T20:59:20Z,US,NC,True,influencer
000001c25e7f,101950,1,2026-01-01T04:11:50Z,US,OH,True,meta_ads
000001c7fa3d,101016,1,2025-10-24T10:19:03Z,US,VA,False,meta_ads
000001c7fb04,103527,1,2026-05-17T02:27:11Z,US,CA,False,influencer
000001ccbc08,101225,1,2025-11-21T15:42:28Z,US,NY,True,direct
000001d257c6,101297,1,2025-11-24T22:43:37Z,US,FL,False,meta_ads
000001d2588d,103118,1,2026-04-16T22:07:55Z,US,NY,True,meta_ads
000001d71991,101158,1,2025-11-10T07:38:05Z,US,NJ,True,unknown
000001dcb54f,101831,1,2025-12-16T16:55:28Z,US,TX,False,direct
0000022239e6,100483,1,2025-08-30T23:26:04Z,US,MI,False,influencer
00000226fbb1,101980,1,2026-01-04T03:29:35Z,US,TX,False,referral
0000022c976f,101012,1,2025-10-24T00:54:40Z,US,NY,False,meta_ads
000002315873,102881,2,2026-03-25T21:34:45Z,US,FL,True,google_ads
00000231593a,101461,1,2025-11-27T14:46:43Z,US,VA,True,unknown
00000236f4f8,101521,1,2025-11-28T16:53:14Z,GB,WLS,True,organic_search
0000023bb5fc,103050,1,2026-04-10T16:48:00Z,US,CA,True,tiktok_ads
0000023bb6c3,101634,1,2025-11-30T23:04:22Z,US,FL,False,influencer
000002415281,101821,1,2025-12-15T23:11:50Z,US,WI,True,direct
000002461385,103582,1,2026-05-23T05:50:42Z,US,MO,False,organic_search
00000246144c,100931,1,2025-10-16T10:00:31Z,US,CA,True,google_ads
0000024bb00a,102071,1,2026-01-11T23:04:47Z,US,IL,False,unknown
00000250710e,104006,1,2026-06-25T12:47:24Z,GB,SCT,False,organic_search
0000025071d5,100343,1,2025-08-11T23:43:04Z,CA,QC,True,meta_ads
000002560d93,102449,1,2026-02-20T23:16:24Z,US,GA,True,organic_search
0000027e5600,103680,1,2026-05-30T06:36:31Z,US,WA,True,meta_ads
00000288b389,103328,1,2026-05-03T04:13:18Z,US,WI,False,influencer
00000295f66c,101305,1,2025-11-25T00:18:00Z,US,IL,False,organic_search
000002a053f5,101457,1,2025-11-27T13:51:45Z,US,CA,False,organic_search
000002aab0b7,103376,1,2026-05-06T10:29:31Z,US,MA,True,google_ads
000002aab17e,100634,1,2025-09-16T21:16:59Z,US,MN,False,meta_ads
000002b50e40,103723,1,2026-06-03T15:12:04Z,US,FL,True,direct
000002b50f07,100424,1,2025-08-21T04:58:55Z,US,CO,True,direct
000002e2f26b,100486,1,2025-08-31T14:25:58Z,US,MN,True,meta_ads
000002e2f332,103836,1,2026-06-12T22:56:48Z,US,CA,False,direct
000002ed4ff4,100583,1,2025-09-10T17:46:49Z,US,TX,False,direct
000002ed50bb,103555,1,2026-05-19T14:19:00Z,US,CA,False,meta_ads
000002f7ad7d,101425,1,2025-11-26T21:03:15Z,GB,ENG,True,google_ads
000002f7ae44,103028,1,2026-04-09T02:05:05Z,US,MI,True,meta_ads
000003020b06,101434,1,2025-11-26T23:48:30Z,US,IN,True,organic_search
000003020bcd,102921,1,2026-03-30T19:40:56Z,US,NY,False,influencer
00000307a78b,100252,1,2025-07-31T21:02:36Z,US,NC,True,meta_ads
0000030c688f,101710,1,2025-12-04T21:31:35Z,CA,AB,True,meta_ads
00000319ab72,104032,1,2026-06-27T23:18:11Z,US,MI,False,influencer
000003479064,104011,1,2026-06-26T03:33:43Z,US,IN,True,meta_ads
00000351eded,103385,1,2026-05-06T21:23:38Z,US,FL,True,google_ads
00000356aef1,101875,1,2025-12-20T12:07:28Z,US,FL,True,referral
0000035c4aaf,100953,1,2025-10-18T13:29:00Z,US,FL,True,organic_search
0000035c4b76,103116,1,2026-04-16T19:21:41Z,US,NC,False,google_ads
000003610bb3,103272,1,2026-04-28T12:38:50Z,US,FL,True,influencer
000003610c7a,101602,1,2025-11-30T12:27:52Z,US,MI,True,organic_search
00000366a838,101310,1,2025-11-25T01:52:54Z,US,TX,True,meta_ads
00000366a8ff,102871,1,2026-03-24T21:13:50Z,CA,QC,False,meta_ads
0000036b693c,103388,1,2026-05-07T00:35:07Z,US,NY,True,organic_search
0000036b6a03,100863,1,2025-10-09T21:30:29Z,US,MN,True,organic_search
0000037105c1,101763,1,2025-12-10T00:45:57Z,US,CA,False,tiktok_ads
000003710688,102150,1,2026-01-23T12:29:15Z,US,MI,True,direct
00000375c6c5,103885,1,2026-06-16T14:28:38Z,US,MN,False,organic_search
00000375c78c,100317,1,2025-08-10T00:22:32Z,CA,BC,True,organic_search
0000037b634a,102355,1,2026-02-12T11:34:17Z,CA,QC,False,meta_ads
0000037b6411,102164,1,2026-01-24T19:12:08Z,US,CA,False,google_ads
000003802515,100016,1,2025-07-01T20:38:10Z,US,CA,False,google_ads
00000385c0d3,102658,1,2026-03-14T18:22:35Z,CA,BC,True,google_ads
000003cb456a,101262,1,2025-11-24T08:54:52Z,US,IL,False,organic_search
000003d00735,101082,1,2025-10-31T15:52:28Z,US,NY,True,organic_search
000003d5a2f3,101918,1,2025-12-27T18:25:07Z,US,IL,True,meta_ads
000003da63f7,103871,1,2026-06-15T12:16:15Z,US,TX,True,google_ads
000003da64be,100507,1,2025-09-02T23:25:24Z,US,TX,False,meta_ads
000003e0007c,102494,1,2026-02-25T11:43:31Z,US,WA,True,organic_search
000003e4c180,102857,1,2026-03-23T01:31:23Z,US,WA,True,organic_search
000003e4c247,100065,1,2025-07-08T19:19:13Z,US,IL,False,organic_search
000003ea5e05,102570,1,2026-03-04T00:11:38Z,CA,ON,True,influencer
000003f4bb8e,102991,1,2026-04-06T13:23:18Z,US,MN,True,meta_ads
0000040848e9,101246,1,2025-11-24T01:16:53Z,US,CA,True,meta_ads
00000412a5ab,100602,1,2025-09-13T00:39:40Z,US,IL,True,google_ads
00000412a672,103651,1,2026-05-27T22:45:07Z,CA,QC,False,meta_ads
0000041d0334,100821,1,2025-10-05T16:28:12Z,US,NY,True,meta_ads
0000041d03fb,103511,1,2026-05-15T17:58:09Z,US,CA,True,meta_ads
000004276184,103090,1,2026-04-14T15:35:08Z,US,DE,True,organic_search
00000431bf0d,102877,1,2026-03-25T15:06:30Z,US,TX,True,influencer
000004375acb,100440,1,2025-08-24T00:15:45Z,US,TX,True,organic_search
0000043f01f0,100674,1,2025-09-20T22:49:31Z,US,GA,True,direct
000004495eb2,103467,1,2026-05-12T00:47:01Z,US,FL,True,meta_ads
000004495f79,100209,1,2025-07-26T19:23:27Z,US,IL,False,unknown
00000481a12d,103590,1,2026-05-23T15:07:45Z,US,FL,True,unknown
0000048bfdef,101274,1,2025-11-24T13:53:17Z,US,VA,True,meta_ads
0000048bfeb6,102950,1,2026-04-02T21:29:24Z,US,GA,False,influencer
000004965b78,101672,1,2025-12-01T22:13:11Z,US,TX,True,influencer
000004965c3f,102896,1,2026-03-27T00:45:53Z,US,CA,False,organic_search
0000049bf7fd,100284,1,2025-08-05T13:29:15Z,CA,ON,True,google_ads
000004a0b901,102108,1,2026-01-17T12:07:16Z,US,WI,True,referral
000004a0b9c8,102055,1,2026-01-10T02:31:36Z,US,FL,True,direct
000004a65586,100529,1,2025-09-04T13:41:49Z,US,FL,True,google_ads
000004ab168a,102617,1,2026-03-11T18:08:35Z,US,NY,False,meta_ads
000004ab1751,101107,1,2025-11-04T01:58:19Z,US,VA,True,organic_search
000004b0b30f,101295,1,2025-11-24T21:09:28Z,US,NY,True,organic_search
000004b57413,103060,1,2026-04-11T11:27:45Z,US,VA,True,organic_search
000004f09be8,103291,1,2026-04-30T01:19:37Z,US,CA,False,organic_search
000004faf971,102718,1,2026-03-17T08:32:28Z,US,MO,True,organic_search
000004ffba75,100544,1,2025-09-06T19:55:24Z,US,TX,True,meta_ads
000005055633,101955,1,2026-01-02T13:53:15Z,US,TX,False,tiktok_ads
0000050556fa,102192,1,2026-01-28T07:39:22Z,US,CA,True,influencer
0000050a1737,103877,1,2026-06-16T02:00:46Z,US,AZ,True,organic_search
0000050a17fe,100310,1,2025-08-08T18:52:28Z,US,NY,True,meta_ads
0000050fb3bc,102592,1,2026-03-07T15:12:13Z,US,OH,True,tiktok_ads
0000050fb483,101924,1,2025-12-28T10:00:50Z,US,FL,True,meta_ads
0000051a1145,102976,1,2026-04-05T00:19:17Z,GB,WLS,True,influencer
0000051a120c,101458,1,2025-11-27T13:58:52Z,US,GA,True,direct
000005246ece,103544,1,2026-05-18T13:20:06Z,US,TX,True,referral
0000052ecc57,103846,1,2026-06-13T22:45:11Z,US,PA,True,meta_ads
0000055cb082,100197,1,2025-07-24T16:24:39Z,US,MI,True,direct
0000055cb149,100097,1,2025-07-12T12:54:35Z,US,CA,True,referral
000005670e0b,100568,1,2025-09-08T21:24:50Z,US,FL,True,direct
0000056eb530,100370,1,2025-08-15T02:44:50Z,US,CA,True,direct
0000057450ee,102125,1,2026-01-19T13:24:28Z,US,FL,True,influencer
0000057eae77,102957,1,2026-04-03T15:08:43Z,US,TX,False,organic_search
000005890c00,103298,1,2026-05-01T01:26:34Z,US,CA,False,influencer
000005936989,103693,1,2026-05-31T22:39:34Z,US,TX,False,direct
0000059dc712,102535,1,2026-02-28T12:40:12Z,US,TX,True,google_ads
000005b1546d,102994,1,2026-04-06T20:28:27Z,AU,NSW,True,organic_search
000005bbb12f,101355,1,2025-11-25T16:40:33Z,US,CA,True,meta_ads
000005bbb1f6,102569,1,2026-03-03T22:57:43Z,US,GA,True,organic_search
000005c14db4,100220,1,2025-07-27T16:24:13Z,US,PA,True,unknown
000005c14e7b,102424,1,2026-02-18T03:20:16Z,US,TX,True,google_ads
000005c60eb8,102147,1,2026-01-22T16:48:19Z,US,NY,True,influencer
000005c60f7f,102316,1,2026-02-08T22:59:20Z,US,PA,True,tiktok_ads
000005cbab3d,100491,1,2025-09-01T11:45:18Z,US,VA,False,meta_ads
000005cbac04,103988,1,2026-06-24T01:58:06Z,US,NC,True,google_ads
000005d06c41,102372,1,2026-02-13T21:15:45Z,US,CO,True,meta_ads
000005d06d08,101640,1,2025-12-01T01:26:32Z,US,WI,True,referral
000005d608c6,100852,1,2025-10-08T22:18:04Z,US,IN,True,google_ads
000005daca91,101040,1,2025-10-26T13:19:42Z,US,WA,True,google_ads
000005e0664f,101557,1,2025-11-29T12:42:53Z,US,MI,True,meta_ads
000006204f28,102564,1,2026-03-03T11:21:17Z,US,FL,False,tiktok_ads
00000625eae6,100067,1,2025-07-08T21:13:19Z,GB,ENG,True,influencer
0000062aacb1,102331,1,2026-02-09T23:38:33Z,US,CA,True,meta_ads
0000062f6db5,100452,1,2025-08-25T22:14:00Z,AU,QLD,False,meta_ads
00000630486f,100751,1,2025-09-29T23:07:38Z,CA,BC,True,meta_ads
000006350973,102277,1,2026-02-06T02:55:49Z,US,NY,True,organic_search
000006350a3a,101084,1,2025-10-31T17:49:58Z,AU,NSW,True,organic_search
0000063aa5f8,100849,1,2025-10-08T13:42:10Z,US,TN,True,organic_search
0000063f66fc,102333,1,2026-02-10T02:24:53Z,US,MN,True,influencer
0000063f67c3,101347,1,2025-11-25T14:27:17Z,US,VA,True,organic_search
000006450381,101266,1,2025-11-24T11:25:50Z,US,GA,False,meta_ads
00000649c485,102611,1,2026-03-10T23:39:14Z,US,NY,False,tiktok_ads
00000649c54c,101258,1,2025-11-24T04:23:10Z,US,GA,True,referral
0000064f610a,101726,1,2025-12-06T15:04:40Z,US,CA,False,tiktok_ads
00000654220e,103620,1,2026-05-26T01:19:31Z,CA,ON,True,unknown
0000065422d5,100588,1,2025-09-11T04:25:10Z,US,NY,True,google_ads
0000065e7f97,103920,1,2026-06-19T22:54:59Z,CA,BC,True,meta_ads
0000068c6489,103354,1,2026-05-05T00:33:46Z,US,CA,True,google_ads
00000699a76c,101792,1,2025-12-12T21:46:49Z,US,CA,True,direct
000006a4042e,102621,1,2026-03-12T14:41:07Z,US,WI,True,tiktok_ads
000006ae61b7,103226,1,2026-04-24T05:27:04Z,US,NY,True,meta_ads
000006ae627e,101386,1,2025-11-26T03:21:43Z,AU,NSW,False,organic_search
000006b8bf40,103372,1,2026-05-06T00:35:45Z,US,AZ,True,google_ads
000006b8c007,100642,1,2025-09-17T18:28:17Z,US,MI,False,meta_ads
000006c31cc9,104025,1,2026-06-27T10:31:58Z,US,WA,True,tiktok_ads
000006c31d90,100430,1,2025-08-22T13:48:49Z,US,FL,False,direct
000006f100f4,100447,1,2025-08-25T02:56:37Z,US,CA,True,organic_search
000006f101bb,103697,1,2026-06-01T16:21:15Z,US,MN,True,meta_ads
000006fb5e7d,100796,1,2025-10-03T13:23:00Z,US,CA,True,influencer
000006fb5f44,103345,1,2026-05-04T14:10:49Z,US,OH,True,organic_search
00000705bc06,101565,1,2025-11-29T14:07:53Z,US,MA,True,organic_search
00000705bccd,103097,1,2026-04-15T10:40:29Z,US,CA,True,tiktok_ads
00000710198f,101342,1,2025-11-25T13:45:39Z,US,VA,True,organic_search
0000071d5c72,103515,1,2026-05-16T10:53:44Z,US,FL,True,direct
00000727b9fb,103887,1,2026-06-16T17:58:55Z,CA,QC,False,google_ads
000007559e26,100464,1,2025-08-27T15:48:36Z,US,NY,True,influencer
000007559eed,103828,1,2026-06-12T11:16:01Z,GB,SCT,True,google_ads
0000075a5ff1,102130,1,2026-01-19T21:05:40Z,US,NY,False,organic_search
0000075ffbaf,100825,1,2025-10-06T16:42:32Z,GB,ENG,False,organic_search
0000075ffc76,103484,1,2026-05-13T11:35:46Z,US,CA,False,meta_ads
00000764bcb3,102856,1,2026-03-22T23:11:11Z,AU,VIC,False,influencer
00000764bd7a,101881,1,2025-12-21T01:05:01Z,US,AZ,True,meta_ads
0000076a5938,101431,1,2025-11-26T22:56:26Z,CA,AB,False,meta_ads
0000076a59ff,103286,1,2026-04-29T16:39:06Z,US,IL,True,organic_search
0000076f1a3c,103158,1,2026-04-19T13:12:51Z,US,MI,True,tiktok_ads
0000076f1b03,101173,1,2025-11-13T06:03:21Z,US,CA,True,influencer
00000774b6c1,101120,1,2025-11-06T01:54:12Z,US,MD,True,meta_ads
00000774b788,102842,1,2026-03-21T23:29:10Z,US,CA,False,direct
0000077977c5,103580,1,2026-05-22T22:50:23Z,GB,ENG,False,meta_ads
00000779788c,101046,1,2025-10-26T18:33:24Z,US,VA,True,meta_ads
0000077f144a,102116,1,2026-01-18T13:40:49Z,US,MD,True,google_ads
00000783d54e,103739,1,2026-06-04T20:56:46Z,US,CA,True,referral
00000783d615,100299,1,2025-08-07T02:52:16Z,US,NC,False,meta_ads
0000078971d3,102477,1,2026-02-22T23:40:14Z,US,CA,False,tiktok_ads
000007c95aac,101645,1,2025-12-01T02:10:47Z,US,TX,True,organic_search
000007cef66a,101636,1,2025-11-30T23:17:39Z,US,TX,True,direct
000007d3b835,101390,1,2025-11-26T09:55:33Z,CA,AB,False,influencer
000007d953f3,101185,1,2025-11-15T02:06:47Z,US,FL,True,unknown
000007de14f7,103538,1,2026-05-17T23:07:45Z,US,AZ,True,meta_ads
000007de15be,101070,1,2025-10-29T16:48:50Z,US,CA,False,organic_search
000007e3b17c,102221,1,2026-01-31T13:03:13Z,US,WA,False,direct
000007e87280,103872,1,2026-06-15T14:09:47Z,US,CA,False,meta_ads
000007e87347,100309,1,2025-08-08T13:59:47Z,CA,QC,False,meta_ads
000007ee0f05,102540,1,2026-02-28T19:43:47Z,US,MA,True,direct
000007f2d0d0,100242,1,2025-07-30T15:03:43Z,CA,BC,True,meta_ads
000007f86c8e,102792,1,2026-03-20T10:15:08Z,US,CO,True,direct
0000081656ab,100137,1,2025-07-17T13:01:02Z,US,NH,False,direct
000008165772,103321,1,2026-05-02T21:12:21Z,CA,QC,True,influencer
00000820b434,100595,1,2025-09-12T07:26:28Z,CA,ON,False,organic_search
00000820b4fb,103886,1,2026-06-16T15:56:02Z,US,NY,False,organic_search
0000082b11bd,101075,1,2025-10-30T12:58:01Z,GB,SCT,True,organic_search
0000082b1284,103660,1,2026-05-28T19:49:45Z,US,OR,False,meta_ads
00000835700d,102672,1,2026-03-15T09:00:04Z,US,IL,True,influencer
00000842b2f0,100871,1,2025-10-10T13:28:45Z,US,VA,False,direct
0000084d0fb2,103832,1,2026-06-12T19:12:27Z,US,OH,False,unknown
0000084d1079,100469,1,2025-08-28T10:16:46Z,US,CA,True,organic_search
000008576e02,100168,1,2025-07-21T00:04:08Z,US,MI,False,meta_ads
0000087af4a4,103165,1,2026-04-20T01:20:24Z,US,IL,True,meta_ads
00000885522d,103971,1,2026-06-22T21:15:54Z,US,NY,True,referral
0000088a1331,101813,1,2025-12-15T10:35:09Z,CA,QC,False,direct
0000088faeef,100975,1,2025-10-20T09:23:52Z,US,CA,True,influencer
0000088fafb6,103346,1,2026-05-04T15:37:41Z,US,CA,True,google_ads
0000089470ba,101195,1,2025-11-16T20:24:55Z,US,NH,True,google_ads
0000089a0c78,101440,1,2025-11-27T01:41:40Z,US,NC,True,google_ads
0000089a0d3f,102767,1,2026-03-19T02:53:46Z,US,FL,True,meta_ads
000008a46a01,101867,1,2025-12-19T13:27:13Z,US,CA,True,meta_ads
000008a46ac8,102362,1,2026-02-13T09:13:19Z,US,NJ,False,tiktok_ads
000008aa0686,100361,1,2025-08-14T02:18:14Z,AU,VIC,False,google_ads
000008aec78a,102269,1,2026-02-05T12:36:11Z,US,IL,True,tiktok_ads
000008b92513,102682,1,2026-03-15T23:19:04Z,US,CA,False,influencer
000008f44ce8,103223,1,2026-04-24T01:13:30Z,AU,WA,True,tiktok_ads
000008fea9aa,101351,1,2025-11-25T15:14:07Z,US,NC,False,google_ads
000008feaa71,102587,1,2026-03-07T01:51:58Z,GB,SCT,True,organic_search
000009036b75,100879,1,2025-10-11T01:26:25Z,US,FL,True,unknown
000009090733,101202,2,2025-11-17T21:28:55Z,US,IN,True,meta_ads
0000090907fa,102489,1,2026-02-24T13:02:43Z,US,CA,True,tiktok_ads
0000090dc837,104043,1,2026-06-29T03:05:33Z,US,IN,False,meta_ads
0000090dc8fe,100547,1,2025-09-06T23:22:13Z,US,MO,False,google_ads
0000091364bc,102490,1,2026-02-24T14:57:41Z,US,PA,True,tiktok_ads
000009136583,102117,1,2026-01-18T13:46:39Z,US,FL,True,meta_ads
0000091825c0,103000,1,2026-04-07T07:22:57Z,US,NY,True,influencer
000009182687,100052,1,2025-07-07T13:40:46Z,US,CA,True,meta_ads
0000091dc245,102367,1,2026-02-13T13:16:47Z,US,PA,True,meta_ads
0000091dc30c,101864,1,2025-12-19T07:16:11Z,US,MN,False,tiktok_ads
000009281fce,102454,1,2026-02-21T07:34:46Z,GB,ENG,True,google_ads
0000096abf0b,100201,1,2025-07-26T01:03:02Z,US,IN,True,tiktok_ads
000009726630,100761,1,2025-09-30T14:23:32Z,US,GA,True,meta_ads
0000097801ee,102451,1,2026-02-21T01:32:19Z,US,FL,True,unknown
0000097cc2f2,100728,1,2025-09-27T04:41:16Z,US,TN,True,meta_ads
0000097cc3b9,100080,1,2025-07-10T11:15:53Z,US,MO,False,unknown
000009825f77,102551,1,2026-03-01T14:57:10Z,US,CA,True,organic_search
0000098cbd00,103011,1,2026-04-07T22:27:56Z,US,TX,False,organic_search
000009971a89,103438,1,2026-05-10T00:05:44Z,US,MN,True,meta_ads
000009a17812,103930,1,2026-06-20T15:35:05Z,US,VA,False,unknown
000009b5056d,103305,1,2026-05-01T20:49:30Z,US,MN,True,meta_ads
000009bf62f6,103131,1,2026-04-17T21:07:57Z,US,MA,True,direct
000009c9bfb8,101063,2,2025-10-28T05:42:31Z,US,CA,True,google_ads
000009c9c07f,102924,1,2026-03-31T00:37:47Z,US,WA,False,organic_search
000009cf5d04,101641,1,2025-12-01T01:27:01Z,US,GA,True,meta_ads
000009d41d41,102161,1,2026-01-24T13:13:44Z,US,FL,False,google_ads
000009d41e08,102409,1,2026-02-16T14:35:05Z,US,MI,True,google_ads
000009d9b9c6,100688,1,2025-09-23T13:03:13Z,US,FL,True,meta_ads
000009de7aca,102296,1,2026-02-07T11:53:19Z,US,IN,True,unknown
000009de7b91,101743,1,2025-12-08T16:16:32Z,US,GA,True,google_ads
000009e8d853,102808,1,2026-03-20T20:57:37Z,US,FL,True,google_ads
00000a240028,103135,1,2026-04-18T00:56:42Z,US,CA,False,meta_ads
00000a2e5cea,101852,1,2025-12-18T06:21:27Z,US,CA,True,meta_ads
00000a2e5db1,102607,1,2026-03-10T02:46:48Z,US,NY,False,influencer
00000a331eb5,100807,1,2025-10-04T14:04:12Z,US,IN,True,influencer
00000a33f96f,100250,1,2025-07-31T14:29:27Z,US,CA,True,meta_ads
00000a38ba73,102027,1,2026-01-07T23:59:30Z,US,WI,False,google_ads
00000a38bb3a,102366,1,2026-02-13T12:31:34Z,US,FL,False,meta_ads
00000a3d7c3e,100287,1,2025-08-06T00:10:32Z,US,TX,False,direct
00000a3e56f8,100693,1,2025-09-23T16:09:48Z,US,WI,False,influencer
00000a4317fc,102407,1,2026-02-16T12:03:11Z,US,AZ,True,organic_search
00000a4318c3,101913,1,2025-12-27T00:43:09Z,US,CA,False,organic_search
00000a48b481,100928,1,2025-10-15T14:42:11Z,US,MI,True,influencer
00000a4d7585,102679,1,2026-03-15T20:27:06Z,US,DE,False,meta_ads
00000a4d764c,101622,1,2025-11-30T20:50:25Z,US,CO,True,direct
00000a53120a,101239,1,2025-11-23T18:13:01Z,US,MA,True,meta_ads
00000a57d30e,103495,1,2026-05-14T01:18:50Z,US,WA,True,meta_ads
00000a623097,103759,1,2026-06-07T03:21:23Z,US,AZ,True,organic_search
00000a9014c2,100066,1,2025-07-08T20:56:09Z,US,AZ,True,meta_ads
00000a9d586c,101957,1,2026-01-02T16:25:23Z,US,FL,True,organic_search
00000aa21970,100266,1,2025-08-02T13:07:45Z,US,CA,False,referral
00000aa7b52e,102271,1,2026-02-05T13:53:39Z,US,WA,True,influencer
00000aa7b5f5,101810,1,2025-12-14T21:15:58Z,CA,BC,False,unknown
00000ab212b7,102864,1,2026-03-24T00:58:56Z,US,MA,True,meta_ads
00000ab2137e,101078,1,2025-10-30T16:19:53Z,US,TX,False,google_ads
00000abc7040,103600,1,2026-05-24T13:51:18Z,US,CA,False,influencer
00000abc7107,101029,1,2025-10-25T15:02:57Z,US,GA,True,organic_search
00000ac6cdc9,103944,1,2026-06-21T12:10:07Z,US,FL,True,tiktok_ads
00000ac6ce90,100569,1,2025-09-08T22:26:00Z,US,MA,True,meta_ads
00000ad12b52,102453,1,2026-02-21T03:30:13Z,CA,ON,True,meta_ads
00000ae4b8ad,103252,1,2026-04-26T16:26:26Z,CA,AB,True,organic_search
00000aef1636,102929,1,2026-03-31T18:06:55Z,US,NJ,True,google_ads
00000af4b1f4,100172,1,2025-07-21T02:42:53Z,US,MN,True,influencer
00000aff0f7d,100256,1,2025-08-01T06:26:24Z,CA,ON,True,organic_search
00000aff1044,103943,1,2026-06-21T11:55:04Z,CA,AB,True,referral
00000b096d06,100999,1,2025-10-22T12:39:08Z,US,CA,False,google_ads
00000b13ca8f,101467,1,2025-11-27T15:44:10Z,US,TX,False,referral
00000b210d72,103435,1,2026-05-09T17:22:11Z,US,CA,True,influencer
00000b2b6afb,103978,1,2026-06-23T12:28:52Z,US,IL,True,influencer
00000b35c884,103714,1,2026-06-03T00:56:09Z,US,CA,True,meta_ads
00000b53b368,102677,1,2026-03-15T20:23:29Z,US,MI,True,meta_ads
00000b594f26,100198,1,2025-07-25T15:37:34Z,GB,ENG,True,unknown
00000b5e10f1,102245,1,2026-02-03T00:29:54Z,CA,QC,True,unknown
00000b63acaf,100258,1,2025-08-01T12:17:57Z,GB,SCT,True,organic_search
00000b63ad76,104009,1,2026-06-25T15:22:26Z,US,GA,False,direct
00000b686db3,102437,1,2026-02-19T15:18:38Z,US,CA,False,referral
00000b686e7a,102050,1,2026-01-09T22:30:23Z,US,CA,True,organic_search
00000b6e0a38,100920,1,2025-10-14T13:58:17Z,CA,AB,False,meta_ads
00000b6e0aff,103690,1,2026-05-31T13:29:05Z,US,NY,True,unknown
00000b72cb3c,102834,1,2026-03-21T20:16:44Z,US,TN,False,direct
00000b72cc03,101553,1,2025-11-29T11:29:01Z,US,MA,True,meta_ads
00000b7867c1,101600,1,2025-11-30T10:56:15Z,US,CA,False,meta_ads
00000b786888,103289,1,2026-04-29T22:58:13Z,US,PA,False,organic_search
00000b7d28c5,103129,1,2026-04-17T16:49:27Z,US,IN,True,tiktok_ads
00000b7d298c,101375,1,2025-11-25T23:02:14Z,US,NC,False,direct
00000b82c54a,101754,1,2025-12-09T13:46:30Z,US,IL,True,organic_search
00000b87864e,103575,1,2026-05-22T14:30:05Z,US,MA,True,organic_search
00000b878715,100880,1,2025-10-11T02:29:46Z,US,CA,True,direct
00000b91e3d7,104061,1,2026-06-30T14:12:40Z,GB,WLS,False,organic_search
00000bcd0bac,101967,1,2026-01-03T02:04:56Z,US,NY,True,google_ads
00000bd2a76a,100770,1,2025-10-01T11:26:37Z,US,OH,True,google_ads
00000bd7686e,102865,1,2026-03-24T01:18:56Z,US,IL,True,meta_ads
00000bd76935,101287,1,2025-11-24T17:23:15Z,US,VA,False,meta_ads
00000be1c5f7,103045,1,2026-04-10T12:02:46Z,CA,BC,True,organic_search
00000be1c6be,101337,1,2025-11-25T12:36:59Z,US,WI,True,referral
00000be7627c,101675,1,2025-12-01T23:51:59Z,US,NH,True,referral
00000bec2380,103434,1,2026-05-09T15:49:28Z,US,TX,True,meta_ads
00000bec2447,100925,1,2025-10-15T01:02:27Z,GB,WLS,True,meta_ads
00000bf1c005,102158,1,2026-01-24T03:35:01Z,US,IN,False,direct
00000bf68109,104021,1,2026-06-26T21:16:29Z,CA,ON,True,meta_ads
00000bfc1d8e,102309,1,2026-02-08T12:48:30Z,US,NY,False,meta_ads
00000c246534,100294,1,2025-08-06T13:58:11Z,US,NJ,True,meta_ads
00000c2465fb,103928,1,2026-06-20T13:22:25Z,US,NC,True,unknown
00000c2ec2bd,100708,1,2025-09-25T02:43:43Z,US,CA,False,meta_ads
00000c2ec384,103518,1,2026-05-16T12:06:58Z,US,CO,False,google_ads
00000c392046,101542,1,2025-11-29T03:51:46Z,US,IL,True,unknown
00000c39210d,103266,1,2026-04-27T22:49:52Z,US,CA,False,google_ads
00000c437dcf,101112,1,2025-11-04T22:01:48Z,GB,WLS,False,meta_ads
00000c4663f0,101418,1,2025-11-26T19:15:08Z,US,CA,True,meta_ads
00000c50c0b2,103215,1,2026-04-23T14:10:52Z,US,PA,True,google_ads
00000c50c179,100577,1,2025-09-09T17:59:42Z,US,VA,True,meta_ads
00000c5b1e3b,103703,1,2026-06-02T00:07:08Z,US,MD,True,tiktok_ads
00000c5b1f02,100327,1,2025-08-10T23:42:03Z,US,CO,True,organic_search
00000c890266,100416,1,2025-08-19T21:20:55Z,US,NH,False,meta_ads
00000c89032d,103924,1,2026-06-20T12:24:56Z,AU,VIC,True,meta_ads
00000c8dc431,102081,1,2026-01-12T19:39:27Z,US,CA,True,meta_ads
00000c935fef,100744,1,2025-09-29T09:13:18Z,US,OR,True,direct
00000c9360b6,103508,1,2026-05-15T13:38:39Z,US,TX,False,unknown
00000c9821ba,101217,1,2025-11-20T02:10:22Z,US,PA,False,influencer
00000c9dbd78,101611,1,2025-11-30T16:15:18Z,US,GA,False,meta_ads
00000c9dbe3f,103250,1,2026-04-26T15:50:03Z,US,AZ,False,organic_search
00000ca27f43,101509,1,2025-11-28T12:32:53Z,US,VA,True,direct
00000ca81b01,101462,1,2025-11-27T14:49:43Z,US,NY,True,unknown
00000ca81bc8,102892,1,2026-03-26T14:21:20Z,US,FL,True,organic_search
00000cadb786,100075,1,2025-07-09T15:20:57Z,US,CO,True,meta_ads
00000cb2788a,101664,1,2025-12-01T16:33:44Z,US,IN,False,organic_search
00000cf7fde8,103471,1,2026-05-12T14:52:08Z,US,WA,False,direct
00000cfcbeec,101683,1,2025-12-03T01:39:26Z,US,VA,True,referral
00000d025aaa,101537,1,2025-11-29T00:37:21Z,US,AZ,False,tiktok_ads
00000d025b71,102977,1,2026-04-05T00:53:49Z,US,TN,True,google_ads
00000d071bae,102918,1,2026-03-30T04:06:11Z,US,CO,True,google_ads
00000d071c75,101212,1,2025-11-18T18:28:33Z,US,NY,True,organic_search
00000d0cb833,101142,1,2025-11-08T21:39:07Z,US,CA,True,organic_search
00000d0cb8fa,102758,1,2026-03-18T20:38:57Z,US,TX,True,influencer
00000d117937,103559,1,2026-05-20T01:22:53Z,US,NJ,True,meta_ads
00000d1179fe,100777,1,2025-10-01T13:14:39Z,US,NH,True,organic_search
00000d1715bc,101899,1,2025-12-23T17:04:37Z,US,WA,True,google_ads
00000d171683,102222,1,2026-01-31T15:36:26Z,US,NY,False,google_ads
00000d1bd6c0,103728,1,2026-06-04T05:20:17Z,US,CA,True,tiktok_ads
00000d1bd787,100685,1,2025-09-23T07:20:44Z,AU,QLD,True,organic_search
00000d217345,102320,1,2026-02-09T05:53:54Z,US,IN,False,meta_ads
00000d21740c,102001,1,2026-01-05T15:27:14Z,US,VA,True,meta_ads
00000d263449,103166,1,2026-04-20T02:40:52Z,US,TX,True,meta_ads
00000d263510,100063,1,2025-07-08T14:13:25Z,AU,NSW,True,meta_ads
00000d2bd0ce,102308,1,2026-02-08T12:16:17Z,AU,VIC,True,referral
00000d49bbb2,102151,1,2026-01-23T18:59:09Z,GB,ENG,True,google_ads
00000d761730,101066,1,2025-10-28T16:53:23Z,US,CA,False,meta_ads
00000d8073f2,103814,1,2026-06-11T10:40:57Z,US,OH,True,influencer
00000d8074b9,100551,1,2025-09-07T03:01:56Z,US,NC,True,meta_ads
00000d861077,102509,1,2026-02-26T14:08:46Z,AU,VIC,False,direct
00000d8ad17b,101787,1,2025-12-12T11:39:24Z,US,OH,True,organic_search
00000d8ad242,100230,1,2025-07-29T08:23:47Z,US,AZ,False,direct
00000d906e00,102715,1,2026-03-17T02:58:25Z,US,PA,True,meta_ads
00000d9acb89,103293,1,2026-04-30T11:01:47Z,US,NJ,False,meta_ads
00000da52912,103499,1,2026-05-14T10:10:37Z,US,NY,False,unknown
00000dae58e4,101723,1,2025-12-06T02:49:24Z,US,TX,True,organic_search
00000db8b66d,103771,1,2026-06-07T23:33:51Z,US,NY,False,meta_ads
00000dc3132f,100934,1,2025-10-16T13:31:30Z,US,MI,True,direct
00000dc313f6,103260,1,2026-04-27T13:45:11Z,US,TN,True,tiktok_ads
00000dcd70b8,101234,1,2025-11-22T23:20:25Z,AU,VIC,True,direct
00000dcd717f,103203,1,2026-04-22T16:54:36Z,US,VA,True,organic_search
00000dd7ce41,101901,1,2025-12-24T02:51:54Z,US,MN,False,referral
00000dd7cf08,102813,1,2026-03-21T00:28:43Z,US,VA,True,tiktok_ads
00000ddd6ac6,100286,1,2025-08-05T18:49:31Z,US,MD,True,organic_search
00000de22bca,102017,1,2026-01-07T10:47:13Z,US,PA,True,referral
00000de511eb,100542,1,2025-09-06T13:48:28Z,US,CA,True,direct
00000dec8953,102729,1,2026-03-17T16:56:17Z,CA,ON,True,direct
00000def6f74,100155,1,2025-07-19T15:47:40Z,US,IL,False,organic_search
00000e27b128,103543,1,2026-05-18T10:38:58Z,GB,SCT,True,organic_search
00000e2c722c,101199,1,2025-11-17T02:22:59Z,US,CA,False,meta_ads
00000e320dea,101443,1,2025-11-27T02:30:49Z,US,IL,True,direct
00000e320eb1,103003,1,2026-04-07T14:18:17Z,US,CA,False,unknown
00000e36cfb5,101415,1,2025-11-26T16:49:26Z,US,WA,True,meta_ads
00000e3c6b73,101936,1,2025-12-29T17:38:42Z,US,NY,True,unknown
00000e3c6c3a,102638,1,2026-03-14T00:55:17Z,GB,SCT,False,meta_ads
00000e412d3e,100208,1,2025-07-26T18:17:05Z,AU,QLD,True,organic_search
00000e4207f8,100292,1,2025-08-06T10:17:15Z,US,TN,False,organic_search
00000e46c8fc,101952,1,2026-01-01T21:00:42Z,US,VA,False,organic_search
00000e46c9c3,102058,1,2026-01-10T14:39:33Z,US,MD,True,meta_ads
00000e4b8ac7,100383,1,2025-08-16T21:16:46Z,US,OH,False,google_ads
00000e4c6581,100736,1,2025-09-28T01:27:13Z,US,CA,False,organic_search
00000e512685,102662,1,2026-03-14T20:03:47Z,US,PA,True,organic_search
00000e51274c,101942,1,2025-12-30T13:16:39Z,US,FL,True,meta_ads
00000e56c30a,101361,1,2025-11-25T18:52:00Z,US,GA,True,direct
00000e5b840e,102986,1,2026-04-05T20:41:29Z,US,NC,True,google_ads
00000e9e234b,100243,1,2025-07-30T15:44:46Z,US,CA,False,direct
00000ea1096c,102782,1,2026-03-19T22:06:33Z,US,WA,False,organic_search
00000ea5ca70,100575,1,2025-09-09T13:35:11Z,US,VA,False,direct
00000eab662e,102162,1,2026-01-24T15:23:43Z,US,NY,True,direct
00000eab66f5,102132,1,2026-01-20T01:41:17Z,CA,AB,True,unknown
00000eb02732,103727,1,2026-06-04T02:51:10Z,US,AZ,False,meta_ads
00000eb027f9,100316,1,2025-08-09T22:35:29Z,GB,ENG,True,referral
00000eb5c3b7,102589,1,2026-03-07T03:09:10Z,US,IN,True,google_ads
00000eb5c47e,101800,1,2025-12-13T15:27:36Z,AU,VIC,True,meta_ads
00000ec02140,103230,1,2026-04-24T17:46:51Z,US,CO,False,meta_ads
00000ec02207,101285,1,2025-11-24T17:11:15Z,US,FL,True,tiktok_ads
00000eca7ec9,103655,1,2026-05-28T01:44:13Z,US,MO,True,google_ads
00000eca7f90,101074,1,2025-10-30T00:44:30Z,US,PA,True,organic_search
00000ed4dc52,103955,1,2026-06-21T21:12:31Z,US,WI,False,direct
00000ede0c24,103459,1,2026-05-11T02:10:18Z,US,MN,True,tiktok_ads
00000ee869ad,103610,1,2026-05-25T11:29:13Z,US,IN,False,influencer
00000ef2c736,102979,1,2026-04-05T04:55:01Z,US,IN,False,organic_search
00000efd24bf,102392,1,2026-02-15T01:00:34Z,US,DE,False,organic_search
00000f02c07d,100165,1,2025-07-20T13:52:47Z,US,MO,True,direct
00000f02c144,102604,1,2026-03-09T16:33:40Z,US,MA,True,meta_ads
00000f078248,102346,1,2026-02-11T23:56:46Z,GB,WLS,True,referral
00000f0d1e06,100719,1,2025-09-26T00:01:59Z,GB,WLS,False,unknown
00000f397984,103665,1,2026-05-29T02:08:09Z,US,NJ,True,organic_search
00000f43d70d,102313,1,2026-02-08T16:54:41Z,US,FL,True,influencer
00000f576468,103154,1,2026-04-19T09:43:06Z,GB,ENG,True,organic_search
00000f61c12a,101624,1,2025-11-30T21:00:26Z,US,IL,True,unknown
00000f61c1f1,102727,1,2026-03-17T15:59:03Z,US,NY,True,direct
00000f675daf,100085,1,2025-07-10T23:12:29Z,US,MO,False,tiktok_ads
00000f675e76,101653,1,2025-12-01T11:44:25Z,US,CA,True,organic_search
00000f6c1eb3,102096,1,2026-01-15T21:17:21Z,US,GA,True,google_ads
00000f6c1f7a,102330,1,2026-02-09T23:33:57Z,US,CA,True,meta_ads
00000f71bb38,100755,1,2025-09-30T02:47:04Z,US,FL,True,organic_search
00000f71bbff,103848,1,2026-06-14T02:56:04Z,US,CA,False,organic_search
00000f767c3c,102349,1,2026-02-12T00:51:09Z,US,IN,False,tiktok_ads
00000f767d03,101149,1,2025-11-09T12:22:16Z,US,CO,True,direct
00000f7c18c1,101017,1,2025-10-24T13:09:44Z,US,IL,True,google_ads
00000f7c1988,103602,1,2026-05-24T14:26:42Z,US,MI,True,meta_ads
00000f80d9c5,102831,1,2026-03-21T15:40:14Z,US,MN,True,meta_ads
00000f80da8c,101412,1,2025-11-26T16:31:28Z,US,OR,True,direct
00000f86764a,101254,1,2025-11-24T03:49:56Z,AU,QLD,False,referral
00000f8b374e,102972,1,2026-04-04T14:40:53Z,US,OR,True,organic_search
00000f9594d7,103386,1,2026-05-06T21:51:25Z,US,MN,True,google_ads
00000fd0bcac,102380,1,2026-02-14T10:56:09Z,US,TN,True,meta_ads
00000fdb196e,102402,1,2026-02-16T01:42:55Z,US,NY,False,unknown
00000fdb1a35,101704,1,2025-12-04T14:35:06Z,US,CA,False,tiktok_ads
00000fdfdb39,100031,1,2025-07-03T20:46:52Z,US,TX,True,influencer
00000fe0b5f3,101033,1,2025-10-26T01:46:20Z,US,CA,True,google_ads
00000fe576f7,102581,1,2026-03-06T16:14:30Z,US,TX,True,unknown
00000fe577be,101192,1,2025-11-16T02:49:37Z,CA,BC,True,organic_search
00000feb137c,101145,1,2025-11-09T01:08:55Z,US,TX,True,meta_ads
00000fefd480,103102,1,2026-04-15T16:49:29Z,US,TX,True,meta_ads
00000fefd547,101492,1,2025-11-28T02:11:48Z,AU,WA,False,referral
00000ff57105,101803,1,2025-12-13T20:05:02Z,US,MI,False,unknown
00000ffa3209,103586,1,2026-05-23T10:46:51Z,US,TN,True,influencer
00000ffa32d0,100722,1,2025-09-26T12:27:48Z,GB,SCT,True,meta_ads
00000fffce8e,101970,1,2026-01-03T07:22:46Z,US,NJ,False,meta_ads
000010048f92,103950,1,2026-06-21T15:42:01Z,US,TX,True,meta_ads
0000103273bd,100350,1,2025-08-12T15:29:15Z,US,PA,True,google_ads
000010327484,103851,1,2026-06-14T12:45:44Z,US,PA,True,meta_ads
0000103cd146,100846,1,2025-10-08T13:06:42Z,US,WA,True,google_ads
0000103fb767,101745,1,2025-12-08T19:37:21Z,US,WI,True,google_ads
000010472ecf,101320,1,2025-11-25T04:08:26Z,US,CA,False,google_ads
0000104a14f0,101389,1,2025-11-26T09:16:03Z,US,MN,True,meta_ads
0000105471b2,103080,1,2026-04-13T18:38:06Z,US,FL,False,meta_ads
000010547279,101603,1,2025-11-30T13:52:24Z,US,NJ,False,direct
0000105ecf3b,103526,1,2026-05-17T01:24:31Z,US,CA,False,google_ads
0000105ed002,100541,1,2025-09-06T13:37:50Z,US,TN,False,unknown
000010692cc4,103754,1,2026-06-06T19:18:04Z,US,MA,False,organic_search
000010692d8b,100381,1,2025-08-16T13:05:47Z,US,IN,False,meta_ads
0000108717a8,102642,1,2026-03-14T02:13:02Z,US,CA,True,direct
000010917531,102337,1,2026-02-10T13:22:12Z,US,MO,False,meta_ads
0000109710ef,100480,1,2025-08-30T18:10:09Z,US,IL,True,google_ads
0000109711b6,103774,1,2026-06-08T05:30:11Z,US,MN,True,organic_search
0000109bd2ba,102163,2,2026-01-24T17:37:39Z,US,IL,True,referral
000010a16e78,100842,1,2025-10-08T01:27:53Z,CA,ON,True,google_ads
000010a16f3f,102806,1,2026-03-20T18:09:20Z,US,MI,False,google_ads
000010a63043,101724,1,2025-12-06T13:08:18Z,GB,ENG,True,organic_search
000010abcc01,101489,1,2025-11-27T23:22:32Z,US,NJ,False,meta_ads
000010abccc8,103106,1,2026-04-15T22:22:43Z,US,CA,True,direct
000010b08dcc,101294,1,2025-11-24T19:42:27Z,US,NJ,True,google_ads
000010b6298a,101506,1,2025-11-28T11:13:01Z,US,NC,True,tiktok_ads
000010fbaee8,103698,1,2026-06-01T17:50:38Z,US,FL,False,influencer
000011006fec,102029,2,2026-01-08T10:39:50Z,US,NY,True,google_ads
000011060baa,100847,1,2025-10-08T13:37:24Z,US,IN,True,meta_ads
000011060c71,103418,1,2026-05-08T17:52:58Z,US,TX,True,organic_search
0000110accae,102721,1,2026-03-17T11:56:31Z,US,NH,False,direct
0000110acd75,101651,1,2025-12-01T04:59:57Z,US,CO,False,organic_search
000011106933,101405,1,2025-11-26T14:07:43Z,US,NJ,False,meta_ads
0000111069fa,103280,1,2026-04-28T22:33:51Z,AU,QLD,False,meta_ads
000011152a37,103161,1,2026-04-19T19:33:48Z,US,NJ,False,tiktok_ads
000011152afe,101373,1,2025-11-25T21:59:43Z,US,WA,True,direct
0000111ac6bc,101302,1,2025-11-24T23:34:22Z,US,CA,True,meta_ads
0000111ac783,102809,1,2026-03-20T22:20:10Z,CA,QC,True,meta_ads
0000111f87c0,103415,1,2026-05-08T13:38:56Z,US,MO,True,organic_search
0000111f8887,100876,1,2025-10-10T17:00:41Z,US,PA,True,organic_search
000011252445,102219,1,2026-01-31T11:41:59Z,US,PA,True,meta_ads
00001125250c,102286,1,2026-02-06T17:45:24Z,US,MI,False,meta_ads
00001129e549,103986,1,2026-06-24T00:59:11Z,US,AZ,False,organic_search
00001129e610,100268,1,2025-08-02T14:57:37Z,US,WA,True,meta_ads
0000112f81ce,102397,1,2026-02-15T13:16:21Z,US,CA,True,referral
00001157ca3b,103294,1,2026-04-30T15:09:38Z,US,MA,True,referral
0000116227c4,103934,1,2026-06-20T22:17:06Z,US,IN,False,organic_search
00001179c830,101116,1,2025-11-05T13:11:05Z,US,FL,False,influencer
0000118424f2,103351,1,2026-05-04T19:43:53Z,US,CA,True,organic_search
0000118425b9,100861,1,2025-10-09T15:56:50Z,US,NY,True,organic_search
0000118e827b,103805,1,2026-06-10T23:32:00Z,US,TX,True,influencer
0000118e8342,100362,1,2025-08-14T02:59:58Z,US,AZ,False,google_ads
000011941f00,102521,1,2026-02-27T12:41:05Z,US,AZ,False,influencer
00001198e0cb,100235,1,2025-07-29T12:53:59Z,US,TX,True,influencer
0000119e7c89,102863,1,2026-03-23T21:54:00Z,US,TX,True,tiktok_ads
000011bc66a6,100141,1,2025-07-17T16:54:44Z,CA,ON,False,organic_search
000011bc676d,102323,1,2026-02-09T15:04:49Z,US,WA,True,meta_ads
000011c6c42f,100649,1,2025-09-18T03:06:48Z,US,TX,False,google_ads
000011c6c4f6,103757,1,2026-06-07T00:25:44Z,US,NY,True,organic_search
000011d121b8,100779,1,2025-10-01T14:14:42Z,US,CA,False,influencer
000011d1227f,103041,1,2026-04-10T09:23:55Z,US,AZ,True,influencer
000011db7f41,101543,1,2025-11-29T03:53:11Z,US,IN,True,direct
000011db8008,102676,1,2026-03-15T15:04:38Z,US,FL,True,meta_ads
000011e11bc6,100127,1,2025-07-16T01:57:25Z,US,VA,True,influencer
000011e5dcca,101050,1,2025-10-27T08:09:48Z,US,MO,False,google_ads
000011f31fad,103717,1,2026-06-03T10:41:04Z,US,CA,True,meta_ads
000011f32074,100419,1,2025-08-20T03:08:57Z,US,FL,False,influencer
000011fd7dfd,100032,1,2025-07-03T23:44:38Z,AU,VIC,False,meta_ads
0000122b6228,103624,1,2026-05-26T09:37:03Z,US,OH,False,tiktok_ads
00001230232c,101691,1,2025-12-03T14:39:03Z,US,MO,True,tiktok_ads
00001235beea,101011,1,2025-10-24T00:01:27Z,US,CA,True,google_ads
00001235bfb1,102934,1,2026-04-01T00:34:16Z,CA,AB,True,direct
0000123a80b5,101026,1,2025-10-25T13:03:45Z,US,TX,True,unknown
000012401c73,101232,1,2025-11-22T13:19:33Z,CA,QC,True,google_ads
000012401d3a,102659,1,2026-03-14T19:24:31Z,AU,NSW,True,direct
00001244de3e,100802,2,2025-10-04T03:20:08Z,US,NY,False,google_ads
00001245b8f8,100163,1,2025-07-20T12:11:25Z,US,WA,False,meta_ads
0000124a79fc,101728,1,2025-12-06T19:12:42Z,US,FL,True,meta_ads
0000124a7ac3,102332,1,2026-02-10T00:58:03Z,US,NY,False,organic_search
0000124f3bc7,100613,1,2025-09-14T11:12:53Z,US,NH,False,meta_ads
000012501681,100417,1,2025-08-19T22:30:13Z,US,CA,True,meta_ads
00001254d785,102194,1,2026-01-28T09:54:45Z,US,CO,False,tiktok_ads
00001254d84c,102118,1,2026-01-18T14:35:42Z,CA,AB,False,google_ads
000012599950,100125,1,2025-07-15T16:23:50Z,AU,WA,True,google_ads
0000125a740a,100805,1,2025-10-04T13:11:52Z,US,CA,False,meta_ads
0000125f350e,102925,1,2026-03-31T08:40:30Z,GB,SCT,True,influencer
000012a4ba6c,102695,1,2026-03-16T13:05:26Z,US,TX,True,influencer
000012a97b70,100873,1,2025-10-10T13:44:33Z,US,MI,False,influencer
000012af172e,101919,1,2025-12-27T20:28:31Z,US,OH,True,tiktok_ads
000012af17f5,102471,1,2026-02-22T11:39:58Z,US,CA,False,organic_search
000012b3d832,104066,1,2026-06-30T18:13:33Z,US,CA,True,unknown
000012b3d8f9,100259,1,2025-08-01T13:11:38Z,US,WA,True,google_ads
000012b974b7,102324,1,2026-02-09T15:54:27Z,US,NH,True,influencer
000012b9757e,102026,1,2026-01-07T22:52:52Z,US,FL,False,meta_ads
000012be35bb,100893,1,2025-10-12T11:40:49Z,US,TX,True,direct
000012be3682,100199,1,2025-07-25T16:13:01Z,GB,SCT,True,meta_ads
000012c3d240,102888,1,2026-03-26T13:03:24Z,US,CA,True,referral
000012c3d307,101607,1,2025-11-30T14:36:02Z,GB,ENG,True,organic_search
000012ce2fc9,103175,1,2026-04-20T23:26:01Z,US,GA,False,meta_ads
000012d88d52,103407,1,2026-05-08T00:48:16Z,GB,SCT,True,meta_ads
000012ec1aad,104024,1,2026-06-27T07:23:35Z,US,GA,False,meta_ads
000012f67836,103592,1,2026-05-23T21:03:17Z,US,TX,False,tiktok_ads
00001300d5bf,103171,1,2026-04-20T18:32:38Z,US,MN,True,meta_ads
0000130b3348,102897,1,2026-03-27T18:20:12Z,US,CO,False,meta_ads
00001310cf06,100013,1,2025-07-01T14:33:55Z,US,IL,True,google_ads
00001318762b,100758,1,2025-09-30T12:19:19Z,US,NY,True,influencer
00001322d3b4,100214,1,2025-07-27T01:10:05Z,US,TX,True,influencer
00001347880d,103465,1,2026-05-12T00:17:03Z,US,CA,True,tiktok_ads
0000135b1568,103432,1,2026-05-09T15:40:52Z,US,FL,False,google_ads
00001365722a,101598,1,2025-11-30T10:53:35Z,US,AZ,True,google_ads
0000136572f1,103160,1,2026-04-19T19:10:51Z,US,MA,True,google_ads
0000136fcfb3,101659,1,2025-12-01T14:29:05Z,AU,WA,False,organic_search
0000136fd07a,102708,1,2026-03-17T01:10:37Z,US,TX,True,google_ads
000013756c38,100005,1,2025-06-07T13:27:59Z,US,AZ,False,organic_search
000013756cff,104002,1,2026-06-25T05:26:52Z,US,IN,False,google_ads
0000137a2d3c,102000,1,2026-01-05T14:14:38Z,US,NY,True,meta_ads
0000137a2e03,101990,1,2026-01-04T22:39:43Z,AU,QLD,False,organic_search
0000137fc9c1,100678,1,2025-09-21T22:23:17Z,US,MN,True,meta_ads
000013848ac5,102383,1,2026-02-14T17:01:15Z,US,GA,False,meta_ads
000013848b8c,101646,1,2025-12-01T03:00:41Z,US,NY,True,meta_ads
0000138a274a,100814,1,2025-10-04T23:05:23Z,US,NJ,False,referral
0000138ee84e,102828,1,2026-03-21T13:39:05Z,US,MI,True,direct
000013ca1023,103290,1,2026-04-29T23:41:00Z,US,PA,True,direct
000013d46dac,102627,1,2026-03-12T22:42:48Z,US,CA,False,organic_search
000013d92eb0,100901,1,2025-10-13T00:46:14Z,US,NJ,False,unknown
000013deca6e,102193,1,2026-01-28T09:24:57Z,US,CA,True,influencer
000013decb35,102224,1,2026-01-31T23:13:31Z,US,CA,True,google_ads
000013e38c39,100408,1,2025-08-19T14:28:04Z,US,GA,False,influencer
000013e927f7,102463,1,2026-02-21T19:18:29Z,US,NC,True,direct
000013e928be,101829,1,2025-12-16T12:32:29Z,US,CA,False,unknown
000013eec47c,101366,1,2025-11-25T20:57:26Z,AU,VIC,True,unknown
000013f38580,102365,1,2026-02-13T11:35:59Z,US,MA,False,meta_ads
000013f38647,101617,1,2025-11-30T17:59:20Z,US,NC,True,organic_search
000013f92205,101138,1,2025-11-08T12:33:32Z,US,NY,True,organic_search
000013fde309,103632,1,2026-05-27T01:06:40Z,GB,SCT,True,meta_ads
000013fde3d0,100791,1,2025-10-02T16:40:48Z,US,WA,False,meta_ads
000014084092,103850,1,2026-06-14T10:55:35Z,US,AZ,True,referral
0000143624bd,100025,1,2025-07-03T00:27:56Z,US,NY,True,meta_ads
000014408246,100272,1,2025-08-03T13:32:56Z,CA,AB,True,meta_ads
0000144dc529,102874,1,2026-03-25T11:25:40Z,US,FL,True,unknown
0000145822b2,103084,1,2026-04-14T02:44:18Z,US,MO,True,meta_ads
000014582379,101428,1,2025-11-26T22:14:43Z,US,AZ,True,unknown
00001462803b,103643,1,2026-05-27T15:38:36Z,US,DE,False,meta_ads
000014628102,100799,1,2025-10-03T15:06:45Z,AU,WA,True,meta_ads
0000146cddc4,103897,1,2026-06-17T18:12:43Z,US,OR,False,meta_ads
0000146cde8b,100578,1,2025-09-09T18:48:52Z,US,MO,True,organic_search
000014773b4d,101744,1,2025-12-08T19:23:14Z,US,NY,True,organic_search
0000148ac8a8,103220,1,2026-04-23T20:35:01Z,US,TN,True,organic_search
000014952631,102862,1,2026-03-23T19:02:18Z,US,FL,True,organic_search
0000149ac1ef,100113,1,2025-07-13T21:23:02Z,US,FL,False,unknown
0000149ac2b6,100410,1,2025-08-19T16:41:49Z,US,MN,True,meta_ads
0000149f83ba,102531,1,2026-02-28T01:44:57Z,US,TX,True,tiktok_ads
000014a51f78,100509,1,2025-09-03T02:31:38Z,US,IL,True,google_ads
000014a5203f,103743,1,2026-06-05T11:26:59Z,US,CO,True,referral
000014a9e143,102007,1,2026-01-06T01:14:33Z,US,WA,False,meta_ads
000014af7d01,101005,1,2025-10-23T09:21:55Z,US,MO,True,meta_ads
000014af7dc8,103649,1,2026-05-27T18:55:51Z,US,MI,True,organic_search
000014b43ecc,100823,1,2025-10-06T10:43:56Z,US,FL,True,google_ads
000014b9da8a,101493,1,2025-11-28T02:20:03Z,US,CO,False,tiktok_ads
000014ff5f21,100035,1,2025-07-04T12:27:56Z,US,FL,True,referral
000014ff5fe8,103581,1,2026-05-23T00:08:12Z,US,TX,True,meta_ads
0000150420ec,102268,1,2026-02-05T09:35:11Z,US,IN,False,influencer
00001509bcaa,100709,1,2025-09-25T04:37:54Z,US,VA,True,meta_ads
00001509bd71,103699,1,2026-06-01T18:42:37Z,US,IN,False,meta_ads
0000150e7dae,102532,1,2026-02-28T02:09:28Z,US,GA,True,unknown
0000150e7e75,101974,1,2026-01-03T16:09:14Z,US,WA,True,google_ads
000015141a33,101051,1,2025-10-27T08:13:52Z,US,PA,True,direct
000015141afa,103322,1,2026-05-02T22:02:11Z,US,CA,False,meta_ads
00001518db37,102725,1,2026-03-17T14:09:01Z,US,NY,True,referral
00001518dbfe,101586,1,2025-11-30T00:09:24Z,CA,AB,True,unknown
0000151e77bc,101435,1,2025-11-27T01:00:24Z,US,NY,True,meta_ads
0000151e7883,103067,1,2026-04-12T01:49:41Z,US,NJ,True,referral
0000152338c0,102995,1,2026-04-06T20:36:29Z,US,FL,True,direct
000015233987,101288,1,2025-11-24T17:33:27Z,US,MA,False,meta_ads
00001528d545,101676,1,2025-12-02T00:25:26Z,US,TX,True,direct
0000152d9649,103379,1,2026-05-06T14:46:09Z,US,TX,False,google_ads
0000152d9710,100587,1,2025-09-11T00:40:18Z,US,NY,False,meta_ads
0000153332ce,102210,1,2026-01-30T16:25:07Z,US,IN,False,direct
00001537f3d2,104036,1,2026-06-28T12:10:50Z,AU,VIC,False,influencer
00001565d8c4,104005,1,2026-06-25T12:25:41Z,US,CA,False,unknown
000015731ba7,102006,1,2026-01-06T00:27:20Z,US,TX,True,influencer
0000157d7930,101612,1,2025-11-30T16:17:55Z,US,CA,True,meta_ads
00001587d5f2,103120,1,2026-04-16T23:16:54Z,US,FL,False,referral
00001587d6b9,101516,1,2025-11-28T14:11:45Z,US,VA,True,tiktok_ads
00001592337b,103483,1,2026-05-13T10:34:14Z,US,FL,False,organic_search
000015923442,100527,1,2025-09-04T12:59:56Z,US,NY,True,influencer
0000159c9104,103760,1,2026-06-07T04:38:05Z,US,MN,False,tiktok_ads
0000159c91cb,100360,1,2025-08-13T23:53:55Z,US,OH,False,meta_ads
000015ca752f,100471,1,2025-08-28T14:19:31Z,US,MN,True,organic_search
000015ca75f6,104017,1,2026-06-26T14:39:17Z,US,AZ,False,google_ads
000015d4d2b8,100695,1,2025-09-24T00:13:41Z,AU,NSW,True,organic_search
000015d4d37f,103470,1,2026-05-12T13:51:05Z,US,CA,False,direct
000015df3041,101546,1,2025-11-29T08:11:43Z,US,IN,True,meta_ads
000015df3108,103277,1,2026-04-28T18:01:02Z,US,OH,True,meta_ads
000015e98dca,101407,1,2025-11-26T15:01:11Z,AU,VIC,True,meta_ads
000015f6d0ad,103659,1,2026-05-28T15:14:46Z,CA,ON,True,google_ads
000016012e36,103941,1,2026-06-21T03:50:28Z,US,CA,True,google_ads
0000162f1328,103839,1,2026-06-13T09:38:12Z,US,CA,True,meta_ads
00001633d42c,102105,1,2026-01-17T01:18:51Z,US,NC,True,meta_ads
000016396fea,100618,1,2025-09-14T23:32:38Z,US,NY,False,meta_ads
0000163970b1,103477,1,2026-05-13T01:15:55Z,US,TX,True,organic_search
0000163e31b5,101938,1,2025-12-29T21:05:45Z,AU,NSW,False,meta_ads
00001643cd73,101555,1,2025-11-29T12:22:34Z,US,MD,True,google_ads
00001643ce3a,103184,1,2026-04-21T14:49:57Z,US,NC,False,meta_ads
000016488f3e,101251,1,2025-11-24T02:06:44Z,US,TX,True,meta_ads
0000164e2afc,101417,1,2025-11-26T19:11:19Z,US,FL,True,influencer
0000164e2bc3,102931,1,2026-03-31T20:05:53Z,US,CO,False,google_ads
00001652ecc7,100992,1,2025-10-21T13:55:13Z,US,MN,True,organic_search
00001653c781,100178,1,2025-07-21T20:24:55Z,US,NY,False,influencer
000016588885,101975,1,2026-01-03T17:57:51Z,US,MI,True,unknown
00001658894c,102505,1,2026-02-26T04:15:00Z,US,TX,False,referral
0000165d4a50,100704,1,2025-09-24T18:23:27Z,US,VA,False,organic_search
00001662e60e,102299,1,2026-02-07T18:06:20Z,US,MI,False,direct
000016ad2c70,101392,1,2025-11-26T10:52:10Z,US,NJ,True,organic_search
000016b2c82e,101204,1,2025-11-17T22:22:30Z,GB,SCT,True,influencer
000016b2c8f5,102650,1,2026-03-14T11:09:22Z,US,PA,False,organic_search
000016b78932,103673,1,2026-05-29T18:02:47Z,US,NH,True,organic_search
000016b789f9,100892,1,2025-10-12T07:15:30Z,US,NJ,True,meta_ads
000016bd25b7,102083,1,2026-01-13T10:17:18Z,CA,AB,False,meta_ads
000016bd267e,102290,1,2026-02-06T22:56:45Z,US,TX,True,meta_ads
000016c1e6bb,104008,1,2026-06-25T13:26:44Z,CA,AB,True,organic_search
000016c1e782,100332,1,2025-08-11T05:12:10Z,US,WI,False,meta_ads
000016c78340,102292,1,2026-02-07T03:04:59Z,US,VA,True,organic_search
000016c78407,101931,1,2025-12-29T04:58:17Z,US,FL,False,direct
000016cc4444,100182,1,2025-07-22T11:43:28Z,GB,ENG,True,google_ads
000016cc450b,100191,1,2025-07-23T23:44:20Z,US,MN,False,tiktok_ads
000016d1e0c9,102868,1,2026-03-24T13:28:49Z,US,OR,True,influencer
000016efcbad,102376,1,2026-02-14T01:23:04Z,US,NY,True,meta_ads
000016fa2936,103894,1,2026-06-17T11:01:23Z,US,IL,True,influencer
0000170486bf,103535,1,2026-05-17T17:57:12Z,AU,NSW,False,referral
0000170ee448,102910,1,2026-03-29T00:23:23Z,US,MI,True,direct
0000171c272b,101030,1,2025-10-25T16:04:47Z,US,MD,False,organic_search
0000172683ed,103704,1,2026-06-02T02:04:36Z,CA,AB,True,meta_ads
0000172684b4,100703,1,2025-09-24T18:17:28Z,US,CO,True,meta_ads
00001730e176,103059,1,2026-04-11T09:45:14Z,US,NY,True,organic_search
00001730e23d,100086,1,2025-07-11T00:57:33Z,US,NY,True,meta_ads
0000175ec668,103720,1,2026-06-03T13:36:22Z,US,IL,False,tiktok_ads
00001769232a,100957,1,2025-10-18T18:13:16Z,US,CO,True,direct
0000176923f1,103454,1,2026-05-10T23:49:04Z,US,GA,True,organic_search
0000177380b3,101380,1,2025-11-26T00:19:59Z,US,TX,False,direct
00001773817a,103057,1,2026-04-11T01:46:03Z,GB,SCT,False,google_ads
0000177dde3c,101860,1,2025-12-18T23:12:02Z,US,VA,False,meta_ads
0000177ddf03,102603,1,2026-03-09T14:16:51Z,US,CA,True,influencer
000017837ac1,100358,1,2025-08-13T19:53:06Z,US,IL,False,organic_search
000017883bc5,101973,1,2026-01-03T15:33:56Z,US,CA,True,organic_search
000017883c8c,102148,1,2026-01-22T19:32:00Z,US,GA,False,google_ads
00001792994e,102635,1,2026-03-13T15:39:59Z,US,IL,False,influencer
000017cdc123,103446,1,2026-05-10T16:35:30Z,US,MA,False,influencer
000017d81de5,101399,1,2025-11-26T12:38:46Z,US,CA,True,meta_ads
000017d81eac,103229,1,2026-04-24T14:10:27Z,US,CA,False,organic_search
000017dcdfb0,101111,1,2025-11-04T16:22:35Z,US,MA,False,unknown
000017e27b6e,101801,1,2025-12-13T15:34:14Z,US,GA,False,organic_search
000017e27c35,102574,1,2026-03-04T12:33:59Z,US,NJ,False,meta_ads
000017e73d39,100518,1,2025-09-03T23:18:16Z,US,TX,False,organic_search
000017ecd8f7,102062,1,2026-01-11T01:27:08Z,US,MA,False,tiktok_ads
000017ecd9be,102064,1,2026-01-11T10:51:30Z,CA,QC,True,direct
000017f19ac2,100302,1,2025-08-07T15:04:22Z,US,PA,True,influencer
000017f73680,102707,1,2026-03-17T00:43:30Z,US,NC,True,organic_search
000017f73747,101643,1,2025-12-01T01:52:15Z,US,CA,True,organic_search
000018019409,103032,1,2026-04-09T15:25:49Z,US,VA,False,google_ads
0000180bf192,103563,1,2026-05-20T18:13:55Z,US,TN,True,influencer
000018443346,100088,1,2025-07-11T13:30:11Z,US,CA,False,organic_search
0000184bda6b,100590,1,2025-09-11T12:55:00Z,US,NY,False,influencer
000018517629,102146,1,2026-01-22T09:46:42Z,US,AZ,False,google_ads
0000185637f4,100265,1,2025-08-02T12:59:07Z,US,CO,True,influencer
0000185bd3b2,102859,1,2026-03-23T11:06:05Z,US,FL,False,google_ads
00001866313b,103070,1,2026-04-12T12:35:02Z,US,NY,True,meta_ads
000018663202,100854,1,2025-10-09T00:41:15Z,US,MI,False,organic_search
000018708ec4,103626,1,2026-05-26T12:09:38Z,US,CA,True,tiktok_ads
000018708f8b,100797,1,2025-10-03T13:26:35Z,US,FL,True,google_ads
0000187aec4d,103858,1,2026-06-14T17:42:04Z,US,TX,True,google_ads
0000188e79a8,103547,1,2026-05-18T23:39:32Z,US,FL,False,direct
00001898d731,102951,1,2026-04-02T23:01:06Z,US,CA,True,meta_ads
000018a334ba,102512,1,2026-02-26T21:25:32Z,US,CA,True,organic_search
000018a8d078,100154,1,2025-07-19T15:28:48Z,US,TN,False,meta_ads
000018a8d13f,100463,1,2025-08-27T15:08:44Z,US,TN,True,meta_ads
000018ad9243,102373,1,2026-02-13T21:46:11Z,US,IL,True,organic_search
000018b32e01,100683,1,2025-09-22T04:10:58Z,US,NJ,True,unknown
000018b7efcc,101796,1,2025-12-13T02:28:58Z,US,MN,True,organic_search
000018bd8b8a,101083,1,2025-10-31T16:34:55Z,US,IN,True,organic_search
000018fd7463,103268,1,2026-04-28T02:01:47Z,US,CO,True,meta_ads
00001907d1ec,102528,1,2026-02-27T21:45:52Z,CA,QC,True,meta_ads
0000190d6daa,100074,1,2025-07-09T15:04:41Z,US,TN,False,direct
000019122eae,102077,1,2026-01-12T10:08:13Z,US,OH,True,unknown
000019122f75,102343,1,2026-02-11T19:01:24Z,US,TX,False,organic_search
00001917cb33,100564,1,2025-09-08T11:28:09Z,US,TX,True,meta_ads
00001917cbfa,103890,1,2026-06-16T21:22:41Z,US,VA,False,organic_search
0000191c8c37,102496,1,2026-02-25T14:52:51Z,GB,ENG,False,tiktok_ads
0000191c8cfe,101697,1,2025-12-04T01:08:09Z,US,GA,False,influencer
0000192228bc,100598,1,2025-09-12T14:32:23Z,US,CO,False,google_ads
000019222983,103585,1,2026-05-23T10:37:43Z,US,PA,True,tiktok_ads
00001926e9c0,102385,1,2026-02-14T17:21:10Z,US,MA,False,google_ads
00001926ea87,101252,1,2025-11-24T02:29:08Z,US,MD,True,tiktok_ads
0000192c8645,101203,1,2025-11-17T21:58:28Z,US,WA,False,influencer
000019314749,103010,1,2026-04-07T21:46:39Z,US,NJ,True,tiktok_ads
000019314810,101146,1,2025-11-09T01:57:22Z,US,CO,True,google_ads
0000193ba4d2,103494,1,2026-05-14T00:56:36Z,US,WA,True,organic_search
00001976cca7,102322,1,2026-02-09T12:42:41Z,US,CA,True,tiktok_ads
000019812969,102393,1,2026-02-15T02:06:24Z,US,MI,True,organic_search
000019812a30,101896,1,2025-12-23T10:23:16Z,US,WI,True,organic_search
00001985eb34,100241,1,2025-07-30T07:32:45Z,US,VA,True,direct
0000198b86f2,102930,1,2026-03-31T19:26:02Z,US,WA,True,meta_ads
0000198b87b9,101358,1,2025-11-25T17:40:06Z,US,FL,True,meta_ads
00001995e47b,103062,1,2026-04-11T16:51:54Z,US,MO,True,meta_ads
00001995e542,100978,1,2025-10-20T13:12:05Z,US,IL,False,influencer
000019a04204,103428,1,2026-05-09T13:58:57Z,US,PA,True,influencer
000019a042cb,100490,1,2025-09-01T06:53:16Z,US,MA,False,influencer
000019aa9f8d,103826,1,2026-06-12T08:50:02Z,US,DE,False,organic_search
000019ce262f,100117,1,2025-07-14T15:43:45Z,US,MA,True,unknown
000019d8847f,104037,1,2026-06-28T12:42:11Z,US,CA,True,organic_search
000019e2e141,100950,1,2025-10-18T02:07:09Z,US,CA,True,google_ads
000019e2e208,103529,1,2026-05-17T02:52:29Z,US,CA,True,organic_search
000019ed3eca,101328,1,2025-11-25T10:21:45Z,US,IN,False,direct
000019fa81ad,103108,1,2026-04-16T03:29:11Z,CA,BC,True,meta_ads
00001a04df36,103561,1,2026-05-20T03:54:11Z,US,CA,True,tiktok_ads
00001a0f3cbf,103573,1,2026-05-22T02:21:45Z,US,CA,True,meta_ads
00001a32c361,100008,1,2025-06-19T04:26:03Z,US,NY,True,organic_search
00001a37852c,102527,1,2026-02-27T21:35:22Z,CA,AB,True,direct
00001a3d20ea,100339,1,2025-08-11T20:49:10Z,US,MN,True,meta_ads
00001a3d21b1,103758,1,2026-06-07T01:44:39Z,US,TX,True,influencer
00001a41e2b5,102019,1,2026-01-07T12:40:31Z,GB,SCT,True,referral
00001a477e73,100895,1,2025-10-12T14:27:53Z,US,PA,True,meta_ads
00001a477f3a,103486,1,2026-05-13T12:49:02Z,CA,AB,False,meta_ads
00001a4c403e,101779,1,2025-12-11T17:15:54Z,US,CA,True,referral
00001a51dbfc,101123,1,2025-11-06T12:55:39Z,US,WA,True,unknown
00001a51dcc3,103236,1,2026-04-25T10:00:17Z,US,FL,False,tiktok_ads
00001a569dc7,101505,1,2025-11-28T10:37:32Z,US,CA,True,google_ads
00001a5c3985,101649,1,2025-12-01T04:23:51Z,US,NJ,True,google_ads
00001a60fb50,100962,1,2025-10-19T12:12:18Z,US,NY,True,meta_ads
00001aa67fe7,102223,1,2026-01-31T16:02:44Z,US,MA,False,influencer
00001aac1ba5,100828,1,2025-10-07T02:17:19Z,US,OH,True,meta_ads
00001ab0dca9,102849,1,2026-03-22T15:03:57Z,US,NJ,True,google_ads
00001ab0dd70,101374,1,2025-11-25T22:44:59Z,CA,BC,False,direct
00001ab6792e,100932,1,2025-10-16T11:09:43Z,US,IN,True,google_ads
00001abb3a32,103233,1,2026-04-25T04:13:58Z,GB,ENG,True,organic_search
00001abb3af9,101400,1,2025-11-26T12:39:42Z,US,CA,True,google_ads
00001ac0d6b7,101848,1,2025-12-17T22:43:21Z,US,CA,False,tiktok_ads
00001ac597bb,103350,1,2026-05-04T19:36:48Z,CA,ON,False,google_ads
00001ac59882,101054,1,2025-10-27T14:48:06Z,CA,AB,False,organic_search
00001acb3440,102166,1,2026-01-24T23:44:16Z,GB,WLS,False,meta_ads
00001acb3507,102443,1,2026-02-20T10:06:38Z,US,VA,True,direct
00001acff544,103929,1,2026-06-20T14:35:33Z,US,FL,False,meta_ads
00001acff60b,100253,1,2025-08-01T00:01:13Z,US,CO,True,tiktok_ads
00001ad591c9,102429,1,2026-02-18T15:54:09Z,US,MI,True,meta_ads
00001afdda36,103556,1,2026-05-19T16:47:40Z,US,MD,True,meta_ads
00001b0837bf,103492,1,2026-05-14T00:26:08Z,US,OR,True,referral
00001b129548,102917,1,2026-03-30T01:19:50Z,US,CA,True,meta_ads
00001b1fd82b,101280,1,2025-11-24T15:22:41Z,CA,BC,False,influencer
00001b2a34ed,103337,1,2026-05-04T05:25:25Z,CA,QC,True,organic_search
00001b2a35b4,100803,1,2025-10-04T10:28:23Z,US,GA,True,google_ads
00001b349276,103889,1,2026-06-16T20:52:21Z,US,CA,True,direct
00001b34933d,100325,1,2025-08-10T19:22:13Z,US,OH,True,referral
00001b627768,103899,1,2026-06-17T23:07:53Z,US,MA,False,referral
00001b6cd42a,100501,1,2025-09-02T09:02:06Z,US,CA,False,influencer
00001b6cd4f1,103360,1,2026-05-05T10:56:50Z,CA,AB,False,referral
00001b7731b3,100964,1,2025-10-19T13:26:05Z,US,TX,True,meta_ads
00001b77327a,103030,1,2026-04-09T12:17:52Z,US,MN,True,tiktok_ads
00001b818f3c,101183,1,2025-11-14T20:26:36Z,CA,AB,True,meta_ads
00001b819003,102741,1,2026-03-18T09:10:21Z,US,FL,True,google_ads
00001b872bc1,100171,1,2025-07-21T01:59:20Z,CA,BC,True,tiktok_ads
00001b8becc5,101669,1,2025-12-01T20:33:40Z,CA,AB,True,google_ads
00001b964a4e,102338,1,2026-02-10T14:32:51Z,US,CA,True,tiktok_ads
00001bd17223,103448,1,2026-05-10T16:49:43Z,US,OR,True,tiktok_ads
00001bd63327,101814,1,2025-12-15T10:54:55Z,US,WA,False,meta_ads
00001bdbcee5,101087,1,2025-11-01T09:38:43Z,US,TX,True,google_ads
00001bdbcfac,103089,1,2026-04-14T13:49:32Z,US,FL,True,tiktok_ads
00001be090b0,101631,1,2025-11-30T22:28:41Z,US,NY,True,referral
00001be62c6e,101454,1,2025-11-27T13:09:55Z,US,AZ,False,influencer
00001be62d35,102645,1,2026-03-14T02:56:58Z,US,TX,True,google_ads
00001beaee39,100810,1,2025-10-04T17:22:35Z,US,TX,False,influencer
00001bf089f7,101758,1,2025-12-09T16:07:13Z,US,PA,True,unknown
00001bf08abe,102534,1,2026-02-28T12:28:45Z,US,MD,True,organic_search
00001bf54bc2,100550,1,2025-09-07T01:24:40Z,US,TX,False,organic_search
00001bfae780,102255,1,2026-02-03T15:47:27Z,US,NY,False,google_ads
00001bfae847,102042,1,2026-01-09T10:08:10Z,US,CO,True,meta_ads
00001bffa94b,100164,1,2025-07-20T13:15:34Z,US,NJ,False,google_ads
00001c054509,102683,1,2026-03-15T23:29:39Z,US,IN,False,meta_ads
00001c4f8b6b,101037,1,2025-10-26T08:16:49Z,US,TX,True,meta_ads
00001c552729,101916,1,2025-12-27T13:41:05Z,US,CA,False,tiktok_ads
00001c59e82d,103710,1,2026-06-02T18:33:01Z,US,IL,False,referral
00001c59e8f4,100580,1,2025-09-10T01:07:48Z,US,CO,False,meta_ads
00001c5f84b2,102339,1,2026-02-10T19:07:32Z,US,FL,False,referral
00001c6445b6,103113,1,2026-04-16T15:27:50Z,US,IL,True,meta_ads
00001c64467d,100180,1,2025-07-22T09:58:43Z,US,NC,True,referral
00001c69e23b,102734,1,2026-03-17T23:54:52Z,US,NY,False,tiktok_ads
00001c743fc4,103004,1,2026-04-07T14:51:06Z,US,MI,False,google_ads
00001c7e9d4d,103525,1,2026-05-17T01:23:29Z,US,CA,False,google_ads
00001c922aa8,103458,1,2026-05-11T02:01:15Z,US,FL,True,organic_search
00001c9c8831,103312,1,2026-05-02T11:34:20Z,US,NY,False,meta_ads
00001ca6e5ba,103142,1,2026-04-18T13:30:11Z,US,FL,True,google_ads
00001cb14343,102780,1,2026-03-19T21:14:36Z,US,FL,True,meta_ads
00001cb6df01,100261,1,2025-08-01T17:43:04Z,US,TX,True,organic_search
00001cbba0cc,102144,1,2026-01-22T01:15:58Z,CA,BC,False,meta_ads
00001cc8e3af,100058,1,2025-07-08T06:21:57Z,GB,WLS,True,direct
00001d012563,103551,1,2026-05-19T08:02:48Z,US,IN,True,meta_ads
00001d0b8225,101526,1,2025-11-28T19:05:43Z,AU,NSW,False,organic_search
00001d0b82ec,103006,1,2026-04-07T14:55:36Z,US,IN,True,meta_ads
00001d15dfae,101820,1,2025-12-15T21:50:06Z,US,WA,False,influencer
00001d15e075,102855,1,2026-03-22T22:40:03Z,US,MI,True,google_ads
00001d1b7c33,100444,1,2025-08-24T11:41:47Z,US,TX,False,meta_ads
00001d203d37,102063,1,2026-01-11T07:45:27Z,CA,BC,False,organic_search
00001d203dfe,102204,1,2026-01-29T14:55:45Z,US,WI,True,influencer
00001d25d9bc,100657,1,2025-09-18T20:35:31Z,US,NY,True,influencer
00001d25da83,103430,1,2026-05-09T15:04:53Z,US,PA,True,google_ads
00001d2a9ac0,102691,1,2026-03-16T10:29:14Z,US,NY,True,direct
00001d303745,101422,1,2025-11-26T20:09:01Z,US,NY,True,meta_ads
00001d34f849,103282,1,2026-04-29T11:42:25Z,US,WI,True,meta_ads
00001d3f55d2,103672,1,2026-05-29T17:49:35Z,AU,NSW,False,unknown
00001d7a7da7,102716,1,2026-03-17T03:11:30Z,GB,WLS,True,organic_search
00001d7f3eab,100656,1,2025-09-18T15:16:24Z,US,CA,False,meta_ads
00001d84da69,102086,1,2026-01-13T21:54:22Z,US,MD,False,organic_search
00001d84db30,101956,1,2026-01-02T14:04:09Z,CA,QC,True,meta_ads
00001d899c34,100376,1,2025-08-15T18:52:35Z,GB,ENG,True,organic_search
00001d8f37f2,102832,1,2026-03-21T16:27:11Z,US,NY,False,meta_ads
00001d8f38b9,101906,1,2025-12-24T23:10:56Z,US,WI,True,organic_search
00001d99957b,103256,1,2026-04-26T23:48:11Z,US,CA,False,organic_search
00001d999642,101567,1,2025-11-29T15:13:02Z,US,OH,True,direct
00001da3f304,103384,1,2026-05-06T21:09:37Z,GB,ENG,False,meta_ads
00001da3f3cb,101009,1,2025-10-23T20:11:29Z,US,WI,False,organic_search
00001dae508d,103813,1,2026-06-11T08:50:32Z,US,AZ,True,google_ads
00001ddc34b8,100051,1,2025-07-07T13:06:22Z,US,NY,False,meta_ads
00001ddc357f,102789,1,2026-03-20T03:57:01Z,US,CA,True,referral
00001de69241,100625,1,2025-09-16T03:50:53Z,US,NY,False,google_ads
00001df0efca,100917,1,2025-10-14T03:16:43Z,US,MN,True,referral
00001dfe32ad,103104,1,2026-04-15T21:38:50Z,GB,SCT,True,organic_search
00001e089036,103584,1,2026-05-23T08:17:41Z,US,GA,False,meta_ads
00001e12edbf,103810,1,2026-06-11T02:14:08Z,US,CA,False,direct
00001e1d4b48,102377,1,2026-02-14T02:00:48Z,US,NY,True,unknown
00001e30d8a3,103169,1,2026-04-20T12:27:10Z,GB,WLS,True,meta_ads
00001e3b362c,102431,1,2026-02-19T00:18:26Z,US,OR,True,meta_ads
00001e40d1ea,100211,1,2025-07-26T23:00:18Z,US,CA,True,meta_ads
00001e40d2b1,103753,1,2026-06-06T14:56:27Z,US,WA,True,referral
00001e4592ee,101694,1,2025-12-03T20:06:46Z,US,WA,True,google_ads
00001e4593b5,102310,1,2026-02-08T14:52:57Z,US,TX,False,influencer
00001e4b2f73,100757,1,2025-09-30T10:32:51Z,US,NY,True,organic_search
00001e4b303a,103696,1,2026-06-01T14:22:11Z,CA,AB,True,meta_ads
00001e4ff13e,102045,1,2026-01-09T12:02:55Z,US,CA,True,direct
00001e558cfc,100763,1,2025-09-30T15:42:43Z,GB,ENG,False,organic_search
00001e558dc3,103357,1,2026-05-05T02:18:15Z,US,NY,True,meta_ads
00001e5a4ec7,101161,1,2025-11-10T19:06:44Z,US,MA,False,meta_ads
00001e5fea85,101052,1,2025-10-27T09:57:52Z,US,NY,False,meta_ads
00001eaa30e7,102280,1,2026-02-06T10:27:59Z,US,NJ,True,direct
00001eafcca5,100655,1,2025-09-18T13:35:13Z,US,CA,True,tiktok_ads
00001eb48da9,102382,1,2026-02-14T14:09:29Z,US,IN,False,direct
00001eb48e70,101673,1,2025-12-01T23:05:41Z,US,VA,True,referral
00001eba2a2e,100948,1,2025-10-18T00:18:20Z,US,GA,True,meta_ads
00001ebeeb32,102887,1,2026-03-26T12:25:41Z,US,NJ,False,meta_ads
00001ebeebf9,101134,1,2025-11-07T09:50:38Z,US,CA,True,meta_ads
00001ec487b7,101243,1,2025-11-24T00:12:19Z,US,GA,True,meta_ads
00001ec948bb,103088,1,2026-04-14T13:28:58Z,US,FL,True,organic_search
00001ec94982,101097,1,2025-11-03T00:36:21Z,GB,SCT,True,meta_ads
00001ecee540,101818,1,2025-12-15T20:46:25Z,US,WA,True,influencer
00001ed3a644,103530,1,2026-05-17T03:20:40Z,US,NY,True,meta_ads
00001ed3a70b,100672,1,2025-09-20T15:45:01Z,US,TX,False,meta_ads
00001ed942c9,102218,1,2026-01-31T11:39:35Z,US,VA,False,meta_ads
00001ede03cd,103852,1,2026-06-14T13:05:17Z,US,NJ,True,organic_search
00001f0be8bf,103931,1,2026-06-20T16:26:46Z,US,CA,False,organic_search
00001f164648,103317,1,2026-05-02T14:57:22Z,US,OR,False,meta_ads
00001f23892b,101577,1,2025-11-29T20:07:22Z,US,NY,False,organic_search
00001f2de5ed,103137,1,2026-04-18T02:43:16Z,US,CA,True,google_ads
00001f2de6b4,101318,1,2025-11-25T03:48:11Z,US,GA,False,meta_ads
00001f384376,103307,1,2026-05-01T23:11:46Z,US,NY,True,influencer
00001f38443d,100616,1,2025-09-14T15:40:12Z,US,CA,True,meta_ads
00001f42a0ff,104057,1,2026-06-30T05:44:06Z,US,FL,False,tiktok_ads
00001f42a1c6,100454,1,2025-08-26T11:12:56Z,CA,ON,False,organic_search
00001f70852a,100351,1,2025-08-12T17:57:40Z,US,NC,True,organic_search
00001f7085f1,103807,1,2026-06-10T23:58:58Z,US,PA,False,tiktok_ads
00001f7ae2b3,100321,1,2025-08-10T14:24:00Z,US,OR,False,google_ads
00001f7ae37a,103537,1,2026-05-17T22:19:06Z,US,OH,True,referral
00001f85403c,101379,1,2025-11-25T23:44:23Z,CA,BC,True,organic_search
00001f854103,103248,1,2026-04-26T15:00:43Z,US,MN,True,google_ads
00001f8f9dc5,101364,1,2025-11-25T20:28:24Z,US,TX,True,meta_ads
00001f9ce0a8,103148,1,2026-04-18T20:00:22Z,US,NC,True,meta_ads
00001fa73e31,103829,1,2026-06-12T13:39:55Z,CA,QC,True,referral
00001fd52323,103967,1,2026-06-22T14:13:55Z,CA,BC,True,meta_ads
00001fd9e427,102203,1,2026-01-29T14:52:11Z,US,FL,False,organic_search
00001fdf7fe5,100530,1,2025-09-04T18:30:55Z,US,NY,True,organic_search
00001fdf80ac,103412,1,2026-05-08T12:02:17Z,US,CA,False,meta_ads
00001fe440e9,102746,1,2026-03-18T11:28:48Z,US,AZ,True,influencer
00001fe441b0,101722,1,2025-12-05T23:31:21Z,US,TX,True,organic_search
00001fe9dd6e,101103,1,2025-11-03T18:30:47Z,US,WA,False,organic_search
00001fe9de35,103163,1,2026-04-19T22:45:27Z,AU,WA,True,meta_ads
00001fee9e72,103168,1,2026-04-20T07:57:34Z,US,NH,True,direct
00001fee9f39,101437,1,2025-11-27T01:28:46Z,US,NJ,False,meta_ads
00001ff43af7,101483,1,2025-11-27T21:34:18Z,AU,NSW,True,unknown
00001ff43bbe,102699,1,2026-03-16T15:53:08Z,US,CA,True,meta_ads
00001ff8fbfb,103571,1,2026-05-22T01:40:06Z,US,VA,True,organic_search
00001ff8fcc2,100988,1,2025-10-21T06:58:23Z,US,IN,True,meta_ads
00001ffe9880,101953,1,2026-01-01T23:27:43Z,US,MA,True,tiktok_ads
00001ffe9947,102455,1,2026-02-21T12:27:40Z,US,FL,True,google_ads
000020035a4b,100604,1,2025-09-13T14:34:32Z,US,FL,True,meta_ads
00002008f609,102356,1,2026-02-12T11:52:22Z,US,TX,True,google_ads
000020533c6b,101349,1,2025-11-25T14:50:35Z,US,CA,True,unknown
00002058d829,101135,1,2025-11-08T00:13:02Z,CA,ON,True,organic_search
0000205d992d,103408,1,2026-05-08T04:36:58Z,CA,ON,False,direct
0000205d99f4,100935,1,2025-10-16T17:27:53Z,US,OR,True,organic_search
0000206335b2,102165,1,2026-01-24T21:11:38Z,US,CA,True,organic_search
00002067f6b6,103708,1,2026-06-02T14:08:45Z,US,CA,True,influencer
00002067f77d,100591,1,2025-09-11T17:06:40Z,US,WI,True,google_ads
0000206d933b,102474,1,2026-02-22T14:45:11Z,US,FL,False,meta_ads
00002072543f,100645,1,2025-09-17T22:52:47Z,US,IN,True,unknown
000020725506,100057,1,2025-07-08T03:43:30Z,US,GA,True,meta_ads
00002077f0c4,102578,1,2026-03-05T06:33:35Z,US,NY,True,meta_ads
000020824e4d,103114,1,2026-04-16T15:39:38Z,US,MD,False,meta_ads
00002095dae1,100020,1,2025-07-02T10:56:01Z,US,OH,True,google_ads
00002095dba8,103475,1,2026-05-12T23:05:25Z,US,CA,True,organic_search
000020a0386a,100619,1,2025-09-15T00:39:53Z,GB,SCT,True,meta_ads
000020a03931,103874,1,2026-06-15T22:38:43Z,US,FL,True,unknown
000020aa96ba,103546,1,2026-05-18T21:45:10Z,US,OH,True,meta_ads
000020b4f443,102517,1,2026-02-27T10:22:40Z,US,IL,True,tiktok_ads
000020c23726,100905,1,2025-10-13T11:15:24Z,US,CA,True,meta_ads
000020cc94af,100324,1,2025-08-10T19:09:39Z,US,MO,False,meta_ads
000020d6f238,100039,1,2025-07-05T01:50:40Z,US,CA,True,google_ads
00002104d663,104059,1,2026-06-30T11:08:59Z,US,AZ,True,influencer
0000210f3325,100800,1,2025-10-03T19:24:52Z,US,FL,True,influencer
0000210f33ec,103426,1,2026-05-09T12:15:34Z,US,FL,True,referral
0000211990ae,101472,1,2025-11-27T17:34:26Z,US,MA,True,meta_ads
000021199175,102661,1,2026-03-14T19:41:26Z,US,CA,True,meta_ads
00002123ee37,101768,1,2025-12-10T11:02:28Z,US,OH,False,meta_ads
00002123eefe,102247,1,2026-02-03T02:00:15Z,US,NC,False,direct
000021298abc,100335,1,2025-08-11T11:43:07Z,GB,ENG,True,google_ads
0000212e4bc0,102145,1,2026-01-22T03:41:31Z,US,CA,True,meta_ads
00002133e845,100835,1,2025-10-07T15:14:34Z,US,FL,False,influencer
00002138a949,102844,1,2026-03-22T02:49:27Z,US,IN,True,organic_search
00002173d11e,103398,1,2026-05-07T12:09:37Z,CA,BC,False,referral
0000217e2ea7,102647,1,2026-03-14T10:18:33Z,US,TX,True,google_ads
00002182efab,100834,1,2025-10-07T12:41:02Z,US,NC,True,meta_ads
000021888b69,101840,1,2025-12-17T03:26:10Z,US,CA,True,meta_ads
000021888c30,102470,1,2026-02-22T10:14:35Z,AU,WA,True,organic_search
0000218d4c6d,103618,1,2026-05-25T23:41:16Z,US,NC,True,organic_search
0000218d4d34,100748,1,2025-09-29T15:17:30Z,US,CA,True,organic_search
00002192e8f2,102189,1,2026-01-27T21:10:59Z,US,OH,True,organic_search
00002192e9b9,102188,1,2026-01-27T12:22:06Z,US,WA,False,tiktok_ads
00002197a9f6,103749,1,2026-06-06T09:16:46Z,US,PA,True,organic_search
00002197aabd,100073,1,2025-07-09T12:57:59Z,CA,QC,True,organic_search
0000219d467b,102652,1,2026-03-14T12:13:07Z,US,MN,True,influencer
0000219d4742,101769,1,2025-12-10T12:10:12Z,US,CA,False,tiktok_ads
000021a7a404,102996,1,2026-04-06T20:36:48Z,US,FL,False,tiktok_ads
000021a7a4cb,101022,1,2025-10-25T02:39:11Z,CA,AB,True,unknown
000021b2018d,103644,1,2026-05-27T15:58:49Z,US,TX,False,organic_search
000021ea4341,100030,1,2025-07-03T20:10:30Z,US,PA,False,influencer
000021f78624,102254,1,2026-02-03T15:16:13Z,US,GA,False,influencer
000021fc47ef,100060,1,2025-07-08T10:41:20Z,GB,ENG,True,meta_ads
00002201e3ad,102836,1,2026-03-21T20:56:17Z,US,CA,True,organic_search
0000220c4136,103177,1,2026-04-21T03:34:33Z,US,MA,False,google_ads
000022169ebf,103528,2,2026-05-17T02:38:11Z,US,TN,False,direct
00002220fc48,103715,1,2026-06-03T04:26:29Z,CA,AB,True,google_ads
0000223489a3,103666,1,2026-05-29T08:58:02Z,US,OR,True,unknown
0000223ee665,101106,1,2025-11-04T01:56:52Z,US,TX,True,meta_ads
0000223ee72c,103068,1,2026-04-12T02:48:30Z,CA,QC,False,tiktok_ads
0000224943ee,101591,1,2025-11-30T02:49:59Z,US,WI,True,direct
0000224944b5,102710,1,2026-03-17T01:39:09Z,US,GA,False,google_ads
0000224ee073,100012,1,2025-07-01T09:50:20Z,US,NJ,False,meta_ads
0000224ee13a,101883,1,2025-12-21T08:28:35Z,US,WA,True,organic_search
00002253a177,102022,1,2026-01-07T20:24:52Z,CA,ON,True,meta_ads
00002253a23e,102536,1,2026-02-28T14:03:54Z,US,TX,True,google_ads
000022593dfc,100526,1,2025-09-04T12:03:11Z,US,MI,False,meta_ads
000022593ec3,103865,1,2026-06-15T00:31:45Z,US,OH,False,organic_search
0000225dffc7,101908,1,2025-12-25T14:22:52Z,GB,WLS,True,organic_search
000022639b85,100951,1,2025-10-18T10:21:24Z,US,IN,False,tiktok_ads
000022ade1e7,102764,1,2026-03-18T23:47:33Z,US,GA,False,meta_ads
000022b2a2eb,100973,1,2025-10-20T05:34:36Z,US,AZ,False,meta_ads
000022b37da5,100004,1,2025-06-03T15:27:57Z,US,NJ,True,meta_ads
000022b83ea9,102093,1,2026-01-15T05:27:47Z,US,CA,True,direct
000022b83f70,102200,2,2026-01-29T12:09:48Z,AU,QLD,False,meta_ads
000022bddb2e,100543,1,2025-09-06T16:01:56Z,US,CA,True,google_ads
000022c29c32,102272,1,2026-02-05T14:17:11Z,US,IL,True,tiktok_ads
000022c29cf9,101927,1,2025-12-28T14:44:57Z,US,CA,True,influencer
000022c838b7,100891,1,2025-10-12T06:29:59Z,US,CA,True,meta_ads
000022ccf9bb,102885,1,2026-03-26T10:38:39Z,US,FL,True,organic_search
000022ccfa82,101620,1,2025-11-30T19:45:00Z,US,CO,False,organic_search
000022d29640,101162,1,2025-11-11T00:51:30Z,US,NC,False,meta_ads
000022d75744,102883,1,2026-03-26T00:42:32Z,US,NY,True,referral
000022d7580b,100726,1,2025-09-26T18:09:33Z,US,DE,True,organic_search
000022dcf3c9,101665,1,2025-12-01T19:02:51Z,US,VA,True,direct
000022e1b4cd,103719,1,2026-06-03T12:46:39Z,AU,QLD,False,influencer
0000231cdca2,102298,1,2026-02-07T16:12:22Z,US,NY,False,unknown
0000232bfb2f,100213,1,2025-07-27T00:45:46Z,US,VA,False,meta_ads
0000233196ed,102815,1,2026-03-21T00:54:04Z,US,GA,True,direct
0000233197b4,101261,1,2025-11-24T08:27:34Z,US,VA,True,organic_search
0000233bf476,103549,1,2026-05-19T02:19:09Z,US,NY,True,organic_search
0000233bf53d,101021,1,2025-10-24T15:18:33Z,US,AZ,False,google_ads
0000234651ff,104049,1,2026-06-29T19:43:14Z,US,OR,True,meta_ads
0000234652c6,100646,1,2025-09-18T00:17:54Z,US,TX,False,influencer
00002350af88,100373,1,2025-08-15T10:12:47Z,US,MI,True,google_ads
000023643ce3,102945,1,2026-04-02T10:59:13Z,US,NC,False,referral
00002374362a,100028,1,2025-07-03T18:56:04Z,US,IN,True,meta_ads
0000237e93b3,100431,1,2025-08-22T14:17:38Z,US,FL,False,tiktok_ads
0000237e947a,103921,1,2026-06-19T23:02:08Z,US,OH,True,google_ads
00002388f13c,100883,1,2025-10-11T17:46:55Z,US,MD,True,meta_ads
00002388f203,103309,1,2026-05-02T07:42:43Z,GB,ENG,True,meta_ads
000023934ec5,101574,1,2025-11-29T16:32:47Z,US,TN,False,organic_search
000023a091a8,103648,1,2026-05-27T18:36:35Z,US,TX,True,direct
000023aaef31,103820,1,2026-06-11T16:14:40Z,US,FL,True,influencer
000023b54cba,101917,1,2025-12-27T17:14:44Z,US,MI,True,direct
000023dd9527,102340,1,2026-02-11T02:44:58Z,US,OH,True,meta_ads
000023e330e5,100280,1,2025-08-04T15:47:09Z,US,GA,True,influencer
000023e331ac,103959,1,2026-06-22T00:33:42Z,US,TX,False,organic_search
000023e7f1e9,102486,1,2026-02-23T16:46:02Z,US,FL,True,google_ads
000023e7f2b0,102037,1,2026-01-08T20:42:39Z,US,MO,True,meta_ads
000023ed8e6e,100904,1,2025-10-13T06:40:08Z,US,VA,True,meta_ads
000023ed8f35,103566,1,2026-05-21T12:56:48Z,US,AZ,False,referral
000023f24f72,102348,1,2026-02-12T00:50:41Z,US,NY,True,meta_ads
000023f25039,101279,1,2025-11-24T15:21:52Z,US,CA,True,organic_search
000023f7ebf7,101517,1,2025-11-28T15:37:31Z,US,TN,True,direct
000023f7ecbe,103094,1,2026-04-15T01:32:17Z,US,WA,False,meta_ads
000023fcacfb,103112,1,2026-04-16T15:25:09Z,US,OH,True,referral
000023fcadc2,101317,1,2025-11-25T03:02:12Z,US,CA,True,organic_search
000024024980,101873,1,2025-12-20T04:55:36Z,US,MA,True,influencer
000024024a47,102751,1,2026-03-18T15:09:39Z,US,MN,True,tiktok_ads
000024070a84,103534,1,2026-05-17T16:14:52Z,US,WA,False,referral
000024070b4b,100865,1,2025-10-10T00:25:11Z,CA,BC,True,unknown
0000240ca709,102102,1,2026-01-16T15:07:21Z,US,NH,True,organic_search
000024522ba0,100818,1,2025-10-05T11:18:25Z,US,OH,True,meta_ads
00002456ed6b,101556,1,2025-11-29T12:33:32Z,US,MA,True,influencer
0000245c8929,101326,1,2025-11-25T09:54:26Z,US,MA,False,tiktok_ads
000024614a2d,103159,1,2026-04-19T18:46:02Z,US,TN,False,organic_search
000024614af4,101154,1,2025-11-09T23:02:06Z,US,NC,True,unknown
00002466e6b2,101943,1,2025-12-30T15:19:10Z,US,NY,True,meta_ads
0000246ba7b6,103689,1,2026-05-31T12:19:20Z,US,TN,False,organic_search
0000246ba87d,101065,1,2025-10-28T12:47:49Z,US,NY,False,direct
00002471443b,101958,1,2026-01-02T16:55:50Z,US,VA,True,meta_ads
00002476053f,103942,1,2026-06-21T10:47:15Z,US,NC,True,meta_ads
000024760606,100311,1,2025-08-08T21:28:46Z,US,AZ,True,unknown
0000247ba1c4,102325,1,2026-02-09T16:17:48Z,US,MA,True,referral
000024a3e96a,100368,1,2025-08-14T21:30:43Z,US,FL,True,referral
000024a3ea31,103906,1,2026-06-18T20:56:21Z,US,WA,False,tiktok_ads
000024ae46f3,100686,1,2025-09-23T08:52:48Z,US,GA,True,meta_ads
000024ae47ba,103331,1,2026-05-03T18:10:45Z,US,IN,False,google_ads
000024b8a543,102963,1,2026-04-03T22:57:34Z,US,CA,False,direct
000024c5e826,101438,1,2025-11-27T01:33:46Z,US,PA,True,direct
000024d044e8,103664,1,2026-05-28T22:56:45Z,US,CA,True,unknown
000024d045af,100781,1,2025-10-01T16:11:31Z,CA,QC,False,organic_search
000024daa271,103963,1,2026-06-22T02:54:22Z,US,OR,True,meta_ads
000024daa338,100401,1,2025-08-18T22:59:35Z,US,NC,False,google_ads
000025088763,103933,1,2026-06-20T22:04:29Z,US,MI,True,organic_search
0000250d4867,102171,1,2026-01-25T15:59:25Z,CA,BC,False,organic_search
00002512e425,100545,1,2025-09-06T20:55:02Z,US,MD,False,direct
00002512e4ec,103493,1,2026-05-14T00:32:09Z,US,WA,True,tiktok_ads
00002517a5f0,101872,1,2025-12-20T01:33:59Z,US,TN,False,google_ads
0000251d41ae,101190,1,2025-11-15T14:52:36Z,US,TX,False,google_ads
0000251d4275,103065,1,2026-04-12T00:46:20Z,US,CO,True,meta_ads
000025279f37,101131,1,2025-11-06T18:36:36Z,US,MI,True,organic_search
000025279ffe,102730,1,2026-03-17T20:20:47Z,CA,AB,True,direct
0000252d3bbc,100221,1,2025-07-27T18:19:50Z,US,TX,True,google_ads
00002531fcc0,101687,1,2025-12-03T07:14:06Z,US,IL,True,organic_search
00002531fd87,102396,1,2026-02-15T10:00:08Z,US,NY,True,organic_search
0000253c5a49,102306,1,2026-02-08T10:37:17Z,US,FL,False,referral
00002577821e,103638,1,2026-05-27T11:27:19Z,US,PA,False,direct
00002581dee0,101545,1,2025-11-29T06:20:26Z,CA,ON,True,referral
00002581dfa7,103193,1,2026-04-22T02:29:27Z,US,TX,True,referral
00002586a0ab,101599,1,2025-11-30T10:54:09Z,US,FL,True,organic_search
0000258c3c69,101124,2,2025-11-06T13:16:26Z,AU,VIC,True,google_ads
0000258c3d30,102927,1,2026-03-31T16:10:37Z,US,PA,True,unknown
00002590fd6d,103472,1,2026-05-12T15:53:53Z,US,OH,False,meta_ads
00002590fe34,100946,1,2025-10-17T15:27:34Z,US,NC,True,referral
0000259699f2,101841,1,2025-12-17T10:09:36Z,US,CA,True,google_ads
000025969ab9,102350,1,2026-02-12T01:08:53Z,US,GA,True,tiktok_ads
0000259b5af6,103822,1,2026-06-12T04:08:09Z,US,VA,False,organic_search
0000259b5bbd,100533,1,2025-09-05T17:57:05Z,US,NY,False,google_ads
000025a0f77b,102353,1,2026-02-12T06:42:48Z,US,IN,False,unknown
000025a0f842,102136,1,2026-01-20T16:54:13Z,US,AZ,True,influencer
000025a5b87f,102499,1,2026-02-25T19:42:15Z,US,NY,True,meta_ads
000025a5b946,100240,1,2025-07-30T01:34:28Z,US,CA,False,direct
000025ab5504,102667,1,2026-03-15T00:58:34Z,US,TX,True,tiktok_ads
000025f59b66,101057,1,2025-10-27T18:00:06Z,US,MD,True,meta_ads
000025fb3724,101941,1,2025-12-30T11:05:56Z,CA,QC,False,organic_search
000025fff8ef,100692,1,2025-09-23T16:03:49Z,US,CA,False,meta_ads
0000260594ad,102524,1,2026-02-27T14:36:50Z,US,NY,False,referral
0000260a55b1,103633,1,2026-05-27T01:17:49Z,US,NY,True,google_ads
0000260a5678,100017,1,2025-07-02T01:01:11Z,US,MA,False,unknown
0000260ff236,102568,1,2026-03-03T21:01:32Z,US,NY,True,meta_ads
0000261a4fbf,102955,1,2026-04-03T14:16:44Z,CA,ON,False,google_ads
00002624ad48,103404,1,2026-05-07T18:07:16Z,US,OR,True,organic_search
000026383aa3,103901,1,2026-06-18T03:41:37Z,US,TX,True,referral
000026429765,101042,1,2025-10-26T14:00:18Z,US,NY,False,direct
00002642982c,103304,1,2026-05-01T18:19:49Z,US,MI,True,meta_ads
0000264cf4ee,101561,1,2025-11-29T13:42:43Z,US,NC,True,unknown
0000264cf5b5,103278,1,2026-04-28T19:14:38Z,US,PA,False,organic_search
000026575277,101802,1,2025-12-13T18:07:01Z,US,CA,False,direct
00002657533e,102602,1,2026-03-09T13:07:06Z,US,FL,True,unknown
0000265ceefc,100338,1,2025-08-11T17:42:07Z,US,CA,False,influencer
00002661b000,102119,1,2026-01-19T00:17:17Z,US,FL,False,direct
00002661b0c7,102173,1,2026-01-26T01:11:12Z,AU,WA,False,meta_ads
000026674c85,100753,1,2025-09-30T01:11:34Z,US,TX,True,unknown
0000266c0d89,102550,1,2026-03-01T13:16:51Z,US,TX,True,meta_ads
0000266ef3aa,100133,1,2025-07-16T20:24:18Z,US,DE,True,referral
000026a7355e,103461,1,2026-05-11T11:03:20Z,US,CA,True,meta_ads
000026b192e7,103035,1,2026-04-09T18:48:18Z,US,CA,True,tiktok_ads
000026b653eb,101156,1,2025-11-10T02:21:36Z,US,NY,True,direct
000026bbefa9,101945,1,2025-12-30T20:02:45Z,CA,AB,False,meta_ads
000026bbf070,102565,1,2026-03-03T11:57:36Z,US,MN,True,direct
000026c0b174,100378,1,2025-08-16T00:30:58Z,US,MI,True,meta_ads
000026c18c2e,100414,1,2025-08-19T18:25:15Z,US,CO,False,unknown
000026c64d32,102010,1,2026-01-06T11:01:21Z,CA,AB,True,meta_ads
000026c64df9,102128,1,2026-01-19T16:45:28Z,US,GA,True,organic_search
000026cb0efd,100372,1,2025-08-15T06:22:37Z,CA,AB,True,google_ads
000026cbe9b7,100735,1,2025-09-28T01:03:07Z,US,OH,True,google_ads
000026d0aabb,102584,1,2026-03-06T21:40:25Z,US,OR,True,direct
000026d0ab82,101729,1,2025-12-06T20:05:02Z,CA,AB,True,organic_search
000026d64740,101468,1,2025-11-27T15:49:22Z,US,CO,False,google_ads
000026db0844,103157,1,2026-04-19T12:55:28Z,GB,ENG,True,meta_ads
000026db090b,101560,1,2025-11-29T13:30:56Z,US,TX,False,meta_ads
000026e565cd,103359,1,2026-05-05T07:53:33Z,US,GA,True,organic_search
000027208da2,102719,1,2026-03-17T09:11:53Z,US,CO,True,referral
0000272aea64,101996,1,2026-01-05T02:26:01Z,US,NY,True,influencer
0000272aeb2b,102190,1,2026-01-27T22:43:54Z,US,FL,True,organic_search
0000272fac2f,100403,1,2025-08-19T01:23:01Z,GB,WLS,False,meta_ads
0000273547ed,102755,1,2026-03-18T17:11:44Z,US,IN,False,meta_ads
0000273548b4,101851,1,2025-12-18T02:32:36Z,US,PA,True,google_ads
0000273fa576,103087,1,2026-04-14T12:48:22Z,US,TX,False,meta_ads
0000273fa63d,101593,1,2025-11-30T08:57:41Z,CA,ON,True,meta_ads
0000274a02ff,103558,1,2026-05-19T22:36:28Z,US,NJ,True,organic_search
0000274a03c6,100831,1,2025-10-07T07:29:36Z,US,NC,True,referral
000027546088,103905,1,2026-06-18T15:54:42Z,US,FL,False,meta_ads
00002767ede3,103482,1,2026-05-13T10:24:40Z,US,NC,False,organic_search
000027724b6c,103170,1,2026-04-20T16:08:25Z,CA,ON,False,google_ads
0000278244b3,100222,1,2025-07-27T18:31:27Z,US,IL,True,influencer
00002782457a,101241,1,2025-11-23T20:08:54Z,US,FL,True,influencer
0000278ca23c,100665,1,2025-09-19T20:46:56Z,US,WA,True,meta_ads
0000278ca303,104029,1,2026-06-27T14:43:19Z,US,CA,True,tiktok_ads
00002796ffc5,100772,1,2025-10-01T11:50:02Z,US,TX,False,unknown
000027a442a8,103033,1,2026-04-09T17:51:51Z,US,FL,False,influencer
000027aea031,103370,1,2026-05-05T22:13:12Z,US,NJ,False,tiktok_ads
000027b8fdba,103775,1,2026-06-08T08:33:29Z,US,OR,True,organic_search
000027c35b43,100785,1,2025-10-02T00:49:14Z,US,TN,True,direct
000027e14627,102745,1,2026-03-18T11:12:40Z,CA,BC,True,google_ads
000027e6e1e5,100046,1,2025-07-06T15:15:11Z,US,IL,True,meta_ads
000027e6e2ac,101638,1,2025-12-01T01:02:29Z,US,NJ,True,influencer
000027eba2e9,102016,1,2026-01-07T02:55:04Z,AU,NSW,True,meta_ads
000027eba3b0,102399,1,2026-02-15T13:52:20Z,US,FL,True,direct
000027f13f6e,100721,1,2025-09-26T11:02:42Z,GB,SCT,False,unknown
000027f14035,103843,1,2026-06-13T16:07:44Z,US,OR,True,organic_search
000027f60072,102249,1,2026-02-03T05:04:09Z,US,MO,False,referral
000027f60139,101861,1,2025-12-18T23:51:06Z,US,CA,True,google_ads
000027fb9cf7,100902,1,2025-10-13T01:24:04Z,US,TX,True,meta_ads
000027fb9dbe,103355,1,2026-05-05T00:34:40Z,US,NJ,False,referral
000028005ec2,101464,1,2025-11-27T15:18:41Z,US,NY,True,organic_search
00002805fa80,101376,1,2025-11-25T23:15:17Z,US,CA,True,direct
0000280abb84,103296,1,2026-04-30T20:47:41Z,US,VA,False,meta_ads
0000280abc4b,101265,1,2025-11-24T11:00:08Z,US,MI,False,meta_ads
00002815190d,103623,1,2026-05-26T08:11:59Z,US,CA,True,google_ads
0000285040e2,102483,1,2026-02-23T13:58:33Z,US,CA,False,influencer
00002855dca0,100742,1,2025-09-28T20:11:58Z,US,VA,True,unknown
0000285a9e6b,101711,1,2025-12-04T23:21:24Z,US,NY,False,meta_ads
0000285f5f6f,100038,1,2025-07-04T22:37:05Z,US,TN,True,google_ads
000028603a29,101025,1,2025-10-25T11:16:59Z,GB,ENG,True,meta_ads
00002864fb2d,102852,1,2026-03-22T17:17:08Z,US,WI,False,meta_ads
00002864fbf4,101453,1,2025-11-27T12:58:48Z,GB,SCT,False,meta_ads
0000286a97b2,101184,1,2025-11-15T00:32:18Z,US,OH,False,google_ads
0000286f58b6,103247,1,2026-04-26T14:24:34Z,AU,WA,True,unknown
0000286f597d,101322,1,2025-11-25T06:19:38Z,US,WA,True,unknown
00002874f53b,101677,1,2025-12-02T04:01:17Z,US,VA,True,google_ads
00002879b63f,103560,1,2026-05-20T02:33:11Z,US,TN,True,meta_ads
00002879b706,100715,1,2025-09-25T15:59:34Z,US,TX,True,organic_search
0000287f52c4,102080,1,2026-01-12T13:43:22Z,US,TX,True,organic_search
0000288413c8,104000,1,2026-06-25T03:21:14Z,US,WA,False,referral
000028b1f7f3,100458,1,2025-08-26T15:55:50Z,US,VA,True,meta_ads
000028b1f8ba,103765,1,2026-06-07T15:52:11Z,CA,AB,False,influencer
000028bc557c,100682,1,2025-09-22T03:09:20Z,US,OH,False,unknown
000028bc5643,103433,1,2026-05-09T15:48:50Z,US,CA,False,meta_ads
000028c6b305,101255,1,2025-11-24T03:53:35Z,US,FL,True,direct
000028c99926,101460,1,2025-11-27T14:45:31Z,CA,QC,True,referral
000028d3f5e8,102605,1,2026-03-09T19:42:47Z,US,TX,True,meta_ads
000028d3f6af,101191,1,2025-11-15T16:24:26Z,CA,BC,True,google_ads
000028de5371,103679,1,2026-05-30T01:04:41Z,US,WA,True,direct
000028de5438,100727,1,2025-09-26T22:48:02Z,US,TN,False,unknown
000028e8b0fa,103973,1,2026-06-23T00:06:47Z,US,TX,False,direct
000028e8b1c1,100443,1,2025-08-24T10:46:00Z,US,CA,True,organic_search
00002910f967,102304,1,2026-02-08T08:07:08Z,US,MA,False,google_ads
000029169525,100484,1,2025-08-31T13:13:36Z,US,NY,False,influencer
0000291695ec,104052,1,2026-06-30T01:31:53Z,US,TX,True,influencer
0000291b56f0,102040,1,2026-01-09T00:10:18Z,AU,NSW,True,organic_search
00002920f2ae,100832,1,2025-10-07T08:47:10Z,US,FL,True,referral
00002920f375,103609,1,2026-05-25T09:23:36Z,US,IN,False,organic_search
00002925b479,101791,1,2025-12-12T20:51:49Z,GB,ENG,False,meta_ads
0000292b5037,101229,1,2025-11-22T08:37:37Z,US,CA,True,direct
0000292b50fe,103043,1,2026-04-10T11:47:10Z,US,NJ,True,meta_ads
00002935adc0,101485,1,2025-11-27T21:40:13Z,US,WA,False,meta_ads
000029400b49,101714,1,2025-12-05T08:32:14Z,US,MI,True,meta_ads
0000297b331e,103952,1,2026-06-21T18:42:52Z,US,CA,True,meta_ads
0000297ff422,101972,1,2026-01-03T14:15:14Z,US,IL,True,referral
000029858fe0,100875,1,2025-10-10T16:57:35Z,US,MD,True,referral
0000298590a7,103476,1,2026-05-12T23:52:08Z,CA,BC,False,google_ads
0000298a51ab,101748,1,2025-12-09T00:24:48Z,US,WI,False,organic_search
0000298fed69,101576,1,2025-11-29T19:49:49Z,US,IL,True,meta_ads
0000298fee30,103249,1,2026-04-26T15:48:37Z,US,MO,True,meta_ads
00002994ae6d,103219,1,2026-04-23T15:33:02Z,US,VA,False,tiktok_ads
00002994af34,101436,1,2025-11-27T01:18:54Z,US,MO,False,organic_search
0000299a4af2,101482,1,2025-11-27T20:58:06Z,US,IL,True,google_ads
0000299a4bb9,102785,1,2026-03-19T23:16:29Z,US,IL,True,tiktok_ads
0000299f0bf6,103409,1,2026-05-08T08:25:50Z,CA,ON,True,organic_search
0000299f0cbd,100929,1,2025-10-15T15:16:50Z,US,MD,False,organic_search
000029a4a87b,102034,1,2026-01-08T15:54:05Z,US,CA,True,influencer
000029a4a942,102461,1,2026-02-21T17:29:31Z,US,IN,False,influencer
000029a9697f,103903,1,2026-06-18T05:12:47Z,US,NY,False,google_ads
000029a96a46,100298,1,2025-08-07T00:56:03Z,US,IL,True,tiktok_ads
000029af0604,102295,1,2026-02-07T10:57:33Z,US,NY,False,direct
000029b3c7cf,100204,1,2025-07-26T13:24:05Z,US,OH,True,organic_search
000029d74e71,100389,1,2025-08-17T13:41:35Z,AU,VIC,True,organic_search
000029f94c66,101137,1,2025-11-08T05:57:26Z,CA,BC,True,organic_search
00002a03a928,103587,1,2026-05-23T12:55:08Z,US,FL,True,organic_search
00002a03a9ef,101039,1,2025-10-26T11:48:07Z,US,TX,False,meta_ads
00002a0945ad,102184,1,2026-01-26T21:23:16Z,US,VA,False,organic_search
00002a0e06b1,103819,1,2026-06-11T14:33:08Z,US,TX,True,direct
00002a0e0778,100465,1,2025-08-27T15:50:28Z,US,NY,False,influencer
00002a13a336,102529,1,2026-02-28T00:55:35Z,US,MA,True,influencer
00002a186501,100150,1,2025-07-19T10:15:19Z,US,TN,True,tiktok_ads
00002a1e00bf,102566,1,2026-03-03T13:49:57Z,US,OH,True,direct
00002a285e48,103288,1,2026-04-29T21:01:40Z,US,MO,False,meta_ads
00002a3beba3,101903,1,2025-12-24T11:25:10Z,CA,QC,True,meta_ads
00002a464865,100555,1,2025-09-07T09:15:41Z,US,MA,False,direct
00002a46492c,103688,1,2026-05-31T11:03:53Z,CA,AB,False,google_ads
00002a50a5ee,100867,1,2025-10-10T01:27:40Z,US,FL,False,tiktok_ads
00002a50a6b5,103468,1,2026-05-12T07:37:40Z,US,CA,True,meta_ads
00002a5b0377,101529,1,2025-11-28T20:58:53Z,US,WA,True,google_ads
00002a5b043e,102728,1,2026-03-17T16:14:00Z,US,NY,True,google_ads
00002a656100,101878,1,2025-12-20T17:27:29Z,CA,AB,False,influencer
00002a6561c7,102427,1,2026-02-18T15:31:53Z,CA,BC,True,meta_ads
00002a6fbe89,102011,1,2026-01-06T11:39:14Z,AU,WA,True,direct
00002a72a4aa,100296,1,2025-08-06T16:33:32Z,US,MN,True,google_ads
00002a7d0233,100118,1,2025-07-14T16:22:57Z,US,WA,True,meta_ads
00002aaae65e,103875,1,2026-06-16T00:42:29Z,US,AZ,True,tiktok_ads
00002ab54320,101003,1,2025-10-22T23:56:54Z,US,NC,False,tiktok_ads
00002ab543e7,103574,1,2026-05-22T12:03:08Z,US,WA,True,referral
00002aba04eb,101091,1,2025-11-02T01:20:09Z,US,TN,True,organic_search
00002abfa0a9,101587,1,2025-11-30T00:46:15Z,US,FL,True,google_ads
00002abfa170,102646,1,2026-03-14T02:57:43Z,US,CA,True,meta_ads
00002ac46274,101048,1,2025-10-27T07:11:00Z,US,NY,True,meta_ads
00002ac9fe32,101668,1,2025-12-01T20:12:53Z,US,CA,False,meta_ads
00002ac9fef9,102305,1,2026-02-08T10:27:42Z,US,WA,True,google_ads
00002acebffd,100745,1,2025-09-29T12:54:51Z,US,CO,False,organic_search
00002acf9ab7,100386,1,2025-08-17T00:30:02Z,US,CA,False,organic_search
00002ad45bbb,102085,1,2026-01-13T20:06:44Z,US,MA,False,meta_ads
00002ad45c82,102167,1,2026-01-25T01:49:56Z,US,AZ,True,meta_ads
00002ad91d86,100001,1,2025-05-28T00:21:09Z,US,CA,True,meta_ads
00002ad9f840,100915,1,2025-10-14T01:22:44Z,CA,AB,True,google_ads
00002adeb944,102675,1,2026-03-15T14:51:29Z,US,CO,True,unknown
00002ae916cd,102946,1,2026-04-02T13:55:03Z,US,CA,True,organic_search
00002b243ea2,102714,1,2026-03-17T02:53:16Z,GB,SCT,True,organic_search
00002b28ffa6,101020,1,2025-10-24T15:07:17Z,US,MN,False,meta_ads
00002b2e9b64,101670,1,2025-12-01T20:41:41Z,US,FL,False,unknown
00002b2e9c2b,102300,1,2026-02-07T21:29:00Z,US,TX,True,referral
00002b335d2f,100650,1,2025-09-18T03:41:15Z,US,TX,True,organic_search
00002b38f8ed,102440,1,2026-02-20T02:06:50Z,US,NY,True,meta_ads
00002b38f9b4,102154,1,2026-01-24T00:05:17Z,US,IN,False,meta_ads
00002b3db9f1,102786,1,2026-03-19T23:25:35Z,US,MA,True,influencer
00002b3dbab8,100131,1,2025-07-16T14:51:29Z,US,NY,True,google_ads
00002b435676,102802,1,2026-03-20T15:42:06Z,US,OH,False,organic_search
00002b43573d,101740,1,2025-12-07T20:22:28Z,US,NH,True,meta_ads
00002b4db3ff,103235,1,2026-04-25T09:52:41Z,US,NY,False,meta_ads
00002b4db4c6,101113,1,2025-11-05T01:01:11Z,CA,BC,True,influencer
00002b581188,103078,1,2026-04-13T11:14:42Z,US,NC,True,organic_search
00002b6b9ee3,103788,1,2026-06-09T15:20:10Z,US,TX,True,influencer
00002b75fc6c,103479,1,2026-05-13T02:56:17Z,GB,ENG,False,google_ads
00002b8059f5,102971,1,2026-04-04T14:00:33Z,US,IL,False,tiktok_ads
00002b8ab77e,102657,1,2026-03-14T17:45:14Z,US,IL,True,direct
00002b90533c,100084,1,2025-07-10T21:57:25Z,US,VA,False,google_ads
00002b9ab0c5,100567,1,2025-09-08T20:30:14Z,US,IL,True,google_ads
00002ba257ea,100189,1,2025-07-23T15:49:53Z,US,PA,True,influencer
00002bbcaeba,103363,1,2026-05-05T13:03:25Z,US,PA,False,tiktok_ads
00002bc70c43,103984,1,2026-06-24T00:19:25Z,US,GA,True,organic_search
00002bda999e,103597,1,2026-05-24T09:44:37Z,US,MI,True,meta_ads
00002be4f727,103188,1,2026-04-21T21:23:07Z,US,FL,False,organic_search
00002bef53e9,101884,1,2025-12-21T13:10:28Z,US,IL,True,unknown
00002bef54b0,102735,1,2026-03-18T00:03:47Z,US,NH,True,direct
00002bf4f135,101719,1,2025-12-05T22:00:02Z,US,NJ,True,meta_ads
00002bf9b172,102014,1,2026-01-06T22:52:32Z,AU,NSW,True,organic_search
00002bf9b239,102442,1,2026-02-20T03:42:28Z,AU,QLD,True,organic_search
00002bff4df7,100519,1,2025-09-04T00:35:33Z,US,OH,True,meta_ads
00002bff4ebe,104064,1,2026-06-30T15:34:52Z,US,CO,True,meta_ads
00002c040efb,102281,1,2026-02-06T11:40:32Z,US,PA,True,organic_search
00002c040fc2,101749,1,2025-12-09T06:49:35Z,US,FL,True,unknown
00002c09ab80,101055,1,2025-10-27T15:00:02Z,US,CA,True,organic_search
00002c0e6c84,102893,1,2026-03-26T14:23:30Z,US,GA,True,meta_ads
00002c18ca0d,103522,1,2026-05-16T19:59:33Z,AU,WA,False,influencer
00002c53f1e2,102717,1,2026-03-17T03:36:33Z,US,FL,True,organic_search
00002c5e4ea4,101977,1,2026-01-03T20:04:23Z,US,MA,False,organic_search
00002c5e4f6b,102480,1,2026-02-23T11:32:34Z,US,NJ,True,tiktok_ads
00002c63106f,100415,1,2025-08-19T21:08:32Z,US,GA,True,organic_search
00002c63eb29,100675,1,2025-09-21T01:36:56Z,US,NY,True,meta_ads
00002c68acf4,101855,1,2025-12-18T18:21:10Z,US,FL,True,direct
00002c6e48b2,100980,1,2025-10-20T15:39:08Z,AU,VIC,True,organic_search
00002c7309b6,102726,1,2026-03-17T15:30:30Z,US,AZ,False,organic_search
00002c730a7d,101244,1,2025-11-24T00:50:35Z,US,OH,True,organic_search
00002c78a63b,101426,1,2025-11-26T21:45:24Z,US,NC,False,direct
00002c7d673f,103579,1,2026-05-22T22:23:48Z,US,TX,True,referral
00002c7d6806,100959,1,2025-10-19T02:52:38Z,US,WA,True,meta_ads
00002c8303c4,101826,1,2025-12-16T11:47:37Z,US,CA,True,organic_search
00002c87c4c8,103745,1,2026-06-05T13:20:09Z,US,IN,False,google_ads
00002cb5a8f3,100101,1,2025-07-12T16:11:00Z,US,NC,False,organic_search
00002cc0067c,100369,2,2025-08-15T02:40:14Z,US,CA,False,meta_ads
00002cc00743,103893,1,2026-06-17T04:46:14Z,GB,ENG,True,unknown
00002cca6405,100816,1,2025-10-05T03:20:29Z,US,GA,False,direct
00002ccd4a26,101833,1,2025-12-16T17:34:26Z,US,IN,False,organic_search
00002cd7a6e8,102805,1,2026-03-20T18:09:16Z,CA,QC,True,organic_search
00002cd7a7af,101448,1,2025-11-27T11:20:31Z,US,FL,False,referral
00002ce20471,103377,1,2026-05-06T10:46:49Z,US,GA,True,meta_ads
00002ce20538,100786,1,2025-10-02T02:27:51Z,US,CA,True,google_ads
00002cec61fa,104013,1,2026-06-26T05:24:40Z,CA,QC,True,meta_ads
00002cec62c1,100538,1,2025-09-06T11:16:58Z,US,VA,True,google_ads
00002cf6bf83,102519,1,2026-02-27T11:50:06Z,US,NC,True,referral
00002cf6c04a,100140,1,2025-07-17T16:36:29Z,US,PA,True,referral
00002d14aa67,102891,1,2026-03-26T13:57:49Z,US,IL,False,influencer
00002d1a4625,100029,1,2025-07-03T19:17:05Z,CA,AB,True,influencer
00002d1f07f0,102533,2,2026-02-28T09:18:58Z,US,CA,True,meta_ads
00002d24a3ae,100396,2,2025-08-18T11:11:52Z,US,TX,False,tiktok_ads
00002d24a475,103974,1,2026-06-23T00:58:59Z,US,VA,True,meta_ads
00002d296579,102201,1,2026-01-29T13:48:10Z,US,MD,False,meta_ads
00002d2f0137,101007,1,2025-10-23T13:51:50Z,US,AZ,True,tiktok_ads
00002d2f01fe,103414,1,2026-05-08T13:33:19Z,US,MO,True,meta_ads
00002d33c302,101628,1,2025-11-30T21:38:48Z,US,WA,True,meta_ads
00002d395ec0,101544,1,2025-11-29T05:47:10Z,US,WA,False,google_ads
00002d3e208b,101094,1,2025-11-02T15:05:04Z,US,OR,True,influencer
00002d83a522,102344,1,2026-02-11T22:41:11Z,US,MA,True,organic_search
00002d8940e0,100254,1,2025-08-01T00:09:15Z,US,MI,False,tiktok_ads
00002d8941a7,103863,1,2026-06-15T00:04:03Z,US,NY,True,meta_ads
00002d8e01e4,102267,1,2026-02-04T19:54:34Z,US,IL,False,google_ads
00002d8e02ab,102048,1,2026-01-09T17:11:06Z,US,CA,True,direct
00002d939e69,100843,1,2025-10-08T01:48:57Z,US,CA,True,organic_search
00002d939f30,103417,1,2026-05-08T15:06:54Z,US,PA,True,organic_search
00002d985f6d,102596,1,2026-03-08T12:04:29Z,US,CO,True,direct
00002d986034,101632,1,2025-11-30T22:53:37Z,CA,BC,True,meta_ads
00002d9dfbf2,101575,1,2025-11-29T17:01:07Z,US,TX,False,meta_ads
00002d9dfcb9,103122,1,2026-04-17T00:06:57Z,US,MI,True,influencer
00002da2bcf6,103237,1,2026-04-25T12:41:26Z,US,IL,True,direct
00002da2bdbd,101307,1,2025-11-25T01:16:59Z,CA,QC,True,tiktok_ads
00002da8597b,101751,1,2025-12-09T09:54:07Z,US,CO,True,direct
00002da85a42,102756,1,2026-03-18T19:55:12Z,US,CA,True,organic_search
00002dad1a7f,103598,1,2026-05-24T11:25:04Z,CA,AB,False,meta_ads
00002dad1b46,100888,1,2025-10-12T01:43:45Z,US,CA,False,tiktok_ads
00002db2b704,102197,1,2026-01-28T22:04:33Z,US,WA,True,meta_ads
00002db77808,103869,1,2026-06-15T09:59:27Z,US,NC,True,meta_ads
00002de55cfa,104062,1,2026-06-30T14:13:46Z,US,NC,True,influencer
00002dfcfd66,101497,1,2025-11-28T04:12:33Z,US,PA,False,meta_ads
00002e075a28,103194,1,2026-04-22T03:52:34Z,US,NY,True,unknown
00002e075aef,101331,1,2025-11-25T11:12:52Z,US,PA,True,meta_ads
00002e11b7b1,103631,1,2026-05-26T21:56:27Z,US,WA,False,meta_ads
00002e11b878,101058,1,2025-10-27T21:06:13Z,US,NH,True,meta_ads
00002e175436,102140,1,2026-01-21T12:04:33Z,US,NY,False,meta_ads
00002e1c153a,104023,1,2026-06-27T04:22:55Z,US,MA,False,influencer
00002e1c1601,100435,1,2025-08-23T14:56:20Z,US,WI,True,influencer
00002e21b1bf,102364,1,2026-02-13T10:31:41Z,US,NY,True,referral
00002e2c0f48,102923,1,2026-03-30T23:33:30Z,US,GA,False,tiktok_ads
00002e49f965,100455,1,2025-08-26T11:25:49Z,US,OR,False,meta_ads
00002e49fa2c,103970,1,2026-06-22T18:14:39Z,US,GA,False,organic_search
00002e5456ee,100516,1,2025-09-03T19:30:03Z,US,CA,True,unknown
00002e5457b5,103040,1,2026-04-10T01:27:55Z,US,CA,True,referral
00002e5eb477,101590,1,2025-11-30T01:35:30Z,US,FL,True,meta_ads
00002e5eb53e,103173,1,2026-04-20T22:37:01Z,US,TX,True,meta_ads
00002e691200,101490,1,2025-11-28T00:05:28Z,US,CA,True,meta_ads
00002e736f89,101661,1,2025-12-01T14:52:41Z,AU,NSW,True,organic_search
00002e80b26c,103748,1,2026-06-06T03:40:27Z,US,CA,False,meta_ads
00002e80b333,100406,1,2025-08-19T09:34:55Z,US,NY,True,influencer
00002eae975e,103981,1,2026-06-23T20:32:39Z,US,NY,True,direct
00002eb35862,102015,1,2026-01-07T00:16:49Z,US,WI,False,unknown
00002eb8f420,100511,1,2025-09-03T11:08:26Z,US,FL,False,google_ads
00002eb8f4e7,103536,1,2026-05-17T19:50:03Z,GB,SCT,True,meta_ads
00002ebdb5eb,101939,1,2025-12-29T22:31:57Z,US,GA,True,organic_search
00002ec351a9,101226,1,2025-11-21T20:12:21Z,GB,SCT,True,organic_search
00002ec35270,102967,1,2026-04-04T03:33:03Z,US,FL,True,meta_ads
00002ec81374,101368,1,2025-11-25T21:22:52Z,US,GA,True,meta_ads
00002ecdaf32,101301,1,2025-11-24T23:28:50Z,US,TN,True,tiktok_ads
00002ecdaff9,102791,1,2026-03-20T08:45:52Z,US,CA,True,meta_ads
00002ed270fd,100862,1,2025-10-09T16:22:04Z,US,CO,True,google_ads
00002ed34bb7,100114,1,2025-07-14T01:43:35Z,US,OH,True,direct
00002ed80cbb,101766,1,2025-12-10T02:53:59Z,US,CA,True,organic_search
00002ed80d82,102418,1,2026-02-17T12:28:31Z,US,CO,True,google_ads
00002edcce86,100285,1,2025-08-05T14:45:02Z,US,CA,False,meta_ads
00002edda940,100371,1,2025-08-15T03:59:32Z,US,FL,True,meta_ads
00002ee26a44,102257,1,2026-02-03T21:39:27Z,US,CA,True,direct
00002ee72c0f,100068,1,2025-07-08T23:57:08Z,US,NY,True,direct
00002f27efa2,103174,1,2026-04-20T22:40:50Z,US,AZ,False,google_ads
00002f2cb0a6,101372,1,2025-11-25T21:45:45Z,US,NC,True,organic_search
00002f324c64,101223,1,2025-11-21T00:47:13Z,US,AZ,True,unknown
00002f324d2b,102932,1,2026-03-31T20:21:40Z,US,AZ,True,unknown
00002f370d68,103330,1,2026-05-03T11:19:06Z,US,GA,True,influencer
00002f370e2f,100868,1,2025-10-10T04:03:35Z,US,PA,True,google_ads
00002f3ca9ed,101882,1,2025-12-21T06:58:39Z,GB,SCT,False,organic_search
00002f3caab4,102445,1,2026-02-20T12:22:51Z,US,MA,True,meta_ads
00002f416af1,103922,1,2026-06-19T23:55:43Z,US,NC,True,organic_search
00002f416bb8,100706,1,2025-09-24T23:54:03Z,AU,WA,False,organic_search
00002f470776,102374,1,2026-02-13T23:13:32Z,US,OH,True,organic_search
00002f47083d,102100,1,2026-01-16T07:58:57Z,US,NC,True,google_ads
00002f4bc87a,103402,1,2026-05-07T14:07:05Z,US,PA,True,organic_search
00002f4bc941,100203,1,2025-07-26T03:13:49Z,US,MI,True,unknown
00002f5164ff,102740,1,2026-03-18T08:28:32Z,US,AZ,False,direct
00002f5165c6,101421,1,2025-11-26T20:07:03Z,CA,BC,True,meta_ads
00002f5bc288,103009,1,2026-04-07T20:52:39Z,US,NC,True,tiktok_ads
00002f6f4fe3,102450,1,2026-02-21T00:58:47Z,US,MI,True,direct
00002f79ad6c,103993,1,2026-06-24T11:27:37Z,US,FL,True,organic_search
00002f840af5,103437,1,2026-05-09T23:53:37Z,US,MA,True,meta_ads
00002f8e687e,103279,1,2026-04-28T22:03:51Z,US,FL,False,meta_ads
00002f98c607,102894,1,2026-03-26T23:01:00Z,GB,ENG,False,meta_ads
00002fa608ea,100605,1,2025-09-13T14:51:15Z,US,NC,False,tiktok_ads
00002fb065ac,101879,1,2025-12-20T17:28:53Z,US,NY,True,google_ads
00002fb06673,100224,1,2025-07-27T20:25:23Z,US,MI,True,meta_ads
00002fcabd43,103323,1,2026-05-02T23:46:05Z,US,OH,True,influencer
00002fd51acc,103990,1,2026-06-24T09:48:33Z,US,MN,True,organic_search
00002fde4a9e,103856,1,2026-06-14T14:55:28Z,US,IL,False,organic_search
00002fe8a760,100898,1,2025-10-12T23:17:14Z,US,IL,True,meta_ads
00002fe8a827,103496,1,2026-05-14T02:20:36Z,US,IL,False,influencer
00002ff304e9,101455,1,2025-11-27T13:10:48Z,US,VA,True,meta_ads
00002ff305b0,103180,1,2026-04-21T10:17:07Z,US,FL,False,organic_search
00002ffd6272,101655,1,2025-12-01T13:08:57Z,US,VA,True,unknown
00002ffd6339,102723,1,2026-03-17T13:52:37Z,US,NC,True,google_ads
00003002fef7,100487,1,2025-08-31T20:55:10Z,US,IN,True,referral
00003002ffbe,104067,1,2026-06-30T21:00:02Z,US,CA,True,tiktok_ads
00003007bffb,102094,1,2026-01-15T18:00:15Z,US,DE,False,direct
00003007c0c2,102114,1,2026-01-18T12:45:08Z,CA,QC,True,meta_ads
0000300d5c80,100734,1,2025-09-27T21:51:10Z,US,WA,True,direct
000030121d84,102660,1,2026-03-14T19:28:44Z,US,CA,True,direct
00003057a2e2,103093,1,2026-04-14T23:57:57Z,US,IL,False,google_ads
0000305c63e6,101160,1,2025-11-10T11:20:54Z,CA,QC,True,unknown
00003061ffa4,101909,1,2025-12-25T16:33:32Z,US,TX,True,direct
00003062006b,102803,1,2026-03-20T16:39:46Z,US,AZ,True,influencer
00003066c16f,100601,1,2025-09-12T20:53:07Z,US,AZ,True,meta_ads
0000306c5d2d,101971,1,2026-01-03T10:56:44Z,US,WA,False,direct
0000306c5df4,102170,1,2026-01-25T12:26:44Z,US,WA,True,meta_ads
000030711ef8,100319,1,2025-08-10T11:54:00Z,US,GA,True,organic_search
00003076bab6,102649,1,2026-03-14T11:04:46Z,CA,BC,True,influencer
00003076bb7d,101842,1,2025-12-17T13:00:01Z,CA,QC,True,google_ads
0000307c573b,101572,1,2025-11-29T16:14:05Z,US,CA,True,meta_ads
00003081183f,102952,1,2026-04-03T00:49:19Z,US,OR,False,meta_ads
000030811906,101518,1,2025-11-28T15:57:38Z,US,CA,True,unknown
00003086b4c4,101548,1,2025-11-29T08:56:11Z,US,MI,False,meta_ads
0000308b75c8,103423,1,2026-05-09T01:51:58Z,US,AZ,True,meta_ads
000030c3b77c,100093,1,2025-07-11T21:14:14Z,US,CA,True,meta_ads
000030ce1505,100596,1,2025-09-12T10:41:27Z,US,AZ,True,influencer
000030d5bc2a,100345,1,2025-08-12T10:04:14Z,US,FL,True,organic_search
000030db57e8,102766,1,2026-03-19T00:54:40Z,US,MD,True,referral
000030db58af,101798,1,2025-12-13T07:32:46Z,CA,ON,True,meta_ads
000030e5b571,103001,1,2026-04-07T10:35:55Z,US,TX,True,google_ads
000030e5b638,101515,1,2025-11-28T14:01:40Z,US,PA,True,organic_search
000030f012fa,103445,1,2026-05-10T12:52:43Z,US,FL,False,organic_search
000030f013c1,100808,1,2025-10-04T15:42:55Z,US,CA,True,influencer
000030fa7083,103834,1,2026-06-12T19:55:57Z,US,MA,False,google_ads
00003104ce0c,100754,1,2025-09-30T01:37:21Z,US,MA,True,influencer
0000310dfdde,103395,1,2026-05-07T03:02:43Z,GB,WLS,False,unknown
000031185b67,102980,1,2026-04-05T05:52:48Z,US,TX,False,meta_ads
00003122b8f0,102563,1,2026-03-03T09:22:33Z,US,CO,True,google_ads
0000312854ae,100136,1,2025-07-17T10:25:39Z,US,NJ,True,unknown
000031285575,101465,1,2025-11-27T15:35:16Z,US,MO,True,unknown
0000312d1679,102334,1,2026-02-10T05:36:36Z,AU,VIC,True,meta_ads
00003132b237,100531,1,2025-09-05T01:39:24Z,GB,WLS,True,meta_ads
00003132b2fe,103939,1,2026-06-21T02:58:21Z,US,CA,True,meta_ads
000031377402,101832,1,2025-12-16T17:24:46Z,US,CA,True,organic_search
0000313d0fc0,100790,1,2025-10-02T15:58:49Z,US,IN,True,google_ads
000031875622,102612,1,2026-03-11T05:38:46Z,US,TX,True,meta_ads
0000318cf1e0,100130,1,2025-07-16T13:32:02Z,US,CA,False,meta_ads
0000318cf2a7,100336,1,2025-08-11T14:29:12Z,CA,QC,True,meta_ads
00003191b2e4,102179,1,2026-01-26T12:08:39Z,US,CA,True,meta_ads
00003191b3ab,102225,1,2026-02-01T00:56:17Z,US,TX,True,tiktok_ads
000031974f69,100629,1,2025-09-16T12:56:32Z,US,MI,True,meta_ads
000031975030,103793,1,2026-06-10T00:12:08Z,US,CA,False,meta_ads
0000319c106d,102434,1,2026-02-19T06:20:58Z,US,NJ,True,google_ads
0000319c1134,101759,1,2025-12-09T16:40:08Z,GB,WLS,False,meta_ads
000031a1acf2,100839,1,2025-10-07T21:20:22Z,US,TN,False,referral
000031a1adb9,103480,1,2026-05-13T06:38:47Z,US,PA,False,organic_search
000031a66df6,102928,1,2026-03-31T17:14:43Z,US,IN,True,meta_ads
000031a66ebd,101335,1,2025-11-25T12:20:25Z,US,FL,True,meta_ads
000031ac0a7b,101132,1,2025-11-06T18:38:51Z,US,TX,True,direct
000031ac0b42,103081,1,2026-04-13T22:28:22Z,US,IL,False,meta_ads
000031b0cb7f,103039,1,2026-04-10T01:03:29Z,US,OR,True,organic_search
000031b0cc46,101382,1,2025-11-26T01:30:31Z,US,TX,True,google_ads
000031b66804,101897,1,2025-12-23T11:08:08Z,CA,ON,True,meta_ads
000031bb2908,103656,1,2026-05-28T10:47:31Z,US,TN,True,organic_search
00003200ae66,101935,1,2025-12-29T16:55:10Z,GB,ENG,False,referral
000032056f6a,100157,1,2025-07-19T18:53:38Z,US,PA,False,meta_ads
0000320b0b28,102636,1,2026-03-13T18:00:54Z,US,MO,False,organic_search
0000320b0bef,101579,1,2025-11-29T21:34:33Z,AU,VIC,False,tiktok_ads
0000321568b1,103292,1,2026-04-30T05:38:36Z,US,CA,True,meta_ads
000032156978,101309,1,2025-11-25T01:44:28Z,US,MO,False,meta_ads
0000321fc63a,103498,1,2026-05-14T09:59:46Z,US,FL,False,unknown
0000321fc701,100681,1,2025-09-22T02:20:41Z,CA,QC,True,unknown
0000322a23c3,103985,1,2026-06-24T00:44:32Z,US,CA,False,meta_ads
0000322a248a,100436,1,2025-08-23T15:36:30Z,US,GA,True,google_ads
0000325807ee,100409,1,2025-08-19T15:36:02Z,US,GA,False,organic_search
0000325808b5,103844,1,2026-06-13T17:26:37Z,GB,ENG,True,influencer
000032626577,100989,1,2025-10-21T09:32:43Z,US,MO,True,meta_ads
00003262663e,103329,1,2026-05-03T04:58:50Z,GB,ENG,True,influencer
0000326cc300,101340,1,2025-11-25T13:27:08Z,GB,SCT,False,influencer
0000327a05e3,102981,1,2026-04-05T12:01:48Z,US,MN,False,unknown
00003284636c,103311,1,2026-05-02T10:57:50Z,US,OH,False,meta_ads
0000328ec0f5,103857,1,2026-06-14T17:20:20Z,CA,AB,True,organic_search
0000328ec1bc,100348,1,2025-08-12T13:21:30Z,US,CA,True,google_ads
000032b70962,102327,1,2026-02-09T17:54:38Z,US,FL,True,meta_ads
000032bca520,100346,1,2025-08-12T11:51:41Z,US,WI,True,google_ads
000032bca5e7,104046,1,2026-06-29T14:44:12Z,US,MD,False,google_ads
000032c166eb,102092,1,2026-01-15T04:22:41Z,US,TX,True,influencer
000032c702a9,100899,1,2025-10-12T23:21:46Z,US,MN,False,meta_ads
000032c70370,103327,1,2026-05-03T01:52:22Z,GB,WLS,True,influencer
000032cbc474,101702,1,2025-12-04T02:54:37Z,US,TX,False,referral
000032d16032,101538,1,2025-11-29T01:08:26Z,AU,QLD,False,meta_ads
000032d160f9,103241,1,2026-04-25T22:16:10Z,US,NY,False,tiktok_ads
000032d621fd,101362,1,2025-11-25T19:50:21Z,US,MD,False,google_ads
000032dbbdbb,101168,1,2025-11-12T13:47:23Z,US,CA,False,influencer
000032dbbe82,102750,1,2026-03-18T13:32:33Z,US,NY,True,meta_ads
000032e07f86,101056,1,2025-10-27T17:41:36Z,US,PA,True,organic_search
000032e61b44,102031,1,2026-01-08T14:34:18Z,US,NY,False,meta_ads
0000332b9fdb,100947,1,2025-10-17T17:16:58Z,US,WI,False,tiktok_ads
00003335fd64,101439,1,2025-11-27T01:41:36Z,US,FL,True,meta_ads
00003335fe2b,103119,1,2026-04-16T22:26:46Z,US,TX,True,meta_ads
0000333abe68,102458,1,2026-02-21T16:06:42Z,CA,ON,False,organic_search
0000333abf2f,101278,1,2025-11-24T15:07:27Z,GB,SCT,True,tiktok_ads
000033405aed,101179,1,2025-11-14T01:41:36Z,US,TX,True,meta_ads
000033405bb4,102615,1,2026-03-11T15:44:39Z,US,PA,True,meta_ads
000033451bf1,103315,1,2026-05-02T12:53:09Z,US,IN,False,organic_search
000033451cb8,100955,1,2025-10-18T14:21:51Z,US,FL,True,referral
0000334ab876,102002,1,2026-01-05T17:06:58Z,US,CA,False,organic_search
0000334ab93d,102479,1,2026-02-23T09:16:56Z,US,WA,True,organic_search
0000334f797a,103926,1,2026-06-20T13:02:41Z,US,MO,True,organic_search
0000334f7a41,100313,1,2025-08-09T13:26:23Z,AU,NSW,False,google_ads
0000335515ff,102493,1,2026-02-25T08:23:12Z,US,NJ,True,meta_ads
00003359d7ca,100247,1,2025-07-30T23:28:33Z,US,AZ,False,google_ads
0000335f7388,102905,1,2026-03-28T16:09:56Z,US,IL,True,organic_search
0000337d5e6c,102341,1,2026-02-11T08:15:11Z,US,AZ,True,tiktok_ads
00003387bbf5,103267,1,2026-04-28T01:45:24Z,US,TX,True,organic_search
00003392197e,103539,1,2026-05-17T23:25:12Z,US,TN,True,meta_ads
0000339f5c61,101385,1,2025-11-26T02:48:40Z,US,MN,False,meta_ads
000033a9b9ea,100817,1,2025-10-05T05:07:32Z,US,TN,False,influencer
000033b416ac,103730,1,2026-06-04T12:37:25Z,US,MO,True,organic_search
000033b41773,100260,1,2025-08-01T13:47:30Z,US,FL,False,referral
000033be74fc,100152,1,2025-07-19T13:59:45Z,US,IL,True,organic_search
000033e1fb9e,102248,1,2026-02-03T02:04:55Z,US,NY,True,influencer
000033ec5860,100496,1,2025-09-01T19:37:51Z,GB,SCT,True,direct
000033ec5927,103709,1,2026-06-02T17:12:47Z,US,IL,True,meta_ads
000033f6b5e9,100943,1,2025-10-17T11:39:55Z,US,FL,False,google_ads
000033f6b6b0,103053,1,2026-04-11T00:46:43Z,US,WI,False,meta_ads
000034011372,101552,1,2025-11-29T11:23:08Z,US,VA,False,google_ads
000034011439,102518,1,2026-02-27T11:00:27Z,US,MN,False,google_ads
0000340b70fb,101865,1,2025-12-19T08:23:53Z,US,NY,True,google_ads
0000340b71c2,102441,1,2026-02-20T02:15:01Z,GB,WLS,False,google_ads
000034110d80,100402,1,2025-08-19T00:40:30Z,US,TX,False,meta_ads
00003415ce84,102436,1,2026-02-19T13:06:36Z,US,GA,True,meta_ads
00003450f659,104048,1,2026-06-29T19:21:15Z,US,CA,True,influencer
0000345b53e2,103606,1,2026-05-25T01:10:43Z,US,IL,True,tiktok_ads
0000346014e6,101605,1,2025-11-30T14:29:58Z,US,TX,True,referral
00003465b0a4,101334,1,2025-11-25T12:01:19Z,US,PA,True,meta_ads
00003465b16b,102909,1,2026-03-29T00:00:20Z,US,AZ,True,unknown
0000346a726f,100996,1,2025-10-21T23:56:00Z,US,NY,True,google_ads
000034700e2d,101811,1,2025-12-15T09:13:28Z,US,CO,True,meta_ads
000034700ef4,102233,1,2026-02-02T01:27:55Z,US,NC,False,google_ads
00003474cff8,100632,1,2025-09-16T16:46:22Z,US,CA,True,tiktok_ads
0000347a6bb6,102061,1,2026-01-10T15:18:24Z,US,FL,False,organic_search
0000347a6c7d,101983,1,2026-01-04T13:55:32Z,US,MO,False,direct
0000347f2d81,100135,1,2025-07-17T02:42:02Z,US,PA,False,meta_ads
00003484c93f,102922,1,2026-03-30T23:00:39Z,US,PA,False,google_ads
00003484ca06,101790,1,2025-12-12T19:39:26Z,US,TX,False,unknown
0000348f26c8,103206,1,2026-04-22T22:18:21Z,US,VA,False,unknown
000034d4ab5f,101847,1,2025-12-17T21:20:49Z,CA,QC,True,influencer
000034d96d2a,100700,1,2025-09-24T14:28:38Z,GB,SCT,True,meta_ads
000034df08e8,102520,1,2026-02-27T11:52:41Z,US,TX,True,meta_ads
000034e3c9ec,103121,1,2026-04-16T23:34:43Z,US,MO,True,meta_ads
000034e3cab3,100027,1,2025-07-03T15:51:10Z,US,MI,True,google_ads
000034e96671,102634,1,2026-03-13T14:33:54Z,US,NY,True,google_ads
000034e96738,101928,1,2025-12-28T19:55:50Z,US,NY,False,organic_search
000034f3c3fa,102954,1,2026-04-03T09:27:30Z,US,CO,True,google_ads
000034f3c4c1,101627,1,2025-11-30T21:32:09Z,US,NC,True,meta_ads
000034fe2183,103382,1,2026-05-06T17:09:33Z,US,NJ,False,meta_ads
00003511aede,103712,1,2026-06-02T22:11:16Z,US,OR,True,organic_search
0000351c0c67,103639,1,2026-05-27T12:09:02Z,US,CA,False,organic_search
0000352669f0,103217,1,2026-04-23T14:24:39Z,US,TX,True,meta_ads
00003530c779,102709,1,2026-03-17T01:28:22Z,US,FL,False,organic_search
000035366337,100111,1,2025-07-13T13:29:44Z,US,CO,True,direct
0000353663fe,103859,1,2026-06-14T19:33:59Z,US,MI,True,referral
0000353b2502,102278,1,2026-02-06T03:00:22Z,US,CA,False,meta_ads
00003540c0c0,100560,1,2025-09-07T15:56:08Z,AU,VIC,False,organic_search
0000354867e5,100183,2,2025-07-22T14:42:26Z,US,WA,False,google_ads
0000358b0722,103287,1,2026-04-29T19:28:59Z,US,TX,False,tiktok_ads
0000359563e4,101893,1,2025-12-22T14:58:45Z,US,TX,False,influencer
0000359564ab,102749,1,2026-03-18T12:53:49Z,US,CA,True,organic_search
0000359b0069,100092,1,2025-07-11T19:06:19Z,US,MI,True,meta_ads
0000359b0130,103136,1,2026-04-18T02:15:55Z,US,MA,True,meta_ads
0000359fc16d,102060,1,2026-01-10T15:05:37Z,US,NJ,False,tiktok_ads
0000359fc234,102384,1,2026-02-14T17:18:09Z,US,NJ,True,meta_ads
000035a55df2,100677,1,2025-09-21T18:34:42Z,US,FL,True,influencer
000035a55eb9,103997,1,2026-06-24T23:03:45Z,US,FL,True,organic_search
000035aa1ef6,102276,1,2026-02-06T02:35:00Z,US,WA,True,organic_search
000035aa1fbd,101871,1,2025-12-19T20:22:08Z,US,NJ,False,google_ads
000035afbb7b,100933,1,2025-10-16T12:57:27Z,GB,SCT,False,organic_search
000035b47c7f,102829,1,2026-03-21T14:19:06Z,US,MI,False,unknown
000035b47d46,101143,1,2025-11-08T23:00:08Z,US,GA,True,tiktok_ads
000035ba1904,101408,2,2025-11-26T15:17:53Z,US,MA,True,google_ads
000035beda08,103641,1,2026-05-27T14:03:43Z,US,GA,True,influencer
000035fa01dd,102776,1,2026-03-19T15:06:31Z,US,NY,False,direct
000036045f66,102488,1,2026-02-24T02:34:43Z,US,AZ,True,google_ads
00003609206a,100388,1,2025-08-17T06:34:32Z,US,AZ,True,meta_ads
0000360ebc28,102099,1,2026-01-16T02:54:59Z,US,NY,True,meta_ads
0000360ebcef,101642,1,2025-12-01T01:43:18Z,US,TX,False,referral
0000361919b1,102678,1,2026-03-15T20:25:54Z,US,AZ,False,referral
000036191a78,101235,1,2025-11-22T23:51:48Z,US,TX,True,organic_search
00003623773a,103506,1,2026-05-15T10:01:46Z,US,IL,False,tiktok_ads
000036237801,100809,1,2025-10-04T16:49:08Z,US,CA,False,organic_search
0000362dd4c3,103738,1,2026-06-04T20:36:41Z,US,CO,True,influencer
00003638324c,102379,1,2026-02-14T04:23:08Z,US,TX,True,organic_search
0000365bb8ee,100061,1,2025-07-08T12:36:21Z,US,WA,True,unknown
000036661677,100477,1,2025-08-29T14:52:24Z,US,TX,True,meta_ads
00003666173e,103532,1,2026-05-17T12:55:21Z,US,TN,False,google_ads
000036707400,100969,1,2025-10-19T21:21:27Z,US,MD,True,direct
0000367db6e3,102915,1,2026-03-29T18:34:18Z,US,NH,False,meta_ads
00003688146c,103603,1,2026-05-24T16:06:56Z,US,NJ,False,meta_ads
0000369271f5,103394,1,2026-05-07T02:41:26Z,US,NY,True,organic_search
0000369ccf7e,103021,1,2026-04-08T19:45:50Z,US,WA,True,direct
000036baba62,102847,1,2026-03-22T13:00:48Z,US,MA,True,meta_ads
000036c05620,100110,1,2025-07-13T12:01:13Z,US,NY,False,direct
000036c517eb,102465,1,2026-02-21T21:09:27Z,US,VA,True,unknown
000036cab3a9,100329,1,2025-08-11T01:23:08Z,US,MN,True,tiktok_ads
000036cab470,104035,1,2026-06-28T11:18:41Z,US,OH,True,meta_ads
000036cf7574,102153,1,2026-01-23T23:13:40Z,US,CO,True,meta_ads
000036d51132,101006,1,2025-10-23T11:43:35Z,US,PA,True,meta_ads
000036d511f9,103392,1,2026-05-07T01:33:53Z,US,CO,False,meta_ads
000036d9d2fd,101403,1,2025-11-26T13:36:49Z,US,FL,True,meta_ads
000036df6ebb,101205,1,2025-11-17T23:17:59Z,US,WI,False,direct
000036e43086,101504,1,2025-11-28T10:35:21Z,US,NY,True,influencer
000036e9cc44,101895,1,2025-12-23T06:03:26Z,US,AZ,True,meta_ads
00003729b51d,102448,1,2026-02-20T15:30:55Z,US,DE,True,organic_search
0000372f50db,100318,1,2025-08-10T03:13:21Z,US,MD,True,unknown
0000373412a6,102095,1,2026-01-15T18:00:23Z,US,TX,False,tiktok_ads
00003739ae64,100913,1,2025-10-13T21:57:43Z,US,OH,True,tiktok_ads
0000373e6f68,102618,1,2026-03-11T21:28:21Z,US,NY,False,referral
0000373e702f,101303,1,2025-11-24T23:59:50Z,US,CO,True,meta_ads
000037440bed,101186,1,2025-11-15T07:56:37Z,US,IL,True,google_ads
00003748ccf1,102939,1,2026-04-01T22:42:47Z,US,TX,False,direct
00003748cdb8,101377,1,2025-11-25T23:22:23Z,US,CA,False,direct
0000374e6976,101736,1,2025-12-07T16:03:40Z,US,AZ,True,direct
0000374e6a3d,102904,1,2026-03-28T13:54:37Z,GB,SCT,True,meta_ads
000037532a7a,103324,1,2026-05-02T23:49:23Z,US,WI,False,influencer
000037532b41,100983,1,2025-10-20T18:11:51Z,US,VA,False,tiktok_ads
00003758c6ff,102198,1,2026-01-28T23:45:13Z,US,TX,False,direct
0000375d8803,103766,1,2026-06-07T18:28:15Z,US,NY,True,meta_ads
0000375d88ca,100274,1,2025-08-03T22:24:13Z,US,TX,True,direct
0000378b6cf5,103815,1,2026-06-11T10:54:46Z,US,CO,False,organic_search
00003795ca7e,103332,1,2026-05-03T19:04:55Z,US,MA,False,meta_ads
000037a30d61,101214,1,2025-11-19T03:34:16Z,US,CA,True,direct
000037ad6a23,103199,1,2026-04-22T13:33:34Z,US,WI,False,google_ads
000037ad6aea,101573,1,2025-11-29T16:18:36Z,GB,SCT,True,organic_search
000037b7c7ac,103436,1,2026-05-09T23:26:10Z,US,MI,False,google_ads
000037b7c873,100916,1,2025-10-14T01:45:28Z,US,CA,True,referral
000037c22535,103969,1,2026-06-22T17:17:54Z,US,MI,True,organic_search
000037c225fc,100367,1,2025-08-14T18:11:08Z,AU,VIC,False,meta_ads
000037f00960,100089,1,2025-07-11T14:30:56Z,CA,BC,False,meta_ads
000037f00a27,103816,1,2026-06-11T11:35:46Z,US,GA,True,direct
000037fa66e9,100628,1,2025-09-16T08:55:46Z,US,PA,False,direct
000037fa67b0,103667,1,2026-05-29T10:39:32Z,US,MA,False,direct
00003804c472,101524,1,2025-11-28T18:04:59Z,CA,BC,False,meta_ads
00003804c539,103079,1,2026-04-13T15:11:07Z,US,CA,False,meta_ads
0000380f21fb,101608,1,2025-11-30T15:06:52Z,US,CA,True,influencer
0000380f22c2,102772,1,2026-03-19T11:24:29Z,US,CO,False,meta_ads
000038197f84,101926,1,2025-12-28T13:51:37Z,US,IL,False,google_ads
00003826c267,103914,1,2026-06-19T15:27:39Z,US,IN,False,tiktok_ads
00003854a759,103980,1,2026-06-23T19:06:59Z,US,TN,False,tiktok_ads
0000385f041b,100592,1,2025-09-11T20:17:54Z,US,CO,True,influencer
0000385f04e2,103576,1,2026-05-22T14:41:06Z,AU,WA,True,tiktok_ads
00003863c5e6,101648,1,2025-12-01T03:39:51Z,US,NC,True,meta_ads
0000386961a4,101503,1,2025-11-28T10:24:30Z,US,NY,False,meta_ads
00003869626b,103031,1,2026-04-09T14:39:17Z,GB,SCT,True,influencer
0000386e236f,101397,1,2025-11-26T12:05:02Z,US,NJ,True,meta_ads
00003873bf2d,101581,1,2025-11-29T22:14:26Z,AU,WA,True,referral
00003873bff4,102816,1,2026-03-21T00:56:38Z,US,VA,True,google_ads
0000387880f8,100990,1,2025-10-21T10:33:28Z,US,NY,True,direct
0000387e1cb6,101737,1,2025-12-07T16:16:54Z,AU,VIC,True,organic_search
0000387e1d7d,102428,2,2026-02-18T15:47:09Z,US,TN,True,direct
00003882de81,100643,1,2025-09-17T20:11:23Z,US,OR,False,meta_ads
000038887a3f,102503,1,2026-02-26T02:17:03Z,US,IL,True,direct
0000388d3c0a,100018,1,2025-07-02T01:33:48Z,CA,ON,True,meta_ads
00003892d7c8,102426,1,2026-02-18T14:50:15Z,US,WA,True,meta_ads
000038d2c0a1,101267,1,2025-11-24T11:26:15Z,US,IL,True,organic_search
000038d85c5f,101554,1,2025-11-29T11:36:33Z,US,NY,False,meta_ads
000038dd1e2a,101060,1,2025-10-28T01:31:31Z,US,MI,False,referral
000038e2b9e8,101850,1,2025-12-18T01:21:27Z,US,MI,True,influencer
000038e77aec,104019,1,2026-06-26T19:19:29Z,US,TX,False,organic_search
000038e77bb3,100589,1,2025-09-11T11:55:02Z,AU,VIC,True,direct
000038ed1771,102329,1,2026-02-09T22:47:20Z,US,AZ,False,direct
000038f1d875,102178,1,2026-01-26T11:31:08Z,US,CA,True,google_ads
000038f1d93c,100232,1,2025-07-29T11:52:29Z,US,NY,False,meta_ads
000038f774fa,102685,1,2026-03-15T23:57:59Z,AU,VIC,True,unknown
00003901d283,103162,1,2026-04-19T21:39:02Z,GB,ENG,True,organic_search
000039155fde,102473,1,2026-02-22T13:07:58Z,US,FL,True,referral
0000391fbd67,103787,1,2026-06-09T12:31:48Z,CA,BC,True,google_ads
0000392a1af0,103449,1,2026-05-10T16:52:44Z,GB,ENG,False,tiktok_ads
000039347879,103259,1,2026-04-27T11:29:05Z,US,TX,True,meta_ads
0000393ed602,102669,1,2026-03-15T02:06:18Z,US,WA,True,unknown
0000394471c0,100390,1,2025-08-17T15:15:18Z,US,MA,True,direct
0000394c18e5,100732,1,2025-09-27T16:56:32Z,US,NJ,True,meta_ads
0000395675a7,100548,1,2025-09-07T00:24:32Z,US,TX,True,organic_search
00003956766e,100069,1,2025-07-09T09:55:58Z,US,WA,True,organic_search
000039845a99,103908,1,2026-06-19T03:36:31Z,US,TX,True,unknown
0000398eb822,103072,1,2026-04-12T16:34:16Z,US,OH,True,meta_ads
0000399914e4,101175,1,2025-11-13T18:13:03Z,CA,ON,True,organic_search
0000399915ab,102983,1,2026-04-05T13:51:49Z,US,NC,True,meta_ads
000039a3726d,101886,1,2025-12-21T15:30:27Z,US,MD,True,tiktok_ads
000039a37334,102630,1,2026-03-13T02:06:37Z,US,CA,True,meta_ads
000039a90ef2,100301,1,2025-08-07T11:31:18Z,US,WI,True,influencer
000039a90fb9,104063,1,2026-06-30T14:46:17Z,US,CA,True,influencer
000039adcff6,101994,1,2026-01-05T01:40:37Z,US,MN,True,meta_ads
000039add0bd,101998,1,2026-01-05T12:16:15Z,US,NH,False,tiktok_ads
000039b36c7b,100729,1,2025-09-27T05:00:10Z,US,OH,False,direct
000039b82d7f,102552,1,2026-03-01T22:23:55Z,US,NY,False,influencer
000039b82e46,101775,1,2025-12-11T02:56:22Z,US,MA,True,meta_ads
000039c28b08,103007,1,2026-04-07T18:03:16Z,US,AZ,True,organic_search
000039fdb2dd,103210,1,2026-04-23T00:25:32Z,US,GA,True,direct
00003a080f9f,101717,1,2025-12-05T17:32:14Z,US,OH,False,meta_ads
00003a081066,102753,1,2026-03-18T16:28:58Z,US,OR,True,meta_ads
00003a0cd16a,100494,1,2025-09-01T14:21:31Z,US,FL,True,influencer
00003a126d28,102004,1,2026-01-05T21:57:38Z,US,FL,False,direct
00003a126def,101988,1,2026-01-04T21:20:35Z,US,IL,False,tiktok_ads
00003a172e2c,104034,1,2026-06-28T09:39:18Z,US,NC,False,influencer
00003a172ef3,100314,1,2025-08-09T16:24:36Z,US,OH,True,direct
00003a1ccab1,102593,1,2026-03-08T00:30:08Z,US,WI,True,organic_search
00003a1ccb78,101207,1,2025-11-18T03:52:41Z,GB,ENG,True,google_ads
00003a27283a,103023,1,2026-04-08T22:13:29Z,US,CA,False,google_ads
00003a272901,101615,1,2025-11-30T16:56:56Z,US,WA,False,tiktok_ads
00003a3185c3,103335,1,2026-05-04T01:15:31Z,US,FL,True,tiktok_ads
00003a69c777,100003,1,2025-06-01T20:40:55Z,US,FL,True,direct
00003a69c83e,100050,1,2025-07-07T12:45:32Z,US,WA,True,meta_ads
00003a742500,100638,1,2025-09-17T11:23:47Z,US,MO,False,organic_search
00003a7bcc25,100380,1,2025-08-16T12:33:07Z,US,VA,False,organic_search
00003a8167e3,102575,1,2026-03-04T13:47:33Z,US,CO,True,meta_ads
00003a8bc56c,102940,1,2026-04-02T01:13:18Z,US,WI,True,meta_ads
00003a9622f5,103490,1,2026-05-13T22:37:59Z,US,MA,False,meta_ads
00003aa0807e,103778,1,2026-06-08T14:28:00Z,US,CA,False,tiktok_ads
00003aaade07,101085,1,2025-11-01T01:35:36Z,US,PA,True,direct
00003abe6b62,103257,1,2026-04-27T01:19:32Z,US,DE,True,unknown
00003ac8c824,101215,1,2025-11-19T18:33:19Z,US,GA,False,tiktok_ads
00003ace64a9,100173,1,2025-07-21T04:46:18Z,US,OR,True,meta_ads
00003ace6570,103133,1,2026-04-17T23:11:08Z,CA,ON,True,organic_search
00003ad32674,102422,1,2026-02-18T00:43:56Z,US,FL,True,tiktok_ads
00003ad8c232,100571,1,2025-09-09T06:49:02Z,US,CA,True,meta_ads
00003ad8c2f9,103800,1,2026-06-10T17:59:41Z,US,AZ,True,unknown
00003add83fd,101693,1,2025-12-03T16:18:32Z,US,NH,True,influencer
00003ae31fbb,101041,1,2025-10-26T13:28:41Z,US,MN,True,influencer
00003ae7e186,101476,1,2025-11-27T18:24:09Z,US,GA,True,direct
00003b2d661d,102907,1,2026-03-28T17:31:36Z,CA,AB,False,meta_ads
00003b3301db,100096,1,2025-07-12T08:10:01Z,US,MA,False,tiktok_ads
00003b37c2df,102005,1,2026-01-05T23:54:03Z,US,AZ,True,referral
00003b37c3a6,102073,1,2026-01-12T00:31:57Z,US,TX,True,organic_search
00003b3d5f64,100733,1,2025-09-27T19:21:06Z,GB,ENG,True,influencer
00003b422068,102250,1,2026-02-03T10:44:55Z,GB,SCT,True,meta_ads
00003b42212f,101656,1,2025-12-01T13:50:32Z,US,NJ,True,google_ads
00003b47bced,100907,1,2025-10-13T11:28:58Z,US,MD,True,meta_ads
00003b4c7df1,102571,1,2026-03-04T02:09:02Z,US,MD,True,organic_search
00003b4c7eb8,101513,1,2025-11-28T13:41:17Z,US,WA,False,influencer
00003b521a76,101099,1,2025-11-03T02:13:42Z,US,MN,False,organic_search
00003b56db7a,103066,1,2026-04-12T01:29:10Z,US,NY,False,referral
00003b56dc41,101125,1,2025-11-06T13:26:12Z,GB,SCT,False,direct
00003b5c77ff,101750,1,2025-12-09T07:12:31Z,US,FL,False,google_ads
00003b613903,103619,1,2026-05-26T00:49:45Z,US,CA,True,meta_ads
00003b6b968c,103763,1,2026-06-07T12:59:52Z,US,CA,True,organic_search
00003b997b7e,103808,1,2026-06-11T00:44:19Z,US,NY,True,google_ads
00003ba6be61,101854,1,2025-12-18T13:52:55Z,GB,SCT,False,direct
00003bab7f65,100179,1,2025-07-21T22:23:56Z,US,CO,True,organic_search
00003bb11b23,102906,1,2026-03-28T17:22:17Z,US,OH,False,influencer
00003bb11bea,101595,1,2025-11-30T10:01:44Z,US,CO,False,meta_ads
00003bbb78ac,102987,1,2026-04-05T21:02:12Z,US,GA,True,google_ads
00003bbb7973,101222,1,2025-11-20T23:40:48Z,US,NJ,True,direct
00003bc5d635,103364,1,2026-05-05T13:23:09Z,US,MO,True,organic_search
00003bc5d6fc,100562,1,2025-09-08T01:06:09Z,GB,SCT,True,google_ads
00003bd033be,103932,1,2026-06-20T16:42:02Z,US,NY,False,organic_search
00003bd03485,100457,1,2025-08-26T13:39:17Z,US,NY,True,google_ads
00003bfe17e9,100270,1,2025-08-03T01:38:27Z,GB,ENG,True,organic_search
00003bfe18b0,103960,1,2026-06-22T01:15:03Z,US,CA,False,meta_ads
00003c087572,100970,1,2025-10-20T01:59:28Z,GB,ENG,True,meta_ads
00003c087639,103578,1,2026-05-22T21:51:33Z,US,CA,True,organic_search
00003c12d2fb,101155,1,2025-11-10T01:45:14Z,US,NY,False,influencer
00003c1d3084,101167,1,2025-11-12T13:08:57Z,CA,BC,True,referral
00003c2a7367,103612,1,2026-05-25T13:41:11Z,CA,BC,True,meta_ads
00003c34d0f0,104058,1,2026-06-30T09:05:09Z,US,TX,False,meta_ads
00003c5d195d,102285,1,2026-02-06T16:30:22Z,US,MD,False,meta_ads
00003c62b51b,100467,1,2025-08-27T20:29:20Z,US,NH,True,google_ads
00003c62b5e2,104031,1,2026-06-27T16:26:17Z,US,OH,True,direct
00003c6776e6,102024,1,2026-01-07T21:01:32Z,US,PA,True,meta_ads
00003c6d12a4,100840,1,2025-10-07T22:56:55Z,US,MO,False,organic_search
00003c6d136b,103552,1,2026-05-19T10:53:24Z,US,CA,False,google_ads
00003c71d3a8,102648,1,2026-03-14T10:25:32Z,US,TN,False,organic_search
00003c71d46f,101654,1,2025-12-01T13:03:50Z,US,IN,False,direct
00003c77702d,101327,1,2025-11-25T10:07:33Z,US,GA,False,google_ads
00003c7770f4,103140,1,2026-04-18T10:53:05Z,CA,BC,True,meta_ads
00003c7c3131,103208,1,2026-04-22T23:49:52Z,US,CA,False,google_ads
00003c7c31f8,100924,1,2025-10-14T21:30:29Z,US,FL,True,google_ads
00003c81cdb6,101566,1,2025-11-29T15:01:55Z,US,GA,False,direct
00003c81ce7d,102737,1,2026-03-18T01:22:45Z,US,TX,True,organic_search
00003c868f81,100963,1,2025-10-19T12:27:38Z,US,MA,False,influencer
00003c8c2b3f,102054,1,2026-01-10T00:41:25Z,AU,NSW,False,influencer
00003c90ed0a,100448,1,2025-08-25T11:33:28Z,US,CA,True,organic_search
00003cd671a1,101876,1,2025-12-20T13:36:21Z,US,TX,True,referral
00003cdc0d5f,101187,1,2025-11-15T12:39:41Z,US,IN,True,organic_search
00003ce0ce63,102966,1,2026-04-04T01:49:47Z,US,TX,True,tiktok_ads
00003ce0cf2a,101367,1,2025-11-25T21:17:59Z,US,PA,True,direct
00003ce66ae8,101344,1,2025-11-25T14:05:11Z,US,GA,False,influencer
00003ceb2bec,103608,1,2026-05-25T08:10:57Z,US,IL,True,direct
00003ceb2cb3,101045,1,2025-10-26T18:23:15Z,US,NY,True,meta_ads
00003cf0c871,102205,1,2026-01-29T20:47:22Z,US,TX,True,meta_ads
00003cf58975,103735,1,2026-06-04T16:59:44Z,US,FL,True,direct
00003cf58a3c,100291,1,2025-08-06T02:18:59Z,US,WA,False,meta_ads
00003cfb25fa,102303,1,2026-02-08T03:49:31Z,US,NJ,False,organic_search
00003cffe7c5,100144,1,2025-07-17T21:40:48Z,US,AZ,False,organic_search
00003d058383,102919,1,2026-03-30T11:06:47Z,US,TX,False,unknown
00003d236da0,100216,1,2025-07-27T03:41:47Z,US,OH,True,tiktok_ads
00003d236e67,103306,1,2026-05-01T22:59:27Z,AU,QLD,True,influencer
00003d2dcbf0,103862,1,2026-06-14T23:10:16Z,US,IN,False,tiktok_ads
00003d382979,103588,1,2026-05-23T13:22:52Z,US,OH,True,organic_search
00003d428702,102351,1,2026-02-12T02:03:06Z,US,CA,True,organic_search
00003d4fc9e5,100886,1,2025-10-11T23:05:57Z,US,CA,False,referral
00003d5a26a7,103873,1,2026-06-15T15:33:25Z,CA,QC,True,meta_ads
00003d5a276e,100320,1,2025-08-10T13:41:47Z,US,MD,False,organic_search
00003d6484f7,100126,1,2025-07-15T18:15:17Z,US,NY,True,referral
00003d880b99,100553,1,2025-09-07T03:14:50Z,US,WA,True,unknown
00003d92685b,100671,1,2025-09-20T14:57:02Z,CA,QC,False,direct
00003d926922,104012,1,2026-06-26T05:14:34Z,US,TX,True,organic_search
00003d9cc5e4,100889,1,2025-10-12T03:21:08Z,CA,QC,False,direct
00003d9cc6ab,103362,1,2026-05-05T13:01:44Z,US,GA,False,referral
00003da7236d,101282,1,2025-11-24T16:29:03Z,US,NH,False,meta_ads
00003da72434,102795,1,2026-03-20T11:11:04Z,US,GA,True,influencer
00003db180f6,101816,1,2025-12-15T14:22:16Z,US,VA,True,organic_search
00003db181bd,102230,1,2026-02-01T15:25:58Z,US,MN,False,influencer
00003db71d7b,100425,1,2025-08-21T07:20:25Z,CA,ON,True,organic_search
00003dbbde7f,102447,1,2026-02-20T13:07:06Z,US,TX,True,direct
00003e0163dd,103182,1,2026-04-21T13:09:25Z,US,FL,True,organic_search
00003e0624e1,101371,1,2025-11-25T21:44:24Z,US,MN,False,meta_ads
00003e0bc09f,101610,1,2025-11-30T15:47:14Z,US,NY,True,influencer
00003e0bc166,102848,1,2026-03-22T15:00:44Z,US,VA,False,meta_ads
00003e1081a3,103326,1,2026-05-03T00:57:35Z,US,FL,True,google_ads
00003e10826a,100874,1,2025-10-10T16:28:31Z,US,GA,False,direct
00003e161e28,101662,1,2025-12-01T15:19:02Z,CA,QC,True,referral
00003e161eef,102491,1,2026-02-24T20:30:05Z,US,CA,False,influencer
00003e1adf2c,103962,1,2026-06-22T02:28:21Z,US,CO,False,influencer
00003e1adff3,100620,1,2025-09-15T02:29:20Z,US,AZ,True,meta_ads
00003e207bb1,102274,1,2026-02-05T16:46:11Z,US,TX,True,meta_ads
00003e207c78,102160,1,2026-01-24T11:18:56Z,US,PA,False,tiktok_ads
00003e253cb5,101092,1,2025-11-02T07:40:09Z,US,NY,True,unknown
00003e253d7c,100049,1,2025-07-06T22:29:03Z,US,CA,True,unknown
00003e2ad93a,102601,1,2026-03-09T04:07:15Z,US,VA,True,meta_ads
00003e2ada01,101898,1,2025-12-23T15:07:16Z,CA,QC,True,organic_search
00003e3536c3,103264,1,2026-04-27T20:23:29Z,AU,WA,False,direct
00003e77d600,100062,1,2025-07-08T14:04:53Z,US,MI,False,meta_ads
00003e7f7d25,100606,1,2025-09-13T18:00:10Z,US,PA,True,organic_search
00003e89d9e7,102283,1,2026-02-06T14:02:49Z,US,NY,True,tiktok_ads
00003e89daae,100186,1,2025-07-22T18:06:03Z,GB,ENG,False,meta_ads
00003e8f766c,102588,1,2026-03-07T02:55:21Z,US,WA,False,tiktok_ads
00003e99d3f5,103055,1,2026-04-11T01:21:37Z,US,CA,True,influencer
00003ea4317e,103502,1,2026-05-14T13:11:08Z,US,OR,False,meta_ads
00003eae8f07,103804,1,2026-06-10T23:18:19Z,US,TX,True,tiktok_ads
00003eb7bed9,104038,1,2026-06-28T15:42:40Z,US,MI,False,referral
00003ec21c62,103444,1,2026-05-10T12:52:38Z,US,CA,True,google_ads
00003ecc7924,101540,1,2025-11-29T02:54:23Z,US,NH,True,meta_ads
00003ecc79eb,103187,1,2026-04-21T16:36:21Z,US,MD,False,google_ads
00003ed6d6ad,101730,1,2025-12-07T02:45:18Z,AU,VIC,True,google_ads
00003ed6d774,102754,1,2026-03-18T16:31:09Z,US,MI,True,referral
00003edc7332,100219,1,2025-07-27T14:04:48Z,US,CA,True,organic_search
00003edc73f9,100528,1,2025-09-04T13:14:48Z,US,CA,True,meta_ads
00003ee134fd,102314,1,2026-02-08T17:45:05Z,US,NC,False,google_ads
00003ee6d0bb,100716,1,2025-09-25T19:00:31Z,US,CA,True,organic_search
00003eee77e0,100011,1,2025-07-01T02:14:33Z,CA,ON,False,influencer
00003f31171d,103013,1,2026-04-08T02:42:17Z,CA,BC,True,unknown
00003f35d821,101150,1,2025-11-09T15:30:01Z,US,TN,True,referral
00003f3b73df,101940,1,2025-12-30T07:46:44Z,US,MD,True,influencer
00003f3b74a6,102712,1,2026-03-17T02:02:55Z,AU,WA,True,influencer
00003f4035aa,100853,1,2025-10-08T23:37:45Z,US,FL,True,direct
00003f411064,100149,1,2025-07-19T09:32:22Z,US,GA,True,referral
00003f45d168,102207,1,2026-01-30T10:12:30Z,US,IN,False,direct
00003f45d22f,102538,1,2026-02-28T16:32:49Z,CA,ON,True,referral
00003f4b6ded,100718,1,2025-09-25T23:52:32Z,US,IL,True,influencer
00003f502ef1,102508,1,2026-02-26T13:11:56Z,US,MO,False,meta_ads
00003f502fb8,101703,1,2025-12-04T11:00:14Z,US,MD,True,influencer
00003f55cb76,100885,1,2025-10-11T21:40:55Z,US,CA,True,organic_search
00003f5a8c7a,102817,1,2026-03-21T01:02:15Z,US,MN,False,influencer
00003f5a8d41,101263,1,2025-11-24T09:08:30Z,US,NY,False,tiktok_ads
00003f6028ff,101569,1,2025-11-29T15:27:49Z,US,WA,True,direct
00003f64ea03,103424,1,2026-05-09T02:35:30Z,US,NY,True,referral
00003faa6f61,102076,1,2026-01-12T09:10:24Z,US,WA,True,tiktok_ads
00003faf3065,100460,1,2025-08-27T01:04:23Z,US,FL,False,influencer
00003fb4cc23,102497,1,2026-02-25T16:33:53Z,US,NJ,False,google_ads
00003fb4ccea,101785,1,2025-12-12T04:12:27Z,US,FL,True,meta_ads
00003fbf29ac,102920,1,2026-03-30T13:58:58Z,US,MI,True,google_ads
00003fbf2a73,101319,1,2025-11-25T03:51:34Z,US,IL,True,organic_search
00003fc98735,103662,1,2026-05-28T21:29:18Z,US,CA,False,influencer
00003fc987fc,100897,1,2025-10-12T21:14:42Z,US,WI,False,organic_search
00003fd3e4be,103796,1,2026-06-10T10:27:43Z,CA,BC,False,meta_ads
00003fd3e585,100609,1,2025-09-14T02:12:06Z,US,TX,True,organic_search
00003fde4247,102049,1,2026-01-09T21:57:22Z,US,AZ,True,direct
00004001c8e9,100044,1,2025-07-06T00:20:34Z,US,NY,True,meta_ads
0000400c2672,100281,1,2025-08-04T16:31:21Z,US,MI,True,direct
0000400c2739,103806,1,2026-06-10T23:41:39Z,US,MI,False,meta_ads
0000401683fb,100965,1,2025-10-19T14:09:35Z,US,IN,True,organic_search
00004023c6de,102854,1,2026-03-22T22:20:10Z,US,PA,True,influencer
0000402e2467,103504,1,2026-05-14T15:27:26Z,US,OH,True,meta_ads
0000403881f0,103799,1,2026-06-10T17:03:19Z,US,CA,True,meta_ads
00004042df79,101245,1,2025-11-24T01:15:40Z,US,MA,True,referral
00004060ca5d,102625,1,2026-03-12T18:36:06Z,AU,NSW,True,meta_ads
00004066661b,100079,1,2025-07-10T07:06:48Z,US,NC,True,google_ads
0000406b271f,101948,1,2025-12-31T23:34:11Z,AU,QLD,False,influencer
0000406b27e6,102476,1,2026-02-22T22:56:02Z,US,CA,True,meta_ads
00004070c3a4,100453,1,2025-08-26T11:05:05Z,US,MI,True,referral
00004070c46b,103878,1,2026-06-16T02:20:18Z,US,MN,True,meta_ads
0000407584a8,102462,1,2026-02-21T18:22:43Z,US,NJ,True,meta_ads
00004075856f,102220,1,2026-01-31T11:59:53Z,US,IL,True,organic_search
0000407b212d,100985,1,2025-10-20T20:24:57Z,US,WI,False,direct
0000407b21f4,103657,1,2026-05-28T10:49:58Z,GB,WLS,True,tiktok_ads
0000407fe231,102585,1,2026-03-07T00:18:00Z,US,FL,True,google_ads
0000407fe2f8,101510,1,2025-11-28T12:38:42Z,US,OH,True,google_ads
000040857eb6,101073,1,2025-10-29T23:55:28Z,US,NJ,True,meta_ads
000040857f7d,103295,1,2026-04-30T19:08:11Z,US,NY,False,google_ads
0000408a3fba,103082,1,2026-04-14T00:18:16Z,US,MI,True,organic_search
0000408a4081,101623,1,2025-11-30T20:56:25Z,US,GA,True,direct
0000408fdc3f,101944,1,2025-12-30T15:22:57Z,US,NJ,True,organic_search
000040d560d6,100690,1,2025-09-23T14:51:06Z,US,NJ,True,meta_ads
000040da22a1,102141,1,2026-01-21T13:43:06Z,US,MN,False,google_ads
000040dee3a5,100056,1,2025-07-08T02:26:20Z,US,GA,True,organic_search
000040dfbe5f,100559,1,2025-09-07T15:49:45Z,US,MN,False,unknown
000040e47f63,102779,1,2026-03-19T20:29:40Z,GB,ENG,True,google_ads
000040e4802a,101420,1,2025-11-26T19:47:33Z,CA,BC,False,referral
000040ea1be8,101583,1,2025-11-29T23:01:16Z,GB,WLS,False,influencer
000040eedcec,102689,1,2026-03-16T08:37:14Z,US,CA,True,direct
000040eeddb3,101271,1,2025-11-24T12:20:31Z,US,CO,True,google_ads
000040f47971,101695,1,2025-12-04T00:00:14Z,US,MI,False,direct
000040f93a75,103642,1,2026-05-27T14:36:23Z,US,FL,True,tiktok_ads
000040f93b3c,100968,1,2025-10-19T19:53:26Z,US,NY,False,meta_ads
000040fed6fa,102131,1,2026-01-20T00:36:30Z,US,AZ,True,tiktok_ads
0000410397fe,103958,1,2026-06-21T23:23:33Z,US,TX,False,tiktok_ads
0000410398c5,100366,1,2025-08-14T14:32:15Z,US,CO,True,tiktok_ads
000041093483,102386,1,2026-02-14T18:13:14Z,US,NH,True,tiktok_ads
000041317c29,100289,1,2025-08-06T01:50:49Z,GB,WLS,True,meta_ads
000041317cf0,103790,1,2026-06-09T19:30:25Z,US,TX,False,unknown
0000413bd9b2,100752,1,2025-09-30T00:29:13Z,US,MI,True,meta_ads
0000413bda79,103105,1,2026-04-15T22:14:55Z,US,NY,True,google_ads
000041491d5c,101338,1,2025-11-25T13:12:55Z,US,CO,False,organic_search
000041537ae5,101119,1,2025-11-05T16:23:53Z,US,MI,True,direct
0000415dd7a7,103505,1,2026-05-15T09:25:13Z,US,GA,True,direct
0000415dd86e,100524,1,2025-09-04T10:45:10Z,US,FL,True,organic_search
000041683530,103849,1,2026-06-14T10:25:29Z,US,TN,False,meta_ads
0000416835f7,100404,1,2025-08-19T01:56:06Z,US,NJ,True,meta_ads
000041907d9d,102673,1,2026-03-15T11:12:32Z,US,NC,False,meta_ads
00004196195b,100330,1,2025-08-11T02:33:58Z,US,MA,True,referral
000041961a22,104022,1,2026-06-27T02:06:59Z,US,FL,True,direct
0000419adb26,101963,1,2026-01-02T20:25:23Z,CA,BC,False,tiktok_ads
000041a076e4,100644,1,2025-09-17T22:26:43Z,CA,BC,True,referral
000041a077ab,103678,1,2026-05-29T23:33:36Z,US,GA,True,meta_ads
000041aad46d,101604,1,2025-11-30T14:04:56Z,US,CA,True,meta_ads
000041aad534,103125,1,2026-04-17T11:30:32Z,US,CA,True,organic_search
000041b531f6,101626,1,2025-11-30T21:26:15Z,US,TX,False,unknown
000041b532bd,102700,1,2026-03-16T18:09:03Z,US,MI,True,influencer
000041bace7b,100023,1,2025-07-02T18:24:44Z,US,NY,True,influencer
000041bf8f7f,101781,1,2025-12-11T20:14:42Z,US,CA,False,organic_search
000041ccd262,103880,1,2026-06-16T03:20:58Z,US,CO,True,referral
000041fab754,103724,1,2026-06-03T23:32:50Z,US,IN,False,organic_search
0000420514dd,103569,1,2026-05-21T22:05:07Z,GB,ENG,False,meta_ads
00004209d5e1,101877,1,2025-12-20T16:36:25Z,US,CA,False,tiktok_ads
0000420f719f,101221,1,2025-11-20T19:49:37Z,US,IL,True,organic_search
0000420f7266,103186,1,2026-04-21T15:43:07Z,US,CO,False,unknown
0000421432a3,102989,1,2026-04-06T08:50:11Z,US,IL,False,meta_ads
00004214336a,101109,1,2025-11-04T12:12:59Z,US,FL,False,influencer
00004219cf28,101122,1,2025-11-06T12:01:42Z,US,TX,False,tiktok_ads
00004219cfef,102583,1,2026-03-06T20:53:21Z,US,CA,False,influencer
0000421e902c,103516,1,2026-05-16T11:26:18Z,US,OH,False,google_ads
0000421e90f3,101071,1,2025-10-29T21:01:09Z,US,CA,True,organic_search
000042242cb1,101869,1,2025-12-19T19:50:09Z,US,FL,False,meta_ads
000042242d78,102359,1,2026-02-12T20:32:12Z,AU,QLD,False,google_ads
00004228edb5,103694,1,2026-05-31T23:21:17Z,CA,BC,True,unknown
00004228ee7c,100687,1,2025-09-23T10:57:29Z,US,IL,True,meta_ads
0000422e8a3a,102243,1,2026-02-02T20:44:54Z,US,CO,True,meta_ads
0000422e8b01,102216,1,2026-01-31T02:53:28Z,GB,ENG,True,tiktok_ads
000042334b3e,100641,1,2025-09-17T16:39:29Z,US,MI,True,meta_ads
000042334c05,100162,1,2025-07-20T08:26:36Z,US,IL,True,organic_search
00004238e7c3,102557,1,2026-03-02T13:42:31Z,US,WA,True,direct
0000427e6c5a,101618,1,2025-11-30T19:17:25Z,US,CO,True,google_ads
000042832e25,100864,1,2025-10-09T21:53:47Z,US,DE,True,direct
00004288c9e3,102212,1,2026-01-30T23:40:41Z,US,CO,False,meta_ads
0000428d8ae7,103956,1,2026-06-21T21:14:10Z,US,OH,False,organic_search
0000428d8bae,100600,1,2025-09-12T20:11:26Z,US,FL,False,meta_ads
00004293276c,102321,1,2026-02-09T09:00:29Z,US,DE,True,direct
00004297e870,103002,1,2026-04-07T11:35:21Z,US,PA,True,meta_ads
00004297e937,100024,1,2025-07-02T23:12:43Z,US,WA,False,influencer
0000429d84f5,102748,1,2026-03-18T12:34:44Z,US,GA,True,referral
000042a7e27e,103138,1,2026-04-18T04:28:03Z,US,MA,True,meta_ads
000042bb6fd9,101824,1,2025-12-16T10:41:09Z,US,FL,True,unknown
000042c5cc9b,100523,1,2025-09-04T10:09:53Z,US,CO,True,direct
000042c5cd62,103726,1,2026-06-04T00:48:29Z,US,TX,True,meta_ads
000042d02a24,101027,1,2025-10-25T13:13:31Z,US,NY,True,influencer
000042d02aeb,103440,1,2026-05-10T02:51:56Z,US,FL,True,tiktok_ads
000042da87ad,101419,1,2025-11-26T19:30:04Z,US,TX,True,meta_ads
000042da8874,103091,1,2026-04-14T19:18:23Z,CA,AB,True,unknown
000042e4e536,101760,1,2025-12-09T17:11:13Z,US,MA,True,google_ads
000042e4e5fd,102554,1,2026-03-01T23:04:22Z,US,NJ,True,direct
000042ea81bb,100422,1,2025-08-20T19:45:07Z,US,MI,False,meta_ads
000042ef42bf,102199,1,2026-01-29T00:00:41Z,US,MI,True,direct
000042f228e0,100622,1,2025-09-16T01:36:48Z,US,MI,True,direct
000042fc85a2,102861,1,2026-03-23T13:14:29Z,US,PA,True,google_ads
000042fc8669,100187,1,2025-07-23T11:59:52Z,GB,SCT,True,meta_ads
00004334c81d,103568,1,2026-05-21T16:30:25Z,CA,QC,True,influencer
000043398921,101316,1,2025-11-25T02:45:36Z,US,OH,False,organic_search
0000433f24df,101315,1,2025-11-25T02:28:25Z,US,IN,False,meta_ads
0000433f25a6,103077,1,2026-04-13T04:50:25Z,US,MI,False,organic_search
00004343e6aa,101378,1,2025-11-25T23:37:27Z,US,NJ,True,meta_ads
000043498268,101905,1,2025-12-24T22:50:24Z,CA,AB,True,meta_ads
00004349832f,102639,1,2026-03-14T01:09:39Z,US,FL,True,organic_search
0000434e4433,100610,1,2025-09-14T02:40:38Z,US,CA,True,organic_search
0000434f1eed,100315,1,2025-08-09T18:14:05Z,CA,ON,True,unknown
00004353dff1,102213,1,2026-01-31T00:40:13Z,AU,QLD,True,direct
00004353e0b8,101721,1,2025-12-05T23:25:13Z,CA,QC,False,organic_search
000043597c76,100546,1,2025-09-06T23:19:16Z,US,NY,False,google_ads
0000435e3d7a,102686,1,2026-03-16T00:38:03Z,US,VA,True,tiktok_ads
0000435e3e41,101804,1,2025-12-14T00:42:26Z,US,WA,False,referral
00004363d9ff,101416,1,2025-11-26T16:49:50Z,GB,SCT,True,influencer
000043689b03,102992,1,2026-04-06T15:41:58Z,US,CA,True,meta_ads
000043a3c2d8,102889,1,2026-03-26T13:38:19Z,US,NY,True,influencer
000043ae2061,102597,1,2026-03-08T13:29:22Z,CA,AB,True,meta_ads
000043b2e165,100689,1,2025-09-23T13:54:14Z,US,MA,True,meta_ads
000043b87d23,101999,1,2026-01-05T13:05:32Z,US,FL,True,organic_search
000043b87dea,102180,1,2026-01-26T16:04:11Z,US,NY,False,organic_search
000043bd3e27,103744,1,2026-06-05T11:40:39Z,US,CA,True,google_ads
000043bd3eee,100295,1,2025-08-06T14:41:41Z,US,FL,False,meta_ads
000043c2daac,102810,1,2026-03-20T23:22:06Z,US,WI,True,tiktok_ads
000043c2db73,101789,1,2025-12-12T15:37:22Z,US,NJ,True,influencer
000043cd3835,102974,1,2026-04-04T20:45:25Z,US,CA,True,meta_ads
000043cd38fc,101414,1,2025-11-26T16:38:56Z,US,VA,True,organic_search
000043d795be,103464,1,2026-05-11T23:44:10Z,US,VA,True,organic_search
000043e1f347,103784,1,2026-06-09T10:03:16Z,US,OR,True,influencer
000043eb2319,103896,1,2026-06-17T11:49:32Z,US,WI,True,tiktok_ads
000043f580a2,103593,1,2026-05-23T21:58:10Z,US,TX,True,tiktok_ads
0000440fd772,100215,1,2025-07-27T02:01:56Z,US,NJ,True,influencer
0000440fd839,100077,1,2025-07-09T21:31:32Z,CA,ON,True,meta_ads
0000441a34fb,100635,1,2025-09-17T01:02:56Z,US,CA,True,influencer
00004421dc20,100387,1,2025-08-17T01:36:22Z,US,NY,True,meta_ads
0000442777de,102838,1,2026-03-21T21:57:05Z,US,TX,True,meta_ads
00004431d567,103127,1,2026-04-17T15:43:49Z,US,MN,True,meta_ads
0000443c32f0,103601,1,2026-05-24T14:05:38Z,CA,AB,False,tiktok_ads
000044469079,104001,1,2026-06-25T05:08:54Z,US,CA,True,unknown
00004450ee02,102941,1,2026-04-02T01:40:26Z,US,GA,True,google_ads
000044647b5d,103126,1,2026-04-17T11:45:09Z,AU,NSW,True,direct
0000446ed81f,101495,1,2025-11-28T03:28:25Z,US,TX,True,referral
0000446ed8e6,102653,1,2026-03-14T12:59:20Z,US,NC,True,tiktok_ads
0000447474a4,100195,1,2025-07-24T14:00:17Z,US,IN,True,referral
00004474756b,102106,1,2026-01-17T08:44:20Z,CA,QC,True,unknown
0000447935a8,102183,1,2026-01-26T19:57:11Z,GB,ENG,True,tiktok_ads
00004479366f,102498,1,2026-02-25T16:43:38Z,US,CA,False,direct
0000447ed22d,100573,1,2025-09-09T09:16:12Z,US,NY,True,meta_ads
0000447ed2f4,103831,1,2026-06-12T17:05:56Z,US,CA,True,meta_ads
000044839331,102504,1,2026-02-26T03:14:20Z,US,OR,True,meta_ads
0000448393f8,101815,1,2025-12-15T13:10:09Z,US,NJ,False,organic_search
000044892fb6,101028,1,2025-10-25T14:08:59Z,US,TX,False,meta_ads
0000448df0ba,102778,1,2026-03-19T19:51:11Z,US,AZ,True,direct
0000448df181,101253,1,2025-11-24T02:33:24Z,GB,SCT,True,meta_ads
000044938d3f,101522,1,2025-11-28T16:54:38Z,US,MA,True,meta_ads
000044984e43,103269,1,2026-04-28T02:18:39Z,US,CA,True,meta_ads
000044d37618,102558,1,2026-03-02T15:18:38Z,US,MD,True,google_ads
000044d911d6,100212,1,2025-07-26T23:51:18Z,US,FL,True,meta_ads
000044ddd3a1,102543,1,2026-02-28T21:32:34Z,US,TX,True,organic_search
000044e294a5,100413,1,2025-08-19T18:17:17Z,CA,AB,False,organic_search
000044e36f5f,100514,1,2025-09-03T14:35:43Z,US,CA,False,organic_search
000044e8312a,101650,1,2025-12-01T04:46:56Z,US,WA,False,unknown
000044ecf22e,100007,1,2025-06-11T23:31:25Z,US,NC,True,organic_search
000044edcce8,100844,1,2025-10-08T10:37:37Z,US,PA,False,influencer
000044f28dec,102577,1,2026-03-05T02:20:29Z,US,FL,True,meta_ads
000044f28eb3,101198,1,2025-11-17T01:05:30Z,US,CA,True,organic_search
000044f82a71,101193,1,2025-11-16T16:56:32Z,US,CA,False,unknown
000044fceb75,103099,1,2026-04-15T13:53:34Z,US,OR,True,referral
000044fcec3c,101477,1,2025-11-27T19:04:31Z,US,TX,True,meta_ads
0000450287fa,101657,1,2025-12-01T14:01:07Z,US,MA,True,meta_ads
0000450749c5,100497,1,2025-09-01T21:19:47Z,US,TX,True,direct
00004511a687,103987,1,2026-06-24T01:36:55Z,US,NY,True,meta_ads
0000453f8ab2,100375,1,2025-08-15T16:27:19Z,US,IN,False,meta_ads
0000453f8b79,103762,1,2026-06-07T09:59:59Z,US,TX,True,direct
00004549e83b,100603,1,2025-09-13T02:40:07Z,US,WI,False,direct
0000454cce5c,101783,1,2025-12-12T01:41:11Z,US,OH,False,meta_ads
000045572b1e,102590,1,2026-03-07T12:46:55Z,CA,BC,False,tiktok_ads
000045572be5,101259,1,2025-11-24T05:32:04Z,US,NY,False,influencer
0000456188a7,103183,1,2026-04-21T14:36:16Z,US,FL,True,referral
00004561896e,101549,1,2025-11-29T10:05:40Z,US,TN,True,meta_ads
0000456be630,103668,1,2026-05-29T10:46:04Z,US,OH,True,organic_search
0000456be6f7,100525,1,2025-09-04T11:01:12Z,US,NY,False,google_ads
0000457643b9,103732,1,2026-06-04T13:24:34Z,CA,QC,True,meta_ads
000045764480,100355,1,2025-08-13T12:22:33Z,US,IL,True,google_ads
000045942e9d,102833,1,2026-03-21T18:12:19Z,US,IL,True,unknown
0000459e8c26,102358,2,2026-02-12T16:44:46Z,US,WA,True,unknown
000045a427e4,100331,1,2025-08-11T03:18:10Z,US,CA,False,organic_search
000045a428ab,103975,1,2026-06-23T02:43:38Z,US,MN,False,organic_search
000045a8e9af,102069,1,2026-01-11T20:37:56Z,US,OR,True,direct
000045ae856d,100841,1,2025-10-08T01:21:50Z,US,MO,True,unknown
000045ae8634,103343,1,2026-05-04T12:53:50Z,US,VA,True,organic_search
000045b8e2f6,101311,1,2025-11-25T02:08:04Z,AU,QLD,True,organic_search
000045b8e3bd,103181,1,2026-04-21T12:32:09Z,US,FL,True,direct
000045c3407f,101629,1,2025-11-30T21:48:56Z,GB,SCT,True,meta_ads
00004608c516,100357,2,2025-08-13T19:19:12Z,US,MI,True,meta_ads
00004608c5dd,103983,1,2026-06-23T22:41:47Z,US,WA,True,organic_search
0000460d86e1,102090,1,2026-01-14T22:26:32Z,CA,BC,True,meta_ads
00004613229f,100557,1,2025-09-07T13:36:46Z,CA,ON,False,influencer
000046132366,103683,1,2026-05-30T15:47:14Z,GB,SCT,True,tiktok_ads
00004617e3a3,102684,1,2026-03-15T23:57:55Z,US,FL,False,google_ads
00004617e46a,101637,1,2025-12-01T00:27:47Z,US,TX,True,influencer
0000461d8028,101391,1,2025-11-26T10:21:52Z,AU,QLD,True,google_ads
0000461d80ef,103047,1,2026-04-10T14:19:01Z,US,WA,False,organic_search
00004622412c,103111,1,2026-04-16T13:10:49Z,CA,BC,False,google_ads
0000462241f3,101616,1,2025-11-30T17:15:54Z,US,NH,False,organic_search
00004627ddb1,101527,1,2025-11-28T19:42:11Z,US,TN,False,google_ads
00004627de78,102620,1,2026-03-12T00:04:12Z,US,OR,True,meta_ads
0000462c9eb5,103564,1,2026-05-21T01:10:51Z,US,NY,False,meta_ads
0000462c9f7c,100982,1,2025-10-20T17:01:01Z,US,MA,True,meta_ads
000046323b3a,102196,1,2026-01-28T15:28:36Z,US,FL,False,meta_ads
00004636fc3e,103860,1,2026-06-14T20:20:14Z,US,AZ,True,direct
00004636fd05,100283,1,2025-08-05T03:10:24Z,CA,QC,True,influencer
0000463c98c3,102405,1,2026-02-16T05:39:52Z,US,FL,True,meta_ads
0000467c819c,101772,1,2025-12-10T18:19:37Z,US,CA,False,meta_ads
00004686df25,101589,1,2025-11-30T01:07:28Z,US,MD,False,referral
0000468c7ae3,101363,1,2025-11-25T20:11:58Z,AU,NSW,False,direct
000046913be7,103320,1,2026-05-02T21:10:47Z,US,NY,True,organic_search
000046913cae,100822,1,2025-10-05T16:48:34Z,US,WI,False,referral
00004696d86c,102101,1,2026-01-16T12:41:09Z,US,PA,False,organic_search
0000469b9970,103953,1,2026-06-21T20:50:45Z,US,OR,False,direct
0000469b9a37,100439,1,2025-08-23T22:35:08Z,US,OH,True,meta_ads
000046a135f5,102288,1,2026-02-06T20:20:02Z,US,AZ,True,google_ads
000046a5f7c0,100014,1,2025-07-01T16:55:53Z,US,CO,True,google_ads
000046ab937e,102916,1,2026-03-29T22:37:55Z,US,IL,True,meta_ads
000046c97d9b,100238,2,2025-07-29T21:24:02Z,US,MN,False,meta_ads
000046c97e62,100307,1,2025-08-08T10:04:57Z,US,CA,True,meta_ads
000046d3db24,100566,1,2025-09-08T16:00:18Z,US,CO,False,meta_ads
000046d3dbeb,103999,1,2026-06-25T02:59:01Z,US,TX,False,tiktok_ads
000046de38ad,100493,1,2025-09-01T13:56:29Z,US,NY,True,meta_ads
000046de3974,103209,1,2026-04-23T00:19:11Z,US,GA,True,influencer
000046e89636,101105,1,2025-11-04T00:37:45Z,US,MA,False,direct
000046e896fd,102743,1,2026-03-18T10:18:42Z,US,MI,False,organic_search
000046ee32bb,100132,1,2025-07-16T17:40:09Z,US,NC,True,meta_ads
000046f2f3bf,101934,1,2025-12-29T16:09:46Z,US,TN,True,influencer
000046f5d9e0,101077,1,2025-10-30T14:33:48Z,US,VA,True,meta_ads
0000470036a2,103803,1,2026-06-10T22:54:05Z,CA,ON,True,meta_ads
000047003769,100395,1,2025-08-18T11:04:10Z,CA,QC,False,referral
0000470a94f2,100100,1,2025-07-12T15:54:22Z,US,AZ,False,meta_ads
0000472e1b94,103840,1,2026-06-13T13:05:32Z,US,TX,True,organic_search
00004738791d,103512,1,2026-05-15T18:25:24Z,US,VA,True,google_ads
0000473d3a21,101666,1,2025-12-01T19:09:47Z,US,GA,False,google_ads
00004742d5df,100829,1,2025-10-07T02:45:52Z,US,NY,True,organic_search
00004742d6a6,103156,1,2026-04-19T12:19:09Z,AU,QLD,True,google_ads
0000474797aa,101449,1,2025-11-27T12:02:34Z,US,CA,True,meta_ads
0000474d3368,101110,1,2025-11-04T12:47:08Z,AU,NSW,True,organic_search
0000474d342f,102796,1,2026-03-20T11:31:36Z,US,MA,True,tiktok_ads
00004751f533,100788,1,2025-10-02T14:44:38Z,US,CO,True,unknown
00004752cfed,100033,1,2025-07-03T23:47:11Z,US,WI,True,referral
0000475790f1,101889,1,2025-12-21T23:03:33Z,US,OH,True,organic_search
0000475791b8,102544,1,2026-02-28T23:12:01Z,US,OH,True,organic_search
0000475c52bc,100668,1,2025-09-20T01:39:50Z,US,IN,True,tiktok_ads
0000475d2d76,100264,1,2025-08-02T05:49:51Z,US,CA,True,meta_ads
00004761ee7a,102275,1,2026-02-06T00:40:59Z,US,CA,True,referral
00004761ef41,102097,1,2026-01-15T21:34:27Z,US,NJ,True,influencer
00004766b045,100147,1,2025-07-19T00:41:41Z,US,CA,False,google_ads
0000476c4c03,102619,1,2026-03-11T23:09:39Z,US,MA,False,tiktok_ads
000047a773d8,103212,1,2026-04-23T06:22:01Z,US,CO,True,tiktok_ads
000047b1d09a,101348,1,2025-11-25T14:31:25Z,US,CA,True,direct
000047b1d161,102799,1,2026-03-20T14:49:10Z,US,TX,True,organic_search
000047b69265,100940,1,2025-10-17T01:06:45Z,US,OR,False,meta_ads
000047bc2e23,101922,1,2025-12-28T03:01:13Z,US,NJ,True,referral
000047bc2eea,102400,1,2026-02-15T20:30:41Z,US,FL,True,meta_ads
000047c0ef27,103946,1,2026-06-21T13:46:33Z,US,FL,False,tiktok_ads
000047c0efee,100510,1,2025-09-03T04:10:34Z,US,AZ,True,influencer
000047c68bac,102411,1,2026-02-16T17:47:25Z,US,MA,True,organic_search
000047c68c73,102217,1,2026-01-31T04:53:52Z,US,FL,False,meta_ads
000047cb4cb0,102944,1,2026-04-02T04:50:28Z,US,OR,True,meta_ads
000047cb4d77,100145,1,2025-07-18T02:52:30Z,US,VA,True,google_ads
000047d0e935,102830,1,2026-03-21T15:11:36Z,US,MN,False,tiktok_ads
000047d0e9fc,100896,1,2025-10-12T19:46:13Z,US,MI,False,direct
000047db46be,102998,1,2026-04-06T22:30:34Z,US,CA,True,referral
000047f931a2,103902,1,2026-06-18T04:21:05Z,US,WA,False,tiktok_ads
000048038f2b,103614,1,2026-05-25T15:32:04Z,US,CA,False,google_ads
0000480decb4,103146,1,2026-04-18T16:15:44Z,US,NY,True,meta_ads
0000481de5fb,100021,1,2025-07-02T11:53:44Z,US,WI,True,influencer
000048258d20,100723,1,2025-09-26T12:29:59Z,US,CA,False,unknown
0000482fe9e2,100938,1,2025-10-16T22:39:21Z,US,FL,True,meta_ads
0000482feaa9,100218,1,2025-07-27T13:09:56Z,CA,QC,True,meta_ads
0000483fe3f0,102999,1,2026-04-06T23:06:50Z,US,CO,True,meta_ads
0000484a4179,103123,1,2026-04-17T03:01:05Z,US,MO,False,meta_ads
000048549f02,103891,1,2026-06-17T02:39:41Z,US,AZ,True,tiktok_ads
000048682c5d,103319,1,2026-05-02T18:29:54Z,US,MI,True,meta_ads
00004872891f,101127,1,2025-11-06T16:22:38Z,US,FL,True,direct
0000487289e6,102982,1,2026-04-05T12:24:50Z,US,GA,True,meta_ads
0000487ce6a8,100994,1,2025-10-21T18:09:48Z,US,CA,False,google_ads
0000487ce76f,102697,1,2026-03-16T14:25:55Z,US,FL,True,direct
00004882832d,100267,1,2025-08-02T13:37:58Z,US,FL,False,meta_ads
0000488283f4,103780,1,2026-06-08T16:13:44Z,US,FL,True,unknown
000048874431,102121,1,2026-01-19T02:07:57Z,US,FL,True,meta_ads
0000488744f8,102133,1,2026-01-20T03:02:34Z,US,MI,True,google_ads
0000488ce0b6,100556,1,2025-09-07T11:43:26Z,US,NJ,True,unknown
00004891a1ba,102302,1,2026-02-07T23:36:44Z,US,TX,False,organic_search
00004891a281,101746,1,2025-12-08T22:48:01Z,US,VA,False,influencer
0000489bff43,102644,1,2026-03-14T02:52:28Z,US,IL,False,google_ads
000048d72718,102943,1,2026-04-02T03:35:07Z,US,AZ,True,google_ads
000048e183da,101696,1,2025-12-04T00:48:06Z,US,FL,False,organic_search
000048e184a1,102561,1,2026-03-03T01:12:31Z,US,FL,False,direct
000048e645a5,100819,1,2025-10-05T13:52:29Z,US,MA,False,meta_ads
000048e7205f,100293,1,2025-08-06T12:56:07Z,US,FL,True,tiktok_ads
000048ebe163,102211,1,2026-01-30T21:13:19Z,US,TX,False,meta_ads
000048ebe22a,102209,1,2026-01-30T11:27:57Z,US,TX,True,tiktok_ads
000048f0a32e,100359,1,2025-08-13T23:37:06Z,US,NJ,True,organic_search
000048f17de8,100750,1,2025-09-29T17:13:41Z,US,CA,True,meta_ads
000048f63eec,102228,1,2026-02-01T13:13:38Z,US,NC,True,meta_ads
000048f63fb3,101910,1,2025-12-26T08:59:51Z,US,WA,True,organic_search
000048fbdb71,101181,1,2025-11-14T12:16:30Z,US,TX,False,organic_search
000049009c75,103198,1,2026-04-22T11:42:57Z,US,NY,True,direct
000049009d3c,101238,1,2025-11-23T14:37:11Z,US,MI,True,unknown
0000490638fa,101208,1,2025-11-18T10:34:33Z,US,VA,True,google_ads
0000490af9fe,103340,1,2026-05-04T08:21:59Z,US,IN,True,meta_ads
000049155787,103734,1,2026-06-04T15:39:33Z,US,NY,False,organic_search
000049433bb2,100236,1,2025-07-29T12:55:18Z,GB,ENG,False,meta_ads
0000494d993b,100352,1,2025-08-12T19:53:17Z,US,FL,False,meta_ads
000049507f5c,102139,1,2026-01-21T10:41:10Z,US,CA,True,organic_search
000049554060,100184,1,2025-07-22T15:04:47Z,US,NC,True,influencer
0000495adc1e,102631,1,2026-03-13T11:25:21Z,US,CA,False,direct
0000495adce5,101712,1,2025-12-05T01:05:39Z,US,NY,True,influencer
0000496539a7,103124,1,2026-04-17T10:55:08Z,US,TN,False,meta_ads
000049653a6e,101227,1,2025-11-21T22:55:57Z,US,NJ,False,meta_ads
0000496f9730,103336,1,2026-05-04T01:50:05Z,GB,WLS,True,organic_search
0000496f97f7,100859,1,2025-10-09T13:31:20Z,CA,ON,False,organic_search
00004979f4b9,104027,1,2026-06-27T12:31:09Z,US,NC,False,meta_ads
00004979f580,100492,1,2025-09-01T12:58:05Z,US,TX,True,unknown
000049845242,101698,1,2025-12-04T01:31:02Z,US,NY,True,meta_ads
00004997df9d,103061,1,2026-04-11T13:15:47Z,US,MD,False,organic_search
000049a23d26,102560,1,2026-03-02T22:47:49Z,US,FL,True,referral
000049a7d8e4,100246,1,2025-07-30T22:07:22Z,US,PA,True,google_ads
000049a7d9ab,102870,1,2026-03-24T18:42:52Z,US,MA,True,meta_ads
000049ac9aaf,102525,1,2026-02-27T15:16:12Z,US,CA,True,influencer
000049b2366d,100730,1,2025-09-27T08:45:00Z,US,NC,True,organic_search
000049b23734,104054,1,2026-06-30T04:47:06Z,US,AZ,True,organic_search
000049b6f838,102208,1,2026-01-30T10:31:08Z,US,TX,True,unknown
000049bc93f6,100979,1,2025-10-20T13:46:33Z,US,NJ,True,referral
000049c155c1,101321,1,2025-11-25T04:47:38Z,US,WA,True,direct
000049c6f17f,101216,1,2025-11-19T20:12:17Z,US,CA,True,referral
00004a06da58,102580,2,2026-03-05T22:34:10Z,US,CO,False,meta_ads
00004a0c7616,100156,1,2025-07-19T15:54:26Z,AU,VIC,False,meta_ads
00004a0c76dd,103024,1,2026-04-08T22:18:25Z,US,MI,True,meta_ads
00004a1137e1,102444,1,2026-02-20T11:48:04Z,US,CA,True,direct
00004a16d39f,100495,1,2025-09-01T15:34:01Z,AU,QLD,True,google_ads
00004a16d466,104004,1,2026-06-25T09:38:48Z,US,TX,False,organic_search
00004a1b94a3,102371,1,2026-02-13T20:35:38Z,US,IN,True,google_ads
00004a1b956a,102157,1,2026-01-24T03:23:20Z,US,MN,False,referral
00004a213128,101024,1,2025-10-25T08:30:37Z,US,NY,True,tiktok_ads
00004a2131ef,103383,1,2026-05-06T17:43:27Z,US,IL,True,influencer
00004a25f22c,102835,1,2026-03-21T20:50:04Z,US,CA,True,meta_ads
00004a25f2f3,101357,1,2025-11-25T17:28:07Z,US,IL,True,meta_ads
00004a2b8eb1,101323,1,2025-11-25T07:08:45Z,US,CO,True,google_ads
00004a2b8f78,103044,1,2026-04-10T11:57:51Z,US,WI,False,unknown
00004a304fb5,103056,1,2026-04-11T01:39:37Z,US,MD,False,meta_ads
00004a30507c,101459,1,2025-11-27T14:24:34Z,US,TX,False,influencer
00004a35ec3a,101849,1,2025-12-17T23:23:20Z,US,OH,False,meta_ads
00004a3aad3e,103497,1,2026-05-14T03:39:24Z,US,IL,False,meta_ads
00004a3aae05,100585,1,2025-09-10T21:54:38Z,US,CA,True,meta_ads
00004a450ac7,103842,1,2026-06-13T15:34:38Z,US,TX,False,google_ads
00004a80329c,102089,1,2026-01-14T19:13:48Z,US,OR,True,meta_ads
00004a8a8f5e,102681,1,2026-03-15T22:27:27Z,US,TX,True,tiktok_ads
00004a8a9025,101211,1,2025-11-18T17:19:30Z,US,FL,True,organic_search
00004a94ece7,103284,1,2026-04-29T15:11:07Z,AU,WA,False,direct
00004a94edae,101312,2,2025-11-25T02:14:32Z,US,FL,True,organic_search
00004a9a896c,101773,1,2025-12-10T18:24:57Z,CA,BC,True,tiktok_ads
00004a9f4a70,103421,1,2026-05-08T21:16:52Z,GB,ENG,False,organic_search
00004a9f4b37,100558,1,2025-09-07T14:19:49Z,GB,WLS,True,direct
00004aa4e6f5,102043,1,2026-01-09T11:38:05Z,US,MI,True,organic_search
00004aa9a7f9,103802,1,2026-06-10T22:51:32Z,US,TX,False,tiktok_ads
00004aa9a8c0,100451,1,2025-08-25T20:09:13Z,US,CA,False,google_ads
00004aaf447e,102629,1,2026-03-12T23:46:40Z,US,NJ,True,organic_search
00004ad78c24,100341,1,2025-08-11T22:37:12Z,US,MO,True,organic_search
00004ad78ceb,103888,1,2026-06-16T18:05:06Z,AU,VIC,False,meta_ads
00004ae1e9ad,100621,1,2025-09-15T06:46:35Z,US,TX,True,meta_ads
00004ae1ea74,103545,1,2026-05-18T21:43:38Z,US,PA,True,unknown
00004aec4736,101571,1,2025-11-29T15:49:49Z,US,CA,True,organic_search
00004aec47fd,103275,1,2026-04-28T17:12:50Z,US,NY,False,organic_search
00004af6a4bf,101619,1,2025-11-30T19:31:02Z,US,GA,False,meta_ads
00004b03e7a2,103443,1,2026-05-10T10:10:55Z,US,NY,False,direct
00004b03e869,100617,1,2025-09-14T22:21:43Z,US,VA,False,organic_search
00004b0e452b,103811,1,2026-06-11T02:25:36Z,CA,BC,True,organic_search
00004b0e45f2,100474,1,2025-08-29T00:44:42Z,US,MN,True,organic_search
00004b3c2956,100405,1,2025-08-19T05:35:16Z,GB,WLS,False,influencer
00004b3c2a1d,103977,1,2026-06-23T09:50:04Z,US,IL,True,meta_ads
00004b40eb21,101997,1,2026-01-05T12:08:02Z,CA,QC,False,tiktok_ads
00004b4686df,100426,1,2025-08-21T20:18:58Z,US,NJ,True,meta_ads
00004b4687a6,103605,1,2026-05-24T21:56:15Z,US,MI,True,google_ads
00004b4b48aa,101182,1,2025-11-14T15:18:18Z,US,NC,True,organic_search
00004b50e468,101128,1,2025-11-06T17:30:19Z,US,DE,True,organic_search
00004b50e52f,103019,1,2026-04-08T17:13:06Z,US,PA,True,referral
00004b55a633,101114,1,2025-11-05T10:44:05Z,US,NC,False,meta_ads
00004b5b41f1,101613,1,2025-11-30T16:31:38Z,US,MN,True,google_ads
00004b5b42b8,102879,1,2026-03-25T19:17:25Z,US,WI,True,meta_ads
00004b6003bc,100725,1,2025-09-26T17:41:55Z,US,NH,True,meta_ads
00004b60de76,100210,1,2025-07-26T20:32:51Z,US,MN,False,direct
00004b659f7a,102149,1,2026-01-22T21:34:05Z,CA,BC,True,meta_ads
00004b6a6145,100647,1,2025-09-18T00:25:46Z,US,CA,True,meta_ads
00004bab24d8,103531,1,2026-05-17T09:18:03Z,US,FL,False,meta_ads
00004bafe5dc,101756,1,2025-12-09T14:53:15Z,US,FL,False,meta_ads
00004bb5819a,101314,1,2025-11-25T02:24:03Z,US,CA,True,meta_ads
00004bb58261,103052,1,2026-04-10T19:54:08Z,US,NY,False,google_ads
00004bba4365,101596,1,2025-11-30T10:40:01Z,US,NY,False,influencer
00004bbfdf23,101547,1,2025-11-29T08:22:49Z,US,TN,False,referral
00004bbfdfea,102884,1,2026-03-26T06:35:27Z,CA,ON,True,influencer
00004bc4a027,103396,1,2026-05-07T03:45:29Z,US,OH,True,unknown
00004bc4a0ee,100981,1,2025-10-20T16:02:41Z,US,WA,False,direct
00004bca3cac,102082,1,2026-01-13T03:50:55Z,US,IL,False,google_ads
00004bca3d73,102294,1,2026-02-07T03:43:44Z,CA,AB,True,google_ads
00004bcefdb0,103707,1,2026-06-02T11:03:15Z,US,NY,True,influencer
00004bcefe77,100676,1,2025-09-21T13:31:14Z,US,OH,True,organic_search
00004bd49a35,102526,1,2026-02-27T19:43:09Z,US,TX,True,organic_search
00004bd49afc,101777,1,2025-12-11T15:14:15Z,US,WI,True,google_ads
00004bd95b39,101592,1,2025-11-30T06:38:23Z,US,CO,True,meta_ads
00004bd95c00,100134,1,2025-07-17T01:40:13Z,US,MO,False,unknown
00004bdef7be,102867,1,2026-03-24T13:06:37Z,US,MO,True,meta_ads
00004bfce2a2,103100,1,2026-04-15T15:13:46Z,US,TX,True,meta_ads
00004c07402b,103870,1,2026-06-15T11:10:45Z,CA,AB,False,referral
00004c119db4,103589,1,2026-05-23T14:28:12Z,US,VA,False,direct
00004c1bfb3d,103190,1,2026-04-21T22:45:56Z,CA,ON,False,google_ads
00004c293e20,100903,1,2025-10-13T03:01:43Z,US,CA,True,google_ads
00004c339ae2,104042,1,2026-06-29T02:43:11Z,US,TX,True,organic_search
00004c339ba9,100554,1,2025-09-07T03:43:58Z,US,MN,True,google_ads
00004c3df86b,102239,1,2026-02-02T14:13:33Z,US,CA,True,organic_search
00004c3df932,100237,1,2025-07-29T21:08:19Z,US,NY,True,meta_ads
00004c585002,103325,1,2026-05-02T23:56:32Z,US,WA,False,organic_search
00004c617fd4,102417,1,2026-02-17T09:42:51Z,US,OH,True,referral
00004c6bdd5d,103876,1,2026-06-16T01:20:09Z,US,FL,True,tiktok_ads
00004c763a1f,100956,1,2025-10-18T16:37:08Z,US,CA,False,organic_search
00004c763ae6,103419,1,2026-05-08T20:32:53Z,US,NC,True,meta_ads
00004c8097a8,101240,1,2025-11-23T18:55:42Z,US,OR,False,direct
00004c80986f,103085,1,2026-04-14T02:56:38Z,US,CO,False,unknown
00004c8af531,101933,1,2025-12-29T15:00:50Z,US,IN,True,tiktok_ads
00004c8af5f8,102622,1,2026-03-12T15:03:12Z,CA,AB,True,referral
00004c9091b6,100442,1,2025-08-24T04:16:21Z,US,FL,True,direct
00004c9552ba,102115,1,2026-01-18T13:08:18Z,US,NY,False,google_ads
00004c9fb043,102651,1,2026-03-14T11:10:54Z,CA,QC,True,meta_ads
00004cdad818,103431,1,2026-05-09T15:37:01Z,US,CA,False,meta_ads
00004cdf991c,101248,1,2025-11-24T01:33:12Z,US,MI,True,meta_ads
00004ce534da,101236,1,2025-11-23T00:10:38Z,US,TX,False,google_ads
00004ce535a1,103238,1,2026-04-25T14:26:48Z,US,NY,True,unknown
00004ce9f6a5,101118,1,2025-11-05T15:46:22Z,US,CO,True,referral
00004cef9263,101844,1,2025-12-17T14:34:58Z,US,MA,False,unknown
00004cef932a,102297,1,2026-02-07T14:40:58Z,US,MN,True,direct
00004cf4542e,100500,1,2025-09-02T04:14:16Z,US,VA,True,influencer
00004cf9efec,102107,1,2026-01-17T11:46:12Z,US,AZ,False,meta_ads
00004cf9f0b3,102191,1,2026-01-28T03:15:08Z,US,WA,False,unknown
00004cfeb1b7,100421,1,2025-08-20T15:54:23Z,US,CO,False,meta_ads
00004cff8c71,100811,1,2025-10-04T18:02:50Z,GB,ENG,True,meta_ads
00004d044d75,102594,1,2026-03-08T01:49:53Z,AU,NSW,False,tiktok_ads
00004d044e3c,101823,1,2025-12-16T09:35:30Z,US,TX,True,meta_ads
00004d09e9fa,101247,1,2025-11-24T01:25:37Z,US,MA,True,organic_search
00004d0eaafe,103037,1,2026-04-09T20:01:37Z,US,FL,True,influencer
00004d514a3b,100059,1,2025-07-08T09:34:26Z,US,FL,False,meta_ads
00004d58f160,100584,1,2025-09-10T19:12:17Z,US,FL,False,influencer
00004d5e8d1e,102079,1,2026-01-12T13:20:07Z,US,MA,True,direct
00004d5e8de5,102046,1,2026-01-09T13:06:29Z,CA,AB,True,organic_search
00004d634e22,103818,1,2026-06-11T13:48:24Z,US,TX,False,unknown
00004d634ee9,100446,1,2025-08-25T02:55:00Z,US,CA,True,google_ads
00004d68eaa7,102694,1,2026-03-16T12:32:18Z,US,NY,True,google_ads
00004d68eb6e,101752,1,2025-12-09T10:02:11Z,CA,BC,True,tiktok_ads
00004d734830,103224,1,2026-04-24T01:22:33Z,US,WI,True,unknown
00004d7348f7,101621,1,2025-11-30T20:34:08Z,GB,ENG,False,referral
00004d7da5b9,103297,1,2026-05-01T00:49:50Z,US,TX,True,influencer
00004d7da680,100984,1,2025-10-20T19:57:26Z,US,CA,False,google_ads
00004d880342,104050,1,2026-06-29T20:51:45Z,US,WI,True,organic_search
00004d9b909d,103460,1,2026-05-11T03:59:50Z,US,OH,True,google_ads
00004da5ee26,103071,1,2026-04-12T14:54:40Z,US,MN,True,tiktok_ads
00004db04baf,102790,1,2026-03-20T04:15:34Z,US,CA,False,influencer
00004db5e76d,100108,1,2025-07-13T05:10:54Z,US,CA,False,meta_ads
00004db5e834,101169,1,2025-11-12T21:20:32Z,US,MA,True,unknown
00004dbaa938,102430,1,2026-02-18T18:54:35Z,US,CA,False,meta_ads
00004dc044f6,100666,1,2025-09-20T01:28:37Z,AU,VIC,True,google_ads
00004dc506c1,101846,1,2025-12-17T17:23:52Z,GB,SCT,True,meta_ads
00004e0a8b58,103012,1,2026-04-07T23:19:00Z,US,OR,True,google_ads
00004e14e81a,101445,1,2025-11-27T08:13:45Z,US,TN,True,influencer
00004e14e8e1,102825,1,2026-03-21T10:41:49Z,US,MO,True,meta_ads
00004e1a849f,100249,1,2025-07-31T12:01:55Z,US,TX,False,organic_search
00004e1a8566,100347,1,2025-08-12T12:36:05Z,US,NY,True,meta_ads
00004e1f45a3,102142,1,2026-01-21T13:49:44Z,US,CA,True,referral
00004e1f466a,102435,1,2026-02-19T08:19:20Z,US,NJ,True,referral
00004e24e228,100630,1,2025-09-16T13:36:39Z,US,MA,True,referral
00004e24e2ef,103772,1,2026-06-08T00:37:45Z,US,TX,True,meta_ads
00004e29a32c,102433,1,2026-02-19T04:45:52Z,US,CA,True,google_ads
00004e29a3f3,101701,1,2025-12-04T02:22:54Z,US,NH,False,influencer
00004e2f3fb1,100804,1,2025-10-04T11:06:08Z,CA,QC,True,organic_search
00004e2f4078,103541,1,2026-05-18T02:29:30Z,US,TX,True,organic_search
00004e3400b5,102582,1,2026-03-06T20:31:13Z,US,TX,True,google_ads
00004e34017c,101486,1,2025-11-27T21:42:02Z,US,CA,True,influencer
00004e399d3a,101170,1,2025-11-13T00:27:05Z,US,CA,True,tiktok_ads
00004e3e5e3e,103145,1,2026-04-18T15:35:47Z,US,CO,True,organic_search
00004e48bbc7,103501,1,2026-05-14T13:09:05Z,US,TX,False,unknown
00004e83e39c,102234,1,2026-02-02T01:45:02Z,US,MA,False,organic_search
00004e88a4a0,100326,1,2025-08-10T21:19:08Z,US,WI,False,tiktok_ads
00004e8e405e,102282,1,2026-02-06T12:48:07Z,CA,ON,True,influencer
00004e8e4125,101788,1,2025-12-12T14:51:50Z,US,NC,False,google_ads
00004e930229,100120,1,2025-07-15T02:05:07Z,US,CA,True,organic_search
00004e989de7,102279,1,2026-02-06T09:05:02Z,CA,QC,False,influencer
00004e989eae,101536,1,2025-11-28T23:12:27Z,US,GA,False,organic_search
00004ea2fb70,103076,1,2026-04-13T02:01:28Z,US,CA,False,meta_ads
00004ea2fc37,100986,1,2025-10-21T00:52:05Z,US,VA,True,meta_ads
00004ead58f9,103487,1,2026-05-13T14:46:40Z,GB,ENG,True,google_ads
00004ead59c0,100536,1,2025-09-06T07:24:40Z,US,FL,True,organic_search
00004eb2f57e,101989,1,2026-01-04T22:30:51Z,US,VA,True,meta_ads
00004eb7b682,100041,1,2025-07-05T10:16:24Z,US,MN,True,unknown
00004edb3d24,100037,1,2025-07-04T18:06:19Z,US,CA,True,google_ads
00004ee59aad,100394,1,2025-08-17T17:47:57Z,US,CA,True,meta_ads
00004ee59b74,103964,1,2026-06-22T03:55:37Z,US,IL,False,google_ads
00004eeff836,100830,1,2025-10-07T05:15:44Z,US,CO,True,google_ads
00004efa55bf,101088,1,2025-11-01T12:24:16Z,US,CA,False,meta_ads
00004f0798a2,103073,1,2026-04-12T23:51:09Z,US,IL,False,tiktok_ads
00004f11f62b,103725,1,2026-06-03T23:45:02Z,US,VA,True,organic_search
00004f11f6f2,100633,1,2025-09-16T20:09:37Z,US,GA,True,google_ads
00004f1c53b4,101308,1,2025-11-25T01:37:36Z,US,CA,True,direct
00004f1c547b,100248,1,2025-07-31T04:21:15Z,US,WA,False,influencer
00004f3a3e98,102736,1,2026-03-18T00:21:41Z,US,TX,False,tiktok_ads
00004f3fda56,100245,1,2025-07-30T18:21:13Z,US,FL,False,organic_search
00004f449c21,102244,1,2026-02-02T21:13:05Z,US,PA,False,google_ads
00004f4a37df,100429,1,2025-08-22T12:03:23Z,US,NC,True,meta_ads
00004f4a38a6,103701,1,2026-06-01T22:50:55Z,US,MA,True,meta_ads
00004f4ef9aa,101981,1,2026-01-04T10:48:20Z,US,MN,True,meta_ads
00004f549568,101015,1,2025-10-24T10:06:41Z,US,CA,True,influencer
00004f54962f,103583,1,2026-05-23T07:10:59Z,US,PA,True,direct
00004f595733,101774,1,2025-12-11T01:21:44Z,US,CA,True,organic_search
00004f5ef2f1,101411,1,2025-11-26T15:46:08Z,US,MA,True,meta_ads
00004f5ef3b8,103016,1,2026-04-08T09:59:57Z,US,TX,False,tiktok_ads
00004f63b4bc,101387,1,2025-11-26T03:31:58Z,US,CA,True,tiktok_ads
00004f69507a,101932,1,2025-12-29T05:21:13Z,US,NY,False,organic_search
00004fb396dc,102156,1,2026-01-24T01:35:03Z,US,OH,False,meta_ads
00004fb9329a,100919,1,2025-10-14T13:04:27Z,US,PA,False,organic_search
00004fb93361,103450,1,2026-05-10T17:43:37Z,US,NY,True,influencer
00004fbdf39e,102851,1,2026-03-22T16:35:15Z,US,AZ,True,meta_ads
00004fbdf465,101534,1,2025-11-28T22:45:39Z,US,OH,False,meta_ads
00004fc39023,101341,1,2025-11-25T13:41:18Z,US,FL,True,unknown
00004fc390ea,103221,1,2026-04-23T22:16:09Z,US,NC,True,referral
00004fc85127,103216,1,2026-04-23T14:23:57Z,US,NJ,False,google_ads
00004fc851ee,101427,1,2025-11-26T22:04:04Z,GB,SCT,False,influencer
00004fcdedac,101784,1,2025-12-12T01:48:35Z,US,IN,True,influencer
00004fcdee73,102846,1,2026-03-22T08:28:43Z,US,NY,False,google_ads
00004fd2aeb0,103371,1,2026-05-05T22:23:22Z,US,NY,True,influencer
00004fd2af77,101004,1,2025-10-23T00:44:49Z,US,TX,True,google_ads
00004fd84b35,102012,1,2026-01-06T15:37:03Z,US,CO,True,organic_search
00004fd84bfc,102456,1,2026-02-21T13:01:29Z,US,CA,False,unknown
00004fdd0c39,103731,1,2026-06-04T13:16:34Z,US,TX,False,direct
00004fdd0d00,100278,1,2025-08-04T11:57:13Z,US,NY,False,meta_ads
00004fe2a8be,102235,1,2026-02-02T03:37:49Z,US,CA,False,organic_search
0000500af12b,101558,1,2025-11-29T13:09:25Z,CA,BC,True,meta_ads
000050154eb4,103500,1,2026-05-14T11:07:33Z,GB,SCT,True,direct
0000501fac3d,103008,1,2026-04-07T20:16:09Z,US,OH,True,direct
0000502cef20,101286,1,2025-11-24T17:20:16Z,US,TX,False,tiktok_ads
000050374be2,103658,1,2026-05-28T12:27:03Z,US,TX,True,influencer
000050374ca9,100783,1,2025-10-01T20:25:47Z,US,NY,False,direct
00005041a96b,103957,1,2026-06-21T21:58:55Z,US,FL,True,meta_ads
00005041aa32,100279,1,2025-08-04T15:01:47Z,US,OH,True,meta_ads
0000506f8d96,100006,1,2025-06-10T14:52:04Z,US,MI,False,organic_search
0000506f8e5d,104026,1,2026-06-27T10:35:06Z,US,FL,True,unknown
00005079eb1f,100691,1,2025-09-23T15:49:55Z,US,TN,False,organic_search
00005079ebe6,103591,1,2026-05-23T19:16:34Z,AU,QLD,True,direct
0000508448a8,100949,1,2025-10-18T00:40:29Z,US,IL,True,meta_ads
00005084496f,103027,1,2026-04-09T01:53:14Z,US,FL,False,meta_ads
0000508ea631,101133,1,2025-11-07T08:38:28Z,US,NJ,False,google_ads
0000508ea6f8,102626,1,2026-03-12T21:12:08Z,US,CA,False,unknown
0000509442b6,100102,1,2025-07-12T18:49:00Z,US,CA,True,organic_search
0000509903ba,101735,1,2025-12-07T14:02:52Z,US,PA,True,tiktok_ads
000050a6469d,103809,1,2026-06-11T01:55:30Z,US,IL,True,meta_ads
000050de8918,103455,1,2026-05-11T00:07:27Z,GB,ENG,True,meta_ads
000050e34a1c,101858,1,2025-12-18T21:49:17Z,GB,WLS,False,unknown
000050e8e5da,101275,1,2025-11-24T14:27:25Z,US,CA,False,meta_ads
000050e8e6a1,103262,1,2026-04-27T15:47:45Z,US,DE,False,organic_search
000050eda7a5,101356,1,2025-11-25T16:56:36Z,US,MN,True,organic_search
000050f34363,101473,1,2025-11-27T17:48:51Z,US,WI,True,meta_ads
000050f3442a,102591,1,2026-03-07T14:12:19Z,US,GA,False,organic_search
000050f8052e,101010,1,2025-10-23T21:43:31Z,US,PA,True,tiktok_ads
000050fda0ec,101914,1,2025-12-27T12:02:49Z,US,CA,False,organic_search
000050fda1b3,102232,1,2026-02-01T23:33:05Z,US,NY,True,influencer
0000510262b7,100275,1,2025-08-04T00:44:52Z,US,TX,False,organic_search
00005107fe75,102289,1,2026-02-06T21:32:37Z,US,NJ,True,organic_search
00005107ff3c,102035,1,2026-01-08T17:00:40Z,US,TX,True,tiktok_ads
0000510cc040,100142,1,2025-07-17T17:05:59Z,AU,WA,True,meta_ads
0000510d9afa,100806,1,2025-10-04T13:18:33Z,CA,AB,False,google_ads
000051125bfe,102722,1,2026-03-17T13:50:19Z,US,IL,True,google_ads
0000515ca260,100961,1,2025-10-19T10:14:02Z,GB,WLS,True,referral
000051623e1e,101700,1,2025-12-04T01:55:14Z,US,VA,False,influencer
00005166ff22,103864,1,2026-06-15T00:24:26Z,US,CA,False,direct
00005166ffe9,100522,1,2025-09-04T05:17:51Z,US,IL,True,meta_ads
0000516c9ba7,102328,1,2026-02-09T20:15:41Z,US,NY,False,meta_ads
000051715cab,100128,1,2025-07-16T03:25:36Z,US,MO,True,meta_ads
000051715d72,100123,1,2025-07-15T13:45:33Z,US,TX,False,google_ads
00005176f930,102783,1,2026-03-19T22:43:18Z,US,NY,True,tiktok_ads
00005176f9f7,101152,1,2025-11-09T16:40:36Z,US,FL,False,referral
0000518156b9,102988,1,2026-04-05T23:04:00Z,US,IN,True,google_ads
0000518bb442,103646,1,2026-05-27T17:03:01Z,US,TN,True,organic_search
00005194e414,102381,1,2026-02-14T14:05:33Z,US,CA,True,referral
0000519f419d,103595,1,2026-05-24T00:30:34Z,US,MD,True,unknown
000051a99f26,103684,1,2026-05-30T20:34:25Z,US,CO,True,meta_ads
000051b3fcaf,103017,1,2026-04-08T11:38:53Z,US,OR,True,meta_ads
000051be5a38,102826,1,2026-03-21T11:18:06Z,US,IL,True,tiktok_ads
000051c3f5f6,100300,1,2025-08-07T10:44:39Z,US,WA,True,direct
000051cb9d1b,100760,1,2025-09-30T13:04:32Z,US,NC,False,direct
000051d5faa4,100143,1,2025-07-17T19:23:04Z,US,IL,True,meta_ads
0000520e3c58,103565,1,2026-05-21T02:36:09Z,US,GA,True,organic_search
00005218991a,101447,1,2025-11-27T10:34:07Z,US,TN,True,google_ads
0000521899e1,103151,1,2026-04-19T00:55:36Z,US,IL,False,unknown
00005222f6a3,101921,1,2025-12-28T02:15:58Z,US,PA,True,organic_search
00005222f76a,102690,1,2026-03-16T09:23:03Z,US,OH,True,influencer
000052289328,100473,1,2025-08-28T21:34:34Z,US,CA,True,direct
0000522893ef,104045,1,2026-06-29T04:56:19Z,CA,BC,True,direct
0000522d542c,102070,1,2026-01-11T21:55:06Z,US,MA,True,organic_search
0000522d54f3,101979,1,2026-01-04T01:49:20Z,US,CA,True,meta_ads
00005232f0b1,100679,1,2025-09-21T23:11:18Z,US,FL,True,meta_ads
00005237b1b5,102546,1,2026-03-01T07:08:43Z,US,AZ,True,influencer
00005237b27c,101725,1,2025-12-06T13:09:37Z,US,PA,True,organic_search
0000523d4e3a,101188,1,2025-11-15T13:28:33Z,US,WI,False,influencer
000052420f3e,103048,1,2026-04-10T14:26:25Z,US,NY,True,meta_ads
0000527d3713,103197,1,2026-04-22T11:40:45Z,US,MO,True,influencer
00005287949c,102600,1,2026-03-08T23:41:32Z,US,WA,True,direct
0000528c55a0,100565,1,2025-09-08T13:34:19Z,US,NJ,False,direct
00005291f15e,102172,1,2026-01-25T20:50:35Z,US,AZ,False,meta_ads
00005291f225,101976,1,2026-01-03T19:17:43Z,US,WI,True,google_ads
00005296b329,100392,1,2025-08-17T15:43:01Z,US,CA,True,unknown
0000529c4ee7,102467,1,2026-02-22T00:49:59Z,GB,WLS,False,google_ads
0000529c4fae,101684,1,2025-12-03T02:10:55Z,US,MI,True,organic_search
000052a6ac70,102961,1,2026-04-03T19:18:54Z,US,AZ,True,referral
000052a6ad37,101291,1,2025-11-24T18:58:43Z,US,FL,False,influencer
000052b109f9,103567,1,2026-05-21T14:28:22Z,US,FL,True,meta_ads
000052b10ac0,100921,1,2025-10-14T14:46:28Z,US,GA,False,google_ads
000052bb6782,103821,1,2026-06-12T00:06:05Z,AU,WA,False,organic_search
000052e94bad,100231,1,2025-07-29T11:15:17Z,CA,BC,True,organic_search
000052e94c74,103976,1,2026-06-23T04:50:05Z,US,IL,True,influencer
000052f3a936,100707,1,2025-09-25T00:07:19Z,US,NJ,False,google_ads
00005300ec19,102567,1,2026-03-03T13:56:44Z,US,NY,True,meta_ads
0000530b49a2,103192,1,2026-04-22T02:10:32Z,CA,BC,True,unknown
00005315a72b,103349,1,2026-05-04T18:01:54Z,US,CA,True,meta_ads
0000532004b4,103721,1,2026-06-03T14:14:49Z,CA,AB,False,tiktok_ads
0000532a623d,102958,1,2026-04-03T16:23:30Z,US,NY,True,influencer
0000533def98,103018,1,2026-04-08T12:43:03Z,US,CA,True,tiktok_ads
000053484d21,102665,1,2026-03-14T22:56:34Z,US,NC,False,influencer
0000534de8df,100053,1,2025-07-07T22:22:15Z,AU,QLD,True,meta_ads
0000534de9a6,100540,1,2025-09-06T13:35:17Z,US,FL,True,meta_ads
00005352aaaa,102410,1,2026-02-16T16:18:16Z,US,NY,True,tiktok_ads
000053584668,100535,1,2025-09-06T04:02:19Z,US,TX,True,google_ads
00005358472f,103998,1,2026-06-25T00:18:17Z,US,MI,True,influencer
0000535d0833,102168,1,2026-01-25T06:38:11Z,US,NC,True,organic_search
00005362a3f1,101053,1,2025-10-27T14:18:10Z,CA,AB,True,influencer
00005362a4b8,103365,1,2026-05-05T13:41:15Z,US,MI,True,unknown
0000536765bc,101398,1,2025-11-26T12:31:27Z,US,GA,False,referral
0000536d017a,101442,1,2025-11-27T02:09:20Z,US,MO,True,direct
000053b28611,100139,1,2025-07-17T16:28:30Z,US,FL,True,unknown
000053b747dc,102510,1,2026-02-26T16:31:38Z,US,MD,True,google_ads
000053bce39a,100607,1,2025-09-13T19:46:28Z,US,FL,True,organic_search
000053c1a49e,102415,1,2026-02-17T02:22:57Z,US,CA,True,google_ads
000053c1a565,101715,1,2025-12-05T14:12:07Z,US,MI,True,organic_search
000053c74123,100884,1,2025-10-11T21:30:25Z,US,CA,True,organic_search
000053cc0227,102704,1,2026-03-16T21:44:02Z,US,OR,False,tiktok_ads
000053cc02ee,101108,1,2025-11-04T06:14:52Z,US,NY,False,organic_search
000053d19eac,101402,1,2025-11-26T12:56:21Z,US,NC,False,referral
000053d19f73,102985,1,2026-04-05T15:28:05Z,US,CA,False,meta_ads
000053d65fb0,102956,1,2026-04-03T15:06:01Z,US,TX,False,google_ads
000053d66077,101219,1,2025-11-20T13:33:27Z,US,MN,False,organic_search
000053dbfc35,101644,1,2025-12-01T01:58:28Z,US,MO,False,meta_ads
000053e0bd39,103485,1,2026-05-13T12:43:21Z,US,MI,True,referral
000053e0be00,100498,1,2025-09-01T21:27:36Z,US,IL,True,influencer
000053e659be,102215,1,2026-01-31T02:44:10Z,US,NJ,False,referral
000053eb1ac2,104053,1,2026-06-30T03:02:57Z,US,PA,True,meta_ads
00005418ffb4,103838,1,2026-06-13T09:38:04Z,US,IL,True,google_ads
000054264297,101727,1,2025-12-06T17:20:40Z,GB,ENG,False,referral
00005430a020,101336,1,2025-11-25T12:26:34Z,US,CA,False,organic_search
0000543afce2,103034,1,2026-04-09T18:18:15Z,US,WI,False,meta_ads
0000543afda9,101535,1,2025-11-28T22:59:03Z,US,NJ,True,organic_search
000054455a6b,103615,1,2026-05-25T17:04:06Z,US,NC,True,tiktok_ads
000054455b32,100720,1,2025-09-26T02:55:21Z,US,OR,True,direct
0000544fb7f4,103722,1,2026-06-03T14:27:26Z,CA,AB,False,unknown
0000544fb8bb,100194,1,2025-07-24T13:26:46Z,US,NJ,True,referral
0000547d9c1f,100456,1,2025-08-26T12:28:35Z,US,VA,True,direct
0000547d9ce6,104051,1,2026-06-30T01:03:10Z,US,FL,True,organic_search
00005487f9a8,100705,1,2025-09-24T23:07:28Z,US,OH,True,direct
00005487fa6f,103685,1,2026-05-30T23:47:38Z,US,NY,False,tiktok_ads
000054925731,101353,1,2025-11-25T15:56:04Z,US,CA,True,meta_ads
0000549257f8,103064,1,2026-04-11T22:52:28Z,US,CA,True,tiktok_ads
0000549cb4ba,101471,1,2025-11-27T17:20:08Z,US,MD,True,google_ads
000054a9f79d,103318,1,2026-05-02T16:42:21Z,US,IL,True,tiktok_ads
000054b45526,103785,1,2026-06-09T10:03:20Z,US,MO,False,unknown
000054e23a18,103713,1,2026-06-03T00:07:22Z,US,CO,False,unknown
000054e6fb1c,102087,1,2026-01-14T01:23:02Z,GB,SCT,False,google_ads
000054ec96da,100714,1,2025-09-25T15:08:51Z,US,CA,True,meta_ads
000054ec97a1,103342,1,2026-05-04T12:12:46Z,US,IL,True,meta_ads
000054f158a5,101716,1,2025-12-05T14:21:12Z,US,CA,True,meta_ads
000054f6f463,101475,1,2025-11-27T17:59:33Z,US,CA,False,direct
000054f6f52a,102973,1,2026-04-04T17:15:35Z,GB,WLS,True,google_ads
000054fbb62e,101136,1,2025-11-08T00:56:14Z,US,MI,False,direct
0000550151ec,101299,1,2025-11-24T22:52:14Z,US,OH,False,direct
0000550152b3,102800,1,2026-03-20T15:08:54Z,GB,SCT,True,unknown
0000550613b7,100827,1,2025-10-07T01:42:05Z,US,MO,False,organic_search
0000550baf75,101863,1,2025-12-19T03:44:48Z,US,FL,False,influencer
0000550bb03c,102345,1,2026-02-11T23:52:43Z,US,GA,True,influencer
000055107140,100743,1,2025-09-28T21:59:35Z,US,TX,False,unknown
000055160cfe,102352,1,2026-02-12T03:13:47Z,US,CA,True,influencer
0000555b9195,101606,1,2025-11-30T14:35:31Z,US,NC,False,google_ads
000055605360,101115,2,2025-11-05T13:02:04Z,US,WI,True,meta_ads
00005565ef1e,101360,1,2025-11-25T17:59:16Z,US,MI,True,meta_ads
0000556ab022,103577,1,2026-05-22T21:31:09Z,AU,NSW,False,direct
0000556ab0e9,101047,1,2025-10-26T20:59:19Z,US,FL,False,direct
000055704ca7,101960,1,2026-01-02T17:21:12Z,US,TX,False,unknown
000055750dab,103968,1,2026-06-22T14:25:12Z,US,NY,False,organic_search
000055750e72,100262,1,2025-08-01T23:30:16Z,US,FL,True,google_ads
0000557aaa30,102460,1,2026-02-21T17:09:49Z,US,MO,False,meta_ads
0000557f6bfb,100251,1,2025-07-31T16:06:58Z,US,CA,True,direct
0000558507b9,102837,1,2026-03-21T21:09:03Z,US,TX,True,organic_search
000055a2f29d,100185,1,2025-07-22T16:38:56Z,US,FL,True,organic_search
000055ad5026,103996,1,2026-06-24T13:55:39Z,US,MD,True,direct
000055b7adaf,103427,1,2026-05-09T13:23:11Z,US,PA,False,google_ads
000055c20b38,103205,1,2026-04-22T21:40:13Z,US,CA,False,google_ads
000055cf4e1b,101019,1,2025-10-24T13:52:42Z,US,NY,False,tiktok_ads
000055d9aadd,103767,1,2026-06-07T19:45:02Z,US,IL,False,meta_ads
000055d9aba4,100433,1,2025-08-23T00:19:11Z,US,GA,True,influencer
000055e4092d,100177,1,2025-07-21T15:23:08Z,US,TX,True,google_ads
00005611ed58,103740,1,2026-06-04T22:21:23Z,US,AZ,True,influencer
0000561c4a1a,100914,1,2025-10-13T23:56:45Z,US,PA,True,unknown
0000561c4ae1,103466,1,2026-05-12T00:27:21Z,US,MA,False,direct
00005626a7a3,101570,1,2025-11-29T15:44:25Z,US,TX,False,meta_ads
00005626a86a,102576,1,2026-03-04T21:49:56Z,US,MA,True,meta_ads
00005631052c,101900,1,2025-12-23T22:10:56Z,US,CA,False,meta_ads
0000563105f3,102439,1,2026-02-20T00:23:54Z,US,IL,True,meta_ads
00005636a1b1,100407,1,2025-08-19T11:48:28Z,US,FL,False,influencer
0000563b62b5,101709,1,2025-12-04T21:31:13Z,US,MI,False,referral
0000563b637c,102033,1,2026-01-08T15:25:53Z,US,NY,True,meta_ads
00005645c03e,102692,1,2026-03-16T11:29:05Z,US,PA,True,meta_ads
00005680e813,103374,1,2026-05-06T01:56:52Z,AU,WA,True,organic_search
0000568b44d5,101501,1,2025-11-28T08:12:38Z,US,NY,False,unknown
0000568b459c,102711,1,2026-03-17T01:45:52Z,US,OR,True,influencer
0000569006a0,100787,1,2025-10-02T03:08:12Z,US,MA,True,meta_ads
00005695a25e,101688,1,2025-12-03T09:48:33Z,US,OR,True,influencer
00005695a325,102502,1,2026-02-26T01:56:24Z,US,NY,True,direct
0000569a6362,103634,1,2026-05-27T01:44:28Z,US,NY,False,influencer
0000569a6429,100499,1,2025-09-02T00:21:39Z,US,VA,True,meta_ads
0000569fffe7,101959,1,2026-01-02T17:11:26Z,US,OR,True,unknown
000056a000ae,102159,1,2026-01-24T04:06:28Z,US,FL,False,meta_ads
000056a4c0eb,103882,1,2026-06-16T11:28:11Z,US,WI,True,google_ads
000056a4c1b2,100082,1,2025-07-10T18:35:40Z,AU,NSW,False,organic_search
000056aa5d70,102839,1,2026-03-21T22:50:13Z,US,WA,False,meta_ads
000056aa5e37,101647,1,2025-12-01T03:03:41Z,US,TX,True,referral
000056b4baf9,103242,1,2026-04-26T09:25:33Z,US,OH,True,unknown
000056bf1882,103671,1,2026-05-29T17:01:26Z,US,NC,True,tiktok_ads
000056f75a36,100105,1,2025-07-13T03:08:27Z,CA,QC,True,organic_search
000056ff015b,100631,1,2025-09-16T13:45:22Z,US,IN,False,google_ads
000057049d19,102261,1,2026-02-04T04:02:32Z,US,OH,False,direct
000057095ee4,100087,1,2025-07-11T11:04:35Z,US,VA,True,organic_search
0000570efaa2,102656,1,2026-03-14T16:00:18Z,US,FL,False,meta_ads
00005719582b,103069,1,2026-04-12T09:18:55Z,US,MD,False,direct
00005723b5b4,103562,1,2026-05-20T10:12:38Z,US,CO,True,organic_search
0000572e133d,103892,1,2026-06-17T02:53:58Z,US,TX,False,meta_ads
00005741a098,103533,1,2026-05-17T15:17:52Z,US,MI,True,tiktok_ads
0000574bfd5a,101172,1,2025-11-13T04:11:42Z,US,FL,False,organic_search
0000574bfe21,103155,1,2026-04-19T11:54:57Z,US,OH,True,google_ads
000057565baa,102913,1,2026-03-29T06:32:58Z,US,FL,True,meta_ads
0000575bf768,100112,1,2025-07-13T20:57:35Z,US,MI,True,meta_ads
0000575bf82f,101283,1,2025-11-24T16:50:21Z,US,NC,True,influencer
00005760b933,102256,1,2026-02-03T21:37:37Z,GB,WLS,False,direct
0000576654f1,100637,1,2025-09-17T09:02:49Z,US,MA,True,meta_ads
0000576b16bc,101739,1,2025-12-07T20:20:34Z,US,FL,False,organic_search
00005770b27a,100765,1,2025-10-01T01:04:06Z,US,WA,False,meta_ads
000057b09b53,103189,1,2026-04-21T22:05:12Z,US,CA,True,referral
000057baf8dc,102687,1,2026-03-16T02:31:41Z,AU,WA,True,tiktok_ads
000057c0949a,100047,1,2025-07-06T17:59:28Z,CA,AB,False,organic_search
000057c5559e,102187,1,2026-01-27T10:46:51Z,US,MA,True,referral
000057c55665,102284,1,2026-02-06T16:29:12Z,US,FL,False,meta_ads
000057caf223,100680,1,2025-09-21T23:25:13Z,US,NY,True,direct
000057cfb327,102468,1,2026-02-22T06:31:13Z,US,VA,False,direct
000057cfb3ee,101718,1,2025-12-05T19:57:51Z,US,NY,False,organic_search
000057d54fac,100998,1,2025-10-22T00:40:29Z,US,GA,True,meta_ads
000057da10b0,102680,1,2026-03-15T21:26:29Z,US,CA,False,google_ads
000057da1177,101090,1,2025-11-01T18:59:21Z,US,WA,True,influencer
000057dfad35,101089,1,2025-11-01T17:18:16Z,US,CA,False,meta_ads
000057e46e39,102969,1,2026-04-04T12:53:17Z,US,MA,True,meta_ads
000057e46f00,101018,1,2025-10-24T13:31:02Z,CA,ON,True,influencer
000057eecbc2,103825,1,2026-06-12T06:51:01Z,CA,ON,False,influencer
00005829f397,102446,1,2026-02-20T13:00:51Z,US,TX,False,influencer
000058345059,102398,1,2026-02-15T13:32:36Z,US,FL,False,organic_search
000058345120,101713,1,2025-12-05T02:15:04Z,US,MI,True,unknown
0000583eade2,102548,1,2026-03-01T12:01:16Z,US,FL,False,meta_ads
000058490b6b,103488,1,2026-05-13T16:07:22Z,US,CO,True,unknown
000058490c32,100850,1,2025-10-08T16:17:16Z,US,OH,False,influencer
0000585368f4,103676,1,2026-05-29T23:09:41Z,US,IL,True,google_ads
0000585369bb,100702,1,2025-09-24T17:55:47Z,US,AZ,True,meta_ads
0000585dc67d,100614,1,2025-09-14T12:23:33Z,US,FL,True,google_ads
000058814d1f,100190,1,2025-07-23T19:55:48Z,US,TX,True,google_ads
0000588baaa8,100337,1,2025-08-11T16:49:27Z,US,NC,True,direct
0000588bab6f,103904,1,2026-06-18T09:45:01Z,CA,BC,False,unknown
000058960831,100972,1,2025-10-20T04:56:37Z,US,CA,False,tiktok_ads
0000589608f8,103367,1,2026-05-05T16:11:10Z,US,TX,False,meta_ads
000058a065ba,101144,1,2025-11-08T23:48:56Z,US,MA,True,google_ads
000058ada89d,103635,1,2026-05-27T01:50:59Z,US,TX,True,meta_ads
000058b80626,103866,1,2026-06-15T00:33:11Z,US,IN,True,organic_search
000058c263af,102482,1,2026-02-23T13:15:59Z,US,NC,True,influencer
000058e5ea51,100043,1,2025-07-05T21:55:22Z,US,CA,True,influencer
000058eaac1c,101964,1,2026-01-02T21:11:41Z,US,AZ,True,influencer
000058f047da,100423,1,2025-08-20T21:57:36Z,US,NY,True,unknown
000058f048a1,103951,1,2026-06-21T18:19:15Z,CA,BC,True,meta_ads
000058f508de,102391,1,2026-02-15T00:41:02Z,US,CO,False,influencer
000058f509a5,102057,1,2026-01-10T14:11:01Z,CA,ON,False,google_ads
000058faa563,100911,1,2025-10-13T18:10:00Z,US,MO,True,organic_search
000058faa62a,103429,1,2026-05-09T14:10:56Z,US,IL,False,meta_ads
000058ff6667,102777,1,2026-03-19T16:36:38Z,US,FL,False,referral
000058ff672e,101313,1,2025-11-25T02:17:27Z,GB,ENG,False,organic_search
0000590502ec,101257,1,2025-11-24T04:07:41Z,GB,ENG,True,organic_search
0000590503b3,103117,1,2026-04-16T21:24:53Z,US,MN,True,organic_search
00005909c4b7,101281,1,2025-11-24T15:42:01Z,US,WA,False,google_ads
0000590f6075,101206,1,2025-11-18T00:40:18Z,US,CA,True,referral
000059142240,100769,1,2025-10-01T10:40:54Z,GB,SCT,True,influencer
00005919bdfe,102020,1,2026-01-07T13:59:47Z,US,IL,True,direct
00005959a6d7,102066,1,2026-01-11T12:46:43Z,US,CO,True,meta_ads
0000595f4295,100939,1,2025-10-17T00:35:22Z,US,MN,False,influencer
000059640460,101180,1,2025-11-14T10:12:23Z,US,TN,True,meta_ads
00005969a01e,101601,1,2025-11-30T11:39:29Z,CA,QC,True,influencer
0000596e6122,103167,1,2026-04-20T05:34:08Z,CA,BC,True,meta_ads
0000596e61e9,101474,1,2025-11-27T17:50:22Z,GB,WLS,True,google_ads
00005973fda7,101681,1,2025-12-02T17:29:44Z,US,IN,True,influencer
00005978beab,103474,1,2026-05-12T19:01:21Z,US,OR,False,meta_ads
00005978bf72,100795,1,2025-10-03T04:49:30Z,US,NY,True,meta_ads
000059831c34,103900,1,2026-06-18T01:23:18Z,CA,QC,True,tiktok_ads
000059831cfb,100257,1,2025-08-01T11:48:01Z,US,TX,True,meta_ads
00005988b8b9,102423,1,2026-02-18T01:15:29Z,US,NY,False,direct
000059b10126,103927,1,2026-06-20T13:13:57Z,US,GA,False,organic_search
000059bb5eaf,103478,1,2026-05-13T01:44:20Z,AU,NSW,False,unknown
000059c5bc38,102960,1,2026-04-03T16:42:39Z,US,AZ,False,direct
000059d2ff1b,101585,1,2025-11-30T00:02:47Z,US,NC,False,organic_search
000059dd5bdd,103636,1,2026-05-27T03:17:20Z,US,TX,False,meta_ads
000059dd5ca4,100894,1,2025-10-12T12:07:15Z,US,GA,True,meta_ads
000059e7b966,103982,1,2026-06-23T21:01:57Z,US,NC,False,meta_ads
000059e7ba2d,100328,1,2025-08-11T00:17:25Z,US,MD,False,organic_search
00005a159e58,104015,1,2026-06-26T14:31:10Z,US,CA,False,google_ads
00005a1ffb1a,100652,1,2025-09-18T05:46:45Z,US,AZ,False,meta_ads
00005a1ffbe1,103300,1,2026-05-01T03:42:19Z,US,WA,True,influencer
00005a2a58a3,101563,1,2025-11-29T14:06:15Z,US,NJ,True,influencer
00005a2a596a,103245,1,2026-04-26T12:34:44Z,US,TX,True,direct
00005a34b62c,101269,1,2025-11-24T11:53:09Z,US,OR,True,meta_ads
00005a34b6f3,102933,1,2026-03-31T21:26:57Z,AU,NSW,True,influencer
00005a3a52b1,100121,1,2025-07-15T06:14:21Z,AU,QLD,True,organic_search
00005a3f13b5,101837,1,2025-12-16T23:52:13Z,AU,WA,True,direct
00005a49713e,102307,1,2026-02-08T11:12:27Z,US,IL,False,influencer
00005a849913,103366,1,2026-05-05T15:31:18Z,US,MO,False,organic_search
00005a895a17,101830,1,2025-12-16T16:55:27Z,US,CA,False,direct
00005a8ef5d5,101284,1,2025-11-24T17:05:16Z,GB,SCT,True,meta_ads
00005a8ef69c,103232,1,2026-04-25T03:47:09Z,US,OH,False,google_ads
00005a93b7a0,101210,1,2025-11-18T17:18:40Z,US,TN,True,influencer
00005a99535e,101413,1,2025-11-26T16:37:00Z,US,TX,True,unknown
00005a995425,102902,1,2026-03-28T06:12:29Z,US,NH,True,influencer
00005a9e1462,103554,1,2026-05-19T12:07:07Z,GB,ENG,False,meta_ads
00005a9e1529,100794,1,2025-10-03T02:32:23Z,US,CA,False,influencer
00005aa3b0e7,101757,1,2025-12-09T15:40:37Z,US,TX,True,organic_search
00005aa3b1ae,102513,1,2026-02-26T23:13:51Z,US,CA,False,google_ads
00005aa871eb,103783,1,2026-06-09T07:58:56Z,GB,ENG,True,meta_ads
00005aa872b2,100608,1,2025-09-14T00:15:41Z,US,TX,False,google_ads
00005aae0e70,102404,1,2026-02-16T03:24:31Z,US,MO,True,tiktok_ads
00005aae0f37,102036,1,2026-01-08T18:33:12Z,US,NY,True,google_ads
00005ab2cf74,101805,1,2025-12-14T01:55:05Z,US,IL,True,influencer
00005ab2d03b,100064,1,2025-07-08T14:57:43Z,US,CA,False,organic_search
00005ab86bf9,102693,1,2026-03-16T12:15:21Z,US,CA,True,referral
00005b02b25b,101059,1,2025-10-27T22:41:21Z,US,CA,True,meta_ads
00005b084e19,101856,1,2025-12-18T18:54:39Z,AU,QLD,False,influencer
00005b0d0f1d,103925,1,2026-06-20T13:02:04Z,US,NY,True,influencer
00005b0d0fe4,100654,1,2025-09-18T12:37:56Z,US,IL,True,direct
00005b12aba2,102401,1,2026-02-16T00:03:20Z,US,CA,False,unknown
00005b176ca6,103751,1,2026-06-06T12:56:59Z,US,NC,True,tiktok_ads
00005b176d6d,100167,1,2025-07-20T22:29:04Z,CA,ON,False,google_ads
00005b1d092b,102759,1,2026-03-18T21:12:42Z,US,WI,False,meta_ads
00005b2766b4,103191,1,2026-04-22T01:27:03Z,CA,BC,False,meta_ads
00005b31c43d,103334,1,2026-05-04T01:00:32Z,CA,ON,True,influencer
00005b455198,103935,1,2026-06-20T23:01:57Z,US,CA,False,google_ads
00005b4fae5a,101043,1,2025-10-26T15:24:46Z,US,VA,True,meta_ads
00005b4faf21,103616,1,2026-05-25T18:34:21Z,US,PA,False,google_ads
00005b5a0be3,101446,1,2025-11-27T09:55:58Z,US,MA,True,direct
00005b5a0caa,103261,1,2026-04-27T15:34:58Z,US,VA,True,google_ads
00005b646a33,102775,1,2026-03-19T14:08:09Z,US,AZ,True,direct
00005b6a05f1,100479,1,2025-08-30T16:51:53Z,US,CA,True,referral
00005b6ec7bc,102098,1,2026-01-16T02:52:37Z,US,WI,True,direct
00005b7c0a9f,100166,1,2025-07-20T20:13:02Z,US,GA,True,unknown
00005bb44c53,103410,1,2026-05-08T10:35:11Z,US,VA,False,meta_ads
00005bbea915,101230,1,2025-11-22T10:48:02Z,US,CA,True,influencer
00005bbea9dc,103109,1,2026-04-16T03:41:17Z,US,IL,True,google_ads
00005bc36ae0,101209,1,2025-11-18T13:25:14Z,US,CA,True,tiktok_ads
00005bc9069e,101771,1,2025-12-10T17:28:00Z,US,MN,False,unknown
00005bc90765,102761,1,2026-03-18T22:28:49Z,US,TX,True,organic_search
00005bcea323,100384,1,2025-08-16T22:25:07Z,US,FL,False,meta_ads
00005bd36427,101987,1,2026-01-04T21:18:29Z,AU,WA,False,tiktok_ads
00005bd364ee,102072,1,2026-01-12T00:07:15Z,US,CA,True,direct
00005bd900ac,100660,1,2025-09-19T03:05:12Z,US,MI,False,organic_search
00005bddc1b0,102769,1,2026-03-19T03:49:11Z,US,IL,False,tiktok_ads
00005bddc277,101782,1,2025-12-12T00:07:10Z,US,TX,True,organic_search
00005be35e35,101165,1,2025-11-12T10:55:19Z,US,GA,True,direct
00005be81f39,102984,1,2026-04-05T15:23:35Z,US,CO,True,organic_search
00005bf27cc2,103469,1,2026-05-12T13:02:14Z,US,MA,False,google_ads
00005c2da497,102733,1,2026-03-17T22:34:33Z,GB,SCT,True,direct
00005c32659b,100537,1,2025-09-06T09:51:08Z,US,NY,True,meta_ads
00005c380159,102039,1,2026-01-08T22:03:26Z,US,WA,False,meta_ads
00005c380220,102169,1,2026-01-25T06:46:30Z,US,TX,True,meta_ads
00005c3cc324,100306,1,2025-08-08T04:23:44Z,US,TN,True,tiktok_ads
00005c425ee2,102720,1,2026-03-17T10:12:26Z,US,GA,True,organic_search
00005c425fa9,101925,1,2025-12-28T12:22:59Z,US,NY,False,meta_ads
00005c4cbc6b,103185,1,2026-04-21T15:39:37Z,US,CA,True,meta_ads
00005c4cbd32,101177,1,2025-11-13T22:16:30Z,CA,ON,False,tiktok_ads
00005c5719f4,103640,1,2026-05-27T13:20:12Z,US,MD,True,direct
00005c571abb,100626,1,2025-09-16T06:27:16Z,AU,WA,False,meta_ads
00005c61777d,103795,1,2026-06-10T09:19:57Z,US,CO,False,meta_ads
00005c8f5ba8,100070,1,2025-07-09T11:14:30Z,US,TX,True,organic_search
00005c8f5c6f,102360,1,2026-02-12T23:55:11Z,GB,SCT,True,meta_ads
00005c99b931,100599,1,2025-09-12T14:43:39Z,US,NY,True,meta_ads
00005ca416ba,100801,1,2025-10-04T00:01:06Z,US,MI,False,influencer
00005cb1599d,102926,1,2026-03-31T13:52:28Z,US,CA,True,organic_search
00005cbbb726,103557,1,2026-05-19T21:53:04Z,US,MI,True,meta_ads
00005cc614af,103916,1,2026-06-19T17:25:17Z,US,TX,True,direct
00005cd07238,100449,1,2025-08-25T13:47:27Z,US,NY,True,referral
00005ce3ff93,103251,1,2026-04-26T16:21:46Z,US,GA,False,organic_search
00005cee5d1c,102801,1,2026-03-20T15:37:54Z,US,NY,True,meta_ads
00005cf3f8da,100090,1,2025-07-11T14:53:35Z,US,VA,True,google_ads
00005cf3f9a1,100513,1,2025-09-03T14:15:49Z,US,VA,True,direct
00005cf8b9de,102122,1,2026-01-19T02:37:45Z,US,MI,True,meta_ads
00005cf8baa5,102369,1,2026-02-13T14:45:50Z,US,MI,True,meta_ads
00005cfe5663,100648,1,2025-09-18T02:23:43Z,AU,VIC,True,direct
00005cfe572a,103919,1,2026-06-19T20:55:50Z,US,TX,True,meta_ads
00005d031767,102237,1,2026-02-02T12:09:50Z,US,FL,True,meta_ads
00005d03182e,101231,1,2025-11-22T11:36:06Z,US,AZ,True,organic_search
00005d08b3ec,100966,1,2025-10-19T15:14:46Z,US,FL,True,google_ads
00005d08b4b3,103630,1,2026-05-26T16:53:21Z,US,FL,True,tiktok_ads
00005d0d74f0,102738,1,2026-03-18T01:51:28Z,AU,QLD,True,direct
00005d0d75b7,101166,1,2025-11-12T11:13:51Z,US,OR,True,organic_search
00005d131175,101441,1,2025-11-27T01:45:48Z,US,CA,True,google_ads
00005d17d279,103258,1,2026-04-27T11:01:03Z,US,GA,False,unknown
00005d5d57d7,102260,1,2026-02-03T23:43:39Z,US,IL,False,meta_ads
00005d62f395,100615,1,2025-09-14T13:30:27Z,US,CA,False,influencer
00005d67b499,102270,1,2026-02-05T13:48:05Z,US,MO,False,meta_ads
00005d67b560,101890,1,2025-12-22T01:06:58Z,AU,QLD,True,organic_search
00005d6c7664,100174,1,2025-07-21T05:50:41Z,US,FL,True,influencer
00005d6d511e,100820,1,2025-10-05T14:23:48Z,US,AZ,True,meta_ads
00005d721222,102641,1,2026-03-14T02:08:03Z,US,FL,False,referral
00005d7212e9,101359,1,2025-11-25T17:58:21Z,US,WI,True,meta_ads
00005d77aea7,101339,1,2025-11-25T13:23:24Z,US,CA,True,direct
00005d7c6fab,103285,1,2026-04-29T15:14:56Z,US,MN,True,direct
00005d7c7072,101393,1,2025-11-26T11:02:28Z,US,TN,False,meta_ads
00005d820c30,101708,1,2025-12-04T19:56:38Z,US,DE,True,unknown
00005d86cd34,103101,1,2026-04-15T16:48:14Z,GB,ENG,False,meta_ads
00005d86cdfb,100581,1,2025-09-10T14:16:58Z,US,VA,False,google_ads
00005d8c69b9,102013,1,2026-01-06T22:36:43Z,US,CA,True,google_ads
00005d912abd,103718,1,2026-06-03T11:27:19Z,US,PA,True,google_ads
00005dbf0ee8,100385,1,2025-08-16T23:23:42Z,US,MN,True,meta_ads
00005dbf0faf,103972,1,2026-06-22T23:32:21Z,US,GA,False,google_ads
00005dc96d38,103413,1,2026-05-08T12:53:13Z,US,NY,False,google_ads
00005dd6b01b,101220,1,2025-11-20T15:26:22Z,US,FL,True,organic_search
00005de10cdd,103095,1,2026-04-15T02:48:33Z,US,NJ,True,meta_ads
00005de10da4,100909,1,2025-10-13T14:00:41Z,US,MA,True,referral
00005deb6a66,103687,1,2026-05-31T08:03:26Z,US,OR,True,organic_search
00005deb6b2d,100667,1,2025-09-20T01:38:55Z,US,GA,False,meta_ads
00005df5c7ef,103995,1,2026-06-24T12:56:17Z,US,WA,True,influencer
00005df5c8b6,100255,1,2025-08-01T01:06:22Z,US,NY,True,organic_search
00005e1e105c,102319,1,2026-02-09T02:14:59Z,US,IN,True,meta_ads
00005e23ac1a,100468,1,2025-08-27T20:38:22Z,US,CA,True,meta_ads
00005e23ace1,104041,1,2026-06-29T00:26:54Z,US,TN,True,meta_ads
00005e2e09a3,100793,1,2025-10-03T01:28:54Z,US,FL,True,direct
00005e2e0a6a,103452,1,2026-05-10T19:13:13Z,US,WI,True,meta_ads
00005e38672c,101584,1,2025-11-29T23:59:19Z,US,NY,True,organic_search
00005e3867f3,103255,1,2026-04-26T22:23:14Z,US,PA,True,google_ads
00005e42c4b5,101383,1,2025-11-26T01:31:50Z,US,MI,False,meta_ads
00005e500798,103380,1,2026-05-06T15:38:06Z,US,OH,True,organic_search
00005e5a6521,103966,1,2026-06-22T11:56:37Z,US,TX,True,meta_ads
00005e884a13,103794,1,2026-06-10T02:28:57Z,US,TX,True,direct
00005e8d0b17,102155,1,2026-01-24T00:05:42Z,US,CA,True,meta_ads
00005e92a6d5,100767,1,2025-10-01T01:19:03Z,US,VA,False,influencer
00005e92a79c,103524,1,2026-05-16T23:40:56Z,US,TX,True,meta_ads
00005e9767d9,102702,1,2026-03-16T19:15:21Z,US,NJ,False,organic_search
00005e9768a0,101793,1,2025-12-12T23:27:13Z,US,OH,True,referral
00005e9d045e,101293,1,2025-11-24T19:32:33Z,US,MI,True,meta_ads
00005e9d0525,102968,1,2026-04-04T10:39:06Z,US,MI,False,meta_ads
00005ea1c562,103178,1,2026-04-21T08:52:53Z,US,NY,False,meta_ads
00005ea1c629,100870,1,2025-10-10T09:03:58Z,US,WI,True,direct
00005ea761e7,101469,1,2025-11-27T16:14:44Z,US,WA,True,influencer
00005ea762ae,102724,1,2026-03-17T14:03:43Z,CA,AB,True,referral
00005eac22eb,103313,1,2026-05-02T12:18:15Z,US,TN,True,direct
00005eac23b2,100826,1,2025-10-06T22:00:52Z,US,NY,True,direct
00005eb1bf70,102176,1,2026-01-26T02:43:47Z,CA,ON,False,meta_ads
00005eb1c037,102408,1,2026-02-16T14:26:35Z,US,OH,True,organic_search
00005eb68074,103570,1,2026-05-22T00:08:59Z,US,NY,True,google_ads
00005eb6813b,100398,1,2025-08-18T17:48:19Z,CA,QC,True,meta_ads
00005ebc1cf9,102263,1,2026-02-04T12:52:59Z,US,NY,True,organic_search
00005f06635b,101433,1,2025-11-26T23:11:41Z,US,NY,False,organic_search
00005f0bff19,101273,1,2025-11-24T13:48:50Z,US,WA,False,influencer
00005f10c01d,103391,1,2026-05-07T00:47:12Z,US,FL,True,tiktok_ads
00005f10c0e4,100856,1,2025-10-09T02:45:19Z,US,GA,True,meta_ads
00005f165ca2,102137,1,2026-01-21T01:41:15Z,US,OR,False,organic_search
00005f1b1da6,103835,1,2026-06-12T21:16:55Z,US,IN,False,influencer
00005f1b1e6d,100482,1,2025-08-30T21:06:34Z,US,CA,False,influencer
00005f20ba2b,102413,1,2026-02-16T19:42:43Z,US,WA,False,unknown
00005f257bf6,100217,1,2025-07-27T07:48:33Z,US,CA,False,influencer
00005f2b17b4,102613,1,2026-03-11T10:51:08Z,US,WA,True,organic_search
00005f35753d,103092,1,2026-04-14T23:31:02Z,US,CA,True,influencer
00005f490298,100837,1,2025-10-07T17:11:51Z,US,NY,True,influencer
00005f535f5a,100505,1,2025-09-02T13:10:06Z,CA,ON,True,meta_ads
00005f536021,104056,1,2026-06-30T05:09:12Z,US,NY,True,referral
00005f5dbce3,101035,1,2025-10-26T08:04:03Z,US,CA,True,direct
00005f5dbdaa,103473,1,2026-05-12T16:55:35Z,US,NY,True,influencer
00005f681a6c,101484,1,2025-11-27T21:39:14Z,US,AZ,True,google_ads
00005f681b33,102823,1,2026-03-21T09:39:46Z,US,IN,True,tiktok_ads
00005f7277f5,101780,1,2025-12-11T18:00:20Z,US,MO,True,direct
00005f755e16,100738,1,2025-09-28T15:00:09Z,US,DE,True,organic_search
00005f7fbb9f,100441,1,2025-08-24T02:11:01Z,AU,WA,True,organic_search
00005f8a1928,100228,1,2025-07-28T23:06:37Z,US,IN,False,referral
00005fb7fd53,103769,1,2026-06-07T23:11:41Z,GB,SCT,True,meta_ads
00005fbcbe57,101904,1,2025-12-24T13:55:30Z,US,OR,True,tiktok_ads
00005fc25adc,103442,1,2026-05-10T10:07:26Z,US,PA,False,google_ads
00005fc71be0,101352,1,2025-11-25T15:33:05Z,US,MI,True,meta_ads
00005fccb79e,101396,1,2025-11-26T11:46:19Z,US,TX,False,organic_search
00005fccb865,102556,1,2026-03-02T13:18:40Z,US,VA,False,organic_search
00005fd17969,100912,1,2025-10-13T20:14:37Z,US,CA,False,google_ads
00005fd71527,101732,1,2025-12-07T09:59:19Z,US,NC,True,meta_ads
00005fd715ee,102537,1,2026-02-28T14:58:08Z,CA,AB,True,direct
00005fdcb1ac,100354,1,2025-08-13T11:43:01Z,CA,BC,True,meta_ads
00005fe172b0,102515,1,2026-02-27T01:29:58Z,US,NY,True,referral
00005fe17377,102152,1,2026-01-23T22:02:47Z,US,MN,False,google_ads
00005fe70f35,101031,1,2025-10-25T17:11:54Z,US,CO,False,influencer
00005febd039,102671,1,2026-03-15T04:18:51Z,US,DE,False,google_ads
000060315597,102688,1,2026-03-16T02:35:14Z,US,FL,False,tiktok_ads
00006036169b,101079,1,2025-10-30T21:47:23Z,US,NC,True,meta_ads
0000603bb259,101839,1,2025-12-17T02:39:07Z,US,WA,False,organic_search
0000603bb320,102406,2,2026-02-16T10:20:56Z,US,WA,True,tiktok_ads
00006040735d,104044,1,2026-06-29T03:51:44Z,US,WA,True,google_ads
000060407424,100741,1,2025-09-28T19:31:07Z,GB,SCT,True,google_ads
000060460fe2,102368,1,2026-02-13T14:06:32Z,US,IN,False,google_ads
0000604610a9,101951,1,2026-01-01T08:14:42Z,US,CA,False,google_ads
0000604ad0e6,101365,1,2025-11-25T20:51:02Z,US,NY,True,referral
0000604ad1ad,100015,1,2025-07-01T18:43:39Z,US,FL,True,meta_ads
000060506d6b,102624,1,2026-03-12T18:32:23Z,GB,SCT,True,organic_search
000060506e32,101923,1,2025-12-28T08:41:04Z,US,WI,True,meta_ads
0000605acaf4,103204,1,2026-04-22T18:45:57Z,US,FL,True,google_ads
0000605acbbb,101381,1,2025-11-26T00:37:17Z,US,CA,False,meta_ads
00006065287d,103400,1,2026-05-07T14:02:43Z,US,NY,True,organic_search
00006078b5d8,103938,1,2026-06-21T02:18:23Z,US,FL,False,meta_ads
0000609d6a31,100106,1,2025-07-13T03:14:06Z,CA,AB,True,meta_ads
000060af6edf,100119,1,2025-07-14T17:24:09Z,US,CA,True,direct
000060b50a9d,102572,1,2026-03-04T02:36:08Z,US,NJ,True,google_ads
000060bf6826,102843,1,2026-03-22T01:09:49Z,AU,NSW,True,referral
000060c9c5af,103513,1,2026-05-16T06:10:48Z,US,IN,True,meta_ads
000060d42338,103827,1,2026-06-12T10:53:10Z,US,FL,True,google_ads
000060e7b093,103375,1,2026-05-06T07:05:30Z,US,CO,True,google_ads
000060f20d55,101140,1,2025-11-08T13:36:17Z,US,OH,False,meta_ads
000060f20e1c,102959,1,2026-04-03T16:28:01Z,US,WA,False,influencer
000060fc6ade,101907,1,2025-12-25T02:13:01Z,US,GA,False,referral
000060fc6ba5,102705,1,2026-03-17T00:12:26Z,US,AZ,False,meta_ads
000061020763,100200,1,2025-07-25T20:03:49Z,US,CA,True,organic_search
00006102082a,100579,1,2025-09-09T20:49:15Z,US,TX,True,influencer
00006106c92e,102475,1,2026-02-22T19:44:33Z,AU,WA,True,google_ads
0000610c64ec,100737,1,2025-09-28T03:00:08Z,US,TX,True,direct
0000610c65b3,103750,1,2026-06-06T12:46:49Z,US,FL,True,meta_ads
0000611125f0,102452,1,2026-02-21T01:47:31Z,US,PA,False,organic_search
0000611126b7,101747,1,2025-12-08T23:05:10Z,US,WA,True,direct
00006116c275,101034,1,2025-10-26T02:31:31Z,US,GA,False,meta_ads
0000611b8379,102608,1,2026-03-10T21:32:34Z,US,WA,True,google_ads
0000616108d7,102664,1,2026-03-14T22:26:08Z,US,MD,True,direct
00006165c9db,101068,1,2025-10-28T23:45:10Z,AU,NSW,True,unknown
00006166a495,100175,1,2025-07-21T12:14:25Z,US,NJ,True,organic_search
0000616b6660,102416,1,2026-02-17T08:45:55Z,US,OH,True,organic_search
000061702764,100323,1,2025-08-10T17:02:17Z,US,VA,True,organic_search
00006171021e,100659,1,2025-09-18T23:58:03Z,US,TX,True,meta_ads
00006175c322,102530,1,2026-02-28T01:33:51Z,US,IN,True,google_ads
00006175c3e9,101733,1,2025-12-07T11:23:51Z,US,IN,True,influencer
0000617b5fa7,100784,1,2025-10-01T20:57:58Z,US,NY,False,google_ads
0000618020ab,102623,1,2026-03-12T16:31:42Z,US,MA,True,tiktok_ads
000061802172,101564,1,2025-11-29T14:06:31Z,US,TN,True,organic_search
00006185bd30,101345,1,2025-11-25T14:09:27Z,CA,BC,True,tiktok_ads
0000618a7e34,103572,1,2026-05-22T01:54:33Z,US,WA,True,tiktok_ads
0000618a7efb,100877,1,2025-10-10T18:37:09Z,CA,AB,True,meta_ads
000061901ab9,101755,1,2025-12-09T14:23:37Z,AU,VIC,True,unknown
00006194dbbd,103948,1,2026-06-21T14:46:48Z,US,MI,False,referral
000061c2bfe8,100169,1,2025-07-21T00:28:03Z,US,TX,True,google_ads
000061cd1d71,100472,1,2025-08-28T18:46:35Z,US,FL,False,meta_ads
000061d00392,102466,1,2026-02-22T00:33:36Z,US,IN,True,tiktok_ads
000061da611b,101742,1,2025-12-08T14:20:19Z,US,GA,False,tiktok_ads
000061e4bddd,102744,1,2026-03-18T10:24:26Z,US,WI,True,tiktok_ads
000061e4bea4,101523,1,2025-11-28T17:57:06Z,US,CA,False,influencer
000061ef1b66,103416,1,2026-05-08T13:40:14Z,US,NC,True,organic_search
000061ef1c2d,100974,1,2025-10-20T08:21:39Z,US,FL,True,google_ads
000061f978ef,103912,1,2026-06-19T14:58:05Z,US,WA,True,direct
000061f979b6,100582,1,2025-09-10T17:03:48Z,US,GA,False,organic_search
00006203d678,100461,1,2025-08-27T12:46:39Z,US,IL,True,direct
0000621763d3,102937,1,2026-04-01T16:25:24Z,US,AZ,True,influencer
00006221c15c,102375,1,2026-02-14T00:44:42Z,US,CA,True,unknown
000062275d1a,100244,1,2025-07-30T17:36:41Z,US,CA,False,direct
0000622c1ee5,102511,1,2026-02-26T18:37:21Z,US,WI,True,google_ads
00006231baa3,100304,1,2025-08-07T21:21:48Z,US,NY,True,organic_search
00006231bb6a,103702,1,2026-06-01T23:03:12Z,US,FL,True,meta_ads
000062367c6e,102023,1,2026-01-07T20:27:28Z,US,TN,True,meta_ads
0000623c182c,101038,1,2025-10-26T11:42:45Z,US,MD,False,meta_ads
0000623c18f3,103333,1,2026-05-03T23:21:58Z,CA,QC,True,tiktok_ads
0000624675b5,101228,1,2025-11-22T02:56:25Z,CA,BC,True,organic_search
0000626873aa,100866,1,2025-10-10T01:02:32Z,US,CO,True,unknown
00006290bc17,102432,1,2026-02-19T01:21:19Z,US,NJ,True,direct
0000629657d5,100445,1,2025-08-24T11:58:48Z,US,NJ,True,google_ads
00006296589c,104039,1,2026-06-28T16:47:17Z,US,OR,True,meta_ads
0000629b18d9,102506,1,2026-02-26T06:33:58Z,CA,QC,False,organic_search
0000629b19a0,102074,1,2026-01-12T00:53:21Z,US,FL,True,influencer
000062a0b55e,100798,1,2025-10-03T13:36:46Z,US,NY,True,referral
000062a0b625,102773,1,2026-03-19T13:18:19Z,GB,WLS,False,meta_ads
000062a57662,102731,1,2026-03-17T20:33:18Z,US,IL,True,google_ads
000062a57729,101298,1,2025-11-24T22:49:25Z,CA,ON,True,organic_search
000062ab12e7,101194,1,2025-11-16T19:10:47Z,US,NC,False,meta_ads
000062ab13ae,103218,1,2026-04-23T15:03:48Z,US,TX,True,organic_search
000062afd3eb,103098,2,2026-04-15T12:20:04Z,US,WI,True,influencer
000062afd4b2,101594,1,2025-11-30T08:58:35Z,US,MN,False,meta_ads
000062b57070,101870,1,2025-12-19T20:14:47Z,US,CA,False,influencer
000062b57137,102609,1,2026-03-10T21:33:46Z,US,WI,True,meta_ads
000062ba3174,103517,1,2026-05-16T11:32:46Z,US,PA,True,meta_ads
000062ba323b,100775,1,2025-10-01T12:58:53Z,CA,AB,False,google_ads
000062bfcdf9,102181,1,2026-01-26T16:47:19Z,US,CA,False,meta_ads
000062c48efd,103853,1,2026-06-14T14:00:00Z,US,TN,True,influencer
0000630a145b,101329,1,2025-11-25T10:39:00Z,US,NC,False,unknown
0000630fb019,101264,1,2025-11-24T10:48:54Z,US,CA,True,tiktok_ads
00006314711d,102970,1,2026-04-04T13:54:33Z,US,WI,True,direct
0000631471e4,101270,1,2025-11-24T12:13:13Z,US,GA,True,meta_ads
0000631a0da2,101690,1,2025-12-03T14:35:02Z,US,CA,False,meta_ads
0000631ecea6,102953,1,2026-04-03T03:10:51Z,US,VA,False,organic_search
0000631ecf6d,100971,1,2025-10-20T03:24:03Z,US,FL,True,tiktok_ads
000063246b2b,101968,1,2026-01-03T03:12:39Z,US,CA,False,unknown
000063292c2f,103817,1,2026-06-11T11:54:25Z,US,OH,False,google_ads
000063292cf6,100344,1,2025-08-12T00:24:25Z,US,PA,False,meta_ads
0000632ec8b4,102315,1,2026-02-08T22:28:35Z,AU,VIC,False,direct
00006357105a,100382,1,2025-08-16T14:30:07Z,US,AZ,False,meta_ads
000063571121,103781,1,2026-06-08T18:08:56Z,US,MN,False,unknown
000063616de3,100520,1,2025-09-04T03:51:12Z,US,TN,False,influencer
000063616eaa,103681,1,2026-05-30T12:32:07Z,US,MA,False,tiktok_ads
0000636bcb6c,101406,1,2025-11-26T14:57:21Z,US,TX,True,direct
0000636bcc33,103281,1,2026-04-29T01:42:20Z,US,CA,True,google_ads
0000637628f5,101333,1,2025-11-25T11:45:58Z,US,OR,True,google_ads
000063790f16,101470,1,2025-11-27T17:18:46Z,US,TX,True,meta_ads
000063836bd8,103621,1,2026-05-26T01:56:12Z,US,CA,False,organic_search
000063836c9f,101000,1,2025-10-22T13:27:00Z,US,CA,True,organic_search
0000638dc961,103915,1,2026-06-19T15:32:49Z,US,WI,False,organic_search
0000638dca28,100397,1,2025-08-18T14:54:10Z,US,NJ,False,influencer
000063bbae53,103909,1,2026-06-19T05:42:27Z,US,FL,True,meta_ads
000063c06f57,102025,1,2026-01-07T22:28:05Z,US,OH,True,meta_ads
000063c60b15,100552,1,2025-09-07T03:13:21Z,US,TX,True,google_ads
000063c60bdc,103276,1,2026-04-28T17:26:36Z,US,CA,False,tiktok_ads
000063cacce0,101778,1,2025-12-11T17:12:56Z,US,MO,True,tiktok_ads
000063d0689e,101242,1,2025-11-24T00:11:38Z,US,TX,False,direct
000063d06965,103240,1,2026-04-25T21:46:58Z,US,CO,False,organic_search
000063d52a69,101580,1,2025-11-29T21:42:49Z,US,FL,False,referral
000063dac627,101370,1,2025-11-25T21:36:35Z,US,IN,True,meta_ads
000063dac6ee,102860,1,2026-03-23T11:41:22Z,US,CA,False,direct
000063df87f2,100815,1,2025-10-05T00:43:18Z,GB,WLS,False,influencer
000063e062ac,100207,1,2025-07-26T14:55:38Z,US,MI,True,direct
000063e523b0,101835,1,2025-12-16T22:23:35Z,US,FL,True,meta_ads
000063e52477,102481,1,2026-02-23T11:56:48Z,US,CO,True,meta_ads
000063e9e57b,100572,1,2025-09-09T08:30:19Z,US,FL,True,influencer
000063ef8139,102389,1,2026-02-14T22:38:02Z,US,IL,True,influencer
0000642aa90e,103691,1,2026-05-31T13:34:10Z,US,CO,True,direct
0000643505d0,101424,1,2025-11-26T20:49:18Z,CA,ON,False,google_ads
000064350697,103274,1,2026-04-28T14:56:33Z,US,NC,True,organic_search
00006439c79b,101100,1,2025-11-03T10:34:29Z,GB,SCT,True,referral
0000643f6359,101456,1,2025-11-27T13:36:16Z,US,FL,True,google_ads
0000643f6420,102819,1,2026-03-21T02:02:16Z,US,NY,False,tiktok_ads
00006444245d,103507,1,2026-05-15T12:36:59Z,US,NY,True,influencer
000064442524,100887,1,2025-10-12T01:39:58Z,US,MI,False,tiktok_ads
00006449c0e2,101761,1,2025-12-09T23:42:44Z,US,TX,True,meta_ads
00006449c1a9,102317,1,2026-02-08T23:09:45Z,US,GA,True,meta_ads
0000644e81e6,103907,1,2026-06-19T03:18:07Z,US,MD,True,meta_ads
0000644e82ad,100432,1,2025-08-22T19:00:36Z,US,NY,False,google_ads
000064541e6b,102425,1,2026-02-18T10:46:36Z,US,MA,False,referral
000064541f32,102143,1,2026-01-22T00:12:42Z,US,CA,True,organic_search
00006458df6f,101062,1,2025-10-28T02:46:51Z,US,FL,True,direct
00006458e036,100153,1,2025-07-19T14:49:58Z,US,VA,True,referral
0000645e7bf4,102606,1,2026-03-10T01:45:01Z,US,MD,False,tiktok_ads
00006468d97d,102900,1,2026-03-27T20:17:20Z,US,DE,True,google_ads
0000647c66d8,101157,1,2025-11-10T04:44:27Z,US,NC,True,meta_ads
00006486c461,103847,1,2026-06-14T00:23:52Z,US,FL,True,google_ads
0000649121ea,103361,1,2026-05-05T12:14:26Z,GB,WLS,True,tiktok_ads
000064a8c256,100860,1,2025-10-09T13:35:07Z,GB,SCT,True,meta_ads
000064b31fdf,100717,1,2025-09-25T23:48:55Z,US,TX,True,tiktok_ads
000064bd7ca1,102206,1,2026-01-30T01:37:35Z,US,CA,True,google_ads
000064bd7d68,100002,1,2025-05-31T02:27:25Z,US,WA,True,direct
000064c31926,102850,1,2026-03-22T15:36:39Z,CA,QC,False,meta_ads
000064cd76af,103096,1,2026-04-15T06:31:00Z,US,CA,True,meta_ads
000064d7d438,103378,1,2026-05-06T13:39:18Z,US,WA,False,direct
000064eb6193,103669,1,2026-05-29T11:42:58Z,US,MN,True,unknown
000064f5be55,100987,1,2025-10-21T01:26:35Z,US,MD,False,meta_ads
000064f5bf1c,103481,1,2026-05-13T09:26:52Z,US,CA,True,meta_ads
000065001bde,101384,1,2025-11-26T02:27:56Z,US,NY,True,direct
000065001ca5,103014,1,2026-04-08T07:00:34Z,AU,VIC,True,google_ads
0000650a7967,101809,1,2025-12-14T16:49:49Z,US,MI,True,meta_ads
0000650a7a2e,102873,1,2026-03-25T01:15:05Z,US,TN,True,meta_ads
0000651015ec,100273,1,2025-08-03T17:16:38Z,US,TX,True,influencer
00006514d6f0,101961,1,2026-01-02T17:21:14Z,US,IL,False,meta_ads
00006514d7b7,102003,1,2026-01-05T21:12:36Z,US,FL,False,google_ads
0000651a7375,100593,1,2025-09-12T01:28:07Z,US,OH,False,direct
0000651f3479,102698,1,2026-03-16T14:32:14Z,US,VA,True,google_ads
000065221a9a,100022,1,2025-07-02T12:17:55Z,US,GA,False,meta_ads
0000655a5c4e,103373,1,2026-05-06T01:22:12Z,US,CA,True,organic_search
00006564b9d7,103283,1,2026-04-29T13:40:43Z,US,FL,False,tiktok_ads
000065697adb,101496,1,2025-11-28T04:10:34Z,US,MA,True,google_ads
0000656f1699,101753,1,2025-12-09T13:08:40Z,US,NY,False,direct
0000656f1760,102598,1,2026-03-08T14:49:51Z,US,TX,True,google_ads
00006573d864,100624,1,2025-09-16T03:43:54Z,CA,AB,True,google_ads
00006574b31e,100450,1,2025-08-25T13:58:32Z,US,MD,True,meta_ads
000065797422,102075,1,2026-01-12T02:49:57Z,US,OH,True,meta_ads
0000657974e9,102129,1,2026-01-19T17:44:38Z,CA,AB,False,influencer
0000657e35ed,100475,1,2025-08-29T09:18:58Z,US,IN,True,google_ads
0000657f10a7,100739,1,2025-09-28T15:49:31Z,US,MA,False,meta_ads
00006583d1ab,102547,1,2026-03-01T09:13:24Z,US,TX,True,influencer
00006583d272,101764,1,2025-12-10T02:17:12Z,US,GA,True,organic_search
000065896e30,101121,1,2025-11-06T02:04:41Z,US,MI,True,referral
0000658e2f34,103074,1,2026-04-13T01:32:30Z,CA,AB,False,influencer
0000658e2ffb,101268,1,2025-11-24T11:27:00Z,US,FL,False,direct
000065988cbd,103692,1,2026-05-31T15:26:00Z,US,IL,False,meta_ads
000065d0ce71,100078,1,2025-07-10T01:01:38Z,US,CO,True,google_ads
000065d3b492,102610,1,2026-03-10T23:02:34Z,US,NY,True,direct
000065de1154,101682,1,2025-12-02T20:09:07Z,US,MI,True,tiktok_ads
000065de121b,102091,1,2026-01-14T22:47:53Z,GB,SCT,False,meta_ads
000065e2d31f,100438,1,2025-08-23T21:22:22Z,US,IL,True,meta_ads
000065e86edd,102739,1,2026-03-18T01:54:55Z,US,NY,False,meta_ads
000065e86fa4,101862,1,2025-12-19T00:52:11Z,AU,NSW,True,meta_ads
000065f2cc66,103144,1,2026-04-18T15:27:53Z,US,CA,False,google_ads
000065f2cd2d,100958,1,2025-10-19T02:51:51Z,US,NJ,False,google_ads
000065fd29ef,103403,1,2026-05-07T14:55:42Z,GB,ENG,False,meta_ads
000065fd2ab6,100824,1,2025-10-06T12:09:04Z,US,IL,True,meta_ads
000066078778,103716,1,2026-06-03T08:58:20Z,US,CA,True,meta_ads
0000661b14d3,103663,1,2026-05-28T22:44:04Z,US,CA,True,google_ads
00006625725c,103020,1,2026-04-08T19:21:16Z,US,FL,True,meta_ads
0000662fcfe5,102703,1,2026-03-16T20:25:56Z,US,NC,True,tiktok_ads
000066356ba3,100116,1,2025-07-14T10:38:52Z,US,AZ,False,meta_ads
000066356c6a,102047,1,2026-01-09T16:20:54Z,US,MI,True,direct
0000663a2d6e,102370,1,2026-02-13T20:24:17Z,US,NJ,True,referral
0000663fc92c,100521,1,2025-09-04T04:13:51Z,US,TN,False,organic_search
0000663fc9f3,103854,1,2026-06-14T14:28:59Z,US,TN,False,organic_search
000066448af7,101680,1,2025-12-02T14:04:14Z,US,NH,True,google_ads
0000664a26b5,101036,1,2025-10-26T08:11:00Z,US,AZ,True,influencer
000066768233,103063,1,2026-04-11T21:24:12Z,US,FL,True,tiktok_ads
000066946d17,102781,1,2026-03-19T21:22:35Z,US,CA,True,unknown
0000669a08d5,100094,1,2025-07-12T05:45:39Z,US,TX,True,influencer
0000669a099c,100812,1,2025-10-04T19:41:46Z,US,FL,True,meta_ads
0000669ec9d9,101706,1,2025-12-04T15:39:19Z,US,CA,True,organic_search
0000669ecaa0,102472,1,2026-02-22T12:28:01Z,AU,VIC,True,tiktok_ads
000066a4665e,100699,1,2025-09-24T10:55:33Z,US,PA,True,tiktok_ads
000066a46725,103752,1,2026-06-06T14:41:18Z,CA,AB,True,unknown
000066a92762,102265,1,2026-02-04T15:42:48Z,US,PA,True,organic_search
000066a92829,101671,1,2025-12-01T22:09:15Z,US,DE,False,direct
000066aec3e7,100872,1,2025-10-10T13:42:14Z,GB,SCT,True,meta_ads
000066aec4ae,103141,1,2026-04-18T12:09:42Z,GB,SCT,True,meta_ads
000066b384eb,102898,1,2026-03-27T18:27:08Z,US,FL,True,direct
000066b385b2,101277,1,2025-11-24T14:51:15Z,US,PA,False,meta_ads
000066b92170,101541,1,2025-11-29T03:22:29Z,US,MI,True,direct
000066bde274,103244,1,2026-04-26T11:08:24Z,US,NY,True,direct
000066bde33b,101429,1,2025-11-26T22:39:06Z,US,OH,True,tiktok_ads
000066c37ef9,101799,1,2025-12-13T14:29:44Z,CA,AB,False,influencer
000066c83ffd,103299,1,2026-05-01T02:55:12Z,US,PA,True,tiktok_ads
0000670367d2,102241,1,2026-02-02T20:15:41Z,GB,SCT,True,referral
0000670dc55b,101685,1,2025-12-03T02:52:35Z,US,CA,True,meta_ads
00006712865f,100138,1,2025-07-17T13:46:28Z,US,FL,False,tiktok_ads
00006718221d,102903,1,2026-03-28T12:18:33Z,CA,AB,True,google_ads
0000671822e4,101528,1,2025-11-28T20:00:07Z,CA,BC,False,google_ads
000067227fa6,103271,1,2026-04-28T12:22:27Z,US,CA,True,google_ads
00006722806d,101095,1,2025-11-02T15:31:45Z,US,VA,True,organic_search
000067281c2b,101874,1,2025-12-20T11:03:27Z,US,OR,False,influencer
0000672cdd2f,103341,1,2026-05-04T11:11:24Z,CA,AB,True,referral
0000672cddf6,100664,1,2025-09-19T16:17:22Z,US,CA,True,meta_ads
0000673279b4,101986,1,2026-01-04T20:20:42Z,US,IL,True,unknown
000067373ab8,104028,1,2026-06-27T12:44:19Z,US,MA,True,meta_ads
000067651ee3,100379,1,2025-08-16T10:02:32Z,US,CA,False,meta_ads
000067651faa,104007,1,2026-06-25T13:19:17Z,CA,AB,True,direct
0000676f7c6c,101044,1,2025-10-26T17:25:35Z,US,VA,True,direct
0000676f7d33,103599,1,2026-05-24T12:08:53Z,US,IL,True,influencer
00006779d9f5,101176,1,2025-11-13T18:54:22Z,US,CA,True,organic_search
000067871cd8,103211,1,2026-04-23T00:31:40Z,CA,BC,False,meta_ads
000067871d9f,101141,1,2025-11-08T20:02:19Z,US,TX,False,tiktok_ads
000067917a61,103441,1,2026-05-10T03:01:01Z,US,MD,True,meta_ads
000067917b28,100663,1,2025-09-19T14:25:42Z,US,AZ,True,meta_ads
0000679bd7ea,103705,1,2026-06-02T03:42:50Z,US,NY,False,google_ads
0000679bd8b1,100363,1,2025-08-14T04:17:46Z,US,CA,True,direct
000067c42057,102273,1,2026-02-05T15:39:28Z,US,CA,True,google_ads
000067c9bc15,100010,1,2025-06-30T13:49:40Z,US,NY,False,unknown
000067c9bcdc,103797,1,2026-06-10T14:33:45Z,US,WA,True,organic_search
000067ce7de0,102177,1,2026-01-26T03:28:12Z,US,IL,False,meta_ads
000067d4199e,100942,1,2025-10-17T03:32:27Z,US,TX,True,direct
000067d41a65,103652,1,2026-05-28T00:37:56Z,US,GA,False,organic_search
000067d8db69,101885,1,2025-12-21T13:42:15Z,US,GA,True,organic_search
000067de7727,101163,1,2025-11-11T20:55:10Z,AU,NSW,True,unknown
000067de77ee,103239,1,2026-04-25T18:39:34Z,US,CA,False,direct
000067e338f2,101499,1,2025-11-28T07:19:24Z,GB,ENG,True,tiktok_ads
000067e8d4b0,101289,1,2025-11-24T18:23:35Z,US,WA,True,influencer
000067ed967b,100954,1,2025-10-18T13:29:56Z,US,CO,True,google_ads
000067f33239,101991,1,2026-01-04T23:09:54Z,US,MN,False,tiktok_ads
0000682e5a0e,103755,1,2026-06-06T21:48:01Z,US,MN,False,unknown
000068331b12,102044,1,2026-01-09T11:59:48Z,US,CA,True,direct
00006838b6d0,100878,1,2025-10-10T23:51:45Z,US,MD,False,organic_search
00006838b797,103453,1,2026-05-10T23:45:18Z,US,CA,True,tiktok_ads
0000683d789b,101660,1,2025-12-01T14:31:39Z,US,MI,True,meta_ads
000068431459,101568,1,2025-11-29T15:23:43Z,US,CA,True,meta_ads
000068431520,103231,1,2026-04-25T02:29:55Z,CA,ON,True,influencer
00006847d55d,103243,1,2026-04-26T10:25:26Z,US,CA,True,influencer
00006847d624,101213,2,2025-11-18T21:47:09Z,US,IN,False,organic_search
0000684d71e2,101325,1,2025-11-25T09:49:03Z,US,WI,True,direct
0000684d72a9,102908,1,2026-03-28T18:46:15Z,US,MA,True,meta_ads
0000685232e6,103401,1,2026-05-07T14:04:57Z,US,MN,False,tiktok_ads
0000685233ad,100993,1,2025-10-21T14:16:43Z,CA,BC,True,meta_ads
00006857cf6b,101949,1,2026-01-01T03:18:28Z,US,WI,False,meta_ads
00006857d032,102516,1,2026-02-27T03:08:33Z,US,MO,False,meta_ads
0000685c906f,103965,1,2026-06-22T11:25:43Z,US,WI,True,organic_search
0000685c9136,100411,1,2025-08-19T16:48:06Z,US,CA,True,meta_ads
000068622cf4,102363,1,2026-02-13T09:34:26Z,US,NC,True,meta_ads
00006866eebf,100129,1,2025-07-16T12:33:48Z,US,TX,False,google_ads
0000688a7561,101369,1,2025-11-25T21:34:52Z,US,PA,True,google_ads
00006894d2ea,103791,1,2026-06-09T23:33:34Z,US,OR,False,influencer
0000689f3073,103338,1,2026-05-04T07:15:58Z,GB,ENG,True,google_ads
000068ac7356,101200,1,2025-11-17T13:07:38Z,US,WI,False,direct
000068b6d018,103393,1,2026-05-07T02:09:12Z,US,CA,True,meta_ads
000068b6d0df,100952,1,2025-10-18T12:23:30Z,US,WA,True,meta_ads
000068c12da1,103812,1,2026-06-11T08:37:29Z,US,NY,True,google_ads
000068c12e68,100412,1,2025-08-19T17:29:42Z,US,MI,False,meta_ads
000068cb8bf1,100103,1,2025-07-12T19:04:23Z,CA,ON,True,meta_ads
000068db8538,103029,1,2026-04-09T10:18:40Z,US,PA,False,influencer
000068ef1293,103302,1,2026-05-01T04:49:22Z,US,MA,True,meta_ads
000068f96f55,100570,1,2025-09-09T02:50:55Z,US,VA,True,influencer
000068f9701c,103782,1,2026-06-09T00:06:12Z,US,MD,True,google_ads
00006903ccde,100995,1,2025-10-21T19:55:24Z,CA,AB,True,meta_ads
00006903cda5,103625,1,2026-05-26T11:07:59Z,US,CA,True,organic_search
0000690e2a67,101147,1,2025-11-09T02:10:53Z,AU,QLD,True,tiktok_ads
0000690e2b2e,102655,1,2026-03-14T14:47:27Z,GB,SCT,True,influencer
0000691887f0,101817,1,2025-12-15T16:43:15Z,GB,SCT,True,unknown
0000691888b7,102414,1,2026-02-16T20:45:31Z,US,DE,False,organic_search
00006922e579,102542,1,2026-02-28T21:29:51Z,US,TN,True,referral
0000695e0d4e,103923,1,2026-06-20T02:36:23Z,CA,BC,False,referral
000069686a10,100792,1,2025-10-02T17:22:26Z,US,WA,True,direct
000069686ad7,103523,1,2026-05-16T22:36:49Z,US,CA,False,tiktok_ads
0000696d2bdb,101487,1,2025-11-27T22:54:17Z,US,NY,True,referral
00006972c799,101401,1,2025-11-26T12:56:12Z,US,NY,True,unknown
00006972c860,102824,1,2026-03-21T10:12:29Z,GB,ENG,False,referral
000069778964,100976,1,2025-10-20T11:47:12Z,US,CA,True,influencer
0000697d2522,101937,1,2025-12-29T20:17:41Z,US,MI,True,influencer
0000697d25e9,102464,1,2026-02-21T20:17:36Z,US,MI,True,direct
00006981e6ed,100508,1,2025-09-02T23:38:18Z,US,MI,False,google_ads
00006982c1a7,100308,1,2025-08-08T10:15:10Z,US,OR,True,organic_search
0000698782ab,102347,1,2026-02-12T00:15:37Z,US,IL,True,google_ads
000069878372,101984,2,2026-01-04T15:07:53Z,US,CA,True,meta_ads
0000698c4476,100034,1,2025-07-04T10:01:51Z,US,OR,True,organic_search
0000698d1f30,100908,1,2025-10-13T12:31:30Z,US,WI,True,influencer
00006991e034,102614,1,2026-03-11T14:19:56Z,US,CA,False,google_ads
0000699c3dbd,102962,1,2026-04-03T21:01:25Z,US,TX,True,influencer
000069dc2696,100640,1,2025-09-17T16:00:04Z,US,WA,True,direct
000069e1c254,101888,1,2025-12-21T20:47:59Z,CA,ON,False,referral
000069e1c31b,102484,1,2026-02-23T14:35:37Z,US,NY,True,google_ads
000069e6841f,100713,1,2025-09-25T14:52:02Z,US,AZ,False,organic_search
000069ec1fdd,102264,1,2026-02-04T14:41:16Z,US,TX,True,meta_ads
000069ec20a4,102078,1,2026-01-12T10:35:02Z,US,CA,False,google_ads
000069f0e0e1,101201,1,2025-11-17T15:29:10Z,US,CA,True,meta_ads
000069f0e1a8,100091,1,2025-07-11T15:14:18Z,US,CA,True,organic_search
000069f67d66,102765,1,2026-03-19T00:29:42Z,US,IL,True,meta_ads
000069f67e2d,101776,1,2025-12-11T09:05:06Z,US,NJ,True,organic_search
00006a00daef,103222,1,2026-04-24T00:39:16Z,US,FL,True,organic_search
00006a00dbb6,101597,1,2025-11-30T10:42:53Z,US,VA,True,tiktok_ads
00006a0b3878,103397,1,2026-05-07T11:34:43Z,US,WI,False,unknown
00006a1ec5d3,103895,1,2026-06-17T11:38:30Z,US,PA,True,tiktok_ads
00006a29235c,103308,1,2026-05-02T01:21:29Z,US,NC,True,influencer
00006a3380e5,103049,1,2026-04-10T15:43:35Z,US,WA,False,organic_search
00006a3dde6e,102628,1,2026-03-12T23:17:22Z,US,CA,True,organic_search
00006a437a2c,100239,1,2025-07-30T00:44:32Z,US,FL,True,meta_ads
00006a483bf7,102457,1,2026-02-21T14:12:29Z,US,VA,True,organic_search
00006a4dd7b5,100764,1,2025-09-30T19:41:15Z,US,NJ,False,meta_ads
00006a557eda,100146,1,2025-07-18T21:08:42Z,US,NY,False,tiktok_ads
00006a8dc08e,103411,1,2026-05-08T11:28:12Z,US,CA,True,tiktok_ads
00006a981e17,103234,1,2026-04-25T08:22:43Z,US,NY,False,tiktok_ads
00006aa27ad9,101859,1,2025-12-18T22:52:44Z,US,FL,False,google_ads
00006aa27ba0,102853,1,2026-03-22T18:23:20Z,US,NJ,False,meta_ads
00006aa8175e,100148,1,2025-07-19T07:38:18Z,US,OH,False,meta_ads
00006aa81825,103661,1,2026-05-28T21:28:45Z,US,IN,True,meta_ads
00006aacd862,102202,1,2026-01-29T13:50:20Z,US,TX,False,direct
00006aacd929,102291,1,2026-02-07T00:36:22Z,US,CA,False,google_ads
00006ab274e7,100627,1,2025-09-16T08:14:29Z,US,NY,False,referral
00006ab275ae,103729,1,2026-06-04T09:51:26Z,US,CA,True,google_ads
00006ab735eb,102478,1,2026-02-23T01:11:05Z,US,NC,True,direct
00006ab736b2,101911,1,2025-12-26T23:16:43Z,US,TX,False,meta_ads
00006abcd270,101001,1,2025-10-22T18:09:00Z,US,OH,False,organic_search
00006ac19374,102821,1,2026-03-21T06:47:51Z,US,NJ,False,google_ads
00006ac1943b,101233,1,2025-11-22T20:30:16Z,US,PA,True,organic_search
00006acbf0fd,103686,1,2026-05-31T02:30:43Z,US,NC,True,organic_search
00006b0718d2,102633,1,2026-03-13T14:03:45Z,US,MD,True,influencer
00006b117594,102127,1,2026-01-19T15:49:10Z,US,OH,True,tiktok_ads
00006b11765b,102231,1,2026-02-01T16:06:58Z,US,TX,True,meta_ads
00006b16375f,100478,1,2025-08-29T23:52:18Z,US,NY,False,google_ads
00006b1bd31d,102361,1,2026-02-13T07:13:25Z,US,MO,False,meta_ads
00006b1bd3e4,101834,1,2025-12-16T17:59:26Z,US,FL,True,google_ads
00006b2630a6,102549,1,2026-03-01T13:11:14Z,US,CO,True,meta_ads
00006b26316d,101410,1,2025-11-26T15:34:05Z,US,CO,True,influencer
00006b308e2f,103682,1,2026-05-30T14:34:15Z,US,MD,False,unknown
00006b308ef6,100882,1,2025-10-11T15:04:21Z,US,NJ,True,google_ads
00006b362ab4,101843,1,2025-12-17T14:20:45Z,US,FL,False,unknown
00006b3aebb8,104033,1,2026-06-28T01:05:06Z,CA,AB,False,direct
00006b68cfe3,100104,1,2025-07-13T00:42:49Z,US,CA,True,unknown
00006b732d6c,100349,1,2025-08-12T13:24:09Z,US,NC,True,meta_ads
00006b732e33,104020,1,2026-06-26T20:45:31Z,US,MD,False,referral
00006b7d8af5,100936,1,2025-10-16T20:52:36Z,US,NY,False,tiktok_ads
00006b8acdd8,102586,1,2026-03-07T01:09:12Z,US,NY,False,google_ads
00006b952b61,103381,1,2026-05-06T16:11:17Z,US,PA,True,influencer
00006b952c28,100881,1,2025-10-11T11:40:04Z,US,TX,False,organic_search
00006b9f88ea,103947,1,2026-06-21T13:47:08Z,US,AZ,True,direct
00006b9f89b1,100428,1,2025-08-22T01:28:43Z,US,NY,True,direct
00006ba9e673,100906,1,2025-10-13T11:22:08Z,US,VA,True,meta_ads
00006ba9e73a,100151,1,2025-07-19T12:41:29Z,US,AZ,True,google_ads
00006bc7d157,102762,1,2026-03-18T23:20:43Z,US,MN,True,meta_ads
00006bcd6d15,100040,1,2025-07-05T05:06:55Z,AU,NSW,False,organic_search
00006bd22ee0,102120,1,2026-01-19T01:38:04Z,CA,ON,True,meta_ads
00006bd7ca9e,100365,1,2025-08-14T11:17:47Z,US,OR,False,influencer
00006bd7cb65,104014,1,2026-06-26T11:04:07Z,US,CA,True,organic_search
00006bdc8c69,102214,1,2026-01-31T01:43:41Z,US,CA,True,organic_search
00006be22827,100851,1,2025-10-08T21:04:01Z,GB,ENG,True,organic_search
00006be6e9f2,101250,1,2025-11-24T01:59:24Z,US,CA,False,meta_ads
00006bec85b0,101559,1,2025-11-29T13:19:40Z,US,TX,False,organic_search
00006bf1477b,101260,1,2025-11-24T08:20:20Z,US,WI,True,influencer
00006c36cc12,102492,1,2026-02-25T02:05:31Z,US,GA,True,unknown
00006c3c67d0,100303,1,2025-08-07T18:14:26Z,US,TX,True,unknown
00006c4128d4,102335,1,2026-02-10T12:11:56Z,US,FL,False,organic_search
00006c41299b,102084,1,2026-01-13T13:21:01Z,US,CA,True,direct
00006c46c559,101072,1,2025-10-29T21:49:45Z,US,TN,False,organic_search
00006c46c620,103637,1,2026-05-27T06:33:16Z,US,TN,False,organic_search
00006c4b865d,102807,1,2026-03-20T20:30:42Z,US,CA,True,influencer
00006c4b8724,101306,1,2025-11-25T00:27:55Z,US,CO,True,referral
00006c5122e2,101480,1,2025-11-27T20:36:33Z,US,CA,False,meta_ads
00006c5123a9,103115,1,2026-04-16T16:25:36Z,US,CA,True,organic_search
00006c55e3e6,103046,1,2026-04-10T13:41:42Z,US,CA,True,direct
00006c55e4ad,101256,1,2025-11-24T04:00:30Z,US,FL,False,direct
00006c5b806b,101892,1,2025-12-22T13:08:14Z,US,TN,True,google_ads
00006c5b8132,102545,1,2026-03-01T05:41:13Z,US,OR,False,tiktok_ads
00006c60416f,103301,1,2026-05-01T04:37:01Z,AU,WA,False,influencer
00006c604236,100838,1,2025-10-07T19:04:19Z,US,CA,False,meta_ads
00006c65ddf4,101982,1,2026-01-04T12:23:58Z,US,GA,False,influencer
00006c6a9ef8,103868,1,2026-06-15T06:19:57Z,US,MA,True,meta_ads
00006c9883ea,103770,1,2026-06-07T23:23:30Z,US,MN,True,influencer
00006ca2e173,103654,1,2026-05-28T01:34:22Z,US,GA,True,meta_ads
00006cb02456,101292,1,2025-11-24T19:27:32Z,US,CA,False,unknown
00006cba8118,103195,1,2026-04-22T09:58:11Z,US,TX,False,direct
00006cba81df,101171,1,2025-11-13T01:57:06Z,US,WI,True,direct
00006cc4dea1,103509,1,2026-05-15T14:16:55Z,US,FL,True,unknown
00006cc4df68,100774,1,2025-10-01T12:40:33Z,US,MO,False,organic_search
00006ccf3c2a,104003,1,2026-06-25T07:59:15Z,US,NY,False,organic_search
00006ccf3cf1,100377,1,2025-08-16T00:02:32Z,US,NY,True,influencer
00006cfd2055,100333,1,2025-08-11T08:24:03Z,US,VA,True,direct
00006cfd211c,103801,1,2026-06-10T21:55:49Z,US,FL,False,meta_ads
00006d077dde,100532,1,2025-09-05T16:00:48Z,US,PA,True,organic_search
00006d077ea5,103310,1,2026-05-02T10:08:55Z,US,CA,True,organic_search
00006d11db67,101098,1,2025-11-03T01:01:51Z,US,NY,False,organic_search
00006d11dc2e,103083,1,2026-04-14T01:43:17Z,US,MI,True,influencer
00006d1c38f0,101404,1,2025-11-26T13:50:25Z,CA,QC,True,google_ads
00006d269679,101866,1,2025-12-19T12:45:29Z,US,CA,True,meta_ads
00006d33d95c,103936,1,2026-06-20T23:52:07Z,AU,NSW,True,google_ads
00006d61be4e,103777,1,2026-06-08T12:34:23Z,US,CA,True,meta_ads
00006d667f52,102041,1,2026-01-09T01:40:44Z,US,CA,True,unknown
00006d6c1b10,100756,1,2025-09-30T08:57:06Z,US,PA,False,referral
00006d6c1bd7,103352,1,2026-05-04T21:45:55Z,US,IL,True,google_ads
00006d70dcdb,101765,1,2025-12-10T02:33:26Z,US,TX,True,influencer
00006d767899,101409,1,2025-11-26T15:23:46Z,US,MO,False,meta_ads
00006d767960,102990,1,2026-04-06T12:26:00Z,US,CA,False,meta_ads
00006d7b3a64,101117,1,2025-11-05T15:26:38Z,US,OR,False,tiktok_ads
00006d80d622,101423,1,2025-11-26T20:46:41Z,US,CO,True,influencer
00006d80d6e9,102880,1,2026-03-25T19:51:58Z,US,FL,True,organic_search
00006d8597ed,100857,1,2025-10-09T03:58:08Z,US,CA,True,influencer
00006d8b33ab,101049,1,2025-10-27T07:32:43Z,US,TX,False,unknown
00006d8b3472,102514,1,2026-02-27T01:25:08Z,CA,ON,False,influencer
00006d8ff576,100539,1,2025-09-06T11:29:08Z,US,PA,False,influencer
00006d90d030,100710,1,2025-09-25T08:11:45Z,US,MI,True,google_ads
00006d959134,102266,1,2026-02-04T17:38:35Z,US,FL,True,organic_search
00006d9a52ff,100192,1,2025-07-24T05:20:11Z,US,CA,True,influencer
00006ddfd796,101343,1,2025-11-25T13:49:37Z,US,TX,True,meta_ads
00006de57354,101432,1,2025-11-26T23:07:00Z,US,NJ,False,organic_search
00006dea3458,103348,1,2026-05-04T17:47:50Z,US,WA,True,meta_ads
00006dea351f,100782,1,2025-10-01T19:39:52Z,US,AZ,True,referral
00006defd0dd,101857,1,2025-12-18T21:31:32Z,US,NJ,False,unknown
00006df491e1,103768,1,2026-06-07T21:07:46Z,US,IN,True,meta_ads
00006df492a8,100694,1,2025-09-23T23:09:43Z,US,AZ,True,direct
00006dfa2e66,102227,1,2026-02-01T12:04:24Z,US,CA,True,google_ads
00006dfa2f2d,102068,1,2026-01-11T20:14:37Z,US,NJ,True,referral
00006dfeef6a,102394,1,2026-02-15T02:58:03Z,US,TX,True,meta_ads
00006dfef031,100099,1,2025-07-12T15:12:22Z,US,PA,True,meta_ads
00006e048bef,102788,1,2026-03-20T03:46:17Z,US,TX,True,organic_search
00006e048cb6,101562,1,2025-11-29T13:48:16Z,US,NY,True,organic_search
00006e0ee978,103058,1,2026-04-11T04:45:03Z,US,MI,True,google_ads
00006e2276d3,102978,1,2026-04-05T02:12:54Z,US,MI,True,unknown
00006e2cd45c,103733,1,2026-06-04T14:50:18Z,US,NC,False,google_ads
00006e3731e5,103674,1,2026-05-29T18:28:56Z,US,FL,True,meta_ads
00006e418f6e,103143,1,2026-04-18T14:20:06Z,GB,WLS,False,meta_ads
00006e4becf7,102812,1,2026-03-20T23:53:14Z,US,WA,True,influencer
00006e592fda,100515,1,2025-09-03T16:56:51Z,US,CA,True,direct
00006e638c9c,102032,1,2026-01-08T15:10:11Z,US,NC,True,meta_ads
00006e638d63,100095,1,2025-07-12T06:39:57Z,CA,QC,True,meta_ads
00006e91718e,103945,1,2026-06-21T12:35:09Z,US,IL,False,google_ads
00006e9bce50,100890,1,2025-10-12T05:07:34Z,CA,AB,True,influencer
00006e9bcf17,103405,1,2026-05-07T23:53:48Z,US,MN,False,influencer
00006ea62bd9,101488,1,2025-11-27T23:17:48Z,US,WA,True,unknown
00006ea62ca0,102949,1,2026-04-02T16:25:35Z,US,NC,True,influencer
00006eb08962,101741,1,2025-12-07T23:22:13Z,US,NJ,True,organic_search
00006eb08a29,102841,1,2026-03-21T23:03:48Z,US,FL,True,meta_ads
00006eb625e7,100340,1,2025-08-11T21:10:15Z,US,PA,False,meta_ads
00006eb626ae,103741,1,2026-06-05T00:12:50Z,US,NY,False,tiktok_ads
00006ebae6eb,102134,1,2026-01-20T10:22:16Z,US,TX,True,organic_search
00006ebae7b2,102088,1,2026-01-14T02:50:19Z,US,PA,True,organic_search
00006ec08370,100711,1,2025-09-25T10:41:51Z,US,TX,True,influencer
00006ec54474,102562,1,2026-03-03T03:15:22Z,US,NH,True,meta_ads
00006f0ac9d2,103214,1,2026-04-23T12:57:15Z,US,TX,False,meta_ads
00006f0f8ad6,101178,1,2025-11-14T00:59:41Z,US,FL,True,google_ads
00006f152694,101894,1,2025-12-22T19:12:05Z,US,MN,False,influencer
00006f15275b,102820,1,2026-03-21T02:43:01Z,US,FL,True,unknown
00006f19e85f,100597,1,2025-09-12T13:07:22Z,AU,VIC,False,direct
00006f1f841d,102030,1,2026-01-08T13:23:35Z,US,CA,False,meta_ads
00006f1f84e4,102124,1,2026-01-19T13:07:49Z,US,NY,True,meta_ads
00006f2445e8,100400,1,2025-08-18T21:03:21Z,US,GA,True,google_ads
00006f29e1a6,102774,1,2026-03-19T13:55:21Z,US,NJ,False,direct
00006f29e26d,101845,1,2025-12-17T15:03:40Z,US,TN,True,meta_ads
00006f343f2f,103026,1,2026-04-09T01:43:01Z,US,MA,True,organic_search
00006f343ff6,101550,1,2025-11-29T10:18:36Z,US,CA,False,meta_ads
00006f3e9cb8,103422,1,2026-05-08T21:59:56Z,AU,NSW,True,google_ads
00006f76de6c,100188,1,2025-07-23T13:58:23Z,US,OR,False,direct
00006f813bf5,100594,1,2025-09-12T07:18:15Z,US,OR,False,google_ads
00006f88e31a,100288,1,2025-08-06T00:54:38Z,US,MO,False,influencer
00006f8e7ed8,102797,1,2026-03-20T11:35:00Z,US,OH,False,organic_search
00006f98dc61,103228,1,2026-04-24T08:36:10Z,GB,ENG,False,google_ads
00006fa339ea,103339,1,2026-05-04T08:01:00Z,US,NC,False,meta_ads
00006fad9773,103937,1,2026-06-21T01:19:21Z,CA,BC,True,referral
00006fb7f4fc,101699,1,2025-12-04T01:33:50Z,US,WA,True,organic_search
00006fc124ce,103519,1,2026-05-16T12:31:28Z,US,IN,True,unknown
00006fcb8257,103139,1,2026-04-18T10:09:15Z,US,MI,False,google_ads
00006fd5dfe0,102882,1,2026-03-25T23:54:23Z,US,CO,False,google_ads
00006fdb7b9e,100115,1,2025-07-14T02:19:11Z,US,FL,True,meta_ads
00006fdb7c65,102752,1,2026-03-18T16:21:02Z,US,CA,True,direct
00006fe03d69,102388,1,2026-02-14T21:03:17Z,US,WA,True,google_ads
00006fe5d927,100747,1,2025-09-29T14:19:59Z,CA,BC,False,meta_ads
00006fe5d9ee,103798,1,2026-06-10T16:16:06Z,US,CO,True,organic_search
00006fea9af2,101795,1,2025-12-13T00:34:50Z,US,FL,False,meta_ads
00006ff036b0,100937,1,2025-10-16T22:08:37Z,US,OH,True,influencer
0000703a7d12,102757,1,2026-03-18T20:30:13Z,US,TX,True,organic_search
0000704018d0,100036,1,2025-07-04T13:21:26Z,US,TX,True,meta_ads
00007044d9d4,101965,1,2026-01-02T23:11:05Z,US,CO,False,google_ads
00007044da9b,102495,1,2026-02-25T13:05:52Z,US,CA,True,influencer
0000704a7659,100639,1,2025-09-17T13:09:59Z,US,TN,True,organic_search
0000704f375d,102500,1,2026-02-25T22:49:42Z,US,OH,True,referral
0000704f3824,101797,1,2025-12-13T05:10:02Z,CA,QC,True,meta_ads
00007054d3e2,100900,1,2025-10-13T00:21:44Z,US,NC,True,meta_ads
00007054d4a9,103489,1,2026-05-13T16:11:43Z,US,MD,True,meta_ads
0000705994e6,102914,1,2026-03-29T07:44:21Z,US,MA,True,meta_ads
0000705995ad,101276,1,2025-11-24T14:28:00Z,US,CA,False,referral
0000705f316b,101272,1,2025-11-24T12:33:06Z,US,IL,False,organic_search
0000705f3232,102975,1,2026-04-05T00:05:31Z,CA,AB,False,meta_ads
00007063f26f,102935,1,2026-04-01T02:07:48Z,US,NY,True,tiktok_ads
00007063f336,101478,1,2025-11-27T19:34:37Z,US,VA,True,tiktok_ads
000070698ef4,101794,1,2025-12-13T00:11:11Z,US,MN,True,direct
0000706e4ff8,103521,1,2026-05-16T15:04:26Z,US,NC,True,tiktok_ads
000070b3d556,101828,1,2025-12-16T12:16:17Z,US,CA,True,direct
000070b8965a,100122,1,2025-07-15T10:10:53Z,GB,ENG,False,organic_search
000070be3218,102827,1,2026-03-21T11:47:22Z,GB,ENG,True,tiktok_ads
000070be32df,101296,1,2025-11-24T21:56:17Z,US,NY,True,influencer
000070c88fa1,103134,1,2026-04-17T23:40:37Z,US,GA,False,meta_ads
000070c89068,101304,1,2025-11-25T00:09:03Z,US,TX,True,google_ads
000070d2ed2a,103514,1,2026-05-16T06:36:24Z,CA,AB,True,direct
000070d2edf1,100506,1,2025-09-02T17:18:06Z,US,MI,True,unknown
000070dd4ab3,103940,1,2026-06-21T03:30:24Z,US,IN,True,organic_search
000070dd4b7a,100269,1,2025-08-03T00:37:31Z,GB,WLS,False,direct
0000710b2ede,100391,1,2025-08-17T15:36:54Z,US,CO,True,direct
0000710b2fa5,103737,1,2026-06-04T18:39:37Z,US,CA,True,influencer
000071158c67,100922,1,2025-10-14T15:24:46Z,US,NJ,True,influencer
000071158d2e,103645,1,2026-05-27T16:41:56Z,US,VA,False,referral
0000711fe9f0,101093,1,2025-11-02T13:29:25Z,US,WI,True,google_ads
0000712d2cd3,102942,1,2026-04-02T02:22:48Z,US,NY,False,meta_ads
000071378a5c,103510,2,2026-05-15T17:22:59Z,US,NC,True,meta_ads
00007141e7e5,103979,1,2026-06-23T13:42:58Z,US,CA,True,google_ads
0000716a3052,102419,1,2026-02-17T14:50:07Z,US,TX,True,organic_search
0000716fcc10,100305,1,2025-08-08T01:53:14Z,US,PA,False,unknown
0000716fccd7,104047,1,2026-06-29T17:41:34Z,US,WI,False,organic_search
000071748d14,102258,1,2026-02-03T22:29:29Z,US,WA,True,meta_ads
000071748ddb,101978,1,2026-01-04T01:15:46Z,US,MI,False,direct
0000717a2999,100813,1,2025-10-04T22:26:41Z,US,TN,True,meta_ads
0000717a2a60,103650,1,2026-05-27T21:04:46Z,AU,VIC,True,influencer
0000717eeb64,101808,1,2025-12-14T16:39:32Z,US,TX,False,direct
000071848722,101324,1,2025-11-25T09:30:22Z,US,FL,True,direct
0000718487e9,103005,1,2026-04-07T14:54:59Z,US,AZ,False,meta_ads
0000718948ed,101508,1,2025-11-28T12:08:41Z,US,AZ,False,meta_ads
0000718ee4ab,101539,1,2025-11-29T02:38:59Z,US,NJ,True,influencer
0000718ee572,102654,1,2026-03-14T14:39:22Z,GB,WLS,True,referral
00007193a676,100833,1,2025-10-07T09:08:28Z,US,GA,True,influencer
000071994234,102053,1,2026-01-10T00:15:18Z,US,NY,True,direct
000071dec6cb,100960,1,2025-10-19T10:12:38Z,US,OH,True,meta_ads
000071e38896,101658,1,2025-12-01T14:10:41Z,US,CA,True,referral
000071e92454,101533,1,2025-11-28T22:35:12Z,GB,SCT,True,tiktok_ads
000071ede558,103196,1,2026-04-22T10:53:11Z,US,CO,True,google_ads
000071ede61f,101451,1,2025-11-27T12:25:31Z,US,IL,True,organic_search
000071f381dd,101330,1,2025-11-25T11:01:40Z,US,NY,False,unknown
000071f842e1,103457,1,2026-05-11T01:23:13Z,US,PA,True,organic_search
000071f843a8,100991,1,2025-10-21T12:07:58Z,US,NY,False,meta_ads
000071fddf66,102018,1,2026-01-07T11:39:44Z,US,TX,False,influencer
00007202a06a,103883,1,2026-06-16T11:58:41Z,US,FL,False,google_ads
000072083cef,102252,1,2026-02-03T12:21:45Z,US,PA,True,direct
0000720cfeba,100109,1,2025-07-13T09:12:35Z,US,TN,True,meta_ads
000072129a78,102866,1,2026-03-24T02:26:07Z,US,NY,True,unknown
00007230855c,103670,1,2026-05-29T15:06:38Z,US,CO,True,meta_ads
0000723ae2e5,103992,1,2026-06-24T11:26:10Z,US,PA,False,meta_ads
00007245406e,103653,1,2026-05-28T00:38:32Z,CA,BC,False,meta_ads
000072528351,101159,1,2025-11-10T11:19:28Z,AU,VIC,False,meta_ads
0000725ce0da,100869,1,2025-10-10T04:34:01Z,US,PA,False,organic_search
000072673d9c,103779,1,2026-06-08T14:55:30Z,US,TN,False,meta_ads
000072673e63,100342,1,2025-08-11T22:43:48Z,US,CO,True,meta_ads
000072719bec,100072,1,2025-07-09T12:20:43Z,US,CA,False,direct
00007295228e,102770,1,2026-03-19T10:49:11Z,US,PA,True,organic_search
0000729f7f50,100669,1,2025-09-20T02:55:05Z,CA,QC,False,meta_ads
0000729f8017,103855,1,2026-06-14T14:32:15Z,US,CA,True,google_ads
000072a9dcd9,100944,1,2025-10-17T12:46:02Z,US,NC,True,meta_ads
000072a9dda0,103390,1,2026-05-07T00:45:23Z,AU,WA,False,organic_search
000072b43a62,101630,1,2025-11-30T21:55:29Z,US,VA,False,organic_search
000072b43b29,102858,1,2026-03-23T06:47:51Z,US,NY,False,organic_search
000072be97eb,101770,1,2025-12-10T15:56:24Z,US,AZ,True,meta_ads
000072be98b2,102421,1,2026-02-18T00:22:07Z,US,WA,True,meta_ads
000072c43470,100282,1,2025-08-04T18:24:53Z,AU,QLD,False,direct
000072c8f574,101993,1,2026-01-05T00:39:13Z,GB,ENG,False,referral
000073041d49,103911,1,2026-06-19T14:42:36Z,US,FL,True,meta_ads
0000730e7ad2,103227,1,2026-04-24T06:56:09Z,US,TX,False,tiktok_ads
000073133bd6,101466,1,2025-11-27T15:39:49Z,US,MO,False,influencer
00007318d794,101578,1,2025-11-29T20:48:10Z,US,MO,False,unknown
00007318d85b,102663,1,2026-03-14T21:19:04Z,US,MO,True,organic_search
0000731d9898,103207,1,2026-04-22T22:44:04Z,US,NC,False,tiktok_ads
0000731d995f,100926,1,2025-10-15T12:56:16Z,CA,BC,True,referral
00007323351d,101720,1,2025-12-05T23:22:10Z,US,PA,False,unknown
0000732335e4,102438,1,2026-02-19T23:44:30Z,US,TX,True,organic_search
00007327f621,103776,1,2026-06-08T09:21:26Z,US,FL,False,tiktok_ads
00007327f6e8,100563,1,2025-09-08T07:17:38Z,US,AZ,False,organic_search
0000732d92a6,102238,1,2026-02-02T13:10:31Z,US,IL,True,meta_ads
0000732d936d,101962,1,2026-01-02T19:27:00Z,US,MN,False,meta_ads
000073325471,100234,1,2025-07-29T12:30:34Z,US,TX,False,meta_ads
00007337f02f,102822,1,2026-03-21T07:19:25Z,US,CA,True,influencer
00007337f0f6,101806,1,2025-12-14T02:19:54Z,US,CA,True,meta_ads
000073424db8,103128,1,2026-04-17T15:52:54Z,US,CA,True,tiktok_ads
00007387d24f,101887,1,2025-12-21T16:51:46Z,US,TX,True,tiktok_ads
0000738c941a,100749,1,2025-09-29T16:56:25Z,US,WA,True,organic_search
000073922fd8,102342,1,2026-02-11T15:08:52Z,US,TX,False,meta_ads
00007396f0dc,103627,1,2026-05-26T13:50:07Z,US,DE,True,direct
00007396f1a3,100159,1,2025-07-19T21:42:57Z,US,MI,True,organic_search
0000739c8d61,102559,1,2026-03-02T22:36:19Z,US,WA,True,google_ads
000073a6eaea,103152,1,2026-04-19T02:38:38Z,US,CA,True,unknown
000073b14873,103387,1,2026-05-07T00:12:54Z,US,FL,False,google_ads
000073c4d5ce,103764,1,2026-06-07T13:57:55Z,CA,BC,False,meta_ads
000073cf3290,100977,1,2025-10-20T12:08:01Z,US,MO,True,google_ads
000073cf3357,103617,1,2026-05-25T20:07:04Z,CA,AB,True,direct
000073d990e0,103015,1,2026-04-08T09:21:11Z,CA,AB,True,organic_search
000073e3ee69,102784,1,2026-03-19T23:00:42Z,US,NH,True,meta_ads
000073e98a27,100124,1,2025-07-15T14:39:51Z,US,OR,False,direct
000073e98aee,102640,1,2026-03-14T01:17:30Z,US,MI,True,google_ads
000073ee4bf2,102253,1,2026-02-03T14:49:08Z,US,WA,False,meta_ads
000073f3e7b0,100662,1,2025-09-19T13:28:17Z,US,CA,True,tiktok_ads
000073fb8ed5,100158,1,2025-07-19T21:18:11Z,US,CA,True,referral
0000743e2e12,102947,1,2026-04-02T14:34:31Z,US,IL,False,unknown
000074488ad4,101868,1,2025-12-19T17:07:48Z,US,NY,True,direct
000074488b9b,102378,1,2026-02-14T03:57:16Z,US,MD,True,meta_ads
0000744e2759,100223,1,2025-07-27T20:23:02Z,US,NY,False,unknown
00007452e85d,101966,1,2026-01-03T01:10:21Z,US,WA,True,direct
00007452e924,102113,1,2026-01-18T05:48:30Z,US,VA,True,influencer
0000745884e2,100502,1,2025-09-02T11:09:50Z,US,CA,False,organic_search
0000745d45e6,102287,1,2026-02-06T19:30:21Z,US,NY,False,referral
0000745d46ad,101652,1,2025-12-01T06:41:10Z,GB,ENG,True,meta_ads
00007462e26b,100789,1,2025-10-02T15:13:26Z,US,WA,False,unknown
00007467a36f,102787,1,2026-03-19T23:46:09Z,US,NC,False,organic_search
00007467a436,101494,1,2025-11-28T03:04:52Z,AU,VIC,True,meta_ads
0000746d3ff4,101609,1,2025-11-30T15:08:25Z,GB,ENG,False,google_ads
0000747200f8,103406,1,2026-05-08T00:23:07Z,US,GA,False,meta_ads
000074ad28cd,102747,1,2026-03-18T11:42:03Z,US,TX,True,meta_ads
000074b78656,102021,1,2026-01-07T17:48:19Z,US,AZ,True,meta_ads
000074bc475a,100374,1,2025-08-15T11:55:32Z,US,WI,True,google_ads
000074c1e318,102226,1,2026-02-01T11:24:35Z,US,CO,False,organic_search
000074c1e3df,101827,1,2025-12-16T12:04:49Z,US,TX,True,meta_ads
000074cc40a1,102878,1,2026-03-25T17:56:53Z,US,CO,True,meta_ads
000074cc4168,101500,1,2025-11-28T07:43:45Z,AU,NSW,False,meta_ads
000074d69e2a,103604,1,2026-05-24T20:20:24Z,US,MD,True,influencer
000074d69ef1,100967,1,2025-10-19T17:42:01Z,GB,ENG,True,meta_ads
000074e0fbb3,104016,1,2026-06-26T14:31:45Z,US,IL,False,direct
000074eb593c,100612,1,2025-09-14T07:01:19Z,US,NY,True,meta_ads
0000750edfde,100055,1,2025-07-08T00:41:54Z,US,MN,False,meta_ads
000075193d67,100353,1,2025-08-13T10:03:34Z,US,NY,False,meta_ads
000075193e2e,103830,1,2026-06-12T16:23:16Z,US,NY,True,meta_ads
000075239af0,100910,1,2025-10-13T15:20:09Z,US,TX,True,meta_ads
00007530ddd3,102948,1,2026-04-02T15:14:21Z,US,CA,True,unknown
0000753b3b5c,103447,1,2026-05-10T16:42:56Z,US,TN,False,tiktok_ads
0000754598e5,103961,1,2026-06-22T02:01:57Z,US,FL,True,direct
0000754ff66e,101812,1,2025-12-15T10:05:49Z,US,MO,True,google_ads
0000756de152,102845,1,2026-03-22T02:51:19Z,US,TN,True,meta_ads
000075737d10,100076,1,2025-07-09T18:48:30Z,US,CA,False,unknown
000075783e14,101738,1,2025-12-07T19:09:38Z,US,MD,True,meta_ads
0000757dda99,100434,1,2025-08-23T04:50:51Z,US,CA,False,google_ads
0000757ddb60,103837,1,2026-06-13T01:16:03Z,US,MD,False,meta_ads
000075829b9d,102522,1,2026-02-27T14:25:13Z,US,TX,True,meta_ads
000075829c64,102175,1,2026-01-26T02:24:50Z,US,FL,True,meta_ads
000075883822,101067,1,2025-10-28T21:49:06Z,US,PA,False,meta_ads
0000758838e9,103613,1,2026-05-25T13:59:46Z,US,FL,True,google_ads
0000758cf9ed,101514,1,2025-11-28T13:54:42Z,US,NJ,False,direct
0000759295ab,101249,1,2025-11-24T01:36:13Z,US,TX,False,google_ads
000075975776,101388,1,2025-11-26T07:02:24Z,US,NY,True,google_ads
0000759cf334,101762,1,2025-12-09T23:58:29Z,US,CA,True,organic_search
000075dcdc0d,102262,1,2026-02-04T04:06:10Z,US,NY,True,unknown
000075e277cb,100740,1,2025-09-28T15:53:53Z,US,TX,True,organic_search
000075e73996,102195,1,2026-01-28T10:11:31Z,CA,QC,True,direct
000075ecd554,100771,1,2025-10-01T11:48:18Z,US,NJ,False,meta_ads
000075f19658,102742,1,2026-03-18T09:30:46Z,US,FL,True,organic_search
000075f1971f,101104,1,2025-11-04T00:00:02Z,US,VA,True,organic_search
000075f732dd,101450,1,2025-11-27T12:21:18Z,US,NC,False,meta_ads
000075fbf3e1,103153,1,2026-04-19T02:46:17Z,US,FL,False,tiktok_ads
000075fbf4a8,101218,1,2025-11-20T11:53:52Z,US,CA,False,influencer
000076019066,101853,1,2025-12-18T09:06:41Z,US,AZ,True,tiktok_ads
00007606516a,103622,1,2026-05-26T03:09:41Z,US,MA,True,meta_ads
000076065231,100927,1,2025-10-15T14:33:30Z,US,CA,True,meta_ads
0000760bedef,101838,1,2025-12-17T01:12:47Z,US,CO,True,organic_search
00007610aef3,103989,1,2026-06-24T09:18:04Z,CA,AB,False,referral
00007610afba,100420,1,2025-08-20T11:33:27Z,US,CA,False,meta_ads
0000763e93e5,103761,1,2026-06-07T07:47:00Z,US,MO,False,direct
00007648f16e,103389,1,2026-05-07T00:40:16Z,US,GA,False,organic_search
000076563451,101452,1,2025-11-27T12:48:26Z,US,DE,True,referral
000076609113,103051,1,2026-04-10T17:43:14Z,US,FL,False,meta_ads
0000766091da,101525,1,2025-11-28T18:37:46Z,US,IL,True,organic_search
0000766aee9c,103548,1,2026-05-19T00:27:15Z,US,FL,True,organic_search
0000766aef63,100653,1,2025-09-18T09:26:02Z,US,MI,True,influencer
000076754c25,104055,1,2026-06-30T04:50:32Z,US,OH,False,organic_search
000076754cec,100418,1,2025-08-20T02:09:48Z,US,CA,False,meta_ads
000076a33050,100277,1,2025-08-04T05:47:45Z,US,IN,False,organic_search
000076a33117,103706,1,2026-06-02T10:05:45Z,US,OR,True,meta_ads
000076ad8dd9,100504,1,2025-09-02T12:44:32Z,US,TX,True,tiktok_ads
000076ad8ea0,103594,1,2026-05-23T23:20:14Z,US,VA,True,meta_ads
000076b7eb62,101491,1,2025-11-28T02:09:45Z,US,FL,True,google_ads
000076b7ec29,103022,1,2026-04-08T21:25:35Z,US,GA,True,meta_ads
000076c248eb,101197,1,2025-11-16T21:33:13Z,US,CO,False,direct
000076c249b2,102395,1,2026-02-15T04:24:41Z,US,WA,True,referral
000076cca674,101639,1,2025-12-01T01:08:53Z,US,TX,False,tiktok_ads
000076d9e957,103596,1,2026-05-24T02:05:02Z,US,CA,True,google_ads
00007707ce49,104040,1,2026-06-28T19:08:00Z,US,NY,True,referral
000077122b0b,100673,1,2025-09-20T17:45:57Z,CA,QC,True,unknown
000077122bd2,103607,1,2026-05-25T01:48:09Z,US,TX,True,meta_ads
00007716ecd6,101686,1,2025-12-03T03:00:08Z,US,CA,True,meta_ads
0000771c8894,101512,1,2025-11-28T13:33:48Z,GB,SCT,True,organic_search
0000771c895b,103253,1,2026-04-26T16:39:03Z,US,FL,True,organic_search
000077214998,103036,1,2026-04-09T19:19:09Z,US,TX,True,influencer
000077214a5f,101148,1,2025-11-09T02:32:49Z,CA,QC,True,meta_ads
00007726e61d,101614,1,2025-11-30T16:48:59Z,US,WA,True,direct
00007726e6e4,102899,1,2026-03-27T19:21:03Z,US,CA,True,organic_search
0000772ba721,103420,1,2026-05-08T20:54:16Z,US,NJ,True,google_ads
0000772ba7e8,100930,1,2025-10-15T16:01:14Z,US,NJ,False,meta_ads
0000773143a6,101705,1,2025-12-04T14:53:57Z,US,NJ,True,influencer
00007731446d,102293,1,2026-02-07T03:36:05Z,US,CA,True,meta_ads
0000773604aa,104065,1,2026-06-30T15:52:40Z,US,MD,False,meta_ads
000077360571,100576,1,2025-09-09T13:39:18Z,US,NJ,True,direct
0000773ba12f,102523,1,2026-02-27T14:35:29Z,US,WA,False,google_ads
0000774062fa,100071,1,2025-07-09T11:48:21Z,US,NJ,True,organic_search
00007745feb8,102643,1,2026-03-14T02:13:54Z,US,OH,False,tiktok_ads
00007785e791,101520,1,2025-11-28T16:02:55Z,US,NC,True,meta_ads
0000778b834f,101395,1,2025-11-26T11:45:29Z,US,OR,True,direct
00007790451a,100776,1,2025-10-01T13:05:33Z,US,TN,True,unknown
00007795e0d8,102174,1,2026-01-26T01:30:05Z,US,NH,True,meta_ads
0000779aa1dc,104010,1,2026-06-25T21:03:42Z,US,CA,True,influencer
0000779aa2a3,100517,1,2025-09-03T22:44:16Z,US,NJ,False,organic_search
000077a03e61,102326,1,2026-02-09T17:14:30Z,US,AZ,True,organic_search
000077a4ff65,101915,1,2025-12-27T13:15:28Z,US,GA,True,meta_ads
000077a5002c,100019,1,2025-07-02T03:28:16Z,US,IN,False,referral
000077aa9bea,102637,1,2026-03-13T22:35:44Z,US,NC,False,referral
000077b4f973,103103,1,2026-04-15T19:35:19Z,US,MI,False,tiktok_ads
000077c886ce,100233,1,2025-07-29T12:24:28Z,US,AZ,True,organic_search
000077d2e390,100512,1,2025-09-03T14:09:34Z,US,IN,True,organic_search
000077d2e457,103898,1,2026-06-17T20:39:39Z,US,TX,True,unknown
000077dd4119,101008,1,2025-10-23T17:22:46Z,US,GA,True,meta_ads
000077dd41e0,103356,1,2026-05-05T01:39:02Z,US,FL,False,google_ads
000077e79ea2,101332,1,2025-11-25T11:32:46Z,US,CA,False,unknown
000077e79f69,103149,1,2026-04-18T22:03:17Z,US,OR,False,google_ads
000077f1fcf2,102259,1,2026-02-03T23:15:46Z,US,NY,True,meta_ads
000077f798b0,100322,1,2025-08-10T16:47:10Z,US,IN,False,meta_ads
000077ff3fd5,100698,1,2025-09-24T09:33:42Z,US,CA,True,tiktok_ads
000078099c97,102793,1,2026-03-20T10:21:24Z,US,MO,True,meta_ads
000078099d5e,100205,1,2025-07-26T13:29:45Z,CA,AB,False,referral
000078378189,103949,1,2026-06-21T15:14:24Z,US,OR,True,google_ads
00007841df12,103369,1,2026-05-05T21:26:02Z,CA,QC,True,direct
00007846a016,101502,1,2025-11-28T10:11:41Z,GB,WLS,True,tiktok_ads
0000784c3bd4,101086,1,2025-11-01T04:36:00Z,GB,WLS,False,direct
0000784c3c9b,103164,1,2026-04-20T00:44:27Z,GB,ENG,False,meta_ads
00007856995d,101912,1,2025-12-27T00:09:46Z,US,CA,False,meta_ads
000078569a24,102818,1,2026-03-21T01:54:47Z,US,TX,True,meta_ads
0000785c35e2,100356,1,2025-08-13T14:27:43Z,US,TX,True,direct
00007860f6e6,102186,1,2026-01-26T23:06:11Z,US,CA,True,google_ads
00007860f7ad,102135,1,2026-01-20T15:11:24Z,US,TX,True,tiktok_ads
00007866936b,100696,1,2025-09-24T00:47:18Z,US,IL,True,organic_search
0000786b546f,102632,1,2026-03-13T13:23:14Z,US,MI,False,meta_ads
0000786b5536,101786,1,2025-12-12T10:34:00Z,US,CA,True,google_ads
00007875b1f8,103201,1,2026-04-22T15:17:15Z,US,CA,False,referral
000078b0d9cd,103265,1,2026-04-27T22:17:56Z,CA,ON,True,organic_search
000078bb368f,101822,1,2025-12-16T00:59:28Z,US,MO,True,referral
000078bb3756,102869,1,2026-03-24T18:09:09Z,US,GA,True,organic_search
000078bff85a,100697,1,2025-09-24T01:52:21Z,US,CO,True,organic_search
000078c59418,102110,1,2026-01-17T16:33:34Z,US,AZ,True,influencer
000078c594df,102103,1,2026-01-17T00:00:34Z,US,PA,False,meta_ads
000078ca551c,103881,1,2026-06-16T09:52:23Z,US,TX,True,direct
000078ca55e3,100462,1,2025-08-27T13:30:19Z,US,GA,True,influencer
000078cff1a1,102890,1,2026-03-26T13:54:27Z,US,FL,True,organic_search
000078cff268,101692,1,2025-12-03T14:49:50Z,US,NH,True,referral
000078da4f2a,103132,1,2026-04-17T22:57:41Z,US,CA,True,direct
000078da4ff1,101130,1,2025-11-06T18:14:23Z,US,NJ,True,unknown
000078e4acb3,103353,1,2026-05-04T22:01:02Z,US,NJ,False,referral
0000791cee67,100045,1,2025-07-06T03:45:52Z,US,OH,True,organic_search
0000791cef2e,102459,1,2026-02-21T16:15:25Z,US,CA,True,referral
000079274bf0,100503,1,2025-09-02T12:09:30Z,US,TN,True,tiktok_ads
0000792ef315,100276,1,2025-08-04T01:41:05Z,US,OH,False,influencer
000079348ed3,102771,1,2026-03-19T10:49:47Z,US,IL,False,tiktok_ads
0000793eec5c,103254,1,2026-04-26T20:44:38Z,US,TX,True,google_ads
0000794949e5,103550,1,2026-05-19T07:20:00Z,US,FL,False,meta_ads
00007953a76e,103711,1,2026-06-02T20:37:32Z,US,AZ,False,meta_ads
0000795e04f7,100746,1,2025-09-29T13:39:42Z,US,CA,True,direct
000079719252,103172,1,2026-04-20T20:58:18Z,US,CA,True,google_ads
0000797bef14,101129,1,2025-11-06T17:40:39Z,US,CA,True,meta_ads
0000797befdb,102696,1,2026-03-16T14:20:57Z,US,GA,True,tiktok_ads
000079818b99,100081,1,2025-07-10T13:26:06Z,US,WA,False,influencer
000079818c60,103463,1,2026-05-11T14:02:10Z,US,IL,True,meta_ads
000079864c9d,102109,1,2026-01-17T13:22:15Z,US,MO,False,tiktok_ads
000079864d64,102312,1,2026-02-08T16:41:44Z,US,MN,True,meta_ads
0000798be922,100399,1,2025-08-18T19:08:26Z,GB,ENG,True,meta_ads
0000798be9e9,103773,1,2026-06-08T00:56:32Z,US,TX,True,influencer
00007990aa26,102246,1,2026-02-03T01:09:59Z,AU,QLD,False,meta_ads
00007990aaed,101880,1,2025-12-20T18:14:32Z,US,NJ,True,organic_search
0000799646ab,100780,1,2025-10-01T15:03:02Z,US,VA,True,direct
0000799b07af,102668,1,2026-03-15T01:14:05Z,AU,WA,True,meta_ads
0000799b0876,101394,1,2025-11-26T11:41:51Z,US,TX,True,google_ads
000079e08d0d,102901,1,2026-03-27T22:10:04Z,US,MA,True,meta_ads
000079e628cb,100083,1,2025-07-10T21:15:09Z,US,NY,False,google_ads
000079eae9cf,102056,1,2026-01-10T11:05:41Z,CA,BC,True,meta_ads
000079eaea96,102420,1,2026-02-17T17:05:29Z,US,NY,True,google_ads
000079efab9a,100271,1,2025-08-03T12:34:21Z,US,VA,True,google_ads
000079f08654,100623,1,2025-09-16T02:35:18Z,US,NJ,True,google_ads
000079f54758,102240,1,2026-02-02T14:14:22Z,US,DE,True,google_ads
000079f5481f,101731,1,2025-12-07T08:43:30Z,US,CO,True,direct
000079fa0923,100193,1,2025-07-24T12:42:46Z,CA,BC,False,meta_ads
000079fae3dd,100997,1,2025-10-21T23:57:26Z,US,MO,True,meta_ads
000079ffa4e1,102911,1,2026-03-29T02:22:20Z,CA,QC,True,meta_ads
000079ffa5a8,101080,1,2025-10-31T14:07:28Z,US,NY,False,organic_search
00007a054166,101530,1,2025-11-28T21:10:52Z,US,MD,True,organic_search
00007a0a026a,103130,1,2026-04-17T18:14:00Z,CA,ON,True,direct
00007a0a0331,101511,1,2025-11-28T13:10:57Z,US,NJ,False,referral
00007a0f9eef,101674,1,2025-12-01T23:08:22Z,US,CA,False,meta_ads
00007a145ff3,103540,1,2026-05-18T00:04:41Z,US,CA,True,organic_search
00007a1ebd7c,103823,1,2026-06-12T04:22:21Z,GB,ENG,True,influencer
00007a4ca26e,103736,1,2026-06-04T18:05:54Z,US,FL,True,influencer
00007a59e551,101947,1,2025-12-31T05:39:47Z,US,CA,False,meta_ads
00007a5ea655,100042,1,2025-07-05T15:04:16Z,US,NY,False,direct
00007a644213,102599,1,2026-03-08T17:51:17Z,US,IL,True,google_ads
00007a6442da,101551,1,2025-11-29T11:18:08Z,US,WA,True,meta_ads
00007a6e9f9c,103038,1,2026-04-10T00:33:46Z,US,PA,False,meta_ads
00007a6ea063,100768,1,2025-10-01T01:31:18Z,US,MA,True,meta_ads
00007a78fd25,103303,1,2026-05-01T16:06:13Z,AU,QLD,True,google_ads
00007a78fdec,100658,1,2025-09-18T22:49:39Z,US,AZ,False,google_ads
00007a835aae,103994,1,2026-06-24T12:18:45Z,US,CA,False,google_ads
00007a835b75,100225,1,2025-07-27T23:47:55Z,US,TX,False,meta_ads
00007aa14592,102555,1,2026-03-02T11:57:59Z,US,FL,True,unknown
00007ab13ed9,100297,1,2025-08-06T22:26:28Z,US,VA,True,meta_ads
00007ab13fa0,103910,1,2026-06-19T07:56:03Z,US,VA,True,tiktok_ads
00007abb9c62,100858,1,2025-10-09T10:58:22Z,GB,ENG,True,organic_search
00007abb9d29,103451,1,2026-05-10T18:38:30Z,US,TX,False,influencer
00007ac5f9eb,101582,1,2025-11-29T22:55:53Z,US,VA,True,direct
00007ad05774,101444,1,2025-11-27T05:25:00Z,US,NC,False,influencer
00007add9a57,103347,1,2026-05-04T16:15:51Z,US,MA,True,tiktok_ads
00007ae7f7e0,103075,1,2026-04-13T01:40:55Z,US,MI,True,meta_ads
00007b10404d,102412,1,2026-02-16T19:16:00Z,US,FL,False,meta_ads
00007b15dc0b,100437,1,2025-08-23T20:45:42Z,US,DE,True,meta_ads
00007b15dcd2,103913,1,2026-06-19T15:13:13Z,US,TX,False,meta_ads
00007b1a9dd6,102008,1,2026-01-06T03:12:25Z,US,NJ,True,referral
00007b203994,100945,1,2025-10-17T13:10:17Z,US,VA,False,influencer
00007b203a5b,103399,1,2026-05-07T12:33:02Z,US,NY,False,influencer
00007b24fa98,102706,1,2026-03-17T00:33:39Z,US,VA,False,referral
00007b24fb5f,101819,1,2025-12-15T21:03:44Z,US,TX,True,organic_search
00007b2a971d,101101,1,2025-11-03T10:57:28Z,US,GA,True,direct
00007b2a97e4,103054,1,2026-04-11T01:18:23Z,US,CA,True,meta_ads
00007b2f5821,103042,1,2026-04-10T09:39:44Z,US,CA,True,referral
00007b2f58e8,101463,1,2025-11-27T14:53:27Z,US,NJ,True,organic_search
00007b34f4a6,101096,1,2025-11-02T18:14:25Z,US,TX,True,unknown
00007b34f56d,102760,1,2026-03-18T21:55:05Z,US,TX,False,tiktok_ads
00007b39b5aa,103677,1,2026-05-29T23:22:42Z,US,OH,True,meta_ads
00007b39b671,100778,1,2025-10-01T13:16:43Z,US,FL,True,tiktok_ads
00007b3f522f,101992,1,2026-01-04T23:24:24Z,US,NY,False,tiktok_ads
00007b441333,103917,1,2026-06-19T18:52:08Z,US,PA,True,meta_ads
00007b4413fa,100485,1,2025-08-31T13:44:34Z,US,NY,True,direct
00007b899891,101689,1,2025-12-03T12:46:51Z,AU,QLD,True,organic_search
00007b8f344f,101532,1,2025-11-28T22:30:36Z,US,MI,True,organic_search
00007b93f553,102794,1,2026-03-20T11:10:59Z,US,NY,True,meta_ads
00007b93f61a,101139,1,2025-11-08T12:33:47Z,US,MO,True,direct
00007b9991d8,101929,1,2025-12-28T21:13:41Z,US,MD,True,google_ads
00007b9e52dc,103110,1,2026-04-16T07:34:09Z,US,PA,True,meta_ads
00007b9e53a3,100923,1,2025-10-14T15:59:36Z,US,MI,True,google_ads
00007ba3ef61,102112,1,2026-01-18T01:13:28Z,US,NC,False,organic_search
00007ba8b065,103884,1,2026-06-16T13:20:12Z,US,WI,True,meta_ads
00007ba8b12c,100263,1,2025-08-01T23:47:42Z,US,CA,False,unknown
00007bae4cea,102318,1,2026-02-08T23:56:08Z,US,MI,True,direct
00007bb30eb5,100196,1,2025-07-24T14:26:56Z,US,NH,True,unknown
00007bb8aa73,102701,1,2026-03-16T19:10:01Z,US,FL,True,organic_search
00007bd69490,100170,1,2025-07-21T01:41:32Z,AU,WA,True,influencer
00007bd69557,102038,1,2026-01-08T21:44:33Z,US,MI,True,meta_ads
00007be0f219,100549,1,2025-09-07T00:56:02Z,US,VA,False,direct
00007be0f2e0,104060,1,2026-06-30T13:19:13Z,US,CA,True,meta_ads
00007beb4fa2,101076,1,2025-10-30T13:05:08Z,US,OH,False,organic_search
00007beb5069,103225,1,2026-04-24T03:44:47Z,US,NY,True,organic_search
00007bf5ad2b,101300,1,2025-11-24T23:04:42Z,US,IL,True,google_ads
00007bf5adf2,102840,1,2026-03-21T22:53:40Z,US,GA,True,google_ads
00007c02f0d5,100766,1,2025-10-01T01:18:51Z,AU,QLD,True,meta_ads
00007c0d4d97,103918,1,2026-06-19T19:03:47Z,US,IL,True,google_ads
00007c0d4e5e,100481,1,2025-08-30T20:55:58Z,US,VA,True,organic_search
00007c17abe7,100229,1,2025-07-29T07:11:18Z,US,OR,True,direct
00007c3b3289,100684,1,2025-09-23T00:27:18Z,US,VA,True,influencer
00007c458f4b,100586,1,2025-09-10T22:57:30Z,US,CA,True,influencer
00007c459012,103368,1,2026-05-05T19:05:27Z,US,GA,False,influencer
00007c4a5116,101679,1,2025-12-02T11:50:47Z,US,OR,True,organic_search
00007c4fecd4,100941,1,2025-10-17T01:32:52Z,US,MI,True,google_ads
00007c4fed9b,103213,1,2026-04-23T11:35:56Z,US,NJ,True,meta_ads
00007c54ae9f,101635,1,2025-11-30T23:09:04Z,US,AZ,False,organic_search
00007c5a4a5d,101633,1,2025-11-30T22:58:05Z,US,NJ,True,influencer
00007c5a4b24,102573,1,2026-03-04T10:05:09Z,US,TN,True,organic_search
00007c5fe6e2,100202,1,2025-07-26T01:14:32Z,US,NY,True,meta_ads
00007c64a7e6,101663,1,2025-12-01T15:36:10Z,CA,QC,True,referral
00007c64a8ad,102311,1,2026-02-08T15:19:05Z,US,TX,True,organic_search
00007c6a446b,100290,1,2025-08-06T02:03:15Z,US,FL,True,influencer
00007c6f056f,102403,1,2026-02-16T02:02:18Z,US,WA,False,referral
00007cb48acd,102938,1,2026-04-01T19:55:44Z,CA,AB,True,direct
00007cb94bd1,101481,1,2025-11-27T20:36:35Z,US,MD,False,organic_search
00007cbee78f,101346,1,2025-11-25T14:10:20Z,US,NY,False,organic_search
00007cbee856,102763,1,2026-03-18T23:37:06Z,US,AZ,False,organic_search
00007cc3a95a,101014,1,2025-10-24T09:22:46Z,US,NY,False,referral
00007cc94518,101825,1,2025-12-16T11:32:33Z,US,NC,False,meta_ads
00007cc945df,102485,1,2026-02-23T15:03:43Z,CA,QC,True,google_ads
00007cce061c,103841,1,2026-06-13T13:49:16Z,US,MN,False,meta_ads
00007cce06e3,100611,1,2025-09-14T04:34:53Z,US,GA,True,meta_ads
00007cd3a2a1,102539,1,2026-02-28T17:16:28Z,US,OH,True,unknown
00007cd3a368,102126,1,2026-01-19T14:36:50Z,US,VA,True,meta_ads
00007cd863a5,101588,1,2025-11-30T00:53:13Z,US,PA,True,unknown
00007cd8646c,100161,1,2025-07-20T01:29:56Z,US,PA,False,meta_ads
00007cde002a,102666,1,2026-03-15T00:23:42Z,US,WA,False,meta_ads
00007cde00f1,101174,1,2025-11-13T12:57:06Z,US,CA,True,influencer
00007ce85db3,103086,1,2026-04-14T11:14:29Z,US,NY,False,tiktok_ads
00007d064897,103824,1,2026-06-12T06:46:58Z,US,IL,False,meta_ads
00007d2afcf0,100107,1,2025-07-13T05:03:34Z,US,VA,True,google_ads
00007d32a415,100762,1,2025-09-30T14:29:37Z,US,TX,False,google_ads
00007d383fd3,102301,1,2026-02-07T22:40:29Z,US,WA,False,tiktok_ads
00007d3d00d7,100918,1,2025-10-14T09:57:16Z,US,TN,True,meta_ads
00007d3d019e,100048,1,2025-07-06T20:06:32Z,US,NY,False,organic_search
00007d429d5c,102811,1,2026-03-20T23:40:14Z,US,NJ,True,referral
00007d4cfae5,103246,1,2026-04-26T13:26:43Z,US,PA,True,meta_ads
00007d57586e,103553,1,2026-05-19T11:20:08Z,US,NC,False,unknown
00007d61b5f7,103756,1,2026-06-06T22:03:19Z,GB,SCT,False,meta_ads
00007d6ae5c9,104018,1,2026-06-26T15:29:45Z,US,MI,False,influencer
00007d754352,103314,1,2026-05-02T12:50:27Z,US,OH,True,organic_search
00007d7fa014,101430,1,2025-11-26T22:52:40Z,US,MI,True,direct
00007d7fa0db,103200,1,2026-04-22T13:43:29Z,US,CO,True,meta_ads
00007d89fd9d,101224,1,2025-11-21T13:13:37Z,US,FL,True,influencer
00007d89fe64,102798,1,2026-03-20T14:16:45Z,US,IL,True,meta_ads
00007d8f9a22,100427,1,2025-08-21T20:40:42Z,US,NJ,True,organic_search
00007d8f9ae9,104030,1,2026-06-27T15:33:18Z,US,MA,True,unknown
00007d945b26,102059,2,2026-01-10T14:56:24Z,US,CA,True,organic_search
00007d945bed,102067,1,2026-01-11T17:09:54Z,GB,SCT,True,influencer
00007d99f7ab,100561,1,2025-09-07T23:38:50Z,US,GA,False,meta_ads
00007d9eb8af,102242,1,2026-02-02T20:18:20Z,US,CA,True,meta_ads
00007da91638,102713,1,2026-03-17T02:09:15Z,US,IN,True,referral
00007de43e0d,103147,1,2026-04-18T18:51:37Z,US,IL,False,google_ads
00007de8ff11,101531,1,2025-11-28T21:34:21Z,CA,AB,True,meta_ads
00007dee9acf,101930,1,2025-12-28T21:50:00Z,US,CA,True,tiktok_ads
00007dee9b96,102804,1,2026-03-20T16:48:37Z,CA,ON,False,meta_ads
00007df35c9a,101061,1,2025-10-28T02:07:14Z,US,OR,False,meta_ads
00007df43754,100393,1,2025-08-17T17:35:16Z,US,OR,False,organic_search
00007df8f858,102123,1,2026-01-19T10:48:50Z,US,NH,True,referral
00007df8f91f,102052,1,2026-01-09T23:20:24Z,US,FL,False,direct
00007dfdba23,100488,2,2025-08-31T23:05:09Z,US,TX,True,organic_search
00007dfe94dd,100651,1,2025-09-18T04:38:43Z,US,MO,True,google_ads
00007e0355e1,102387,1,2026-02-14T20:28:39Z,US,TX,True,tiktok_ads
00007e0356a8,101707,1,2025-12-04T18:19:58Z,AU,VIC,False,organic_search
00007e08f266,101237,1,2025-11-23T14:22:37Z,US,PA,False,organic_search
00007e0db36a,102964,1,2026-04-04T00:20:01Z,CA,ON,False,organic_search
00007e0db431,101151,1,2025-11-09T15:33:26Z,US,FL,True,google_ads
00007e134fef,101196,1,2025-11-16T20:41:01Z,US,CA,False,tiktok_ads
00007e1810f3,103647,1,2026-05-27T17:34:47Z,US,AZ,True,organic_search
00007e5052a7,100009,1,2025-06-26T23:55:16Z,US,TN,True,direct
00007e50536e,100534,1,2025-09-05T18:57:03Z,CA,QC,True,influencer
00007e5d9651,102104,1,2026-01-17T00:56:22Z,US,CA,False,meta_ads
00007e625755,100334,1,2025-08-11T09:53:48Z,US,CA,True,meta_ads
00007e67f313,102912,1,2026-03-29T03:07:45Z,US,NC,True,unknown
00007e67f3da,101032,2,2025-10-25T17:19:36Z,US,NY,True,meta_ads
00007e72509c,103273,1,2026-04-28T13:21:29Z,US,FL,True,direct
00007e725163,101290,1,2025-11-24T18:49:03Z,US,TX,True,meta_ads
00007e7cae25,103462,1,2026-05-11T13:52:11Z,US,TN,False,referral
00007e7caeec,101069,1,2025-10-29T12:57:50Z,US,MA,True,google_ads
00007e870bae,103789,1,2026-06-09T18:37:00Z,US,CA,True,referral
00007e870c75,100759,1,2025-09-30T12:22:11Z,US,TX,True,direct
00007e916937,101995,1,2026-01-05T02:08:14Z,US,FL,True,referral
00007ea4f692,103263,1,2026-04-27T19:26:28Z,US,PA,True,unknown
00007eaf541b,102732,1,2026-03-17T20:56:34Z,US,MN,False,meta_ads
00007eb4efd9,100098,1,2025-07-12T13:35:37Z,US,TX,True,organic_search
00007eb4f0a0,102872,1,2026-03-25T00:49:19Z,US,IN,True,referral
00007eb9b1a4,102501,1,2026-02-25T23:17:08Z,US,NY,True,meta_ads
00007ebf4d62,100712,1,2025-09-25T12:44:11Z,US,TX,False,direct
00007ebf4e29,103747,1,2026-06-06T01:38:47Z,US,CA,True,google_ads
00007ec9aaeb,101013,1,2025-10-24T02:51:50Z,US,CO,True,meta_ads
00007eeba8e0,103628,1,2026-05-26T13:56:30Z,US,FL,True,meta_ads
00007ef60669,103425,1,2026-05-09T05:47:55Z,US,CA,True,unknown
00007f13f14d,102670,1,2026-03-15T02:25:55Z,US,MI,False,unknown
00007f198d0b,100227,1,2025-07-28T17:47:27Z,CA,QC,True,google_ads
00007f198dd2,102065,1,2026-01-11T12:40:15Z,US,MD,True,meta_ads
00007f1e4e0f,101667,1,2025-12-01T19:50:28Z,US,TX,True,tiktok_ads
00007f1e4ed6,102357,1,2026-02-12T16:07:29Z,US,TX,False,unknown
00007f23ea94,100661,1,2025-09-19T03:22:29Z,US,NJ,False,unknown
00007f23eb5b,103861,1,2026-06-14T21:42:13Z,US,AZ,False,google_ads
00007f28ab98,102236,1,2026-02-02T10:09:46Z,US,TX,True,direct
00007f28ac5f,102111,1,2026-01-17T19:41:25Z,US,IN,False,influencer
00007f2e481d,100855,1,2025-10-09T02:03:28Z,US,TX,True,meta_ads
00007f2e48e4,103491,1,2026-05-13T23:54:43Z,US,MO,True,unknown
00007f330921,102768,1,2026-03-19T03:24:26Z,US,TN,False,google_ads
00007f3309e8,101164,1,2025-11-11T22:51:50Z,GB,ENG,False,google_ads
00007f38a5a6,101498,1,2025-11-28T04:52:36Z,US,CO,True,direct
00007f38a66d,102993,1,2026-04-06T19:12:38Z,US,CO,True,organic_search
00007f3d66aa,102936,1,2026-04-01T14:11:03Z,US,VA,False,tiktok_ads
00007f3d6771,101507,1,2025-11-28T11:16:35Z,US,MI,False,google_ads
00007f43032f,101189,1,2025-11-15T14:51:38Z,CA,BC,False,referral
00007f47c433,103520,1,2026-05-16T12:48:28Z,US,NY,True,influencer
00007f5221bc,103792,1,2026-06-09T23:34:07Z,US,OH,True,unknown
00007f8d4991,102185,1,2026-01-26T21:25:38Z,US,CA,False,organic_search
00007f920a95,100176,1,2025-07-21T13:56:15Z,US,OH,True,referral
00007f92e54f,101081,1,2025-10-31T14:09:13Z,US,CA,True,direct
00007f97a653,102814,1,2026-03-21T00:53:17Z,US,MA,False,influencer
00007f97a71a,101350,1,2025-11-25T15:01:08Z,US,TX,False,direct
00007f9d42d8,101354,1,2025-11-25T15:57:40Z,US,WI,True,organic_search
00007fa203dc,102997,1,2026-04-06T21:21:32Z,CA,AB,True,direct
00007fa204a3,101625,1,2025-11-30T21:07:23Z,US,TX,False,google_ads
00007fa7a061,101946,1,2025-12-30T23:08:44Z,US,GA,True,meta_ads
00007fac6165,103503,1,2026-05-14T14:04:35Z,US,GA,True,meta_ads
00007fac622c,100731,1,2025-09-27T14:33:20Z,US,WI,True,meta_ads
00007fb1fdea,102009,1,2026-01-06T04:30:24Z,AU,WA,True,organic_search
00007fb6beee,103845,1,2026-06-13T18:04:33Z,US,WI,False,tiktok_ads
00007fb6bfb5,100476,1,2025-08-29T12:26:37Z,CA,ON,False,unknown
00007fbc5b73,102553,1,2026-03-01T22:43:36Z,US,TN,False,direct
00007fe4a319,100312,1,2025-08-09T11:43:18Z,US,NY,True,unknown
00007fe4a3e0,103742,1,2026-06-05T08:19:26Z,CA,AB,True,direct
00007fef00a2,100489,1,2025-09-01T00:03:38Z,US,OR,False,influencer
00007fef0169,103675,1,2026-05-29T21:56:14Z,US,CA,True,direct
00007ff95e2b,101023,1,2025-10-25T03:33:53Z,US,CA,False,google_ads
00007ffc444c,101153,1,2025-11-09T19:28:11Z,US,CA,False,unknown
00test000test,100026,6,2025-07-03T15:07:00Z,US,CA,False,direct
