shipment_id,order_id,ship_date,carrier,service,zone,weight_g,postage_cost,packaging_cost,postage_imputed,is_valid,shipment_cost
SHP-000001,1001,2025-07-02,USPS,USPS Priority Mail International,CA,410,13.72,1.1,False,True,14.82
SHP-000002,1004,2025-07-02,USPS,USPS Priority Mail,US_domestic,910,9.42,2.1,False,True,11.52
SHP-000003,1007,2025-07-02,USPS,USPS Priority Mail International,CA,265,12.42,1.1,False,True,13.52
SHP-000004,1009,2025-07-02,USPS,USPS Ground Advantage,US_domestic,380,5.46,1.1,False,True,6.5600000000000005
SHP-000005,1011,2025-07-02,USPS,USPS Priority Mail,US_domestic,500,7.13,1.35,False,True,8.48
SHP-000006,1012,2025-07-02,USPS,USPS Priority Mail,US_domestic,870,9.54,1.85,False,True,11.389999999999999
SHP-000007,1002,2025-07-03,USPS,USPS Priority Mail,US_domestic,790,9.45,1.85,False,True,11.299999999999999
SHP-000008,1003,2025-07-03,USPS,USPS Ground Advantage,US_domestic,300,5.64,1.1,False,True,6.74
SHP-000009,1006,2025-07-03,USPS,USPS Ground Advantage,US_domestic,380,5.44,1.1,False,True,6.540000000000001
SHP-000010,1008,2025-07-03,USPS,USPS Ground Advantage,US_domestic,270,5.41,1.1,False,True,6.51
SHP-000011,1010,2025-07-03,USPS,USPS Priority Mail,US_domestic,985,9.19,2.1,False,True,11.29
SHP-000012,1013,2025-07-03,USPS,USPS Priority Mail,US_domestic,530,7.37,1.35,False,True,8.72
SHP-000013,1018,2025-07-03,USPS,USPS Ground Advantage,US_domestic,300,5.28,1.1,False,True,6.380000000000001
SHP-000014,1005,2025-07-04,USPS,USPS Priority Mail,US_domestic,610,7.33,1.6,False,True,8.93
SHP-000015,1015,2025-07-04,USPS,USPS Ground Advantage,US_domestic,265,5.63,1.1,False,True,6.73
SHP-000016,1017,2025-07-04,USPS,USPS Priority Mail,US_domestic,785,9.01,1.85,False,True,10.86
SHP-000017,1019,2025-07-04,USPS,USPS Priority Mail International,CA,420,13.84,1.35,False,True,15.19
SHP-000018,1020,2025-07-04,USPS,USPS Priority Mail,US_domestic,495,7.06,1.35,False,True,8.41
SHP-000019,1022,2025-07-04,USPS,USPS Priority Mail International,AU,530,21.95,1.35,False,True,23.3
SHP-000020,1014,2025-07-05,USPS,USPS Ground Advantage,US_domestic,270,5.54,1.1,False,True,6.640000000000001
SHP-000021,1023,2025-07-05,USPS,USPS Priority Mail,US_domestic,500,7.23,1.35,False,True,8.58
SHP-000022,1024,2025-07-05,USPS,USPS Ground Advantage,US_domestic,270,5.45,1.1,False,True,6.550000000000001
SHP-000023,1025,2025-07-05,USPS,USPS Ground Advantage,US_domestic,270,5.47,1.1,False,True,6.57
SHP-000024,1028,2025-07-05,USPS,USPS Priority Mail,US_domestic,750,9.14,1.6,False,True,10.74
SHP-000025,1029,2025-07-05,USPS,USPS Priority Mail,US_domestic,870,9.4,1.85,False,True,11.25
SHP-000026,1030,2025-07-05,USPS,USPS Priority Mail International,AU,990,27.27,1.85,False,True,29.12
SHP-000027,1021,2025-07-06,USPS,USPS Ground Advantage,US_domestic,300,5.58,1.1,False,True,6.68
SHP-000028,1027,2025-07-06,USPS,USPS Ground Advantage,US_domestic,380,5.46,1.1,False,True,6.5600000000000005
SHP-000029,1026,2025-07-07,USPS,USPS Ground Advantage,US_domestic,265,5.67,1.1,False,True,6.77
SHP-000030,1034,2025-07-07,USPS,USPS Ground Advantage,US_domestic,380,5.69,1.1,False,True,6.790000000000001
SHP-000031,1041,2025-07-07,USPS,USPS Priority Mail International,AU,265,18.78,1.1,False,True,19.880000000000003
SHP-000032,1031,2025-07-08,USPS,USPS Priority Mail,US_domestic,790,9.05,1.85,False,True,10.9
SHP-000033,1032,2025-07-08,USPS,USPS Ground Advantage,US_domestic,270,5.35,1.1,False,True,6.449999999999999
SHP-000034,1035,2025-07-08,USPS,USPS Ground Advantage,US_domestic,300,5.6,1.1,False,True,6.699999999999999
SHP-000035,1036,2025-07-08,USPS,USPS Priority Mail International,CA,470,13.84,1.35,False,True,15.19
SHP-000036,1037,2025-07-08,USPS,USPS Ground Advantage,US_domestic,270,5.46,1.1,False,True,6.5600000000000005
SHP-000037,1038,2025-07-08,USPS,USPS Priority Mail,US_domestic,1060,9.54,2.1,False,True,11.639999999999999
SHP-000038,1039,2025-07-08,USPS,USPS Ground Advantage,US_domestic,270,5.65,1.1,False,True,6.75
SHP-000039,1042,2025-07-08,USPS,USPS Ground Advantage,US_domestic,270,5.46,1.1,False,True,6.5600000000000005
SHP-000040,1053,2025-07-08,USPS,USPS Priority Mail,US_domestic,505,7.44,1.6,False,True,9.040000000000001
SHP-000041,1054,2025-07-08,USPS,USPS Priority Mail,US_domestic,640,7.22,1.35,False,True,8.57
SHP-000042,1033,2025-07-09,USPS,USPS Priority Mail,US_domestic,630,7.26,1.35,False,True,8.61
SHP-000043,1040,2025-07-09,USPS,USPS Ground Advantage,US_domestic,270,5.56,1.1,False,True,6.66
SHP-000044,1047,2025-07-09,USPS,USPS Ground Advantage,US_domestic,420,7.48,1.35,False,True,8.83
SHP-000045,1051,2025-07-09,USPS,USPS Priority Mail International,AU,500,21.96,1.35,False,True,23.310000000000002
SHP-000046,1058,2025-07-09,USPS,USPS Ground Advantage,US_domestic,410,7.13,1.1,False,True,8.23
SHP-000047,1044,2025-07-10,USPS,USPS Priority Mail,US_domestic,500,7.17,1.35,False,True,8.52
SHP-000048,1048,2025-07-10,USPS,USPS Priority Mail International,GB,1395,29.08,2.6,False,True,31.68
SHP-000049,1050,2025-07-10,USPS,USPS Ground Advantage,US_domestic,270,5.56,1.1,False,True,6.66
SHP-000050,1052,2025-07-10,USPS,USPS Ground Advantage,US_domestic,270,5.48,1.1,False,True,6.58
SHP-000051,1056,2025-07-10,USPS,USPS Priority Mail,US_domestic,1190,9.43,1.85,False,True,11.28
SHP-000052,1059,2025-07-10,USPS,USPS Ground Advantage,US_domestic,385,5.55,1.35,False,True,6.9
SHP-000053,1065,2025-07-10,USPS,USPS Priority Mail,US_domestic,770,9.26,2.35,False,True,11.61
SHP-000054,1070,2025-07-10,USPS,USPS Priority Mail International,AU,380,20.29,1.1,False,True,21.39
SHP-000055,1071,2025-07-10,USPS,USPS Ground Advantage,US_domestic,300,5.55,1.1,False,True,6.65
SHP-000056,1043,2025-07-11,USPS,USPS Priority Mail,US_domestic,750,9.17,1.6,False,True,10.77
SHP-000057,1045,2025-07-11,USPS,USPS Ground Advantage,US_domestic,390,5.54,1.35,False,True,6.890000000000001
SHP-000058,1046,2025-07-11,USPS,USPS Priority Mail International,GB,670,21.16,1.1,False,True,22.26
SHP-000059,1049,2025-07-11,USPS,USPS Priority Mail,US_domestic,990,9.38,1.85,False,True,11.23
SHP-000060,1055,2025-07-11,USPS,USPS Priority Mail International,GB,620,21.1,1.6,False,True,22.700000000000003
SHP-000061,1057,2025-07-11,USPS,USPS Priority Mail,US_domestic,610,7.05,1.35,False,True,8.4
SHP-000062,1060,2025-07-11,USPS,USPS Priority Mail,US_domestic,750,9.33,1.6,False,True,10.93
SHP-000063,1064,2025-07-11,USPS,USPS Ground Advantage,US_domestic,300,5.69,1.1,False,True,6.790000000000001
SHP-000064,1067,2025-07-11,USPS,USPS Priority Mail,US_domestic,750,9.27,1.6,False,True,10.87
SHP-000065,1069,2025-07-11,USPS,USPS Ground Advantage,US_domestic,430,7.13,1.35,False,True,8.48
SHP-000066,1073,2025-07-11,USPS,USPS Ground Advantage,US_domestic,310,5.38,1.1,False,True,6.48
SHP-000067,1079,2025-07-11,USPS,USPS Priority Mail,US_domestic,510,7.03,1.35,False,True,8.38
SHP-000068,1080,2025-07-11,USPS,USPS Ground Advantage,US_domestic,380,5.39,1.1,False,True,6.49
SHP-000069,1061,2025-07-12,USPS,USPS Priority Mail,US_domestic,1010,9.96,1.85,False,True,11.81
SHP-000070,1062,2025-07-12,USPS,USPS Priority Mail International,CA,390,13.39,1.35,False,True,14.74
SHP-000071,1063,2025-07-12,USPS,USPS Priority Mail,US_domestic,900,9.32,1.85,False,True,11.17
SHP-000072,1068,2025-07-12,USPS,USPS Priority Mail,US_domestic,870,9.22,1.85,False,True,11.07
SHP-000073,1072,2025-07-12,USPS,USPS Priority Mail,US_domestic,570,7.72,1.35,True,True,9.07
SHP-000074,1076,2025-07-12,USPS,USPS Priority Mail,US_domestic,730,9.38,2.1,False,True,11.48
SHP-000075,1081,2025-07-12,USPS,USPS Priority Mail,US_domestic,900,9.42,2.35,False,True,11.77
SHP-000076,1082,2025-07-12,USPS,USPS Priority Mail,US_domestic,610,7.02,1.35,False,True,8.37
SHP-000077,1086,2025-07-12,USPS,USPS Ground Advantage,US_domestic,420,7.11,1.35,False,True,8.46
SHP-000078,1092,2025-07-12,USPS,USPS Priority Mail International,CA,670,16.29,1.1,False,True,17.39
SHP-000079,1066,2025-07-13,USPS,USPS Ground Advantage,US_domestic,390,5.28,1.35,False,True,6.630000000000001
SHP-000080,1074,2025-07-13,USPS,USPS Priority Mail,US_domestic,980,9.59,1.85,False,True,11.44
SHP-000081,1085,2025-07-13,USPS,USPS Priority Mail International,CA,270,12.57,1.1,False,True,13.67
SHP-000082,1088,2025-07-13,USPS,USPS Ground Advantage,US_domestic,300,5.36,1.1,False,True,6.460000000000001
SHP-000083,1091,2025-07-13,USPS,USPS Priority Mail,US_domestic,750,9.28,1.6,False,True,10.879999999999999
SHP-000084,1099,2025-07-13,USPS,USPS Ground Advantage,US_domestic,390,5.57,1.1,False,True,6.67
SHP-000085,1075,2025-07-14,USPS,USPS Ground Advantage,US_domestic,390,5.54,1.1,False,True,6.640000000000001
SHP-000086,1077,2025-07-14,USPS,USPS Priority Mail,US_domestic,980,9.36,1.85,False,True,11.209999999999999
SHP-000087,1078,2025-07-14,USPS,USPS Ground Advantage,US_domestic,270,5.51,1.1,False,True,6.609999999999999
SHP-000088,1083,2025-07-14,USPS,USPS Ground Advantage,US_domestic,425,7.11,1.35,False,True,8.46
SHP-000089,1087,2025-07-14,USPS,USPS Ground Advantage,US_domestic,390,5.27,1.1,False,True,6.369999999999999
SHP-000090,1089,2025-07-14,USPS,USPS Ground Advantage,US_domestic,265,5.52,1.1,False,True,6.619999999999999
SHP-000091,1090,2025-07-14,USPS,USPS Ground Advantage,US_domestic,270,5.45,1.1,False,True,6.550000000000001
SHP-000092,1093,2025-07-14,USPS,USPS Ground Advantage,US_domestic,265,5.53,1.1,False,True,6.630000000000001
SHP-000093,1096,2025-07-14,USPS,USPS Ground Advantage,US_domestic,270,5.47,1.1,False,True,6.57
SHP-000094,1097,2025-07-14,USPS,USPS Ground Advantage,US_domestic,390,5.35,1.35,False,True,6.699999999999999
SHP-000095,1102,2025-07-14,USPS,USPS Ground Advantage,US_domestic,300,5.64,1.1,False,True,6.74
SHP-000096,1105,2025-07-14,USPS,USPS Priority Mail,US_domestic,1210,11.76,2.1,False,True,13.86
SHP-000097,1084,2025-07-15,USPS,USPS Ground Advantage,US_domestic,270,5.26,1.1,False,True,6.359999999999999
SHP-000098,1094,2025-07-15,USPS,USPS Priority Mail International,CA,640,15.73,1.35,False,True,17.080000000000002
SHP-000099,1095,2025-07-15,USPS,USPS Priority Mail International,CA,540,14.14,1.35,False,True,15.49
SHP-000100,1100,2025-07-15,USPS,USPS Priority Mail,US_domestic,500,7.12,1.35,False,True,8.47
SHP-000101,1101,2025-07-15,USPS,USPS Priority Mail,US_domestic,790,9.41,2.1,False,True,11.51
SHP-000102,1106,2025-07-15,USPS,USPS Ground Advantage,US_domestic,385,5.42,1.35,False,True,6.77
SHP-000103,1107,2025-07-15,USPS,USPS Ground Advantage,US_domestic,270,5.54,1.1,False,True,6.640000000000001
SHP-000104,1112,2025-07-15,USPS,USPS Ground Advantage,US_domestic,380,5.55,1.1,False,True,6.65
SHP-000105,1098,2025-07-16,USPS,USPS Ground Advantage,US_domestic,270,5.58,1.1,False,True,6.68
SHP-000106,1103,2025-07-16,USPS,USPS Ground Advantage,US_domestic,420,7.1,1.35,False,True,8.45
SHP-000107,1115,2025-07-16,USPS,USPS Ground Advantage,US_domestic,270,5.58,1.1,False,True,6.68
SHP-000108,1118,2025-07-16,USPS,USPS Ground Advantage,US_domestic,270,5.43,1.1,False,True,6.529999999999999
SHP-000109,1120,2025-07-16,USPS,USPS Priority Mail,US_domestic,560,7.47,1.35,False,True,8.82
SHP-000110,1104,2025-07-17,USPS,USPS Ground Advantage,US_domestic,270,5.56,1.1,False,True,6.66
SHP-000111,1108,2025-07-17,USPS,USPS Ground Advantage,US_domestic,265,5.52,1.1,False,True,6.619999999999999
SHP-000112,1109,2025-07-17,USPS,USPS Ground Advantage,US_domestic,270,5.49,1.1,False,True,6.59
SHP-000113,1110,2025-07-17,USPS,USPS Priority Mail International,AU,270,18.49,1.1,False,True,19.59
SHP-000114,1111,2025-07-17,USPS,USPS Priority Mail International,GB,670,21.58,1.1,False,True,22.68
SHP-000115,1114,2025-07-17,USPS,USPS Priority Mail International,AU,790,24.55,1.85,False,True,26.400000000000002
SHP-000116,1116,2025-07-17,USPS,USPS Ground Advantage,US_domestic,270,5.46,1.1,False,True,6.5600000000000005
SHP-000117,1123,2025-07-17,USPS,USPS Priority Mail,US_domestic,750,9.21,1.6,False,True,10.81
SHP-000118,1125,2025-07-17,USPS,USPS Ground Advantage,US_domestic,270,5.4,1.1,False,True,6.5
SHP-000119,1126,2025-07-17,USPS,USPS Priority Mail,US_domestic,1150,9.34,2.35,False,True,11.69
SHP-000120,1128,2025-07-17,USPS,USPS Ground Advantage,US_domestic,410,7.28,1.1,False,True,8.38
SHP-000121,1132,2025-07-17,USPS,USPS Ground Advantage,US_domestic,420,7.22,1.35,False,True,8.57
SHP-000122,1113,2025-07-18,USPS,USPS Ground Advantage,US_domestic,270,5.65,1.1,False,True,6.75
SHP-000123,1119,2025-07-18,USPS,USPS Ground Advantage,US_domestic,430,7.24,1.35,False,True,8.59
SHP-000124,1121,2025-07-18,USPS,USPS Ground Advantage,US_domestic,300,5.48,1.1,False,True,6.58
SHP-000125,1127,2025-07-18,USPS,USPS Ground Advantage,US_domestic,380,5.47,1.1,False,True,6.57
SHP-000126,1129,2025-07-18,USPS,USPS Ground Advantage,US_domestic,380,5.46,1.1,False,True,6.5600000000000005
SHP-000127,1130,2025-07-18,USPS,USPS Priority Mail International,CA,590,15.45,1.6,False,True,17.05
SHP-000128,1117,2025-07-19,USPS,USPS Ground Advantage,US_domestic,410,7.15,1.1,False,True,8.25
SHP-000129,1122,2025-07-19,USPS,USPS Ground Advantage,US_domestic,310,5.47,1.1,False,True,6.57
SHP-000130,1124,2025-07-19,USPS,USPS Ground Advantage,US_domestic,385,5.51,1.35,False,True,6.859999999999999
SHP-000131,1131,2025-07-19,USPS,USPS Priority Mail International,AU,380,20.11,1.1,False,True,21.21
SHP-000132,1136,2025-07-19,USPS,USPS Ground Advantage,US_domestic,270,5.53,1.1,False,True,6.630000000000001
SHP-000133,1137,2025-07-19,USPS,USPS Priority Mail,US_domestic,560,7.17,1.35,False,True,8.52
SHP-000134,1133,2025-07-20,USPS,USPS Ground Advantage,US_domestic,390,5.55,1.35,False,True,6.9
SHP-000135,1138,2025-07-20,USPS,USPS Ground Advantage,US_domestic,390,5.47,1.35,False,True,6.82
SHP-000136,1139,2025-07-20,USPS,USPS Priority Mail,US_domestic,500,7.36,1.35,False,True,8.71
SHP-000137,1143,2025-07-20,USPS,USPS Ground Advantage,US_domestic,380,5.65,1.1,False,True,6.75
SHP-000138,1146,2025-07-20,USPS,USPS Priority Mail International,AU,540,21.75,1.35,False,True,23.1
SHP-000139,1151,2025-07-20,USPS,USPS Ground Advantage,US_domestic,270,5.74,1.1,False,True,6.84
SHP-000140,1157,2025-07-20,USPS,USPS Priority Mail,US_domestic,900,9.24,2.1,False,True,11.34
SHP-000141,1134,2025-07-21,USPS,USPS Priority Mail,US_domestic,750,9.57,1.6,False,True,11.17
SHP-000142,1135,2025-07-21,USPS,USPS Ground Advantage,US_domestic,390,5.46,1.1,False,True,6.5600000000000005
SHP-000143,1140,2025-07-21,USPS,USPS Ground Advantage,US_domestic,425,7.3,1.35,False,True,8.65
SHP-000144,1141,2025-07-21,USPS,USPS Priority Mail,US_domestic,495,7.42,1.35,False,True,8.77
SHP-000145,1144,2025-07-21,USPS,USPS Ground Advantage,US_domestic,270,5.47,1.1,False,True,6.57
SHP-000146,1147,2025-07-21,USPS,USPS Ground Advantage,US_domestic,300,5.52,1.1,False,True,6.619999999999999
SHP-000147,1148,2025-07-21,USPS,USPS Ground Advantage,US_domestic,410,7.24,1.1,False,True,8.34
SHP-000148,1150,2025-07-21,USPS,USPS Priority Mail,US_domestic,670,7.45,1.1,False,True,8.55
SHP-000149,1154,2025-07-21,USPS,USPS Ground Advantage,US_domestic,410,7.13,1.1,False,True,8.23
SHP-000150,1155,2025-07-21,USPS,USPS Ground Advantage,US_domestic,310,5.57,1.1,False,True,6.67
SHP-000151,1156,2025-07-21,USPS,USPS Priority Mail,US_domestic,750,9.39,1.6,False,True,10.99
SHP-000152,1166,2025-07-21,USPS,USPS Priority Mail,US_domestic,870,9.56,1.85,False,True,11.41
SHP-000153,1167,2025-07-21,USPS,USPS Priority Mail,US_domestic,1110,9.55,2.1,False,True,11.65
SHP-000154,1142,2025-07-22,USPS,USPS Priority Mail,US_domestic,900,9.48,1.85,False,True,11.33
SHP-000155,1145,2025-07-22,USPS,USPS Priority Mail,US_domestic,470,7.0,1.35,False,True,8.35
SHP-000156,1149,2025-07-22,USPS,USPS Ground Advantage,US_domestic,310,5.63,1.1,False,True,6.73
SHP-000157,1152,2025-07-22,USPS,USPS Ground Advantage,US_domestic,300,5.51,1.1,False,True,6.609999999999999
SHP-000158,1158,2025-07-22,USPS,USPS Priority Mail International,CA,390,13.44,1.35,False,True,14.79
SHP-000159,1159,2025-07-22,USPS,USPS Ground Advantage,US_domestic,385,5.67,1.35,False,True,7.02
SHP-000160,1162,2025-07-22,USPS,USPS Priority Mail International,CA,385,13.13,1.35,False,True,14.48
SHP-000161,1169,2025-07-22,USPS,USPS Ground Advantage,US_domestic,390,5.62,1.1,False,True,6.720000000000001
SHP-000162,1171,2025-07-22,USPS,USPS Priority Mail,US_domestic,875,9.44,2.35,False,True,11.79
SHP-000163,1172,2025-07-22,USPS,USPS Ground Advantage,US_domestic,310,5.52,1.1,False,True,6.619999999999999
SHP-000164,1153,2025-07-23,USPS,USPS Priority Mail,US_domestic,500,7.24,1.6,False,True,8.84
SHP-000165,1160,2025-07-23,USPS,USPS Ground Advantage,US_domestic,430,7.28,1.35,False,True,8.63
SHP-000166,1168,2025-07-23,USPS,USPS Ground Advantage,US_domestic,390,5.38,1.1,False,True,6.48
SHP-000167,1178,2025-07-23,USPS,USPS Ground Advantage,US_domestic,270,5.43,1.1,False,True,6.529999999999999
SHP-000168,1161,2025-07-24,USPS,USPS Priority Mail International,AU,265,18.19,1.1,False,True,19.290000000000003
SHP-000169,1163,2025-07-24,USPS,USPS Ground Advantage,US_domestic,270,5.59,1.1,False,True,6.6899999999999995
SHP-000170,1164,2025-07-24,USPS,USPS Priority Mail,US_domestic,760,9.61,2.1,False,True,11.709999999999999
SHP-000171,1165,2025-07-24,USPS,USPS Ground Advantage,US_domestic,300,5.53,1.1,False,True,6.630000000000001
SHP-000172,1170,2025-07-24,USPS,USPS Priority Mail,US_domestic,870,9.66,1.85,False,True,11.51
SHP-000173,1173,2025-07-24,USPS,USPS Ground Advantage,US_domestic,270,5.48,1.1,False,True,6.58
SHP-000174,1174,2025-07-24,USPS,USPS Priority Mail International,GB,910,23.51,1.85,False,True,25.360000000000003
SHP-000175,1175,2025-07-25,USPS,USPS Priority Mail International,GB,590,19.88,1.6,False,True,21.48
SHP-000176,1176,2025-07-25,USPS,USPS Ground Advantage,US_domestic,270,5.53,1.1,False,True,6.630000000000001
SHP-000177,1177,2025-07-25,USPS,USPS Ground Advantage,US_domestic,310,5.7,1.1,False,True,6.800000000000001
SHP-000178,1180,2025-07-25,USPS,USPS Priority Mail International,CA,265,12.22,1.1,False,True,13.32
SHP-000179,1182,2025-07-25,USPS,USPS Priority Mail,US_domestic,630,7.2,1.35,False,True,8.55
SHP-000180,1183,2025-07-25,USPS,USPS Ground Advantage,US_domestic,380,5.6,1.1,False,True,6.699999999999999
SHP-000181,1184,2025-07-25,USPS,USPS Priority Mail International,GB,390,17.99,1.1,False,True,19.09
SHP-000182,1190,2025-07-26,USPS,USPS Priority Mail,US_domestic,1250,12.17,2.35,False,True,14.52
SHP-000183,1179,2025-07-27,USPS,USPS Ground Advantage,US_domestic,270,5.43,1.1,False,True,6.529999999999999
SHP-000184,1181,2025-07-27,USPS,USPS Priority Mail,US_domestic,990,9.09,2.35,False,True,11.44
SHP-000185,1188,2025-07-27,USPS,USPS Ground Advantage,US_domestic,380,5.26,1.35,False,True,6.609999999999999
SHP-000186,1191,2025-07-27,USPS,USPS Priority Mail International,CA,390,13.43,1.35,False,True,14.78
SHP-000187,1192,2025-07-27,USPS,USPS Priority Mail,US_domestic,470,7.27,1.35,False,True,8.62
SHP-000188,1199,2025-07-27,USPS,USPS Priority Mail,US_domestic,790,9.43,1.85,False,True,11.28
SHP-000189,1205,2025-07-27,USPS,USPS Priority Mail,US_domestic,560,7.33,1.35,False,True,8.68
SHP-000190,1185,2025-07-28,USPS,USPS Priority Mail International,GB,380,18.04,1.1,False,True,19.14
SHP-000191,1186,2025-07-28,USPS,USPS Ground Advantage,US_domestic,410,7.18,1.1,False,True,8.28
SHP-000192,1189,2025-07-28,USPS,USPS Ground Advantage,US_domestic,410,7.18,1.1,False,True,8.28
SHP-000193,1193,2025-07-28,USPS,USPS Priority Mail,US_domestic,495,7.28,1.35,False,True,8.63
SHP-000194,1197,2025-07-28,USPS,USPS Ground Advantage,US_domestic,310,5.51,1.1,False,True,6.609999999999999
SHP-000195,1202,2025-07-28,USPS,USPS Priority Mail,US_domestic,500,7.29,1.6,False,True,8.89
SHP-000196,1204,2025-07-28,USPS,USPS Ground Advantage,US_domestic,380,5.74,1.1,False,True,6.84
SHP-000197,1206,2025-07-28,USPS,USPS Priority Mail,US_domestic,865,9.52,1.85,False,True,11.37
SHP-000198,1207,2025-07-28,USPS,USPS Ground Advantage,US_domestic,300,5.43,1.1,False,True,6.529999999999999
SHP-000199,1211,2025-07-28,USPS,USPS Ground Advantage,US_domestic,265,5.45,1.1,False,True,6.550000000000001
SHP-000200,1212,2025-07-28,USPS,USPS Priority Mail,US_domestic,750,9.29,1.6,False,True,10.889999999999999
SHP-000201,1213,2025-07-28,USPS,USPS Priority Mail International,CA,530,14.44,1.35,False,True,15.79
SHP-000202,1187,2025-07-29,USPS,USPS Priority Mail,US_domestic,1055,9.45,2.35,False,True,11.799999999999999
SHP-000203,1194,2025-07-29,USPS,USPS Ground Advantage,US_domestic,310,5.49,1.1,False,True,6.59
SHP-000204,1195,2025-07-29,USPS,USPS Priority Mail,US_domestic,750,9.4,1.6,False,True,11.0
SHP-000205,1196,2025-07-29,USPS,USPS Ground Advantage,US_domestic,300,5.72,1.1,False,True,6.82
SHP-000206,1198,2025-07-29,USPS,USPS Ground Advantage,US_domestic,385,5.39,1.35,False,True,6.74
SHP-000207,1200,2025-07-29,USPS,USPS Priority Mail,US_domestic,640,7.27,1.35,False,True,8.62
SHP-000208,1201,2025-07-29,USPS,USPS Priority Mail,US_domestic,500,7.08,1.35,False,True,8.43
SHP-000209,1203,2025-07-29,USPS,USPS Priority Mail International,CA,870,17.76,1.85,False,True,19.610000000000003
SHP-000210,1208,2025-07-29,USPS,USPS Priority Mail,US_domestic,1140,9.16,2.35,False,True,11.51
SHP-000211,1209,2025-07-29,USPS,USPS Ground Advantage,US_domestic,265,5.76,1.1,False,True,6.859999999999999
SHP-000212,1210,2025-07-29,USPS,USPS Priority Mail,US_domestic,980,9.29,1.85,False,True,11.139999999999999
SHP-000213,1215,2025-07-29,USPS,USPS Priority Mail,US_domestic,500,7.46,1.35,False,True,8.81
SHP-000214,1218,2025-07-29,USPS,USPS Priority Mail International,CA,390,12.97,1.1,False,True,14.07
SHP-000215,1220,2025-07-29,USPS,USPS Ground Advantage,US_domestic,300,5.56,1.1,False,True,6.66
SHP-000216,1222,2025-07-30,USPS,USPS Priority Mail International,GB,540,18.79,1.35,False,True,20.14
SHP-000217,1223,2025-07-30,USPS,USPS Ground Advantage,US_domestic,300,5.44,1.1,False,True,6.540000000000001
SHP-000218,1227,2025-07-30,USPS,USPS Priority Mail,US_domestic,550,7.39,1.35,False,True,8.74
SHP-000219,1229,2025-07-30,USPS,USPS Priority Mail International,CA,410,13.3,1.1,False,True,14.4
SHP-000220,1234,2025-07-30,USPS,USPS Priority Mail,US_domestic,670,7.14,1.1,False,True,8.24
SHP-000221,1214,2025-07-31,USPS,USPS Priority Mail International,AU,1450,33.75,2.35,False,True,36.1
SHP-000222,1217,2025-07-31,USPS,USPS Ground Advantage,US_domestic,300,5.4,1.1,False,True,6.5
SHP-000223,1225,2025-07-31,USPS,USPS Priority Mail,US_domestic,790,9.23,2.1,False,True,11.33
SHP-000224,1226,2025-07-31,USPS,USPS Ground Advantage,US_domestic,270,5.65,1.1,False,True,6.75
SHP-000225,1228,2025-07-31,USPS,USPS Ground Advantage,US_domestic,270,5.56,1.1,False,True,6.66
SHP-000226,1230,2025-07-31,USPS,USPS Ground Advantage,US_domestic,270,5.36,1.1,False,True,6.460000000000001
SHP-000227,1219,2025-08-01,USPS,USPS Priority Mail,US_domestic,1190,9.42,1.85,False,True,11.27
SHP-000228,1221,2025-08-01,USPS,USPS Priority Mail,US_domestic,1060,10.34,2.1,True,True,12.44
SHP-000229,1224,2025-08-01,USPS,USPS Priority Mail,US_domestic,870,9.17,1.85,False,True,11.02
SHP-000230,1233,2025-08-01,USPS,USPS Ground Advantage,US_domestic,270,5.49,1.1,False,True,6.59
SHP-000231,1237,2025-08-01,USPS,USPS Ground Advantage,US_domestic,380,5.56,1.1,False,True,6.66
SHP-000232,1241,2025-08-01,USPS,USPS Priority Mail,US_domestic,670,7.41,1.1,False,True,8.51
SHP-000233,1242,2025-08-01,USPS,USPS Ground Advantage,US_domestic,270,5.51,1.1,False,True,6.609999999999999
SHP-000234,1244,2025-08-01,USPS,USPS Priority Mail International,CA,300,12.67,1.1,False,True,13.77
SHP-000235,1250,2025-08-01,USPS,USPS Ground Advantage,US_domestic,270,5.45,1.1,False,True,6.550000000000001
SHP-000236,1231,2025-08-02,USPS,USPS Ground Advantage,US_domestic,390,5.35,1.1,False,True,6.449999999999999
SHP-000237,1232,2025-08-02,USPS,USPS Priority Mail,US_domestic,1550,12.4,2.35,False,True,14.75
SHP-000238,1235,2025-08-02,USPS,USPS Ground Advantage,US_domestic,270,5.55,1.1,False,True,6.65
SHP-000239,1236,2025-08-02,USPS,USPS Priority Mail,US_domestic,1425,12.33,2.35,False,True,14.68
SHP-000240,1238,2025-08-02,USPS,USPS Priority Mail,US_domestic,975,8.94,2.35,False,True,11.29
SHP-000241,1240,2025-08-02,USPS,USPS Ground Advantage,US_domestic,310,5.64,1.1,False,True,6.74
SHP-000242,1243,2025-08-02,USPS,USPS Ground Advantage,US_domestic,300,5.34,1.1,False,True,6.4399999999999995
SHP-000243,1247,2025-08-02,USPS,USPS Priority Mail,US_domestic,670,7.26,1.1,False,True,8.36
SHP-000244,1249,2025-08-02,USPS,USPS Priority Mail,US_domestic,870,9.4,1.85,False,True,11.25
SHP-000245,1252,2025-08-02,USPS,USPS Ground Advantage,US_domestic,265,5.7,1.1,False,True,6.800000000000001
SHP-000246,1254,2025-08-02,USPS,USPS Ground Advantage,US_domestic,265,5.35,1.1,False,True,6.449999999999999
SHP-000247,1256,2025-08-02,USPS,USPS Ground Advantage,US_domestic,385,5.49,1.35,False,True,6.84
SHP-000248,1239,2025-08-03,USPS,USPS Ground Advantage,US_domestic,430,7.1,1.35,False,True,8.45
SHP-000249,1246,2025-08-03,USPS,USPS Priority Mail International,GB,420,18.6,1.35,False,True,19.950000000000003
SHP-000250,1260,2025-08-03,USPS,USPS Priority Mail International,CA,270,12.57,1.1,False,True,13.67
SHP-000251,1248,2025-08-04,USPS,USPS Ground Advantage,US_domestic,300,5.71,1.1,False,True,6.8100000000000005
SHP-000252,1251,2025-08-04,USPS,USPS Ground Advantage,US_domestic,310,5.37,1.1,False,True,6.470000000000001
SHP-000253,1255,2025-08-04,USPS,USPS Ground Advantage,US_domestic,270,5.46,1.1,False,True,6.5600000000000005
SHP-000254,1261,2025-08-04,USPS,USPS Priority Mail,US_domestic,985,9.13,2.1,False,True,11.23
SHP-000255,1263,2025-08-04,USPS,USPS Ground Advantage,US_domestic,270,5.38,1.1,False,True,6.48
SHP-000256,1269,2025-08-04,USPS,USPS Priority Mail,US_domestic,740,9.55,2.1,False,True,11.65
SHP-000257,1270,2025-08-04,USPS,USPS Priority Mail International,AU,410,20.28,1.1,False,True,21.380000000000003
SHP-000258,1253,2025-08-05,USPS,USPS Priority Mail,US_domestic,670,7.34,1.1,False,True,8.44
SHP-000259,1257,2025-08-05,USPS,USPS Priority Mail International,GB,390,17.74,1.35,False,True,19.09
SHP-000260,1258,2025-08-05,USPS,USPS Priority Mail International,GB,420,18.2,1.35,False,True,19.55
SHP-000261,1262,2025-08-05,USPS,USPS Priority Mail,US_domestic,1030,10.18,2.1,True,True,12.28
SHP-000262,1264,2025-08-05,USPS,USPS Ground Advantage,US_domestic,380,5.44,1.1,False,True,6.540000000000001
SHP-000263,1265,2025-08-05,USPS,USPS Priority Mail,US_domestic,870,9.29,1.85,False,True,11.139999999999999
SHP-000264,1267,2025-08-05,USPS,USPS Ground Advantage,US_domestic,270,5.58,1.1,False,True,6.68
SHP-000265,1259,2025-08-06,USPS,USPS Priority Mail,US_domestic,640,7.28,1.35,False,True,8.63
SHP-000266,1266,2025-08-06,USPS,USPS Ground Advantage,US_domestic,270,5.71,1.1,False,True,6.8100000000000005
SHP-000267,1272,2025-08-06,USPS,USPS Priority Mail International,CA,270,12.37,1.1,False,True,13.469999999999999
SHP-000268,1273,2025-08-06,USPS,USPS Priority Mail,US_domestic,1030,9.42,2.1,False,True,11.52
SHP-000269,1279,2025-08-06,USPS,USPS Ground Advantage,US_domestic,270,5.37,1.1,False,True,6.470000000000001
SHP-000270,1284,2025-08-06,USPS,USPS Ground Advantage,US_domestic,270,5.58,1.1,False,True,6.68
SHP-000271,1268,2025-08-07,USPS,USPS Ground Advantage,US_domestic,270,5.52,1.1,False,True,6.619999999999999
SHP-000272,1271,2025-08-07,USPS,USPS Priority Mail,US_domestic,610,7.51,1.35,False,True,8.86
SHP-000273,1275,2025-08-07,USPS,USPS Ground Advantage,US_domestic,270,5.49,1.1,False,True,6.59
SHP-000274,1276,2025-08-07,USPS,USPS Priority Mail International,GB,1100,26.34,2.35,False,True,28.69
SHP-000275,1277,2025-08-07,USPS,USPS Priority Mail,US_domestic,570,6.87,1.6,False,True,8.47
SHP-000276,1278,2025-08-07,USPS,USPS Ground Advantage,US_domestic,420,7.54,1.35,False,True,8.89
SHP-000277,1283,2025-08-07,USPS,USPS Ground Advantage,US_domestic,270,5.4,1.1,False,True,6.5
SHP-000278,1290,2025-08-07,USPS,USPS Priority Mail,US_domestic,570,7.18,1.35,False,True,8.53
SHP-000279,1274,2025-08-08,USPS,USPS Priority Mail,US_domestic,500,7.38,1.35,False,True,8.73
SHP-000280,1281,2025-08-08,USPS,USPS Priority Mail,US_domestic,530,6.96,1.35,False,True,8.31
SHP-000281,1285,2025-08-08,USPS,USPS Priority Mail,US_domestic,540,7.1,1.35,False,True,8.45
SHP-000282,1286,2025-08-08,USPS,USPS Priority Mail,US_domestic,690,7.16,1.6,False,True,8.76
SHP-000283,1287,2025-08-08,USPS,USPS Ground Advantage,US_domestic,270,5.44,1.1,False,True,6.540000000000001
SHP-000284,1291,2025-08-08,USPS,USPS Ground Advantage,US_domestic,390,5.63,1.1,False,True,6.73
SHP-000285,1296,2025-08-08,USPS,USPS Ground Advantage,US_domestic,380,5.48,1.35,False,True,6.83
SHP-000286,1280,2025-08-09,USPS,USPS Ground Advantage,US_domestic,270,5.45,1.1,False,True,6.550000000000001
SHP-000287,1282,2025-08-09,USPS,USPS Ground Advantage,US_domestic,430,7.09,1.35,False,True,8.44
SHP-000288,1288,2025-08-09,USPS,USPS Ground Advantage,US_domestic,410,6.88,1.1,False,True,7.98
SHP-000289,1292,2025-08-09,USPS,USPS Priority Mail,US_domestic,990,9.65,2.1,False,True,11.75
SHP-000290,1295,2025-08-09,USPS,USPS Ground Advantage,US_domestic,270,5.35,1.1,False,True,6.449999999999999
SHP-000291,1289,2025-08-10,USPS,USPS Ground Advantage,US_domestic,430,7.09,1.35,False,True,8.44
SHP-000292,1293,2025-08-10,USPS,USPS Priority Mail,US_domestic,900,9.39,1.85,False,True,11.24
SHP-000293,1294,2025-08-10,USPS,USPS Priority Mail International,CA,755,16.56,2.1,False,True,18.66
SHP-000294,1297,2025-08-10,USPS,USPS Priority Mail,US_domestic,670,6.97,1.1,False,True,8.07
SHP-000295,1298,2025-08-10,USPS,USPS Priority Mail International,AU,265,18.49,1.1,False,True,19.59
SHP-000296,1299,2025-08-10,USPS,USPS Ground Advantage,US_domestic,390,5.6,1.35,False,True,6.949999999999999
SHP-000297,1301,2025-08-10,USPS,USPS Priority Mail International,GB,270,15.91,1.1,False,True,17.01
SHP-000298,1303,2025-08-10,USPS,USPS Ground Advantage,US_domestic,420,7.11,1.35,False,True,8.46
SHP-000299,1304,2025-08-10,USPS,USPS Ground Advantage,US_domestic,420,6.94,1.35,False,True,8.290000000000001
SHP-000300,1305,2025-08-10,USPS,USPS Priority Mail,US_domestic,870,9.13,1.85,False,True,10.98
SHP-000301,1307,2025-08-10,USPS,USPS Priority Mail,US_domestic,505,7.18,1.6,False,True,8.78
SHP-000302,1300,2025-08-11,USPS,USPS Priority Mail International,CA,500,14.2,1.35,False,True,15.549999999999999
SHP-000303,1306,2025-08-11,USPS,USPS Priority Mail,US_domestic,790,9.55,1.85,False,True,11.4
SHP-000304,1308,2025-08-11,USPS,USPS Ground Advantage,US_domestic,310,5.45,1.1,False,True,6.550000000000001
SHP-000305,1310,2025-08-11,USPS,USPS Priority Mail,US_domestic,535,7.35,1.6,False,True,8.95
SHP-000306,1314,2025-08-11,USPS,USPS Priority Mail,US_domestic,650,6.97,1.6,False,True,8.57
SHP-000307,1316,2025-08-11,USPS,USPS Priority Mail International,GB,310,16.95,1.1,False,True,18.05
SHP-000308,1322,2025-08-11,USPS,USPS Priority Mail,US_domestic,1220,12.43,2.35,False,True,14.78
SHP-000309,1324,2025-08-11,USPS,USPS Priority Mail International,CA,310,12.28,1.1,False,True,13.379999999999999
SHP-000310,1302,2025-08-12,USPS,USPS Ground Advantage,US_domestic,270,5.59,1.1,False,True,6.6899999999999995
SHP-000311,1309,2025-08-12,USPS,USPS Ground Advantage,US_domestic,310,5.72,1.1,False,True,6.82
SHP-000312,1323,2025-08-12,USPS,USPS Priority Mail,US_domestic,1010,9.64,1.85,False,True,11.49
SHP-000313,1327,2025-08-12,USPS,USPS Priority Mail,US_domestic,530,7.0,1.35,False,True,8.35
SHP-000314,1329,2025-08-12,USPS,USPS Ground Advantage,US_domestic,410,7.05,1.1,False,True,8.15
SHP-000315,1311,2025-08-13,USPS,USPS Ground Advantage,US_domestic,270,5.56,1.1,False,True,6.66
SHP-000316,1313,2025-08-13,USPS,USPS Ground Advantage,US_domestic,265,5.56,1.1,False,True,6.66
SHP-000317,1317,2025-08-13,USPS,USPS Priority Mail,US_domestic,1030,9.47,2.1,False,True,11.57
SHP-000318,1318,2025-08-13,USPS,USPS Ground Advantage,US_domestic,270,5.64,1.1,False,True,6.74
SHP-000319,1320,2025-08-13,USPS,USPS Ground Advantage,US_domestic,270,5.48,1.1,False,True,6.58
SHP-000320,1331,2025-08-13,USPS,USPS Priority Mail,US_domestic,1020,9.27,2.1,False,True,11.37
SHP-000321,1312,2025-08-14,USPS,USPS Priority Mail,US_domestic,585,7.24,1.6,False,True,8.84
SHP-000322,1315,2025-08-14,USPS,USPS Priority Mail,US_domestic,730,8.9,2.1,False,True,11.0
SHP-000323,1319,2025-08-14,USPS,USPS Ground Advantage,US_domestic,380,5.44,1.1,False,True,6.540000000000001
SHP-000324,1321,2025-08-14,USPS,USPS Ground Advantage,US_domestic,270,5.58,1.1,False,True,6.68
SHP-000325,1325,2025-08-14,USPS,USPS Ground Advantage,US_domestic,270,5.51,1.1,False,True,6.609999999999999
SHP-000326,1330,2025-08-14,USPS,USPS Priority Mail International,GB,1890,34.36,2.6,False,True,36.96
SHP-000327,1332,2025-08-14,USPS,USPS Priority Mail,US_domestic,500,7.21,1.35,False,True,8.56
SHP-000328,1336,2025-08-14,USPS,USPS Priority Mail International,AU,890,24.9,2.35,False,True,27.25
SHP-000329,1338,2025-08-14,USPS,USPS Ground Advantage,US_domestic,410,7.25,1.1,False,True,8.35
SHP-000330,1339,2025-08-14,USPS,USPS Priority Mail,US_domestic,670,7.18,1.1,False,True,8.28
SHP-000331,1340,2025-08-14,USPS,USPS Ground Advantage,US_domestic,385,5.6,1.35,False,True,6.949999999999999
SHP-000332,1341,2025-08-14,USPS,USPS Priority Mail,US_domestic,870,9.36,1.85,False,True,11.209999999999999
SHP-000333,1345,2025-08-14,USPS,USPS Priority Mail,US_domestic,670,7.19,1.1,False,True,8.290000000000001
SHP-000334,1326,2025-08-15,USPS,USPS Priority Mail,US_domestic,510,7.32,1.35,False,True,8.67
SHP-000335,1328,2025-08-15,USPS,USPS Ground Advantage,US_domestic,390,5.45,1.1,False,True,6.550000000000001
SHP-000336,1333,2025-08-15,USPS,USPS Ground Advantage,US_domestic,265,5.54,1.1,False,True,6.640000000000001
SHP-000337,1334,2025-08-15,USPS,USPS Priority Mail International,CA,750,16.39,1.6,False,True,17.990000000000002
SHP-000338,1350,2025-08-15,USPS,USPS Priority Mail,US_domestic,750,9.33,1.6,False,True,10.93
SHP-000339,1335,2025-08-16,USPS,USPS Ground Advantage,US_domestic,420,7.13,1.35,False,True,8.48
SHP-000340,1343,2025-08-16,USPS,USPS Priority Mail International,AU,380,20.56,1.1,False,True,21.66
SHP-000341,1344,2025-08-16,USPS,USPS Priority Mail,US_domestic,470,6.98,1.35,False,True,8.33
SHP-000342,1347,2025-08-16,USPS,USPS Ground Advantage,US_domestic,265,5.4,1.1,False,True,6.5
SHP-000343,1348,2025-08-16,USPS,USPS Ground Advantage,US_domestic,385,5.72,1.35,False,True,7.07
SHP-000344,1352,2025-08-16,USPS,USPS Ground Advantage,US_domestic,310,5.46,1.1,False,True,6.5600000000000005
SHP-000345,1355,2025-08-16,USPS,USPS Ground Advantage,US_domestic,270,5.59,1.1,False,True,6.6899999999999995
SHP-000346,1358,2025-08-16,USPS,USPS Ground Advantage,US_domestic,265,5.3,1.1,False,True,6.4
SHP-000347,1363,2025-08-16,USPS,USPS Ground Advantage,US_domestic,270,5.48,1.1,False,True,6.58
SHP-000348,1342,2025-08-17,USPS,USPS Ground Advantage,US_domestic,270,5.63,1.1,False,True,6.73
SHP-000349,1349,2025-08-17,USPS,USPS Priority Mail,US_domestic,1190,9.6,1.85,False,True,11.45
SHP-000350,1353,2025-08-17,USPS,USPS Priority Mail International,CA,1260,21.73,2.35,False,True,24.080000000000002
SHP-000351,1359,2025-08-17,USPS,USPS Ground Advantage,US_domestic,410,7.29,1.1,False,True,8.39
SHP-000352,1361,2025-08-17,USPS,USPS Ground Advantage,US_domestic,390,5.51,1.35,False,True,6.859999999999999
SHP-000353,1366,2025-08-17,USPS,USPS Priority Mail,US_domestic,530,7.57,1.35,False,True,8.92
SHP-000354,1369,2025-08-17,USPS,USPS Ground Advantage,US_domestic,390,5.41,1.1,False,True,6.51
SHP-000355,1372,2025-08-17,USPS,USPS Priority Mail,US_domestic,875,9.51,2.35,False,True,11.86
SHP-000356,1373,2025-08-17,USPS,USPS Ground Advantage,US_domestic,270,5.6,1.1,False,True,6.699999999999999
SHP-000357,1375,2025-08-17,USPS,USPS Ground Advantage,US_domestic,310,5.46,1.1,False,True,6.5600000000000005
SHP-000358,1351,2025-08-18,USPS,USPS Priority Mail,US_domestic,550,7.13,1.35,False,True,8.48
SHP-000359,1354,2025-08-18,USPS,USPS Ground Advantage,US_domestic,390,5.46,1.35,False,True,6.8100000000000005
SHP-000360,1356,2025-08-18,USPS,USPS Ground Advantage,US_domestic,430,7.54,1.35,False,True,8.89
SHP-000361,1357,2025-08-18,USPS,USPS Priority Mail International,GB,740,22.12,2.1,False,True,24.220000000000002
SHP-000362,1362,2025-08-18,USPS,USPS Ground Advantage,US_domestic,380,5.49,1.1,False,True,6.59
SHP-000363,1370,2025-08-18,USPS,USPS Priority Mail,US_domestic,510,7.15,1.35,False,True,8.5
SHP-000364,1374,2025-08-18,USPS,USPS Ground Advantage,US_domestic,270,5.39,1.1,False,True,6.49
SHP-000365,1377,2025-08-18,USPS,USPS Priority Mail,US_domestic,630,6.95,1.6,False,True,8.55
SHP-000366,1360,2025-08-19,USPS,USPS Ground Advantage,US_domestic,270,5.58,1.1,False,True,6.68
SHP-000367,1364,2025-08-19,USPS,USPS Priority Mail,US_domestic,1160,9.6,2.1,False,True,11.7
SHP-000368,1365,2025-08-19,USPS,USPS Priority Mail,US_domestic,670,7.1,1.1,False,True,8.2
SHP-000369,1368,2025-08-19,USPS,USPS Ground Advantage,US_domestic,265,5.46,1.1,False,True,6.5600000000000005
SHP-000370,1384,2025-08-19,USPS,USPS Priority Mail International,GB,270,16.61,1.1,False,True,17.71
SHP-000371,1387,2025-08-19,USPS,USPS Priority Mail,US_domestic,870,9.37,1.85,False,True,11.219999999999999
SHP-000372,1393,2025-08-19,USPS,USPS Ground Advantage,US_domestic,390,5.77,1.35,False,True,7.119999999999999
SHP-000373,1367,2025-08-20,USPS,USPS Priority Mail,US_domestic,500,7.22,1.35,False,True,8.57
SHP-000374,1371,2025-08-20,USPS,USPS Priority Mail,US_domestic,775,9.6,2.35,False,True,11.95
SHP-000375,1378,2025-08-20,USPS,USPS Priority Mail,US_domestic,670,7.29,1.6,False,True,8.89
SHP-000376,1380,2025-08-20,USPS,USPS Priority Mail International,CA,510,14.43,1.35,False,True,15.78
SHP-000377,1388,2025-08-20,USPS,USPS Ground Advantage,US_domestic,380,5.48,1.1,False,True,6.58
SHP-000378,1389,2025-08-20,USPS,USPS Ground Advantage,US_domestic,270,5.43,1.1,False,True,6.529999999999999
SHP-000379,1391,2025-08-20,USPS,USPS Priority Mail,US_domestic,750,9.3,1.6,False,True,10.9
SHP-000380,1395,2025-08-20,USPS,USPS Priority Mail International,CA,310,12.96,1.1,False,True,14.06
SHP-000381,1398,2025-08-20,USPS,USPS Priority Mail,US_domestic,530,7.11,1.35,False,True,8.46
SHP-000382,1403,2025-08-20,USPS,USPS Priority Mail International,CA,530,14.51,1.35,False,True,15.86
SHP-000383,1376,2025-08-21,USPS,USPS Priority Mail International,CA,390,13.35,1.35,False,True,14.7
SHP-000384,1379,2025-08-21,USPS,USPS Priority Mail,US_domestic,750,9.31,1.6,False,True,10.91
SHP-000385,1381,2025-08-21,USPS,USPS Ground Advantage,US_domestic,265,5.51,1.1,False,True,6.609999999999999
SHP-000386,1382,2025-08-21,USPS,USPS Ground Advantage,US_domestic,430,7.25,1.35,False,True,8.6
SHP-000387,1383,2025-08-21,USPS,USPS Priority Mail,US_domestic,610,7.32,1.35,False,True,8.67
SHP-000388,1385,2025-08-21,USPS,USPS Ground Advantage,US_domestic,270,5.55,1.1,False,True,6.65
SHP-000389,1394,2025-08-21,USPS,USPS Priority Mail,US_domestic,610,6.89,1.6,False,True,8.49
SHP-000390,1399,2025-08-21,USPS,USPS Priority Mail,US_domestic,500,7.32,1.35,False,True,8.67
SHP-000391,1408,2025-08-21,USPS,USPS Ground Advantage,US_domestic,270,5.3,1.1,False,True,6.4
SHP-000392,1411,2025-08-21,USPS,USPS Priority Mail International,CA,410,13.09,1.1,False,True,14.19
SHP-000393,1386,2025-08-22,USPS,USPS Priority Mail International,GB,420,18.68,1.35,False,True,20.03
SHP-000394,1390,2025-08-22,USPS,USPS Priority Mail,US_domestic,500,7.32,1.35,False,True,8.67
SHP-000395,1392,2025-08-22,USPS,USPS Ground Advantage,US_domestic,270,5.51,1.1,False,True,6.609999999999999
SHP-000396,1396,2025-08-22,USPS,USPS Ground Advantage,US_domestic,415,7.37,1.35,False,True,8.72
SHP-000397,1397,2025-08-22,USPS,USPS Priority Mail,US_domestic,540,7.43,1.6,False,True,9.03
SHP-000398,1401,2025-08-22,USPS,USPS Priority Mail,US_domestic,910,9.6,1.85,False,True,11.45
SHP-000399,1404,2025-08-22,USPS,USPS Ground Advantage,US_domestic,420,7.02,1.35,False,True,8.37
SHP-000400,1406,2025-08-22,USPS,USPS Priority Mail,US_domestic,540,7.07,1.6,False,True,8.67
SHP-000401,1414,2025-08-22,USPS,USPS Ground Advantage,US_domestic,300,5.45,1.1,False,True,6.550000000000001
SHP-000402,1400,2025-08-23,USPS,USPS Ground Advantage,US_domestic,310,5.39,1.1,False,True,6.49
SHP-000403,1402,2025-08-23,USPS,USPS Ground Advantage,US_domestic,270,5.53,1.1,False,True,6.630000000000001
SHP-000404,1405,2025-08-23,USPS,USPS Priority Mail,US_domestic,1030,9.01,2.35,False,True,11.36
SHP-000405,1407,2025-08-23,USPS,USPS Ground Advantage,US_domestic,270,5.58,1.1,False,True,6.68
SHP-000406,1409,2025-08-23,USPS,USPS Priority Mail International,CA,270,11.96,1.1,False,True,13.06
SHP-000407,1412,2025-08-23,USPS,USPS Ground Advantage,US_domestic,265,5.46,1.1,False,True,6.5600000000000005
SHP-000408,1418,2025-08-23,USPS,USPS Priority Mail,US_domestic,670,7.13,1.1,False,True,8.23
SHP-000409,1410,2025-08-24,USPS,USPS Priority Mail,US_domestic,900,9.36,1.85,False,True,11.209999999999999
SHP-000410,1413,2025-08-24,USPS,USPS Priority Mail,US_domestic,750,9.43,1.6,False,True,11.03
SHP-000411,1419,2025-08-24,USPS,USPS Priority Mail,US_domestic,750,9.48,1.6,False,True,11.08
SHP-000412,1423,2025-08-24,USPS,USPS Priority Mail,US_domestic,900,9.48,2.1,False,True,11.58
SHP-000413,1425,2025-08-24,USPS,USPS Priority Mail International,AU,270,18.52,1.1,False,True,19.62
SHP-000414,1415,2025-08-25,USPS,USPS Priority Mail,US_domestic,540,7.12,1.35,False,True,8.47
SHP-000415,1416,2025-08-25,USPS,USPS Priority Mail,US_domestic,670,7.25,1.1,False,True,8.35
SHP-000416,1417,2025-08-25,USPS,USPS Priority Mail,US_domestic,510,7.26,1.35,False,True,8.61
SHP-000417,1420,2025-08-25,USPS,USPS Ground Advantage,US_domestic,390,5.57,1.1,False,True,6.67
SHP-000418,1421,2025-08-25,USPS,USPS Priority Mail,US_domestic,630,7.06,1.35,False,True,8.41
SHP-000419,1422,2025-08-25,USPS,USPS Ground Advantage,US_domestic,380,5.45,1.1,False,True,6.550000000000001
SHP-000420,1427,2025-08-25,USPS,USPS Ground Advantage,US_domestic,410,7.15,1.1,False,True,8.25
SHP-000421,1430,2025-08-25,USPS,USPS Ground Advantage,US_domestic,410,7.17,1.1,False,True,8.27
SHP-000422,1429,2025-08-26,USPS,USPS Ground Advantage,US_domestic,270,5.47,1.1,False,True,6.57
SHP-000423,1431,2025-08-26,USPS,USPS Ground Advantage,US_domestic,270,5.41,1.1,False,True,6.51
SHP-000424,1433,2025-08-26,USPS,USPS Ground Advantage,US_domestic,310,5.51,1.1,False,True,6.609999999999999
SHP-000425,1434,2025-08-26,USPS,USPS Ground Advantage,US_domestic,310,5.68,1.1,False,True,6.779999999999999
SHP-000426,1436,2025-08-26,USPS,USPS Priority Mail International,AU,750,24.72,1.6,False,True,26.32
SHP-000427,1439,2025-08-26,USPS,USPS Priority Mail International,CA,830,17.7,1.85,False,True,19.55
SHP-000428,1441,2025-08-26,USPS,USPS Ground Advantage,US_domestic,265,5.42,1.1,False,True,6.52
SHP-000429,1445,2025-08-26,USPS,USPS Priority Mail International,AU,750,24.36,1.6,False,True,25.96
SHP-000430,1424,2025-08-27,USPS,USPS Ground Advantage,US_domestic,265,5.44,1.1,False,True,6.540000000000001
SHP-000431,1426,2025-08-27,USPS,USPS Priority Mail,US_domestic,975,9.24,2.35,False,True,11.59
SHP-000432,1428,2025-08-27,USPS,USPS Ground Advantage,US_domestic,300,5.44,1.1,False,True,6.540000000000001
SHP-000433,1432,2025-08-27,USPS,USPS Priority Mail International,AU,380,20.17,1.1,False,True,21.270000000000003
SHP-000434,1435,2025-08-27,USPS,USPS Ground Advantage,US_domestic,265,5.46,1.1,False,True,6.5600000000000005
SHP-000435,1440,2025-08-27,USPS,USPS Priority Mail,US_domestic,670,7.15,1.1,False,True,8.25
SHP-000436,1447,2025-08-27,USPS,USPS Ground Advantage,US_domestic,430,7.22,1.35,False,True,8.57
SHP-000437,1455,2025-08-27,USPS,USPS Ground Advantage,US_domestic,270,5.5,1.1,False,True,6.6
SHP-000438,1437,2025-08-28,USPS,USPS Ground Advantage,US_domestic,380,5.44,1.35,False,True,6.790000000000001
SHP-000439,1442,2025-08-28,USPS,USPS Ground Advantage,US_domestic,265,5.4,1.1,False,True,6.5
SHP-000440,1443,2025-08-28,USPS,USPS Priority Mail,US_domestic,1070,9.51,2.1,False,True,11.61
SHP-000441,1444,2025-08-28,USPS,USPS Ground Advantage,US_domestic,300,5.47,1.1,False,True,6.57
SHP-000442,1450,2025-08-28,USPS,USPS Ground Advantage,US_domestic,270,5.47,1.1,False,True,6.57
SHP-000443,1452,2025-08-28,USPS,USPS Ground Advantage,US_domestic,270,5.56,1.1,False,True,6.66
SHP-000444,1454,2025-08-28,USPS,USPS Priority Mail,US_domestic,1050,9.72,2.1,False,True,11.82
SHP-000445,1456,2025-08-28,USPS,USPS Priority Mail International,CA,420,13.75,1.35,False,True,15.1
SHP-000446,1461,2025-08-28,USPS,USPS Ground Advantage,US_domestic,270,5.62,1.1,False,True,6.720000000000001
SHP-000447,1462,2025-08-28,USPS,USPS Ground Advantage,US_domestic,310,5.49,1.1,False,True,6.59
SHP-000448,1438,2025-08-29,USPS,USPS Ground Advantage,US_domestic,270,5.37,1.1,False,True,6.470000000000001
SHP-000449,1446,2025-08-29,USPS,USPS Priority Mail,US_domestic,990,9.3,1.85,False,True,11.15
SHP-000450,1453,2025-08-29,USPS,USPS Priority Mail,US_domestic,530,7.17,1.35,False,True,8.52
SHP-000451,1464,2025-08-29,USPS,USPS Ground Advantage,US_domestic,380,5.66,1.1,False,True,6.76
SHP-000452,1471,2025-08-29,USPS,USPS Priority Mail,US_domestic,740,9.45,2.1,False,True,11.549999999999999
SHP-000453,1448,2025-08-30,USPS,USPS Ground Advantage,US_domestic,270,5.44,1.1,False,True,6.540000000000001
SHP-000454,1449,2025-08-30,USPS,USPS Ground Advantage,US_domestic,450,7.23,1.35,False,True,8.58
SHP-000455,1451,2025-08-30,USPS,USPS Ground Advantage,US_domestic,380,5.58,1.1,False,True,6.68
SHP-000456,1458,2025-08-30,USPS,USPS Ground Advantage,US_domestic,380,5.59,1.1,False,True,6.6899999999999995
SHP-000457,1460,2025-08-30,USPS,USPS Ground Advantage,US_domestic,270,5.49,1.1,False,True,6.59
SHP-000458,1463,2025-08-30,USPS,USPS Ground Advantage,US_domestic,270,5.57,1.1,True,True,6.67
SHP-000459,1467,2025-08-30,USPS,USPS Ground Advantage,US_domestic,380,5.5,1.1,False,True,6.6
SHP-000460,1468,2025-08-30,USPS,USPS Priority Mail International,CA,620,15.46,1.85,False,True,17.310000000000002
SHP-000461,1469,2025-08-30,USPS,USPS Priority Mail,US_domestic,1105,9.36,2.35,False,True,11.709999999999999
SHP-000462,1470,2025-08-30,USPS,USPS Ground Advantage,US_domestic,430,7.44,1.35,False,True,8.790000000000001
SHP-000463,1473,2025-08-30,USPS,USPS Ground Advantage,US_domestic,270,5.3,1.1,False,True,6.4
SHP-000464,1476,2025-08-30,USPS,USPS Priority Mail,US_domestic,610,7.54,1.35,False,True,8.89
SHP-000465,1457,2025-08-31,USPS,USPS Ground Advantage,US_domestic,380,5.59,1.1,False,True,6.6899999999999995
SHP-000466,1459,2025-08-31,USPS,USPS Priority Mail,US_domestic,650,7.35,1.6,False,True,8.95
SHP-000467,1472,2025-08-31,USPS,USPS Priority Mail,US_domestic,750,9.37,1.6,False,True,10.969999999999999
SHP-000468,1474,2025-08-31,USPS,USPS Ground Advantage,US_domestic,390,5.21,1.1,False,True,6.3100000000000005
SHP-000469,1480,2025-08-31,USPS,USPS Ground Advantage,US_domestic,415,7.37,1.35,False,True,8.72
SHP-000470,1482,2025-08-31,USPS,USPS Priority Mail,US_domestic,750,9.49,1.6,False,True,11.09
SHP-000471,1484,2025-08-31,USPS,USPS Priority Mail,US_domestic,900,9.42,1.85,False,True,11.27
SHP-000472,1465,2025-09-01,USPS,USPS Ground Advantage,US_domestic,425,7.12,1.35,False,True,8.47
SHP-000473,1466,2025-09-01,USPS,USPS Ground Advantage,US_domestic,270,5.44,1.1,False,True,6.540000000000001
SHP-000474,1477,2025-09-01,USPS,USPS Ground Advantage,US_domestic,270,5.62,1.1,False,True,6.720000000000001
SHP-000475,1481,2025-09-01,USPS,USPS Ground Advantage,US_domestic,270,5.41,1.1,False,True,6.51
SHP-000476,1483,2025-09-01,USPS,USPS Priority Mail,US_domestic,500,7.22,1.35,False,True,8.57
SHP-000477,1485,2025-09-01,USPS,USPS Priority Mail,US_domestic,530,7.27,1.35,False,True,8.62
SHP-000478,1490,2025-09-01,USPS,USPS Ground Advantage,US_domestic,270,5.51,1.1,False,True,6.609999999999999
SHP-000479,1492,2025-09-01,USPS,USPS Ground Advantage,US_domestic,380,5.56,1.1,False,True,6.66
SHP-000480,1475,2025-09-02,USPS,USPS Ground Advantage,US_domestic,430,7.28,1.35,False,True,8.63
SHP-000481,1478,2025-09-02,USPS,USPS Priority Mail,US_domestic,755,9.34,2.1,False,True,11.44
SHP-000482,1479,2025-09-02,USPS,USPS Ground Advantage,US_domestic,270,5.51,1.1,False,True,6.609999999999999
SHP-000483,1488,2025-09-02,USPS,USPS Ground Advantage,US_domestic,390,5.55,1.35,False,True,6.9
SHP-000484,1493,2025-09-02,USPS,USPS Priority Mail International,GB,270,16.41,1.1,False,True,17.51
SHP-000485,1495,2025-09-02,USPS,USPS Ground Advantage,US_domestic,270,5.44,1.1,False,True,6.540000000000001
SHP-000486,1496,2025-09-02,USPS,USPS Ground Advantage,US_domestic,310,5.4,1.1,False,True,6.5
SHP-000487,1498,2025-09-02,USPS,USPS Ground Advantage,US_domestic,430,7.33,1.35,False,True,8.68
SHP-000488,1505,2025-09-02,USPS,USPS Ground Advantage,US_domestic,390,5.4,1.35,False,True,6.75
SHP-000489,1506,2025-09-02,USPS,USPS Ground Advantage,US_domestic,380,5.47,1.1,False,True,6.57
SHP-000490,1487,2025-09-03,USPS,USPS Ground Advantage,US_domestic,270,5.39,1.1,False,True,6.49
SHP-000491,1491,2025-09-03,USPS,USPS Priority Mail International,AU,870,25.3,1.85,False,True,27.150000000000002
SHP-000492,1507,2025-09-03,USPS,USPS Priority Mail,US_domestic,1130,9.78,2.1,False,True,11.879999999999999
SHP-000493,1515,2025-09-03,USPS,USPS Ground Advantage,US_domestic,270,5.53,1.1,False,True,6.630000000000001
SHP-000494,1440,2025-09-04,USPS,USPS Ground Advantage,US_domestic,670,7.13,1.1,False,True,8.23
SHP-000495,1486,2025-09-04,USPS,USPS Priority Mail,US_domestic,670,7.07,1.1,False,True,8.17
SHP-000496,1489,2025-09-04,USPS,USPS Ground Advantage,US_domestic,300,5.46,1.1,False,True,6.5600000000000005
SHP-000497,1494,2025-09-04,USPS,USPS Priority Mail,US_domestic,530,7.37,1.35,False,True,8.72
SHP-000498,1500,2025-09-04,USPS,USPS Priority Mail,US_domestic,750,9.5,1.6,False,True,11.1
SHP-000499,1501,2025-09-04,USPS,USPS Priority Mail,US_domestic,500,7.17,1.35,False,True,8.52
SHP-000500,1502,2025-09-04,USPS,USPS Priority Mail,US_domestic,510,7.24,1.35,False,True,8.59
SHP-000501,1503,2025-09-04,USPS,USPS Priority Mail International,CA,310,12.99,1.1,True,True,14.09
SHP-000502,1510,2025-09-04,USPS,USPS Ground Advantage,US_domestic,380,5.61,1.1,False,True,6.710000000000001
SHP-000503,1512,2025-09-04,USPS,USPS Priority Mail,US_domestic,900,9.25,1.85,False,True,11.1
SHP-000504,1517,2025-09-04,USPS,USPS Ground Advantage,US_domestic,270,5.48,1.1,False,True,6.58
SHP-000505,1497,2025-09-05,USPS,USPS Ground Advantage,US_domestic,410,6.97,1.1,False,True,8.07
SHP-000506,1499,2025-09-05,USPS,USPS Ground Advantage,US_domestic,270,5.5,1.1,False,True,6.6
SHP-000507,1504,2025-09-05,USPS,USPS Ground Advantage,US_domestic,430,7.03,1.35,False,True,8.38
SHP-000508,1518,2025-09-05,USPS,USPS Priority Mail,US_domestic,1130,9.24,2.1,False,True,11.34
SHP-000509,1519,2025-09-05,USPS,USPS Ground Advantage,US_domestic,420,7.44,1.35,False,True,8.790000000000001
SHP-000510,1526,2025-09-05,USPS,USPS Priority Mail,US_domestic,1250,12.2,2.35,False,True,14.549999999999999
SHP-000511,1527,2025-09-05,USPS,USPS Priority Mail International,GB,690,20.84,1.6,False,True,22.44
SHP-000512,1508,2025-09-06,USPS,USPS Ground Advantage,US_domestic,380,5.41,1.35,False,True,6.76
SHP-000513,1509,2025-09-06,USPS,USPS Priority Mail,US_domestic,670,7.04,1.1,False,True,8.14
SHP-000514,1511,2025-09-06,USPS,USPS Priority Mail,US_domestic,900,9.42,1.85,False,True,11.27
SHP-000515,1513,2025-09-06,USPS,USPS Ground Advantage,US_domestic,270,5.46,1.1,False,True,6.5600000000000005
SHP-000516,1514,2025-09-06,USPS,USPS Priority Mail,US_domestic,670,7.6,1.1,False,True,8.7
SHP-000517,1516,2025-09-06,USPS,USPS Priority Mail,US_domestic,750,9.02,1.6,False,True,10.62
SHP-000518,1520,2025-09-06,USPS,USPS Priority Mail,US_domestic,550,7.07,1.6,False,True,8.67
SHP-000519,1521,2025-09-06,USPS,USPS Priority Mail,US_domestic,770,9.19,2.1,False,True,11.29
SHP-000520,1523,2025-09-06,USPS,USPS Ground Advantage,US_domestic,265,5.52,1.1,False,True,6.619999999999999
SHP-000521,1529,2025-09-06,USPS,USPS Priority Mail,US_domestic,500,7.32,1.6,False,True,8.92
SHP-000522,1533,2025-09-06,USPS,USPS Ground Advantage,US_domestic,430,7.25,1.35,False,True,8.6
SHP-000523,1537,2025-09-06,USPS,USPS Ground Advantage,US_domestic,270,5.54,1.1,False,True,6.640000000000001
SHP-000524,1522,2025-09-07,USPS,USPS Ground Advantage,US_domestic,390,5.53,1.35,False,True,6.880000000000001
SHP-000525,1524,2025-09-07,USPS,USPS Ground Advantage,US_domestic,270,5.29,1.1,False,True,6.390000000000001
SHP-000526,1525,2025-09-07,USPS,USPS Ground Advantage,US_domestic,270,5.58,1.1,False,True,6.68
SHP-000527,1528,2025-09-07,USPS,USPS Ground Advantage,US_domestic,410,7.21,1.1,False,True,8.31
SHP-000528,1536,2025-09-07,USPS,USPS Priority Mail,US_domestic,505,7.06,1.35,False,True,8.41
SHP-000529,1538,2025-09-07,USPS,USPS Priority Mail,US_domestic,750,9.52,1.6,False,True,11.12
SHP-000530,1545,2025-09-07,USPS,USPS Priority Mail,US_domestic,785,8.87,1.85,True,True,10.719999999999999
SHP-000531,1547,2025-09-07,USPS,USPS Priority Mail International,CA,530,14.31,1.35,False,True,15.66
SHP-000532,1549,2025-09-07,USPS,USPS Priority Mail,US_domestic,1135,9.35,2.35,False,True,11.7
SHP-000533,1550,2025-09-07,USPS,USPS Priority Mail,US_domestic,500,7.35,1.35,True,True,8.7
SHP-000534,1556,2025-09-07,USPS,USPS Priority Mail International,AU,540,21.91,1.35,False,True,23.26
SHP-000535,1530,2025-09-08,USPS,USPS Ground Advantage,US_domestic,300,5.46,1.1,False,True,6.5600000000000005
SHP-000536,1531,2025-09-08,USPS,USPS Priority Mail International,AU,410,20.38,1.1,False,True,21.48
SHP-000537,1532,2025-09-08,USPS,USPS Priority Mail,US_domestic,750,9.33,1.6,False,True,10.93
SHP-000538,1534,2025-09-08,USPS,USPS Priority Mail,US_domestic,530,7.11,1.35,False,True,8.46
SHP-000539,1535,2025-09-08,USPS,USPS Priority Mail,US_domestic,670,7.32,1.1,False,True,8.42
SHP-000540,1540,2025-09-08,USPS,USPS Ground Advantage,US_domestic,380,5.22,1.1,False,True,6.32
SHP-000541,1542,2025-09-08,USPS,USPS Priority Mail,US_domestic,510,7.16,1.35,False,True,8.51
SHP-000542,1544,2025-09-08,USPS,USPS Ground Advantage,US_domestic,310,5.56,1.1,False,True,6.66
SHP-000543,1546,2025-09-08,USPS,USPS Ground Advantage,US_domestic,310,5.48,1.1,False,True,6.58
SHP-000544,1552,2025-09-08,USPS,USPS Ground Advantage,US_domestic,265,5.5,1.1,False,True,6.6
SHP-000545,1557,2025-09-08,USPS,USPS Priority Mail,US_domestic,495,7.12,1.35,False,True,8.47
SHP-000546,1559,2025-09-08,USPS,USPS Priority Mail,US_domestic,670,7.06,1.6,False,True,8.66
SHP-000547,1560,2025-09-08,USPS,USPS Priority Mail International,GB,310,16.34,1.1,False,True,17.44
SHP-000548,1539,2025-09-09,USPS,USPS Ground Advantage,US_domestic,270,5.39,1.1,False,True,6.49
SHP-000549,1541,2025-09-09,USPS,USPS Priority Mail,US_domestic,730,9.45,2.1,False,True,11.549999999999999
SHP-000550,1543,2025-09-09,USPS,USPS Priority Mail,US_domestic,510,7.31,1.35,False,True,8.66
SHP-000551,1548,2025-09-09,USPS,USPS Ground Advantage,US_domestic,270,5.51,1.1,False,True,6.609999999999999
SHP-000552,1551,2025-09-09,USPS,USPS Ground Advantage,US_domestic,300,5.33,1.1,False,True,6.43
SHP-000553,1558,2025-09-09,USPS,USPS Ground Advantage,US_domestic,410,7.22,1.1,False,True,8.32
SHP-000554,1562,2025-09-09,USPS,USPS Priority Mail,US_domestic,1140,9.32,2.35,False,True,11.67
SHP-000555,1564,2025-09-09,USPS,USPS Priority Mail,US_domestic,1000,9.62,2.35,False,True,11.969999999999999
SHP-000556,1565,2025-09-09,USPS,USPS Priority Mail International,CA,540,14.46,1.6,False,True,16.060000000000002
SHP-000557,1568,2025-09-09,USPS,USPS Ground Advantage,US_domestic,380,5.33,1.1,False,True,6.43
SHP-000558,1570,2025-09-09,USPS,USPS Priority Mail,US_domestic,900,9.44,1.85,False,True,11.29
SHP-000559,1571,2025-09-09,USPS,USPS Priority Mail,US_domestic,470,7.17,1.35,False,True,8.52
SHP-000560,1573,2025-09-09,USPS,USPS Ground Advantage,US_domestic,270,5.61,1.1,False,True,6.710000000000001
SHP-000561,1578,2025-09-09,USPS,USPS Priority Mail,US_domestic,670,7.31,1.1,False,True,8.41
SHP-000562,1553,2025-09-10,USPS,USPS Ground Advantage,US_domestic,390,5.48,1.1,False,True,6.58
SHP-000563,1554,2025-09-10,USPS,USPS Ground Advantage,US_domestic,300,5.46,1.1,False,True,6.5600000000000005
SHP-000564,1555,2025-09-10,USPS,USPS Priority Mail International,GB,265,15.66,1.1,False,True,16.76
SHP-000565,1561,2025-09-10,USPS,USPS Priority Mail,US_domestic,500,7.15,1.35,False,True,8.5
SHP-000566,1569,2025-09-10,USPS,USPS Ground Advantage,US_domestic,270,5.44,1.1,False,True,6.540000000000001
SHP-000567,1576,2025-09-10,USPS,USPS Priority Mail,US_domestic,1220,12.42,2.35,False,True,14.77
SHP-000568,1580,2025-09-10,USPS,USPS Priority Mail,US_domestic,630,7.11,1.6,False,True,8.71
SHP-000569,1581,2025-09-10,USPS,USPS Ground Advantage,US_domestic,310,5.58,1.1,False,True,6.68
SHP-000570,1584,2025-09-10,USPS,USPS Priority Mail,US_domestic,580,7.25,1.6,False,True,8.85
SHP-000571,1587,2025-09-10,USPS,USPS Ground Advantage,US_domestic,420,6.98,1.35,False,True,8.33
SHP-000572,1588,2025-09-10,USPS,USPS Ground Advantage,US_domestic,270,5.54,1.1,False,True,6.640000000000001
SHP-000573,1563,2025-09-11,USPS,USPS Ground Advantage,US_domestic,390,5.49,1.35,False,True,6.84
SHP-000574,1566,2025-09-11,USPS,USPS Ground Advantage,US_domestic,270,5.5,1.1,False,True,6.6
SHP-000575,1567,2025-09-11,USPS,USPS Priority Mail,US_domestic,1050,8.99,2.1,False,True,11.09
SHP-000576,1575,2025-09-11,USPS,USPS Ground Advantage,US_domestic,265,5.42,1.1,False,True,6.52
SHP-000577,1577,2025-09-11,USPS,USPS Ground Advantage,US_domestic,270,5.41,1.1,False,True,6.51
SHP-000578,1579,2025-09-11,USPS,USPS Priority Mail,US_domestic,790,9.57,1.85,False,True,11.42
SHP-000579,1583,2025-09-11,USPS,USPS Priority Mail International,CA,390,13.14,1.35,False,True,14.49
SHP-000580,1585,2025-09-11,USPS,USPS Ground Advantage,US_domestic,380,5.61,1.1,False,True,6.710000000000001
SHP-000581,1590,2025-09-11,USPS,USPS Ground Advantage,US_domestic,390,5.47,1.1,False,True,6.57
SHP-000582,1594,2025-09-11,USPS,USPS Priority Mail,US_domestic,1125,9.68,2.6,False,True,12.28
SHP-000583,1572,2025-09-12,USPS,USPS Priority Mail,US_domestic,775,9.47,2.35,False,True,11.82
SHP-000584,1592,2025-09-12,USPS,USPS Priority Mail,US_domestic,650,7.27,1.6,False,True,8.87
SHP-000585,1599,2025-09-12,USPS,USPS Ground Advantage,US_domestic,390,5.73,1.1,False,True,6.83
SHP-000586,1604,2025-09-12,USPS,USPS Priority Mail,US_domestic,620,7.25,1.85,False,True,9.1
SHP-000587,1612,2025-09-12,USPS,USPS Priority Mail International,GB,910,23.69,1.85,False,True,25.540000000000003
SHP-000588,1582,2025-09-13,USPS,USPS Ground Advantage,US_domestic,265,5.5,1.1,False,True,6.6
SHP-000589,1586,2025-09-13,USPS,USPS Priority Mail,US_domestic,630,6.96,1.6,False,True,8.56
SHP-000590,1589,2025-09-13,USPS,USPS Ground Advantage,US_domestic,390,5.62,1.35,False,True,6.970000000000001
SHP-000591,1591,2025-09-13,USPS,USPS Ground Advantage,US_domestic,310,5.51,1.1,False,True,6.609999999999999
SHP-000592,1593,2025-09-13,USPS,USPS Priority Mail International,AU,1000,27.65,2.35,False,True,30.0
SHP-000593,1597,2025-09-13,USPS,USPS Priority Mail,US_domestic,1230,12.84,2.85,False,True,15.69
SHP-000594,1607,2025-09-13,USPS,USPS Ground Advantage,US_domestic,425,7.39,1.35,False,True,8.74
SHP-000595,1616,2025-09-13,USPS,USPS Ground Advantage,US_domestic,380,5.48,1.1,False,True,6.58
SHP-000596,1595,2025-09-14,USPS,USPS Priority Mail,US_domestic,630,7.11,1.35,False,True,8.46
SHP-000597,1596,2025-09-14,USPS,USPS Ground Advantage,US_domestic,450,7.28,1.35,False,True,8.63
SHP-000598,1600,2025-09-14,USPS,USPS Priority Mail,US_domestic,1180,9.56,2.35,False,True,11.91
SHP-000599,1602,2025-09-14,USPS,USPS Ground Advantage,US_domestic,385,5.43,1.35,False,True,6.779999999999999
SHP-000600,1606,2025-09-14,USPS,USPS Priority Mail International,AU,300,18.81,1.1,False,True,19.91
SHP-000601,1609,2025-09-14,USPS,USPS Priority Mail International,GB,1390,29.03,2.1,False,True,31.130000000000003
SHP-000602,1611,2025-09-14,USPS,USPS Ground Advantage,US_domestic,380,5.61,1.1,False,True,6.710000000000001
SHP-000603,1613,2025-09-14,USPS,USPS Ground Advantage,US_domestic,300,5.41,1.1,False,True,6.51
SHP-000604,1614,2025-09-14,USPS,USPS Ground Advantage,US_domestic,435,7.08,1.35,False,True,8.43
SHP-000605,1617,2025-09-14,USPS,USPS Ground Advantage,US_domestic,430,7.13,1.35,False,True,8.48
SHP-000606,1618,2025-09-14,USPS,USPS Ground Advantage,US_domestic,270,5.43,1.1,False,True,6.529999999999999
SHP-000607,1621,2025-09-14,USPS,USPS Ground Advantage,US_domestic,270,5.41,1.1,False,True,6.51
SHP-000608,1622,2025-09-14,USPS,USPS Ground Advantage,US_domestic,265,5.47,1.1,False,True,6.57
SHP-000609,1624,2025-09-14,USPS,USPS Ground Advantage,US_domestic,265,5.43,1.1,False,True,6.529999999999999
SHP-000610,1598,2025-09-15,USPS,USPS Ground Advantage,US_domestic,380,5.64,1.1,False,True,6.74
SHP-000611,1601,2025-09-15,USPS,USPS Priority Mail,US_domestic,500,7.24,1.35,False,True,8.59
SHP-000612,1603,2025-09-15,USPS,USPS Priority Mail International,CA,830,17.09,1.85,False,True,18.94
SHP-000613,1605,2025-09-15,USPS,USPS Ground Advantage,US_domestic,310,5.31,1.1,False,True,6.41
SHP-000614,1608,2025-09-15,USPS,USPS Ground Advantage,US_domestic,380,5.64,1.1,False,True,6.74
SHP-000615,1610,2025-09-15,USPS,USPS Priority Mail,US_domestic,750,9.64,1.6,False,True,11.24
SHP-000616,1615,2025-09-15,USPS,USPS Priority Mail,US_domestic,585,7.6,1.6,False,True,9.2
SHP-000617,1626,2025-09-15,USPS,USPS Priority Mail,US_domestic,580,7.16,1.35,False,True,8.51
SHP-000618,1627,2025-09-15,USPS,USPS Ground Advantage,US_domestic,420,7.2,1.35,False,True,8.55
SHP-000619,1632,2025-09-15,USPS,USPS Ground Advantage,US_domestic,270,5.42,1.1,False,True,6.52
SHP-000620,1619,2025-09-16,USPS,USPS Priority Mail,US_domestic,900,9.22,1.85,False,True,11.07
SHP-000621,1625,2025-09-16,USPS,USPS Priority Mail,US_domestic,790,9.03,2.1,False,True,11.129999999999999
SHP-000622,1628,2025-09-16,USPS,USPS Priority Mail International,GB,320,17.28,1.1,False,True,18.380000000000003
SHP-000623,1630,2025-09-16,USPS,USPS Ground Advantage,US_domestic,310,5.25,1.1,False,True,6.35
SHP-000624,1631,2025-09-16,USPS,USPS Priority Mail International,CA,380,12.94,1.1,False,True,14.04
SHP-000625,1639,2025-09-16,USPS,USPS Ground Advantage,US_domestic,310,5.45,1.1,False,True,6.550000000000001
SHP-000626,1642,2025-09-16,USPS,USPS Ground Advantage,US_domestic,270,5.67,1.1,False,True,6.77
SHP-000627,1620,2025-09-17,USPS,USPS Ground Advantage,US_domestic,420,7.26,1.35,False,True,8.61
SHP-000628,1623,2025-09-17,USPS,USPS Priority Mail,US_domestic,1150,9.62,2.85,False,True,12.469999999999999
SHP-000629,1633,2025-09-17,USPS,USPS Ground Advantage,US_domestic,390,5.59,1.1,False,True,6.6899999999999995
SHP-000630,1641,2025-09-17,USPS,USPS Priority Mail,US_domestic,790,9.3,2.35,False,True,11.65
SHP-000631,1646,2025-09-17,USPS,USPS Ground Advantage,US_domestic,300,5.37,1.1,False,True,6.470000000000001
SHP-000632,1629,2025-09-18,USPS,USPS Ground Advantage,US_domestic,270,5.46,1.1,False,True,6.5600000000000005
SHP-000633,1636,2025-09-18,USPS,USPS Priority Mail,US_domestic,990,9.46,2.1,False,True,11.56
SHP-000634,1637,2025-09-18,USPS,USPS Priority Mail,US_domestic,1280,12.57,2.6,False,True,15.17
SHP-000635,1640,2025-09-18,USPS,USPS Priority Mail,US_domestic,870,9.66,1.85,False,True,11.51
SHP-000636,1644,2025-09-18,USPS,USPS Priority Mail,US_domestic,805,9.54,2.35,False,True,11.889999999999999
SHP-000637,1652,2025-09-18,USPS,USPS Ground Advantage,US_domestic,300,5.6,1.1,False,True,6.699999999999999
SHP-000638,1653,2025-09-18,USPS,USPS Ground Advantage,US_domestic,410,7.16,1.1,False,True,8.26
SHP-000639,1654,2025-09-18,USPS,USPS Priority Mail International,CA,710,15.77,2.1,False,True,17.87
SHP-000640,1658,2025-09-18,USPS,USPS Priority Mail International,AU,720,24.49,2.1,False,True,26.59
SHP-000641,1659,2025-09-18,USPS,USPS Ground Advantage,US_domestic,410,7.01,1.1,False,True,8.11
SHP-000642,1663,2025-09-18,USPS,USPS Ground Advantage,US_domestic,270,5.54,1.1,False,True,6.640000000000001
SHP-000643,1669,2025-09-18,USPS,USPS Ground Advantage,US_domestic,265,5.6,1.1,False,True,6.699999999999999
SHP-000644,1548,2025-09-19,USPS,USPS Ground Advantage,US_domestic,270,5.4,1.1,False,True,6.5
SHP-000645,1634,2025-09-19,USPS,USPS Ground Advantage,US_domestic,410,7.21,1.1,False,True,8.31
SHP-000646,1635,2025-09-19,USPS,USPS Priority Mail International,CA,300,12.6,1.1,False,True,13.7
SHP-000647,1638,2025-09-19,USPS,USPS Ground Advantage,US_domestic,430,7.14,1.35,False,True,8.49
SHP-000648,1643,2025-09-19,USPS,USPS Ground Advantage,US_domestic,430,7.31,1.35,False,True,8.66
SHP-000649,1645,2025-09-19,USPS,USPS Priority Mail,US_domestic,730,9.12,2.35,False,True,11.469999999999999
SHP-000650,1648,2025-09-19,USPS,USPS Ground Advantage,US_domestic,270,5.52,1.1,False,True,6.619999999999999
SHP-000651,1649,2025-09-19,USPS,USPS Priority Mail,US_domestic,870,9.28,1.85,False,True,11.129999999999999
SHP-000652,1657,2025-09-19,USPS,USPS Ground Advantage,US_domestic,270,5.48,1.1,False,True,6.58
SHP-000653,1660,2025-09-19,USPS,USPS Priority Mail,US_domestic,660,7.31,1.6,False,True,8.91
SHP-000654,1661,2025-09-19,USPS,USPS Priority Mail,US_domestic,1295,12.71,2.35,False,True,15.06
SHP-000655,1662,2025-09-19,USPS,USPS Priority Mail,US_domestic,540,6.98,1.35,False,True,8.33
SHP-000656,1667,2025-09-19,USPS,USPS Priority Mail,US_domestic,780,9.41,2.35,False,True,11.76
SHP-000657,1670,2025-09-19,USPS,USPS Ground Advantage,US_domestic,270,5.47,1.1,False,True,6.57
SHP-000658,1674,2025-09-19,USPS,USPS Priority Mail,US_domestic,750,9.3,1.6,False,True,10.9
SHP-000659,1675,2025-09-19,USPS,USPS Ground Advantage,US_domestic,270,5.51,1.1,False,True,6.609999999999999
SHP-000660,1647,2025-09-20,USPS,USPS Priority Mail,US_domestic,530,7.34,1.35,False,True,8.69
SHP-000661,1650,2025-09-20,USPS,USPS Ground Advantage,US_domestic,310,5.56,1.1,False,True,6.66
SHP-000662,1651,2025-09-20,USPS,USPS Ground Advantage,US_domestic,270,5.44,1.1,False,True,6.540000000000001
SHP-000663,1655,2025-09-20,USPS,USPS Ground Advantage,US_domestic,270,5.57,1.1,False,True,6.67
SHP-000664,1665,2025-09-20,USPS,USPS Ground Advantage,US_domestic,320,5.55,1.1,False,True,6.65
SHP-000665,1666,2025-09-20,USPS,USPS Ground Advantage,US_domestic,270,5.37,1.1,False,True,6.470000000000001
SHP-000666,1668,2025-09-20,USPS,USPS Priority Mail,US_domestic,690,7.17,1.6,False,True,8.77
SHP-000667,1671,2025-09-20,USPS,USPS Ground Advantage,US_domestic,310,5.58,1.1,False,True,6.68
SHP-000668,1672,2025-09-20,USPS,USPS Priority Mail,US_domestic,510,7.15,1.35,False,True,8.5
SHP-000669,1673,2025-09-20,USPS,USPS Ground Advantage,US_domestic,440,7.23,1.35,False,True,8.58
SHP-000670,1677,2025-09-20,USPS,USPS Priority Mail,US_domestic,1125,9.14,2.85,False,True,11.99
SHP-000671,1678,2025-09-20,USPS,USPS Priority Mail,US_domestic,725,9.53,2.1,False,True,11.629999999999999
SHP-000672,1684,2025-09-20,USPS,USPS Ground Advantage,US_domestic,270,5.54,1.1,False,True,6.640000000000001
SHP-000673,1656,2025-09-21,USPS,USPS Ground Advantage,US_domestic,270,5.43,1.1,False,True,6.529999999999999
SHP-000674,1664,2025-09-21,USPS,USPS Priority Mail,US_domestic,620,7.15,1.6,False,True,8.75
SHP-000675,1676,2025-09-21,USPS,USPS Ground Advantage,US_domestic,270,5.69,1.1,False,True,6.790000000000001
SHP-000676,1679,2025-09-21,USPS,USPS Priority Mail,US_domestic,1060,9.23,2.35,False,True,11.58
SHP-000677,1681,2025-09-21,USPS,USPS Ground Advantage,US_domestic,270,5.48,1.1,False,True,6.58
SHP-000678,1683,2025-09-21,USPS,USPS Priority Mail International,CA,270,12.38,1.1,False,True,13.48
SHP-000679,1685,2025-09-21,USPS,USPS Priority Mail,US_domestic,500,7.28,1.35,False,True,8.63
SHP-000680,1688,2025-09-21,USPS,USPS Ground Advantage,US_domestic,385,5.37,1.35,False,True,6.720000000000001
SHP-000681,1690,2025-09-21,USPS,USPS Priority Mail,US_domestic,620,7.59,1.35,False,True,8.94
SHP-000682,1698,2025-09-21,USPS,USPS Ground Advantage,US_domestic,300,5.36,1.1,False,True,6.460000000000001
SHP-000683,1686,2025-09-22,USPS,USPS Priority Mail International,AU,380,19.82,1.35,False,True,21.17
SHP-000684,1689,2025-09-22,USPS,USPS Priority Mail International,CA,380,13.38,1.1,False,True,14.48
SHP-000685,1691,2025-09-22,USPS,USPS Priority Mail,US_domestic,500,7.11,1.6,False,True,8.71
SHP-000686,1693,2025-09-22,USPS,USPS Priority Mail,US_domestic,535,7.14,1.6,False,True,8.74
SHP-000687,1703,2025-09-22,USPS,USPS Priority Mail,US_domestic,505,6.91,1.6,False,True,8.51
SHP-000688,1680,2025-09-23,USPS,USPS Priority Mail International,AU,990,28.06,2.1,False,True,30.16
SHP-000689,1682,2025-09-23,USPS,USPS Priority Mail,US_domestic,530,7.2,1.35,False,True,8.55
SHP-000690,1687,2025-09-23,USPS,USPS Priority Mail International,CA,270,12.56,1.1,False,True,13.66
SHP-000691,1694,2025-09-23,USPS,USPS Priority Mail,US_domestic,870,9.24,1.85,False,True,11.09
SHP-000692,1696,2025-09-23,USPS,USPS Ground Advantage,US_domestic,265,5.39,1.1,False,True,6.49
SHP-000693,1697,2025-09-23,USPS,USPS Priority Mail,US_domestic,540,6.97,1.35,False,True,8.32
SHP-000694,1701,2025-09-23,USPS,USPS Ground Advantage,US_domestic,415,7.35,1.35,False,True,8.7
SHP-000695,1710,2025-09-23,USPS,USPS Ground Advantage,US_domestic,390,5.67,1.1,False,True,6.77
SHP-000696,1692,2025-09-24,USPS,USPS Ground Advantage,US_domestic,390,5.41,1.35,False,True,6.76
SHP-000697,1695,2025-09-24,USPS,USPS Priority Mail,US_domestic,670,7.34,1.1,False,True,8.44
SHP-000698,1700,2025-09-24,USPS,USPS Ground Advantage,US_domestic,265,5.53,1.1,False,True,6.630000000000001
SHP-000699,1704,2025-09-24,USPS,USPS Priority Mail International,AU,670,23.26,1.1,False,True,24.360000000000003
SHP-000700,1705,2025-09-24,USPS,USPS Priority Mail,US_domestic,890,9.22,2.35,False,True,11.57
SHP-000701,1712,2025-09-24,USPS,USPS Priority Mail,US_domestic,750,8.94,1.6,False,True,10.54
SHP-000702,1714,2025-09-24,USPS,USPS Priority Mail,US_domestic,680,7.24,1.6,False,True,8.84
SHP-000703,1715,2025-09-24,USPS,USPS Priority Mail International,AU,540,21.51,1.35,False,True,22.860000000000003
SHP-000704,1717,2025-09-24,USPS,USPS Ground Advantage,US_domestic,320,5.58,1.1,False,True,6.68
SHP-000705,1720,2025-09-24,USPS,USPS Priority Mail International,GB,1305,28.41,2.1,False,True,30.51
SHP-000706,1721,2025-09-24,USPS,USPS Ground Advantage,US_domestic,270,5.5,1.1,False,True,6.6
SHP-000707,1725,2025-09-24,USPS,USPS Ground Advantage,US_domestic,410,7.24,1.1,False,True,8.34
SHP-000708,1726,2025-09-24,USPS,USPS Priority Mail International,AU,620,22.59,1.35,False,True,23.94
SHP-000709,1699,2025-09-25,USPS,USPS Priority Mail International,CA,320,12.82,1.1,False,True,13.92
SHP-000710,1702,2025-09-25,USPS,USPS Ground Advantage,US_domestic,270,5.53,1.1,False,True,6.630000000000001
SHP-000711,1707,2025-09-25,USPS,USPS Priority Mail,US_domestic,875,9.41,2.6,False,True,12.01
SHP-000712,1708,2025-09-25,USPS,USPS Priority Mail,US_domestic,820,9.26,2.1,False,True,11.36
SHP-000713,1711,2025-09-25,USPS,USPS Ground Advantage,US_domestic,300,5.45,1.1,False,True,6.550000000000001
SHP-000714,1713,2025-09-25,USPS,USPS Ground Advantage,US_domestic,420,7.11,1.35,False,True,8.46
SHP-000715,1719,2025-09-25,USPS,USPS Priority Mail,US_domestic,1050,9.5,2.1,False,True,11.6
SHP-000716,1722,2025-09-25,USPS,USPS Ground Advantage,US_domestic,270,5.47,1.1,False,True,6.57
SHP-000717,1724,2025-09-25,USPS,USPS Priority Mail,US_domestic,500,7.11,1.35,False,True,8.46
SHP-000718,1728,2025-09-25,USPS,USPS Priority Mail,US_domestic,540,7.19,1.35,False,True,8.540000000000001
SHP-000719,1729,2025-09-25,USPS,USPS Ground Advantage,US_domestic,380,5.43,1.1,False,True,6.529999999999999
SHP-000720,1740,2025-09-25,USPS,USPS Ground Advantage,US_domestic,300,5.51,1.1,False,True,6.609999999999999
SHP-000721,1741,2025-09-25,USPS,USPS Priority Mail,US_domestic,555,7.32,1.6,False,True,8.92
SHP-000722,1706,2025-09-26,USPS,USPS Priority Mail,US_domestic,610,7.07,1.35,False,True,8.42
SHP-000723,1709,2025-09-26,USPS,USPS Ground Advantage,US_domestic,300,5.34,1.1,False,True,6.4399999999999995
SHP-000724,1716,2025-09-26,USPS,USPS Ground Advantage,US_domestic,265,5.42,1.1,False,True,6.52
SHP-000725,1732,2025-09-26,USPS,USPS Priority Mail,US_domestic,545,6.93,1.6,False,True,8.53
SHP-000726,1735,2025-09-26,USPS,USPS Priority Mail,US_domestic,1100,9.58,2.1,False,True,11.68
SHP-000727,1745,2025-09-26,USPS,USPS Ground Advantage,US_domestic,430,7.32,1.35,False,True,8.67
SHP-000728,1747,2025-09-26,USPS,USPS Priority Mail International,GB,555,19.76,1.6,False,True,21.360000000000003
SHP-000729,1718,2025-09-27,USPS,USPS Priority Mail,US_domestic,1020,9.53,2.1,False,True,11.629999999999999
SHP-000730,1723,2025-09-27,USPS,USPS Ground Advantage,US_domestic,410,7.34,1.1,False,True,8.44
SHP-000731,1727,2025-09-27,USPS,USPS Ground Advantage,US_domestic,270,5.6,1.1,False,True,6.699999999999999
SHP-000732,1730,2025-09-27,USPS,USPS Priority Mail,US_domestic,620,7.4,1.35,False,True,8.75
SHP-000733,1731,2025-09-27,USPS,USPS Priority Mail,US_domestic,630,7.01,1.35,False,True,8.36
SHP-000734,1733,2025-09-27,USPS,USPS Ground Advantage,US_domestic,270,5.52,1.1,False,True,6.619999999999999
SHP-000735,1734,2025-09-27,USPS,USPS Priority Mail,US_domestic,865,9.47,1.85,False,True,11.32
SHP-000736,1739,2025-09-27,USPS,USPS Ground Advantage,US_domestic,270,5.34,1.1,False,True,6.4399999999999995
SHP-000737,1742,2025-09-27,USPS,USPS Priority Mail,US_domestic,510,7.32,1.35,False,True,8.67
SHP-000738,1743,2025-09-27,USPS,USPS Priority Mail,US_domestic,460,7.1,1.35,False,True,8.45
SHP-000739,1751,2025-09-27,USPS,USPS Ground Advantage,US_domestic,390,5.52,1.1,False,True,6.619999999999999
SHP-000740,1757,2025-09-27,USPS,USPS Ground Advantage,US_domestic,420,7.14,1.35,False,True,8.49
SHP-000741,1760,2025-09-27,USPS,USPS Ground Advantage,US_domestic,380,5.57,1.1,False,True,6.67
SHP-000742,1736,2025-09-28,USPS,USPS Priority Mail,US_domestic,500,7.19,1.35,False,True,8.540000000000001
SHP-000743,1737,2025-09-28,USPS,USPS Priority Mail,US_domestic,550,7.08,1.6,False,True,8.68
SHP-000744,1738,2025-09-28,USPS,USPS Ground Advantage,US_domestic,265,5.5,1.1,False,True,6.6
SHP-000745,1744,2025-09-28,USPS,USPS Priority Mail International,GB,500,18.74,1.35,False,True,20.09
SHP-000746,1749,2025-09-28,USPS,USPS Priority Mail,US_domestic,710,9.29,2.35,False,True,11.639999999999999
SHP-000747,1753,2025-09-28,USPS,USPS Ground Advantage,US_domestic,270,5.35,1.1,False,True,6.449999999999999
SHP-000748,1755,2025-09-28,USPS,USPS Ground Advantage,US_domestic,310,5.64,1.1,False,True,6.74
SHP-000749,1756,2025-09-28,USPS,USPS Priority Mail International,CA,270,12.18,1.1,False,True,13.28
SHP-000750,1758,2025-09-28,USPS,USPS Priority Mail,US_domestic,500,7.3,1.35,False,True,8.65
SHP-000751,1759,2025-09-28,USPS,USPS Priority Mail,US_domestic,750,9.07,1.6,False,True,10.67
SHP-000752,1766,2025-09-28,USPS,USPS Priority Mail,US_domestic,665,7.35,1.6,False,True,8.95
SHP-000753,1769,2025-09-28,USPS,USPS Ground Advantage,US_domestic,310,5.5,1.1,False,True,6.6
SHP-000754,1746,2025-09-29,USPS,USPS Priority Mail International,GB,265,16.78,1.1,False,True,17.880000000000003
SHP-000755,1748,2025-09-29,USPS,USPS Priority Mail,US_domestic,670,6.98,1.1,False,True,8.08
SHP-000756,1750,2025-09-29,USPS,USPS Ground Advantage,US_domestic,310,5.58,1.1,False,True,6.68
SHP-000757,1754,2025-09-29,USPS,USPS Ground Advantage,US_domestic,270,5.3,1.1,False,True,6.4
SHP-000758,1761,2025-09-29,USPS,USPS Ground Advantage,US_domestic,270,5.41,1.1,False,True,6.51
SHP-000759,1768,2025-09-29,USPS,USPS Priority Mail,US_domestic,750,9.53,1.6,False,True,11.129999999999999
SHP-000760,1774,2025-09-29,USPS,USPS Ground Advantage,US_domestic,320,5.51,1.1,False,True,6.609999999999999
SHP-000761,1775,2025-09-29,USPS,USPS Priority Mail,US_domestic,680,7.36,1.6,False,True,8.96
SHP-000762,1762,2025-09-30,USPS,USPS Ground Advantage,US_domestic,385,5.46,1.35,False,True,6.8100000000000005
SHP-000763,1764,2025-09-30,USPS,USPS Ground Advantage,US_domestic,310,5.51,1.1,False,True,6.609999999999999
SHP-000764,1765,2025-09-30,USPS,USPS Ground Advantage,US_domestic,270,5.47,1.1,False,True,6.57
SHP-000765,1767,2025-09-30,USPS,USPS Priority Mail International,GB,560,19.35,1.6,False,True,20.950000000000003
SHP-000766,1776,2025-09-30,USPS,USPS Priority Mail,US_domestic,770,9.24,2.1,False,True,11.34
SHP-000767,1780,2025-09-30,USPS,USPS Ground Advantage,US_domestic,320,5.48,1.1,False,True,6.58
SHP-000768,1783,2025-09-30,USPS,USPS Ground Advantage,US_domestic,320,5.59,1.1,False,True,6.6899999999999995
SHP-000769,1785,2025-09-30,USPS,USPS Ground Advantage,US_domestic,380,5.42,1.35,False,True,6.77
SHP-000770,1786,2025-09-30,USPS,USPS Priority Mail,US_domestic,750,9.31,2.1,False,True,11.41
SHP-000771,1788,2025-09-30,USPS,USPS Ground Advantage,US_domestic,390,5.61,1.35,False,True,6.960000000000001
SHP-000772,1763,2025-10-01,USPS,USPS Priority Mail,US_domestic,610,7.14,1.35,False,True,8.49
SHP-000773,1773,2025-10-01,USPS,USPS Ground Advantage,US_domestic,310,5.5,1.1,False,True,6.6
SHP-000774,1779,2025-10-01,USPS,USPS Priority Mail,US_domestic,560,7.17,1.35,False,True,8.52
SHP-000775,1784,2025-10-01,USPS,USPS Ground Advantage,US_domestic,435,7.24,1.35,False,True,8.59
SHP-000776,1790,2025-10-01,USPS,USPS Ground Advantage,US_domestic,410,7.25,1.1,False,True,8.35
SHP-000777,1791,2025-10-01,USPS,USPS Priority Mail,US_domestic,750,9.52,1.6,False,True,11.12
SHP-000778,1803,2025-10-01,USPS,USPS Priority Mail,US_domestic,760,9.5,2.1,False,True,11.6
SHP-000779,1808,2025-10-01,USPS,USPS Priority Mail International,CA,435,13.58,1.35,False,True,14.93
SHP-000780,1811,2025-10-01,USPS,USPS Ground Advantage,US_domestic,320,5.38,1.1,False,True,6.48
SHP-000781,1770,2025-10-02,USPS,USPS Ground Advantage,US_domestic,270,5.48,1.1,False,True,6.58
SHP-000782,1771,2025-10-02,USPS,USPS Ground Advantage,US_domestic,410,7.1,1.1,False,True,8.2
SHP-000783,1772,2025-10-02,USPS,USPS Priority Mail International,CA,270,12.13,1.1,False,True,13.23
SHP-000784,1777,2025-10-02,USPS,USPS Priority Mail International,CA,270,12.12,1.1,False,True,13.219999999999999
SHP-000785,1778,2025-10-02,USPS,USPS Ground Advantage,US_domestic,270,5.56,1.1,False,True,6.66
SHP-000786,1787,2025-10-02,USPS,USPS Ground Advantage,US_domestic,320,5.49,1.1,False,True,6.59
SHP-000787,1792,2025-10-02,USPS,USPS Ground Advantage,US_domestic,410,7.29,1.1,False,True,8.39
SHP-000788,1793,2025-10-02,USPS,USPS Priority Mail International,AU,320,19.17,1.1,False,True,20.270000000000003
SHP-000789,1794,2025-10-02,USPS,USPS Priority Mail,US_domestic,610,7.18,1.35,False,True,8.53
SHP-000790,1798,2025-10-02,USPS,USPS Ground Advantage,US_domestic,270,5.6,1.1,False,True,6.699999999999999
SHP-000791,1802,2025-10-02,USPS,USPS Priority Mail International,CA,420,14.04,1.35,False,True,15.389999999999999
SHP-000792,1804,2025-10-02,USPS,USPS Priority Mail,US_domestic,980,9.34,1.85,False,True,11.19
SHP-000793,1805,2025-10-02,USPS,USPS Priority Mail,US_domestic,810,9.28,2.35,False,True,11.629999999999999
SHP-000794,1812,2025-10-02,USPS,USPS Priority Mail,US_domestic,750,9.62,1.6,False,True,11.219999999999999
SHP-000795,1819,2025-10-02,USPS,USPS Ground Advantage,US_domestic,270,5.53,1.1,False,True,6.630000000000001
SHP-000796,1820,2025-10-02,USPS,USPS Ground Advantage,US_domestic,410,7.13,1.1,False,True,8.23
SHP-000797,1781,2025-10-03,USPS,USPS Ground Advantage,US_domestic,385,5.47,1.35,False,True,6.82
SHP-000798,1782,2025-10-03,USPS,USPS Ground Advantage,US_domestic,300,5.44,1.1,False,True,6.540000000000001
SHP-000799,1789,2025-10-03,USPS,USPS Priority Mail International,GB,265,16.11,1.1,False,True,17.21
SHP-000800,1796,2025-10-03,USPS,USPS Priority Mail,US_domestic,540,7.19,1.35,False,True,8.540000000000001
SHP-000801,1800,2025-10-03,USPS,USPS Priority Mail,US_domestic,750,9.39,1.6,False,True,10.99
SHP-000802,1801,2025-10-03,USPS,USPS Ground Advantage,US_domestic,380,5.46,1.1,False,True,6.5600000000000005
SHP-000803,1806,2025-10-03,USPS,USPS Priority Mail,US_domestic,980,9.49,1.85,False,True,11.34
SHP-000804,1795,2025-10-04,USPS,USPS Priority Mail International,GB,780,21.27,2.1,False,True,23.37
SHP-000805,1797,2025-10-04,USPS,USPS Priority Mail,US_domestic,750,9.18,1.6,False,True,10.78
SHP-000806,1799,2025-10-04,USPS,USPS Ground Advantage,US_domestic,310,5.62,1.1,False,True,6.720000000000001
SHP-000807,1807,2025-10-04,USPS,USPS Priority Mail,US_domestic,670,7.15,1.1,False,True,8.25
SHP-000808,1809,2025-10-04,USPS,USPS Priority Mail,US_domestic,505,7.07,1.6,False,True,8.67
SHP-000809,1810,2025-10-04,USPS,USPS Priority Mail,US_domestic,750,9.32,1.6,False,True,10.92
SHP-000810,1813,2025-10-04,USPS,USPS Ground Advantage,US_domestic,390,5.6,1.35,False,True,6.949999999999999
SHP-000811,1816,2025-10-04,USPS,USPS Priority Mail,US_domestic,500,7.25,1.35,False,True,8.6
SHP-000812,1822,2025-10-04,USPS,USPS Ground Advantage,US_domestic,390,5.5,1.1,False,True,6.6
SHP-000813,1823,2025-10-04,USPS,USPS Priority Mail International,CA,1095,19.26,2.6,False,True,21.860000000000003
SHP-000814,1825,2025-10-04,USPS,USPS Priority Mail,US_domestic,670,6.98,1.1,False,True,8.08
SHP-000815,1827,2025-10-04,USPS,USPS Priority Mail,US_domestic,680,7.12,1.85,False,True,8.97
SHP-000816,1828,2025-10-04,USPS,USPS Ground Advantage,US_domestic,270,5.54,1.1,False,True,6.640000000000001
SHP-000817,1829,2025-10-04,USPS,USPS Ground Advantage,US_domestic,270,5.55,1.1,False,True,6.65
SHP-000818,1834,2025-10-04,USPS,USPS Ground Advantage,US_domestic,310,5.39,1.1,False,True,6.49
SHP-000819,1838,2025-10-04,USPS,USPS Priority Mail International,CA,270,12.37,1.1,False,True,13.469999999999999
SHP-000820,1845,2025-10-04,USPS,USPS Priority Mail International,GB,270,16.22,1.1,False,True,17.32
SHP-000821,1815,2025-10-05,USPS,USPS Ground Advantage,US_domestic,390,5.52,1.35,False,True,6.869999999999999
SHP-000822,1817,2025-10-05,USPS,USPS Ground Advantage,US_domestic,380,5.33,1.1,False,True,6.43
SHP-000823,1818,2025-10-05,USPS,USPS Priority Mail,US_domestic,1110,9.52,2.1,False,True,11.62
SHP-000824,1821,2025-10-05,USPS,USPS Priority Mail,US_domestic,670,7.5,1.1,False,True,8.6
SHP-000825,1824,2025-10-05,USPS,USPS Priority Mail International,AU,500,21.35,1.35,False,True,22.700000000000003
SHP-000826,1832,2025-10-05,USPS,USPS Priority Mail International,AU,265,18.08,1.1,False,True,19.18
SHP-000827,1833,2025-10-05,USPS,USPS Ground Advantage,US_domestic,430,7.45,1.35,False,True,8.8
SHP-000828,1841,2025-10-05,USPS,USPS Ground Advantage,US_domestic,390,5.57,1.1,False,True,6.67
SHP-000829,1844,2025-10-05,USPS,USPS Ground Advantage,US_domestic,270,5.53,1.1,False,True,6.630000000000001
SHP-000830,1846,2025-10-05,USPS,USPS Ground Advantage,US_domestic,310,5.57,1.1,False,True,6.67
SHP-000831,1847,2025-10-05,USPS,USPS Ground Advantage,US_domestic,270,5.5,1.1,False,True,6.6
SHP-000832,1852,2025-10-05,USPS,USPS Priority Mail,US_domestic,860,9.2,2.35,False,True,11.549999999999999
SHP-000833,1856,2025-10-05,USPS,USPS Ground Advantage,US_domestic,430,7.24,1.35,False,True,8.59
SHP-000834,1857,2025-10-05,USPS,USPS Priority Mail,US_domestic,570,6.92,1.35,False,True,8.27
SHP-000835,1859,2025-10-05,USPS,USPS Ground Advantage,US_domestic,390,5.48,1.35,False,True,6.83
SHP-000836,1826,2025-10-06,USPS,USPS Priority Mail,US_domestic,750,9.67,1.6,False,True,11.27
SHP-000837,1830,2025-10-06,USPS,USPS Ground Advantage,US_domestic,390,5.49,1.35,False,True,6.84
SHP-000838,1831,2025-10-06,USPS,USPS Priority Mail,US_domestic,890,9.32,2.35,False,True,11.67
SHP-000839,1835,2025-10-06,USPS,USPS Ground Advantage,US_domestic,410,7.13,1.1,False,True,8.23
SHP-000840,1837,2025-10-06,USPS,USPS Priority Mail,US_domestic,670,7.26,1.1,False,True,8.36
SHP-000841,1840,2025-10-06,USPS,USPS Priority Mail International,CA,270,12.66,1.1,False,True,13.76
SHP-000842,1842,2025-10-06,USPS,USPS Ground Advantage,US_domestic,265,5.37,1.1,False,True,6.470000000000001
SHP-000843,1843,2025-10-06,USPS,USPS Ground Advantage,US_domestic,380,5.52,1.1,False,True,6.619999999999999
SHP-000844,1851,2025-10-06,USPS,USPS Ground Advantage,US_domestic,270,5.48,1.1,False,True,6.58
SHP-000845,1853,2025-10-06,USPS,USPS Priority Mail,US_domestic,530,7.2,1.35,False,True,8.55
SHP-000846,1863,2025-10-06,USPS,USPS Priority Mail,US_domestic,970,8.99,2.1,False,True,11.09
SHP-000847,1865,2025-10-06,USPS,USPS Priority Mail International,GB,900,23.59,1.85,False,True,25.44
SHP-000848,1836,2025-10-07,USPS,USPS Priority Mail,US_domestic,620,7.13,1.35,False,True,8.48
SHP-000849,1839,2025-10-07,USPS,USPS Ground Advantage,US_domestic,270,5.44,1.1,False,True,6.540000000000001
SHP-000850,1850,2025-10-07,USPS,USPS Priority Mail,US_domestic,500,7.23,1.6,False,True,8.83
SHP-000851,1854,2025-10-07,USPS,USPS Ground Advantage,US_domestic,270,5.43,1.1,False,True,6.529999999999999
SHP-000852,1855,2025-10-07,USPS,USPS Ground Advantage,US_domestic,300,5.39,1.1,False,True,6.49
SHP-000853,1861,2025-10-07,USPS,USPS Priority Mail,US_domestic,530,6.98,1.35,False,True,8.33
SHP-000854,1866,2025-10-07,USPS,USPS Priority Mail,US_domestic,860,9.26,2.35,False,True,11.61
SHP-000855,1867,2025-10-07,USPS,USPS Ground Advantage,US_domestic,265,5.52,1.1,False,True,6.619999999999999
SHP-000856,1870,2025-10-07,USPS,USPS Priority Mail,US_domestic,670,7.13,1.6,False,True,8.73
SHP-000857,1871,2025-10-07,USPS,USPS Ground Advantage,US_domestic,390,5.61,1.35,False,True,6.960000000000001
SHP-000858,1874,2025-10-07,USPS,USPS Ground Advantage,US_domestic,440,7.0,1.35,False,True,8.35
SHP-000859,1876,2025-10-07,USPS,USPS Priority Mail,US_domestic,1390,12.65,2.1,False,True,14.75
SHP-000860,1848,2025-10-08,USPS,USPS Priority Mail International,GB,310,16.74,1.1,False,True,17.84
SHP-000861,1849,2025-10-08,USPS,USPS Ground Advantage,US_domestic,270,5.45,1.1,False,True,6.550000000000001
SHP-000862,1858,2025-10-08,USPS,USPS Ground Advantage,US_domestic,415,7.19,1.35,False,True,8.540000000000001
SHP-000863,1860,2025-10-08,USPS,USPS Ground Advantage,US_domestic,270,5.46,1.1,False,True,6.5600000000000005
SHP-000864,1862,2025-10-08,USPS,USPS Ground Advantage,US_domestic,430,7.2,1.35,False,True,8.55
SHP-000865,1864,2025-10-08,USPS,USPS Ground Advantage,US_domestic,380,5.54,1.1,False,True,6.640000000000001
SHP-000866,1875,2025-10-08,USPS,USPS Ground Advantage,US_domestic,270,5.56,1.1,False,True,6.66
SHP-000867,1877,2025-10-09,USPS,USPS Ground Advantage,US_domestic,265,5.56,1.1,False,True,6.66
SHP-000868,1878,2025-10-09,USPS,USPS Ground Advantage,US_domestic,390,5.5,1.1,False,True,6.6
SHP-000869,1879,2025-10-09,USPS,USPS Ground Advantage,US_domestic,300,5.38,1.1,False,True,6.48
SHP-000870,1880,2025-10-09,USPS,USPS Priority Mail International,CA,270,12.29,1.1,False,True,13.389999999999999
SHP-000871,1884,2025-10-09,USPS,USPS Ground Advantage,US_domestic,440,7.28,1.35,False,True,8.63
SHP-000872,1886,2025-10-09,USPS,USPS Ground Advantage,US_domestic,380,5.48,1.1,False,True,6.58
SHP-000873,1889,2025-10-09,USPS,USPS Priority Mail,US_domestic,905,9.44,2.1,False,True,11.54
SHP-000874,1891,2025-10-09,USPS,USPS Priority Mail International,GB,390,17.86,1.1,False,True,18.96
SHP-000875,1892,2025-10-09,USPS,USPS Ground Advantage,US_domestic,390,5.53,1.1,False,True,6.630000000000001
SHP-000876,1896,2025-10-09,USPS,USPS Ground Advantage,US_domestic,420,7.24,1.35,False,True,8.59
SHP-000877,1897,2025-10-09,USPS,USPS Priority Mail,US_domestic,495,7.19,1.35,False,True,8.540000000000001
SHP-000878,1898,2025-10-09,USPS,USPS Ground Advantage,US_domestic,420,7.07,1.35,False,True,8.42
SHP-000879,1899,2025-10-09,USPS,USPS Priority Mail International,GB,790,22.85,1.85,False,True,24.700000000000003
SHP-000880,1900,2025-10-09,USPS,USPS Priority Mail International,CA,270,11.6,1.1,False,True,12.7
SHP-000881,1868,2025-10-10,USPS,USPS Priority Mail,US_domestic,670,7.37,1.1,False,True,8.47
SHP-000882,1869,2025-10-10,USPS,USPS Ground Advantage,US_domestic,390,5.4,1.35,False,True,6.75
SHP-000883,1872,2025-10-10,USPS,USPS Ground Advantage,US_domestic,270,5.35,1.1,False,True,6.449999999999999
SHP-000884,1873,2025-10-10,USPS,USPS Ground Advantage,US_domestic,300,5.39,1.1,False,True,6.49
SHP-000885,1883,2025-10-10,USPS,USPS Ground Advantage,US_domestic,320,5.4,1.1,False,True,6.5
SHP-000886,1888,2025-10-10,USPS,USPS Priority Mail International,CA,630,14.77,1.35,False,True,16.12
SHP-000887,1890,2025-10-10,USPS,USPS Ground Advantage,US_domestic,390,5.62,1.35,False,True,6.970000000000001
SHP-000888,1894,2025-10-10,USPS,USPS Ground Advantage,US_domestic,270,5.37,1.1,False,True,6.470000000000001
SHP-000889,1895,2025-10-10,USPS,USPS Ground Advantage,US_domestic,270,5.5,1.1,False,True,6.6
SHP-000890,1904,2025-10-10,USPS,USPS Ground Advantage,US_domestic,270,5.61,1.1,False,True,6.710000000000001
SHP-000891,1908,2025-10-10,USPS,USPS Ground Advantage,US_domestic,270,5.27,1.1,False,True,6.369999999999999
SHP-000892,1917,2025-10-10,USPS,USPS Ground Advantage,US_domestic,320,5.65,1.1,False,True,6.75
SHP-000893,1478,2025-10-11,USPS,USPS Ground Advantage,US_domestic,410,7.23,1.1,False,True,8.33
SHP-000894,1882,2025-10-11,USPS,USPS Priority Mail,US_domestic,540,7.21,1.35,False,True,8.56
SHP-000895,1887,2025-10-11,USPS,USPS Ground Advantage,US_domestic,270,5.73,1.1,False,True,6.83
SHP-000896,1893,2025-10-11,USPS,USPS Priority Mail,US_domestic,1010,8.88,1.85,False,True,10.73
SHP-000897,1907,2025-10-11,USPS,USPS Ground Advantage,US_domestic,270,5.37,1.1,False,True,6.470000000000001
SHP-000898,1909,2025-10-11,USPS,USPS Ground Advantage,US_domestic,420,7.13,1.35,False,True,8.48
SHP-000899,1914,2025-10-11,USPS,USPS Priority Mail,US_domestic,530,7.23,1.35,False,True,8.58
SHP-000900,1915,2025-10-11,USPS,USPS Priority Mail,US_domestic,530,7.06,1.35,False,True,8.41
SHP-000901,1927,2025-10-11,USPS,USPS Ground Advantage,US_domestic,270,5.53,1.1,False,True,6.630000000000001
SHP-000902,1930,2025-10-11,USPS,USPS Priority Mail,US_domestic,760,9.32,2.1,False,True,11.42
SHP-000903,1901,2025-10-12,USPS,USPS Priority Mail International,GB,420,17.8,1.35,False,True,19.150000000000002
SHP-000904,1902,2025-10-12,USPS,USPS Priority Mail,US_domestic,560,7.02,1.6,False,True,8.62
SHP-000905,1903,2025-10-12,USPS,USPS Ground Advantage,US_domestic,265,5.56,1.1,False,True,6.66
SHP-000906,1905,2025-10-12,USPS,USPS Priority Mail,US_domestic,550,7.23,1.35,False,True,8.58
SHP-000907,1906,2025-10-12,USPS,USPS Priority Mail International,CA,390,13.27,1.1,False,True,14.37
SHP-000908,1910,2025-10-12,USPS,USPS Ground Advantage,US_domestic,390,5.4,1.1,False,True,6.5
SHP-000909,1911,2025-10-12,USPS,USPS Priority Mail,US_domestic,910,9.21,2.1,False,True,11.31
SHP-000910,1912,2025-10-12,USPS,USPS Priority Mail International,GB,640,20.58,1.35,False,True,21.93
SHP-000911,1913,2025-10-12,USPS,USPS Priority Mail,US_domestic,560,7.02,1.35,False,True,8.37
SHP-000912,1918,2025-10-12,USPS,USPS Priority Mail,US_domestic,930,9.63,1.85,False,True,11.48
SHP-000913,1919,2025-10-12,USPS,USPS Ground Advantage,US_domestic,430,7.32,1.35,False,True,8.67
SHP-000914,1920,2025-10-12,USPS,USPS Priority Mail International,CA,270,12.05,1.1,False,True,13.15
SHP-000915,1931,2025-10-12,USPS,USPS Priority Mail,US_domestic,900,9.4,1.85,False,True,11.25
SHP-000916,1932,2025-10-12,USPS,USPS Ground Advantage,US_domestic,380,5.14,1.1,False,True,6.24
SHP-000917,1946,2025-10-12,USPS,USPS Priority Mail,US_domestic,620,7.31,1.6,False,True,8.91
SHP-000918,1916,2025-10-13,USPS,USPS Priority Mail,US_domestic,1500,12.35,2.6,False,True,14.95
SHP-000919,1921,2025-10-13,USPS,USPS Ground Advantage,US_domestic,270,5.52,1.1,False,True,6.619999999999999
SHP-000920,1922,2025-10-13,USPS,USPS Priority Mail,US_domestic,550,7.18,1.35,False,True,8.53
SHP-000921,1924,2025-10-13,USPS,USPS Priority Mail,US_domestic,820,9.58,2.6,False,True,12.18
SHP-000922,1926,2025-10-13,USPS,USPS Ground Advantage,US_domestic,410,7.48,1.1,False,True,8.58
SHP-000923,1929,2025-10-13,USPS,USPS Ground Advantage,US_domestic,270,5.58,1.1,False,True,6.68
SHP-000924,1935,2025-10-13,USPS,USPS Priority Mail International,CA,320,12.33,1.1,False,True,13.43
SHP-000925,1953,2025-10-13,USPS,USPS Ground Advantage,US_domestic,270,5.33,1.1,False,True,6.43
SHP-000926,1961,2025-10-13,USPS,USPS Priority Mail,US_domestic,750,9.55,1.6,False,True,11.15
SHP-000927,1968,2025-10-13,USPS,USPS Ground Advantage,US_domestic,270,5.51,1.1,False,True,6.609999999999999
SHP-000928,1871,2025-10-14,USPS,USPS Ground Advantage,US_domestic,270,5.37,1.1,False,True,6.470000000000001
SHP-000929,1923,2025-10-14,USPS,USPS Priority Mail,US_domestic,1020,9.5,2.1,False,True,11.6
SHP-000930,1925,2025-10-14,USPS,USPS Ground Advantage,US_domestic,390,5.52,1.1,False,True,6.619999999999999
SHP-000931,1928,2025-10-14,USPS,USPS Priority Mail,US_domestic,640,7.38,1.35,False,True,8.73
SHP-000932,1934,2025-10-14,USPS,USPS Priority Mail,US_domestic,1150,9.54,2.35,False,True,11.889999999999999
SHP-000933,1943,2025-10-14,USPS,USPS Ground Advantage,US_domestic,270,5.2,1.1,False,True,6.300000000000001
SHP-000934,1947,2025-10-14,USPS,USPS Ground Advantage,US_domestic,310,5.53,1.1,False,True,6.630000000000001
SHP-000935,1948,2025-10-14,USPS,USPS Priority Mail,US_domestic,920,9.35,1.85,False,True,11.2
SHP-000936,1949,2025-10-14,USPS,USPS Ground Advantage,US_domestic,265,5.55,1.1,False,True,6.65
SHP-000937,1955,2025-10-14,USPS,USPS Priority Mail,US_domestic,1285,11.95,2.6,False,True,14.549999999999999
SHP-000938,1963,2025-10-14,USPS,USPS Priority Mail,US_domestic,550,7.14,1.35,False,True,8.49
SHP-000939,1964,2025-10-14,USPS,USPS Ground Advantage,US_domestic,270,5.65,1.1,False,True,6.75
SHP-000940,1966,2025-10-14,USPS,USPS Ground Advantage,US_domestic,265,5.47,1.1,False,True,6.57
SHP-000941,1975,2025-10-14,USPS,USPS Priority Mail,US_domestic,900,9.76,1.85,False,True,11.61
SHP-000942,1977,2025-10-14,USPS,USPS Priority Mail,US_domestic,750,9.35,1.6,False,True,10.95
SHP-000943,1978,2025-10-14,USPS,USPS Priority Mail,US_domestic,870,9.27,1.85,False,True,11.12
SHP-000944,1981,2025-10-14,USPS,USPS Ground Advantage,US_domestic,300,5.32,1.1,False,True,6.42
SHP-000945,1933,2025-10-15,USPS,USPS Priority Mail,US_domestic,935,9.91,2.1,False,True,12.01
SHP-000946,1936,2025-10-15,USPS,USPS Priority Mail International,CA,470,13.96,1.35,False,True,15.31
SHP-000947,1937,2025-10-15,USPS,USPS Priority Mail,US_domestic,640,7.3,1.35,False,True,8.65
SHP-000948,1938,2025-10-15,USPS,USPS Priority Mail,US_domestic,550,7.22,1.35,False,True,8.57
SHP-000949,1939,2025-10-15,USPS,USPS Ground Advantage,US_domestic,300,5.4,1.1,False,True,6.5
SHP-000950,1940,2025-10-15,USPS,USPS Priority Mail,US_domestic,1105,9.22,2.1,False,True,11.32
SHP-000951,1942,2025-10-15,USPS,USPS Ground Advantage,US_domestic,410,7.34,1.1,False,True,8.44
SHP-000952,1944,2025-10-15,USPS,USPS Priority Mail,US_domestic,750,9.56,1.6,False,True,11.16
SHP-000953,1945,2025-10-15,USPS,USPS Ground Advantage,US_domestic,270,5.31,1.1,False,True,6.41
SHP-000954,1951,2025-10-15,USPS,USPS Ground Advantage,US_domestic,420,7.11,1.35,False,True,8.46
SHP-000955,1954,2025-10-15,USPS,USPS Priority Mail,US_domestic,650,7.04,1.35,False,True,8.39
SHP-000956,1956,2025-10-15,USPS,USPS Priority Mail,US_domestic,750,9.2,1.6,False,True,10.799999999999999
SHP-000957,1959,2025-10-15,USPS,USPS Priority Mail,US_domestic,540,7.23,1.35,False,True,8.58
SHP-000958,1970,2025-10-15,USPS,USPS Ground Advantage,US_domestic,270,5.51,1.1,False,True,6.609999999999999
SHP-000959,1973,2025-10-15,USPS,USPS Priority Mail,US_domestic,990,9.32,1.85,False,True,11.17
SHP-000960,1979,2025-10-15,USPS,USPS Priority Mail,US_domestic,570,7.19,1.35,False,True,8.540000000000001
SHP-000961,1980,2025-10-15,USPS,USPS Priority Mail,US_domestic,820,9.19,2.35,False,True,11.54
SHP-000962,1983,2025-10-15,USPS,USPS Priority Mail,US_domestic,530,6.98,1.35,False,True,8.33
SHP-000963,1985,2025-10-15,USPS,USPS Ground Advantage,US_domestic,270,5.4,1.1,False,True,6.5
SHP-000964,1987,2025-10-15,USPS,USPS Priority Mail,US_domestic,550,7.12,1.35,False,True,8.47
SHP-000965,1952,2025-10-16,USPS,USPS Ground Advantage,US_domestic,385,5.56,1.35,False,True,6.91
SHP-000966,1957,2025-10-16,USPS,USPS Ground Advantage,US_domestic,390,5.53,1.1,False,True,6.630000000000001
SHP-000967,1958,2025-10-16,USPS,USPS Priority Mail,US_domestic,510,6.92,1.35,False,True,8.27
SHP-000968,1960,2025-10-16,USPS,USPS Priority Mail,US_domestic,740,8.63,2.1,True,True,10.73
SHP-000969,1962,2025-10-16,USPS,USPS Priority Mail,US_domestic,1250,12.16,2.6,False,True,14.76
SHP-000970,1965,2025-10-16,USPS,USPS Ground Advantage,US_domestic,420,7.23,1.35,False,True,8.58
SHP-000971,1967,2025-10-16,USPS,USPS Priority Mail,US_domestic,1340,12.1,2.1,False,True,14.2
SHP-000972,1969,2025-10-16,USPS,USPS Priority Mail,US_domestic,750,9.42,1.6,False,True,11.02
SHP-000973,1971,2025-10-16,USPS,USPS Priority Mail International,CA,470,14.5,1.35,False,True,15.85
SHP-000974,1972,2025-10-16,USPS,USPS Priority Mail,US_domestic,990,9.97,2.1,True,True,12.07
SHP-000975,1974,2025-10-17,USPS,USPS Ground Advantage,US_domestic,390,5.4,1.35,False,True,6.75
SHP-000976,1976,2025-10-17,USPS,USPS Priority Mail International,CA,910,18.36,1.85,False,True,20.21
SHP-000977,1984,2025-10-17,USPS,USPS Priority Mail International,CA,910,18.9,2.1,False,True,21.0
SHP-000978,1986,2025-10-17,USPS,USPS Ground Advantage,US_domestic,390,5.59,1.1,False,True,6.6899999999999995
SHP-000979,1993,2025-10-17,USPS,USPS Priority Mail,US_domestic,750,9.47,1.6,False,True,11.07
SHP-000980,1995,2025-10-17,USPS,USPS Ground Advantage,US_domestic,390,5.43,1.35,False,True,6.779999999999999
SHP-000981,1999,2025-10-17,USPS,USPS Priority Mail International,CA,390,13.54,1.35,False,True,14.889999999999999
SHP-000982,2000,2025-10-17,USPS,USPS Ground Advantage,US_domestic,270,5.46,1.1,False,True,6.5600000000000005
SHP-000983,2001,2025-10-17,USPS,USPS Priority Mail,US_domestic,480,7.15,1.35,False,True,8.5
SHP-000984,2006,2025-10-17,USPS,USPS Priority Mail,US_domestic,1050,9.2,2.1,False,True,11.299999999999999
SHP-000985,1982,2025-10-18,USPS,USPS Priority Mail International,GB,310,16.87,1.1,False,True,17.970000000000002
SHP-000986,1990,2025-10-18,USPS,USPS Priority Mail,US_domestic,1190,9.3,1.85,False,True,11.15
SHP-000987,1991,2025-10-18,USPS,USPS Ground Advantage,US_domestic,380,5.67,1.1,False,True,6.77
SHP-000988,1992,2025-10-18,USPS,USPS Ground Advantage,US_domestic,270,5.52,1.1,False,True,6.619999999999999
SHP-000989,1994,2025-10-18,USPS,USPS Ground Advantage,US_domestic,300,5.48,1.1,False,True,6.58
SHP-000990,1998,2025-10-18,USPS,USPS Priority Mail,US_domestic,550,7.51,1.6,False,True,9.11
SHP-000991,2011,2025-10-18,USPS,USPS Ground Advantage,US_domestic,270,5.53,1.1,False,True,6.630000000000001
SHP-000992,2018,2025-10-18,USPS,USPS Priority Mail,US_domestic,1280,12.2,2.6,False,True,14.799999999999999
SHP-000993,2021,2025-10-18,USPS,USPS Ground Advantage,US_domestic,320,5.46,1.1,False,True,6.5600000000000005
SHP-000994,1988,2025-10-19,USPS,USPS Priority Mail,US_domestic,980,9.57,1.85,False,True,11.42
SHP-000995,1989,2025-10-19,USPS,USPS Priority Mail International,GB,320,16.88,1.1,False,True,17.98
SHP-000996,2002,2025-10-19,USPS,USPS Ground Advantage,US_domestic,270,5.6,1.1,False,True,6.699999999999999
SHP-000997,2003,2025-10-19,USPS,USPS Priority Mail,US_domestic,670,7.25,1.1,False,True,8.35
SHP-000998,2004,2025-10-19,USPS,USPS Ground Advantage,US_domestic,270,5.47,1.1,False,True,6.57
SHP-000999,2008,2025-10-19,USPS,USPS Ground Advantage,US_domestic,270,5.53,1.1,False,True,6.630000000000001
SHP-001000,2013,2025-10-19,USPS,USPS Priority Mail,US_domestic,530,6.94,1.35,False,True,8.290000000000001
SHP-001001,2019,2025-10-19,USPS,USPS Priority Mail,US_domestic,510,7.1,1.6,False,True,8.7
SHP-001002,2025,2025-10-19,USPS,USPS Ground Advantage,US_domestic,310,5.56,1.1,False,True,6.66
SHP-001003,2029,2025-10-19,USPS,USPS Ground Advantage,US_domestic,310,5.51,1.1,False,True,6.609999999999999
SHP-001004,2031,2025-10-19,USPS,USPS Ground Advantage,US_domestic,310,5.45,1.1,False,True,6.550000000000001
SHP-001005,1996,2025-10-20,USPS,USPS Priority Mail,US_domestic,1250,12.86,2.35,False,True,15.209999999999999
SHP-001006,1997,2025-10-20,USPS,USPS Ground Advantage,US_domestic,270,5.4,1.1,False,True,6.5
SHP-001007,2005,2025-10-20,USPS,USPS Ground Advantage,US_domestic,380,5.53,1.1,False,True,6.630000000000001
SHP-001008,2007,2025-10-20,USPS,USPS Ground Advantage,US_domestic,410,7.1,1.1,False,True,8.2
SHP-001009,2009,2025-10-20,USPS,USPS Ground Advantage,US_domestic,270,5.69,1.1,False,True,6.790000000000001
SHP-001010,2010,2025-10-20,USPS,USPS Ground Advantage,US_domestic,265,5.55,1.1,False,True,6.65
SHP-001011,2012,2025-10-20,USPS,USPS Ground Advantage,US_domestic,270,5.45,1.1,False,True,6.550000000000001
SHP-001012,2016,2025-10-20,USPS,USPS Priority Mail,US_domestic,470,7.22,1.35,False,True,8.57
SHP-001013,2017,2025-10-20,USPS,USPS Ground Advantage,US_domestic,380,5.59,1.1,False,True,6.6899999999999995
SHP-001014,2024,2025-10-20,USPS,USPS Priority Mail International,GB,900,23.96,1.85,False,True,25.810000000000002
SHP-001015,2034,2025-10-20,USPS,USPS Ground Advantage,US_domestic,420,7.25,1.35,False,True,8.6
SHP-001016,2038,2025-10-20,USPS,USPS Priority Mail,US_domestic,750,9.3,1.6,False,True,10.9
SHP-001017,2042,2025-10-20,USPS,USPS Ground Advantage,US_domestic,390,5.57,1.1,False,True,6.67
SHP-001018,2045,2025-10-20,USPS,USPS Priority Mail,US_domestic,670,7.02,1.1,False,True,8.12
SHP-001019,2048,2025-10-20,USPS,USPS Priority Mail International,AU,430,20.3,1.35,False,True,21.650000000000002
SHP-001020,2050,2025-10-20,USPS,USPS Priority Mail,US_domestic,570,7.03,1.6,False,True,8.63
SHP-001021,2054,2025-10-20,USPS,USPS Ground Advantage,US_domestic,300,5.65,1.1,False,True,6.75
SHP-001022,2014,2025-10-21,USPS,USPS Priority Mail,US_domestic,1030,9.65,2.1,False,True,11.75
SHP-001023,2015,2025-10-21,USPS,USPS Ground Advantage,US_domestic,300,5.27,1.1,False,True,6.369999999999999
SHP-001024,2020,2025-10-21,USPS,USPS Ground Advantage,US_domestic,380,5.33,1.1,False,True,6.43
SHP-001025,2022,2025-10-21,USPS,USPS Ground Advantage,US_domestic,430,7.37,1.35,False,True,8.72
SHP-001026,2023,2025-10-21,USPS,USPS Priority Mail,US_domestic,1620,11.9,2.35,False,True,14.25
SHP-001027,2027,2025-10-21,USPS,USPS Priority Mail,US_domestic,930,9.5,1.85,False,True,11.35
SHP-001028,2028,2025-10-21,USPS,USPS Ground Advantage,US_domestic,340,5.67,1.35,False,True,7.02
SHP-001029,2035,2025-10-21,USPS,USPS Ground Advantage,US_domestic,270,5.42,1.1,False,True,6.52
SHP-001030,2036,2025-10-21,USPS,USPS Priority Mail International,GB,410,17.83,1.1,False,True,18.93
SHP-001031,2037,2025-10-21,USPS,USPS Ground Advantage,US_domestic,300,5.5,1.1,False,True,6.6
SHP-001032,2040,2025-10-21,USPS,USPS Priority Mail,US_domestic,500,7.16,1.35,False,True,8.51
SHP-001033,2044,2025-10-21,USPS,USPS Priority Mail,US_domestic,970,9.41,2.1,False,True,11.51
SHP-001034,2046,2025-10-21,USPS,USPS Ground Advantage,US_domestic,300,5.4,1.1,False,True,6.5
SHP-001035,2055,2025-10-21,USPS,USPS Priority Mail,US_domestic,560,7.46,1.35,False,True,8.81
SHP-001036,2058,2025-10-21,USPS,USPS Ground Advantage,US_domestic,220,5.41,1.1,False,True,6.51
SHP-001037,2061,2025-10-21,USPS,USPS Ground Advantage,US_domestic,380,5.46,1.1,False,True,6.5600000000000005
SHP-001038,2066,2025-10-21,USPS,USPS Priority Mail International,CA,390,13.64,1.1,False,True,14.74
SHP-001039,2026,2025-10-22,USPS,USPS Ground Advantage,US_domestic,380,5.39,1.1,False,True,6.49
SHP-001040,2030,2025-10-22,USPS,USPS Priority Mail,US_domestic,670,7.13,1.1,False,True,8.23
SHP-001041,2032,2025-10-22,USPS,USPS Priority Mail International,GB,425,18.25,1.35,False,True,19.6
SHP-001042,2033,2025-10-22,USPS,USPS Priority Mail International,GB,310,16.91,1.1,False,True,18.01
SHP-001043,2039,2025-10-22,USPS,USPS Ground Advantage,US_domestic,415,7.13,1.35,False,True,8.48
SHP-001044,2041,2025-10-22,USPS,USPS Ground Advantage,US_domestic,300,5.64,1.1,False,True,6.74
SHP-001045,2047,2025-10-22,USPS,USPS Ground Advantage,US_domestic,390,5.47,1.35,False,True,6.82
SHP-001046,2049,2025-10-22,USPS,USPS Ground Advantage,US_domestic,310,5.53,1.1,False,True,6.630000000000001
SHP-001047,2052,2025-10-22,USPS,USPS Ground Advantage,US_domestic,380,5.35,1.35,False,True,6.699999999999999
SHP-001048,2053,2025-10-22,USPS,USPS Ground Advantage,US_domestic,380,5.56,1.1,False,True,6.66
SHP-001049,2068,2025-10-22,USPS,USPS Priority Mail,US_domestic,720,9.16,2.1,False,True,11.26
SHP-001050,2070,2025-10-22,USPS,USPS Priority Mail,US_domestic,785,9.26,2.1,False,True,11.36
SHP-001051,2073,2025-10-22,USPS,USPS Priority Mail,US_domestic,1070,9.61,2.1,False,True,11.709999999999999
SHP-001052,2074,2025-10-22,USPS,USPS Priority Mail,US_domestic,620,7.18,1.35,False,True,8.53
SHP-001053,2043,2025-10-23,USPS,USPS Ground Advantage,US_domestic,270,5.39,1.1,False,True,6.49
SHP-001054,2051,2025-10-23,USPS,USPS Priority Mail,US_domestic,1230,12.42,2.35,False,True,14.77
SHP-001055,2056,2025-10-23,USPS,USPS Ground Advantage,US_domestic,265,5.67,1.1,False,True,6.77
SHP-001056,2059,2025-10-23,USPS,USPS Priority Mail,US_domestic,505,7.42,1.6,False,True,9.02
SHP-001057,2062,2025-10-23,USPS,USPS Priority Mail International,CA,220,12.11,1.1,False,True,13.209999999999999
SHP-001058,2065,2025-10-23,USPS,USPS Ground Advantage,US_domestic,410,7.11,1.1,False,True,8.21
SHP-001059,2067,2025-10-23,USPS,USPS Ground Advantage,US_domestic,340,5.45,1.35,False,True,6.800000000000001
SHP-001060,2075,2025-10-23,USPS,USPS Ground Advantage,US_domestic,390,5.57,1.1,False,True,6.67
SHP-001061,2076,2025-10-23,USPS,USPS Priority Mail,US_domestic,790,9.25,1.85,False,True,11.1
SHP-001062,2079,2025-10-23,USPS,USPS Priority Mail International,CA,570,15.11,1.6,False,True,16.71
SHP-001063,2080,2025-10-23,USPS,USPS Priority Mail,US_domestic,510,7.01,1.6,False,True,8.61
SHP-001064,2087,2025-10-23,USPS,USPS Ground Advantage,US_domestic,270,5.57,1.1,False,True,6.67
SHP-001065,2088,2025-10-23,USPS,USPS Priority Mail,US_domestic,670,7.23,1.1,False,True,8.33
SHP-001066,2092,2025-10-23,USPS,USPS Priority Mail,US_domestic,470,7.25,1.35,False,True,8.6
SHP-001067,2057,2025-10-24,USPS,USPS Priority Mail,US_domestic,670,7.24,1.1,False,True,8.34
SHP-001068,2060,2025-10-24,USPS,USPS Ground Advantage,US_domestic,310,5.64,1.1,False,True,6.74
SHP-001069,2063,2025-10-24,USPS,USPS Ground Advantage,US_domestic,385,5.46,1.35,False,True,6.8100000000000005
SHP-001070,2064,2025-10-24,USPS,USPS Priority Mail International,CA,680,16.21,1.6,False,True,17.810000000000002
SHP-001071,2069,2025-10-24,USPS,USPS Ground Advantage,US_domestic,380,5.41,1.1,False,True,6.51
SHP-001072,2072,2025-10-24,USPS,USPS Priority Mail International,CA,390,12.66,1.35,False,True,14.01
SHP-001073,2081,2025-10-24,USPS,USPS Priority Mail,US_domestic,540,7.2,1.35,False,True,8.55
SHP-001074,2082,2025-10-24,USPS,USPS Priority Mail,US_domestic,560,7.24,1.35,False,True,8.59
SHP-001075,2089,2025-10-24,USPS,USPS Ground Advantage,US_domestic,310,5.43,1.1,False,True,6.529999999999999
SHP-001076,2098,2025-10-24,USPS,USPS Ground Advantage,US_domestic,265,5.61,1.1,False,True,6.710000000000001
SHP-001077,2071,2025-10-25,USPS,USPS Priority Mail,US_domestic,1010,9.49,1.85,False,True,11.34
SHP-001078,2077,2025-10-25,USPS,USPS Ground Advantage,US_domestic,420,7.08,1.35,False,True,8.43
SHP-001079,2078,2025-10-25,USPS,USPS Ground Advantage,US_domestic,300,5.51,1.1,False,True,6.609999999999999
SHP-001080,2083,2025-10-25,USPS,USPS Ground Advantage,US_domestic,270,5.46,1.1,False,True,6.5600000000000005
SHP-001081,2085,2025-10-25,USPS,USPS Ground Advantage,US_domestic,440,6.91,1.35,False,True,8.26
SHP-001082,2091,2025-10-25,USPS,USPS Priority Mail,US_domestic,630,7.25,1.85,False,True,9.1
SHP-001083,2093,2025-10-25,USPS,USPS Ground Advantage,US_domestic,430,7.31,1.35,False,True,8.66
SHP-001084,2094,2025-10-25,USPS,USPS Ground Advantage,US_domestic,320,5.59,1.1,False,True,6.6899999999999995
SHP-001085,2095,2025-10-25,USPS,USPS Ground Advantage,US_domestic,265,5.44,1.1,False,True,6.540000000000001
SHP-001086,2096,2025-10-25,USPS,USPS Priority Mail,US_domestic,900,9.42,1.85,False,True,11.27
SHP-001087,2107,2025-10-25,USPS,USPS Ground Advantage,US_domestic,450,7.27,1.35,False,True,8.62
SHP-001088,2118,2025-10-25,USPS,USPS Priority Mail,US_domestic,1165,9.46,2.35,False,True,11.81
SHP-001089,2084,2025-10-26,USPS,USPS Ground Advantage,US_domestic,270,5.42,1.1,False,True,6.52
SHP-001090,2086,2025-10-26,USPS,USPS Ground Advantage,US_domestic,270,5.47,1.1,False,True,6.57
SHP-001091,2090,2025-10-26,USPS,USPS Priority Mail,US_domestic,910,9.54,1.85,True,True,11.389999999999999
SHP-001092,2097,2025-10-26,USPS,USPS Priority Mail,US_domestic,500,7.07,1.6,False,True,8.67
SHP-001093,2099,2025-10-26,USPS,USPS Ground Advantage,US_domestic,435,6.92,1.35,False,True,8.27
SHP-001094,2103,2025-10-26,USPS,USPS Priority Mail International,CA,320,13.24,1.1,False,True,14.34
SHP-001095,2104,2025-10-26,USPS,USPS Ground Advantage,US_domestic,220,5.57,1.1,False,True,6.67
SHP-001096,2109,2025-10-26,USPS,USPS Ground Advantage,US_domestic,270,5.7,1.1,False,True,6.800000000000001
SHP-001097,2113,2025-10-26,USPS,USPS Ground Advantage,US_domestic,270,5.41,1.1,False,True,6.51
SHP-001098,2120,2025-10-26,USPS,USPS Priority Mail,US_domestic,670,7.15,1.1,False,True,8.25
SHP-001099,2130,2025-10-26,USPS,USPS Priority Mail,US_domestic,1690,12.24,2.6,False,True,14.84
SHP-001100,2132,2025-10-26,USPS,USPS Priority Mail,US_domestic,540,7.16,1.35,False,True,8.51
SHP-001101,2100,2025-10-27,USPS,USPS Ground Advantage,US_domestic,270,5.27,1.1,False,True,6.369999999999999
SHP-001102,2101,2025-10-27,USPS,USPS Ground Advantage,US_domestic,270,5.36,1.1,False,True,6.460000000000001
SHP-001103,2102,2025-10-27,USPS,USPS Ground Advantage,US_domestic,300,5.76,1.1,False,True,6.859999999999999
SHP-001104,2105,2025-10-27,USPS,USPS Ground Advantage,US_domestic,410,7.2,1.1,False,True,8.3
SHP-001105,2106,2025-10-27,USPS,USPS Priority Mail,US_domestic,655,7.33,1.6,False,True,8.93
SHP-001106,2111,2025-10-27,USPS,USPS Priority Mail International,GB,300,16.82,1.1,False,True,17.92
SHP-001107,2112,2025-10-27,USPS,USPS Priority Mail,US_domestic,940,9.64,2.1,False,True,11.74
SHP-001108,2116,2025-10-27,USPS,USPS Ground Advantage,US_domestic,265,5.4,1.1,False,True,6.5
SHP-001109,2117,2025-10-27,USPS,USPS Priority Mail,US_domestic,500,7.33,1.35,False,True,8.68
SHP-001110,2119,2025-10-27,USPS,USPS Priority Mail,US_domestic,750,9.37,2.1,False,True,11.469999999999999
SHP-001111,2121,2025-10-27,USPS,USPS Priority Mail,US_domestic,750,9.4,1.6,False,True,11.0
SHP-001112,2127,2025-10-27,USPS,USPS Ground Advantage,US_domestic,270,5.67,1.1,False,True,6.77
SHP-001113,2129,2025-10-27,USPS,USPS Priority Mail,US_domestic,1065,9.33,2.35,False,True,11.68
SHP-001114,2131,2025-10-27,USPS,USPS Priority Mail,US_domestic,550,7.47,1.6,False,True,9.07
SHP-001115,2134,2025-10-27,USPS,USPS Priority Mail,US_domestic,610,7.23,1.35,False,True,8.58
SHP-001116,2136,2025-10-27,USPS,USPS Priority Mail,US_domestic,1060,9.24,2.35,False,True,11.59
SHP-001117,2137,2025-10-27,USPS,USPS Ground Advantage,US_domestic,265,5.53,1.1,False,True,6.630000000000001
SHP-001118,2147,2025-10-27,USPS,USPS Ground Advantage,US_domestic,270,5.46,1.1,False,True,6.5600000000000005
SHP-001119,2148,2025-10-27,USPS,USPS Ground Advantage,US_domestic,380,5.51,1.1,False,True,6.609999999999999
SHP-001120,2108,2025-10-28,USPS,USPS Priority Mail,US_domestic,930,9.71,1.85,False,True,11.56
SHP-001121,2110,2025-10-28,USPS,USPS Priority Mail,US_domestic,530,7.09,1.35,False,True,8.44
SHP-001122,2114,2025-10-28,USPS,USPS Ground Advantage,US_domestic,270,5.52,1.1,False,True,6.619999999999999
SHP-001123,2115,2025-10-28,USPS,USPS Ground Advantage,US_domestic,270,5.59,1.1,False,True,6.6899999999999995
SHP-001124,2122,2025-10-28,USPS,USPS Priority Mail,US_domestic,750,9.26,1.6,False,True,10.86
SHP-001125,2125,2025-10-28,USPS,USPS Ground Advantage,US_domestic,450,7.02,1.35,False,True,8.37
SHP-001126,2133,2025-10-28,USPS,USPS Priority Mail,US_domestic,575,7.2,1.6,False,True,8.8
SHP-001127,2142,2025-10-28,USPS,USPS Ground Advantage,US_domestic,415,7.42,1.35,False,True,8.77
SHP-001128,2145,2025-10-28,USPS,USPS Ground Advantage,US_domestic,270,5.56,1.1,False,True,6.66
SHP-001129,2149,2025-10-28,USPS,USPS Ground Advantage,US_domestic,270,5.57,1.1,False,True,6.67
SHP-001130,2151,2025-10-28,USPS,USPS Ground Advantage,US_domestic,390,5.56,1.35,False,True,6.91
SHP-001131,2155,2025-10-28,USPS,USPS Priority Mail,US_domestic,825,9.45,2.6,False,True,12.049999999999999
SHP-001132,2157,2025-10-28,USPS,USPS Priority Mail,US_domestic,610,7.19,1.35,False,True,8.540000000000001
SHP-001133,2123,2025-10-29,USPS,USPS Ground Advantage,US_domestic,390,5.46,1.1,False,True,6.5600000000000005
SHP-001134,2124,2025-10-29,USPS,USPS Ground Advantage,US_domestic,390,5.4,1.1,False,True,6.5
SHP-001135,2126,2025-10-29,USPS,USPS Priority Mail,US_domestic,530,7.09,1.35,False,True,8.44
SHP-001136,2128,2025-10-29,USPS,USPS Ground Advantage,US_domestic,310,5.54,1.1,False,True,6.640000000000001
SHP-001137,2139,2025-10-29,USPS,USPS Priority Mail International,CA,790,17.2,1.85,False,True,19.05
SHP-001138,2143,2025-10-29,USPS,USPS Priority Mail,US_domestic,530,7.01,1.35,False,True,8.36
SHP-001139,2144,2025-10-29,USPS,USPS Ground Advantage,US_domestic,420,7.15,1.35,False,True,8.5
SHP-001140,2150,2025-10-29,USPS,USPS Priority Mail,US_domestic,670,7.23,1.1,False,True,8.33
SHP-001141,2160,2025-10-29,USPS,USPS Priority Mail International,AU,270,19.01,1.1,False,True,20.110000000000003
SHP-001142,2135,2025-10-30,USPS,USPS Ground Advantage,US_domestic,390,5.44,1.1,False,True,6.540000000000001
SHP-001143,2138,2025-10-30,USPS,USPS Priority Mail International,CA,870,16.94,1.85,False,True,18.790000000000003
SHP-001144,2140,2025-10-30,USPS,USPS Priority Mail,US_domestic,1370,11.89,2.35,False,True,14.24
SHP-001145,2141,2025-10-30,USPS,USPS Ground Advantage,US_domestic,220,5.5,1.1,False,True,6.6
SHP-001146,2146,2025-10-30,USPS,USPS Priority Mail International,CA,830,17.04,2.35,False,True,19.39
SHP-001147,2153,2025-10-30,USPS,USPS Priority Mail International,AU,910,26.12,1.85,False,True,27.970000000000002
SHP-001148,2159,2025-10-30,USPS,USPS Priority Mail,US_domestic,560,7.32,1.35,False,True,8.67
SHP-001149,2167,2025-10-30,USPS,USPS Ground Advantage,US_domestic,265,5.53,1.1,False,True,6.630000000000001
SHP-001150,2170,2025-10-30,USPS,USPS Priority Mail,US_domestic,1430,12.37,2.1,False,True,14.469999999999999
SHP-001151,2172,2025-10-30,USPS,USPS Priority Mail International,GB,870,22.79,1.85,False,True,24.64
SHP-001152,2173,2025-10-30,USPS,USPS Priority Mail,US_domestic,460,7.36,1.35,False,True,8.71
SHP-001153,2177,2025-10-30,USPS,USPS Priority Mail,US_domestic,470,7.25,1.35,False,True,8.6
SHP-001154,2152,2025-10-31,USPS,USPS Priority Mail,US_domestic,870,9.41,2.35,False,True,11.76
SHP-001155,2154,2025-10-31,USPS,USPS Priority Mail,US_domestic,750,9.4,2.1,False,True,11.5
SHP-001156,2156,2025-10-31,USPS,USPS Ground Advantage,US_domestic,270,5.59,1.1,False,True,6.6899999999999995
SHP-001157,2158,2025-10-31,USPS,USPS Priority Mail,US_domestic,615,7.14,1.6,False,True,8.74
SHP-001158,2161,2025-10-31,USPS,USPS Priority Mail,US_domestic,670,6.98,1.1,False,True,8.08
SHP-001159,2163,2025-10-31,USPS,USPS Priority Mail,US_domestic,650,6.98,1.6,False,True,8.58
SHP-001160,2164,2025-10-31,USPS,USPS Ground Advantage,US_domestic,380,5.57,1.1,False,True,6.67
SHP-001161,2165,2025-10-31,USPS,USPS Ground Advantage,US_domestic,220,5.58,1.1,False,True,6.68
SHP-001162,2178,2025-10-31,USPS,USPS Ground Advantage,US_domestic,220,5.53,1.1,False,True,6.630000000000001
SHP-001163,2186,2025-10-31,USPS,USPS Ground Advantage,US_domestic,390,5.7,1.1,False,True,6.800000000000001
SHP-001164,2162,2025-11-01,USPS,USPS Ground Advantage,US_domestic,410,7.28,1.1,False,True,8.38
SHP-001165,2166,2025-11-01,USPS,USPS Ground Advantage,US_domestic,340,5.46,1.35,False,True,6.8100000000000005
SHP-001166,2168,2025-11-01,USPS,USPS Ground Advantage,US_domestic,270,5.6,1.1,False,True,6.699999999999999
SHP-001167,2169,2025-11-01,USPS,USPS Ground Advantage,US_domestic,300,5.41,1.1,False,True,6.51
SHP-001168,2171,2025-11-01,USPS,USPS Priority Mail,US_domestic,505,7.24,1.6,False,True,8.84
SHP-001169,2174,2025-11-01,USPS,USPS Ground Advantage,US_domestic,265,5.43,1.1,False,True,6.529999999999999
SHP-001170,2175,2025-11-01,USPS,USPS Ground Advantage,US_domestic,270,5.57,1.1,True,True,6.67
SHP-001171,2176,2025-11-01,USPS,USPS Ground Advantage,US_domestic,320,5.52,1.1,False,True,6.619999999999999
SHP-001172,2181,2025-11-01,USPS,USPS Ground Advantage,US_domestic,270,5.41,1.1,False,True,6.51
SHP-001173,2185,2025-11-01,USPS,USPS Ground Advantage,US_domestic,390,5.49,1.1,False,True,6.59
SHP-001174,2187,2025-11-01,USPS,USPS Priority Mail,US_domestic,870,9.15,1.85,False,True,11.0
SHP-001175,2189,2025-11-01,USPS,USPS Priority Mail International,GB,1140,25.61,2.1,False,True,27.71
SHP-001176,2190,2025-11-01,USPS,USPS Priority Mail,US_domestic,990,9.59,2.1,False,True,11.69
SHP-001177,2194,2025-11-01,USPS,USPS Ground Advantage,US_domestic,380,5.59,1.1,False,True,6.6899999999999995
SHP-001178,2196,2025-11-01,USPS,USPS Priority Mail,US_domestic,750,9.58,1.6,False,True,11.18
SHP-001179,2180,2025-11-02,USPS,USPS Priority Mail,US_domestic,625,7.23,1.6,False,True,8.83
SHP-001180,2192,2025-11-02,USPS,USPS Priority Mail,US_domestic,1215,12.94,2.35,False,True,15.29
SHP-001181,2197,2025-11-02,USPS,USPS Ground Advantage,US_domestic,270,5.37,1.1,False,True,6.470000000000001
SHP-001182,2200,2025-11-02,USPS,USPS Priority Mail,US_domestic,650,7.4,1.6,False,True,9.0
SHP-001183,2179,2025-11-03,USPS,USPS Priority Mail,US_domestic,1070,9.84,2.1,False,True,11.94
SHP-001184,2182,2025-11-03,USPS,USPS Priority Mail,US_domestic,750,9.53,1.6,False,True,11.129999999999999
SHP-001185,2183,2025-11-03,USPS,USPS Ground Advantage,US_domestic,410,7.31,1.1,False,True,8.41
SHP-001186,2184,2025-11-03,USPS,USPS Ground Advantage,US_domestic,265,5.32,1.1,False,True,6.42
SHP-001187,2191,2025-11-03,USPS,USPS Ground Advantage,US_domestic,390,5.53,1.35,False,True,6.880000000000001
SHP-001188,2195,2025-11-03,USPS,USPS Ground Advantage,US_domestic,380,5.52,1.1,False,True,6.619999999999999
SHP-001189,2198,2025-11-03,USPS,USPS Ground Advantage,US_domestic,265,5.41,1.1,False,True,6.51
SHP-001190,2199,2025-11-03,USPS,USPS Ground Advantage,US_domestic,220,5.45,1.1,False,True,6.550000000000001
SHP-001191,2202,2025-11-03,USPS,USPS Priority Mail,US_domestic,1580,12.01,2.6,False,True,14.61
SHP-001192,2203,2025-11-03,USPS,USPS Priority Mail,US_domestic,1770,12.44,2.6,False,True,15.04
SHP-001193,2204,2025-11-03,USPS,USPS Priority Mail,US_domestic,785,9.48,1.85,False,True,11.33
SHP-001194,2205,2025-11-03,USPS,USPS Priority Mail,US_domestic,690,7.22,1.85,False,True,9.07
SHP-001195,2208,2025-11-03,USPS,USPS Ground Advantage,US_domestic,270,5.6,1.1,False,True,6.699999999999999
SHP-001196,2209,2025-11-03,USPS,USPS Priority Mail International,GB,1010,25.22,1.85,False,True,27.07
SHP-001197,2188,2025-11-04,USPS,USPS Ground Advantage,US_domestic,265,5.58,1.1,False,True,6.68
SHP-001198,2193,2025-11-04,USPS,USPS Ground Advantage,US_domestic,270,5.38,1.1,False,True,6.48
SHP-001199,2201,2025-11-04,USPS,USPS Ground Advantage,US_domestic,310,5.41,1.1,False,True,6.51
SHP-001200,2206,2025-11-04,USPS,USPS Priority Mail,US_domestic,530,7.26,1.35,False,True,8.61
SHP-001201,2212,2025-11-04,USPS,USPS Priority Mail,US_domestic,770,9.29,2.1,False,True,11.389999999999999
SHP-001202,2213,2025-11-04,USPS,USPS Ground Advantage,US_domestic,430,7.14,1.35,False,True,8.49
SHP-001203,2215,2025-11-04,USPS,USPS Ground Advantage,US_domestic,390,5.56,1.1,False,True,6.66
SHP-001204,2216,2025-11-04,USPS,USPS Ground Advantage,US_domestic,265,5.42,1.1,False,True,6.52
SHP-001205,2218,2025-11-04,USPS,USPS Ground Advantage,US_domestic,270,5.66,1.1,False,True,6.76
SHP-001206,2221,2025-11-04,USPS,USPS Priority Mail,US_domestic,610,6.95,1.35,False,True,8.3
SHP-001207,2224,2025-11-04,USPS,USPS Priority Mail,US_domestic,1150,9.24,2.1,False,True,11.34
SHP-001208,2210,2025-11-05,USPS,USPS Priority Mail,US_domestic,1185,9.38,2.35,False,True,11.73
SHP-001209,2220,2025-11-05,USPS,USPS Priority Mail International,AU,590,22.17,1.6,False,True,23.770000000000003
SHP-001210,2230,2025-11-05,USPS,USPS Priority Mail,US_domestic,1240,12.39,2.1,False,True,14.49
SHP-001211,2232,2025-11-05,USPS,USPS Priority Mail,US_domestic,910,9.64,1.85,False,True,11.49
SHP-001212,2207,2025-11-06,USPS,USPS Priority Mail International,GB,265,16.06,1.1,False,True,17.16
SHP-001213,2214,2025-11-06,USPS,USPS Ground Advantage,US_domestic,320,5.51,1.1,False,True,6.609999999999999
SHP-001214,2217,2025-11-06,USPS,USPS Priority Mail,US_domestic,620,7.12,1.6,False,True,8.72
SHP-001215,2222,2025-11-06,USPS,USPS Ground Advantage,US_domestic,410,7.01,1.1,False,True,8.11
SHP-001216,2223,2025-11-06,USPS,USPS Priority Mail,US_domestic,1190,9.27,1.85,False,True,11.12
SHP-001217,2235,2025-11-06,USPS,USPS Ground Advantage,US_domestic,385,5.35,1.35,False,True,6.699999999999999
SHP-001218,2236,2025-11-06,USPS,USPS Priority Mail,US_domestic,795,9.93,2.35,False,True,12.28
SHP-001219,2243,2025-11-06,USPS,USPS Priority Mail International,GB,980,24.17,2.35,False,True,26.520000000000003
SHP-001220,2246,2025-11-06,USPS,USPS Ground Advantage,US_domestic,300,5.52,1.1,False,True,6.619999999999999
SHP-001221,2247,2025-11-06,USPS,USPS Ground Advantage,US_domestic,405,7.15,1.6,False,True,8.75
SHP-001222,2219,2025-11-07,USPS,USPS Ground Advantage,US_domestic,270,5.63,1.1,False,True,6.73
SHP-001223,2225,2025-11-07,USPS,USPS Priority Mail International,GB,270,16.25,1.1,False,True,17.35
SHP-001224,2226,2025-11-07,USPS,USPS Priority Mail,US_domestic,1540,12.47,2.35,False,True,14.82
SHP-001225,2227,2025-11-07,USPS,USPS Priority Mail,US_domestic,1270,12.38,1.85,False,True,14.23
SHP-001226,2231,2025-11-07,USPS,USPS Ground Advantage,US_domestic,265,5.49,1.1,False,True,6.59
SHP-001227,2237,2025-11-07,USPS,USPS Ground Advantage,US_domestic,300,5.56,1.1,False,True,6.66
SHP-001228,2238,2025-11-07,USPS,USPS Priority Mail,US_domestic,720,9.45,2.1,False,True,11.549999999999999
SHP-001229,2239,2025-11-07,USPS,USPS Priority Mail,US_domestic,615,7.13,1.6,False,True,8.73
SHP-001230,2241,2025-11-07,USPS,USPS Priority Mail,US_domestic,620,7.25,1.6,False,True,8.85
SHP-001231,2244,2025-11-07,USPS,USPS Priority Mail,US_domestic,1185,8.93,2.35,False,True,11.28
SHP-001232,2245,2025-11-07,USPS,USPS Ground Advantage,US_domestic,270,5.48,1.1,False,True,6.58
SHP-001233,2248,2025-11-07,USPS,USPS Ground Advantage,US_domestic,310,5.44,1.1,False,True,6.540000000000001
SHP-001234,2250,2025-11-07,USPS,USPS Ground Advantage,US_domestic,220,5.36,1.1,False,True,6.460000000000001
SHP-001235,2253,2025-11-07,USPS,USPS Priority Mail,US_domestic,500,7.09,1.35,False,True,8.44
SHP-001236,2228,2025-11-08,USPS,USPS Ground Advantage,US_domestic,310,5.47,1.1,False,True,6.57
SHP-001237,2229,2025-11-08,USPS,USPS Priority Mail,US_domestic,470,7.19,1.35,False,True,8.540000000000001
SHP-001238,2234,2025-11-08,USPS,USPS Ground Advantage,US_domestic,410,7.32,1.1,False,True,8.42
SHP-001239,2240,2025-11-08,USPS,USPS Priority Mail,US_domestic,575,7.16,1.85,False,True,9.01
SHP-001240,2242,2025-11-08,USPS,USPS Priority Mail International,AU,900,26.02,1.85,False,True,27.87
SHP-001241,2252,2025-11-08,USPS,USPS Priority Mail,US_domestic,790,9.19,1.85,False,True,11.04
SHP-001242,2259,2025-11-08,USPS,USPS Priority Mail International,CA,560,14.56,1.6,False,True,16.16
SHP-001243,2260,2025-11-08,USPS,USPS Priority Mail,US_domestic,540,7.27,1.35,False,True,8.62
SHP-001244,2262,2025-11-08,USPS,USPS Ground Advantage,US_domestic,300,5.42,1.1,False,True,6.52
SHP-001245,2233,2025-11-09,USPS,USPS Ground Advantage,US_domestic,310,5.57,1.1,False,True,6.67
SHP-001246,2249,2025-11-09,USPS,USPS Ground Advantage,US_domestic,380,5.5,1.1,False,True,6.6
SHP-001247,2254,2025-11-09,USPS,USPS Priority Mail,US_domestic,1050,9.51,2.1,False,True,11.61
SHP-001248,2255,2025-11-09,USPS,USPS Ground Advantage,US_domestic,270,5.42,1.1,False,True,6.52
SHP-001249,2265,2025-11-09,USPS,USPS Ground Advantage,US_domestic,390,5.64,1.35,False,True,6.99
SHP-001250,2251,2025-11-10,USPS,USPS Priority Mail,US_domestic,620,7.01,1.35,False,True,8.36
SHP-001251,2256,2025-11-10,USPS,USPS Priority Mail,US_domestic,735,9.2,2.35,False,True,11.549999999999999
SHP-001252,2257,2025-11-10,USPS,USPS Priority Mail International,CA,420,13.79,1.35,False,True,15.139999999999999
SHP-001253,2263,2025-11-10,USPS,USPS Ground Advantage,US_domestic,270,5.37,1.1,False,True,6.470000000000001
SHP-001254,2264,2025-11-10,USPS,USPS Ground Advantage,US_domestic,270,5.47,1.1,False,True,6.57
SHP-001255,2267,2025-11-10,USPS,USPS Ground Advantage,US_domestic,270,5.67,1.1,False,True,6.77
SHP-001256,2271,2025-11-10,USPS,USPS Ground Advantage,US_domestic,300,5.48,1.1,False,True,6.58
SHP-001257,2274,2025-11-10,USPS,USPS Priority Mail,US_domestic,495,7.43,1.35,False,True,8.78
SHP-001258,2282,2025-11-10,USPS,USPS Priority Mail International,AU,540,21.93,1.35,False,True,23.28
SHP-001259,2258,2025-11-11,USPS,USPS Priority Mail,US_domestic,865,9.44,1.85,False,True,11.29
SHP-001260,2261,2025-11-11,USPS,USPS Priority Mail,US_domestic,650,7.2,1.6,False,True,8.8
SHP-001261,2266,2025-11-11,USPS,USPS Priority Mail,US_domestic,790,9.61,1.85,False,True,11.459999999999999
SHP-001262,2269,2025-11-11,USPS,USPS Priority Mail International,AU,385,18.62,1.35,False,True,19.970000000000002
SHP-001263,2270,2025-11-11,USPS,USPS Priority Mail International,CA,910,17.72,1.85,False,True,19.57
SHP-001264,2272,2025-11-11,USPS,USPS Ground Advantage,US_domestic,300,5.6,1.1,False,True,6.699999999999999
SHP-001265,2275,2025-11-11,USPS,USPS Priority Mail,US_domestic,785,9.76,2.35,False,True,12.11
SHP-001266,2276,2025-11-11,USPS,USPS Ground Advantage,US_domestic,420,7.36,1.35,False,True,8.71
SHP-001267,2277,2025-11-11,USPS,USPS Ground Advantage,US_domestic,270,5.25,1.1,False,True,6.35
SHP-001268,2281,2025-11-11,USPS,USPS Priority Mail International,CA,1100,19.41,2.1,False,True,21.51
SHP-001269,2286,2025-11-11,USPS,USPS Priority Mail,US_domestic,500,7.14,1.6,False,True,8.74
SHP-001270,2289,2025-11-11,USPS,USPS Priority Mail International,AU,300,19.46,1.1,False,True,20.560000000000002
SHP-001271,2268,2025-11-12,USPS,USPS Priority Mail,US_domestic,545,7.26,1.6,False,True,8.86
SHP-001272,2273,2025-11-12,USPS,USPS Ground Advantage,US_domestic,450,7.17,1.35,False,True,8.52
SHP-001273,2279,2025-11-12,USPS,USPS Priority Mail,US_domestic,655,7.05,1.85,False,True,8.9
SHP-001274,2283,2025-11-12,USPS,USPS Ground Advantage,US_domestic,390,5.28,1.35,False,True,6.630000000000001
SHP-001275,2284,2025-11-12,USPS,USPS Ground Advantage,US_domestic,380,5.43,1.1,False,True,6.529999999999999
SHP-001276,2293,2025-11-12,USPS,USPS Ground Advantage,US_domestic,310,5.45,1.1,False,True,6.550000000000001
SHP-001277,2294,2025-11-12,USPS,USPS Priority Mail,US_domestic,670,6.99,1.1,False,True,8.09
SHP-001278,2295,2025-11-12,USPS,USPS Ground Advantage,US_domestic,270,5.43,1.1,False,True,6.529999999999999
SHP-001279,2296,2025-11-12,USPS,USPS Ground Advantage,US_domestic,265,5.45,1.1,False,True,6.550000000000001
SHP-001280,2297,2025-11-12,USPS,USPS Priority Mail International,CA,530,15.06,1.35,False,True,16.41
SHP-001281,2300,2025-11-12,USPS,USPS Priority Mail,US_domestic,500,7.23,1.35,False,True,8.58
SHP-001282,2301,2025-11-12,USPS,USPS Priority Mail International,CA,920,18.21,1.85,False,True,20.060000000000002
SHP-001283,2278,2025-11-13,USPS,USPS Priority Mail International,CA,830,17.08,1.85,False,True,18.93
SHP-001284,2280,2025-11-13,USPS,USPS Priority Mail,US_domestic,545,7.31,1.6,False,True,8.91
SHP-001285,2291,2025-11-13,USPS,USPS Priority Mail International,GB,540,19.54,1.35,False,True,20.89
SHP-001286,2302,2025-11-13,USPS,USPS Priority Mail,US_domestic,830,9.51,1.85,False,True,11.36
SHP-001287,2285,2025-11-14,USPS,USPS Priority Mail,US_domestic,500,7.28,1.6,False,True,8.88
SHP-001288,2287,2025-11-14,USPS,USPS Ground Advantage,US_domestic,320,5.64,1.1,False,True,6.74
SHP-001289,2290,2025-11-14,USPS,USPS Priority Mail,US_domestic,540,7.09,1.6,False,True,8.69
SHP-001290,2292,2025-11-14,USPS,USPS Ground Advantage,US_domestic,410,7.49,1.1,False,True,8.59
SHP-001291,2298,2025-11-14,USPS,USPS Priority Mail,US_domestic,1120,9.24,2.6,False,True,11.84
SHP-001292,2307,2025-11-14,USPS,USPS Ground Advantage,US_domestic,270,5.39,1.1,False,True,6.49
SHP-001293,2299,2025-11-15,USPS,USPS Priority Mail,US_domestic,1230,12.7,2.35,False,True,15.049999999999999
SHP-001294,2304,2025-11-15,USPS,USPS Ground Advantage,US_domestic,270,5.58,1.1,False,True,6.68
SHP-001295,2305,2025-11-15,USPS,USPS Ground Advantage,US_domestic,420,7.37,1.35,False,True,8.72
SHP-001296,2308,2025-11-15,USPS,USPS Priority Mail International,AU,380,20.3,1.1,False,True,21.400000000000002
SHP-001297,2309,2025-11-15,USPS,USPS Priority Mail International,CA,370,12.97,1.35,False,True,14.32
SHP-001298,2312,2025-11-15,USPS,USPS Ground Advantage,US_domestic,385,5.48,1.35,False,True,6.83
SHP-001299,2316,2025-11-15,USPS,USPS Priority Mail,US_domestic,650,7.26,1.6,False,True,8.86
SHP-001300,2318,2025-11-15,USPS,USPS Ground Advantage,US_domestic,390,5.55,1.35,False,True,6.9
SHP-001301,2320,2025-11-15,USPS,USPS Priority Mail International,CA,750,16.43,2.1,False,True,18.53
SHP-001302,2322,2025-11-15,USPS,USPS Priority Mail,US_domestic,740,9.25,2.35,False,True,11.6
SHP-001303,2325,2025-11-15,USPS,USPS Ground Advantage,US_domestic,270,5.55,1.1,False,True,6.65
SHP-001304,2303,2025-11-16,USPS,USPS Priority Mail,US_domestic,750,9.45,1.6,False,True,11.049999999999999
SHP-001305,2306,2025-11-16,USPS,USPS Priority Mail International,CA,270,12.34,1.1,False,True,13.44
SHP-001306,2310,2025-11-16,USPS,USPS Ground Advantage,US_domestic,270,5.48,1.1,False,True,6.58
SHP-001307,2311,2025-11-16,USPS,USPS Ground Advantage,US_domestic,270,5.66,1.1,False,True,6.76
SHP-001308,2317,2025-11-16,USPS,USPS Priority Mail,US_domestic,940,9.21,2.35,False,True,11.56
SHP-001309,2319,2025-11-16,USPS,USPS Ground Advantage,US_domestic,310,5.38,1.1,False,True,6.48
SHP-001310,2321,2025-11-16,USPS,USPS Ground Advantage,US_domestic,420,7.29,1.35,False,True,8.64
SHP-001311,2330,2025-11-16,USPS,USPS Priority Mail International,CA,340,13.02,1.35,False,True,14.37
SHP-001312,2332,2025-11-16,USPS,USPS Priority Mail,US_domestic,670,7.18,1.1,False,True,8.28
SHP-001313,2333,2025-11-16,USPS,USPS Ground Advantage,US_domestic,380,5.21,1.1,False,True,6.3100000000000005
SHP-001314,2337,2025-11-16,USPS,USPS Ground Advantage,US_domestic,300,5.52,1.1,False,True,6.619999999999999
SHP-001315,2313,2025-11-17,USPS,USPS Priority Mail,US_domestic,900,9.32,1.85,False,True,11.17
SHP-001316,2314,2025-11-17,USPS,USPS Ground Advantage,US_domestic,390,5.55,1.35,False,True,6.9
SHP-001317,2315,2025-11-17,USPS,USPS Priority Mail,US_domestic,670,7.01,1.1,False,True,8.11
SHP-001318,2324,2025-11-17,USPS,USPS Priority Mail,US_domestic,910,9.27,1.85,False,True,11.12
SHP-001319,2327,2025-11-17,USPS,USPS Ground Advantage,US_domestic,420,6.95,1.35,False,True,8.3
SHP-001320,2331,2025-11-17,USPS,USPS Priority Mail,US_domestic,570,7.14,1.35,False,True,8.49
SHP-001321,2334,2025-11-17,USPS,USPS Priority Mail,US_domestic,790,9.63,1.85,False,True,11.48
SHP-001322,2340,2025-11-17,USPS,USPS Ground Advantage,US_domestic,420,7.23,1.35,False,True,8.58
SHP-001323,2342,2025-11-17,USPS,USPS Priority Mail,US_domestic,750,9.44,1.6,False,True,11.04
SHP-001324,2344,2025-11-17,USPS,USPS Priority Mail,US_domestic,720,9.4,2.1,False,True,11.5
SHP-001325,2323,2025-11-18,USPS,USPS Priority Mail,US_domestic,900,9.62,2.35,False,True,11.969999999999999
SHP-001326,2326,2025-11-18,USPS,USPS Priority Mail,US_domestic,870,9.53,1.85,False,True,11.379999999999999
SHP-001327,2328,2025-11-18,USPS,USPS Priority Mail International,CA,270,12.23,1.1,False,True,13.33
SHP-001328,2329,2025-11-18,USPS,USPS Priority Mail,US_domestic,490,7.28,1.6,False,True,8.88
SHP-001329,2336,2025-11-18,USPS,USPS Ground Advantage,US_domestic,270,5.51,1.1,False,True,6.609999999999999
SHP-001330,2338,2025-11-18,USPS,USPS Priority Mail,US_domestic,1125,9.22,2.1,False,True,11.32
SHP-001331,2343,2025-11-18,USPS,USPS Ground Advantage,US_domestic,270,5.35,1.1,False,True,6.449999999999999
SHP-001332,2345,2025-11-18,USPS,USPS Ground Advantage,US_domestic,270,5.45,1.1,False,True,6.550000000000001
SHP-001333,2347,2025-11-18,USPS,USPS Priority Mail,US_domestic,540,7.31,1.6,False,True,8.91
SHP-001334,2348,2025-11-18,USPS,USPS Priority Mail International,GB,380,17.54,1.1,False,True,18.64
SHP-001335,2356,2025-11-18,USPS,USPS Ground Advantage,US_domestic,380,5.53,1.1,False,True,6.630000000000001
SHP-001336,2357,2025-11-18,USPS,USPS Ground Advantage,US_domestic,220,5.46,1.1,False,True,6.5600000000000005
SHP-001337,2335,2025-11-19,USPS,USPS Priority Mail,US_domestic,810,9.57,2.6,False,True,12.17
SHP-001338,2341,2025-11-19,USPS,USPS Priority Mail,US_domestic,650,7.25,1.6,False,True,8.85
SHP-001339,2346,2025-11-19,USPS,USPS Ground Advantage,US_domestic,385,5.52,1.35,False,True,6.869999999999999
SHP-001340,2349,2025-11-19,USPS,USPS Priority Mail,US_domestic,830,9.46,1.85,False,True,11.31
SHP-001341,2350,2025-11-19,USPS,USPS Ground Advantage,US_domestic,310,5.58,1.1,False,True,6.68
SHP-001342,2351,2025-11-19,USPS,USPS Ground Advantage,US_domestic,410,7.1,1.1,False,True,8.2
SHP-001343,2352,2025-11-19,USPS,USPS Priority Mail,US_domestic,570,7.29,1.35,False,True,8.64
SHP-001344,2358,2025-11-19,USPS,USPS Priority Mail,US_domestic,750,9.62,1.6,False,True,11.219999999999999
SHP-001345,2360,2025-11-19,USPS,USPS Ground Advantage,US_domestic,265,5.41,1.1,False,True,6.51
SHP-001346,2364,2025-11-19,USPS,USPS Ground Advantage,US_domestic,390,5.47,1.35,False,True,6.82
SHP-001347,2368,2025-11-19,USPS,USPS Ground Advantage,US_domestic,270,5.58,1.1,False,True,6.68
SHP-001348,2339,2025-11-20,USPS,USPS Ground Advantage,US_domestic,265,5.32,1.1,False,True,6.42
SHP-001349,2353,2025-11-20,USPS,USPS Priority Mail,US_domestic,650,7.23,1.6,False,True,8.83
SHP-001350,2354,2025-11-20,USPS,USPS Priority Mail,US_domestic,720,9.46,2.1,False,True,11.56
SHP-001351,2355,2025-11-20,USPS,USPS Ground Advantage,US_domestic,380,5.36,1.1,False,True,6.460000000000001
SHP-001352,2363,2025-11-20,USPS,USPS Priority Mail,US_domestic,800,9.59,2.6,False,True,12.19
SHP-001353,2367,2025-11-20,USPS,USPS Priority Mail,US_domestic,1030,9.81,2.1,False,True,11.91
SHP-001354,2369,2025-11-20,USPS,USPS Priority Mail,US_domestic,625,6.99,1.6,False,True,8.59
SHP-001355,2371,2025-11-20,USPS,USPS Priority Mail,US_domestic,990,9.84,1.85,False,True,11.69
SHP-001356,2372,2025-11-20,USPS,USPS Priority Mail,US_domestic,495,7.21,1.35,False,True,8.56
SHP-001357,2359,2025-11-21,USPS,USPS Ground Advantage,US_domestic,300,5.5,1.1,False,True,6.6
SHP-001358,2361,2025-11-21,USPS,USPS Priority Mail,US_domestic,1190,9.63,1.85,False,True,11.48
SHP-001359,2362,2025-11-21,USPS,USPS Priority Mail,US_domestic,890,9.44,2.85,False,True,12.29
SHP-001360,2366,2025-11-21,USPS,USPS Priority Mail,US_domestic,610,7.49,1.35,False,True,8.84
SHP-001361,2370,2025-11-21,USPS,USPS Ground Advantage,US_domestic,420,7.13,1.35,False,True,8.48
SHP-001362,2376,2025-11-21,USPS,USPS Priority Mail,US_domestic,530,7.16,1.35,False,True,8.51
SHP-001363,2380,2025-11-21,USPS,USPS Ground Advantage,US_domestic,265,5.59,1.1,False,True,6.6899999999999995
SHP-001364,2365,2025-11-22,USPS,USPS Ground Advantage,US_domestic,300,5.47,1.1,False,True,6.57
SHP-001365,2373,2025-11-22,USPS,USPS Ground Advantage,US_domestic,310,5.72,1.1,False,True,6.82
SHP-001366,2374,2025-11-22,USPS,USPS Priority Mail,US_domestic,750,9.44,1.6,False,True,11.04
SHP-001367,2375,2025-11-22,USPS,USPS Ground Advantage,US_domestic,410,7.28,1.1,False,True,8.38
SHP-001368,2378,2025-11-22,USPS,USPS Priority Mail,US_domestic,865,9.82,1.85,False,True,11.67
SHP-001369,2379,2025-11-22,USPS,USPS Ground Advantage,US_domestic,290,5.48,1.35,False,True,6.83
SHP-001370,2383,2025-11-22,USPS,USPS Priority Mail International,CA,560,14.98,1.6,False,True,16.580000000000002
SHP-001371,2384,2025-11-22,USPS,USPS Ground Advantage,US_domestic,265,5.6,1.1,False,True,6.699999999999999
SHP-001372,2381,2025-11-23,USPS,USPS Priority Mail International,GB,270,16.95,1.1,False,True,18.05
SHP-001373,2382,2025-11-23,USPS,USPS Ground Advantage,US_domestic,270,5.53,1.1,False,True,6.630000000000001
SHP-001374,2390,2025-11-23,USPS,USPS Priority Mail International,AU,1420,33.0,2.6,False,True,35.6
SHP-001375,2392,2025-11-23,USPS,USPS Ground Advantage,US_domestic,390,5.68,1.1,False,True,6.779999999999999
SHP-001376,2244,2025-11-24,USPS,USPS Ground Advantage,US_domestic,750,9.64,1.1,False,True,10.74
SHP-001377,2377,2025-11-24,USPS,USPS Ground Advantage,US_domestic,410,7.27,1.1,False,True,8.37
SHP-001378,2385,2025-11-24,USPS,USPS Priority Mail,US_domestic,865,9.38,1.85,False,True,11.23
SHP-001379,2386,2025-11-24,USPS,USPS Ground Advantage,US_domestic,420,7.35,1.35,False,True,8.7
SHP-001380,2388,2025-11-24,USPS,USPS Priority Mail,US_domestic,655,7.23,1.6,False,True,8.83
SHP-001381,2389,2025-11-24,USPS,USPS Priority Mail,US_domestic,670,7.3,1.1,False,True,8.4
SHP-001382,2395,2025-11-24,USPS,USPS Ground Advantage,US_domestic,265,5.55,1.1,False,True,6.65
SHP-001383,2397,2025-11-24,USPS,USPS Ground Advantage,US_domestic,310,5.69,1.1,False,True,6.790000000000001
SHP-001384,2407,2025-11-24,USPS,USPS Ground Advantage,US_domestic,340,5.46,1.35,False,True,6.8100000000000005
SHP-001385,2411,2025-11-24,USPS,USPS Priority Mail International,GB,270,15.96,1.1,False,True,17.060000000000002
SHP-001386,2418,2025-11-24,USPS,USPS Priority Mail,US_domestic,735,9.05,2.6,False,True,11.65
SHP-001387,2429,2025-11-24,USPS,USPS Priority Mail,US_domestic,1285,12.41,2.35,False,True,14.76
SHP-001388,2430,2025-11-24,USPS,USPS Ground Advantage,US_domestic,380,5.47,1.1,False,True,6.57
SHP-001389,2431,2025-11-24,USPS,USPS Priority Mail,US_domestic,930,9.69,2.85,False,True,12.54
SHP-001390,2448,2025-11-24,USPS,USPS Priority Mail,US_domestic,1125,9.24,2.6,False,True,11.84
SHP-001391,2451,2025-11-24,USPS,USPS Ground Advantage,US_domestic,270,5.3,1.1,False,True,6.4
SHP-001392,2455,2025-11-24,USPS,USPS Priority Mail,US_domestic,765,9.52,1.85,False,True,11.37
SHP-001393,2456,2025-11-24,USPS,USPS Ground Advantage,US_domestic,320,5.52,1.1,False,True,6.619999999999999
SHP-001394,2458,2025-11-24,USPS,USPS Priority Mail,US_domestic,1025,9.52,2.35,False,True,11.87
SHP-001395,2459,2025-11-24,USPS,USPS Priority Mail,US_domestic,865,9.32,1.85,False,True,11.17
SHP-001396,2461,2025-11-24,USPS,USPS Priority Mail,US_domestic,1415,12.47,2.85,False,True,15.32
SHP-001397,2387,2025-11-25,USPS,USPS Priority Mail International,CA,270,12.54,1.1,False,True,13.639999999999999
SHP-001398,2391,2025-11-25,USPS,USPS Ground Advantage,US_domestic,340,5.47,1.35,False,True,6.82
SHP-001399,2394,2025-11-25,USPS,USPS Ground Advantage,US_domestic,420,7.35,1.35,False,True,8.7
SHP-001400,2398,2025-11-25,USPS,USPS Priority Mail,US_domestic,770,9.51,2.1,False,True,11.61
SHP-001401,2399,2025-11-25,USPS,USPS Ground Advantage,US_domestic,430,7.38,1.35,False,True,8.73
SHP-001402,2401,2025-11-25,USPS,USPS Ground Advantage,US_domestic,310,5.48,1.1,False,True,6.58
SHP-001403,2413,2025-11-25,USPS,USPS Priority Mail,US_domestic,690,7.39,1.6,False,True,8.99
SHP-001404,2414,2025-11-25,USPS,USPS Priority Mail,US_domestic,835,9.38,2.1,False,True,11.48
SHP-001405,2417,2025-11-25,USPS,USPS Priority Mail,US_domestic,1195,9.32,2.6,False,True,11.92
SHP-001406,2419,2025-11-25,USPS,USPS Priority Mail,US_domestic,885,9.32,2.1,False,True,11.42
SHP-001407,2421,2025-11-25,USPS,USPS Priority Mail,US_domestic,525,7.24,1.35,False,True,8.59
SHP-001408,2423,2025-11-25,USPS,USPS Priority Mail,US_domestic,885,9.44,2.1,False,True,11.54
SHP-001409,2424,2025-11-25,USPS,USPS Priority Mail,US_domestic,765,9.2,1.85,False,True,11.049999999999999
SHP-001410,2425,2025-11-25,USPS,USPS Priority Mail,US_domestic,955,9.33,2.35,False,True,11.68
SHP-001411,2426,2025-11-25,USPS,USPS Priority Mail,US_domestic,500,7.22,1.35,False,True,8.57
SHP-001412,2427,2025-11-25,USPS,USPS Priority Mail,US_domestic,1005,9.44,2.35,False,True,11.79
SHP-001413,2432,2025-11-25,USPS,USPS Priority Mail,US_domestic,990,9.2,2.1,False,True,11.299999999999999
SHP-001414,2437,2025-11-25,USPS,USPS Priority Mail,US_domestic,550,7.23,1.35,False,True,8.58
SHP-001415,2438,2025-11-25,USPS,USPS Priority Mail International,GB,775,22.13,2.35,False,True,24.48
SHP-001416,2442,2025-11-25,USPS,USPS Priority Mail,US_domestic,460,7.24,1.6,False,True,8.84
SHP-001417,2446,2025-11-25,USPS,USPS Priority Mail,US_domestic,680,6.99,1.85,False,True,8.84
SHP-001418,2447,2025-11-25,USPS,USPS Priority Mail,US_domestic,740,9.57,1.85,False,True,11.42
SHP-001419,2449,2025-11-25,USPS,USPS Priority Mail,US_domestic,1060,9.16,2.35,False,True,11.51
SHP-001420,2454,2025-11-25,USPS,USPS Priority Mail,US_domestic,765,9.45,1.85,False,True,11.299999999999999
SHP-001421,2460,2025-11-25,USPS,USPS Priority Mail,US_domestic,670,7.54,1.1,False,True,8.64
SHP-001422,2469,2025-11-25,USPS,USPS Priority Mail,US_domestic,500,6.89,1.35,False,True,8.24
SHP-001423,2473,2025-11-25,USPS,USPS Priority Mail International,GB,270,16.87,1.1,False,True,17.970000000000002
SHP-001424,2482,2025-11-25,USPS,USPS Ground Advantage,US_domestic,410,7.49,1.1,False,True,8.59
SHP-001425,2484,2025-11-25,USPS,USPS Priority Mail International,GB,385,18.03,1.35,False,True,19.380000000000003
SHP-001426,2490,2025-11-25,USPS,USPS Ground Advantage,US_domestic,270,5.51,1.1,False,True,6.609999999999999
SHP-001427,2509,2025-11-25,USPS,USPS Priority Mail,US_domestic,885,9.35,2.1,False,True,11.45
SHP-001428,2517,2025-11-25,USPS,USPS Ground Advantage,US_domestic,270,5.4,1.1,False,True,6.5
SHP-001429,2523,2025-11-25,USPS,USPS Priority Mail,US_domestic,925,9.61,2.1,False,True,11.709999999999999
SHP-001430,2529,2025-11-25,USPS,USPS Ground Advantage,US_domestic,410,7.03,1.1,False,True,8.13
SHP-001431,2393,2025-11-26,USPS,USPS Priority Mail,US_domestic,820,9.28,1.85,False,True,11.129999999999999
SHP-001432,2396,2025-11-26,USPS,USPS Priority Mail International,CA,300,11.83,1.1,False,True,12.93
SHP-001433,2402,2025-11-26,USPS,USPS Ground Advantage,US_domestic,320,5.62,1.1,False,True,6.720000000000001
SHP-001434,2403,2025-11-26,USPS,USPS Priority Mail,US_domestic,485,7.11,1.6,False,True,8.71
SHP-001435,2405,2025-11-26,USPS,USPS Ground Advantage,US_domestic,380,5.54,1.1,False,True,6.640000000000001
SHP-001436,2409,2025-11-26,USPS,USPS Priority Mail,US_domestic,885,9.53,2.1,False,True,11.629999999999999
SHP-001437,2410,2025-11-26,USPS,USPS Priority Mail,US_domestic,750,9.51,1.6,False,True,11.11
SHP-001438,2422,2025-11-26,USPS,USPS Ground Advantage,US_domestic,390,5.53,1.35,False,True,6.880000000000001
SHP-001439,2433,2025-11-26,USPS,USPS Ground Advantage,US_domestic,265,5.32,1.1,False,True,6.42
SHP-001440,2434,2025-11-26,USPS,USPS Priority Mail,US_domestic,995,9.37,2.1,False,True,11.469999999999999
SHP-001441,2435,2025-11-26,USPS,USPS Ground Advantage,US_domestic,270,5.33,1.1,False,True,6.43
SHP-001442,2436,2025-11-26,USPS,USPS Priority Mail,US_domestic,505,7.26,1.85,False,True,9.11
SHP-001443,2444,2025-11-26,USPS,USPS Priority Mail,US_domestic,845,9.13,2.35,False,True,11.48
SHP-001444,2450,2025-11-26,USPS,USPS Priority Mail,US_domestic,765,9.34,1.85,False,True,11.19
SHP-001445,2452,2025-11-26,USPS,USPS Priority Mail,US_domestic,765,9.69,1.85,False,True,11.54
SHP-001446,2457,2025-11-26,USPS,USPS Priority Mail International,CA,880,18.31,2.1,True,True,20.41
SHP-001447,2464,2025-11-26,USPS,USPS Priority Mail,US_domestic,765,9.19,1.85,False,True,11.04
SHP-001448,2468,2025-11-26,USPS,USPS Priority Mail,US_domestic,765,9.25,1.85,False,True,11.1
SHP-001449,2471,2025-11-26,USPS,USPS Ground Advantage,US_domestic,385,5.42,1.35,False,True,6.77
SHP-001450,2474,2025-11-26,USPS,USPS Ground Advantage,US_domestic,270,5.44,1.1,False,True,6.540000000000001
SHP-001451,2476,2025-11-26,USPS,USPS Priority Mail,US_domestic,705,9.62,2.6,False,True,12.219999999999999
SHP-001452,2481,2025-11-26,USPS,USPS Priority Mail,US_domestic,1045,9.4,2.35,False,True,11.75
SHP-001453,2485,2025-11-26,USPS,USPS Ground Advantage,US_domestic,270,5.49,1.1,False,True,6.59
SHP-001454,2486,2025-11-26,USPS,USPS Ground Advantage,US_domestic,270,5.54,1.1,False,True,6.640000000000001
SHP-001455,2488,2025-11-26,USPS,USPS Priority Mail,US_domestic,750,9.16,1.6,False,True,10.76
SHP-001456,2489,2025-11-26,USPS,USPS Ground Advantage,US_domestic,270,5.51,1.1,False,True,6.609999999999999
SHP-001457,2502,2025-11-26,USPS,USPS Priority Mail,US_domestic,495,7.38,1.6,False,True,8.98
SHP-001458,2503,2025-11-26,USPS,USPS Priority Mail International,GB,1025,24.87,2.1,False,True,26.970000000000002
SHP-001459,2506,2025-11-26,USPS,USPS Ground Advantage,US_domestic,385,5.49,1.35,False,True,6.84
SHP-001460,2508,2025-11-26,USPS,USPS Priority Mail International,CA,640,15.7,1.35,False,True,17.05
SHP-001461,2513,2025-11-26,USPS,USPS Ground Advantage,US_domestic,390,5.53,1.1,False,True,6.630000000000001
SHP-001462,2514,2025-11-26,USPS,USPS Priority Mail,US_domestic,670,6.96,1.1,False,True,8.06
SHP-001463,2518,2025-11-26,USPS,USPS Priority Mail,US_domestic,1265,12.08,2.85,False,True,14.93
SHP-001464,2520,2025-11-26,USPS,USPS Ground Advantage,US_domestic,420,7.07,1.35,False,True,8.42
SHP-001465,2522,2025-11-26,USPS,USPS Priority Mail,US_domestic,1075,9.53,2.6,False,True,12.129999999999999
SHP-001466,2525,2025-11-26,USPS,USPS Priority Mail,US_domestic,765,9.73,1.85,False,True,11.58
SHP-001467,2526,2025-11-26,USPS,USPS Priority Mail International,AU,1005,27.45,2.35,False,True,29.8
SHP-001468,2527,2025-11-26,USPS,USPS Ground Advantage,US_domestic,450,7.13,1.35,False,True,8.48
SHP-001469,2528,2025-11-26,USPS,USPS Priority Mail International,AU,475,22.08,1.6,False,True,23.68
SHP-001470,2530,2025-11-26,USPS,USPS Priority Mail,US_domestic,495,7.11,1.35,False,True,8.46
SHP-001471,2533,2025-11-26,USPS,USPS Ground Advantage,US_domestic,300,5.57,1.1,False,True,6.67
SHP-001472,2534,2025-11-26,USPS,USPS Priority Mail,US_domestic,480,7.12,1.35,False,True,8.47
SHP-001473,2536,2025-11-26,USPS,USPS Priority Mail,US_domestic,765,9.36,1.85,False,True,11.209999999999999
SHP-001474,2539,2025-11-26,USPS,USPS Priority Mail,US_domestic,575,7.19,1.6,False,True,8.790000000000001
SHP-001475,2546,2025-11-26,USPS,USPS Ground Advantage,US_domestic,380,5.5,1.1,False,True,6.6
SHP-001476,2553,2025-11-26,USPS,USPS Priority Mail International,CA,630,15.39,1.85,False,True,17.240000000000002
SHP-001477,2554,2025-11-26,USPS,USPS Priority Mail International,AU,220,17.96,1.1,False,True,19.060000000000002
SHP-001478,2555,2025-11-26,USPS,USPS Priority Mail,US_domestic,765,9.57,1.85,False,True,11.42
SHP-001479,2561,2025-11-26,USPS,USPS Priority Mail,US_domestic,460,7.04,1.35,False,True,8.39
SHP-001480,2562,2025-11-26,USPS,USPS Priority Mail,US_domestic,530,7.36,1.35,False,True,8.71
SHP-001481,2566,2025-11-26,USPS,USPS Priority Mail,US_domestic,510,7.11,1.35,False,True,8.46
SHP-001482,2570,2025-11-26,USPS,USPS Ground Advantage,US_domestic,420,7.09,1.35,False,True,8.44
SHP-001483,2573,2025-11-26,USPS,USPS Ground Advantage,US_domestic,270,5.45,1.1,False,True,6.550000000000001
SHP-001484,2577,2025-11-26,USPS,USPS Priority Mail,US_domestic,870,9.67,1.85,False,True,11.52
SHP-001485,2578,2025-11-26,USPS,USPS Priority Mail,US_domestic,830,9.26,1.85,False,True,11.11
SHP-001486,2584,2025-11-26,USPS,USPS Priority Mail,US_domestic,1175,9.72,2.35,False,True,12.07
SHP-001487,2590,2025-11-26,USPS,USPS Ground Advantage,US_domestic,220,5.62,1.1,False,True,6.720000000000001
SHP-001488,2593,2025-11-26,USPS,USPS Ground Advantage,US_domestic,300,5.51,1.1,False,True,6.609999999999999
SHP-001489,2595,2025-11-26,USPS,USPS Ground Advantage,US_domestic,380,5.41,1.1,False,True,6.51
SHP-001490,2404,2025-11-27,USPS,USPS Priority Mail,US_domestic,650,7.14,1.6,False,True,8.74
SHP-001491,2406,2025-11-27,USPS,USPS Priority Mail,US_domestic,620,7.16,1.35,False,True,8.51
SHP-001492,2408,2025-11-27,USPS,USPS Priority Mail,US_domestic,925,9.4,2.6,False,True,12.0
SHP-001493,2412,2025-11-27,USPS,USPS Priority Mail International,AU,420,19.62,1.35,False,True,20.970000000000002
SHP-001494,2415,2025-11-27,USPS,USPS Priority Mail International,GB,870,22.77,1.85,False,True,24.62
SHP-001495,2416,2025-11-27,USPS,USPS Priority Mail,US_domestic,835,9.52,2.1,False,True,11.62
SHP-001496,2420,2025-11-27,USPS,USPS Priority Mail,US_domestic,555,7.15,1.85,False,True,9.0
SHP-001497,2428,2025-11-27,USPS,USPS Ground Advantage,US_domestic,380,5.47,1.1,False,True,6.57
SHP-001498,2439,2025-11-27,USPS,USPS Priority Mail,US_domestic,530,7.44,1.35,False,True,8.790000000000001
SHP-001499,2440,2025-11-27,USPS,USPS Priority Mail International,CA,300,12.62,1.1,False,True,13.719999999999999
SHP-001500,2441,2025-11-27,USPS,USPS Ground Advantage,US_domestic,340,5.47,1.35,False,True,6.82
SHP-001501,2443,2025-11-27,USPS,USPS Ground Advantage,US_domestic,265,5.53,1.1,False,True,6.630000000000001
SHP-001502,2445,2025-11-27,USPS,USPS Ground Advantage,US_domestic,445,7.07,1.6,False,True,8.67
SHP-001503,2453,2025-11-27,USPS,USPS Priority Mail,US_domestic,765,9.35,1.85,False,True,11.2
SHP-001504,2462,2025-11-27,USPS,USPS Priority Mail,US_domestic,925,9.68,2.1,False,True,11.78
SHP-001505,2466,2025-11-27,USPS,USPS Priority Mail,US_domestic,555,7.18,1.85,False,True,9.03
SHP-001506,2475,2025-11-27,USPS,USPS Priority Mail,US_domestic,765,9.54,1.85,False,True,11.389999999999999
SHP-001507,2477,2025-11-27,USPS,USPS Ground Advantage,US_domestic,290,5.49,1.35,False,True,6.84
SHP-001508,2478,2025-11-27,USPS,USPS Priority Mail,US_domestic,925,9.15,2.1,False,True,11.25
SHP-001509,2480,2025-11-27,USPS,USPS Priority Mail,US_domestic,935,9.07,2.1,False,True,11.17
SHP-001510,2487,2025-11-27,USPS,USPS Priority Mail,US_domestic,475,7.21,1.6,False,True,8.81
SHP-001511,2491,2025-11-27,USPS,USPS Priority Mail,US_domestic,715,9.43,2.35,False,True,11.78
SHP-001512,2493,2025-11-27,USPS,USPS Priority Mail,US_domestic,1395,12.09,2.6,False,True,14.69
SHP-001513,2494,2025-11-27,USPS,USPS Ground Advantage,US_domestic,220,5.33,1.1,False,True,6.43
SHP-001514,2495,2025-11-27,USPS,USPS Ground Advantage,US_domestic,385,5.72,1.35,False,True,7.07
SHP-001515,2496,2025-11-27,USPS,USPS Priority Mail,US_domestic,660,7.21,1.85,False,True,9.06
SHP-001516,2510,2025-11-27,USPS,USPS Priority Mail,US_domestic,1955,11.81,2.6,False,True,14.41
SHP-001517,2511,2025-11-27,USPS,USPS Priority Mail,US_domestic,500,7.41,1.6,False,True,9.01
SHP-001518,2512,2025-11-27,USPS,USPS Ground Advantage,US_domestic,310,5.59,1.1,False,True,6.6899999999999995
SHP-001519,2516,2025-11-27,USPS,USPS Ground Advantage,US_domestic,380,5.45,1.1,False,True,6.550000000000001
SHP-001520,2524,2025-11-27,USPS,USPS Priority Mail,US_domestic,670,7.2,1.1,False,True,8.3
SHP-001521,2531,2025-11-27,USPS,USPS Ground Advantage,US_domestic,290,5.43,1.35,False,True,6.779999999999999
SHP-001522,2532,2025-11-27,USPS,USPS Ground Advantage,US_domestic,220,5.6,1.1,False,True,6.699999999999999
SHP-001523,2537,2025-11-27,USPS,USPS Priority Mail,US_domestic,715,9.19,2.35,False,True,11.54
SHP-001524,2538,2025-11-27,USPS,USPS Ground Advantage,US_domestic,300,5.56,1.1,False,True,6.66
SHP-001525,2540,2025-11-27,USPS,USPS Priority Mail International,CA,590,15.55,2.1,False,True,17.650000000000002
SHP-001526,2541,2025-11-27,USPS,USPS Ground Advantage,US_domestic,420,7.31,1.35,False,True,8.66
SHP-001527,2542,2025-11-27,USPS,USPS Ground Advantage,US_domestic,335,5.53,1.35,False,True,6.880000000000001
SHP-001528,2543,2025-11-27,USPS,USPS Ground Advantage,US_domestic,320,5.53,1.1,False,True,6.630000000000001
SHP-001529,2547,2025-11-27,USPS,USPS Priority Mail,US_domestic,1000,9.41,2.35,False,True,11.76
SHP-001530,2548,2025-11-27,USPS,USPS Priority Mail International,AU,600,22.37,1.6,False,True,23.970000000000002
SHP-001531,2549,2025-11-27,USPS,USPS Priority Mail,US_domestic,665,7.05,1.85,False,True,8.9
SHP-001532,2551,2025-11-27,USPS,USPS Priority Mail,US_domestic,525,7.38,1.35,False,True,8.73
SHP-001533,2569,2025-11-27,USPS,USPS Priority Mail,US_domestic,1115,9.21,2.6,False,True,11.81
SHP-001534,2576,2025-11-27,USPS,USPS Ground Advantage,US_domestic,265,5.4,1.1,False,True,6.5
SHP-001535,2585,2025-11-27,USPS,USPS Priority Mail,US_domestic,505,6.95,1.35,False,True,8.3
SHP-001536,2586,2025-11-27,USPS,USPS Ground Advantage,US_domestic,450,7.11,1.35,False,True,8.46
SHP-001537,2589,2025-11-27,USPS,USPS Ground Advantage,US_domestic,370,5.48,1.35,False,True,6.83
SHP-001538,2597,2025-11-27,USPS,USPS Ground Advantage,US_domestic,300,5.4,1.1,False,True,6.5
SHP-001539,2598,2025-11-27,USPS,USPS Priority Mail International,CA,565,14.98,1.85,False,True,16.830000000000002
SHP-001540,2603,2025-11-27,USPS,USPS Priority Mail,US_domestic,885,9.24,2.1,False,True,11.34
SHP-001541,2605,2025-11-27,USPS,USPS Ground Advantage,US_domestic,320,5.39,1.1,False,True,6.49
SHP-001542,2607,2025-11-27,USPS,USPS Priority Mail,US_domestic,500,7.12,1.35,False,True,8.47
SHP-001543,2619,2025-11-27,USPS,USPS Priority Mail International,CA,880,17.22,2.35,False,True,19.57
SHP-001544,2620,2025-11-27,USPS,USPS Priority Mail,US_domestic,530,7.27,1.35,False,True,8.62
SHP-001545,2627,2025-11-27,USPS,USPS Priority Mail,US_domestic,1190,9.22,2.85,False,True,12.07
SHP-001546,2629,2025-11-27,USPS,USPS Ground Advantage,US_domestic,310,5.4,1.1,False,True,6.5
SHP-001547,2630,2025-11-27,USPS,USPS Ground Advantage,US_domestic,445,7.19,1.6,False,True,8.790000000000001
SHP-001548,2637,2025-11-27,USPS,USPS Priority Mail,US_domestic,825,9.4,2.6,False,True,12.0
SHP-001549,2638,2025-11-27,USPS,USPS Priority Mail,US_domestic,875,9.51,2.6,False,True,12.11
SHP-001550,2641,2025-11-27,USPS,USPS Priority Mail,US_domestic,1055,9.17,2.85,False,True,12.02
SHP-001551,2644,2025-11-27,USPS,USPS Ground Advantage,US_domestic,265,5.65,1.1,False,True,6.75
SHP-001552,2645,2025-11-27,USPS,USPS Priority Mail International,GB,420,17.43,1.35,False,True,18.78
SHP-001553,2647,2025-11-27,USPS,USPS Priority Mail,US_domestic,500,7.3,1.35,False,True,8.65
SHP-001554,2650,2025-11-27,USPS,USPS Priority Mail,US_domestic,670,7.17,1.1,False,True,8.27
SHP-001555,2654,2025-11-27,USPS,USPS Priority Mail International,AU,380,20.29,1.1,False,True,21.39
SHP-001556,2655,2025-11-27,USPS,USPS Ground Advantage,US_domestic,390,5.49,1.35,False,True,6.84
SHP-001557,2465,2025-11-28,USPS,USPS Priority Mail,US_domestic,805,9.4,2.35,False,True,11.75
SHP-001558,2467,2025-11-28,USPS,USPS Priority Mail International,CA,705,15.97,2.35,False,True,18.32
SHP-001559,2470,2025-11-28,USPS,USPS Priority Mail International,AU,560,21.63,1.35,False,True,22.98
SHP-001560,2472,2025-11-28,USPS,USPS Priority Mail,US_domestic,540,7.06,1.35,False,True,8.41
SHP-001561,2479,2025-11-28,USPS,USPS Ground Advantage,US_domestic,445,7.04,1.6,False,True,8.64
SHP-001562,2483,2025-11-28,USPS,USPS Priority Mail,US_domestic,555,7.17,1.85,False,True,9.02
SHP-001563,2492,2025-11-28,USPS,USPS Priority Mail,US_domestic,1165,9.38,2.6,False,True,11.98
SHP-001564,2497,2025-11-28,USPS,USPS Ground Advantage,US_domestic,310,5.55,1.1,False,True,6.65
SHP-001565,2498,2025-11-28,USPS,USPS Priority Mail,US_domestic,885,9.66,2.6,False,True,12.26
SHP-001566,2499,2025-11-28,USPS,USPS Priority Mail,US_domestic,1405,12.14,2.35,False,True,14.49
SHP-001567,2500,2025-11-28,USPS,USPS Priority Mail,US_domestic,610,7.18,1.35,False,True,8.53
SHP-001568,2501,2025-11-28,USPS,USPS Priority Mail,US_domestic,870,9.18,1.85,False,True,11.03
SHP-001569,2504,2025-11-28,USPS,USPS Priority Mail,US_domestic,765,9.56,1.85,False,True,11.41
SHP-001570,2505,2025-11-28,USPS,USPS Priority Mail,US_domestic,1110,9.36,2.1,False,True,11.459999999999999
SHP-001571,2507,2025-11-28,USPS,USPS Priority Mail,US_domestic,925,9.25,2.1,False,True,11.35
SHP-001572,2515,2025-11-28,USPS,USPS Priority Mail,US_domestic,495,7.25,1.35,False,True,8.6
SHP-001573,2519,2025-11-28,USPS,USPS Ground Advantage,US_domestic,380,5.56,1.1,False,True,6.66
SHP-001574,2535,2025-11-28,USPS,USPS Priority Mail International,CA,390,12.96,1.1,False,True,14.06
SHP-001575,2550,2025-11-28,USPS,USPS Priority Mail,US_domestic,1285,12.43,2.1,False,True,14.53
SHP-001576,2556,2025-11-28,USPS,USPS Priority Mail,US_domestic,735,9.09,2.6,False,True,11.69
SHP-001577,2557,2025-11-28,USPS,USPS Priority Mail,US_domestic,705,9.49,2.6,False,True,12.09
SHP-001578,2559,2025-11-28,USPS,USPS Priority Mail,US_domestic,565,7.34,1.85,False,True,9.19
SHP-001579,2560,2025-11-28,USPS,USPS Priority Mail,US_domestic,510,7.34,1.35,False,True,8.69
SHP-001580,2563,2025-11-28,USPS,USPS Priority Mail,US_domestic,765,9.42,1.85,False,True,11.27
SHP-001581,2565,2025-11-28,USPS,USPS Priority Mail,US_domestic,870,9.3,1.85,False,True,11.15
SHP-001582,2568,2025-11-28,USPS,USPS Priority Mail International,CA,540,14.54,1.35,False,True,15.889999999999999
SHP-001583,2571,2025-11-28,USPS,USPS Priority Mail International,AU,870,26.25,1.85,False,True,28.1
SHP-001584,2580,2025-11-28,USPS,USPS Ground Advantage,US_domestic,320,5.48,1.1,False,True,6.58
SHP-001585,2587,2025-11-28,USPS,USPS Priority Mail International,CA,635,16.05,1.85,False,True,17.900000000000002
SHP-001586,2588,2025-11-28,USPS,USPS Priority Mail International,CA,795,17.59,2.6,False,True,20.19
SHP-001587,2591,2025-11-28,USPS,USPS Priority Mail International,CA,390,13.1,1.1,False,True,14.2
SHP-001588,2592,2025-11-28,USPS,USPS Priority Mail International,GB,750,22.67,1.6,False,True,24.270000000000003
SHP-001589,2599,2025-11-28,USPS,USPS Priority Mail,US_domestic,1175,9.47,2.85,False,True,12.32
SHP-001590,2600,2025-11-28,USPS,USPS Ground Advantage,US_domestic,440,7.05,1.35,False,True,8.4
SHP-001591,2604,2025-11-28,USPS,USPS Priority Mail,US_domestic,675,7.5,1.85,False,True,9.35
SHP-001592,2606,2025-11-28,USPS,USPS Priority Mail,US_domestic,765,9.46,1.85,False,True,11.31
SHP-001593,2610,2025-11-28,USPS,USPS Ground Advantage,US_domestic,265,5.52,1.1,False,True,6.619999999999999
SHP-001594,2611,2025-11-28,USPS,USPS Priority Mail,US_domestic,1945,12.4,3.1,False,True,15.5
SHP-001595,2614,2025-11-28,USPS,USPS Priority Mail,US_domestic,575,7.05,1.85,False,True,8.9
SHP-001596,2615,2025-11-28,USPS,USPS Priority Mail,US_domestic,480,7.04,1.35,False,True,8.39
SHP-001597,2617,2025-11-28,USPS,USPS Priority Mail,US_domestic,470,7.03,1.35,False,True,8.38
SHP-001598,2618,2025-11-28,USPS,USPS Ground Advantage,US_domestic,270,5.53,1.1,False,True,6.630000000000001
SHP-001599,2622,2025-11-28,USPS,USPS Ground Advantage,US_domestic,380,5.62,1.1,False,True,6.720000000000001
SHP-001600,2632,2025-11-28,USPS,USPS Priority Mail,US_domestic,1255,12.63,2.35,False,True,14.98
SHP-001601,2648,2025-11-28,USPS,USPS Ground Advantage,US_domestic,310,5.44,1.1,False,True,6.540000000000001
SHP-001602,2657,2025-11-28,USPS,USPS Priority Mail,US_domestic,880,9.43,2.1,False,True,11.53
SHP-001603,2658,2025-11-28,USPS,USPS Priority Mail,US_domestic,735,9.42,2.35,False,True,11.77
SHP-001604,2673,2025-11-28,USPS,USPS Ground Advantage,US_domestic,270,5.51,1.1,False,True,6.609999999999999
SHP-001605,2683,2025-11-28,USPS,USPS Ground Advantage,US_domestic,390,5.53,1.35,False,True,6.880000000000001
SHP-001606,2696,2025-11-28,USPS,USPS Ground Advantage,US_domestic,390,5.45,1.1,False,True,6.550000000000001
SHP-001607,2704,2025-11-28,USPS,USPS Ground Advantage,US_domestic,310,5.37,1.1,False,True,6.470000000000001
SHP-001608,2705,2025-11-28,USPS,USPS Priority Mail International,CA,310,12.82,1.1,False,True,13.92
SHP-001609,2709,2025-11-28,USPS,USPS Priority Mail International,CA,485,13.63,1.6,False,True,15.23
SHP-001610,2710,2025-11-28,USPS,USPS Priority Mail,US_domestic,695,7.01,1.85,False,True,8.86
SHP-001611,2714,2025-11-28,USPS,USPS Priority Mail,US_domestic,810,9.62,2.35,False,True,11.969999999999999
SHP-001612,2544,2025-11-29,USPS,USPS Ground Advantage,US_domestic,420,6.99,1.35,False,True,8.34
SHP-001613,2545,2025-11-29,USPS,USPS Priority Mail,US_domestic,570,7.28,1.35,False,True,8.63
SHP-001614,2552,2025-11-29,USPS,USPS Priority Mail,US_domestic,660,7.24,2.35,False,True,9.59
SHP-001615,2558,2025-11-29,USPS,USPS Priority Mail,US_domestic,1120,9.39,2.35,False,True,11.74
SHP-001616,2564,2025-11-29,USPS,USPS Priority Mail,US_domestic,1285,12.16,2.1,False,True,14.26
SHP-001617,2567,2025-11-29,USPS,USPS Priority Mail,US_domestic,755,9.17,2.6,False,True,11.77
SHP-001618,2572,2025-11-29,USPS,USPS Priority Mail,US_domestic,665,7.17,1.85,False,True,9.02
SHP-001619,2574,2025-11-29,USPS,USPS Ground Advantage,US_domestic,310,5.24,1.1,False,True,6.34
SHP-001620,2575,2025-11-29,USPS,USPS Priority Mail,US_domestic,885,9.47,2.1,False,True,11.57
SHP-001621,2579,2025-11-29,USPS,USPS Priority Mail International,GB,270,16.83,1.1,False,True,17.93
SHP-001622,2581,2025-11-29,USPS,USPS Priority Mail International,GB,990,24.79,2.1,False,True,26.89
SHP-001623,2582,2025-11-29,USPS,USPS Ground Advantage,US_domestic,390,5.51,1.35,False,True,6.859999999999999
SHP-001624,2583,2025-11-29,USPS,USPS Ground Advantage,US_domestic,270,5.48,1.1,False,True,6.58
SHP-001625,2594,2025-11-29,USPS,USPS Priority Mail International,GB,785,22.09,2.6,False,True,24.69
SHP-001626,2596,2025-11-29,USPS,USPS Ground Advantage,US_domestic,450,7.1,1.35,False,True,8.45
SHP-001627,2601,2025-11-29,USPS,USPS Priority Mail,US_domestic,1165,9.61,2.6,False,True,12.209999999999999
SHP-001628,2602,2025-11-29,USPS,USPS Ground Advantage,US_domestic,320,5.41,1.1,False,True,6.51
SHP-001629,2608,2025-11-29,USPS,USPS Priority Mail,US_domestic,980,9.39,1.85,False,True,11.24
SHP-001630,2609,2025-11-29,USPS,USPS Priority Mail,US_domestic,570,7.25,1.35,False,True,8.6
SHP-001631,2612,2025-11-29,USPS,USPS Ground Advantage,US_domestic,220,5.41,1.1,False,True,6.51
SHP-001632,2613,2025-11-29,USPS,USPS Priority Mail,US_domestic,885,9.27,2.1,False,True,11.37
SHP-001633,2621,2025-11-29,USPS,USPS Ground Advantage,US_domestic,380,5.52,1.1,False,True,6.619999999999999
SHP-001634,2623,2025-11-29,USPS,USPS Ground Advantage,US_domestic,265,5.4,1.1,False,True,6.5
SHP-001635,2625,2025-11-29,USPS,USPS Priority Mail International,GB,750,22.47,1.6,False,True,24.07
SHP-001636,2626,2025-11-29,USPS,USPS Ground Advantage,US_domestic,270,5.5,1.1,False,True,6.6
SHP-001637,2631,2025-11-29,USPS,USPS Priority Mail,US_domestic,790,9.25,1.85,False,True,11.1
SHP-001638,2633,2025-11-29,USPS,USPS Priority Mail International,CA,540,14.54,1.35,False,True,15.889999999999999
SHP-001639,2634,2025-11-29,USPS,USPS Priority Mail,US_domestic,630,7.22,1.85,False,True,9.07
SHP-001640,2635,2025-11-29,USPS,USPS Ground Advantage,US_domestic,390,5.39,1.1,False,True,6.49
SHP-001641,2636,2025-11-29,USPS,USPS Priority Mail,US_domestic,980,9.08,2.1,False,True,11.18
SHP-001642,2642,2025-11-29,USPS,USPS Priority Mail,US_domestic,790,9.34,1.85,False,True,11.19
SHP-001643,2643,2025-11-29,USPS,USPS Ground Advantage,US_domestic,380,5.81,1.1,False,True,6.91
SHP-001644,2646,2025-11-29,USPS,USPS Ground Advantage,US_domestic,270,5.28,1.1,False,True,6.380000000000001
SHP-001645,2659,2025-11-29,USPS,USPS Ground Advantage,US_domestic,390,5.51,1.1,False,True,6.609999999999999
SHP-001646,2664,2025-11-29,USPS,USPS Ground Advantage,US_domestic,310,5.54,1.1,False,True,6.640000000000001
SHP-001647,2669,2025-11-29,USPS,USPS Priority Mail,US_domestic,675,7.26,1.85,False,True,9.11
SHP-001648,2670,2025-11-29,USPS,USPS Priority Mail,US_domestic,670,7.06,1.1,False,True,8.16
SHP-001649,2671,2025-11-29,USPS,USPS Ground Advantage,US_domestic,270,5.57,1.1,False,True,6.67
SHP-001650,2678,2025-11-29,USPS,USPS Ground Advantage,US_domestic,385,5.55,1.35,False,True,6.9
SHP-001651,2679,2025-11-29,USPS,USPS Ground Advantage,US_domestic,220,5.27,1.1,False,True,6.369999999999999
SHP-001652,2688,2025-11-29,USPS,USPS Priority Mail International,GB,390,17.68,1.1,False,True,18.78
SHP-001653,2690,2025-11-29,USPS,USPS Ground Advantage,US_domestic,310,5.53,1.1,False,True,6.630000000000001
SHP-001654,2691,2025-11-29,USPS,USPS Ground Advantage,US_domestic,445,7.03,1.6,False,True,8.63
SHP-001655,2700,2025-11-29,USPS,USPS Priority Mail International,CA,270,12.15,1.1,False,True,13.25
SHP-001656,2703,2025-11-29,USPS,USPS Ground Advantage,US_domestic,380,5.45,1.1,False,True,6.550000000000001
SHP-001657,2707,2025-11-29,USPS,USPS Priority Mail,US_domestic,900,9.67,1.85,False,True,11.52
SHP-001658,2712,2025-11-29,USPS,USPS Priority Mail,US_domestic,1220,12.44,2.35,False,True,14.79
SHP-001659,2713,2025-11-29,USPS,USPS Priority Mail,US_domestic,670,7.36,1.1,False,True,8.46
SHP-001660,2717,2025-11-29,USPS,USPS Ground Advantage,US_domestic,300,5.51,1.1,False,True,6.609999999999999
SHP-001661,2720,2025-11-29,USPS,USPS Ground Advantage,US_domestic,270,5.56,1.1,False,True,6.66
SHP-001662,2722,2025-11-29,USPS,USPS Priority Mail,US_domestic,750,9.57,1.6,False,True,11.17
SHP-001663,2725,2025-11-29,USPS,USPS Priority Mail,US_domestic,635,7.12,1.85,False,True,8.97
SHP-001664,2728,2025-11-29,USPS,USPS Priority Mail,US_domestic,785,9.39,2.35,False,True,11.74
SHP-001665,2729,2025-11-29,USPS,USPS Ground Advantage,US_domestic,380,5.51,1.1,False,True,6.609999999999999
SHP-001666,2732,2025-11-29,USPS,USPS Ground Advantage,US_domestic,410,7.24,1.1,False,True,8.34
SHP-001667,2735,2025-11-29,USPS,USPS Priority Mail,US_domestic,485,7.22,1.6,False,True,8.82
SHP-001668,2741,2025-11-29,USPS,USPS Ground Advantage,US_domestic,445,7.06,1.6,False,True,8.66
SHP-001669,2745,2025-11-29,USPS,USPS Priority Mail,US_domestic,765,9.55,1.85,False,True,11.4
SHP-001670,2746,2025-11-29,USPS,USPS Priority Mail,US_domestic,470,7.11,1.35,False,True,8.46
SHP-001671,2749,2025-11-29,USPS,USPS Priority Mail,US_domestic,765,9.37,1.85,False,True,11.219999999999999
SHP-001672,2751,2025-11-29,USPS,USPS Ground Advantage,US_domestic,270,5.5,1.1,False,True,6.6
SHP-001673,2756,2025-11-29,USPS,USPS Ground Advantage,US_domestic,415,6.91,1.35,False,True,8.26
SHP-001674,2616,2025-11-30,USPS,USPS Priority Mail,US_domestic,1325,12.33,2.35,False,True,14.68
SHP-001675,2624,2025-11-30,USPS,USPS Priority Mail,US_domestic,855,9.24,2.35,False,True,11.59
SHP-001676,2628,2025-11-30,USPS,USPS Ground Advantage,US_domestic,380,5.54,1.1,False,True,6.640000000000001
SHP-001677,2639,2025-11-30,USPS,USPS Priority Mail,US_domestic,1190,9.3,1.85,False,True,11.15
SHP-001678,2640,2025-11-30,USPS,USPS Ground Advantage,US_domestic,220,5.58,1.1,False,True,6.68
SHP-001679,2649,2025-11-30,USPS,USPS Priority Mail,US_domestic,635,7.24,1.85,False,True,9.09
SHP-001680,2651,2025-11-30,USPS,USPS Priority Mail International,AU,340,19.87,1.35,False,True,21.220000000000002
SHP-001681,2652,2025-11-30,USPS,USPS Priority Mail,US_domestic,765,9.35,1.85,False,True,11.2
SHP-001682,2653,2025-11-30,USPS,USPS Priority Mail,US_domestic,885,9.85,2.1,False,True,11.95
SHP-001683,2656,2025-11-30,USPS,USPS Ground Advantage,US_domestic,320,5.44,1.1,False,True,6.540000000000001
SHP-001684,2660,2025-11-30,USPS,USPS Ground Advantage,US_domestic,310,5.57,1.1,False,True,6.67
SHP-001685,2672,2025-11-30,USPS,USPS Priority Mail,US_domestic,1175,9.18,2.35,False,True,11.53
SHP-001686,2674,2025-11-30,USPS,USPS Priority Mail International,GB,550,19.36,1.35,False,True,20.71
SHP-001687,2675,2025-11-30,USPS,USPS Priority Mail International,AU,610,23.48,1.35,False,True,24.830000000000002
SHP-001688,2682,2025-11-30,USPS,USPS Priority Mail,US_domestic,885,9.14,2.1,False,True,11.24
SHP-001689,2684,2025-11-30,USPS,USPS Priority Mail,US_domestic,670,7.47,1.1,False,True,8.57
SHP-001690,2685,2025-11-30,USPS,USPS Priority Mail,US_domestic,870,9.57,1.85,False,True,11.42
SHP-001691,2686,2025-11-30,USPS,USPS Ground Advantage,US_domestic,220,5.35,1.1,False,True,6.449999999999999
SHP-001692,2687,2025-11-30,USPS,USPS Priority Mail,US_domestic,825,9.39,2.6,False,True,11.99
SHP-001693,2693,2025-11-30,USPS,USPS Ground Advantage,US_domestic,265,5.3,1.1,False,True,6.4
SHP-001694,2694,2025-11-30,USPS,USPS Priority Mail,US_domestic,530,7.11,1.35,False,True,8.46
SHP-001695,2695,2025-11-30,USPS,USPS Priority Mail International,CA,765,16.65,1.85,False,True,18.5
SHP-001696,2702,2025-11-30,USPS,USPS Priority Mail International,AU,460,21.17,1.35,False,True,22.520000000000003
SHP-001697,2706,2025-11-30,USPS,USPS Ground Advantage,US_domestic,385,5.49,1.35,False,True,6.84
SHP-001698,2708,2025-11-30,USPS,USPS Priority Mail,US_domestic,805,9.27,2.6,False,True,11.87
SHP-001699,2721,2025-11-30,USPS,USPS Priority Mail,US_domestic,495,7.26,1.35,False,True,8.61
SHP-001700,2723,2025-11-30,USPS,USPS Priority Mail,US_domestic,670,7.18,1.1,False,True,8.28
SHP-001701,2724,2025-11-30,USPS,USPS Priority Mail International,CA,685,16.44,1.85,False,True,18.290000000000003
SHP-001702,2730,2025-11-30,USPS,USPS Ground Advantage,US_domestic,270,5.43,1.1,False,True,6.529999999999999
SHP-001703,2731,2025-11-30,USPS,USPS Priority Mail,US_domestic,740,9.54,2.35,False,True,11.889999999999999
SHP-001704,2739,2025-11-30,USPS,USPS Ground Advantage,US_domestic,265,5.37,1.1,False,True,6.470000000000001
SHP-001705,2740,2025-11-30,USPS,USPS Priority Mail,US_domestic,570,7.31,1.85,False,True,9.16
SHP-001706,2752,2025-11-30,USPS,USPS Ground Advantage,US_domestic,300,5.61,1.1,False,True,6.710000000000001
SHP-001707,2753,2025-11-30,USPS,USPS Priority Mail International,GB,1030,25.09,2.1,False,True,27.19
SHP-001708,2758,2025-11-30,USPS,USPS Priority Mail,US_domestic,830,9.19,2.6,False,True,11.79
SHP-001709,2760,2025-11-30,USPS,USPS Priority Mail International,AU,815,25.55,2.6,False,True,28.150000000000002
SHP-001710,2762,2025-11-30,USPS,USPS Priority Mail International,AU,445,20.89,1.6,False,True,22.490000000000002
SHP-001711,2765,2025-11-30,USPS,USPS Ground Advantage,US_domestic,385,5.48,1.35,False,True,6.83
SHP-001712,2769,2025-11-30,USPS,USPS Priority Mail International,CA,550,14.59,1.35,False,True,15.94
SHP-001713,2779,2025-11-30,USPS,USPS Priority Mail,US_domestic,1345,12.45,2.6,False,True,15.049999999999999
SHP-001714,2780,2025-11-30,USPS,USPS Priority Mail International,CA,265,12.64,1.1,False,True,13.74
SHP-001715,2787,2025-11-30,USPS,USPS Priority Mail,US_domestic,840,9.22,2.6,False,True,11.82
SHP-001716,2798,2025-11-30,USPS,USPS Priority Mail International,GB,270,16.63,1.1,False,True,17.73
SHP-001717,2801,2025-11-30,USPS,USPS Ground Advantage,US_domestic,450,7.08,1.35,False,True,8.43
SHP-001718,2803,2025-11-30,USPS,USPS Priority Mail,US_domestic,695,7.41,1.85,False,True,9.26
SHP-001719,2804,2025-11-30,USPS,USPS Priority Mail,US_domestic,830,9.37,1.85,False,True,11.219999999999999
SHP-001720,2806,2025-11-30,USPS,USPS Priority Mail,US_domestic,880,9.23,2.1,False,True,11.33
SHP-001721,2812,2025-11-30,USPS,USPS Ground Advantage,US_domestic,270,5.65,1.1,False,True,6.75
SHP-001722,2814,2025-11-30,USPS,USPS Priority Mail,US_domestic,765,9.42,2.35,False,True,11.77
SHP-001723,2820,2025-11-30,USPS,USPS Priority Mail,US_domestic,560,7.14,1.35,False,True,8.49
SHP-001724,2661,2025-12-01,USPS,USPS Ground Advantage,US_domestic,380,5.56,1.1,False,True,6.66
SHP-001725,2662,2025-12-01,USPS,USPS Priority Mail,US_domestic,1305,12.07,2.6,False,True,14.67
SHP-001726,2663,2025-12-01,USPS,USPS Ground Advantage,US_domestic,335,5.63,1.35,False,True,6.98
SHP-001727,2665,2025-12-01,USPS,USPS Priority Mail,US_domestic,785,9.35,1.85,False,True,11.2
SHP-001728,2666,2025-12-01,USPS,USPS Priority Mail International,CA,450,14.42,1.35,False,True,15.77
SHP-001729,2667,2025-12-01,USPS,USPS Priority Mail International,AU,685,23.59,2.1,False,True,25.69
SHP-001730,2668,2025-12-01,USPS,USPS Priority Mail,US_domestic,750,9.69,2.6,False,True,12.29
SHP-001731,2676,2025-12-01,USPS,USPS Priority Mail,US_domestic,955,9.42,2.6,False,True,12.02
SHP-001732,2677,2025-12-01,USPS,USPS Priority Mail International,GB,265,17.0,1.1,False,True,18.1
SHP-001733,2680,2025-12-01,USPS,USPS Priority Mail,US_domestic,670,7.17,1.35,False,True,8.52
SHP-001734,2681,2025-12-01,USPS,USPS Priority Mail,US_domestic,500,7.28,1.35,False,True,8.63
SHP-001735,2692,2025-12-01,USPS,USPS Priority Mail,US_domestic,520,7.46,1.85,False,True,9.31
SHP-001736,2697,2025-12-01,USPS,USPS Priority Mail International,GB,1055,25.43,2.35,False,True,27.78
SHP-001737,2698,2025-12-01,USPS,USPS Priority Mail,US_domestic,750,9.77,2.6,False,True,12.37
SHP-001738,2699,2025-12-01,USPS,USPS Priority Mail,US_domestic,1165,9.55,2.35,False,True,11.9
SHP-001739,2701,2025-12-01,USPS,USPS Priority Mail,US_domestic,1325,12.4,2.6,False,True,15.0
SHP-001740,2711,2025-12-01,USPS,USPS Priority Mail International,GB,1555,30.71,2.6,False,True,33.31
SHP-001741,2715,2025-12-01,USPS,USPS Priority Mail,US_domestic,545,7.35,2.1,False,True,9.45
SHP-001742,2718,2025-12-01,USPS,USPS Priority Mail,US_domestic,765,9.27,1.85,False,True,11.12
SHP-001743,2719,2025-12-01,USPS,USPS Priority Mail,US_domestic,680,7.23,1.6,False,True,8.83
SHP-001744,2726,2025-12-01,USPS,USPS Priority Mail,US_domestic,1085,9.43,2.35,False,True,11.78
SHP-001745,2727,2025-12-01,USPS,USPS Ground Advantage,US_domestic,270,5.56,1.1,False,True,6.66
SHP-001746,2734,2025-12-01,USPS,USPS Priority Mail,US_domestic,875,9.49,2.85,False,True,12.34
SHP-001747,2738,2025-12-01,USPS,USPS Ground Advantage,US_domestic,300,5.54,1.1,False,True,6.640000000000001
SHP-001748,2742,2025-12-01,USPS,USPS Priority Mail,US_domestic,925,9.27,2.1,False,True,11.37
SHP-001749,2747,2025-12-01,USPS,USPS Priority Mail,US_domestic,675,7.22,1.85,False,True,9.07
SHP-001750,2750,2025-12-01,USPS,USPS Priority Mail,US_domestic,700,7.25,2.1,False,True,9.35
SHP-001751,2757,2025-12-01,USPS,USPS Priority Mail,US_domestic,765,9.67,1.85,False,True,11.52
SHP-001752,2759,2025-12-01,USPS,USPS Priority Mail,US_domestic,825,9.72,2.35,False,True,12.07
SHP-001753,2763,2025-12-01,USPS,USPS Priority Mail,US_domestic,870,9.37,1.85,False,True,11.219999999999999
SHP-001754,2764,2025-12-01,USPS,USPS Priority Mail International,GB,570,19.6,1.85,False,True,21.450000000000003
SHP-001755,2768,2025-12-01,USPS,USPS Priority Mail,US_domestic,635,7.28,1.85,False,True,9.13
SHP-001756,2774,2025-12-01,USPS,USPS Priority Mail International,AU,270,18.59,1.1,False,True,19.69
SHP-001757,2778,2025-12-01,USPS,USPS Ground Advantage,US_domestic,340,5.67,1.35,False,True,7.02
SHP-001758,2784,2025-12-01,USPS,USPS Ground Advantage,US_domestic,390,5.52,1.1,False,True,6.619999999999999
SHP-001759,2786,2025-12-01,USPS,USPS Ground Advantage,US_domestic,370,5.65,1.35,False,True,7.0
SHP-001760,2790,2025-12-01,USPS,USPS Priority Mail International,CA,1615,24.51,2.6,False,True,27.110000000000003
SHP-001761,2792,2025-12-01,USPS,USPS Ground Advantage,US_domestic,380,5.7,1.35,False,True,7.050000000000001
SHP-001762,2795,2025-12-01,USPS,USPS Priority Mail,US_domestic,790,9.47,1.85,False,True,11.32
SHP-001763,2799,2025-12-01,USPS,USPS Priority Mail,US_domestic,530,7.28,1.35,False,True,8.63
SHP-001764,2807,2025-12-01,USPS,USPS Ground Advantage,US_domestic,385,5.58,1.35,False,True,6.93
SHP-001765,2808,2025-12-01,USPS,USPS Ground Advantage,US_domestic,270,5.54,1.1,False,True,6.640000000000001
SHP-001766,2809,2025-12-01,USPS,USPS Ground Advantage,US_domestic,390,5.39,1.35,False,True,6.74
SHP-001767,2813,2025-12-01,USPS,USPS Priority Mail,US_domestic,580,7.27,1.35,False,True,8.62
SHP-001768,2819,2025-12-01,USPS,USPS Ground Advantage,US_domestic,385,5.53,1.35,False,True,6.880000000000001
SHP-001769,2821,2025-12-01,USPS,USPS Priority Mail International,GB,745,21.73,2.35,False,True,24.080000000000002
SHP-001770,2826,2025-12-01,USPS,USPS Priority Mail,US_domestic,925,9.48,2.1,False,True,11.58
SHP-001771,2833,2025-12-01,USPS,USPS Priority Mail,US_domestic,880,9.44,2.1,False,True,11.54
SHP-001772,2837,2025-12-01,USPS,USPS Priority Mail,US_domestic,615,7.21,1.85,False,True,9.06
SHP-001773,2839,2025-12-01,USPS,USPS Ground Advantage,US_domestic,265,5.26,1.1,False,True,6.359999999999999
SHP-001774,2843,2025-12-01,USPS,USPS Priority Mail International,GB,300,17.78,1.1,False,True,18.880000000000003
SHP-001775,2848,2025-12-01,USPS,USPS Ground Advantage,US_domestic,300,5.43,1.1,False,True,6.529999999999999
SHP-001776,2852,2025-12-01,USPS,USPS Priority Mail International,AU,385,20.29,1.35,False,True,21.64
SHP-001777,2853,2025-12-01,USPS,USPS Priority Mail,US_domestic,530,7.31,1.35,False,True,8.66
SHP-001778,2859,2025-12-01,USPS,USPS Ground Advantage,US_domestic,265,5.48,1.1,False,True,6.58
SHP-001779,2860,2025-12-01,USPS,USPS Priority Mail,US_domestic,870,9.3,1.85,False,True,11.15
SHP-001780,2865,2025-12-01,USPS,USPS Priority Mail,US_domestic,645,7.26,1.85,False,True,9.11
SHP-001781,2868,2025-12-01,USPS,USPS Priority Mail,US_domestic,1155,9.55,2.6,False,True,12.15
SHP-001782,2716,2025-12-02,USPS,USPS Priority Mail International,AU,435,21.54,1.35,False,True,22.89
SHP-001783,2733,2025-12-02,USPS,USPS Ground Advantage,US_domestic,265,5.55,1.1,False,True,6.65
SHP-001784,2736,2025-12-02,USPS,USPS Ground Advantage,US_domestic,220,5.46,1.1,False,True,6.5600000000000005
SHP-001785,2737,2025-12-02,USPS,USPS Ground Advantage,US_domestic,270,5.51,1.1,False,True,6.609999999999999
SHP-001786,2744,2025-12-02,USPS,USPS Ground Advantage,US_domestic,320,5.58,1.1,False,True,6.68
SHP-001787,2748,2025-12-02,USPS,USPS Ground Advantage,US_domestic,270,5.26,1.1,False,True,6.359999999999999
SHP-001788,2754,2025-12-02,USPS,USPS Priority Mail,US_domestic,550,7.01,1.35,False,True,8.36
SHP-001789,2755,2025-12-02,USPS,USPS Ground Advantage,US_domestic,265,5.48,1.1,False,True,6.58
SHP-001790,2761,2025-12-02,USPS,USPS Priority Mail,US_domestic,765,9.61,1.85,False,True,11.459999999999999
SHP-001791,2766,2025-12-02,USPS,USPS Ground Advantage,US_domestic,430,7.3,1.35,False,True,8.65
SHP-001792,2767,2025-12-02,USPS,USPS Priority Mail,US_domestic,525,7.14,1.35,False,True,8.49
SHP-001793,2771,2025-12-02,USPS,USPS Priority Mail International,CA,725,16.65,2.1,False,True,18.75
SHP-001794,2772,2025-12-02,USPS,USPS Ground Advantage,US_domestic,320,5.48,1.1,False,True,6.58
SHP-001795,2773,2025-12-02,USPS,USPS Ground Advantage,US_domestic,390,5.49,1.1,False,True,6.59
SHP-001796,2775,2025-12-02,USPS,USPS Priority Mail,US_domestic,525,7.2,1.35,False,True,8.55
SHP-001797,2777,2025-12-02,USPS,USPS Ground Advantage,US_domestic,390,5.46,1.35,False,True,6.8100000000000005
SHP-001798,2781,2025-12-02,USPS,USPS Priority Mail,US_domestic,765,9.41,1.85,False,True,11.26
SHP-001799,2782,2025-12-02,USPS,USPS Ground Advantage,US_domestic,310,5.49,1.1,False,True,6.59
SHP-001800,2789,2025-12-02,USPS,USPS Priority Mail,US_domestic,885,9.12,2.1,False,True,11.219999999999999
SHP-001801,2800,2025-12-02,USPS,USPS Priority Mail,US_domestic,1245,12.36,2.35,False,True,14.709999999999999
SHP-001802,2802,2025-12-02,USPS,USPS Ground Advantage,US_domestic,320,5.66,1.1,False,True,6.76
SHP-001803,2805,2025-12-02,USPS,USPS Priority Mail,US_domestic,705,9.34,2.35,False,True,11.69
SHP-001804,2810,2025-12-02,USPS,USPS Priority Mail,US_domestic,995,9.69,2.1,False,True,11.79
SHP-001805,2815,2025-12-02,USPS,USPS Priority Mail,US_domestic,530,7.15,1.35,False,True,8.5
SHP-001806,2816,2025-12-02,USPS,USPS Priority Mail,US_domestic,1025,9.2,2.1,False,True,11.299999999999999
SHP-001807,2817,2025-12-02,USPS,USPS Ground Advantage,US_domestic,380,5.42,1.1,False,True,6.52
SHP-001808,2823,2025-12-02,USPS,USPS Priority Mail,US_domestic,760,9.55,2.1,False,True,11.65
SHP-001809,2829,2025-12-02,USPS,USPS Priority Mail,US_domestic,540,7.22,1.35,False,True,8.57
SHP-001810,2834,2025-12-02,USPS,USPS Ground Advantage,US_domestic,270,5.7,1.1,False,True,6.800000000000001
SHP-001811,2836,2025-12-02,USPS,USPS Ground Advantage,US_domestic,410,7.39,1.1,False,True,8.49
SHP-001812,2838,2025-12-02,USPS,USPS Ground Advantage,US_domestic,265,5.37,1.1,False,True,6.470000000000001
SHP-001813,2840,2025-12-02,USPS,USPS Priority Mail,US_domestic,1380,12.38,2.85,False,True,15.23
SHP-001814,2841,2025-12-02,USPS,USPS Ground Advantage,US_domestic,300,5.51,1.1,False,True,6.609999999999999
SHP-001815,2846,2025-12-02,USPS,USPS Priority Mail,US_domestic,765,9.3,1.85,False,True,11.15
SHP-001816,2851,2025-12-02,USPS,USPS Ground Advantage,US_domestic,265,5.6,1.1,False,True,6.699999999999999
SHP-001817,2854,2025-12-02,USPS,USPS Priority Mail International,CA,1060,19.76,2.1,False,True,21.860000000000003
SHP-001818,2855,2025-12-02,USPS,USPS Priority Mail International,AU,1160,29.26,2.85,False,True,32.11
SHP-001819,2856,2025-12-02,USPS,USPS Priority Mail International,CA,870,17.35,2.1,False,True,19.450000000000003
SHP-001820,2858,2025-12-02,USPS,USPS Ground Advantage,US_domestic,380,5.35,1.1,False,True,6.449999999999999
SHP-001821,2876,2025-12-02,USPS,USPS Ground Advantage,US_domestic,310,5.3,1.1,False,True,6.4
SHP-001822,2878,2025-12-02,USPS,USPS Ground Advantage,US_domestic,300,5.61,1.1,False,True,6.710000000000001
SHP-001823,2770,2025-12-03,USPS,USPS Priority Mail,US_domestic,1265,12.37,2.6,False,True,14.969999999999999
SHP-001824,2776,2025-12-03,USPS,USPS Priority Mail,US_domestic,610,7.21,1.35,False,True,8.56
SHP-001825,2783,2025-12-03,USPS,USPS Priority Mail,US_domestic,695,7.07,1.85,False,True,8.92
SHP-001826,2785,2025-12-03,USPS,USPS Ground Advantage,US_domestic,410,7.17,1.1,False,True,8.27
SHP-001827,2788,2025-12-03,USPS,USPS Ground Advantage,US_domestic,390,5.55,1.35,False,True,6.9
SHP-001828,2791,2025-12-03,USPS,USPS Ground Advantage,US_domestic,220,5.59,1.1,False,True,6.6899999999999995
SHP-001829,2793,2025-12-03,USPS,USPS Ground Advantage,US_domestic,410,7.03,1.1,False,True,8.13
SHP-001830,2794,2025-12-03,USPS,USPS Ground Advantage,US_domestic,270,5.48,1.1,False,True,6.58
SHP-001831,2796,2025-12-03,USPS,USPS Priority Mail International,GB,495,18.62,1.35,False,True,19.970000000000002
SHP-001832,2797,2025-12-03,USPS,USPS Priority Mail,US_domestic,1075,9.53,2.35,False,True,11.879999999999999
SHP-001833,2811,2025-12-03,USPS,USPS Priority Mail International,GB,500,18.55,1.35,False,True,19.900000000000002
SHP-001834,2818,2025-12-03,USPS,USPS Ground Advantage,US_domestic,310,5.48,1.1,False,True,6.58
SHP-001835,2822,2025-12-03,USPS,USPS Priority Mail,US_domestic,595,7.14,1.85,False,True,8.99
SHP-001836,2824,2025-12-03,USPS,USPS Priority Mail International,CA,695,16.15,1.85,False,True,18.0
SHP-001837,2825,2025-12-03,USPS,USPS Priority Mail,US_domestic,540,7.15,1.35,False,True,8.5
SHP-001838,2827,2025-12-03,USPS,USPS Priority Mail,US_domestic,510,7.0,1.6,False,True,8.6
SHP-001839,2828,2025-12-03,USPS,USPS Priority Mail,US_domestic,900,9.53,1.85,False,True,11.379999999999999
SHP-001840,2831,2025-12-03,USPS,USPS Ground Advantage,US_domestic,300,5.92,1.1,False,True,7.02
SHP-001841,2832,2025-12-03,USPS,USPS Ground Advantage,US_domestic,270,5.44,1.1,False,True,6.540000000000001
SHP-001842,2842,2025-12-03,USPS,USPS Priority Mail,US_domestic,1020,9.37,2.1,False,True,11.469999999999999
SHP-001843,2847,2025-12-03,USPS,USPS Ground Advantage,US_domestic,445,7.11,1.6,False,True,8.71
SHP-001844,2849,2025-12-03,USPS,USPS Priority Mail,US_domestic,575,7.27,1.85,False,True,9.12
SHP-001845,2861,2025-12-03,USPS,USPS Priority Mail,US_domestic,1165,9.24,2.35,False,True,11.59
SHP-001846,2862,2025-12-03,USPS,USPS Priority Mail,US_domestic,1305,12.39,2.6,False,True,14.99
SHP-001847,2869,2025-12-03,USPS,USPS Priority Mail,US_domestic,715,9.52,2.35,False,True,11.87
SHP-001848,2888,2025-12-03,USPS,USPS Priority Mail,US_domestic,1150,9.52,2.35,False,True,11.87
SHP-001849,2889,2025-12-03,USPS,USPS Priority Mail,US_domestic,1145,8.88,2.35,False,True,11.23
SHP-001850,2891,2025-12-03,USPS,USPS Priority Mail,US_domestic,765,9.23,1.85,False,True,11.08
SHP-001851,2830,2025-12-04,USPS,USPS Ground Advantage,US_domestic,390,5.6,1.1,False,True,6.699999999999999
SHP-001852,2835,2025-12-04,USPS,USPS Priority Mail,US_domestic,945,9.06,2.1,False,True,11.16
SHP-001853,2844,2025-12-04,USPS,USPS Ground Advantage,US_domestic,385,5.46,1.35,False,True,6.8100000000000005
SHP-001854,2845,2025-12-04,USPS,USPS Ground Advantage,US_domestic,270,5.49,1.1,False,True,6.59
SHP-001855,2850,2025-12-04,USPS,USPS Ground Advantage,US_domestic,450,7.3,1.35,False,True,8.65
SHP-001856,2857,2025-12-04,USPS,USPS Priority Mail International,CA,1130,19.64,2.1,False,True,21.740000000000002
SHP-001857,2863,2025-12-04,USPS,USPS Priority Mail International,CA,265,12.22,1.1,False,True,13.32
SHP-001858,2866,2025-12-04,USPS,USPS Ground Advantage,US_domestic,385,5.5,1.35,False,True,6.85
SHP-001859,2867,2025-12-04,USPS,USPS Priority Mail,US_domestic,885,9.35,2.1,False,True,11.45
SHP-001860,2875,2025-12-04,USPS,USPS Ground Advantage,US_domestic,445,7.22,1.6,False,True,8.82
SHP-001861,2877,2025-12-04,USPS,USPS Priority Mail,US_domestic,935,9.4,2.6,False,True,12.0
SHP-001862,2879,2025-12-04,USPS,USPS Ground Advantage,US_domestic,270,5.42,1.1,False,True,6.52
SHP-001863,2881,2025-12-04,USPS,USPS Priority Mail,US_domestic,570,7.11,1.6,False,True,8.71
SHP-001864,2883,2025-12-04,USPS,USPS Ground Advantage,US_domestic,310,5.24,1.1,False,True,6.34
SHP-001865,2886,2025-12-04,USPS,USPS Priority Mail,US_domestic,765,9.3,1.85,False,True,11.15
SHP-001866,2890,2025-12-04,USPS,USPS Ground Advantage,US_domestic,270,5.41,1.1,False,True,6.51
SHP-001867,2892,2025-12-04,USPS,USPS Priority Mail,US_domestic,1525,12.3,2.35,False,True,14.65
SHP-001868,2893,2025-12-04,USPS,USPS Priority Mail,US_domestic,675,7.24,1.85,False,True,9.09
SHP-001869,2899,2025-12-04,USPS,USPS Priority Mail,US_domestic,685,7.35,1.85,False,True,9.2
SHP-001870,2904,2025-12-04,USPS,USPS Priority Mail,US_domestic,500,7.22,1.85,False,True,9.07
SHP-001871,2905,2025-12-04,USPS,USPS Priority Mail,US_domestic,1035,9.36,2.6,False,True,11.959999999999999
SHP-001872,2907,2025-12-04,USPS,USPS Priority Mail,US_domestic,1165,9.28,2.6,False,True,11.879999999999999
SHP-001873,2908,2025-12-04,USPS,USPS Priority Mail International,CA,310,12.66,1.1,False,True,13.76
SHP-001874,2909,2025-12-04,USPS,USPS Ground Advantage,US_domestic,380,5.42,1.1,False,True,6.52
SHP-001875,2870,2025-12-05,USPS,USPS Ground Advantage,US_domestic,270,5.68,1.1,False,True,6.779999999999999
SHP-001876,2871,2025-12-05,USPS,USPS Ground Advantage,US_domestic,380,5.61,1.1,False,True,6.710000000000001
SHP-001877,2872,2025-12-05,USPS,USPS Priority Mail International,AU,270,19.31,1.1,False,True,20.41
SHP-001878,2873,2025-12-05,USPS,USPS Priority Mail,US_domestic,995,9.31,2.1,False,True,11.41
SHP-001879,2874,2025-12-05,USPS,USPS Ground Advantage,US_domestic,380,5.55,1.1,False,True,6.65
SHP-001880,2880,2025-12-05,USPS,USPS Ground Advantage,US_domestic,410,7.24,1.1,False,True,8.34
SHP-001881,2887,2025-12-05,USPS,USPS Ground Advantage,US_domestic,380,5.39,1.1,False,True,6.49
SHP-001882,2894,2025-12-05,USPS,USPS Ground Advantage,US_domestic,310,5.49,1.1,False,True,6.59
SHP-001883,2895,2025-12-05,USPS,USPS Ground Advantage,US_domestic,320,5.68,1.1,False,True,6.779999999999999
SHP-001884,2897,2025-12-05,USPS,USPS Priority Mail,US_domestic,1115,9.5,2.35,False,True,11.85
SHP-001885,2900,2025-12-05,USPS,USPS Ground Advantage,US_domestic,380,5.62,1.35,False,True,6.970000000000001
SHP-001886,2901,2025-12-05,USPS,USPS Ground Advantage,US_domestic,265,5.43,1.1,False,True,6.529999999999999
SHP-001887,2906,2025-12-05,USPS,USPS Priority Mail International,AU,320,19.07,1.1,False,True,20.17
SHP-001888,2911,2025-12-05,USPS,USPS Ground Advantage,US_domestic,265,5.54,1.1,True,True,6.640000000000001
SHP-001889,2913,2025-12-05,USPS,USPS Ground Advantage,US_domestic,310,5.25,1.1,False,True,6.35
SHP-001890,2918,2025-12-05,USPS,USPS Ground Advantage,US_domestic,310,5.54,1.1,False,True,6.640000000000001
SHP-001891,2921,2025-12-05,USPS,USPS Priority Mail,US_domestic,1275,11.81,3.1,False,True,14.91
SHP-001892,2407,2025-12-06,USPS,USPS Ground Advantage,US_domestic,220,5.38,1.1,False,True,6.48
SHP-001893,2882,2025-12-06,USPS,USPS Ground Advantage,US_domestic,380,5.49,1.1,False,True,6.59
SHP-001894,2884,2025-12-06,USPS,USPS Ground Advantage,US_domestic,410,7.02,1.1,False,True,8.12
SHP-001895,2885,2025-12-06,USPS,USPS Priority Mail International,AU,310,18.84,1.1,False,True,19.94
SHP-001896,2898,2025-12-06,USPS,USPS Priority Mail,US_domestic,610,7.07,1.35,False,True,8.42
SHP-001897,2910,2025-12-06,USPS,USPS Priority Mail,US_domestic,935,9.39,2.1,False,True,11.49
SHP-001898,2928,2025-12-06,USPS,USPS Priority Mail,US_domestic,645,7.07,1.85,False,True,8.92
SHP-001899,2509,2025-12-07,USPS,USPS Ground Advantage,US_domestic,750,9.36,1.1,False,True,10.459999999999999
SHP-001900,2896,2025-12-07,USPS,USPS Ground Advantage,US_domestic,270,5.42,1.1,False,True,6.52
SHP-001901,2902,2025-12-07,USPS,USPS Priority Mail,US_domestic,885,9.41,2.1,False,True,11.51
SHP-001902,2903,2025-12-07,USPS,USPS Ground Advantage,US_domestic,265,5.35,1.1,False,True,6.449999999999999
SHP-001903,2914,2025-12-07,USPS,USPS Ground Advantage,US_domestic,320,5.59,1.1,False,True,6.6899999999999995
SHP-001904,2917,2025-12-07,USPS,USPS Priority Mail,US_domestic,765,9.41,1.85,False,True,11.26
SHP-001905,2919,2025-12-07,USPS,USPS Priority Mail,US_domestic,750,9.5,1.6,False,True,11.1
SHP-001906,2922,2025-12-07,USPS,USPS Priority Mail,US_domestic,510,7.17,1.35,False,True,8.52
SHP-001907,2924,2025-12-07,USPS,USPS Ground Advantage,US_domestic,380,5.72,1.35,False,True,7.07
SHP-001908,2925,2025-12-07,USPS,USPS Priority Mail,US_domestic,670,6.91,1.1,False,True,8.01
SHP-001909,2931,2025-12-07,USPS,USPS Priority Mail International,CA,270,12.0,1.1,False,True,13.1
SHP-001910,2933,2025-12-07,USPS,USPS Ground Advantage,US_domestic,310,5.66,1.1,False,True,6.76
SHP-001911,2937,2025-12-07,USPS,USPS Ground Advantage,US_domestic,390,5.66,1.1,False,True,6.76
SHP-001912,2940,2025-12-07,USPS,USPS Ground Advantage,US_domestic,270,5.47,1.1,False,True,6.57
SHP-001913,2941,2025-12-07,USPS,USPS Ground Advantage,US_domestic,300,5.48,1.1,False,True,6.58
SHP-001914,2947,2025-12-07,USPS,USPS Priority Mail,US_domestic,605,7.46,1.85,False,True,9.31
SHP-001915,2912,2025-12-08,USPS,USPS Priority Mail,US_domestic,595,7.42,1.85,False,True,9.27
SHP-001916,2915,2025-12-08,USPS,USPS Priority Mail,US_domestic,530,7.19,1.6,False,True,8.790000000000001
SHP-001917,2916,2025-12-08,USPS,USPS Ground Advantage,US_domestic,390,5.41,1.1,False,True,6.51
SHP-001918,2920,2025-12-08,USPS,USPS Priority Mail,US_domestic,500,7.07,1.35,False,True,8.42
SHP-001919,2923,2025-12-08,USPS,USPS Priority Mail,US_domestic,610,7.33,1.6,False,True,8.93
SHP-001920,2929,2025-12-08,USPS,USPS Priority Mail International,GB,530,19.51,1.35,False,True,20.860000000000003
SHP-001921,2935,2025-12-08,USPS,USPS Ground Advantage,US_domestic,265,5.52,1.1,False,True,6.619999999999999
SHP-001922,2938,2025-12-08,USPS,USPS Priority Mail,US_domestic,765,9.66,1.85,False,True,11.51
SHP-001923,2942,2025-12-08,USPS,USPS Priority Mail,US_domestic,910,9.38,1.85,False,True,11.23
SHP-001924,2944,2025-12-08,USPS,USPS Ground Advantage,US_domestic,390,5.45,1.35,False,True,6.800000000000001
SHP-001925,2723,2025-12-09,USPS,USPS Ground Advantage,US_domestic,670,7.27,1.1,False,True,8.37
SHP-001926,2926,2025-12-09,USPS,USPS Priority Mail International,GB,385,17.47,1.35,False,True,18.82
SHP-001927,2927,2025-12-09,USPS,USPS Priority Mail,US_domestic,565,7.48,1.85,False,True,9.33
SHP-001928,2930,2025-12-09,USPS,USPS Priority Mail,US_domestic,990,9.25,1.85,False,True,11.1
SHP-001929,2939,2025-12-09,USPS,USPS Priority Mail International,AU,380,20.57,1.1,False,True,21.67
SHP-001930,2945,2025-12-09,USPS,USPS Priority Mail,US_domestic,630,7.14,1.85,False,True,8.99
SHP-001931,2946,2025-12-09,USPS,USPS Ground Advantage,US_domestic,320,5.39,1.1,False,True,6.49
SHP-001932,2949,2025-12-09,USPS,USPS Ground Advantage,US_domestic,320,5.37,1.1,False,True,6.470000000000001
SHP-001933,2953,2025-12-09,USPS,USPS Ground Advantage,US_domestic,390,5.53,1.35,False,True,6.880000000000001
SHP-001934,2954,2025-12-09,USPS,USPS Priority Mail,US_domestic,920,9.18,2.6,False,True,11.78
SHP-001935,2955,2025-12-09,USPS,USPS Priority Mail,US_domestic,535,7.06,1.85,False,True,8.91
SHP-001936,2956,2025-12-09,USPS,USPS Ground Advantage,US_domestic,270,5.37,1.1,False,True,6.470000000000001
SHP-001937,2957,2025-12-09,USPS,USPS Ground Advantage,US_domestic,310,5.48,1.1,False,True,6.58
SHP-001938,2959,2025-12-09,USPS,USPS Ground Advantage,US_domestic,270,5.44,1.1,False,True,6.540000000000001
SHP-001939,2965,2025-12-09,USPS,USPS Ground Advantage,US_domestic,390,5.59,1.1,False,True,6.6899999999999995
SHP-001940,2966,2025-12-09,USPS,USPS Priority Mail,US_domestic,1050,9.36,2.35,False,True,11.709999999999999
SHP-001941,2967,2025-12-09,USPS,USPS Ground Advantage,US_domestic,265,5.46,1.1,False,True,6.5600000000000005
SHP-001942,2934,2025-12-10,USPS,USPS Priority Mail International,AU,390,19.83,1.1,False,True,20.93
SHP-001943,2936,2025-12-10,USPS,USPS Priority Mail,US_domestic,500,7.48,1.35,False,True,8.83
SHP-001944,2943,2025-12-10,USPS,USPS Priority Mail International,AU,300,18.89,1.1,False,True,19.990000000000002
SHP-001945,2948,2025-12-10,USPS,USPS Priority Mail,US_domestic,925,9.53,2.35,False,True,11.879999999999999
SHP-001946,2963,2025-12-10,USPS,USPS Priority Mail,US_domestic,1285,12.74,2.1,False,True,14.84
SHP-001947,2964,2025-12-10,USPS,USPS Priority Mail,US_domestic,670,7.48,1.1,False,True,8.58
SHP-001948,2973,2025-12-10,USPS,USPS Ground Advantage,US_domestic,270,5.37,1.1,False,True,6.470000000000001
SHP-001949,2976,2025-12-10,USPS,USPS Ground Advantage,US_domestic,390,5.6,1.1,False,True,6.699999999999999
SHP-001950,2950,2025-12-11,USPS,USPS Ground Advantage,US_domestic,390,5.62,1.1,False,True,6.720000000000001
SHP-001951,2951,2025-12-11,USPS,USPS Ground Advantage,US_domestic,380,5.37,1.35,False,True,6.720000000000001
SHP-001952,2952,2025-12-11,USPS,USPS Ground Advantage,US_domestic,320,5.48,1.1,False,True,6.58
SHP-001953,2958,2025-12-11,USPS,USPS Ground Advantage,US_domestic,390,5.63,1.35,False,True,6.98
SHP-001954,2962,2025-12-11,USPS,USPS Priority Mail,US_domestic,625,7.22,1.85,False,True,9.07
SHP-001955,2969,2025-12-11,USPS,USPS Priority Mail,US_domestic,490,7.43,1.35,False,True,8.78
SHP-001956,2971,2025-12-11,USPS,USPS Ground Advantage,US_domestic,445,7.15,1.6,False,True,8.75
SHP-001957,2974,2025-12-11,USPS,USPS Ground Advantage,US_domestic,410,7.01,1.1,False,True,8.11
SHP-001958,2975,2025-12-11,USPS,USPS Ground Advantage,US_domestic,270,5.67,1.1,False,True,6.77
SHP-001959,2983,2025-12-11,USPS,USPS Priority Mail International,CA,270,11.98,1.1,False,True,13.08
SHP-001960,2984,2025-12-11,USPS,USPS Priority Mail,US_domestic,670,7.09,1.1,False,True,8.19
SHP-001961,2985,2025-12-11,USPS,USPS Priority Mail,US_domestic,765,9.36,1.85,False,True,11.209999999999999
SHP-001962,2989,2025-12-11,USPS,USPS Priority Mail,US_domestic,1045,9.19,2.35,False,True,11.54
SHP-001963,2993,2025-12-11,USPS,USPS Priority Mail,US_domestic,765,9.46,1.85,False,True,11.31
SHP-001964,2994,2025-12-11,USPS,USPS Priority Mail,US_domestic,670,7.27,1.85,False,True,9.12
SHP-001965,2996,2025-12-11,USPS,USPS Priority Mail,US_domestic,1095,9.3,2.35,False,True,11.65
SHP-001966,2408,2025-12-12,USPS,USPS Ground Advantage,US_domestic,310,5.53,1.1,False,True,6.630000000000001
SHP-001967,2960,2025-12-12,USPS,USPS Priority Mail International,CA,390,13.1,1.1,False,True,14.2
SHP-001968,2961,2025-12-12,USPS,USPS Ground Advantage,US_domestic,385,5.64,1.35,False,True,6.99
SHP-001969,2968,2025-12-12,USPS,USPS Priority Mail International,GB,765,21.67,1.85,False,True,23.520000000000003
SHP-001970,2970,2025-12-12,USPS,USPS Priority Mail,US_domestic,1170,9.3,2.35,False,True,11.65
SHP-001971,2977,2025-12-12,USPS,USPS Priority Mail,US_domestic,745,9.23,2.35,False,True,11.58
SHP-001972,2978,2025-12-12,USPS,USPS Ground Advantage,US_domestic,270,5.52,1.1,False,True,6.619999999999999
SHP-001973,2982,2025-12-12,USPS,USPS Ground Advantage,US_domestic,310,5.52,1.1,False,True,6.619999999999999
SHP-001974,2992,2025-12-12,USPS,USPS Ground Advantage,US_domestic,300,5.43,1.1,False,True,6.529999999999999
SHP-001975,3003,2025-12-12,USPS,USPS Priority Mail,US_domestic,1275,12.1,3.1,False,True,15.2
SHP-001976,2497,2025-12-13,USPS,USPS Ground Advantage,US_domestic,310,5.49,1.1,False,True,6.59
SHP-001977,2972,2025-12-13,USPS,USPS Priority Mail,US_domestic,550,7.51,1.6,False,True,9.11
SHP-001978,2979,2025-12-13,USPS,USPS Ground Advantage,US_domestic,390,5.45,1.1,False,True,6.550000000000001
SHP-001979,2980,2025-12-13,USPS,USPS Priority Mail,US_domestic,670,7.2,1.85,False,True,9.05
SHP-001980,2981,2025-12-13,USPS,USPS Ground Advantage,US_domestic,220,5.51,1.1,False,True,6.609999999999999
SHP-001981,2987,2025-12-13,USPS,USPS Priority Mail,US_domestic,735,9.36,2.35,False,True,11.709999999999999
SHP-001982,2995,2025-12-13,USPS,USPS Ground Advantage,US_domestic,270,5.46,1.1,False,True,6.5600000000000005
SHP-001983,3002,2025-12-13,USPS,USPS Ground Advantage,US_domestic,380,5.71,1.1,False,True,6.8100000000000005
SHP-001984,3004,2025-12-13,USPS,USPS Ground Advantage,US_domestic,300,5.46,1.1,False,True,6.5600000000000005
SHP-001985,3005,2025-12-13,USPS,USPS Priority Mail,US_domestic,885,9.0,2.1,False,True,11.1
SHP-001986,3007,2025-12-13,USPS,USPS Priority Mail International,GB,705,21.27,2.6,False,True,23.87
SHP-001987,3009,2025-12-13,USPS,USPS Priority Mail,US_domestic,565,7.16,1.85,False,True,9.01
SHP-001988,3010,2025-12-13,USPS,USPS Ground Advantage,US_domestic,320,5.45,1.1,False,True,6.550000000000001
SHP-001989,3011,2025-12-13,USPS,USPS Ground Advantage,US_domestic,415,7.24,1.35,False,True,8.59
SHP-001990,3013,2025-12-13,USPS,USPS Ground Advantage,US_domestic,380,5.34,1.1,False,True,6.4399999999999995
SHP-001991,3016,2025-12-13,USPS,USPS Priority Mail International,CA,560,14.59,1.35,False,True,15.94
SHP-001992,3017,2025-12-13,USPS,USPS Priority Mail,US_domestic,1525,11.98,2.6,False,True,14.58
SHP-001993,3018,2025-12-13,USPS,USPS Ground Advantage,US_domestic,380,5.55,1.1,False,True,6.65
SHP-001994,3020,2025-12-13,USPS,USPS Priority Mail International,AU,270,19.58,1.1,False,True,20.68
SHP-001995,3023,2025-12-13,USPS,USPS Ground Advantage,US_domestic,270,5.44,1.1,False,True,6.540000000000001
SHP-001996,3025,2025-12-13,USPS,USPS Ground Advantage,US_domestic,415,7.03,1.35,False,True,8.38
SHP-001997,2986,2025-12-14,USPS,USPS Ground Advantage,US_domestic,300,5.35,1.1,False,True,6.449999999999999
SHP-001998,2988,2025-12-14,USPS,USPS Priority Mail,US_domestic,625,7.12,1.85,False,True,8.97
SHP-001999,2990,2025-12-14,USPS,USPS Ground Advantage,US_domestic,270,5.6,1.1,False,True,6.699999999999999
SHP-002000,2997,2025-12-14,USPS,USPS Priority Mail,US_domestic,675,7.3,1.85,False,True,9.15
SHP-002001,2998,2025-12-14,USPS,USPS Priority Mail,US_domestic,660,7.41,1.6,False,True,9.01
SHP-002002,2999,2025-12-14,USPS,USPS Priority Mail,US_domestic,550,6.91,1.35,False,True,8.26
SHP-002003,3000,2025-12-14,USPS,USPS Priority Mail,US_domestic,750,9.47,1.6,False,True,11.07
SHP-002004,3001,2025-12-14,USPS,USPS Ground Advantage,US_domestic,380,5.45,1.35,False,True,6.800000000000001
SHP-002005,3008,2025-12-14,USPS,USPS Priority Mail,US_domestic,745,9.29,2.1,False,True,11.389999999999999
SHP-002006,3035,2025-12-14,USPS,USPS Ground Advantage,US_domestic,415,7.4,1.35,False,True,8.75
SHP-002007,3036,2025-12-14,USPS,USPS Priority Mail,US_domestic,505,7.18,1.35,False,True,8.53
SHP-002008,3037,2025-12-14,USPS,USPS Priority Mail International,CA,765,17.08,1.85,False,True,18.93
SHP-002009,3006,2025-12-15,USPS,USPS Priority Mail,US_domestic,675,7.27,1.85,False,True,9.12
SHP-002010,3012,2025-12-15,USPS,USPS Ground Advantage,US_domestic,270,5.51,1.1,False,True,6.609999999999999
SHP-002011,3019,2025-12-15,USPS,USPS Priority Mail International,CA,270,12.35,1.1,False,True,13.45
SHP-002012,3024,2025-12-15,USPS,USPS Ground Advantage,US_domestic,270,5.48,1.1,False,True,6.58
SHP-002013,3029,2025-12-15,USPS,USPS Priority Mail,US_domestic,790,9.48,1.85,False,True,11.33
SHP-002014,3031,2025-12-15,USPS,USPS Ground Advantage,US_domestic,270,5.7,1.1,False,True,6.800000000000001
SHP-002015,3032,2025-12-15,USPS,USPS Priority Mail,US_domestic,540,7.17,1.35,False,True,8.52
SHP-002016,3040,2025-12-15,USPS,USPS Priority Mail,US_domestic,635,7.14,1.85,False,True,8.99
SHP-002017,3043,2025-12-15,USPS,USPS Priority Mail,US_domestic,995,9.34,2.1,False,True,11.44
SHP-002018,3044,2025-12-15,USPS,USPS Priority Mail International,AU,500,21.69,1.35,False,True,23.040000000000003
SHP-002019,3014,2025-12-16,USPS,USPS Priority Mail International,CA,265,12.1,1.1,False,True,13.2
SHP-002020,3015,2025-12-16,USPS,USPS Priority Mail,US_domestic,765,9.51,1.85,False,True,11.36
SHP-002021,3021,2025-12-16,USPS,USPS Ground Advantage,US_domestic,420,7.21,1.35,False,True,8.56
SHP-002022,3022,2025-12-16,USPS,USPS Priority Mail International,AU,300,19.41,1.1,False,True,20.51
SHP-002023,3027,2025-12-16,USPS,USPS Priority Mail,US_domestic,630,7.11,1.6,False,True,8.71
SHP-002024,3033,2025-12-16,USPS,USPS Ground Advantage,US_domestic,420,7.17,1.35,False,True,8.52
SHP-002025,3034,2025-12-16,USPS,USPS Priority Mail,US_domestic,1555,12.31,2.85,False,True,15.16
SHP-002026,3038,2025-12-16,USPS,USPS Ground Advantage,US_domestic,435,7.38,1.35,False,True,8.73
SHP-002027,3051,2025-12-16,USPS,USPS Priority Mail,US_domestic,500,7.25,1.35,False,True,8.6
SHP-002028,3055,2025-12-16,USPS,USPS Priority Mail International,GB,1525,30.17,2.6,False,True,32.77
SHP-002029,3058,2025-12-16,USPS,USPS Priority Mail,US_domestic,1285,11.92,2.1,False,True,14.02
SHP-002030,3026,2025-12-17,USPS,USPS Priority Mail,US_domestic,765,9.01,1.85,False,True,10.86
SHP-002031,3028,2025-12-17,USPS,USPS Priority Mail,US_domestic,1285,11.99,2.1,False,True,14.09
SHP-002032,3030,2025-12-17,USPS,USPS Priority Mail,US_domestic,765,9.42,1.85,False,True,11.27
SHP-002033,3041,2025-12-17,USPS,USPS Priority Mail International,CA,880,18.26,2.1,False,True,20.360000000000003
SHP-002034,3047,2025-12-17,USPS,USPS Ground Advantage,US_domestic,310,5.49,1.1,False,True,6.59
SHP-002035,3048,2025-12-17,USPS,USPS Ground Advantage,US_domestic,270,5.38,1.1,False,True,6.48
SHP-002036,3050,2025-12-17,USPS,USPS Ground Advantage,US_domestic,270,5.44,1.1,False,True,6.540000000000001
SHP-002037,3057,2025-12-17,USPS,USPS Priority Mail,US_domestic,760,8.74,2.35,True,True,11.09
SHP-002038,3060,2025-12-17,USPS,USPS Ground Advantage,US_domestic,380,5.59,1.1,False,True,6.6899999999999995
SHP-002039,3063,2025-12-17,USPS,USPS Ground Advantage,US_domestic,420,7.26,1.35,False,True,8.61
SHP-002040,3065,2025-12-17,USPS,USPS Priority Mail,US_domestic,895,9.19,2.85,False,True,12.04
SHP-002041,3066,2025-12-17,USPS,USPS Priority Mail,US_domestic,500,7.19,1.35,False,True,8.540000000000001
SHP-002042,3067,2025-12-17,USPS,USPS Ground Advantage,US_domestic,270,5.58,1.1,False,True,6.68
SHP-002043,3083,2025-12-17,USPS,USPS Priority Mail,US_domestic,525,7.21,1.35,False,True,8.56
SHP-002044,3084,2025-12-17,USPS,USPS Priority Mail International,CA,855,17.29,2.6,False,True,19.89
SHP-002045,3086,2025-12-17,USPS,USPS Priority Mail,US_domestic,500,7.2,1.35,False,True,8.55
SHP-002046,3039,2025-12-18,USPS,USPS Priority Mail,US_domestic,535,7.28,1.85,False,True,9.13
SHP-002047,3042,2025-12-18,USPS,USPS Ground Advantage,US_domestic,300,5.6,1.1,False,True,6.699999999999999
SHP-002048,3045,2025-12-18,USPS,USPS Ground Advantage,US_domestic,390,5.61,1.1,False,True,6.710000000000001
SHP-002049,3046,2025-12-18,USPS,USPS Priority Mail International,GB,320,17.0,1.1,False,True,18.1
SHP-002050,3049,2025-12-18,USPS,USPS Ground Advantage,US_domestic,265,5.38,1.1,False,True,6.48
SHP-002051,3056,2025-12-18,USPS,USPS Ground Advantage,US_domestic,380,5.49,1.35,False,True,6.84
SHP-002052,3061,2025-12-18,USPS,USPS Priority Mail,US_domestic,595,7.4,1.85,False,True,9.25
SHP-002053,3070,2025-12-18,USPS,USPS Priority Mail,US_domestic,670,7.2,1.1,False,True,8.3
SHP-002054,3071,2025-12-18,USPS,USPS Priority Mail International,AU,495,21.76,1.35,False,True,23.110000000000003
SHP-002055,3078,2025-12-18,USPS,USPS Priority Mail,US_domestic,510,7.36,1.35,False,True,8.71
SHP-002056,3080,2025-12-18,USPS,USPS Ground Advantage,US_domestic,380,5.61,1.1,False,True,6.710000000000001
SHP-002057,3081,2025-12-18,USPS,USPS Priority Mail International,GB,445,18.72,1.6,False,True,20.32
SHP-002058,3082,2025-12-18,USPS,USPS Priority Mail International,GB,930,23.81,2.85,False,True,26.66
SHP-002059,3090,2025-12-18,USPS,USPS Priority Mail,US_domestic,530,7.26,1.35,False,True,8.61
SHP-002060,3095,2025-12-18,USPS,USPS Ground Advantage,US_domestic,390,5.57,1.1,False,True,6.67
SHP-002061,3103,2025-12-18,USPS,USPS Priority Mail,US_domestic,500,7.09,1.35,False,True,8.44
SHP-002062,3053,2025-12-19,USPS,USPS Ground Advantage,US_domestic,300,5.65,1.1,False,True,6.75
SHP-002063,3054,2025-12-19,USPS,USPS Ground Advantage,US_domestic,430,7.09,1.35,False,True,8.44
SHP-002064,3059,2025-12-19,USPS,USPS Priority Mail International,CA,925,17.78,2.35,False,True,20.130000000000003
SHP-002065,3062,2025-12-19,USPS,USPS Priority Mail,US_domestic,670,7.2,1.6,False,True,8.8
SHP-002066,3064,2025-12-19,USPS,USPS Priority Mail,US_domestic,755,9.43,2.6,False,True,12.03
SHP-002067,3068,2025-12-19,USPS,USPS Ground Advantage,US_domestic,300,5.42,1.1,False,True,6.52
SHP-002068,3069,2025-12-19,USPS,USPS Ground Advantage,US_domestic,380,5.51,1.1,False,True,6.609999999999999
SHP-002069,3073,2025-12-19,USPS,USPS Ground Advantage,US_domestic,270,5.46,1.1,False,True,6.5600000000000005
SHP-002070,3076,2025-12-19,USPS,USPS Priority Mail,US_domestic,830,9.89,2.1,False,True,11.99
SHP-002071,3077,2025-12-19,USPS,USPS Priority Mail International,CA,410,12.91,1.1,False,True,14.01
SHP-002072,3079,2025-12-19,USPS,USPS Ground Advantage,US_domestic,270,5.48,1.1,False,True,6.58
SHP-002073,3098,2025-12-19,USPS,USPS Priority Mail International,AU,320,19.42,1.1,False,True,20.520000000000003
SHP-002074,3100,2025-12-19,USPS,USPS Ground Advantage,US_domestic,390,5.61,1.35,False,True,6.960000000000001
SHP-002075,3101,2025-12-19,USPS,USPS Priority Mail International,GB,300,16.62,1.1,False,True,17.720000000000002
SHP-002076,3104,2025-12-19,USPS,USPS Ground Advantage,US_domestic,420,7.42,1.35,False,True,8.77
SHP-002077,3108,2025-12-19,USPS,USPS Priority Mail,US_domestic,610,7.33,1.35,False,True,8.68
SHP-002078,3116,2025-12-19,USPS,USPS Ground Advantage,US_domestic,380,5.67,1.1,False,True,6.77
SHP-002079,3117,2025-12-19,USPS,USPS Ground Advantage,US_domestic,380,5.55,1.35,False,True,6.9
SHP-002080,3118,2025-12-19,USPS,USPS Ground Advantage,US_domestic,310,5.35,1.1,False,True,6.449999999999999
SHP-002081,3072,2025-12-20,USPS,USPS Ground Advantage,US_domestic,310,5.5,1.1,False,True,6.6
SHP-002082,3074,2025-12-20,USPS,USPS Priority Mail,US_domestic,640,6.95,1.35,False,True,8.3
SHP-002083,3075,2025-12-20,USPS,USPS Priority Mail,US_domestic,555,7.23,1.85,False,True,9.08
SHP-002084,3085,2025-12-20,USPS,USPS Ground Advantage,US_domestic,270,5.44,1.1,False,True,6.540000000000001
SHP-002085,3087,2025-12-20,USPS,USPS Priority Mail International,GB,1045,24.93,2.6,False,True,27.53
SHP-002086,3088,2025-12-20,USPS,USPS Priority Mail,US_domestic,670,7.31,1.1,False,True,8.41
SHP-002087,3093,2025-12-20,USPS,USPS Ground Advantage,US_domestic,220,5.6,1.1,False,True,6.699999999999999
SHP-002088,3094,2025-12-20,USPS,USPS Priority Mail,US_domestic,765,9.71,1.85,False,True,11.56
SHP-002089,3107,2025-12-20,USPS,USPS Priority Mail,US_domestic,825,9.87,2.35,False,True,12.219999999999999
SHP-002090,3109,2025-12-20,USPS,USPS Priority Mail,US_domestic,755,9.68,2.35,False,True,12.03
SHP-002091,3112,2025-12-20,USPS,USPS Priority Mail International,AU,265,18.53,1.1,False,True,19.630000000000003
SHP-002092,3114,2025-12-20,USPS,USPS Ground Advantage,US_domestic,270,5.64,1.1,False,True,6.74
SHP-002093,3127,2025-12-20,USPS,USPS Ground Advantage,US_domestic,300,5.53,1.1,False,True,6.630000000000001
SHP-002094,3130,2025-12-20,USPS,USPS Ground Advantage,US_domestic,380,5.71,1.1,False,True,6.8100000000000005
SHP-002095,3131,2025-12-20,USPS,USPS Priority Mail International,CA,670,15.85,1.1,False,True,16.95
SHP-002096,3089,2025-12-21,USPS,USPS Priority Mail,US_domestic,700,7.41,1.6,False,True,9.01
SHP-002097,3091,2025-12-21,USPS,USPS Priority Mail,US_domestic,670,7.35,1.1,False,True,8.45
SHP-002098,3097,2025-12-21,USPS,USPS Priority Mail,US_domestic,785,9.6,1.85,False,True,11.45
SHP-002099,3099,2025-12-21,USPS,USPS Priority Mail,US_domestic,790,9.18,1.85,False,True,11.03
SHP-002100,3102,2025-12-21,USPS,USPS Ground Advantage,US_domestic,270,5.56,1.1,False,True,6.66
SHP-002101,3105,2025-12-21,USPS,USPS Priority Mail International,AU,1125,30.46,2.6,False,True,33.06
SHP-002102,3106,2025-12-21,USPS,USPS Ground Advantage,US_domestic,220,5.53,1.1,False,True,6.630000000000001
SHP-002103,3111,2025-12-21,USPS,USPS Ground Advantage,US_domestic,390,5.58,1.35,False,True,6.93
SHP-002104,3122,2025-12-21,USPS,USPS Ground Advantage,US_domestic,265,5.44,1.1,False,True,6.540000000000001
SHP-002105,3123,2025-12-21,USPS,USPS Priority Mail,US_domestic,495,7.43,1.6,False,True,9.03
SHP-002106,3125,2025-12-21,USPS,USPS Ground Advantage,US_domestic,270,5.41,1.1,False,True,6.51
SHP-002107,3138,2025-12-21,USPS,USPS Ground Advantage,US_domestic,270,5.51,1.1,False,True,6.609999999999999
SHP-002108,3110,2025-12-22,USPS,USPS Ground Advantage,US_domestic,320,5.41,1.1,False,True,6.51
SHP-002109,3115,2025-12-22,USPS,USPS Ground Advantage,US_domestic,450,7.17,1.35,False,True,8.52
SHP-002110,3119,2025-12-22,USPS,USPS Ground Advantage,US_domestic,300,5.54,1.1,False,True,6.640000000000001
SHP-002111,3120,2025-12-22,USPS,USPS Priority Mail,US_domestic,1265,12.51,3.1,False,True,15.61
SHP-002112,3121,2025-12-22,USPS,USPS Priority Mail International,CA,270,12.36,1.1,False,True,13.459999999999999
SHP-002113,3124,2025-12-22,USPS,USPS Priority Mail International,CA,765,16.49,1.85,False,True,18.34
SHP-002114,3126,2025-12-22,USPS,USPS Ground Advantage,US_domestic,270,5.62,1.1,False,True,6.720000000000001
SHP-002115,3134,2025-12-22,USPS,USPS Priority Mail,US_domestic,470,7.06,1.35,False,True,8.41
SHP-002116,3137,2025-12-22,USPS,USPS Priority Mail,US_domestic,765,9.21,1.85,False,True,11.06
SHP-002117,3142,2025-12-22,USPS,USPS Ground Advantage,US_domestic,450,6.97,1.35,False,True,8.32
SHP-002118,3149,2025-12-22,USPS,USPS Ground Advantage,US_domestic,380,5.55,1.1,False,True,6.65
SHP-002119,3128,2025-12-23,USPS,USPS Ground Advantage,US_domestic,265,5.39,1.1,False,True,6.49
SHP-002120,3129,2025-12-23,USPS,USPS Priority Mail,US_domestic,670,7.28,1.1,False,True,8.38
SHP-002121,3132,2025-12-23,USPS,USPS Ground Advantage,US_domestic,270,5.37,1.1,False,True,6.470000000000001
SHP-002122,3133,2025-12-23,USPS,USPS Priority Mail,US_domestic,500,7.21,1.35,False,True,8.56
SHP-002123,3136,2025-12-23,USPS,USPS Ground Advantage,US_domestic,270,5.54,1.1,False,True,6.640000000000001
SHP-002124,3139,2025-12-23,USPS,USPS Ground Advantage,US_domestic,270,5.66,1.1,False,True,6.76
SHP-002125,3141,2025-12-23,USPS,USPS Priority Mail International,CA,765,16.95,1.85,False,True,18.8
SHP-002126,3143,2025-12-23,USPS,USPS Priority Mail International,AU,470,21.98,1.35,False,True,23.330000000000002
SHP-002127,3150,2025-12-23,USPS,USPS Priority Mail,US_domestic,620,7.99,1.85,True,True,9.84
SHP-002128,3152,2025-12-23,USPS,USPS Priority Mail,US_domestic,1645,12.13,2.6,False,True,14.73
SHP-002129,3155,2025-12-23,USPS,USPS Priority Mail,US_domestic,1480,12.58,2.85,True,True,15.43
SHP-002130,2770,2025-12-24,USPS,USPS Ground Advantage,US_domestic,380,5.54,1.1,False,True,6.640000000000001
SHP-002131,3135,2025-12-24,USPS,USPS Priority Mail International,GB,720,22.24,2.1,False,True,24.34
SHP-002132,3140,2025-12-24,USPS,USPS Priority Mail,US_domestic,560,7.2,1.6,False,True,8.8
SHP-002133,3147,2025-12-24,USPS,USPS Ground Advantage,US_domestic,380,5.55,1.1,False,True,6.65
SHP-002134,3148,2025-12-24,USPS,USPS Ground Advantage,US_domestic,270,5.45,1.1,False,True,6.550000000000001
SHP-002135,3154,2025-12-24,USPS,USPS Ground Advantage,US_domestic,430,7.18,1.35,False,True,8.53
SHP-002136,3156,2025-12-24,USPS,USPS Ground Advantage,US_domestic,380,5.56,1.1,False,True,6.66
SHP-002137,3163,2025-12-24,USPS,USPS Ground Advantage,US_domestic,310,5.54,1.1,False,True,6.640000000000001
SHP-002138,3166,2025-12-24,USPS,USPS Ground Advantage,US_domestic,320,5.48,1.1,False,True,6.58
SHP-002139,3167,2025-12-24,USPS,USPS Ground Advantage,US_domestic,385,5.54,1.35,False,True,6.890000000000001
SHP-002140,3168,2025-12-24,USPS,USPS Priority Mail,US_domestic,785,9.53,2.6,False,True,12.129999999999999
SHP-002141,3144,2025-12-25,USPS,USPS Ground Advantage,US_domestic,410,7.15,1.1,False,True,8.25
SHP-002142,3145,2025-12-25,USPS,USPS Priority Mail,US_domestic,785,9.51,1.85,False,True,11.36
SHP-002143,3146,2025-12-25,USPS,USPS Ground Advantage,US_domestic,385,5.46,1.35,False,True,6.8100000000000005
SHP-002144,3151,2025-12-25,USPS,USPS Priority Mail,US_domestic,550,6.99,1.35,False,True,8.34
SHP-002145,3157,2025-12-25,USPS,USPS Priority Mail International,CA,595,15.3,1.85,False,True,17.150000000000002
SHP-002146,3158,2025-12-25,USPS,USPS Ground Advantage,US_domestic,270,5.6,1.1,False,True,6.699999999999999
SHP-002147,3160,2025-12-25,USPS,USPS Ground Advantage,US_domestic,270,5.51,1.1,False,True,6.609999999999999
SHP-002148,3161,2025-12-25,USPS,USPS Priority Mail,US_domestic,750,9.59,1.6,False,True,11.19
SHP-002149,3169,2025-12-25,USPS,USPS Priority Mail,US_domestic,675,7.02,2.1,False,True,9.12
SHP-002150,3170,2025-12-25,USPS,USPS Priority Mail,US_domestic,500,7.12,1.35,False,True,8.47
SHP-002151,3172,2025-12-25,USPS,USPS Priority Mail,US_domestic,510,7.27,1.35,False,True,8.62
SHP-002152,3174,2025-12-25,USPS,USPS Priority Mail,US_domestic,765,9.54,1.85,False,True,11.389999999999999
SHP-002153,3153,2025-12-26,USPS,USPS Ground Advantage,US_domestic,265,5.54,1.1,False,True,6.640000000000001
SHP-002154,3162,2025-12-26,USPS,USPS Ground Advantage,US_domestic,300,5.52,1.1,False,True,6.619999999999999
SHP-002155,3164,2025-12-26,USPS,USPS Ground Advantage,US_domestic,390,5.42,1.35,False,True,6.77
SHP-002156,3176,2025-12-26,USPS,USPS Priority Mail International,GB,1005,24.73,2.35,False,True,27.080000000000002
SHP-002157,3177,2025-12-26,USPS,USPS Priority Mail International,AU,440,20.94,1.35,False,True,22.290000000000003
SHP-002158,3165,2025-12-27,USPS,USPS Priority Mail,US_domestic,610,7.01,1.35,False,True,8.36
SHP-002159,3178,2025-12-27,USPS,USPS Ground Advantage,US_domestic,380,5.41,1.1,False,True,6.51
SHP-002160,3179,2025-12-27,USPS,USPS Ground Advantage,US_domestic,390,5.48,1.35,False,True,6.83
SHP-002161,3184,2025-12-27,USPS,USPS Ground Advantage,US_domestic,390,5.57,1.35,False,True,6.92
SHP-002162,3185,2025-12-27,USPS,USPS Priority Mail,US_domestic,635,7.14,1.85,False,True,8.99
SHP-002163,3190,2025-12-27,USPS,USPS Priority Mail,US_domestic,500,7.12,1.35,False,True,8.47
SHP-002164,3191,2025-12-27,USPS,USPS Ground Advantage,US_domestic,420,7.23,1.35,False,True,8.58
SHP-002165,3193,2025-12-27,USPS,USPS Ground Advantage,US_domestic,270,5.49,1.1,False,True,6.59
SHP-002166,3173,2025-12-28,USPS,USPS Priority Mail,US_domestic,490,7.09,1.35,False,True,8.44
SHP-002167,3175,2025-12-28,USPS,USPS Priority Mail,US_domestic,805,9.46,2.35,False,True,11.81
SHP-002168,3180,2025-12-28,USPS,USPS Priority Mail,US_domestic,765,9.24,1.85,False,True,11.09
SHP-002169,3181,2025-12-28,USPS,USPS Priority Mail International,GB,1190,26.18,1.85,False,True,28.03
SHP-002170,3182,2025-12-28,USPS,USPS Priority Mail,US_domestic,980,9.22,2.1,False,True,11.32
SHP-002171,3183,2025-12-28,USPS,USPS Ground Advantage,US_domestic,390,5.51,1.35,False,True,6.859999999999999
SHP-002172,3187,2025-12-28,USPS,USPS Priority Mail International,CA,815,17.02,2.6,False,True,19.62
SHP-002173,3192,2025-12-28,USPS,USPS Ground Advantage,US_domestic,290,5.43,1.35,False,True,6.779999999999999
SHP-002174,3196,2025-12-28,USPS,USPS Ground Advantage,US_domestic,270,5.47,1.1,False,True,6.57
SHP-002175,3199,2025-12-28,USPS,USPS Priority Mail,US_domestic,680,7.55,1.85,False,True,9.4
SHP-002176,3202,2025-12-28,USPS,USPS Ground Advantage,US_domestic,270,5.32,1.1,False,True,6.42
SHP-002177,3203,2025-12-28,USPS,USPS Ground Advantage,US_domestic,310,5.47,1.1,False,True,6.57
SHP-002178,3204,2025-12-28,USPS,USPS Priority Mail,US_domestic,550,7.18,1.35,False,True,8.53
SHP-002179,3207,2025-12-28,USPS,USPS Priority Mail,US_domestic,530,7.3,1.35,False,True,8.65
SHP-002180,3189,2025-12-29,USPS,USPS Priority Mail,US_domestic,785,9.27,2.35,False,True,11.62
SHP-002181,3206,2025-12-29,USPS,USPS Ground Advantage,US_domestic,265,5.52,1.1,False,True,6.619999999999999
SHP-002182,3210,2025-12-29,USPS,USPS Priority Mail,US_domestic,690,7.15,2.1,False,True,9.25
SHP-002183,3211,2025-12-29,USPS,USPS Ground Advantage,US_domestic,300,5.49,1.1,False,True,6.59
SHP-002184,3213,2025-12-29,USPS,USPS Ground Advantage,US_domestic,320,5.65,1.1,False,True,6.75
SHP-002185,3221,2025-12-29,USPS,USPS Priority Mail,US_domestic,1100,9.49,2.6,False,True,12.09
SHP-002186,3222,2025-12-29,USPS,USPS Priority Mail,US_domestic,830,9.52,2.35,False,True,11.87
SHP-002187,3186,2025-12-30,USPS,USPS Priority Mail International,AU,725,24.31,2.35,False,True,26.66
SHP-002188,3188,2025-12-30,USPS,USPS Priority Mail International,CA,505,14.45,1.6,False,True,16.05
SHP-002189,3194,2025-12-30,USPS,USPS Priority Mail,US_domestic,495,7.14,1.35,False,True,8.49
SHP-002190,3195,2025-12-30,USPS,USPS Ground Advantage,US_domestic,370,5.39,1.35,False,True,6.74
SHP-002191,3197,2025-12-30,USPS,USPS Ground Advantage,US_domestic,265,5.53,1.1,False,True,6.630000000000001
SHP-002192,3200,2025-12-30,USPS,USPS Ground Advantage,US_domestic,320,5.5,1.1,False,True,6.6
SHP-002193,3215,2025-12-30,USPS,USPS Priority Mail,US_domestic,790,9.55,1.85,False,True,11.4
SHP-002194,3216,2025-12-30,USPS,USPS Priority Mail,US_domestic,490,7.36,1.35,False,True,8.71
SHP-002195,3219,2025-12-30,USPS,USPS Priority Mail,US_domestic,665,7.2,1.85,False,True,9.05
SHP-002196,3223,2025-12-30,USPS,USPS Priority Mail International,GB,380,17.57,1.1,False,True,18.67
SHP-002197,3225,2025-12-30,USPS,USPS Priority Mail,US_domestic,640,7.27,2.1,False,True,9.37
SHP-002198,3229,2025-12-30,USPS,USPS Ground Advantage,US_domestic,320,5.52,1.1,False,True,6.619999999999999
SHP-002199,3235,2025-12-30,USPS,USPS Ground Advantage,US_domestic,270,5.35,1.1,False,True,6.449999999999999
SHP-002200,3238,2025-12-30,USPS,USPS Priority Mail,US_domestic,1110,9.51,2.35,False,True,11.86
SHP-002201,3201,2025-12-31,USPS,USPS Ground Advantage,US_domestic,270,5.58,1.1,False,True,6.68
SHP-002202,3205,2025-12-31,USPS,USPS Priority Mail,US_domestic,820,9.21,2.35,False,True,11.56
SHP-002203,3208,2025-12-31,USPS,USPS Priority Mail,US_domestic,870,9.46,1.85,False,True,11.31
SHP-002204,3209,2025-12-31,USPS,USPS Priority Mail,US_domestic,530,7.7,1.35,False,True,9.05
SHP-002205,3212,2025-12-31,USPS,USPS Priority Mail,US_domestic,475,6.96,1.6,False,True,8.56
SHP-002206,3214,2025-12-31,USPS,USPS Ground Advantage,US_domestic,390,5.29,1.1,False,True,6.390000000000001
SHP-002207,3217,2025-12-31,USPS,USPS Ground Advantage,US_domestic,300,5.43,1.1,False,True,6.529999999999999
SHP-002208,3224,2025-12-31,USPS,USPS Priority Mail,US_domestic,490,7.22,1.35,False,True,8.57
SHP-002209,3227,2025-12-31,USPS,USPS Ground Advantage,US_domestic,300,5.53,1.1,False,True,6.630000000000001
SHP-002210,3228,2025-12-31,USPS,USPS Priority Mail,US_domestic,625,7.36,1.85,False,True,9.21
SHP-002211,3232,2025-12-31,USPS,USPS Priority Mail International,CA,715,16.3,2.35,False,True,18.650000000000002
SHP-002212,3233,2025-12-31,USPS,USPS Ground Advantage,US_domestic,385,5.43,1.35,False,True,6.779999999999999
SHP-002213,3240,2025-12-31,USPS,USPS Ground Advantage,US_domestic,450,7.21,1.35,False,True,8.56
SHP-002214,3247,2025-12-31,USPS,USPS Priority Mail International,AU,265,19.04,1.1,False,True,20.14
SHP-002215,3218,2026-01-01,USPS,USPS Priority Mail,US_domestic,510,7.2,1.35,False,True,8.55
SHP-002216,3220,2026-01-01,USPS,USPS Priority Mail,US_domestic,1290,12.5,2.6,False,True,15.1
SHP-002217,3226,2026-01-01,USPS,USPS Priority Mail International,AU,270,18.51,1.1,False,True,19.610000000000003
SHP-002218,3234,2026-01-01,USPS,USPS Ground Advantage,US_domestic,270,5.46,1.1,False,True,6.5600000000000005
SHP-002219,3236,2026-01-01,USPS,USPS Priority Mail International,CA,270,12.21,1.1,False,True,13.31
SHP-002220,3237,2026-01-01,USPS,USPS Priority Mail,US_domestic,1085,9.05,2.35,False,True,11.4
SHP-002221,3242,2026-01-01,USPS,USPS Ground Advantage,US_domestic,270,5.34,1.1,False,True,6.4399999999999995
SHP-002222,3245,2026-01-01,USPS,USPS Ground Advantage,US_domestic,380,5.39,1.1,False,True,6.49
SHP-002223,3246,2026-01-01,USPS,USPS Priority Mail International,AU,745,24.22,2.35,False,True,26.57
SHP-002224,3248,2026-01-01,USPS,USPS Ground Advantage,US_domestic,450,7.13,1.35,False,True,8.48
SHP-002225,3250,2026-01-01,USPS,USPS Priority Mail,US_domestic,760,9.23,2.6,False,True,11.83
SHP-002226,3255,2026-01-01,USPS,USPS Ground Advantage,US_domestic,390,5.46,1.35,False,True,6.8100000000000005
SHP-002227,3230,2026-01-02,USPS,USPS Ground Advantage,US_domestic,320,5.47,1.1,False,True,6.57
SHP-002228,3231,2026-01-02,USPS,USPS Priority Mail,US_domestic,550,7.49,1.35,False,True,8.84
SHP-002229,3239,2026-01-02,USPS,USPS Priority Mail International,AU,380,19.62,1.1,False,True,20.720000000000002
SHP-002230,3251,2026-01-02,USPS,USPS Ground Advantage,US_domestic,265,5.44,1.1,False,True,6.540000000000001
SHP-002231,3260,2026-01-02,USPS,USPS Ground Advantage,US_domestic,380,5.48,1.1,False,True,6.58
SHP-002232,3262,2026-01-02,USPS,USPS Ground Advantage,US_domestic,270,5.48,1.1,False,True,6.58
SHP-002233,3267,2026-01-02,USPS,USPS Ground Advantage,US_domestic,270,5.5,1.1,False,True,6.6
SHP-002234,3271,2026-01-02,USPS,USPS Priority Mail,US_domestic,610,6.96,1.35,False,True,8.31
SHP-002235,3273,2026-01-02,USPS,USPS Ground Advantage,US_domestic,265,5.48,1.1,False,True,6.58
SHP-002236,3241,2026-01-03,USPS,USPS Ground Advantage,US_domestic,380,5.43,1.1,False,True,6.529999999999999
SHP-002237,3243,2026-01-03,USPS,USPS Ground Advantage,US_domestic,425,7.54,1.35,False,True,8.89
SHP-002238,3244,2026-01-03,USPS,USPS Priority Mail,US_domestic,1140,9.05,2.1,False,True,11.15
SHP-002239,3249,2026-01-03,USPS,USPS Ground Advantage,US_domestic,380,5.6,1.1,False,True,6.699999999999999
SHP-002240,3254,2026-01-03,USPS,USPS Ground Advantage,US_domestic,380,5.48,1.1,False,True,6.58
SHP-002241,3258,2026-01-03,USPS,USPS Ground Advantage,US_domestic,270,5.53,1.1,False,True,6.630000000000001
SHP-002242,3259,2026-01-03,USPS,USPS Priority Mail,US_domestic,660,7.17,1.6,False,True,8.77
SHP-002243,3261,2026-01-03,USPS,USPS Priority Mail International,CA,320,12.3,1.1,False,True,13.4
SHP-002244,3264,2026-01-03,USPS,USPS Ground Advantage,US_domestic,320,5.61,1.1,False,True,6.710000000000001
SHP-002245,3266,2026-01-03,USPS,USPS Priority Mail,US_domestic,690,7.14,1.6,False,True,8.74
SHP-002246,3269,2026-01-03,USPS,USPS Priority Mail,US_domestic,1100,9.27,2.35,False,True,11.62
SHP-002247,3278,2026-01-03,USPS,USPS Priority Mail,US_domestic,1270,12.56,1.85,False,True,14.41
SHP-002248,3282,2026-01-03,USPS,USPS Ground Advantage,US_domestic,380,5.45,1.1,False,True,6.550000000000001
SHP-002249,3283,2026-01-03,USPS,USPS Priority Mail,US_domestic,640,7.19,1.35,False,True,8.540000000000001
SHP-002250,3287,2026-01-03,USPS,USPS Priority Mail International,CA,870,17.72,1.85,False,True,19.57
SHP-002251,3252,2026-01-04,USPS,USPS Ground Advantage,US_domestic,265,5.49,1.1,False,True,6.59
SHP-002252,3253,2026-01-04,USPS,USPS Ground Advantage,US_domestic,380,5.45,1.35,False,True,6.800000000000001
SHP-002253,3256,2026-01-04,USPS,USPS Ground Advantage,US_domestic,265,5.38,1.1,False,True,6.48
SHP-002254,3257,2026-01-04,USPS,USPS Priority Mail,US_domestic,920,9.24,1.85,False,True,11.09
SHP-002255,3265,2026-01-04,USPS,USPS Priority Mail,US_domestic,870,9.42,1.85,False,True,11.27
SHP-002256,3277,2026-01-04,USPS,USPS Priority Mail,US_domestic,570,7.04,1.6,False,True,8.64
SHP-002257,3279,2026-01-04,USPS,USPS Ground Advantage,US_domestic,265,5.3,1.1,False,True,6.4
SHP-002258,3280,2026-01-04,USPS,USPS Ground Advantage,US_domestic,310,5.6,1.1,False,True,6.699999999999999
SHP-002259,3281,2026-01-04,USPS,USPS Ground Advantage,US_domestic,300,5.62,1.1,False,True,6.720000000000001
SHP-002260,3295,2026-01-04,USPS,USPS Priority Mail,US_domestic,670,7.07,1.1,False,True,8.17
SHP-002261,3297,2026-01-04,USPS,USPS Ground Advantage,US_domestic,270,5.52,1.1,False,True,6.619999999999999
SHP-002262,3299,2026-01-04,USPS,USPS Priority Mail,US_domestic,750,9.25,1.6,False,True,10.85
SHP-002263,3306,2026-01-04,USPS,USPS Priority Mail,US_domestic,750,9.53,1.6,False,True,11.129999999999999
SHP-002264,3263,2026-01-05,USPS,USPS Priority Mail International,CA,500,14.47,1.35,False,True,15.82
SHP-002265,3268,2026-01-05,USPS,USPS Ground Advantage,US_domestic,420,7.22,1.35,False,True,8.57
SHP-002266,3270,2026-01-05,USPS,USPS Priority Mail International,CA,300,12.42,1.1,False,True,13.52
SHP-002267,3272,2026-01-05,USPS,USPS Priority Mail,US_domestic,820,9.39,1.85,False,True,11.24
SHP-002268,3284,2026-01-05,USPS,USPS Ground Advantage,US_domestic,270,5.61,1.1,False,True,6.710000000000001
SHP-002269,3285,2026-01-05,USPS,USPS Ground Advantage,US_domestic,220,5.48,1.1,False,True,6.58
SHP-002270,3286,2026-01-05,USPS,USPS Priority Mail,US_domestic,530,7.23,1.35,False,True,8.58
SHP-002271,3292,2026-01-05,USPS,USPS Priority Mail,US_domestic,1365,12.33,2.6,False,True,14.93
SHP-002272,3296,2026-01-05,USPS,USPS Priority Mail International,GB,390,18.11,1.35,False,True,19.46
SHP-002273,3298,2026-01-05,USPS,USPS Ground Advantage,US_domestic,390,5.5,1.35,False,True,6.85
SHP-002274,3305,2026-01-05,USPS,USPS Priority Mail,US_domestic,1190,9.43,1.85,False,True,11.28
SHP-002275,3315,2026-01-05,USPS,USPS Priority Mail,US_domestic,820,9.52,1.85,False,True,11.37
SHP-002276,3323,2026-01-05,USPS,USPS Ground Advantage,US_domestic,410,7.02,1.1,False,True,8.12
SHP-002277,3274,2026-01-06,USPS,USPS Ground Advantage,US_domestic,390,5.42,1.35,False,True,6.77
SHP-002278,3276,2026-01-06,USPS,USPS Priority Mail,US_domestic,500,7.03,1.35,False,True,8.38
SHP-002279,3289,2026-01-06,USPS,USPS Priority Mail,US_domestic,980,9.45,1.85,False,True,11.299999999999999
SHP-002280,3290,2026-01-06,USPS,USPS Ground Advantage,US_domestic,270,5.52,1.1,False,True,6.619999999999999
SHP-002281,3291,2026-01-06,USPS,USPS Priority Mail,US_domestic,530,7.19,1.35,False,True,8.540000000000001
SHP-002282,3293,2026-01-06,USPS,USPS Ground Advantage,US_domestic,300,5.43,1.1,False,True,6.529999999999999
SHP-002283,3294,2026-01-06,USPS,USPS Ground Advantage,US_domestic,390,5.5,1.35,False,True,6.85
SHP-002284,3300,2026-01-06,USPS,USPS Priority Mail,US_domestic,1140,9.57,2.35,False,True,11.92
SHP-002285,3301,2026-01-06,USPS,USPS Ground Advantage,US_domestic,310,5.41,1.1,False,True,6.51
SHP-002286,3307,2026-01-06,USPS,USPS Ground Advantage,US_domestic,270,5.5,1.1,False,True,6.6
SHP-002287,3310,2026-01-06,USPS,USPS Ground Advantage,US_domestic,385,5.63,1.35,False,True,6.98
SHP-002288,3311,2026-01-06,USPS,USPS Priority Mail,US_domestic,750,9.36,1.6,False,True,10.959999999999999
SHP-002289,3312,2026-01-06,USPS,USPS Priority Mail,US_domestic,1230,12.04,2.35,False,True,14.389999999999999
SHP-002290,3314,2026-01-06,USPS,USPS Priority Mail International,CA,390,13.34,1.35,False,True,14.69
SHP-002291,3316,2026-01-06,USPS,USPS Priority Mail,US_domestic,1060,9.63,2.6,False,True,12.23
SHP-002292,3319,2026-01-06,USPS,USPS Priority Mail,US_domestic,1220,12.21,2.1,False,True,14.31
SHP-002293,3322,2026-01-06,USPS,USPS Ground Advantage,US_domestic,410,7.35,1.1,False,True,8.45
SHP-002294,3324,2026-01-06,USPS,USPS Priority Mail,US_domestic,695,7.06,1.85,False,True,8.91
SHP-002295,3337,2026-01-06,USPS,USPS Priority Mail,US_domestic,750,9.46,2.1,False,True,11.56
SHP-002296,3339,2026-01-06,USPS,USPS Priority Mail International,AU,265,19.1,1.1,False,True,20.200000000000003
SHP-002297,3288,2026-01-07,USPS,USPS Priority Mail,US_domestic,1140,9.42,2.35,False,True,11.77
SHP-002298,3302,2026-01-07,USPS,USPS Priority Mail International,AU,220,17.82,1.1,False,True,18.92
SHP-002299,3303,2026-01-07,USPS,USPS Ground Advantage,US_domestic,380,5.33,1.1,False,True,6.43
SHP-002300,3304,2026-01-07,USPS,USPS Priority Mail International,AU,265,19.25,1.1,False,True,20.35
SHP-002301,3317,2026-01-07,USPS,USPS Ground Advantage,US_domestic,270,5.37,1.1,False,True,6.470000000000001
SHP-002302,3318,2026-01-07,USPS,USPS Priority Mail,US_domestic,1160,9.3,2.1,False,True,11.4
SHP-002303,3320,2026-01-07,USPS,USPS Ground Advantage,US_domestic,385,5.49,1.35,False,True,6.84
SHP-002304,3330,2026-01-07,USPS,USPS Priority Mail International,AU,750,24.97,1.6,False,True,26.57
SHP-002305,3331,2026-01-07,USPS,USPS Priority Mail International,GB,300,16.46,1.1,False,True,17.560000000000002
SHP-002306,3333,2026-01-07,USPS,USPS Ground Advantage,US_domestic,220,5.61,1.1,False,True,6.710000000000001
SHP-002307,3334,2026-01-07,USPS,USPS Priority Mail International,AU,385,20.27,1.35,False,True,21.62
SHP-002308,3336,2026-01-07,USPS,USPS Ground Advantage,US_domestic,310,5.65,1.1,False,True,6.75
SHP-002309,3338,2026-01-07,USPS,USPS Ground Advantage,US_domestic,270,5.66,1.1,False,True,6.76
SHP-002310,3340,2026-01-07,USPS,USPS Ground Advantage,US_domestic,420,7.35,1.35,False,True,8.7
SHP-002311,3344,2026-01-07,USPS,USPS Ground Advantage,US_domestic,380,5.52,1.35,False,True,6.869999999999999
SHP-002312,3350,2026-01-07,USPS,USPS Ground Advantage,US_domestic,440,7.4,1.35,False,True,8.75
SHP-002313,3308,2026-01-08,USPS,USPS Ground Advantage,US_domestic,310,5.52,1.1,False,True,6.619999999999999
SHP-002314,3309,2026-01-08,USPS,USPS Priority Mail,US_domestic,540,6.89,1.35,False,True,8.24
SHP-002315,3313,2026-01-08,USPS,USPS Priority Mail,US_domestic,460,7.33,1.6,False,True,8.93
SHP-002316,3321,2026-01-08,USPS,USPS Ground Advantage,US_domestic,220,5.41,1.1,False,True,6.51
SHP-002317,3325,2026-01-08,USPS,USPS Priority Mail,US_domestic,820,9.31,1.85,False,True,11.16
SHP-002318,3326,2026-01-08,USPS,USPS Priority Mail,US_domestic,650,7.19,1.6,False,True,8.790000000000001
SHP-002319,3327,2026-01-08,USPS,USPS Priority Mail,US_domestic,750,9.14,1.6,False,True,10.74
SHP-002320,3329,2026-01-08,USPS,USPS Priority Mail,US_domestic,545,7.24,1.6,False,True,8.84
SHP-002321,3341,2026-01-08,USPS,USPS Priority Mail International,AU,290,19.14,1.35,False,True,20.490000000000002
SHP-002322,3342,2026-01-08,USPS,USPS Ground Advantage,US_domestic,370,5.43,1.35,False,True,6.779999999999999
SHP-002323,3362,2026-01-08,USPS,USPS Ground Advantage,US_domestic,390,5.41,1.1,False,True,6.51
SHP-002324,3366,2026-01-08,USPS,USPS Priority Mail,US_domestic,470,7.3,1.35,False,True,8.65
SHP-002325,3328,2026-01-09,USPS,USPS Priority Mail International,CA,500,14.23,1.35,False,True,15.58
SHP-002326,3332,2026-01-09,USPS,USPS Priority Mail International,CA,380,13.59,1.1,False,True,14.69
SHP-002327,3335,2026-01-09,USPS,USPS Ground Advantage,US_domestic,320,5.54,1.1,False,True,6.640000000000001
SHP-002328,3345,2026-01-09,USPS,USPS Priority Mail,US_domestic,525,7.13,1.35,False,True,8.48
SHP-002329,3346,2026-01-09,USPS,USPS Priority Mail International,GB,680,20.47,1.6,False,True,22.07
SHP-002330,3347,2026-01-09,USPS,USPS Ground Advantage,US_domestic,220,5.42,1.1,False,True,6.52
SHP-002331,3349,2026-01-09,USPS,USPS Priority Mail International,CA,380,13.09,1.1,False,True,14.19
SHP-002332,3351,2026-01-09,USPS,USPS Priority Mail,US_domestic,595,7.02,1.6,False,True,8.62
SHP-002333,3356,2026-01-09,USPS,USPS Priority Mail,US_domestic,750,9.27,1.6,False,True,10.87
SHP-002334,3359,2026-01-09,USPS,USPS Priority Mail,US_domestic,530,7.29,1.35,False,True,8.64
SHP-002335,3364,2026-01-09,USPS,USPS Priority Mail,US_domestic,870,9.09,1.85,False,True,10.94
SHP-002336,3367,2026-01-09,USPS,USPS Ground Advantage,US_domestic,420,7.35,1.35,False,True,8.7
SHP-002337,3368,2026-01-09,USPS,USPS Ground Advantage,US_domestic,440,7.36,1.35,False,True,8.71
SHP-002338,3369,2026-01-09,USPS,USPS Priority Mail International,AU,270,19.03,1.1,False,True,20.130000000000003
SHP-002339,3375,2026-01-09,USPS,USPS Priority Mail,US_domestic,540,7.17,1.35,False,True,8.52
SHP-002340,3378,2026-01-09,USPS,USPS Priority Mail,US_domestic,660,7.24,1.6,False,True,8.84
SHP-002341,3120,2026-01-10,USPS,USPS Ground Advantage,US_domestic,265,5.5,1.1,False,True,6.6
SHP-002342,3343,2026-01-10,USPS,USPS Priority Mail,US_domestic,670,7.29,1.1,False,True,8.39
SHP-002343,3348,2026-01-10,USPS,USPS Priority Mail,US_domestic,920,9.51,1.85,False,True,11.36
SHP-002344,3352,2026-01-10,USPS,USPS Priority Mail,US_domestic,990,9.19,1.85,False,True,11.04
SHP-002345,3353,2026-01-10,USPS,USPS Ground Advantage,US_domestic,270,5.52,1.1,False,True,6.619999999999999
SHP-002346,3354,2026-01-10,USPS,USPS Priority Mail,US_domestic,1190,9.57,1.85,False,True,11.42
SHP-002347,3358,2026-01-10,USPS,USPS Priority Mail,US_domestic,750,9.49,1.6,False,True,11.09
SHP-002348,3372,2026-01-10,USPS,USPS Priority Mail International,GB,615,21.18,1.6,False,True,22.78
SHP-002349,3384,2026-01-10,USPS,USPS Ground Advantage,US_domestic,410,7.24,1.1,False,True,8.34
SHP-002350,3388,2026-01-10,USPS,USPS Priority Mail International,CA,420,13.47,1.35,False,True,14.82
SHP-002351,3390,2026-01-10,USPS,USPS Priority Mail,US_domestic,650,7.01,1.6,False,True,8.61
SHP-002352,3391,2026-01-10,USPS,USPS Ground Advantage,US_domestic,265,5.57,1.1,False,True,6.67
SHP-002353,3355,2026-01-11,USPS,USPS Priority Mail,US_domestic,1100,9.57,2.1,False,True,11.67
SHP-002354,3360,2026-01-11,USPS,USPS Ground Advantage,US_domestic,420,7.03,1.35,False,True,8.38
SHP-002355,3361,2026-01-11,USPS,USPS Priority Mail,US_domestic,750,9.3,1.6,False,True,10.9
SHP-002356,3363,2026-01-11,USPS,USPS Ground Advantage,US_domestic,270,5.63,1.1,False,True,6.73
SHP-002357,3365,2026-01-11,USPS,USPS Ground Advantage,US_domestic,320,5.4,1.1,False,True,6.5
SHP-002358,3370,2026-01-11,USPS,USPS Ground Advantage,US_domestic,310,5.4,1.1,False,True,6.5
SHP-002359,3373,2026-01-11,USPS,USPS Priority Mail,US_domestic,670,7.23,1.1,False,True,8.33
SHP-002360,3374,2026-01-11,USPS,USPS Priority Mail,US_domestic,735,9.17,2.35,False,True,11.52
SHP-002361,3376,2026-01-11,USPS,USPS Ground Advantage,US_domestic,380,5.41,1.35,False,True,6.76
SHP-002362,3377,2026-01-11,USPS,USPS Ground Advantage,US_domestic,270,5.36,1.1,False,True,6.460000000000001
SHP-002363,3382,2026-01-11,USPS,USPS Ground Advantage,US_domestic,410,7.23,1.1,False,True,8.33
SHP-002364,3386,2026-01-11,USPS,USPS Priority Mail,US_domestic,750,9.46,1.6,False,True,11.06
SHP-002365,3387,2026-01-11,USPS,USPS Priority Mail International,CA,750,16.68,1.6,False,True,18.28
SHP-002366,3398,2026-01-11,USPS,USPS Ground Advantage,US_domestic,270,5.47,1.1,False,True,6.57
SHP-002367,3402,2026-01-11,USPS,USPS Priority Mail International,CA,1190,20.28,1.85,False,True,22.130000000000003
SHP-002368,3405,2026-01-11,USPS,USPS Priority Mail International,GB,800,22.08,2.35,False,True,24.43
SHP-002369,3407,2026-01-11,USPS,USPS Priority Mail,US_domestic,495,7.19,1.35,False,True,8.540000000000001
SHP-002370,3408,2026-01-11,USPS,USPS Ground Advantage,US_domestic,340,5.54,1.35,False,True,6.890000000000001
SHP-002371,2964,2026-01-12,USPS,USPS Ground Advantage,US_domestic,670,7.36,1.1,False,True,8.46
SHP-002372,3371,2026-01-12,USPS,USPS Priority Mail International,AU,750,24.77,1.6,False,True,26.37
SHP-002373,3379,2026-01-12,USPS,USPS Priority Mail International,CA,270,12.11,1.1,False,True,13.209999999999999
SHP-002374,3380,2026-01-12,USPS,USPS Ground Advantage,US_domestic,265,5.39,1.1,False,True,6.49
SHP-002375,3381,2026-01-12,USPS,USPS Priority Mail,US_domestic,500,7.34,1.35,False,True,8.69
SHP-002376,3383,2026-01-12,USPS,USPS Priority Mail,US_domestic,1110,9.27,2.1,False,True,11.37
SHP-002377,3385,2026-01-12,USPS,USPS Priority Mail International,AU,790,25.58,1.85,False,True,27.43
SHP-002378,3393,2026-01-12,USPS,USPS Ground Advantage,US_domestic,410,7.11,1.1,False,True,8.21
SHP-002379,3395,2026-01-12,USPS,USPS Priority Mail,US_domestic,985,9.58,2.1,False,True,11.68
SHP-002380,3397,2026-01-12,USPS,USPS Priority Mail,US_domestic,820,9.51,2.6,False,True,12.11
SHP-002381,3410,2026-01-12,USPS,USPS Ground Advantage,US_domestic,270,5.74,1.1,False,True,6.84
SHP-002382,3411,2026-01-12,USPS,USPS Ground Advantage,US_domestic,270,5.52,1.1,False,True,6.619999999999999
SHP-002383,3412,2026-01-12,USPS,USPS Priority Mail,US_domestic,1030,9.54,2.1,False,True,11.639999999999999
SHP-002384,3416,2026-01-12,USPS,USPS Ground Advantage,US_domestic,270,5.6,1.1,False,True,6.699999999999999
SHP-002385,3420,2026-01-12,USPS,USPS Priority Mail,US_domestic,690,7.07,1.85,False,True,8.92
SHP-002386,3389,2026-01-13,USPS,USPS Ground Advantage,US_domestic,435,6.99,1.35,False,True,8.34
SHP-002387,3392,2026-01-13,USPS,USPS Priority Mail,US_domestic,495,6.97,1.35,False,True,8.32
SHP-002388,3394,2026-01-13,USPS,USPS Ground Advantage,US_domestic,270,5.59,1.1,False,True,6.6899999999999995
SHP-002389,3396,2026-01-13,USPS,USPS Ground Advantage,US_domestic,390,5.45,1.35,False,True,6.800000000000001
SHP-002390,3401,2026-01-13,USPS,USPS Priority Mail,US_domestic,565,6.99,1.6,False,True,8.59
SHP-002391,3406,2026-01-13,USPS,USPS Ground Advantage,US_domestic,320,5.91,1.1,True,True,7.01
SHP-002392,3415,2026-01-13,USPS,USPS Priority Mail International,CA,390,13.68,1.35,False,True,15.03
SHP-002393,3428,2026-01-13,USPS,USPS Priority Mail,US_domestic,490,7.3,1.35,False,True,8.65
SHP-002394,3399,2026-01-14,USPS,USPS Ground Advantage,US_domestic,270,5.38,1.1,False,True,6.48
SHP-002395,3400,2026-01-14,USPS,USPS Priority Mail International,CA,855,17.31,2.6,False,True,19.91
SHP-002396,3403,2026-01-14,USPS,USPS Priority Mail,US_domestic,790,9.23,2.35,False,True,11.58
SHP-002397,3404,2026-01-14,USPS,USPS Priority Mail International,AU,550,21.96,1.6,False,True,23.560000000000002
SHP-002398,3409,2026-01-14,USPS,USPS Priority Mail,US_domestic,525,7.32,1.35,False,True,8.67
SHP-002399,3417,2026-01-14,USPS,USPS Ground Advantage,US_domestic,270,5.55,1.1,False,True,6.65
SHP-002400,3418,2026-01-14,USPS,USPS Priority Mail,US_domestic,905,9.56,2.6,False,True,12.16
SHP-002401,3425,2026-01-14,USPS,USPS Ground Advantage,US_domestic,300,5.55,1.1,False,True,6.65
SHP-002402,3426,2026-01-14,USPS,USPS Priority Mail International,CA,300,12.9,1.1,False,True,14.0
SHP-002403,3430,2026-01-14,USPS,USPS Priority Mail,US_domestic,510,7.34,1.6,False,True,8.94
SHP-002404,3435,2026-01-14,USPS,USPS Ground Advantage,US_domestic,265,5.55,1.1,False,True,6.65
SHP-002405,3438,2026-01-14,USPS,USPS Priority Mail International,GB,270,16.46,1.1,False,True,17.560000000000002
SHP-002406,3413,2026-01-15,USPS,USPS Ground Advantage,US_domestic,430,7.82,1.35,False,True,9.17
SHP-002407,3414,2026-01-15,USPS,USPS Priority Mail,US_domestic,1460,12.89,2.6,False,True,15.49
SHP-002408,3419,2026-01-15,USPS,USPS Ground Advantage,US_domestic,415,7.62,1.35,False,True,8.97
SHP-002409,3421,2026-01-15,USPS,USPS Priority Mail,US_domestic,750,9.87,1.6,False,True,11.469999999999999
SHP-002410,3422,2026-01-15,USPS,USPS Ground Advantage,US_domestic,270,5.64,1.1,False,True,6.74
SHP-002411,3423,2026-01-15,USPS,USPS Priority Mail,US_domestic,870,10.06,1.85,False,True,11.91
SHP-002412,3431,2026-01-15,USPS,USPS Ground Advantage,US_domestic,265,5.75,1.1,False,True,6.85
SHP-002413,3440,2026-01-15,USPS,USPS Priority Mail,US_domestic,905,10.34,2.1,False,True,12.44
SHP-002414,3446,2026-01-15,USPS,USPS Priority Mail,US_domestic,680,7.58,1.6,False,True,9.18
SHP-002415,3424,2026-01-16,USPS,USPS Ground Advantage,US_domestic,390,5.86,1.1,False,True,6.960000000000001
SHP-002416,3427,2026-01-16,USPS,USPS Priority Mail,US_domestic,730,10.04,2.35,False,True,12.389999999999999
SHP-002417,3429,2026-01-16,USPS,USPS Ground Advantage,US_domestic,410,7.48,1.1,False,True,8.58
SHP-002418,3433,2026-01-16,USPS,USPS Priority Mail,US_domestic,455,7.49,1.6,False,True,9.09
SHP-002419,3434,2026-01-16,USPS,USPS Priority Mail,US_domestic,830,9.78,2.6,False,True,12.379999999999999
SHP-002420,3442,2026-01-16,USPS,USPS Priority Mail International,AU,560,23.57,1.35,False,True,24.92
SHP-002421,3432,2026-01-17,USPS,USPS Priority Mail International,GB,670,21.75,1.1,False,True,22.85
SHP-002422,3436,2026-01-17,USPS,USPS Priority Mail,US_domestic,470,7.66,1.35,False,True,9.01
SHP-002423,3437,2026-01-17,USPS,USPS Priority Mail International,CA,390,14.12,1.1,False,True,15.219999999999999
SHP-002424,3439,2026-01-17,USPS,USPS Ground Advantage,US_domestic,270,5.92,1.1,False,True,7.02
SHP-002425,3444,2026-01-17,USPS,USPS Ground Advantage,US_domestic,385,5.81,1.35,False,True,7.16
SHP-002426,3445,2026-01-17,USPS,USPS Priority Mail,US_domestic,550,7.29,1.35,False,True,8.64
SHP-002427,3450,2026-01-17,USPS,USPS Priority Mail,US_domestic,610,7.73,1.35,False,True,9.08
SHP-002428,3453,2026-01-17,USPS,USPS Ground Advantage,US_domestic,390,5.81,1.35,False,True,7.16
SHP-002429,3454,2026-01-17,USPS,USPS Priority Mail International,CA,1030,20.07,2.35,False,True,22.42
SHP-002430,3455,2026-01-17,USPS,USPS Priority Mail International,CA,270,12.58,1.1,False,True,13.68
SHP-002431,3456,2026-01-17,USPS,USPS Ground Advantage,US_domestic,390,5.91,1.1,False,True,7.01
SHP-002432,3459,2026-01-17,USPS,USPS Ground Advantage,US_domestic,390,5.69,1.35,False,True,7.040000000000001
SHP-002433,3460,2026-01-17,USPS,USPS Ground Advantage,US_domestic,265,6.06,1.1,False,True,7.16
SHP-002434,3463,2026-01-17,USPS,USPS Ground Advantage,US_domestic,270,5.8,1.1,False,True,6.9
SHP-002435,3441,2026-01-18,USPS,USPS Ground Advantage,US_domestic,390,5.84,1.35,False,True,7.1899999999999995
SHP-002436,3443,2026-01-18,USPS,USPS Ground Advantage,US_domestic,265,5.67,1.1,False,True,6.77
SHP-002437,3447,2026-01-18,USPS,USPS Ground Advantage,US_domestic,300,5.67,1.1,False,True,6.77
SHP-002438,3448,2026-01-18,USPS,USPS Ground Advantage,US_domestic,380,5.85,1.1,False,True,6.949999999999999
SHP-002439,3449,2026-01-18,USPS,USPS Priority Mail,US_domestic,650,7.66,1.35,False,True,9.01
SHP-002440,3458,2026-01-18,USPS,USPS Ground Advantage,US_domestic,380,6.06,1.35,False,True,7.41
SHP-002441,3468,2026-01-18,USPS,USPS Priority Mail,US_domestic,1270,12.88,1.85,False,True,14.73
SHP-002442,3474,2026-01-18,USPS,USPS Priority Mail,US_domestic,660,7.81,1.6,False,True,9.41
SHP-002443,3475,2026-01-18,USPS,USPS Priority Mail,US_domestic,535,7.87,1.6,False,True,9.47
SHP-002444,3482,2026-01-18,USPS,USPS Ground Advantage,US_domestic,380,5.85,1.1,False,True,6.949999999999999
SHP-002445,3451,2026-01-19,USPS,USPS Priority Mail,US_domestic,710,9.97,2.35,False,True,12.32
SHP-002446,3452,2026-01-19,USPS,USPS Ground Advantage,US_domestic,380,5.78,1.1,False,True,6.880000000000001
SHP-002447,3462,2026-01-19,USPS,USPS Ground Advantage,US_domestic,390,5.95,1.35,False,True,7.300000000000001
SHP-002448,3464,2026-01-19,USPS,USPS Priority Mail,US_domestic,1130,9.58,2.1,False,True,11.68
SHP-002449,3469,2026-01-19,USPS,USPS Ground Advantage,US_domestic,380,5.94,1.1,False,True,7.040000000000001
SHP-002450,3472,2026-01-19,USPS,USPS Ground Advantage,US_domestic,300,5.98,1.1,False,True,7.08
SHP-002451,3479,2026-01-19,USPS,USPS Priority Mail,US_domestic,470,7.73,1.35,False,True,9.08
SHP-002452,3480,2026-01-19,USPS,USPS Priority Mail,US_domestic,820,10.09,2.35,False,True,12.44
SHP-002453,3483,2026-01-19,USPS,USPS Priority Mail,US_domestic,510,7.64,1.35,False,True,8.99
SHP-002454,3491,2026-01-19,USPS,USPS Priority Mail,US_domestic,530,7.53,1.35,False,True,8.88
SHP-002455,3492,2026-01-19,USPS,USPS Priority Mail,US_domestic,670,7.63,1.1,False,True,8.73
SHP-002456,3493,2026-01-19,USPS,USPS Ground Advantage,US_domestic,310,5.92,1.1,False,True,7.02
SHP-002457,3499,2026-01-19,USPS,USPS Ground Advantage,US_domestic,420,7.37,1.35,False,True,8.72
SHP-002458,3457,2026-01-20,USPS,USPS Priority Mail,US_domestic,610,7.6,1.6,False,True,9.2
SHP-002459,3461,2026-01-20,USPS,USPS Ground Advantage,US_domestic,300,5.76,1.1,False,True,6.859999999999999
SHP-002460,3466,2026-01-20,USPS,USPS Ground Advantage,US_domestic,435,7.74,1.35,False,True,9.09
SHP-002461,3467,2026-01-20,USPS,USPS Priority Mail,US_domestic,700,7.67,1.6,False,True,9.27
SHP-002462,3471,2026-01-20,USPS,USPS Ground Advantage,US_domestic,300,5.8,1.1,False,True,6.9
SHP-002463,3477,2026-01-20,USPS,USPS Ground Advantage,US_domestic,270,5.75,1.1,False,True,6.85
SHP-002464,3484,2026-01-20,USPS,USPS Priority Mail International,AU,985,28.86,2.1,False,True,30.96
SHP-002465,3489,2026-01-20,USPS,USPS Ground Advantage,US_domestic,420,7.7,1.35,False,True,9.05
SHP-002466,3505,2026-01-20,USPS,USPS Ground Advantage,US_domestic,430,7.69,1.35,False,True,9.040000000000001
SHP-002467,3510,2026-01-20,USPS,USPS Ground Advantage,US_domestic,310,5.95,1.1,False,True,7.050000000000001
SHP-002468,3470,2026-01-21,USPS,USPS Ground Advantage,US_domestic,320,5.73,1.1,False,True,6.83
SHP-002469,3473,2026-01-21,USPS,USPS Ground Advantage,US_domestic,310,5.72,1.1,False,True,6.82
SHP-002470,3476,2026-01-21,USPS,USPS Priority Mail International,CA,220,12.29,1.1,False,True,13.389999999999999
SHP-002471,3478,2026-01-21,USPS,USPS Priority Mail,US_domestic,670,7.99,1.1,False,True,9.09
SHP-002472,3481,2026-01-21,USPS,USPS Priority Mail International,CA,270,13.0,1.1,False,True,14.1
SHP-002473,3486,2026-01-21,USPS,USPS Ground Advantage,US_domestic,430,7.82,1.35,False,True,9.17
SHP-002474,3488,2026-01-21,USPS,USPS Priority Mail,US_domestic,540,7.71,1.35,False,True,9.06
SHP-002475,3494,2026-01-21,USPS,USPS Ground Advantage,US_domestic,270,5.9,1.1,False,True,7.0
SHP-002476,3495,2026-01-21,USPS,USPS Priority Mail,US_domestic,570,7.81,1.6,False,True,9.41
SHP-002477,3496,2026-01-21,USPS,USPS Priority Mail,US_domestic,470,7.68,1.35,False,True,9.03
SHP-002478,3500,2026-01-21,USPS,USPS Ground Advantage,US_domestic,380,5.96,1.1,False,True,7.0600000000000005
SHP-002479,3485,2026-01-22,USPS,USPS Ground Advantage,US_domestic,380,5.47,1.1,False,True,6.57
SHP-002480,3487,2026-01-22,USPS,USPS Ground Advantage,US_domestic,270,5.67,1.1,False,True,6.77
SHP-002481,3490,2026-01-22,USPS,USPS Ground Advantage,US_domestic,220,5.85,1.1,False,True,6.949999999999999
SHP-002482,3497,2026-01-22,USPS,USPS Ground Advantage,US_domestic,380,5.82,1.1,False,True,6.92
SHP-002483,3498,2026-01-22,USPS,USPS Priority Mail International,CA,440,14.92,1.35,False,True,16.27
SHP-002484,3501,2026-01-22,USPS,USPS Ground Advantage,US_domestic,385,5.76,1.35,False,True,7.109999999999999
SHP-002485,3508,2026-01-22,USPS,USPS Ground Advantage,US_domestic,270,5.8,1.1,False,True,6.9
SHP-002486,3509,2026-01-22,USPS,USPS Ground Advantage,US_domestic,270,5.9,1.1,False,True,7.0
SHP-002487,3511,2026-01-22,USPS,USPS Ground Advantage,US_domestic,410,7.39,1.1,False,True,8.49
SHP-002488,3513,2026-01-22,USPS,USPS Ground Advantage,US_domestic,410,7.93,1.1,False,True,9.03
SHP-002489,3518,2026-01-22,USPS,USPS Ground Advantage,US_domestic,270,5.75,1.1,False,True,6.85
SHP-002490,3519,2026-01-22,USPS,USPS Ground Advantage,US_domestic,390,5.9,1.35,False,True,7.25
SHP-002491,3527,2026-01-22,USPS,USPS Ground Advantage,US_domestic,410,7.7,1.1,False,True,8.8
SHP-002492,3530,2026-01-22,USPS,USPS Ground Advantage,US_domestic,390,5.87,1.35,False,True,7.220000000000001
SHP-002493,3502,2026-01-23,USPS,USPS Ground Advantage,US_domestic,310,5.81,1.1,False,True,6.91
SHP-002494,3503,2026-01-23,USPS,USPS Priority Mail International,CA,545,15.56,1.6,False,True,17.16
SHP-002495,3504,2026-01-23,USPS,USPS Priority Mail,US_domestic,560,7.64,1.35,False,True,8.99
SHP-002496,3506,2026-01-23,USPS,USPS Ground Advantage,US_domestic,380,5.73,1.35,False,True,7.08
SHP-002497,3507,2026-01-23,USPS,USPS Ground Advantage,US_domestic,380,5.71,1.1,False,True,6.8100000000000005
SHP-002498,3514,2026-01-23,USPS,USPS Ground Advantage,US_domestic,420,7.75,1.35,False,True,9.1
SHP-002499,3516,2026-01-23,USPS,USPS Priority Mail,US_domestic,1100,9.65,2.1,False,True,11.75
SHP-002500,3517,2026-01-23,USPS,USPS Ground Advantage,US_domestic,220,5.89,1.1,False,True,6.99
SHP-002501,3520,2026-01-23,USPS,USPS Ground Advantage,US_domestic,410,7.64,1.1,False,True,8.74
SHP-002502,3523,2026-01-23,USPS,USPS Ground Advantage,US_domestic,380,6.15,1.1,False,True,7.25
SHP-002503,3525,2026-01-23,USPS,USPS Priority Mail,US_domestic,1040,9.98,2.6,False,True,12.58
SHP-002504,3526,2026-01-23,USPS,USPS Priority Mail,US_domestic,1130,9.97,2.6,False,True,12.57
SHP-002505,3531,2026-01-23,USPS,USPS Priority Mail International,CA,880,18.76,2.6,False,True,21.360000000000003
SHP-002506,3534,2026-01-23,USPS,USPS Ground Advantage,US_domestic,270,5.95,1.1,False,True,7.050000000000001
SHP-002507,3535,2026-01-23,USPS,USPS Priority Mail,US_domestic,510,7.62,1.35,False,True,8.97
SHP-002508,3512,2026-01-24,USPS,USPS Priority Mail,US_domestic,1150,9.96,2.1,False,True,12.06
SHP-002509,3515,2026-01-24,USPS,USPS Priority Mail,US_domestic,615,7.64,1.6,False,True,9.24
SHP-002510,3524,2026-01-24,USPS,USPS Priority Mail International,CA,610,16.32,1.35,False,True,17.67
SHP-002511,3528,2026-01-24,USPS,USPS Priority Mail,US_domestic,505,7.61,1.35,False,True,8.96
SHP-002512,3533,2026-01-24,USPS,USPS Priority Mail International,CA,660,16.7,1.85,False,True,18.55
SHP-002513,3536,2026-01-24,USPS,USPS Ground Advantage,US_domestic,270,5.76,1.1,False,True,6.859999999999999
SHP-002514,3544,2026-01-24,USPS,USPS Ground Advantage,US_domestic,390,5.81,1.1,False,True,6.91
SHP-002515,3547,2026-01-24,USPS,USPS Ground Advantage,US_domestic,270,5.79,1.1,False,True,6.890000000000001
SHP-002516,3521,2026-01-25,USPS,USPS Priority Mail International,CA,380,14.12,1.1,False,True,15.219999999999999
SHP-002517,3522,2026-01-25,USPS,USPS Ground Advantage,US_domestic,270,5.9,1.1,False,True,7.0
SHP-002518,3529,2026-01-25,USPS,USPS Priority Mail,US_domestic,920,9.73,1.85,False,True,11.58
SHP-002519,3532,2026-01-25,USPS,USPS Priority Mail International,GB,340,18.61,1.35,False,True,19.96
SHP-002520,3542,2026-01-25,USPS,USPS Ground Advantage,US_domestic,385,5.8,1.35,False,True,7.15
SHP-002521,3543,2026-01-25,USPS,USPS Priority Mail,US_domestic,840,9.89,2.6,False,True,12.49
SHP-002522,3549,2026-01-25,USPS,USPS Ground Advantage,US_domestic,380,5.8,1.1,False,True,6.9
SHP-002523,3552,2026-01-25,USPS,USPS Ground Advantage,US_domestic,220,5.86,1.1,False,True,6.960000000000001
SHP-002524,3554,2026-01-25,USPS,USPS Ground Advantage,US_domestic,410,7.89,1.1,False,True,8.99
SHP-002525,3557,2026-01-25,USPS,USPS Ground Advantage,US_domestic,310,5.84,1.1,False,True,6.9399999999999995
SHP-002526,3570,2026-01-25,USPS,USPS Priority Mail,US_domestic,765,9.98,2.1,False,True,12.08
SHP-002527,3445,2026-01-26,USPS,USPS Ground Advantage,US_domestic,320,5.93,1.1,False,True,7.029999999999999
SHP-002528,3537,2026-01-26,USPS,USPS Ground Advantage,US_domestic,450,7.55,1.35,False,True,8.9
SHP-002529,3538,2026-01-26,USPS,USPS Priority Mail,US_domestic,500,7.74,1.35,False,True,9.09
SHP-002530,3541,2026-01-26,USPS,USPS Ground Advantage,US_domestic,270,5.85,1.1,False,True,6.949999999999999
SHP-002531,3550,2026-01-26,USPS,USPS Priority Mail,US_domestic,670,7.45,1.1,False,True,8.55
SHP-002532,3555,2026-01-26,USPS,USPS Priority Mail,US_domestic,505,7.85,1.35,False,True,9.2
SHP-002533,3561,2026-01-26,USPS,USPS Priority Mail,US_domestic,1220,12.96,2.1,False,True,15.06
SHP-002534,3562,2026-01-26,USPS,USPS Priority Mail International,GB,990,26.38,2.1,False,True,28.48
SHP-002535,3566,2026-01-26,USPS,USPS Ground Advantage,US_domestic,320,5.93,1.1,False,True,7.029999999999999
SHP-002536,3580,2026-01-26,USPS,USPS Ground Advantage,US_domestic,270,5.67,1.1,False,True,6.77
SHP-002537,3587,2026-01-26,USPS,USPS Priority Mail International,GB,270,17.05,1.1,False,True,18.150000000000002
SHP-002538,3590,2026-01-26,USPS,USPS Ground Advantage,US_domestic,385,5.93,1.35,False,True,7.279999999999999
SHP-002539,3478,2026-01-27,USPS,USPS Ground Advantage,US_domestic,670,7.86,1.1,False,True,8.96
SHP-002540,3539,2026-01-27,USPS,USPS Ground Advantage,US_domestic,390,5.59,1.1,False,True,6.6899999999999995
SHP-002541,3540,2026-01-27,USPS,USPS Ground Advantage,US_domestic,300,5.81,1.1,False,True,6.91
SHP-002542,3545,2026-01-27,USPS,USPS Ground Advantage,US_domestic,270,5.89,1.1,False,True,6.99
SHP-002543,3546,2026-01-27,USPS,USPS Ground Advantage,US_domestic,370,6.15,1.35,False,True,7.5
SHP-002544,3548,2026-01-27,USPS,USPS Priority Mail,US_domestic,900,9.59,2.1,False,True,11.69
SHP-002545,3551,2026-01-27,USPS,USPS Ground Advantage,US_domestic,435,7.58,1.35,False,True,8.93
SHP-002546,3553,2026-01-27,USPS,USPS Priority Mail,US_domestic,1100,9.93,2.1,False,True,12.03
SHP-002547,3556,2026-01-27,USPS,USPS Priority Mail,US_domestic,845,10.31,2.35,False,True,12.66
SHP-002548,3558,2026-01-27,USPS,USPS Priority Mail,US_domestic,540,7.91,1.35,False,True,9.26
SHP-002549,3559,2026-01-27,USPS,USPS Priority Mail International,GB,385,18.96,1.35,False,True,20.310000000000002
SHP-002550,3564,2026-01-27,USPS,USPS Priority Mail,US_domestic,850,10.03,2.35,False,True,12.379999999999999
SHP-002551,3571,2026-01-27,USPS,USPS Priority Mail,US_domestic,1060,9.99,2.1,False,True,12.09
SHP-002552,3573,2026-01-27,USPS,USPS Priority Mail International,GB,270,17.65,1.1,False,True,18.75
SHP-002553,3578,2026-01-27,USPS,USPS Priority Mail International,CA,220,12.33,1.1,False,True,13.43
SHP-002554,3579,2026-01-27,USPS,USPS Priority Mail,US_domestic,670,7.73,1.1,False,True,8.83
SHP-002555,3583,2026-01-27,USPS,USPS Ground Advantage,US_domestic,410,7.5,1.1,False,True,8.6
SHP-002556,3589,2026-01-27,USPS,USPS Priority Mail,US_domestic,560,7.66,1.35,False,True,9.01
SHP-002557,3560,2026-01-28,USPS,USPS Priority Mail,US_domestic,750,10.21,1.6,False,True,11.81
SHP-002558,3563,2026-01-28,USPS,USPS Ground Advantage,US_domestic,270,5.84,1.1,False,True,6.9399999999999995
SHP-002559,3567,2026-01-28,USPS,USPS Priority Mail,US_domestic,870,9.63,1.85,False,True,11.48
SHP-002560,3568,2026-01-28,USPS,USPS Priority Mail International,CA,220,12.25,1.1,False,True,13.35
SHP-002561,3569,2026-01-28,USPS,USPS Ground Advantage,US_domestic,410,7.54,1.1,False,True,8.64
SHP-002562,3572,2026-01-28,USPS,USPS Priority Mail,US_domestic,670,7.66,1.1,False,True,8.76
SHP-002563,3574,2026-01-28,USPS,USPS Priority Mail International,AU,380,21.43,1.1,False,True,22.53
SHP-002564,3577,2026-01-28,USPS,USPS Ground Advantage,US_domestic,220,5.94,1.1,False,True,7.040000000000001
SHP-002565,3581,2026-01-28,USPS,USPS Priority Mail,US_domestic,760,9.92,2.1,False,True,12.02
SHP-002566,3592,2026-01-28,USPS,USPS Ground Advantage,US_domestic,270,5.93,1.1,False,True,7.029999999999999
SHP-002567,3595,2026-01-28,USPS,USPS Priority Mail,US_domestic,470,7.79,1.35,False,True,9.14
SHP-002568,3600,2026-01-28,USPS,USPS Ground Advantage,US_domestic,270,6.04,1.1,False,True,7.140000000000001
SHP-002569,3606,2026-01-28,USPS,USPS Priority Mail,US_domestic,670,7.91,1.1,False,True,9.01
SHP-002570,3575,2026-01-29,USPS,USPS Ground Advantage,US_domestic,320,5.87,1.1,False,True,6.970000000000001
SHP-002571,3576,2026-01-29,USPS,USPS Ground Advantage,US_domestic,270,5.82,1.1,False,True,6.92
SHP-002572,3582,2026-01-29,USPS,USPS Priority Mail,US_domestic,730,10.28,2.35,False,True,12.629999999999999
SHP-002573,3584,2026-01-29,USPS,USPS Ground Advantage,US_domestic,300,5.73,1.1,False,True,6.83
SHP-002574,3585,2026-01-29,USPS,USPS Ground Advantage,US_domestic,270,5.85,1.1,False,True,6.949999999999999
SHP-002575,3586,2026-01-29,USPS,USPS Ground Advantage,US_domestic,270,5.81,1.1,False,True,6.91
SHP-002576,3588,2026-01-29,USPS,USPS Ground Advantage,US_domestic,265,5.73,1.1,False,True,6.83
SHP-002577,3593,2026-01-29,USPS,USPS Priority Mail,US_domestic,500,7.88,1.35,False,True,9.23
SHP-002578,3594,2026-01-29,USPS,USPS Ground Advantage,US_domestic,440,7.67,1.35,False,True,9.02
SHP-002579,3596,2026-01-29,USPS,USPS Ground Advantage,US_domestic,265,5.81,1.1,False,True,6.91
SHP-002580,3597,2026-01-29,USPS,USPS Ground Advantage,US_domestic,310,5.87,1.1,False,True,6.970000000000001
SHP-002581,3598,2026-01-29,USPS,USPS Priority Mail,US_domestic,505,7.42,1.35,False,True,8.77
SHP-002582,3615,2026-01-29,USPS,USPS Ground Advantage,US_domestic,265,5.92,1.1,False,True,7.02
SHP-002583,3591,2026-01-30,USPS,USPS Ground Advantage,US_domestic,300,5.77,1.1,False,True,6.869999999999999
SHP-002584,3601,2026-01-30,USPS,USPS Priority Mail,US_domestic,900,10.02,1.85,False,True,11.87
SHP-002585,3605,2026-01-30,USPS,USPS Priority Mail International,CA,265,12.72,1.1,False,True,13.82
SHP-002586,3609,2026-01-30,USPS,USPS Priority Mail,US_domestic,550,7.51,1.35,False,True,8.86
SHP-002587,3610,2026-01-30,USPS,USPS Ground Advantage,US_domestic,385,5.8,1.35,False,True,7.15
SHP-002588,3618,2026-01-30,USPS,USPS Priority Mail,US_domestic,550,7.28,1.35,False,True,8.63
SHP-002589,3620,2026-01-30,USPS,USPS Ground Advantage,US_domestic,270,5.84,1.1,False,True,6.9399999999999995
SHP-002590,3623,2026-01-30,USPS,USPS Ground Advantage,US_domestic,385,5.65,1.35,False,True,7.0
SHP-002591,3626,2026-01-30,USPS,USPS Ground Advantage,US_domestic,310,6.0,1.1,False,True,7.1
SHP-002592,3599,2026-01-31,USPS,USPS Ground Advantage,US_domestic,390,6.38,1.1,True,True,7.48
SHP-002593,3602,2026-01-31,USPS,USPS Priority Mail,US_domestic,630,7.69,1.85,False,True,9.540000000000001
SHP-002594,3603,2026-01-31,USPS,USPS Priority Mail,US_domestic,940,10.03,2.6,False,True,12.629999999999999
SHP-002595,3604,2026-01-31,USPS,USPS Priority Mail,US_domestic,1010,10.09,2.35,False,True,12.44
SHP-002596,3607,2026-01-31,USPS,USPS Ground Advantage,US_domestic,410,7.52,1.1,False,True,8.62
SHP-002597,3611,2026-01-31,USPS,USPS Ground Advantage,US_domestic,265,6.07,1.1,False,True,7.17
SHP-002598,3612,2026-01-31,USPS,USPS Priority Mail,US_domestic,670,7.53,1.1,False,True,8.63
SHP-002599,3613,2026-01-31,USPS,USPS Priority Mail,US_domestic,680,7.7,1.6,False,True,9.3
SHP-002600,3617,2026-01-31,USPS,USPS Priority Mail,US_domestic,1060,9.74,2.1,False,True,11.84
SHP-002601,3619,2026-01-31,USPS,USPS Priority Mail,US_domestic,900,9.93,1.85,False,True,11.78
SHP-002602,3622,2026-01-31,USPS,USPS Priority Mail,US_domestic,595,7.47,1.6,False,True,9.07
SHP-002603,3627,2026-01-31,USPS,USPS Ground Advantage,US_domestic,420,7.7,1.35,False,True,9.05
SHP-002604,3638,2026-01-31,USPS,USPS Priority Mail,US_domestic,1020,9.79,2.1,False,True,11.889999999999999
SHP-002605,3639,2026-01-31,USPS,USPS Ground Advantage,US_domestic,270,5.81,1.1,False,True,6.91
SHP-002606,3640,2026-01-31,USPS,USPS Priority Mail,US_domestic,470,7.61,1.35,False,True,8.96
SHP-002607,3279,2026-02-01,USPS,USPS Ground Advantage,US_domestic,265,5.89,1.1,False,True,6.99
SHP-002608,3614,2026-02-01,USPS,USPS Ground Advantage,US_domestic,410,7.79,1.1,False,True,8.89
SHP-002609,3616,2026-02-01,USPS,USPS Ground Advantage,US_domestic,390,5.99,1.35,False,True,7.34
SHP-002610,3624,2026-02-01,USPS,USPS Ground Advantage,US_domestic,310,5.82,1.1,False,True,6.92
SHP-002611,3625,2026-02-01,USPS,USPS Ground Advantage,US_domestic,385,5.77,1.35,False,True,7.119999999999999
SHP-002612,3628,2026-02-01,USPS,USPS Priority Mail International,CA,855,18.87,2.35,False,True,21.220000000000002
SHP-002613,3629,2026-02-01,USPS,USPS Ground Advantage,US_domestic,410,7.77,1.1,False,True,8.87
SHP-002614,3631,2026-02-01,USPS,USPS Priority Mail International,AU,890,28.11,2.6,False,True,30.71
SHP-002615,3621,2026-02-02,USPS,USPS Priority Mail,US_domestic,500,7.55,1.35,False,True,8.9
SHP-002616,3632,2026-02-02,USPS,USPS Priority Mail,US_domestic,1190,10.07,2.35,False,True,12.42
SHP-002617,3633,2026-02-02,USPS,USPS Priority Mail,US_domestic,510,7.53,1.6,False,True,9.13
SHP-002618,3634,2026-02-02,USPS,USPS Ground Advantage,US_domestic,410,7.77,1.1,False,True,8.87
SHP-002619,3635,2026-02-02,USPS,USPS Priority Mail International,GB,270,17.51,1.1,False,True,18.610000000000003
SHP-002620,3636,2026-02-02,USPS,USPS Priority Mail,US_domestic,490,7.37,1.35,False,True,8.72
SHP-002621,3642,2026-02-02,USPS,USPS Priority Mail International,GB,1065,27.02,2.35,False,True,29.37
SHP-002622,3643,2026-02-02,USPS,USPS Priority Mail,US_domestic,470,7.48,1.35,False,True,8.83
SHP-002623,3645,2026-02-02,USPS,USPS Ground Advantage,US_domestic,450,7.6,1.35,False,True,8.95
SHP-002624,3661,2026-02-02,USPS,USPS Priority Mail,US_domestic,980,10.01,1.85,False,True,11.86
SHP-002625,3637,2026-02-03,USPS,USPS Ground Advantage,US_domestic,380,5.77,1.1,False,True,6.869999999999999
SHP-002626,3644,2026-02-03,USPS,USPS Ground Advantage,US_domestic,300,6.03,1.1,False,True,7.130000000000001
SHP-002627,3649,2026-02-03,USPS,USPS Priority Mail,US_domestic,470,7.85,1.35,False,True,9.2
SHP-002628,3651,2026-02-03,USPS,USPS Ground Advantage,US_domestic,270,5.85,1.1,False,True,6.949999999999999
SHP-002629,3653,2026-02-03,USPS,USPS Ground Advantage,US_domestic,270,5.84,1.1,False,True,6.9399999999999995
SHP-002630,3654,2026-02-03,USPS,USPS Ground Advantage,US_domestic,270,5.94,1.1,False,True,7.040000000000001
SHP-002631,3655,2026-02-03,USPS,USPS Priority Mail,US_domestic,645,7.69,1.6,False,True,9.290000000000001
SHP-002632,3656,2026-02-03,USPS,USPS Priority Mail,US_domestic,1070,9.96,2.6,False,True,12.56
SHP-002633,3659,2026-02-03,USPS,USPS Priority Mail,US_domestic,740,9.96,2.1,False,True,12.06
SHP-002634,3663,2026-02-03,USPS,USPS Priority Mail,US_domestic,560,7.53,1.35,False,True,8.88
SHP-002635,3665,2026-02-03,USPS,USPS Ground Advantage,US_domestic,270,5.61,1.1,False,True,6.710000000000001
SHP-002636,3667,2026-02-03,USPS,USPS Priority Mail International,GB,270,16.96,1.1,False,True,18.060000000000002
SHP-002637,3673,2026-02-03,USPS,USPS Priority Mail International,CA,810,18.05,2.1,False,True,20.150000000000002
SHP-002638,3674,2026-02-03,USPS,USPS Priority Mail International,AU,290,19.63,1.35,False,True,20.98
SHP-002639,3675,2026-02-03,USPS,USPS Priority Mail,US_domestic,1740,13.05,2.6,False,True,15.65
SHP-002640,3677,2026-02-03,USPS,USPS Priority Mail International,CA,270,13.0,1.1,False,True,14.1
SHP-002641,3646,2026-02-04,USPS,USPS Ground Advantage,US_domestic,390,5.78,1.1,False,True,6.880000000000001
SHP-002642,3647,2026-02-04,USPS,USPS Ground Advantage,US_domestic,300,5.81,1.1,False,True,6.91
SHP-002643,3648,2026-02-04,USPS,USPS Ground Advantage,US_domestic,270,5.87,1.1,False,True,6.970000000000001
SHP-002644,3650,2026-02-04,USPS,USPS Priority Mail International,CA,270,12.87,1.1,False,True,13.969999999999999
SHP-002645,3652,2026-02-04,USPS,USPS Priority Mail,US_domestic,750,9.91,1.6,False,True,11.51
SHP-002646,3657,2026-02-04,USPS,USPS Ground Advantage,US_domestic,320,5.87,1.1,False,True,6.970000000000001
SHP-002647,3660,2026-02-04,USPS,USPS Ground Advantage,US_domestic,220,6.09,1.1,False,True,7.1899999999999995
SHP-002648,3662,2026-02-04,USPS,USPS Priority Mail,US_domestic,670,7.46,1.1,False,True,8.56
SHP-002649,3664,2026-02-04,USPS,USPS Ground Advantage,US_domestic,270,5.93,1.1,False,True,7.029999999999999
SHP-002650,3666,2026-02-04,USPS,USPS Priority Mail,US_domestic,670,7.54,1.35,False,True,8.89
SHP-002651,3668,2026-02-04,USPS,USPS Ground Advantage,US_domestic,265,5.98,1.1,False,True,7.08
SHP-002652,3669,2026-02-04,USPS,USPS Ground Advantage,US_domestic,265,5.86,1.1,False,True,6.960000000000001
SHP-002653,3670,2026-02-04,USPS,USPS Priority Mail,US_domestic,740,10.35,2.35,False,True,12.7
SHP-002654,3671,2026-02-04,USPS,USPS Priority Mail,US_domestic,670,7.71,1.1,False,True,8.81
SHP-002655,3672,2026-02-04,USPS,USPS Ground Advantage,US_domestic,270,5.93,1.1,False,True,7.029999999999999
SHP-002656,3678,2026-02-04,USPS,USPS Priority Mail International,GB,780,23.86,2.35,False,True,26.21
SHP-002657,3679,2026-02-04,USPS,USPS Ground Advantage,US_domestic,270,5.8,1.1,False,True,6.9
SHP-002658,3687,2026-02-04,USPS,USPS Priority Mail,US_domestic,750,9.98,1.6,False,True,11.58
SHP-002659,3688,2026-02-04,USPS,USPS Ground Advantage,US_domestic,300,5.6,1.1,False,True,6.699999999999999
SHP-002660,3693,2026-02-04,USPS,USPS Ground Advantage,US_domestic,390,5.78,1.1,False,True,6.880000000000001
SHP-002661,3695,2026-02-04,USPS,USPS Ground Advantage,US_domestic,430,7.6,1.35,False,True,8.95
SHP-002662,3698,2026-02-04,USPS,USPS Ground Advantage,US_domestic,270,5.66,1.1,False,True,6.76
SHP-002663,3658,2026-02-05,USPS,USPS Priority Mail,US_domestic,545,7.59,1.6,True,True,9.19
SHP-002664,3676,2026-02-05,USPS,USPS Priority Mail,US_domestic,510,7.7,1.35,False,True,9.05
SHP-002665,3681,2026-02-05,USPS,USPS Priority Mail,US_domestic,600,7.57,1.6,False,True,9.17
SHP-002666,3682,2026-02-05,USPS,USPS Ground Advantage,US_domestic,270,6.05,1.1,False,True,7.15
SHP-002667,3684,2026-02-05,USPS,USPS Priority Mail,US_domestic,700,7.44,1.6,False,True,9.040000000000001
SHP-002668,3694,2026-02-05,USPS,USPS Ground Advantage,US_domestic,300,5.7,1.1,False,True,6.800000000000001
SHP-002669,3703,2026-02-05,USPS,USPS Priority Mail,US_domestic,530,7.66,1.35,False,True,9.01
SHP-002670,3706,2026-02-05,USPS,USPS Priority Mail International,AU,440,22.08,1.35,False,True,23.43
SHP-002671,3707,2026-02-05,USPS,USPS Priority Mail,US_domestic,750,10.35,1.6,False,True,11.95
SHP-002672,3710,2026-02-05,USPS,USPS Ground Advantage,US_domestic,270,6.01,1.1,False,True,7.109999999999999
SHP-002673,3711,2026-02-05,USPS,USPS Priority Mail,US_domestic,670,7.5,1.35,False,True,8.85
SHP-002674,3680,2026-02-06,USPS,USPS Priority Mail,US_domestic,910,9.79,2.1,False,True,11.889999999999999
SHP-002675,3683,2026-02-06,USPS,USPS Priority Mail,US_domestic,750,10.25,1.6,False,True,11.85
SHP-002676,3685,2026-02-06,USPS,USPS Priority Mail,US_domestic,910,9.69,2.1,False,True,11.79
SHP-002677,3686,2026-02-06,USPS,USPS Priority Mail International,GB,410,19.22,1.1,False,True,20.32
SHP-002678,3691,2026-02-06,USPS,USPS Priority Mail,US_domestic,750,9.67,1.6,False,True,11.27
SHP-002679,3692,2026-02-06,USPS,USPS Priority Mail,US_domestic,1220,13.18,2.6,False,True,15.78
SHP-002680,3696,2026-02-06,USPS,USPS Priority Mail,US_domestic,1140,9.75,2.6,False,True,12.35
SHP-002681,3697,2026-02-06,USPS,USPS Ground Advantage,US_domestic,270,5.75,1.1,False,True,6.85
SHP-002682,3700,2026-02-06,USPS,USPS Priority Mail,US_domestic,2180,16.99,2.85,False,True,19.84
SHP-002683,3702,2026-02-06,USPS,USPS Priority Mail,US_domestic,705,10.15,2.35,False,True,12.5
SHP-002684,3705,2026-02-06,USPS,USPS Ground Advantage,US_domestic,410,7.76,1.1,False,True,8.86
SHP-002685,3725,2026-02-06,USPS,USPS Priority Mail,US_domestic,865,9.77,1.85,False,True,11.62
SHP-002686,3690,2026-02-07,USPS,USPS Ground Advantage,US_domestic,390,5.86,1.35,False,True,7.210000000000001
SHP-002687,3701,2026-02-07,USPS,USPS Priority Mail International,CA,1190,20.99,1.85,False,True,22.84
SHP-002688,3704,2026-02-07,USPS,USPS Priority Mail,US_domestic,900,9.89,1.85,False,True,11.74
SHP-002689,3713,2026-02-07,USPS,USPS Ground Advantage,US_domestic,265,5.85,1.1,False,True,6.949999999999999
SHP-002690,3715,2026-02-07,USPS,USPS Ground Advantage,US_domestic,390,6.03,1.35,False,True,7.380000000000001
SHP-002691,3719,2026-02-07,USPS,USPS Priority Mail,US_domestic,670,7.75,1.1,False,True,8.85
SHP-002692,3731,2026-02-07,USPS,USPS Ground Advantage,US_domestic,320,5.92,1.1,False,True,7.02
SHP-002693,3733,2026-02-07,USPS,USPS Priority Mail International,CA,980,20.24,2.6,False,True,22.84
SHP-002694,3742,2026-02-07,USPS,USPS Ground Advantage,US_domestic,270,5.84,1.1,False,True,6.9399999999999995
SHP-002695,3699,2026-02-08,USPS,USPS Priority Mail,US_domestic,720,10.26,2.35,False,True,12.61
SHP-002696,3708,2026-02-08,USPS,USPS Ground Advantage,US_domestic,440,7.71,1.35,False,True,9.06
SHP-002697,3709,2026-02-08,USPS,USPS Priority Mail,US_domestic,670,7.64,1.1,False,True,8.74
SHP-002698,3716,2026-02-08,USPS,USPS Priority Mail,US_domestic,830,9.7,1.85,False,True,11.549999999999999
SHP-002699,3718,2026-02-08,USPS,USPS Priority Mail International,CA,510,15.5,1.35,False,True,16.85
SHP-002700,3721,2026-02-08,USPS,USPS Priority Mail,US_domestic,880,9.93,2.35,False,True,12.28
SHP-002701,3722,2026-02-08,USPS,USPS Priority Mail,US_domestic,750,9.85,1.6,False,True,11.45
SHP-002702,3724,2026-02-08,USPS,USPS Ground Advantage,US_domestic,420,7.64,1.35,False,True,8.99
SHP-002703,3735,2026-02-08,USPS,USPS Priority Mail,US_domestic,460,7.54,1.6,False,True,9.14
SHP-002704,3736,2026-02-08,USPS,USPS Priority Mail,US_domestic,870,10.22,1.85,False,True,12.07
SHP-002705,3737,2026-02-08,USPS,USPS Ground Advantage,US_domestic,390,5.85,1.1,False,True,6.949999999999999
SHP-002706,3740,2026-02-08,USPS,USPS Priority Mail International,AU,785,26.23,1.85,False,True,28.080000000000002
SHP-002707,3741,2026-02-08,USPS,USPS Ground Advantage,US_domestic,335,5.75,1.35,False,True,7.1
SHP-002708,3743,2026-02-08,USPS,USPS Priority Mail,US_domestic,630,7.69,1.6,False,True,9.290000000000001
SHP-002709,3745,2026-02-08,USPS,USPS Priority Mail,US_domestic,680,7.65,1.6,False,True,9.25
SHP-002710,3748,2026-02-08,USPS,USPS Ground Advantage,US_domestic,380,5.89,1.1,False,True,6.99
SHP-002711,3750,2026-02-08,USPS,USPS Priority Mail International,GB,300,17.88,1.1,False,True,18.98
SHP-002712,3759,2026-02-08,USPS,USPS Ground Advantage,US_domestic,380,5.79,1.1,False,True,6.890000000000001
SHP-002713,3760,2026-02-08,USPS,USPS Ground Advantage,US_domestic,270,5.8,1.1,False,True,6.9
SHP-002714,3764,2026-02-08,USPS,USPS Priority Mail,US_domestic,990,10.01,2.35,False,True,12.36
SHP-002715,3768,2026-02-08,USPS,USPS Priority Mail,US_domestic,865,10.02,1.85,False,True,11.87
SHP-002716,3769,2026-02-08,USPS,USPS Priority Mail International,AU,1050,29.29,2.1,False,True,31.39
SHP-002717,3770,2026-02-08,USPS,USPS Ground Advantage,US_domestic,380,5.85,1.1,False,True,6.949999999999999
SHP-002718,3712,2026-02-09,USPS,USPS Priority Mail,US_domestic,510,7.53,1.35,False,True,8.88
SHP-002719,3714,2026-02-09,USPS,USPS Ground Advantage,US_domestic,300,5.98,1.1,False,True,7.08
SHP-002720,3717,2026-02-09,USPS,USPS Priority Mail,US_domestic,510,7.54,1.35,False,True,8.89
SHP-002721,3720,2026-02-09,USPS,USPS Ground Advantage,US_domestic,320,5.89,1.1,False,True,6.99
SHP-002722,3726,2026-02-09,USPS,USPS Ground Advantage,US_domestic,430,7.73,1.35,False,True,9.08
SHP-002723,3728,2026-02-09,USPS,USPS Priority Mail,US_domestic,1460,13.02,2.6,False,True,15.62
SHP-002724,3734,2026-02-09,USPS,USPS Priority Mail International,CA,380,14.13,1.35,False,True,15.48
SHP-002725,3739,2026-02-09,USPS,USPS Ground Advantage,US_domestic,320,5.65,1.1,False,True,6.75
SHP-002726,3744,2026-02-09,USPS,USPS Priority Mail,US_domestic,570,7.57,1.6,False,True,9.17
SHP-002727,3746,2026-02-09,USPS,USPS Priority Mail,US_domestic,620,7.82,1.6,False,True,9.42
SHP-002728,3749,2026-02-09,USPS,USPS Priority Mail,US_domestic,545,7.81,1.6,False,True,9.41
SHP-002729,3758,2026-02-09,USPS,USPS Ground Advantage,US_domestic,390,5.96,1.35,False,True,7.3100000000000005
SHP-002730,3763,2026-02-09,USPS,USPS Priority Mail,US_domestic,550,7.46,1.6,False,True,9.06
SHP-002731,3765,2026-02-09,USPS,USPS Ground Advantage,US_domestic,320,5.91,1.1,True,True,7.01
SHP-002732,3766,2026-02-09,USPS,USPS Ground Advantage,US_domestic,300,6.02,1.1,False,True,7.119999999999999
SHP-002733,3773,2026-02-09,USPS,USPS Ground Advantage,US_domestic,270,5.65,1.1,False,True,6.75
SHP-002734,3775,2026-02-09,USPS,USPS Priority Mail,US_domestic,990,9.8,2.1,False,True,11.9
SHP-002735,3776,2026-02-09,USPS,USPS Ground Advantage,US_domestic,410,7.64,1.1,False,True,8.74
SHP-002736,3777,2026-02-09,USPS,USPS Ground Advantage,US_domestic,270,5.78,1.1,False,True,6.880000000000001
SHP-002737,3784,2026-02-09,USPS,USPS Priority Mail,US_domestic,610,7.32,1.35,False,True,8.67
SHP-002738,3786,2026-02-09,USPS,USPS Priority Mail,US_domestic,670,7.68,1.1,False,True,8.78
SHP-002739,3788,2026-02-09,USPS,USPS Priority Mail,US_domestic,640,7.56,1.35,False,True,8.91
SHP-002740,3729,2026-02-10,USPS,USPS Ground Advantage,US_domestic,270,5.79,1.1,False,True,6.890000000000001
SHP-002741,3730,2026-02-10,USPS,USPS Ground Advantage,US_domestic,270,5.79,1.1,False,True,6.890000000000001
SHP-002742,3732,2026-02-10,USPS,USPS Ground Advantage,US_domestic,420,7.35,1.35,False,True,8.7
SHP-002743,3738,2026-02-10,USPS,USPS Priority Mail,US_domestic,750,9.81,1.6,False,True,11.41
SHP-002744,3747,2026-02-10,USPS,USPS Priority Mail,US_domestic,500,7.61,1.6,False,True,9.21
SHP-002745,3753,2026-02-10,USPS,USPS Priority Mail,US_domestic,455,7.51,1.6,False,True,9.11
SHP-002746,3754,2026-02-10,USPS,USPS Priority Mail,US_domestic,870,9.97,1.85,False,True,11.82
SHP-002747,3755,2026-02-10,USPS,USPS Priority Mail,US_domestic,540,7.46,1.35,False,True,8.81
SHP-002748,3756,2026-02-10,USPS,USPS Ground Advantage,US_domestic,270,5.64,1.1,False,True,6.74
SHP-002749,3761,2026-02-10,USPS,USPS Ground Advantage,US_domestic,380,5.74,1.1,False,True,6.84
SHP-002750,3762,2026-02-10,USPS,USPS Ground Advantage,US_domestic,380,5.76,1.1,False,True,6.859999999999999
SHP-002751,3772,2026-02-10,USPS,USPS Ground Advantage,US_domestic,220,5.87,1.1,False,True,6.970000000000001
SHP-002752,3774,2026-02-10,USPS,USPS Ground Advantage,US_domestic,380,5.72,1.35,False,True,7.07
SHP-002753,3779,2026-02-10,USPS,USPS Priority Mail,US_domestic,505,7.59,1.35,False,True,8.94
SHP-002754,3780,2026-02-10,USPS,USPS Priority Mail,US_domestic,870,10.07,1.85,False,True,11.92
SHP-002755,3783,2026-02-10,USPS,USPS Priority Mail,US_domestic,1140,9.75,2.35,False,True,12.1
SHP-002756,3789,2026-02-10,USPS,USPS Priority Mail,US_domestic,750,9.96,1.6,False,True,11.56
SHP-002757,3790,2026-02-10,USPS,USPS Priority Mail International,CA,310,13.28,1.1,False,True,14.379999999999999
SHP-002758,3791,2026-02-10,USPS,USPS Priority Mail International,AU,320,19.36,1.1,False,True,20.46
SHP-002759,3792,2026-02-10,USPS,USPS Priority Mail,US_domestic,620,7.63,1.35,False,True,8.98
SHP-002760,3793,2026-02-10,USPS,USPS Priority Mail,US_domestic,750,10.22,1.6,False,True,11.82
SHP-002761,3794,2026-02-10,USPS,USPS Ground Advantage,US_domestic,390,5.65,1.35,False,True,7.0
SHP-002762,3751,2026-02-11,USPS,USPS Ground Advantage,US_domestic,380,5.88,1.1,False,True,6.98
SHP-002763,3752,2026-02-11,USPS,USPS Ground Advantage,US_domestic,220,5.72,1.1,False,True,6.82
SHP-002764,3757,2026-02-11,USPS,USPS Ground Advantage,US_domestic,380,5.69,1.1,False,True,6.790000000000001
SHP-002765,3767,2026-02-11,USPS,USPS Priority Mail,US_domestic,500,7.64,1.35,False,True,8.99
SHP-002766,3771,2026-02-11,USPS,USPS Ground Advantage,US_domestic,310,5.98,1.1,False,True,7.08
SHP-002767,3782,2026-02-11,USPS,USPS Ground Advantage,US_domestic,300,5.78,1.1,False,True,6.880000000000001
SHP-002768,3798,2026-02-11,USPS,USPS Priority Mail,US_domestic,645,7.53,1.6,False,True,9.13
SHP-002769,3803,2026-02-11,USPS,USPS Ground Advantage,US_domestic,380,5.91,1.1,False,True,7.01
SHP-002770,3778,2026-02-12,USPS,USPS Ground Advantage,US_domestic,390,5.77,1.1,False,True,6.869999999999999
SHP-002771,3781,2026-02-12,USPS,USPS Priority Mail,US_domestic,620,7.62,1.35,False,True,8.97
SHP-002772,3785,2026-02-12,USPS,USPS Ground Advantage,US_domestic,270,5.9,1.1,False,True,7.0
SHP-002773,3787,2026-02-12,USPS,USPS Ground Advantage,US_domestic,300,5.72,1.1,False,True,6.82
SHP-002774,3797,2026-02-12,USPS,USPS Ground Advantage,US_domestic,430,7.69,1.35,False,True,9.040000000000001
SHP-002775,3808,2026-02-12,USPS,USPS Ground Advantage,US_domestic,220,5.73,1.1,False,True,6.83
SHP-002776,3809,2026-02-12,USPS,USPS Priority Mail,US_domestic,665,7.9,1.6,False,True,9.5
SHP-002777,3810,2026-02-12,USPS,USPS Priority Mail,US_domestic,630,7.92,1.35,False,True,9.27
SHP-002778,3812,2026-02-12,USPS,USPS Ground Advantage,US_domestic,390,5.88,1.1,False,True,6.98
SHP-002779,3648,2026-02-13,USPS,USPS Ground Advantage,US_domestic,270,5.88,1.1,False,True,6.98
SHP-002780,3795,2026-02-13,USPS,USPS Priority Mail,US_domestic,930,10.18,2.35,False,True,12.53
SHP-002781,3796,2026-02-13,USPS,USPS Ground Advantage,US_domestic,420,7.69,1.35,False,True,9.040000000000001
SHP-002782,3799,2026-02-13,USPS,USPS Ground Advantage,US_domestic,420,7.58,1.35,False,True,8.93
SHP-002783,3800,2026-02-13,USPS,USPS Ground Advantage,US_domestic,440,7.4,1.35,False,True,8.75
SHP-002784,3804,2026-02-13,USPS,USPS Ground Advantage,US_domestic,310,5.74,1.1,False,True,6.84
SHP-002785,3805,2026-02-13,USPS,USPS Priority Mail,US_domestic,690,7.44,1.6,False,True,9.040000000000001
SHP-002786,3806,2026-02-13,USPS,USPS Ground Advantage,US_domestic,310,5.93,1.1,False,True,7.029999999999999
SHP-002787,3807,2026-02-13,USPS,USPS Priority Mail International,GB,990,25.88,1.85,False,True,27.73
SHP-002788,3813,2026-02-13,USPS,USPS Ground Advantage,US_domestic,270,5.84,1.1,False,True,6.9399999999999995
SHP-002789,3815,2026-02-13,USPS,USPS Priority Mail,US_domestic,750,9.72,1.6,False,True,11.32
SHP-002790,3817,2026-02-13,USPS,USPS Ground Advantage,US_domestic,320,5.87,1.1,False,True,6.970000000000001
SHP-002791,3824,2026-02-13,USPS,USPS Ground Advantage,US_domestic,410,7.89,1.1,False,True,8.99
SHP-002792,3825,2026-02-13,USPS,USPS Ground Advantage,US_domestic,380,5.76,1.1,False,True,6.859999999999999
SHP-002793,3827,2026-02-13,USPS,USPS Priority Mail,US_domestic,610,7.74,1.6,False,True,9.34
SHP-002794,3828,2026-02-13,USPS,USPS Priority Mail International,AU,270,19.58,1.1,False,True,20.68
SHP-002795,3830,2026-02-13,USPS,USPS Priority Mail,US_domestic,670,7.37,1.1,False,True,8.47
SHP-002796,3833,2026-02-13,USPS,USPS Priority Mail,US_domestic,690,7.74,1.85,False,True,9.59
SHP-002797,3837,2026-02-13,USPS,USPS Priority Mail International,AU,750,26.35,2.1,False,True,28.450000000000003
SHP-002798,3842,2026-02-13,USPS,USPS Priority Mail,US_domestic,530,7.7,1.35,False,True,9.05
SHP-002799,3801,2026-02-14,USPS,USPS Ground Advantage,US_domestic,265,5.89,1.1,False,True,6.99
SHP-002800,3802,2026-02-14,USPS,USPS Priority Mail,US_domestic,1065,9.98,2.85,False,True,12.83
SHP-002801,3811,2026-02-14,USPS,USPS Ground Advantage,US_domestic,270,5.81,1.1,False,True,6.91
SHP-002802,3814,2026-02-14,USPS,USPS Priority Mail,US_domestic,830,10.04,1.85,False,True,11.889999999999999
SHP-002803,3816,2026-02-14,USPS,USPS Priority Mail International,CA,920,19.27,1.85,False,True,21.12
SHP-002804,3818,2026-02-14,USPS,USPS Ground Advantage,US_domestic,300,5.98,1.1,False,True,7.08
SHP-002805,3822,2026-02-14,USPS,USPS Priority Mail,US_domestic,1030,9.34,2.1,False,True,11.44
SHP-002806,3823,2026-02-14,USPS,USPS Ground Advantage,US_domestic,380,5.85,1.35,False,True,7.199999999999999
SHP-002807,3831,2026-02-14,USPS,USPS Priority Mail,US_domestic,910,10.45,1.85,False,True,12.299999999999999
SHP-002808,3846,2026-02-14,USPS,USPS Ground Advantage,US_domestic,270,5.84,1.1,False,True,6.9399999999999995
SHP-002809,3851,2026-02-14,USPS,USPS Ground Advantage,US_domestic,300,5.81,1.1,False,True,6.91
SHP-002810,3852,2026-02-14,USPS,USPS Priority Mail,US_domestic,1215,13.31,2.35,False,True,15.66
SHP-002811,3853,2026-02-14,USPS,USPS Ground Advantage,US_domestic,420,7.66,1.35,False,True,9.01
SHP-002812,3854,2026-02-14,USPS,USPS Priority Mail,US_domestic,540,7.52,1.35,False,True,8.87
SHP-002813,3819,2026-02-15,USPS,USPS Priority Mail,US_domestic,1075,9.9,2.35,False,True,12.25
SHP-002814,3820,2026-02-15,USPS,USPS Priority Mail,US_domestic,740,9.82,2.1,False,True,11.92
SHP-002815,3821,2026-02-15,USPS,USPS Priority Mail,US_domestic,750,10.08,1.6,False,True,11.68
SHP-002816,3826,2026-02-15,USPS,USPS Priority Mail,US_domestic,1470,13.6,2.6,False,True,16.2
SHP-002817,3829,2026-02-15,USPS,USPS Ground Advantage,US_domestic,410,7.69,1.1,False,True,8.790000000000001
SHP-002818,3835,2026-02-15,USPS,USPS Ground Advantage,US_domestic,310,5.73,1.1,False,True,6.83
SHP-002819,3840,2026-02-15,USPS,USPS Ground Advantage,US_domestic,270,5.88,1.1,False,True,6.98
SHP-002820,3841,2026-02-15,USPS,USPS Ground Advantage,US_domestic,410,7.51,1.1,False,True,8.61
SHP-002821,3843,2026-02-15,USPS,USPS Priority Mail International,AU,585,23.94,1.6,False,True,25.540000000000003
SHP-002822,3844,2026-02-15,USPS,USPS Ground Advantage,US_domestic,380,5.77,1.1,False,True,6.869999999999999
SHP-002823,3845,2026-02-15,USPS,USPS Ground Advantage,US_domestic,300,5.98,1.1,False,True,7.08
SHP-002824,3847,2026-02-15,USPS,USPS Priority Mail,US_domestic,780,10.13,2.1,False,True,12.23
SHP-002825,3858,2026-02-15,USPS,USPS Priority Mail,US_domestic,890,9.81,2.35,False,True,12.16
SHP-002826,3863,2026-02-15,USPS,USPS Priority Mail International,GB,670,22.71,1.1,False,True,23.810000000000002
SHP-002827,3864,2026-02-15,USPS,USPS Ground Advantage,US_domestic,265,5.79,1.1,False,True,6.890000000000001
SHP-002828,3832,2026-02-16,USPS,USPS Ground Advantage,US_domestic,265,5.87,1.1,False,True,6.970000000000001
SHP-002829,3834,2026-02-16,USPS,USPS Ground Advantage,US_domestic,380,5.84,1.1,False,True,6.9399999999999995
SHP-002830,3836,2026-02-16,USPS,USPS Priority Mail,US_domestic,670,7.77,1.1,False,True,8.87
SHP-002831,3838,2026-02-16,USPS,USPS Priority Mail,US_domestic,530,7.64,1.35,False,True,8.99
SHP-002832,3839,2026-02-16,USPS,USPS Priority Mail,US_domestic,630,7.56,1.6,False,True,9.16
SHP-002833,3848,2026-02-16,USPS,USPS Priority Mail,US_domestic,555,7.64,1.6,False,True,9.24
SHP-002834,3856,2026-02-16,USPS,USPS Priority Mail,US_domestic,750,10.21,1.6,False,True,11.81
SHP-002835,3860,2026-02-16,USPS,USPS Priority Mail,US_domestic,530,7.77,1.35,False,True,9.12
SHP-002836,3861,2026-02-16,USPS,USPS Priority Mail,US_domestic,830,9.92,1.85,False,True,11.77
SHP-002837,3866,2026-02-16,USPS,USPS Ground Advantage,US_domestic,390,6.38,1.1,True,True,7.48
SHP-002838,3871,2026-02-16,USPS,USPS Priority Mail International,GB,270,18.16,1.1,False,True,19.26
SHP-002839,3612,2026-02-17,USPS,USPS Ground Advantage,US_domestic,670,7.55,1.1,False,True,8.65
SHP-002840,3849,2026-02-17,USPS,USPS Priority Mail,US_domestic,550,7.59,1.6,False,True,9.19
SHP-002841,3850,2026-02-17,USPS,USPS Priority Mail,US_domestic,460,7.43,1.35,False,True,8.78
SHP-002842,3862,2026-02-17,USPS,USPS Priority Mail,US_domestic,670,7.5,1.6,False,True,9.1
SHP-002843,3873,2026-02-17,USPS,USPS Priority Mail,US_domestic,1090,10.38,2.6,False,True,12.98
SHP-002844,3874,2026-02-17,USPS,USPS Ground Advantage,US_domestic,410,7.66,1.1,False,True,8.76
SHP-002845,3875,2026-02-17,USPS,USPS Priority Mail,US_domestic,1230,12.81,2.35,False,True,15.16
SHP-002846,3882,2026-02-17,USPS,USPS Priority Mail,US_domestic,610,7.45,1.35,False,True,8.8
SHP-002847,3884,2026-02-17,USPS,USPS Priority Mail,US_domestic,690,7.53,1.85,False,True,9.38
SHP-002848,3885,2026-02-17,USPS,USPS Ground Advantage,US_domestic,440,7.85,1.35,False,True,9.2
SHP-002849,3887,2026-02-17,USPS,USPS Priority Mail,US_domestic,1035,10.04,2.1,False,True,12.139999999999999
SHP-002850,3889,2026-02-17,USPS,USPS Ground Advantage,US_domestic,385,5.96,1.35,False,True,7.3100000000000005
SHP-002851,3855,2026-02-18,USPS,USPS Priority Mail,US_domestic,610,7.53,1.35,False,True,8.88
SHP-002852,3857,2026-02-18,USPS,USPS Ground Advantage,US_domestic,300,5.69,1.1,False,True,6.790000000000001
SHP-002853,3859,2026-02-18,USPS,USPS Ground Advantage,US_domestic,410,7.74,1.1,False,True,8.84
SHP-002854,3868,2026-02-18,USPS,USPS Priority Mail,US_domestic,865,9.76,1.85,False,True,11.61
SHP-002855,3876,2026-02-18,USPS,USPS Ground Advantage,US_domestic,270,5.74,1.1,False,True,6.84
SHP-002856,3877,2026-02-18,USPS,USPS Priority Mail,US_domestic,750,10.04,1.6,False,True,11.639999999999999
SHP-002857,3886,2026-02-18,USPS,USPS Priority Mail,US_domestic,490,7.67,1.35,False,True,9.02
SHP-002858,3895,2026-02-18,USPS,USPS Priority Mail International,CA,420,14.55,1.35,False,True,15.9
SHP-002859,3897,2026-02-18,USPS,USPS Ground Advantage,US_domestic,220,5.91,1.1,False,True,7.01
SHP-002860,3865,2026-02-19,USPS,USPS Ground Advantage,US_domestic,410,7.56,1.1,False,True,8.66
SHP-002861,3867,2026-02-19,USPS,USPS Priority Mail,US_domestic,510,7.37,1.35,False,True,8.72
SHP-002862,3869,2026-02-19,USPS,USPS Ground Advantage,US_domestic,380,5.93,1.1,False,True,7.029999999999999
SHP-002863,3870,2026-02-19,USPS,USPS Ground Advantage,US_domestic,380,5.8,1.1,False,True,6.9
SHP-002864,3872,2026-02-19,USPS,USPS Ground Advantage,US_domestic,270,5.86,1.1,False,True,6.960000000000001
SHP-002865,3878,2026-02-19,USPS,USPS Ground Advantage,US_domestic,270,5.93,1.1,False,True,7.029999999999999
SHP-002866,3879,2026-02-19,USPS,USPS Priority Mail,US_domestic,530,7.72,1.35,False,True,9.07
SHP-002867,3880,2026-02-19,USPS,USPS Priority Mail,US_domestic,510,7.66,1.6,False,True,9.26
SHP-002868,3881,2026-02-19,USPS,USPS Ground Advantage,US_domestic,270,5.63,1.1,False,True,6.73
SHP-002869,3883,2026-02-19,USPS,USPS Ground Advantage,US_domestic,380,5.96,1.1,False,True,7.0600000000000005
SHP-002870,3898,2026-02-19,USPS,USPS Ground Advantage,US_domestic,380,5.78,1.1,False,True,6.880000000000001
SHP-002871,3900,2026-02-19,USPS,USPS Ground Advantage,US_domestic,310,6.14,1.1,False,True,7.24
SHP-002872,3905,2026-02-19,USPS,USPS Priority Mail,US_domestic,880,9.77,2.35,False,True,12.12
SHP-002873,3888,2026-02-20,USPS,USPS Priority Mail,US_domestic,510,7.72,1.35,False,True,9.07
SHP-002874,3890,2026-02-20,USPS,USPS Priority Mail,US_domestic,540,7.49,1.6,False,True,9.09
SHP-002875,3892,2026-02-20,USPS,USPS Ground Advantage,US_domestic,300,5.9,1.1,False,True,7.0
SHP-002876,3893,2026-02-20,USPS,USPS Ground Advantage,US_domestic,380,5.6,1.1,False,True,6.699999999999999
SHP-002877,3894,2026-02-20,USPS,USPS Ground Advantage,US_domestic,390,6.38,1.1,True,True,7.48
SHP-002878,3908,2026-02-20,USPS,USPS Ground Advantage,US_domestic,310,6.04,1.1,False,True,7.140000000000001
SHP-002879,3909,2026-02-20,USPS,USPS Ground Advantage,US_domestic,420,7.62,1.35,False,True,8.97
SHP-002880,3911,2026-02-20,USPS,USPS Ground Advantage,US_domestic,420,7.59,1.35,False,True,8.94
SHP-002881,3913,2026-02-20,USPS,USPS Priority Mail International,AU,220,19.22,1.1,False,True,20.32
SHP-002882,3923,2026-02-20,USPS,USPS Ground Advantage,US_domestic,270,5.82,1.1,False,True,6.92
SHP-002883,3891,2026-02-21,USPS,USPS Priority Mail,US_domestic,890,10.12,2.6,False,True,12.719999999999999
SHP-002884,3896,2026-02-21,USPS,USPS Priority Mail,US_domestic,505,7.65,1.6,False,True,9.25
SHP-002885,3903,2026-02-21,USPS,USPS Priority Mail,US_domestic,640,7.76,1.35,False,True,9.11
SHP-002886,3907,2026-02-21,USPS,USPS Priority Mail,US_domestic,980,10.02,1.85,False,True,11.87
SHP-002887,3915,2026-02-21,USPS,USPS Ground Advantage,US_domestic,265,5.71,1.1,False,True,6.8100000000000005
SHP-002888,3918,2026-02-21,USPS,USPS Ground Advantage,US_domestic,300,5.71,1.1,False,True,6.8100000000000005
SHP-002889,3921,2026-02-21,USPS,USPS Priority Mail,US_domestic,750,10.0,1.6,False,True,11.6
SHP-002890,3934,2026-02-21,USPS,USPS Ground Advantage,US_domestic,265,5.9,1.1,False,True,7.0
SHP-002891,3899,2026-02-22,USPS,USPS Priority Mail,US_domestic,700,7.67,1.85,False,True,9.52
SHP-002892,3901,2026-02-22,USPS,USPS Ground Advantage,US_domestic,310,5.94,1.1,False,True,7.040000000000001
SHP-002893,3902,2026-02-22,USPS,USPS Priority Mail,US_domestic,565,7.74,1.6,False,True,9.34
SHP-002894,3904,2026-02-22,USPS,USPS Ground Advantage,US_domestic,265,5.7,1.1,False,True,6.800000000000001
SHP-002895,3906,2026-02-22,USPS,USPS Ground Advantage,US_domestic,270,5.82,1.1,False,True,6.92
SHP-002896,3912,2026-02-22,USPS,USPS Priority Mail International,GB,870,24.5,1.85,False,True,26.35
SHP-002897,3919,2026-02-22,USPS,USPS Ground Advantage,US_domestic,300,5.69,1.1,False,True,6.790000000000001
SHP-002898,3926,2026-02-22,USPS,USPS Ground Advantage,US_domestic,270,5.83,1.1,False,True,6.93
SHP-002899,3927,2026-02-22,USPS,USPS Priority Mail,US_domestic,500,7.52,1.35,False,True,8.87
SHP-002900,3941,2026-02-22,USPS,USPS Priority Mail International,AU,870,26.88,1.85,False,True,28.73
SHP-002901,3942,2026-02-22,USPS,USPS Priority Mail,US_domestic,1620,13.26,2.35,False,True,15.61
SHP-002902,3947,2026-02-22,USPS,USPS Priority Mail International,AU,385,20.67,1.35,True,True,22.020000000000003
SHP-002903,3910,2026-02-23,USPS,USPS Priority Mail,US_domestic,500,8.08,1.35,False,True,9.43
SHP-002904,3916,2026-02-23,USPS,USPS Priority Mail International,GB,750,23.79,1.6,False,True,25.39
SHP-002905,3917,2026-02-23,USPS,USPS Priority Mail,US_domestic,490,7.63,1.35,False,True,8.98
SHP-002906,3920,2026-02-23,USPS,USPS Priority Mail,US_domestic,690,7.79,2.1,False,True,9.89
SHP-002907,3922,2026-02-23,USPS,USPS Priority Mail,US_domestic,700,7.81,1.85,False,True,9.66
SHP-002908,3925,2026-02-23,USPS,USPS Priority Mail,US_domestic,540,7.88,1.35,False,True,9.23
SHP-002909,3928,2026-02-23,USPS,USPS Ground Advantage,US_domestic,320,5.67,1.1,False,True,6.77
SHP-002910,3946,2026-02-23,USPS,USPS Priority Mail International,CA,310,13.35,1.1,False,True,14.45
SHP-002911,3949,2026-02-23,USPS,USPS Ground Advantage,US_domestic,270,5.77,1.1,False,True,6.869999999999999
SHP-002912,3950,2026-02-23,USPS,USPS Ground Advantage,US_domestic,320,5.82,1.1,False,True,6.92
SHP-002913,3960,2026-02-23,USPS,USPS Priority Mail International,CA,390,13.96,1.1,False,True,15.06
SHP-002914,3965,2026-02-23,USPS,USPS Priority Mail,US_domestic,670,7.67,1.1,False,True,8.77
SHP-002915,3827,2026-02-24,USPS,USPS Ground Advantage,US_domestic,270,5.61,1.1,False,True,6.710000000000001
SHP-002916,3924,2026-02-24,USPS,USPS Ground Advantage,US_domestic,270,5.96,1.1,False,True,7.0600000000000005
SHP-002917,3929,2026-02-24,USPS,USPS Ground Advantage,US_domestic,390,5.91,1.35,False,True,7.26
SHP-002918,3930,2026-02-24,USPS,USPS Ground Advantage,US_domestic,410,7.68,1.1,False,True,8.78
SHP-002919,3931,2026-02-24,USPS,USPS Priority Mail,US_domestic,535,7.65,1.6,False,True,9.25
SHP-002920,3932,2026-02-24,USPS,USPS Priority Mail,US_domestic,730,10.18,2.1,False,True,12.28
SHP-002921,3933,2026-02-24,USPS,USPS Priority Mail,US_domestic,600,7.58,1.6,False,True,9.18
SHP-002922,3936,2026-02-24,USPS,USPS Priority Mail International,CA,1310,23.31,2.35,False,True,25.66
SHP-002923,3938,2026-02-24,USPS,USPS Ground Advantage,US_domestic,270,5.93,1.1,False,True,7.029999999999999
SHP-002924,3940,2026-02-24,USPS,USPS Ground Advantage,US_domestic,220,5.91,1.1,False,True,7.01
SHP-002925,3948,2026-02-24,USPS,USPS Priority Mail,US_domestic,530,7.54,1.35,False,True,8.89
SHP-002926,3953,2026-02-24,USPS,USPS Priority Mail,US_domestic,620,7.69,1.35,False,True,9.040000000000001
SHP-002927,3955,2026-02-24,USPS,USPS Ground Advantage,US_domestic,265,5.94,1.1,False,True,7.040000000000001
SHP-002928,3958,2026-02-24,USPS,USPS Ground Advantage,US_domestic,270,5.93,1.1,False,True,7.029999999999999
SHP-002929,3959,2026-02-24,USPS,USPS Ground Advantage,US_domestic,300,5.97,1.1,False,True,7.07
SHP-002930,3962,2026-02-24,USPS,USPS Ground Advantage,US_domestic,265,6.07,1.1,False,True,7.17
SHP-002931,3966,2026-02-24,USPS,USPS Ground Advantage,US_domestic,270,5.83,1.1,False,True,6.93
SHP-002932,3967,2026-02-24,USPS,USPS Ground Advantage,US_domestic,425,7.34,1.35,False,True,8.69
SHP-002933,3969,2026-02-24,USPS,USPS Priority Mail,US_domestic,620,7.87,1.6,False,True,9.47
SHP-002934,3975,2026-02-24,USPS,USPS Ground Advantage,US_domestic,390,5.92,1.1,False,True,7.02
SHP-002935,3935,2026-02-25,USPS,USPS Priority Mail,US_domestic,470,7.27,1.35,False,True,8.62
SHP-002936,3937,2026-02-25,USPS,USPS Ground Advantage,US_domestic,320,5.91,1.1,False,True,7.01
SHP-002937,3939,2026-02-25,USPS,USPS Priority Mail,US_domestic,700,7.55,1.6,False,True,9.15
SHP-002938,3943,2026-02-25,USPS,USPS Ground Advantage,US_domestic,300,5.82,1.1,False,True,6.92
SHP-002939,3944,2026-02-25,USPS,USPS Priority Mail International,AU,680,25.02,1.6,False,True,26.62
SHP-002940,3945,2026-02-25,USPS,USPS Ground Advantage,US_domestic,415,7.91,1.35,False,True,9.26
SHP-002941,3951,2026-02-25,USPS,USPS Ground Advantage,US_domestic,390,5.79,1.35,False,True,7.140000000000001
SHP-002942,3952,2026-02-25,USPS,USPS Priority Mail,US_domestic,560,7.57,1.6,False,True,9.17
SHP-002943,3957,2026-02-25,USPS,USPS Ground Advantage,US_domestic,390,5.81,1.1,False,True,6.91
SHP-002944,3961,2026-02-25,USPS,USPS Priority Mail,US_domestic,990,9.81,2.1,False,True,11.91
SHP-002945,3970,2026-02-25,USPS,USPS Priority Mail,US_domestic,460,7.52,1.35,False,True,8.87
SHP-002946,3971,2026-02-25,USPS,USPS Priority Mail,US_domestic,610,7.63,1.6,False,True,9.23
SHP-002947,3972,2026-02-25,USPS,USPS Ground Advantage,US_domestic,300,5.94,1.1,False,True,7.040000000000001
SHP-002948,3981,2026-02-25,USPS,USPS Ground Advantage,US_domestic,300,5.72,1.1,False,True,6.82
SHP-002949,3985,2026-02-25,USPS,USPS Priority Mail,US_domestic,890,9.84,2.6,False,True,12.44
SHP-002950,3986,2026-02-25,USPS,USPS Priority Mail,US_domestic,500,7.57,1.35,False,True,8.92
SHP-002951,3954,2026-02-26,USPS,USPS Priority Mail International,CA,1095,20.49,2.1,False,True,22.59
SHP-002952,3956,2026-02-26,USPS,USPS Priority Mail,US_domestic,700,7.75,1.6,False,True,9.35
SHP-002953,3963,2026-02-26,USPS,USPS Ground Advantage,US_domestic,310,5.85,1.1,False,True,6.949999999999999
SHP-002954,3964,2026-02-26,USPS,USPS Priority Mail,US_domestic,750,10.44,1.6,False,True,12.04
SHP-002955,3973,2026-02-26,USPS,USPS Priority Mail,US_domestic,670,7.7,1.1,False,True,8.8
SHP-002956,3974,2026-02-26,USPS,USPS Ground Advantage,US_domestic,220,5.99,1.1,False,True,7.09
SHP-002957,3978,2026-02-26,USPS,USPS Ground Advantage,US_domestic,390,6.0,1.35,False,True,7.35
SHP-002958,3980,2026-02-26,USPS,USPS Priority Mail,US_domestic,670,7.71,1.1,False,True,8.81
SHP-002959,3984,2026-02-26,USPS,USPS Priority Mail,US_domestic,910,10.09,1.85,False,True,11.94
SHP-002960,3989,2026-02-26,USPS,USPS Priority Mail,US_domestic,750,9.7,1.6,False,True,11.299999999999999
SHP-002961,3995,2026-02-26,USPS,USPS Ground Advantage,US_domestic,270,5.86,1.1,False,True,6.960000000000001
SHP-002962,3968,2026-02-27,USPS,USPS Priority Mail,US_domestic,750,9.94,1.6,False,True,11.54
SHP-002963,3977,2026-02-27,USPS,USPS Ground Advantage,US_domestic,415,7.56,1.35,False,True,8.91
SHP-002964,3982,2026-02-27,USPS,USPS Priority Mail International,GB,410,18.69,1.1,False,True,19.790000000000003
SHP-002965,4001,2026-02-27,USPS,USPS Priority Mail International,CA,750,17.72,1.6,False,True,19.32
SHP-002966,4004,2026-02-27,USPS,USPS Priority Mail,US_domestic,840,10.27,1.85,False,True,12.12
SHP-002967,4007,2026-02-27,USPS,USPS Priority Mail,US_domestic,1170,9.97,2.35,False,True,12.32
SHP-002968,4009,2026-02-27,USPS,USPS Ground Advantage,US_domestic,270,5.72,1.1,False,True,6.82
SHP-002969,3976,2026-02-28,USPS,USPS Ground Advantage,US_domestic,270,5.84,1.1,False,True,6.9399999999999995
SHP-002970,3979,2026-02-28,USPS,USPS Priority Mail,US_domestic,650,7.65,1.35,False,True,9.0
SHP-002971,3987,2026-02-28,USPS,USPS Priority Mail,US_domestic,505,7.64,1.35,False,True,8.99
SHP-002972,3988,2026-02-28,USPS,USPS Ground Advantage,US_domestic,390,5.71,1.35,False,True,7.0600000000000005
SHP-002973,3990,2026-02-28,USPS,USPS Ground Advantage,US_domestic,270,5.9,1.1,False,True,7.0
SHP-002974,3991,2026-02-28,USPS,USPS Ground Advantage,US_domestic,310,5.97,1.1,False,True,7.07
SHP-002975,3996,2026-02-28,USPS,USPS Priority Mail International,AU,270,19.52,1.1,False,True,20.62
SHP-002976,3997,2026-02-28,USPS,USPS Ground Advantage,US_domestic,385,5.86,1.35,False,True,7.210000000000001
SHP-002977,3999,2026-02-28,USPS,USPS Ground Advantage,US_domestic,300,5.73,1.1,False,True,6.83
SHP-002978,4008,2026-02-28,USPS,USPS Priority Mail,US_domestic,500,7.64,1.35,False,True,8.99
SHP-002979,4012,2026-02-28,USPS,USPS Priority Mail International,GB,440,19.43,1.35,False,True,20.78
SHP-002980,4014,2026-02-28,USPS,USPS Ground Advantage,US_domestic,265,5.86,1.1,False,True,6.960000000000001
SHP-002981,4016,2026-02-28,USPS,USPS Ground Advantage,US_domestic,320,5.89,1.1,False,True,6.99
SHP-002982,4023,2026-02-28,USPS,USPS Ground Advantage,US_domestic,380,5.83,1.1,False,True,6.93
SHP-002983,4028,2026-02-28,USPS,USPS Ground Advantage,US_domestic,380,5.96,1.1,False,True,7.0600000000000005
SHP-002984,3992,2026-03-01,USPS,USPS Priority Mail International,CA,480,14.17,1.35,False,True,15.52
SHP-002985,3993,2026-03-01,USPS,USPS Priority Mail,US_domestic,535,7.57,1.6,False,True,9.17
SHP-002986,3994,2026-03-01,USPS,USPS Priority Mail,US_domestic,1210,12.83,2.35,False,True,15.18
SHP-002987,3998,2026-03-01,USPS,USPS Ground Advantage,US_domestic,390,5.83,1.35,False,True,7.18
SHP-002988,4000,2026-03-01,USPS,USPS Priority Mail,US_domestic,580,7.68,1.6,False,True,9.28
SHP-002989,4002,2026-03-01,USPS,USPS Priority Mail,US_domestic,1030,10.13,2.1,False,True,12.23
SHP-002990,4010,2026-03-01,USPS,USPS Ground Advantage,US_domestic,270,5.79,1.1,False,True,6.890000000000001
SHP-002991,4011,2026-03-01,USPS,USPS Priority Mail,US_domestic,670,7.79,1.1,False,True,8.89
SHP-002992,4013,2026-03-01,USPS,USPS Priority Mail,US_domestic,525,7.65,1.85,False,True,9.5
SHP-002993,4015,2026-03-01,USPS,USPS Priority Mail International,CA,265,13.02,1.1,False,True,14.12
SHP-002994,4017,2026-03-01,USPS,USPS Priority Mail,US_domestic,680,7.49,1.6,False,True,9.09
SHP-002995,4024,2026-03-01,USPS,USPS Ground Advantage,US_domestic,270,5.9,1.1,False,True,7.0
SHP-002996,4027,2026-03-01,USPS,USPS Priority Mail International,CA,265,12.79,1.1,False,True,13.889999999999999
SHP-002997,4029,2026-03-01,USPS,USPS Ground Advantage,US_domestic,270,6.0,1.1,False,True,7.1
SHP-002998,4032,2026-03-01,USPS,USPS Priority Mail,US_domestic,510,7.72,1.35,False,True,9.07
SHP-002999,4034,2026-03-01,USPS,USPS Priority Mail,US_domestic,670,7.56,1.6,False,True,9.16
SHP-003000,4037,2026-03-01,USPS,USPS Priority Mail International,CA,270,12.87,1.1,False,True,13.969999999999999
SHP-003001,4042,2026-03-01,USPS,USPS Priority Mail,US_domestic,870,9.99,1.85,False,True,11.84
SHP-003002,3809,2026-03-02,USPS,USPS Ground Advantage,US_domestic,310,5.69,1.1,False,True,6.790000000000001
SHP-003003,4003,2026-03-02,USPS,USPS Ground Advantage,US_domestic,300,5.92,1.1,False,True,7.02
SHP-003004,4005,2026-03-02,USPS,USPS Ground Advantage,US_domestic,270,5.72,1.1,False,True,6.82
SHP-003005,4006,2026-03-02,USPS,USPS Priority Mail,US_domestic,500,7.81,1.35,False,True,9.16
SHP-003006,4021,2026-03-02,USPS,USPS Priority Mail,US_domestic,910,9.7,1.85,False,True,11.549999999999999
SHP-003007,4022,2026-03-02,USPS,USPS Priority Mail,US_domestic,590,7.73,1.6,False,True,9.33
SHP-003008,4030,2026-03-02,USPS,USPS Ground Advantage,US_domestic,300,6.07,1.1,False,True,7.17
SHP-003009,4031,2026-03-02,USPS,USPS Priority Mail,US_domestic,500,7.49,1.35,False,True,8.84
SHP-003010,4033,2026-03-02,USPS,USPS Priority Mail International,CA,810,18.17,2.35,False,True,20.520000000000003
SHP-003011,4040,2026-03-02,USPS,USPS Priority Mail,US_domestic,870,9.61,1.85,False,True,11.459999999999999
SHP-003012,4043,2026-03-02,USPS,USPS Priority Mail,US_domestic,750,10.19,1.6,False,True,11.79
SHP-003013,4046,2026-03-02,USPS,USPS Ground Advantage,US_domestic,380,5.98,1.1,False,True,7.08
SHP-003014,4056,2026-03-02,USPS,USPS Priority Mail,US_domestic,820,10.35,1.85,False,True,12.2
SHP-003015,4059,2026-03-02,USPS,USPS Priority Mail,US_domestic,540,7.93,1.35,False,True,9.28
SHP-003016,4018,2026-03-03,USPS,USPS Ground Advantage,US_domestic,320,5.87,1.1,False,True,6.970000000000001
SHP-003017,4019,2026-03-03,USPS,USPS Ground Advantage,US_domestic,300,5.85,1.1,False,True,6.949999999999999
SHP-003018,4020,2026-03-03,USPS,USPS Priority Mail,US_domestic,810,9.6,2.1,False,True,11.7
SHP-003019,4025,2026-03-03,USPS,USPS Ground Advantage,US_domestic,415,7.46,1.35,False,True,8.81
SHP-003020,4026,2026-03-03,USPS,USPS Priority Mail International,CA,450,15.01,1.35,False,True,16.36
SHP-003021,4035,2026-03-03,USPS,USPS Ground Advantage,US_domestic,410,7.57,1.1,False,True,8.67
SHP-003022,4036,2026-03-03,USPS,USPS Priority Mail International,CA,390,13.35,1.35,False,True,14.7
SHP-003023,4038,2026-03-03,USPS,USPS Ground Advantage,US_domestic,450,7.64,1.35,False,True,8.99
SHP-003024,4039,2026-03-03,USPS,USPS Priority Mail,US_domestic,750,9.91,1.6,False,True,11.51
SHP-003025,4041,2026-03-03,USPS,USPS Ground Advantage,US_domestic,380,5.95,1.35,False,True,7.300000000000001
SHP-003026,4050,2026-03-03,USPS,USPS Priority Mail,US_domestic,980,9.63,1.85,False,True,11.48
SHP-003027,4051,2026-03-03,USPS,USPS Ground Advantage,US_domestic,320,5.69,1.1,False,True,6.790000000000001
SHP-003028,4053,2026-03-03,USPS,USPS Priority Mail,US_domestic,750,9.96,1.6,False,True,11.56
SHP-003029,4055,2026-03-03,USPS,USPS Priority Mail,US_domestic,780,10.44,2.35,False,True,12.79
SHP-003030,4057,2026-03-03,USPS,USPS Ground Advantage,US_domestic,265,5.97,1.1,False,True,7.07
SHP-003031,4069,2026-03-03,USPS,USPS Ground Advantage,US_domestic,265,5.94,1.1,False,True,7.040000000000001
SHP-003032,4045,2026-03-04,USPS,USPS Priority Mail,US_domestic,560,7.89,1.35,False,True,9.24
SHP-003033,4047,2026-03-04,USPS,USPS Ground Advantage,US_domestic,320,5.9,1.1,False,True,7.0
SHP-003034,4048,2026-03-04,USPS,USPS Priority Mail International,CA,1030,19.68,2.1,False,True,21.78
SHP-003035,4049,2026-03-04,USPS,USPS Priority Mail,US_domestic,470,7.56,1.35,False,True,8.91
SHP-003036,4052,2026-03-04,USPS,USPS Priority Mail,US_domestic,490,7.66,1.35,False,True,9.01
SHP-003037,4054,2026-03-04,USPS,USPS Ground Advantage,US_domestic,380,5.78,1.1,False,True,6.880000000000001
SHP-003038,4061,2026-03-04,USPS,USPS Ground Advantage,US_domestic,220,5.73,1.1,False,True,6.83
SHP-003039,4063,2026-03-04,USPS,USPS Ground Advantage,US_domestic,380,5.9,1.1,False,True,7.0
SHP-003040,4073,2026-03-04,USPS,USPS Priority Mail International,CA,500,14.91,1.35,False,True,16.26
SHP-003041,4075,2026-03-04,USPS,USPS Priority Mail,US_domestic,1070,10.23,2.1,False,True,12.33
SHP-003042,4077,2026-03-04,USPS,USPS Ground Advantage,US_domestic,390,5.91,1.35,False,True,7.26
SHP-003043,4079,2026-03-04,USPS,USPS Ground Advantage,US_domestic,270,5.61,1.1,False,True,6.710000000000001
SHP-003044,4083,2026-03-04,USPS,USPS Ground Advantage,US_domestic,380,5.72,1.1,False,True,6.82
SHP-003045,4084,2026-03-04,USPS,USPS Priority Mail,US_domestic,870,10.24,1.85,False,True,12.09
SHP-003046,4085,2026-03-04,USPS,USPS Ground Advantage,US_domestic,440,7.64,1.35,False,True,8.99
SHP-003047,4058,2026-03-05,USPS,USPS Priority Mail,US_domestic,910,9.73,2.35,False,True,12.08
SHP-003048,4062,2026-03-05,USPS,USPS Ground Advantage,US_domestic,410,7.48,1.1,False,True,8.58
SHP-003049,4064,2026-03-05,USPS,USPS Priority Mail,US_domestic,530,7.74,1.35,False,True,9.09
SHP-003050,4065,2026-03-05,USPS,USPS Ground Advantage,US_domestic,380,5.9,1.1,False,True,7.0
SHP-003051,4067,2026-03-05,USPS,USPS Ground Advantage,US_domestic,265,6.0,1.1,False,True,7.1
SHP-003052,4068,2026-03-05,USPS,USPS Priority Mail International,AU,270,19.58,1.1,False,True,20.68
SHP-003053,4070,2026-03-05,USPS,USPS Ground Advantage,US_domestic,300,5.87,1.1,False,True,6.970000000000001
SHP-003054,4078,2026-03-05,USPS,USPS Ground Advantage,US_domestic,420,7.64,1.35,False,True,8.99
SHP-003055,4092,2026-03-05,USPS,USPS Ground Advantage,US_domestic,310,5.62,1.1,False,True,6.720000000000001
SHP-003056,4094,2026-03-05,USPS,USPS Ground Advantage,US_domestic,290,5.86,1.35,False,True,7.210000000000001
SHP-003057,4095,2026-03-05,USPS,USPS Priority Mail,US_domestic,980,9.6,1.85,False,True,11.45
SHP-003058,4098,2026-03-05,USPS,USPS Priority Mail,US_domestic,750,9.45,1.6,False,True,11.049999999999999
SHP-003059,4066,2026-03-06,USPS,USPS Priority Mail,US_domestic,765,9.92,2.1,False,True,12.02
SHP-003060,4071,2026-03-06,USPS,USPS Priority Mail,US_domestic,500,7.55,1.35,False,True,8.9
SHP-003061,4072,2026-03-06,USPS,USPS Ground Advantage,US_domestic,270,5.71,1.1,False,True,6.8100000000000005
SHP-003062,4074,2026-03-06,USPS,USPS Priority Mail,US_domestic,790,10.06,2.1,False,True,12.16
SHP-003063,4076,2026-03-06,USPS,USPS Priority Mail,US_domestic,1170,9.76,2.35,False,True,12.11
SHP-003064,4080,2026-03-06,USPS,USPS Priority Mail International,CA,270,13.01,1.1,False,True,14.11
SHP-003065,4081,2026-03-06,USPS,USPS Ground Advantage,US_domestic,420,7.42,1.35,False,True,8.77
SHP-003066,4086,2026-03-06,USPS,USPS Ground Advantage,US_domestic,380,5.59,1.1,False,True,6.6899999999999995
SHP-003067,4087,2026-03-06,USPS,USPS Priority Mail,US_domestic,670,7.58,1.1,False,True,8.68
SHP-003068,4089,2026-03-06,USPS,USPS Priority Mail,US_domestic,1420,12.94,2.1,False,True,15.04
SHP-003069,4090,2026-03-06,USPS,USPS Ground Advantage,US_domestic,410,7.44,1.1,False,True,8.540000000000001
SHP-003070,4093,2026-03-06,USPS,USPS Ground Advantage,US_domestic,390,5.78,1.1,False,True,6.880000000000001
SHP-003071,4097,2026-03-06,USPS,USPS Priority Mail,US_domestic,785,10.02,1.85,False,True,11.87
SHP-003072,4099,2026-03-06,USPS,USPS Priority Mail International,CA,750,17.29,1.6,False,True,18.89
SHP-003073,4103,2026-03-06,USPS,USPS Ground Advantage,US_domestic,415,7.84,1.35,False,True,9.19
SHP-003074,4082,2026-03-07,USPS,USPS Ground Advantage,US_domestic,220,5.23,1.1,True,True,6.33
SHP-003075,4096,2026-03-07,USPS,USPS Priority Mail,US_domestic,470,7.75,1.35,False,True,9.1
SHP-003076,4108,2026-03-07,USPS,USPS Priority Mail International,GB,670,21.51,1.6,True,True,23.110000000000003
SHP-003077,4110,2026-03-07,USPS,USPS Ground Advantage,US_domestic,450,7.54,1.35,False,True,8.89
SHP-003078,4114,2026-03-07,USPS,USPS Ground Advantage,US_domestic,265,5.66,1.1,False,True,6.76
SHP-003079,4101,2026-03-08,USPS,USPS Ground Advantage,US_domestic,310,5.95,1.1,False,True,7.050000000000001
SHP-003080,4104,2026-03-08,USPS,USPS Priority Mail,US_domestic,760,10.1,2.1,False,True,12.2
SHP-003081,4116,2026-03-08,USPS,USPS Ground Advantage,US_domestic,270,5.88,1.1,False,True,6.98
SHP-003082,4118,2026-03-08,USPS,USPS Ground Advantage,US_domestic,265,5.78,1.1,False,True,6.880000000000001
SHP-003083,4122,2026-03-08,USPS,USPS Priority Mail,US_domestic,480,7.48,1.35,False,True,8.83
SHP-003084,4124,2026-03-08,USPS,USPS Ground Advantage,US_domestic,415,7.49,1.35,False,True,8.84
SHP-003085,4100,2026-03-09,USPS,USPS Priority Mail,US_domestic,690,7.8,1.6,False,True,9.4
SHP-003086,4102,2026-03-09,USPS,USPS Priority Mail,US_domestic,750,9.87,1.6,False,True,11.469999999999999
SHP-003087,4105,2026-03-09,USPS,USPS Priority Mail,US_domestic,500,7.77,1.35,False,True,9.12
SHP-003088,4107,2026-03-09,USPS,USPS Ground Advantage,US_domestic,380,5.7,1.1,False,True,6.800000000000001
SHP-003089,4111,2026-03-09,USPS,USPS Priority Mail,US_domestic,940,10.05,2.1,False,True,12.15
SHP-003090,4112,2026-03-09,USPS,USPS Priority Mail International,CA,580,15.54,1.35,False,True,16.89
SHP-003091,4115,2026-03-09,USPS,USPS Ground Advantage,US_domestic,390,5.93,1.1,False,True,7.029999999999999
SHP-003092,4117,2026-03-09,USPS,USPS Priority Mail International,AU,785,27.34,2.1,False,True,29.44
SHP-003093,4123,2026-03-09,USPS,USPS Priority Mail,US_domestic,600,7.87,1.6,False,True,9.47
SHP-003094,4128,2026-03-09,USPS,USPS Ground Advantage,US_domestic,270,5.93,1.1,False,True,7.029999999999999
SHP-003095,4131,2026-03-09,USPS,USPS Ground Advantage,US_domestic,270,5.58,1.1,False,True,6.68
SHP-003096,4134,2026-03-09,USPS,USPS Priority Mail International,CA,390,14.08,1.1,False,True,15.18
SHP-003097,4106,2026-03-10,USPS,USPS Priority Mail,US_domestic,910,9.42,1.85,False,True,11.27
SHP-003098,4109,2026-03-10,USPS,USPS Priority Mail,US_domestic,1310,13.09,2.1,False,True,15.19
SHP-003099,4113,2026-03-10,USPS,USPS Priority Mail,US_domestic,595,7.47,1.6,False,True,9.07
SHP-003100,4120,2026-03-10,USPS,USPS Priority Mail International,CA,430,14.2,1.35,False,True,15.549999999999999
SHP-003101,4125,2026-03-10,USPS,USPS Priority Mail,US_domestic,990,9.89,1.85,False,True,11.74
SHP-003102,4129,2026-03-10,USPS,USPS Priority Mail,US_domestic,500,7.67,1.35,False,True,9.02
SHP-003103,4132,2026-03-10,USPS,USPS Priority Mail,US_domestic,495,7.46,1.35,False,True,8.81
SHP-003104,4135,2026-03-10,USPS,USPS Priority Mail,US_domestic,470,7.53,1.35,False,True,8.88
SHP-003105,4142,2026-03-10,USPS,USPS Priority Mail,US_domestic,550,7.72,1.35,False,True,9.07
SHP-003106,4143,2026-03-10,USPS,USPS Ground Advantage,US_domestic,270,5.75,1.1,False,True,6.85
SHP-003107,4119,2026-03-11,USPS,USPS Priority Mail,US_domestic,505,7.61,1.6,False,True,9.21
SHP-003108,4121,2026-03-11,USPS,USPS Priority Mail,US_domestic,670,7.77,1.1,False,True,8.87
SHP-003109,4127,2026-03-11,USPS,USPS Priority Mail,US_domestic,820,9.9,1.85,False,True,11.75
SHP-003110,4130,2026-03-11,USPS,USPS Priority Mail,US_domestic,750,10.01,1.6,False,True,11.61
SHP-003111,4136,2026-03-11,USPS,USPS Ground Advantage,US_domestic,310,5.88,1.1,False,True,6.98
SHP-003112,4139,2026-03-11,USPS,USPS Priority Mail,US_domestic,540,7.42,1.6,False,True,9.02
SHP-003113,4141,2026-03-11,USPS,USPS Priority Mail,US_domestic,865,10.13,1.85,False,True,11.98
SHP-003114,4147,2026-03-11,USPS,USPS Ground Advantage,US_domestic,440,7.56,1.35,False,True,8.91
SHP-003115,4126,2026-03-12,USPS,USPS Priority Mail,US_domestic,1200,9.89,2.35,False,True,12.24
SHP-003116,4133,2026-03-12,USPS,USPS Ground Advantage,US_domestic,420,7.32,1.35,False,True,8.67
SHP-003117,4137,2026-03-12,USPS,USPS Priority Mail,US_domestic,840,9.97,1.85,False,True,11.82
SHP-003118,4138,2026-03-12,USPS,USPS Priority Mail,US_domestic,650,7.62,1.6,False,True,9.22
SHP-003119,4140,2026-03-12,USPS,USPS Priority Mail,US_domestic,910,9.91,2.1,False,True,12.01
SHP-003120,4145,2026-03-12,USPS,USPS Priority Mail International,AU,270,19.83,1.1,False,True,20.93
SHP-003121,4146,2026-03-12,USPS,USPS Ground Advantage,US_domestic,410,7.51,1.1,False,True,8.61
SHP-003122,4150,2026-03-12,USPS,USPS Ground Advantage,US_domestic,320,6.12,1.1,False,True,7.220000000000001
SHP-003123,4151,2026-03-12,USPS,USPS Ground Advantage,US_domestic,390,5.97,1.35,False,True,7.32
SHP-003124,4155,2026-03-12,USPS,USPS Priority Mail,US_domestic,940,9.8,2.6,False,True,12.4
SHP-003125,4159,2026-03-12,USPS,USPS Ground Advantage,US_domestic,430,7.78,1.35,False,True,9.13
SHP-003126,4163,2026-03-12,USPS,USPS Ground Advantage,US_domestic,390,5.78,1.1,False,True,6.880000000000001
SHP-003127,4165,2026-03-12,USPS,USPS Ground Advantage,US_domestic,380,5.7,1.1,False,True,6.800000000000001
SHP-003128,4168,2026-03-12,USPS,USPS Priority Mail,US_domestic,470,7.54,1.35,False,True,8.89
SHP-003129,4144,2026-03-13,USPS,USPS Priority Mail,US_domestic,620,7.88,1.6,False,True,9.48
SHP-003130,4148,2026-03-13,USPS,USPS Priority Mail,US_domestic,480,7.69,1.35,False,True,9.040000000000001
SHP-003131,4149,2026-03-13,USPS,USPS Ground Advantage,US_domestic,380,5.98,1.1,False,True,7.08
SHP-003132,4152,2026-03-13,USPS,USPS Priority Mail,US_domestic,550,7.62,1.6,False,True,9.22
SHP-003133,4153,2026-03-13,USPS,USPS Ground Advantage,US_domestic,390,5.52,1.35,False,True,6.869999999999999
SHP-003134,4158,2026-03-13,USPS,USPS Ground Advantage,US_domestic,310,5.73,1.1,False,True,6.83
SHP-003135,4161,2026-03-13,USPS,USPS Priority Mail International,CA,620,16.29,1.6,False,True,17.89
SHP-003136,4162,2026-03-13,USPS,USPS Ground Advantage,US_domestic,340,5.77,1.35,False,True,7.119999999999999
SHP-003137,4166,2026-03-13,USPS,USPS Ground Advantage,US_domestic,380,5.73,1.1,False,True,6.83
SHP-003138,4167,2026-03-13,USPS,USPS Ground Advantage,US_domestic,300,5.84,1.1,False,True,6.9399999999999995
SHP-003139,4169,2026-03-13,USPS,USPS Priority Mail,US_domestic,680,7.28,1.6,False,True,8.88
SHP-003140,4175,2026-03-13,USPS,USPS Ground Advantage,US_domestic,390,5.92,1.35,False,True,7.27
SHP-003141,4177,2026-03-13,USPS,USPS Priority Mail,US_domestic,460,7.46,1.35,False,True,8.81
SHP-003142,4180,2026-03-13,USPS,USPS Ground Advantage,US_domestic,390,5.9,1.35,False,True,7.25
SHP-003143,4182,2026-03-13,USPS,USPS Ground Advantage,US_domestic,270,5.84,1.1,False,True,6.9399999999999995
SHP-003144,4160,2026-03-14,USPS,USPS Ground Advantage,US_domestic,270,5.8,1.1,False,True,6.9
SHP-003145,4171,2026-03-14,USPS,USPS Priority Mail,US_domestic,980,10.15,2.1,False,True,12.25
SHP-003146,4172,2026-03-14,USPS,USPS Priority Mail,US_domestic,750,9.93,1.6,False,True,11.53
SHP-003147,4174,2026-03-14,USPS,USPS Priority Mail,US_domestic,820,10.06,1.85,False,True,11.91
SHP-003148,4186,2026-03-14,USPS,USPS Priority Mail,US_domestic,540,7.7,1.35,False,True,9.05
SHP-003149,4187,2026-03-14,USPS,USPS Ground Advantage,US_domestic,270,5.54,1.1,False,True,6.640000000000001
SHP-003150,4188,2026-03-14,USPS,USPS Priority Mail,US_domestic,550,7.7,1.35,False,True,9.05
SHP-003151,4189,2026-03-14,USPS,USPS Priority Mail,US_domestic,530,7.94,1.35,False,True,9.290000000000001
SHP-003152,4191,2026-03-14,USPS,USPS Priority Mail,US_domestic,830,9.73,1.85,False,True,11.58
SHP-003153,4198,2026-03-14,USPS,USPS Ground Advantage,US_domestic,430,7.59,1.35,False,True,8.94
SHP-003154,4200,2026-03-14,USPS,USPS Priority Mail International,CA,300,13.56,1.1,False,True,14.66
SHP-003155,4202,2026-03-14,USPS,USPS Ground Advantage,US_domestic,380,5.78,1.1,False,True,6.880000000000001
SHP-003156,4206,2026-03-14,USPS,USPS Priority Mail International,GB,600,21.76,1.6,False,True,23.360000000000003
SHP-003157,4208,2026-03-14,USPS,USPS Ground Advantage,US_domestic,300,5.74,1.1,False,True,6.84
SHP-003158,4209,2026-03-14,USPS,USPS Priority Mail,US_domestic,650,7.4,1.85,False,True,9.25
SHP-003159,4211,2026-03-14,USPS,USPS Priority Mail International,AU,1470,35.52,2.35,False,True,37.870000000000005
SHP-003160,4212,2026-03-14,USPS,USPS Priority Mail,US_domestic,610,7.75,1.6,False,True,9.35
SHP-003161,4217,2026-03-14,USPS,USPS Priority Mail,US_domestic,750,10.14,1.6,False,True,11.74
SHP-003162,4154,2026-03-15,USPS,USPS Priority Mail,US_domestic,750,10.26,1.6,False,True,11.86
SHP-003163,4156,2026-03-15,USPS,USPS Ground Advantage,US_domestic,265,5.99,1.1,False,True,7.09
SHP-003164,4157,2026-03-15,USPS,USPS Priority Mail International,AU,270,19.77,1.1,False,True,20.87
SHP-003165,4164,2026-03-15,USPS,USPS Priority Mail International,AU,270,19.18,1.1,False,True,20.28
SHP-003166,4173,2026-03-15,USPS,USPS Ground Advantage,US_domestic,265,5.55,1.1,False,True,6.65
SHP-003167,4176,2026-03-15,USPS,USPS Ground Advantage,US_domestic,270,5.9,1.1,False,True,7.0
SHP-003168,4178,2026-03-15,USPS,USPS Ground Advantage,US_domestic,220,5.72,1.1,False,True,6.82
SHP-003169,4179,2026-03-15,USPS,USPS Ground Advantage,US_domestic,265,5.56,1.1,False,True,6.66
SHP-003170,4185,2026-03-15,USPS,USPS Priority Mail International,GB,390,18.58,1.35,False,True,19.93
SHP-003171,4190,2026-03-15,USPS,USPS Priority Mail International,CA,750,18.06,1.6,False,True,19.66
SHP-003172,4192,2026-03-15,USPS,USPS Priority Mail,US_domestic,1020,9.97,2.35,False,True,12.32
SHP-003173,4193,2026-03-15,USPS,USPS Priority Mail,US_domestic,510,7.54,1.35,False,True,8.89
SHP-003174,4203,2026-03-15,USPS,USPS Ground Advantage,US_domestic,390,5.8,1.1,False,True,6.9
SHP-003175,4205,2026-03-15,USPS,USPS Priority Mail International,GB,270,17.71,1.1,False,True,18.810000000000002
SHP-003176,4215,2026-03-15,USPS,USPS Priority Mail,US_domestic,980,10.06,1.85,False,True,11.91
SHP-003177,4220,2026-03-15,USPS,USPS Ground Advantage,US_domestic,220,5.96,1.1,False,True,7.0600000000000005
SHP-003178,4223,2026-03-15,USPS,USPS Priority Mail,US_domestic,500,7.77,1.35,False,True,9.12
SHP-003179,4225,2026-03-15,USPS,USPS Priority Mail,US_domestic,910,9.59,1.85,False,True,11.44
SHP-003180,4227,2026-03-15,USPS,USPS Priority Mail,US_domestic,650,7.5,1.35,False,True,8.85
SHP-003181,4233,2026-03-15,USPS,USPS Priority Mail,US_domestic,510,7.5,1.35,False,True,8.85
SHP-003182,4235,2026-03-15,USPS,USPS Priority Mail,US_domestic,620,7.69,1.35,False,True,9.040000000000001
SHP-003183,4238,2026-03-15,USPS,USPS Priority Mail,US_domestic,1160,9.82,2.1,False,True,11.92
SHP-003184,4240,2026-03-15,USPS,USPS Ground Advantage,US_domestic,270,5.75,1.1,False,True,6.85
SHP-003185,4242,2026-03-15,USPS,USPS Ground Advantage,US_domestic,265,5.86,1.1,False,True,6.960000000000001
SHP-003186,4170,2026-03-16,USPS,USPS Priority Mail,US_domestic,630,7.54,1.6,False,True,9.14
SHP-003187,4181,2026-03-16,USPS,USPS Priority Mail,US_domestic,510,7.62,1.35,False,True,8.97
SHP-003188,4183,2026-03-16,USPS,USPS Priority Mail,US_domestic,480,7.5,1.35,False,True,8.85
SHP-003189,4195,2026-03-16,USPS,USPS Priority Mail International,GB,270,17.98,1.1,False,True,19.080000000000002
SHP-003190,4196,2026-03-16,USPS,USPS Priority Mail,US_domestic,540,7.72,1.6,False,True,9.32
SHP-003191,4197,2026-03-16,USPS,USPS Ground Advantage,US_domestic,300,5.96,1.1,False,True,7.0600000000000005
SHP-003192,4210,2026-03-16,USPS,USPS Priority Mail International,CA,790,17.93,1.85,False,True,19.78
SHP-003193,4214,2026-03-16,USPS,USPS Priority Mail,US_domestic,460,7.63,1.35,False,True,8.98
SHP-003194,4218,2026-03-16,USPS,USPS Ground Advantage,US_domestic,385,5.94,1.35,False,True,7.290000000000001
SHP-003195,4219,2026-03-16,USPS,USPS Priority Mail,US_domestic,600,7.7,1.6,False,True,9.3
SHP-003196,4221,2026-03-16,USPS,USPS Priority Mail International,AU,270,19.54,1.1,False,True,20.64
SHP-003197,4224,2026-03-16,USPS,USPS Ground Advantage,US_domestic,440,7.77,1.35,False,True,9.12
SHP-003198,4226,2026-03-16,USPS,USPS Ground Advantage,US_domestic,270,6.09,1.1,False,True,7.1899999999999995
SHP-003199,4231,2026-03-16,USPS,USPS Priority Mail,US_domestic,920,10.26,1.85,False,True,12.11
SHP-003200,4236,2026-03-16,USPS,USPS Ground Advantage,US_domestic,270,5.64,1.1,False,True,6.74
SHP-003201,4248,2026-03-16,USPS,USPS Priority Mail International,AU,1380,33.69,2.6,False,True,36.29
SHP-003202,4249,2026-03-16,USPS,USPS Ground Advantage,US_domestic,380,5.72,1.1,False,True,6.82
SHP-003203,4255,2026-03-16,USPS,USPS Ground Advantage,US_domestic,390,5.75,1.35,False,True,7.1
SHP-003204,4260,2026-03-16,USPS,USPS Ground Advantage,US_domestic,270,5.99,1.1,False,True,7.09
SHP-003205,4265,2026-03-16,USPS,USPS Ground Advantage,US_domestic,270,5.97,1.1,False,True,7.07
SHP-003206,4184,2026-03-17,USPS,USPS Priority Mail,US_domestic,670,7.88,1.1,False,True,8.98
SHP-003207,4194,2026-03-17,USPS,USPS Priority Mail,US_domestic,1035,10.21,2.1,False,True,12.31
SHP-003208,4199,2026-03-17,USPS,USPS Priority Mail International,CA,750,17.58,2.35,False,True,19.93
SHP-003209,4201,2026-03-17,USPS,USPS Ground Advantage,US_domestic,430,7.74,1.35,False,True,9.09
SHP-003210,4204,2026-03-17,USPS,USPS Priority Mail,US_domestic,925,10.15,2.6,False,True,12.75
SHP-003211,4207,2026-03-17,USPS,USPS Priority Mail,US_domestic,670,7.63,1.1,False,True,8.73
SHP-003212,4213,2026-03-17,USPS,USPS Priority Mail,US_domestic,780,10.11,2.1,False,True,12.209999999999999
SHP-003213,4216,2026-03-17,USPS,USPS Priority Mail,US_domestic,1290,12.8,2.35,False,True,15.15
SHP-003214,4222,2026-03-17,USPS,USPS Ground Advantage,US_domestic,270,5.81,1.1,False,True,6.91
SHP-003215,4228,2026-03-17,USPS,USPS Priority Mail,US_domestic,750,9.69,1.6,False,True,11.29
SHP-003216,4230,2026-03-17,USPS,USPS Priority Mail,US_domestic,910,10.25,2.35,False,True,12.6
SHP-003217,4234,2026-03-17,USPS,USPS Ground Advantage,US_domestic,270,5.94,1.1,False,True,7.040000000000001
SHP-003218,4237,2026-03-17,USPS,USPS Ground Advantage,US_domestic,270,5.94,1.1,False,True,7.040000000000001
SHP-003219,4239,2026-03-17,USPS,USPS Priority Mail,US_domestic,1190,9.91,2.35,False,True,12.26
SHP-003220,4244,2026-03-17,USPS,USPS Ground Advantage,US_domestic,265,5.78,1.1,False,True,6.880000000000001
SHP-003221,4245,2026-03-17,USPS,USPS Ground Advantage,US_domestic,310,5.96,1.1,False,True,7.0600000000000005
SHP-003222,4246,2026-03-17,USPS,USPS Priority Mail,US_domestic,670,7.55,1.1,False,True,8.65
SHP-003223,4250,2026-03-17,USPS,USPS Priority Mail,US_domestic,490,7.56,1.35,False,True,8.91
SHP-003224,4254,2026-03-17,USPS,USPS Ground Advantage,US_domestic,270,5.67,1.1,False,True,6.77
SHP-003225,4256,2026-03-17,USPS,USPS Priority Mail,US_domestic,505,7.58,1.6,False,True,9.18
SHP-003226,4258,2026-03-17,USPS,USPS Ground Advantage,US_domestic,380,6.03,1.1,False,True,7.130000000000001
SHP-003227,4259,2026-03-17,USPS,USPS Priority Mail,US_domestic,1150,9.99,2.1,False,True,12.09
SHP-003228,4262,2026-03-17,USPS,USPS Priority Mail,US_domestic,530,7.47,1.35,False,True,8.82
SHP-003229,4264,2026-03-17,USPS,USPS Priority Mail,US_domestic,1070,9.87,2.1,False,True,11.969999999999999
SHP-003230,4267,2026-03-17,USPS,USPS Priority Mail,US_domestic,1150,9.84,2.1,False,True,11.94
SHP-003231,4270,2026-03-17,USPS,USPS Priority Mail,US_domestic,750,10.41,1.6,False,True,12.01
SHP-003232,4276,2026-03-17,USPS,USPS Ground Advantage,US_domestic,310,6.05,1.1,False,True,7.15
SHP-003233,4279,2026-03-17,USPS,USPS Priority Mail International,AU,500,23.66,1.35,False,True,25.01
SHP-003234,4281,2026-03-17,USPS,USPS Priority Mail,US_domestic,560,7.4,1.85,False,True,9.25
SHP-003235,4284,2026-03-17,USPS,USPS Priority Mail,US_domestic,750,10.02,1.6,False,True,11.62
SHP-003236,4289,2026-03-17,USPS,USPS Priority Mail,US_domestic,620,7.6,1.6,False,True,9.2
SHP-003237,4294,2026-03-17,USPS,USPS Ground Advantage,US_domestic,380,5.84,1.1,False,True,6.9399999999999995
SHP-003238,4295,2026-03-17,USPS,USPS Ground Advantage,US_domestic,270,5.64,1.1,False,True,6.74
SHP-003239,4296,2026-03-17,USPS,USPS Ground Advantage,US_domestic,380,6.08,1.1,False,True,7.18
SHP-003240,4297,2026-03-17,USPS,USPS Priority Mail International,CA,265,13.22,1.1,False,True,14.32
SHP-003241,4304,2026-03-17,USPS,USPS Priority Mail,US_domestic,1460,12.93,2.35,False,True,15.28
SHP-003242,4305,2026-03-17,USPS,USPS Priority Mail International,GB,870,24.84,1.85,False,True,26.69
SHP-003243,4229,2026-03-18,USPS,USPS Ground Advantage,US_domestic,380,5.88,1.1,False,True,6.98
SHP-003244,4232,2026-03-18,USPS,USPS Ground Advantage,US_domestic,380,5.79,1.1,False,True,6.890000000000001
SHP-003245,4241,2026-03-18,USPS,USPS Priority Mail,US_domestic,480,7.66,1.35,False,True,9.01
SHP-003246,4247,2026-03-18,USPS,USPS Priority Mail International,GB,1060,26.86,2.1,False,True,28.96
SHP-003247,4251,2026-03-18,USPS,USPS Priority Mail International,CA,620,16.44,1.35,False,True,17.790000000000003
SHP-003248,4252,2026-03-18,USPS,USPS Ground Advantage,US_domestic,270,5.88,1.1,False,True,6.98
SHP-003249,4253,2026-03-18,USPS,USPS Ground Advantage,US_domestic,425,7.78,1.35,False,True,9.13
SHP-003250,4261,2026-03-18,USPS,USPS Priority Mail,US_domestic,610,7.77,1.35,False,True,9.12
SHP-003251,4268,2026-03-18,USPS,USPS Ground Advantage,US_domestic,270,5.98,1.1,False,True,7.08
SHP-003252,4269,2026-03-18,USPS,USPS Ground Advantage,US_domestic,300,5.74,1.1,False,True,6.84
SHP-003253,4273,2026-03-18,USPS,USPS Ground Advantage,US_domestic,270,5.98,1.1,False,True,7.08
SHP-003254,4274,2026-03-18,USPS,USPS Priority Mail,US_domestic,865,9.64,1.85,False,True,11.49
SHP-003255,4278,2026-03-18,USPS,USPS Ground Advantage,US_domestic,270,5.8,1.1,False,True,6.9
SHP-003256,4288,2026-03-18,USPS,USPS Priority Mail,US_domestic,1385,12.81,2.1,False,True,14.91
SHP-003257,4291,2026-03-18,USPS,USPS Ground Advantage,US_domestic,420,7.74,1.35,False,True,9.09
SHP-003258,4292,2026-03-18,USPS,USPS Ground Advantage,US_domestic,270,5.87,1.1,False,True,6.970000000000001
SHP-003259,4293,2026-03-18,USPS,USPS Priority Mail,US_domestic,770,9.95,2.35,False,True,12.299999999999999
SHP-003260,4307,2026-03-18,USPS,USPS Priority Mail,US_domestic,1030,9.73,2.35,False,True,12.08
SHP-003261,4308,2026-03-18,USPS,USPS Ground Advantage,US_domestic,300,6.0,1.1,False,True,7.1
SHP-003262,4315,2026-03-18,USPS,USPS Priority Mail,US_domestic,510,7.6,1.35,False,True,8.95
SHP-003263,4320,2026-03-18,USPS,USPS Ground Advantage,US_domestic,385,5.9,1.35,False,True,7.25
SHP-003264,4327,2026-03-18,USPS,USPS Priority Mail,US_domestic,980,10.01,1.85,False,True,11.86
SHP-003265,4328,2026-03-18,USPS,USPS Priority Mail International,CA,380,13.7,1.1,False,True,14.799999999999999
SHP-003266,4329,2026-03-18,USPS,USPS Priority Mail,US_domestic,940,10.15,2.1,False,True,12.25
SHP-003267,4330,2026-03-18,USPS,USPS Priority Mail,US_domestic,740,9.76,2.1,False,True,11.86
SHP-003268,4333,2026-03-18,USPS,USPS Ground Advantage,US_domestic,270,5.94,1.1,False,True,7.040000000000001
SHP-003269,4339,2026-03-18,USPS,USPS Ground Advantage,US_domestic,270,5.72,1.1,False,True,6.82
SHP-003270,4342,2026-03-18,USPS,USPS Ground Advantage,US_domestic,390,5.78,1.35,False,True,7.130000000000001
SHP-003271,4344,2026-03-18,USPS,USPS Ground Advantage,US_domestic,320,5.79,1.1,False,True,6.890000000000001
SHP-003272,4346,2026-03-18,USPS,USPS Priority Mail,US_domestic,765,10.05,2.35,False,True,12.4
SHP-003273,4243,2026-03-19,USPS,USPS Priority Mail International,AU,600,23.74,1.6,False,True,25.34
SHP-003274,4257,2026-03-19,USPS,USPS Ground Advantage,US_domestic,390,5.82,1.35,False,True,7.17
SHP-003275,4263,2026-03-19,USPS,USPS Priority Mail,US_domestic,530,7.5,1.35,False,True,8.85
SHP-003276,4266,2026-03-19,USPS,USPS Ground Advantage,US_domestic,425,7.59,1.35,False,True,8.94
SHP-003277,4271,2026-03-19,USPS,USPS Ground Advantage,US_domestic,450,7.33,1.35,False,True,8.68
SHP-003278,4283,2026-03-19,USPS,USPS Priority Mail International,GB,555,20.9,1.6,False,True,22.5
SHP-003279,4287,2026-03-19,USPS,USPS Priority Mail International,GB,300,17.56,1.1,False,True,18.66
SHP-003280,4300,2026-03-19,USPS,USPS Priority Mail,US_domestic,750,9.92,1.6,False,True,11.52
SHP-003281,4301,2026-03-19,USPS,USPS Priority Mail,US_domestic,605,7.53,1.6,False,True,9.13
SHP-003282,4306,2026-03-19,USPS,USPS Priority Mail International,CA,265,12.71,1.1,False,True,13.81
SHP-003283,4310,2026-03-19,USPS,USPS Priority Mail International,GB,540,20.36,1.35,False,True,21.71
SHP-003284,4316,2026-03-19,USPS,USPS Ground Advantage,US_domestic,320,5.89,1.1,False,True,6.99
SHP-003285,4318,2026-03-19,USPS,USPS Priority Mail,US_domestic,980,9.8,1.85,False,True,11.65
SHP-003286,4319,2026-03-19,USPS,USPS Ground Advantage,US_domestic,380,5.72,1.1,False,True,6.82
SHP-003287,4324,2026-03-19,USPS,USPS Priority Mail,US_domestic,510,7.63,1.35,False,True,8.98
SHP-003288,4331,2026-03-19,USPS,USPS Ground Advantage,US_domestic,320,5.92,1.1,False,True,7.02
SHP-003289,4332,2026-03-19,USPS,USPS Ground Advantage,US_domestic,385,5.84,1.35,False,True,7.1899999999999995
SHP-003290,4340,2026-03-19,USPS,USPS Ground Advantage,US_domestic,380,5.73,1.1,False,True,6.83
SHP-003291,4350,2026-03-19,USPS,USPS Priority Mail,US_domestic,670,7.48,1.1,False,True,8.58
SHP-003292,4352,2026-03-19,USPS,USPS Priority Mail International,AU,1190,32.47,1.85,False,True,34.32
SHP-003293,4355,2026-03-19,USPS,USPS Priority Mail,US_domestic,1190,10.0,1.85,False,True,11.85
SHP-003294,4360,2026-03-19,USPS,USPS Priority Mail,US_domestic,1305,12.97,2.1,False,True,15.07
SHP-003295,4361,2026-03-19,USPS,USPS Ground Advantage,US_domestic,430,7.63,1.35,False,True,8.98
SHP-003296,4362,2026-03-19,USPS,USPS Priority Mail,US_domestic,550,7.58,1.6,False,True,9.18
SHP-003297,4368,2026-03-19,USPS,USPS Priority Mail,US_domestic,1270,13.01,1.85,False,True,14.86
SHP-003298,4272,2026-03-20,USPS,USPS Ground Advantage,US_domestic,380,5.74,1.1,False,True,6.84
SHP-003299,4275,2026-03-20,USPS,USPS Priority Mail,US_domestic,470,7.53,1.35,False,True,8.88
SHP-003300,4277,2026-03-20,USPS,USPS Priority Mail,US_domestic,1250,13.1,2.1,False,True,15.2
SHP-003301,4280,2026-03-20,USPS,USPS Priority Mail,US_domestic,640,7.52,1.6,False,True,9.12
SHP-003302,4282,2026-03-20,USPS,USPS Ground Advantage,US_domestic,270,5.72,1.1,False,True,6.82
SHP-003303,4285,2026-03-20,USPS,USPS Priority Mail International,GB,550,20.45,1.35,False,True,21.8
SHP-003304,4286,2026-03-20,USPS,USPS Priority Mail,US_domestic,910,9.82,2.35,False,True,12.17
SHP-003305,4290,2026-03-20,USPS,USPS Priority Mail,US_domestic,1280,12.8,2.6,False,True,15.4
SHP-003306,4298,2026-03-20,USPS,USPS Priority Mail,US_domestic,750,9.77,1.6,False,True,11.37
SHP-003307,4299,2026-03-20,USPS,USPS Ground Advantage,US_domestic,270,5.71,1.1,False,True,6.8100000000000005
SHP-003308,4302,2026-03-20,USPS,USPS Ground Advantage,US_domestic,270,5.76,1.1,False,True,6.859999999999999
SHP-003309,4303,2026-03-20,USPS,USPS Priority Mail International,CA,380,13.93,1.1,False,True,15.03
SHP-003310,4309,2026-03-20,USPS,USPS Ground Advantage,US_domestic,380,5.75,1.1,False,True,6.85
SHP-003311,4311,2026-03-20,USPS,USPS Ground Advantage,US_domestic,270,5.75,1.1,False,True,6.85
SHP-003312,4312,2026-03-20,USPS,USPS Priority Mail,US_domestic,670,7.79,1.1,False,True,8.89
SHP-003313,4314,2026-03-20,USPS,USPS Priority Mail,US_domestic,510,7.63,1.35,False,True,8.98
SHP-003314,4317,2026-03-20,USPS,USPS Priority Mail International,AU,920,28.09,1.85,False,True,29.94
SHP-003315,4325,2026-03-20,USPS,USPS Ground Advantage,US_domestic,380,5.74,1.35,False,True,7.09
SHP-003316,4337,2026-03-20,USPS,USPS Priority Mail,US_domestic,870,10.14,1.85,False,True,11.99
SHP-003317,4338,2026-03-20,USPS,USPS Ground Advantage,US_domestic,270,5.79,1.1,False,True,6.890000000000001
SHP-003318,4349,2026-03-20,USPS,USPS Priority Mail,US_domestic,870,10.13,1.85,False,True,11.98
SHP-003319,4353,2026-03-20,USPS,USPS Ground Advantage,US_domestic,270,5.87,1.1,False,True,6.970000000000001
SHP-003320,4358,2026-03-20,USPS,USPS Ground Advantage,US_domestic,270,5.92,1.1,False,True,7.02
SHP-003321,4367,2026-03-20,USPS,USPS Priority Mail,US_domestic,510,7.38,1.35,False,True,8.73
SHP-003322,4370,2026-03-20,USPS,USPS Ground Advantage,US_domestic,390,5.78,1.1,False,True,6.880000000000001
SHP-003323,4371,2026-03-20,USPS,USPS Priority Mail International,AU,290,20.19,1.35,False,True,21.540000000000003
SHP-003324,4372,2026-03-20,USPS,USPS Ground Advantage,US_domestic,340,5.94,1.35,False,True,7.290000000000001
SHP-003325,4374,2026-03-20,USPS,USPS Priority Mail,US_domestic,580,7.33,1.6,False,True,8.93
SHP-003326,4376,2026-03-20,USPS,USPS Ground Advantage,US_domestic,420,7.78,1.35,False,True,9.13
SHP-003327,4379,2026-03-20,USPS,USPS Priority Mail,US_domestic,630,7.59,1.6,False,True,9.19
SHP-003328,4386,2026-03-20,USPS,USPS Priority Mail,US_domestic,1365,12.92,2.6,False,True,15.52
SHP-003329,4388,2026-03-20,USPS,USPS Ground Advantage,US_domestic,310,6.0,1.1,False,True,7.1
SHP-003330,4390,2026-03-20,USPS,USPS Ground Advantage,US_domestic,340,5.83,1.35,False,True,7.18
SHP-003331,4396,2026-03-20,USPS,USPS Priority Mail,US_domestic,530,7.91,1.35,False,True,9.26
SHP-003332,4399,2026-03-20,USPS,USPS Priority Mail,US_domestic,510,7.74,1.35,False,True,9.09
SHP-003333,4080,2026-03-21,USPS,USPS Priority Mail International,CA,270,13.14,1.1,False,True,14.24
SHP-003334,4313,2026-03-21,USPS,USPS Priority Mail,US_domestic,1195,11.06,2.35,True,True,13.41
SHP-003335,4321,2026-03-21,USPS,USPS Ground Advantage,US_domestic,300,5.94,1.1,False,True,7.040000000000001
SHP-003336,4322,2026-03-21,USPS,USPS Priority Mail,US_domestic,1050,9.86,2.1,False,True,11.959999999999999
SHP-003337,4323,2026-03-21,USPS,USPS Priority Mail,US_domestic,1270,13.12,1.85,False,True,14.969999999999999
SHP-003338,4334,2026-03-21,USPS,USPS Ground Advantage,US_domestic,270,5.65,1.1,False,True,6.75
SHP-003339,4335,2026-03-21,USPS,USPS Priority Mail,US_domestic,860,9.71,2.6,False,True,12.31
SHP-003340,4336,2026-03-21,USPS,USPS Priority Mail,US_domestic,700,7.56,1.85,False,True,9.41
SHP-003341,4341,2026-03-21,USPS,USPS Ground Advantage,US_domestic,390,5.92,1.1,False,True,7.02
SHP-003342,4343,2026-03-21,USPS,USPS Ground Advantage,US_domestic,270,5.69,1.1,False,True,6.790000000000001
SHP-003343,4345,2026-03-21,USPS,USPS Ground Advantage,US_domestic,370,5.76,1.35,False,True,7.109999999999999
SHP-003344,4351,2026-03-21,USPS,USPS Priority Mail,US_domestic,750,10.07,1.6,False,True,11.67
SHP-003345,4354,2026-03-21,USPS,USPS Ground Advantage,US_domestic,300,5.79,1.1,False,True,6.890000000000001
SHP-003346,4356,2026-03-21,USPS,USPS Ground Advantage,US_domestic,380,5.7,1.1,False,True,6.800000000000001
SHP-003347,4359,2026-03-21,USPS,USPS Ground Advantage,US_domestic,270,6.01,1.1,False,True,7.109999999999999
SHP-003348,4363,2026-03-21,USPS,USPS Priority Mail International,GB,265,17.55,1.1,False,True,18.650000000000002
SHP-003349,4364,2026-03-21,USPS,USPS Ground Advantage,US_domestic,270,5.95,1.1,False,True,7.050000000000001
SHP-003350,4375,2026-03-21,USPS,USPS Ground Advantage,US_domestic,380,5.88,1.1,False,True,6.98
SHP-003351,4377,2026-03-21,USPS,USPS Ground Advantage,US_domestic,270,5.92,1.1,False,True,7.02
SHP-003352,4378,2026-03-21,USPS,USPS Priority Mail International,AU,380,21.26,1.1,False,True,22.360000000000003
SHP-003353,4380,2026-03-21,USPS,USPS Priority Mail,US_domestic,870,9.61,1.85,False,True,11.459999999999999
SHP-003354,4383,2026-03-21,USPS,USPS Ground Advantage,US_domestic,265,5.71,1.1,False,True,6.8100000000000005
SHP-003355,4385,2026-03-21,USPS,USPS Priority Mail International,GB,410,19.67,1.1,False,True,20.770000000000003
SHP-003356,4387,2026-03-21,USPS,USPS Priority Mail,US_domestic,730,9.9,2.1,False,True,12.0
SHP-003357,4392,2026-03-21,USPS,USPS Priority Mail,US_domestic,470,7.8,1.35,False,True,9.15
SHP-003358,4397,2026-03-21,USPS,USPS Ground Advantage,US_domestic,420,7.5,1.35,False,True,8.85
SHP-003359,4401,2026-03-21,USPS,USPS Ground Advantage,US_domestic,430,7.53,1.35,False,True,8.88
SHP-003360,4405,2026-03-21,USPS,USPS Priority Mail,US_domestic,575,7.59,1.85,False,True,9.44
SHP-003361,4407,2026-03-21,USPS,USPS Ground Advantage,US_domestic,430,7.62,1.35,False,True,8.97
SHP-003362,4410,2026-03-21,USPS,USPS Ground Advantage,US_domestic,265,5.82,1.1,False,True,6.92
SHP-003363,4414,2026-03-21,USPS,USPS Priority Mail,US_domestic,1010,9.9,1.85,False,True,11.75
SHP-003364,4415,2026-03-21,USPS,USPS Priority Mail International,GB,220,17.3,1.1,False,True,18.400000000000002
SHP-003365,4416,2026-03-21,USPS,USPS Ground Advantage,US_domestic,270,5.84,1.1,False,True,6.9399999999999995
SHP-003366,4417,2026-03-21,USPS,USPS Priority Mail,US_domestic,500,7.86,1.35,False,True,9.21
SHP-003367,4422,2026-03-21,USPS,USPS Priority Mail,US_domestic,1150,9.7,2.35,False,True,12.049999999999999
SHP-003368,4348,2026-03-22,USPS,USPS Ground Advantage,US_domestic,380,5.94,1.1,False,True,7.040000000000001
SHP-003369,4357,2026-03-22,USPS,USPS Ground Advantage,US_domestic,410,7.37,1.1,False,True,8.47
SHP-003370,4365,2026-03-22,USPS,USPS Priority Mail,US_domestic,900,10.04,1.85,False,True,11.889999999999999
SHP-003371,4366,2026-03-22,USPS,USPS Priority Mail,US_domestic,510,7.67,1.6,False,True,9.27
SHP-003372,4369,2026-03-22,USPS,USPS Ground Advantage,US_domestic,410,7.87,1.1,False,True,8.97
SHP-003373,4381,2026-03-22,USPS,USPS Priority Mail,US_domestic,1130,9.98,2.1,False,True,12.08
SHP-003374,4389,2026-03-22,USPS,USPS Priority Mail International,CA,320,13.21,1.1,False,True,14.31
SHP-003375,4393,2026-03-22,USPS,USPS Priority Mail,US_domestic,1040,9.94,2.1,False,True,12.04
SHP-003376,4403,2026-03-22,USPS,USPS Priority Mail,US_domestic,650,7.63,1.6,False,True,9.23
SHP-003377,4409,2026-03-22,USPS,USPS Priority Mail,US_domestic,1100,9.88,2.1,False,True,11.98
SHP-003378,4423,2026-03-22,USPS,USPS Priority Mail,US_domestic,1135,9.94,2.35,False,True,12.29
SHP-003379,4429,2026-03-22,USPS,USPS Ground Advantage,US_domestic,300,5.9,1.1,False,True,7.0
SHP-003380,4430,2026-03-22,USPS,USPS Priority Mail,US_domestic,705,10.31,2.35,False,True,12.66
SHP-003381,4436,2026-03-22,USPS,USPS Ground Advantage,US_domestic,340,5.91,1.35,False,True,7.26
SHP-003382,4437,2026-03-22,USPS,USPS Priority Mail,US_domestic,1270,13.07,1.85,False,True,14.92
SHP-003383,4438,2026-03-22,USPS,USPS Priority Mail,US_domestic,620,7.87,1.6,False,True,9.47
SHP-003384,4440,2026-03-22,USPS,USPS Ground Advantage,US_domestic,410,7.51,1.1,False,True,8.61
SHP-003385,4442,2026-03-22,USPS,USPS Priority Mail International,CA,1555,25.53,2.35,False,True,27.880000000000003
SHP-003386,4446,2026-03-22,USPS,USPS Priority Mail,US_domestic,1105,10.13,2.6,False,True,12.73
SHP-003387,4447,2026-03-22,USPS,USPS Ground Advantage,US_domestic,270,6.07,1.1,False,True,7.17
SHP-003388,4373,2026-03-23,USPS,USPS Priority Mail,US_domestic,510,7.64,1.35,False,True,8.99
SHP-003389,4382,2026-03-23,USPS,USPS Priority Mail,US_domestic,590,7.6,1.6,False,True,9.2
SHP-003390,4384,2026-03-23,USPS,USPS Ground Advantage,US_domestic,270,5.84,1.1,False,True,6.9399999999999995
SHP-003391,4391,2026-03-23,USPS,USPS Priority Mail International,CA,645,16.16,1.6,False,True,17.76
SHP-003392,4394,2026-03-23,USPS,USPS Ground Advantage,US_domestic,265,5.9,1.1,False,True,7.0
SHP-003393,4395,2026-03-23,USPS,USPS Priority Mail International,CA,620,16.7,1.35,False,True,18.05
SHP-003394,4398,2026-03-23,USPS,USPS Priority Mail,US_domestic,900,9.66,1.85,False,True,11.51
SHP-003395,4402,2026-03-23,USPS,USPS Priority Mail,US_domestic,620,7.83,1.6,False,True,9.43
SHP-003396,4404,2026-03-23,USPS,USPS Ground Advantage,US_domestic,270,5.71,1.1,False,True,6.8100000000000005
SHP-003397,4406,2026-03-23,USPS,USPS Ground Advantage,US_domestic,320,5.91,1.1,False,True,7.01
SHP-003398,4408,2026-03-23,USPS,USPS Priority Mail,US_domestic,1155,10.14,2.6,False,True,12.74
SHP-003399,4411,2026-03-23,USPS,USPS Priority Mail International,CA,380,13.64,1.1,False,True,14.74
SHP-003400,4412,2026-03-23,USPS,USPS Priority Mail International,GB,380,18.93,1.1,False,True,20.03
SHP-003401,4413,2026-03-23,USPS,USPS Priority Mail,US_domestic,1130,9.85,2.1,False,True,11.95
SHP-003402,4418,2026-03-23,USPS,USPS Priority Mail,US_domestic,790,9.75,2.35,False,True,12.1
SHP-003403,4419,2026-03-23,USPS,USPS Ground Advantage,US_domestic,265,5.85,1.1,False,True,6.949999999999999
SHP-003404,4420,2026-03-23,USPS,USPS Ground Advantage,US_domestic,380,5.71,1.1,False,True,6.8100000000000005
SHP-003405,4421,2026-03-23,USPS,USPS Priority Mail,US_domestic,900,9.91,1.85,False,True,11.76
SHP-003406,4424,2026-03-23,USPS,USPS Ground Advantage,US_domestic,410,7.81,1.1,False,True,8.91
SHP-003407,4426,2026-03-23,USPS,USPS Ground Advantage,US_domestic,270,5.87,1.1,False,True,6.970000000000001
SHP-003408,4427,2026-03-23,USPS,USPS Ground Advantage,US_domestic,270,5.95,1.1,False,True,7.050000000000001
SHP-003409,4428,2026-03-23,USPS,USPS Ground Advantage,US_domestic,390,5.65,1.1,False,True,6.75
SHP-003410,4432,2026-03-23,USPS,USPS Priority Mail,US_domestic,590,7.7,1.6,False,True,9.3
SHP-003411,4433,2026-03-23,USPS,USPS Ground Advantage,US_domestic,270,5.91,1.1,False,True,7.01
SHP-003412,4441,2026-03-23,USPS,USPS Priority Mail,US_domestic,565,7.51,1.6,False,True,9.11
SHP-003413,4449,2026-03-23,USPS,USPS Priority Mail International,AU,320,21.38,1.1,False,True,22.48
SHP-003414,4452,2026-03-23,USPS,USPS Priority Mail,US_domestic,500,7.73,1.35,False,True,9.08
SHP-003415,4400,2026-03-24,USPS,USPS Ground Advantage,US_domestic,390,5.98,1.35,False,True,7.33
SHP-003416,4425,2026-03-24,USPS,USPS Ground Advantage,US_domestic,300,5.69,1.1,False,True,6.790000000000001
SHP-003417,4431,2026-03-24,USPS,USPS Ground Advantage,US_domestic,220,6.0,1.1,False,True,7.1
SHP-003418,4434,2026-03-24,USPS,USPS Ground Advantage,US_domestic,270,5.87,1.1,False,True,6.970000000000001
SHP-003419,4435,2026-03-24,USPS,USPS Priority Mail,US_domestic,1105,10.36,2.35,False,True,12.709999999999999
SHP-003420,4443,2026-03-24,USPS,USPS Ground Advantage,US_domestic,410,7.5,1.1,False,True,8.6
SHP-003421,4444,2026-03-24,USPS,USPS Priority Mail,US_domestic,900,9.57,1.85,False,True,11.42
SHP-003422,4445,2026-03-24,USPS,USPS Priority Mail,US_domestic,460,7.67,1.35,False,True,9.02
SHP-003423,4448,2026-03-24,USPS,USPS Ground Advantage,US_domestic,385,5.83,1.35,False,True,7.18
SHP-003424,4457,2026-03-24,USPS,USPS Ground Advantage,US_domestic,270,5.86,1.1,False,True,6.960000000000001
SHP-003425,4463,2026-03-24,USPS,USPS Priority Mail,US_domestic,645,7.59,1.6,False,True,9.19
SHP-003426,4464,2026-03-24,USPS,USPS Priority Mail,US_domestic,480,7.68,1.35,False,True,9.03
SHP-003427,4439,2026-03-25,USPS,USPS Ground Advantage,US_domestic,420,7.77,1.35,False,True,9.12
SHP-003428,4450,2026-03-25,USPS,USPS Ground Advantage,US_domestic,310,5.88,1.1,False,True,6.98
SHP-003429,4455,2026-03-25,USPS,USPS Ground Advantage,US_domestic,270,5.81,1.1,False,True,6.91
SHP-003430,4456,2026-03-25,USPS,USPS Priority Mail,US_domestic,655,7.82,1.6,False,True,9.42
SHP-003431,4451,2026-03-26,USPS,USPS Priority Mail,US_domestic,1130,9.74,2.1,False,True,11.84
SHP-003432,4453,2026-03-26,USPS,USPS Priority Mail,US_domestic,510,7.89,1.35,False,True,9.24
SHP-003433,4454,2026-03-26,USPS,USPS Ground Advantage,US_domestic,410,7.73,1.1,False,True,8.83
SHP-003434,4458,2026-03-26,USPS,USPS Ground Advantage,US_domestic,390,5.86,1.35,False,True,7.210000000000001
SHP-003435,4461,2026-03-26,USPS,USPS Ground Advantage,US_domestic,300,5.71,1.1,False,True,6.8100000000000005
SHP-003436,4462,2026-03-26,USPS,USPS Ground Advantage,US_domestic,380,5.7,1.35,False,True,7.050000000000001
SHP-003437,4465,2026-03-26,USPS,USPS Priority Mail,US_domestic,800,9.85,2.35,False,True,12.2
SHP-003438,4467,2026-03-26,USPS,USPS Priority Mail International,CA,480,15.24,1.35,False,True,16.59
SHP-003439,4472,2026-03-26,USPS,USPS Priority Mail,US_domestic,650,7.65,1.35,False,True,9.0
SHP-003440,4473,2026-03-26,USPS,USPS Ground Advantage,US_domestic,380,5.9,1.1,False,True,7.0
SHP-003441,4476,2026-03-26,USPS,USPS Priority Mail,US_domestic,750,9.98,1.6,False,True,11.58
SHP-003442,4477,2026-03-26,USPS,USPS Ground Advantage,US_domestic,415,7.49,1.35,False,True,8.84
SHP-003443,4478,2026-03-26,USPS,USPS Priority Mail,US_domestic,570,7.43,1.6,False,True,9.03
SHP-003444,4480,2026-03-26,USPS,USPS Priority Mail,US_domestic,650,7.64,1.6,False,True,9.24
SHP-003445,4482,2026-03-26,USPS,USPS Ground Advantage,US_domestic,310,5.89,1.1,False,True,6.99
SHP-003446,4483,2026-03-26,USPS,USPS Priority Mail International,CA,470,14.86,1.35,False,True,16.21
SHP-003447,4485,2026-03-26,USPS,USPS Ground Advantage,US_domestic,300,5.65,1.1,False,True,6.75
SHP-003448,4488,2026-03-26,USPS,USPS Ground Advantage,US_domestic,270,5.93,1.1,False,True,7.029999999999999
SHP-003449,4490,2026-03-26,USPS,USPS Ground Advantage,US_domestic,270,5.9,1.1,False,True,7.0
SHP-003450,4493,2026-03-26,USPS,USPS Priority Mail,US_domestic,865,9.55,1.85,False,True,11.4
SHP-003451,4459,2026-03-27,USPS,USPS Ground Advantage,US_domestic,410,7.55,1.1,False,True,8.65
SHP-003452,4460,2026-03-27,USPS,USPS Priority Mail,US_domestic,505,7.54,1.35,False,True,8.89
SHP-003453,4468,2026-03-27,USPS,USPS Ground Advantage,US_domestic,380,5.94,1.35,False,True,7.290000000000001
SHP-003454,4471,2026-03-27,USPS,USPS Ground Advantage,US_domestic,265,5.81,1.1,False,True,6.91
SHP-003455,4474,2026-03-27,USPS,USPS Ground Advantage,US_domestic,390,5.81,1.35,False,True,7.16
SHP-003456,4475,2026-03-27,USPS,USPS Ground Advantage,US_domestic,320,6.09,1.1,False,True,7.1899999999999995
SHP-003457,4484,2026-03-27,USPS,USPS Ground Advantage,US_domestic,380,5.89,1.1,False,True,6.99
SHP-003458,4487,2026-03-27,USPS,USPS Ground Advantage,US_domestic,440,7.64,1.35,False,True,8.99
SHP-003459,4500,2026-03-27,USPS,USPS Ground Advantage,US_domestic,220,5.92,1.1,False,True,7.02
SHP-003460,4505,2026-03-27,USPS,USPS Priority Mail,US_domestic,550,7.58,1.35,False,True,8.93
SHP-003461,4469,2026-03-28,USPS,USPS Ground Advantage,US_domestic,380,5.53,1.35,False,True,6.880000000000001
SHP-003462,4470,2026-03-28,USPS,USPS Ground Advantage,US_domestic,270,5.83,1.1,False,True,6.93
SHP-003463,4479,2026-03-28,USPS,USPS Priority Mail,US_domestic,740,9.92,2.1,False,True,12.02
SHP-003464,4481,2026-03-28,USPS,USPS Priority Mail International,GB,410,19.76,1.1,False,True,20.860000000000003
SHP-003465,4486,2026-03-28,USPS,USPS Priority Mail,US_domestic,495,7.68,1.35,False,True,9.03
SHP-003466,4491,2026-03-28,USPS,USPS Ground Advantage,US_domestic,380,6.03,1.1,False,True,7.130000000000001
SHP-003467,4492,2026-03-28,USPS,USPS Priority Mail,US_domestic,1350,13.28,2.1,False,True,15.379999999999999
SHP-003468,4499,2026-03-28,USPS,USPS Priority Mail,US_domestic,510,7.6,1.35,False,True,8.95
SHP-003469,4501,2026-03-28,USPS,USPS Ground Advantage,US_domestic,385,5.89,1.35,False,True,7.24
SHP-003470,4502,2026-03-28,USPS,USPS Ground Advantage,US_domestic,390,5.71,1.1,False,True,6.8100000000000005
SHP-003471,4506,2026-03-28,USPS,USPS Priority Mail,US_domestic,500,7.7,1.35,False,True,9.05
SHP-003472,4508,2026-03-28,USPS,USPS Priority Mail,US_domestic,1145,9.78,2.35,False,True,12.129999999999999
SHP-003473,4512,2026-03-28,USPS,USPS Priority Mail International,AU,270,20.04,1.1,False,True,21.14
SHP-003474,4514,2026-03-28,USPS,USPS Priority Mail,US_domestic,1020,9.93,2.1,False,True,12.03
SHP-003475,4515,2026-03-28,USPS,USPS Priority Mail International,CA,630,16.85,1.6,False,True,18.450000000000003
SHP-003476,4516,2026-03-28,USPS,USPS Priority Mail International,GB,640,21.94,1.35,False,True,23.290000000000003
SHP-003477,4520,2026-03-28,USPS,USPS Ground Advantage,US_domestic,440,7.59,1.35,False,True,8.94
SHP-003478,4489,2026-03-29,USPS,USPS Priority Mail,US_domestic,540,7.46,1.35,False,True,8.81
SHP-003479,4498,2026-03-29,USPS,USPS Ground Advantage,US_domestic,300,5.84,1.1,False,True,6.9399999999999995
SHP-003480,4513,2026-03-29,USPS,USPS Priority Mail,US_domestic,610,7.39,1.35,False,True,8.74
SHP-003481,4525,2026-03-29,USPS,USPS Priority Mail,US_domestic,560,7.4,1.35,False,True,8.75
SHP-003482,4526,2026-03-29,USPS,USPS Priority Mail International,CA,510,15.42,1.35,False,True,16.77
SHP-003483,4530,2026-03-29,USPS,USPS Ground Advantage,US_domestic,220,5.94,1.1,False,True,7.040000000000001
SHP-003484,4531,2026-03-29,USPS,USPS Priority Mail,US_domestic,910,10.2,1.85,False,True,12.049999999999999
SHP-003485,4532,2026-03-29,USPS,USPS Ground Advantage,US_domestic,310,5.82,1.1,False,True,6.92
SHP-003486,4534,2026-03-29,USPS,USPS Ground Advantage,US_domestic,380,5.99,1.1,False,True,7.09
SHP-003487,4495,2026-03-30,USPS,USPS Priority Mail,US_domestic,680,7.64,1.6,False,True,9.24
SHP-003488,4496,2026-03-30,USPS,USPS Ground Advantage,US_domestic,270,5.58,1.1,False,True,6.68
SHP-003489,4497,2026-03-30,USPS,USPS Ground Advantage,US_domestic,380,5.78,1.1,False,True,6.880000000000001
SHP-003490,4503,2026-03-30,USPS,USPS Priority Mail,US_domestic,1150,9.77,2.1,False,True,11.87
SHP-003491,4504,2026-03-30,USPS,USPS Priority Mail,US_domestic,750,10.35,1.6,False,True,11.95
SHP-003492,4510,2026-03-30,USPS,USPS Ground Advantage,US_domestic,410,7.54,1.1,False,True,8.64
SHP-003493,4524,2026-03-30,USPS,USPS Priority Mail International,CA,670,16.65,1.85,False,True,18.5
SHP-003494,4529,2026-03-30,USPS,USPS Priority Mail International,AU,750,25.87,1.6,False,True,27.470000000000002
SHP-003495,4533,2026-03-30,USPS,USPS Priority Mail,US_domestic,470,7.75,1.35,False,True,9.1
SHP-003496,4541,2026-03-30,USPS,USPS Ground Advantage,US_domestic,320,5.79,1.1,False,True,6.890000000000001
SHP-003497,4542,2026-03-30,USPS,USPS Priority Mail,US_domestic,510,7.68,1.6,False,True,9.28
SHP-003498,4507,2026-03-31,USPS,USPS Priority Mail,US_domestic,870,9.98,1.85,False,True,11.83
SHP-003499,4509,2026-03-31,USPS,USPS Priority Mail,US_domestic,1000,9.76,2.6,False,True,12.36
SHP-003500,4511,2026-03-31,USPS,USPS Priority Mail,US_domestic,500,7.76,1.35,False,True,9.11
SHP-003501,4517,2026-03-31,USPS,USPS Priority Mail,US_domestic,905,9.87,2.1,False,True,11.969999999999999
SHP-003502,4518,2026-03-31,USPS,USPS Priority Mail,US_domestic,870,10.13,1.85,False,True,11.98
SHP-003503,4519,2026-03-31,USPS,USPS Priority Mail International,CA,470,14.54,1.35,False,True,15.889999999999999
SHP-003504,4537,2026-03-31,USPS,USPS Priority Mail,US_domestic,510,7.63,1.35,False,True,8.98
SHP-003505,4538,2026-03-31,USPS,USPS Ground Advantage,US_domestic,265,5.81,1.1,False,True,6.91
SHP-003506,4539,2026-03-31,USPS,USPS Priority Mail,US_domestic,620,7.75,1.6,False,True,9.35
SHP-003507,4540,2026-03-31,USPS,USPS Ground Advantage,US_domestic,310,5.77,1.1,False,True,6.869999999999999
SHP-003508,4543,2026-03-31,USPS,USPS Ground Advantage,US_domestic,420,7.58,1.35,False,True,8.93
SHP-003509,4545,2026-03-31,USPS,USPS Ground Advantage,US_domestic,270,5.8,1.1,False,True,6.9
SHP-003510,4546,2026-03-31,USPS,USPS Priority Mail International,GB,425,19.25,1.35,False,True,20.6
SHP-003511,4547,2026-03-31,USPS,USPS Ground Advantage,US_domestic,290,5.75,1.35,False,True,7.1
SHP-003512,4552,2026-03-31,USPS,USPS Ground Advantage,US_domestic,270,5.85,1.1,False,True,6.949999999999999
SHP-003513,4555,2026-03-31,USPS,USPS Ground Advantage,US_domestic,270,5.83,1.1,False,True,6.93
SHP-003514,4521,2026-04-01,USPS,USPS Ground Advantage,US_domestic,270,5.75,1.1,False,True,6.85
SHP-003515,4522,2026-04-01,USPS,USPS Ground Advantage,US_domestic,415,7.45,1.35,False,True,8.8
SHP-003516,4523,2026-04-01,USPS,USPS Priority Mail,US_domestic,1420,12.93,2.85,False,True,15.78
SHP-003517,4527,2026-04-01,USPS,USPS Ground Advantage,US_domestic,410,7.56,1.1,False,True,8.66
SHP-003518,4528,2026-04-01,USPS,USPS Ground Advantage,US_domestic,300,5.81,1.1,False,True,6.91
SHP-003519,4553,2026-04-01,USPS,USPS Ground Advantage,US_domestic,270,5.86,1.1,False,True,6.960000000000001
SHP-003520,4390,2026-04-02,USPS,USPS Ground Advantage,US_domestic,220,5.89,1.1,False,True,6.99
SHP-003521,4535,2026-04-02,USPS,USPS Priority Mail,US_domestic,750,9.76,1.6,False,True,11.36
SHP-003522,4536,2026-04-02,USPS,USPS Priority Mail,US_domestic,530,7.73,1.35,False,True,9.08
SHP-003523,4548,2026-04-02,USPS,USPS Ground Advantage,US_domestic,380,5.89,1.1,False,True,6.99
SHP-003524,4550,2026-04-02,USPS,USPS Ground Advantage,US_domestic,390,5.87,1.35,False,True,7.220000000000001
SHP-003525,4554,2026-04-02,USPS,USPS Ground Advantage,US_domestic,390,5.91,1.1,False,True,7.01
SHP-003526,4556,2026-04-02,USPS,USPS Priority Mail,US_domestic,910,9.65,2.1,False,True,11.75
SHP-003527,4561,2026-04-02,USPS,USPS Priority Mail,US_domestic,585,7.29,1.6,False,True,8.89
SHP-003528,4574,2026-04-02,USPS,USPS Ground Advantage,US_domestic,270,5.85,1.1,False,True,6.949999999999999
SHP-003529,4578,2026-04-02,USPS,USPS Ground Advantage,US_domestic,270,5.62,1.1,False,True,6.720000000000001
SHP-003530,4544,2026-04-03,USPS,USPS Priority Mail,US_domestic,745,10.25,2.35,False,True,12.6
SHP-003531,4549,2026-04-03,USPS,USPS Priority Mail,US_domestic,990,9.99,2.1,False,True,12.09
SHP-003532,4551,2026-04-03,USPS,USPS Ground Advantage,US_domestic,320,5.86,1.1,False,True,6.960000000000001
SHP-003533,4557,2026-04-03,USPS,USPS Priority Mail International,AU,980,28.91,2.1,False,True,31.01
SHP-003534,4558,2026-04-03,USPS,USPS Priority Mail International,CA,510,15.06,1.35,False,True,16.41
SHP-003535,4559,2026-04-03,USPS,USPS Priority Mail,US_domestic,1265,12.84,2.6,False,True,15.44
SHP-003536,4560,2026-04-03,USPS,USPS Priority Mail International,GB,1190,28.44,1.85,False,True,30.290000000000003
SHP-003537,4562,2026-04-03,USPS,USPS Ground Advantage,US_domestic,390,5.81,1.1,False,True,6.91
SHP-003538,4563,2026-04-03,USPS,USPS Ground Advantage,US_domestic,270,5.9,1.1,False,True,7.0
SHP-003539,4565,2026-04-03,USPS,USPS Ground Advantage,US_domestic,270,5.72,1.1,False,True,6.82
SHP-003540,4566,2026-04-03,USPS,USPS Ground Advantage,US_domestic,420,7.59,1.35,False,True,8.94
SHP-003541,4568,2026-04-03,USPS,USPS Ground Advantage,US_domestic,300,5.72,1.1,False,True,6.82
SHP-003542,4570,2026-04-03,USPS,USPS Priority Mail,US_domestic,500,7.75,1.35,False,True,9.1
SHP-003543,4579,2026-04-03,USPS,USPS Ground Advantage,US_domestic,220,5.84,1.1,False,True,6.9399999999999995
SHP-003544,4589,2026-04-03,USPS,USPS Priority Mail,US_domestic,500,7.55,1.6,False,True,9.15
SHP-003545,4590,2026-04-03,USPS,USPS Ground Advantage,US_domestic,390,5.86,1.35,False,True,7.210000000000001
SHP-003546,4593,2026-04-03,USPS,USPS Ground Advantage,US_domestic,390,5.75,1.1,False,True,6.85
SHP-003547,4564,2026-04-04,USPS,USPS Priority Mail International,CA,270,13.31,1.1,False,True,14.41
SHP-003548,4572,2026-04-04,USPS,USPS Ground Advantage,US_domestic,270,6.02,1.1,False,True,7.119999999999999
SHP-003549,4594,2026-04-04,USPS,USPS Priority Mail International,CA,270,12.55,1.1,False,True,13.65
SHP-003550,4596,2026-04-04,USPS,USPS Ground Advantage,US_domestic,410,7.57,1.1,False,True,8.67
SHP-003551,4597,2026-04-04,USPS,USPS Priority Mail,US_domestic,690,7.44,1.6,False,True,9.040000000000001
SHP-003552,4604,2026-04-04,USPS,USPS Ground Advantage,US_domestic,410,7.74,1.1,False,True,8.84
SHP-003553,4606,2026-04-04,USPS,USPS Ground Advantage,US_domestic,300,5.8,1.1,False,True,6.9
SHP-003554,4608,2026-04-04,USPS,USPS Priority Mail International,GB,385,18.47,1.35,False,True,19.82
SHP-003555,4609,2026-04-04,USPS,USPS Ground Advantage,US_domestic,380,5.77,1.1,False,True,6.869999999999999
SHP-003556,4304,2026-04-05,USPS,USPS Ground Advantage,US_domestic,670,7.95,1.1,False,True,9.05
SHP-003557,4567,2026-04-05,USPS,USPS Ground Advantage,US_domestic,300,5.84,1.1,False,True,6.9399999999999995
SHP-003558,4569,2026-04-05,USPS,USPS Ground Advantage,US_domestic,310,5.7,1.1,False,True,6.800000000000001
SHP-003559,4571,2026-04-05,USPS,USPS Ground Advantage,US_domestic,310,5.89,1.1,False,True,6.99
SHP-003560,4573,2026-04-05,USPS,USPS Ground Advantage,US_domestic,380,5.9,1.1,False,True,7.0
SHP-003561,4575,2026-04-05,USPS,USPS Ground Advantage,US_domestic,270,5.75,1.1,False,True,6.85
SHP-003562,4576,2026-04-05,USPS,USPS Ground Advantage,US_domestic,390,5.83,1.35,False,True,7.18
SHP-003563,4577,2026-04-05,USPS,USPS Priority Mail,US_domestic,845,9.88,2.35,False,True,12.23
SHP-003564,4580,2026-04-05,USPS,USPS Ground Advantage,US_domestic,270,5.95,1.1,False,True,7.050000000000001
SHP-003565,4581,2026-04-05,USPS,USPS Priority Mail,US_domestic,495,7.63,1.35,False,True,8.98
SHP-003566,4583,2026-04-05,USPS,USPS Priority Mail,US_domestic,505,7.9,1.35,False,True,9.25
SHP-003567,4584,2026-04-05,USPS,USPS Ground Advantage,US_domestic,270,5.72,1.1,False,True,6.82
SHP-003568,4585,2026-04-05,USPS,USPS Priority Mail International,CA,410,14.22,1.1,False,True,15.32
SHP-003569,4586,2026-04-05,USPS,USPS Ground Advantage,US_domestic,310,5.8,1.1,False,True,6.9
SHP-003570,4588,2026-04-05,USPS,USPS Ground Advantage,US_domestic,290,5.74,1.35,False,True,7.09
SHP-003571,4591,2026-04-05,USPS,USPS Priority Mail,US_domestic,785,10.08,1.85,False,True,11.93
SHP-003572,4592,2026-04-05,USPS,USPS Ground Advantage,US_domestic,300,5.74,1.1,False,True,6.84
SHP-003573,4598,2026-04-05,USPS,USPS Ground Advantage,US_domestic,270,5.95,1.1,False,True,7.050000000000001
SHP-003574,4601,2026-04-05,USPS,USPS Priority Mail International,AU,270,19.66,1.1,False,True,20.76
SHP-003575,4603,2026-04-05,USPS,USPS Ground Advantage,US_domestic,320,5.85,1.1,False,True,6.949999999999999
SHP-003576,4607,2026-04-05,USPS,USPS Priority Mail,US_domestic,1190,9.91,1.85,False,True,11.76
SHP-003577,4617,2026-04-05,USPS,USPS Ground Advantage,US_domestic,270,5.57,1.1,True,True,6.67
SHP-003578,4618,2026-04-05,USPS,USPS Priority Mail,US_domestic,580,7.89,1.85,False,True,9.74
SHP-003579,4619,2026-04-05,USPS,USPS Ground Advantage,US_domestic,270,5.64,1.1,False,True,6.74
SHP-003580,4623,2026-04-05,USPS,USPS Priority Mail,US_domestic,610,7.61,1.35,False,True,8.96
SHP-003581,4582,2026-04-06,USPS,USPS Ground Advantage,US_domestic,340,5.81,1.35,False,True,7.16
SHP-003582,4587,2026-04-06,USPS,USPS Priority Mail,US_domestic,540,7.73,1.35,False,True,9.08
SHP-003583,4602,2026-04-06,USPS,USPS Ground Advantage,US_domestic,320,6.02,1.1,False,True,7.119999999999999
SHP-003584,4605,2026-04-06,USPS,USPS Priority Mail,US_domestic,870,9.95,1.85,False,True,11.799999999999999
SHP-003585,4611,2026-04-06,USPS,USPS Priority Mail International,AU,435,21.86,1.35,False,True,23.21
SHP-003586,4625,2026-04-06,USPS,USPS Ground Advantage,US_domestic,425,7.75,1.35,False,True,9.1
SHP-003587,4628,2026-04-06,USPS,USPS Priority Mail,US_domestic,685,7.84,1.85,False,True,9.69
SHP-003588,4632,2026-04-06,USPS,USPS Priority Mail,US_domestic,970,10.04,2.35,False,True,12.389999999999999
SHP-003589,4634,2026-04-06,USPS,USPS Ground Advantage,US_domestic,390,5.91,1.35,False,True,7.26
SHP-003590,4637,2026-04-06,USPS,USPS Priority Mail,US_domestic,500,7.84,1.35,False,True,9.19
SHP-003591,4638,2026-04-06,USPS,USPS Priority Mail International,AU,565,23.47,1.6,False,True,25.07
SHP-003592,4640,2026-04-06,USPS,USPS Priority Mail International,CA,390,14.23,1.1,False,True,15.33
SHP-003593,4641,2026-04-06,USPS,USPS Ground Advantage,US_domestic,310,5.94,1.1,False,True,7.040000000000001
SHP-003594,4642,2026-04-06,USPS,USPS Priority Mail,US_domestic,460,7.7,1.35,False,True,9.05
SHP-003595,4595,2026-04-07,USPS,USPS Ground Advantage,US_domestic,410,7.7,1.1,False,True,8.8
SHP-003596,4599,2026-04-07,USPS,USPS Priority Mail International,GB,270,17.13,1.1,False,True,18.23
SHP-003597,4610,2026-04-07,USPS,USPS Ground Advantage,US_domestic,265,5.98,1.1,False,True,7.08
SHP-003598,4613,2026-04-07,USPS,USPS Priority Mail International,GB,550,19.69,1.35,False,True,21.040000000000003
SHP-003599,4615,2026-04-07,USPS,USPS Ground Advantage,US_domestic,430,7.62,1.35,False,True,8.97
SHP-003600,4616,2026-04-07,USPS,USPS Ground Advantage,US_domestic,425,7.52,1.35,False,True,8.87
SHP-003601,4620,2026-04-07,USPS,USPS Ground Advantage,US_domestic,265,5.98,1.1,False,True,7.08
SHP-003602,4621,2026-04-07,USPS,USPS Priority Mail,US_domestic,500,7.86,1.35,False,True,9.21
SHP-003603,4622,2026-04-07,USPS,USPS Ground Advantage,US_domestic,310,5.94,1.1,False,True,7.040000000000001
SHP-003604,4624,2026-04-07,USPS,USPS Ground Advantage,US_domestic,270,5.9,1.1,False,True,7.0
SHP-003605,4627,2026-04-07,USPS,USPS Ground Advantage,US_domestic,270,5.88,1.1,False,True,6.98
SHP-003606,4629,2026-04-07,USPS,USPS Ground Advantage,US_domestic,320,5.92,1.1,False,True,7.02
SHP-003607,4639,2026-04-07,USPS,USPS Ground Advantage,US_domestic,300,6.02,1.1,False,True,7.119999999999999
SHP-003608,4643,2026-04-07,USPS,USPS Ground Advantage,US_domestic,270,5.63,1.1,False,True,6.73
SHP-003609,4648,2026-04-07,USPS,USPS Ground Advantage,US_domestic,270,5.93,1.1,False,True,7.029999999999999
SHP-003610,4653,2026-04-07,USPS,USPS Priority Mail,US_domestic,765,9.3,2.35,False,True,11.65
SHP-003611,4612,2026-04-08,USPS,USPS Priority Mail International,CA,390,13.94,1.1,False,True,15.04
SHP-003612,4614,2026-04-08,USPS,USPS Priority Mail,US_domestic,990,10.23,2.1,False,True,12.33
SHP-003613,4626,2026-04-08,USPS,USPS Ground Advantage,US_domestic,450,7.52,1.35,False,True,8.87
SHP-003614,4630,2026-04-08,USPS,USPS Ground Advantage,US_domestic,380,5.77,1.1,False,True,6.869999999999999
SHP-003615,4633,2026-04-08,USPS,USPS Priority Mail,US_domestic,690,7.41,1.85,False,True,9.26
SHP-003616,4635,2026-04-08,USPS,USPS Ground Advantage,US_domestic,270,5.88,1.1,False,True,6.98
SHP-003617,4636,2026-04-08,USPS,USPS Ground Advantage,US_domestic,290,5.88,1.35,False,True,7.23
SHP-003618,4652,2026-04-08,USPS,USPS Priority Mail,US_domestic,750,9.61,1.6,False,True,11.209999999999999
SHP-003619,4662,2026-04-08,USPS,USPS Ground Advantage,US_domestic,390,5.86,1.1,False,True,6.960000000000001
SHP-003620,4663,2026-04-08,USPS,USPS Priority Mail,US_domestic,500,7.64,1.35,False,True,8.99
SHP-003621,4665,2026-04-08,USPS,USPS Priority Mail International,CA,495,15.27,1.35,False,True,16.62
SHP-003622,4666,2026-04-08,USPS,USPS Ground Advantage,US_domestic,265,5.95,1.1,False,True,7.050000000000001
SHP-003623,4671,2026-04-08,USPS,USPS Ground Advantage,US_domestic,385,5.85,1.35,False,True,7.199999999999999
SHP-003624,4674,2026-04-08,USPS,USPS Priority Mail,US_domestic,455,7.59,1.6,False,True,9.19
SHP-003625,4679,2026-04-08,USPS,USPS Priority Mail International,AU,385,20.89,1.35,False,True,22.240000000000002
SHP-003626,4681,2026-04-08,USPS,USPS Priority Mail International,CA,320,13.63,1.1,False,True,14.73
SHP-003627,4631,2026-04-09,USPS,USPS Ground Advantage,US_domestic,270,5.87,1.1,False,True,6.970000000000001
SHP-003628,4646,2026-04-09,USPS,USPS Priority Mail,US_domestic,670,7.65,1.1,False,True,8.75
SHP-003629,4650,2026-04-09,USPS,USPS Ground Advantage,US_domestic,270,5.73,1.1,False,True,6.83
SHP-003630,4657,2026-04-09,USPS,USPS Priority Mail,US_domestic,490,7.59,1.35,False,True,8.94
SHP-003631,4658,2026-04-09,USPS,USPS Priority Mail,US_domestic,770,10.15,2.35,False,True,12.5
SHP-003632,4667,2026-04-09,USPS,USPS Priority Mail International,AU,300,20.73,1.1,False,True,21.830000000000002
SHP-003633,4668,2026-04-09,USPS,USPS Priority Mail International,CA,390,14.28,1.1,False,True,15.379999999999999
SHP-003634,4669,2026-04-09,USPS,USPS Priority Mail,US_domestic,780,10.01,2.35,False,True,12.36
SHP-003635,4680,2026-04-09,USPS,USPS Ground Advantage,US_domestic,410,7.68,1.1,False,True,8.78
SHP-003636,4688,2026-04-09,USPS,USPS Ground Advantage,US_domestic,370,5.8,1.35,False,True,7.15
SHP-003637,4692,2026-04-09,USPS,USPS Ground Advantage,US_domestic,380,5.84,1.1,False,True,6.9399999999999995
SHP-003638,4697,2026-04-09,USPS,USPS Priority Mail International,GB,490,20.38,1.35,False,True,21.73
SHP-003639,4699,2026-04-09,USPS,USPS Ground Advantage,US_domestic,440,7.66,1.35,False,True,9.01
SHP-003640,4644,2026-04-10,USPS,USPS Priority Mail,US_domestic,640,7.45,1.6,False,True,9.05
SHP-003641,4645,2026-04-10,USPS,USPS Priority Mail,US_domestic,780,10.07,2.1,False,True,12.17
SHP-003642,4647,2026-04-10,USPS,USPS Ground Advantage,US_domestic,390,6.04,1.1,False,True,7.140000000000001
SHP-003643,4649,2026-04-10,USPS,USPS Priority Mail,US_domestic,770,10.12,2.1,False,True,12.219999999999999
SHP-003644,4651,2026-04-10,USPS,USPS Ground Advantage,US_domestic,300,5.66,1.1,False,True,6.76
SHP-003645,4654,2026-04-10,USPS,USPS Ground Advantage,US_domestic,380,6.08,1.1,False,True,7.18
SHP-003646,4655,2026-04-10,USPS,USPS Priority Mail International,CA,510,15.48,1.35,False,True,16.830000000000002
SHP-003647,4659,2026-04-10,USPS,USPS Priority Mail,US_domestic,540,7.51,1.6,False,True,9.11
SHP-003648,4660,2026-04-10,USPS,USPS Priority Mail,US_domestic,480,7.79,1.35,False,True,9.14
SHP-003649,4661,2026-04-10,USPS,USPS Priority Mail,US_domestic,500,7.67,1.35,False,True,9.02
SHP-003650,4664,2026-04-10,USPS,USPS Priority Mail,US_domestic,530,7.68,1.35,False,True,9.03
SHP-003651,4675,2026-04-10,USPS,USPS Ground Advantage,US_domestic,270,5.8,1.1,False,True,6.9
SHP-003652,4676,2026-04-10,USPS,USPS Priority Mail,US_domestic,750,9.95,1.6,False,True,11.549999999999999
SHP-003653,4677,2026-04-10,USPS,USPS Ground Advantage,US_domestic,370,5.82,1.35,False,True,7.17
SHP-003654,4678,2026-04-10,USPS,USPS Priority Mail,US_domestic,900,9.58,1.85,False,True,11.43
SHP-003655,4693,2026-04-10,USPS,USPS Ground Advantage,US_domestic,300,5.96,1.1,False,True,7.0600000000000005
SHP-003656,4698,2026-04-10,USPS,USPS Ground Advantage,US_domestic,270,5.86,1.1,False,True,6.960000000000001
SHP-003657,4700,2026-04-10,USPS,USPS Ground Advantage,US_domestic,380,5.92,1.1,False,True,7.02
SHP-003658,4705,2026-04-10,USPS,USPS Ground Advantage,US_domestic,270,5.93,1.1,False,True,7.029999999999999
SHP-003659,4706,2026-04-10,USPS,USPS Ground Advantage,US_domestic,300,5.93,1.1,False,True,7.029999999999999
SHP-003660,4707,2026-04-10,USPS,USPS Priority Mail,US_domestic,1620,13.32,2.35,False,True,15.67
SHP-003661,4710,2026-04-10,USPS,USPS Priority Mail,US_domestic,690,7.38,1.6,False,True,8.98
SHP-003662,4715,2026-04-10,USPS,USPS Priority Mail,US_domestic,510,7.67,1.35,False,True,9.02
SHP-003663,4670,2026-04-11,USPS,USPS Priority Mail,US_domestic,670,7.65,1.1,False,True,8.75
SHP-003664,4672,2026-04-11,USPS,USPS Ground Advantage,US_domestic,300,5.81,1.1,False,True,6.91
SHP-003665,4673,2026-04-11,USPS,USPS Priority Mail,US_domestic,1190,10.2,1.85,False,True,12.049999999999999
SHP-003666,4682,2026-04-11,USPS,USPS Ground Advantage,US_domestic,270,5.77,1.1,False,True,6.869999999999999
SHP-003667,4690,2026-04-11,USPS,USPS Priority Mail,US_domestic,720,10.39,2.1,False,True,12.49
SHP-003668,4691,2026-04-11,USPS,USPS Priority Mail International,GB,630,21.24,1.35,False,True,22.59
SHP-003669,4694,2026-04-11,USPS,USPS Priority Mail,US_domestic,560,7.76,1.35,False,True,9.11
SHP-003670,4696,2026-04-11,USPS,USPS Priority Mail,US_domestic,790,9.8,2.1,False,True,11.9
SHP-003671,4709,2026-04-11,USPS,USPS Ground Advantage,US_domestic,270,5.79,1.1,False,True,6.890000000000001
SHP-003672,4711,2026-04-11,USPS,USPS Ground Advantage,US_domestic,310,5.98,1.1,False,True,7.08
SHP-003673,4713,2026-04-11,USPS,USPS Ground Advantage,US_domestic,320,5.96,1.1,False,True,7.0600000000000005
SHP-003674,4716,2026-04-11,USPS,USPS Ground Advantage,US_domestic,270,6.02,1.1,False,True,7.119999999999999
SHP-003675,4719,2026-04-11,USPS,USPS Ground Advantage,US_domestic,380,5.77,1.1,False,True,6.869999999999999
SHP-003676,4683,2026-04-12,USPS,USPS Ground Advantage,US_domestic,380,5.87,1.1,False,True,6.970000000000001
SHP-003677,4684,2026-04-12,USPS,USPS Ground Advantage,US_domestic,220,6.01,1.1,False,True,7.109999999999999
SHP-003678,4685,2026-04-12,USPS,USPS Priority Mail,US_domestic,530,7.52,1.35,False,True,8.87
SHP-003679,4686,2026-04-12,USPS,USPS Ground Advantage,US_domestic,390,5.66,1.1,False,True,6.76
SHP-003680,4687,2026-04-12,USPS,USPS Ground Advantage,US_domestic,410,7.62,1.1,False,True,8.72
SHP-003681,4689,2026-04-12,USPS,USPS Priority Mail,US_domestic,1090,9.93,2.6,False,True,12.53
SHP-003682,4703,2026-04-12,USPS,USPS Priority Mail,US_domestic,1420,12.84,2.1,False,True,14.94
SHP-003683,4712,2026-04-12,USPS,USPS Ground Advantage,US_domestic,300,5.88,1.1,False,True,6.98
SHP-003684,4717,2026-04-12,USPS,USPS Priority Mail,US_domestic,750,9.94,1.6,False,True,11.54
SHP-003685,4720,2026-04-12,USPS,USPS Ground Advantage,US_domestic,270,6.0,1.1,False,True,7.1
SHP-003686,4721,2026-04-12,USPS,USPS Priority Mail International,GB,265,18.09,1.1,False,True,19.19
SHP-003687,4723,2026-04-12,USPS,USPS Priority Mail,US_domestic,900,9.92,1.85,False,True,11.77
SHP-003688,4724,2026-04-12,USPS,USPS Priority Mail,US_domestic,740,9.85,1.85,False,True,11.7
SHP-003689,4726,2026-04-12,USPS,USPS Ground Advantage,US_domestic,420,7.86,1.35,False,True,9.21
SHP-003690,4728,2026-04-12,USPS,USPS Ground Advantage,US_domestic,320,5.84,1.1,False,True,6.9399999999999995
SHP-003691,4729,2026-04-12,USPS,USPS Ground Advantage,US_domestic,420,7.54,1.35,False,True,8.89
SHP-003692,4737,2026-04-12,USPS,USPS Ground Advantage,US_domestic,440,7.34,1.35,False,True,8.69
SHP-003693,4739,2026-04-12,USPS,USPS Priority Mail International,CA,490,15.69,1.35,False,True,17.04
SHP-003694,4741,2026-04-12,USPS,USPS Ground Advantage,US_domestic,410,7.83,1.6,False,True,9.43
SHP-003695,4701,2026-04-13,USPS,USPS Ground Advantage,US_domestic,410,7.71,1.1,False,True,8.81
SHP-003696,4702,2026-04-13,USPS,USPS Priority Mail,US_domestic,505,7.55,1.35,False,True,8.9
SHP-003697,4704,2026-04-13,USPS,USPS Ground Advantage,US_domestic,270,5.86,1.1,False,True,6.960000000000001
SHP-003698,4708,2026-04-13,USPS,USPS Priority Mail International,CA,270,13.01,1.1,False,True,14.11
SHP-003699,4714,2026-04-13,USPS,USPS Ground Advantage,US_domestic,270,5.82,1.1,False,True,6.92
SHP-003700,4722,2026-04-13,USPS,USPS Ground Advantage,US_domestic,390,5.8,1.35,False,True,7.15
SHP-003701,4727,2026-04-13,USPS,USPS Priority Mail,US_domestic,750,10.07,1.6,False,True,11.67
SHP-003702,4730,2026-04-13,USPS,USPS Priority Mail,US_domestic,530,7.37,1.35,False,True,8.72
SHP-003703,4731,2026-04-13,USPS,USPS Ground Advantage,US_domestic,320,5.88,1.1,False,True,6.98
SHP-003704,4732,2026-04-13,USPS,USPS Priority Mail,US_domestic,630,7.43,1.35,False,True,8.78
SHP-003705,4734,2026-04-13,USPS,USPS Ground Advantage,US_domestic,410,7.67,1.1,False,True,8.77
SHP-003706,4736,2026-04-13,USPS,USPS Priority Mail,US_domestic,750,9.92,1.6,False,True,11.52
SHP-003707,4738,2026-04-13,USPS,USPS Priority Mail,US_domestic,920,10.13,1.85,False,True,11.98
SHP-003708,4740,2026-04-13,USPS,USPS Priority Mail,US_domestic,740,9.79,2.35,False,True,12.139999999999999
SHP-003709,4743,2026-04-13,USPS,USPS Ground Advantage,US_domestic,270,5.82,1.1,False,True,6.92
SHP-003710,4747,2026-04-13,USPS,USPS Priority Mail International,GB,270,17.17,1.1,False,True,18.270000000000003
SHP-003711,4718,2026-04-14,USPS,USPS Priority Mail,US_domestic,690,7.62,1.6,False,True,9.22
SHP-003712,4725,2026-04-14,USPS,USPS Priority Mail,US_domestic,870,9.84,1.85,False,True,11.69
SHP-003713,4733,2026-04-14,USPS,USPS Ground Advantage,US_domestic,415,7.66,1.35,False,True,9.01
SHP-003714,4735,2026-04-14,USPS,USPS Ground Advantage,US_domestic,265,5.85,1.1,False,True,6.949999999999999
SHP-003715,4742,2026-04-14,USPS,USPS Ground Advantage,US_domestic,220,6.12,1.1,False,True,7.220000000000001
SHP-003716,4746,2026-04-14,USPS,USPS Priority Mail,US_domestic,790,10.04,2.35,False,True,12.389999999999999
SHP-003717,4750,2026-04-14,USPS,USPS Priority Mail,US_domestic,940,10.15,2.1,False,True,12.25
SHP-003718,4752,2026-04-14,USPS,USPS Ground Advantage,US_domestic,420,7.43,1.35,False,True,8.78
SHP-003719,4753,2026-04-14,USPS,USPS Ground Advantage,US_domestic,270,5.85,1.1,False,True,6.949999999999999
SHP-003720,4760,2026-04-14,USPS,USPS Ground Advantage,US_domestic,310,5.96,1.1,False,True,7.0600000000000005
SHP-003721,4763,2026-04-14,USPS,USPS Priority Mail,US_domestic,1230,13.19,2.35,False,True,15.54
SHP-003722,4765,2026-04-14,USPS,USPS Ground Advantage,US_domestic,450,7.72,1.35,False,True,9.07
SHP-003723,4766,2026-04-14,USPS,USPS Ground Advantage,US_domestic,300,5.72,1.1,False,True,6.82
SHP-003724,4769,2026-04-14,USPS,USPS Ground Advantage,US_domestic,380,5.93,1.1,False,True,7.029999999999999
SHP-003725,4744,2026-04-15,USPS,USPS Ground Advantage,US_domestic,270,5.69,1.1,False,True,6.790000000000001
SHP-003726,4748,2026-04-15,USPS,USPS Priority Mail,US_domestic,510,7.13,1.35,False,True,8.48
SHP-003727,4751,2026-04-15,USPS,USPS Priority Mail,US_domestic,570,7.48,1.6,False,True,9.08
SHP-003728,4761,2026-04-15,USPS,USPS Priority Mail,US_domestic,790,10.09,2.1,False,True,12.19
SHP-003729,4772,2026-04-15,USPS,USPS Ground Advantage,US_domestic,380,5.65,1.35,False,True,7.0
SHP-003730,4773,2026-04-15,USPS,USPS Priority Mail,US_domestic,790,9.76,1.85,False,True,11.61
SHP-003731,4745,2026-04-16,USPS,USPS Priority Mail International,CA,270,12.97,1.1,False,True,14.07
SHP-003732,4754,2026-04-16,USPS,USPS Ground Advantage,US_domestic,265,5.78,1.1,False,True,6.880000000000001
SHP-003733,4756,2026-04-16,USPS,USPS Priority Mail,US_domestic,1105,10.09,2.35,False,True,12.44
SHP-003734,4758,2026-04-16,USPS,USPS Ground Advantage,US_domestic,380,6.04,1.1,False,True,7.140000000000001
SHP-003735,4764,2026-04-16,USPS,USPS Priority Mail,US_domestic,505,7.65,1.35,False,True,9.0
SHP-003736,4768,2026-04-16,USPS,USPS Ground Advantage,US_domestic,265,5.89,1.1,False,True,6.99
SHP-003737,4770,2026-04-16,USPS,USPS Priority Mail,US_domestic,530,7.51,1.35,False,True,8.86
SHP-003738,4771,2026-04-16,USPS,USPS Priority Mail,US_domestic,500,7.45,1.35,False,True,8.8
SHP-003739,4775,2026-04-16,USPS,USPS Priority Mail,US_domestic,540,7.4,1.35,False,True,8.75
SHP-003740,4777,2026-04-16,USPS,USPS Priority Mail,US_domestic,990,9.84,2.1,False,True,11.94
SHP-003741,4782,2026-04-16,USPS,USPS Ground Advantage,US_domestic,380,6.15,1.1,False,True,7.25
SHP-003742,4789,2026-04-16,USPS,USPS Priority Mail,US_domestic,770,10.26,2.1,False,True,12.36
SHP-003743,4794,2026-04-16,USPS,USPS Ground Advantage,US_domestic,220,5.89,1.1,False,True,6.99
SHP-003744,4798,2026-04-16,USPS,USPS Ground Advantage,US_domestic,390,5.68,1.35,False,True,7.029999999999999
SHP-003745,4802,2026-04-16,USPS,USPS Priority Mail,US_domestic,680,7.53,1.85,False,True,9.38
SHP-003746,4755,2026-04-17,USPS,USPS Priority Mail,US_domestic,520,7.8,1.6,False,True,9.4
SHP-003747,4757,2026-04-17,USPS,USPS Ground Advantage,US_domestic,300,5.91,1.1,False,True,7.01
SHP-003748,4759,2026-04-17,USPS,USPS Priority Mail,US_domestic,670,7.52,1.6,False,True,9.12
SHP-003749,4762,2026-04-17,USPS,USPS Priority Mail International,CA,670,17.05,1.1,False,True,18.150000000000002
SHP-003750,4767,2026-04-17,USPS,USPS Priority Mail International,CA,390,13.98,1.35,False,True,15.33
SHP-003751,4778,2026-04-17,USPS,USPS Priority Mail,US_domestic,670,7.53,1.1,False,True,8.63
SHP-003752,4780,2026-04-17,USPS,USPS Priority Mail,US_domestic,900,9.67,1.85,False,True,11.52
SHP-003753,4783,2026-04-17,USPS,USPS Ground Advantage,US_domestic,265,6.02,1.1,False,True,7.119999999999999
SHP-003754,4786,2026-04-17,USPS,USPS Priority Mail International,CA,390,14.47,1.35,False,True,15.82
SHP-003755,4788,2026-04-17,USPS,USPS Ground Advantage,US_domestic,380,5.74,1.1,False,True,6.84
SHP-003756,4790,2026-04-17,USPS,USPS Priority Mail International,CA,340,13.58,1.35,False,True,14.93
SHP-003757,4792,2026-04-17,USPS,USPS Ground Advantage,US_domestic,310,5.84,1.1,False,True,6.9399999999999995
SHP-003758,4795,2026-04-17,USPS,USPS Priority Mail International,AU,550,23.28,1.6,False,True,24.880000000000003
SHP-003759,4796,2026-04-17,USPS,USPS Priority Mail,US_domestic,690,7.89,1.6,False,True,9.49
SHP-003760,4799,2026-04-17,USPS,USPS Ground Advantage,US_domestic,270,5.79,1.1,False,True,6.890000000000001
SHP-003761,4805,2026-04-17,USPS,USPS Priority Mail International,GB,1300,28.93,2.6,False,True,31.53
SHP-003762,4806,2026-04-17,USPS,USPS Priority Mail,US_domestic,460,7.93,1.6,False,True,9.53
SHP-003763,4812,2026-04-17,USPS,USPS Ground Advantage,US_domestic,270,5.77,1.1,False,True,6.869999999999999
SHP-003764,4819,2026-04-17,USPS,USPS Priority Mail,US_domestic,730,9.87,2.1,False,True,11.969999999999999
SHP-003765,4774,2026-04-18,USPS,USPS Priority Mail,US_domestic,560,7.92,1.35,False,True,9.27
SHP-003766,4776,2026-04-18,USPS,USPS Ground Advantage,US_domestic,385,5.83,1.35,False,True,7.18
SHP-003767,4779,2026-04-18,USPS,USPS Priority Mail,US_domestic,1460,13.32,2.35,False,True,15.67
SHP-003768,4781,2026-04-18,USPS,USPS Priority Mail International,GB,320,18.57,1.1,False,True,19.67
SHP-003769,4785,2026-04-18,USPS,USPS Priority Mail,US_domestic,1010,10.01,1.85,False,True,11.86
SHP-003770,4787,2026-04-18,USPS,USPS Ground Advantage,US_domestic,450,7.91,1.35,False,True,9.26
SHP-003771,4793,2026-04-18,USPS,USPS Priority Mail,US_domestic,470,7.63,1.35,False,True,8.98
SHP-003772,4800,2026-04-18,USPS,USPS Priority Mail,US_domestic,530,7.76,1.35,False,True,9.11
SHP-003773,4801,2026-04-18,USPS,USPS Priority Mail,US_domestic,560,7.38,1.35,False,True,8.73
SHP-003774,4803,2026-04-18,USPS,USPS Ground Advantage,US_domestic,270,5.87,1.1,False,True,6.970000000000001
SHP-003775,4810,2026-04-18,USPS,USPS Priority Mail,US_domestic,1100,10.03,2.35,False,True,12.379999999999999
SHP-003776,4813,2026-04-18,USPS,USPS Ground Advantage,US_domestic,390,5.93,1.35,False,True,7.279999999999999
SHP-003777,4814,2026-04-18,USPS,USPS Ground Advantage,US_domestic,380,5.82,1.1,False,True,6.92
SHP-003778,4821,2026-04-18,USPS,USPS Ground Advantage,US_domestic,390,5.83,1.35,False,True,7.18
SHP-003779,4826,2026-04-18,USPS,USPS Priority Mail International,CA,1185,20.26,2.35,False,True,22.610000000000003
SHP-003780,4831,2026-04-18,USPS,USPS Ground Advantage,US_domestic,270,5.57,1.1,True,True,6.67
SHP-003781,4834,2026-04-18,USPS,USPS Priority Mail,US_domestic,670,8.01,1.6,False,True,9.61
SHP-003782,4784,2026-04-19,USPS,USPS Priority Mail,US_domestic,1140,10.02,2.35,False,True,12.37
SHP-003783,4791,2026-04-19,USPS,USPS Ground Advantage,US_domestic,390,5.84,1.35,False,True,7.1899999999999995
SHP-003784,4797,2026-04-19,USPS,USPS Priority Mail International,AU,965,28.66,2.6,False,True,31.26
SHP-003785,4809,2026-04-19,USPS,USPS Priority Mail International,AU,910,28.07,1.85,False,True,29.92
SHP-003786,4811,2026-04-19,USPS,USPS Priority Mail,US_domestic,865,9.67,1.85,False,True,11.52
SHP-003787,4815,2026-04-19,USPS,USPS Priority Mail,US_domestic,740,10.03,2.1,False,True,12.129999999999999
SHP-003788,4818,2026-04-19,USPS,USPS Priority Mail,US_domestic,880,9.79,2.35,False,True,12.139999999999999
SHP-003789,4820,2026-04-19,USPS,USPS Priority Mail,US_domestic,750,9.91,1.6,False,True,11.51
SHP-003790,4825,2026-04-19,USPS,USPS Ground Advantage,US_domestic,310,5.85,1.1,False,True,6.949999999999999
SHP-003791,4829,2026-04-19,USPS,USPS Priority Mail International,GB,380,18.75,1.1,False,True,19.85
SHP-003792,4835,2026-04-19,USPS,USPS Priority Mail International,AU,900,27.5,1.85,False,True,29.35
SHP-003793,4837,2026-04-19,USPS,USPS Ground Advantage,US_domestic,380,5.83,1.1,False,True,6.93
SHP-003794,4838,2026-04-19,USPS,USPS Priority Mail,US_domestic,750,10.02,1.6,False,True,11.62
SHP-003795,4841,2026-04-19,USPS,USPS Priority Mail,US_domestic,870,9.65,1.85,False,True,11.5
SHP-003796,4804,2026-04-20,USPS,USPS Priority Mail,US_domestic,990,9.98,2.1,False,True,12.08
SHP-003797,4807,2026-04-20,USPS,USPS Ground Advantage,US_domestic,270,5.86,1.1,False,True,6.960000000000001
SHP-003798,4808,2026-04-20,USPS,USPS Ground Advantage,US_domestic,390,5.64,1.1,False,True,6.74
SHP-003799,4816,2026-04-20,USPS,USPS Priority Mail International,CA,300,13.2,1.1,False,True,14.299999999999999
SHP-003800,4817,2026-04-20,USPS,USPS Priority Mail,US_domestic,540,8.02,1.6,False,True,9.62
SHP-003801,4827,2026-04-20,USPS,USPS Priority Mail International,CA,265,13.02,1.1,False,True,14.12
SHP-003802,4832,2026-04-20,USPS,USPS Ground Advantage,US_domestic,300,5.97,1.1,False,True,7.07
SHP-003803,4833,2026-04-20,USPS,USPS Priority Mail,US_domestic,750,9.84,1.6,False,True,11.44
SHP-003804,4842,2026-04-20,USPS,USPS Priority Mail International,AU,390,21.16,1.1,False,True,22.26
SHP-003805,4843,2026-04-20,USPS,USPS Ground Advantage,US_domestic,270,5.85,1.1,False,True,6.949999999999999
SHP-003806,4849,2026-04-20,USPS,USPS Ground Advantage,US_domestic,410,7.41,1.1,False,True,8.51
SHP-003807,4850,2026-04-20,USPS,USPS Priority Mail,US_domestic,1560,13.03,2.6,False,True,15.629999999999999
SHP-003808,4855,2026-04-20,USPS,USPS Priority Mail International,AU,390,21.16,1.35,False,True,22.51
SHP-003809,4858,2026-04-20,USPS,USPS Ground Advantage,US_domestic,390,5.69,1.35,False,True,7.040000000000001
SHP-003810,4859,2026-04-20,USPS,USPS Priority Mail,US_domestic,820,9.94,1.85,False,True,11.79
SHP-003811,4862,2026-04-20,USPS,USPS Priority Mail International,GB,510,19.91,1.35,False,True,21.26
SHP-003812,4866,2026-04-20,USPS,USPS Priority Mail,US_domestic,870,9.69,1.85,False,True,11.54
SHP-003813,4868,2026-04-20,USPS,USPS Priority Mail,US_domestic,540,7.68,1.35,False,True,9.03
SHP-003814,4822,2026-04-21,USPS,USPS Ground Advantage,US_domestic,380,5.85,1.35,False,True,7.199999999999999
SHP-003815,4823,2026-04-21,USPS,USPS Ground Advantage,US_domestic,340,5.82,1.35,False,True,7.17
SHP-003816,4824,2026-04-21,USPS,USPS Ground Advantage,US_domestic,300,5.92,1.1,False,True,7.02
SHP-003817,4828,2026-04-21,USPS,USPS Priority Mail,US_domestic,660,7.39,1.85,False,True,9.24
SHP-003818,4830,2026-04-21,USPS,USPS Ground Advantage,US_domestic,450,7.43,1.35,False,True,8.78
SHP-003819,4839,2026-04-21,USPS,USPS Ground Advantage,US_domestic,270,5.8,1.1,False,True,6.9
SHP-003820,4840,2026-04-21,USPS,USPS Priority Mail International,GB,390,18.37,1.1,False,True,19.470000000000002
SHP-003821,4844,2026-04-21,USPS,USPS Priority Mail International,GB,270,17.15,1.1,False,True,18.25
SHP-003822,4847,2026-04-21,USPS,USPS Ground Advantage,US_domestic,300,6.05,1.1,False,True,7.15
SHP-003823,4848,2026-04-21,USPS,USPS Ground Advantage,US_domestic,270,5.67,1.1,False,True,6.77
SHP-003824,4852,2026-04-21,USPS,USPS Ground Advantage,US_domestic,220,5.7,1.1,False,True,6.800000000000001
SHP-003825,4853,2026-04-21,USPS,USPS Priority Mail International,AU,310,20.51,1.1,False,True,21.610000000000003
SHP-003826,4854,2026-04-21,USPS,USPS Priority Mail International,GB,750,23.14,1.6,False,True,24.740000000000002
SHP-003827,4856,2026-04-21,USPS,USPS Priority Mail International,CA,270,13.4,1.1,False,True,14.5
SHP-003828,4857,2026-04-21,USPS,USPS Ground Advantage,US_domestic,390,6.05,1.35,False,True,7.4
SHP-003829,4860,2026-04-21,USPS,USPS Priority Mail International,GB,670,22.73,1.1,False,True,23.830000000000002
SHP-003830,4861,2026-04-21,USPS,USPS Priority Mail International,CA,270,12.97,1.1,False,True,14.07
SHP-003831,4863,2026-04-21,USPS,USPS Ground Advantage,US_domestic,270,5.9,1.1,False,True,7.0
SHP-003832,4867,2026-04-21,USPS,USPS Ground Advantage,US_domestic,320,5.82,1.1,False,True,6.92
SHP-003833,4869,2026-04-21,USPS,USPS Ground Advantage,US_domestic,320,5.63,1.1,False,True,6.73
SHP-003834,4871,2026-04-21,USPS,USPS Priority Mail International,AU,820,27.38,1.85,False,True,29.23
SHP-003835,4872,2026-04-21,USPS,USPS Priority Mail,US_domestic,510,7.79,1.6,False,True,9.39
SHP-003836,4873,2026-04-21,USPS,USPS Priority Mail,US_domestic,500,7.54,1.35,False,True,8.89
SHP-003837,4876,2026-04-21,USPS,USPS Priority Mail,US_domestic,570,7.49,1.6,False,True,9.09
SHP-003838,4878,2026-04-21,USPS,USPS Ground Advantage,US_domestic,380,5.71,1.1,False,True,6.8100000000000005
SHP-003839,4879,2026-04-21,USPS,USPS Ground Advantage,US_domestic,420,7.32,1.35,False,True,8.67
SHP-003840,4881,2026-04-21,USPS,USPS Priority Mail,US_domestic,530,7.29,1.35,False,True,8.64
SHP-003841,4884,2026-04-21,USPS,USPS Priority Mail,US_domestic,490,7.74,1.35,False,True,9.09
SHP-003842,4886,2026-04-21,USPS,USPS Ground Advantage,US_domestic,300,5.77,1.1,True,True,6.869999999999999
SHP-003843,4836,2026-04-22,USPS,USPS Ground Advantage,US_domestic,300,5.76,1.1,False,True,6.859999999999999
SHP-003844,4845,2026-04-22,USPS,USPS Ground Advantage,US_domestic,265,5.92,1.1,False,True,7.02
SHP-003845,4846,2026-04-22,USPS,USPS Priority Mail International,GB,385,19.2,1.35,False,True,20.55
SHP-003846,4851,2026-04-22,USPS,USPS Priority Mail International,GB,270,17.63,1.1,False,True,18.73
SHP-003847,4865,2026-04-22,USPS,USPS Priority Mail,US_domestic,990,9.9,2.1,False,True,12.0
SHP-003848,4870,2026-04-22,USPS,USPS Ground Advantage,US_domestic,270,5.8,1.1,False,True,6.9
SHP-003849,4874,2026-04-22,USPS,USPS Ground Advantage,US_domestic,410,7.69,1.1,False,True,8.790000000000001
SHP-003850,4877,2026-04-22,USPS,USPS Ground Advantage,US_domestic,385,5.93,1.35,False,True,7.279999999999999
SHP-003851,4880,2026-04-22,USPS,USPS Priority Mail,US_domestic,1190,9.86,1.85,False,True,11.709999999999999
SHP-003852,4885,2026-04-22,USPS,USPS Priority Mail International,CA,270,13.08,1.1,False,True,14.18
SHP-003853,4889,2026-04-22,USPS,USPS Priority Mail,US_domestic,595,7.4,1.6,False,True,9.0
SHP-003854,4896,2026-04-22,USPS,USPS Priority Mail International,CA,750,18.18,1.6,False,True,19.78
SHP-003855,4900,2026-04-22,USPS,USPS Ground Advantage,US_domestic,270,5.78,1.1,False,True,6.880000000000001
SHP-003856,4901,2026-04-22,USPS,USPS Ground Advantage,US_domestic,410,7.33,1.1,False,True,8.43
SHP-003857,4902,2026-04-22,USPS,USPS Priority Mail,US_domestic,670,7.6,1.1,False,True,8.7
SHP-003858,4906,2026-04-22,USPS,USPS Ground Advantage,US_domestic,310,5.76,1.1,False,True,6.859999999999999
SHP-003859,4910,2026-04-22,USPS,USPS Ground Advantage,US_domestic,390,5.52,1.35,False,True,6.869999999999999
SHP-003860,4912,2026-04-22,USPS,USPS Ground Advantage,US_domestic,320,5.96,1.1,False,True,7.0600000000000005
SHP-003861,4864,2026-04-23,USPS,USPS Ground Advantage,US_domestic,220,6.01,1.1,False,True,7.109999999999999
SHP-003862,4875,2026-04-23,USPS,USPS Ground Advantage,US_domestic,420,7.3,1.35,False,True,8.65
SHP-003863,4882,2026-04-23,USPS,USPS Priority Mail,US_domestic,665,7.91,1.85,False,True,9.76
SHP-003864,4883,2026-04-23,USPS,USPS Ground Advantage,US_domestic,300,5.79,1.1,False,True,6.890000000000001
SHP-003865,4887,2026-04-23,USPS,USPS Priority Mail,US_domestic,670,7.72,1.1,False,True,8.82
SHP-003866,4888,2026-04-23,USPS,USPS Ground Advantage,US_domestic,390,5.92,1.35,False,True,7.27
SHP-003867,4891,2026-04-23,USPS,USPS Priority Mail,US_domestic,1050,10.13,2.1,False,True,12.23
SHP-003868,4892,2026-04-23,USPS,USPS Priority Mail,US_domestic,750,10.08,1.6,False,True,11.68
SHP-003869,4893,2026-04-23,USPS,USPS Priority Mail International,CA,495,15.48,1.35,False,True,16.830000000000002
SHP-003870,4904,2026-04-23,USPS,USPS Ground Advantage,US_domestic,270,5.89,1.1,False,True,6.99
SHP-003871,4909,2026-04-23,USPS,USPS Ground Advantage,US_domestic,270,5.85,1.1,False,True,6.949999999999999
SHP-003872,4917,2026-04-23,USPS,USPS Ground Advantage,US_domestic,410,7.74,1.1,False,True,8.84
SHP-003873,4929,2026-04-23,USPS,USPS Ground Advantage,US_domestic,420,7.56,1.35,False,True,8.91
SHP-003874,4930,2026-04-23,USPS,USPS Priority Mail,US_domestic,1140,10.08,2.1,False,True,12.18
SHP-003875,4890,2026-04-24,USPS,USPS Priority Mail,US_domestic,1380,13.23,2.35,False,True,15.58
SHP-003876,4894,2026-04-24,USPS,USPS Ground Advantage,US_domestic,320,5.87,1.1,False,True,6.970000000000001
SHP-003877,4895,2026-04-24,USPS,USPS Priority Mail International,CA,615,16.53,1.6,False,True,18.130000000000003
SHP-003878,4903,2026-04-24,USPS,USPS Ground Advantage,US_domestic,270,5.73,1.1,False,True,6.83
SHP-003879,4911,2026-04-24,USPS,USPS Ground Advantage,US_domestic,300,5.84,1.1,False,True,6.9399999999999995
SHP-003880,4915,2026-04-24,USPS,USPS Priority Mail International,CA,390,13.77,1.1,False,True,14.87
SHP-003881,4919,2026-04-24,USPS,USPS Ground Advantage,US_domestic,320,5.72,1.1,False,True,6.82
SHP-003882,4920,2026-04-24,USPS,USPS Ground Advantage,US_domestic,450,7.58,1.35,False,True,8.93
SHP-003883,4921,2026-04-24,USPS,USPS Ground Advantage,US_domestic,335,5.81,1.35,False,True,7.16
SHP-003884,4928,2026-04-24,USPS,USPS Priority Mail,US_domestic,845,10.37,2.35,False,True,12.719999999999999
SHP-003885,4932,2026-04-24,USPS,USPS Priority Mail,US_domestic,800,9.98,2.1,False,True,12.08
SHP-003886,4936,2026-04-24,USPS,USPS Priority Mail,US_domestic,670,7.83,1.1,False,True,8.93
SHP-003887,4937,2026-04-24,USPS,USPS Ground Advantage,US_domestic,300,5.87,1.1,False,True,6.970000000000001
SHP-003888,4938,2026-04-24,USPS,USPS Priority Mail International,GB,990,25.39,1.85,False,True,27.240000000000002
SHP-003889,4939,2026-04-24,USPS,USPS Priority Mail,US_domestic,705,10.08,2.35,False,True,12.43
SHP-003890,4897,2026-04-25,USPS,USPS Ground Advantage,US_domestic,265,5.9,1.1,False,True,7.0
SHP-003891,4898,2026-04-25,USPS,USPS Ground Advantage,US_domestic,310,6.04,1.1,False,True,7.140000000000001
SHP-003892,4899,2026-04-25,USPS,USPS Priority Mail,US_domestic,730,9.63,2.35,False,True,11.98
SHP-003893,4905,2026-04-25,USPS,USPS Priority Mail,US_domestic,560,7.71,1.35,False,True,9.06
SHP-003894,4908,2026-04-25,USPS,USPS Priority Mail,US_domestic,530,7.75,1.6,False,True,9.35
SHP-003895,4916,2026-04-25,USPS,USPS Priority Mail,US_domestic,920,10.09,1.85,False,True,11.94
SHP-003896,4922,2026-04-25,USPS,USPS Ground Advantage,US_domestic,410,7.44,1.1,False,True,8.540000000000001
SHP-003897,4924,2026-04-25,USPS,USPS Ground Advantage,US_domestic,270,5.79,1.1,False,True,6.890000000000001
SHP-003898,4925,2026-04-25,USPS,USPS Ground Advantage,US_domestic,380,5.92,1.1,False,True,7.02
SHP-003899,4926,2026-04-25,USPS,USPS Priority Mail International,GB,435,19.48,1.35,False,True,20.830000000000002
SHP-003900,4927,2026-04-25,USPS,USPS Ground Advantage,US_domestic,390,5.68,1.35,False,True,7.029999999999999
SHP-003901,4931,2026-04-25,USPS,USPS Priority Mail,US_domestic,615,7.61,1.6,False,True,9.21
SHP-003902,4935,2026-04-25,USPS,USPS Ground Advantage,US_domestic,320,5.75,1.1,False,True,6.85
SHP-003903,4943,2026-04-25,USPS,USPS Priority Mail,US_domestic,900,9.79,1.85,False,True,11.639999999999999
SHP-003904,4946,2026-04-25,USPS,USPS Ground Advantage,US_domestic,270,5.74,1.1,False,True,6.84
SHP-003905,4951,2026-04-25,USPS,USPS Priority Mail,US_domestic,510,7.78,1.6,False,True,9.38
SHP-003906,4954,2026-04-25,USPS,USPS Priority Mail,US_domestic,730,10.25,2.1,False,True,12.35
SHP-003907,4959,2026-04-25,USPS,USPS Priority Mail,US_domestic,1110,9.98,2.35,False,True,12.33
SHP-003908,4913,2026-04-26,USPS,USPS Ground Advantage,US_domestic,270,5.96,1.1,False,True,7.0600000000000005
SHP-003909,4914,2026-04-26,USPS,USPS Priority Mail,US_domestic,550,7.79,1.35,False,True,9.14
SHP-003910,4918,2026-04-26,USPS,USPS Priority Mail,US_domestic,530,8.03,1.6,False,True,9.629999999999999
SHP-003911,4923,2026-04-26,USPS,USPS Ground Advantage,US_domestic,270,5.94,1.1,False,True,7.040000000000001
SHP-003912,4934,2026-04-26,USPS,USPS Priority Mail,US_domestic,720,9.84,2.1,False,True,11.94
SHP-003913,4941,2026-04-26,USPS,USPS Priority Mail,US_domestic,910,10.27,2.1,False,True,12.37
SHP-003914,4942,2026-04-26,USPS,USPS Priority Mail International,AU,380,21.74,1.1,False,True,22.84
SHP-003915,4949,2026-04-26,USPS,USPS Ground Advantage,US_domestic,410,7.64,1.1,False,True,8.74
SHP-003916,4952,2026-04-26,USPS,USPS Ground Advantage,US_domestic,310,5.83,1.1,False,True,6.93
SHP-003917,4953,2026-04-26,USPS,USPS Ground Advantage,US_domestic,270,5.89,1.1,False,True,6.99
SHP-003918,4956,2026-04-26,USPS,USPS Priority Mail,US_domestic,670,7.46,1.35,False,True,8.81
SHP-003919,4958,2026-04-26,USPS,USPS Ground Advantage,US_domestic,270,5.83,1.1,False,True,6.93
SHP-003920,4963,2026-04-26,USPS,USPS Priority Mail,US_domestic,700,7.93,1.6,False,True,9.53
SHP-003921,4966,2026-04-26,USPS,USPS Priority Mail,US_domestic,495,7.93,1.35,False,True,9.28
SHP-003922,4977,2026-04-26,USPS,USPS Ground Advantage,US_domestic,270,5.87,1.1,False,True,6.970000000000001
SHP-003923,4933,2026-04-27,USPS,USPS Ground Advantage,US_domestic,265,6.07,1.1,False,True,7.17
SHP-003924,4940,2026-04-27,USPS,USPS Ground Advantage,US_domestic,265,5.79,1.1,False,True,6.890000000000001
SHP-003925,4944,2026-04-27,USPS,USPS Priority Mail International,GB,300,17.74,1.1,False,True,18.84
SHP-003926,4945,2026-04-27,USPS,USPS Priority Mail International,CA,670,16.89,1.1,False,True,17.990000000000002
SHP-003927,4947,2026-04-27,USPS,USPS Priority Mail International,GB,430,19.57,1.35,False,True,20.92
SHP-003928,4950,2026-04-27,USPS,USPS Ground Advantage,US_domestic,270,5.68,1.1,False,True,6.779999999999999
SHP-003929,4964,2026-04-27,USPS,USPS Priority Mail,US_domestic,560,7.71,1.35,False,True,9.06
SHP-003930,4973,2026-04-27,USPS,USPS Priority Mail International,CA,310,13.14,1.1,False,True,14.24
SHP-003931,4974,2026-04-27,USPS,USPS Ground Advantage,US_domestic,270,5.84,1.1,False,True,6.9399999999999995
SHP-003932,4981,2026-04-27,USPS,USPS Ground Advantage,US_domestic,270,5.63,1.1,False,True,6.73
SHP-003933,4988,2026-04-27,USPS,USPS Ground Advantage,US_domestic,290,5.87,1.35,False,True,7.220000000000001
SHP-003934,4948,2026-04-28,USPS,USPS Ground Advantage,US_domestic,405,7.54,1.6,False,True,9.14
SHP-003935,4955,2026-04-28,USPS,USPS Priority Mail,US_domestic,670,7.67,1.1,False,True,8.77
SHP-003936,4957,2026-04-28,USPS,USPS Priority Mail,US_domestic,495,7.87,1.35,False,True,9.22
SHP-003937,4960,2026-04-28,USPS,USPS Priority Mail,US_domestic,840,9.87,2.35,False,True,12.219999999999999
SHP-003938,4961,2026-04-28,USPS,USPS Priority Mail,US_domestic,500,7.55,1.35,False,True,8.9
SHP-003939,4965,2026-04-28,USPS,USPS Ground Advantage,US_domestic,265,5.87,1.1,False,True,6.970000000000001
SHP-003940,4968,2026-04-28,USPS,USPS Priority Mail,US_domestic,530,7.64,1.35,False,True,8.99
SHP-003941,4969,2026-04-28,USPS,USPS Ground Advantage,US_domestic,385,5.93,1.35,False,True,7.279999999999999
SHP-003942,4972,2026-04-28,USPS,USPS Priority Mail,US_domestic,820,10.07,1.85,False,True,11.92
SHP-003943,4975,2026-04-28,USPS,USPS Priority Mail,US_domestic,860,10.03,2.35,False,True,12.379999999999999
SHP-003944,4978,2026-04-28,USPS,USPS Ground Advantage,US_domestic,265,5.79,1.1,False,True,6.890000000000001
SHP-003945,4984,2026-04-28,USPS,USPS Ground Advantage,US_domestic,380,5.82,1.1,False,True,6.92
SHP-003946,4985,2026-04-28,USPS,USPS Ground Advantage,US_domestic,380,5.73,1.1,False,True,6.83
SHP-003947,4987,2026-04-28,USPS,USPS Priority Mail International,CA,390,14.36,1.35,False,True,15.709999999999999
SHP-003948,4989,2026-04-28,USPS,USPS Priority Mail,US_domestic,1485,12.99,2.85,False,True,15.84
SHP-003949,4993,2026-04-28,USPS,USPS Ground Advantage,US_domestic,450,7.65,1.35,False,True,9.0
SHP-003950,5000,2026-04-28,USPS,USPS Priority Mail,US_domestic,555,7.65,1.6,False,True,9.25
SHP-003951,4962,2026-04-29,USPS,USPS Ground Advantage,US_domestic,340,5.86,1.35,False,True,7.210000000000001
SHP-003952,4967,2026-04-29,USPS,USPS Priority Mail International,AU,990,28.66,2.1,False,True,30.76
SHP-003953,4970,2026-04-29,USPS,USPS Priority Mail,US_domestic,750,10.18,2.35,False,True,12.53
SHP-003954,4971,2026-04-29,USPS,USPS Priority Mail,US_domestic,530,7.59,1.35,False,True,8.94
SHP-003955,4976,2026-04-29,USPS,USPS Priority Mail,US_domestic,820,10.3,1.85,False,True,12.15
SHP-003956,4982,2026-04-29,USPS,USPS Priority Mail,US_domestic,870,9.83,1.85,False,True,11.68
SHP-003957,4983,2026-04-29,USPS,USPS Ground Advantage,US_domestic,270,5.62,1.1,False,True,6.720000000000001
SHP-003958,4990,2026-04-29,USPS,USPS Ground Advantage,US_domestic,270,5.95,1.1,False,True,7.050000000000001
SHP-003959,4994,2026-04-29,USPS,USPS Priority Mail,US_domestic,785,10.04,2.35,False,True,12.389999999999999
SHP-003960,4999,2026-04-29,USPS,USPS Priority Mail,US_domestic,650,7.33,1.6,False,True,8.93
SHP-003961,5008,2026-04-29,USPS,USPS Ground Advantage,US_domestic,270,5.66,1.1,False,True,6.76
SHP-003962,5015,2026-04-29,USPS,USPS Priority Mail,US_domestic,510,7.82,1.35,False,True,9.17
SHP-003963,4979,2026-04-30,USPS,USPS Ground Advantage,US_domestic,390,5.98,1.1,False,True,7.08
SHP-003964,4980,2026-04-30,USPS,USPS Priority Mail,US_domestic,880,10.39,2.1,False,True,12.49
SHP-003965,4991,2026-04-30,USPS,USPS Ground Advantage,US_domestic,300,5.75,1.1,False,True,6.85
SHP-003966,4992,2026-04-30,USPS,USPS Ground Advantage,US_domestic,270,5.84,1.1,False,True,6.9399999999999995
SHP-003967,4998,2026-04-30,USPS,USPS Ground Advantage,US_domestic,410,7.73,1.1,False,True,8.83
SHP-003968,5004,2026-04-30,USPS,USPS Priority Mail,US_domestic,630,7.58,1.85,False,True,9.43
SHP-003969,5009,2026-04-30,USPS,USPS Priority Mail,US_domestic,670,7.64,1.1,False,True,8.74
SHP-003970,5011,2026-04-30,USPS,USPS Ground Advantage,US_domestic,265,5.77,1.1,False,True,6.869999999999999
SHP-003971,5012,2026-04-30,USPS,USPS Priority Mail International,AU,470,22.36,1.35,False,True,23.71
SHP-003972,5013,2026-04-30,USPS,USPS Priority Mail,US_domestic,1000,9.73,2.6,False,True,12.33
SHP-003973,5016,2026-04-30,USPS,USPS Ground Advantage,US_domestic,270,5.73,1.1,False,True,6.83
SHP-003974,5019,2026-04-30,USPS,USPS Ground Advantage,US_domestic,320,5.86,1.1,False,True,6.960000000000001
SHP-003975,5021,2026-04-30,USPS,USPS Priority Mail,US_domestic,505,7.62,1.6,False,True,9.22
SHP-003976,5024,2026-04-30,USPS,USPS Priority Mail,US_domestic,530,7.79,1.35,False,True,9.14
SHP-003977,5025,2026-04-30,USPS,USPS Ground Advantage,US_domestic,390,5.86,1.1,False,True,6.960000000000001
SHP-003978,5028,2026-04-30,USPS,USPS Priority Mail International,CA,470,14.73,1.35,False,True,16.080000000000002
SHP-003979,5030,2026-04-30,USPS,USPS Priority Mail,US_domestic,750,9.99,1.6,False,True,11.59
SHP-003980,4995,2026-05-01,USPS,USPS Priority Mail,US_domestic,470,7.48,1.35,False,True,8.83
SHP-003981,4996,2026-05-01,USPS,USPS Ground Advantage,US_domestic,270,5.99,1.1,False,True,7.09
SHP-003982,4997,2026-05-01,USPS,USPS Priority Mail,US_domestic,750,9.95,1.6,False,True,11.549999999999999
SHP-003983,5001,2026-05-01,USPS,USPS Priority Mail,US_domestic,870,10.13,1.85,False,True,11.98
SHP-003984,5002,2026-05-01,USPS,USPS Ground Advantage,US_domestic,415,7.47,1.35,False,True,8.82
SHP-003985,5003,2026-05-01,USPS,USPS Priority Mail,US_domestic,750,10.17,1.6,False,True,11.77
SHP-003986,5005,2026-05-01,USPS,USPS Priority Mail International,AU,850,26.92,2.35,False,True,29.270000000000003
SHP-003987,5014,2026-05-01,USPS,USPS Ground Advantage,US_domestic,430,7.81,1.35,False,True,9.16
SHP-003988,5017,2026-05-01,USPS,USPS Ground Advantage,US_domestic,270,5.8,1.1,False,True,6.9
SHP-003989,5018,2026-05-01,USPS,USPS Priority Mail,US_domestic,540,7.9,1.6,False,True,9.5
SHP-003990,5022,2026-05-01,USPS,USPS Ground Advantage,US_domestic,300,5.81,1.1,False,True,6.91
SHP-003991,5023,2026-05-01,USPS,USPS Ground Advantage,US_domestic,310,5.76,1.1,False,True,6.859999999999999
SHP-003992,5031,2026-05-01,USPS,USPS Priority Mail,US_domestic,540,7.58,1.35,False,True,8.93
SHP-003993,5033,2026-05-01,USPS,USPS Priority Mail,US_domestic,900,9.49,2.6,False,True,12.09
SHP-003994,5036,2026-05-01,USPS,USPS Priority Mail International,AU,270,20.2,1.1,False,True,21.3
SHP-003995,5039,2026-05-01,USPS,USPS Priority Mail,US_domestic,540,7.71,1.35,False,True,9.06
SHP-003996,5006,2026-05-02,USPS,USPS Ground Advantage,US_domestic,265,5.94,1.1,False,True,7.040000000000001
SHP-003997,5007,2026-05-02,USPS,USPS Ground Advantage,US_domestic,265,5.63,1.1,False,True,6.73
SHP-003998,5010,2026-05-02,USPS,USPS Ground Advantage,US_domestic,380,5.71,1.1,False,True,6.8100000000000005
SHP-003999,5027,2026-05-02,USPS,USPS Priority Mail,US_domestic,590,7.69,1.6,False,True,9.290000000000001
SHP-004000,5032,2026-05-02,USPS,USPS Priority Mail,US_domestic,1370,13.21,2.35,False,True,15.56
SHP-004001,5037,2026-05-02,USPS,USPS Priority Mail,US_domestic,670,7.73,1.1,False,True,8.83
SHP-004002,5038,2026-05-02,USPS,USPS Priority Mail International,AU,500,22.98,1.35,False,True,24.330000000000002
SHP-004003,5041,2026-05-02,USPS,USPS Priority Mail,US_domestic,785,10.03,1.85,False,True,11.879999999999999
SHP-004004,5042,2026-05-02,USPS,USPS Priority Mail,US_domestic,530,7.94,1.35,False,True,9.290000000000001
SHP-004005,5043,2026-05-02,USPS,USPS Ground Advantage,US_domestic,300,5.9,1.1,False,True,7.0
SHP-004006,5046,2026-05-02,USPS,USPS Priority Mail,US_domestic,620,7.68,1.35,False,True,9.03
SHP-004007,5047,2026-05-02,USPS,USPS Priority Mail International,GB,270,17.07,1.1,False,True,18.17
SHP-004008,5049,2026-05-02,USPS,USPS Ground Advantage,US_domestic,380,5.92,1.1,False,True,7.02
SHP-004009,5056,2026-05-02,USPS,USPS Ground Advantage,US_domestic,390,5.66,1.1,False,True,6.76
SHP-004010,5058,2026-05-02,USPS,USPS Ground Advantage,US_domestic,270,5.96,1.1,False,True,7.0600000000000005
SHP-004011,5059,2026-05-02,USPS,USPS Priority Mail,US_domestic,830,9.63,2.35,False,True,11.98
SHP-004012,5060,2026-05-02,USPS,USPS Ground Advantage,US_domestic,270,5.91,1.1,False,True,7.01
SHP-004013,5065,2026-05-02,USPS,USPS Ground Advantage,US_domestic,270,5.74,1.1,False,True,6.84
SHP-004014,4584,2026-05-03,USPS,USPS Ground Advantage,US_domestic,270,5.81,1.1,False,True,6.91
SHP-004015,5020,2026-05-03,USPS,USPS Priority Mail,US_domestic,890,10.07,2.1,False,True,12.17
SHP-004016,5026,2026-05-03,USPS,USPS Priority Mail International,AU,510,23.29,1.35,False,True,24.64
SHP-004017,5035,2026-05-03,USPS,USPS Ground Advantage,US_domestic,310,5.89,1.1,False,True,6.99
SHP-004018,5040,2026-05-03,USPS,USPS Priority Mail,US_domestic,540,7.8,1.35,False,True,9.15
SHP-004019,5053,2026-05-03,USPS,USPS Priority Mail,US_domestic,1060,10.11,2.1,False,True,12.209999999999999
SHP-004020,5062,2026-05-03,USPS,USPS Priority Mail,US_domestic,940,10.11,2.1,False,True,12.209999999999999
SHP-004021,5063,2026-05-03,USPS,USPS Priority Mail,US_domestic,510,7.95,1.35,False,True,9.3
SHP-004022,5064,2026-05-03,USPS,USPS Priority Mail,US_domestic,650,7.55,1.35,False,True,8.9
SHP-004023,5072,2026-05-03,USPS,USPS Ground Advantage,US_domestic,270,5.8,1.1,False,True,6.9
SHP-004024,5075,2026-05-03,USPS,USPS Ground Advantage,US_domestic,450,7.97,1.35,False,True,9.32
SHP-004025,5077,2026-05-03,USPS,USPS Priority Mail,US_domestic,480,7.42,1.35,False,True,8.77
SHP-004026,5079,2026-05-03,USPS,USPS Priority Mail International,CA,440,14.57,1.35,False,True,15.92
SHP-004027,5034,2026-05-04,USPS,USPS Ground Advantage,US_domestic,270,5.95,1.1,False,True,7.050000000000001
SHP-004028,5044,2026-05-04,USPS,USPS Priority Mail,US_domestic,1200,9.86,2.6,False,True,12.459999999999999
SHP-004029,5045,2026-05-04,USPS,USPS Ground Advantage,US_domestic,410,7.79,1.1,False,True,8.89
SHP-004030,5048,2026-05-04,USPS,USPS Ground Advantage,US_domestic,320,5.95,1.1,False,True,7.050000000000001
SHP-004031,5050,2026-05-04,USPS,USPS Priority Mail,US_domestic,890,9.7,2.6,False,True,12.299999999999999
SHP-004032,5051,2026-05-04,USPS,USPS Ground Advantage,US_domestic,380,5.78,1.1,False,True,6.880000000000001
SHP-004033,5052,2026-05-04,USPS,USPS Ground Advantage,US_domestic,390,5.82,1.1,False,True,6.92
SHP-004034,5054,2026-05-04,USPS,USPS Ground Advantage,US_domestic,270,5.9,1.1,False,True,7.0
SHP-004035,5055,2026-05-04,USPS,USPS Ground Advantage,US_domestic,320,5.77,1.1,False,True,6.869999999999999
SHP-004036,5057,2026-05-04,USPS,USPS Ground Advantage,US_domestic,270,6.03,1.1,False,True,7.130000000000001
SHP-004037,5066,2026-05-04,USPS,USPS Ground Advantage,US_domestic,410,7.52,1.1,False,True,8.62
SHP-004038,5069,2026-05-04,USPS,USPS Ground Advantage,US_domestic,300,5.84,1.1,False,True,6.9399999999999995
SHP-004039,5073,2026-05-04,USPS,USPS Ground Advantage,US_domestic,450,7.57,1.35,False,True,8.92
SHP-004040,5082,2026-05-04,USPS,USPS Priority Mail International,GB,850,24.41,2.35,False,True,26.76
SHP-004041,5084,2026-05-04,USPS,USPS Priority Mail International,GB,270,17.93,1.1,False,True,19.03
SHP-004042,5085,2026-05-04,USPS,USPS Priority Mail,US_domestic,670,7.46,1.1,False,True,8.56
SHP-004043,5087,2026-05-04,USPS,USPS Priority Mail International,CA,455,14.56,1.6,False,True,16.16
SHP-004044,5089,2026-05-04,USPS,USPS Priority Mail,US_domestic,540,7.81,1.35,False,True,9.16
SHP-004045,5094,2026-05-04,USPS,USPS Ground Advantage,US_domestic,300,5.83,1.1,False,True,6.93
SHP-004046,5095,2026-05-04,USPS,USPS Ground Advantage,US_domestic,390,5.97,1.1,False,True,7.07
SHP-004047,5096,2026-05-04,USPS,USPS Ground Advantage,US_domestic,270,5.76,1.1,False,True,6.859999999999999
SHP-004048,5097,2026-05-04,USPS,USPS Priority Mail,US_domestic,1190,10.29,1.85,False,True,12.139999999999999
SHP-004049,5061,2026-05-05,USPS,USPS Ground Advantage,US_domestic,270,5.89,1.1,False,True,6.99
SHP-004050,5067,2026-05-05,USPS,USPS Priority Mail International,GB,380,19.05,1.1,False,True,20.150000000000002
SHP-004051,5070,2026-05-05,USPS,USPS Priority Mail International,GB,270,17.57,1.1,False,True,18.67
SHP-004052,5074,2026-05-05,USPS,USPS Priority Mail International,GB,270,17.2,1.1,False,True,18.3
SHP-004053,5076,2026-05-05,USPS,USPS Priority Mail,US_domestic,920,9.85,1.85,False,True,11.7
SHP-004054,5088,2026-05-05,USPS,USPS Priority Mail,US_domestic,670,7.78,1.1,False,True,8.88
SHP-004055,5091,2026-05-05,USPS,USPS Priority Mail,US_domestic,565,7.36,1.6,False,True,8.96
SHP-004056,5105,2026-05-05,USPS,USPS Priority Mail,US_domestic,580,7.77,1.6,False,True,9.37
SHP-004057,5106,2026-05-05,USPS,USPS Ground Advantage,US_domestic,310,5.66,1.1,False,True,6.76
SHP-004058,5115,2026-05-05,USPS,USPS Priority Mail,US_domestic,670,7.81,1.6,False,True,9.41
SHP-004059,5117,2026-05-05,USPS,USPS Priority Mail,US_domestic,620,7.47,1.6,False,True,9.07
SHP-004060,5119,2026-05-05,USPS,USPS Priority Mail International,CA,265,13.16,1.1,False,True,14.26
SHP-004061,5122,2026-05-05,USPS,USPS Priority Mail,US_domestic,575,7.55,1.6,False,True,9.15
SHP-004062,5123,2026-05-05,USPS,USPS Priority Mail,US_domestic,1135,9.72,2.35,False,True,12.07
SHP-004063,5068,2026-05-06,USPS,USPS Priority Mail International,GB,380,18.65,1.1,False,True,19.75
SHP-004064,5071,2026-05-06,USPS,USPS Priority Mail,US_domestic,670,7.86,1.1,False,True,8.96
SHP-004065,5078,2026-05-06,USPS,USPS Priority Mail,US_domestic,780,9.58,2.35,False,True,11.93
SHP-004066,5081,2026-05-06,USPS,USPS Priority Mail,US_domestic,530,7.49,1.35,False,True,8.84
SHP-004067,5090,2026-05-06,USPS,USPS Priority Mail,US_domestic,990,9.98,2.1,False,True,12.08
SHP-004068,5092,2026-05-06,USPS,USPS Priority Mail,US_domestic,625,7.6,1.6,False,True,9.2
SHP-004069,5093,2026-05-06,USPS,USPS Ground Advantage,US_domestic,270,5.67,1.1,False,True,6.77
SHP-004070,5107,2026-05-06,USPS,USPS Priority Mail,US_domestic,750,10.05,1.6,False,True,11.65
SHP-004071,5108,2026-05-06,USPS,USPS Ground Advantage,US_domestic,270,5.99,1.1,False,True,7.09
SHP-004072,5111,2026-05-06,USPS,USPS Priority Mail,US_domestic,510,7.48,1.35,False,True,8.83
SHP-004073,5114,2026-05-06,USPS,USPS Ground Advantage,US_domestic,450,7.64,1.35,False,True,8.99
SHP-004074,5127,2026-05-06,USPS,USPS Priority Mail International,AU,505,22.79,1.35,False,True,24.14
SHP-004075,5130,2026-05-06,USPS,USPS Priority Mail,US_domestic,1140,9.94,2.1,False,True,12.04
SHP-004076,5132,2026-05-06,USPS,USPS Ground Advantage,US_domestic,270,5.93,1.1,False,True,7.029999999999999
SHP-004077,5134,2026-05-06,USPS,USPS Priority Mail,US_domestic,900,10.29,1.85,False,True,12.139999999999999
SHP-004078,5137,2026-05-06,USPS,USPS Priority Mail,US_domestic,750,9.89,1.6,False,True,11.49
SHP-004079,5140,2026-05-06,USPS,USPS Ground Advantage,US_domestic,320,5.84,1.1,False,True,6.9399999999999995
SHP-004080,5142,2026-05-06,USPS,USPS Ground Advantage,US_domestic,420,7.59,1.35,False,True,8.94
SHP-004081,5080,2026-05-07,USPS,USPS Priority Mail International,CA,270,12.75,1.1,False,True,13.85
SHP-004082,5083,2026-05-07,USPS,USPS Priority Mail International,CA,900,18.62,1.85,False,True,20.470000000000002
SHP-004083,5086,2026-05-07,USPS,USPS Ground Advantage,US_domestic,390,5.65,1.1,False,True,6.75
SHP-004084,5098,2026-05-07,USPS,USPS Priority Mail International,CA,900,19.4,1.85,False,True,21.25
SHP-004085,5099,2026-05-07,USPS,USPS Ground Advantage,US_domestic,270,5.76,1.1,False,True,6.859999999999999
SHP-004086,5100,2026-05-07,USPS,USPS Ground Advantage,US_domestic,300,5.88,1.1,False,True,6.98
SHP-004087,5101,2026-05-07,USPS,USPS Priority Mail,US_domestic,870,9.92,1.85,False,True,11.77
SHP-004088,5102,2026-05-07,USPS,USPS Ground Advantage,US_domestic,270,5.94,1.1,False,True,7.040000000000001
SHP-004089,5104,2026-05-07,USPS,USPS Priority Mail,US_domestic,990,10.03,2.1,False,True,12.129999999999999
SHP-004090,5109,2026-05-07,USPS,USPS Priority Mail International,CA,270,12.55,1.1,False,True,13.65
SHP-004091,5113,2026-05-07,USPS,USPS Priority Mail,US_domestic,985,9.92,2.1,False,True,12.02
SHP-004092,5116,2026-05-07,USPS,USPS Priority Mail,US_domestic,670,7.43,1.1,False,True,8.53
SHP-004093,5118,2026-05-07,USPS,USPS Ground Advantage,US_domestic,270,5.93,1.1,False,True,7.029999999999999
SHP-004094,5121,2026-05-07,USPS,USPS Ground Advantage,US_domestic,415,7.68,1.35,False,True,9.03
SHP-004095,5124,2026-05-07,USPS,USPS Priority Mail,US_domestic,880,10.19,2.1,False,True,12.29
SHP-004096,5133,2026-05-07,USPS,USPS Ground Advantage,US_domestic,270,5.66,1.1,False,True,6.76
SHP-004097,5135,2026-05-07,USPS,USPS Ground Advantage,US_domestic,390,5.89,1.1,False,True,6.99
SHP-004098,5145,2026-05-07,USPS,USPS Ground Advantage,US_domestic,270,5.82,1.1,False,True,6.92
SHP-004099,5154,2026-05-07,USPS,USPS Ground Advantage,US_domestic,270,6.03,1.1,False,True,7.130000000000001
SHP-004100,5157,2026-05-07,USPS,USPS Ground Advantage,US_domestic,220,5.8,1.1,False,True,6.9
SHP-004101,5163,2026-05-07,USPS,USPS Ground Advantage,US_domestic,220,5.91,1.1,False,True,7.01
SHP-004102,5164,2026-05-07,USPS,USPS Priority Mail,US_domestic,750,10.03,1.6,False,True,11.629999999999999
SHP-004103,5103,2026-05-08,USPS,USPS Ground Advantage,US_domestic,270,6.08,1.1,False,True,7.18
SHP-004104,5110,2026-05-08,USPS,USPS Priority Mail International,GB,880,24.54,2.6,False,True,27.14
SHP-004105,5112,2026-05-08,USPS,USPS Ground Advantage,US_domestic,270,5.79,1.1,False,True,6.890000000000001
SHP-004106,5120,2026-05-08,USPS,USPS Ground Advantage,US_domestic,370,5.96,1.35,False,True,7.3100000000000005
SHP-004107,5125,2026-05-08,USPS,USPS Ground Advantage,US_domestic,310,5.66,1.1,False,True,6.76
SHP-004108,5126,2026-05-08,USPS,USPS Ground Advantage,US_domestic,270,5.69,1.1,False,True,6.790000000000001
SHP-004109,5129,2026-05-08,USPS,USPS Priority Mail,US_domestic,480,7.67,1.35,False,True,9.02
SHP-004110,5136,2026-05-08,USPS,USPS Priority Mail,US_domestic,470,7.59,1.35,False,True,8.94
SHP-004111,5138,2026-05-08,USPS,USPS Ground Advantage,US_domestic,380,5.75,1.1,False,True,6.85
SHP-004112,5139,2026-05-08,USPS,USPS Priority Mail International,GB,540,20.82,1.35,False,True,22.17
SHP-004113,5141,2026-05-08,USPS,USPS Priority Mail,US_domestic,795,10.35,2.35,False,True,12.7
SHP-004114,5143,2026-05-08,USPS,USPS Priority Mail,US_domestic,720,8.53,2.1,True,True,10.629999999999999
SHP-004115,5147,2026-05-08,USPS,USPS Ground Advantage,US_domestic,300,5.94,1.1,False,True,7.040000000000001
SHP-004116,5148,2026-05-08,USPS,USPS Priority Mail,US_domestic,965,9.5,2.6,False,True,12.1
SHP-004117,5150,2026-05-08,USPS,USPS Ground Advantage,US_domestic,410,7.64,1.1,False,True,8.74
SHP-004118,5153,2026-05-08,USPS,USPS Priority Mail,US_domestic,675,7.63,1.85,False,True,9.48
SHP-004119,5155,2026-05-08,USPS,USPS Priority Mail International,CA,265,13.17,1.1,False,True,14.27
SHP-004120,5165,2026-05-08,USPS,USPS Priority Mail,US_domestic,900,10.34,1.85,False,True,12.19
SHP-004121,5170,2026-05-08,USPS,USPS Priority Mail,US_domestic,680,7.45,1.6,False,True,9.05
SHP-004122,5172,2026-05-08,USPS,USPS Ground Advantage,US_domestic,390,5.72,1.1,False,True,6.82
SHP-004123,5174,2026-05-08,USPS,USPS Priority Mail,US_domestic,930,9.78,2.35,False,True,12.129999999999999
SHP-004124,5177,2026-05-08,USPS,USPS Priority Mail,US_domestic,940,10.0,2.35,False,True,12.35
SHP-004125,5178,2026-05-08,USPS,USPS Priority Mail,US_domestic,750,9.82,1.6,False,True,11.42
SHP-004126,5182,2026-05-08,USPS,USPS Ground Advantage,US_domestic,300,5.86,1.1,False,True,6.960000000000001
SHP-004127,5185,2026-05-08,USPS,USPS Ground Advantage,US_domestic,320,5.87,1.1,False,True,6.970000000000001
SHP-004128,5042,2026-05-09,USPS,USPS Ground Advantage,US_domestic,300,5.94,1.1,False,True,7.040000000000001
SHP-004129,5128,2026-05-09,USPS,USPS Priority Mail International,AU,390,21.94,1.35,False,True,23.290000000000003
SHP-004130,5131,2026-05-09,USPS,USPS Ground Advantage,US_domestic,270,5.92,1.1,False,True,7.02
SHP-004131,5144,2026-05-09,USPS,USPS Ground Advantage,US_domestic,380,5.8,1.35,False,True,7.15
SHP-004132,5146,2026-05-09,USPS,USPS Priority Mail International,AU,270,19.35,1.1,False,True,20.450000000000003
SHP-004133,5149,2026-05-09,USPS,USPS Priority Mail,US_domestic,525,7.55,1.35,False,True,8.9
SHP-004134,5151,2026-05-09,USPS,USPS Priority Mail International,GB,310,17.37,1.1,False,True,18.470000000000002
SHP-004135,5156,2026-05-09,USPS,USPS Priority Mail,US_domestic,820,9.89,1.85,False,True,11.74
SHP-004136,5168,2026-05-09,USPS,USPS Priority Mail International,CA,965,19.78,2.6,False,True,22.380000000000003
SHP-004137,5173,2026-05-09,USPS,USPS Priority Mail,US_domestic,550,7.6,1.35,False,True,8.95
SHP-004138,5176,2026-05-09,USPS,USPS Priority Mail,US_domestic,630,7.55,1.35,False,True,8.9
SHP-004139,5181,2026-05-09,USPS,USPS Priority Mail International,CA,750,17.66,2.35,False,True,20.01
SHP-004140,5183,2026-05-09,USPS,USPS Ground Advantage,US_domestic,380,5.73,1.1,False,True,6.83
SHP-004141,5187,2026-05-09,USPS,USPS Priority Mail,US_domestic,1135,10.15,2.35,False,True,12.5
SHP-004142,5192,2026-05-09,USPS,USPS Ground Advantage,US_domestic,270,5.91,1.1,False,True,7.01
SHP-004143,5193,2026-05-09,USPS,USPS Ground Advantage,US_domestic,270,6.15,1.1,False,True,7.25
SHP-004144,5195,2026-05-09,USPS,USPS Ground Advantage,US_domestic,370,5.86,1.35,False,True,7.210000000000001
SHP-004145,5196,2026-05-09,USPS,USPS Priority Mail,US_domestic,910,9.93,1.85,False,True,11.78
SHP-004146,5198,2026-05-09,USPS,USPS Ground Advantage,US_domestic,270,5.79,1.1,False,True,6.890000000000001
SHP-004147,5200,2026-05-09,USPS,USPS Ground Advantage,US_domestic,265,5.8,1.1,False,True,6.9
SHP-004148,5152,2026-05-10,USPS,USPS Priority Mail International,AU,440,21.54,1.35,False,True,22.89
SHP-004149,5158,2026-05-10,USPS,USPS Ground Advantage,US_domestic,420,7.55,1.35,False,True,8.9
SHP-004150,5159,2026-05-10,USPS,USPS Ground Advantage,US_domestic,410,7.76,1.6,False,True,9.36
SHP-004151,5160,2026-05-10,USPS,USPS Priority Mail,US_domestic,1220,12.76,2.35,False,True,15.11
SHP-004152,5161,2026-05-10,USPS,USPS Priority Mail International,GB,310,17.09,1.1,False,True,18.19
SHP-004153,5162,2026-05-10,USPS,USPS Priority Mail,US_domestic,470,7.85,1.35,False,True,9.2
SHP-004154,5167,2026-05-10,USPS,USPS Priority Mail International,AU,380,21.56,1.1,False,True,22.66
SHP-004155,5169,2026-05-10,USPS,USPS Priority Mail,US_domestic,875,9.87,2.35,False,True,12.219999999999999
SHP-004156,5171,2026-05-10,USPS,USPS Priority Mail International,CA,270,13.11,1.1,False,True,14.209999999999999
SHP-004157,5175,2026-05-10,USPS,USPS Ground Advantage,US_domestic,300,5.85,1.1,False,True,6.949999999999999
SHP-004158,5179,2026-05-10,USPS,USPS Priority Mail,US_domestic,750,9.82,1.6,False,True,11.42
SHP-004159,5184,2026-05-10,USPS,USPS Priority Mail International,GB,645,22.11,1.6,False,True,23.71
SHP-004160,5191,2026-05-10,USPS,USPS Priority Mail,US_domestic,750,9.91,1.6,False,True,11.51
SHP-004161,5197,2026-05-10,USPS,USPS Priority Mail,US_domestic,500,7.58,1.35,False,True,8.93
SHP-004162,5199,2026-05-10,USPS,USPS Ground Advantage,US_domestic,390,5.86,1.1,False,True,6.960000000000001
SHP-004163,5201,2026-05-10,USPS,USPS Priority Mail,US_domestic,1010,9.61,1.85,False,True,11.459999999999999
SHP-004164,5206,2026-05-10,USPS,USPS Priority Mail,US_domestic,670,7.63,1.1,False,True,8.73
SHP-004165,5211,2026-05-10,USPS,USPS Ground Advantage,US_domestic,270,6.08,1.1,False,True,7.18
SHP-004166,5212,2026-05-10,USPS,USPS Ground Advantage,US_domestic,390,5.82,1.35,False,True,7.17
SHP-004167,5218,2026-05-10,USPS,USPS Ground Advantage,US_domestic,320,5.83,1.1,False,True,6.93
SHP-004168,5221,2026-05-10,USPS,USPS Priority Mail,US_domestic,855,9.84,2.6,False,True,12.44
SHP-004169,5166,2026-05-11,USPS,USPS Priority Mail International,GB,310,17.52,1.1,True,True,18.62
SHP-004170,5180,2026-05-11,USPS,USPS Priority Mail,US_domestic,980,9.89,1.85,False,True,11.74
SHP-004171,5186,2026-05-11,USPS,USPS Priority Mail International,AU,500,22.48,1.35,False,True,23.830000000000002
SHP-004172,5203,2026-05-11,USPS,USPS Priority Mail,US_domestic,610,7.52,1.35,False,True,8.87
SHP-004173,5204,2026-05-11,USPS,USPS Ground Advantage,US_domestic,380,5.68,1.1,False,True,6.779999999999999
SHP-004174,5205,2026-05-11,USPS,USPS Priority Mail,US_domestic,920,9.95,1.85,False,True,11.799999999999999
SHP-004175,5208,2026-05-11,USPS,USPS Ground Advantage,US_domestic,380,5.87,1.1,False,True,6.970000000000001
SHP-004176,5213,2026-05-11,USPS,USPS Ground Advantage,US_domestic,310,5.66,1.1,False,True,6.76
SHP-004177,5217,2026-05-11,USPS,USPS Priority Mail International,GB,500,19.82,1.6,False,True,21.42
SHP-004178,5222,2026-05-11,USPS,USPS Priority Mail,US_domestic,870,10.02,1.85,False,True,11.87
SHP-004179,5223,2026-05-11,USPS,USPS Ground Advantage,US_domestic,340,5.69,1.35,False,True,7.040000000000001
SHP-004180,5226,2026-05-11,USPS,USPS Priority Mail,US_domestic,660,7.49,1.85,False,True,9.34
SHP-004181,5231,2026-05-11,USPS,USPS Priority Mail,US_domestic,820,10.28,2.35,False,True,12.629999999999999
SHP-004182,5188,2026-05-12,USPS,USPS Priority Mail International,AU,380,21.28,1.35,False,True,22.630000000000003
SHP-004183,5189,2026-05-12,USPS,USPS Ground Advantage,US_domestic,300,5.79,1.1,False,True,6.890000000000001
SHP-004184,5190,2026-05-12,USPS,USPS Priority Mail,US_domestic,670,7.63,1.1,False,True,8.73
SHP-004185,5194,2026-05-12,USPS,USPS Ground Advantage,US_domestic,300,6.04,1.1,False,True,7.140000000000001
SHP-004186,5202,2026-05-12,USPS,USPS Ground Advantage,US_domestic,450,7.29,1.35,False,True,8.64
SHP-004187,5209,2026-05-12,USPS,USPS Ground Advantage,US_domestic,300,5.68,1.1,False,True,6.779999999999999
SHP-004188,5225,2026-05-12,USPS,USPS Priority Mail International,GB,510,19.79,1.6,False,True,21.39
SHP-004189,5227,2026-05-12,USPS,USPS Ground Advantage,US_domestic,270,5.83,1.1,False,True,6.93
SHP-004190,5228,2026-05-12,USPS,USPS Ground Advantage,US_domestic,300,5.65,1.1,False,True,6.75
SHP-004191,5233,2026-05-12,USPS,USPS Priority Mail,US_domestic,670,7.37,1.1,False,True,8.47
SHP-004192,5237,2026-05-12,USPS,USPS Ground Advantage,US_domestic,270,6.0,1.1,False,True,7.1
SHP-004193,5238,2026-05-12,USPS,USPS Priority Mail,US_domestic,560,8.01,1.6,False,True,9.61
SHP-004194,5239,2026-05-12,USPS,USPS Ground Advantage,US_domestic,430,7.36,1.35,False,True,8.71
SHP-004195,5247,2026-05-12,USPS,USPS Priority Mail,US_domestic,790,10.15,1.85,False,True,12.0
SHP-004196,5251,2026-05-12,USPS,USPS Priority Mail International,CA,740,17.65,2.1,False,True,19.75
SHP-004197,5207,2026-05-13,USPS,USPS Priority Mail,US_domestic,1140,10.11,2.1,False,True,12.209999999999999
SHP-004198,5210,2026-05-13,USPS,USPS Priority Mail International,AU,750,25.74,1.6,False,True,27.34
SHP-004199,5215,2026-05-13,USPS,USPS Priority Mail,US_domestic,670,7.67,1.1,False,True,8.77
SHP-004200,5216,2026-05-13,USPS,USPS Ground Advantage,US_domestic,270,5.79,1.1,False,True,6.890000000000001
SHP-004201,5219,2026-05-13,USPS,USPS Ground Advantage,US_domestic,270,5.84,1.1,False,True,6.9399999999999995
SHP-004202,5220,2026-05-13,USPS,USPS Priority Mail,US_domestic,700,7.78,1.6,False,True,9.38
SHP-004203,5224,2026-05-13,USPS,USPS Priority Mail International,GB,380,18.69,1.1,False,True,19.790000000000003
SHP-004204,5230,2026-05-13,USPS,USPS Priority Mail,US_domestic,470,7.65,1.35,False,True,9.0
SHP-004205,5232,2026-05-13,USPS,USPS Priority Mail,US_domestic,670,7.76,1.35,False,True,9.11
SHP-004206,5234,2026-05-13,USPS,USPS Priority Mail,US_domestic,610,7.36,1.6,False,True,8.96
SHP-004207,5240,2026-05-13,USPS,USPS Ground Advantage,US_domestic,220,6.06,1.1,False,True,7.16
SHP-004208,5243,2026-05-13,USPS,USPS Priority Mail,US_domestic,830,9.82,1.85,False,True,11.67
SHP-004209,5246,2026-05-13,USPS,USPS Priority Mail International,CA,670,16.55,1.1,False,True,17.650000000000002
SHP-004210,5256,2026-05-13,USPS,USPS Ground Advantage,US_domestic,310,5.97,1.1,False,True,7.07
SHP-004211,5258,2026-05-13,USPS,USPS Ground Advantage,US_domestic,380,5.97,1.1,False,True,7.07
SHP-004212,5261,2026-05-13,USPS,USPS Ground Advantage,US_domestic,270,5.94,1.1,False,True,7.040000000000001
SHP-004213,5262,2026-05-13,USPS,USPS Priority Mail,US_domestic,1010,10.17,1.85,False,True,12.02
SHP-004214,5265,2026-05-13,USPS,USPS Ground Advantage,US_domestic,385,5.78,1.35,False,True,7.130000000000001
SHP-004215,5267,2026-05-13,USPS,USPS Priority Mail,US_domestic,545,7.82,1.6,False,True,9.42
SHP-004216,5268,2026-05-13,USPS,USPS Ground Advantage,US_domestic,220,5.86,1.1,False,True,6.960000000000001
SHP-004217,5270,2026-05-13,USPS,USPS Ground Advantage,US_domestic,220,5.7,1.1,False,True,6.800000000000001
SHP-004218,5229,2026-05-14,USPS,USPS Ground Advantage,US_domestic,265,6.01,1.1,False,True,7.109999999999999
SHP-004219,5236,2026-05-14,USPS,USPS Ground Advantage,US_domestic,270,5.93,1.1,False,True,7.029999999999999
SHP-004220,5242,2026-05-14,USPS,USPS Priority Mail,US_domestic,740,9.84,1.85,False,True,11.69
SHP-004221,5248,2026-05-14,USPS,USPS Ground Advantage,US_domestic,390,5.91,1.35,False,True,7.26
SHP-004222,5250,2026-05-14,USPS,USPS Priority Mail International,CA,300,13.44,1.1,False,True,14.54
SHP-004223,5253,2026-05-14,USPS,USPS Priority Mail International,AU,300,20.24,1.1,False,True,21.34
SHP-004224,5254,2026-05-14,USPS,USPS Priority Mail,US_domestic,710,10.13,2.1,False,True,12.23
SHP-004225,5264,2026-05-14,USPS,USPS Priority Mail International,CA,270,12.72,1.1,False,True,13.82
SHP-004226,5273,2026-05-14,USPS,USPS Priority Mail,US_domestic,780,9.66,2.35,False,True,12.01
SHP-004227,5279,2026-05-14,USPS,USPS Ground Advantage,US_domestic,300,5.93,1.1,False,True,7.029999999999999
SHP-004228,5280,2026-05-14,USPS,USPS Priority Mail,US_domestic,500,7.71,1.35,False,True,9.06
SHP-004229,5283,2026-05-14,USPS,USPS Priority Mail,US_domestic,660,7.6,1.6,False,True,9.2
SHP-004230,5286,2026-05-14,USPS,USPS Ground Advantage,US_domestic,380,5.85,1.1,False,True,6.949999999999999
SHP-004231,5235,2026-05-15,USPS,USPS Ground Advantage,US_domestic,390,5.98,1.1,False,True,7.08
SHP-004232,5241,2026-05-15,USPS,USPS Priority Mail,US_domestic,470,7.58,1.35,False,True,8.93
SHP-004233,5244,2026-05-15,USPS,USPS Ground Advantage,US_domestic,270,5.95,1.1,False,True,7.050000000000001
SHP-004234,5245,2026-05-15,USPS,USPS Priority Mail,US_domestic,900,10.16,1.85,False,True,12.01
SHP-004235,5252,2026-05-15,USPS,USPS Ground Advantage,US_domestic,385,5.9,1.35,False,True,7.25
SHP-004236,5255,2026-05-15,USPS,USPS Priority Mail International,GB,870,23.94,1.85,False,True,25.790000000000003
SHP-004237,5257,2026-05-15,USPS,USPS Priority Mail,US_domestic,840,9.67,2.35,False,True,12.02
SHP-004238,5260,2026-05-15,USPS,USPS Priority Mail,US_domestic,1100,9.87,2.1,False,True,11.969999999999999
SHP-004239,5269,2026-05-15,USPS,USPS Priority Mail,US_domestic,510,7.72,1.35,False,True,9.07
SHP-004240,5274,2026-05-15,USPS,USPS Ground Advantage,US_domestic,390,5.95,1.1,False,True,7.050000000000001
SHP-004241,5275,2026-05-15,USPS,USPS Priority Mail,US_domestic,990,10.23,2.1,False,True,12.33
SHP-004242,5288,2026-05-15,USPS,USPS Priority Mail,US_domestic,725,10.25,2.1,False,True,12.35
SHP-004243,5289,2026-05-15,USPS,USPS Ground Advantage,US_domestic,435,7.62,1.35,False,True,8.97
SHP-004244,5292,2026-05-15,USPS,USPS Priority Mail,US_domestic,510,7.57,1.35,False,True,8.92
SHP-004245,5294,2026-05-15,USPS,USPS Ground Advantage,US_domestic,270,5.89,1.1,False,True,6.99
SHP-004246,5296,2026-05-15,USPS,USPS Ground Advantage,US_domestic,270,5.89,1.1,False,True,6.99
SHP-004247,5301,2026-05-15,USPS,USPS Priority Mail,US_domestic,530,7.71,1.35,False,True,9.06
SHP-004248,5302,2026-05-15,USPS,USPS Priority Mail,US_domestic,990,10.34,2.85,False,True,13.19
SHP-004249,5259,2026-05-16,USPS,USPS Priority Mail,US_domestic,730,9.89,2.35,False,True,12.24
SHP-004250,5263,2026-05-16,USPS,USPS Priority Mail,US_domestic,760,9.79,2.6,False,True,12.389999999999999
SHP-004251,5266,2026-05-16,USPS,USPS Priority Mail,US_domestic,740,9.94,2.1,False,True,12.04
SHP-004252,5272,2026-05-16,USPS,USPS Priority Mail,US_domestic,500,7.49,1.35,False,True,8.84
SHP-004253,5276,2026-05-16,USPS,USPS Priority Mail,US_domestic,510,7.72,1.35,False,True,9.07
SHP-004254,5277,2026-05-16,USPS,USPS Priority Mail,US_domestic,625,7.88,1.6,False,True,9.48
SHP-004255,5278,2026-05-16,USPS,USPS Ground Advantage,US_domestic,270,5.73,1.1,False,True,6.83
SHP-004256,5282,2026-05-16,USPS,USPS Priority Mail International,GB,750,23.36,1.6,False,True,24.96
SHP-004257,5284,2026-05-16,USPS,USPS Ground Advantage,US_domestic,270,5.87,1.1,False,True,6.970000000000001
SHP-004258,5285,2026-05-16,USPS,USPS Ground Advantage,US_domestic,270,5.79,1.1,False,True,6.890000000000001
SHP-004259,5290,2026-05-16,USPS,USPS Priority Mail International,AU,300,19.48,1.1,False,True,20.580000000000002
SHP-004260,5295,2026-05-16,USPS,USPS Ground Advantage,US_domestic,390,5.88,1.35,False,True,7.23
SHP-004261,5297,2026-05-16,USPS,USPS Ground Advantage,US_domestic,300,5.81,1.1,False,True,6.91
SHP-004262,5298,2026-05-16,USPS,USPS Priority Mail,US_domestic,470,7.44,1.35,False,True,8.790000000000001
SHP-004263,5299,2026-05-16,USPS,USPS Priority Mail,US_domestic,870,9.67,1.85,False,True,11.52
SHP-004264,5300,2026-05-16,USPS,USPS Ground Advantage,US_domestic,380,5.65,1.1,False,True,6.75
SHP-004265,5308,2026-05-16,USPS,USPS Priority Mail,US_domestic,820,10.2,2.35,False,True,12.549999999999999
SHP-004266,5314,2026-05-16,USPS,USPS Ground Advantage,US_domestic,320,5.94,1.1,False,True,7.040000000000001
SHP-004267,5319,2026-05-16,USPS,USPS Ground Advantage,US_domestic,440,7.53,1.35,False,True,8.88
SHP-004268,5281,2026-05-17,USPS,USPS Priority Mail,US_domestic,550,7.52,1.35,False,True,8.87
SHP-004269,5291,2026-05-17,USPS,USPS Ground Advantage,US_domestic,310,5.9,1.1,False,True,7.0
SHP-004270,5293,2026-05-17,USPS,USPS Priority Mail,US_domestic,910,9.89,2.35,False,True,12.24
SHP-004271,5306,2026-05-17,USPS,USPS Priority Mail,US_domestic,610,7.62,1.6,False,True,9.22
SHP-004272,5307,2026-05-17,USPS,USPS Priority Mail,US_domestic,1260,13.21,2.35,False,True,15.56
SHP-004273,5311,2026-05-17,USPS,USPS Ground Advantage,US_domestic,300,5.56,1.1,False,True,6.66
SHP-004274,5328,2026-05-17,USPS,USPS Ground Advantage,US_domestic,390,5.9,1.35,False,True,7.25
SHP-004275,5331,2026-05-17,USPS,USPS Ground Advantage,US_domestic,310,5.79,1.1,False,True,6.890000000000001
SHP-004276,5335,2026-05-17,USPS,USPS Ground Advantage,US_domestic,320,5.75,1.1,False,True,6.85
SHP-004277,5303,2026-05-18,USPS,USPS Priority Mail,US_domestic,910,10.11,2.35,False,True,12.459999999999999
SHP-004278,5305,2026-05-18,USPS,USPS Priority Mail,US_domestic,680,7.67,1.6,False,True,9.27
SHP-004279,5313,2026-05-18,USPS,USPS Ground Advantage,US_domestic,265,5.8,1.1,False,True,6.9
SHP-004280,5315,2026-05-18,USPS,USPS Priority Mail,US_domestic,670,7.56,1.1,False,True,8.66
SHP-004281,5316,2026-05-18,USPS,USPS Ground Advantage,US_domestic,270,5.74,1.1,False,True,6.84
SHP-004282,5317,2026-05-18,USPS,USPS Priority Mail,US_domestic,625,7.64,1.6,False,True,9.24
SHP-004283,5318,2026-05-18,USPS,USPS Priority Mail,US_domestic,910,10.3,1.85,False,True,12.15
SHP-004284,5324,2026-05-18,USPS,USPS Ground Advantage,US_domestic,320,5.82,1.1,False,True,6.92
SHP-004285,5327,2026-05-18,USPS,USPS Ground Advantage,US_domestic,380,5.97,1.1,False,True,7.07
SHP-004286,5332,2026-05-18,USPS,USPS Priority Mail International,AU,750,26.69,1.6,False,True,28.290000000000003
SHP-004287,5333,2026-05-18,USPS,USPS Priority Mail International,GB,320,17.66,1.1,False,True,18.76
SHP-004288,5337,2026-05-18,USPS,USPS Ground Advantage,US_domestic,300,5.75,1.1,False,True,6.85
SHP-004289,5348,2026-05-18,USPS,USPS Ground Advantage,US_domestic,270,5.79,1.1,False,True,6.890000000000001
SHP-004290,5304,2026-05-19,USPS,USPS Priority Mail International,CA,300,13.44,1.1,False,True,14.54
SHP-004291,5309,2026-05-19,USPS,USPS Priority Mail,US_domestic,990,10.04,2.1,False,True,12.139999999999999
SHP-004292,5310,2026-05-19,USPS,USPS Priority Mail International,CA,270,13.02,1.1,False,True,14.12
SHP-004293,5312,2026-05-19,USPS,USPS Priority Mail,US_domestic,615,7.37,1.6,False,True,8.97
SHP-004294,5320,2026-05-19,USPS,USPS Priority Mail International,AU,310,20.5,1.1,False,True,21.6
SHP-004295,5321,2026-05-19,USPS,USPS Ground Advantage,US_domestic,310,5.92,1.1,False,True,7.02
SHP-004296,5322,2026-05-19,USPS,USPS Ground Advantage,US_domestic,380,5.91,1.1,False,True,7.01
SHP-004297,5326,2026-05-19,USPS,USPS Priority Mail,US_domestic,560,7.54,1.35,False,True,8.89
SHP-004298,5329,2026-05-19,USPS,USPS Ground Advantage,US_domestic,265,5.83,1.1,False,True,6.93
SHP-004299,5330,2026-05-19,USPS,USPS Priority Mail,US_domestic,550,7.53,1.35,False,True,8.88
SHP-004300,5336,2026-05-19,USPS,USPS Ground Advantage,US_domestic,300,5.95,1.1,False,True,7.050000000000001
SHP-004301,5338,2026-05-19,USPS,USPS Priority Mail,US_domestic,540,7.74,1.6,False,True,9.34
SHP-004302,5344,2026-05-19,USPS,USPS Priority Mail,US_domestic,540,7.83,1.35,False,True,9.18
SHP-004303,5347,2026-05-19,USPS,USPS Priority Mail,US_domestic,750,10.09,1.6,False,True,11.69
SHP-004304,5349,2026-05-19,USPS,USPS Ground Advantage,US_domestic,425,7.46,1.35,False,True,8.81
SHP-004305,5351,2026-05-19,USPS,USPS Ground Advantage,US_domestic,265,5.74,1.1,False,True,6.84
SHP-004306,5352,2026-05-19,USPS,USPS Ground Advantage,US_domestic,340,5.69,1.35,False,True,7.040000000000001
SHP-004307,5354,2026-05-19,USPS,USPS Priority Mail,US_domestic,470,7.65,1.35,False,True,9.0
SHP-004308,5358,2026-05-19,USPS,USPS Ground Advantage,US_domestic,420,7.75,1.35,False,True,9.1
SHP-004309,5360,2026-05-19,USPS,USPS Ground Advantage,US_domestic,270,5.97,1.1,False,True,7.07
SHP-004310,5323,2026-05-20,USPS,USPS Ground Advantage,US_domestic,270,5.86,1.1,False,True,6.960000000000001
SHP-004311,5325,2026-05-20,USPS,USPS Ground Advantage,US_domestic,270,5.74,1.1,False,True,6.84
SHP-004312,5334,2026-05-20,USPS,USPS Ground Advantage,US_domestic,450,7.78,1.35,False,True,9.13
SHP-004313,5340,2026-05-20,USPS,USPS Ground Advantage,US_domestic,410,7.9,1.1,False,True,9.0
SHP-004314,5341,2026-05-20,USPS,USPS Priority Mail,US_domestic,480,7.84,1.35,False,True,9.19
SHP-004315,5345,2026-05-20,USPS,USPS Ground Advantage,US_domestic,270,6.02,1.1,False,True,7.119999999999999
SHP-004316,5346,2026-05-20,USPS,USPS Ground Advantage,US_domestic,265,5.67,1.1,False,True,6.77
SHP-004317,5350,2026-05-20,USPS,USPS Ground Advantage,US_domestic,220,5.68,1.1,False,True,6.779999999999999
SHP-004318,5355,2026-05-20,USPS,USPS Priority Mail,US_domestic,530,7.67,1.35,False,True,9.02
SHP-004319,5362,2026-05-20,USPS,USPS Priority Mail,US_domestic,470,7.55,1.35,False,True,8.9
SHP-004320,5363,2026-05-20,USPS,USPS Ground Advantage,US_domestic,270,5.94,1.1,False,True,7.040000000000001
SHP-004321,5365,2026-05-20,USPS,USPS Priority Mail,US_domestic,710,9.89,2.35,False,True,12.24
SHP-004322,5339,2026-05-21,USPS,USPS Priority Mail,US_domestic,455,7.39,1.6,False,True,8.99
SHP-004323,5342,2026-05-21,USPS,USPS Priority Mail International,GB,600,21.41,1.6,False,True,23.01
SHP-004324,5343,2026-05-21,USPS,USPS Priority Mail International,GB,490,19.57,1.6,False,True,21.17
SHP-004325,5353,2026-05-21,USPS,USPS Priority Mail,US_domestic,495,7.71,1.35,False,True,9.06
SHP-004326,5359,2026-05-21,USPS,USPS Priority Mail International,GB,380,18.67,1.1,False,True,19.770000000000003
SHP-004327,5368,2026-05-21,USPS,USPS Ground Advantage,US_domestic,420,7.68,1.35,False,True,9.03
SHP-004328,5372,2026-05-21,USPS,USPS Priority Mail,US_domestic,1080,10.18,2.85,False,True,13.03
SHP-004329,5373,2026-05-21,USPS,USPS Priority Mail International,AU,620,24.92,1.35,False,True,26.270000000000003
SHP-004330,5375,2026-05-21,USPS,USPS Priority Mail,US_domestic,510,7.53,1.35,False,True,8.88
SHP-004331,5376,2026-05-21,USPS,USPS Ground Advantage,US_domestic,270,5.97,1.1,False,True,7.07
SHP-004332,5377,2026-05-21,USPS,USPS Ground Advantage,US_domestic,380,5.91,1.1,False,True,7.01
SHP-004333,5379,2026-05-21,USPS,USPS Ground Advantage,US_domestic,300,6.05,1.1,False,True,7.15
SHP-004334,5384,2026-05-21,USPS,USPS Priority Mail International,GB,910,24.43,1.85,False,True,26.28
SHP-004335,5356,2026-05-22,USPS,USPS Ground Advantage,US_domestic,420,7.36,1.35,False,True,8.71
SHP-004336,5357,2026-05-22,USPS,USPS Ground Advantage,US_domestic,450,7.74,1.35,False,True,9.09
SHP-004337,5361,2026-05-22,USPS,USPS Priority Mail International,GB,890,24.2,2.35,False,True,26.55
SHP-004338,5364,2026-05-22,USPS,USPS Ground Advantage,US_domestic,270,5.78,1.1,False,True,6.880000000000001
SHP-004339,5366,2026-05-22,USPS,USPS Ground Advantage,US_domestic,300,5.92,1.1,False,True,7.02
SHP-004340,5367,2026-05-22,USPS,USPS Priority Mail International,GB,320,17.98,1.1,False,True,19.080000000000002
SHP-004341,5369,2026-05-22,USPS,USPS Ground Advantage,US_domestic,390,5.89,1.1,False,True,6.99
SHP-004342,5381,2026-05-22,USPS,USPS Priority Mail International,CA,570,15.72,1.6,False,True,17.32
SHP-004343,5382,2026-05-22,USPS,USPS Ground Advantage,US_domestic,270,5.71,1.1,False,True,6.8100000000000005
SHP-004344,5383,2026-05-22,USPS,USPS Ground Advantage,US_domestic,390,5.98,1.1,False,True,7.08
SHP-004345,5386,2026-05-22,USPS,USPS Ground Advantage,US_domestic,410,7.55,1.1,False,True,8.65
SHP-004346,5396,2026-05-22,USPS,USPS Priority Mail International,GB,710,22.79,2.1,False,True,24.89
SHP-004347,5398,2026-05-22,USPS,USPS Ground Advantage,US_domestic,270,5.67,1.1,False,True,6.77
SHP-004348,5402,2026-05-22,USPS,USPS Priority Mail International,GB,270,17.53,1.1,False,True,18.630000000000003
SHP-004349,5370,2026-05-23,USPS,USPS Ground Advantage,US_domestic,415,7.58,1.35,False,True,8.93
SHP-004350,5371,2026-05-23,USPS,USPS Priority Mail,US_domestic,585,7.63,1.6,False,True,9.23
SHP-004351,5374,2026-05-23,USPS,USPS Priority Mail,US_domestic,615,7.47,1.6,False,True,9.07
SHP-004352,5378,2026-05-23,USPS,USPS Ground Advantage,US_domestic,390,5.75,1.35,False,True,7.1
SHP-004353,5385,2026-05-23,USPS,USPS Ground Advantage,US_domestic,380,5.62,1.1,False,True,6.720000000000001
SHP-004354,5387,2026-05-23,USPS,USPS Priority Mail,US_domestic,670,7.83,1.1,False,True,8.93
SHP-004355,5390,2026-05-23,USPS,USPS Ground Advantage,US_domestic,270,5.92,1.1,False,True,7.02
SHP-004356,5391,2026-05-23,USPS,USPS Ground Advantage,US_domestic,410,7.6,1.1,False,True,8.7
SHP-004357,5392,2026-05-23,USPS,USPS Priority Mail International,CA,265,12.52,1.1,False,True,13.62
SHP-004358,5399,2026-05-23,USPS,USPS Priority Mail International,AU,270,19.33,1.1,False,True,20.43
SHP-004359,5404,2026-05-23,USPS,USPS Priority Mail,US_domestic,570,7.48,1.6,False,True,9.08
SHP-004360,5406,2026-05-23,USPS,USPS Ground Advantage,US_domestic,310,5.83,1.1,False,True,6.93
SHP-004361,5407,2026-05-23,USPS,USPS Ground Advantage,US_domestic,270,5.88,1.1,False,True,6.98
SHP-004362,5408,2026-05-23,USPS,USPS Ground Advantage,US_domestic,430,7.56,1.35,False,True,8.91
SHP-004363,5413,2026-05-23,USPS,USPS Priority Mail,US_domestic,670,7.38,1.1,False,True,8.48
SHP-004364,5414,2026-05-23,USPS,USPS Priority Mail,US_domestic,685,7.67,1.85,False,True,9.52
SHP-004365,5418,2026-05-23,USPS,USPS Priority Mail,US_domestic,725,10.15,2.1,False,True,12.25
SHP-004366,5419,2026-05-23,USPS,USPS Ground Advantage,US_domestic,390,5.89,1.1,False,True,6.99
SHP-004367,5380,2026-05-24,USPS,USPS Priority Mail,US_domestic,530,7.71,1.35,False,True,9.06
SHP-004368,5397,2026-05-24,USPS,USPS Ground Advantage,US_domestic,270,5.88,1.1,False,True,6.98
SHP-004369,5401,2026-05-24,USPS,USPS Ground Advantage,US_domestic,390,5.68,1.35,False,True,7.029999999999999
SHP-004370,5403,2026-05-24,USPS,USPS Priority Mail,US_domestic,500,7.49,1.35,False,True,8.84
SHP-004371,5405,2026-05-24,USPS,USPS Ground Advantage,US_domestic,425,7.22,1.35,False,True,8.57
SHP-004372,5410,2026-05-24,USPS,USPS Priority Mail,US_domestic,550,7.6,1.35,False,True,8.95
SHP-004373,5416,2026-05-24,USPS,USPS Ground Advantage,US_domestic,390,5.7,1.35,False,True,7.050000000000001
SHP-004374,5417,2026-05-24,USPS,USPS Ground Advantage,US_domestic,390,5.69,1.1,False,True,6.790000000000001
SHP-004375,5422,2026-05-24,USPS,USPS Ground Advantage,US_domestic,270,5.7,1.1,False,True,6.800000000000001
SHP-004376,5424,2026-05-24,USPS,USPS Priority Mail International,CA,410,14.13,1.1,False,True,15.23
SHP-004377,5426,2026-05-24,USPS,USPS Ground Advantage,US_domestic,300,6.02,1.1,False,True,7.119999999999999
SHP-004378,5433,2026-05-24,USPS,USPS Ground Advantage,US_domestic,380,5.77,1.1,False,True,6.869999999999999
SHP-004379,5388,2026-05-25,USPS,USPS Priority Mail,US_domestic,510,7.56,1.35,False,True,8.91
SHP-004380,5389,2026-05-25,USPS,USPS Priority Mail,US_domestic,785,9.78,1.85,False,True,11.629999999999999
SHP-004381,5393,2026-05-25,USPS,USPS Ground Advantage,US_domestic,265,5.92,1.1,False,True,7.02
SHP-004382,5394,2026-05-25,USPS,USPS Priority Mail International,AU,630,24.93,1.35,False,True,26.28
SHP-004383,5395,2026-05-25,USPS,USPS Priority Mail,US_domestic,990,10.1,2.1,False,True,12.2
SHP-004384,5400,2026-05-25,USPS,USPS Priority Mail,US_domestic,1230,13.14,2.35,False,True,15.49
SHP-004385,5409,2026-05-25,USPS,USPS Priority Mail,US_domestic,750,9.9,1.6,False,True,11.5
SHP-004386,5411,2026-05-25,USPS,USPS Ground Advantage,US_domestic,380,5.75,1.1,False,True,6.85
SHP-004387,5412,2026-05-25,USPS,USPS Ground Advantage,US_domestic,300,5.81,1.1,False,True,6.91
SHP-004388,5415,2026-05-25,USPS,USPS Priority Mail International,AU,970,28.92,2.6,False,True,31.520000000000003
SHP-004389,5420,2026-05-25,USPS,USPS Ground Advantage,US_domestic,265,5.68,1.1,False,True,6.779999999999999
SHP-004390,5425,2026-05-25,USPS,USPS Ground Advantage,US_domestic,310,5.84,1.1,False,True,6.9399999999999995
SHP-004391,5432,2026-05-25,USPS,USPS Ground Advantage,US_domestic,310,6.06,1.1,False,True,7.16
SHP-004392,5437,2026-05-25,USPS,USPS Ground Advantage,US_domestic,270,5.8,1.1,False,True,6.9
SHP-004393,5448,2026-05-25,USPS,USPS Priority Mail International,CA,270,12.68,1.1,False,True,13.78
SHP-004394,5423,2026-05-26,USPS,USPS Priority Mail,US_domestic,980,9.79,2.1,False,True,11.889999999999999
SHP-004395,5427,2026-05-26,USPS,USPS Priority Mail International,CA,910,19.63,2.1,False,True,21.73
SHP-004396,5428,2026-05-26,USPS,USPS Ground Advantage,US_domestic,390,5.94,1.1,False,True,7.040000000000001
SHP-004397,5429,2026-05-26,USPS,USPS Priority Mail,US_domestic,510,7.51,1.35,False,True,8.86
SHP-004398,5431,2026-05-26,USPS,USPS Priority Mail,US_domestic,535,7.65,1.6,False,True,9.25
SHP-004399,5436,2026-05-26,USPS,USPS Ground Advantage,US_domestic,385,5.66,1.35,False,True,7.01
SHP-004400,5440,2026-05-26,USPS,USPS Priority Mail,US_domestic,670,7.87,1.1,False,True,8.97
SHP-004401,5445,2026-05-26,USPS,USPS Priority Mail,US_domestic,890,10.02,2.35,False,True,12.37
SHP-004402,5451,2026-05-26,USPS,USPS Priority Mail International,CA,270,12.86,1.1,False,True,13.959999999999999
SHP-004403,5456,2026-05-26,USPS,USPS Ground Advantage,US_domestic,270,6.02,1.1,False,True,7.119999999999999
SHP-004404,5460,2026-05-26,USPS,USPS Ground Advantage,US_domestic,390,5.99,1.35,False,True,7.34
SHP-004405,5462,2026-05-26,USPS,USPS Priority Mail,US_domestic,785,9.77,2.35,False,True,12.12
SHP-004406,5463,2026-05-26,USPS,USPS Ground Advantage,US_domestic,270,5.69,1.1,False,True,6.790000000000001
SHP-004407,5421,2026-05-27,USPS,USPS Ground Advantage,US_domestic,300,5.93,1.1,False,True,7.029999999999999
SHP-004408,5430,2026-05-27,USPS,USPS Priority Mail International,GB,390,19.08,1.1,False,True,20.18
SHP-004409,5434,2026-05-27,USPS,USPS Ground Advantage,US_domestic,265,5.98,1.1,False,True,7.08
SHP-004410,5438,2026-05-27,USPS,USPS Priority Mail,US_domestic,500,7.48,1.35,False,True,8.83
SHP-004411,5439,2026-05-27,USPS,USPS Ground Advantage,US_domestic,310,5.63,1.1,False,True,6.73
SHP-004412,5441,2026-05-27,USPS,USPS Priority Mail International,CA,390,13.62,1.35,False,True,14.969999999999999
SHP-004413,5444,2026-05-27,USPS,USPS Ground Advantage,US_domestic,270,5.89,1.1,False,True,6.99
SHP-004414,5449,2026-05-27,USPS,USPS Ground Advantage,US_domestic,220,5.81,1.1,False,True,6.91
SHP-004415,5450,2026-05-27,USPS,USPS Ground Advantage,US_domestic,270,5.84,1.1,False,True,6.9399999999999995
SHP-004416,5455,2026-05-27,USPS,USPS Ground Advantage,US_domestic,390,5.96,1.1,False,True,7.0600000000000005
SHP-004417,5459,2026-05-27,USPS,USPS Priority Mail,US_domestic,470,7.66,1.35,False,True,9.01
SHP-004418,5467,2026-05-27,USPS,USPS Ground Advantage,US_domestic,385,5.88,1.35,False,True,7.23
SHP-004419,5470,2026-05-27,USPS,USPS Ground Advantage,US_domestic,270,5.74,1.1,False,True,6.84
SHP-004420,5474,2026-05-27,USPS,USPS Ground Advantage,US_domestic,300,5.62,1.1,False,True,6.720000000000001
SHP-004421,5479,2026-05-27,USPS,USPS Priority Mail,US_domestic,655,7.32,1.85,False,True,9.17
SHP-004422,5486,2026-05-27,USPS,USPS Priority Mail International,AU,270,19.78,1.1,False,True,20.880000000000003
SHP-004423,5442,2026-05-28,USPS,USPS Priority Mail,US_domestic,660,7.5,1.6,False,True,9.1
SHP-004424,5443,2026-05-28,USPS,USPS Priority Mail International,GB,300,17.61,1.1,False,True,18.71
SHP-004425,5446,2026-05-28,USPS,USPS Priority Mail,US_domestic,645,7.32,1.6,False,True,8.92
SHP-004426,5447,2026-05-28,USPS,USPS Ground Advantage,US_domestic,270,5.85,1.1,False,True,6.949999999999999
SHP-004427,5454,2026-05-28,USPS,USPS Priority Mail,US_domestic,500,7.34,1.35,False,True,8.69
SHP-004428,5461,2026-05-28,USPS,USPS Ground Advantage,US_domestic,265,5.81,1.1,False,True,6.91
SHP-004429,5466,2026-05-28,USPS,USPS Priority Mail,US_domestic,670,7.55,1.1,False,True,8.65
SHP-004430,5475,2026-05-28,USPS,USPS Priority Mail,US_domestic,750,9.8,1.6,False,True,11.4
SHP-004431,5478,2026-05-28,USPS,USPS Ground Advantage,US_domestic,390,5.87,1.1,False,True,6.970000000000001
SHP-004432,5481,2026-05-28,USPS,USPS Ground Advantage,US_domestic,420,7.95,1.35,False,True,9.3
SHP-004433,5487,2026-05-28,USPS,USPS Priority Mail International,CA,270,13.01,1.1,False,True,14.11
SHP-004434,5490,2026-05-28,USPS,USPS Ground Advantage,US_domestic,420,7.59,1.35,False,True,8.94
SHP-004435,5496,2026-05-28,USPS,USPS Ground Advantage,US_domestic,270,5.9,1.1,False,True,7.0
SHP-004436,5499,2026-05-28,USPS,USPS Ground Advantage,US_domestic,270,5.9,1.1,False,True,7.0
SHP-004437,5500,2026-05-28,USPS,USPS Ground Advantage,US_domestic,220,5.65,1.1,False,True,6.75
SHP-004438,5502,2026-05-28,USPS,USPS Priority Mail,US_domestic,625,7.5,1.6,False,True,9.1
SHP-004439,5503,2026-05-28,USPS,USPS Ground Advantage,US_domestic,270,5.95,1.1,False,True,7.050000000000001
SHP-004440,5506,2026-05-28,USPS,USPS Priority Mail,US_domestic,690,7.65,1.6,False,True,9.25
SHP-004441,5452,2026-05-29,USPS,USPS Ground Advantage,US_domestic,415,7.71,1.35,False,True,9.06
SHP-004442,5453,2026-05-29,USPS,USPS Ground Advantage,US_domestic,380,5.87,1.1,False,True,6.970000000000001
SHP-004443,5457,2026-05-29,USPS,USPS Ground Advantage,US_domestic,270,5.93,1.1,False,True,7.029999999999999
SHP-004444,5458,2026-05-29,USPS,USPS Ground Advantage,US_domestic,265,5.89,1.1,False,True,6.99
SHP-004445,5464,2026-05-29,USPS,USPS Priority Mail International,GB,410,18.84,1.1,False,True,19.94
SHP-004446,5465,2026-05-29,USPS,USPS Priority Mail,US_domestic,770,9.77,2.35,False,True,12.12
SHP-004447,5472,2026-05-29,USPS,USPS Priority Mail International,GB,1160,27.55,2.1,False,True,29.650000000000002
SHP-004448,5473,2026-05-29,USPS,USPS Priority Mail,US_domestic,790,9.52,1.85,False,True,11.37
SHP-004449,5476,2026-05-29,USPS,USPS Ground Advantage,US_domestic,385,5.76,1.35,False,True,7.109999999999999
SHP-004450,5480,2026-05-29,USPS,USPS Ground Advantage,US_domestic,300,5.89,1.1,False,True,6.99
SHP-004451,5483,2026-05-29,USPS,USPS Ground Advantage,US_domestic,320,5.74,1.1,False,True,6.84
SHP-004452,5484,2026-05-29,USPS,USPS Priority Mail,US_domestic,1070,10.06,2.1,False,True,12.16
SHP-004453,5488,2026-05-29,USPS,USPS Ground Advantage,US_domestic,410,7.74,1.1,False,True,8.84
SHP-004454,5492,2026-05-29,USPS,USPS Priority Mail,US_domestic,510,7.47,1.35,False,True,8.82
SHP-004455,5504,2026-05-29,USPS,USPS Priority Mail International,CA,430,14.15,1.35,False,True,15.5
SHP-004456,5509,2026-05-29,USPS,USPS Priority Mail,US_domestic,1260,13.1,2.6,False,True,15.7
SHP-004457,5510,2026-05-29,USPS,USPS Ground Advantage,US_domestic,270,5.97,1.1,False,True,7.07
SHP-004458,5512,2026-05-29,USPS,USPS Priority Mail,US_domestic,690,7.89,1.6,False,True,9.49
SHP-004459,5517,2026-05-29,USPS,USPS Priority Mail International,AU,750,27.27,1.6,False,True,28.87
SHP-004460,5518,2026-05-29,USPS,USPS Ground Advantage,US_domestic,390,5.74,1.35,False,True,7.09
SHP-004461,5520,2026-05-29,USPS,USPS Priority Mail,US_domestic,750,9.89,1.6,False,True,11.49
SHP-004462,5468,2026-05-30,USPS,USPS Ground Advantage,US_domestic,420,7.69,1.35,False,True,9.040000000000001
SHP-004463,5469,2026-05-30,USPS,USPS Priority Mail,US_domestic,510,7.43,1.35,False,True,8.78
SHP-004464,5471,2026-05-30,USPS,USPS Ground Advantage,US_domestic,380,5.83,1.1,False,True,6.93
SHP-004465,5477,2026-05-30,USPS,USPS Ground Advantage,US_domestic,405,7.46,1.6,False,True,9.06
SHP-004466,5482,2026-05-30,USPS,USPS Priority Mail,US_domestic,750,8.69,1.6,True,True,10.29
SHP-004467,5485,2026-05-30,USPS,USPS Priority Mail,US_domestic,1160,9.8,2.1,False,True,11.9
SHP-004468,5491,2026-05-30,USPS,USPS Priority Mail,US_domestic,770,9.97,2.6,False,True,12.57
SHP-004469,5497,2026-05-30,USPS,USPS Priority Mail International,GB,380,19.22,1.1,False,True,20.32
SHP-004470,5501,2026-05-30,USPS,USPS Ground Advantage,US_domestic,270,5.6,1.1,False,True,6.699999999999999
SHP-004471,5505,2026-05-30,USPS,USPS Ground Advantage,US_domestic,390,5.88,1.1,False,True,6.98
SHP-004472,5508,2026-05-30,USPS,USPS Ground Advantage,US_domestic,270,5.93,1.1,False,True,7.029999999999999
SHP-004473,5511,2026-05-30,USPS,USPS Ground Advantage,US_domestic,380,6.07,1.35,False,True,7.42
SHP-004474,5516,2026-05-30,USPS,USPS Ground Advantage,US_domestic,320,5.98,1.1,False,True,7.08
SHP-004475,5525,2026-05-30,USPS,USPS Ground Advantage,US_domestic,310,5.77,1.1,False,True,6.869999999999999
SHP-004476,5532,2026-05-30,USPS,USPS Priority Mail,US_domestic,1105,9.8,2.1,False,True,11.9
SHP-004477,5533,2026-05-30,USPS,USPS Priority Mail International,GB,440,19.07,1.35,False,True,20.42
SHP-004478,5489,2026-05-31,USPS,USPS Ground Advantage,US_domestic,410,7.52,1.1,False,True,8.62
SHP-004479,5494,2026-05-31,USPS,USPS Ground Advantage,US_domestic,385,5.96,1.35,False,True,7.3100000000000005
SHP-004480,5495,2026-05-31,USPS,USPS Priority Mail International,CA,990,19.98,2.1,False,True,22.080000000000002
SHP-004481,5498,2026-05-31,USPS,USPS Priority Mail,US_domestic,610,7.59,1.6,False,True,9.19
SHP-004482,5507,2026-05-31,USPS,USPS Ground Advantage,US_domestic,270,5.76,1.1,False,True,6.859999999999999
SHP-004483,5514,2026-05-31,USPS,USPS Ground Advantage,US_domestic,270,5.91,1.1,False,True,7.01
SHP-004484,5515,2026-05-31,USPS,USPS Ground Advantage,US_domestic,320,5.81,1.1,False,True,6.91
SHP-004485,5521,2026-05-31,USPS,USPS Ground Advantage,US_domestic,265,5.96,1.1,False,True,7.0600000000000005
SHP-004486,5522,2026-05-31,USPS,USPS Priority Mail,US_domestic,550,7.6,1.35,False,True,8.95
SHP-004487,5523,2026-05-31,USPS,USPS Priority Mail,US_domestic,670,7.56,1.1,False,True,8.66
SHP-004488,5524,2026-05-31,USPS,USPS Priority Mail,US_domestic,910,9.29,1.85,False,True,11.139999999999999
SHP-004489,5526,2026-05-31,USPS,USPS Ground Advantage,US_domestic,415,7.67,1.35,False,True,9.02
SHP-004490,5527,2026-05-31,USPS,USPS Ground Advantage,US_domestic,420,7.66,1.35,False,True,9.01
SHP-004491,5531,2026-05-31,USPS,USPS Ground Advantage,US_domestic,270,5.89,1.1,False,True,6.99
SHP-004492,5534,2026-05-31,USPS,USPS Priority Mail,US_domestic,980,10.15,1.85,False,True,12.0
SHP-004493,5537,2026-05-31,USPS,USPS Ground Advantage,US_domestic,310,6.05,1.1,False,True,7.15
SHP-004494,5542,2026-05-31,USPS,USPS Priority Mail,US_domestic,1280,12.99,2.35,False,True,15.34
SHP-004495,5543,2026-05-31,USPS,USPS Ground Advantage,US_domestic,270,5.83,1.1,False,True,6.93
SHP-004496,5513,2026-06-01,USPS,USPS Priority Mail,US_domestic,490,7.54,1.35,False,True,8.89
SHP-004497,5519,2026-06-01,USPS,USPS Priority Mail International,AU,380,21.31,1.1,False,True,22.41
SHP-004498,5529,2026-06-01,USPS,USPS Priority Mail,US_domestic,815,9.81,2.35,False,True,12.16
SHP-004499,5530,2026-06-01,USPS,USPS Ground Advantage,US_domestic,270,5.95,1.1,False,True,7.050000000000001
SHP-004500,5539,2026-06-01,USPS,USPS Ground Advantage,US_domestic,220,5.77,1.1,False,True,6.869999999999999
SHP-004501,5540,2026-06-01,USPS,USPS Priority Mail,US_domestic,690,7.84,1.6,False,True,9.44
SHP-004502,5541,2026-06-01,USPS,USPS Ground Advantage,US_domestic,270,5.98,1.1,False,True,7.08
SHP-004503,5550,2026-06-01,USPS,USPS Ground Advantage,US_domestic,270,6.02,1.1,False,True,7.119999999999999
SHP-004504,5551,2026-06-01,USPS,USPS Ground Advantage,US_domestic,310,5.87,1.1,False,True,6.970000000000001
SHP-004505,5555,2026-06-01,USPS,USPS Priority Mail International,GB,540,20.52,1.35,False,True,21.87
SHP-004506,5556,2026-06-01,USPS,USPS Ground Advantage,US_domestic,385,5.9,1.35,False,True,7.25
SHP-004507,5528,2026-06-02,USPS,USPS Ground Advantage,US_domestic,265,5.74,1.1,False,True,6.84
SHP-004508,5535,2026-06-02,USPS,USPS Priority Mail,US_domestic,750,9.65,1.6,False,True,11.25
SHP-004509,5536,2026-06-02,USPS,USPS Ground Advantage,US_domestic,310,5.74,1.1,False,True,6.84
SHP-004510,5538,2026-06-02,USPS,USPS Priority Mail,US_domestic,870,10.39,1.85,False,True,12.24
SHP-004511,5544,2026-06-02,USPS,USPS Ground Advantage,US_domestic,265,5.91,1.1,False,True,7.01
SHP-004512,5545,2026-06-02,USPS,USPS Priority Mail,US_domestic,740,10.27,2.35,False,True,12.62
SHP-004513,5547,2026-06-02,USPS,USPS Ground Advantage,US_domestic,390,5.83,1.1,False,True,6.93
SHP-004514,5559,2026-06-02,USPS,USPS Ground Advantage,US_domestic,270,5.85,1.1,False,True,6.949999999999999
SHP-004515,5562,2026-06-02,USPS,USPS Ground Advantage,US_domestic,270,5.68,1.1,False,True,6.779999999999999
SHP-004516,5564,2026-06-02,USPS,USPS Ground Advantage,US_domestic,380,5.92,1.1,False,True,7.02
SHP-004517,5568,2026-06-02,USPS,USPS Ground Advantage,US_domestic,420,7.44,1.35,False,True,8.790000000000001
SHP-004518,5546,2026-06-03,USPS,USPS Priority Mail,US_domestic,1020,10.06,2.1,False,True,12.16
SHP-004519,5548,2026-06-03,USPS,USPS Priority Mail,US_domestic,650,7.73,1.35,False,True,9.08
SHP-004520,5552,2026-06-03,USPS,USPS Priority Mail International,CA,750,17.45,1.6,False,True,19.05
SHP-004521,5554,2026-06-03,USPS,USPS Ground Advantage,US_domestic,310,6.0,1.1,False,True,7.1
SHP-004522,5558,2026-06-03,USPS,USPS Priority Mail,US_domestic,770,10.02,2.35,False,True,12.37
SHP-004523,5560,2026-06-03,USPS,USPS Ground Advantage,US_domestic,270,5.75,1.1,False,True,6.85
SHP-004524,5563,2026-06-03,USPS,USPS Ground Advantage,US_domestic,265,5.81,1.1,False,True,6.91
SHP-004525,5567,2026-06-03,USPS,USPS Priority Mail,US_domestic,490,7.61,1.35,False,True,8.96
SHP-004526,5569,2026-06-03,USPS,USPS Ground Advantage,US_domestic,270,5.81,1.1,False,True,6.91
SHP-004527,5576,2026-06-03,USPS,USPS Priority Mail,US_domestic,480,7.57,1.35,False,True,8.92
SHP-004528,5580,2026-06-03,USPS,USPS Priority Mail International,CA,270,13.16,1.1,False,True,14.26
SHP-004529,5549,2026-06-04,USPS,USPS Priority Mail,US_domestic,540,7.73,1.35,False,True,9.08
SHP-004530,5553,2026-06-04,USPS,USPS Ground Advantage,US_domestic,270,5.85,1.1,False,True,6.949999999999999
SHP-004531,5557,2026-06-04,USPS,USPS Ground Advantage,US_domestic,270,5.74,1.1,False,True,6.84
SHP-004532,5565,2026-06-04,USPS,USPS Ground Advantage,US_domestic,270,5.89,1.1,False,True,6.99
SHP-004533,5573,2026-06-04,USPS,USPS Ground Advantage,US_domestic,380,5.76,1.35,False,True,7.109999999999999
SHP-004534,5575,2026-06-04,USPS,USPS Ground Advantage,US_domestic,430,7.82,1.35,False,True,9.17
SHP-004535,5578,2026-06-04,USPS,USPS Ground Advantage,US_domestic,440,7.85,1.35,False,True,9.2
SHP-004536,5581,2026-06-04,USPS,USPS Priority Mail,US_domestic,980,9.87,1.85,False,True,11.719999999999999
SHP-004537,5582,2026-06-04,USPS,USPS Ground Advantage,US_domestic,220,5.72,1.1,False,True,6.82
SHP-004538,5584,2026-06-04,USPS,USPS Ground Advantage,US_domestic,380,6.01,1.1,False,True,7.109999999999999
SHP-004539,5585,2026-06-04,USPS,USPS Ground Advantage,US_domestic,310,5.92,1.1,False,True,7.02
SHP-004540,5590,2026-06-04,USPS,USPS Priority Mail,US_domestic,790,9.91,1.85,False,True,11.76
SHP-004541,5591,2026-06-04,USPS,USPS Ground Advantage,US_domestic,270,6.08,1.1,False,True,7.18
SHP-004542,5593,2026-06-04,USPS,USPS Priority Mail,US_domestic,900,9.96,1.85,False,True,11.81
SHP-004543,5597,2026-06-04,USPS,USPS Priority Mail,US_domestic,500,7.82,1.35,False,True,9.17
SHP-004544,5598,2026-06-04,USPS,USPS Priority Mail,US_domestic,860,10.06,2.6,False,True,12.66
SHP-004545,5602,2026-06-04,USPS,USPS Priority Mail,US_domestic,750,10.03,1.6,False,True,11.629999999999999
SHP-004546,5604,2026-06-04,USPS,USPS Priority Mail,US_domestic,670,7.65,1.1,False,True,8.75
SHP-004547,5561,2026-06-05,USPS,USPS Priority Mail International,CA,1215,22.1,2.35,False,True,24.450000000000003
SHP-004548,5566,2026-06-05,USPS,USPS Ground Advantage,US_domestic,390,5.77,1.35,False,True,7.119999999999999
SHP-004549,5571,2026-06-05,USPS,USPS Priority Mail International,CA,505,15.73,1.35,False,True,17.080000000000002
SHP-004550,5577,2026-06-05,USPS,USPS Priority Mail International,AU,870,27.43,1.85,False,True,29.28
SHP-004551,5583,2026-06-05,USPS,USPS Priority Mail,US_domestic,1010,9.92,1.85,False,True,11.77
SHP-004552,5592,2026-06-05,USPS,USPS Priority Mail,US_domestic,705,9.73,2.35,False,True,12.08
SHP-004553,5595,2026-06-05,USPS,USPS Priority Mail,US_domestic,670,7.72,1.1,False,True,8.82
SHP-004554,5599,2026-06-05,USPS,USPS Ground Advantage,US_domestic,300,5.77,1.1,False,True,6.869999999999999
SHP-004555,5605,2026-06-05,USPS,USPS Ground Advantage,US_domestic,380,5.62,1.1,False,True,6.720000000000001
SHP-004556,5606,2026-06-05,USPS,USPS Priority Mail,US_domestic,620,7.78,1.6,False,True,9.38
SHP-004557,5607,2026-06-05,USPS,USPS Priority Mail International,CA,790,18.4,1.85,False,True,20.25
SHP-004558,5608,2026-06-05,USPS,USPS Priority Mail International,CA,300,13.12,1.1,False,True,14.219999999999999
SHP-004559,5616,2026-06-05,USPS,USPS Priority Mail,US_domestic,910,9.74,2.1,False,True,11.84
SHP-004560,5618,2026-06-05,USPS,USPS Priority Mail International,CA,620,16.27,1.6,False,True,17.87
SHP-004561,5570,2026-06-06,USPS,USPS Ground Advantage,US_domestic,440,7.7,1.35,False,True,9.05
SHP-004562,5572,2026-06-06,USPS,USPS Priority Mail,US_domestic,985,9.73,2.6,False,True,12.33
SHP-004563,5574,2026-06-06,USPS,USPS Ground Advantage,US_domestic,270,5.96,1.1,False,True,7.0600000000000005
SHP-004564,5579,2026-06-06,USPS,USPS Priority Mail International,CA,380,14.02,1.1,False,True,15.12
SHP-004565,5588,2026-06-06,USPS,USPS Ground Advantage,US_domestic,410,7.58,1.1,False,True,8.68
SHP-004566,5589,2026-06-06,USPS,USPS Ground Advantage,US_domestic,270,5.74,1.1,False,True,6.84
SHP-004567,5596,2026-06-06,USPS,USPS Priority Mail International,CA,300,13.45,1.1,False,True,14.549999999999999
SHP-004568,5601,2026-06-06,USPS,USPS Priority Mail,US_domestic,900,10.1,2.35,False,True,12.45
SHP-004569,5611,2026-06-06,USPS,USPS Ground Advantage,US_domestic,320,5.63,1.1,False,True,6.73
SHP-004570,5613,2026-06-06,USPS,USPS Priority Mail International,AU,510,22.38,1.35,False,True,23.73
SHP-004571,5614,2026-06-06,USPS,USPS Priority Mail,US_domestic,765,9.78,2.35,False,True,12.129999999999999
SHP-004572,5617,2026-06-06,USPS,USPS Priority Mail,US_domestic,910,9.99,2.1,False,True,12.09
SHP-004573,5619,2026-06-06,USPS,USPS Priority Mail,US_domestic,655,7.48,1.6,False,True,9.08
SHP-004574,5622,2026-06-06,USPS,USPS Priority Mail,US_domestic,865,10.3,1.85,False,True,12.15
SHP-004575,5629,2026-06-06,USPS,USPS Priority Mail International,CA,1050,20.42,2.1,False,True,22.520000000000003
SHP-004576,5634,2026-06-06,USPS,USPS Priority Mail,US_domestic,500,7.57,1.6,False,True,9.17
SHP-004577,5636,2026-06-06,USPS,USPS Priority Mail International,GB,410,18.88,1.1,False,True,19.98
SHP-004578,5586,2026-06-07,USPS,USPS Ground Advantage,US_domestic,390,5.87,1.35,False,True,7.220000000000001
SHP-004579,5587,2026-06-07,USPS,USPS Priority Mail,US_domestic,510,7.71,1.35,False,True,9.06
SHP-004580,5594,2026-06-07,USPS,USPS Priority Mail,US_domestic,630,7.89,1.35,False,True,9.24
SHP-004581,5600,2026-06-07,USPS,USPS Priority Mail,US_domestic,540,7.71,1.35,False,True,9.06
SHP-004582,5603,2026-06-07,USPS,USPS Ground Advantage,US_domestic,435,7.91,1.35,False,True,9.26
SHP-004583,5609,2026-06-07,USPS,USPS Ground Advantage,US_domestic,265,5.78,1.1,False,True,6.880000000000001
SHP-004584,5610,2026-06-07,USPS,USPS Priority Mail,US_domestic,950,10.18,2.1,False,True,12.28
SHP-004585,5612,2026-06-07,USPS,USPS Ground Advantage,US_domestic,270,5.79,1.1,False,True,6.890000000000001
SHP-004586,5615,2026-06-07,USPS,USPS Ground Advantage,US_domestic,380,6.31,1.1,True,True,7.41
SHP-004587,5624,2026-06-07,USPS,USPS Priority Mail,US_domestic,1175,9.9,2.35,False,True,12.25
SHP-004588,5631,2026-06-07,USPS,USPS Priority Mail International,GB,270,17.31,1.1,False,True,18.41
SHP-004589,5639,2026-06-07,USPS,USPS Ground Advantage,US_domestic,385,5.7,1.35,False,True,7.050000000000001
SHP-004590,5642,2026-06-07,USPS,USPS Ground Advantage,US_domestic,440,7.43,1.35,False,True,8.78
SHP-004591,5643,2026-06-07,USPS,USPS Priority Mail,US_domestic,530,7.93,1.6,False,True,9.53
SHP-004592,5646,2026-06-07,USPS,USPS Priority Mail,US_domestic,750,10.12,1.6,False,True,11.719999999999999
SHP-004593,5649,2026-06-07,USPS,USPS Priority Mail International,CA,320,13.05,1.1,False,True,14.15
SHP-004594,5653,2026-06-07,USPS,USPS Priority Mail,US_domestic,1040,9.78,2.35,False,True,12.129999999999999
SHP-004595,5654,2026-06-07,USPS,USPS Priority Mail International,GB,750,23.17,2.35,False,True,25.520000000000003
SHP-004596,5620,2026-06-08,USPS,USPS Ground Advantage,US_domestic,270,5.82,1.1,False,True,6.92
SHP-004597,5621,2026-06-08,USPS,USPS Priority Mail,US_domestic,750,10.06,1.6,False,True,11.66
SHP-004598,5623,2026-06-08,USPS,USPS Ground Advantage,US_domestic,440,7.87,1.35,False,True,9.22
SHP-004599,5626,2026-06-08,USPS,USPS Ground Advantage,US_domestic,380,5.77,1.1,False,True,6.869999999999999
SHP-004600,5632,2026-06-08,USPS,USPS Priority Mail,US_domestic,500,7.69,1.35,False,True,9.040000000000001
SHP-004601,5635,2026-06-08,USPS,USPS Priority Mail,US_domestic,1530,13.09,2.1,False,True,15.19
SHP-004602,5638,2026-06-08,USPS,USPS Ground Advantage,US_domestic,310,5.68,1.1,False,True,6.779999999999999
SHP-004603,5641,2026-06-08,USPS,USPS Ground Advantage,US_domestic,300,5.81,1.1,False,True,6.91
SHP-004604,5659,2026-06-08,USPS,USPS Ground Advantage,US_domestic,265,5.83,1.1,False,True,6.93
SHP-004605,5663,2026-06-08,USPS,USPS Ground Advantage,US_domestic,410,7.59,1.1,False,True,8.69
SHP-004606,5664,2026-06-08,USPS,USPS Ground Advantage,US_domestic,390,5.97,1.35,False,True,7.32
SHP-004607,5667,2026-06-08,USPS,USPS Ground Advantage,US_domestic,300,5.92,1.1,False,True,7.02
SHP-004608,5668,2026-06-08,USPS,USPS Ground Advantage,US_domestic,390,5.77,1.35,False,True,7.119999999999999
SHP-004609,5669,2026-06-08,USPS,USPS Priority Mail,US_domestic,1010,9.79,2.1,False,True,11.889999999999999
SHP-004610,5625,2026-06-09,USPS,USPS Priority Mail,US_domestic,700,7.55,1.6,False,True,9.15
SHP-004611,5627,2026-06-09,USPS,USPS Priority Mail,US_domestic,470,7.8,1.35,False,True,9.15
SHP-004612,5628,2026-06-09,USPS,USPS Ground Advantage,US_domestic,270,5.81,1.1,False,True,6.91
SHP-004613,5630,2026-06-09,USPS,USPS Priority Mail,US_domestic,630,7.6,1.6,False,True,9.2
SHP-004614,5633,2026-06-09,USPS,USPS Priority Mail,US_domestic,1160,9.88,2.1,False,True,11.98
SHP-004615,5647,2026-06-09,USPS,USPS Priority Mail International,CA,1910,28.52,2.35,False,True,30.87
SHP-004616,5648,2026-06-09,USPS,USPS Ground Advantage,US_domestic,435,7.53,1.35,False,True,8.88
SHP-004617,5650,2026-06-09,USPS,USPS Priority Mail International,CA,790,17.8,1.85,False,True,19.650000000000002
SHP-004618,5652,2026-06-09,USPS,USPS Ground Advantage,US_domestic,265,5.69,1.1,False,True,6.790000000000001
SHP-004619,5657,2026-06-09,USPS,USPS Ground Advantage,US_domestic,390,5.96,1.1,False,True,7.0600000000000005
SHP-004620,5658,2026-06-09,USPS,USPS Ground Advantage,US_domestic,270,5.84,1.1,False,True,6.9399999999999995
SHP-004621,5661,2026-06-09,USPS,USPS Priority Mail International,GB,270,17.83,1.1,False,True,18.93
SHP-004622,5670,2026-06-09,USPS,USPS Priority Mail,US_domestic,865,9.79,1.85,False,True,11.639999999999999
SHP-004623,5672,2026-06-09,USPS,USPS Priority Mail,US_domestic,775,10.09,2.6,False,True,12.69
SHP-004624,5673,2026-06-09,USPS,USPS Ground Advantage,US_domestic,310,5.83,1.1,False,True,6.93
SHP-004625,5674,2026-06-09,USPS,USPS Ground Advantage,US_domestic,300,5.79,1.1,False,True,6.890000000000001
SHP-004626,5677,2026-06-09,USPS,USPS Priority Mail International,GB,1100,27.61,2.1,False,True,29.71
SHP-004627,5680,2026-06-09,USPS,USPS Priority Mail,US_domestic,550,7.76,1.35,False,True,9.11
SHP-004628,5681,2026-06-09,USPS,USPS Priority Mail International,CA,380,13.53,1.1,False,True,14.629999999999999
SHP-004629,5685,2026-06-09,USPS,USPS Ground Advantage,US_domestic,220,5.77,1.1,False,True,6.869999999999999
SHP-004630,5686,2026-06-09,USPS,USPS Ground Advantage,US_domestic,320,5.88,1.1,False,True,6.98
SHP-004631,5637,2026-06-10,USPS,USPS Priority Mail,US_domestic,900,9.87,1.85,False,True,11.719999999999999
SHP-004632,5640,2026-06-10,USPS,USPS Ground Advantage,US_domestic,265,5.95,1.1,False,True,7.050000000000001
SHP-004633,5644,2026-06-10,USPS,USPS Priority Mail,US_domestic,550,7.35,1.35,False,True,8.7
SHP-004634,5645,2026-06-10,USPS,USPS Ground Advantage,US_domestic,340,5.9,1.35,False,True,7.25
SHP-004635,5651,2026-06-10,USPS,USPS Ground Advantage,US_domestic,270,6.06,1.1,False,True,7.16
SHP-004636,5655,2026-06-10,USPS,USPS Ground Advantage,US_domestic,390,5.8,1.35,False,True,7.15
SHP-004637,5656,2026-06-10,USPS,USPS Ground Advantage,US_domestic,220,6.05,1.1,False,True,7.15
SHP-004638,5660,2026-06-10,USPS,USPS Ground Advantage,US_domestic,440,7.54,1.35,False,True,8.89
SHP-004639,5665,2026-06-10,USPS,USPS Priority Mail,US_domestic,990,10.06,2.1,False,True,12.16
SHP-004640,5666,2026-06-10,USPS,USPS Ground Advantage,US_domestic,320,6.08,1.1,False,True,7.18
SHP-004641,5671,2026-06-10,USPS,USPS Ground Advantage,US_domestic,410,7.7,1.1,False,True,8.8
SHP-004642,5675,2026-06-10,USPS,USPS Ground Advantage,US_domestic,450,7.73,1.35,False,True,9.08
SHP-004643,5678,2026-06-10,USPS,USPS Priority Mail,US_domestic,610,7.73,1.35,False,True,9.08
SHP-004644,5682,2026-06-10,USPS,USPS Priority Mail,US_domestic,820,9.96,1.85,False,True,11.81
SHP-004645,5688,2026-06-10,USPS,USPS Priority Mail,US_domestic,1150,10.05,2.1,False,True,12.15
SHP-004646,5690,2026-06-10,USPS,USPS Priority Mail,US_domestic,500,7.3,1.6,False,True,8.9
SHP-004647,5691,2026-06-10,USPS,USPS Ground Advantage,US_domestic,265,5.69,1.1,False,True,6.790000000000001
SHP-004648,5692,2026-06-10,USPS,USPS Priority Mail International,CA,495,15.37,1.35,False,True,16.72
SHP-004649,5697,2026-06-10,USPS,USPS Priority Mail,US_domestic,785,10.15,1.85,False,True,12.0
SHP-004650,5702,2026-06-10,USPS,USPS Ground Advantage,US_domestic,380,6.02,1.1,False,True,7.119999999999999
SHP-004651,5703,2026-06-10,USPS,USPS Priority Mail,US_domestic,800,9.8,2.1,False,True,11.9
SHP-004652,5707,2026-06-10,USPS,USPS Priority Mail,US_domestic,900,9.69,1.85,False,True,11.54
SHP-004653,5458,2026-06-11,USPS,USPS Ground Advantage,US_domestic,265,5.84,1.1,False,True,6.9399999999999995
SHP-004654,5662,2026-06-11,USPS,USPS Ground Advantage,US_domestic,270,5.81,1.1,False,True,6.91
SHP-004655,5679,2026-06-11,USPS,USPS Ground Advantage,US_domestic,265,5.68,1.1,False,True,6.779999999999999
SHP-004656,5683,2026-06-11,USPS,USPS Ground Advantage,US_domestic,220,5.89,1.1,False,True,6.99
SHP-004657,5687,2026-06-11,USPS,USPS Ground Advantage,US_domestic,270,5.96,1.1,False,True,7.0600000000000005
SHP-004658,5696,2026-06-11,USPS,USPS Ground Advantage,US_domestic,265,5.87,1.1,False,True,6.970000000000001
SHP-004659,5705,2026-06-11,USPS,USPS Ground Advantage,US_domestic,270,5.6,1.1,False,True,6.699999999999999
SHP-004660,5706,2026-06-11,USPS,USPS Ground Advantage,US_domestic,390,6.02,1.35,False,True,7.369999999999999
SHP-004661,5709,2026-06-11,USPS,USPS Ground Advantage,US_domestic,380,5.88,1.1,False,True,6.98
SHP-004662,5713,2026-06-11,USPS,USPS Ground Advantage,US_domestic,380,5.87,1.1,False,True,6.970000000000001
SHP-004663,5676,2026-06-12,USPS,USPS Priority Mail,US_domestic,500,7.61,1.35,False,True,8.96
SHP-004664,5684,2026-06-12,USPS,USPS Ground Advantage,US_domestic,220,5.74,1.1,False,True,6.84
SHP-004665,5689,2026-06-12,USPS,USPS Priority Mail International,AU,320,20.77,1.1,False,True,21.87
SHP-004666,5694,2026-06-12,USPS,USPS Priority Mail International,CA,750,17.92,2.1,False,True,20.020000000000003
SHP-004667,5695,2026-06-12,USPS,USPS Ground Advantage,US_domestic,380,5.94,1.35,False,True,7.290000000000001
SHP-004668,5700,2026-06-12,USPS,USPS Ground Advantage,US_domestic,320,5.8,1.1,False,True,6.9
SHP-004669,5704,2026-06-12,USPS,USPS Priority Mail International,CA,1260,22.93,2.1,False,True,25.03
SHP-004670,5708,2026-06-12,USPS,USPS Priority Mail,US_domestic,750,9.91,1.6,False,True,11.51
SHP-004671,5715,2026-06-12,USPS,USPS Priority Mail International,CA,270,12.99,1.1,False,True,14.09
SHP-004672,5718,2026-06-12,USPS,USPS Priority Mail,US_domestic,750,9.88,1.6,False,True,11.48
SHP-004673,5719,2026-06-12,USPS,USPS Ground Advantage,US_domestic,380,5.9,1.1,False,True,7.0
SHP-004674,5722,2026-06-12,USPS,USPS Priority Mail,US_domestic,930,9.89,1.85,False,True,11.74
SHP-004675,5725,2026-06-12,USPS,USPS Ground Advantage,US_domestic,270,5.7,1.1,False,True,6.800000000000001
SHP-004676,5727,2026-06-12,USPS,USPS Priority Mail,US_domestic,530,7.58,1.35,False,True,8.93
SHP-004677,5737,2026-06-12,USPS,USPS Ground Advantage,US_domestic,440,7.87,1.35,False,True,9.22
SHP-004678,5740,2026-06-12,USPS,USPS Priority Mail,US_domestic,630,7.68,1.6,False,True,9.28
SHP-004679,5741,2026-06-12,USPS,USPS Ground Advantage,US_domestic,320,5.79,1.1,False,True,6.890000000000001
SHP-004680,5742,2026-06-12,USPS,USPS Ground Advantage,US_domestic,380,6.0,1.1,False,True,7.1
SHP-004681,5744,2026-06-12,USPS,USPS Ground Advantage,US_domestic,430,7.83,1.35,False,True,9.18
SHP-004682,5745,2026-06-12,USPS,USPS Ground Advantage,US_domestic,270,5.85,1.1,False,True,6.949999999999999
SHP-004683,5364,2026-06-13,USPS,USPS Ground Advantage,US_domestic,270,5.65,1.1,False,True,6.75
SHP-004684,5693,2026-06-13,USPS,USPS Priority Mail,US_domestic,750,9.96,1.6,False,True,11.56
SHP-004685,5698,2026-06-13,USPS,USPS Ground Advantage,US_domestic,270,5.96,1.1,False,True,7.0600000000000005
SHP-004686,5699,2026-06-13,USPS,USPS Priority Mail,US_domestic,850,9.87,2.35,False,True,12.219999999999999
SHP-004687,5701,2026-06-13,USPS,USPS Ground Advantage,US_domestic,410,7.65,1.1,False,True,8.75
SHP-004688,5714,2026-06-13,USPS,USPS Priority Mail,US_domestic,530,7.79,1.35,False,True,9.14
SHP-004689,5717,2026-06-13,USPS,USPS Ground Advantage,US_domestic,300,5.91,1.1,False,True,7.01
SHP-004690,5723,2026-06-13,USPS,USPS Priority Mail,US_domestic,910,10.06,1.85,False,True,11.91
SHP-004691,5728,2026-06-13,USPS,USPS Ground Advantage,US_domestic,320,6.01,1.1,False,True,7.109999999999999
SHP-004692,5736,2026-06-13,USPS,USPS Priority Mail,US_domestic,670,7.58,1.1,False,True,8.68
SHP-004693,5743,2026-06-13,USPS,USPS Priority Mail,US_domestic,500,7.55,1.35,False,True,8.9
SHP-004694,5749,2026-06-13,USPS,USPS Priority Mail,US_domestic,730,10.15,2.35,False,True,12.5
SHP-004695,5751,2026-06-13,USPS,USPS Ground Advantage,US_domestic,270,5.74,1.1,False,True,6.84
SHP-004696,5756,2026-06-13,USPS,USPS Ground Advantage,US_domestic,270,5.72,1.1,False,True,6.82
SHP-004697,5757,2026-06-13,USPS,USPS Priority Mail,US_domestic,900,10.23,1.85,False,True,12.08
SHP-004698,5758,2026-06-13,USPS,USPS Ground Advantage,US_domestic,390,5.68,1.35,False,True,7.029999999999999
SHP-004699,5764,2026-06-13,USPS,USPS Priority Mail International,GB,390,19.24,1.35,False,True,20.59
SHP-004700,5710,2026-06-14,USPS,USPS Priority Mail,US_domestic,670,7.72,1.1,False,True,8.82
SHP-004701,5711,2026-06-14,USPS,USPS Priority Mail,US_domestic,630,7.67,1.35,False,True,9.02
SHP-004702,5712,2026-06-14,USPS,USPS Priority Mail International,CA,270,12.81,1.1,False,True,13.91
SHP-004703,5716,2026-06-14,USPS,USPS Ground Advantage,US_domestic,265,5.87,1.1,False,True,6.970000000000001
SHP-004704,5720,2026-06-14,USPS,USPS Priority Mail,US_domestic,1250,13.07,2.35,False,True,15.42
SHP-004705,5721,2026-06-14,USPS,USPS Ground Advantage,US_domestic,340,5.71,1.35,False,True,7.0600000000000005
SHP-004706,5724,2026-06-14,USPS,USPS Priority Mail,US_domestic,550,7.59,1.35,False,True,8.94
SHP-004707,5726,2026-06-14,USPS,USPS Priority Mail,US_domestic,670,7.78,1.1,False,True,8.88
SHP-004708,5731,2026-06-14,USPS,USPS Priority Mail International,GB,380,19.03,1.1,False,True,20.130000000000003
SHP-004709,5733,2026-06-14,USPS,USPS Priority Mail International,CA,380,14.23,1.1,False,True,15.33
SHP-004710,5735,2026-06-14,USPS,USPS Ground Advantage,US_domestic,270,5.75,1.1,False,True,6.85
SHP-004711,5738,2026-06-14,USPS,USPS Priority Mail International,GB,750,23.16,1.6,False,True,24.76
SHP-004712,5739,2026-06-14,USPS,USPS Priority Mail International,CA,270,12.94,1.1,False,True,14.04
SHP-004713,5748,2026-06-14,USPS,USPS Priority Mail,US_domestic,1000,10.11,2.35,False,True,12.459999999999999
SHP-004714,5750,2026-06-14,USPS,USPS Ground Advantage,US_domestic,320,5.94,1.1,False,True,7.040000000000001
SHP-004715,5752,2026-06-14,USPS,USPS Priority Mail,US_domestic,875,9.83,2.35,False,True,12.18
SHP-004716,5760,2026-06-14,USPS,USPS Priority Mail,US_domestic,830,10.28,1.85,False,True,12.129999999999999
SHP-004717,5761,2026-06-14,USPS,USPS Priority Mail,US_domestic,1010,9.9,2.35,False,True,12.25
SHP-004718,5762,2026-06-14,USPS,USPS Ground Advantage,US_domestic,300,5.75,1.1,False,True,6.85
SHP-004719,5763,2026-06-14,USPS,USPS Priority Mail,US_domestic,820,9.78,1.85,False,True,11.629999999999999
SHP-004720,5765,2026-06-14,USPS,USPS Ground Advantage,US_domestic,335,5.76,1.35,False,True,7.109999999999999
SHP-004721,5768,2026-06-14,USPS,USPS Ground Advantage,US_domestic,385,5.78,1.35,False,True,7.130000000000001
SHP-004722,5775,2026-06-14,USPS,USPS Ground Advantage,US_domestic,265,6.08,1.1,False,True,7.18
SHP-004723,5777,2026-06-14,USPS,USPS Priority Mail,US_domestic,1150,9.85,2.1,False,True,11.95
SHP-004724,5729,2026-06-15,USPS,USPS Priority Mail International,AU,270,20.52,1.1,False,True,21.62
SHP-004725,5730,2026-06-15,USPS,USPS Ground Advantage,US_domestic,220,5.23,1.1,True,True,6.33
SHP-004726,5734,2026-06-15,USPS,USPS Ground Advantage,US_domestic,270,5.85,1.1,False,True,6.949999999999999
SHP-004727,5746,2026-06-15,USPS,USPS Priority Mail International,GB,390,18.8,1.1,False,True,19.900000000000002
SHP-004728,5759,2026-06-15,USPS,USPS Ground Advantage,US_domestic,300,5.68,1.1,False,True,6.779999999999999
SHP-004729,5766,2026-06-15,USPS,USPS Ground Advantage,US_domestic,270,5.82,1.1,False,True,6.92
SHP-004730,5772,2026-06-15,USPS,USPS Ground Advantage,US_domestic,430,7.67,1.35,False,True,9.02
SHP-004731,5774,2026-06-15,USPS,USPS Priority Mail,US_domestic,1210,13.2,2.1,False,True,15.299999999999999
SHP-004732,5779,2026-06-15,USPS,USPS Priority Mail,US_domestic,500,7.67,1.35,False,True,9.02
SHP-004733,5782,2026-06-15,USPS,USPS Ground Advantage,US_domestic,370,5.8,1.35,False,True,7.15
SHP-004734,5783,2026-06-15,USPS,USPS Priority Mail,US_domestic,550,7.43,1.35,False,True,8.78
SHP-004735,5785,2026-06-15,USPS,USPS Priority Mail,US_domestic,460,7.69,1.35,False,True,9.040000000000001
SHP-004736,5787,2026-06-15,USPS,USPS Priority Mail,US_domestic,655,7.71,1.85,False,True,9.56
SHP-004737,5789,2026-06-15,USPS,USPS Priority Mail,US_domestic,460,7.64,1.35,False,True,8.99
SHP-004738,5791,2026-06-15,USPS,USPS Priority Mail,US_domestic,500,7.75,1.35,False,True,9.1
SHP-004739,5792,2026-06-15,USPS,USPS Priority Mail,US_domestic,1010,9.6,1.85,False,True,11.45
SHP-004740,5753,2026-06-16,USPS,USPS Ground Advantage,US_domestic,270,5.97,1.1,False,True,7.07
SHP-004741,5754,2026-06-16,USPS,USPS Priority Mail,US_domestic,1600,12.93,2.35,False,True,15.28
SHP-004742,5755,2026-06-16,USPS,USPS Priority Mail,US_domestic,900,10.01,1.85,False,True,11.86
SHP-004743,5769,2026-06-16,USPS,USPS Ground Advantage,US_domestic,310,5.67,1.1,False,True,6.77
SHP-004744,5770,2026-06-16,USPS,USPS Ground Advantage,US_domestic,310,5.82,1.1,False,True,6.92
SHP-004745,5771,2026-06-16,USPS,USPS Priority Mail,US_domestic,580,7.78,1.35,True,True,9.13
SHP-004746,5776,2026-06-16,USPS,USPS Ground Advantage,US_domestic,220,5.93,1.1,False,True,7.029999999999999
SHP-004747,5778,2026-06-16,USPS,USPS Priority Mail International,CA,265,13.07,1.1,False,True,14.17
SHP-004748,5784,2026-06-16,USPS,USPS Priority Mail,US_domestic,550,7.51,1.35,False,True,8.86
SHP-004749,5790,2026-06-16,USPS,USPS Priority Mail,US_domestic,1035,9.89,2.1,False,True,11.99
SHP-004750,5794,2026-06-16,USPS,USPS Ground Advantage,US_domestic,220,5.76,1.1,False,True,6.859999999999999
SHP-004751,5797,2026-06-16,USPS,USPS Ground Advantage,US_domestic,440,7.91,1.35,False,True,9.26
SHP-004752,5798,2026-06-16,USPS,USPS Ground Advantage,US_domestic,270,5.75,1.1,False,True,6.85
SHP-004753,5800,2026-06-16,USPS,USPS Ground Advantage,US_domestic,440,7.73,1.35,False,True,9.08
SHP-004754,5801,2026-06-16,USPS,USPS Priority Mail,US_domestic,480,7.51,1.35,False,True,8.86
SHP-004755,5802,2026-06-16,USPS,USPS Ground Advantage,US_domestic,265,5.66,1.1,False,True,6.76
SHP-004756,5803,2026-06-16,USPS,USPS Priority Mail,US_domestic,630,7.55,1.6,False,True,9.15
SHP-004757,5811,2026-06-16,USPS,USPS Ground Advantage,US_domestic,270,6.01,1.1,False,True,7.109999999999999
SHP-004758,5815,2026-06-16,USPS,USPS Priority Mail International,CA,1030,20.76,2.1,False,True,22.860000000000003
SHP-004759,5767,2026-06-17,USPS,USPS Priority Mail,US_domestic,750,9.72,1.6,False,True,11.32
SHP-004760,5773,2026-06-17,USPS,USPS Priority Mail,US_domestic,460,7.76,1.35,False,True,9.11
SHP-004761,5780,2026-06-17,USPS,USPS Ground Advantage,US_domestic,270,5.77,1.1,False,True,6.869999999999999
SHP-004762,5781,2026-06-17,USPS,USPS Ground Advantage,US_domestic,270,6.04,1.1,False,True,7.140000000000001
SHP-004763,5793,2026-06-17,USPS,USPS Priority Mail International,CA,270,13.21,1.1,False,True,14.31
SHP-004764,5805,2026-06-17,USPS,USPS Ground Advantage,US_domestic,300,5.97,1.1,False,True,7.07
SHP-004765,5807,2026-06-17,USPS,USPS Ground Advantage,US_domestic,380,5.83,1.1,False,True,6.93
SHP-004766,5813,2026-06-17,USPS,USPS Ground Advantage,US_domestic,270,5.81,1.1,False,True,6.91
SHP-004767,5816,2026-06-17,USPS,USPS Priority Mail International,AU,550,23.96,1.6,False,True,25.560000000000002
SHP-004768,5825,2026-06-17,USPS,USPS Priority Mail,US_domestic,500,7.57,1.35,False,True,8.92
SHP-004769,5786,2026-06-18,USPS,USPS Priority Mail,US_domestic,990,9.85,2.1,False,True,11.95
SHP-004770,5788,2026-06-18,USPS,USPS Ground Advantage,US_domestic,390,5.76,1.1,False,True,6.859999999999999
SHP-004771,5795,2026-06-18,USPS,USPS Ground Advantage,US_domestic,270,5.72,1.1,False,True,6.82
SHP-004772,5796,2026-06-18,USPS,USPS Priority Mail International,CA,270,13.11,1.1,False,True,14.209999999999999
SHP-004773,5799,2026-06-18,USPS,USPS Ground Advantage,US_domestic,270,5.96,1.1,False,True,7.0600000000000005
SHP-004774,5808,2026-06-18,USPS,USPS Priority Mail,US_domestic,720,9.95,2.35,False,True,12.299999999999999
SHP-004775,5812,2026-06-18,USPS,USPS Ground Advantage,US_domestic,265,5.87,1.1,False,True,6.970000000000001
SHP-004776,5817,2026-06-18,USPS,USPS Ground Advantage,US_domestic,310,5.83,1.1,False,True,6.93
SHP-004777,5823,2026-06-18,USPS,USPS Ground Advantage,US_domestic,320,5.6,1.1,False,True,6.699999999999999
SHP-004778,5833,2026-06-18,USPS,USPS Priority Mail,US_domestic,790,9.91,1.85,False,True,11.76
SHP-004779,5843,2026-06-18,USPS,USPS Ground Advantage,US_domestic,310,5.8,1.1,False,True,6.9
SHP-004780,5845,2026-06-18,USPS,USPS Ground Advantage,US_domestic,340,5.83,1.35,False,True,7.18
SHP-004781,5476,2026-06-19,USPS,USPS Ground Advantage,US_domestic,265,5.84,1.1,False,True,6.9399999999999995
SHP-004782,5804,2026-06-19,USPS,USPS Priority Mail,US_domestic,680,7.35,1.6,False,True,8.95
SHP-004783,5806,2026-06-19,USPS,USPS Ground Advantage,US_domestic,440,7.65,1.35,False,True,9.0
SHP-004784,5809,2026-06-19,USPS,USPS Priority Mail International,CA,380,14.01,1.1,False,True,15.11
SHP-004785,5810,2026-06-19,USPS,USPS Ground Advantage,US_domestic,310,5.84,1.1,False,True,6.9399999999999995
SHP-004786,5814,2026-06-19,USPS,USPS Ground Advantage,US_domestic,270,5.97,1.1,False,True,7.07
SHP-004787,5818,2026-06-19,USPS,USPS Priority Mail International,CA,1020,20.37,2.1,False,True,22.470000000000002
SHP-004788,5820,2026-06-19,USPS,USPS Priority Mail,US_domestic,870,9.81,1.85,False,True,11.66
SHP-004789,5821,2026-06-19,USPS,USPS Ground Advantage,US_domestic,270,5.88,1.1,False,True,6.98
SHP-004790,5822,2026-06-19,USPS,USPS Priority Mail,US_domestic,700,7.54,1.85,False,True,9.39
SHP-004791,5824,2026-06-19,USPS,USPS Priority Mail International,GB,390,18.97,1.35,False,True,20.32
SHP-004792,5826,2026-06-19,USPS,USPS Ground Advantage,US_domestic,270,6.02,1.1,False,True,7.119999999999999
SHP-004793,5827,2026-06-19,USPS,USPS Ground Advantage,US_domestic,380,5.83,1.35,False,True,7.18
SHP-004794,5829,2026-06-19,USPS,USPS Priority Mail,US_domestic,650,7.6,1.6,False,True,9.2
SHP-004795,5831,2026-06-19,USPS,USPS Ground Advantage,US_domestic,265,5.54,1.1,False,True,6.640000000000001
SHP-004796,5832,2026-06-19,USPS,USPS Ground Advantage,US_domestic,390,5.9,1.35,False,True,7.25
SHP-004797,5837,2026-06-19,USPS,USPS Priority Mail,US_domestic,805,10.21,2.35,False,True,12.56
SHP-004798,5847,2026-06-19,USPS,USPS Ground Advantage,US_domestic,340,6.07,1.35,False,True,7.42
SHP-004799,5848,2026-06-19,USPS,USPS Priority Mail,US_domestic,500,7.74,1.35,False,True,9.09
SHP-004800,5853,2026-06-19,USPS,USPS Ground Advantage,US_domestic,220,5.88,1.1,False,True,6.98
SHP-004801,5857,2026-06-19,USPS,USPS Priority Mail International,CA,740,17.68,2.6,False,True,20.28
SHP-004802,5860,2026-06-19,USPS,USPS Ground Advantage,US_domestic,270,5.89,1.1,False,True,6.99
SHP-004803,5861,2026-06-19,USPS,USPS Priority Mail,US_domestic,800,10.08,2.1,False,True,12.18
SHP-004804,5863,2026-06-19,USPS,USPS Priority Mail,US_domestic,1130,9.91,2.1,False,True,12.01
SHP-004805,5866,2026-06-19,USPS,USPS Priority Mail,US_domestic,770,10.23,2.1,False,True,12.33
SHP-004806,5868,2026-06-19,USPS,USPS Priority Mail,US_domestic,630,7.7,1.35,False,True,9.05
SHP-004807,5870,2026-06-19,USPS,USPS Ground Advantage,US_domestic,270,5.81,1.1,False,True,6.91
SHP-004808,5688,2026-06-20,USPS,USPS Ground Advantage,US_domestic,670,7.74,1.1,False,True,8.84
SHP-004809,5819,2026-06-20,USPS,USPS Priority Mail,US_domestic,900,10.22,1.85,False,True,12.07
SHP-004810,5828,2026-06-20,USPS,USPS Ground Advantage,US_domestic,270,6.07,1.1,False,True,7.17
SHP-004811,5830,2026-06-20,USPS,USPS Ground Advantage,US_domestic,320,6.08,1.1,False,True,7.18
SHP-004812,5835,2026-06-20,USPS,USPS Priority Mail International,CA,740,17.69,1.85,False,True,19.540000000000003
SHP-004813,5836,2026-06-20,USPS,USPS Ground Advantage,US_domestic,270,5.79,1.1,False,True,6.890000000000001
SHP-004814,5841,2026-06-20,USPS,USPS Priority Mail,US_domestic,610,7.6,1.85,False,True,9.45
SHP-004815,5844,2026-06-20,USPS,USPS Priority Mail International,AU,270,19.79,1.1,False,True,20.89
SHP-004816,5855,2026-06-20,USPS,USPS Priority Mail,US_domestic,1305,12.86,2.1,False,True,14.959999999999999
SHP-004817,5859,2026-06-20,USPS,USPS Ground Advantage,US_domestic,430,6.65,1.35,True,True,8.0
SHP-004818,5869,2026-06-20,USPS,USPS Priority Mail International,CA,480,15.16,1.35,False,True,16.51
SHP-004819,5876,2026-06-20,USPS,USPS Priority Mail,US_domestic,630,7.46,1.35,False,True,8.81
SHP-004820,5880,2026-06-20,USPS,USPS Ground Advantage,US_domestic,270,5.79,1.1,False,True,6.890000000000001
SHP-004821,5882,2026-06-20,USPS,USPS Priority Mail,US_domestic,610,7.83,1.35,False,True,9.18
SHP-004822,5884,2026-06-20,USPS,USPS Ground Advantage,US_domestic,415,7.66,1.35,False,True,9.01
SHP-004823,5888,2026-06-20,USPS,USPS Priority Mail,US_domestic,940,10.01,2.35,False,True,12.36
SHP-004824,5834,2026-06-21,USPS,USPS Priority Mail,US_domestic,540,7.74,1.6,False,True,9.34
SHP-004825,5838,2026-06-21,USPS,USPS Ground Advantage,US_domestic,390,5.82,1.35,False,True,7.17
SHP-004826,5839,2026-06-21,USPS,USPS Priority Mail International,CA,270,12.63,1.1,False,True,13.73
SHP-004827,5840,2026-06-21,USPS,USPS Priority Mail,US_domestic,670,7.65,1.1,False,True,8.75
SHP-004828,5842,2026-06-21,USPS,USPS Ground Advantage,US_domestic,390,5.85,1.1,False,True,6.949999999999999
SHP-004829,5846,2026-06-21,USPS,USPS Ground Advantage,US_domestic,410,7.67,1.1,False,True,8.77
SHP-004830,5849,2026-06-21,USPS,USPS Ground Advantage,US_domestic,270,5.49,1.1,False,True,6.59
SHP-004831,5852,2026-06-21,USPS,USPS Ground Advantage,US_domestic,270,5.66,1.1,False,True,6.76
SHP-004832,5854,2026-06-21,USPS,USPS Priority Mail,US_domestic,680,7.61,1.6,False,True,9.21
SHP-004833,5856,2026-06-21,USPS,USPS Ground Advantage,US_domestic,320,5.58,1.1,False,True,6.68
SHP-004834,5858,2026-06-21,USPS,USPS Ground Advantage,US_domestic,270,5.69,1.1,False,True,6.790000000000001
SHP-004835,5862,2026-06-21,USPS,USPS Ground Advantage,US_domestic,380,5.83,1.1,False,True,6.93
SHP-004836,5871,2026-06-21,USPS,USPS Priority Mail,US_domestic,1220,12.96,2.85,False,True,15.81
SHP-004837,5873,2026-06-21,USPS,USPS Priority Mail International,CA,415,14.4,1.35,False,True,15.75
SHP-004838,5874,2026-06-21,USPS,USPS Priority Mail,US_domestic,950,10.01,2.1,False,True,12.11
SHP-004839,5875,2026-06-21,USPS,USPS Priority Mail International,AU,300,19.77,1.1,False,True,20.87
SHP-004840,5877,2026-06-21,USPS,USPS Priority Mail,US_domestic,700,7.77,1.6,False,True,9.37
SHP-004841,5878,2026-06-21,USPS,USPS Ground Advantage,US_domestic,265,5.65,1.1,False,True,6.75
SHP-004842,5879,2026-06-21,USPS,USPS Priority Mail,US_domestic,700,7.77,1.6,False,True,9.37
SHP-004843,5886,2026-06-21,USPS,USPS Priority Mail,US_domestic,980,10.04,1.85,False,True,11.889999999999999
SHP-004844,5887,2026-06-21,USPS,USPS Priority Mail,US_domestic,500,7.68,1.6,False,True,9.28
SHP-004845,5889,2026-06-21,USPS,USPS Priority Mail International,AU,470,23.02,1.35,False,True,24.37
SHP-004846,5894,2026-06-21,USPS,USPS Priority Mail,US_domestic,1060,9.85,2.1,False,True,11.95
SHP-004847,5897,2026-06-21,USPS,USPS Priority Mail,US_domestic,530,7.34,1.35,False,True,8.69
SHP-004848,5901,2026-06-21,USPS,USPS Ground Advantage,US_domestic,265,5.9,1.1,False,True,7.0
SHP-004849,5910,2026-06-21,USPS,USPS Priority Mail International,CA,510,14.86,1.35,True,True,16.21
SHP-004850,5917,2026-06-21,USPS,USPS Ground Advantage,US_domestic,310,5.58,1.1,False,True,6.68
SHP-004851,5850,2026-06-22,USPS,USPS Ground Advantage,US_domestic,270,5.75,1.1,False,True,6.85
SHP-004852,5851,2026-06-22,USPS,USPS Priority Mail,US_domestic,640,7.5,1.35,False,True,8.85
SHP-004853,5864,2026-06-22,USPS,USPS Priority Mail,US_domestic,805,10.23,2.35,False,True,12.58
SHP-004854,5865,2026-06-22,USPS,USPS Priority Mail,US_domestic,985,10.12,2.1,False,True,12.219999999999999
SHP-004855,5867,2026-06-22,USPS,USPS Ground Advantage,US_domestic,270,5.85,1.1,False,True,6.949999999999999
SHP-004856,5872,2026-06-22,USPS,USPS Ground Advantage,US_domestic,380,6.31,1.1,True,True,7.41
SHP-004857,5881,2026-06-22,USPS,USPS Priority Mail,US_domestic,545,7.65,1.6,False,True,9.25
SHP-004858,5885,2026-06-22,USPS,USPS Priority Mail,US_domestic,970,10.09,2.1,False,True,12.19
SHP-004859,5890,2026-06-22,USPS,USPS Priority Mail,US_domestic,1220,13.26,2.1,False,True,15.36
SHP-004860,5891,2026-06-22,USPS,USPS Priority Mail International,CA,270,12.83,1.1,False,True,13.93
SHP-004861,5906,2026-06-22,USPS,USPS Ground Advantage,US_domestic,270,5.88,1.1,False,True,6.98
SHP-004862,5907,2026-06-22,USPS,USPS Ground Advantage,US_domestic,220,5.81,1.1,False,True,6.91
SHP-004863,5909,2026-06-22,USPS,USPS Priority Mail International,GB,1050,26.66,2.6,False,True,29.26
SHP-004864,5911,2026-06-22,USPS,USPS Priority Mail,US_domestic,490,7.75,1.35,False,True,9.1
SHP-004865,5912,2026-06-22,USPS,USPS Ground Advantage,US_domestic,270,5.87,1.1,False,True,6.970000000000001
SHP-004866,5913,2026-06-22,USPS,USPS Priority Mail,US_domestic,980,10.07,1.85,False,True,11.92
SHP-004867,5921,2026-06-22,USPS,USPS Priority Mail,US_domestic,800,9.85,2.35,False,True,12.2
SHP-004868,5931,2026-06-22,USPS,USPS Priority Mail,US_domestic,495,7.56,1.35,False,True,8.91
SHP-004869,5935,2026-06-22,USPS,USPS Priority Mail,US_domestic,530,7.64,1.35,False,True,8.99
SHP-004870,5937,2026-06-22,USPS,USPS Priority Mail,US_domestic,525,7.52,1.35,False,True,8.87
SHP-004871,5883,2026-06-23,USPS,USPS Ground Advantage,US_domestic,380,5.78,1.1,False,True,6.880000000000001
SHP-004872,5893,2026-06-23,USPS,USPS Ground Advantage,US_domestic,265,5.78,1.1,False,True,6.880000000000001
SHP-004873,5895,2026-06-23,USPS,USPS Priority Mail,US_domestic,1100,10.06,2.1,False,True,12.16
SHP-004874,5899,2026-06-23,USPS,USPS Ground Advantage,US_domestic,380,5.85,1.1,False,True,6.949999999999999
SHP-004875,5900,2026-06-23,USPS,USPS Priority Mail International,CA,390,14.35,1.35,False,True,15.7
SHP-004876,5905,2026-06-23,USPS,USPS Priority Mail,US_domestic,1050,9.93,2.1,False,True,12.03
SHP-004877,5914,2026-06-23,USPS,USPS Ground Advantage,US_domestic,300,5.87,1.1,False,True,6.970000000000001
SHP-004878,5915,2026-06-23,USPS,USPS Ground Advantage,US_domestic,265,5.8,1.1,False,True,6.9
SHP-004879,5916,2026-06-23,USPS,USPS Ground Advantage,US_domestic,265,5.98,1.1,False,True,7.08
SHP-004880,5923,2026-06-23,USPS,USPS Priority Mail,US_domestic,540,7.55,1.35,False,True,8.9
SHP-004881,5929,2026-06-23,USPS,USPS Ground Advantage,US_domestic,300,5.76,1.1,False,True,6.859999999999999
SHP-004882,5934,2026-06-23,USPS,USPS Ground Advantage,US_domestic,300,5.77,1.1,True,True,6.869999999999999
SHP-004883,5943,2026-06-23,USPS,USPS Ground Advantage,US_domestic,310,5.71,1.1,False,True,6.8100000000000005
SHP-004884,5946,2026-06-23,USPS,USPS Ground Advantage,US_domestic,430,7.46,1.35,False,True,8.81
SHP-004885,5949,2026-06-23,USPS,USPS Priority Mail,US_domestic,730,10.06,2.1,False,True,12.16
SHP-004886,5892,2026-06-24,USPS,USPS Ground Advantage,US_domestic,390,5.97,1.1,False,True,7.07
SHP-004887,5896,2026-06-24,USPS,USPS Ground Advantage,US_domestic,220,5.93,1.1,False,True,7.029999999999999
SHP-004888,5902,2026-06-24,USPS,USPS Priority Mail,US_domestic,530,7.65,1.35,False,True,9.0
SHP-004889,5903,2026-06-24,USPS,USPS Priority Mail,US_domestic,750,9.89,1.6,False,True,11.49
SHP-004890,5904,2026-06-24,USPS,USPS Ground Advantage,US_domestic,380,5.95,1.1,False,True,7.050000000000001
SHP-004891,5908,2026-06-24,USPS,USPS Ground Advantage,US_domestic,265,5.8,1.1,False,True,6.9
SHP-004892,5918,2026-06-24,USPS,USPS Ground Advantage,US_domestic,220,5.76,1.1,False,True,6.859999999999999
SHP-004893,5919,2026-06-24,USPS,USPS Ground Advantage,US_domestic,440,7.72,1.35,False,True,9.07
SHP-004894,5920,2026-06-24,USPS,USPS Ground Advantage,US_domestic,270,5.81,1.1,False,True,6.91
SHP-004895,5924,2026-06-24,USPS,USPS Ground Advantage,US_domestic,270,5.75,1.1,False,True,6.85
SHP-004896,5926,2026-06-24,USPS,USPS Ground Advantage,US_domestic,320,5.89,1.1,False,True,6.99
SHP-004897,5927,2026-06-24,USPS,USPS Ground Advantage,US_domestic,310,5.88,1.1,False,True,6.98
SHP-004898,5930,2026-06-24,USPS,USPS Priority Mail International,CA,390,14.12,1.1,False,True,15.219999999999999
SHP-004899,5932,2026-06-24,USPS,USPS Ground Advantage,US_domestic,270,5.84,1.1,False,True,6.9399999999999995
SHP-004900,5944,2026-06-24,USPS,USPS Priority Mail,US_domestic,750,10.21,1.6,False,True,11.81
SHP-004901,5952,2026-06-24,USPS,USPS Priority Mail,US_domestic,645,7.6,1.6,False,True,9.2
SHP-004902,5954,2026-06-24,USPS,USPS Ground Advantage,US_domestic,300,5.82,1.1,False,True,6.92
SHP-004903,5956,2026-06-24,USPS,USPS Priority Mail,US_domestic,920,9.94,1.85,False,True,11.79
SHP-004904,5960,2026-06-24,USPS,USPS Ground Advantage,US_domestic,270,5.71,1.1,False,True,6.8100000000000005
SHP-004905,5961,2026-06-24,USPS,USPS Priority Mail,US_domestic,630,7.49,1.35,False,True,8.84
SHP-004906,5963,2026-06-24,USPS,USPS Ground Advantage,US_domestic,380,5.96,1.35,False,True,7.3100000000000005
SHP-004907,5922,2026-06-25,USPS,USPS Priority Mail,US_domestic,650,7.45,1.35,False,True,8.8
SHP-004908,5925,2026-06-25,USPS,USPS Priority Mail,US_domestic,540,7.63,1.6,False,True,9.23
SHP-004909,5928,2026-06-25,USPS,USPS Priority Mail,US_domestic,650,7.61,1.6,False,True,9.21
SHP-004910,5933,2026-06-25,USPS,USPS Ground Advantage,US_domestic,320,5.94,1.1,False,True,7.040000000000001
SHP-004911,5936,2026-06-25,USPS,USPS Priority Mail,US_domestic,1070,9.8,2.6,False,True,12.4
SHP-004912,5938,2026-06-25,USPS,USPS Priority Mail,US_domestic,750,9.91,1.6,False,True,11.51
SHP-004913,5941,2026-06-25,USPS,USPS Ground Advantage,US_domestic,380,5.74,1.1,False,True,6.84
SHP-004914,5945,2026-06-25,USPS,USPS Ground Advantage,US_domestic,270,5.8,1.1,False,True,6.9
SHP-004915,5947,2026-06-25,USPS,USPS Ground Advantage,US_domestic,270,5.96,1.1,False,True,7.0600000000000005
SHP-004916,5951,2026-06-25,USPS,USPS Ground Advantage,US_domestic,270,5.64,1.1,False,True,6.74
SHP-004917,5957,2026-06-25,USPS,USPS Priority Mail,US_domestic,670,7.79,1.85,False,True,9.64
SHP-004918,5966,2026-06-25,USPS,USPS Ground Advantage,US_domestic,430,7.93,1.35,False,True,9.28
SHP-004919,5971,2026-06-25,USPS,USPS Priority Mail,US_domestic,670,7.64,1.1,False,True,8.74
SHP-004920,5974,2026-06-25,USPS,USPS Ground Advantage,US_domestic,390,5.6,1.35,False,True,6.949999999999999
SHP-004921,5978,2026-06-25,USPS,USPS Priority Mail International,GB,310,16.85,1.1,False,True,17.950000000000003
SHP-004922,5982,2026-06-25,USPS,USPS Ground Advantage,US_domestic,410,7.44,1.1,False,True,8.540000000000001
SHP-004923,5939,2026-06-26,USPS,USPS Ground Advantage,US_domestic,390,5.74,1.35,False,True,7.09
SHP-004924,5940,2026-06-26,USPS,USPS Ground Advantage,US_domestic,265,6.09,1.1,False,True,7.1899999999999995
SHP-004925,5942,2026-06-26,USPS,USPS Ground Advantage,US_domestic,410,7.65,1.1,False,True,8.75
SHP-004926,5948,2026-06-26,USPS,USPS Ground Advantage,US_domestic,270,5.92,1.1,False,True,7.02
SHP-004927,5950,2026-06-26,USPS,USPS Priority Mail,US_domestic,1005,9.89,2.6,False,True,12.49
SHP-004928,5953,2026-06-26,USPS,USPS Priority Mail,US_domestic,770,9.63,2.6,False,True,12.23
SHP-004929,5955,2026-06-26,USPS,USPS Ground Advantage,US_domestic,390,5.78,1.35,False,True,7.130000000000001
SHP-004930,5959,2026-06-26,USPS,USPS Priority Mail International,CA,270,13.18,1.1,False,True,14.28
SHP-004931,5962,2026-06-26,USPS,USPS Ground Advantage,US_domestic,380,5.68,1.1,False,True,6.779999999999999
SHP-004932,5964,2026-06-26,USPS,USPS Ground Advantage,US_domestic,270,5.7,1.1,False,True,6.800000000000001
SHP-004933,5970,2026-06-26,USPS,USPS Priority Mail,US_domestic,680,7.8,2.1,False,True,9.9
SHP-004934,5975,2026-06-26,USPS,USPS Priority Mail,US_domestic,670,7.68,1.1,False,True,8.78
SHP-004935,5976,2026-06-26,USPS,USPS Priority Mail,US_domestic,590,7.69,1.6,False,True,9.290000000000001
SHP-004936,5979,2026-06-26,USPS,USPS Ground Advantage,US_domestic,425,7.93,1.35,False,True,9.28
SHP-004937,5984,2026-06-26,USPS,USPS Priority Mail,US_domestic,1040,10.14,2.1,False,True,12.24
SHP-004938,5985,2026-06-26,USPS,USPS Priority Mail,US_domestic,550,7.6,1.6,False,True,9.2
SHP-004939,5987,2026-06-26,USPS,USPS Ground Advantage,US_domestic,380,6.06,1.1,False,True,7.16
SHP-004940,5990,2026-06-26,USPS,USPS Priority Mail,US_domestic,750,10.06,1.6,False,True,11.66
SHP-004941,5992,2026-06-26,USPS,USPS Ground Advantage,US_domestic,270,5.98,1.1,False,True,7.08
SHP-004942,5993,2026-06-26,USPS,USPS Priority Mail,US_domestic,645,7.77,1.6,False,True,9.37
SHP-004943,5995,2026-06-26,USPS,USPS Ground Advantage,US_domestic,340,6.15,1.35,False,True,7.5
SHP-004944,5958,2026-06-27,USPS,USPS Priority Mail,US_domestic,1060,10.01,2.1,False,True,12.11
SHP-004945,5965,2026-06-27,USPS,USPS Priority Mail,US_domestic,850,10.12,2.35,False,True,12.469999999999999
SHP-004946,5968,2026-06-27,USPS,USPS Priority Mail,US_domestic,670,7.68,1.1,False,True,8.78
SHP-004947,5969,2026-06-27,USPS,USPS Priority Mail,US_domestic,590,7.52,1.6,False,True,9.12
SHP-004948,5972,2026-06-27,USPS,USPS Ground Advantage,US_domestic,265,5.8,1.1,False,True,6.9
SHP-004949,5973,2026-06-27,USPS,USPS Priority Mail,US_domestic,710,9.47,2.1,False,True,11.57
SHP-004950,5980,2026-06-27,USPS,USPS Priority Mail International,CA,510,14.74,1.35,False,True,16.09
SHP-004951,5983,2026-06-27,USPS,USPS Priority Mail International,CA,220,12.69,1.1,False,True,13.79
SHP-004952,5986,2026-06-27,USPS,USPS Priority Mail International,GB,410,19.3,1.1,False,True,20.400000000000002
SHP-004953,5988,2026-06-27,USPS,USPS Priority Mail,US_domestic,510,7.63,1.35,False,True,8.98
SHP-004954,5999,2026-06-27,USPS,USPS Ground Advantage,US_domestic,380,5.75,1.1,False,True,6.85
SHP-004955,6002,2026-06-27,USPS,USPS Priority Mail,US_domestic,530,7.51,1.6,False,True,9.11
SHP-004956,6004,2026-06-27,USPS,USPS Priority Mail,US_domestic,670,7.43,1.1,False,True,8.53
SHP-004957,5977,2026-06-28,USPS,USPS Ground Advantage,US_domestic,310,5.83,1.1,False,True,6.93
SHP-004958,5981,2026-06-28,USPS,USPS Priority Mail International,CA,380,14.04,1.1,False,True,15.139999999999999
SHP-004959,5994,2026-06-28,USPS,USPS Priority Mail,US_domestic,670,7.54,1.6,False,True,9.14
SHP-004960,5996,2026-06-28,USPS,USPS Ground Advantage,US_domestic,270,5.9,1.1,False,True,7.0
SHP-004961,6005,2026-06-28,USPS,USPS Ground Advantage,US_domestic,310,5.78,1.1,False,True,6.880000000000001
SHP-004962,6008,2026-06-28,USPS,USPS Ground Advantage,US_domestic,380,5.93,1.35,False,True,7.279999999999999
SHP-004963,6019,2026-06-28,USPS,USPS Ground Advantage,US_domestic,265,5.84,1.1,False,True,6.9399999999999995
SHP-004964,6028,2026-06-28,USPS,USPS Ground Advantage,US_domestic,380,5.82,1.1,False,True,6.92
SHP-004965,6029,2026-06-28,USPS,USPS Ground Advantage,US_domestic,270,5.77,1.1,False,True,6.869999999999999
SHP-004966,5989,2026-06-29,USPS,USPS Priority Mail International,CA,410,14.47,1.1,False,True,15.57
SHP-004967,5991,2026-06-29,USPS,USPS Ground Advantage,US_domestic,265,5.91,1.1,False,True,7.01
SHP-004968,5997,2026-06-29,USPS,USPS Priority Mail International,CA,380,13.83,1.1,False,True,14.93
SHP-004969,5998,2026-06-29,USPS,USPS Ground Advantage,US_domestic,270,5.87,1.1,False,True,6.970000000000001
SHP-004970,6000,2026-06-29,USPS,USPS Priority Mail,US_domestic,780,9.74,2.6,False,True,12.34
SHP-004971,6001,2026-06-29,USPS,USPS Ground Advantage,US_domestic,320,5.68,1.1,False,True,6.779999999999999
SHP-004972,6003,2026-06-29,USPS,USPS Ground Advantage,US_domestic,310,5.75,1.1,False,True,6.85
SHP-004973,6006,2026-06-29,USPS,USPS Ground Advantage,US_domestic,415,7.56,1.35,False,True,8.91
SHP-004974,6010,2026-06-29,USPS,USPS Priority Mail,US_domestic,1030,9.92,2.1,False,True,12.02
SHP-004975,6015,2026-06-29,USPS,USPS Priority Mail International,CA,430,14.22,1.35,False,True,15.57
SHP-004976,6016,2026-06-29,USPS,USPS Priority Mail,US_domestic,1270,12.52,1.85,False,True,14.37
SHP-004977,6020,2026-06-29,USPS,USPS Priority Mail,US_domestic,615,7.46,1.6,False,True,9.06
SHP-004978,6023,2026-06-29,USPS,USPS Priority Mail,US_domestic,500,7.72,1.35,False,True,9.07
SHP-004979,6024,2026-06-29,USPS,USPS Ground Advantage,US_domestic,265,5.68,1.1,False,True,6.779999999999999
SHP-004980,6031,2026-06-29,USPS,USPS Priority Mail,US_domestic,560,7.49,1.35,False,True,8.84
SHP-004981,6032,2026-06-29,USPS,USPS Priority Mail,US_domestic,750,9.69,1.6,False,True,11.29
SHP-004982,6038,2026-06-29,USPS,USPS Ground Advantage,US_domestic,220,5.88,1.1,False,True,6.98
SHP-004983,6042,2026-06-29,USPS,USPS Ground Advantage,US_domestic,270,5.74,1.1,False,True,6.84
SHP-004984,6045,2026-06-29,USPS,USPS Ground Advantage,US_domestic,300,5.76,1.1,False,True,6.859999999999999
SHP-004985,5792,2026-06-30,USPS,USPS Ground Advantage,US_domestic,750,9.94,1.1,False,True,11.04
SHP-004986,6007,2026-06-30,USPS,USPS Ground Advantage,US_domestic,300,5.87,1.1,False,True,6.970000000000001
SHP-004987,6009,2026-06-30,USPS,USPS Ground Advantage,US_domestic,320,5.91,1.1,False,True,7.01
SHP-004988,6011,2026-06-30,USPS,USPS Ground Advantage,US_domestic,300,5.78,1.1,False,True,6.880000000000001
SHP-004989,6012,2026-06-30,USPS,USPS Priority Mail,US_domestic,530,7.56,1.35,False,True,8.91
SHP-004990,6013,2026-06-30,USPS,USPS Priority Mail,US_domestic,490,7.3,1.35,True,True,8.65
SHP-004991,6021,2026-06-30,USPS,USPS Priority Mail,US_domestic,980,9.78,1.85,False,True,11.629999999999999
SHP-004992,6025,2026-06-30,USPS,USPS Priority Mail,US_domestic,610,7.52,1.6,False,True,9.12
SHP-004993,6026,2026-06-30,USPS,USPS Priority Mail,US_domestic,1170,10.13,2.35,False,True,12.48
SHP-004994,6030,2026-06-30,USPS,USPS Priority Mail,US_domestic,750,10.03,1.6,False,True,11.629999999999999
SHP-004995,6033,2026-06-30,USPS,USPS Priority Mail,US_domestic,730,9.72,2.35,False,True,12.07
SHP-004996,6036,2026-06-30,USPS,USPS Ground Advantage,US_domestic,270,5.76,1.1,False,True,6.859999999999999
SHP-004997,6041,2026-06-30,USPS,USPS Priority Mail,US_domestic,505,7.79,1.6,False,True,9.39
SHP-004998,6048,2026-06-30,USPS,USPS Ground Advantage,US_domestic,270,5.93,1.1,False,True,7.029999999999999
SHP-004999,6054,2026-06-30,USPS,USPS Ground Advantage,US_domestic,410,7.59,1.1,False,True,8.69
SHP-005000,6063,2026-06-30,USPS,USPS Priority Mail International,GB,750,23.74,1.6,False,True,25.34
SHP-005001,6065,2026-06-30,USPS,USPS Ground Advantage,US_domestic,270,5.89,1.1,False,True,6.99
SHP-005002,6066,2026-06-30,USPS,USPS Priority Mail,US_domestic,750,9.9,1.6,False,True,11.5
SHP-005003,6070,2026-06-30,USPS,USPS Ground Advantage,US_domestic,270,6.02,1.1,False,True,7.119999999999999
SHP-005004,6073,2026-06-30,USPS,USPS Priority Mail,US_domestic,1075,10.17,2.35,False,True,12.52
SHP-005005,6014,2026-07-01,USPS,USPS Priority Mail,US_domestic,910,9.94,2.1,False,True,12.04
SHP-005006,6017,2026-07-01,USPS,USPS Priority Mail International,CA,380,13.92,1.1,False,True,15.02
SHP-005007,6018,2026-07-01,USPS,USPS Priority Mail,US_domestic,1220,13.26,2.35,False,True,15.61
SHP-005008,6022,2026-07-01,USPS,USPS Priority Mail International,AU,270,19.19,1.1,False,True,20.290000000000003
SHP-005009,6027,2026-07-01,USPS,USPS Priority Mail,US_domestic,750,9.7,1.6,False,True,11.299999999999999
SHP-005010,6034,2026-07-01,USPS,USPS Priority Mail,US_domestic,790,9.95,2.35,False,True,12.299999999999999
SHP-005011,6035,2026-07-01,USPS,USPS Ground Advantage,US_domestic,270,5.77,1.1,False,True,6.869999999999999
SHP-005012,6037,2026-07-01,USPS,USPS Priority Mail International,CA,450,14.83,1.6,False,True,16.43
SHP-005013,6039,2026-07-01,USPS,USPS Priority Mail,US_domestic,985,10.18,2.1,False,True,12.28
SHP-005014,6049,2026-07-01,USPS,USPS Priority Mail,US_domestic,500,7.69,1.35,False,True,9.040000000000001
SHP-005015,6050,2026-07-01,USPS,USPS Ground Advantage,US_domestic,300,5.84,1.1,False,True,6.9399999999999995
SHP-005016,6052,2026-07-01,USPS,USPS Ground Advantage,US_domestic,310,5.71,1.1,False,True,6.8100000000000005
SHP-005017,6058,2026-07-01,USPS,USPS Priority Mail,US_domestic,1170,9.97,2.35,False,True,12.32
SHP-005018,6061,2026-07-01,USPS,USPS Priority Mail,US_domestic,980,9.71,1.85,False,True,11.56
SHP-005019,6040,2026-07-02,USPS,USPS Ground Advantage,US_domestic,390,5.8,1.35,False,True,7.15
SHP-005020,6043,2026-07-02,USPS,USPS Priority Mail International,CA,500,15.18,1.35,False,True,16.53
SHP-005021,6044,2026-07-02,USPS,USPS Priority Mail,US_domestic,770,9.86,2.6,False,True,12.459999999999999
SHP-005022,6046,2026-07-02,USPS,USPS Priority Mail,US_domestic,640,7.76,1.35,False,True,9.11
SHP-005023,6047,2026-07-02,USPS,USPS Priority Mail,US_domestic,615,7.62,1.6,False,True,9.22
SHP-005024,6053,2026-07-02,USPS,USPS Priority Mail,US_domestic,980,9.87,2.35,False,True,12.219999999999999
SHP-005025,6055,2026-07-02,USPS,USPS Ground Advantage,US_domestic,270,5.92,1.1,False,True,7.02
SHP-005026,6056,2026-07-02,USPS,USPS Priority Mail,US_domestic,615,7.57,1.6,False,True,9.17
SHP-005027,6057,2026-07-02,USPS,USPS Ground Advantage,US_domestic,380,6.0,1.1,False,True,7.1
SHP-005028,6067,2026-07-02,USPS,USPS Ground Advantage,US_domestic,380,5.92,1.1,False,True,7.02
SHP-005029,6069,2026-07-02,USPS,USPS Ground Advantage,US_domestic,270,5.83,1.1,False,True,6.93
SHP-005030,6072,2026-07-02,USPS,USPS Priority Mail International,AU,500,23.21,1.35,False,True,24.560000000000002
SHP-005031,6051,2026-07-03,USPS,USPS Ground Advantage,US_domestic,270,5.86,1.1,False,True,6.960000000000001
SHP-005032,6059,2026-07-03,USPS,USPS Priority Mail,US_domestic,530,7.59,1.35,False,True,8.94
SHP-005033,6060,2026-07-03,USPS,USPS Ground Advantage,US_domestic,300,5.73,1.1,False,True,6.83
SHP-005034,6062,2026-07-03,USPS,USPS Ground Advantage,US_domestic,270,5.79,1.1,False,True,6.890000000000001
SHP-005035,6068,2026-07-03,USPS,USPS Ground Advantage,US_domestic,410,7.78,1.1,False,True,8.88
SHP-005036,6071,2026-07-03,USPS,USPS Priority Mail,US_domestic,910,10.03,1.85,False,True,11.879999999999999
