discount_application_id,order_id,code,discount_type,percentage,amount,applies_to
9001,1001,SUMMER20,percentage,0.2,5.2,line_items
9002,1002,SUMMER20,percentage,0.2,12.4,line_items
9003,1003,SUMMER20,percentage,0.2,6.4,line_items
9004,1005,SUMMER20,percentage,0.2,21.6,line_items
9005,1006,SUMMER20,percentage,0.2,4.4,line_items
9006,1007,SUMMER20,percentage,0.2,5.8,line_items
9007,1008,SUMMER20,percentage,0.2,6.8,line_items
9008,1008,FREESHIP,free_shipping,,5.95,shipping
9009,1009,SUMMER20,percentage,0.2,4.4,line_items
9010,1010,AMELIA10,percentage,0.1,14.7,line_items
9011,1011,SUMMER20,percentage,0.2,11.2,line_items
9012,1012,SUMMER20,percentage,0.2,23.6,line_items
9013,1013,AMELIA10,percentage,0.1,5.4,line_items
9014,1014,SUMMER20,percentage,0.2,6.8,line_items
9015,1015,SUMMER20,percentage,0.2,5.8,line_items
9016,1015,WELCOME15,percentage,0.15,3.48,line_items
9017,1016,TEST100,percentage,1.0,34.0,line_items
9018,1019,SUMMER20,percentage,0.2,13.2,line_items
9019,1020,SUMMER20,percentage,0.2,10.2,line_items
9020,1021,SUMMER20,percentage,0.2,6.4,line_items
9021,1022,WELCOME15,percentage,0.15,8.1,line_items
9022,1023,SUMMER20,percentage,0.2,11.2,line_items
9023,1025,SUMMER20,percentage,0.2,6.8,line_items
9024,1026,SUMMER20,percentage,0.2,5.8,line_items
9025,1027,SUMMER20,percentage,0.2,4.4,line_items
9026,1028,SUMMER20,percentage,0.2,16.8,line_items
9027,1030,SUMMER20,percentage,0.2,21.6,line_items
9028,1031,SUMMER20,percentage,0.2,12.4,line_items
9029,1032,WELCOME15,percentage,0.15,5.1,line_items
9030,1033,WELCOME15,percentage,0.15,7.2,line_items
9031,1036,WELCOME15,percentage,0.15,13.2,line_items
9032,1037,SUMMER20,percentage,0.2,6.8,line_items
9033,1038,SUMMER20,percentage,0.2,16.8,line_items
9034,1039,SUMMER20,percentage,0.2,6.8,line_items
9035,1040,SUMMER20,percentage,0.2,6.8,line_items
9036,1040,WELCOME15,percentage,0.15,4.08,line_items
9037,1041,SUMMER20,percentage,0.2,5.8,line_items
9038,1044,SUMMER20,percentage,0.2,11.2,line_items
9039,1045,WELCOME15,percentage,0.15,10.2,line_items
9040,1046,SUMMER20,percentage,0.2,5.6,line_items
9041,1047,SUMMER20,percentage,0.2,13.2,line_items
9042,1050,SUMMER20,percentage,0.2,6.8,line_items
9043,1051,SUMMER20,percentage,0.2,11.2,line_items
9044,1055,GLOWWITHSAM12,percentage,0.12,10.8,line_items
9045,1055,WELCOME15,percentage,0.15,11.88,line_items
9046,1056,SUMMER20,percentage,0.2,11.2,line_items
9047,1057,SUMMER20,percentage,0.2,8.8,line_items
9048,1058,SUMMER20,percentage,0.2,5.2,line_items
9049,1060,SUMMER20,percentage,0.2,16.8,line_items
9050,1062,WELCOME15,percentage,0.15,10.2,line_items
9051,1063,SUMMER20,percentage,0.2,10.0,line_items
9052,1066,SUMMER20,percentage,0.2,13.6,line_items
9053,1067,SUMMER20,percentage,0.2,16.8,line_items
9054,1067,WELCOME15,percentage,0.15,10.08,line_items
9055,1068,SUMMER20,percentage,0.2,23.6,line_items
9056,1069,SUMMER20,percentage,0.2,15.6,line_items
9057,1070,WELCOME15,percentage,0.15,3.3,line_items
9058,1070,FREESHIP,free_shipping,,12.95,shipping
9059,1071,WELCOME15,percentage,0.15,4.8,line_items
9060,1073,SUMMER20,percentage,0.2,8.8,line_items
9061,1074,SUMMER20,percentage,0.2,21.2,line_items
9062,1075,SUMMER20,percentage,0.2,4.8,line_items
9063,1076,SUMMER20,percentage,0.2,15.6,line_items
9064,1078,WELCOME15,percentage,0.15,5.1,line_items
9065,1079,WELCOME15,percentage,0.15,8.7,line_items
9066,1082,SUMMER20,percentage,0.2,8.8,line_items
9067,1084,SUMMER20,percentage,0.2,6.8,line_items
9068,1084,WELCOME15,percentage,0.15,4.08,line_items
9069,1085,SUMMER20,percentage,0.2,6.8,line_items
9070,1086,WELCOME15,percentage,0.15,9.9,line_items
9071,1087,SUMMER20,percentage,0.2,4.8,line_items
9072,1088,WELCOME15,percentage,0.15,4.8,line_items
9073,1091,SUMMER20,percentage,0.2,16.8,line_items
9074,1092,SUMMER20,percentage,0.2,5.6,line_items
9075,1094,SUMMER20,percentage,0.2,9.6,line_items
9076,1095,SUMMER20,percentage,0.2,13.2,line_items
9077,1096,SUMMER20,percentage,0.2,6.8,line_items
9078,1098,WELCOME15,percentage,0.15,5.1,line_items
9079,1099,SUMMER20,percentage,0.2,4.8,line_items
9080,1099,WELCOME15,percentage,0.15,2.88,line_items
9081,1101,SUMMER20,percentage,0.2,17.2,line_items
9082,1104,SUMMER20,percentage,0.2,6.8,line_items
9083,1104,WELCOME15,percentage,0.15,4.08,line_items
9084,1105,SUMMER20,percentage,0.2,25.6,line_items
9085,1108,SUMMER20,percentage,0.2,5.8,line_items
9086,1110,WELCOME15,percentage,0.15,5.1,line_items
9087,1110,FREESHIP,free_shipping,,12.95,shipping
9088,1111,FREESHIP,free_shipping,,12.95,shipping
9089,1112,SUMMER20,percentage,0.2,4.4,line_items
9090,1116,SUMMER20,percentage,0.2,6.8,line_items
9091,1117,WELCOME15,percentage,0.15,3.9,line_items
9092,1119,SUMMER20,percentage,0.2,15.6,line_items
9093,1120,SUMMER20,percentage,0.2,11.6,line_items
9094,1122,SUMMER20,percentage,0.2,8.8,line_items
9095,1123,SUMMER20,percentage,0.2,16.8,line_items
9096,1125,SUMMER20,percentage,0.2,6.8,line_items
9097,1126,SUMMER20,percentage,0.2,24.0,line_items
9098,1127,SUMMER20,percentage,0.2,4.4,line_items
9099,1128,SUMMER20,percentage,0.2,5.2,line_items
9100,1131,SUMMER20,percentage,0.2,4.4,line_items
9101,1132,SUMMER20,percentage,0.2,13.2,line_items
9102,1133,SUMMER20,percentage,0.2,13.6,line_items
9103,1134,WELCOME15,percentage,0.15,12.6,line_items
9104,1135,SUMMER20,percentage,0.2,4.8,line_items
9105,1136,SUMMER20,percentage,0.2,6.8,line_items
9106,1137,SUMMER20,percentage,0.2,11.6,line_items
9107,1137,WELCOME15,percentage,0.15,6.96,line_items
9108,1138,SUMMER20,percentage,0.2,13.6,line_items
9109,1139,SUMMER20,percentage,0.2,11.2,line_items
9110,1140,SUMMER20,percentage,0.2,14.6,line_items
9111,1141,SUMMER20,percentage,0.2,10.2,line_items
9112,1142,SUMMER20,percentage,0.2,23.2,line_items
9113,1142,WELCOME15,percentage,0.15,13.92,line_items
9114,1143,SUMMER20,percentage,0.2,4.4,line_items
9115,1144,SUMMER20,percentage,0.2,6.8,line_items
9116,1145,SUMMER20,percentage,0.2,17.6,line_items
9117,1147,SUMMER20,percentage,0.2,6.4,line_items
9118,1149,SUMMER20,percentage,0.2,8.8,line_items
9119,1152,SUMMER20,percentage,0.2,6.4,line_items
9120,1153,WELCOME15,percentage,0.15,13.8,line_items
9121,1154,WELCOME15,percentage,0.15,3.9,line_items
9122,1155,FREESHIP,free_shipping,,5.95,shipping
9123,1156,SUMMER20,percentage,0.2,16.8,line_items
9124,1157,WELCOME15,percentage,0.15,12.9,line_items
9125,1158,WELCOME15,percentage,0.15,10.2,line_items
9126,1161,NOURISHED15,percentage,0.15,4.35,line_items
9127,1162,SUMMER20,percentage,0.2,12.6,line_items
9128,1163,SKINBYJORDAN15,percentage,0.15,5.1,line_items
9129,1166,SUMMER20,percentage,0.2,23.6,line_items
9130,1166,WELCOME15,percentage,0.15,14.16,line_items
9131,1167,WELCOME15,percentage,0.15,21.3,line_items
9132,1169,SUMMER20,percentage,0.2,4.8,line_items
9133,1170,SUMMER20,percentage,0.2,23.6,line_items
9134,1171,WELCOME15,percentage,0.15,16.65,line_items
9135,1172,SUMMER20,percentage,0.2,8.8,line_items
9136,1175,SUMMER20,percentage,0.2,24.4,line_items
9137,1176,AMELIA10,percentage,0.1,3.4,line_items
9138,1177,SUMMER20,percentage,0.2,8.8,line_items
9139,1178,SUMMER20,percentage,0.2,6.8,line_items
9140,1179,AMELIA10,percentage,0.1,3.4,line_items
9141,1182,WELCOME15,percentage,0.15,7.2,line_items
9142,1183,WELCOME15,percentage,0.15,3.3,line_items
9143,1183,FREESHIP,free_shipping,,5.95,shipping
9144,1185,SUMMER20,percentage,0.2,4.4,line_items
9145,1187,WELCOME15,percentage,0.15,18.45,line_items
9146,1188,SUMMER20,percentage,0.2,11.6,line_items
9147,1189,SUMMER20,percentage,0.2,5.2,line_items
9148,1190,SUMMER20,percentage,0.2,34.4,line_items
9149,1191,SUMMER20,percentage,0.2,13.6,line_items
9150,1192,SUMMER20,percentage,0.2,17.6,line_items
9151,1193,SUMMER20,percentage,0.2,10.2,line_items
9152,1194,SUMMER20,percentage,0.2,8.8,line_items
9153,1195,SUMMER20,percentage,0.2,16.8,line_items
9154,1196,SUMMER20,percentage,0.2,6.4,line_items
9155,1197,SUMMER20,percentage,0.2,8.8,line_items
9156,1198,SUMMER20,percentage,0.2,12.6,line_items
9157,1199,NOURISHED15,percentage,0.15,9.3,line_items
9158,1200,SUMMER20,percentage,0.2,9.6,line_items
9159,1200,WELCOME15,percentage,0.15,5.76,line_items
9160,1201,SUMMER20,percentage,0.2,11.2,line_items
9161,1202,SKINBYJORDAN15,percentage,0.15,13.8,line_items
9162,1204,WELCOME15,percentage,0.15,3.3,line_items
9163,1205,WELCOME15,percentage,0.15,8.7,line_items
9164,1206,WELCOME15,percentage,0.15,16.95,line_items
9165,1208,SUMMER20,percentage,0.2,23.6,line_items
9166,1209,AMELIA10,percentage,0.1,2.9,line_items
9167,1210,WELCOME15,percentage,0.15,15.9,line_items
9168,1216,SUMMER20,percentage,0.2,6.8,line_items
9169,1218,SUMMER20,percentage,0.2,4.8,line_items
9170,1219,SUMMER20,percentage,0.2,11.2,line_items
9171,1220,SUMMER20,percentage,0.2,6.4,line_items
9172,1221,SUMMER20,percentage,0.2,32.0,line_items
9173,1222,FREESHIP,free_shipping,,12.95,shipping
9174,1223,WELCOME15,percentage,0.15,4.8,line_items
9175,1225,WELCOME15,percentage,0.15,12.9,line_items
9176,1226,SUMMER20,percentage,0.2,6.8,line_items
9177,1227,SUMMER20,percentage,0.2,13.6,line_items
9178,1228,SUMMER20,percentage,0.2,6.8,line_items
9179,1228,WELCOME15,percentage,0.15,4.08,line_items
9180,1229,WELCOME15,percentage,0.15,3.9,line_items
9181,1230,SUMMER20,percentage,0.2,6.8,line_items
9182,1231,SUMMER20,percentage,0.2,4.8,line_items
9183,1233,SUMMER20,percentage,0.2,6.8,line_items
9184,1234,WELCOME15,percentage,0.15,4.2,line_items
9185,1235,FREESHIP,free_shipping,,5.95,shipping
9186,1236,SUMMER20,percentage,0.2,23.8,line_items
9187,1236,WELCOME15,percentage,0.15,14.28,line_items
9188,1237,WELCOME15,percentage,0.15,3.3,line_items
9189,1240,SUMMER20,percentage,0.2,8.8,line_items
9190,1241,SUMMER20,percentage,0.2,5.6,line_items
9191,1242,SUMMER20,percentage,0.2,6.8,line_items
9192,1243,WELCOME15,percentage,0.15,4.8,line_items
9193,1244,WELCOME15,percentage,0.15,4.8,line_items
9194,1245,SUMMER20,percentage,0.2,6.4,line_items
9195,1246,SUMMER20,percentage,0.2,13.2,line_items
9196,1246,welcome15,percentage,0.15,7.92,line_items
9197,1248,SUMMER20,percentage,0.2,6.4,line_items
9198,1249,SUMMER20,percentage,0.2,23.6,line_items
9199,1250,SUMMER20,percentage,0.2,6.8,line_items
9200,1252,WELCOME15,percentage,0.15,4.35,line_items
9201,1253,SUMMER20,percentage,0.2,5.6,line_items
9202,1255,SUMMER20,percentage,0.2,6.8,line_items
9203,1256,SUMMER20,percentage,0.2,12.6,line_items
9204,1257,SUMMER20,percentage,0.2,13.6,line_items
9205,1258,SUMMER20,percentage,0.2,13.2,line_items
9206,1259,SUMMER20,percentage,0.2,9.6,line_items
9207,1260,WELCOME15,percentage,0.15,5.1,line_items
9208,1262,DERMDIARY10,percentage,0.1,16.2,line_items
9209,1264,SUMMER20,percentage,0.2,4.4,line_items
9210,1266,SUMMER20,percentage,0.2,6.8,line_items
9211,1268,SUMMER20,percentage,0.2,6.8,line_items
9212,1268,WELCOME15,percentage,0.15,4.08,line_items
9213,1269,SUMMER20,percentage,0.2,16.0,line_items
9214,1270,SUMMER20,percentage,0.2,5.2,line_items
9215,1271,SUMMER20,percentage,0.2,8.8,line_items
9216,1272,SUMMER20,percentage,0.2,6.8,line_items
9217,1272,WELCOME15,percentage,0.15,4.08,line_items
9218,1275,SUMMER20,percentage,0.2,6.8,line_items
9219,1276,SUMMER20,percentage,0.2,35.2,line_items
9220,1276,WELCOME15,percentage,0.15,21.12,line_items
9221,1279,SUMMER20,percentage,0.2,6.8,line_items
9222,1281,SUMMER20,percentage,0.2,10.8,line_items
9223,1282,SUMMER20,percentage,0.2,15.6,line_items
9224,1283,SUMMER20,percentage,0.2,6.8,line_items
9225,1284,SUMMER20,percentage,0.2,6.8,line_items
9226,1285,SUMMER20,percentage,0.2,13.2,line_items
9227,1285,WELCOME15,percentage,0.15,7.92,line_items
9228,1287,SUMMER20,percentage,0.2,6.8,line_items
9229,1288,SUMMER20,percentage,0.2,5.2,line_items
9230,1289,SUMMER20,percentage,0.2,15.6,line_items
9231,1290,SUMMER20,percentage,0.2,14.0,line_items
9232,1291,SUMMER20,percentage,0.2,4.8,line_items
9233,1293,SUMMER20,percentage,0.2,23.2,line_items
9234,1294,SUMMER20,percentage,0.2,15.4,line_items
9235,1296,SUMMER20,percentage,0.2,11.6,line_items
9236,1297,SUMMER20,percentage,0.2,5.6,line_items
9237,1298,SUMMER20,percentage,0.2,5.8,line_items
9238,1299,SUMMER20,percentage,0.2,13.6,line_items
9239,1300,SUMMER20,percentage,0.2,11.2,line_items
9240,1300,WELCOME15,percentage,0.15,6.72,line_items
9241,1301,SUMMER20,percentage,0.2,6.8,line_items
9242,1304,SUMMER20,percentage,0.2,13.2,line_items
9243,1306,WELCOME15,percentage,0.15,9.3,line_items
9244,1307,WELCOME15,percentage,0.15,14.55,line_items
9245,1311,SUMMER20,percentage,0.2,6.8,line_items
9246,1313,SUMMER20,percentage,0.2,5.8,line_items
9247,1313,FREESHIP,free_shipping,,5.95,shipping
9248,1314,SUMMER20,percentage,0.2,17.6,line_items
9249,1315,SUMMER20,percentage,0.2,15.6,line_items
9250,1316,SUMMER20,percentage,0.2,8.8,line_items
9251,1318,WELCOME15,percentage,0.15,5.1,line_items
9252,1319,SUMMER20,percentage,0.2,4.4,line_items
9253,1320,SUMMER20,percentage,0.2,6.8,line_items
9254,1323,SUMMER20,percentage,0.2,22.0,line_items
9255,1324,WELCOME15,percentage,0.15,6.6,line_items
9256,1325,WELCOME15,percentage,0.15,5.1,line_items
9257,1326,WELCOME15,percentage,0.15,8.7,line_items
9258,1327,SUMMER20,percentage,0.2,10.8,line_items
9259,1327,WELCOME15,percentage,0.15,6.48,line_items
9260,1328,SUMMER20,percentage,0.2,4.8,line_items
9261,1329,SUMMER20,percentage,0.2,5.2,line_items
9262,1329,WELCOME15,percentage,0.15,3.12,line_items
9263,1331,SUMMER20,percentage,0.2,16.8,line_items
9264,1332,SUMMER20,percentage,0.2,11.2,line_items
9265,1333,SUMMER20,percentage,0.2,5.8,line_items
9266,1334,welcome15,percentage,0.15,12.6,line_items
9267,1335,SUMMER20,percentage,0.2,13.2,line_items
9268,1337,WELCOME15,percentage,0.15,4.35,line_items
9269,1338,SUMMER20,percentage,0.2,5.2,line_items
9270,1339,WELCOME15,percentage,0.15,4.2,line_items
9271,1340,SUMMER20,percentage,0.2,12.6,line_items
9272,1341,WELCOME15,percentage,0.15,17.7,line_items
9273,1343,SUMMER20,percentage,0.2,4.4,line_items
9274,1345,WELCOME15,percentage,0.15,4.2,line_items
9275,1346,TEST100,percentage,1.0,34.0,line_items
9276,1347,SKINBYJORDAN15,percentage,0.15,4.35,line_items
9277,1350,WELCOME15,percentage,0.15,12.6,line_items
9278,1351,SUMMER20,percentage,0.2,13.6,line_items
9279,1352,WELCOME15,percentage,0.15,6.6,line_items
9280,1353,SUMMER20,percentage,0.2,36.8,line_items
9281,1354,SUMMER20,percentage,0.2,13.6,line_items
9282,1356,SUMMER20,percentage,0.2,15.6,line_items
9283,1356,WELCOME15,percentage,0.15,9.36,line_items
9284,1357,WELCOME15,percentage,0.15,12.0,line_items
9285,1359,FREESHIP,free_shipping,,5.95,shipping
9286,1364,WELCOME15,percentage,0.15,21.3,line_items
9287,1365,WELCOME15,percentage,0.15,4.2,line_items
9288,1366,WELCOME15,percentage,0.15,8.1,line_items
9289,1367,WELCOME15,percentage,0.15,8.4,line_items
9290,1368,WELCOME15,percentage,0.15,4.35,line_items
9291,1370,WELCOME15,percentage,0.15,8.7,line_items
9292,1372,WELCOME15,percentage,0.15,16.65,line_items
9293,1379,SKINBYJORDAN15,percentage,0.15,12.6,line_items
9294,1384,welcome15,percentage,0.15,5.1,line_items
9295,1385,WELCOME15,percentage,0.15,5.1,line_items
9296,1387,LOYAL10,percentage,0.1,11.8,line_items
9297,1388,AMELIA10,percentage,0.1,2.2,line_items
9298,1388,WELCOME15,percentage,0.15,2.97,line_items
9299,1390,WELCOME15,percentage,0.15,8.4,line_items
9300,1391,WELCOME15,percentage,0.15,12.6,line_items
9301,1394,WELCOME15,percentage,0.15,12.0,line_items
9302,1396,WELCOME15,percentage,0.15,9.15,line_items
9303,1401,GLOWWITHSAM12,percentage,0.12,6.24,line_items
9304,1404,LOYAL10,percentage,0.1,6.6,line_items
9305,1407,AMELIA10,percentage,0.1,3.4,line_items
9306,1409,LOYAL10,percentage,0.1,3.4,line_items
9307,1412,FREESHIP,free_shipping,,5.95,shipping
9308,1414,WELCOME15,percentage,0.15,4.8,line_items
9309,1416,WELCOME15,percentage,0.15,4.2,line_items
9310,1418,LOYAL10,percentage,0.1,2.8,line_items
9311,1419,SKINBYJORDAN15,percentage,0.15,12.6,line_items
9312,1422,WELCOME15,percentage,0.15,3.3,line_items
9313,1424,WELCOME15,percentage,0.15,4.35,line_items
9314,1427,WELCOME15,percentage,0.15,3.9,line_items
9315,1428,FREESHIP,free_shipping,,5.95,shipping
9316,1429,WELCOME15,percentage,0.15,5.1,line_items
9317,1431,WELCOME15,percentage,0.15,5.1,line_items
9318,1432,FREESHIP,free_shipping,,12.95,shipping
9319,1433,WELCOME15,percentage,0.15,6.6,line_items
9320,1433,FREESHIP,free_shipping,,5.95,shipping
9321,1436,WELCOME15,percentage,0.15,12.6,line_items
9322,1437,LOYAL10,percentage,0.1,5.8,line_items
9323,1438,WELCOME15,percentage,0.15,5.1,line_items
9324,1439,WELCOME15,percentage,0.15,10.8,line_items
9325,1440,WELCOME15,percentage,0.15,4.2,line_items
9326,1444,WELCOME15,percentage,0.15,4.8,line_items
9327,1448,GLOWWITHSAM12,percentage,0.12,4.08,line_items
9328,1449,AMELIA10,percentage,0.1,6.4,line_items
9329,1450,AMELIA10,percentage,0.1,3.4,line_items
9330,1451,DERMDIARY10,percentage,0.1,2.2,line_items
9331,1452,WELCOME15,percentage,0.15,5.1,line_items
9332,1454,WELCOME15,percentage,0.15,13.2,line_items
9333,1456,GLOWWITHSAM12,percentage,0.12,7.92,line_items
9334,1458,WELCOME15,percentage,0.15,3.3,line_items
9335,1458,FREESHIP,free_shipping,,5.95,shipping
9336,1459,LOYAL10,percentage,0.1,9.4,line_items
9337,1460,WELCOME15,percentage,0.15,5.1,line_items
9338,1462,LOYAL10,percentage,0.1,4.4,line_items
9339,1463,WELCOME15,percentage,0.15,5.1,line_items
9340,1464,WELCOME15,percentage,0.15,3.3,line_items
9341,1465,WELCOME15,percentage,0.15,10.95,line_items
9342,1466,LABORDAY15,percentage,0.15,5.1,line_items
9343,1467,LABORDAY15,percentage,0.15,3.3,line_items
9344,1468,LABORDAY15,percentage,0.15,18.9,line_items
9345,1469,welcome15,percentage,0.15,27.15,line_items
9346,1470,LABORDAY15,percentage,0.15,11.7,line_items
9347,1471,LABORDAY15,percentage,0.15,12.0,line_items
9348,1472,LOYAL10 ,percentage,0.1,8.4,line_items
9349,1473,WELCOME15,percentage,0.15,5.1,line_items
9350,1474,WELCOME15,percentage,0.15,3.6,line_items
9351,1476,LABORDAY15,percentage,0.15,6.6,line_items
9352,1477,LABORDAY15,percentage,0.15,5.1,line_items
9353,1477,WELCOME15,percentage,0.15,4.34,line_items
9354,1478,LOYAL10,percentage,0.1,7.7,line_items
9355,1479,LOYAL10,percentage,0.1,3.4,line_items
9356,1480,LABORDAY15,percentage,0.15,9.15,line_items
9357,1481,LABORDAY15,percentage,0.15,5.1,line_items
9358,1482,LABORDAY15,percentage,0.15,12.6,line_items
9359,1485,LABORDAY15,percentage,0.15,8.1,line_items
9360,1485,WELCOME15,percentage,0.15,6.89,line_items
9361,1486,GLOWWITHSAM12,percentage,0.12,3.36,line_items
9362,1486,WELCOME15,percentage,0.15,3.7,line_items
9363,1487,LABORDAY15,percentage,0.15,5.1,line_items
9364,1489,LABORDAY15,percentage,0.15,4.8,line_items
9365,1490,LABORDAY15,percentage,0.15,5.1,line_items
9366,1491,WELCOME15,percentage,0.15,17.7,line_items
9367,1492,WELCOME15,percentage,0.15,3.3,line_items
9368,1493,LABORDAY15,percentage,0.15,5.1,line_items
9369,1493,FREESHIP,free_shipping,,12.95,shipping
9370,1494,WELCOME15,percentage,0.15,9.0,line_items
9371,1496,LABORDAY15,percentage,0.15,6.6,line_items
9372,1497,LABORDAY15,percentage,0.15,3.9,line_items
9373,1498,LABORDAY15,percentage,0.15,11.7,line_items
9374,1499,LABORDAY15,percentage,0.15,5.1,line_items
9375,1499,FREESHIP,free_shipping,,5.95,shipping
9376,1500,LABORDAY15,percentage,0.15,12.6,line_items
9377,1501,LABORDAY15,percentage,0.15,8.4,line_items
9378,1502,LABORDAY15,percentage,0.15,8.7,line_items
9379,1503,WELCOME15,percentage,0.15,6.6,line_items
9380,1504,LABORDAY15,percentage,0.15,11.7,line_items
9381,1505,LABORDAY15,percentage,0.15,10.2,line_items
9382,1508,SKINBYJORDAN15,percentage,0.15,8.7,line_items
9383,1514,WELCOME15,percentage,0.15,4.2,line_items
9384,1515,WELCOME15,percentage,0.15,5.1,line_items
9385,1515,FREESHIP,free_shipping,,5.95,shipping
9386,1516,WELCOME15,percentage,0.15,12.6,line_items
9387,1517,SKINBYJORDAN15,percentage,0.15,5.1,line_items
9388,1520,WELCOME15,percentage,0.15,16.8,line_items
9389,1525,WELCOME15,percentage,0.15,5.1,line_items
9390,1526,WELCOME15,percentage,0.15,25.8,line_items
9391,1527,WELCOME15,percentage,0.15,15.6,line_items
9392,1537,WELCOME15,percentage,0.15,5.1,line_items
9393,1538,WELCOME15,percentage,0.15,12.6,line_items
9394,1539,WELCOME15,percentage,0.15,5.1,line_items
9395,1541,WELCOME15,percentage,0.15,11.7,line_items
9396,1542,WELCOME15,percentage,0.15,8.7,line_items
9397,1543,LOYAL10,percentage,0.1,5.8,line_items
9398,1550,WELCOME15,percentage,0.15,8.4,line_items
9399,1551,WELCOME15,percentage,0.15,4.8,line_items
9400,1554,WELCOME15,percentage,0.15,4.8,line_items
9401,1556,welcome15,percentage,0.15,9.9,line_items
9402,1557,LOYAL10,percentage,0.1,5.1,line_items
9403,1566,WELCOME15,percentage,0.15,5.1,line_items
9404,1570,GLOWWITHSAM12,percentage,0.12,13.92,line_items
9405,1572,AMELIA10,percentage,0.1,12.9,line_items
9406,1574,TEST100,percentage,1.0,34.0,line_items
9407,1578,WELCOME15,percentage,0.15,4.2,line_items
9408,1581,SKINBYJORDAN15,percentage,0.15,6.6,line_items
9409,1582,WELCOME15,percentage,0.15,4.35,line_items
9410,1587,GLOWWITHSAM12,percentage,0.12,7.92,line_items
9411,1588,WELCOME15,percentage,0.15,5.1,line_items
9412,1589,DERMDIARY10,percentage,0.1,6.8,line_items
9413,1589,WELCOME15,percentage,0.15,9.18,line_items
9414,1590,FREESHIP,free_shipping,,5.95,shipping
9415,1591,LOYAL10,percentage,0.1,4.4,line_items
9416,1595,SKINBYJORDAN15,percentage,0.15,7.2,line_items
9417,1597,GLOWWITHSAM12,percentage,0.12,20.64,line_items
9418,1605,AMELIA10,percentage,0.1,4.4,line_items
9419,1611,WELCOME15,percentage,0.15,3.3,line_items
9420,1611,FREESHIP,free_shipping,,5.95,shipping
9421,1613,WELCOME15,percentage,0.15,4.8,line_items
9422,1614,WELCOME15,percentage,0.15,9.75,line_items
9423,1615,WELCOME15,percentage,0.15,17.55,line_items
9424,1616,WELCOME15,percentage,0.15,3.3,line_items
9425,1619,WELCOME15,percentage,0.15,7.5,line_items
9426,1620,WELCOME15,percentage,0.15,9.9,line_items
9427,1621,WELCOME15,percentage,0.15,5.1,line_items
9428,1624,LOYAL10,percentage,0.1,2.9,line_items
9429,1625,GLOWWITHSAM12,percentage,0.12,9.6,line_items
9430,1626,WELCOME15,percentage,0.15,9.3,line_items
9431,1627,welcome15,percentage,0.15,9.9,line_items
9432,1629,WELCOME15,percentage,0.15,5.1,line_items
9433,1633,WELCOME15,percentage,0.15,3.6,line_items
9434,1634,FREESHIP,free_shipping,,5.95,shipping
9435,1635,WELCOME15,percentage,0.15,4.8,line_items
9436,1636,WELCOME15,percentage,0.15,22.8,line_items
9437,1639,LOYAL10,percentage,0.1,4.4,line_items
9438,1640,WELCOME15,percentage,0.15,17.7,line_items
9439,1641,WELCOME15,percentage,0.15,18.9,line_items
9440,1642,WELCOME15,percentage,0.15,5.1,line_items
9441,1643,LOYAL10,percentage,0.1,7.8,line_items
9442,1647,WELCOME15,percentage,0.15,8.1,line_items
9443,1648,WELCOME15,percentage,0.15,5.1,line_items
9444,1649,WELCOME15,percentage,0.15,17.7,line_items
9445,1650,WELCOME15,percentage,0.15,6.6,line_items
9446,1651,WELCOME15,percentage,0.15,5.1,line_items
9447,1652,WELCOME15,percentage,0.15,4.8,line_items
9448,1653,WELCOME15,percentage,0.15,3.9,line_items
9449,1657,LOYAL10,percentage,0.1,3.4,line_items
9450,1665,AMELIA10,percentage,0.1,3.6,line_items
9451,1669,WELCOME15,percentage,0.15,4.35,line_items
9452,1676,WELCOME15,percentage,0.15,5.1,line_items
9453,1681,WELCOME15,percentage,0.15,5.1,line_items
9454,1682,WELCOME15,percentage,0.15,8.1,line_items
9455,1684,DERMDIARY10,percentage,0.1,3.4,line_items
9456,1689,WELCOME15,percentage,0.15,3.3,line_items
9457,1690,WELCOME15,percentage,0.15,6.9,line_items
9458,1691,WELCOME15,percentage,0.15,13.8,line_items
9459,1695,GLOWWITHSAM12,percentage,0.12,3.36,line_items
9460,1696,WELCOME15,percentage,0.15,4.35,line_items
9461,1697,WELCOME15,percentage,0.15,9.9,line_items
9462,1698,WELCOME15,percentage,0.15,4.8,line_items
9463,1700,WELCOME15,percentage,0.15,4.35,line_items
9464,1701,WELCOME15,percentage,0.15,9.15,line_items
9465,1703,LOYAL10,percentage,0.1,9.7,line_items
9466,1704,WELCOME15,percentage,0.15,4.2,line_items
9467,1708,WELCOME15,percentage,0.15,12.6,line_items
9468,1711,WELCOME15,percentage,0.15,4.8,line_items
9469,1712,SKINBYJORDAN15,percentage,0.15,12.6,line_items
9470,1716,WELCOME15,percentage,0.15,4.35,line_items
9471,1721,WELCOME15,percentage,0.15,5.1,line_items
9472,1727,WELCOME15,percentage,0.15,5.1,line_items
9473,1733,SKINBYJORDAN15,percentage,0.15,5.1,line_items
9474,1734,WELCOME15,percentage,0.15,16.95,line_items
9475,1737,WELCOME15,percentage,0.15,16.8,line_items
9476,1742,WELCOME15,percentage,0.15,8.7,line_items
9477,1743,SKINBYJORDAN15,percentage,0.15,11.4,line_items
9478,1747,WELCOME15,percentage,0.15,14.85,line_items
9479,1748,FREESHIP,free_shipping,,5.95,shipping
9480,1749,LOYAL10,percentage,0.1,15.6,line_items
9481,1750,WELCOME15,percentage,0.15,6.6,line_items
9482,1752,LOYAL10,percentage,0.1,9.4,line_items
9483,1757,LOYAL10,percentage,0.1,6.6,line_items
9484,1758,WELCOME15,percentage,0.15,8.4,line_items
9485,1759,WELCOME15,percentage,0.15,12.6,line_items
9486,1761,WELCOME15,percentage,0.15,5.1,line_items
9487,1764,LOYAL10,percentage,0.1,4.4,line_items
9488,1765,WELCOME15,percentage,0.15,5.1,line_items
9489,1766,welcome15,percentage,0.15,14.55,line_items
9490,1768,WELCOME15,percentage,0.15,12.6,line_items
9491,1772,WELCOME15,percentage,0.15,5.1,line_items
9492,1775,WELCOME15,percentage,0.15,13.8,line_items
9493,1777,WELCOME15,percentage,0.15,5.1,line_items
9494,1778,WELCOME15,percentage,0.15,5.1,line_items
9495,1784,NOURISHED15,percentage,0.15,9.75,line_items
9496,1787,FREESHIP,free_shipping,,5.95,shipping
9497,1789,AMELIA10,percentage,0.1,2.9,line_items
9498,1789,FREESHIP,free_shipping,,12.95,shipping
9499,1792,WELCOME15,percentage,0.15,3.9,line_items
9500,1794,WELCOME15,percentage,0.15,6.6,line_items
9501,1795,SKINBYJORDAN15,percentage,0.15,12.0,line_items
9502,1799,WELCOME15,percentage,0.15,6.6,line_items
9503,1805,LOYAL10,percentage,0.1,13.2,line_items
9504,1806,AMELIA10,percentage,0.1,10.6,line_items
9505,1807,WELCOME15,percentage,0.15,4.2,line_items
9506,1809,LOYAL10,percentage,0.1,9.7,line_items
9507,1813,LOYAL10,percentage,0.1,6.8,line_items
9508,1821,WELCOME15,percentage,0.15,4.2,line_items
9509,1822,welcome15,percentage,0.15,3.6,line_items
9510,1823,LOYAL10,percentage,0.1,13.3,line_items
9511,1825,FREESHIP,free_shipping,,5.95,shipping
9512,1826,WELCOME15,percentage,0.15,12.6,line_items
9513,1827,WELCOME15,percentage,0.15,20.7,line_items
9514,1828,LOYAL10,percentage,0.1,3.4,line_items
9515,1829,AMELIA10,percentage,0.1,3.4,line_items
9516,1833,AMELIA10,percentage,0.1,7.8,line_items
9517,1834,WELCOME15,percentage,0.15,6.6,line_items
9518,1847,WELCOME15,percentage,0.15,5.1,line_items
9519,1848,WELCOME15,percentage,0.15,6.6,line_items
9520,1850,LOYAL10,percentage,0.1,9.2,line_items
9521,1853,LOYAL10,percentage,0.1,6.0,line_items
9522,1854,WELCOME15,percentage,0.15,5.1,line_items
9523,1854,FREESHIP,free_shipping,,5.95,shipping
9524,1857,WELCOME15,percentage,0.15,10.5,line_items
9525,1859,WELCOME15,percentage,0.15,10.2,line_items
9526,1862,LOYAL10,percentage,0.1,7.8,line_items
9527,1866,LOYAL10,percentage,0.1,14.0,line_items
9528,1868,WELCOME15,percentage,0.15,4.2,line_items
9529,1869,WELCOME15,percentage,0.15,10.2,line_items
9530,1876,SKINBYJORDAN15,percentage,0.15,21.9,line_items
9531,1876,WELCOME15,percentage,0.15,18.62,line_items
9532,1877,WELCOME15,percentage,0.15,4.35,line_items
9533,1880,WELCOME15,percentage,0.15,5.1,line_items
9534,1885,WELCOME15,percentage,0.15,5.1,line_items
9535,1888,WELCOME15,percentage,0.15,7.2,line_items
9536,1890,AMELIA10,percentage,0.1,6.8,line_items
9537,1891,WELCOME15,percentage,0.15,3.6,line_items
9538,1893,WELCOME15,percentage,0.15,16.5,line_items
9539,1894,WELCOME15,percentage,0.15,5.1,line_items
9540,1895,WELCOME15,percentage,0.15,5.1,line_items
9541,1896,GLOWWITHSAM12,percentage,0.12,7.92,line_items
9542,1897,LOYAL10,percentage,0.1,5.1,line_items
9543,1901,WELCOME15,percentage,0.15,9.9,line_items
9544,1902,WELCOME15,percentage,0.15,15.6,line_items
9545,1903,WELCOME15,percentage,0.15,4.35,line_items
9546,1904,WELCOME15,percentage,0.15,5.1,line_items
9547,1905,WELCOME15,percentage,0.15,10.2,line_items
9548,1906,WELCOME15,percentage,0.15,3.6,line_items
9549,1909,WELCOME15,percentage,0.15,9.9,line_items
9550,1910,WELCOME15,percentage,0.15,3.6,line_items
9551,1912,WELCOME15,percentage,0.15,7.2,line_items
9552,1913,GLOWWITHSAM12,percentage,0.12,6.96,line_items
9553,1913,WELCOME15,percentage,0.15,7.66,line_items
9554,1918,WELCOME15,percentage,0.15,8.1,line_items
9555,1922,WELCOME15,percentage,0.15,10.2,line_items
9556,1923,WELCOME15,percentage,0.15,12.6,line_items
9557,1927,WELCOME15,percentage,0.15,5.1,line_items
9558,1928,WELCOME15,percentage,0.15,7.2,line_items
9559,1931,WELCOME15,percentage,0.15,7.5,line_items
9560,1932,WELCOME15,percentage,0.15,3.3,line_items
9561,1937,WELCOME15,percentage,0.15,7.2,line_items
9562,1953,WELCOME15,percentage,0.15,5.1,line_items
9563,1955,WELCOME15,percentage,0.15,31.65,line_items
9564,1957,FREESHIP,free_shipping,,5.95,shipping
9565,1963,WELCOME15,percentage,0.15,10.2,line_items
9566,1966,WELCOME15,percentage,0.15,4.35,line_items
9567,1967,LOYAL10,percentage,0.1,8.8,line_items
9568,1969,WELCOME15,percentage,0.15,12.6,line_items
9569,1971,WELCOME15,percentage,0.15,13.2,line_items
9570,1972,WELCOME15,percentage,0.15,22.8,line_items
9571,1974,LOYAL10,percentage,0.1,6.8,line_items
9572,1975,WELCOME15,percentage,0.15,17.4,line_items
9573,1976,WELCOME15,percentage,0.15,19.2,line_items
9574,1977,WELCOME15,percentage,0.15,12.6,line_items
9575,1978,WELCOME15,percentage,0.15,17.7,line_items
9576,1980,LOYAL10,percentage,0.1,14.4,line_items
9577,1982,FREESHIP,free_shipping,,12.95,shipping
9578,1992,WELCOME15,percentage,0.15,5.1,line_items
9579,1993,GLOWWITHSAM12,percentage,0.12,10.08,line_items
9580,1994,WELCOME15,percentage,0.15,4.8,line_items
9581,1996,WELCOME15,percentage,0.15,25.8,line_items
9582,1997,WELCOME15,percentage,0.15,5.1,line_items
9583,1998,WELCOME15,percentage,0.15,16.8,line_items
9584,2002,GLOWWITHSAM12,percentage,0.12,4.08,line_items
9585,2003,welcome15,percentage,0.15,4.2,line_items
9586,2005,WELCOME15,percentage,0.15,3.3,line_items
9587,2011,LOYAL10,percentage,0.1,3.4,line_items
9588,2012,WELCOME15,percentage,0.15,5.1,line_items
9589,2016,welcome15,percentage,0.15,13.2,line_items
9590,2021,WELCOME15,percentage,0.15,5.4,line_items
9591,2022,WELCOME15,percentage,0.15,11.7,line_items
9592,2024,WELCOME15,percentage,0.15,7.5,line_items
9593,2025,welcome15,percentage,0.15,6.6,line_items
9594,2026,WELCOME15,percentage,0.15,3.3,line_items
9595,2028,WELCOME15,percentage,0.15,9.6,line_items
9596,2029,LOYAL10,percentage,0.1,4.4,line_items
9597,2030,WELCOME15,percentage,0.15,4.2,line_items
9598,2032,WELCOME15,percentage,0.15,10.95,line_items
9599,2041,WELCOME15,percentage,0.15,4.8,line_items
9600,2042,WELCOME15,percentage,0.15,3.6,line_items
9601,2043,AMELIA10,percentage,0.1,3.4,line_items
9602,2046,WELCOME15,percentage,0.15,4.8,line_items
9603,2048,WELCOME15,percentage,0.15,11.7,line_items
9604,2049,WELCOME15,percentage,0.15,6.6,line_items
9605,2050,WELCOME15,percentage,0.15,14.7,line_items
9606,2053,WELCOME15,percentage,0.15,3.3,line_items
9607,2055,WELCOME15,percentage,0.15,9.0,line_items
9608,2057,WELCOME15,percentage,0.15,4.2,line_items
9609,2061,WELCOME15,percentage,0.15,3.3,line_items
9610,2062,AMELIA10,percentage,0.1,3.0,line_items
9611,2065,WELCOME15,percentage,0.15,3.9,line_items
9612,2067,WELCOME15,percentage,0.15,9.6,line_items
9613,2069,WELCOME15,percentage,0.15,3.3,line_items
9614,2076,GLOWWITHSAM12,percentage,0.12,7.44,line_items
9615,2081,LOYAL10,percentage,0.1,5.6,line_items
9616,2085,WELCOME15,percentage,0.15,10.5,line_items
9617,2086,WELCOME15,percentage,0.15,5.1,line_items
9618,2087,WELCOME15,percentage,0.15,5.1,line_items
9619,2090,LOYAL10,percentage,0.1,12.8,line_items
9620,2096,LOYAL10,percentage,0.1,11.6,line_items
9621,2097,LOYAL10,percentage,0.1,9.2,line_items
9622,2100,SKINBYJORDAN15,percentage,0.15,5.1,line_items
9623,2101,WELCOME15,percentage,0.15,5.1,line_items
9624,2102,WELCOME15,percentage,0.15,4.8,line_items
9625,2103,NOURISHED15,percentage,0.15,5.4,line_items
9626,2109,WELCOME15,percentage,0.15,5.1,line_items
9627,2110,LOYAL10,percentage,0.1,6.0,line_items
9628,2112,DERMDIARY10,percentage,0.1,9.4,line_items
9629,2114,WELCOME15,percentage,0.15,5.1,line_items
9630,2116,SKINBYJORDAN15,percentage,0.15,4.35,line_items
9631,2122,WELCOME15,percentage,0.15,12.6,line_items
9632,2123,AMELIA10,percentage,0.1,2.4,line_items
9633,2123,FREESHIP,free_shipping,,5.95,shipping
9634,2126,WELCOME15,percentage,0.15,9.0,line_items
9635,2127,FREESHIP,free_shipping,,5.95,shipping
9636,2131,WELCOME15,percentage,0.15,16.8,line_items
9637,2136,LOYAL10,percentage,0.1,12.8,line_items
9638,2138,AMELIA10,percentage,0.1,11.8,line_items
9639,2141,WELCOME15,percentage,0.15,4.5,line_items
9640,2142,WELCOME15,percentage,0.15,9.15,line_items
9641,2150,WELCOME15,percentage,0.15,4.2,line_items
9642,2153,WELCOME15,percentage,0.15,19.2,line_items
9643,2158,WELCOME15,percentage,0.15,12.75,line_items
9644,2160,FREESHIP,free_shipping,,12.95,shipping
9645,2161,LOYAL10,percentage,0.1,2.8,line_items
9646,2163,LOYAL10,percentage,0.1,8.8,line_items
9647,2169,WELCOME15,percentage,0.15,4.8,line_items
9648,2170,LOYAL10,percentage,0.1,8.0,line_items
9649,2177,LOYAL10,percentage,0.1,6.8,line_items
9650,2179,NOURISHED15,percentage,0.15,25.8,line_items
9651,2179,WELCOME15,percentage,0.15,21.93,line_items
9652,2182,WELCOME15,percentage,0.15,12.6,line_items
9653,2183,welcome15,percentage,0.15,3.9,line_items
9654,2184,WELCOME15,percentage,0.15,4.35,line_items
9655,2189,WELCOME15,percentage,0.15,21.0,line_items
9656,2197,WELCOME15,percentage,0.15,5.1,line_items
9657,2201,WELCOME15,percentage,0.15,6.6,line_items
9658,2202,NOURISHED15,percentage,0.15,28.2,line_items
9659,2207,WELCOME15,percentage,0.15,4.35,line_items
9660,2208,WELCOME15,percentage,0.15,5.1,line_items
9661,2210,WELCOME15,percentage,0.15,18.75,line_items
9662,2211,TEST100,percentage,1.0,34.0,line_items
9663,2215,WELCOME15,percentage,0.15,3.6,line_items
9664,2218,WELCOME15,percentage,0.15,5.1,line_items
9665,2219,NOURISHED15,percentage,0.15,5.1,line_items
9666,2219,FREESHIP,free_shipping,,5.95,shipping
9667,2222,AMELIA10,percentage,0.1,2.6,line_items
9668,2224,LOYAL10,percentage,0.1,14.2,line_items
9669,2226,LOYAL10,percentage,0.1,17.8,line_items
9670,2228,NOURISHED15,percentage,0.15,6.6,line_items
9671,2234,WELCOME15,percentage,0.15,3.9,line_items
9672,2235,LOYAL10,percentage,0.1,6.3,line_items
9673,2237,LOYAL10,percentage,0.1,3.2,line_items
9674,2239,WELCOME15,percentage,0.15,12.75,line_items
9675,2241,LOYAL10,percentage,0.1,9.0,line_items
9676,2243,WELCOME15,percentage,0.15,15.6,line_items
9677,2244,welcome15,percentage,0.15,30.15,line_items
9678,2245,WELCOME15,percentage,0.15,5.1,line_items
9679,2248,WELCOME15,percentage,0.15,6.6,line_items
9680,2252,WELCOME15,percentage,0.15,9.3,line_items
9681,2255,LOYAL10,percentage,0.1,3.4,line_items
9682,2262,WELCOME15,percentage,0.15,4.8,line_items
9683,2263,LOYAL10,percentage,0.1,3.4,line_items
9684,2267,WELCOME15,percentage,0.15,5.1,line_items
9685,2268,WELCOME15,percentage,0.15,16.05,line_items
9686,2269,WELCOME15,percentage,0.15,9.45,line_items
9687,2270,WELCOME15,percentage,0.15,19.2,line_items
9688,2271,WELCOME15,percentage,0.15,4.8,line_items
9689,2276,welcome15,percentage,0.15,9.9,line_items
9690,2277,AMELIA10,percentage,0.1,3.4,line_items
9691,2277,FREESHIP,free_shipping,,5.95,shipping
9692,2278,LOYAL10,percentage,0.1,7.2,line_items
9693,2281,WELCOME15,percentage,0.15,21.0,line_items
9694,2282,WELCOME15,percentage,0.15,8.4,line_items
9695,2283,WELCOME15,percentage,0.15,10.2,line_items
9696,2285,LOYAL10,percentage,0.1,9.2,line_items
9697,2286,welcome15,percentage,0.15,16.2,line_items
9698,2289,WELCOME15,percentage,0.15,4.8,line_items
9699,2291,WELCOME15,percentage,0.15,9.9,line_items
9700,2292,LOYAL10,percentage,0.1,2.6,line_items
9701,2294,WELCOME15,percentage,0.15,4.2,line_items
9702,2300,GLOWWITHSAM12,percentage,0.12,6.72,line_items
9703,2304,WELCOME15,percentage,0.15,5.1,line_items
9704,2305,GLOWWITHSAM12,percentage,0.12,7.92,line_items
9705,2306,WELCOME15,percentage,0.15,5.1,line_items
9706,2307,WELCOME15,percentage,0.15,5.1,line_items
9707,2310,LOYAL10,percentage,0.1,3.4,line_items
9708,2313,WELCOME15,percentage,0.15,17.4,line_items
9709,2315,WELCOME15,percentage,0.15,4.2,line_items
9710,2319,LOYAL10,percentage,0.1,4.4,line_items
9711,2326,AMELIA10,percentage,0.1,11.8,line_items
9712,2327,WELCOME15,percentage,0.15,9.9,line_items
9713,2328,WELCOME15,percentage,0.15,5.1,line_items
9714,2332,welcome15,percentage,0.15,4.2,line_items
9715,2333,WELCOME15,percentage,0.15,3.3,line_items
9716,2335,WELCOME15,percentage,0.15,25.2,line_items
9717,2336,WELCOME15,percentage,0.15,5.1,line_items
9718,2337,WELCOME15,percentage,0.15,4.8,line_items
9719,2342,LOYAL10,percentage,0.1,8.4,line_items
9720,2347,DERMDIARY10,percentage,0.1,9.8,line_items
9721,2354,WELCOME15,percentage,0.15,14.1,line_items
9722,2357,WELCOME15,percentage,0.15,4.5,line_items
9723,2358,WELCOME15,percentage,0.15,12.6,line_items
9724,2359,WELCOME15,percentage,0.15,4.8,line_items
9725,2360,LOYAL10,percentage,0.1,2.9,line_items
9726,2361,WELCOME15,percentage,0.15,8.4,line_items
9727,2362,LOYAL10,percentage,0.1,19.2,line_items
9728,2365,LOYAL10,percentage,0.1,3.2,line_items
9729,2369,WELCOME15,percentage,0.15,13.05,line_items
9730,2370,DERMDIARY10,percentage,0.1,6.6,line_items
9731,2373,WELCOME15,percentage,0.15,6.6,line_items
9732,2378,LOYAL10,percentage,0.1,11.3,line_items
9733,2380,WELCOME15,percentage,0.15,4.35,line_items
9734,2381,WELCOME15,percentage,0.15,5.1,line_items
9735,2383,WELCOME15,percentage,0.15,15.6,line_items
9736,2385,WELCOME15,percentage,0.15,16.95,line_items
9737,2386,WELCOME15,percentage,0.15,9.9,line_items
9738,2387,WELCOME15,percentage,0.15,5.1,line_items
9739,2388,WELCOME15,percentage,0.15,14.25,line_items
9740,2390,WELCOME15,percentage,0.15,29.4,line_items
9741,2392,WELCOME15,percentage,0.15,3.6,line_items
9742,2393,LOYAL10,percentage,0.1,6.0,line_items
9743,2394,LOYAL10,percentage,0.1,6.6,line_items
9744,2395,LOYAL10,percentage,0.1,2.9,line_items
9745,2396,WELCOME15,percentage,0.15,4.8,line_items
9746,2400,WELCOME15,percentage,0.15,5.4,line_items
9747,2402,BFCM30,percentage,0.3,10.8,line_items
9748,2403,BFCM30,percentage,0.3,26.4,line_items
9749,2404,BFCM30,percentage,0.3,26.4,line_items
9750,2405,WELCOME15,percentage,0.15,3.3,line_items
9751,2406,BFCM30,percentage,0.3,13.8,line_items
9752,2407,BFCM30,percentage,0.3,19.2,line_items
9753,2408,BFCM30,percentage,0.3,37.8,line_items
9754,2409,BFCM30,percentage,0.3,35.4,line_items
9755,2410,BFCM30,percentage,0.3,25.2,line_items
9756,2411,BFCM30,percentage,0.3,10.2,line_items
9757,2412,BFCM30,percentage,0.3,19.8,line_items
9758,2413,BFCM30,percentage,0.3,26.4,line_items
9759,2414,BFCM30,percentage,0.3,34.2,line_items
9760,2415,BFCM30,percentage,0.3,35.4,line_items
9761,2416,BFCM30,percentage,0.3,34.2,line_items
9762,2416,WELCOME15,percentage,0.15,11.97,line_items
9763,2417,BFCM30,percentage,0.3,58.2,line_items
9764,2418,BFCM30,percentage,0.3,44.4,line_items
9765,2419,BFCM30,percentage,0.3,35.4,line_items
9766,2419,WELCOME15,percentage,0.15,12.39,line_items
9767,2420,BFCM30,percentage,0.3,30.0,line_items
9768,2421,BFCM30,percentage,0.3,16.5,line_items
9769,2422,BFCM30,percentage,0.3,20.4,line_items
9770,2423,BFCM30,percentage,0.3,35.4,line_items
9771,2424,BFCM30,percentage,0.3,25.2,line_items
9772,2424,WELCOME15,percentage,0.15,8.82,line_items
9773,2425,BFCM30,percentage,0.3,44.4,line_items
9774,2426,BFCM30,percentage,0.3,16.8,line_items
9775,2426,WELCOME15,percentage,0.15,5.88,line_items
9776,2427,WELCOME15,percentage,0.15,22.8,line_items
9777,2428,BFCM30,percentage,0.3,6.6,line_items
9778,2429,BFCM30,percentage,0.3,40.8,line_items
9779,2429,WELCOME15,percentage,0.15,14.28,line_items
9780,2430,WELCOME15,percentage,0.15,3.3,line_items
9781,2431,BFCM30,percentage,0.3,44.7,line_items
9782,2432,BFCM30,percentage,0.3,45.6,line_items
9783,2433,BFCM30,percentage,0.3,8.7,line_items
9784,2434,BFCM30,percentage,0.3,31.8,line_items
9785,2435,BFCM30,percentage,0.3,10.2,line_items
9786,2436,BFCM30,percentage,0.3,28.8,line_items
9787,2439,BFCM30,percentage,0.3,18.0,line_items
9788,2440,BFCM30,percentage,0.3,9.6,line_items
9789,2440,FREESHIP,free_shipping,,12.95,shipping
9790,2442,BFCM30,percentage,0.3,29.4,line_items
9791,2443,BFCM30,percentage,0.3,8.7,line_items
9792,2444,BFCM30,percentage,0.3,36.9,line_items
9793,2445,BFCM30,percentage,0.3,23.4,line_items
9794,2446,WELCOME15,percentage,0.15,14.55,line_items
9795,2447,BFCM30,percentage,0.3,17.4,line_items
9796,2448,BFCM30,percentage,0.3,55.8,line_items
9797,2449,BFCM30,percentage,0.3,54.6,line_items
9798,2450,BFCM30,percentage,0.3,25.2,line_items
9799,2451,BFCM30,percentage,0.3,10.2,line_items
9800,2452,BFCM30,percentage,0.3,25.2,line_items
9801,2453,BFCM30,percentage,0.3,25.2,line_items
9802,2454,BFCM30,percentage,0.3,25.2,line_items
9803,2455,BFCM30,percentage,0.3,25.2,line_items
9804,2455,WELCOME15,percentage,0.15,8.82,line_items
9805,2456,BFCM30,percentage,0.3,10.8,line_items
9806,2457,BFCM30,percentage,0.3,33.9,line_items
9807,2458,BFCM30,percentage,0.3,37.5,line_items
9808,2459,BFCM30,percentage,0.3,33.9,line_items
9809,2460,WELCOME15,percentage,0.15,4.2,line_items
9810,2461,BFCM30,percentage,0.3,63.6,line_items
9811,2462,BFCM30,percentage,0.3,38.4,line_items
9812,2463,BFCM30,percentage,0.3,6.6,line_items
9813,2464,BFCM30,percentage,0.3,25.2,line_items
9814,2465,BFCM30,percentage,0.3,24.0,line_items
9815,2466,BFCM30,percentage,0.3,30.6,line_items
9816,2467,BFCM30,percentage,0.3,29.4,line_items
9817,2468,BFCM30,percentage,0.3,25.2,line_items
9818,2469,BFCM30,percentage,0.3,16.8,line_items
9819,2470,BFCM30,percentage,0.3,17.4,line_items
9820,2471,BFCM30,percentage,0.3,18.9,line_items
9821,2472,BFCM30,percentage,0.3,16.8,line_items
9822,2473,BFCM30,percentage,0.3,10.2,line_items
9823,2474,BFCM30,percentage,0.3,10.2,line_items
9824,2475,BFCM30,percentage,0.3,25.2,line_items
9825,2475,welcome15,percentage,0.15,8.82,line_items
9826,2476,BFCM30,percentage,0.3,39.6,line_items
9827,2477,WELCOME15,percentage,0.15,9.0,line_items
9828,2478,BFCM30,percentage,0.3,38.4,line_items
9829,2479,BFCM30,percentage,0.3,23.4,line_items
9830,2480,BFCM30,percentage,0.3,36.0,line_items
9831,2481,BFCM30,percentage,0.3,25.8,line_items
9832,2482,BFCM30,percentage,0.3,7.8,line_items
9833,2483,BFCM30,percentage,0.3,30.0,line_items
9834,2483,WELCOME15,percentage,0.15,10.5,line_items
9835,2484,BFCM30,percentage,0.3,18.9,line_items
9836,2485,BFCM30,percentage,0.3,10.2,line_items
9837,2486,BFCM30,percentage,0.3,10.2,line_items
9838,2487,BFCM30,percentage,0.3,22.8,line_items
9839,2488,BFCM30,percentage,0.3,25.2,line_items
9840,2488,WELCOME15,percentage,0.15,8.82,line_items
9841,2489,BFCM30,percentage,0.3,10.2,line_items
9842,2490,BFCM30,percentage,0.3,10.2,line_items
9843,2491,BFCM30,percentage,0.3,30.0,line_items
9844,2492,BFCM30,percentage,0.3,51.0,line_items
9845,2493,BFCM30,percentage,0.3,52.2,line_items
9846,2494,BFCM30,percentage,0.3,9.0,line_items
9847,2495,BFCM30,percentage,0.3,18.9,line_items
9848,2496,BFCM30,percentage,0.3,24.9,line_items
9849,2496,WELCOME15,percentage,0.15,8.72,line_items
9850,2496,FREESHIP,free_shipping,,5.95,shipping
9851,2497,BFCM30,percentage,0.3,13.2,line_items
9852,2498,BFCM30,percentage,0.3,39.6,line_items
9853,2499,BFCM30,percentage,0.3,43.8,line_items
9854,2499,WELCOME15,percentage,0.15,15.33,line_items
9855,2500,BFCM30,percentage,0.3,13.2,line_items
9856,2501,BFCM30,percentage,0.3,35.4,line_items
9857,2502,BFCM30,percentage,0.3,24.0,line_items
9858,2503,BFCM30,percentage,0.3,33.0,line_items
9859,2504,BFCM30,percentage,0.3,25.2,line_items
9860,2505,BFCM30,percentage,0.3,42.6,line_items
9861,2506,BFCM30,percentage,0.3,18.9,line_items
9862,2507,BFCM30,percentage,0.3,38.4,line_items
9863,2508,BFCM30,percentage,0.3,14.4,line_items
9864,2508,FREESHIP,free_shipping,,12.95,shipping
9865,2509,BFCM30,percentage,0.3,35.4,line_items
9866,2510,BFCM30,percentage,0.3,51.6,line_items
9867,2511,WELCOME15,percentage,0.15,16.2,line_items
9868,2512,BFCM30,percentage,0.3,13.2,line_items
9869,2513,BFCM30,percentage,0.3,7.2,line_items
9870,2514,BFCM30,percentage,0.3,8.4,line_items
9871,2515,BFCM30,percentage,0.3,15.3,line_items
9872,2516,BFCM30,percentage,0.3,6.6,line_items
9873,2517,BFCM30,percentage,0.3,10.2,line_items
9874,2518,BFCM30,percentage,0.3,50.4,line_items
9875,2520,BFCM30,percentage,0.3,19.8,line_items
9876,2523,BFCM30,percentage,0.3,38.4,line_items
9877,2524,BFCM30,percentage,0.3,8.4,line_items
9878,2525,BFCM30,percentage,0.3,25.2,line_items
9879,2526,BFCM30,percentage,0.3,45.6,line_items
9880,2527,BFCM30,percentage,0.3,15.6,line_items
9881,2527,WELCOME15,percentage,0.15,5.46,line_items
9882,2528,BFCM30,percentage,0.3,22.8,line_items
9883,2529,WELCOME15,percentage,0.15,3.9,line_items
9884,2530,BFCM30,percentage,0.3,15.3,line_items
9885,2531,WELCOME15,percentage,0.15,9.0,line_items
9886,2532,WELCOME15,percentage,0.15,4.5,line_items
9887,2533,BFCM30,percentage,0.3,9.6,line_items
9888,2534,BFCM30,percentage,0.3,16.8,line_items
9889,2535,BFCM30,percentage,0.3,7.2,line_items
9890,2536,BFCM30,percentage,0.3,25.2,line_items
9891,2537,BFCM30,percentage,0.3,27.0,line_items
9892,2538,BFCM30,percentage,0.3,9.6,line_items
9893,2539,BFCM30,percentage,0.3,31.5,line_items
9894,2540,BFCM30,percentage,0.3,38.1,line_items
9895,2541,BFCM30,percentage,0.3,19.8,line_items
9896,2542,BFCM30,percentage,0.3,17.7,line_items
9897,2543,BFCM30,percentage,0.3,10.8,line_items
9898,2545,BFCM30,percentage,0.3,21.0,line_items
9899,2546,BFCM30,percentage,0.3,6.6,line_items
9900,2547,BFCM30,percentage,0.3,44.1,line_items
9901,2548,WELCOME15,percentage,0.15,17.1,line_items
9902,2549,BFCM30,percentage,0.3,26.4,line_items
9903,2550,BFCM30,percentage,0.3,33.6,line_items
9904,2551,BFCM30,percentage,0.3,16.5,line_items
9905,2552,BFCM30,percentage,0.3,47.1,line_items
9906,2553,BFCM30,percentage,0.3,25.5,line_items
9907,2554,BFCM30,percentage,0.3,9.0,line_items
9908,2555,BFCM30,percentage,0.3,25.2,line_items
9909,2556,WELCOME15,percentage,0.15,22.2,line_items
9910,2557,BFCM30,percentage,0.3,45.0,line_items
9911,2558,BFCM30,percentage,0.3,41.1,line_items
9912,2559,BFCM30,percentage,0.3,33.6,line_items
9913,2560,WELCOME15,percentage,0.15,8.7,line_items
9914,2561,BFCM30,percentage,0.3,22.8,line_items
9915,2562,BFCM30,percentage,0.3,18.0,line_items
9916,2564,BFCM30,percentage,0.3,33.6,line_items
9917,2565,BFCM30,percentage,0.3,35.4,line_items
9918,2566,BFCM30,percentage,0.3,17.4,line_items
9919,2567,BFCM30,percentage,0.3,37.2,line_items
9920,2567,WELCOME15,percentage,0.15,13.02,line_items
9921,2568,BFCM30,percentage,0.3,16.8,line_items
9922,2569,BFCM30,percentage,0.3,52.8,line_items
9923,2570,BFCM30,percentage,0.3,19.8,line_items
9924,2571,BFCM30,percentage,0.3,35.4,line_items
9925,2572,BFCM30,percentage,0.3,28.2,line_items
9926,2573,BFCM30,percentage,0.3,10.2,line_items
9927,2574,BFCM30,percentage,0.3,13.2,line_items
9928,2575,BFCM30,percentage,0.3,35.4,line_items
9929,2576,BFCM30,percentage,0.3,8.7,line_items
9930,2578,BFCM30,percentage,0.3,21.6,line_items
9931,2579,BFCM30,percentage,0.3,10.2,line_items
9932,2580,BFCM30,percentage,0.3,10.8,line_items
9933,2581,BFCM30,percentage,0.3,45.6,line_items
9934,2582,BFCM30,percentage,0.3,20.4,line_items
9935,2583,BFCM30,percentage,0.3,10.2,line_items
9936,2584,BFCM30,percentage,0.3,42.6,line_items
9937,2585,BFCM30,percentage,0.3,15.9,line_items
9938,2586,BFCM30,percentage,0.3,15.6,line_items
9939,2587,BFCM30,percentage,0.3,27.0,line_items
9940,2588,BFCM30,percentage,0.3,39.6,line_items
9941,2589,BFCM30,percentage,0.3,18.6,line_items
9942,2590,BFCM30,percentage,0.3,9.0,line_items
9943,2590,FREESHIP,free_shipping,,5.95,shipping
9944,2591,BFCM30,percentage,0.3,7.2,line_items
9945,2591,FREESHIP,free_shipping,,12.95,shipping
9946,2592,BFCM30,percentage,0.3,25.2,line_items
9947,2593,BFCM30,percentage,0.3,9.6,line_items
9948,2594,BFCM30,percentage,0.3,36.6,line_items
9949,2595,GLOWWITHSAM12,percentage,0.12,2.64,line_items
9950,2596,BFCM30,percentage,0.3,19.2,line_items
9951,2597,BFCM30,percentage,0.3,9.6,line_items
9952,2598,BFCM30,percentage,0.3,33.6,line_items
9953,2599,BFCM30,percentage,0.3,63.0,line_items
9954,2600,BFCM30,percentage,0.3,21.0,line_items
9955,2601,BFCM30,percentage,0.3,58.8,line_items
9956,2602,BFCM30,percentage,0.3,10.8,line_items
9957,2603,BFCM30,percentage,0.3,35.4,line_items
9958,2603,WELCOME15,percentage,0.15,12.39,line_items
9959,2604,BFCM30,percentage,0.3,27.0,line_items
9960,2605,BFCM30,percentage,0.3,10.8,line_items
9961,2606,BFCM30,percentage,0.3,25.2,line_items
9962,2607,WELCOME15,percentage,0.15,8.4,line_items
9963,2608,BFCM30,percentage,0.3,31.8,line_items
9964,2609,BFCM30,percentage,0.3,21.0,line_items
9965,2610,BFCM30,percentage,0.3,8.7,line_items
9966,2611,BFCM30,percentage,0.3,52.2,line_items
9967,2612,BFCM30,percentage,0.3,9.0,line_items
9968,2613,BFCM30,percentage,0.3,35.4,line_items
9969,2614,BFCM30,percentage,0.3,31.2,line_items
9970,2615,BFCM30,percentage,0.3,24.0,line_items
9971,2616,BFCM30,percentage,0.3,27.0,line_items
9972,2617,BFCM30,percentage,0.3,20.4,line_items
9973,2617,WELCOME15,percentage,0.15,7.14,line_items
9974,2618,BFCM30,percentage,0.3,10.2,line_items
9975,2619,BFCM30,percentage,0.3,34.8,line_items
9976,2620,BFCM30,percentage,0.3,16.2,line_items
9977,2621,BFCM30,percentage,0.3,6.6,line_items
9978,2622,BFCM30,percentage,0.3,6.6,line_items
9979,2623,BFCM30,percentage,0.3,8.7,line_items
9980,2624,BFCM30,percentage,0.3,26.4,line_items
9981,2624,WELCOME15,percentage,0.15,9.24,line_items
9982,2625,BFCM30,percentage,0.3,25.2,line_items
9983,2625,WELCOME15,percentage,0.15,8.82,line_items
9984,2626,BFCM30,percentage,0.3,10.2,line_items
9985,2627,BFCM30,percentage,0.3,47.1,line_items
9986,2628,BFCM30,percentage,0.3,6.6,line_items
9987,2629,BFCM30,percentage,0.3,13.2,line_items
9988,2630,BFCM30,percentage,0.3,23.4,line_items
9989,2631,BFCM30,percentage,0.3,18.6,line_items
9990,2632,BFCM30,percentage,0.3,39.6,line_items
9991,2633,BFCM30,percentage,0.3,19.8,line_items
9992,2634,BFCM30,percentage,0.3,25.5,line_items
9993,2635,BFCM30,percentage,0.3,7.2,line_items
9994,2636,BFCM30,percentage,0.3,47.4,line_items
9995,2637,BFCM30,percentage,0.3,41.4,line_items
9996,2638,BFCM30,percentage,0.3,42.0,line_items
9997,2639,BFCM30,percentage,0.3,16.8,line_items
9998,2640,BFCM30,percentage,0.3,9.0,line_items
9999,2641,BFCM30,percentage,0.3,45.6,line_items
10000,2642,BFCM30,percentage,0.3,18.6,line_items
10001,2643,WELCOME15,percentage,0.15,3.3,line_items
10002,2644,BFCM30,percentage,0.3,8.7,line_items
10003,2645,BFCM30,percentage,0.3,19.8,line_items
10004,2647,BFCM30,percentage,0.3,16.8,line_items
10005,2648,BFCM30,percentage,0.3,13.2,line_items
10006,2649,BFCM30,percentage,0.3,30.0,line_items
10007,2650,BFCM30,percentage,0.3,8.4,line_items
10008,2651,BFCM30,percentage,0.3,19.2,line_items
10009,2652,BFCM30,percentage,0.3,25.2,line_items
10010,2653,BFCM30,percentage,0.3,35.4,line_items
10011,2654,BFCM30,percentage,0.3,6.6,line_items
10012,2655,BFCM30,percentage,0.3,20.4,line_items
10013,2657,BFCM30,percentage,0.3,33.9,line_items
10014,2658,BFCM30,percentage,0.3,31.2,line_items
10015,2658,WELCOME15,percentage,0.15,10.92,line_items
10016,2659,BFCM30,percentage,0.3,7.2,line_items
10017,2660,BFCM30,percentage,0.3,13.2,line_items
10018,2660,FREESHIP,free_shipping,,5.95,shipping
10019,2661,LOYAL10,percentage,0.1,2.2,line_items
10020,2662,BFCM30,percentage,0.3,33.6,line_items
10021,2663,BFCM30,percentage,0.3,17.7,line_items
10022,2665,BFCM30,percentage,0.3,17.1,line_items
10023,2666,BFCM30,percentage,0.3,19.2,line_items
10024,2666,FREESHIP,free_shipping,,12.95,shipping
10025,2667,BFCM30,percentage,0.3,43.8,line_items
10026,2668,BFCM30,percentage,0.3,35.7,line_items
10027,2669,BFCM30,percentage,0.3,30.0,line_items
10028,2670,WELCOME15,percentage,0.15,4.2,line_items
10029,2671,BFCM30,percentage,0.3,10.2,line_items
10030,2672,BFCM30,percentage,0.3,42.6,line_items
10031,2673,BFCM30,percentage,0.3,10.2,line_items
10032,2674,BFCM30,percentage,0.3,17.4,line_items
10033,2676,BFCM30,percentage,0.3,35.4,line_items
10034,2677,BFCM30,percentage,0.3,8.7,line_items
10035,2678,BFCM30,percentage,0.3,18.9,line_items
10036,2678,WELCOME15,percentage,0.15,6.62,line_items
10037,2679,BFCM30,percentage,0.3,9.0,line_items
10038,2680,WELCOME15,percentage,0.15,7.8,line_items
10039,2681,BFCM30,percentage,0.3,16.8,line_items
10040,2682,BFCM30,percentage,0.3,35.4,line_items
10041,2683,BFCM30,percentage,0.3,20.4,line_items
10042,2684,BFCM30,percentage,0.3,8.4,line_items
10043,2685,BFCM30,percentage,0.3,35.4,line_items
10044,2686,BFCM30,percentage,0.3,9.0,line_items
10045,2687,WELCOME15,percentage,0.15,20.7,line_items
10046,2688,BFCM30,percentage,0.3,7.2,line_items
10047,2689,BFCM30,percentage,0.3,25.2,line_items
10048,2690,BFCM30,percentage,0.3,13.2,line_items
10049,2693,BFCM30,percentage,0.3,8.7,line_items
10050,2694,BFCM30,percentage,0.3,18.0,line_items
10051,2695,BFCM30,percentage,0.3,25.2,line_items
10052,2697,BFCM30,percentage,0.3,46.2,line_items
10053,2698,BFCM30,percentage,0.3,35.7,line_items
10054,2699,BFCM30,percentage,0.3,42.6,line_items
10055,2700,BFCM30,percentage,0.3,10.2,line_items
10056,2701,BFCM30,percentage,0.3,52.2,line_items
10057,2702,BFCM30,percentage,0.3,22.8,line_items
10058,2703,BFCM30,percentage,0.3,6.6,line_items
10059,2703,WELCOME15,percentage,0.15,2.31,line_items
10060,2704,BFCM30,percentage,0.3,13.2,line_items
10061,2705,BFCM30,percentage,0.3,13.2,line_items
10062,2706,BFCM30,percentage,0.3,18.9,line_items
10063,2707,BFCM30,percentage,0.3,15.0,line_items
10064,2708,BFCM30,percentage,0.3,37.8,line_items
10065,2710,BFCM30,percentage,0.3,27.6,line_items
10066,2711,BFCM30,percentage,0.3,53.4,line_items
10067,2712,BFCM30,percentage,0.3,52.2,line_items
10068,2713,BFCM30,percentage,0.3,8.4,line_items
10069,2714,BFCM30,percentage,0.3,36.6,line_items
10070,2715,BFCM30,percentage,0.3,38.4,line_items
10071,2716,BFCM30,percentage,0.3,19.5,line_items
10072,2717,BFCM30,percentage,0.3,9.6,line_items
10073,2718,BFCM30,percentage,0.3,25.2,line_items
10074,2719,BFCM30,percentage,0.3,27.6,line_items
10075,2720,BFCM30,percentage,0.3,10.2,line_items
10076,2721,BFCM30,percentage,0.3,15.3,line_items
10077,2723,BFCM30,percentage,0.3,8.4,line_items
10078,2724,BFCM30,percentage,0.3,27.6,line_items
10079,2725,BFCM30,percentage,0.3,27.0,line_items
10080,2726,BFCM30,percentage,0.3,51.6,line_items
10081,2727,BFCM30,percentage,0.3,10.2,line_items
10082,2728,BFCM30,percentage,0.3,26.4,line_items
10083,2729,WELCOME15,percentage,0.15,3.3,line_items
10084,2730,BFCM30,percentage,0.3,10.2,line_items
10085,2731,BFCM30,percentage,0.3,46.2,line_items
10086,2732,BFCM30,percentage,0.3,7.8,line_items
10087,2732,WELCOME15,percentage,0.15,2.73,line_items
10088,2733,BFCM30,percentage,0.3,8.7,line_items
10089,2734,BFCM30,percentage,0.3,56.4,line_items
10090,2735,BFCM30,percentage,0.3,26.4,line_items
10091,2736,BFCM30,percentage,0.3,9.0,line_items
10092,2737,BFCM30,percentage,0.3,10.2,line_items
10093,2738,BFCM30,percentage,0.3,9.6,line_items
10094,2739,BFCM30,percentage,0.3,8.7,line_items
10095,2740,BFCM30,percentage,0.3,29.7,line_items
10096,2741,BFCM30,percentage,0.3,23.4,line_items
10097,2742,BFCM30,percentage,0.3,38.4,line_items
10098,2743,BFCM30,percentage,0.3,33.9,line_items
10099,2743,WELCOME15,percentage,0.15,11.86,line_items
10100,2744,BFCM30,percentage,0.3,10.8,line_items
10101,2745,BFCM30,percentage,0.3,25.2,line_items
10102,2746,WELCOME15,percentage,0.15,10.2,line_items
10103,2747,BFCM30,percentage,0.3,30.0,line_items
10104,2748,BFCM30,percentage,0.3,10.2,line_items
10105,2749,BFCM30,percentage,0.3,25.2,line_items
10106,2751,BFCM30,percentage,0.3,10.2,line_items
10107,2752,BFCM30,percentage,0.3,9.6,line_items
10108,2753,BFCM30,percentage,0.3,48.6,line_items
10109,2754,BFCM30,percentage,0.3,17.4,line_items
10110,2754,FREESHIP,free_shipping,,5.95,shipping
10111,2755,BFCM30,percentage,0.3,8.7,line_items
10112,2756,BFCM30,percentage,0.3,18.3,line_items
10113,2758,BFCM30,percentage,0.3,38.7,line_items
10114,2759,BFCM30,percentage,0.3,25.2,line_items
10115,2760,BFCM30,percentage,0.3,36.0,line_items
10116,2761,BFCM30,percentage,0.3,25.2,line_items
10117,2762,BFCM30,percentage,0.3,23.4,line_items
10118,2763,BFCM30,percentage,0.3,35.4,line_items
10119,2763,WELCOME15,percentage,0.15,12.39,line_items
10120,2764,BFCM30,percentage,0.3,29.7,line_items
10121,2765,BFCM30,percentage,0.3,18.9,line_items
10122,2767,BFCM30,percentage,0.3,16.5,line_items
10123,2767,WELCOME15,percentage,0.15,5.78,line_items
10124,2767,FREESHIP,free_shipping,,5.95,shipping
10125,2768,BFCM30,percentage,0.3,27.0,line_items
10126,2769,BFCM30,percentage,0.3,20.4,line_items
10127,2770,BFCM30,percentage,0.3,51.6,line_items
10128,2770,WELCOME15,percentage,0.15,18.06,line_items
10129,2771,BFCM30,percentage,0.3,21.9,line_items
10130,2772,BFCM30,percentage,0.3,10.8,line_items
10131,2773,BFCM30,percentage,0.3,7.2,line_items
10132,2774,BFCM30,percentage,0.3,10.2,line_items
10133,2775,BFCM30,percentage,0.3,16.5,line_items
10134,2776,BFCM30,percentage,0.3,13.2,line_items
10135,2776,WELCOME15,percentage,0.15,4.62,line_items
10136,2777,BFCM30,percentage,0.3,20.4,line_items
10137,2778,BFCM30,percentage,0.3,19.2,line_items
10138,2779,BFCM30,percentage,0.3,48.6,line_items
10139,2780,BFCM30,percentage,0.3,8.7,line_items
10140,2781,BFCM30,percentage,0.3,25.2,line_items
10141,2782,BFCM30,percentage,0.3,13.2,line_items
10142,2783,BFCM30,percentage,0.3,28.2,line_items
10143,2784,BFCM30,percentage,0.3,7.2,line_items
10144,2785,BFCM30,percentage,0.3,7.8,line_items
10145,2786,BFCM30,percentage,0.3,18.6,line_items
10146,2787,WELCOME15,percentage,0.15,19.65,line_items
10147,2788,BFCM30,percentage,0.3,20.4,line_items
10148,2789,BFCM30,percentage,0.3,35.4,line_items
10149,2790,BFCM30,percentage,0.3,34.2,line_items
10150,2791,FREESHIP,free_shipping,,5.95,shipping
10151,2792,WELCOME15,percentage,0.15,8.7,line_items
10152,2793,BFCM30,percentage,0.3,7.8,line_items
10153,2794,WELCOME15,percentage,0.15,5.1,line_items
10154,2795,BFCM30,percentage,0.3,18.6,line_items
10155,2796,BFCM30,percentage,0.3,15.3,line_items
10156,2797,BFCM30,percentage,0.3,48.0,line_items
10157,2798,BFCM30,percentage,0.3,10.2,line_items
10158,2799,BFCM30,percentage,0.3,18.0,line_items
10159,2800,BFCM30,percentage,0.3,51.9,line_items
10160,2801,BFCM30,percentage,0.3,19.2,line_items
10161,2802,BFCM30,percentage,0.3,10.8,line_items
10162,2802,FREESHIP,free_shipping,,5.95,shipping
10163,2803,BFCM30,percentage,0.3,25.8,line_items
10164,2804,BFCM30,percentage,0.3,21.6,line_items
10165,2805,BFCM30,percentage,0.3,31.2,line_items
10166,2806,BFCM30,percentage,0.3,33.9,line_items
10167,2807,BFCM30,percentage,0.3,18.9,line_items
10168,2808,BFCM30,percentage,0.3,10.2,line_items
10169,2809,BFCM30,percentage,0.3,20.4,line_items
10170,2810,BFCM30,percentage,0.3,31.8,line_items
10171,2811,BFCM30,percentage,0.3,16.8,line_items
10172,2812,BFCM30,percentage,0.3,10.2,line_items
10173,2814,BFCM30,percentage,0.3,29.4,line_items
10174,2815,BFCM30,percentage,0.3,18.0,line_items
10175,2816,BFCM30,percentage,0.3,33.0,line_items
10176,2817,BFCM30,percentage,0.3,6.6,line_items
10177,2818,BFCM30,percentage,0.3,13.2,line_items
10178,2819,BFCM30,percentage,0.3,18.9,line_items
10179,2820,BFCM30,percentage,0.3,18.0,line_items
10180,2821,BFCM30,percentage,0.3,34.2,line_items
10181,2822,BFCM30,percentage,0.3,33.0,line_items
10182,2823,BFCM30,percentage,0.3,24.6,line_items
10183,2824,BFCM30,percentage,0.3,25.8,line_items
10184,2825,BFCM30,percentage,0.3,19.8,line_items
10185,2826,BFCM30,percentage,0.3,38.4,line_items
10186,2827,BFCM30,percentage,0.3,30.6,line_items
10187,2828,BFCM30,percentage,0.3,34.8,line_items
10188,2830,BFCM30,percentage,0.3,7.2,line_items
10189,2831,BFCM30,percentage,0.3,9.6,line_items
10190,2832,BFCM30,percentage,0.3,10.2,line_items
10191,2834,BFCM30,percentage,0.3,10.2,line_items
10192,2835,BFCM30,percentage,0.3,30.3,line_items
10193,2836,BFCM30,percentage,0.3,7.8,line_items
10194,2837,BFCM30,percentage,0.3,34.2,line_items
10195,2838,BFCM30,percentage,0.3,8.7,line_items
10196,2838,WELCOME15,percentage,0.15,3.04,line_items
10197,2839,BFCM30,percentage,0.3,8.7,line_items
10198,2840,BFCM30,percentage,0.3,40.5,line_items
10199,2840,WELCOME15,percentage,0.15,14.18,line_items
10200,2841,BFCM30,percentage,0.3,9.6,line_items
10201,2842,BFCM30,percentage,0.3,45.0,line_items
10202,2844,BFCM30,percentage,0.3,18.9,line_items
10203,2845,BFCM30,percentage,0.3,10.2,line_items
10204,2846,BFCM30,percentage,0.3,25.2,line_items
10205,2847,BFCM30,percentage,0.3,23.4,line_items
10206,2848,BFCM30,percentage,0.3,9.6,line_items
10207,2849,BFCM30,percentage,0.3,31.2,line_items
10208,2850,BFCM30,percentage,0.3,15.6,line_items
10209,2851,BFCM30,percentage,0.3,8.7,line_items
10210,2852,BFCM30,percentage,0.3,18.9,line_items
10211,2853,BFCM30,percentage,0.3,18.0,line_items
10212,2854,BFCM30,percentage,0.3,48.0,line_items
10213,2855,BFCM30,percentage,0.3,42.9,line_items
10214,2856,BFCM30,percentage,0.3,21.0,line_items
10215,2857,BFCM30,percentage,0.3,41.4,line_items
10216,2857,WELCOME15,percentage,0.15,14.49,line_items
10217,2858,BFCM30,percentage,0.3,6.6,line_items
10218,2859,BFCM30,percentage,0.3,8.7,line_items
10219,2859,WELCOME15,percentage,0.15,3.04,line_items
10220,2860,BFCM30,percentage,0.3,35.4,line_items
10221,2861,BFCM30,percentage,0.3,42.6,line_items
10222,2861,WELCOME15,percentage,0.15,14.91,line_items
10223,2862,BFCM30,percentage,0.3,56.4,line_items
10224,2863,BFCM30,percentage,0.3,8.7,line_items
10225,2865,BFCM30,percentage,0.3,27.6,line_items
10226,2866,BFCM30,percentage,0.3,18.9,line_items
10227,2867,WELCOME15,percentage,0.15,17.7,line_items
10228,2868,BFCM30,percentage,0.3,60.6,line_items
10229,2869,BFCM30,percentage,0.3,30.0,line_items
10230,2872,AMELIA10,percentage,0.1,3.4,line_items
10231,2873,WELCOME15,percentage,0.15,15.9,line_items
10232,2878,HOLIDAY15,percentage,0.15,4.8,line_items
10233,2879,WELCOME15,percentage,0.15,5.1,line_items
10234,2880,HOLIDAY15,percentage,0.15,3.9,line_items
10235,2881,HOLIDAY15,percentage,0.15,12.9,line_items
10236,2883,HOLIDAY15,percentage,0.15,6.6,line_items
10237,2884,NOURISHED15,percentage,0.15,3.9,line_items
10238,2885,HOLIDAY15,percentage,0.15,6.6,line_items
10239,2886,HOLIDAY15,percentage,0.15,12.6,line_items
10240,2886,WELCOME15,percentage,0.15,10.71,line_items
10241,2887,HOLIDAY15,percentage,0.15,3.3,line_items
10242,2889,HOLIDAY15,percentage,0.15,28.65,line_items
10243,2890,HOLIDAY15,percentage,0.15,5.1,line_items
10244,2891,WELCOME15,percentage,0.15,12.6,line_items
10245,2895,DERMDIARY10,percentage,0.1,3.6,line_items
10246,2896,DERMDIARY10,percentage,0.1,3.4,line_items
10247,2897,HOLIDAY15,percentage,0.15,21.0,line_items
10248,2898,WELCOME15,percentage,0.15,6.6,line_items
10249,2903,HOLIDAY15,percentage,0.15,4.35,line_items
10250,2904,GLOWWITHSAM12,percentage,0.12,10.92,line_items
10251,2907,HOLIDAY15,percentage,0.15,29.4,line_items
10252,2908,HOLIDAY15,percentage,0.15,6.6,line_items
10253,2909,HOLIDAY15,percentage,0.15,3.3,line_items
10254,2910,LOYAL10,percentage,0.1,12.0,line_items
10255,2911,HOLIDAY15,percentage,0.15,4.35,line_items
10256,2913,HOLIDAY15,percentage,0.15,6.6,line_items
10257,2916,HOLIDAY15,percentage,0.15,3.6,line_items
10258,2917,HOLIDAY15,percentage,0.15,12.6,line_items
10259,2919,HOLIDAY15,percentage,0.15,12.6,line_items
10260,2921,HOLIDAY15,percentage,0.15,25.5,line_items
10261,2923,LOYAL10,percentage,0.1,10.6,line_items
10262,2924,HOLIDAY15,percentage,0.15,11.1,line_items
10263,2926,HOLIDAY15,percentage,0.15,9.45,line_items
10264,2927,WELCOME15,percentage,0.15,16.8,line_items
10265,2928,HOLIDAY15,percentage,0.15,13.8,line_items
10266,2930,HOLIDAY15,percentage,0.15,16.2,line_items
10267,2933,HOLIDAY15,percentage,0.15,6.6,line_items
10268,2936,WELCOME15,percentage,0.15,8.4,line_items
10269,2937,WELCOME15,percentage,0.15,3.6,line_items
10270,2938,NOURISHED15,percentage,0.15,12.6,line_items
10271,2942,WELCOME15,percentage,0.15,7.8,line_items
10272,2943,WELCOME15,percentage,0.15,4.8,line_items
10273,2944,WELCOME15,percentage,0.15,10.2,line_items
10274,2945,HOLIDAY15,percentage,0.15,12.75,line_items
10275,2946,WELCOME15,percentage,0.15,5.4,line_items
10276,2947,HOLIDAY15,percentage,0.15,15.3,line_items
10277,2950,HOLIDAY15,percentage,0.15,3.6,line_items
10278,2951,HOLIDAY15,percentage,0.15,11.1,line_items
10279,2951,WELCOME15,percentage,0.15,9.44,line_items
10280,2952,WELCOME15,percentage,0.15,5.4,line_items
10281,2953,HOLIDAY15,percentage,0.15,10.2,line_items
10282,2955,LOYAL10,percentage,0.1,8.2,line_items
10283,2957,HOLIDAY15,percentage,0.15,6.6,line_items
10284,2958,HOLIDAY15,percentage,0.15,10.2,line_items
10285,2959,HOLIDAY15,percentage,0.15,5.1,line_items
10286,2965,HOLIDAY15,percentage,0.15,3.6,line_items
10287,2965,WELCOME15,percentage,0.15,3.06,line_items
10288,2967,HOLIDAY15,percentage,0.15,4.35,line_items
10289,2968,HOLIDAY15,percentage,0.15,12.6,line_items
10290,2969,WELCOME15,percentage,0.15,10.8,line_items
10291,2971,HOLIDAY15,percentage,0.15,11.7,line_items
10292,2972,HOLIDAY15,percentage,0.15,16.8,line_items
10293,2975,HOLIDAY15,percentage,0.15,5.1,line_items
10294,2976,HOLIDAY15,percentage,0.15,3.6,line_items
10295,2978,HOLIDAY15,percentage,0.15,5.1,line_items
10296,2980,GLOWWITHSAM12,percentage,0.12,11.4,line_items
10297,2981,WELCOME15,percentage,0.15,4.5,line_items
10298,2982,DERMDIARY10,percentage,0.1,4.4,line_items
10299,2982,WELCOME15,percentage,0.15,5.94,line_items
10300,2983,HOLIDAY15,percentage,0.15,5.1,line_items
10301,2984,WELCOME15,percentage,0.15,4.2,line_items
10302,2985,HOLIDAY15,percentage,0.15,12.6,line_items
10303,2986,WELCOME15,percentage,0.15,4.8,line_items
10304,2987,HOLIDAY15,percentage,0.15,14.1,line_items
10305,2988,LOYAL10,percentage,0.1,8.0,line_items
10306,2990,LOYAL10,percentage,0.1,3.4,line_items
10307,2991,HOLIDAY15,percentage,0.15,3.9,line_items
10308,2992,HOLIDAY15,percentage,0.15,4.8,line_items
10309,2993,WELCOME15,percentage,0.15,12.6,line_items
10310,2994,HOLIDAY15,percentage,0.15,12.75,line_items
10311,2995,FREESHIP,free_shipping,,5.95,shipping
10312,2996,HOLIDAY15,percentage,0.15,24.6,line_items
10313,2997,HOLIDAY15,percentage,0.15,15.0,line_items
10314,2998,HOLIDAY15,percentage,0.15,13.5,line_items
10315,2999,GLOWWITHSAM12,percentage,0.12,8.16,line_items
10316,3000,HOLIDAY15,percentage,0.15,12.6,line_items
10317,3002,WELCOME15,percentage,0.15,3.3,line_items
10318,3003,HOLIDAY15,percentage,0.15,25.2,line_items
10319,3004,WELCOME15,percentage,0.15,4.8,line_items
10320,3006,HOLIDAY15,percentage,0.15,13.5,line_items
10321,3007,WELCOME15,percentage,0.15,19.8,line_items
10322,3008,HOLIDAY15,percentage,0.15,11.55,line_items
10323,3011,LOYAL10,percentage,0.1,6.1,line_items
10324,3012,HOLIDAY15,percentage,0.15,5.1,line_items
10325,3013,WELCOME15,percentage,0.15,3.3,line_items
10326,3016,WELCOME15,percentage,0.15,8.7,line_items
10327,3017,HOLIDAY15,percentage,0.15,27.0,line_items
10328,3018,HOLIDAY15,percentage,0.15,3.3,line_items
10329,3019,AMELIA10,percentage,0.1,3.4,line_items
10330,3020,WELCOME15,percentage,0.15,5.1,line_items
10331,3026,HOLIDAY15,percentage,0.15,12.6,line_items
10332,3027,HOLIDAY15,percentage,0.15,13.8,line_items
10333,3029,LOYAL10,percentage,0.1,6.2,line_items
10334,3031,HOLIDAY15,percentage,0.15,5.1,line_items
10335,3032,HOLIDAY15,percentage,0.15,8.4,line_items
10336,3033,HOLIDAY15,percentage,0.15,9.9,line_items
10337,3034,HOLIDAY15,percentage,0.15,19.5,line_items
10338,3037,SKINBYJORDAN15,percentage,0.15,12.6,line_items
10339,3038,HOLIDAY15,percentage,0.15,9.75,line_items
10340,3040,HOLIDAY15,percentage,0.15,18.0,line_items
10341,3041,HOLIDAY15,percentage,0.15,16.95,line_items
10342,3042,HOLIDAY15,percentage,0.15,4.8,line_items
10343,3043,HOLIDAY15,percentage,0.15,15.9,line_items
10344,3044,WELCOME15,percentage,0.15,8.4,line_items
10345,3046,HOLIDAY15,percentage,0.15,5.4,line_items
10346,3048,HOLIDAY15,percentage,0.15,5.1,line_items
10347,3049,HOLIDAY15,percentage,0.15,4.35,line_items
10348,3051,LOYAL10,percentage,0.1,5.6,line_items
10349,3052,WELCOME15,percentage,0.15,3.9,line_items
10350,3058,WELCOME15,percentage,0.15,16.8,line_items
10351,3060,HOLIDAY15,percentage,0.15,3.3,line_items
10352,3062,WELCOME15,percentage,0.15,15.3,line_items
10353,3063,HOLIDAY15,percentage,0.15,9.9,line_items
10354,3064,HOLIDAY15,percentage,0.15,23.1,line_items
10355,3066,WELCOME15,percentage,0.15,8.4,line_items
10356,3069,HOLIDAY15,percentage,0.15,3.3,line_items
10357,3070,HOLIDAY15,percentage,0.15,4.2,line_items
10358,3071,WELCOME15,percentage,0.15,7.65,line_items
10359,3072,HOLIDAY15,percentage,0.15,6.6,line_items
10360,3073,HOLIDAY15,percentage,0.15,5.1,line_items
10361,3075,LOYAL10,percentage,0.1,10.2,line_items
10362,3076,HOLIDAY15,percentage,0.15,14.4,line_items
10363,3080,WELCOME15,percentage,0.15,3.3,line_items
10364,3081,HOLIDAY15,percentage,0.15,11.7,line_items
10365,3082,LOYAL10,percentage,0.1,17.3,line_items
10366,3083,HOLIDAY15,percentage,0.15,8.25,line_items
10367,3084,WELCOME15,percentage,0.15,22.95,line_items
10368,3085,WELCOME15,percentage,0.15,5.1,line_items
10369,3087,HOLIDAY15,percentage,0.15,19.5,line_items
10370,3088,HOLIDAY15,percentage,0.15,4.2,line_items
10371,3089,HOLIDAY15,percentage,0.15,15.0,line_items
10372,3090,WELCOME15,percentage,0.15,9.0,line_items
10373,3093,HOLIDAY15,percentage,0.15,4.5,line_items
10374,3094,WELCOME15,percentage,0.15,12.6,line_items
10375,3098,HOLIDAY15,percentage,0.15,5.4,line_items
10376,3100,HOLIDAY15,percentage,0.15,10.2,line_items
10377,3101,HOLIDAY15,percentage,0.15,4.8,line_items
10378,3102,HOLIDAY15,percentage,0.15,5.1,line_items
10379,3105,WELCOME15,percentage,0.15,27.9,line_items
10380,3106,HOLIDAY15,percentage,0.15,4.5,line_items
10381,3111,HOLIDAY15,percentage,0.15,10.2,line_items
10382,3112,LOYAL10,percentage,0.1,2.9,line_items
10383,3113,HOLIDAY15,percentage,0.15,5.1,line_items
10384,3114,WELCOME15,percentage,0.15,5.1,line_items
10385,3115,HOLIDAY15,percentage,0.15,9.6,line_items
10386,3117,HOLIDAY15,percentage,0.15,11.1,line_items
10387,3119,HOLIDAY15,percentage,0.15,4.8,line_items
10388,3120,HOLIDAY15,percentage,0.15,30.75,line_items
10389,3121,LOYAL10,percentage,0.1,3.4,line_items
10390,3122,HOLIDAY15,percentage,0.15,4.35,line_items
10391,3123,SKINBYJORDAN15,percentage,0.15,12.0,line_items
10392,3124,LOYAL10,percentage,0.1,8.4,line_items
10393,3125,HOLIDAY15,percentage,0.15,5.1,line_items
10394,3129,WELCOME15,percentage,0.15,4.2,line_items
10395,3131,HOLIDAY15,percentage,0.15,4.2,line_items
10396,3131,WELCOME15,percentage,0.15,3.57,line_items
10397,3132,HOLIDAY15,percentage,0.15,5.1,line_items
10398,3133,WELCOME15,percentage,0.15,8.4,line_items
10399,3134,LOYAL10,percentage,0.1,6.8,line_items
10400,3135,HOLIDAY15,percentage,0.15,15.3,line_items
10401,3136,HOLIDAY15,percentage,0.15,5.1,line_items
10402,3137,HOLIDAY15,percentage,0.15,12.6,line_items
10403,3138,WELCOME15,percentage,0.15,5.1,line_items
10404,3139,HOLIDAY15,percentage,0.15,5.1,line_items
10405,3140,WELCOME15,percentage,0.15,15.6,line_items
10406,3141,HOLIDAY15,percentage,0.15,12.6,line_items
10407,3142,WELCOME15,percentage,0.15,9.6,line_items
10408,3143,WELCOME15,percentage,0.15,10.2,line_items
10409,3146,LOYAL10,percentage,0.1,6.3,line_items
10410,3147,WELCOME15,percentage,0.15,3.3,line_items
10411,3148,GLOWWITHSAM12,percentage,0.12,4.08,line_items
10412,3149,SKINBYJORDAN15,percentage,0.15,3.3,line_items
10413,3150,LOYAL10,percentage,0.1,10.1,line_items
10414,3156,WELCOME15,percentage,0.15,3.3,line_items
10415,3159,WELCOME15,percentage,0.15,17.55,line_items
10416,3160,welcome15,percentage,0.15,5.1,line_items
10417,3162,WELCOME15,percentage,0.15,4.8,line_items
10418,3163,LOYAL10 ,percentage,0.1,4.4,line_items
10419,3164,LOYAL10,percentage,0.1,6.8,line_items
10420,3165,WELCOME15,percentage,0.15,6.6,line_items
10421,3166,LOYAL10,percentage,0.1,3.6,line_items
10422,3168,LOYAL10,percentage,0.1,12.8,line_items
10423,3170,WELCOME15,percentage,0.15,8.4,line_items
10424,3171,WELCOME15,percentage,0.15,12.6,line_items
10425,3174,LOYAL10,percentage,0.1,8.4,line_items
10426,3176,WELCOME15,percentage,0.15,22.8,line_items
10427,3178,WELCOME15,percentage,0.15,3.3,line_items
10428,3181,LOYAL10,percentage,0.1,5.6,line_items
10429,3183,welcome15,percentage,0.15,9.9,line_items
10430,3184,welcome15,percentage,0.15,10.2,line_items
10431,3186,LOYAL10,percentage,0.1,11.2,line_items
10432,3187,LOYAL10,percentage,0.1,12.8,line_items
10433,3191,WELCOME15,percentage,0.15,9.9,line_items
10434,3193,LOYAL10,percentage,0.1,3.4,line_items
10435,3194,LOYAL10,percentage,0.1,5.1,line_items
10436,3195,LOYAL10,percentage,0.1,6.2,line_items
10437,3196,WELCOME15,percentage,0.15,5.1,line_items
10438,3198,FREESHIP,free_shipping,,5.95,shipping
10439,3200,WELCOME15,percentage,0.15,5.4,line_items
10440,3203,WELCOME15,percentage,0.15,6.6,line_items
10441,3205,LOYAL10,percentage,0.1,13.0,line_items
10442,3208,WELCOME15,percentage,0.15,17.7,line_items
10443,3210,WELCOME15,percentage,0.15,19.65,line_items
10444,3212,SKINBYJORDAN15,percentage,0.15,11.4,line_items
10445,3217,WELCOME15,percentage,0.15,4.8,line_items
10446,3219,SKINBYJORDAN15,percentage,0.15,17.4,line_items
10447,3220,WELCOME15,percentage,0.15,25.65,line_items
10448,3221,AMELIA10,percentage,0.1,12.1,line_items
10449,3224,SKINBYJORDAN15,percentage,0.15,10.8,line_items
10450,3225,DERMDIARY10,percentage,0.1,13.1,line_items
10451,3226,welcome15,percentage,0.15,5.1,line_items
10452,3227,WELCOME15,percentage,0.15,4.8,line_items
10453,3230,GLOWWITHSAM12,percentage,0.12,4.32,line_items
10454,3236,WELCOME15,percentage,0.15,5.1,line_items
10455,3238,welcome15,percentage,0.15,19.5,line_items
10456,3242,LOYAL10,percentage,0.1,3.4,line_items
10457,3245,NOURISHED15,percentage,0.15,3.3,line_items
10458,3247,AMELIA10,percentage,0.1,2.9,line_items
10459,3249,WELCOME15,percentage,0.15,3.3,line_items
10460,3251,LOYAL10,percentage,0.1,2.9,line_items
10461,3254,LOYAL10,percentage,0.1,2.2,line_items
10462,3258,LOYAL10,percentage,0.1,3.4,line_items
10463,3259,LOYAL10,percentage,0.1,10.0,line_items
10464,3260,NEWYEAR20,percentage,0.2,4.4,line_items
10465,3262,WELCOME15,percentage,0.15,5.1,line_items
10466,3263,WELCOME15,percentage,0.15,8.4,line_items
10467,3264,WELCOME15,percentage,0.15,5.4,line_items
10468,3265,WELCOME15,percentage,0.15,17.7,line_items
10469,3269,NEWYEAR20,percentage,0.2,35.2,line_items
10470,3271,LOYAL10,percentage,0.1,4.4,line_items
10471,3272,LOYAL10,percentage,0.1,6.0,line_items
10472,3273,NEWYEAR20,percentage,0.2,5.8,line_items
10473,3276,NEWYEAR20,percentage,0.2,11.2,line_items
10474,3278,NEWYEAR20,percentage,0.2,22.4,line_items
10475,3279,NEWYEAR20,percentage,0.2,5.8,line_items
10476,3280,WELCOME15,percentage,0.15,6.6,line_items
10477,3281,NEWYEAR20,percentage,0.2,6.4,line_items
10478,3282,NEWYEAR20,percentage,0.2,4.4,line_items
10479,3283,NEWYEAR20,percentage,0.2,9.6,line_items
10480,3283,WELCOME15,percentage,0.15,5.76,line_items
10481,3284,WELCOME15,percentage,0.15,5.1,line_items
10482,3286,NEWYEAR20,percentage,0.2,10.8,line_items
10483,3287,NEWYEAR20,percentage,0.2,23.6,line_items
10484,3288,WELCOME15,percentage,0.15,27.6,line_items
10485,3290,NEWYEAR20,percentage,0.2,6.8,line_items
10486,3291,WELCOME15,percentage,0.15,8.1,line_items
10487,3292,LOYAL10,percentage,0.1,13.5,line_items
10488,3293,NEWYEAR20,percentage,0.2,6.4,line_items
10489,3293,WELCOME15,percentage,0.15,3.84,line_items
10490,3295,AMELIA10,percentage,0.1,2.8,line_items
10491,3296,FREESHIP,free_shipping,,12.95,shipping
10492,3299,NEWYEAR20,percentage,0.2,16.8,line_items
10493,3301,WELCOME15,percentage,0.15,6.6,line_items
10494,3302,WELCOME15,percentage,0.15,4.5,line_items
10495,3303,NEWYEAR20,percentage,0.2,4.4,line_items
10496,3303,FREESHIP,free_shipping,,5.95,shipping
10497,3304,WELCOME15,percentage,0.15,4.35,line_items
10498,3305,NEWYEAR20,percentage,0.2,11.2,line_items
10499,3307,NEWYEAR20,percentage,0.2,6.8,line_items
10500,3308,SKINBYJORDAN15,percentage,0.15,6.6,line_items
10501,3309,NEWYEAR20,percentage,0.2,11.2,line_items
10502,3311,NEWYEAR20,percentage,0.2,16.8,line_items
10503,3312,NEWYEAR20,percentage,0.2,35.2,line_items
10504,3313,NEWYEAR20,percentage,0.2,19.6,line_items
10505,3315,NEWYEAR20,percentage,0.2,22.8,line_items
10506,3316,WELCOME15,percentage,0.15,22.8,line_items
10507,3317,NEWYEAR20,percentage,0.2,6.8,line_items
10508,3319,NEWYEAR20,percentage,0.2,26.0,line_items
10509,3321,LOYAL10,percentage,0.1,3.0,line_items
10510,3324,NEWYEAR20,percentage,0.2,27.8,line_items
10511,3325,SKINBYJORDAN15,percentage,0.15,17.1,line_items
10512,3326,LOYAL10,percentage,0.1,8.8,line_items
10513,3327,WELCOME15,percentage,0.15,12.6,line_items
10514,3328,NEWYEAR20,percentage,0.2,11.2,line_items
10515,3328,FREESHIP,free_shipping,,12.95,shipping
10516,3329,WELCOME15,percentage,0.15,16.05,line_items
10517,3331,LOYAL10,percentage,0.1,3.2,line_items
10518,3332,NEWYEAR20,percentage,0.2,4.4,line_items
10519,3336,NEWYEAR20,percentage,0.2,8.8,line_items
10520,3337,LOYAL10,percentage,0.1,8.2,line_items
10521,3339,NEWYEAR20,percentage,0.2,5.8,line_items
10522,3340,NEWYEAR20,percentage,0.2,13.2,line_items
10523,3341,WELCOME15,percentage,0.15,9.0,line_items
10524,3343,NEWYEAR20,percentage,0.2,5.6,line_items
10525,3348,NEWYEAR20,percentage,0.2,24.0,line_items
10526,3349,NEWYEAR20,percentage,0.2,4.4,line_items
10527,3350,NEWYEAR20,percentage,0.2,14.0,line_items
10528,3352,NEWYEAR20,percentage,0.2,21.6,line_items
10529,3353,NEWYEAR20,percentage,0.2,6.8,line_items
10530,3354,NEWYEAR20,percentage,0.2,11.2,line_items
10531,3355,NEWYEAR20,percentage,0.2,28.0,line_items
10532,3357,TEST100,percentage,1.0,34.0,line_items
10533,3358,WELCOME15,percentage,0.15,12.6,line_items
10534,3359,NEWYEAR20,percentage,0.2,10.8,line_items
10535,3362,NEWYEAR20,percentage,0.2,4.8,line_items
10536,3363,WELCOME15,percentage,0.15,5.1,line_items
10537,3364,NOURISHED15,percentage,0.15,17.7,line_items
10538,3365,NEWYEAR20,percentage,0.2,7.2,line_items
10539,3366,WELCOME15,percentage,0.15,13.2,line_items
10540,3369,WELCOME15,percentage,0.15,5.1,line_items
10541,3373,WELCOME15,percentage,0.15,4.2,line_items
10542,3374,NEWYEAR20,percentage,0.2,23.8,line_items
10543,3378,NEWYEAR20,percentage,0.2,20.0,line_items
10544,3379,NEWYEAR20,percentage,0.2,6.8,line_items
10545,3379,WELCOME15,percentage,0.15,4.08,line_items
10546,3380,NEWYEAR20,percentage,0.2,5.8,line_items
10547,3380,WELCOME15,percentage,0.15,3.48,line_items
10548,3381,NEWYEAR20,percentage,0.2,11.2,line_items
10549,3384,NEWYEAR20,percentage,0.2,5.2,line_items
10550,3385,NEWYEAR20,percentage,0.2,12.4,line_items
10551,3386,NEWYEAR20,percentage,0.2,16.8,line_items
10552,3387,NEWYEAR20,percentage,0.2,16.8,line_items
10553,3388,WELCOME15,percentage,0.15,9.9,line_items
10554,3389,WELCOME15,percentage,0.15,9.75,line_items
10555,3391,NEWYEAR20,percentage,0.2,5.8,line_items
10556,3392,NEWYEAR20,percentage,0.2,10.2,line_items
10557,3394,LOYAL10,percentage,0.1,3.4,line_items
10558,3395,NEWYEAR20,percentage,0.2,29.4,line_items
10559,3396,LOYAL10,percentage,0.1,6.8,line_items
10560,3397,NEWYEAR20,percentage,0.2,35.6,line_items
10561,3397,WELCOME15,percentage,0.15,21.36,line_items
10562,3398,NEWYEAR20,percentage,0.2,6.8,line_items
10563,3399,NEWYEAR20,percentage,0.2,6.8,line_items
10564,3399,FREESHIP,free_shipping,,5.95,shipping
10565,3400,NEWYEAR20,percentage,0.2,36.6,line_items
10566,3404,NEWYEAR20,percentage,0.2,22.4,line_items
10567,3405,AMELIA10,percentage,0.1,12.6,line_items
10568,3406,NEWYEAR20,percentage,0.2,7.2,line_items
10569,3407,NEWYEAR20,percentage,0.2,10.2,line_items
10570,3408,WELCOME15,percentage,0.15,9.6,line_items
10571,3409,WELCOME15,percentage,0.15,8.25,line_items
10572,3411,NEWYEAR20,percentage,0.2,6.8,line_items
10573,3412,DERMDIARY10,percentage,0.1,16.2,line_items
10574,3413,NEWYEAR20,percentage,0.2,15.6,line_items
10575,3413,WELCOME15,percentage,0.15,9.36,line_items
10576,3416,NEWYEAR20,percentage,0.2,6.8,line_items
10577,3417,WELCOME15,percentage,0.15,5.1,line_items
10578,3418,WELCOME15,percentage,0.15,27.75,line_items
10579,3419,WELCOME15,percentage,0.15,9.15,line_items
10580,3420,LOYAL10,percentage,0.1,12.0,line_items
10581,3421,NEWYEAR20,percentage,0.2,16.8,line_items
10582,3421,WELCOME15,percentage,0.15,10.08,line_items
10583,3422,NEWYEAR20,percentage,0.2,6.8,line_items
10584,3425,welcome15,percentage,0.15,4.8,line_items
10585,3428,LOYAL10,percentage,0.1,7.2,line_items
10586,3429,WELCOME15,percentage,0.15,3.9,line_items
10587,3431,LOYAL10,percentage,0.1,2.9,line_items
10588,3433,WELCOME15,percentage,0.15,13.95,line_items
10589,3439,SKINBYJORDAN15,percentage,0.15,5.7,line_items
10590,3443,WELCOME15,percentage,0.15,4.35,line_items
10591,3445,WELCOME15,percentage,0.15,8.7,line_items
10592,3446,DERMDIARY10,percentage,0.1,9.2,line_items
10593,3449,LOYAL10,percentage,0.1,5.0,line_items
10594,3452,LOYAL10,percentage,0.1,2.2,line_items
10595,3453,WELCOME15,percentage,0.15,10.8,line_items
10596,3454,LOYAL10,percentage,0.1,11.4,line_items
10597,3465,WELCOME15,percentage,0.15,4.35,line_items
10598,3467,GLOWWITHSAM12,percentage,0.12,10.8,line_items
10599,3468,GLOWWITHSAM12,percentage,0.12,13.92,line_items
10600,3470,SKINBYJORDAN15,percentage,0.15,5.4,line_items
10601,3471,WELCOME15,percentage,0.15,4.8,line_items
10602,3472,LOYAL10,percentage,0.1,3.2,line_items
10603,3477,WELCOME15,percentage,0.15,5.1,line_items
10604,3479,WELCOME15,percentage,0.15,13.2,line_items
10605,3482,LOYAL10,percentage,0.1,2.2,line_items
10606,3485,WELCOME15,percentage,0.15,3.3,line_items
10607,3485,FREESHIP,free_shipping,,5.95,shipping
10608,3487,WELCOME15,percentage,0.15,5.7,line_items
10609,3492,WELCOME15,percentage,0.15,4.2,line_items
10610,3493,WELCOME15,percentage,0.15,6.6,line_items
10611,3494,LOYAL10,percentage,0.1,3.4,line_items
10612,3494,FREESHIP,free_shipping,,5.95,shipping
10613,3496,WELCOME15,percentage,0.15,13.2,line_items
10614,3497,WELCOME15,percentage,0.15,3.3,line_items
10615,3498,WELCOME15,percentage,0.15,10.5,line_items
10616,3499,LOYAL10,percentage,0.1,6.6,line_items
10617,3500,WELCOME15,percentage,0.15,3.3,line_items
10618,3503,WELCOME15,percentage,0.15,16.65,line_items
10619,3513,WELCOME15,percentage,0.15,3.9,line_items
10620,3515,WELCOME15,percentage,0.15,13.35,line_items
10621,3516,WELCOME15,percentage,0.15,21.6,line_items
10622,3519,LOYAL10,percentage,0.1,7.6,line_items
10623,3520,WELCOME15,percentage,0.15,3.9,line_items
10624,3520,FREESHIP,free_shipping,,5.95,shipping
10625,3523,LOYAL10,percentage,0.1,2.2,line_items
10626,3529,SKINBYJORDAN15,percentage,0.15,18.6,line_items
10627,3529,WELCOME15,percentage,0.15,15.81,line_items
10628,3530,WELCOME15,percentage,0.15,10.2,line_items
10629,3531,WELCOME15,percentage,0.15,23.4,line_items
10630,3532,LOYAL10,percentage,0.1,6.8,line_items
10631,3533,LOYAL10,percentage,0.1,13.8,line_items
10632,3535,LOYAL10,percentage,0.1,6.2,line_items
10633,3539,welcome15,percentage,0.15,3.6,line_items
10634,3542,WELCOME15,percentage,0.15,10.05,line_items
10635,3544,AMELIA10,percentage,0.1,2.4,line_items
10636,3546,LOYAL10,percentage,0.1,6.2,line_items
10637,3549,WELCOME15,percentage,0.15,3.3,line_items
10638,3551,WELCOME15,percentage,0.15,9.75,line_items
10639,3557,LOYAL10,percentage,0.1,4.4,line_items
10640,3560,WELCOME15,percentage,0.15,13.2,line_items
10641,3568,WELCOME15,percentage,0.15,4.5,line_items
10642,3569,LOYAL10,percentage,0.1,2.6,line_items
10643,3570,LOYAL10,percentage,0.1,7.9,line_items
10644,3571,WELCOME15,percentage,0.15,14.1,line_items
10645,3574,WELCOME15,percentage,0.15,3.3,line_items
10646,3574,FREESHIP,free_shipping,,12.95,shipping
10647,3575,WELCOME15,percentage,0.15,5.4,line_items
10648,3576,WELCOME15,percentage,0.15,5.7,line_items
10649,3587,WELCOME15,percentage,0.15,5.7,line_items
10650,3588,WELCOME15,percentage,0.15,4.35,line_items
10651,3591,WELCOME15,percentage,0.15,4.8,line_items
10652,3593,LOYAL10,percentage,0.1,6.0,line_items
10653,3596,welcome15,percentage,0.15,4.35,line_items
10654,3601,LOYAL10,percentage,0.1,12.0,line_items
10655,3603,SKINBYJORDAN15,percentage,0.15,25.2,line_items
10656,3604,SKINBYJORDAN15,percentage,0.15,16.8,line_items
10657,3605,WELCOME15,percentage,0.15,4.35,line_items
10658,3608,LOYAL10,percentage,0.1,3.4,line_items
10659,3609,WELCOME15,percentage,0.15,8.7,line_items
10660,3612,WELCOME15,percentage,0.15,4.2,line_items
10661,3615,LOYAL10,percentage,0.1,2.9,line_items
10662,3618,WELCOME15,percentage,0.15,10.2,line_items
10663,3619,WELCOME15,percentage,0.15,7.5,line_items
10664,3623,WELCOME15,percentage,0.15,10.05,line_items
10665,3626,LOYAL10 ,percentage,0.1,4.4,line_items
10666,3630,WELCOME15,percentage,0.15,28.65,line_items
10667,3640,WELCOME15,percentage,0.15,13.2,line_items
10668,3641,GLOWWITHSAM12,percentage,0.12,7.68,line_items
10669,3644,WELCOME15,percentage,0.15,4.8,line_items
10670,3645,LOYAL10,percentage,0.1,6.4,line_items
10671,3646,WELCOME15,percentage,0.15,3.6,line_items
10672,3647,WELCOME15,percentage,0.15,4.8,line_items
10673,3651,DERMDIARY10,percentage,0.1,3.8,line_items
10674,3655,AMELIA10,percentage,0.1,9.3,line_items
10675,3657,WELCOME15,percentage,0.15,5.4,line_items
10676,3659,LOYAL10,percentage,0.1,8.0,line_items
10677,3663,LOYAL10,percentage,0.1,6.0,line_items
10678,3672,WELCOME15,percentage,0.15,5.7,line_items
10679,3674,WELCOME15,percentage,0.15,9.0,line_items
10680,3675,WELCOME15,percentage,0.15,27.9,line_items
10681,3678,WELCOME15,percentage,0.15,19.2,line_items
10682,3679,SKINBYJORDAN15,percentage,0.15,5.7,line_items
10683,3679,WELCOME15,percentage,0.15,4.85,line_items
10684,3680,WELCOME15,percentage,0.15,15.6,line_items
10685,3682,WELCOME15,percentage,0.15,5.7,line_items
10686,3683,AMELIA10,percentage,0.1,8.8,line_items
10687,3686,WELCOME15,percentage,0.15,3.9,line_items
10688,3687,WELCOME15,percentage,0.15,13.2,line_items
10689,3689,WELCOME15,percentage,0.15,5.1,line_items
10690,3689,FREESHIP,free_shipping,,5.95,shipping
10691,3693,WELCOME15,percentage,0.15,3.6,line_items
10692,3694,LOYAL10,percentage,0.1,3.2,line_items
10693,3697,WELCOME15,percentage,0.15,5.7,line_items
10694,3702,AMELIA10,percentage,0.1,13.5,line_items
10695,3704,WELCOME15,percentage,0.15,18.0,line_items
10696,3705,GLOWWITHSAM12,percentage,0.12,3.12,line_items
10697,3711,LOYAL10,percentage,0.1,5.2,line_items
10698,3718,AMELIA10,percentage,0.1,6.2,line_items
10699,3718,FREESHIP,free_shipping,,12.95,shipping
10700,3725,LOYAL10,percentage,0.1,11.7,line_items
10701,3732,WELCOME15,percentage,0.15,10.5,line_items
10702,3733,WELCOME15,percentage,0.15,22.8,line_items
10703,3734,LOYAL10,percentage,0.1,5.8,line_items
10704,3741,LOYAL10,percentage,0.1,5.9,line_items
10705,3744,GLOWWITHSAM12,percentage,0.12,10.32,line_items
10706,3745,WELCOME15,percentage,0.15,12.9,line_items
10707,3746,DERMDIARY10,percentage,0.1,9.4,line_items
10708,3746,WELCOME15,percentage,0.15,12.69,line_items
10709,3748,WELCOME15,percentage,0.15,3.3,line_items
10710,3749,WELCOME15,percentage,0.15,16.65,line_items
10711,3750,WELCOME15,percentage,0.15,4.8,line_items
10712,3757,WELCOME15,percentage,0.15,3.3,line_items
10713,3759,SKINBYJORDAN15,percentage,0.15,3.3,line_items
10714,3762,AMELIA10,percentage,0.1,2.2,line_items
10715,3763,LOYAL10 ,percentage,0.1,11.6,line_items
10716,3767,LOYAL10,percentage,0.1,5.6,line_items
10717,3769,WELCOME15,percentage,0.15,21.0,line_items
10718,3771,WELCOME15,percentage,0.15,6.6,line_items
10719,3777,WELCOME15,percentage,0.15,5.7,line_items
10720,3781,SKINBYJORDAN15,percentage,0.15,6.9,line_items
10721,3782,WELCOME15,percentage,0.15,4.8,line_items
10722,3783,WELCOME15,percentage,0.15,29.4,line_items
10723,3787,WELCOME15,percentage,0.15,4.8,line_items
10724,3789,WELCOME15,percentage,0.15,13.2,line_items
10725,3791,FREESHIP,free_shipping,,12.95,shipping
10726,3792,LOYAL10,percentage,0.1,4.6,line_items
10727,3794,WELCOME15,percentage,0.15,10.2,line_items
10728,3797,LOYAL10,percentage,0.1,8.2,line_items
10729,3802,WELCOME15,percentage,0.15,29.25,line_items
10730,3806,AMELIA10,percentage,0.1,4.4,line_items
10731,3812,LOYAL10,percentage,0.1,2.4,line_items
10732,3820,WELCOME15,percentage,0.15,12.6,line_items
10733,3821,GLOWWITHSAM12,percentage,0.12,10.56,line_items
10734,3822,LOYAL10,percentage,0.1,16.6,line_items
10735,3824,LOYAL10,percentage,0.1,2.6,line_items
10736,3825,FREESHIP,free_shipping,,5.95,shipping
10737,3827,WELCOME15,percentage,0.15,16.5,line_items
10738,3828,LOYAL10,percentage,0.1,3.4,line_items
10739,3832,WELCOME15,percentage,0.15,4.35,line_items
10740,3834,WELCOME15,percentage,0.15,3.3,line_items
10741,3834,FREESHIP,free_shipping,,5.95,shipping
10742,3838,WELCOME15,percentage,0.15,9.6,line_items
10743,3839,WELCOME15,percentage,0.15,14.4,line_items
10744,3840,WELCOME15,percentage,0.15,5.7,line_items
10745,3841,LOYAL10,percentage,0.1,2.6,line_items
10746,3843,LOYAL10,percentage,0.1,11.7,line_items
10747,3844,LOYAL10,percentage,0.1,2.2,line_items
10748,3845,WELCOME15,percentage,0.15,4.8,line_items
10749,3850,WELCOME15,percentage,0.15,11.4,line_items
10750,3852,WELCOME15,percentage,0.15,26.55,line_items
10751,3856,WELCOME15,percentage,0.15,13.2,line_items
10752,3857,WELCOME15,percentage,0.15,4.8,line_items
10753,3857,FREESHIP,free_shipping,,5.95,shipping
10754,3859,WELCOME15,percentage,0.15,3.9,line_items
10755,3860,WELCOME15,percentage,0.15,8.1,line_items
10756,3862,WELCOME15,percentage,0.15,14.4,line_items
10757,3865,WELCOME15,percentage,0.15,3.9,line_items
10758,3866,WELCOME15,percentage,0.15,3.6,line_items
10759,3867,WELCOME15,percentage,0.15,8.7,line_items
10760,3869,WELCOME15,percentage,0.15,3.3,line_items
10761,3873,WELCOME15,percentage,0.15,21.3,line_items
10762,3874,WELCOME15,percentage,0.15,3.9,line_items
10763,3876,WELCOME15,percentage,0.15,5.1,line_items
10764,3877,WELCOME15,percentage,0.15,13.2,line_items
10765,3879,WELCOME15,percentage,0.15,9.0,line_items
10766,3880,WELCOME15,percentage,0.15,15.9,line_items
10767,3883,WELCOME15,percentage,0.15,3.3,line_items
10768,3884,WELCOME15,percentage,0.15,19.8,line_items
10769,3886,WELCOME15,percentage,0.15,10.8,line_items
10770,3889,WELCOME15,percentage,0.15,10.05,line_items
10771,3892,WELCOME15,percentage,0.15,4.8,line_items
10772,3895,WELCOME15,percentage,0.15,10.5,line_items
10773,3896,WELCOME15,percentage,0.15,15.75,line_items
10774,3900,LOYAL10,percentage,0.1,4.4,line_items
10775,3901,WELCOME15,percentage,0.15,6.6,line_items
10776,3902,WELCOME15,percentage,0.15,13.95,line_items
10777,3904,LOYAL10,percentage,0.1,2.9,line_items
10778,3905,WELCOME15,percentage,0.15,18.6,line_items
10779,3906,WELCOME15,percentage,0.15,5.7,line_items
10780,3910,WELCOME15,percentage,0.15,8.4,line_items
10781,3912,WELCOME15,percentage,0.15,18.9,line_items
10782,3914,welcome15,percentage,0.15,3.3,line_items
10783,3919,welcome15,percentage,0.15,4.8,line_items
10784,3921,LOYAL10,percentage,0.1,8.8,line_items
10785,3923,WELCOME15,percentage,0.15,5.7,line_items
10786,3925,WELCOME15,percentage,0.15,8.4,line_items
10787,3926,WELCOME15,percentage,0.15,5.7,line_items
10788,3939,WELCOME15,percentage,0.15,15.0,line_items
10789,3942,LOYAL10,percentage,0.1,17.6,line_items
10790,3943,WELCOME15,percentage,0.15,4.8,line_items
10791,3946,LOYAL10,percentage,0.1,4.4,line_items
10792,3948,LOYAL10,percentage,0.1,5.4,line_items
10793,3952,LOYAL10,percentage,0.1,10.8,line_items
10794,3954,LOYAL10,percentage,0.1,13.9,line_items
10795,3956,welcome15,percentage,0.15,16.5,line_items
10796,3958,SKINBYJORDAN15,percentage,0.15,5.7,line_items
10797,3961,LOYAL10,percentage,0.1,15.6,line_items
10798,3963,WELCOME15,percentage,0.15,6.6,line_items
10799,3964,WELCOME15,percentage,0.15,13.2,line_items
10800,3966,WELCOME15,percentage,0.15,5.1,line_items
10801,3968,WELCOME15,percentage,0.15,13.2,line_items
10802,3971,LOYAL10,percentage,0.1,8.0,line_items
10803,3972,WELCOME15,percentage,0.15,4.8,line_items
10804,3973,WELCOME15,percentage,0.15,4.2,line_items
10805,3974,WELCOME15,percentage,0.15,4.5,line_items
10806,3979,WELCOME15,percentage,0.15,7.5,line_items
10807,3980,SKINBYJORDAN15,percentage,0.15,4.2,line_items
10808,3986,WELCOME15,percentage,0.15,9.0,line_items
10809,3992,WELCOME15,percentage,0.15,12.0,line_items
10810,3997,WELCOME15,percentage,0.15,10.05,line_items
10811,3998,WELCOME15,percentage,0.15,11.4,line_items
10812,4001,NOURISHED15,percentage,0.15,13.2,line_items
10813,4002,WELCOME15,percentage,0.15,13.5,line_items
10814,4004,LOYAL10,percentage,0.1,6.4,line_items
10815,4005,WELCOME15,percentage,0.15,5.1,line_items
10816,4007,AMELIA10,percentage,0.1,12.6,line_items
10817,4010,WELCOME15,percentage,0.15,5.1,line_items
10818,4013,GLOWWITHSAM12,percentage,0.12,15.24,line_items
10819,4015,WELCOME15,percentage,0.15,4.35,line_items
10820,4015,FREESHIP,free_shipping,,12.95,shipping
10821,4016,LOYAL10,percentage,0.1,3.6,line_items
10822,4018,SKINBYJORDAN15,percentage,0.15,5.4,line_items
10823,4020,WELCOME15,percentage,0.15,13.2,line_items
10824,4022,LOYAL10,percentage,0.1,10.6,line_items
10825,4024,WELCOME15,percentage,0.15,5.7,line_items
10826,4027,WELCOME15,percentage,0.15,4.35,line_items
10827,4028,WELCOME15,percentage,0.15,3.3,line_items
10828,4030,LOYAL10,percentage,0.1,3.2,line_items
10829,4032,WELCOME15,percentage,0.15,9.3,line_items
10830,4038,SKINBYJORDAN15,percentage,0.15,9.6,line_items
10831,4039,GLOWWITHSAM12,percentage,0.12,10.56,line_items
10832,4044,WELCOME15,percentage,0.15,4.8,line_items
10833,4045,LOYAL10,percentage,0.1,5.8,line_items
10834,4048,LOYAL10,percentage,0.1,16.6,line_items
10835,4049,SKINBYJORDAN15,percentage,0.15,10.2,line_items
10836,4051,WELCOME15,percentage,0.15,5.4,line_items
10837,4052,LOYAL10,percentage,0.1,7.2,line_items
10838,4053,LOYAL10,percentage,0.1,8.8,line_items
10839,4054,WELCOME15,percentage,0.15,3.3,line_items
10840,4055,LOYAL10,percentage,0.1,13.8,line_items
10841,4056,WELCOME15,percentage,0.15,17.7,line_items
10842,4061,WELCOME15,percentage,0.15,4.5,line_items
10843,4062,FREESHIP,free_shipping,,5.95,shipping
10844,4065,WELCOME15,percentage,0.15,3.3,line_items
10845,4066,WELCOME15,percentage,0.15,11.85,line_items
10846,4070,WELCOME15,percentage,0.15,4.8,line_items
10847,4071,WELCOME15,percentage,0.15,9.0,line_items
10848,4073,NOURISHED15,percentage,0.15,9.0,line_items
10849,4075,WELCOME15,percentage,0.15,26.4,line_items
10850,4078,LOYAL10 ,percentage,0.1,7.0,line_items
10851,4081,WELCOME15,percentage,0.15,10.5,line_items
10852,4083,WELCOME15,percentage,0.15,3.3,line_items
10853,4089,WELCOME15,percentage,0.15,22.2,line_items
10854,4091,NOURISHED15,percentage,0.15,5.4,line_items
10855,4092,WELCOME15,percentage,0.15,6.6,line_items
10856,4099,LOYAL10,percentage,0.1,8.8,line_items
10857,4101,WELCOME15,percentage,0.15,6.6,line_items
10858,4102,WELCOME15,percentage,0.15,13.2,line_items
10859,4103,welcome15,percentage,0.15,9.15,line_items
10860,4105,LOYAL10,percentage,0.1,5.6,line_items
10861,4109,WELCOME15,percentage,0.15,14.1,line_items
10862,4110,WELCOME15,percentage,0.15,7.8,line_items
10863,4113,WELCOME15,percentage,0.15,16.35,line_items
10864,4114,WELCOME15,percentage,0.15,4.35,line_items
10865,4117,WELCOME15,percentage,0.15,12.15,line_items
10866,4118,WELCOME15,percentage,0.15,4.35,line_items
10867,4119,WELCOME15,percentage,0.15,15.75,line_items
10868,4130,GLOWWITHSAM12,percentage,0.12,10.56,line_items
10869,4133,LOYAL10,percentage,0.1,7.0,line_items
10870,4137,SKINBYJORDAN15,percentage,0.15,9.6,line_items
10871,4142,WELCOME15,percentage,0.15,8.7,line_items
10872,4146,WELCOME15,percentage,0.15,3.9,line_items
10873,4148,LOYAL10,percentage,0.1,5.6,line_items
10874,4151,WELCOME15,percentage,0.15,11.4,line_items
10875,4152,WELCOME15,percentage,0.15,17.4,line_items
10876,4153,WELCOME15,percentage,0.15,11.4,line_items
10877,4154,WELCOME15,percentage,0.15,13.2,line_items
10878,4155,WELCOME15,percentage,0.15,27.3,line_items
10879,4156,LOYAL10,percentage,0.1,2.9,line_items
10880,4156,FREESHIP,free_shipping,,5.95,shipping
10881,4166,WELCOME15,percentage,0.15,3.3,line_items
10882,4171,WELCOME15,percentage,0.15,15.6,line_items
10883,4172,GLOWWITHSAM12,percentage,0.12,10.56,line_items
10884,4177,GLOWWITHSAM12,percentage,0.12,6.48,line_items
10885,4180,WELCOME15,percentage,0.15,10.8,line_items
10886,4181,LOYAL10,percentage,0.1,6.2,line_items
10887,4183,WELCOME15,percentage,0.15,12.0,line_items
10888,4185,SPRING25,percentage,0.25,19.0,line_items
10889,4186,SPRING25,percentage,0.25,16.5,line_items
10890,4186,WELCOME15,percentage,0.15,7.43,line_items
10891,4187,SPRING25,percentage,0.25,9.5,line_items
10892,4188,WELCOME15,percentage,0.15,8.7,line_items
10893,4189,WELCOME15,percentage,0.15,9.6,line_items
10894,4190,SPRING25,percentage,0.25,22.0,line_items
10895,4191,SPRING25,percentage,0.25,18.0,line_items
10896,4192,SPRING25,percentage,0.25,27.0,line_items
10897,4193,SPRING25,percentage,0.25,15.5,line_items
10898,4193,WELCOME15,percentage,0.15,6.98,line_items
10899,4194,SPRING25,percentage,0.25,38.25,line_items
10900,4195,LOYAL10,percentage,0.1,3.4,line_items
10901,4196,SPRING25,percentage,0.25,26.0,line_items
10902,4199,SPRING25,percentage,0.25,32.0,line_items
10903,4201,SPRING25,percentage,0.25,19.5,line_items
10904,4202,AMELIA10,percentage,0.1,2.2,line_items
10905,4203,SPRING25,percentage,0.25,6.0,line_items
10906,4204,SPRING25,percentage,0.25,38.75,line_items
10907,4205,SPRING25,percentage,0.25,8.5,line_items
10908,4206,SPRING25,percentage,0.25,29.5,line_items
10909,4207,WELCOME15,percentage,0.15,4.2,line_items
10910,4208,SPRING25,percentage,0.25,8.0,line_items
10911,4209,SPRING25,percentage,0.25,32.0,line_items
10912,4210,SPRING25,percentage,0.25,16.5,line_items
10913,4210,WELCOME15,percentage,0.15,7.43,line_items
10914,4211,SPRING25,percentage,0.25,39.5,line_items
10915,4212,WELCOME15,percentage,0.15,16.5,line_items
10916,4213,SPRING25,percentage,0.25,20.0,line_items
10917,4215,WELCOME15,percentage,0.15,16.5,line_items
10918,4218,SPRING25,percentage,0.25,16.75,line_items
10919,4221,WELCOME15,percentage,0.15,5.1,line_items
10920,4222,WELCOME15,percentage,0.15,5.7,line_items
10921,4223,SPRING25,percentage,0.25,14.0,line_items
10922,4224,SPRING25,percentage,0.25,18.5,line_items
10923,4226,SPRING25,percentage,0.25,8.5,line_items
10924,4227,SPRING25,percentage,0.25,12.5,line_items
10925,4228,AMELIA10,percentage,0.1,8.8,line_items
10926,4231,SPRING25,percentage,0.25,31.0,line_items
10927,4234,SPRING25,percentage,0.25,8.5,line_items
10928,4235,SPRING25,percentage,0.25,11.5,line_items
10929,4237,SPRING25,percentage,0.25,8.5,line_items
10930,4238,SPRING25,percentage,0.25,37.0,line_items
10931,4238,WELCOME15,percentage,0.15,16.65,line_items
10932,4239,SPRING25,percentage,0.25,53.5,line_items
10933,4241,WELCOME15,percentage,0.15,8.4,line_items
10934,4242,SPRING25,percentage,0.25,7.25,line_items
10935,4242,FREESHIP,free_shipping,,5.95,shipping
10936,4243,SPRING25,percentage,0.25,23.5,line_items
10937,4243,WELCOME15,percentage,0.15,10.58,line_items
10938,4245,LOYAL10,percentage,0.1,4.4,line_items
10939,4247,SPRING25,percentage,0.25,23.5,line_items
10940,4248,SPRING25,percentage,0.25,49.0,line_items
10941,4249,SPRING25,percentage,0.25,5.5,line_items
10942,4250,SPRING25,percentage,0.25,18.0,line_items
10943,4251,SPRING25,percentage,0.25,11.5,line_items
10944,4252,SPRING25,percentage,0.25,9.5,line_items
10945,4254,SPRING25,percentage,0.25,9.5,line_items
10946,4255,SPRING25,percentage,0.25,17.0,line_items
10947,4256,SPRING25,percentage,0.25,26.25,line_items
10948,4257,SPRING25,percentage,0.25,19.0,line_items
10949,4259,SPRING25,percentage,0.25,36.5,line_items
10950,4259,WELCOME15,percentage,0.15,16.42,line_items
10951,4260,SPRING25,percentage,0.25,9.5,line_items
10952,4261,WELCOME15,percentage,0.15,6.6,line_items
10953,4262,SPRING25,percentage,0.25,13.5,line_items
10954,4263,WELCOME15,percentage,0.15,8.1,line_items
10955,4264,SPRING25,percentage,0.25,39.0,line_items
10956,4265,WELCOME15,percentage,0.15,5.7,line_items
10957,4266,WELCOME15,percentage,0.15,10.95,line_items
10958,4267,SPRING25,percentage,0.25,36.5,line_items
10959,4268,SPRING25,percentage,0.25,8.5,line_items
10960,4269,LOYAL10,percentage,0.1,3.2,line_items
10961,4271,LOYAL10,percentage,0.1,5.2,line_items
10962,4273,SPRING25,percentage,0.25,9.5,line_items
10963,4274,SPRING25,percentage,0.25,29.25,line_items
10964,4276,SPRING25,percentage,0.25,11.0,line_items
10965,4277,SPRING25,percentage,0.25,34.5,line_items
10966,4279,SPRING25,percentage,0.25,15.0,line_items
10967,4280,SPRING25,percentage,0.25,26.0,line_items
10968,4281,SPRING25,percentage,0.25,31.5,line_items
10969,4282,SPRING25,percentage,0.25,8.5,line_items
10970,4283,SPRING25,percentage,0.25,24.75,line_items
10971,4284,SPRING25,percentage,0.25,22.0,line_items
10972,4285,WELCOME15,percentage,0.15,10.2,line_items
10973,4287,LOYAL10,percentage,0.1,3.2,line_items
10974,4288,SPRING25,percentage,0.25,36.25,line_items
10975,4291,SPRING25,percentage,0.25,17.5,line_items
10976,4292,WELCOME15,percentage,0.15,5.7,line_items
10977,4293,SPRING25,percentage,0.25,37.5,line_items
10978,4294,SPRING25,percentage,0.25,5.5,line_items
10979,4294,WELCOME15,percentage,0.15,2.48,line_items
10980,4295,SPRING25,percentage,0.25,8.5,line_items
10981,4298,SPRING25,percentage,0.25,22.0,line_items
10982,4299,SPRING25,percentage,0.25,8.5,line_items
10983,4301,SPRING25,percentage,0.25,25.25,line_items
10984,4302,SPRING25,percentage,0.25,9.5,line_items
10985,4303,SPRING25,percentage,0.25,5.5,line_items
10986,4304,WELCOME15,percentage,0.15,18.9,line_items
10987,4305,SPRING25,percentage,0.25,31.5,line_items
10988,4306,FREESHIP,free_shipping,,12.95,shipping
10989,4307,WELCOME15,percentage,0.15,17.1,line_items
10990,4308,WELCOME15,percentage,0.15,4.8,line_items
10991,4310,SPRING25,percentage,0.25,16.5,line_items
10992,4311,SPRING25,percentage,0.25,8.5,line_items
10993,4312,SPRING25,percentage,0.25,7.0,line_items
10994,4313,SPRING25,percentage,0.25,43.25,line_items
10995,4315,SPRING25,percentage,0.25,15.5,line_items
10996,4316,SPRING25,percentage,0.25,9.0,line_items
10997,4317,SPRING25,percentage,0.25,31.0,line_items
10998,4319,SPRING25,percentage,0.25,5.5,line_items
10999,4320,SPRING25,percentage,0.25,15.75,line_items
11000,4321,SPRING25,percentage,0.25,8.0,line_items
11001,4322,SPRING25,percentage,0.25,38.0,line_items
11002,4323,SPRING25,percentage,0.25,29.0,line_items
11003,4324,SPRING25,percentage,0.25,15.5,line_items
11004,4325,SPRING25,percentage,0.25,18.5,line_items
11005,4327,WELCOME15,percentage,0.15,16.5,line_items
11006,4329,AMELIA10,percentage,0.1,15.6,line_items
11007,4330,SPRING25,percentage,0.25,21.0,line_items
11008,4332,SPRING25,percentage,0.25,15.75,line_items
11009,4333,SPRING25,percentage,0.25,8.5,line_items
11010,4334,SPRING25,percentage,0.25,9.5,line_items
11011,4336,SPRING25,percentage,0.25,37.0,line_items
11012,4336,WELCOME15,percentage,0.15,16.65,line_items
11013,4337,SPRING25,percentage,0.25,30.5,line_items
11014,4338,WELCOME15,percentage,0.15,5.1,line_items
11015,4339,SPRING25,percentage,0.25,9.5,line_items
11016,4340,WELCOME15,percentage,0.15,3.3,line_items
11017,4341,WELCOME15,percentage,0.15,3.6,line_items
11018,4342,SPRING25,percentage,0.25,18.0,line_items
11019,4344,SPRING25,percentage,0.25,9.0,line_items
11020,4345,SPRING25,percentage,0.25,15.5,line_items
11021,4346,SPRING25,percentage,0.25,30.25,line_items
11022,4348,SPRING25,percentage,0.25,5.5,line_items
11023,4349,WELCOME15,percentage,0.15,18.3,line_items
11024,4350,SPRING25,percentage,0.25,7.0,line_items
11025,4354,SPRING25,percentage,0.25,8.0,line_items
11026,4354,FREESHIP,free_shipping,,5.95,shipping
11027,4355,WELCOME15,percentage,0.15,8.4,line_items
11028,4356,WELCOME15,percentage,0.15,3.3,line_items
11029,4357,SPRING25,percentage,0.25,6.5,line_items
11030,4358,SPRING25,percentage,0.25,9.5,line_items
11031,4359,SPRING25,percentage,0.25,8.5,line_items
11032,4360,SPRING25,percentage,0.25,21.25,line_items
11033,4362,SPRING25,percentage,0.25,29.0,line_items
11034,4362,WELCOME15,percentage,0.15,13.05,line_items
11035,4363,SPRING25,percentage,0.25,7.25,line_items
11036,4364,SPRING25,percentage,0.25,8.5,line_items
11037,4365,AMELIA10,percentage,0.1,5.0,line_items
11038,4366,WELCOME15,percentage,0.15,15.9,line_items
11039,4367,SPRING25,percentage,0.25,14.5,line_items
11040,4368,SPRING25,percentage,0.25,29.0,line_items
11041,4369,SPRING25,percentage,0.25,6.5,line_items
11042,4370,WELCOME15,percentage,0.15,3.6,line_items
11043,4371,LOYAL10,percentage,0.1,6.0,line_items
11044,4373,SPRING25,percentage,0.25,14.5,line_items
11045,4375,SPRING25,percentage,0.25,5.5,line_items
11046,4376,SPRING25,percentage,0.25,16.5,line_items
11047,4377,WELCOME15,percentage,0.15,5.7,line_items
11048,4379,SPRING25,percentage,0.25,24.0,line_items
11049,4380,SPRING25,percentage,0.25,31.5,line_items
11050,4382,SPRING25,percentage,0.25,31.5,line_items
11051,4385,WELCOME15,percentage,0.15,3.9,line_items
11052,4386,SPRING25,percentage,0.25,54.75,line_items
11053,4387,SPRING25,percentage,0.25,19.5,line_items
11054,4388,SPRING25,percentage,0.25,11.0,line_items
11055,4388,WELCOME15,percentage,0.15,4.95,line_items
11056,4390,SPRING25,percentage,0.25,17.0,line_items
11057,4392,SPRING25,percentage,0.25,17.0,line_items
11058,4393,SPRING25,percentage,0.25,40.5,line_items
11059,4394,SPRING25,percentage,0.25,7.25,line_items
11060,4395,SPRING25,percentage,0.25,11.5,line_items
11061,4396,SPRING25,percentage,0.25,16.0,line_items
11062,4398,SPRING25,percentage,0.25,30.0,line_items
11063,4399,WELCOME15,percentage,0.15,9.3,line_items
11064,4401,SPRING25,percentage,0.25,19.5,line_items
11065,4402,SPRING25,percentage,0.25,24.5,line_items
11066,4403,SPRING25,percentage,0.25,29.0,line_items
11067,4404,AMELIA10,percentage,0.1,3.4,line_items
11068,4404,WELCOME15,percentage,0.15,4.59,line_items
11069,4405,SPRING25,percentage,0.25,32.75,line_items
11070,4406,WELCOME15,percentage,0.15,5.4,line_items
11071,4407,SPRING25,percentage,0.25,19.5,line_items
11072,4408,welcome15,percentage,0.15,20.85,line_items
11073,4409,NOURISHED15,percentage,0.15,22.2,line_items
11074,4409,WELCOME15,percentage,0.15,18.87,line_items
11075,4410,SPRING25,percentage,0.25,7.25,line_items
11076,4410,WELCOME15,percentage,0.15,3.26,line_items
11077,4411,SPRING25,percentage,0.25,5.5,line_items
11078,4412,SPRING25,percentage,0.25,5.5,line_items
11079,4413,SPRING25,percentage,0.25,35.5,line_items
11080,4414,SPRING25,percentage,0.25,28.5,line_items
11081,4415,SPRING25,percentage,0.25,7.5,line_items
11082,4417,SPRING25,percentage,0.25,15.0,line_items
11083,4419,SPRING25,percentage,0.25,7.25,line_items
11084,4421,WELCOME15,percentage,0.15,18.0,line_items
11085,4422,SPRING25,percentage,0.25,50.0,line_items
11086,4423,SPRING25,percentage,0.25,45.75,line_items
11087,4424,AMELIA10,percentage,0.1,2.6,line_items
11088,4426,WELCOME15,percentage,0.15,5.1,line_items
11089,4428,SPRING25,percentage,0.25,6.0,line_items
11090,4430,SPRING25,percentage,0.25,37.75,line_items
11091,4432,WELCOME15,percentage,0.15,15.9,line_items
11092,4439,WELCOME15,percentage,0.15,10.5,line_items
11093,4442,WELCOME15,percentage,0.15,27.15,line_items
11094,4447,GLOWWITHSAM12,percentage,0.12,4.56,line_items
11095,4447,FREESHIP,free_shipping,,5.95,shipping
11096,4449,SKINBYJORDAN15,percentage,0.15,5.4,line_items
11097,4450,WELCOME15,percentage,0.15,6.6,line_items
11098,4451,WELCOME15,percentage,0.15,22.2,line_items
11099,4452,WELCOME15,percentage,0.15,8.4,line_items
11100,4458,WELCOME15,percentage,0.15,10.2,line_items
11101,4462,AMELIA10,percentage,0.1,5.8,line_items
11102,4466,WELCOME15,percentage,0.15,10.8,line_items
11103,4473,DERMDIARY10,percentage,0.1,2.2,line_items
11104,4475,WELCOME15,percentage,0.15,5.4,line_items
11105,4483,GLOWWITHSAM12,percentage,0.12,10.56,line_items
11106,4483,WELCOME15,percentage,0.15,11.62,line_items
11107,4485,WELCOME15,percentage,0.15,4.8,line_items
11108,4489,WELCOME15,percentage,0.15,9.9,line_items
11109,4490,AMELIA10,percentage,0.1,3.8,line_items
11110,4498,WELCOME15,percentage,0.15,4.8,line_items
11111,4500,LOYAL10,percentage,0.1,3.0,line_items
11112,4504,welcome15,percentage,0.15,13.2,line_items
11113,4508,LOYAL10,percentage,0.1,19.9,line_items
11114,4509,LOYAL10,percentage,0.1,14.4,line_items
11115,4510,LOYAL10,percentage,0.1,2.6,line_items
11116,4511,NOURISHED15,percentage,0.15,9.0,line_items
11117,4514,LOYAL10,percentage,0.1,15.4,line_items
11118,4516,WELCOME15,percentage,0.15,7.2,line_items
11119,4517,WELCOME15,percentage,0.15,14.25,line_items
11120,4518,NOURISHED15,percentage,0.15,18.9,line_items
11121,4524,WELCOME15,percentage,0.15,18.6,line_items
11122,4528,WELCOME15,percentage,0.15,4.8,line_items
11123,4530,LOYAL10,percentage,0.1,3.0,line_items
11124,4532,WELCOME15,percentage,0.15,6.6,line_items
11125,4534,WELCOME15,percentage,0.15,3.3,line_items
11126,4538,WELCOME15,percentage,0.15,4.35,line_items
11127,4539,SKINBYJORDAN15,percentage,0.15,18.0,line_items
11128,4541,WELCOME15,percentage,0.15,5.4,line_items
11129,4542,WELCOME15,percentage,0.15,16.5,line_items
11130,4548,LOYAL10,percentage,0.1,2.2,line_items
11131,4550,WELCOME15,percentage,0.15,10.8,line_items
11132,4551,LOYAL10,percentage,0.1,3.6,line_items
11133,4553,WELCOME15,percentage,0.15,5.7,line_items
11134,4555,FREESHIP,free_shipping,,5.95,shipping
11135,4557,WELCOME15,percentage,0.15,21.9,line_items
11136,4558,WELCOME15,percentage,0.15,9.3,line_items
11137,4560,FREESHIP,free_shipping,,12.95,shipping
11138,4561,WELCOME15,percentage,0.15,17.55,line_items
11139,4564,FREESHIP,free_shipping,,12.95,shipping
11140,4565,WELCOME15,percentage,0.15,5.1,line_items
11141,4572,WELCOME15,percentage,0.15,5.7,line_items
11142,4573,AMELIA10,percentage,0.1,2.2,line_items
11143,4573,WELCOME15,percentage,0.15,2.97,line_items
11144,4575,SKINBYJORDAN15,percentage,0.15,5.1,line_items
11145,4577,LOYAL10,percentage,0.1,11.1,line_items
11146,4578,AMELIA10,percentage,0.1,3.8,line_items
11147,4580,WELCOME15,percentage,0.15,5.1,line_items
11148,4581,LOYAL10,percentage,0.1,5.1,line_items
11149,4582,LOYAL10,percentage,0.1,6.4,line_items
11150,4583,WELCOME15,percentage,0.15,7.95,line_items
11151,4588,WELCOME15,percentage,0.15,9.0,line_items
11152,4589,WELCOME15,percentage,0.15,14.4,line_items
11153,4590,SKINBYJORDAN15,percentage,0.15,10.2,line_items
11154,4592,LOYAL10,percentage,0.1,3.2,line_items
11155,4593,WELCOME15,percentage,0.15,3.6,line_items
11156,4595,LOYAL10,percentage,0.1,2.6,line_items
11157,4596,WELCOME15,percentage,0.15,3.9,line_items
11158,4597,welcome15,percentage,0.15,16.2,line_items
11159,4599,WELCOME15,percentage,0.15,5.1,line_items
11160,4600,WELCOME15,percentage,0.15,18.9,line_items
11161,4601,LOYAL10,percentage,0.1,3.4,line_items
11162,4604,FREESHIP,free_shipping,,5.95,shipping
11163,4605,WELCOME15,percentage,0.15,18.9,line_items
11164,4608,WELCOME15,percentage,0.15,9.45,line_items
11165,4613,NOURISHED15,percentage,0.15,8.7,line_items
11166,4614,WELCOME15,percentage,0.15,24.6,line_items
11167,4617,welcome15,percentage,0.15,5.1,line_items
11168,4618,GLOWWITHSAM12,percentage,0.12,16.8,line_items
11169,4619,WELCOME15,percentage,0.15,5.7,line_items
11170,4631,WELCOME15,percentage,0.15,5.7,line_items
11171,4635,LOYAL10,percentage,0.1,3.8,line_items
11172,4640,WELCOME15,percentage,0.15,3.6,line_items
11173,4643,LOYAL10,percentage,0.1,3.4,line_items
11174,4645,LOYAL10,percentage,0.1,8.0,line_items
11175,4647,LOYAL10,percentage,0.1,2.4,line_items
11176,4651,WELCOME15,percentage,0.15,4.8,line_items
11177,4654,WELCOME15,percentage,0.15,3.3,line_items
11178,4657,LOYAL10,percentage,0.1,7.2,line_items
11179,4658,LOYAL10,percentage,0.1,12.2,line_items
11180,4661,WELCOME15,percentage,0.15,8.4,line_items
11181,4664,WELCOME15,percentage,0.15,8.1,line_items
11182,4667,WELCOME15,percentage,0.15,4.8,line_items
11183,4668,welcome15,percentage,0.15,3.6,line_items
11184,4670,WELCOME15,percentage,0.15,4.2,line_items
11185,4671,WELCOME15,percentage,0.15,9.45,line_items
11186,4675,LOYAL10,percentage,0.1,3.4,line_items
11187,4676,WELCOME15,percentage,0.15,13.2,line_items
11188,4678,WELCOME15,percentage,0.15,7.5,line_items
11189,4679,LOYAL10,percentage,0.1,6.7,line_items
11190,4684,WELCOME15,percentage,0.15,4.5,line_items
11191,4685,LOYAL10,percentage,0.1,5.4,line_items
11192,4687,LOYAL10,percentage,0.1,2.6,line_items
11193,4688,SKINBYJORDAN15,percentage,0.15,9.3,line_items
11194,4692,WELCOME15,percentage,0.15,3.3,line_items
11195,4693,NOURISHED15,percentage,0.15,4.8,line_items
11196,4694,GLOWWITHSAM12,percentage,0.12,6.96,line_items
11197,4695,WELCOME15,percentage,0.15,18.6,line_items
11198,4699,SKINBYJORDAN15,percentage,0.15,10.5,line_items
11199,4703,AMELIA10,percentage,0.1,14.8,line_items
11200,4704,WELCOME15,percentage,0.15,5.7,line_items
11201,4707,WELCOME15,percentage,0.15,26.4,line_items
11202,4710,LOYAL10,percentage,0.1,8.8,line_items
11203,4712,WELCOME15,percentage,0.15,4.8,line_items
11204,4714,WELCOME15,percentage,0.15,5.1,line_items
11205,4716,WELCOME15,percentage,0.15,5.1,line_items
11206,4719,AMELIA10,percentage,0.1,2.2,line_items
11207,4721,welcome15,percentage,0.15,4.35,line_items
11208,4728,WELCOME15,percentage,0.15,5.4,line_items
11209,4733,LOYAL10,percentage,0.1,6.1,line_items
11210,4738,WELCOME15,percentage,0.15,18.6,line_items
11211,4739,WELCOME15,percentage,0.15,10.8,line_items
11212,4742,WELCOME15,percentage,0.15,4.5,line_items
11213,4743,WELCOME15,percentage,0.15,5.1,line_items
11214,4744,FREESHIP,free_shipping,,5.95,shipping
11215,4745,SKINBYJORDAN15,percentage,0.15,5.7,line_items
11216,4746,WELCOME15,percentage,0.15,23.4,line_items
11217,4749,LOYAL10,percentage,0.1,13.3,line_items
11218,4750,WELCOME15,percentage,0.15,23.4,line_items
11219,4751,LOYAL10,percentage,0.1,10.2,line_items
11220,4753,LOYAL10,percentage,0.1,3.8,line_items
11221,4756,NOURISHED15,percentage,0.15,28.95,line_items
11222,4764,WELCOME15,percentage,0.15,7.95,line_items
11223,4767,WELCOME15,percentage,0.15,9.9,line_items
11224,4768,SKINBYJORDAN15,percentage,0.15,4.35,line_items
11225,4769,WELCOME15,percentage,0.15,3.3,line_items
11226,4770,WELCOME15,percentage,0.15,9.0,line_items
11227,4778,LOYAL10 ,percentage,0.1,2.8,line_items
11228,4782,WELCOME15,percentage,0.15,3.3,line_items
11229,4787,welcome15,percentage,0.15,9.6,line_items
11230,4788,LOYAL10,percentage,0.1,2.2,line_items
11231,4795,LOYAL10,percentage,0.1,11.2,line_items
11232,4797,LOYAL10,percentage,0.1,14.1,line_items
11233,4798,WELCOME15,percentage,0.15,10.8,line_items
11234,4802,WELCOME15,percentage,0.15,20.4,line_items
11235,4803,AMELIA10,percentage,0.1,3.4,line_items
11236,4805,LOYAL10,percentage,0.1,21.0,line_items
11237,4814,WELCOME15,percentage,0.15,3.3,line_items
11238,4816,WELCOME15,percentage,0.15,4.8,line_items
11239,4820,WELCOME15,percentage,0.15,13.2,line_items
11240,4824,WELCOME15,percentage,0.15,4.8,line_items
11241,4825,welcome15,percentage,0.15,6.6,line_items
11242,4826,WELCOME15,percentage,0.15,17.25,line_items
11243,4827,LOYAL10,percentage,0.1,2.9,line_items
11244,4828,WELCOME15,percentage,0.15,21.3,line_items
11245,4829,WELCOME15,percentage,0.15,3.3,line_items
11246,4832,WELCOME15,percentage,0.15,4.8,line_items
11247,4834,WELCOME15,percentage,0.15,14.4,line_items
11248,4835,LOYAL10,percentage,0.1,5.0,line_items
11249,4837,DERMDIARY10,percentage,0.1,2.2,line_items
11250,4840,WELCOME15,percentage,0.15,3.6,line_items
11251,4842,WELCOME15,percentage,0.15,3.6,line_items
11252,4843,LOYAL10,percentage,0.1,3.4,line_items
11253,4846,LOYAL10,percentage,0.1,6.7,line_items
11254,4847,WELCOME15,percentage,0.15,4.8,line_items
11255,4849,WELCOME15,percentage,0.15,3.9,line_items
11256,4850,LOYAL10,percentage,0.1,13.8,line_items
11257,4851,WELCOME15,percentage,0.15,5.1,line_items
11258,4852,WELCOME15,percentage,0.15,4.5,line_items
11259,4852,FREESHIP,free_shipping,,5.95,shipping
11260,4854,WELCOME15,percentage,0.15,13.2,line_items
11261,4855,WELCOME15,percentage,0.15,11.4,line_items
11262,4856,WELCOME15,percentage,0.15,5.7,line_items
11263,4857,LOYAL10,percentage,0.1,6.8,line_items
11264,4859,WELCOME15,percentage,0.15,9.0,line_items
11265,4860,WELCOME15,percentage,0.15,4.2,line_items
11266,4861,WELCOME15,percentage,0.15,5.1,line_items
11267,4863,WELCOME15,percentage,0.15,5.1,line_items
11268,4865,LOYAL10,percentage,0.1,11.6,line_items
11269,4866,WELCOME15,percentage,0.15,18.9,line_items
11270,4867,WELCOME15,percentage,0.15,5.4,line_items
11271,4868,WELCOME15,percentage,0.15,8.4,line_items
11272,4869,WELCOME15,percentage,0.15,5.4,line_items
11273,4875,WELCOME15,percentage,0.15,10.5,line_items
11274,4878,LOYAL10,percentage,0.1,2.2,line_items
11275,4879,WELCOME15,percentage,0.15,10.5,line_items
11276,4880,WELCOME15,percentage,0.15,8.4,line_items
11277,4882,LOYAL10,percentage,0.1,14.9,line_items
11278,4883,WELCOME15,percentage,0.15,4.8,line_items
11279,4884,WELCOME15,percentage,0.15,10.8,line_items
11280,4885,LOYAL10,percentage,0.1,3.8,line_items
11281,4886,WELCOME15,percentage,0.15,4.8,line_items
11282,4888,WELCOME15,percentage,0.15,10.2,line_items
11283,4892,WELCOME15,percentage,0.15,13.2,line_items
11284,4893,WELCOME15,percentage,0.15,7.65,line_items
11285,4895,WELCOME15,percentage,0.15,12.75,line_items
11286,4896,SKINBYJORDAN15,percentage,0.15,13.2,line_items
11287,4897,WELCOME15,percentage,0.15,4.35,line_items
11288,4898,WELCOME15,percentage,0.15,6.6,line_items
11289,4898,FREESHIP,free_shipping,,5.95,shipping
11290,4900,WELCOME15,percentage,0.15,5.7,line_items
11291,4901,AMELIA10,percentage,0.1,2.6,line_items
11292,4902,WELCOME15,percentage,0.15,4.2,line_items
11293,4906,WELCOME15,percentage,0.15,6.6,line_items
11294,4907,TEST100,percentage,1.0,38.0,line_items
11295,4909,WELCOME15,percentage,0.15,5.1,line_items
11296,4914,WELCOME15,percentage,0.15,10.2,line_items
11297,4919,WELCOME15,percentage,0.15,5.4,line_items
11298,4922,WELCOME15,percentage,0.15,3.9,line_items
11299,4923,FREESHIP,free_shipping,,5.95,shipping
11300,4925,WELCOME15,percentage,0.15,3.3,line_items
11301,4927,WELCOME15,percentage,0.15,10.8,line_items
11302,4932,SKINBYJORDAN15,percentage,0.15,13.8,line_items
11303,4934,WELCOME15,percentage,0.15,15.3,line_items
11304,4936,WELCOME15,percentage,0.15,4.2,line_items
11305,4938,WELCOME15,percentage,0.15,16.8,line_items
11306,4940,WELCOME15,percentage,0.15,4.35,line_items
11307,4945,NOURISHED15,percentage,0.15,4.2,line_items
11308,4948,WELCOME15,percentage,0.15,13.35,line_items
11309,4950,WELCOME15,percentage,0.15,5.1,line_items
11310,4951,WELCOME15,percentage,0.15,16.5,line_items
11311,4952,welcome15,percentage,0.15,6.6,line_items
11312,4958,WELCOME15,percentage,0.15,5.7,line_items
11313,4959,LOYAL10,percentage,0.1,9.4,line_items
11314,4961,SKINBYJORDAN15,percentage,0.15,9.0,line_items
11315,4962,AMELIA10,percentage,0.1,6.8,line_items
11316,4964,WELCOME15,percentage,0.15,8.7,line_items
11317,4966,GLOWWITHSAM12,percentage,0.12,6.12,line_items
11318,4970,WELCOME15,percentage,0.15,22.5,line_items
11319,4971,WELCOME15,percentage,0.15,8.1,line_items
11320,4972,WELCOME15,percentage,0.15,9.0,line_items
11321,4974,WELCOME15,percentage,0.15,5.7,line_items
11322,4975,WELCOME15,percentage,0.15,17.7,line_items
11323,4978,WELCOME15,percentage,0.15,4.35,line_items
11324,4981,WELCOME15,percentage,0.15,5.1,line_items
11325,4989,LOYAL10,percentage,0.1,14.9,line_items
11326,4992,FREESHIP,free_shipping,,5.95,shipping
11327,4996,AMELIA10,percentage,0.1,3.8,line_items
11328,4998,WELCOME15,percentage,0.15,3.9,line_items
11329,5002,WELCOME15,percentage,0.15,9.15,line_items
11330,5003,WELCOME15,percentage,0.15,13.2,line_items
11331,5008,WELCOME15,percentage,0.15,5.7,line_items
11332,5009,FREESHIP,free_shipping,,5.95,shipping
11333,5012,WELCOME15,percentage,0.15,10.2,line_items
11334,5016,WELCOME15,percentage,0.15,5.1,line_items
11335,5017,WELCOME15,percentage,0.15,5.7,line_items
11336,5020,WELCOME15,percentage,0.15,13.5,line_items
11337,5022,LOYAL10,percentage,0.1,3.2,line_items
11338,5024,WELCOME15,percentage,0.15,8.1,line_items
11339,5025,LOYAL10,percentage,0.1,2.4,line_items
11340,5028,GLOWWITHSAM12,percentage,0.12,10.56,line_items
11341,5029,WELCOME15,percentage,0.15,16.65,line_items
11342,5031,AMELIA10,percentage,0.1,5.6,line_items
11343,5032,WELCOME15,percentage,0.15,24.9,line_items
11344,5033,WELCOME15,percentage,0.15,27.3,line_items
11345,5035,DERMDIARY10,percentage,0.1,4.4,line_items
11346,5035,WELCOME15,percentage,0.15,5.94,line_items
11347,5035,FREESHIP,free_shipping,,5.95,shipping
11348,5036,NOURISHED15,percentage,0.15,5.7,line_items
11349,5040,WELCOME15,percentage,0.15,9.9,line_items
11350,5041,WELCOME15,percentage,0.15,8.55,line_items
11351,5042,LOYAL10,percentage,0.1,5.4,line_items
11352,5044,DERMDIARY10,percentage,0.1,15.0,line_items
11353,5045,GLOWWITHSAM12,percentage,0.12,3.12,line_items
11354,5051,WELCOME15,percentage,0.15,3.3,line_items
11355,5056,WELCOME15,percentage,0.15,3.6,line_items
11356,5059,WELCOME15,percentage,0.15,21.0,line_items
11357,5060,WELCOME15,percentage,0.15,5.7,line_items
11358,5061,WELCOME15,percentage,0.15,5.7,line_items
11359,5062,WELCOME15,percentage,0.15,22.8,line_items
11360,5063,NOURISHED15,percentage,0.15,9.3,line_items
11361,5064,DERMDIARY10,percentage,0.1,5.0,line_items
11362,5067,SKINBYJORDAN15,percentage,0.15,3.3,line_items
11363,5069,DERMDIARY10,percentage,0.1,3.2,line_items
11364,5070,AMELIA10,percentage,0.1,3.8,line_items
11365,5072,SKINBYJORDAN15,percentage,0.15,5.1,line_items
11366,5072,WELCOME15,percentage,0.15,4.34,line_items
11367,5074,WELCOME15,percentage,0.15,5.7,line_items
11368,5077,WELCOME15,percentage,0.15,8.4,line_items
11369,5080,MOMS15,percentage,0.15,5.7,line_items
11370,5081,MOMS15,percentage,0.15,8.1,line_items
11371,5082,WELCOME15,percentage,0.15,19.8,line_items
11372,5083,MOMS15,percentage,0.15,18.0,line_items
11373,5084,MOMS15,percentage,0.15,5.7,line_items
11374,5085,MOMS15,percentage,0.15,4.2,line_items
11375,5086,WELCOME15,percentage,0.15,3.6,line_items
11376,5087,MOMS15,percentage,0.15,13.95,line_items
11377,5087,WELCOME15,percentage,0.15,11.86,line_items
11378,5087,FREESHIP,free_shipping,,12.95,shipping
11379,5089,WELCOME15,percentage,0.15,9.9,line_items
11380,5090,MOMS15,percentage,0.15,14.4,line_items
11381,5090,WELCOME15,percentage,0.15,12.24,line_items
11382,5091,MOMS15,percentage,0.15,13.95,line_items
11383,5092,LOYAL10,percentage,0.1,8.7,line_items
11384,5093,WELCOME15,percentage,0.15,5.7,line_items
11385,5094,WELCOME15,percentage,0.15,4.8,line_items
11386,5095,MOMS15,percentage,0.15,3.6,line_items
11387,5096,MOMS15,percentage,0.15,5.1,line_items
11388,5098,MOMS15,percentage,0.15,7.5,line_items
11389,5098,WELCOME15,percentage,0.15,6.38,line_items
11390,5099,MOMS15,percentage,0.15,5.1,line_items
11391,5100,MOMS15,percentage,0.15,4.8,line_items
11392,5101,MOMS15,percentage,0.15,18.9,line_items
11393,5103,WELCOME15,percentage,0.15,5.1,line_items
11394,5104,WELCOME15,percentage,0.15,24.6,line_items
11395,5106,MOMS15,percentage,0.15,6.6,line_items
11396,5107,MOMS15,percentage,0.15,13.2,line_items
11397,5113,WELCOME15,percentage,0.15,23.25,line_items
11398,5114,WELCOME15,percentage,0.15,9.6,line_items
11399,5115,LOYAL10,percentage,0.1,9.6,line_items
11400,5118,MOMS15,percentage,0.15,5.7,line_items
11401,5119,WELCOME15,percentage,0.15,4.35,line_items
11402,5120,MOMS15,percentage,0.15,9.3,line_items
11403,5120,WELCOME15,percentage,0.15,7.91,line_items
11404,5121,MOMS15,percentage,0.15,9.15,line_items
11405,5122,MOMS15,percentage,0.15,15.75,line_items
11406,5124,LOYAL10,percentage,0.1,7.2,line_items
11407,5125,WELCOME15,percentage,0.15,6.6,line_items
11408,5127,MOMS15,percentage,0.15,7.95,line_items
11409,5129,MOMS15,percentage,0.15,12.0,line_items
11410,5131,MOMS15,percentage,0.15,5.1,line_items
11411,5132,MOMS15,percentage,0.15,5.7,line_items
11412,5133,MOMS15,percentage,0.15,5.7,line_items
11413,5133,WELCOME15,percentage,0.15,4.85,line_items
11414,5134,MOMS15,percentage,0.15,18.0,line_items
11415,5135,MOMS15,percentage,0.15,3.6,line_items
11416,5136,MOMS15,percentage,0.15,13.2,line_items
11417,5137,MOMS15,percentage,0.15,13.2,line_items
11418,5138,GLOWWITHSAM12,percentage,0.12,2.64,line_items
11419,5140,WELCOME15,percentage,0.15,5.4,line_items
11420,5141,MOMS15,percentage,0.15,18.75,line_items
11421,5142,MOMS15,percentage,0.15,10.5,line_items
11422,5142,WELCOME15,percentage,0.15,8.93,line_items
11423,5143,MOMS15,percentage,0.15,15.3,line_items
11424,5144,MOMS15,percentage,0.15,8.7,line_items
11425,5145,MOMS15,percentage,0.15,5.1,line_items
11426,5147,MOMS15,percentage,0.15,4.8,line_items
11427,5148,LOYAL10,percentage,0.1,14.5,line_items
11428,5151,WELCOME15,percentage,0.15,6.6,line_items
11429,5152,MOMS15,percentage,0.15,11.1,line_items
11430,5155,WELCOME15,percentage,0.15,4.35,line_items
11431,5157,MOMS15,percentage,0.15,4.5,line_items
11432,5158,MOMS15,percentage,0.15,9.9,line_items
11433,5159,MOMS15,percentage,0.15,14.7,line_items
11434,5159,WELCOME15,percentage,0.15,12.5,line_items
11435,5160,MOMS15,percentage,0.15,27.3,line_items
11436,5162,MOMS15,percentage,0.15,13.2,line_items
11437,5163,MOMS15,percentage,0.15,4.5,line_items
11438,5166,WELCOME15,percentage,0.15,6.6,line_items
11439,5168,WELCOME15,percentage,0.15,21.75,line_items
11440,5169,MOMS15,percentage,0.15,16.65,line_items
11441,5171,MOMS15,percentage,0.15,5.7,line_items
11442,5173,LOYAL10,percentage,0.1,5.8,line_items
11443,5174,MOMS15,percentage,0.15,16.8,line_items
11444,5175,MOMS15,percentage,0.15,4.8,line_items
11445,5176,WELCOME15,percentage,0.15,7.2,line_items
11446,5177,WELCOME15,percentage,0.15,18.3,line_items
11447,5178,WELCOME15,percentage,0.15,13.2,line_items
11448,5179,WELCOME15,percentage,0.15,13.2,line_items
11449,5181,LOYAL10,percentage,0.1,10.4,line_items
11450,5182,MOMS15,percentage,0.15,4.8,line_items
11451,5186,MOMS15,percentage,0.15,9.0,line_items
11452,5186,FREESHIP,free_shipping,,12.95,shipping
11453,5187,MOMS15,percentage,0.15,17.55,line_items
11454,5189,MOMS15,percentage,0.15,4.8,line_items
11455,5190,WELCOME15,percentage,0.15,4.2,line_items
11456,5191,WELCOME15,percentage,0.15,13.2,line_items
11457,5192,MOMS15,percentage,0.15,5.1,line_items
11458,5192,WELCOME15,percentage,0.15,4.34,line_items
11459,5194,WELCOME15,percentage,0.15,4.8,line_items
11460,5196,MOMS15,percentage,0.15,7.8,line_items
11461,5200,WELCOME15,percentage,0.15,4.35,line_items
11462,5201,MOMS15,percentage,0.15,17.1,line_items
11463,5202,MOMS15,percentage,0.15,9.6,line_items
11464,5203,LOYAL10,percentage,0.1,4.4,line_items
11465,5204,MOMS15,percentage,0.15,3.3,line_items
11466,5205,MOMS15,percentage,0.15,18.6,line_items
11467,5205,WELCOME15,percentage,0.15,15.81,line_items
11468,5206,WELCOME15,percentage,0.15,4.2,line_items
11469,5207,MOMS15,percentage,0.15,23.1,line_items
11470,5209,MOMS15,percentage,0.15,4.8,line_items
11471,5210,MOMS15,percentage,0.15,13.2,line_items
11472,5214,MOMS15,percentage,0.15,15.6,line_items
11473,5215,MOMS15,percentage,0.15,4.2,line_items
11474,5218,MOMS15,percentage,0.15,5.4,line_items
11475,5219,MOMS15,percentage,0.15,5.7,line_items
11476,5220,WELCOME15,percentage,0.15,11.7,line_items
11477,5223,MOMS15,percentage,0.15,9.6,line_items
11478,5224,FREESHIP,free_shipping,,12.95,shipping
11479,5228,WELCOME15,percentage,0.15,4.8,line_items
11480,5230,LOYAL10,percentage,0.1,6.8,line_items
11481,5233,WELCOME15,percentage,0.15,4.2,line_items
11482,5237,LOYAL10,percentage,0.1,3.8,line_items
11483,5237,FREESHIP,free_shipping,,5.95,shipping
11484,5240,LOYAL10,percentage,0.1,3.0,line_items
11485,5242,WELCOME15,percentage,0.15,8.7,line_items
11486,5243,WELCOME15,percentage,0.15,10.8,line_items
11487,5244,LOYAL10 ,percentage,0.1,3.4,line_items
11488,5245,WELCOME15,percentage,0.15,18.0,line_items
11489,5247,WELCOME15,percentage,0.15,9.9,line_items
11490,5252,WELCOME15,percentage,0.15,9.45,line_items
11491,5257,WELCOME15,percentage,0.15,21.0,line_items
11492,5259,WELCOME15,percentage,0.15,21.0,line_items
11493,5260,WELCOME15,percentage,0.15,22.2,line_items
11494,5266,WELCOME15,percentage,0.15,12.6,line_items
11495,5268,LOYAL10,percentage,0.1,3.0,line_items
11496,5269,WELCOME15,percentage,0.15,9.3,line_items
11497,5273,WELCOME15,percentage,0.15,20.1,line_items
11498,5278,AMELIA10,percentage,0.1,3.8,line_items
11499,5280,WELCOME15,percentage,0.15,9.0,line_items
11500,5281,WELCOME15,percentage,0.15,10.2,line_items
11501,5283,LOYAL10,percentage,0.1,9.4,line_items
11502,5284,WELCOME15,percentage,0.15,5.1,line_items
11503,5285,WELCOME15,percentage,0.15,5.7,line_items
11504,5291,LOYAL10,percentage,0.1,4.4,line_items
11505,5292,WELCOME15,percentage,0.15,8.7,line_items
11506,5294,LOYAL10,percentage,0.1,3.4,line_items
11507,5295,AMELIA10,percentage,0.1,7.6,line_items
11508,5296,WELCOME15,percentage,0.15,5.7,line_items
11509,5298,AMELIA10,percentage,0.1,8.8,line_items
11510,5299,LOYAL10,percentage,0.1,12.6,line_items
11511,5303,WELCOME15,percentage,0.15,19.5,line_items
11512,5310,welcome15,percentage,0.15,5.1,line_items
11513,5311,WELCOME15,percentage,0.15,4.8,line_items
11514,5313,WELCOME15,percentage,0.15,4.35,line_items
11515,5316,AMELIA10,percentage,0.1,3.4,line_items
11516,5320,AMELIA10,percentage,0.1,4.4,line_items
11517,5321,WELCOME15,percentage,0.15,6.6,line_items
11518,5321,FREESHIP,free_shipping,,5.95,shipping
11519,5325,WELCOME15,percentage,0.15,5.7,line_items
11520,5326,WELCOME15,percentage,0.15,9.0,line_items
11521,5327,FREESHIP,free_shipping,,5.95,shipping
11522,5328,LOYAL10,percentage,0.1,7.2,line_items
11523,5331,WELCOME15,percentage,0.15,6.6,line_items
11524,5334,WELCOME15,percentage,0.15,9.6,line_items
11525,5336,WELCOME15,percentage,0.15,4.8,line_items
11526,5338,WELCOME15,percentage,0.15,15.0,line_items
11527,5340,WELCOME15,percentage,0.15,3.9,line_items
11528,5342,WELCOME15,percentage,0.15,17.7,line_items
11529,5343,WELCOME15,percentage,0.15,15.0,line_items
11530,5346,WELCOME15,percentage,0.15,4.35,line_items
11531,5351,FREESHIP,free_shipping,,5.95,shipping
11532,5352,WELCOME15,percentage,0.15,9.6,line_items
11533,5355,WELCOME15,percentage,0.15,9.6,line_items
11534,5356,LOYAL10,percentage,0.1,6.6,line_items
11535,5363,WELCOME15,percentage,0.15,5.7,line_items
11536,5364,WELCOME15,percentage,0.15,5.7,line_items
11537,5365,WELCOME15,percentage,0.15,21.0,line_items
11538,5366,WELCOME15,percentage,0.15,4.8,line_items
11539,5368,WELCOME15,percentage,0.15,10.5,line_items
11540,5369,LOYAL10,percentage,0.1,2.4,line_items
11541,5370,LOYAL10,percentage,0.1,6.1,line_items
11542,5371,WELCOME15,percentage,0.15,17.55,line_items
11543,5374,SKINBYJORDAN15,percentage,0.15,12.75,line_items
11544,5375,LOYAL10,percentage,0.1,5.8,line_items
11545,5376,WELCOME15,percentage,0.15,5.7,line_items
11546,5377,WELCOME15,percentage,0.15,3.3,line_items
11547,5378,LOYAL10,percentage,0.1,6.8,line_items
11548,5379,WELCOME15,percentage,0.15,4.8,line_items
11549,5380,WELCOME15,percentage,0.15,9.6,line_items
11550,5381,AMELIA10,percentage,0.1,9.8,line_items
11551,5383,WELCOME15,percentage,0.15,3.6,line_items
11552,5384,WELCOME15,percentage,0.15,19.8,line_items
11553,5390,LOYAL10,percentage,0.1,3.8,line_items
11554,5391,WELCOME15,percentage,0.15,3.9,line_items
11555,5394,WELCOME15,percentage,0.15,7.2,line_items
11556,5395,WELCOME15,percentage,0.15,17.4,line_items
11557,5398,FREESHIP,free_shipping,,5.95,shipping
11558,5399,WELCOME15,percentage,0.15,5.1,line_items
11559,5401,WELCOME15,percentage,0.15,10.8,line_items
11560,5405,welcome15,percentage,0.15,10.95,line_items
11561,5410,WELCOME15,percentage,0.15,8.7,line_items
11562,5412,welcome15,percentage,0.15,4.8,line_items
11563,5413,WELCOME15,percentage,0.15,4.2,line_items
11564,5417,WELCOME15,percentage,0.15,3.6,line_items
11565,5419,WELCOME15,percentage,0.15,3.6,line_items
11566,5421,FREESHIP,free_shipping,,5.95,shipping
11567,5423,WELCOME15,percentage,0.15,24.3,line_items
11568,5424,welcome15,percentage,0.15,3.9,line_items
11569,5424,FREESHIP,free_shipping,,12.95,shipping
11570,5426,SKINBYJORDAN15,percentage,0.15,4.8,line_items
11571,5427,WELCOME15,percentage,0.15,15.0,line_items
11572,5428,WELCOME15,percentage,0.15,3.6,line_items
11573,5430,WELCOME15,percentage,0.15,3.6,line_items
11574,5431,AMELIA10,percentage,0.1,9.9,line_items
11575,5432,WELCOME15,percentage,0.15,6.6,line_items
11576,5438,WELCOME15,percentage,0.15,9.0,line_items
11577,5439,NOURISHED15,percentage,0.15,6.6,line_items
11578,5442,WELCOME15,percentage,0.15,15.6,line_items
11579,5443,WELCOME15,percentage,0.15,4.8,line_items
11580,5445,LOYAL10,percentage,0.1,11.4,line_items
11581,5447,WELCOME15,percentage,0.15,5.1,line_items
11582,5448,WELCOME15,percentage,0.15,5.7,line_items
11583,5451,WELCOME15,percentage,0.15,5.1,line_items
11584,5453,LOYAL10,percentage,0.1,2.2,line_items
11585,5459,WELCOME15,percentage,0.15,10.2,line_items
11586,5461,WELCOME15,percentage,0.15,4.35,line_items
11587,5465,NOURISHED15,percentage,0.15,18.9,line_items
11588,5466,WELCOME15,percentage,0.15,4.2,line_items
11589,5469,WELCOME15,percentage,0.15,8.7,line_items
11590,5470,LOYAL10,percentage,0.1,3.4,line_items
11591,5473,WELCOME15,percentage,0.15,9.9,line_items
11592,5479,WELCOME15,percentage,0.15,19.95,line_items
11593,5481,WELCOME15,percentage,0.15,9.9,line_items
11594,5483,WELCOME15,percentage,0.15,5.4,line_items
11595,5485,WELCOME15,percentage,0.15,11.4,line_items
11596,5487,WELCOME15,percentage,0.15,5.7,line_items
11597,5490,WELCOME15,percentage,0.15,9.9,line_items
11598,5492,LOYAL10,percentage,0.1,6.2,line_items
11599,5495,LOYAL10,percentage,0.1,15.4,line_items
11600,5496,welcome15,percentage,0.15,5.1,line_items
11601,5500,DERMDIARY10,percentage,0.1,3.0,line_items
11602,5500,FREESHIP,free_shipping,,5.95,shipping
11603,5502,WELCOME15,percentage,0.15,13.05,line_items
11604,5503,WELCOME15,percentage,0.15,5.7,line_items
11605,5505,WELCOME15,percentage,0.15,3.6,line_items
11606,5506,AMELIA10,percentage,0.1,9.8,line_items
11607,5507,WELCOME15,percentage,0.15,5.7,line_items
11608,5510,WELCOME15,percentage,0.15,5.7,line_items
11609,5517,WELCOME15,percentage,0.15,13.2,line_items
11610,5525,WELCOME15,percentage,0.15,6.6,line_items
11611,5526,LOYAL10,percentage,0.1,6.1,line_items
11612,5528,WELCOME15,percentage,0.15,4.35,line_items
11613,5533,WELCOME15,percentage,0.15,11.1,line_items
11614,5534,LOYAL10,percentage,0.1,11.0,line_items
11615,5535,WELCOME15,percentage,0.15,13.2,line_items
11616,5537,WELCOME15,percentage,0.15,6.6,line_items
11617,5538,WELCOME15,percentage,0.15,18.9,line_items
11618,5542,WELCOME15,percentage,0.15,27.0,line_items
11619,5545,LOYAL10,percentage,0.1,15.8,line_items
11620,5548,LOYAL10,percentage,0.1,5.0,line_items
11621,5554,WELCOME15,percentage,0.15,6.6,line_items
11622,5556,WELCOME15,percentage,0.15,9.45,line_items
11623,5559,WELCOME15,percentage,0.15,5.1,line_items
11624,5561,WELCOME15,percentage,0.15,26.55,line_items
11625,5564,SKINBYJORDAN15,percentage,0.15,3.3,line_items
11626,5565,GLOWWITHSAM12,percentage,0.12,4.56,line_items
11627,5572,LOYAL10,percentage,0.1,14.9,line_items
11628,5576,WELCOME15,percentage,0.15,8.4,line_items
11629,5577,SKINBYJORDAN15,percentage,0.15,18.3,line_items
11630,5578,WELCOME15,percentage,0.15,11.1,line_items
11631,5582,LOYAL10,percentage,0.1,3.0,line_items
11632,5585,WELCOME15,percentage,0.15,6.6,line_items
11633,5587,WELCOME15,percentage,0.15,8.7,line_items
11634,5590,WELCOME15,percentage,0.15,9.3,line_items
11635,5595,WELCOME15,percentage,0.15,4.2,line_items
11636,5596,WELCOME15,percentage,0.15,4.8,line_items
11637,5598,WELCOME15,percentage,0.15,28.8,line_items
11638,5599,WELCOME15,percentage,0.15,4.8,line_items
11639,5600,WELCOME15,percentage,0.15,9.9,line_items
11640,5601,DERMDIARY10,percentage,0.1,11.4,line_items
11641,5603,AMELIA10,percentage,0.1,6.5,line_items
11642,5607,FREESHIP,free_shipping,,12.95,shipping
11643,5610,WELCOME15,percentage,0.15,16.5,line_items
11644,5611,WELCOME15,percentage,0.15,5.4,line_items
11645,5612,WELCOME15,percentage,0.15,5.7,line_items
11646,5613,LOYAL10,percentage,0.1,5.8,line_items
11647,5614,LOYAL10,percentage,0.1,13.1,line_items
11648,5615,DERMDIARY10,percentage,0.1,2.2,line_items
11649,5621,LOYAL10,percentage,0.1,8.8,line_items
11650,5622,WELCOME15,percentage,0.15,17.55,line_items
11651,5626,WELCOME15,percentage,0.15,3.3,line_items
11652,5628,LOYAL10,percentage,0.1,3.8,line_items
11653,5629,WELCOME15,percentage,0.15,13.2,line_items
11654,5631,LOYAL10,percentage,0.1,3.8,line_items
11655,5634,LOYAL10,percentage,0.1,9.2,line_items
11656,5635,WELCOME15,percentage,0.15,21.3,line_items
11657,5637,WELCOME15,percentage,0.15,18.0,line_items
11658,5638,NOURISHED15,percentage,0.15,6.6,line_items
11659,5642,WELCOME15,percentage,0.15,10.5,line_items
11660,5646,WELCOME15,percentage,0.15,13.2,line_items
11661,5647,WELCOME15,percentage,0.15,26.7,line_items
11662,5648,LOYAL10 ,percentage,0.1,6.5,line_items
11663,5649,AMELIA10,percentage,0.1,3.6,line_items
11664,5651,WELCOME15,percentage,0.15,5.1,line_items
11665,5652,WELCOME15,percentage,0.15,4.35,line_items
11666,5653,WELCOME15,percentage,0.15,17.4,line_items
11667,5656,WELCOME15,percentage,0.15,4.5,line_items
11668,5657,LOYAL10,percentage,0.1,2.4,line_items
11669,5659,WELCOME15,percentage,0.15,4.35,line_items
11670,5660,WELCOME15,percentage,0.15,10.5,line_items
11671,5661,LOYAL10,percentage,0.1,3.4,line_items
11672,5662,WELCOME15,percentage,0.15,5.1,line_items
11673,5662,FREESHIP,free_shipping,,5.95,shipping
11674,5664,WELCOME15,percentage,0.15,10.8,line_items
11675,5666,LOYAL10,percentage,0.1,3.6,line_items
11676,5668,WELCOME15,percentage,0.15,11.4,line_items
11677,5669,WELCOME15,percentage,0.15,15.0,line_items
11678,5673,WELCOME15,percentage,0.15,6.6,line_items
11679,5674,LOYAL10,percentage,0.1,3.2,line_items
11680,5675,LOYAL10,percentage,0.1,6.4,line_items
11681,5677,WELCOME15,percentage,0.15,22.2,line_items
11682,5679,WELCOME15,percentage,0.15,4.35,line_items
11683,5680,NOURISHED15,percentage,0.15,10.2,line_items
11684,5680,WELCOME15,percentage,0.15,8.67,line_items
11685,5683,AMELIA10,percentage,0.1,3.0,line_items
11686,5683,WELCOME15,percentage,0.15,4.05,line_items
11687,5685,AMELIA10,percentage,0.1,3.0,line_items
11688,5687,DERMDIARY10,percentage,0.1,3.4,line_items
11689,5691,WELCOME15,percentage,0.15,4.35,line_items
11690,5692,LOYAL10,percentage,0.1,5.1,line_items
11691,5693,WELCOME15,percentage,0.15,13.2,line_items
11692,5696,WELCOME15,percentage,0.15,4.35,line_items
11693,5699,WELCOME15,percentage,0.15,18.3,line_items
11694,5701,LOYAL10,percentage,0.1,2.6,line_items
11695,5703,WELCOME15,percentage,0.15,12.6,line_items
11696,5705,WELCOME15,percentage,0.15,5.7,line_items
11697,5706,SKINBYJORDAN15,percentage,0.15,11.4,line_items
11698,5707,WELCOME15,percentage,0.15,18.0,line_items
11699,5708,WELCOME15,percentage,0.15,13.2,line_items
11700,5712,WELCOME15,percentage,0.15,5.1,line_items
11701,5713,WELCOME15,percentage,0.15,3.3,line_items
11702,5719,WELCOME15,percentage,0.15,3.3,line_items
11703,5722,AMELIA10,percentage,0.1,5.4,line_items
11704,5725,FREESHIP,free_shipping,,5.95,shipping
11705,5729,WELCOME15,percentage,0.15,5.1,line_items
11706,5730,welcome15,percentage,0.15,4.5,line_items
11707,5731,SKINBYJORDAN15,percentage,0.15,3.3,line_items
11708,5733,AMELIA10,percentage,0.1,2.2,line_items
11709,5735,LOYAL10,percentage,0.1,3.4,line_items
11710,5738,WELCOME15,percentage,0.15,13.2,line_items
11711,5745,LOYAL10,percentage,0.1,3.8,line_items
11712,5748,WELCOME15,percentage,0.15,15.0,line_items
11713,5749,NOURISHED15,percentage,0.15,21.6,line_items
11714,5751,WELCOME15,percentage,0.15,5.1,line_items
11715,5753,LOYAL10,percentage,0.1,3.4,line_items
11716,5759,WELCOME15,percentage,0.15,4.8,line_items
11717,5760,WELCOME15,percentage,0.15,10.8,line_items
11718,5761,WELCOME15,percentage,0.15,19.2,line_items
11719,5763,LOYAL10,percentage,0.1,11.8,line_items
11720,5764,AMELIA10,percentage,0.1,6.6,line_items
11721,5767,WELCOME15,percentage,0.15,13.2,line_items
11722,5772,WELCOME15,percentage,0.15,12.3,line_items
11723,5774,DERMDIARY10,percentage,0.1,13.2,line_items
11724,5779,WELCOME15,percentage,0.15,8.4,line_items
11725,5785,WELCOME15,percentage,0.15,11.4,line_items
11726,5786,WELCOME15,percentage,0.15,24.0,line_items
11727,5788,WELCOME15,percentage,0.15,3.6,line_items
11728,5789,LOYAL10,percentage,0.1,7.6,line_items
11729,5790,LOYAL10,percentage,0.1,15.3,line_items
11730,5792,WELCOME15,percentage,0.15,17.1,line_items
11731,5793,WELCOME15,percentage,0.15,5.7,line_items
11732,5794,WELCOME15,percentage,0.15,4.5,line_items
11733,5796,WELCOME15,percentage,0.15,5.7,line_items
11734,5796,FREESHIP,free_shipping,,12.95,shipping
11735,5799,WELCOME15,percentage,0.15,5.7,line_items
11736,5800,WELCOME15,percentage,0.15,10.5,line_items
11737,5801,WELCOME15,percentage,0.15,12.0,line_items
11738,5805,LOYAL10,percentage,0.1,3.2,line_items
11739,5807,WELCOME15,percentage,0.15,3.3,line_items
11740,5812,FREESHIP,free_shipping,,5.95,shipping
11741,5813,WELCOME15,percentage,0.15,5.1,line_items
11742,5818,WELCOME15,percentage,0.15,23.7,line_items
11743,5820,LOYAL10,percentage,0.1,12.6,line_items
11744,5821,WELCOME15,percentage,0.15,5.7,line_items
11745,5822,WELCOME15,percentage,0.15,18.9,line_items
11746,5823,LOYAL10,percentage,0.1,3.6,line_items
11747,5824,WELCOME15,percentage,0.15,10.8,line_items
11748,5825,DERMDIARY10,percentage,0.1,5.6,line_items
11749,5826,welcome15,percentage,0.15,5.7,line_items
11750,5827,WELCOME15,percentage,0.15,8.7,line_items
11751,5829,LOYAL10,percentage,0.1,8.8,line_items
11752,5830,LOYAL10,percentage,0.1,3.6,line_items
11753,5831,WELCOME15,percentage,0.15,4.35,line_items
11754,5832,WELCOME15,percentage,0.15,10.2,line_items
11755,5835,WELCOME15,percentage,0.15,8.7,line_items
11756,5838,WELCOME15,percentage,0.15,11.4,line_items
11757,5839,WELCOME15,percentage,0.15,5.7,line_items
11758,5840,LOYAL10,percentage,0.1,2.8,line_items
11759,5841,WELCOME15,percentage,0.15,20.7,line_items
11760,5843,WELCOME15,percentage,0.15,6.6,line_items
11761,5844,LOYAL10,percentage,0.1,3.4,line_items
11762,5851,WELCOME15,percentage,0.15,7.2,line_items
11763,5851,FREESHIP,free_shipping,,5.95,shipping
11764,5852,WELCOME15,percentage,0.15,5.1,line_items
11765,5852,FREESHIP,free_shipping,,5.95,shipping
11766,5857,LOYAL10,percentage,0.1,16.8,line_items
11767,5858,WELCOME15,percentage,0.15,5.7,line_items
11768,5861,WELCOME15,percentage,0.15,12.6,line_items
11769,5862,WELCOME15,percentage,0.15,3.3,line_items
11770,5867,LOYAL10,percentage,0.1,3.4,line_items
11771,5872,LOYAL10 ,percentage,0.1,2.2,line_items
11772,5876,WELCOME15,percentage,0.15,7.2,line_items
11773,5877,WELCOME15,percentage,0.15,16.5,line_items
11774,5879,SKINBYJORDAN15,percentage,0.15,16.5,line_items
11775,5882,FREESHIP,free_shipping,,5.95,shipping
11776,5884,WELCOME15,percentage,0.15,9.15,line_items
11777,5887,WELCOME15,percentage,0.15,13.8,line_items
11778,5899,welcome15,percentage,0.15,3.3,line_items
11779,5913,SKINBYJORDAN15,percentage,0.15,16.5,line_items
11780,5914,WELCOME15,percentage,0.15,4.8,line_items
11781,5916,WELCOME15,percentage,0.15,4.35,line_items
11782,5917,WELCOME15,percentage,0.15,6.6,line_items
11783,5919,WELCOME15,percentage,0.15,10.5,line_items
11784,5923,AMELIA10,percentage,0.1,6.6,line_items
11785,5924,LOYAL10,percentage,0.1,3.4,line_items
11786,5926,WELCOME15,percentage,0.15,5.4,line_items
11787,5928,WELCOME15,percentage,0.15,13.8,line_items
11788,5930,FREESHIP,free_shipping,,12.95,shipping
11789,5931,WELCOME15,percentage,0.15,7.65,line_items
11790,5934,WELCOME15,percentage,0.15,4.8,line_items
11791,5936,WELCOME15,percentage,0.15,23.1,line_items
11792,5939,LOYAL10,percentage,0.1,7.6,line_items
11793,5941,WELCOME15,percentage,0.15,3.3,line_items
11794,5942,WELCOME15,percentage,0.15,3.9,line_items
11795,5943,WELCOME15,percentage,0.15,6.6,line_items
11796,5959,WELCOME15,percentage,0.15,5.7,line_items
11797,5960,WELCOME15,percentage,0.15,5.7,line_items
11798,5961,LOYAL10,percentage,0.1,4.8,line_items
11799,5962,WELCOME15,percentage,0.15,3.3,line_items
11800,5967,LOYAL10,percentage,0.1,16.6,line_items
11801,5970,AMELIA10,percentage,0.1,16.4,line_items
11802,5972,WELCOME15,percentage,0.15,4.35,line_items
11803,5973,WELCOME15,percentage,0.15,13.5,line_items
11804,5975,FREESHIP,free_shipping,,5.95,shipping
11805,5976,WELCOME15,percentage,0.15,18.9,line_items
11806,5977,WELCOME15,percentage,0.15,6.6,line_items
11807,5982,WELCOME15,percentage,0.15,3.9,line_items
11808,5986,LOYAL10,percentage,0.1,2.6,line_items
11809,5988,WELCOME15,percentage,0.15,9.3,line_items
11810,5990,WELCOME15,percentage,0.15,13.2,line_items
11811,5993,WELCOME15,percentage,0.15,13.35,line_items
11812,5998,LOYAL10,percentage,0.1,3.8,line_items
11813,6001,AMELIA10,percentage,0.1,3.6,line_items
11814,6001,WELCOME15,percentage,0.15,4.86,line_items
11815,6004,welcome15,percentage,0.15,4.2,line_items
11816,6006,LOYAL10,percentage,0.1,6.1,line_items
11817,6009,WELCOME15,percentage,0.15,5.4,line_items
11818,6013,GLOWWITHSAM12,percentage,0.12,8.64,line_items
11819,6017,LOYAL10,percentage,0.1,2.2,line_items
11820,6018,LOYAL10,percentage,0.1,18.2,line_items
11821,6019,DERMDIARY10,percentage,0.1,2.9,line_items
11822,6020,WELCOME15,percentage,0.15,12.75,line_items
11823,6022,AMELIA10,percentage,0.1,3.8,line_items
11824,6026,LOYAL10,percentage,0.1,13.0,line_items
11825,6027,WELCOME15,percentage,0.15,13.2,line_items
11826,6028,WELCOME15,percentage,0.15,3.3,line_items
11827,6029,WELCOME15,percentage,0.15,5.7,line_items
11828,6030,welcome15,percentage,0.15,13.2,line_items
11829,6034,WELCOME15,percentage,0.15,18.9,line_items
11830,6037,WELCOME15,percentage,0.15,15.6,line_items
11831,6041,WELCOME15,percentage,0.15,15.75,line_items
11832,6043,LOYAL10,percentage,0.1,6.0,line_items
11833,6045,WELCOME15,percentage,0.15,4.8,line_items
11834,6046,GLOWWITHSAM12,percentage,0.12,5.76,line_items
11835,6046,WELCOME15,percentage,0.15,6.34,line_items
11836,6048,WELCOME15,percentage,0.15,5.7,line_items
11837,6049,WELCOME15,percentage,0.15,8.4,line_items
11838,6051,DERMDIARY10,percentage,0.1,3.8,line_items
11839,6055,FREESHIP,free_shipping,,5.95,shipping
11840,6058,WELCOME15,percentage,0.15,18.3,line_items
11841,6060,WELCOME15,percentage,0.15,4.8,line_items
11842,6062,WELCOME15,percentage,0.15,5.7,line_items
11843,6065,GLOWWITHSAM12,percentage,0.12,4.56,line_items
11844,6067,WELCOME15,percentage,0.15,3.3,line_items
11845,6068,WELCOME15,percentage,0.15,3.9,line_items
11846,6069,WELCOME15,percentage,0.15,5.7,line_items
11847,8201,WELCOME15,percentage,0.15,9.45,line_items
11848,8202,TEST100,percentage,1.0,38.0,line_items
