order_id,customer_id,created_at,cancelled_at,financial_status,fulfillment_status,sales_channel,ship_country,ship_region,subtotal,discount_total,discount_codes,shipping_charged,tax_total,total_paid,payment_gateway,payment_fee,currency
1001,100011,2025-07-01T02:19:33Z,,paid,fulfilled,online_store,CA,ON,26.0,5.2,SUMMER20,12.95,1.04,34.79,shopify_payments,1.31,USD
1002,100012,2025-07-01T09:54:20Z,,partially_refunded,fulfilled,online_store,US,NJ,62.0,12.4,SUMMER20,5.95,2.98,58.53,shop_pay,2.0,USD
1003,100013,2025-07-01T14:37:55Z,,paid,fulfilled,online_store,US,IL,32.0,6.4,SUMMER20,5.95,1.54,33.09,shopify_payments,1.26,USD
1004,100014,2025-07-01T17:00:53Z,,paid,fulfilled,online_store,US,CO,96.0,0.0,,0.0,5.76,101.76,shopify_payments,3.25,USD
1005,100015,2025-07-01T18:46:39Z,,paid,fulfilled,online_store,US,FL,108.0,21.6,SUMMER20,0.0,5.18,91.58,shop_pay,2.96,USD
1006,100016,2025-07-01T20:40:10Z,,paid,fulfilled,online_store,US,CA,22.0,4.4,SUMMER20,5.95,1.06,24.61,shop_pay,1.01,USD
1007,100018,2025-07-02T01:37:48Z,,paid,fulfilled,online_store,CA,ON,29.0,5.8,SUMMER20,12.95,1.16,37.31,shopify_payments,1.38,USD
1008,100019,2025-07-02T03:32:16Z,,paid,fulfilled,online_store,US,IN,34.0,6.8,"SUMMER20,FREESHIP",0.0,1.63,28.83,shop_pay,1.14,USD
1009,100020,2025-07-02T11:01:01Z,,paid,fulfilled,online_store,US,OH,22.0,4.4,SUMMER20,5.95,1.06,24.61,shopify_payments,1.01,USD
1010,100021,2025-07-02T11:57:44Z,,paid,fulfilled,online_store,US,WI,147.0,14.7,AMELIA10,0.0,7.94,140.24,paypal,5.38,USD
1011,100022,2025-07-02T12:20:55Z,,paid,fulfilled,online_store,US,GA,56.0,11.2,SUMMER20,5.95,2.69,53.44,shopify_payments,1.85,USD
1012,100004,2025-07-02T15:27:57Z,,paid,fulfilled,online_store,US,NJ,118.0,23.6,SUMMER20,0.0,5.66,100.06,shop_pay,3.2,USD
1013,100023,2025-07-02T18:29:44Z,,paid,fulfilled,online_store,US,NY,54.0,5.4,AMELIA10,5.95,2.92,57.47,paypal,2.5,USD
1014,100024,2025-07-02T23:13:43Z,,paid,fulfilled,online_store,US,WA,34.0,6.8,SUMMER20,5.95,1.63,34.78,shopify_payments,1.31,USD
1015,100025,2025-07-03T00:32:56Z,,paid,fulfilled,online_store,US,NY,29.0,9.28,"SUMMER20,WELCOME15",5.95,1.18,26.85,shopify_payments,1.08,USD
1016,100026,2025-07-03T15:10:00Z,,paid,unfulfilled,online_store,US,CA,34.0,34.0,TEST100,0.0,0.0,0.0,bogus,0.0,USD
1017,100027,2025-07-03T15:53:10Z,,paid,fulfilled,online_store,US,MI,57.0,0.0,,0.0,3.42,60.42,shop_pay,2.05,USD
1018,100028,2025-07-03T18:57:04Z,,paid,fulfilled,online_store,US,IN,32.0,0.0,,5.95,1.92,39.87,paypal,1.88,USD
1019,100029,2025-07-03T19:19:05Z,,paid,fulfilled,online_store,CA,AB,66.0,13.2,SUMMER20,12.95,2.64,68.39,shopify_payments,2.28,USD
1020,100030,2025-07-03T20:13:30Z,,paid,fulfilled,online_store,US,PA,51.0,10.2,SUMMER20,5.95,2.45,49.2,paypal,2.21,USD
1021,100031,2025-07-03T20:50:52Z,,paid,fulfilled,online_store,US,TX,32.0,6.4,SUMMER20,5.95,1.54,33.09,shopify_payments,1.26,USD
1022,100032,2025-07-03T23:45:38Z,,paid,fulfilled,online_store,AU,VIC,54.0,8.1,WELCOME15,12.95,4.59,63.44,shop_pay,2.14,USD
1023,100033,2025-07-03T23:52:11Z,,paid,fulfilled,shop_app,US,WI,56.0,11.2,SUMMER20,5.95,2.69,53.44,shopify_payments,1.85,USD
1024,100034,2025-07-04T10:05:51Z,,refunded,fulfilled,online_store,US,OR,34.0,0.0,,5.95,0.0,39.95,shop_pay,1.46,USD
1025,100035,2025-07-04T12:28:56Z,,paid,fulfilled,shop_app,US,FL,34.0,6.8,SUMMER20,5.95,1.63,34.78,shopify_payments,1.31,USD
1026,100036,2025-07-04T13:25:26Z,,paid,fulfilled,online_store,US,TX,29.0,5.8,SUMMER20,5.95,1.39,30.54,shopify_payments,1.19,USD
1027,100037,2025-07-04T18:09:19Z,,paid,fulfilled,online_store,US,CA,22.0,4.4,SUMMER20,5.95,1.06,24.61,paypal,1.35,USD
1028,100038,2025-07-04T22:41:05Z,,paid,fulfilled,online_store,US,TN,84.0,16.8,SUMMER20,0.0,4.03,71.23,shopify_payments,2.37,USD
1029,100039,2025-07-05T01:53:40Z,,paid,fulfilled,shop_app,US,CA,118.0,0.0,,0.0,7.08,125.08,shop_pay,3.93,USD
1030,100040,2025-07-05T05:11:55Z,,partially_refunded,fulfilled,online_store,AU,NSW,108.0,21.6,SUMMER20,0.0,8.64,95.04,shopify_payments,3.06,USD
1031,100042,2025-07-05T15:05:16Z,,paid,fulfilled,online_store,US,NY,62.0,12.4,SUMMER20,5.95,2.98,58.53,klarna,3.81,USD
1032,100043,2025-07-05T22:00:22Z,,paid,fulfilled,online_store,US,CA,34.0,5.1,WELCOME15,5.95,1.73,36.58,shopify_payments,1.36,USD
1033,100044,2025-07-06T00:24:34Z,,paid,fulfilled,online_store,US,NY,48.0,7.2,WELCOME15,5.95,2.45,49.2,shop_pay,1.73,USD
1034,100045,2025-07-06T03:46:52Z,,paid,fulfilled,online_store,US,OH,22.0,0.0,,5.95,1.32,29.27,shopify_payments,1.15,USD
1035,100046,2025-07-06T15:20:11Z,,paid,fulfilled,online_store,US,IL,32.0,0.0,,5.95,1.92,39.87,paypal,1.88,USD
1036,100047,2025-07-06T18:01:28Z,,paid,fulfilled,online_store,CA,AB,88.0,13.2,WELCOME15,12.95,3.74,91.49,shopify_payments,2.95,USD
1037,100048,2025-07-06T20:11:32Z,,paid,fulfilled,online_store,US,NY,34.0,6.8,SUMMER20,5.95,1.63,34.78,shopify_payments,1.31,USD
1038,100049,2025-07-06T22:34:03Z,,paid,fulfilled,online_store,US,CA,84.0,16.8,SUMMER20,0.0,4.03,71.23,shop_pay,2.37,USD
1039,100051,2025-07-07T13:10:22Z,,paid,fulfilled,online_store,US,NY,34.0,6.8,SUMMER20,5.95,1.63,34.78,shopify_payments,1.31,USD
1040,100052,2025-07-07T13:43:46Z,,paid,fulfilled,online_store,US,CA,34.0,10.88,"SUMMER20,WELCOME15",5.95,1.39,30.46,shopify_payments,1.18,USD
1041,100053,2025-07-07T22:26:15Z,,paid,fulfilled,shop_app,AU,QLD,29.0,5.8,SUMMER20,12.95,2.32,38.47,shopify_payments,1.42,USD
1042,100054,2025-07-07T23:34:26Z,,paid,fulfilled,online_store,US,CA,34.0,0.0,,5.95,2.04,41.99,shop_pay,1.52,USD
1043,100055,2025-07-08T00:46:54Z,,paid,fulfilled,online_store,US,MN,84.0,0.0,,0.0,5.04,89.04,shopify_payments,2.88,USD
1044,100056,2025-07-08T02:29:20Z,,paid,fulfilled,online_store,US,GA,56.0,11.2,SUMMER20,5.95,2.69,53.44,paypal,2.36,USD
1045,100057,2025-07-08T03:46:30Z,,paid,fulfilled,online_store,US,GA,68.0,10.2,WELCOME15,0.0,3.47,61.27,shopify_payments,2.08,USD
1046,100058,2025-07-08T06:23:57Z,,paid,fulfilled,online_store,GB,WLS,28.0,5.6,SUMMER20,12.95,4.48,39.83,shop_pay,1.46,USD
1047,100059,2025-07-08T09:35:26Z,,paid,fulfilled,online_store,US,FL,66.0,13.2,SUMMER20,0.0,3.17,55.97,shopify_payments,1.92,USD
1048,100060,2025-07-08T10:43:20Z,,paid,fulfilled,online_store,GB,ENG,133.0,0.0,,0.0,26.6,159.6,shopify_payments,4.93,USD
1049,100061,2025-07-08T12:40:21Z,,paid,fulfilled,online_store,US,WA,108.0,0.0,,0.0,6.48,114.48,shopify_payments,3.62,USD
1050,100062,2025-07-08T14:08:53Z,,refunded,fulfilled,online_store,US,MI,34.0,6.8,SUMMER20,5.95,1.63,34.78,shop_pay,1.31,USD
1051,100063,2025-07-08T14:16:25Z,,partially_refunded,fulfilled,online_store,AU,NSW,56.0,11.2,SUMMER20,12.95,4.48,62.23,shopify_payments,2.1,USD
1052,100064,2025-07-08T14:59:43Z,,paid,fulfilled,online_store,US,CA,34.0,0.0,,5.95,2.04,41.99,paypal,1.96,USD
1053,100065,2025-07-08T19:23:13Z,,paid,fulfilled,online_store,US,IL,97.0,0.0,,0.0,5.82,102.82,paypal,4.08,USD
1054,100066,2025-07-08T20:57:09Z,,paid,fulfilled,online_store,US,AZ,48.0,0.0,,5.95,2.88,56.83,shopify_payments,1.95,USD
1055,100067,2025-07-08T21:17:19Z,,paid,fulfilled,online_store,GB,ENG,90.0,22.68,"GLOWWITHSAM12,WELCOME15",12.95,13.46,93.73,shopify_payments,3.02,USD
1056,100009,2025-07-08T23:55:16Z,,paid,fulfilled,online_store,US,TN,56.0,11.2,SUMMER20,5.95,2.69,53.44,shop_pay,1.85,USD
1057,100068,2025-07-09T00:00:08Z,,paid,fulfilled,online_store,US,NY,44.0,8.8,SUMMER20,5.95,2.11,43.26,shopify_payments,1.55,USD
1058,100069,2025-07-09T10:00:58Z,,paid,fulfilled,online_store,US,WA,26.0,5.2,SUMMER20,5.95,1.25,28.0,shopify_payments,1.11,USD
1059,100070,2025-07-09T11:19:30Z,,partially_refunded,fulfilled,online_store,US,TX,63.0,0.0,,0.0,3.78,66.78,klarna,4.3,USD
1060,100071,2025-07-09T11:53:21Z,,paid,fulfilled,online_store,US,NJ,84.0,16.8,SUMMER20,0.0,4.03,71.23,shopify_payments,2.37,USD
1061,100072,2025-07-09T12:22:43Z,,paid,fulfilled,online_store,US,CA,110.0,0.0,,0.0,6.6,116.6,shopify_payments,3.68,USD
1062,100073,2025-07-09T13:02:59Z,,paid,fulfilled,online_store,CA,QC,68.0,10.2,WELCOME15,12.95,2.89,73.64,paypal,3.06,USD
1063,100074,2025-07-09T15:05:41Z,,partially_refunded,fulfilled,online_store,US,TN,50.0,10.0,SUMMER20,5.95,2.4,48.35,shop_pay,1.7,USD
1064,100075,2025-07-09T15:21:57Z,,paid,fulfilled,online_store,US,CO,32.0,0.0,,5.95,1.92,39.87,shopify_payments,1.46,USD
1065,100076,2025-07-09T18:52:30Z,,paid,fulfilled,online_store,US,CA,122.0,0.0,,0.0,7.32,129.32,shopify_payments,4.05,USD
1066,100078,2025-07-10T01:05:38Z,,paid,fulfilled,online_store,US,CO,68.0,13.6,SUMMER20,0.0,3.26,57.66,shopify_payments,1.97,USD
1067,100079,2025-07-10T07:07:48Z,,paid,fulfilled,online_store,US,NC,84.0,26.88,"SUMMER20,WELCOME15",0.0,3.43,60.55,shopify_payments,2.06,USD
1068,100080,2025-07-10T11:20:53Z,,paid,fulfilled,online_store,US,MO,118.0,23.6,SUMMER20,0.0,5.66,100.06,shop_pay,3.2,USD
1069,100081,2025-07-10T13:30:06Z,,paid,fulfilled,online_store,US,WA,78.0,15.6,SUMMER20,0.0,3.74,66.14,paypal,2.8,USD
1070,100082,2025-07-10T18:40:40Z,,paid,fulfilled,online_store,AU,NSW,22.0,3.3,"WELCOME15,FREESHIP",0.0,1.87,20.57,paypal,1.21,USD
1071,100083,2025-07-10T21:19:09Z,,paid,fulfilled,online_store,US,NY,32.0,4.8,WELCOME15,5.95,1.63,34.78,shopify_payments,1.31,USD
1072,100084,2025-07-10T21:58:25Z,,paid,fulfilled,online_store,US,VA,70.0,0.0,,0.0,4.2,74.2,shop_pay,2.45,USD
1073,100085,2025-07-10T23:14:29Z,,paid,fulfilled,online_store,US,MO,44.0,8.8,SUMMER20,5.95,2.11,43.26,shopify_payments,1.55,USD
1074,100007,2025-07-10T23:31:25Z,,paid,fulfilled,shop_app,US,NC,106.0,21.2,SUMMER20,0.0,5.09,89.89,paypal,3.63,USD
1075,100001,2025-07-11T00:21:09Z,,paid,fulfilled,online_store,US,CA,24.0,4.8,SUMMER20,5.95,1.15,26.3,shopify_payments,1.06,USD
1076,100086,2025-07-11T01:01:33Z,,paid,fulfilled,online_store,US,NY,78.0,15.6,SUMMER20,0.0,3.74,66.14,shop_pay,2.22,USD
1077,100087,2025-07-11T11:09:35Z,,paid,fulfilled,online_store,US,VA,106.0,0.0,,0.0,6.36,112.36,shopify_payments,3.56,USD
1078,100088,2025-07-11T13:32:11Z,,paid,fulfilled,online_store,US,CA,34.0,5.1,WELCOME15,5.95,1.73,36.58,shopify_payments,1.36,USD
1079,100090,2025-07-11T14:54:35Z,,paid,fulfilled,online_store,US,VA,58.0,8.7,WELCOME15,5.95,2.96,58.21,shop_pay,1.99,USD
1080,100091,2025-07-11T15:15:18Z,,paid,fulfilled,online_store,US,CA,22.0,0.0,,5.95,1.32,29.27,paypal,1.51,USD
1081,100092,2025-07-11T19:11:19Z,,paid,fulfilled,online_store,US,MI,124.0,0.0,,0.0,7.44,131.44,shop_pay,4.11,USD
1082,100003,2025-07-11T20:40:55Z,,paid,fulfilled,online_store,US,FL,44.0,8.8,SUMMER20,5.95,2.11,43.26,paypal,2.0,USD
1083,100093,2025-07-11T21:15:14Z,,partially_refunded,fulfilled,online_store,US,CA,73.0,0.0,,0.0,4.38,77.38,shopify_payments,2.54,USD
1084,100094,2025-07-12T05:49:39Z,,paid,fulfilled,online_store,US,TX,34.0,10.88,"SUMMER20,WELCOME15",5.95,1.39,30.46,shopify_payments,1.18,USD
1085,100095,2025-07-12T06:41:57Z,,paid,fulfilled,online_store,CA,QC,34.0,6.8,SUMMER20,12.95,1.36,41.51,shop_pay,1.5,USD
1086,100096,2025-07-12T08:14:01Z,,partially_refunded,fulfilled,online_store,US,MA,66.0,9.9,WELCOME15,0.0,3.37,59.47,shop_pay,2.02,USD
1087,100098,2025-07-12T13:39:37Z,,paid,fulfilled,online_store,US,TX,24.0,4.8,SUMMER20,5.95,1.15,26.3,shopify_payments,1.06,USD
1088,100099,2025-07-12T15:16:22Z,,refunded,fulfilled,shop_app,US,PA,32.0,4.8,WELCOME15,5.95,1.63,34.78,shopify_payments,1.31,USD
1089,100100,2025-07-12T15:56:22Z,,paid,fulfilled,online_store,US,AZ,29.0,0.0,,5.95,1.74,36.69,shop_pay,1.36,USD
1090,100101,2025-07-12T16:12:00Z,,paid,fulfilled,online_store,US,NC,34.0,0.0,,5.95,2.04,41.99,paypal,1.96,USD
1091,100102,2025-07-12T18:50:00Z,,paid,fulfilled,online_store,US,CA,84.0,16.8,SUMMER20,0.0,4.03,71.23,shop_pay,2.37,USD
1092,100103,2025-07-12T19:08:23Z,,paid,fulfilled,online_store,CA,ON,28.0,5.6,SUMMER20,12.95,1.12,36.47,paypal,1.76,USD
1093,100104,2025-07-13T00:45:49Z,,paid,fulfilled,online_store,US,CA,29.0,0.0,,5.95,1.74,36.69,shopify_payments,1.36,USD
1094,100105,2025-07-13T03:13:27Z,,paid,fulfilled,online_store,CA,QC,48.0,9.6,SUMMER20,12.95,1.92,53.27,shop_pay,1.84,USD
1095,100106,2025-07-13T03:15:06Z,,paid,fulfilled,online_store,CA,AB,66.0,13.2,SUMMER20,12.95,2.64,68.39,shop_pay,2.28,USD
1096,100107,2025-07-13T05:08:34Z,,paid,fulfilled,online_store,US,VA,34.0,6.8,SUMMER20,5.95,1.63,34.78,paypal,1.7,USD
1097,100108,2025-07-13T05:12:54Z,,paid,fulfilled,online_store,US,CA,68.0,0.0,,0.0,4.08,72.08,paypal,3.01,USD
1098,100109,2025-07-13T09:16:35Z,,paid,fulfilled,online_store,US,TN,34.0,5.1,WELCOME15,5.95,1.73,36.58,paypal,1.77,USD
1099,100110,2025-07-13T12:05:13Z,,paid,fulfilled,online_store,US,NY,24.0,7.68,"SUMMER20,WELCOME15",5.95,0.98,23.25,klarna,1.69,USD
1100,100111,2025-07-13T13:33:44Z,,paid,fulfilled,shop_app,US,CO,56.0,0.0,,0.0,3.36,59.36,shopify_payments,2.02,USD
1101,100112,2025-07-13T21:01:35Z,,paid,fulfilled,online_store,US,MI,86.0,17.2,SUMMER20,0.0,4.13,72.93,shopify_payments,2.41,USD
1102,100113,2025-07-13T21:27:02Z,,paid,fulfilled,online_store,US,FL,32.0,0.0,,5.95,1.92,39.87,shopify_payments,1.46,USD
1103,100114,2025-07-14T01:48:35Z,,paid,fulfilled,online_store,US,OH,66.0,0.0,,0.0,3.96,69.96,shopify_payments,2.33,USD
1104,100115,2025-07-14T02:21:11Z,,paid,fulfilled,online_store,US,FL,34.0,10.88,"SUMMER20,WELCOME15",5.95,1.39,30.46,shopify_payments,1.18,USD
1105,100117,2025-07-14T15:46:45Z,,paid,fulfilled,online_store,US,MA,128.0,25.6,SUMMER20,0.0,6.14,108.54,shop_pay,3.45,USD
1106,100118,2025-07-14T16:27:57Z,,paid,fulfilled,online_store,US,WA,63.0,0.0,,0.0,3.78,66.78,paypal,2.82,USD
1107,100119,2025-07-14T17:29:09Z,,paid,fulfilled,online_store,US,CA,34.0,0.0,,5.95,2.04,41.99,shopify_payments,1.52,USD
1108,100120,2025-07-15T02:07:07Z,,paid,fulfilled,online_store,US,CA,29.0,5.8,SUMMER20,5.95,1.39,30.54,shopify_payments,1.19,USD
1109,100002,2025-07-15T02:27:25Z,,paid,fulfilled,online_store,US,WA,34.0,0.0,,5.95,2.04,41.99,shopify_payments,1.52,USD
1110,100121,2025-07-15T06:18:21Z,,paid,fulfilled,online_store,AU,QLD,34.0,5.1,"WELCOME15,FREESHIP",0.0,2.89,31.79,shopify_payments,1.22,USD
1111,100122,2025-07-15T10:12:53Z,,paid,fulfilled,online_store,GB,ENG,28.0,0.0,FREESHIP,0.0,5.6,33.6,shopify_payments,1.27,USD
1112,100123,2025-07-15T13:46:33Z,,paid,fulfilled,online_store,US,TX,22.0,4.4,SUMMER20,5.95,1.06,24.61,shopify_payments,1.01,USD
1113,100124,2025-07-15T14:42:51Z,,paid,fulfilled,online_store,US,OR,34.0,0.0,,5.95,0.0,39.95,shopify_payments,1.46,USD
1114,100125,2025-07-15T16:26:50Z,,paid,fulfilled,online_store,AU,WA,62.0,0.0,,12.95,6.2,81.15,paypal,3.32,USD
1115,100126,2025-07-15T18:19:17Z,,paid,fulfilled,online_store,US,NY,34.0,0.0,,5.95,2.04,41.99,shopify_payments,1.52,USD
1116,100127,2025-07-16T01:58:25Z,,paid,fulfilled,online_store,US,VA,34.0,6.8,SUMMER20,5.95,1.63,34.78,klarna,2.38,USD
1117,100129,2025-07-16T12:37:48Z,,paid,fulfilled,online_store,US,TX,26.0,3.9,WELCOME15,5.95,1.33,29.38,shopify_payments,1.15,USD
1118,100130,2025-07-16T13:35:02Z,,paid,fulfilled,online_store,US,CA,34.0,0.0,,5.95,2.04,41.99,shop_pay,1.52,USD
1119,100131,2025-07-16T14:54:29Z,,paid,fulfilled,online_store,US,NY,78.0,15.6,SUMMER20,0.0,3.74,66.14,shopify_payments,2.22,USD
1120,100132,2025-07-16T17:42:09Z,,paid,fulfilled,online_store,US,NC,58.0,11.6,SUMMER20,5.95,2.78,55.13,shop_pay,1.9,USD
1121,100133,2025-07-16T20:28:18Z,,paid,fulfilled,online_store,US,DE,32.0,0.0,,5.95,0.0,37.95,shopify_payments,1.4,USD
1122,100134,2025-07-17T01:43:13Z,,paid,fulfilled,online_store,US,MO,44.0,8.8,SUMMER20,5.95,2.11,43.26,shop_pay,1.55,USD
1123,100135,2025-07-17T02:47:02Z,,paid,fulfilled,online_store,US,PA,84.0,16.8,SUMMER20,0.0,4.03,71.23,shopify_payments,2.37,USD
1124,100136,2025-07-17T10:30:39Z,,paid,fulfilled,online_store,US,NJ,63.0,0.0,,0.0,3.78,66.78,paypal,2.82,USD
1125,100137,2025-07-17T13:03:02Z,,paid,fulfilled,online_store,US,NH,34.0,6.8,SUMMER20,5.95,0.0,33.15,shop_pay,1.26,USD
1126,100138,2025-07-17T13:50:28Z,,partially_refunded,fulfilled,online_store,US,FL,120.0,24.0,SUMMER20,0.0,5.76,101.76,paypal,4.04,USD
1127,100006,2025-07-17T14:52:04Z,,paid,fulfilled,online_store,US,MI,22.0,4.4,SUMMER20,5.95,1.06,24.61,shop_pay,1.01,USD
1128,100139,2025-07-17T16:32:30Z,,paid,fulfilled,online_store,US,FL,26.0,5.2,SUMMER20,5.95,1.25,28.0,shopify_payments,1.11,USD
1129,100140,2025-07-17T16:41:29Z,,paid,fulfilled,online_store,US,PA,22.0,0.0,,5.95,1.32,29.27,shopify_payments,1.15,USD
1130,100141,2025-07-17T16:56:44Z,,paid,fulfilled,online_store,CA,ON,122.0,0.0,,0.0,6.1,128.1,paypal,4.96,USD
1131,100142,2025-07-17T17:10:59Z,,paid,fulfilled,online_store,AU,WA,22.0,4.4,SUMMER20,12.95,1.76,32.31,shop_pay,1.24,USD
1132,100143,2025-07-17T19:24:04Z,,paid,fulfilled,online_store,US,IL,66.0,13.2,SUMMER20,0.0,3.17,55.97,shopify_payments,1.92,USD
1133,100144,2025-07-17T21:41:48Z,,paid,fulfilled,online_store,US,AZ,68.0,13.6,SUMMER20,0.0,3.26,57.66,shopify_payments,1.97,USD
1134,100145,2025-07-18T02:55:30Z,,partially_refunded,fulfilled,online_store,US,VA,84.0,12.6,WELCOME15,0.0,4.28,75.68,shop_pay,2.49,USD
1135,100146,2025-07-18T21:12:42Z,,paid,fulfilled,online_store,US,NY,24.0,4.8,SUMMER20,5.95,1.15,26.3,paypal,1.41,USD
1136,100147,2025-07-19T00:46:41Z,,paid,fulfilled,online_store,US,CA,34.0,6.8,SUMMER20,5.95,1.63,34.78,shopify_payments,1.31,USD
1137,100008,2025-07-19T04:26:03Z,,paid,fulfilled,online_store,US,NY,58.0,18.56,"SUMMER20,WELCOME15",5.95,2.37,47.76,shopify_payments,1.69,USD
1138,100148,2025-07-19T07:39:18Z,,paid,fulfilled,online_store,US,OH,68.0,13.6,SUMMER20,0.0,3.26,57.66,shopify_payments,1.97,USD
1139,100149,2025-07-19T09:36:22Z,,paid,fulfilled,online_store,US,GA,56.0,11.2,SUMMER20,5.95,2.69,53.44,shop_pay,1.85,USD
1140,100150,2025-07-19T10:16:19Z,,paid,fulfilled,online_store,US,TN,73.0,14.6,SUMMER20,0.0,3.5,61.9,shop_pay,2.1,USD
1141,100151,2025-07-19T12:46:29Z,,paid,fulfilled,online_store,US,AZ,51.0,10.2,SUMMER20,5.95,2.45,49.2,paypal,2.21,USD
1142,100152,2025-07-19T14:03:45Z,,partially_refunded,fulfilled,online_store,US,IL,116.0,37.12,"SUMMER20,WELCOME15",0.0,4.73,83.61,shopify_payments,2.72,USD
1143,100153,2025-07-19T14:51:58Z,,refunded,fulfilled,online_store,US,VA,22.0,4.4,SUMMER20,5.95,1.06,24.61,shopify_payments,1.01,USD
1144,100154,2025-07-19T15:31:48Z,,paid,fulfilled,online_store,US,TN,34.0,6.8,SUMMER20,5.95,1.63,34.78,paypal,1.7,USD
1145,100155,2025-07-19T15:48:40Z,,paid,fulfilled,online_store,US,IL,88.0,17.6,SUMMER20,0.0,4.22,74.62,shopify_payments,2.46,USD
1146,100156,2025-07-19T15:55:26Z,,paid,fulfilled,online_store,AU,VIC,66.0,0.0,,12.95,6.6,85.55,shopify_payments,2.78,USD
1147,100157,2025-07-19T18:58:38Z,,paid,fulfilled,online_store,US,PA,32.0,6.4,SUMMER20,5.95,1.54,33.09,shop_pay,1.26,USD
1148,100158,2025-07-19T21:23:11Z,,paid,fulfilled,online_store,US,CA,26.0,0.0,,5.95,1.56,33.51,shopify_payments,1.27,USD
1149,100159,2025-07-19T21:47:57Z,,paid,fulfilled,online_store,US,MI,44.0,8.8,SUMMER20,5.95,2.11,43.26,shopify_payments,1.55,USD
1150,100160,2025-07-20T00:31:41Z,,paid,fulfilled,online_store,US,MO,28.0,0.0,,5.95,1.68,35.63,shopify_payments,1.33,USD
1151,100161,2025-07-20T01:32:56Z,,paid,fulfilled,online_store,US,PA,34.0,0.0,,5.95,2.04,41.99,shopify_payments,1.52,USD
1152,100162,2025-07-20T08:29:36Z,,paid,fulfilled,online_store,US,IL,32.0,6.4,SUMMER20,5.95,1.54,33.09,shopify_payments,1.26,USD
1153,100163,2025-07-20T12:15:25Z,,paid,fulfilled,online_store,US,WA,92.0,13.8,WELCOME15,0.0,4.69,82.89,shopify_payments,2.7,USD
1154,100164,2025-07-20T13:16:34Z,,paid,fulfilled,shop_app,US,NJ,26.0,3.9,WELCOME15,5.95,1.33,29.38,shop_pay,1.15,USD
1155,100005,2025-07-20T13:27:59Z,,paid,fulfilled,online_store,US,AZ,44.0,0.0,FREESHIP,0.0,2.64,46.64,paypal,2.12,USD
1156,100165,2025-07-20T13:53:47Z,,paid,fulfilled,online_store,US,MO,84.0,16.8,SUMMER20,0.0,4.03,71.23,shopify_payments,2.37,USD
1157,100166,2025-07-20T20:14:02Z,,paid,fulfilled,online_store,US,GA,86.0,12.9,WELCOME15,0.0,4.39,77.49,shopify_payments,2.55,USD
1158,100167,2025-07-20T22:33:04Z,,paid,fulfilled,online_store,CA,ON,68.0,10.2,WELCOME15,12.95,2.89,73.64,shop_pay,2.44,USD
1159,100168,2025-07-21T00:06:08Z,,paid,fulfilled,online_store,US,MI,63.0,0.0,,0.0,3.78,66.78,shopify_payments,2.24,USD
1160,100169,2025-07-21T00:33:03Z,,paid,fulfilled,online_store,US,TX,78.0,0.0,,0.0,4.68,82.68,shopify_payments,2.7,USD
1161,100170,2025-07-21T01:45:32Z,,paid,fulfilled,online_store,AU,WA,29.0,4.35,NOURISHED15,12.95,2.46,40.06,shopify_payments,1.46,USD
1162,100171,2025-07-21T02:01:20Z,,partially_refunded,fulfilled,online_store,CA,BC,63.0,12.6,SUMMER20,12.95,2.52,65.87,shopify_payments,2.21,USD
1163,100172,2025-07-21T02:45:53Z,,paid,fulfilled,online_store,US,MN,34.0,5.1,SKINBYJORDAN15,5.95,1.73,36.58,shopify_payments,1.36,USD
1164,100173,2025-07-21T04:51:18Z,,paid,fulfilled,online_store,US,OR,82.0,0.0,,0.0,0.0,82.0,shop_pay,2.68,USD
1165,100174,2025-07-21T05:55:41Z,,refunded,fulfilled,online_store,US,FL,32.0,0.0,,5.95,1.92,39.87,shop_pay,1.46,USD
1166,100175,2025-07-21T12:19:25Z,,paid,fulfilled,online_store,US,NJ,118.0,37.76,"SUMMER20,WELCOME15",0.0,4.81,85.05,shopify_payments,2.77,USD
1167,100176,2025-07-21T14:01:15Z,,paid,fulfilled,online_store,US,OH,142.0,21.3,WELCOME15,0.0,7.24,127.94,shopify_payments,4.01,USD
1168,100177,2025-07-21T15:27:08Z,,paid,fulfilled,online_store,US,TX,24.0,0.0,,5.95,1.44,31.39,paypal,1.59,USD
1169,100178,2025-07-21T20:27:55Z,,paid,fulfilled,online_store,US,NY,24.0,4.8,SUMMER20,5.95,1.15,26.3,shopify_payments,1.06,USD
1170,100179,2025-07-21T22:24:56Z,,paid,fulfilled,online_store,US,CO,118.0,23.6,SUMMER20,0.0,5.66,100.06,shopify_payments,3.2,USD
1171,100180,2025-07-22T10:00:43Z,,paid,fulfilled,online_store,US,NC,111.0,16.65,WELCOME15,0.0,5.66,100.01,shop_pay,3.2,USD
1172,100181,2025-07-22T10:41:08Z,,paid,fulfilled,online_store,US,CA,44.0,8.8,SUMMER20,5.95,2.11,43.26,shop_pay,1.55,USD
1173,100183,2025-07-22T14:44:26Z,,paid,fulfilled,online_store,US,WA,34.0,0.0,,5.95,2.04,41.99,shop_pay,1.52,USD
1174,100186,2025-07-22T18:07:03Z,,paid,fulfilled,online_store,GB,ENG,128.0,0.0,,0.0,25.6,153.6,shopify_payments,4.75,USD
1175,100187,2025-07-23T12:03:52Z,,paid,fulfilled,online_store,GB,SCT,122.0,24.4,SUMMER20,0.0,19.52,117.12,paypal,4.58,USD
1176,100189,2025-07-23T15:54:53Z,,refunded,fulfilled,online_store,US,PA,34.0,3.4,AMELIA10,5.95,1.84,38.39,paypal,1.83,USD
1177,100190,2025-07-23T20:00:48Z,,paid,fulfilled,online_store,US,TX,44.0,8.8,SUMMER20,5.95,2.11,43.26,shop_pay,1.55,USD
1178,100191,2025-07-23T23:48:20Z,,paid,fulfilled,online_store,US,MN,34.0,6.8,SUMMER20,5.95,1.63,34.78,shopify_payments,1.31,USD
1179,100192,2025-07-24T05:21:11Z,,paid,fulfilled,online_store,US,CA,34.0,3.4,AMELIA10,5.95,1.84,38.39,shopify_payments,1.41,USD
1180,100193,2025-07-24T12:43:46Z,,refunded,fulfilled,online_store,CA,BC,29.0,0.0,,12.95,1.45,43.4,shopify_payments,1.56,USD
1181,100195,2025-07-24T14:04:17Z,,paid,fulfilled,online_store,US,IN,140.0,0.0,,0.0,8.4,148.4,shopify_payments,4.6,USD
1182,100196,2025-07-24T14:28:56Z,,paid,fulfilled,online_store,US,NH,48.0,7.2,WELCOME15,5.95,0.0,46.75,paypal,2.12,USD
1183,100197,2025-07-24T16:29:39Z,,paid,fulfilled,online_store,US,MI,22.0,3.3,"WELCOME15,FREESHIP",0.0,1.12,19.82,shopify_payments,0.87,USD
1184,100198,2025-07-25T15:39:34Z,,paid,fulfilled,online_store,GB,ENG,24.0,0.0,,12.95,4.8,41.75,shop_pay,1.51,USD
1185,100199,2025-07-25T16:14:01Z,,paid,fulfilled,online_store,GB,SCT,22.0,4.4,SUMMER20,12.95,3.52,34.07,shopify_payments,1.29,USD
1186,100200,2025-07-25T20:08:49Z,,paid,fulfilled,online_store,US,CA,26.0,0.0,,5.95,1.56,33.51,shopify_payments,1.27,USD
1187,100201,2025-07-26T01:07:02Z,,paid,fulfilled,online_store,US,IN,123.0,18.45,WELCOME15,0.0,6.27,110.82,shopify_payments,3.51,USD
1188,100202,2025-07-26T01:17:32Z,,paid,fulfilled,online_store,US,NY,58.0,11.6,SUMMER20,5.95,2.78,55.13,paypal,2.41,USD
1189,100203,2025-07-26T03:17:49Z,,paid,fulfilled,online_store,US,MI,26.0,5.2,SUMMER20,5.95,1.25,28.0,shopify_payments,1.11,USD
1190,100204,2025-07-26T13:29:05Z,,paid,fulfilled,online_store,US,OH,172.0,34.4,SUMMER20,0.0,8.26,145.86,shopify_payments,4.53,USD
1191,100205,2025-07-26T13:33:45Z,,paid,fulfilled,online_store,CA,AB,68.0,13.6,SUMMER20,12.95,2.72,70.07,shopify_payments,2.33,USD
1192,100206,2025-07-26T14:20:19Z,,paid,fulfilled,online_store,US,VA,88.0,17.6,SUMMER20,0.0,4.22,74.62,shopify_payments,2.46,USD
1193,100207,2025-07-26T14:59:38Z,,paid,fulfilled,online_store,US,MI,51.0,10.2,SUMMER20,5.95,2.45,49.2,shopify_payments,1.73,USD
1194,100209,2025-07-26T19:26:27Z,,paid,fulfilled,online_store,US,IL,44.0,8.8,SUMMER20,5.95,2.11,43.26,shop_pay,1.55,USD
1195,100210,2025-07-26T20:36:51Z,,refunded,fulfilled,online_store,US,MN,84.0,16.8,SUMMER20,0.0,4.03,71.23,shopify_payments,2.37,USD
1196,100211,2025-07-26T23:01:18Z,,paid,fulfilled,shop_app,US,CA,32.0,6.4,SUMMER20,5.95,1.54,33.09,paypal,1.64,USD
1197,100212,2025-07-26T23:55:18Z,,paid,fulfilled,shop_app,US,FL,44.0,8.8,SUMMER20,5.95,2.11,43.26,paypal,2.0,USD
1198,100213,2025-07-27T00:46:46Z,,paid,fulfilled,online_store,US,VA,63.0,12.6,SUMMER20,0.0,3.02,53.42,shopify_payments,1.85,USD
1199,100214,2025-07-27T01:14:05Z,,paid,fulfilled,online_store,US,TX,62.0,9.3,NOURISHED15,0.0,3.16,55.86,shop_pay,1.92,USD
1200,100215,2025-07-27T02:04:56Z,,paid,fulfilled,online_store,US,NJ,48.0,15.36,"SUMMER20,WELCOME15",5.95,1.96,40.55,shopify_payments,1.48,USD
1201,100216,2025-07-27T03:42:47Z,,paid,fulfilled,online_store,US,OH,56.0,11.2,SUMMER20,5.95,2.69,53.44,shopify_payments,1.85,USD
1202,100217,2025-07-27T07:53:33Z,,paid,fulfilled,shop_app,US,CA,92.0,13.8,SKINBYJORDAN15,0.0,4.69,82.89,shopify_payments,2.7,USD
1203,100218,2025-07-27T13:12:56Z,,paid,fulfilled,online_store,CA,QC,118.0,0.0,,0.0,5.9,123.9,paypal,4.81,USD
1204,100188,2025-07-27T13:58:23Z,,paid,fulfilled,online_store,US,OR,22.0,3.3,WELCOME15,5.95,0.0,24.65,shopify_payments,1.01,USD
1205,100219,2025-07-27T14:08:48Z,,paid,fulfilled,shop_app,US,CA,58.0,8.7,WELCOME15,5.95,2.96,58.21,paypal,2.52,USD
1206,100220,2025-07-27T16:26:13Z,,partially_refunded,fulfilled,online_store,US,PA,113.0,16.95,WELCOME15,0.0,5.76,101.81,shopify_payments,3.25,USD
1207,100221,2025-07-27T18:24:50Z,,paid,fulfilled,online_store,US,TX,32.0,0.0,,5.95,1.92,39.87,paypal,1.88,USD
1208,100222,2025-07-27T18:34:27Z,,paid,fulfilled,shop_app,US,IL,118.0,23.6,SUMMER20,0.0,5.66,100.06,shopify_payments,3.2,USD
1209,100223,2025-07-27T20:27:02Z,,paid,fulfilled,online_store,US,NY,29.0,2.9,AMELIA10,5.95,1.57,33.62,shop_pay,1.27,USD
1210,100224,2025-07-27T20:27:23Z,,paid,fulfilled,online_store,US,MI,106.0,15.9,WELCOME15,0.0,5.41,95.51,shop_pay,3.07,USD
1211,100225,2025-07-27T23:49:55Z,,paid,fulfilled,shop_app,US,TX,29.0,0.0,,5.95,1.74,36.69,shop_pay,1.36,USD
1212,100226,2025-07-28T02:33:17Z,,paid,fulfilled,online_store,US,NJ,84.0,0.0,,0.0,5.04,89.04,shop_pay,2.88,USD
1213,100227,2025-07-28T17:49:27Z,,paid,fulfilled,online_store,CA,QC,60.0,0.0,,12.95,3.0,75.95,paypal,3.14,USD
1214,100040,2025-07-28T19:40:46Z,,paid,fulfilled,online_store,AU,NSW,152.0,0.0,,0.0,15.2,167.2,paypal,6.33,USD
1215,100228,2025-07-28T23:10:37Z,,paid,fulfilled,online_store,US,IN,56.0,0.0,,0.0,3.36,59.36,paypal,2.56,USD
1216,100229,2025-07-29T07:14:18Z,2025-07-29T14:14:18Z,voided,unfulfilled,online_store,US,OR,34.0,6.8,SUMMER20,5.95,0.0,33.15,shopify_payments,0.0,USD
1217,100230,2025-07-29T08:28:47Z,,paid,fulfilled,online_store,US,AZ,32.0,0.0,,5.95,1.92,39.87,shopify_payments,1.46,USD
1218,100231,2025-07-29T11:20:17Z,,paid,fulfilled,online_store,CA,BC,24.0,4.8,SUMMER20,12.95,0.96,33.11,klarna,2.28,USD
1219,100232,2025-07-29T11:55:29Z,,paid,fulfilled,online_store,US,NY,56.0,11.2,SUMMER20,5.95,2.69,53.44,paypal,2.36,USD
1220,100234,2025-07-29T12:35:34Z,,paid,fulfilled,online_store,US,TX,32.0,6.4,SUMMER20,5.95,1.54,33.09,shopify_payments,1.26,USD
1221,100235,2025-07-29T12:57:59Z,,partially_refunded,fulfilled,online_store,US,TX,160.0,32.0,SUMMER20,0.0,7.68,135.68,shopify_payments,4.23,USD
1222,100236,2025-07-29T13:00:18Z,,partially_refunded,fulfilled,online_store,GB,ENG,66.0,0.0,FREESHIP,0.0,13.2,79.2,shop_pay,2.6,USD
1223,100237,2025-07-29T21:13:19Z,,paid,fulfilled,online_store,US,NY,32.0,4.8,WELCOME15,5.95,1.63,34.78,shopify_payments,1.31,USD
1224,100238,2025-07-29T21:28:02Z,,paid,fulfilled,online_store,US,MN,118.0,0.0,,0.0,7.08,125.08,shopify_payments,3.93,USD
1225,100239,2025-07-30T00:49:32Z,,paid,fulfilled,online_store,US,FL,86.0,12.9,WELCOME15,0.0,4.39,77.49,paypal,3.19,USD
1226,100240,2025-07-30T01:38:28Z,,paid,fulfilled,online_store,US,CA,34.0,6.8,SUMMER20,5.95,1.63,34.78,shopify_payments,1.31,USD
1227,100241,2025-07-30T07:35:45Z,,paid,fulfilled,online_store,US,VA,68.0,13.6,SUMMER20,0.0,3.26,57.66,shopify_payments,1.97,USD
1228,100116,2025-07-30T10:38:52Z,,paid,fulfilled,online_store,US,AZ,34.0,10.88,"SUMMER20,WELCOME15",5.95,1.39,30.46,shopify_payments,1.18,USD
1229,100242,2025-07-30T15:06:43Z,,paid,fulfilled,online_store,CA,BC,26.0,3.9,WELCOME15,12.95,1.11,36.16,shopify_payments,1.35,USD
1230,100243,2025-07-30T15:48:46Z,,paid,fulfilled,online_store,US,CA,34.0,6.8,SUMMER20,5.95,1.63,34.78,shopify_payments,1.31,USD
1231,100244,2025-07-30T17:39:41Z,,paid,fulfilled,online_store,US,CA,24.0,4.8,SUMMER20,5.95,1.15,26.3,paypal,1.41,USD
1232,100245,2025-07-30T18:24:13Z,,partially_refunded,fulfilled,online_store,US,FL,114.0,0.0,,0.0,6.84,120.84,shopify_payments,3.8,USD
1233,100246,2025-07-30T22:12:22Z,,paid,fulfilled,shop_app,US,PA,34.0,6.8,SUMMER20,5.95,1.63,34.78,shopify_payments,1.31,USD
1234,100247,2025-07-30T23:29:33Z,,paid,fulfilled,online_store,US,AZ,28.0,4.2,WELCOME15,5.95,1.43,31.18,shopify_payments,1.2,USD
1235,100017,2025-07-31T01:01:11Z,,paid,fulfilled,online_store,US,MA,34.0,0.0,FREESHIP,0.0,2.04,36.04,shopify_payments,1.35,USD
1236,100248,2025-07-31T04:23:15Z,,paid,fulfilled,online_store,US,WA,119.0,38.08,"SUMMER20,WELCOME15",0.0,4.86,85.78,shopify_payments,2.79,USD
1237,100249,2025-07-31T12:06:55Z,,paid,fulfilled,online_store,US,TX,22.0,3.3,WELCOME15,5.95,1.12,25.77,shop_pay,1.05,USD
1238,100250,2025-07-31T14:30:27Z,,paid,fulfilled,online_store,US,CA,99.0,0.0,,0.0,5.94,104.94,shop_pay,3.34,USD
1239,100251,2025-07-31T16:11:58Z,,paid,fulfilled,online_store,US,CA,78.0,0.0,,0.0,4.68,82.68,shopify_payments,2.7,USD
1240,100252,2025-07-31T21:05:36Z,,paid,fulfilled,online_store,US,NC,44.0,8.8,SUMMER20,5.95,2.11,43.26,shopify_payments,1.55,USD
1241,100253,2025-08-01T00:04:13Z,,paid,fulfilled,online_store,US,CO,28.0,5.6,SUMMER20,5.95,1.34,29.69,shop_pay,1.16,USD
1242,100254,2025-08-01T00:12:15Z,,paid,fulfilled,online_store,US,MI,34.0,6.8,SUMMER20,5.95,1.63,34.78,shopify_payments,1.31,USD
1243,100255,2025-08-01T01:10:22Z,,paid,fulfilled,online_store,US,NY,32.0,4.8,WELCOME15,5.95,1.63,34.78,paypal,1.7,USD
1244,100256,2025-08-01T06:27:24Z,,paid,fulfilled,online_store,CA,ON,32.0,4.8,WELCOME15,12.95,1.36,41.51,shopify_payments,1.5,USD
1245,100257,2025-08-01T11:51:01Z,2025-08-01T12:51:01Z,voided,unfulfilled,online_store,US,TX,32.0,6.4,SUMMER20,5.95,1.54,33.09,shopify_payments,0.0,USD
1246,100258,2025-08-01T12:22:57Z,,paid,fulfilled,online_store,GB,SCT,66.0,21.12,"SUMMER20,WELCOME15",12.95,8.98,66.81,shopify_payments,2.24,USD
1247,100260,2025-08-01T13:52:30Z,,paid,fulfilled,online_store,US,FL,28.0,0.0,,5.95,1.68,35.63,shop_pay,1.33,USD
1248,100261,2025-08-01T17:48:04Z,,paid,fulfilled,online_store,US,TX,32.0,6.4,SUMMER20,5.95,1.54,33.09,shop_pay,1.26,USD
1249,100262,2025-08-01T23:33:16Z,,paid,fulfilled,online_store,US,FL,118.0,23.6,SUMMER20,0.0,5.66,100.06,shopify_payments,3.2,USD
1250,100263,2025-08-01T23:49:42Z,,paid,fulfilled,online_store,US,CA,34.0,6.8,SUMMER20,5.95,1.63,34.78,shopify_payments,1.31,USD
1251,100264,2025-08-02T05:51:51Z,,paid,fulfilled,online_store,US,CA,44.0,0.0,,5.95,2.64,52.59,shopify_payments,1.83,USD
1252,100265,2025-08-02T13:00:07Z,,paid,fulfilled,online_store,US,CO,29.0,4.35,WELCOME15,5.95,1.48,32.08,shop_pay,1.23,USD
1253,100266,2025-08-02T13:12:45Z,,refunded,fulfilled,online_store,US,CA,28.0,5.6,SUMMER20,5.95,1.34,29.69,shopify_payments,1.16,USD
1254,100267,2025-08-02T13:39:58Z,,paid,fulfilled,online_store,US,FL,29.0,0.0,,5.95,1.74,36.69,shopify_payments,1.36,USD
1255,100268,2025-08-02T14:58:37Z,,paid,fulfilled,shop_app,US,WA,34.0,6.8,SUMMER20,5.95,1.63,34.78,shopify_payments,1.31,USD
1256,100101,2025-08-02T23:40:05Z,,paid,fulfilled,online_store,US,NC,63.0,12.6,SUMMER20,0.0,3.02,53.42,shopify_payments,1.85,USD
1257,100269,2025-08-03T00:42:31Z,,paid,fulfilled,online_store,GB,WLS,68.0,13.6,SUMMER20,12.95,10.88,78.23,shop_pay,2.57,USD
1258,100270,2025-08-03T01:41:27Z,,partially_refunded,fulfilled,online_store,GB,ENG,66.0,13.2,SUMMER20,12.95,10.56,76.31,shopify_payments,2.51,USD
1259,100271,2025-08-03T12:37:21Z,,paid,fulfilled,online_store,US,VA,48.0,9.6,SUMMER20,5.95,2.3,46.65,paypal,2.12,USD
1260,100272,2025-08-03T13:37:56Z,,paid,fulfilled,online_store,CA,AB,34.0,5.1,WELCOME15,12.95,1.44,43.29,shopify_payments,1.56,USD
1261,100184,2025-08-03T15:04:47Z,,partially_refunded,fulfilled,online_store,US,NC,147.0,0.0,,0.0,8.82,155.82,shopify_payments,4.82,USD
1262,100273,2025-08-03T17:20:38Z,,paid,fulfilled,online_store,US,TX,162.0,16.2,DERMDIARY10,0.0,8.75,154.55,shopify_payments,4.78,USD
1263,100274,2025-08-03T22:29:13Z,,paid,fulfilled,online_store,US,TX,34.0,0.0,,5.95,2.04,41.99,shopify_payments,1.52,USD
1264,100276,2025-08-04T01:44:05Z,,paid,fulfilled,online_store,US,OH,22.0,4.4,SUMMER20,5.95,1.06,24.61,shop_pay,1.01,USD
1265,100277,2025-08-04T05:49:45Z,,paid,fulfilled,online_store,US,IN,118.0,0.0,,0.0,7.08,125.08,shopify_payments,3.93,USD
1266,100278,2025-08-04T12:00:13Z,,paid,fulfilled,online_store,US,NY,34.0,6.8,SUMMER20,5.95,1.63,34.78,shopify_payments,1.31,USD
1267,100279,2025-08-04T15:03:47Z,,paid,fulfilled,online_store,US,OH,34.0,0.0,,5.95,2.04,41.99,shopify_payments,1.52,USD
1268,100280,2025-08-04T15:48:09Z,,paid,fulfilled,online_store,US,GA,34.0,10.88,"SUMMER20,WELCOME15",5.95,1.39,30.46,shop_pay,1.18,USD
1269,100281,2025-08-04T16:32:21Z,,paid,fulfilled,online_store,US,MI,80.0,16.0,SUMMER20,0.0,3.84,67.84,shopify_payments,2.27,USD
1270,100282,2025-08-04T18:28:53Z,,paid,fulfilled,online_store,AU,QLD,26.0,5.2,SUMMER20,12.95,2.08,35.83,paypal,1.74,USD
1271,100037,2025-08-04T19:16:10Z,,paid,fulfilled,online_store,US,CA,44.0,8.8,SUMMER20,5.95,2.11,43.26,shopify_payments,1.55,USD
1272,100284,2025-08-05T13:30:15Z,,paid,fulfilled,online_store,CA,ON,34.0,10.88,"SUMMER20,WELCOME15",12.95,1.16,37.23,shop_pay,1.38,USD
1273,100286,2025-08-05T18:53:31Z,,partially_refunded,fulfilled,online_store,US,MD,86.0,0.0,,0.0,5.16,91.16,paypal,3.67,USD
1274,100287,2025-08-06T00:11:32Z,,paid,fulfilled,online_store,US,TX,56.0,0.0,,0.0,3.36,59.36,shopify_payments,2.02,USD
1275,100288,2025-08-06T00:56:38Z,,paid,fulfilled,shop_app,US,MO,34.0,6.8,SUMMER20,5.95,1.63,34.78,paypal,1.7,USD
1276,100289,2025-08-06T01:51:49Z,,paid,fulfilled,online_store,GB,WLS,176.0,56.32,"SUMMER20,WELCOME15",0.0,23.94,143.62,shopify_payments,4.46,USD
1277,100290,2025-08-06T02:05:15Z,,paid,fulfilled,online_store,US,FL,98.0,0.0,,0.0,5.88,103.88,shopify_payments,3.31,USD
1278,100291,2025-08-06T02:19:59Z,,paid,fulfilled,online_store,US,WA,66.0,0.0,,0.0,3.96,69.96,paypal,2.93,USD
1279,100064,2025-08-06T08:34:36Z,,paid,fulfilled,online_store,US,CA,34.0,6.8,SUMMER20,5.95,1.63,34.78,shop_pay,1.31,USD
1280,100292,2025-08-06T10:20:15Z,,paid,fulfilled,online_store,US,TN,34.0,0.0,,5.95,2.04,41.99,shop_pay,1.52,USD
1281,100293,2025-08-06T13:00:07Z,,paid,fulfilled,online_store,US,FL,54.0,10.8,SUMMER20,5.95,2.59,51.74,shopify_payments,1.8,USD
1282,100294,2025-08-06T14:00:11Z,,paid,fulfilled,online_store,US,NJ,78.0,15.6,SUMMER20,0.0,3.74,66.14,paypal,2.8,USD
1283,100295,2025-08-06T14:42:41Z,,paid,fulfilled,online_store,US,FL,34.0,6.8,SUMMER20,5.95,1.63,34.78,paypal,1.7,USD
1284,100296,2025-08-06T16:36:32Z,,paid,fulfilled,online_store,US,MN,34.0,6.8,SUMMER20,5.95,1.63,34.78,shop_pay,1.31,USD
1285,100297,2025-08-06T22:31:28Z,,paid,fulfilled,online_store,US,VA,66.0,21.12,"SUMMER20,WELCOME15",5.95,2.69,53.52,paypal,2.36,USD
1286,100299,2025-08-07T02:54:16Z,,paid,fulfilled,online_store,US,NC,98.0,0.0,,0.0,5.88,103.88,shopify_payments,3.31,USD
1287,100300,2025-08-07T10:46:39Z,,paid,fulfilled,online_store,US,WA,34.0,6.8,SUMMER20,5.95,1.63,34.78,shopify_payments,1.31,USD
1288,100301,2025-08-07T11:32:18Z,,paid,fulfilled,online_store,US,WI,26.0,5.2,SUMMER20,5.95,1.25,28.0,paypal,1.47,USD
1289,100302,2025-08-07T15:07:22Z,,paid,fulfilled,online_store,US,PA,78.0,15.6,SUMMER20,0.0,3.74,66.14,shopify_payments,2.22,USD
1290,100303,2025-08-07T18:19:26Z,,paid,fulfilled,online_store,US,TX,70.0,14.0,SUMMER20,0.0,3.36,59.36,shopify_payments,2.02,USD
1291,100304,2025-08-07T21:25:48Z,,paid,fulfilled,online_store,US,NY,24.0,4.8,SUMMER20,5.95,1.15,26.3,shop_pay,1.06,USD
1292,100306,2025-08-08T04:26:44Z,,partially_refunded,fulfilled,online_store,US,TN,152.0,0.0,,0.0,9.12,161.12,shop_pay,4.97,USD
1293,100308,2025-08-08T10:20:10Z,,paid,fulfilled,online_store,US,OR,116.0,23.2,SUMMER20,0.0,0.0,92.8,shopify_payments,2.99,USD
1294,100309,2025-08-08T14:00:47Z,,paid,fulfilled,online_store,CA,QC,77.0,15.4,SUMMER20,12.95,3.08,77.63,shopify_payments,2.55,USD
1295,100310,2025-08-08T18:56:28Z,,paid,fulfilled,online_store,US,NY,34.0,0.0,,5.95,2.04,41.99,shopify_payments,1.52,USD
1296,100311,2025-08-08T21:33:46Z,,paid,fulfilled,online_store,US,AZ,58.0,11.6,SUMMER20,5.95,2.78,55.13,shopify_payments,1.9,USD
1297,100312,2025-08-09T11:44:18Z,,paid,fulfilled,online_store,US,NY,28.0,5.6,SUMMER20,5.95,1.34,29.69,shopify_payments,1.16,USD
1298,100313,2025-08-09T13:27:23Z,,paid,fulfilled,shop_app,AU,NSW,29.0,5.8,SUMMER20,12.95,2.32,38.47,shopify_payments,1.42,USD
1299,100314,2025-08-09T16:27:36Z,,paid,fulfilled,online_store,US,OH,68.0,13.6,SUMMER20,0.0,3.26,57.66,paypal,2.5,USD
1300,100315,2025-08-09T18:16:05Z,,paid,fulfilled,shop_app,CA,ON,56.0,17.92,"SUMMER20,WELCOME15",12.95,1.9,52.93,shopify_payments,1.83,USD
1301,100316,2025-08-09T22:38:29Z,,paid,fulfilled,online_store,GB,ENG,34.0,6.8,SUMMER20,12.95,5.44,45.59,shopify_payments,1.62,USD
1302,100318,2025-08-10T03:15:21Z,,paid,fulfilled,online_store,US,MD,34.0,0.0,,5.95,2.04,41.99,shopify_payments,1.52,USD
1303,100319,2025-08-10T11:55:00Z,,paid,fulfilled,online_store,US,GA,66.0,0.0,,0.0,3.96,69.96,paypal,2.93,USD
1304,100322,2025-08-10T16:51:10Z,,paid,fulfilled,online_store,US,IN,66.0,13.2,SUMMER20,0.0,3.17,55.97,shopify_payments,1.92,USD
1305,100323,2025-08-10T17:07:17Z,,paid,fulfilled,online_store,US,VA,118.0,0.0,,0.0,7.08,125.08,paypal,4.86,USD
1306,100324,2025-08-10T19:14:39Z,,paid,fulfilled,online_store,US,MO,62.0,9.3,WELCOME15,0.0,3.16,55.86,paypal,2.44,USD
1307,100325,2025-08-10T19:23:13Z,,paid,fulfilled,online_store,US,OH,97.0,14.55,WELCOME15,0.0,4.95,87.4,paypal,3.54,USD
1308,100326,2025-08-10T21:23:08Z,,paid,fulfilled,online_store,US,WI,44.0,0.0,,5.95,2.64,52.59,shopify_payments,1.83,USD
1309,100327,2025-08-10T23:47:03Z,,paid,fulfilled,online_store,US,CO,44.0,0.0,,5.95,2.64,52.59,shop_pay,1.83,USD
1310,100328,2025-08-11T00:21:25Z,,paid,fulfilled,online_store,US,MD,95.0,0.0,,0.0,5.7,100.7,shopify_payments,3.22,USD
1311,100329,2025-08-11T01:27:08Z,,paid,fulfilled,online_store,US,MN,34.0,6.8,SUMMER20,5.95,1.63,34.78,shopify_payments,1.31,USD
1312,100330,2025-08-11T02:37:58Z,,paid,fulfilled,online_store,US,MA,117.0,0.0,,0.0,7.02,124.02,shop_pay,3.9,USD
1313,100331,2025-08-11T03:19:10Z,,paid,fulfilled,online_store,US,CA,29.0,5.8,"SUMMER20,FREESHIP",0.0,1.39,24.59,shopify_payments,1.01,USD
1314,100333,2025-08-11T08:27:03Z,,partially_refunded,fulfilled,online_store,US,VA,88.0,17.6,SUMMER20,0.0,4.22,74.62,shopify_payments,2.46,USD
1315,100334,2025-08-11T09:55:48Z,,paid,fulfilled,online_store,US,CA,78.0,15.6,SUMMER20,0.0,3.74,66.14,shopify_payments,2.22,USD
1316,100335,2025-08-11T11:45:07Z,,paid,fulfilled,online_store,GB,ENG,44.0,8.8,SUMMER20,12.95,7.04,55.19,shop_pay,1.9,USD
1317,100010,2025-08-11T13:49:40Z,,paid,fulfilled,online_store,US,NY,86.0,0.0,,0.0,5.16,91.16,shopify_payments,2.94,USD
1318,100337,2025-08-11T16:54:27Z,,paid,fulfilled,online_store,US,NC,34.0,5.1,WELCOME15,5.95,1.73,36.58,shopify_payments,1.36,USD
1319,100338,2025-08-11T17:45:07Z,,paid,fulfilled,online_store,US,CA,22.0,4.4,SUMMER20,5.95,1.06,24.61,shopify_payments,1.01,USD
1320,100339,2025-08-11T20:50:10Z,,paid,fulfilled,online_store,US,MN,34.0,6.8,SUMMER20,5.95,1.63,34.78,shopify_payments,1.31,USD
1321,100340,2025-08-11T21:14:15Z,,paid,fulfilled,shop_app,US,PA,34.0,0.0,,5.95,2.04,41.99,paypal,1.96,USD
1322,100341,2025-08-11T22:42:12Z,,partially_refunded,fulfilled,shop_app,US,MO,174.0,0.0,,0.0,10.44,184.44,shopify_payments,5.65,USD
1323,100342,2025-08-11T22:48:48Z,,paid,fulfilled,online_store,US,CO,110.0,22.0,SUMMER20,0.0,5.28,93.28,shopify_payments,3.01,USD
1324,100343,2025-08-11T23:47:04Z,,paid,fulfilled,online_store,CA,QC,44.0,6.6,WELCOME15,12.95,1.87,52.22,paypal,2.31,USD
1325,100345,2025-08-12T10:08:14Z,,paid,fulfilled,online_store,US,FL,34.0,5.1,WELCOME15,5.95,1.73,36.58,shopify_payments,1.36,USD
1326,100346,2025-08-12T11:52:41Z,,paid,fulfilled,online_store,US,WI,58.0,8.7,WELCOME15,5.95,2.96,58.21,shop_pay,1.99,USD
1327,100348,2025-08-12T13:23:30Z,,paid,fulfilled,online_store,US,CA,54.0,17.28,"SUMMER20,WELCOME15",5.95,2.2,44.87,paypal,2.06,USD
1328,100349,2025-08-12T13:28:09Z,,paid,fulfilled,online_store,US,NC,24.0,4.8,SUMMER20,5.95,1.15,26.3,shopify_payments,1.06,USD
1329,100350,2025-08-12T15:30:15Z,,paid,fulfilled,online_store,US,PA,26.0,8.32,"SUMMER20,WELCOME15",5.95,1.06,24.69,shopify_payments,1.02,USD
1330,100122,2025-08-12T15:46:07Z,,paid,fulfilled,online_store,GB,ENG,124.0,0.0,,0.0,24.8,148.8,shop_pay,4.62,USD
1331,100351,2025-08-12T17:58:40Z,,paid,fulfilled,online_store,US,NC,84.0,16.8,SUMMER20,0.0,4.03,71.23,shopify_payments,2.37,USD
1332,100352,2025-08-12T19:55:17Z,,paid,fulfilled,online_store,US,FL,56.0,11.2,SUMMER20,5.95,2.69,53.44,shopify_payments,1.85,USD
1333,100353,2025-08-13T10:06:34Z,,paid,fulfilled,online_store,US,NY,29.0,5.8,SUMMER20,5.95,1.39,30.54,shopify_payments,1.19,USD
1334,100354,2025-08-13T11:46:01Z,,paid,fulfilled,online_store,CA,BC,84.0,12.6,WELCOME15,12.95,3.57,87.92,shop_pay,2.85,USD
1335,100355,2025-08-13T12:25:33Z,,paid,fulfilled,online_store,US,IL,66.0,13.2,SUMMER20,0.0,3.17,55.97,shopify_payments,1.92,USD
1336,100170,2025-08-13T13:30:42Z,,paid,fulfilled,online_store,AU,WA,122.0,0.0,,0.0,12.2,134.2,shopify_payments,4.19,USD
1337,100320,2025-08-13T13:41:47Z,2025-08-13T18:41:47Z,voided,unfulfilled,online_store,US,MD,29.0,4.35,WELCOME15,5.95,1.48,32.08,shopify_payments,0.0,USD
1338,100356,2025-08-13T14:31:43Z,,refunded,fulfilled,online_store,US,TX,26.0,5.2,SUMMER20,5.95,1.25,28.0,shopify_payments,1.11,USD
1339,100358,2025-08-13T19:57:06Z,,paid,fulfilled,online_store,US,IL,28.0,4.2,WELCOME15,5.95,1.43,31.18,shopify_payments,1.2,USD
1340,100359,2025-08-13T23:42:06Z,,paid,fulfilled,online_store,US,NJ,63.0,12.6,SUMMER20,0.0,3.02,53.42,shopify_payments,1.85,USD
1341,100360,2025-08-13T23:58:55Z,,paid,fulfilled,online_store,US,OH,118.0,17.7,WELCOME15,0.0,6.02,106.32,shopify_payments,3.38,USD
1342,100344,2025-08-14T00:24:25Z,,refunded,fulfilled,online_store,US,PA,34.0,0.0,,5.95,2.04,41.99,shopify_payments,1.52,USD
1343,100361,2025-08-14T02:21:14Z,,paid,fulfilled,online_store,AU,VIC,22.0,4.4,SUMMER20,12.95,1.76,32.31,paypal,1.62,USD
1344,100362,2025-08-14T03:03:58Z,,paid,fulfilled,online_store,US,AZ,88.0,0.0,,0.0,5.28,93.28,shopify_payments,3.01,USD
1345,100363,2025-08-14T04:21:46Z,,paid,fulfilled,online_store,US,CA,28.0,4.2,WELCOME15,5.95,1.43,31.18,shopify_payments,1.2,USD
1346,100364,2025-08-14T09:41:00Z,,paid,unfulfilled,online_store,US,CA,34.0,34.0,TEST100,0.0,0.0,0.0,bogus,0.0,USD
1347,100365,2025-08-14T11:22:47Z,,paid,fulfilled,online_store,US,OR,29.0,4.35,SKINBYJORDAN15,5.95,0.0,30.6,shopify_payments,1.19,USD
1348,100366,2025-08-14T14:35:15Z,,paid,fulfilled,online_store,US,CO,63.0,0.0,,0.0,3.78,66.78,shopify_payments,2.24,USD
1349,100368,2025-08-14T21:33:43Z,,paid,fulfilled,online_store,US,FL,56.0,0.0,,0.0,3.36,59.36,paypal,2.56,USD
1350,100369,2025-08-15T02:45:14Z,,paid,fulfilled,online_store,US,CA,84.0,12.6,WELCOME15,0.0,4.28,75.68,shopify_payments,2.49,USD
1351,100370,2025-08-15T02:49:50Z,,paid,fulfilled,online_store,US,CA,68.0,13.6,SUMMER20,0.0,3.26,57.66,shopify_payments,1.97,USD
1352,100371,2025-08-15T04:00:32Z,,paid,fulfilled,shop_app,US,FL,44.0,6.6,WELCOME15,5.95,2.24,45.59,paypal,2.08,USD
1353,100372,2025-08-15T06:23:37Z,,partially_refunded,fulfilled,online_store,CA,AB,184.0,36.8,SUMMER20,0.0,7.36,154.56,shopify_payments,4.78,USD
1354,100088,2025-08-15T08:31:36Z,,paid,fulfilled,shop_app,US,CA,68.0,13.6,SUMMER20,0.0,3.26,57.66,shop_pay,1.97,USD
1355,100374,2025-08-15T11:59:32Z,,paid,fulfilled,online_store,US,WI,34.0,0.0,,5.95,2.04,41.99,shopify_payments,1.52,USD
1356,100375,2025-08-15T16:29:19Z,,paid,fulfilled,online_store,US,IN,78.0,24.96,"SUMMER20,WELCOME15",0.0,3.18,56.22,paypal,2.45,USD
1357,100376,2025-08-15T18:56:35Z,,partially_refunded,fulfilled,online_store,GB,ENG,80.0,12.0,WELCOME15,12.95,13.6,94.55,shopify_payments,3.04,USD
1358,100377,2025-08-16T00:07:32Z,,paid,fulfilled,online_store,US,NY,29.0,0.0,,5.95,1.74,36.69,shopify_payments,1.36,USD
1359,100305,2025-08-16T01:53:14Z,,paid,fulfilled,online_store,US,PA,26.0,0.0,FREESHIP,0.0,1.56,27.56,paypal,1.45,USD
1360,100379,2025-08-16T10:04:32Z,,paid,fulfilled,online_store,US,CA,34.0,0.0,,5.95,2.04,41.99,shopify_payments,1.52,USD
1361,100380,2025-08-16T12:38:07Z,,paid,fulfilled,online_store,US,VA,68.0,0.0,,0.0,4.08,72.08,shopify_payments,2.39,USD
1362,100381,2025-08-16T13:09:47Z,,paid,fulfilled,online_store,US,IN,22.0,0.0,,5.95,1.32,29.27,shop_pay,1.15,USD
1363,100382,2025-08-16T14:34:07Z,,paid,fulfilled,online_store,US,AZ,34.0,0.0,,5.95,2.04,41.99,shopify_payments,1.52,USD
1364,100383,2025-08-16T21:20:46Z,,paid,fulfilled,shop_app,US,OH,142.0,21.3,WELCOME15,0.0,7.24,127.94,paypal,4.96,USD
1365,100384,2025-08-16T22:27:07Z,,paid,fulfilled,online_store,US,FL,28.0,4.2,WELCOME15,5.95,1.43,31.18,shop_pay,1.2,USD
1366,100385,2025-08-16T23:27:42Z,,paid,fulfilled,online_store,US,MN,54.0,8.1,WELCOME15,5.95,2.75,54.6,shop_pay,1.88,USD
1367,100386,2025-08-17T00:32:02Z,,paid,fulfilled,online_store,US,CA,56.0,8.4,WELCOME15,5.95,2.86,56.41,paypal,2.46,USD
1368,100387,2025-08-17T01:39:22Z,,paid,fulfilled,shop_app,US,NY,29.0,4.35,WELCOME15,5.95,1.48,32.08,shopify_payments,1.23,USD
1369,100098,2025-08-17T06:14:52Z,,paid,fulfilled,online_store,US,TX,24.0,0.0,,5.95,1.44,31.39,shopify_payments,1.21,USD
1370,100388,2025-08-17T06:37:32Z,,partially_refunded,fulfilled,online_store,US,AZ,58.0,8.7,WELCOME15,5.95,2.96,58.21,shopify_payments,1.99,USD
1371,100390,2025-08-17T15:20:18Z,,paid,fulfilled,online_store,US,MA,129.0,0.0,,0.0,7.74,136.74,shopify_payments,4.27,USD
1372,100391,2025-08-17T15:38:54Z,,paid,fulfilled,online_store,US,CO,111.0,16.65,WELCOME15,0.0,5.66,100.01,paypal,3.98,USD
1373,100392,2025-08-17T15:48:01Z,,paid,fulfilled,online_store,US,CA,34.0,0.0,,5.95,2.04,41.99,paypal,1.96,USD
1374,100393,2025-08-17T17:37:16Z,,paid,fulfilled,online_store,US,OR,34.0,0.0,,5.95,0.0,39.95,paypal,1.88,USD
1375,100394,2025-08-17T17:50:57Z,,paid,fulfilled,online_store,US,CA,44.0,0.0,,5.95,2.64,52.59,shopify_payments,1.83,USD
1376,100395,2025-08-18T11:09:10Z,,paid,fulfilled,online_store,CA,QC,68.0,0.0,,12.95,3.4,84.35,paypal,3.43,USD
1377,100396,2025-08-18T11:13:52Z,,paid,fulfilled,online_store,US,TX,92.0,0.0,,0.0,5.52,97.52,shopify_payments,3.13,USD
1378,100194,2025-08-18T13:26:46Z,,paid,fulfilled,shop_app,US,NJ,102.0,0.0,,0.0,6.12,108.12,shopify_payments,3.44,USD
1379,100397,2025-08-18T14:58:10Z,,paid,fulfilled,online_store,US,NJ,84.0,12.6,SKINBYJORDAN15,0.0,4.28,75.68,shop_pay,2.49,USD
1380,100398,2025-08-18T17:50:19Z,,paid,fulfilled,online_store,CA,QC,58.0,0.0,,12.95,2.9,73.85,shopify_payments,2.44,USD
1381,100400,2025-08-18T21:05:21Z,,paid,fulfilled,online_store,US,GA,29.0,0.0,,5.95,1.74,36.69,shopify_payments,1.36,USD
1382,100401,2025-08-18T23:03:35Z,,paid,fulfilled,online_store,US,NC,78.0,0.0,,0.0,4.68,82.68,paypal,3.38,USD
1383,100402,2025-08-19T00:42:30Z,,paid,fulfilled,online_store,US,TX,44.0,0.0,,5.95,2.64,52.59,klarna,3.45,USD
1384,100403,2025-08-19T01:27:01Z,,paid,fulfilled,online_store,GB,WLS,34.0,5.1,WELCOME15,12.95,5.78,47.63,shopify_payments,1.68,USD
1385,100404,2025-08-19T01:57:06Z,,paid,fulfilled,online_store,US,NJ,34.0,5.1,WELCOME15,5.95,1.73,36.58,shopify_payments,1.36,USD
1386,100405,2025-08-19T05:39:16Z,,paid,fulfilled,online_store,GB,WLS,66.0,0.0,,12.95,13.2,92.15,shopify_payments,2.97,USD
1387,100145,2025-08-19T09:12:07Z,,paid,fulfilled,online_store,US,VA,118.0,11.8,LOYAL10,0.0,6.37,112.57,shop_pay,3.56,USD
1388,100406,2025-08-19T09:39:55Z,,paid,fulfilled,online_store,US,NY,22.0,5.17,"AMELIA10,WELCOME15",5.95,1.01,23.79,shopify_payments,0.99,USD
1389,100407,2025-08-19T11:51:28Z,,paid,fulfilled,online_store,US,FL,34.0,0.0,,5.95,2.04,41.99,shopify_payments,1.52,USD
1390,100408,2025-08-19T14:29:04Z,,paid,fulfilled,online_store,US,GA,56.0,8.4,WELCOME15,5.95,2.86,56.41,shop_pay,1.94,USD
1391,100409,2025-08-19T15:37:02Z,,refunded,fulfilled,online_store,US,GA,84.0,12.6,WELCOME15,0.0,4.28,75.68,shopify_payments,2.49,USD
1392,100014,2025-08-19T16:30:32Z,,paid,fulfilled,online_store,US,CO,34.0,0.0,,5.95,2.04,41.99,shopify_payments,1.52,USD
1393,100411,2025-08-19T16:49:06Z,,paid,fulfilled,online_store,US,CA,68.0,0.0,,0.0,4.08,72.08,shopify_payments,2.39,USD
1394,100412,2025-08-19T17:30:42Z,,paid,fulfilled,online_store,US,MI,80.0,12.0,WELCOME15,0.0,4.08,72.08,shopify_payments,2.39,USD
1395,100413,2025-08-19T18:21:17Z,,paid,fulfilled,online_store,CA,AB,44.0,0.0,,12.95,2.2,59.15,shopify_payments,2.02,USD
1396,100414,2025-08-19T18:26:15Z,,paid,fulfilled,online_store,US,CO,61.0,9.15,WELCOME15,0.0,3.11,54.96,shopify_payments,1.89,USD
1397,100415,2025-08-19T21:12:32Z,,partially_refunded,fulfilled,online_store,US,GA,100.0,0.0,,0.0,6.0,106.0,shopify_payments,3.37,USD
1398,100416,2025-08-19T21:21:55Z,,paid,fulfilled,online_store,US,NH,54.0,0.0,,0.0,0.0,54.0,shopify_payments,1.87,USD
1399,100417,2025-08-19T22:31:13Z,,paid,fulfilled,online_store,US,CA,56.0,0.0,,0.0,3.36,59.36,shopify_payments,2.02,USD
1400,100418,2025-08-20T02:14:48Z,,paid,fulfilled,online_store,US,CA,44.0,0.0,,5.95,2.64,52.59,paypal,2.33,USD
1401,100419,2025-08-20T03:09:57Z,,paid,fulfilled,online_store,US,FL,52.0,6.24,GLOWWITHSAM12,5.95,2.75,54.46,shop_pay,1.88,USD
1402,100420,2025-08-20T11:38:27Z,,paid,fulfilled,online_store,US,CA,34.0,0.0,,5.95,2.04,41.99,shopify_payments,1.52,USD
1403,100089,2025-08-20T14:30:56Z,,paid,fulfilled,online_store,CA,BC,54.0,0.0,,12.95,2.7,69.65,klarna,4.47,USD
1404,100255,2025-08-20T15:28:30Z,,partially_refunded,fulfilled,online_store,US,NY,66.0,6.6,LOYAL10,0.0,3.56,62.96,shop_pay,2.13,USD
1405,100421,2025-08-20T15:58:23Z,,paid,fulfilled,online_store,US,CO,130.0,0.0,,0.0,7.8,137.8,shop_pay,4.3,USD
1406,100422,2025-08-20T19:48:07Z,,paid,fulfilled,online_store,US,MI,100.0,0.0,,0.0,6.0,106.0,shopify_payments,3.37,USD
1407,100423,2025-08-20T22:00:36Z,,paid,fulfilled,online_store,US,NY,34.0,3.4,AMELIA10,5.95,1.84,38.39,shopify_payments,1.41,USD
1408,100057,2025-08-21T02:07:41Z,,paid,fulfilled,online_store,US,GA,34.0,0.0,,5.95,2.04,41.99,shopify_payments,1.52,USD
1409,100167,2025-08-21T02:12:01Z,,paid,fulfilled,online_store,CA,ON,34.0,3.4,LOYAL10,12.95,1.53,45.08,paypal,2.06,USD
1410,100424,2025-08-21T05:03:55Z,,paid,fulfilled,online_store,US,CO,116.0,0.0,,0.0,6.96,122.96,shopify_payments,3.87,USD
1411,100425,2025-08-21T07:22:25Z,,paid,fulfilled,shop_app,CA,ON,26.0,0.0,,12.95,1.3,40.25,shopify_payments,1.47,USD
1412,100427,2025-08-21T20:42:42Z,,paid,fulfilled,online_store,US,NJ,29.0,0.0,FREESHIP,0.0,1.74,30.74,shop_pay,1.19,USD
1413,100429,2025-08-22T12:04:23Z,,paid,fulfilled,online_store,US,NC,84.0,0.0,,0.0,5.04,89.04,shopify_payments,2.88,USD
1414,100430,2025-08-22T13:50:49Z,,paid,fulfilled,online_store,US,FL,32.0,4.8,WELCOME15,5.95,1.63,34.78,paypal,1.7,USD
1415,100431,2025-08-22T14:18:38Z,,paid,fulfilled,online_store,US,FL,56.0,0.0,,0.0,3.36,59.36,shopify_payments,2.02,USD
1416,100433,2025-08-23T00:21:11Z,,paid,fulfilled,online_store,US,GA,28.0,4.2,WELCOME15,5.95,1.43,31.18,shop_pay,1.2,USD
1417,100434,2025-08-23T04:54:51Z,,paid,fulfilled,online_store,US,CA,58.0,0.0,,0.0,3.48,61.48,shopify_payments,2.08,USD
1418,100266,2025-08-23T06:46:01Z,,paid,fulfilled,online_store,US,CA,28.0,2.8,LOYAL10,5.95,1.51,32.66,shopify_payments,1.25,USD
1419,100435,2025-08-23T14:58:20Z,,paid,fulfilled,online_store,US,WI,84.0,12.6,SKINBYJORDAN15,0.0,4.28,75.68,shopify_payments,2.49,USD
1420,100436,2025-08-23T15:38:30Z,,paid,fulfilled,online_store,US,GA,24.0,0.0,,5.95,1.44,31.39,shopify_payments,1.21,USD
1421,100437,2025-08-23T20:46:42Z,,paid,fulfilled,online_store,US,DE,48.0,0.0,,5.95,0.0,53.95,shop_pay,1.86,USD
1422,100438,2025-08-23T21:23:22Z,,paid,fulfilled,online_store,US,IL,22.0,3.3,WELCOME15,5.95,1.12,25.77,shopify_payments,1.05,USD
1423,100439,2025-08-23T22:40:08Z,,paid,fulfilled,online_store,US,OH,86.0,0.0,,0.0,5.16,91.16,shopify_payments,2.94,USD
1424,100440,2025-08-24T00:16:45Z,,paid,fulfilled,online_store,US,TX,29.0,4.35,WELCOME15,5.95,1.48,32.08,shopify_payments,1.23,USD
1425,100441,2025-08-24T02:14:01Z,,paid,fulfilled,online_store,AU,WA,34.0,0.0,,12.95,3.4,50.35,shopify_payments,1.76,USD
1426,100442,2025-08-24T04:19:21Z,,paid,fulfilled,shop_app,US,FL,99.0,0.0,,0.0,5.94,104.94,shopify_payments,3.34,USD
1427,100443,2025-08-24T10:48:00Z,,refunded,fulfilled,online_store,US,CA,26.0,3.9,WELCOME15,5.95,1.33,29.38,shopify_payments,1.15,USD
1428,100444,2025-08-24T11:44:47Z,,paid,fulfilled,online_store,US,TX,32.0,0.0,FREESHIP,0.0,1.92,33.92,paypal,1.67,USD
1429,100445,2025-08-24T12:03:48Z,,paid,fulfilled,online_store,US,NJ,34.0,5.1,WELCOME15,5.95,1.73,36.58,paypal,1.77,USD
1430,100446,2025-08-25T03:00:00Z,,paid,fulfilled,online_store,US,CA,26.0,0.0,,5.95,1.56,33.51,klarna,2.31,USD
1431,100447,2025-08-25T03:01:37Z,,paid,fulfilled,online_store,US,CA,34.0,5.1,WELCOME15,5.95,1.73,36.58,shop_pay,1.36,USD
1432,100121,2025-08-25T04:10:03Z,,paid,fulfilled,online_store,AU,QLD,22.0,0.0,FREESHIP,0.0,2.2,24.2,shopify_payments,1.0,USD
1433,100448,2025-08-25T11:38:28Z,,paid,fulfilled,shop_app,US,CA,44.0,6.6,"WELCOME15,FREESHIP",0.0,2.24,39.64,shopify_payments,1.45,USD
1434,100450,2025-08-25T14:02:32Z,,paid,fulfilled,online_store,US,MD,44.0,0.0,,5.95,2.64,52.59,shopify_payments,1.83,USD
1435,100451,2025-08-25T20:11:13Z,,paid,fulfilled,online_store,US,CA,29.0,0.0,,5.95,1.74,36.69,shopify_payments,1.36,USD
1436,100452,2025-08-25T22:17:00Z,,paid,fulfilled,online_store,AU,QLD,84.0,12.6,WELCOME15,12.95,7.14,91.49,shopify_payments,2.95,USD
1437,100036,2025-08-26T08:44:17Z,,paid,fulfilled,online_store,US,TX,58.0,5.8,LOYAL10,0.0,3.13,55.33,shopify_payments,1.9,USD
1438,100453,2025-08-26T11:08:05Z,,paid,fulfilled,online_store,US,MI,34.0,5.1,WELCOME15,5.95,1.73,36.58,shopify_payments,1.36,USD
1439,100454,2025-08-26T11:16:56Z,,paid,fulfilled,online_store,CA,ON,72.0,10.8,WELCOME15,12.95,3.06,77.21,shopify_payments,2.54,USD
1440,100455,2025-08-26T11:29:49Z,,paid,fulfilled,online_store,US,OR,28.0,4.2,WELCOME15,5.95,0.0,29.75,paypal,1.53,USD
1441,100456,2025-08-26T12:31:35Z,,paid,fulfilled,online_store,US,VA,29.0,0.0,,5.95,1.74,36.69,paypal,1.77,USD
1442,100457,2025-08-26T13:42:17Z,,paid,fulfilled,online_store,US,NY,29.0,0.0,,5.95,1.74,36.69,shopify_payments,1.36,USD
1443,100458,2025-08-26T15:58:50Z,,paid,fulfilled,online_store,US,VA,172.0,0.0,,0.0,10.32,182.32,paypal,6.85,USD
1444,100459,2025-08-26T16:28:07Z,,paid,fulfilled,online_store,US,GA,32.0,4.8,WELCOME15,5.95,1.63,34.78,shopify_payments,1.31,USD
1445,100367,2025-08-26T18:11:08Z,,paid,fulfilled,online_store,AU,VIC,84.0,0.0,,12.95,8.4,105.35,shopify_payments,3.36,USD
1446,100110,2025-08-26T21:26:39Z,,paid,fulfilled,online_store,US,NY,108.0,0.0,,0.0,6.48,114.48,paypal,4.49,USD
1447,100298,2025-08-27T00:56:03Z,,paid,fulfilled,online_store,US,IL,78.0,0.0,,0.0,4.68,82.68,shopify_payments,2.7,USD
1448,100460,2025-08-27T01:05:23Z,,paid,fulfilled,online_store,US,FL,34.0,4.08,GLOWWITHSAM12,5.95,1.8,37.67,paypal,1.8,USD
1449,100462,2025-08-27T13:34:19Z,,paid,fulfilled,online_store,US,GA,64.0,6.4,AMELIA10,0.0,3.46,61.06,shopify_payments,2.07,USD
1450,100464,2025-08-27T15:50:36Z,,paid,fulfilled,online_store,US,NY,34.0,3.4,AMELIA10,5.95,1.84,38.39,shopify_payments,1.41,USD
1451,100465,2025-08-27T15:55:28Z,,paid,fulfilled,online_store,US,NY,22.0,2.2,DERMDIARY10,5.95,1.19,26.94,shopify_payments,1.08,USD
1452,100466,2025-08-27T16:19:16Z,,paid,fulfilled,online_store,US,IL,34.0,5.1,WELCOME15,5.95,1.73,36.58,paypal,1.77,USD
1453,100080,2025-08-27T17:24:51Z,,paid,fulfilled,online_store,US,MO,60.0,0.0,,0.0,3.6,63.6,shopify_payments,2.14,USD
1454,100467,2025-08-27T20:34:20Z,,paid,fulfilled,online_store,US,NH,88.0,13.2,WELCOME15,0.0,0.0,74.8,shopify_payments,2.47,USD
1455,100468,2025-08-27T20:42:22Z,,paid,fulfilled,online_store,US,CA,34.0,0.0,,5.95,2.04,41.99,shopify_payments,1.52,USD
1456,100283,2025-08-28T03:10:24Z,,paid,fulfilled,online_store,CA,QC,66.0,7.92,GLOWWITHSAM12,12.95,2.9,73.93,shopify_payments,2.44,USD
1457,100178,2025-08-28T06:59:06Z,,paid,fulfilled,online_store,US,NY,22.0,0.0,,5.95,1.32,29.27,paypal,1.51,USD
1458,100469,2025-08-28T10:17:46Z,,paid,fulfilled,online_store,US,CA,22.0,3.3,"WELCOME15,FREESHIP",0.0,1.12,19.82,shopify_payments,0.87,USD
1459,100324,2025-08-28T10:20:08Z,,paid,fulfilled,online_store,US,MO,94.0,9.4,LOYAL10,0.0,5.08,89.68,paypal,3.62,USD
1460,100470,2025-08-28T13:33:37Z,,paid,fulfilled,online_store,US,NJ,34.0,5.1,WELCOME15,5.95,1.73,36.58,shopify_payments,1.36,USD
1461,100471,2025-08-28T14:22:31Z,,paid,fulfilled,online_store,US,MN,34.0,0.0,,5.95,2.04,41.99,shop_pay,1.52,USD
1462,100155,2025-08-28T17:09:25Z,,paid,fulfilled,online_store,US,IL,44.0,4.4,LOYAL10,5.95,2.38,47.93,shopify_payments,1.69,USD
1463,100472,2025-08-28T18:50:35Z,,paid,fulfilled,online_store,US,FL,34.0,5.1,WELCOME15,5.95,1.73,36.58,shopify_payments,1.36,USD
1464,100473,2025-08-28T21:37:34Z,,paid,fulfilled,online_store,US,CA,22.0,3.3,WELCOME15,5.95,1.12,25.77,shopify_payments,1.05,USD
1465,100474,2025-08-29T00:45:42Z,,paid,fulfilled,online_store,US,MN,73.0,10.95,WELCOME15,0.0,3.72,65.77,shopify_payments,2.21,USD
1466,100475,2025-08-29T09:21:58Z,,paid,fulfilled,online_store,US,IN,34.0,5.1,LABORDAY15,5.95,1.73,36.58,shop_pay,1.36,USD
1467,100228,2025-08-29T11:07:21Z,,paid,fulfilled,online_store,US,IN,22.0,3.3,LABORDAY15,5.95,1.12,25.77,shop_pay,1.05,USD
1468,100476,2025-08-29T12:28:37Z,,paid,fulfilled,online_store,CA,ON,126.0,18.9,LABORDAY15,0.0,5.36,112.46,paypal,4.41,USD
1469,100477,2025-08-29T14:56:24Z,,paid,fulfilled,online_store,US,TX,181.0,27.15,WELCOME15,0.0,9.23,163.08,shop_pay,5.03,USD
1470,100357,2025-08-29T19:19:12Z,,paid,fulfilled,online_store,US,MI,78.0,11.7,LABORDAY15,0.0,3.98,70.28,shopify_payments,2.34,USD
1471,100478,2025-08-29T23:53:18Z,,paid,fulfilled,online_store,US,NY,80.0,12.0,LABORDAY15,0.0,4.08,72.08,shop_pay,2.39,USD
1472,100166,2025-08-30T01:18:03Z,,paid,fulfilled,online_store,US,GA,84.0,8.4,LOYAL10,0.0,4.54,80.14,shopify_payments,2.62,USD
1473,100479,2025-08-30T16:55:53Z,,paid,fulfilled,online_store,US,CA,34.0,5.1,WELCOME15,5.95,1.73,36.58,shopify_payments,1.36,USD
1474,100480,2025-08-30T18:12:09Z,,paid,fulfilled,online_store,US,IL,24.0,3.6,WELCOME15,5.95,1.22,27.57,shopify_payments,1.1,USD
1475,100481,2025-08-30T20:58:58Z,,paid,fulfilled,online_store,US,VA,78.0,0.0,,0.0,4.68,82.68,shopify_payments,2.7,USD
1476,100482,2025-08-30T21:10:34Z,,paid,fulfilled,online_store,US,CA,44.0,6.6,LABORDAY15,5.95,2.24,45.59,shopify_payments,1.62,USD
1477,100483,2025-08-30T23:28:04Z,,paid,fulfilled,online_store,US,MI,34.0,9.44,"LABORDAY15,WELCOME15",5.95,1.47,31.98,shopify_payments,1.23,USD
1478,100180,2025-08-31T03:17:19Z,,paid,fulfilled,online_store,US,NC,77.0,7.7,LOYAL10,0.0,4.16,73.46,shopify_payments,2.43,USD
1479,100035,2025-08-31T07:07:52Z,,paid,fulfilled,online_store,US,FL,34.0,3.4,LOYAL10,5.95,1.84,38.39,shopify_payments,1.41,USD
1480,100484,2025-08-31T13:15:36Z,,paid,fulfilled,online_store,US,NY,61.0,9.15,LABORDAY15,0.0,3.11,54.96,shopify_payments,1.89,USD
1481,100485,2025-08-31T13:48:34Z,,paid,fulfilled,online_store,US,NY,34.0,5.1,LABORDAY15,5.95,1.73,36.58,shopify_payments,1.36,USD
1482,100486,2025-08-31T14:29:58Z,,paid,fulfilled,online_store,US,MN,84.0,12.6,LABORDAY15,0.0,4.28,75.68,shopify_payments,2.49,USD
1483,100487,2025-08-31T21:00:10Z,,paid,fulfilled,online_store,US,IN,56.0,0.0,,0.0,3.36,59.36,shopify_payments,2.02,USD
1484,100488,2025-08-31T23:10:09Z,,paid,fulfilled,online_store,US,TX,116.0,0.0,,0.0,6.96,122.96,shopify_payments,3.87,USD
1485,100489,2025-09-01T00:08:38Z,,paid,fulfilled,online_store,US,OR,54.0,14.99,"LABORDAY15,WELCOME15",5.95,0.0,44.96,shopify_payments,1.6,USD
1486,100490,2025-09-01T06:55:16Z,,paid,fulfilled,online_store,US,MA,28.0,7.06,"GLOWWITHSAM12,WELCOME15",5.95,1.26,28.15,paypal,1.47,USD
1487,100491,2025-09-01T11:49:18Z,,paid,fulfilled,online_store,US,VA,34.0,5.1,LABORDAY15,5.95,1.73,36.58,shop_pay,1.36,USD
1488,100492,2025-09-01T13:02:05Z,,paid,fulfilled,shop_app,US,TX,68.0,0.0,,0.0,4.08,72.08,paypal,3.01,USD
1489,100494,2025-09-01T14:24:31Z,,paid,fulfilled,online_store,US,FL,32.0,4.8,LABORDAY15,5.95,1.63,34.78,shopify_payments,1.31,USD
1490,100285,2025-09-01T14:45:02Z,,paid,fulfilled,online_store,US,CA,34.0,5.1,LABORDAY15,5.95,1.73,36.58,shopify_payments,1.36,USD
1491,100495,2025-09-01T15:37:01Z,,paid,fulfilled,shop_app,AU,QLD,118.0,17.7,WELCOME15,0.0,10.03,110.33,paypal,4.34,USD
1492,100432,2025-09-01T19:00:36Z,,paid,fulfilled,online_store,US,NY,22.0,3.3,WELCOME15,5.95,1.12,25.77,shopify_payments,1.05,USD
1493,100496,2025-09-01T19:41:51Z,,paid,fulfilled,online_store,GB,SCT,34.0,5.1,"LABORDAY15,FREESHIP",0.0,5.78,34.68,shop_pay,1.31,USD
1494,100497,2025-09-01T21:21:47Z,,paid,fulfilled,online_store,US,TX,60.0,9.0,WELCOME15,0.0,3.06,54.06,shop_pay,1.87,USD
1495,100498,2025-09-01T21:31:36Z,,paid,fulfilled,online_store,US,IL,34.0,0.0,,5.95,2.04,41.99,shopify_payments,1.52,USD
1496,100499,2025-09-02T00:26:39Z,,paid,fulfilled,online_store,US,VA,44.0,6.6,LABORDAY15,5.95,2.24,45.59,shopify_payments,1.62,USD
1497,100500,2025-09-02T04:17:16Z,,paid,fulfilled,online_store,US,VA,26.0,3.9,LABORDAY15,5.95,1.33,29.38,shopify_payments,1.15,USD
1498,100501,2025-09-02T09:06:06Z,,partially_refunded,fulfilled,online_store,US,CA,78.0,11.7,LABORDAY15,0.0,3.98,70.28,shop_pay,2.34,USD
1499,100116,2025-09-02T10:56:09Z,,paid,fulfilled,online_store,US,AZ,34.0,5.1,"LABORDAY15,FREESHIP",0.0,1.73,30.63,shop_pay,1.19,USD
1500,100502,2025-09-02T11:14:50Z,,paid,fulfilled,online_store,US,CA,84.0,12.6,LABORDAY15,0.0,4.28,75.68,shop_pay,2.49,USD
1501,100503,2025-09-02T12:13:30Z,,paid,fulfilled,online_store,US,TN,56.0,8.4,LABORDAY15,5.95,2.86,56.41,klarna,3.68,USD
1502,100504,2025-09-02T12:46:32Z,,paid,fulfilled,online_store,US,TX,58.0,8.7,LABORDAY15,5.95,2.96,58.21,shopify_payments,1.99,USD
1503,100505,2025-09-02T13:14:06Z,,paid,fulfilled,online_store,CA,ON,44.0,6.6,WELCOME15,12.95,1.87,52.22,shop_pay,1.81,USD
1504,100506,2025-09-02T17:19:06Z,,paid,fulfilled,online_store,US,MI,78.0,11.7,LABORDAY15,0.0,3.98,70.28,shopify_payments,2.34,USD
1505,100507,2025-09-02T23:30:24Z,,paid,fulfilled,online_store,US,TX,68.0,10.2,LABORDAY15,0.0,3.47,61.27,shopify_payments,2.08,USD
1506,100508,2025-09-02T23:42:18Z,,paid,fulfilled,online_store,US,MI,22.0,0.0,,5.95,1.32,29.27,shop_pay,1.15,USD
1507,100509,2025-09-03T02:33:38Z,,paid,fulfilled,shop_app,US,IL,144.0,0.0,,0.0,8.64,152.64,shopify_payments,4.73,USD
1508,100510,2025-09-03T04:12:34Z,,partially_refunded,fulfilled,online_store,US,AZ,58.0,8.7,SKINBYJORDAN15,5.95,2.96,58.21,shop_pay,1.99,USD
1509,100511,2025-09-03T11:12:26Z,,paid,fulfilled,online_store,US,FL,28.0,0.0,,5.95,1.68,35.63,shopify_payments,1.33,USD
1510,100512,2025-09-03T14:13:34Z,,paid,fulfilled,online_store,US,IN,22.0,0.0,,5.95,1.32,29.27,paypal,1.51,USD
1511,100514,2025-09-03T14:39:43Z,,paid,fulfilled,online_store,US,CA,116.0,0.0,,0.0,6.96,122.96,shopify_payments,3.87,USD
1512,100515,2025-09-03T16:58:51Z,,paid,fulfilled,online_store,US,CA,116.0,0.0,,0.0,6.96,122.96,paypal,4.78,USD
1513,100516,2025-09-03T19:33:03Z,,paid,fulfilled,online_store,US,CA,34.0,0.0,,5.95,2.04,41.99,shopify_payments,1.52,USD
1514,100517,2025-09-03T22:49:16Z,,paid,fulfilled,online_store,US,NJ,28.0,4.2,WELCOME15,5.95,1.43,31.18,paypal,1.58,USD
1515,100518,2025-09-03T23:20:16Z,,paid,fulfilled,online_store,US,TX,34.0,5.1,"WELCOME15,FREESHIP",0.0,1.73,30.63,shopify_payments,1.19,USD
1516,100519,2025-09-04T00:39:33Z,,paid,fulfilled,shop_app,US,OH,84.0,12.6,WELCOME15,0.0,4.28,75.68,shopify_payments,2.49,USD
1517,100520,2025-09-04T03:54:12Z,,paid,fulfilled,online_store,US,TN,34.0,5.1,SKINBYJORDAN15,5.95,1.73,36.58,paypal,1.77,USD
1518,100521,2025-09-04T04:16:51Z,,paid,fulfilled,online_store,US,TN,144.0,0.0,,0.0,8.64,152.64,shopify_payments,4.73,USD
1519,100522,2025-09-04T05:21:51Z,,paid,fulfilled,shop_app,US,IL,66.0,0.0,,0.0,3.96,69.96,paypal,2.93,USD
1520,100523,2025-09-04T10:13:53Z,,paid,fulfilled,online_store,US,CO,112.0,16.8,WELCOME15,0.0,5.71,100.91,shop_pay,3.23,USD
1521,100524,2025-09-04T10:49:10Z,,paid,fulfilled,online_store,US,FL,78.0,0.0,,0.0,4.68,82.68,paypal,3.38,USD
1522,100525,2025-09-04T11:03:12Z,,paid,fulfilled,online_store,US,NY,68.0,0.0,,0.0,4.08,72.08,paypal,3.01,USD
1523,100526,2025-09-04T12:04:11Z,,paid,fulfilled,online_store,US,MI,29.0,0.0,,5.95,1.74,36.69,shopify_payments,1.36,USD
1524,100529,2025-09-04T13:46:49Z,,paid,fulfilled,online_store,US,FL,34.0,0.0,,5.95,2.04,41.99,shopify_payments,1.52,USD
1525,100530,2025-09-04T18:31:55Z,,paid,fulfilled,online_store,US,NY,34.0,5.1,WELCOME15,5.95,1.73,36.58,shopify_payments,1.36,USD
1526,100275,2025-09-05T00:44:52Z,,paid,fulfilled,online_store,US,TX,172.0,25.8,WELCOME15,0.0,8.77,154.97,shopify_payments,4.79,USD
1527,100531,2025-09-05T01:40:24Z,,paid,fulfilled,online_store,GB,WLS,104.0,15.6,WELCOME15,0.0,17.68,106.08,shop_pay,3.38,USD
1528,100072,2025-09-05T03:22:26Z,,paid,fulfilled,online_store,US,CA,26.0,0.0,,5.95,1.56,33.51,shop_pay,1.27,USD
1529,100532,2025-09-05T16:02:48Z,,paid,fulfilled,online_store,US,PA,92.0,0.0,,0.0,5.52,97.52,shop_pay,3.13,USD
1530,100533,2025-09-05T18:01:05Z,,paid,fulfilled,online_store,US,NY,32.0,0.0,,5.95,1.92,39.87,shopify_payments,1.46,USD
1531,100208,2025-09-05T18:17:05Z,,paid,fulfilled,shop_app,AU,QLD,26.0,0.0,,12.95,2.6,41.55,shopify_payments,1.5,USD
1532,100207,2025-09-05T20:52:39Z,,paid,fulfilled,online_store,US,MI,84.0,0.0,,0.0,5.04,89.04,shop_pay,2.88,USD
1533,100535,2025-09-06T04:06:19Z,,paid,fulfilled,online_store,US,TX,78.0,0.0,,0.0,4.68,82.68,shopify_payments,2.7,USD
1534,100536,2025-09-06T07:25:40Z,,paid,fulfilled,online_store,US,FL,60.0,0.0,,0.0,3.6,63.6,shop_pay,2.14,USD
1535,100537,2025-09-06T09:56:08Z,,paid,fulfilled,online_store,US,NY,28.0,0.0,,5.95,1.68,35.63,shopify_payments,1.33,USD
1536,100538,2025-09-06T11:18:58Z,,paid,fulfilled,online_store,US,VA,53.0,0.0,,0.0,3.18,56.18,shopify_payments,1.93,USD
1537,100539,2025-09-06T11:31:08Z,,paid,fulfilled,online_store,US,PA,34.0,5.1,WELCOME15,5.95,1.73,36.58,shopify_payments,1.36,USD
1538,100541,2025-09-06T13:40:50Z,,paid,fulfilled,online_store,US,TN,84.0,12.6,WELCOME15,0.0,4.28,75.68,shop_pay,2.49,USD
1539,100542,2025-09-06T13:51:28Z,,paid,fulfilled,online_store,US,CA,34.0,5.1,WELCOME15,5.95,1.73,36.58,paypal,1.77,USD
1540,100321,2025-09-06T14:24:00Z,,paid,fulfilled,online_store,US,OR,22.0,0.0,,5.95,0.0,27.95,shopify_payments,1.11,USD
1541,100543,2025-09-06T16:03:56Z,,paid,fulfilled,online_store,US,CA,78.0,11.7,WELCOME15,0.0,3.98,70.28,shop_pay,2.34,USD
1542,100544,2025-09-06T19:57:24Z,,paid,fulfilled,online_store,US,TX,58.0,8.7,WELCOME15,5.95,2.96,58.21,shop_pay,1.99,USD
1543,100262,2025-09-06T20:35:00Z,,paid,fulfilled,online_store,US,FL,58.0,5.8,LOYAL10,0.0,3.13,55.33,shopify_payments,1.9,USD
1544,100545,2025-09-06T20:58:02Z,,paid,fulfilled,online_store,US,MD,44.0,0.0,,5.95,2.64,52.59,paypal,2.33,USD
1545,100546,2025-09-06T23:20:16Z,,paid,fulfilled,shop_app,US,NY,57.0,0.0,,0.0,3.42,60.42,shopify_payments,2.05,USD
1546,100547,2025-09-06T23:25:13Z,,paid,fulfilled,online_store,US,MO,44.0,0.0,,5.95,2.64,52.59,shopify_payments,1.83,USD
1547,100317,2025-09-07T00:22:32Z,,paid,fulfilled,online_store,CA,BC,60.0,0.0,,12.95,3.0,75.95,shopify_payments,2.5,USD
1548,100549,2025-09-07T00:58:02Z,,paid,fulfilled,online_store,US,VA,34.0,0.0,,5.95,2.04,41.99,shopify_payments,1.52,USD
1549,100550,2025-09-07T01:28:40Z,,paid,fulfilled,online_store,US,TX,179.0,0.0,,0.0,10.74,189.74,shopify_payments,5.8,USD
1550,100551,2025-09-07T03:06:56Z,,paid,fulfilled,online_store,US,NC,56.0,8.4,WELCOME15,5.95,2.86,56.41,shopify_payments,1.94,USD
1551,100552,2025-09-07T03:16:21Z,,paid,fulfilled,shop_app,US,TX,32.0,4.8,WELCOME15,5.95,1.63,34.78,shopify_payments,1.31,USD
1552,100554,2025-09-07T03:47:58Z,,paid,fulfilled,online_store,US,MN,29.0,0.0,,5.95,1.74,36.69,shopify_payments,1.36,USD
1553,100555,2025-09-07T09:20:41Z,,paid,fulfilled,online_store,US,MA,24.0,0.0,,5.95,1.44,31.39,shopify_payments,1.21,USD
1554,100556,2025-09-07T11:47:26Z,,paid,fulfilled,online_store,US,NJ,32.0,4.8,WELCOME15,5.95,1.63,34.78,shopify_payments,1.31,USD
1555,100558,2025-09-07T14:22:49Z,,paid,fulfilled,online_store,GB,WLS,29.0,0.0,,12.95,5.8,47.75,shopify_payments,1.68,USD
1556,100560,2025-09-07T16:01:08Z,,partially_refunded,fulfilled,online_store,AU,VIC,66.0,9.9,WELCOME15,12.95,5.61,74.66,shopify_payments,2.47,USD
1557,100065,2025-09-07T18:35:25Z,,paid,fulfilled,online_store,US,IL,51.0,5.1,LOYAL10,5.95,2.75,54.6,shop_pay,1.88,USD
1558,100066,2025-09-07T21:47:43Z,,paid,fulfilled,online_store,US,AZ,26.0,0.0,,5.95,1.56,33.51,paypal,1.66,USD
1559,100561,2025-09-07T23:39:50Z,,paid,fulfilled,online_store,US,GA,102.0,0.0,,0.0,6.12,108.12,shopify_payments,3.44,USD
1560,100562,2025-09-08T01:07:09Z,,paid,fulfilled,online_store,GB,SCT,44.0,0.0,,12.95,8.8,65.75,shopify_payments,2.21,USD
1561,100563,2025-09-08T07:18:38Z,,paid,fulfilled,online_store,US,AZ,56.0,0.0,,0.0,3.36,59.36,shopify_payments,2.02,USD
1562,100564,2025-09-08T11:29:09Z,,paid,fulfilled,online_store,US,TX,118.0,0.0,,0.0,7.08,125.08,shop_pay,3.93,USD
1563,100565,2025-09-08T13:36:19Z,,paid,fulfilled,online_store,US,NJ,68.0,0.0,,0.0,4.08,72.08,shopify_payments,2.39,USD
1564,100566,2025-09-08T16:05:18Z,,paid,fulfilled,online_store,US,CO,100.0,0.0,,0.0,6.0,106.0,shopify_payments,3.37,USD
1565,100205,2025-09-08T19:46:18Z,,paid,fulfilled,online_store,CA,AB,100.0,0.0,,0.0,5.0,105.0,shop_pay,3.35,USD
1566,100567,2025-09-08T20:31:14Z,,paid,fulfilled,online_store,US,IL,34.0,5.1,WELCOME15,5.95,1.73,36.58,shop_pay,1.36,USD
1567,100568,2025-09-08T21:29:50Z,,paid,fulfilled,online_store,US,FL,88.0,0.0,,0.0,5.28,93.28,shopify_payments,3.01,USD
1568,100569,2025-09-08T22:27:00Z,,paid,fulfilled,shop_app,US,MA,22.0,0.0,,5.95,1.32,29.27,paypal,1.51,USD
1569,100378,2025-09-09T00:30:58Z,,paid,fulfilled,online_store,US,MI,34.0,0.0,,5.95,2.04,41.99,shopify_payments,1.52,USD
1570,100570,2025-09-09T02:54:55Z,,paid,fulfilled,online_store,US,VA,116.0,13.92,GLOWWITHSAM12,0.0,6.12,108.2,shopify_payments,3.44,USD
1571,100571,2025-09-09T06:54:02Z,,paid,fulfilled,online_store,US,CA,88.0,0.0,,0.0,5.28,93.28,shopify_payments,3.01,USD
1572,100572,2025-09-09T08:32:19Z,,partially_refunded,fulfilled,online_store,US,FL,129.0,12.9,AMELIA10,0.0,6.97,123.07,paypal,4.79,USD
1573,100573,2025-09-09T09:18:12Z,,paid,fulfilled,online_store,US,NY,34.0,0.0,,5.95,2.04,41.99,shopify_payments,1.52,USD
1574,100574,2025-09-09T11:02:00Z,,paid,unfulfilled,online_store,US,CA,34.0,34.0,TEST100,0.0,0.0,0.0,bogus,0.0,USD
1575,100575,2025-09-09T13:36:11Z,,paid,fulfilled,online_store,US,VA,29.0,0.0,,5.95,1.74,36.69,shopify_payments,1.36,USD
1576,100576,2025-09-09T13:42:18Z,,paid,fulfilled,online_store,US,NJ,166.0,0.0,,0.0,9.96,175.96,shopify_payments,5.4,USD
1577,100126,2025-09-09T15:50:11Z,,paid,fulfilled,online_store,US,NY,34.0,0.0,,5.95,2.04,41.99,shopify_payments,1.52,USD
1578,100577,2025-09-09T18:01:42Z,,paid,fulfilled,online_store,US,VA,28.0,4.2,WELCOME15,5.95,1.43,31.18,shopify_payments,1.2,USD
1579,100578,2025-09-09T18:50:52Z,,paid,fulfilled,online_store,US,MO,62.0,0.0,,0.0,3.72,65.72,shop_pay,2.21,USD
1580,100580,2025-09-10T01:08:48Z,,paid,fulfilled,online_store,US,CO,92.0,0.0,,0.0,5.52,97.52,shopify_payments,3.13,USD
1581,100527,2025-09-10T12:59:56Z,,paid,fulfilled,online_store,US,NY,44.0,6.6,SKINBYJORDAN15,5.95,2.24,45.59,shopify_payments,1.62,USD
1582,100581,2025-09-10T14:19:58Z,,paid,fulfilled,online_store,US,VA,29.0,4.35,WELCOME15,5.95,1.48,32.08,shop_pay,1.23,USD
1583,100231,2025-09-10T16:39:42Z,,paid,fulfilled,online_store,CA,BC,68.0,0.0,,12.95,3.4,84.35,shopify_payments,2.75,USD
1584,100582,2025-09-10T17:07:48Z,,paid,fulfilled,online_store,US,GA,110.0,0.0,,0.0,6.6,116.6,shopify_payments,3.68,USD
1585,100583,2025-09-10T17:47:49Z,,paid,fulfilled,online_store,US,TX,22.0,0.0,,5.95,1.32,29.27,paypal,1.51,USD
1586,100024,2025-09-10T18:21:41Z,,paid,fulfilled,online_store,US,WA,92.0,0.0,,0.0,5.52,97.52,paypal,3.89,USD
1587,100584,2025-09-10T19:17:17Z,,paid,fulfilled,online_store,US,FL,66.0,7.92,GLOWWITHSAM12,0.0,3.48,61.56,shopify_payments,2.09,USD
1588,100585,2025-09-10T21:59:38Z,,paid,fulfilled,online_store,US,CA,34.0,5.1,WELCOME15,5.95,1.73,36.58,shop_pay,1.36,USD
1589,100586,2025-09-10T23:02:30Z,,paid,fulfilled,online_store,US,CA,68.0,15.98,"DERMDIARY10,WELCOME15",0.0,3.12,55.14,shopify_payments,1.9,USD
1590,100587,2025-09-11T00:44:18Z,,paid,fulfilled,online_store,US,NY,24.0,0.0,FREESHIP,0.0,1.44,25.44,shopify_payments,1.04,USD
1591,100371,2025-09-11T04:03:15Z,,paid,fulfilled,shop_app,US,FL,44.0,4.4,LOYAL10,5.95,2.38,47.93,shopify_payments,1.69,USD
1592,100588,2025-09-11T04:28:10Z,,paid,fulfilled,online_store,US,NY,94.0,0.0,,0.0,5.64,99.64,shop_pay,3.19,USD
1593,100589,2025-09-11T11:59:02Z,,paid,fulfilled,online_store,AU,VIC,106.0,0.0,,0.0,10.6,116.6,shop_pay,3.68,USD
1594,100250,2025-09-11T12:22:16Z,,paid,fulfilled,online_store,US,CA,131.0,0.0,,0.0,7.86,138.86,shop_pay,4.33,USD
1595,100590,2025-09-11T12:59:00Z,,paid,fulfilled,online_store,US,NY,48.0,7.2,SKINBYJORDAN15,5.95,2.45,49.2,shop_pay,1.73,USD
1596,100591,2025-09-11T17:10:40Z,,paid,fulfilled,online_store,US,WI,64.0,0.0,,0.0,3.84,67.84,shop_pay,2.27,USD
1597,100592,2025-09-11T20:22:54Z,,paid,fulfilled,online_store,US,CO,172.0,20.64,GLOWWITHSAM12,0.0,9.08,160.44,shopify_payments,4.95,USD
1598,100428,2025-09-12T01:28:43Z,,paid,fulfilled,online_store,US,NY,22.0,0.0,,5.95,1.32,29.27,shop_pay,1.15,USD
1599,100593,2025-09-12T01:33:07Z,,paid,fulfilled,online_store,US,OH,24.0,0.0,,5.95,1.44,31.39,shopify_payments,1.21,USD
1600,100422,2025-09-12T02:05:36Z,,paid,fulfilled,online_store,US,MI,128.0,0.0,,0.0,7.68,135.68,shopify_payments,4.23,USD
1601,100184,2025-09-12T06:19:02Z,,paid,fulfilled,online_store,US,NC,56.0,0.0,,0.0,3.36,59.36,paypal,2.56,USD
1602,100594,2025-09-12T07:20:15Z,,paid,fulfilled,online_store,US,OR,63.0,0.0,,0.0,0.0,63.0,shopify_payments,2.13,USD
1603,100595,2025-09-12T07:27:28Z,,partially_refunded,fulfilled,online_store,CA,ON,72.0,0.0,,12.95,3.6,88.55,shopify_payments,2.87,USD
1604,100130,2025-09-12T09:51:23Z,,paid,fulfilled,online_store,US,CA,126.0,0.0,,0.0,7.56,133.56,shopify_payments,4.17,USD
1605,100596,2025-09-12T10:45:27Z,,paid,fulfilled,online_store,US,AZ,44.0,4.4,AMELIA10,5.95,2.38,47.93,shopify_payments,1.69,USD
1606,100597,2025-09-12T13:08:22Z,,paid,fulfilled,online_store,AU,VIC,32.0,0.0,,12.95,3.2,48.15,shopify_payments,1.7,USD
1607,100259,2025-09-12T13:11:38Z,,paid,fulfilled,online_store,US,WA,73.0,0.0,,0.0,4.38,77.38,shopify_payments,2.54,USD
1608,100599,2025-09-12T14:45:39Z,,paid,fulfilled,online_store,US,NY,22.0,0.0,,5.95,1.32,29.27,paypal,1.51,USD
1609,100399,2025-09-12T19:08:26Z,,paid,fulfilled,online_store,GB,ENG,146.0,0.0,,0.0,29.2,175.2,shopify_payments,5.38,USD
1610,100600,2025-09-12T20:12:26Z,,paid,fulfilled,online_store,US,FL,84.0,0.0,,0.0,5.04,89.04,shop_pay,2.88,USD
1611,100601,2025-09-12T20:55:07Z,,paid,fulfilled,online_store,US,AZ,22.0,3.3,"WELCOME15,FREESHIP",0.0,1.12,19.82,shopify_payments,0.87,USD
1612,100186,2025-09-12T23:44:50Z,,paid,fulfilled,online_store,GB,ENG,128.0,0.0,,0.0,25.6,153.6,shopify_payments,4.75,USD
1613,100602,2025-09-13T00:43:40Z,,paid,fulfilled,online_store,US,IL,32.0,4.8,WELCOME15,5.95,1.63,34.78,shopify_payments,1.31,USD
1614,100604,2025-09-13T14:37:32Z,,paid,fulfilled,online_store,US,FL,65.0,9.75,WELCOME15,0.0,3.32,58.57,paypal,2.53,USD
1615,100605,2025-09-13T14:56:15Z,,paid,fulfilled,online_store,US,NC,117.0,17.55,WELCOME15,0.0,5.97,105.42,shopify_payments,3.36,USD
1616,100606,2025-09-13T18:05:10Z,,refunded,fulfilled,online_store,US,PA,22.0,3.3,WELCOME15,5.95,1.12,25.77,shopify_payments,1.05,USD
1617,100607,2025-09-13T19:49:28Z,,paid,fulfilled,online_store,US,FL,78.0,0.0,,0.0,4.68,82.68,shopify_payments,2.7,USD
1618,100314,2025-09-13T21:39:38Z,,paid,fulfilled,shop_app,US,OH,34.0,0.0,,5.95,2.04,41.99,shopify_payments,1.52,USD
1619,100608,2025-09-14T00:20:41Z,,partially_refunded,fulfilled,online_store,US,TX,50.0,7.5,WELCOME15,5.95,2.55,51.0,shop_pay,1.78,USD
1620,100609,2025-09-14T02:13:06Z,,paid,fulfilled,online_store,US,TX,66.0,9.9,WELCOME15,0.0,3.37,59.47,shopify_payments,2.02,USD
1621,100610,2025-09-14T02:44:38Z,,paid,fulfilled,online_store,US,CA,34.0,5.1,WELCOME15,5.95,1.73,36.58,shopify_payments,1.36,USD
1622,100611,2025-09-14T04:36:53Z,,paid,fulfilled,online_store,US,GA,29.0,0.0,,5.95,1.74,36.69,shop_pay,1.36,USD
1623,100613,2025-09-14T11:13:53Z,,paid,fulfilled,online_store,US,NH,176.0,0.0,,0.0,0.0,176.0,shop_pay,5.4,USD
1624,100192,2025-09-14T12:53:49Z,,paid,fulfilled,online_store,US,CA,29.0,2.9,LOYAL10,5.95,1.57,33.62,shop_pay,1.27,USD
1625,100615,2025-09-14T13:35:27Z,,paid,fulfilled,online_store,US,CA,80.0,9.6,GLOWWITHSAM12,0.0,4.22,74.62,shop_pay,2.46,USD
1626,100616,2025-09-14T15:42:12Z,,paid,fulfilled,online_store,US,CA,62.0,9.3,WELCOME15,0.0,3.16,55.86,shopify_payments,1.92,USD
1627,100617,2025-09-14T22:24:43Z,,paid,fulfilled,online_store,US,VA,66.0,9.9,WELCOME15,0.0,3.37,59.47,shop_pay,2.02,USD
1628,100619,2025-09-15T00:42:53Z,,paid,fulfilled,online_store,GB,SCT,36.0,0.0,,12.95,7.2,56.15,shopify_payments,1.93,USD
1629,100620,2025-09-15T02:32:20Z,,paid,fulfilled,online_store,US,AZ,34.0,5.1,WELCOME15,5.95,1.73,36.58,shopify_payments,1.36,USD
1630,100621,2025-09-15T06:48:35Z,,paid,fulfilled,online_store,US,TX,44.0,0.0,,5.95,2.64,52.59,shop_pay,1.83,USD
1631,100227,2025-09-15T07:25:14Z,,paid,fulfilled,online_store,CA,QC,22.0,0.0,,12.95,1.1,36.05,paypal,1.75,USD
1632,100019,2025-09-15T23:30:46Z,,paid,fulfilled,online_store,US,IN,34.0,0.0,,5.95,2.04,41.99,paypal,1.96,USD
1633,100622,2025-09-16T01:38:48Z,,paid,fulfilled,online_store,US,MI,24.0,3.6,WELCOME15,5.95,1.22,27.57,shop_pay,1.1,USD
1634,100623,2025-09-16T02:39:18Z,,paid,fulfilled,online_store,US,NJ,26.0,0.0,FREESHIP,0.0,1.56,27.56,shopify_payments,1.1,USD
1635,100624,2025-09-16T03:46:54Z,,paid,fulfilled,shop_app,CA,AB,32.0,4.8,WELCOME15,12.95,1.36,41.51,shopify_payments,1.5,USD
1636,100625,2025-09-16T03:53:53Z,,paid,fulfilled,shop_app,US,NY,152.0,22.8,WELCOME15,0.0,7.75,136.95,shopify_payments,4.27,USD
1637,100627,2025-09-16T08:16:29Z,,paid,fulfilled,online_store,US,NY,146.0,0.0,,0.0,8.76,154.76,shopify_payments,4.79,USD
1638,100628,2025-09-16T08:58:46Z,,paid,fulfilled,shop_app,US,PA,78.0,0.0,,0.0,4.68,82.68,shop_pay,2.7,USD
1639,100442,2025-09-16T11:20:57Z,,paid,fulfilled,online_store,US,FL,44.0,4.4,LOYAL10,5.95,2.38,47.93,shopify_payments,1.69,USD
1640,100629,2025-09-16T13:00:32Z,,paid,fulfilled,online_store,US,MI,118.0,17.7,WELCOME15,0.0,6.02,106.32,shopify_payments,3.38,USD
1641,100630,2025-09-16T13:40:39Z,,paid,fulfilled,online_store,US,MA,126.0,18.9,WELCOME15,0.0,6.43,113.53,shop_pay,3.59,USD
1642,100631,2025-09-16T13:48:22Z,,paid,fulfilled,online_store,US,IN,34.0,5.1,WELCOME15,5.95,1.73,36.58,shopify_payments,1.36,USD
1643,100085,2025-09-16T15:08:22Z,,paid,fulfilled,online_store,US,MO,78.0,7.8,LOYAL10,0.0,4.21,74.41,shopify_payments,2.46,USD
1644,100632,2025-09-16T16:48:22Z,,paid,fulfilled,online_store,US,CA,133.0,0.0,,0.0,7.98,140.98,shopify_payments,4.39,USD
1645,100633,2025-09-16T20:10:37Z,,paid,fulfilled,online_store,US,GA,114.0,0.0,,0.0,6.84,120.84,shopify_payments,3.8,USD
1646,100195,2025-09-16T22:23:37Z,,paid,fulfilled,online_store,US,IN,32.0,0.0,,5.95,1.92,39.87,shop_pay,1.46,USD
1647,100635,2025-09-17T01:03:56Z,,paid,fulfilled,online_store,US,CA,54.0,8.1,WELCOME15,5.95,2.75,54.6,shopify_payments,1.88,USD
1648,100636,2025-09-17T02:31:06Z,,paid,fulfilled,online_store,US,CA,34.0,5.1,WELCOME15,5.95,1.73,36.58,shopify_payments,1.36,USD
1649,100637,2025-09-17T09:07:49Z,,paid,fulfilled,online_store,US,MA,118.0,17.7,WELCOME15,0.0,6.02,106.32,shopify_payments,3.38,USD
1650,100638,2025-09-17T11:28:47Z,,paid,fulfilled,online_store,US,MO,44.0,6.6,WELCOME15,5.95,2.24,45.59,paypal,2.08,USD
1651,100639,2025-09-17T13:12:59Z,,paid,fulfilled,online_store,US,TN,34.0,5.1,WELCOME15,5.95,1.73,36.58,paypal,1.77,USD
1652,100642,2025-09-17T18:33:17Z,,paid,fulfilled,shop_app,US,MI,32.0,4.8,WELCOME15,5.95,1.63,34.78,shopify_payments,1.31,USD
1653,100643,2025-09-17T20:14:23Z,,paid,fulfilled,online_store,US,OR,26.0,3.9,WELCOME15,5.95,0.0,28.05,shopify_payments,1.11,USD
1654,100644,2025-09-17T22:29:43Z,,paid,fulfilled,online_store,CA,BC,90.0,0.0,,0.0,4.5,94.5,shopify_payments,3.04,USD
1655,100646,2025-09-18T00:21:54Z,,paid,fulfilled,online_store,US,TX,34.0,0.0,,5.95,2.04,41.99,shopify_payments,1.52,USD
1656,100647,2025-09-18T00:28:46Z,,paid,fulfilled,online_store,US,CA,34.0,0.0,,5.95,2.04,41.99,paypal,1.96,USD
1657,100291,2025-09-18T02:25:29Z,,paid,fulfilled,online_store,US,WA,34.0,3.4,LOYAL10,5.95,1.84,38.39,paypal,1.83,USD
1658,100648,2025-09-18T02:28:43Z,,paid,fulfilled,online_store,AU,VIC,94.0,0.0,,0.0,9.4,103.4,shopify_payments,3.3,USD
1659,100649,2025-09-18T03:11:48Z,,paid,fulfilled,online_store,US,TX,26.0,0.0,,5.95,1.56,33.51,paypal,1.66,USD
1660,100650,2025-09-18T03:43:15Z,,paid,fulfilled,online_store,US,TX,90.0,0.0,,0.0,5.4,95.4,shopify_payments,3.07,USD
1661,100651,2025-09-18T04:39:43Z,,paid,fulfilled,online_store,US,MO,175.0,0.0,,0.0,10.5,185.5,shopify_payments,5.68,USD
1662,100332,2025-09-18T05:12:10Z,,paid,fulfilled,online_store,US,WI,56.0,0.0,,0.0,3.36,59.36,shopify_payments,2.02,USD
1663,100652,2025-09-18T05:50:45Z,,paid,fulfilled,online_store,US,AZ,34.0,0.0,,5.95,2.04,41.99,shopify_payments,1.52,USD
1664,100334,2025-09-18T06:49:30Z,,paid,fulfilled,online_store,US,CA,90.0,0.0,,0.0,5.4,95.4,paypal,3.82,USD
1665,100653,2025-09-18T09:30:02Z,,paid,fulfilled,online_store,US,MI,36.0,3.6,AMELIA10,5.95,1.94,40.29,shopify_payments,1.47,USD
1666,100654,2025-09-18T12:39:56Z,,paid,fulfilled,online_store,US,IL,34.0,0.0,,5.95,2.04,41.99,shopify_payments,1.52,USD
1667,100655,2025-09-18T13:38:13Z,,paid,fulfilled,online_store,US,CA,134.0,0.0,,0.0,8.04,142.04,shopify_payments,4.42,USD
1668,100656,2025-09-18T15:17:24Z,,paid,fulfilled,online_store,US,CA,88.0,0.0,,0.0,5.28,93.28,shopify_payments,3.01,USD
1669,100657,2025-09-18T20:39:31Z,,paid,fulfilled,online_store,US,NY,29.0,4.35,WELCOME15,5.95,1.48,32.08,shopify_payments,1.23,USD
1670,100658,2025-09-18T22:54:39Z,,paid,fulfilled,online_store,US,AZ,34.0,0.0,,5.95,2.04,41.99,shop_pay,1.52,USD
1671,100659,2025-09-19T00:02:03Z,,paid,fulfilled,online_store,US,TX,44.0,0.0,,5.95,2.64,52.59,shop_pay,1.83,USD
1672,100660,2025-09-19T03:06:12Z,,partially_refunded,fulfilled,online_store,US,MI,58.0,0.0,,0.0,3.48,61.48,shopify_payments,2.08,USD
1673,100661,2025-09-19T03:26:29Z,,paid,fulfilled,online_store,US,NJ,70.0,0.0,,0.0,4.2,74.2,shopify_payments,2.45,USD
1674,100409,2025-09-19T11:54:58Z,,paid,fulfilled,online_store,US,GA,84.0,0.0,,0.0,5.04,89.04,shop_pay,2.88,USD
1675,100662,2025-09-19T13:31:17Z,,paid,fulfilled,online_store,US,CA,34.0,0.0,,5.95,2.04,41.99,shopify_payments,1.52,USD
1676,100663,2025-09-19T14:28:42Z,,paid,fulfilled,online_store,US,AZ,34.0,5.1,WELCOME15,5.95,1.73,36.58,paypal,1.77,USD
1677,100664,2025-09-19T16:20:22Z,,paid,fulfilled,online_store,US,CA,185.0,0.0,,0.0,11.1,196.1,paypal,7.33,USD
1678,100665,2025-09-19T20:48:56Z,,paid,fulfilled,online_store,US,WA,73.0,0.0,,0.0,4.38,77.38,shopify_payments,2.54,USD
1679,100618,2025-09-19T23:32:38Z,,paid,fulfilled,shop_app,US,NY,128.0,0.0,,0.0,7.68,135.68,paypal,5.23,USD
1680,100666,2025-09-20T01:30:37Z,,paid,fulfilled,online_store,AU,VIC,152.0,0.0,,0.0,15.2,167.2,shopify_payments,5.15,USD
1681,100667,2025-09-20T01:41:55Z,,paid,fulfilled,online_store,US,GA,34.0,5.1,WELCOME15,5.95,1.73,36.58,paypal,1.77,USD
1682,100668,2025-09-20T01:44:50Z,,paid,fulfilled,online_store,US,IN,54.0,8.1,WELCOME15,5.95,2.75,54.6,paypal,2.4,USD
1683,100669,2025-09-20T02:57:05Z,,paid,fulfilled,online_store,CA,QC,34.0,0.0,,12.95,1.7,48.65,shopify_payments,1.71,USD
1684,100670,2025-09-20T03:09:38Z,,paid,fulfilled,online_store,US,WI,34.0,3.4,DERMDIARY10,5.95,1.84,38.39,shopify_payments,1.41,USD
1685,100003,2025-09-20T10:06:49Z,,paid,fulfilled,online_store,US,FL,56.0,0.0,,0.0,3.36,59.36,shop_pay,2.02,USD
1686,100053,2025-09-20T11:23:17Z,,paid,fulfilled,online_store,AU,QLD,58.0,0.0,,12.95,5.8,76.75,shopify_payments,2.53,USD
1687,100671,2025-09-20T15:00:02Z,,paid,fulfilled,online_store,CA,QC,34.0,0.0,,12.95,1.7,48.65,shopify_payments,1.71,USD
1688,100672,2025-09-20T15:49:01Z,,paid,fulfilled,online_store,US,TX,63.0,0.0,,0.0,3.78,66.78,paypal,2.82,USD
1689,100673,2025-09-20T17:47:57Z,,refunded,fulfilled,online_store,CA,QC,22.0,3.3,WELCOME15,12.95,0.94,32.59,shop_pay,1.25,USD
1690,100674,2025-09-20T22:51:31Z,,paid,fulfilled,online_store,US,GA,46.0,6.9,WELCOME15,5.95,2.35,47.4,shopify_payments,1.67,USD
1691,100675,2025-09-21T01:37:56Z,,paid,fulfilled,online_store,US,NY,92.0,13.8,WELCOME15,0.0,4.69,82.89,shopify_payments,2.7,USD
1692,100127,2025-09-21T08:56:18Z,,paid,fulfilled,online_store,US,VA,68.0,0.0,,0.0,4.08,72.08,shopify_payments,2.39,USD
1693,100676,2025-09-21T13:34:14Z,,paid,fulfilled,online_store,US,OH,95.0,0.0,,0.0,5.7,100.7,shop_pay,3.22,USD
1694,100194,2025-09-21T17:22:21Z,,paid,fulfilled,online_store,US,NJ,118.0,0.0,,0.0,7.08,125.08,shopify_payments,3.93,USD
1695,100677,2025-09-21T18:35:42Z,,paid,fulfilled,online_store,US,FL,28.0,3.36,GLOWWITHSAM12,5.95,1.48,32.07,shopify_payments,1.23,USD
1696,100678,2025-09-21T22:25:17Z,,paid,fulfilled,online_store,US,MN,29.0,4.35,WELCOME15,5.95,1.48,32.08,shop_pay,1.23,USD
1697,100679,2025-09-21T23:16:18Z,,paid,fulfilled,online_store,US,FL,66.0,9.9,WELCOME15,0.0,3.37,59.47,shopify_payments,2.02,USD
1698,100680,2025-09-21T23:27:13Z,,paid,fulfilled,online_store,US,NY,32.0,4.8,WELCOME15,5.95,1.63,34.78,paypal,1.7,USD
1699,100681,2025-09-22T02:22:41Z,,paid,fulfilled,online_store,CA,QC,36.0,0.0,,12.95,1.8,50.75,shop_pay,1.77,USD
1700,100682,2025-09-22T03:12:20Z,,refunded,fulfilled,online_store,US,OH,29.0,4.35,WELCOME15,5.95,1.48,32.08,paypal,1.61,USD
1701,100683,2025-09-22T04:14:58Z,,partially_refunded,fulfilled,online_store,US,NJ,61.0,9.15,WELCOME15,0.0,3.11,54.96,shopify_payments,1.89,USD
1702,100397,2025-09-22T08:50:30Z,,paid,fulfilled,online_store,US,NJ,34.0,0.0,,5.95,2.04,41.99,paypal,1.96,USD
1703,100101,2025-09-22T09:30:47Z,,paid,fulfilled,online_store,US,NC,97.0,9.7,LOYAL10,0.0,5.24,92.54,shopify_payments,2.98,USD
1704,100685,2025-09-23T07:22:44Z,,paid,fulfilled,online_store,AU,QLD,28.0,4.2,WELCOME15,12.95,2.38,39.13,shopify_payments,1.43,USD
1705,100686,2025-09-23T08:55:48Z,,paid,fulfilled,online_store,US,GA,122.0,0.0,,0.0,7.32,129.32,shopify_payments,4.05,USD
1706,100687,2025-09-23T11:00:29Z,,paid,fulfilled,online_store,US,IL,44.0,0.0,,5.95,2.64,52.59,paypal,2.33,USD
1707,100688,2025-09-23T13:05:13Z,,paid,fulfilled,online_store,US,FL,187.0,0.0,,0.0,11.22,198.22,shop_pay,6.05,USD
1708,100689,2025-09-23T13:56:14Z,,paid,fulfilled,online_store,US,MA,84.0,12.6,WELCOME15,0.0,4.28,75.68,shopify_payments,2.49,USD
1709,100690,2025-09-23T14:52:06Z,,paid,fulfilled,online_store,US,NJ,32.0,0.0,,5.95,1.92,39.87,shopify_payments,1.46,USD
1710,100691,2025-09-23T15:54:55Z,,paid,fulfilled,online_store,US,TN,24.0,0.0,,5.95,1.44,31.39,shopify_payments,1.21,USD
1711,100692,2025-09-23T16:08:49Z,,paid,fulfilled,online_store,US,CA,32.0,4.8,WELCOME15,5.95,1.63,34.78,shop_pay,1.31,USD
1712,100693,2025-09-23T16:14:48Z,,paid,fulfilled,online_store,US,WI,84.0,12.6,SKINBYJORDAN15,0.0,4.28,75.68,shopify_payments,2.49,USD
1713,100426,2025-09-23T20:18:58Z,,paid,fulfilled,online_store,US,NJ,66.0,0.0,,0.0,3.96,69.96,shopify_payments,2.33,USD
1714,100694,2025-09-23T23:11:43Z,,paid,fulfilled,shop_app,US,AZ,92.0,0.0,,0.0,5.52,97.52,shop_pay,3.13,USD
1715,100695,2025-09-24T00:16:41Z,,paid,fulfilled,online_store,AU,NSW,66.0,0.0,,12.95,6.6,85.55,shopify_payments,2.78,USD
1716,100696,2025-09-24T00:51:18Z,,paid,fulfilled,online_store,US,IL,29.0,4.35,WELCOME15,5.95,1.48,32.08,shopify_payments,1.23,USD
1717,100697,2025-09-24T01:56:21Z,,paid,fulfilled,online_store,US,CO,36.0,0.0,,5.95,2.16,44.11,shopify_payments,1.58,USD
1718,100698,2025-09-24T09:35:42Z,,partially_refunded,fulfilled,online_store,US,CA,150.0,0.0,,0.0,9.0,159.0,shopify_payments,4.91,USD
1719,100699,2025-09-24T11:00:33Z,,paid,fulfilled,online_store,US,PA,88.0,0.0,,0.0,5.28,93.28,shopify_payments,3.01,USD
1720,100700,2025-09-24T14:29:38Z,,paid,fulfilled,online_store,GB,SCT,85.0,0.0,,0.0,17.0,102.0,shopify_payments,3.26,USD
1721,100701,2025-09-24T14:55:14Z,,paid,fulfilled,online_store,US,CA,34.0,5.1,WELCOME15,5.95,1.73,36.58,paypal,1.77,USD
1722,100702,2025-09-24T17:57:47Z,,paid,fulfilled,online_store,US,AZ,34.0,0.0,,5.95,2.04,41.99,shop_pay,1.52,USD
1723,100703,2025-09-24T18:22:28Z,,paid,fulfilled,online_store,US,CO,26.0,0.0,,5.95,1.56,33.51,shopify_payments,1.27,USD
1724,100704,2025-09-24T18:28:27Z,,paid,fulfilled,shop_app,US,VA,56.0,0.0,,0.0,3.36,59.36,shopify_payments,2.02,USD
1725,100705,2025-09-24T23:08:28Z,,paid,fulfilled,online_store,US,OH,26.0,0.0,,5.95,1.56,33.51,shopify_payments,1.27,USD
1726,100706,2025-09-24T23:57:03Z,,paid,fulfilled,online_store,AU,WA,46.0,0.0,,12.95,4.6,63.55,paypal,2.71,USD
1727,100707,2025-09-25T00:10:19Z,,paid,fulfilled,online_store,US,NJ,34.0,5.1,WELCOME15,5.95,1.73,36.58,shop_pay,1.36,USD
1728,100708,2025-09-25T02:44:43Z,,paid,fulfilled,online_store,US,CA,66.0,0.0,,0.0,3.96,69.96,shopify_payments,2.33,USD
1729,100709,2025-09-25T04:42:54Z,,paid,fulfilled,online_store,US,VA,22.0,0.0,,5.95,1.32,29.27,shopify_payments,1.15,USD
1730,100225,2025-09-25T06:18:55Z,,paid,fulfilled,online_store,US,TX,46.0,0.0,,5.95,2.76,54.71,shopify_payments,1.89,USD
1731,100010,2025-09-25T06:43:15Z,,paid,fulfilled,online_store,US,NY,48.0,0.0,,5.95,2.88,56.83,shopify_payments,1.95,USD
1732,100710,2025-09-25T08:15:45Z,,partially_refunded,fulfilled,online_store,US,MI,107.0,0.0,,0.0,6.42,113.42,shopify_payments,3.59,USD
1733,100711,2025-09-25T10:42:51Z,,paid,fulfilled,online_store,US,TX,34.0,5.1,SKINBYJORDAN15,5.95,1.73,36.58,shopify_payments,1.36,USD
1734,100712,2025-09-25T12:46:11Z,,paid,fulfilled,online_store,US,TX,113.0,16.95,WELCOME15,0.0,5.76,101.81,shopify_payments,3.25,USD
1735,100388,2025-09-25T13:48:20Z,,paid,fulfilled,shop_app,US,AZ,140.0,0.0,,0.0,8.4,148.4,shop_pay,4.6,USD
1736,100251,2025-09-25T14:07:56Z,,paid,fulfilled,online_store,US,CA,56.0,0.0,,0.0,3.36,59.36,shopify_payments,2.02,USD
1737,100713,2025-09-25T14:57:02Z,,partially_refunded,fulfilled,online_store,US,AZ,112.0,16.8,WELCOME15,0.0,5.71,100.91,shopify_payments,3.23,USD
1738,100714,2025-09-25T15:11:51Z,,partially_refunded,fulfilled,shop_app,US,CA,29.0,0.0,,5.95,1.74,36.69,shop_pay,1.36,USD
1739,100715,2025-09-25T16:04:34Z,,paid,fulfilled,online_store,US,TX,34.0,0.0,,5.95,2.04,41.99,shopify_payments,1.52,USD
1740,100716,2025-09-25T19:01:31Z,,paid,fulfilled,online_store,US,CA,32.0,0.0,,5.95,1.92,39.87,shopify_payments,1.46,USD
1741,100017,2025-09-25T19:59:41Z,,paid,fulfilled,online_store,US,MA,99.0,0.0,,0.0,5.94,104.94,paypal,4.15,USD
1742,100717,2025-09-25T23:50:55Z,,paid,fulfilled,online_store,US,TX,58.0,8.7,WELCOME15,5.95,2.96,58.21,shopify_payments,1.99,USD
1743,100718,2025-09-25T23:53:32Z,,paid,fulfilled,online_store,US,IL,76.0,11.4,SKINBYJORDAN15,0.0,3.88,68.48,shop_pay,2.29,USD
1744,100719,2025-09-26T00:03:59Z,,paid,fulfilled,online_store,GB,WLS,56.0,0.0,,12.95,11.2,80.15,shopify_payments,2.62,USD
1745,100720,2025-09-26T02:59:21Z,,paid,fulfilled,online_store,US,OR,78.0,0.0,,0.0,0.0,78.0,paypal,3.21,USD
1746,100721,2025-09-26T11:06:42Z,,paid,fulfilled,online_store,GB,SCT,29.0,0.0,,12.95,5.8,47.75,paypal,2.16,USD
1747,100722,2025-09-26T12:28:48Z,,paid,fulfilled,online_store,GB,SCT,99.0,14.85,WELCOME15,12.95,16.83,113.93,shopify_payments,3.6,USD
1748,100723,2025-09-26T12:30:59Z,,paid,fulfilled,online_store,US,CA,28.0,0.0,FREESHIP,0.0,1.68,29.68,shopify_payments,1.16,USD
1749,100724,2025-09-26T15:42:27Z,,paid,fulfilled,online_store,US,MI,156.0,15.6,LOYAL10,0.0,8.42,148.82,shopify_payments,4.62,USD
1750,100727,2025-09-26T22:51:02Z,,paid,fulfilled,online_store,US,TN,44.0,6.6,WELCOME15,5.95,2.24,45.59,shopify_payments,1.62,USD
1751,100293,2025-09-27T00:35:58Z,,paid,fulfilled,online_store,US,FL,24.0,0.0,,5.95,1.44,31.39,shopify_payments,1.21,USD
1752,100394,2025-09-27T01:03:38Z,2025-09-27T03:03:38Z,voided,unfulfilled,online_store,US,CA,94.0,9.4,LOYAL10,0.0,5.08,89.68,shopify_payments,0.0,USD
1753,100729,2025-09-27T05:04:10Z,,refunded,fulfilled,online_store,US,OH,34.0,0.0,,5.95,2.04,41.99,shopify_payments,1.52,USD
1754,100411,2025-09-27T05:33:01Z,,paid,fulfilled,online_store,US,CA,34.0,0.0,,5.95,2.04,41.99,shopify_payments,1.52,USD
1755,100730,2025-09-27T08:47:00Z,,paid,fulfilled,online_store,US,NC,44.0,0.0,,5.95,2.64,52.59,shopify_payments,1.83,USD
1756,100167,2025-09-27T11:06:41Z,,paid,fulfilled,online_store,CA,ON,34.0,0.0,,12.95,1.7,48.65,shopify_payments,1.71,USD
1757,100386,2025-09-27T12:16:08Z,,paid,fulfilled,online_store,US,CA,66.0,6.6,LOYAL10,0.0,3.56,62.96,paypal,2.69,USD
1758,100731,2025-09-27T14:34:20Z,,paid,fulfilled,online_store,US,WI,56.0,8.4,WELCOME15,5.95,2.86,56.41,shopify_payments,1.94,USD
1759,100732,2025-09-27T16:58:32Z,,paid,fulfilled,online_store,US,NJ,84.0,12.6,WELCOME15,0.0,4.28,75.68,paypal,3.13,USD
1760,100734,2025-09-27T21:53:10Z,,paid,fulfilled,online_store,US,WA,22.0,0.0,,5.95,1.32,29.27,klarna,2.05,USD
1761,100735,2025-09-28T01:04:07Z,,paid,fulfilled,online_store,US,OH,34.0,5.1,WELCOME15,5.95,1.73,36.58,shop_pay,1.36,USD
1762,100736,2025-09-28T01:31:13Z,,paid,fulfilled,online_store,US,CA,63.0,0.0,,0.0,3.78,66.78,paypal,2.82,USD
1763,100737,2025-09-28T03:02:08Z,,paid,fulfilled,online_store,US,TX,44.0,0.0,,5.95,2.64,52.59,shopify_payments,1.83,USD
1764,100362,2025-09-28T15:04:23Z,,paid,fulfilled,online_store,US,AZ,44.0,4.4,LOYAL10,5.95,2.38,47.93,paypal,2.16,USD
1765,100739,2025-09-28T15:52:31Z,,paid,fulfilled,online_store,US,MA,34.0,5.1,WELCOME15,5.95,1.73,36.58,paypal,1.77,USD
1766,100740,2025-09-28T15:58:53Z,,paid,fulfilled,online_store,US,TX,97.0,14.55,WELCOME15,0.0,4.95,87.4,shopify_payments,2.83,USD
1767,100741,2025-09-28T19:36:07Z,,paid,fulfilled,online_store,GB,SCT,104.0,0.0,,0.0,20.8,124.8,paypal,4.85,USD
1768,100742,2025-09-28T20:14:58Z,,paid,fulfilled,online_store,US,VA,84.0,12.6,WELCOME15,0.0,4.28,75.68,shopify_payments,2.49,USD
1769,100743,2025-09-28T22:04:35Z,,paid,fulfilled,online_store,US,TX,44.0,0.0,,5.95,2.64,52.59,shop_pay,1.83,USD
1770,100744,2025-09-29T09:14:18Z,,paid,fulfilled,online_store,US,OR,34.0,0.0,,5.95,0.0,39.95,shopify_payments,1.46,USD
1771,100745,2025-09-29T12:58:51Z,,paid,fulfilled,online_store,US,CO,26.0,0.0,,5.95,1.56,33.51,shopify_payments,1.27,USD
1772,100747,2025-09-29T14:23:59Z,,paid,fulfilled,online_store,CA,BC,34.0,5.1,WELCOME15,12.95,1.44,43.29,paypal,2.0,USD
1773,100748,2025-09-29T15:18:30Z,,paid,fulfilled,online_store,US,CA,44.0,0.0,,5.95,2.64,52.59,shopify_payments,1.83,USD
1774,100749,2025-09-29T17:01:25Z,,paid,fulfilled,online_store,US,WA,36.0,0.0,,5.95,2.16,44.11,paypal,2.03,USD
1775,100750,2025-09-29T17:14:41Z,,paid,fulfilled,shop_app,US,CA,92.0,13.8,WELCOME15,0.0,4.69,82.89,shopify_payments,2.7,USD
1776,100621,2025-09-29T18:35:08Z,,paid,fulfilled,online_store,US,TX,88.0,0.0,,0.0,5.28,93.28,shopify_payments,3.01,USD
1777,100751,2025-09-29T23:09:38Z,,refunded,fulfilled,online_store,CA,BC,34.0,5.1,WELCOME15,12.95,1.44,43.29,shopify_payments,1.56,USD
1778,100752,2025-09-30T00:31:13Z,,paid,fulfilled,online_store,US,MI,34.0,5.1,WELCOME15,5.95,1.73,36.58,shop_pay,1.36,USD
1779,100753,2025-09-30T01:16:34Z,,paid,fulfilled,online_store,US,TX,58.0,0.0,,0.0,3.48,61.48,shopify_payments,2.08,USD
1780,100755,2025-09-30T02:50:04Z,,paid,fulfilled,online_store,US,FL,36.0,0.0,,5.95,2.16,44.11,shop_pay,1.58,USD
1781,100756,2025-09-30T09:02:06Z,,paid,fulfilled,online_store,US,PA,63.0,0.0,,0.0,3.78,66.78,paypal,2.82,USD
1782,100757,2025-09-30T10:37:51Z,,paid,fulfilled,online_store,US,NY,32.0,0.0,,5.95,1.92,39.87,shopify_payments,1.46,USD
1783,100759,2025-09-30T12:23:11Z,,paid,fulfilled,online_store,US,TX,36.0,0.0,,5.95,2.16,44.11,shop_pay,1.58,USD
1784,100758,2025-09-30T12:24:19Z,,paid,fulfilled,online_store,US,NY,65.0,9.75,NOURISHED15,0.0,3.32,58.57,shopify_payments,2.0,USD
1785,100760,2025-09-30T13:05:32Z,,paid,fulfilled,online_store,US,NC,58.0,0.0,,0.0,3.48,61.48,shopify_payments,2.08,USD
1786,100761,2025-09-30T14:25:32Z,,paid,fulfilled,online_store,US,GA,98.0,0.0,,0.0,5.88,103.88,shopify_payments,3.31,USD
1787,100762,2025-09-30T14:32:37Z,,paid,fulfilled,online_store,US,TX,36.0,0.0,FREESHIP,0.0,2.16,38.16,paypal,1.82,USD
1788,100585,2025-09-30T16:19:58Z,,paid,fulfilled,shop_app,US,CA,68.0,0.0,,0.0,4.08,72.08,shop_pay,2.39,USD
1789,100733,2025-09-30T19:21:06Z,,paid,fulfilled,online_store,GB,ENG,29.0,2.9,"AMELIA10,FREESHIP",0.0,5.22,31.32,shopify_payments,1.21,USD
1790,100764,2025-09-30T19:42:15Z,,paid,fulfilled,online_store,US,NJ,26.0,0.0,,5.95,1.56,33.51,shopify_payments,1.27,USD
1791,100765,2025-10-01T01:05:06Z,,paid,fulfilled,online_store,US,WA,84.0,0.0,,0.0,5.04,89.04,paypal,3.6,USD
1792,100767,2025-10-01T01:21:03Z,,paid,fulfilled,online_store,US,VA,26.0,3.9,WELCOME15,5.95,1.33,29.38,shopify_payments,1.15,USD
1793,100766,2025-10-01T01:22:51Z,,paid,fulfilled,online_store,AU,QLD,36.0,0.0,,12.95,3.6,52.55,shopify_payments,1.82,USD
1794,100768,2025-10-01T01:32:18Z,,paid,fulfilled,online_store,US,MA,44.0,6.6,WELCOME15,5.95,2.24,45.59,paypal,2.08,USD
1795,100769,2025-10-01T10:45:54Z,,paid,fulfilled,online_store,GB,SCT,80.0,12.0,SKINBYJORDAN15,12.95,13.6,94.55,shop_pay,3.04,USD
1796,100400,2025-10-01T11:12:27Z,,paid,fulfilled,online_store,US,GA,66.0,0.0,,0.0,3.96,69.96,shopify_payments,2.33,USD
1797,100770,2025-10-01T11:28:37Z,,paid,fulfilled,online_store,US,OH,84.0,0.0,,0.0,5.04,89.04,paypal,3.6,USD
1798,100165,2025-10-01T11:47:15Z,,paid,fulfilled,online_store,US,MO,34.0,0.0,,5.95,2.04,41.99,shopify_payments,1.52,USD
1799,100771,2025-10-01T11:50:18Z,,refunded,fulfilled,online_store,US,NJ,44.0,6.6,WELCOME15,5.95,2.24,45.59,shopify_payments,1.62,USD
1800,100773,2025-10-01T12:11:23Z,,paid,fulfilled,online_store,US,MN,84.0,0.0,,0.0,5.04,89.04,shopify_payments,2.88,USD
1801,100774,2025-10-01T12:45:33Z,,paid,fulfilled,online_store,US,MO,22.0,0.0,,5.95,1.32,29.27,shopify_payments,1.15,USD
1802,100775,2025-10-01T13:00:53Z,,paid,fulfilled,online_store,CA,AB,66.0,0.0,,12.95,3.3,82.25,paypal,3.36,USD
1803,100776,2025-10-01T13:10:33Z,,partially_refunded,fulfilled,online_store,US,TN,82.0,0.0,,0.0,4.92,86.92,shop_pay,2.82,USD
1804,100778,2025-10-01T13:19:43Z,,paid,fulfilled,online_store,US,FL,106.0,0.0,,0.0,6.36,112.36,shop_pay,3.56,USD
1805,100279,2025-10-01T13:36:12Z,,paid,fulfilled,online_store,US,OH,132.0,13.2,LOYAL10,0.0,7.13,125.93,klarna,7.84,USD
1806,100779,2025-10-01T14:17:42Z,,paid,fulfilled,online_store,US,CA,106.0,10.6,AMELIA10,0.0,5.72,101.12,shopify_payments,3.23,USD
1807,100780,2025-10-01T15:05:02Z,,refunded,fulfilled,online_store,US,VA,28.0,4.2,WELCOME15,5.95,1.43,31.18,shop_pay,1.2,USD
1808,100781,2025-10-01T16:15:31Z,,partially_refunded,fulfilled,online_store,CA,QC,65.0,0.0,,12.95,3.25,81.2,shopify_payments,2.65,USD
1809,100374,2025-10-01T18:38:36Z,,paid,fulfilled,online_store,US,WI,97.0,9.7,LOYAL10,0.0,5.24,92.54,shopify_payments,2.98,USD
1810,100341,2025-10-01T19:38:24Z,,paid,fulfilled,online_store,US,MO,84.0,0.0,,0.0,5.04,89.04,shopify_payments,2.88,USD
1811,100782,2025-10-01T19:40:52Z,,paid,fulfilled,online_store,US,AZ,36.0,0.0,,5.95,2.16,44.11,paypal,2.03,USD
1812,100783,2025-10-01T20:29:47Z,,paid,fulfilled,online_store,US,NY,84.0,0.0,,0.0,5.04,89.04,shopify_payments,2.88,USD
1813,100339,2025-10-01T21:45:22Z,,paid,fulfilled,online_store,US,MN,68.0,6.8,LOYAL10,0.0,3.67,64.87,shop_pay,2.18,USD
1814,100786,2025-10-02T02:31:51Z,2025-10-02T20:31:51Z,voided,unfulfilled,online_store,US,CA,126.0,0.0,,0.0,7.56,133.56,paypal,0.0,USD
1815,100787,2025-10-02T03:12:12Z,,paid,fulfilled,online_store,US,MA,68.0,0.0,,0.0,4.08,72.08,shop_pay,2.39,USD
1816,100498,2025-10-02T04:40:59Z,,partially_refunded,fulfilled,online_store,US,IL,56.0,0.0,,0.0,3.36,59.36,shop_pay,2.02,USD
1817,100465,2025-10-02T08:49:48Z,,paid,fulfilled,online_store,US,NY,22.0,0.0,,5.95,1.32,29.27,shopify_payments,1.15,USD
1818,100788,2025-10-02T14:45:38Z,,paid,fulfilled,online_store,US,CO,142.0,0.0,,0.0,8.52,150.52,shop_pay,4.67,USD
1819,100789,2025-10-02T15:18:26Z,,paid,fulfilled,online_store,US,WA,34.0,0.0,,5.95,2.04,41.99,shopify_payments,1.52,USD
1820,100790,2025-10-02T16:01:49Z,,paid,fulfilled,online_store,US,IN,26.0,0.0,,5.95,1.56,33.51,shopify_payments,1.27,USD
1821,100791,2025-10-02T16:41:48Z,,paid,fulfilled,online_store,US,WA,28.0,4.2,WELCOME15,5.95,1.43,31.18,shopify_payments,1.2,USD
1822,100792,2025-10-02T17:25:26Z,,paid,fulfilled,online_store,US,WA,24.0,3.6,WELCOME15,5.95,1.22,27.57,shop_pay,1.1,USD
1823,100398,2025-10-02T18:14:12Z,,paid,fulfilled,online_store,CA,QC,133.0,13.3,LOYAL10,0.0,5.98,125.68,shopify_payments,3.94,USD
1824,100589,2025-10-02T23:09:17Z,,paid,fulfilled,online_store,AU,VIC,56.0,0.0,,12.95,5.6,74.55,shopify_payments,2.46,USD
1825,100793,2025-10-03T01:30:54Z,,paid,fulfilled,online_store,US,FL,28.0,0.0,FREESHIP,0.0,1.68,29.68,shop_pay,1.16,USD
1826,100794,2025-10-03T02:35:23Z,,paid,fulfilled,online_store,US,CA,84.0,12.6,WELCOME15,0.0,4.28,75.68,shopify_payments,2.49,USD
1827,100795,2025-10-03T04:53:30Z,,paid,fulfilled,online_store,US,NY,138.0,20.7,WELCOME15,0.0,7.04,124.34,shopify_payments,3.91,USD
1828,100304,2025-10-03T09:52:13Z,,paid,fulfilled,online_store,US,NY,34.0,3.4,LOYAL10,5.95,1.84,38.39,shopify_payments,1.41,USD
1829,100796,2025-10-03T13:24:00Z,,refunded,fulfilled,online_store,US,CA,34.0,3.4,AMELIA10,5.95,1.84,38.39,paypal,1.83,USD
1830,100797,2025-10-03T13:29:35Z,,partially_refunded,fulfilled,online_store,US,FL,68.0,0.0,,0.0,4.08,72.08,shopify_payments,2.39,USD
1831,100798,2025-10-03T13:38:46Z,,partially_refunded,fulfilled,online_store,US,NY,138.0,0.0,,0.0,8.28,146.28,shopify_payments,4.54,USD
1832,100799,2025-10-03T15:11:45Z,,paid,fulfilled,shop_app,AU,WA,29.0,0.0,,12.95,2.9,44.85,shopify_payments,1.6,USD
1833,100800,2025-10-03T19:29:52Z,,partially_refunded,fulfilled,online_store,US,FL,78.0,7.8,AMELIA10,0.0,4.21,74.41,shopify_payments,2.46,USD
1834,100802,2025-10-04T03:24:08Z,,paid,fulfilled,online_store,US,NY,44.0,6.6,WELCOME15,5.95,2.24,45.59,paypal,2.08,USD
1835,100568,2025-10-04T09:05:32Z,,paid,fulfilled,online_store,US,FL,26.0,0.0,,5.95,1.56,33.51,shopify_payments,1.27,USD
1836,100249,2025-10-04T10:07:14Z,,paid,fulfilled,online_store,US,TX,46.0,0.0,,5.95,2.76,54.71,paypal,2.4,USD
1837,100803,2025-10-04T10:33:23Z,,paid,fulfilled,online_store,US,GA,28.0,0.0,,5.95,1.68,35.63,paypal,1.73,USD
1838,100804,2025-10-04T11:07:08Z,,refunded,fulfilled,online_store,CA,QC,34.0,0.0,,12.95,1.7,48.65,shopify_payments,1.71,USD
1839,100805,2025-10-04T13:16:52Z,,paid,fulfilled,online_store,US,CA,34.0,0.0,,5.95,2.04,41.99,shopify_payments,1.52,USD
1840,100806,2025-10-04T13:21:33Z,,paid,fulfilled,online_store,CA,AB,34.0,0.0,,12.95,1.7,48.65,shop_pay,1.71,USD
1841,100807,2025-10-04T14:09:12Z,,paid,fulfilled,online_store,US,IN,24.0,0.0,,5.95,1.44,31.39,shopify_payments,1.21,USD
1842,100808,2025-10-04T15:43:55Z,,paid,fulfilled,online_store,US,CA,29.0,0.0,,5.95,1.74,36.69,shopify_payments,1.36,USD
1843,100809,2025-10-04T16:54:08Z,,paid,fulfilled,online_store,US,CA,22.0,0.0,,5.95,1.32,29.27,paypal,1.51,USD
1844,100810,2025-10-04T17:26:35Z,,paid,fulfilled,online_store,US,TX,34.0,0.0,,5.95,2.04,41.99,shopify_payments,1.52,USD
1845,100811,2025-10-04T18:05:50Z,,paid,fulfilled,online_store,GB,ENG,34.0,0.0,,12.95,6.8,53.75,shop_pay,1.86,USD
1846,100813,2025-10-04T22:30:41Z,,paid,fulfilled,online_store,US,TN,44.0,0.0,,5.95,2.64,52.59,shopify_payments,1.83,USD
1847,100814,2025-10-04T23:06:23Z,,paid,fulfilled,online_store,US,NJ,34.0,5.1,WELCOME15,5.95,1.73,36.58,shopify_payments,1.36,USD
1848,100815,2025-10-05T00:47:18Z,,paid,fulfilled,online_store,GB,WLS,44.0,6.6,WELCOME15,12.95,7.48,57.83,shopify_payments,1.98,USD
1849,100816,2025-10-05T03:25:29Z,,paid,fulfilled,online_store,US,GA,34.0,0.0,,5.95,2.04,41.99,shop_pay,1.52,USD
1850,100611,2025-10-05T03:46:23Z,,paid,fulfilled,online_store,US,GA,92.0,9.2,LOYAL10,0.0,4.97,87.77,shop_pay,2.85,USD
1851,100817,2025-10-05T05:12:32Z,,paid,fulfilled,online_store,US,TN,34.0,0.0,,5.95,2.04,41.99,shopify_payments,1.52,USD
1852,100565,2025-10-05T08:12:07Z,,paid,fulfilled,online_store,US,NJ,114.0,0.0,,0.0,6.84,120.84,shop_pay,3.8,USD
1853,100467,2025-10-05T09:20:15Z,,partially_refunded,fulfilled,online_store,US,NH,60.0,6.0,LOYAL10,0.0,0.0,54.0,shop_pay,1.87,USD
1854,100818,2025-10-05T11:20:25Z,,paid,fulfilled,online_store,US,OH,34.0,5.1,"WELCOME15,FREESHIP",0.0,1.73,30.63,shopify_payments,1.19,USD
1855,100028,2025-10-05T11:35:27Z,,paid,fulfilled,online_store,US,IN,32.0,0.0,,5.95,1.92,39.87,shop_pay,1.46,USD
1856,100819,2025-10-05T13:55:29Z,,partially_refunded,fulfilled,online_store,US,MA,78.0,0.0,,0.0,4.68,82.68,shopify_payments,2.7,USD
1857,100820,2025-10-05T14:24:48Z,,paid,fulfilled,online_store,US,AZ,70.0,10.5,WELCOME15,0.0,3.57,63.07,paypal,2.69,USD
1858,100821,2025-10-05T16:32:12Z,,paid,fulfilled,shop_app,US,NY,61.0,0.0,,0.0,3.66,64.66,paypal,2.75,USD
1859,100822,2025-10-05T16:50:34Z,,paid,fulfilled,online_store,US,WI,68.0,10.2,WELCOME15,0.0,3.47,61.27,shopify_payments,2.08,USD
1860,100296,2025-10-05T17:28:52Z,,paid,fulfilled,online_store,US,MN,34.0,0.0,,5.95,2.04,41.99,paypal,1.96,USD
1861,100321,2025-10-05T20:13:45Z,,paid,fulfilled,online_store,US,OR,54.0,0.0,,0.0,0.0,54.0,paypal,2.37,USD
1862,100359,2025-10-06T06:57:00Z,,partially_refunded,fulfilled,online_store,US,NJ,78.0,7.8,LOYAL10,0.0,4.21,74.41,shopify_payments,2.46,USD
1863,100455,2025-10-06T09:09:26Z,,paid,fulfilled,online_store,US,OR,92.0,0.0,,0.0,0.0,92.0,shopify_payments,2.97,USD
1864,100824,2025-10-06T12:12:04Z,,paid,fulfilled,online_store,US,IL,22.0,0.0,,5.95,1.32,29.27,shop_pay,1.15,USD
1865,100825,2025-10-06T16:43:32Z,,paid,fulfilled,online_store,GB,ENG,116.0,0.0,,0.0,23.2,139.2,shop_pay,4.34,USD
1866,100303,2025-10-06T21:18:17Z,,paid,fulfilled,online_store,US,TX,140.0,14.0,LOYAL10,0.0,7.56,133.56,shopify_payments,4.17,USD
1867,100826,2025-10-06T22:05:52Z,,paid,fulfilled,online_store,US,NY,29.0,0.0,,5.95,1.74,36.69,paypal,1.77,USD
1868,100828,2025-10-07T02:22:19Z,,paid,fulfilled,online_store,US,OH,28.0,4.2,WELCOME15,5.95,1.43,31.18,shopify_payments,1.2,USD
1869,100829,2025-10-07T02:50:52Z,,paid,fulfilled,online_store,US,NY,68.0,10.2,WELCOME15,0.0,3.47,61.27,shop_pay,2.08,USD
1870,100370,2025-10-07T02:54:27Z,,paid,fulfilled,online_store,US,CA,102.0,0.0,,0.0,6.12,108.12,paypal,4.26,USD
1871,100830,2025-10-07T05:19:44Z,,paid,fulfilled,online_store,US,CO,68.0,0.0,,0.0,4.08,72.08,shop_pay,2.39,USD
1872,100145,2025-10-07T05:58:55Z,,paid,fulfilled,online_store,US,VA,34.0,0.0,,5.95,2.04,41.99,shopify_payments,1.52,USD
1873,100832,2025-10-07T08:51:10Z,,paid,fulfilled,online_store,US,FL,32.0,0.0,,5.95,1.92,39.87,shopify_payments,1.46,USD
1874,100833,2025-10-07T09:11:28Z,,paid,fulfilled,online_store,US,GA,70.0,0.0,,0.0,4.2,74.2,paypal,3.08,USD
1875,100834,2025-10-07T12:44:02Z,,paid,fulfilled,online_store,US,NC,34.0,0.0,,5.95,2.04,41.99,shopify_payments,1.52,USD
1876,100835,2025-10-07T15:15:34Z,,paid,fulfilled,online_store,US,FL,146.0,40.52,"SKINBYJORDAN15,WELCOME15",0.0,6.33,111.81,paypal,4.39,USD
1877,100839,2025-10-07T21:23:22Z,,paid,fulfilled,online_store,US,TN,29.0,4.35,WELCOME15,5.95,1.48,32.08,paypal,1.61,USD
1878,100840,2025-10-07T23:01:55Z,,paid,fulfilled,online_store,US,MO,24.0,0.0,,5.95,1.44,31.39,shopify_payments,1.21,USD
1879,100841,2025-10-08T01:25:50Z,,paid,fulfilled,online_store,US,MO,32.0,0.0,,5.95,1.92,39.87,shopify_payments,1.46,USD
1880,100842,2025-10-08T01:29:53Z,,paid,fulfilled,online_store,CA,ON,34.0,5.1,WELCOME15,12.95,1.44,43.29,shopify_payments,1.56,USD
1881,100843,2025-10-08T01:52:57Z,2025-10-08T02:52:57Z,voided,unfulfilled,online_store,US,CA,84.0,0.0,,0.0,5.04,89.04,shopify_payments,0.0,USD
1882,100016,2025-10-08T09:50:20Z,,paid,fulfilled,online_store,US,CA,66.0,0.0,,0.0,3.96,69.96,shopify_payments,2.33,USD
1883,100844,2025-10-08T10:40:37Z,,paid,fulfilled,online_store,US,PA,36.0,0.0,,5.95,2.16,44.11,shop_pay,1.58,USD
1884,100845,2025-10-08T11:33:47Z,,paid,fulfilled,online_store,US,CA,70.0,0.0,,0.0,4.2,74.2,shopify_payments,2.45,USD
1885,100772,2025-10-08T11:50:02Z,2025-10-08T15:50:02Z,voided,unfulfilled,online_store,US,TX,34.0,5.1,WELCOME15,5.95,1.73,36.58,shop_pay,0.0,USD
1886,100846,2025-10-08T13:08:42Z,,paid,fulfilled,online_store,US,WA,22.0,0.0,,5.95,1.32,29.27,shopify_payments,1.15,USD
1887,100847,2025-10-08T13:39:24Z,,paid,fulfilled,online_store,US,IN,34.0,0.0,,5.95,2.04,41.99,paypal,1.96,USD
1888,100848,2025-10-08T13:42:40Z,,paid,fulfilled,online_store,CA,AB,48.0,7.2,WELCOME15,12.95,2.04,55.79,shopify_payments,1.92,USD
1889,100849,2025-10-08T13:43:10Z,,paid,fulfilled,shop_app,US,TN,91.0,0.0,,0.0,5.46,96.46,paypal,3.86,USD
1890,100850,2025-10-08T16:18:16Z,,paid,fulfilled,online_store,US,OH,68.0,6.8,AMELIA10,0.0,3.67,64.87,shop_pay,2.18,USD
1891,100851,2025-10-08T21:09:01Z,,paid,fulfilled,online_store,GB,ENG,24.0,3.6,WELCOME15,12.95,4.08,37.43,shopify_payments,1.39,USD
1892,100852,2025-10-08T22:21:04Z,,paid,fulfilled,online_store,US,IN,24.0,0.0,,5.95,1.44,31.39,shop_pay,1.21,USD
1893,100853,2025-10-08T23:38:45Z,,paid,fulfilled,online_store,US,FL,110.0,16.5,WELCOME15,0.0,5.61,99.11,shop_pay,3.17,USD
1894,100855,2025-10-09T02:07:28Z,,paid,fulfilled,online_store,US,TX,34.0,5.1,WELCOME15,5.95,1.73,36.58,shop_pay,1.36,USD
1895,100856,2025-10-09T02:50:19Z,,paid,fulfilled,online_store,US,GA,34.0,5.1,WELCOME15,5.95,1.73,36.58,paypal,1.77,USD
1896,100857,2025-10-09T04:02:08Z,,paid,fulfilled,online_store,US,CA,66.0,7.92,GLOWWITHSAM12,0.0,3.48,61.56,shopify_payments,2.09,USD
1897,100065,2025-10-09T05:04:15Z,,paid,fulfilled,online_store,US,IL,51.0,5.1,LOYAL10,5.95,2.75,54.6,shopify_payments,1.88,USD
1898,100385,2025-10-09T09:46:45Z,,paid,fulfilled,online_store,US,MN,66.0,0.0,,0.0,3.96,69.96,shop_pay,2.33,USD
1899,100858,2025-10-09T11:02:22Z,,paid,fulfilled,online_store,GB,ENG,62.0,0.0,,12.95,12.4,87.35,shopify_payments,2.83,USD
1900,100859,2025-10-09T13:35:20Z,,paid,fulfilled,shop_app,CA,ON,34.0,0.0,,12.95,1.7,48.65,paypal,2.19,USD
1901,100860,2025-10-09T13:36:07Z,,paid,fulfilled,online_store,GB,SCT,66.0,9.9,WELCOME15,12.95,11.22,80.27,paypal,3.29,USD
1902,100861,2025-10-09T16:00:50Z,,paid,fulfilled,shop_app,US,NY,104.0,15.6,WELCOME15,0.0,5.3,93.7,shopify_payments,3.02,USD
1903,100862,2025-10-09T16:26:04Z,,paid,fulfilled,online_store,US,CO,29.0,4.35,WELCOME15,5.95,1.48,32.08,shopify_payments,1.23,USD
1904,100863,2025-10-09T21:34:29Z,,paid,fulfilled,online_store,US,MN,34.0,5.1,WELCOME15,5.95,1.73,36.58,shop_pay,1.36,USD
1905,100864,2025-10-09T21:54:47Z,,paid,fulfilled,online_store,US,DE,68.0,10.2,WELCOME15,0.0,0.0,57.8,shopify_payments,1.98,USD
1906,100865,2025-10-10T00:30:11Z,,paid,fulfilled,shop_app,CA,BC,24.0,3.6,WELCOME15,12.95,1.02,34.37,shopify_payments,1.3,USD
1907,100434,2025-10-10T00:30:20Z,,paid,fulfilled,online_store,US,CA,34.0,0.0,,5.95,2.04,41.99,shop_pay,1.52,USD
1908,100867,2025-10-10T01:28:40Z,,paid,fulfilled,online_store,US,FL,34.0,0.0,,5.95,2.04,41.99,shopify_payments,1.52,USD
1909,100868,2025-10-10T04:05:35Z,,paid,fulfilled,online_store,US,PA,66.0,9.9,WELCOME15,0.0,3.37,59.47,shop_pay,2.02,USD
1910,100869,2025-10-10T04:38:01Z,,paid,fulfilled,shop_app,US,PA,24.0,3.6,WELCOME15,5.95,1.22,27.57,paypal,1.45,USD
1911,100871,2025-10-10T13:30:45Z,,paid,fulfilled,online_store,US,VA,96.0,0.0,,0.0,5.76,101.76,paypal,4.04,USD
1912,100872,2025-10-10T13:46:14Z,,paid,fulfilled,shop_app,GB,SCT,48.0,7.2,WELCOME15,12.95,8.16,61.91,paypal,2.65,USD
1913,100873,2025-10-10T13:47:33Z,,partially_refunded,fulfilled,online_store,US,MI,58.0,14.62,"GLOWWITHSAM12,WELCOME15",5.95,2.6,51.93,shopify_payments,1.81,USD
1914,100174,2025-10-10T15:05:15Z,,paid,fulfilled,online_store,US,FL,54.0,0.0,,0.0,3.24,57.24,paypal,2.49,USD
1915,100874,2025-10-10T16:32:31Z,,paid,fulfilled,online_store,US,GA,60.0,0.0,,0.0,3.6,63.6,shop_pay,2.14,USD
1916,100024,2025-10-10T16:42:09Z,,partially_refunded,fulfilled,online_store,US,WA,198.0,0.0,,0.0,11.88,209.88,shop_pay,6.39,USD
1917,100875,2025-10-10T17:00:35Z,,paid,fulfilled,online_store,US,MD,36.0,0.0,,5.95,2.16,44.11,shopify_payments,1.58,USD
1918,100876,2025-10-10T17:02:41Z,,paid,fulfilled,online_store,US,PA,54.0,8.1,WELCOME15,5.95,2.75,54.6,paypal,2.4,USD
1919,100658,2025-10-10T18:32:27Z,,paid,fulfilled,online_store,US,AZ,78.0,0.0,,0.0,4.68,82.68,shop_pay,2.7,USD
1920,100877,2025-10-10T18:40:09Z,,paid,fulfilled,online_store,CA,AB,34.0,0.0,,12.95,1.7,48.65,shopify_payments,1.71,USD
1921,100878,2025-10-10T23:53:45Z,,paid,fulfilled,online_store,US,MD,34.0,0.0,,5.95,2.04,41.99,shopify_payments,1.52,USD
1922,100879,2025-10-11T01:30:25Z,,paid,fulfilled,online_store,US,FL,68.0,10.2,WELCOME15,0.0,3.47,61.27,shop_pay,2.08,USD
1923,100880,2025-10-11T02:34:46Z,,paid,fulfilled,online_store,US,CA,84.0,12.6,WELCOME15,0.0,4.28,75.68,shopify_payments,2.49,USD
1924,100457,2025-10-11T11:29:38Z,,paid,fulfilled,online_store,US,NY,160.0,0.0,,0.0,9.6,169.6,shopify_payments,5.22,USD
1925,100881,2025-10-11T11:42:04Z,,paid,fulfilled,online_store,US,TX,24.0,0.0,,5.95,1.44,31.39,paypal,1.59,USD
1926,100649,2025-10-11T13:19:34Z,,paid,fulfilled,online_store,US,TX,26.0,0.0,,5.95,1.56,33.51,paypal,1.66,USD
1927,100882,2025-10-11T15:07:21Z,,paid,fulfilled,online_store,US,NJ,34.0,5.1,WELCOME15,5.95,1.73,36.58,shopify_payments,1.36,USD
1928,100883,2025-10-11T17:49:55Z,,paid,fulfilled,online_store,US,MD,48.0,7.2,WELCOME15,5.95,2.45,49.2,shop_pay,1.73,USD
1929,100529,2025-10-11T18:46:04Z,,refunded,fulfilled,online_store,US,FL,34.0,0.0,,5.95,2.04,41.99,shop_pay,1.52,USD
1930,100884,2025-10-11T21:35:25Z,,paid,fulfilled,online_store,US,CA,82.0,0.0,,0.0,4.92,86.92,shopify_payments,2.82,USD
1931,100885,2025-10-11T21:41:55Z,,paid,fulfilled,online_store,US,CA,50.0,7.5,WELCOME15,5.95,2.55,51.0,shop_pay,1.78,USD
1932,100886,2025-10-11T23:06:57Z,,paid,fulfilled,online_store,US,CA,22.0,3.3,WELCOME15,5.95,1.12,25.77,paypal,1.39,USD
1933,100887,2025-10-12T01:44:58Z,,paid,fulfilled,online_store,US,MI,89.0,0.0,,0.0,5.34,94.34,shop_pay,3.04,USD
1934,100888,2025-10-12T01:45:45Z,,paid,fulfilled,online_store,US,CA,120.0,0.0,,0.0,7.2,127.2,shopify_payments,3.99,USD
1935,100889,2025-10-12T03:24:08Z,,paid,fulfilled,online_store,CA,QC,36.0,0.0,,12.95,1.8,50.75,shopify_payments,1.77,USD
1936,100890,2025-10-12T05:10:34Z,,paid,fulfilled,online_store,CA,AB,68.0,0.0,,12.95,3.4,84.35,shop_pay,2.75,USD
1937,100891,2025-10-12T06:31:59Z,,paid,fulfilled,online_store,US,CA,48.0,7.2,WELCOME15,5.95,2.45,49.2,shopify_payments,1.73,USD
1938,100892,2025-10-12T07:17:30Z,,paid,fulfilled,online_store,US,NJ,68.0,0.0,,0.0,4.08,72.08,shopify_payments,2.39,USD
1939,100894,2025-10-12T12:12:15Z,,paid,fulfilled,online_store,US,GA,32.0,0.0,,5.95,1.92,39.87,shopify_payments,1.46,USD
1940,100576,2025-10-12T12:26:38Z,,paid,fulfilled,online_store,US,NJ,137.0,0.0,,0.0,8.22,145.22,shop_pay,4.51,USD
1941,100895,2025-10-12T14:29:53Z,2025-10-12T22:29:53Z,voided,unfulfilled,shop_app,US,PA,32.0,0.0,,5.95,1.92,39.87,paypal,0.0,USD
1942,100640,2025-10-12T16:00:04Z,,paid,fulfilled,online_store,US,WA,26.0,0.0,,5.95,1.56,33.51,shopify_payments,1.27,USD
1943,100241,2025-10-12T16:26:17Z,,paid,fulfilled,online_store,US,VA,34.0,0.0,,5.95,2.04,41.99,paypal,1.96,USD
1944,100087,2025-10-12T16:46:39Z,,refunded,fulfilled,online_store,US,VA,84.0,0.0,,0.0,5.04,89.04,shop_pay,2.88,USD
1945,100716,2025-10-12T18:25:47Z,,paid,fulfilled,online_store,US,CA,34.0,0.0,,5.95,2.04,41.99,shopify_payments,1.52,USD
1946,100584,2025-10-12T18:57:29Z,,partially_refunded,fulfilled,online_store,US,FL,100.0,0.0,,0.0,6.0,106.0,shopify_payments,3.37,USD
1947,100720,2025-10-12T20:07:14Z,,refunded,fulfilled,online_store,US,OR,44.0,0.0,,5.95,0.0,49.95,shop_pay,1.75,USD
1948,100569,2025-10-12T20:13:01Z,,paid,fulfilled,online_store,US,MA,120.0,0.0,,0.0,7.2,127.2,shopify_payments,3.99,USD
1949,100897,2025-10-12T21:17:42Z,,paid,fulfilled,online_store,US,WI,29.0,0.0,,5.95,1.74,36.69,shopify_payments,1.36,USD
1950,100898,2025-10-12T23:19:14Z,2025-10-13T08:19:14Z,voided,unfulfilled,online_store,US,IL,24.0,0.0,,5.95,1.44,31.39,shop_pay,0.0,USD
1951,100900,2025-10-13T00:24:44Z,,paid,fulfilled,online_store,US,NC,66.0,0.0,,0.0,3.96,69.96,shopify_payments,2.33,USD
1952,100901,2025-10-13T00:48:14Z,,paid,fulfilled,online_store,US,NJ,63.0,0.0,,0.0,3.78,66.78,shop_pay,2.24,USD
1953,100902,2025-10-13T01:26:04Z,,paid,fulfilled,online_store,US,TX,34.0,5.1,WELCOME15,5.95,1.73,36.58,paypal,1.77,USD
1954,100903,2025-10-13T03:03:43Z,,paid,fulfilled,online_store,US,CA,50.0,0.0,,0.0,3.0,53.0,paypal,2.34,USD
1955,100904,2025-10-13T06:45:08Z,,paid,fulfilled,online_store,US,VA,211.0,31.65,WELCOME15,0.0,10.76,190.11,shopify_payments,5.81,USD
1956,100544,2025-10-13T09:22:08Z,,paid,fulfilled,online_store,US,TX,84.0,0.0,,0.0,5.04,89.04,shopify_payments,2.88,USD
1957,100905,2025-10-13T11:20:24Z,,paid,fulfilled,online_store,US,CA,24.0,0.0,FREESHIP,0.0,1.44,25.44,shopify_payments,1.04,USD
1958,100907,2025-10-13T11:31:58Z,,paid,fulfilled,shop_app,US,MD,58.0,0.0,,0.0,3.48,61.48,paypal,2.64,USD
1959,100908,2025-10-13T12:36:30Z,,paid,fulfilled,online_store,US,WI,56.0,0.0,,0.0,3.36,59.36,shopify_payments,2.02,USD
1960,100178,2025-10-13T14:17:31Z,,paid,fulfilled,online_store,US,NY,80.0,0.0,,0.0,4.8,84.8,shopify_payments,2.76,USD
1961,100910,2025-10-13T15:21:09Z,,refunded,fulfilled,online_store,US,TX,84.0,0.0,,0.0,5.04,89.04,paypal,3.6,USD
1962,100622,2025-10-13T15:32:14Z,,paid,fulfilled,online_store,US,MI,136.0,0.0,,0.0,8.16,144.16,shopify_payments,4.48,USD
1963,100836,2025-10-13T15:57:01Z,,paid,fulfilled,online_store,US,FL,68.0,10.2,WELCOME15,0.0,3.47,61.27,paypal,2.63,USD
1964,100911,2025-10-13T18:13:00Z,,paid,fulfilled,online_store,US,MO,34.0,0.0,,5.95,2.04,41.99,shop_pay,1.52,USD
1965,100504,2025-10-13T19:56:35Z,,paid,fulfilled,online_store,US,TX,66.0,0.0,,0.0,3.96,69.96,paypal,2.93,USD
1966,100912,2025-10-13T20:18:37Z,,paid,fulfilled,shop_app,US,CA,29.0,4.35,WELCOME15,5.95,1.48,32.08,shop_pay,1.23,USD
1967,100424,2025-10-13T21:12:28Z,,paid,fulfilled,online_store,US,CO,88.0,8.8,LOYAL10,0.0,4.75,83.95,shopify_payments,2.73,USD
1968,100913,2025-10-13T21:58:43Z,,paid,fulfilled,online_store,US,OH,34.0,0.0,,5.95,2.04,41.99,shopify_payments,1.52,USD
1969,100914,2025-10-13T23:59:45Z,,paid,fulfilled,online_store,US,PA,84.0,12.6,WELCOME15,0.0,4.28,75.68,shopify_payments,2.49,USD
1970,100503,2025-10-14T01:25:27Z,,paid,fulfilled,online_store,US,TN,34.0,0.0,,5.95,2.04,41.99,shop_pay,1.52,USD
1971,100915,2025-10-14T01:25:44Z,,paid,fulfilled,online_store,CA,AB,88.0,13.2,WELCOME15,12.95,3.74,91.49,paypal,3.68,USD
1972,100916,2025-10-14T01:48:28Z,,paid,fulfilled,online_store,US,CA,152.0,22.8,WELCOME15,0.0,7.75,136.95,klarna,8.5,USD
1973,100917,2025-10-14T03:21:43Z,,paid,fulfilled,online_store,US,MN,108.0,0.0,,0.0,6.48,114.48,shopify_payments,3.62,USD
1974,100479,2025-10-14T08:05:12Z,,paid,fulfilled,online_store,US,CA,68.0,6.8,LOYAL10,0.0,3.67,64.87,shopify_payments,2.18,USD
1975,100919,2025-10-14T13:07:27Z,,paid,fulfilled,online_store,US,PA,116.0,17.4,WELCOME15,0.0,5.92,104.52,paypal,4.14,USD
1976,100920,2025-10-14T14:02:17Z,,paid,fulfilled,online_store,CA,AB,128.0,19.2,WELCOME15,0.0,5.44,114.24,paypal,4.48,USD
1977,100921,2025-10-14T14:48:28Z,,paid,fulfilled,online_store,US,GA,84.0,12.6,WELCOME15,0.0,4.28,75.68,paypal,3.13,USD
1978,100922,2025-10-14T15:28:46Z,,paid,fulfilled,online_store,US,NJ,118.0,17.7,WELCOME15,0.0,6.02,106.32,shop_pay,3.38,USD
1979,100923,2025-10-14T16:00:36Z,,partially_refunded,fulfilled,online_store,US,MI,70.0,0.0,,0.0,4.2,74.2,paypal,3.08,USD
1980,100209,2025-10-14T19:42:27Z,,paid,fulfilled,online_store,US,IL,144.0,14.4,LOYAL10,0.0,7.78,137.38,shopify_payments,4.28,USD
1981,100607,2025-10-14T19:51:46Z,,paid,fulfilled,online_store,US,FL,32.0,0.0,,5.95,1.92,39.87,shopify_payments,1.46,USD
1982,100925,2025-10-15T01:03:27Z,,paid,fulfilled,online_store,GB,WLS,44.0,0.0,FREESHIP,0.0,8.8,52.8,shopify_payments,1.83,USD
1983,100831,2025-10-15T07:29:36Z,,paid,fulfilled,online_store,US,NC,60.0,0.0,,0.0,3.6,63.6,shopify_payments,2.14,USD
1984,100926,2025-10-15T13:01:16Z,,paid,fulfilled,shop_app,CA,BC,96.0,0.0,,0.0,4.8,100.8,shopify_payments,3.22,USD
1985,100493,2025-10-15T13:56:29Z,,paid,fulfilled,online_store,US,NY,34.0,0.0,,5.95,2.04,41.99,shopify_payments,1.52,USD
1986,100929,2025-10-15T15:19:50Z,,paid,fulfilled,online_store,US,MD,24.0,0.0,,5.95,1.44,31.39,shopify_payments,1.21,USD
1987,100930,2025-10-15T16:05:14Z,,paid,fulfilled,online_store,US,NJ,58.0,0.0,,0.0,3.48,61.48,shopify_payments,2.08,USD
1988,100931,2025-10-16T10:04:31Z,,paid,fulfilled,online_store,US,CA,106.0,0.0,,0.0,6.36,112.36,shopify_payments,3.56,USD
1989,100933,2025-10-16T13:00:27Z,,paid,fulfilled,online_store,GB,SCT,36.0,0.0,,12.95,7.2,56.15,shop_pay,1.93,USD
1990,100934,2025-10-16T13:35:30Z,,paid,fulfilled,online_store,US,MI,56.0,0.0,,0.0,3.36,59.36,paypal,2.56,USD
1991,100935,2025-10-16T17:31:53Z,,paid,fulfilled,online_store,US,OR,22.0,0.0,,5.95,0.0,27.95,shop_pay,1.11,USD
1992,100936,2025-10-16T20:54:36Z,,paid,fulfilled,online_store,US,NY,34.0,5.1,WELCOME15,5.95,1.73,36.58,paypal,1.77,USD
1993,100937,2025-10-16T22:12:37Z,,paid,fulfilled,shop_app,US,OH,84.0,10.08,GLOWWITHSAM12,0.0,4.44,78.36,shopify_payments,2.57,USD
1994,100939,2025-10-17T00:38:22Z,,paid,fulfilled,online_store,US,MN,32.0,4.8,WELCOME15,5.95,1.63,34.78,shopify_payments,1.31,USD
1995,100940,2025-10-17T01:11:45Z,,paid,fulfilled,online_store,US,OR,68.0,0.0,,0.0,0.0,68.0,shopify_payments,2.27,USD
1996,100941,2025-10-17T01:36:52Z,,paid,fulfilled,online_store,US,MI,172.0,25.8,WELCOME15,0.0,8.77,154.97,shopify_payments,4.79,USD
1997,100603,2025-10-17T02:40:07Z,,paid,fulfilled,online_store,US,WI,34.0,5.1,WELCOME15,5.95,1.73,36.58,shopify_payments,1.36,USD
1998,100942,2025-10-17T03:36:27Z,,paid,fulfilled,online_store,US,TX,112.0,16.8,WELCOME15,0.0,5.71,100.91,shop_pay,3.23,USD
1999,100454,2025-10-17T09:23:06Z,,paid,fulfilled,online_store,CA,ON,68.0,0.0,,12.95,3.4,84.35,shopify_payments,2.75,USD
2000,100943,2025-10-17T11:44:55Z,,paid,fulfilled,online_store,US,FL,34.0,0.0,,5.95,2.04,41.99,shop_pay,1.52,USD
2001,100944,2025-10-17T12:50:02Z,,paid,fulfilled,online_store,US,NC,80.0,0.0,,0.0,4.8,84.8,paypal,3.45,USD
2002,100945,2025-10-17T13:15:17Z,,paid,fulfilled,online_store,US,VA,34.0,4.08,GLOWWITHSAM12,5.95,1.8,37.67,shopify_payments,1.39,USD
2003,100946,2025-10-17T15:30:34Z,,paid,fulfilled,online_store,US,NC,28.0,4.2,WELCOME15,5.95,1.43,31.18,shopify_payments,1.2,USD
2004,100559,2025-10-17T15:49:45Z,,paid,fulfilled,online_store,US,MN,34.0,0.0,,5.95,2.04,41.99,shopify_payments,1.52,USD
2005,100947,2025-10-17T17:19:58Z,,paid,fulfilled,online_store,US,WI,22.0,3.3,WELCOME15,5.95,1.12,25.77,paypal,1.39,USD
2006,100292,2025-10-17T17:45:22Z,,paid,fulfilled,online_store,US,TN,148.0,0.0,,0.0,8.88,156.88,shopify_payments,4.85,USD
2007,100132,2025-10-17T21:48:55Z,,paid,fulfilled,online_store,US,NC,26.0,0.0,,5.95,1.56,33.51,shopify_payments,1.27,USD
2008,100899,2025-10-17T23:21:46Z,,paid,fulfilled,shop_app,US,MN,34.0,0.0,,5.95,2.04,41.99,shopify_payments,1.52,USD
2009,100948,2025-10-18T00:20:20Z,,paid,fulfilled,online_store,US,GA,34.0,0.0,,5.95,2.04,41.99,shopify_payments,1.52,USD
2010,100949,2025-10-18T00:44:29Z,,paid,fulfilled,online_store,US,IL,29.0,0.0,,5.95,1.74,36.69,shop_pay,1.36,USD
2011,100447,2025-10-18T01:43:29Z,,paid,fulfilled,online_store,US,CA,34.0,3.4,LOYAL10,5.95,1.84,38.39,shop_pay,1.41,USD
2012,100950,2025-10-18T02:08:09Z,,paid,fulfilled,online_store,US,CA,34.0,5.1,WELCOME15,5.95,1.73,36.58,paypal,1.77,USD
2013,100951,2025-10-18T10:22:24Z,,paid,fulfilled,online_store,US,IN,54.0,0.0,,0.0,3.24,57.24,shopify_payments,1.96,USD
2014,100952,2025-10-18T12:25:30Z,,partially_refunded,fulfilled,online_store,US,WA,162.0,0.0,,0.0,9.72,171.72,paypal,6.48,USD
2015,100444,2025-10-18T12:58:42Z,,paid,fulfilled,online_store,US,TX,32.0,0.0,,5.95,1.92,39.87,shopify_payments,1.46,USD
2016,100777,2025-10-18T13:14:39Z,,paid,fulfilled,online_store,US,NH,88.0,13.2,WELCOME15,0.0,0.0,74.8,paypal,3.1,USD
2017,100954,2025-10-18T13:33:56Z,,paid,fulfilled,online_store,US,CO,22.0,0.0,,5.95,1.32,29.27,paypal,1.51,USD
2018,100955,2025-10-18T14:23:51Z,,paid,fulfilled,online_store,US,FL,222.0,0.0,,0.0,13.32,235.32,shopify_payments,7.12,USD
2019,100956,2025-10-18T16:41:08Z,,partially_refunded,fulfilled,online_store,US,CA,100.0,0.0,,0.0,6.0,106.0,shopify_payments,3.37,USD
2020,100957,2025-10-18T18:17:16Z,,paid,fulfilled,online_store,US,CO,22.0,0.0,,5.95,1.32,29.27,shopify_payments,1.15,USD
2021,100634,2025-10-18T21:16:59Z,,paid,fulfilled,online_store,US,MN,36.0,5.4,WELCOME15,5.95,1.84,38.39,shopify_payments,1.41,USD
2022,100959,2025-10-19T02:54:38Z,,paid,fulfilled,online_store,US,WA,78.0,11.7,WELCOME15,0.0,3.98,70.28,shopify_payments,2.34,USD
2023,100960,2025-10-19T10:13:38Z,,paid,fulfilled,online_store,US,OH,168.0,0.0,,0.0,10.08,178.08,shopify_payments,5.46,USD
2024,100961,2025-10-19T10:15:02Z,,paid,fulfilled,online_store,GB,WLS,50.0,7.5,WELCOME15,12.95,8.5,63.95,shopify_payments,2.15,USD
2025,100962,2025-10-19T12:15:18Z,,paid,fulfilled,online_store,US,NY,44.0,6.6,WELCOME15,5.95,2.24,45.59,paypal,2.08,USD
2026,100963,2025-10-19T12:28:38Z,,paid,fulfilled,online_store,US,MA,22.0,3.3,WELCOME15,5.95,1.12,25.77,shop_pay,1.05,USD
2027,100964,2025-10-19T13:31:05Z,,paid,fulfilled,online_store,US,TX,54.0,0.0,,0.0,3.24,57.24,shopify_payments,1.96,USD
2028,100965,2025-10-19T14:10:35Z,,paid,fulfilled,online_store,US,IN,64.0,9.6,WELCOME15,0.0,3.26,57.66,shopify_payments,1.97,USD
2029,100412,2025-10-19T14:24:34Z,,paid,fulfilled,online_store,US,MI,44.0,4.4,LOYAL10,5.95,2.38,47.93,shop_pay,1.69,USD
2030,100598,2025-10-19T14:32:23Z,,paid,fulfilled,online_store,US,CO,28.0,4.2,WELCOME15,5.95,1.43,31.18,paypal,1.58,USD
2031,100966,2025-10-19T15:17:46Z,,paid,fulfilled,online_store,US,FL,44.0,0.0,,5.95,2.64,52.59,shop_pay,1.83,USD
2032,100763,2025-10-19T15:42:43Z,,paid,fulfilled,online_store,GB,ENG,73.0,10.95,WELCOME15,12.95,12.41,87.41,shopify_payments,2.83,USD
2033,100967,2025-10-19T17:45:01Z,,paid,fulfilled,online_store,GB,ENG,44.0,0.0,,12.95,8.8,65.75,shop_pay,2.21,USD
2034,100968,2025-10-19T19:56:26Z,,paid,fulfilled,online_store,US,NY,66.0,0.0,,0.0,3.96,69.96,shopify_payments,2.33,USD
2035,100969,2025-10-19T21:25:27Z,,paid,fulfilled,online_store,US,MD,34.0,0.0,,5.95,2.04,41.99,shopify_payments,1.52,USD
2036,100970,2025-10-20T02:02:28Z,,paid,fulfilled,online_store,GB,ENG,26.0,0.0,,12.95,5.2,44.15,shopify_payments,1.58,USD
2037,100521,2025-10-20T03:23:28Z,,paid,fulfilled,online_store,US,TN,32.0,0.0,,5.95,1.92,39.87,shop_pay,1.46,USD
2038,100971,2025-10-20T03:27:03Z,,paid,fulfilled,online_store,US,FL,84.0,0.0,,0.0,5.04,89.04,paypal,3.6,USD
2039,100972,2025-10-20T04:59:37Z,,paid,fulfilled,online_store,US,CA,61.0,0.0,,0.0,3.66,64.66,paypal,2.75,USD
2040,100973,2025-10-20T05:36:36Z,,paid,fulfilled,online_store,US,AZ,56.0,0.0,,0.0,3.36,59.36,shopify_payments,2.02,USD
2041,100974,2025-10-20T08:22:39Z,,paid,fulfilled,online_store,US,FL,32.0,4.8,WELCOME15,5.95,1.63,34.78,shopify_payments,1.31,USD
2042,100975,2025-10-20T09:28:52Z,,paid,fulfilled,online_store,US,CA,24.0,3.6,WELCOME15,5.95,1.22,27.57,shop_pay,1.1,USD
2043,100976,2025-10-20T11:50:12Z,,paid,fulfilled,online_store,US,CA,34.0,3.4,AMELIA10,5.95,1.84,38.39,shopify_payments,1.41,USD
2044,100977,2025-10-20T12:09:01Z,,partially_refunded,fulfilled,online_store,US,MO,80.0,0.0,,0.0,4.8,84.8,shop_pay,2.76,USD
2045,100978,2025-10-20T13:14:05Z,,paid,fulfilled,online_store,US,IL,28.0,0.0,,5.95,1.68,35.63,shopify_payments,1.33,USD
2046,100979,2025-10-20T13:47:33Z,,paid,fulfilled,online_store,US,NJ,32.0,4.8,WELCOME15,5.95,1.63,34.78,shopify_payments,1.31,USD
2047,100525,2025-10-20T15:13:18Z,,paid,fulfilled,online_store,US,NY,68.0,0.0,,0.0,4.08,72.08,shopify_payments,2.39,USD
2048,100980,2025-10-20T15:43:08Z,,partially_refunded,fulfilled,shop_app,AU,VIC,78.0,11.7,WELCOME15,12.95,6.63,85.88,shop_pay,2.79,USD
2049,100981,2025-10-20T16:05:41Z,,paid,fulfilled,online_store,US,WA,44.0,6.6,WELCOME15,5.95,2.24,45.59,shopify_payments,1.62,USD
2050,100982,2025-10-20T17:03:01Z,,paid,fulfilled,online_store,US,MA,98.0,14.7,WELCOME15,0.0,5.0,88.3,shopify_payments,2.86,USD
2051,100110,2025-10-20T17:56:20Z,,paid,fulfilled,online_store,US,NY,176.0,0.0,,0.0,10.56,186.56,shopify_payments,5.71,USD
2052,100726,2025-10-20T18:09:33Z,,paid,fulfilled,online_store,US,DE,58.0,0.0,,0.0,0.0,58.0,shopify_payments,1.98,USD
2053,100984,2025-10-20T19:59:26Z,,paid,fulfilled,online_store,US,CA,22.0,3.3,WELCOME15,5.95,1.12,25.77,shop_pay,1.05,USD
2054,100985,2025-10-20T20:28:57Z,,paid,fulfilled,online_store,US,WI,32.0,0.0,,5.95,1.92,39.87,shopify_payments,1.46,USD
2055,100986,2025-10-21T00:57:05Z,,paid,fulfilled,online_store,US,VA,60.0,9.0,WELCOME15,0.0,3.06,54.06,paypal,2.38,USD
2056,100987,2025-10-21T01:31:35Z,,paid,fulfilled,online_store,US,MD,29.0,0.0,,5.95,1.74,36.69,shopify_payments,1.36,USD
2057,100988,2025-10-21T07:02:23Z,,paid,fulfilled,shop_app,US,IN,28.0,4.2,WELCOME15,5.95,1.43,31.18,shopify_payments,1.2,USD
2058,100432,2025-10-21T09:30:00Z,,paid,fulfilled,online_store,US,NY,30.0,0.0,,5.95,1.8,37.75,shopify_payments,1.39,USD
2059,100989,2025-10-21T09:36:43Z,,paid,fulfilled,online_store,US,MO,97.0,0.0,,0.0,5.82,102.82,shopify_payments,3.28,USD
2060,100990,2025-10-21T10:38:28Z,,paid,fulfilled,online_store,US,NY,44.0,0.0,,5.95,2.64,52.59,shopify_payments,1.83,USD
2061,100991,2025-10-21T12:08:58Z,,paid,fulfilled,online_store,US,NY,22.0,3.3,WELCOME15,5.95,1.12,25.77,shopify_payments,1.05,USD
2062,100557,2025-10-21T13:36:46Z,,paid,fulfilled,online_store,CA,ON,30.0,3.0,AMELIA10,12.95,1.35,41.3,shopify_payments,1.5,USD
2063,100992,2025-10-21T13:56:13Z,,paid,fulfilled,online_store,US,MN,63.0,0.0,,0.0,3.78,66.78,paypal,2.82,USD
2064,100993,2025-10-21T14:20:43Z,,paid,fulfilled,online_store,CA,BC,86.0,0.0,,0.0,4.3,90.3,shopify_payments,2.92,USD
2065,100927,2025-10-21T14:33:30Z,,partially_refunded,fulfilled,online_store,US,CA,26.0,3.9,WELCOME15,5.95,1.33,29.38,shop_pay,1.15,USD
2066,100995,2025-10-21T19:58:24Z,,paid,fulfilled,online_store,CA,AB,24.0,0.0,,12.95,1.2,38.15,shop_pay,1.41,USD
2067,100784,2025-10-21T20:57:58Z,,paid,fulfilled,online_store,US,NY,64.0,9.6,WELCOME15,0.0,3.26,57.66,shopify_payments,1.97,USD
2068,100996,2025-10-21T23:57:00Z,,paid,fulfilled,online_store,US,NY,94.0,0.0,,0.0,5.64,99.64,shopify_payments,3.19,USD
2069,100801,2025-10-22T00:01:06Z,,paid,fulfilled,online_store,US,MI,22.0,3.3,WELCOME15,5.95,1.12,25.77,shopify_payments,1.05,USD
2070,100997,2025-10-22T00:02:26Z,,paid,fulfilled,online_store,US,MO,81.0,0.0,,0.0,4.86,85.86,shopify_payments,2.79,USD
2071,100998,2025-10-22T00:44:29Z,,paid,fulfilled,online_store,US,GA,110.0,0.0,,0.0,6.6,116.6,paypal,4.56,USD
2072,100476,2025-10-22T05:35:56Z,,paid,fulfilled,online_store,CA,ON,68.0,0.0,,12.95,3.4,84.35,shopify_payments,2.75,USD
2073,100458,2025-10-22T10:49:45Z,,paid,fulfilled,online_store,US,VA,172.0,0.0,,0.0,10.32,182.32,shopify_payments,5.59,USD
2074,100999,2025-10-22T12:42:08Z,,paid,fulfilled,online_store,US,CA,46.0,0.0,,5.95,2.76,54.71,shop_pay,1.89,USD
2075,101000,2025-10-22T13:31:00Z,,paid,fulfilled,online_store,US,CA,24.0,0.0,,5.95,1.44,31.39,shopify_payments,1.21,USD
2076,100928,2025-10-22T14:42:11Z,,paid,fulfilled,online_store,US,MI,62.0,7.44,GLOWWITHSAM12,0.0,3.27,57.83,shop_pay,1.98,USD
2077,100206,2025-10-22T16:20:01Z,,paid,fulfilled,online_store,US,VA,66.0,0.0,,0.0,3.96,69.96,shopify_payments,2.33,USD
2078,100459,2025-10-22T16:35:52Z,,paid,fulfilled,online_store,US,GA,32.0,0.0,,5.95,1.92,39.87,shop_pay,1.46,USD
2079,100205,2025-10-22T17:30:35Z,,paid,fulfilled,online_store,CA,AB,98.0,0.0,,0.0,4.9,102.9,shopify_payments,3.28,USD
2080,101001,2025-10-22T18:11:00Z,,paid,fulfilled,online_store,US,OH,102.0,0.0,,0.0,6.12,108.12,shop_pay,3.44,USD
2081,101002,2025-10-22T21:19:11Z,,paid,fulfilled,online_store,US,TX,56.0,5.6,LOYAL10,0.0,3.02,53.42,shopify_payments,1.85,USD
2082,101003,2025-10-23T00:00:54Z,,paid,fulfilled,online_store,US,NC,58.0,0.0,,0.0,3.48,61.48,shopify_payments,2.08,USD
2083,101004,2025-10-23T00:47:49Z,,paid,fulfilled,online_store,US,TX,34.0,0.0,,5.95,2.04,41.99,shopify_payments,1.52,USD
2084,100518,2025-10-23T02:18:20Z,,paid,fulfilled,online_store,US,TX,34.0,0.0,,5.95,2.04,41.99,shopify_payments,1.52,USD
2085,101005,2025-10-23T09:24:55Z,,paid,fulfilled,online_store,US,MO,70.0,10.5,WELCOME15,0.0,3.57,63.07,paypal,2.69,USD
2086,101006,2025-10-23T11:44:35Z,,paid,fulfilled,online_store,US,PA,34.0,5.1,WELCOME15,5.95,1.73,36.58,shop_pay,1.36,USD
2087,101007,2025-10-23T13:54:50Z,,paid,fulfilled,online_store,US,AZ,34.0,5.1,WELCOME15,5.95,1.73,36.58,shopify_payments,1.36,USD
2088,101008,2025-10-23T17:25:46Z,,paid,fulfilled,shop_app,US,GA,28.0,0.0,,5.95,1.68,35.63,shopify_payments,1.33,USD
2089,101009,2025-10-23T20:16:29Z,,refunded,fulfilled,online_store,US,WI,44.0,0.0,,5.95,2.64,52.59,shopify_payments,1.83,USD
2090,100486,2025-10-23T20:35:34Z,,paid,fulfilled,online_store,US,MN,128.0,12.8,LOYAL10,0.0,6.91,122.11,paypal,4.75,USD
2091,101010,2025-10-23T21:48:31Z,,paid,fulfilled,online_store,US,PA,136.0,0.0,,0.0,8.16,144.16,shopify_payments,4.48,USD
2092,100219,2025-10-23T22:53:35Z,,paid,fulfilled,online_store,US,CA,88.0,0.0,,0.0,5.28,93.28,shopify_payments,3.01,USD
2093,101011,2025-10-24T00:04:27Z,,paid,fulfilled,online_store,US,CA,78.0,0.0,,0.0,4.68,82.68,shopify_payments,2.7,USD
2094,101012,2025-10-24T00:59:40Z,,paid,fulfilled,online_store,US,NY,36.0,0.0,,5.95,2.16,44.11,paypal,2.03,USD
2095,101013,2025-10-24T02:54:50Z,,paid,fulfilled,online_store,US,CO,29.0,0.0,,5.95,1.74,36.69,paypal,1.77,USD
2096,100515,2025-10-24T05:13:08Z,,paid,fulfilled,online_store,US,CA,116.0,11.6,LOYAL10,0.0,6.26,110.66,shopify_payments,3.51,USD
2097,100267,2025-10-24T05:23:25Z,,paid,fulfilled,online_store,US,FL,92.0,9.2,LOYAL10,0.0,4.97,87.77,shopify_payments,2.85,USD
2098,100295,2025-10-24T06:00:47Z,,paid,fulfilled,online_store,US,FL,29.0,0.0,,5.95,1.74,36.69,shop_pay,1.36,USD
2099,101014,2025-10-24T09:23:46Z,,paid,fulfilled,online_store,US,NY,65.0,0.0,,0.0,3.9,68.9,shop_pay,2.3,USD
2100,101015,2025-10-24T10:07:41Z,,paid,fulfilled,online_store,US,CA,34.0,5.1,SKINBYJORDAN15,5.95,1.73,36.58,shopify_payments,1.36,USD
2101,101016,2025-10-24T10:21:03Z,,paid,fulfilled,online_store,US,VA,34.0,5.1,WELCOME15,5.95,1.73,36.58,shopify_payments,1.36,USD
2102,101017,2025-10-24T13:13:44Z,,refunded,fulfilled,online_store,US,IL,32.0,4.8,WELCOME15,5.95,1.63,34.78,shop_pay,1.31,USD
2103,101018,2025-10-24T13:34:02Z,,paid,fulfilled,online_store,CA,ON,36.0,5.4,NOURISHED15,12.95,1.53,45.08,shopify_payments,1.61,USD
2104,101019,2025-10-24T13:54:42Z,,paid,fulfilled,online_store,US,NY,30.0,0.0,,5.95,1.8,37.75,shopify_payments,1.39,USD
2105,101020,2025-10-24T15:10:17Z,,paid,fulfilled,online_store,US,MN,26.0,0.0,,5.95,1.56,33.51,shop_pay,1.27,USD
2106,101021,2025-10-24T15:22:33Z,,paid,fulfilled,online_store,US,AZ,95.0,0.0,,0.0,5.7,100.7,shop_pay,3.22,USD
2107,100123,2025-10-24T16:36:57Z,,paid,fulfilled,online_store,US,TX,52.0,0.0,,0.0,3.12,55.12,shopify_payments,1.9,USD
2108,100396,2025-10-25T00:21:36Z,,paid,fulfilled,online_store,US,TX,54.0,0.0,,0.0,3.24,57.24,shopify_payments,1.96,USD
2109,101024,2025-10-25T08:35:37Z,,paid,fulfilled,online_store,US,NY,34.0,5.1,WELCOME15,5.95,1.73,36.58,paypal,1.77,USD
2110,100158,2025-10-25T09:38:55Z,,paid,fulfilled,online_store,US,CA,60.0,6.0,LOYAL10,0.0,3.24,57.24,paypal,2.49,USD
2111,101025,2025-10-25T11:19:59Z,,paid,fulfilled,online_store,GB,ENG,32.0,0.0,,12.95,6.4,51.35,shop_pay,1.79,USD
2112,101027,2025-10-25T13:18:31Z,,paid,fulfilled,online_store,US,NY,94.0,9.4,DERMDIARY10,0.0,5.08,89.68,shopify_payments,2.9,USD
2113,101028,2025-10-25T14:12:59Z,,paid,fulfilled,online_store,US,TX,34.0,0.0,,5.95,2.04,41.99,shopify_payments,1.52,USD
2114,101029,2025-10-25T15:06:57Z,,paid,fulfilled,online_store,US,GA,34.0,5.1,WELCOME15,5.95,1.73,36.58,shopify_payments,1.36,USD
2115,101030,2025-10-25T16:05:47Z,,paid,fulfilled,online_store,US,MD,34.0,0.0,,5.95,2.04,41.99,shopify_payments,1.52,USD
2116,101031,2025-10-25T17:13:54Z,,paid,fulfilled,online_store,US,CO,29.0,4.35,SKINBYJORDAN15,5.95,1.48,32.08,shopify_payments,1.23,USD
2117,100725,2025-10-25T17:41:55Z,,paid,fulfilled,online_store,US,NH,56.0,0.0,,0.0,0.0,56.0,shopify_payments,1.92,USD
2118,100546,2025-10-25T21:05:25Z,,paid,fulfilled,online_store,US,NY,117.0,0.0,,0.0,7.02,124.02,shopify_payments,3.9,USD
2119,100453,2025-10-25T22:37:49Z,,paid,fulfilled,online_store,US,MI,82.0,0.0,,0.0,4.92,86.92,shop_pay,2.82,USD
2120,101033,2025-10-26T01:48:20Z,,paid,fulfilled,online_store,US,CA,28.0,0.0,,5.95,1.68,35.63,shop_pay,1.33,USD
2121,101034,2025-10-26T02:35:31Z,,paid,fulfilled,online_store,US,GA,84.0,0.0,,0.0,5.04,89.04,shopify_payments,2.88,USD
2122,101035,2025-10-26T08:07:03Z,,refunded,fulfilled,shop_app,US,CA,84.0,12.6,WELCOME15,0.0,4.28,75.68,shopify_payments,2.49,USD
2123,101036,2025-10-26T08:16:00Z,,paid,fulfilled,online_store,US,AZ,24.0,2.4,"AMELIA10,FREESHIP",0.0,1.3,22.9,shop_pay,0.96,USD
2124,101037,2025-10-26T08:21:49Z,,paid,fulfilled,online_store,US,TX,24.0,0.0,,5.95,1.44,31.39,shopify_payments,1.21,USD
2125,101038,2025-10-26T11:44:45Z,,paid,fulfilled,online_store,US,MD,64.0,0.0,,0.0,3.84,67.84,paypal,2.86,USD
2126,101039,2025-10-26T11:51:07Z,,refunded,fulfilled,online_store,US,TX,60.0,9.0,WELCOME15,0.0,3.06,54.06,shopify_payments,1.87,USD
2127,101042,2025-10-26T14:02:18Z,,paid,fulfilled,online_store,US,NY,34.0,0.0,FREESHIP,0.0,2.04,36.04,paypal,1.75,USD
2128,101043,2025-10-26T15:25:46Z,,refunded,fulfilled,online_store,US,VA,44.0,0.0,,5.95,2.64,52.59,shopify_payments,1.83,USD
2129,100418,2025-10-26T16:17:22Z,,partially_refunded,fulfilled,online_store,US,CA,135.0,0.0,,0.0,8.1,143.1,shopify_payments,4.45,USD
2130,101044,2025-10-26T17:26:35Z,,paid,fulfilled,shop_app,US,VA,148.0,0.0,,0.0,8.88,156.88,paypal,5.97,USD
2131,101045,2025-10-26T18:26:15Z,,paid,fulfilled,online_store,US,NY,112.0,16.8,WELCOME15,0.0,5.71,100.91,shopify_payments,3.23,USD
2132,101046,2025-10-26T18:36:24Z,,paid,fulfilled,online_store,US,VA,56.0,0.0,,0.0,3.36,59.36,shopify_payments,2.02,USD
2133,101047,2025-10-26T21:01:19Z,,paid,fulfilled,online_store,US,FL,105.0,0.0,,0.0,6.3,111.3,shopify_payments,3.53,USD
2134,101048,2025-10-27T07:13:00Z,,paid,fulfilled,online_store,US,NY,44.0,0.0,,5.95,2.64,52.59,shopify_payments,1.83,USD
2135,101051,2025-10-27T08:17:52Z,,paid,fulfilled,online_store,US,PA,24.0,0.0,,5.95,1.44,31.39,shopify_payments,1.21,USD
2136,100855,2025-10-27T09:03:11Z,,paid,fulfilled,shop_app,US,TX,128.0,12.8,LOYAL10,0.0,6.91,122.11,shop_pay,3.84,USD
2137,100526,2025-10-27T12:27:30Z,,paid,fulfilled,online_store,US,MI,29.0,0.0,,5.95,1.74,36.69,shopify_payments,1.36,USD
2138,101053,2025-10-27T14:20:10Z,,partially_refunded,fulfilled,online_store,CA,AB,118.0,11.8,AMELIA10,0.0,5.31,111.51,shopify_payments,3.53,USD
2139,101054,2025-10-27T14:52:06Z,,paid,fulfilled,online_store,CA,AB,62.0,0.0,,12.95,3.1,78.05,shop_pay,2.56,USD
2140,101055,2025-10-27T15:01:02Z,,paid,fulfilled,online_store,US,CA,168.0,0.0,,0.0,10.08,178.08,shopify_payments,5.46,USD
2141,101056,2025-10-27T17:43:36Z,,paid,fulfilled,online_store,US,PA,30.0,4.5,WELCOME15,5.95,1.53,32.98,shopify_payments,1.26,USD
2142,101057,2025-10-27T18:03:06Z,,paid,fulfilled,online_store,US,MD,61.0,9.15,WELCOME15,0.0,3.11,54.96,paypal,2.41,USD
2143,100983,2025-10-27T18:11:51Z,,paid,fulfilled,online_store,US,VA,54.0,0.0,,0.0,3.24,57.24,shopify_payments,1.96,USD
2144,101058,2025-10-27T21:07:13Z,,paid,fulfilled,online_store,US,NH,66.0,0.0,,0.0,0.0,66.0,shopify_payments,2.21,USD
2145,100563,2025-10-27T21:13:21Z,,paid,fulfilled,online_store,US,AZ,34.0,0.0,,5.95,2.04,41.99,shopify_payments,1.52,USD
2146,100505,2025-10-27T22:34:28Z,,paid,fulfilled,online_store,CA,ON,136.0,0.0,,0.0,6.8,142.8,shopify_payments,4.44,USD
2147,101059,2025-10-27T22:42:21Z,,paid,fulfilled,shop_app,US,CA,34.0,0.0,,5.95,2.04,41.99,paypal,1.96,USD
2148,100566,2025-10-27T23:09:23Z,,paid,fulfilled,online_store,US,CO,22.0,0.0,,5.95,1.32,29.27,shopify_payments,1.15,USD
2149,100917,2025-10-28T00:51:14Z,,paid,fulfilled,shop_app,US,MN,34.0,0.0,,5.95,2.04,41.99,shopify_payments,1.52,USD
2150,101060,2025-10-28T01:35:31Z,,paid,fulfilled,online_store,US,MI,28.0,4.2,WELCOME15,5.95,1.43,31.18,shop_pay,1.2,USD
2151,100827,2025-10-28T01:42:05Z,,paid,fulfilled,online_store,US,MO,68.0,0.0,,0.0,4.08,72.08,shopify_payments,2.39,USD
2152,101061,2025-10-28T02:12:14Z,,partially_refunded,fulfilled,online_store,US,OR,146.0,0.0,,0.0,0.0,146.0,shopify_payments,4.53,USD
2153,100626,2025-10-28T06:27:16Z,,paid,fulfilled,online_store,AU,WA,128.0,19.2,WELCOME15,0.0,10.88,119.68,shopify_payments,3.77,USD
2154,100587,2025-10-28T10:39:14Z,,paid,fulfilled,online_store,US,NY,82.0,0.0,,0.0,4.92,86.92,shop_pay,2.82,USD
2155,101064,2025-10-28T11:28:04Z,,paid,fulfilled,online_store,US,WA,185.0,0.0,,0.0,11.1,196.1,shop_pay,5.99,USD
2156,101065,2025-10-28T12:51:49Z,,paid,fulfilled,online_store,US,NY,34.0,0.0,,5.95,2.04,41.99,shopify_payments,1.52,USD
2157,100774,2025-10-28T12:54:27Z,,paid,fulfilled,online_store,US,MO,44.0,0.0,,5.95,2.64,52.59,shopify_payments,1.83,USD
2158,101066,2025-10-28T16:55:23Z,,paid,fulfilled,online_store,US,CA,85.0,12.75,WELCOME15,0.0,4.34,76.59,shopify_payments,2.52,USD
2159,101067,2025-10-28T21:52:06Z,,paid,fulfilled,online_store,US,PA,58.0,0.0,,0.0,3.48,61.48,shop_pay,2.08,USD
2160,101068,2025-10-28T23:49:10Z,,paid,fulfilled,online_store,AU,NSW,34.0,0.0,FREESHIP,0.0,3.4,37.4,shop_pay,1.38,USD
2161,100564,2025-10-29T05:28:43Z,,paid,fulfilled,online_store,US,TX,28.0,2.8,LOYAL10,5.95,1.51,32.66,shopify_payments,1.25,USD
2162,100876,2025-10-29T06:19:41Z,,paid,fulfilled,online_store,US,PA,26.0,0.0,,5.95,1.56,33.51,shopify_payments,1.27,USD
2163,100386,2025-10-29T10:32:32Z,,partially_refunded,fulfilled,online_store,US,CA,88.0,8.8,LOYAL10,0.0,4.75,83.95,shop_pay,2.73,USD
2164,101069,2025-10-29T13:00:50Z,,paid,fulfilled,online_store,US,MA,22.0,0.0,,5.95,1.32,29.27,shopify_payments,1.15,USD
2165,100738,2025-10-29T15:00:09Z,,paid,fulfilled,online_store,US,DE,30.0,0.0,,5.95,0.0,35.95,shopify_payments,1.34,USD
2166,101070,2025-10-29T16:49:50Z,,paid,fulfilled,online_store,US,CA,64.0,0.0,,0.0,3.84,67.84,shopify_payments,2.27,USD
2167,101071,2025-10-29T21:04:09Z,,paid,fulfilled,shop_app,US,CA,29.0,0.0,,5.95,1.74,36.69,klarna,2.5,USD
2168,101072,2025-10-29T21:53:45Z,,paid,fulfilled,online_store,US,TN,34.0,0.0,,5.95,2.04,41.99,shopify_payments,1.52,USD
2169,101074,2025-10-30T00:46:30Z,,paid,fulfilled,online_store,US,PA,32.0,4.8,WELCOME15,5.95,1.63,34.78,shop_pay,1.31,USD
2170,100028,2025-10-30T04:16:55Z,,paid,fulfilled,online_store,US,IN,80.0,8.0,LOYAL10,0.0,4.32,76.32,shop_pay,2.51,USD
2171,100451,2025-10-30T12:21:31Z,,paid,fulfilled,online_store,US,CA,97.0,0.0,,0.0,5.82,102.82,shopify_payments,3.28,USD
2172,101075,2025-10-30T13:00:01Z,,paid,fulfilled,online_store,GB,SCT,118.0,0.0,,0.0,23.6,141.6,shopify_payments,4.41,USD
2173,101076,2025-10-30T13:08:08Z,,paid,fulfilled,online_store,US,OH,76.0,0.0,,0.0,4.56,80.56,shop_pay,2.64,USD
2174,100594,2025-10-30T13:15:03Z,,paid,fulfilled,online_store,US,OR,29.0,0.0,,5.95,0.0,34.95,shopify_payments,1.31,USD
2175,101077,2025-10-30T14:34:48Z,,paid,fulfilled,online_store,US,VA,34.0,0.0,,5.95,2.04,41.99,paypal,1.96,USD
2176,101079,2025-10-30T21:51:23Z,,paid,fulfilled,online_store,US,NC,36.0,0.0,,5.95,2.16,44.11,shopify_payments,1.58,USD
2177,100653,2025-10-30T22:09:05Z,,paid,fulfilled,online_store,US,MI,68.0,6.8,LOYAL10,0.0,3.67,64.87,shopify_payments,2.18,USD
2178,100262,2025-10-31T12:39:42Z,,paid,fulfilled,online_store,US,FL,30.0,0.0,,5.95,1.8,37.75,shopify_payments,1.39,USD
2179,101041,2025-10-31T13:28:41Z,,paid,fulfilled,online_store,US,MN,172.0,47.73,"NOURISHED15,WELCOME15",0.0,7.46,131.73,shopify_payments,4.12,USD
2180,100760,2025-10-31T13:37:51Z,,paid,fulfilled,online_store,US,NC,87.0,0.0,,0.0,5.22,92.22,shopify_payments,2.97,USD
2181,101081,2025-10-31T14:11:13Z,,paid,fulfilled,online_store,US,CA,34.0,0.0,,5.95,2.04,41.99,shopify_payments,1.52,USD
2182,101082,2025-10-31T15:53:28Z,,paid,fulfilled,online_store,US,NY,84.0,12.6,WELCOME15,0.0,4.28,75.68,shopify_payments,2.49,USD
2183,101083,2025-10-31T16:36:55Z,,paid,fulfilled,online_store,US,IN,26.0,3.9,WELCOME15,5.95,1.33,29.38,shopify_payments,1.15,USD
2184,100838,2025-10-31T19:04:19Z,,paid,fulfilled,online_store,US,CA,29.0,4.35,WELCOME15,5.95,1.48,32.08,shopify_payments,1.23,USD
2185,100840,2025-10-31T20:23:16Z,,paid,fulfilled,online_store,US,MO,24.0,0.0,,5.95,1.44,31.39,shopify_payments,1.21,USD
2186,100332,2025-10-31T22:30:59Z,,paid,fulfilled,online_store,US,WI,24.0,0.0,,5.95,1.44,31.39,shopify_payments,1.21,USD
2187,100165,2025-10-31T23:35:31Z,,paid,fulfilled,online_store,US,MO,118.0,0.0,,0.0,7.08,125.08,shopify_payments,3.93,USD
2188,100577,2025-11-01T04:37:40Z,,paid,fulfilled,online_store,US,VA,29.0,0.0,,5.95,1.74,36.69,shopify_payments,1.36,USD
2189,101086,2025-11-01T04:38:00Z,,paid,fulfilled,online_store,GB,WLS,140.0,21.0,WELCOME15,0.0,23.8,142.8,shop_pay,4.44,USD
2190,100323,2025-11-01T04:52:31Z,,paid,fulfilled,online_store,US,VA,152.0,0.0,,0.0,9.12,161.12,shop_pay,4.97,USD
2191,100835,2025-11-01T04:56:15Z,,paid,fulfilled,online_store,US,FL,68.0,0.0,,0.0,4.08,72.08,shopify_payments,2.39,USD
2192,100916,2025-11-01T06:56:59Z,,partially_refunded,fulfilled,online_store,US,CA,169.0,0.0,,0.0,10.14,179.14,shopify_payments,5.5,USD
2193,100870,2025-11-01T09:03:58Z,,paid,fulfilled,online_store,US,WI,34.0,0.0,,5.95,2.04,41.99,paypal,1.96,USD
2194,101087,2025-11-01T09:40:43Z,,paid,fulfilled,online_store,US,TX,22.0,0.0,,5.95,1.32,29.27,shop_pay,1.15,USD
2195,101088,2025-11-01T12:27:16Z,,paid,fulfilled,online_store,US,CA,22.0,0.0,,5.95,1.32,29.27,shopify_payments,1.15,USD
2196,101089,2025-11-01T17:22:16Z,,paid,fulfilled,online_store,US,CA,84.0,0.0,,0.0,5.04,89.04,shopify_payments,2.88,USD
2197,101090,2025-11-01T19:04:21Z,,paid,fulfilled,online_store,US,WA,34.0,5.1,WELCOME15,5.95,1.73,36.58,shopify_payments,1.36,USD
2198,100331,2025-11-01T21:13:12Z,,paid,fulfilled,online_store,US,CA,29.0,0.0,,5.95,1.74,36.69,paypal,1.77,USD
2199,101091,2025-11-02T01:21:09Z,,paid,fulfilled,online_store,US,TN,30.0,0.0,,5.95,1.8,37.75,shop_pay,1.39,USD
2200,100164,2025-11-02T09:34:15Z,,partially_refunded,fulfilled,online_store,US,NJ,94.0,0.0,,0.0,5.64,99.64,klarna,6.27,USD
2201,101093,2025-11-02T13:33:25Z,,paid,fulfilled,shop_app,US,WI,44.0,6.6,WELCOME15,5.95,2.24,45.59,shopify_payments,1.62,USD
2202,101094,2025-11-02T15:07:04Z,,paid,fulfilled,online_store,US,OR,188.0,28.2,NOURISHED15,0.0,0.0,159.8,paypal,6.07,USD
2203,101095,2025-11-02T15:36:45Z,,paid,fulfilled,shop_app,US,VA,134.0,0.0,,0.0,8.04,142.04,shopify_payments,4.42,USD
2204,101096,2025-11-02T18:17:25Z,,paid,fulfilled,online_store,US,TX,57.0,0.0,,0.0,3.42,60.42,shopify_payments,2.05,USD
2205,100221,2025-11-02T18:47:55Z,,paid,fulfilled,online_store,US,TX,120.0,0.0,,0.0,7.2,127.2,shopify_payments,3.99,USD
2206,100473,2025-11-02T21:33:06Z,,paid,fulfilled,online_store,US,CA,54.0,0.0,,0.0,3.24,57.24,shopify_payments,1.96,USD
2207,101097,2025-11-03T00:41:21Z,,paid,fulfilled,online_store,GB,SCT,29.0,4.35,WELCOME15,12.95,4.93,42.53,paypal,1.97,USD
2208,101099,2025-11-03T02:14:42Z,,refunded,fulfilled,online_store,US,MN,34.0,5.1,WELCOME15,5.95,1.73,36.58,shopify_payments,1.36,USD
2209,101100,2025-11-03T10:39:29Z,,paid,fulfilled,online_store,GB,SCT,110.0,0.0,,0.0,22.0,132.0,shopify_payments,4.13,USD
2210,101101,2025-11-03T10:58:28Z,,partially_refunded,fulfilled,online_store,US,GA,125.0,18.75,WELCOME15,0.0,6.38,112.63,shopify_payments,3.57,USD
2211,101102,2025-11-03T13:25:00Z,,paid,unfulfilled,online_store,US,CA,34.0,34.0,TEST100,0.0,0.0,0.0,bogus,0.0,USD
2212,101104,2025-11-04T00:02:02Z,,paid,fulfilled,shop_app,US,VA,84.0,0.0,,0.0,5.04,89.04,shopify_payments,2.88,USD
2213,100735,2025-11-04T00:13:21Z,,paid,fulfilled,online_store,US,OH,78.0,0.0,,0.0,4.68,82.68,shop_pay,2.7,USD
2214,101105,2025-11-04T00:40:45Z,,paid,fulfilled,online_store,US,MA,36.0,0.0,,5.95,2.16,44.11,shopify_payments,1.58,USD
2215,101106,2025-11-04T01:57:52Z,,paid,fulfilled,online_store,US,TX,24.0,3.6,WELCOME15,5.95,1.22,27.57,shopify_payments,1.1,USD
2216,100327,2025-11-04T04:32:25Z,,paid,fulfilled,online_store,US,CO,29.0,0.0,,5.95,1.74,36.69,shopify_payments,1.36,USD
2217,101108,2025-11-04T06:17:52Z,,paid,fulfilled,online_store,US,NY,90.0,0.0,,0.0,5.4,95.4,shopify_payments,3.07,USD
2218,100823,2025-11-04T10:43:56Z,,paid,fulfilled,online_store,US,FL,34.0,5.1,WELCOME15,5.95,1.73,36.58,shopify_payments,1.36,USD
2219,101109,2025-11-04T12:16:59Z,,paid,fulfilled,online_store,US,FL,34.0,5.1,"NOURISHED15,FREESHIP",0.0,1.73,30.63,shopify_payments,1.19,USD
2220,101110,2025-11-04T12:52:08Z,,paid,fulfilled,online_store,AU,NSW,122.0,0.0,,0.0,12.2,134.2,shop_pay,4.19,USD
2221,100802,2025-11-04T14:49:42Z,,paid,fulfilled,online_store,US,NY,44.0,0.0,,5.95,2.64,52.59,paypal,2.33,USD
2222,101111,2025-11-04T16:26:35Z,,paid,fulfilled,shop_app,US,MA,26.0,2.6,AMELIA10,5.95,1.4,30.75,shopify_payments,1.19,USD
2223,100253,2025-11-04T17:18:38Z,,paid,fulfilled,online_store,US,CO,56.0,0.0,,0.0,3.36,59.36,shopify_payments,2.02,USD
2224,100369,2025-11-04T19:31:04Z,,paid,fulfilled,online_store,US,CA,142.0,14.2,LOYAL10,0.0,7.67,135.47,shopify_payments,4.23,USD
2225,101112,2025-11-04T22:06:48Z,,paid,fulfilled,online_store,GB,WLS,34.0,0.0,,12.95,6.8,53.75,shop_pay,1.86,USD
2226,100514,2025-11-05T01:20:07Z,,paid,fulfilled,shop_app,US,CA,178.0,17.8,LOYAL10,0.0,9.61,169.81,shopify_payments,5.22,USD
2227,101115,2025-11-05T13:05:04Z,,paid,fulfilled,online_store,US,WI,112.0,0.0,,0.0,6.72,118.72,shopify_payments,3.74,USD
2228,101116,2025-11-05T13:14:05Z,,paid,fulfilled,online_store,US,FL,44.0,6.6,NOURISHED15,5.95,2.24,45.59,shop_pay,1.62,USD
2229,101117,2025-11-05T15:28:38Z,,paid,fulfilled,online_store,US,OR,68.0,0.0,,0.0,0.0,68.0,shopify_payments,2.27,USD
2230,101118,2025-11-05T15:47:22Z,,paid,fulfilled,online_store,US,CO,132.0,0.0,,0.0,7.92,139.92,shopify_payments,4.36,USD
2231,101119,2025-11-05T16:25:53Z,,paid,fulfilled,online_store,US,MI,29.0,0.0,,5.95,1.74,36.69,shopify_payments,1.36,USD
2232,101103,2025-11-05T18:30:47Z,,partially_refunded,fulfilled,online_store,US,WA,128.0,0.0,,0.0,7.68,135.68,shopify_payments,4.23,USD
2233,101120,2025-11-06T01:56:12Z,,paid,fulfilled,online_store,US,MD,44.0,0.0,,5.95,2.64,52.59,shopify_payments,1.83,USD
2234,101121,2025-11-06T02:08:41Z,,paid,fulfilled,online_store,US,MI,26.0,3.9,WELCOME15,5.95,1.33,29.38,klarna,2.06,USD
2235,100136,2025-11-06T03:56:33Z,,paid,fulfilled,online_store,US,NJ,63.0,6.3,LOYAL10,0.0,3.4,60.1,shop_pay,2.04,USD
2236,100737,2025-11-06T05:27:44Z,,paid,fulfilled,online_store,US,TX,103.0,0.0,,0.0,6.18,109.18,shopify_payments,3.47,USD
2237,100723,2025-11-06T07:23:24Z,,paid,fulfilled,online_store,US,CA,32.0,3.2,LOYAL10,5.95,1.73,36.48,shop_pay,1.36,USD
2238,100428,2025-11-06T08:16:41Z,,paid,fulfilled,online_store,US,NY,94.0,0.0,,0.0,5.64,99.64,shop_pay,3.19,USD
2239,101122,2025-11-06T12:05:42Z,,partially_refunded,fulfilled,online_store,US,TX,85.0,12.75,WELCOME15,0.0,4.34,76.59,shopify_payments,2.52,USD
2240,101123,2025-11-06T12:56:39Z,,paid,fulfilled,online_store,US,WA,127.0,0.0,,0.0,7.62,134.62,shop_pay,4.2,USD
2241,100222,2025-11-06T12:57:10Z,,paid,fulfilled,online_store,US,IL,90.0,9.0,LOYAL10,0.0,4.86,85.86,shop_pay,2.79,USD
2242,101124,2025-11-06T13:18:26Z,,paid,fulfilled,online_store,AU,VIC,50.0,0.0,,12.95,5.0,67.95,shopify_payments,2.27,USD
2243,101125,2025-11-06T13:29:12Z,,paid,fulfilled,online_store,GB,SCT,104.0,15.6,WELCOME15,0.0,17.68,106.08,shop_pay,3.38,USD
2244,101127,2025-11-06T16:26:38Z,,paid,fulfilled,shop_app,US,FL,201.0,30.15,WELCOME15,0.0,10.25,181.1,paypal,6.81,USD
2245,101128,2025-11-06T17:31:19Z,,paid,fulfilled,online_store,US,DE,34.0,5.1,WELCOME15,5.95,0.0,34.85,shopify_payments,1.31,USD
2246,101129,2025-11-06T17:44:39Z,,paid,fulfilled,online_store,US,CA,32.0,0.0,,5.95,1.92,39.87,shopify_payments,1.46,USD
2247,101130,2025-11-06T18:16:23Z,,paid,fulfilled,online_store,US,NJ,89.0,0.0,,0.0,5.34,94.34,paypal,3.78,USD
2248,101131,2025-11-06T18:38:36Z,,paid,fulfilled,online_store,US,MI,44.0,6.6,WELCOME15,5.95,2.24,45.59,paypal,2.08,USD
2249,101132,2025-11-06T18:40:51Z,,paid,fulfilled,online_store,US,TX,22.0,0.0,,5.95,1.32,29.27,shopify_payments,1.15,USD
2250,100593,2025-11-07T03:05:19Z,,paid,fulfilled,online_store,US,OH,30.0,0.0,,5.95,1.8,37.75,shopify_payments,1.39,USD
2251,101133,2025-11-07T08:42:28Z,,paid,fulfilled,online_store,US,NJ,46.0,0.0,,5.95,2.76,54.71,paypal,2.4,USD
2252,101134,2025-11-07T09:52:38Z,,paid,fulfilled,shop_app,US,CA,62.0,9.3,WELCOME15,0.0,3.16,55.86,shopify_payments,1.92,USD
2253,100551,2025-11-07T11:09:16Z,,paid,fulfilled,online_store,US,NC,56.0,0.0,,0.0,3.36,59.36,paypal,2.56,USD
2254,100037,2025-11-07T11:49:46Z,,paid,fulfilled,shop_app,US,CA,136.0,0.0,,0.0,8.16,144.16,shop_pay,4.48,USD
2255,100088,2025-11-07T15:58:55Z,,paid,fulfilled,online_store,US,CA,34.0,3.4,LOYAL10,5.95,1.84,38.39,shop_pay,1.41,USD
2256,100605,2025-11-07T20:10:26Z,,paid,fulfilled,online_store,US,NC,149.0,0.0,,0.0,8.94,157.94,shopify_payments,4.88,USD
2257,101135,2025-11-08T00:15:02Z,,paid,fulfilled,online_store,CA,ON,66.0,0.0,,12.95,3.3,82.25,shopify_payments,2.69,USD
2258,101136,2025-11-08T00:59:14Z,,paid,fulfilled,shop_app,US,MI,113.0,0.0,,0.0,6.78,119.78,shopify_payments,3.77,USD
2259,101137,2025-11-08T06:02:26Z,,paid,fulfilled,online_store,CA,BC,104.0,0.0,,0.0,5.2,109.2,shop_pay,3.47,USD
2260,101138,2025-11-08T12:34:32Z,,paid,fulfilled,online_store,US,NY,56.0,0.0,,0.0,3.36,59.36,shop_pay,2.02,USD
2261,101139,2025-11-08T12:38:47Z,,paid,fulfilled,online_store,US,MO,94.0,0.0,,0.0,5.64,99.64,shopify_payments,3.19,USD
2262,101140,2025-11-08T13:37:17Z,,paid,fulfilled,online_store,US,OH,32.0,4.8,WELCOME15,5.95,1.63,34.78,shopify_payments,1.31,USD
2263,100715,2025-11-08T18:33:40Z,,paid,fulfilled,online_store,US,TX,34.0,3.4,LOYAL10,5.95,1.84,38.39,shopify_payments,1.41,USD
2264,101141,2025-11-08T20:06:19Z,,paid,fulfilled,online_store,US,TX,34.0,0.0,,5.95,2.04,41.99,shop_pay,1.52,USD
2265,101142,2025-11-08T21:44:07Z,,paid,fulfilled,shop_app,US,CA,68.0,0.0,,0.0,4.08,72.08,shopify_payments,2.39,USD
2266,101143,2025-11-08T23:01:08Z,,paid,fulfilled,online_store,US,GA,62.0,0.0,,0.0,3.72,65.72,shopify_payments,2.21,USD
2267,101144,2025-11-08T23:53:56Z,,paid,fulfilled,online_store,US,MA,34.0,5.1,WELCOME15,5.95,1.73,36.58,shop_pay,1.36,USD
2268,101145,2025-11-09T01:10:55Z,,paid,fulfilled,online_store,US,TX,107.0,16.05,WELCOME15,0.0,5.46,96.41,shopify_payments,3.1,USD
2269,101147,2025-11-09T02:15:53Z,,paid,fulfilled,shop_app,AU,QLD,63.0,9.45,WELCOME15,12.95,5.36,71.86,klarna,4.6,USD
2270,101148,2025-11-09T02:33:49Z,,paid,fulfilled,online_store,CA,QC,128.0,19.2,WELCOME15,0.0,5.44,114.24,shopify_payments,3.61,USD
2271,101150,2025-11-09T15:34:01Z,,paid,fulfilled,shop_app,US,TN,32.0,4.8,WELCOME15,5.95,1.63,34.78,paypal,1.7,USD
2272,101151,2025-11-09T15:35:26Z,,paid,fulfilled,online_store,US,FL,32.0,0.0,,5.95,1.92,39.87,shop_pay,1.46,USD
2273,100393,2025-11-09T16:00:54Z,,paid,fulfilled,online_store,US,OR,64.0,0.0,,0.0,0.0,64.0,shop_pay,2.16,USD
2274,101152,2025-11-09T16:41:36Z,,paid,fulfilled,online_store,US,FL,51.0,0.0,,0.0,3.06,54.06,shopify_payments,1.87,USD
2275,101153,2025-11-09T19:30:11Z,,paid,fulfilled,online_store,US,CA,121.0,0.0,,0.0,7.26,128.26,shopify_payments,4.02,USD
2276,101154,2025-11-09T23:04:06Z,,partially_refunded,fulfilled,shop_app,US,NC,66.0,9.9,WELCOME15,0.0,3.37,59.47,klarna,3.86,USD
2277,101155,2025-11-10T01:49:14Z,,paid,fulfilled,online_store,US,NY,34.0,3.4,"AMELIA10,FREESHIP",0.0,1.84,32.44,shopify_payments,1.24,USD
2278,100454,2025-11-10T05:54:00Z,,paid,fulfilled,online_store,CA,ON,72.0,7.2,LOYAL10,12.95,3.24,80.99,shopify_payments,2.65,USD
2279,101158,2025-11-10T07:40:05Z,,paid,fulfilled,online_store,US,NJ,129.0,0.0,,0.0,7.74,136.74,paypal,5.26,USD
2280,100279,2025-11-10T08:48:07Z,,paid,fulfilled,online_store,US,OH,107.0,0.0,,0.0,6.42,113.42,shopify_payments,3.59,USD
2281,101160,2025-11-10T11:22:54Z,,paid,fulfilled,online_store,CA,QC,140.0,21.0,WELCOME15,0.0,5.95,124.95,shopify_payments,3.92,USD
2282,101159,2025-11-10T11:24:28Z,,paid,fulfilled,online_store,AU,VIC,56.0,8.4,WELCOME15,12.95,4.76,65.31,shopify_payments,2.19,USD
2283,101161,2025-11-10T19:08:44Z,,paid,fulfilled,online_store,US,MA,68.0,10.2,WELCOME15,0.0,3.47,61.27,shopify_payments,2.08,USD
2284,101162,2025-11-11T00:55:30Z,,paid,fulfilled,online_store,US,NC,22.0,0.0,,5.95,1.32,29.27,shopify_payments,1.15,USD
2285,100456,2025-11-11T09:43:28Z,,paid,fulfilled,online_store,US,VA,92.0,9.2,LOYAL10,0.0,4.97,87.77,shopify_payments,2.85,USD
2286,101080,2025-11-11T14:07:28Z,,partially_refunded,fulfilled,online_store,US,NY,108.0,16.2,WELCOME15,0.0,5.51,97.31,shopify_payments,3.12,USD
2287,100791,2025-11-11T15:33:07Z,,paid,fulfilled,shop_app,US,WA,36.0,0.0,,5.95,2.16,44.11,shopify_payments,1.58,USD
2288,100712,2025-11-11T17:50:51Z,2025-11-11T23:50:51Z,voided,unfulfilled,online_store,US,TX,80.0,0.0,,0.0,4.8,84.8,paypal,0.0,USD
2289,101163,2025-11-11T20:59:10Z,,paid,fulfilled,online_store,AU,NSW,32.0,4.8,WELCOME15,12.95,2.72,42.87,shopify_payments,1.54,USD
2290,100699,2025-11-11T22:45:10Z,,paid,fulfilled,online_store,US,PA,100.0,0.0,,0.0,6.0,106.0,shopify_payments,3.37,USD
2291,101164,2025-11-11T22:53:50Z,,paid,fulfilled,shop_app,GB,ENG,66.0,9.9,WELCOME15,12.95,11.22,80.27,shopify_payments,2.63,USD
2292,100622,2025-11-12T02:09:03Z,,paid,fulfilled,online_store,US,MI,26.0,2.6,LOYAL10,5.95,1.4,30.75,paypal,1.56,USD
2293,100740,2025-11-12T03:16:22Z,,paid,fulfilled,online_store,US,TX,44.0,0.0,,5.95,2.64,52.59,paypal,2.33,USD
2294,101165,2025-11-12T10:56:19Z,,paid,fulfilled,online_store,US,GA,28.0,4.2,WELCOME15,5.95,1.43,31.18,shop_pay,1.2,USD
2295,101166,2025-11-12T11:14:51Z,,paid,fulfilled,online_store,US,OR,34.0,0.0,,5.95,0.0,39.95,shopify_payments,1.46,USD
2296,100627,2025-11-12T11:33:01Z,,paid,fulfilled,online_store,US,NY,29.0,0.0,,5.95,1.74,36.69,shopify_payments,1.36,USD
2297,101167,2025-11-12T13:13:57Z,,paid,fulfilled,online_store,CA,BC,60.0,0.0,,12.95,3.0,75.95,paypal,3.14,USD
2298,101168,2025-11-12T13:52:23Z,,paid,fulfilled,online_store,US,CA,134.0,0.0,,0.0,8.04,142.04,shopify_payments,4.42,USD
2299,100429,2025-11-12T14:54:38Z,,paid,fulfilled,online_store,US,NC,176.0,0.0,,0.0,10.56,186.56,shopify_payments,5.71,USD
2300,100184,2025-11-12T20:29:39Z,,paid,fulfilled,online_store,US,NC,56.0,6.72,GLOWWITHSAM12,5.95,2.96,58.19,paypal,2.52,USD
2301,100889,2025-11-12T23:22:52Z,,paid,fulfilled,online_store,CA,QC,120.0,0.0,,0.0,6.0,126.0,shopify_payments,3.95,USD
2302,101170,2025-11-13T00:32:05Z,,paid,fulfilled,online_store,US,CA,72.0,0.0,,0.0,4.32,76.32,shopify_payments,2.51,USD
2303,101171,2025-11-13T01:58:06Z,,paid,fulfilled,shop_app,US,WI,84.0,0.0,,0.0,5.04,89.04,shopify_payments,2.88,USD
2304,101172,2025-11-13T04:12:42Z,,refunded,fulfilled,shop_app,US,FL,34.0,5.1,WELCOME15,5.95,1.73,36.58,shop_pay,1.36,USD
2305,101174,2025-11-13T13:01:06Z,,paid,fulfilled,online_store,US,CA,66.0,7.92,GLOWWITHSAM12,0.0,3.48,61.56,klarna,3.99,USD
2306,101175,2025-11-13T18:18:03Z,,paid,fulfilled,online_store,CA,ON,34.0,5.1,WELCOME15,12.95,1.44,43.29,shopify_payments,1.56,USD
2307,101176,2025-11-13T18:57:22Z,,paid,fulfilled,online_store,US,CA,34.0,5.1,WELCOME15,5.95,1.73,36.58,shop_pay,1.36,USD
2308,100648,2025-11-13T19:42:59Z,,paid,fulfilled,shop_app,AU,VIC,22.0,0.0,,12.95,2.2,37.15,shopify_payments,1.38,USD
2309,101177,2025-11-13T22:21:30Z,,paid,fulfilled,online_store,CA,ON,62.0,0.0,,12.95,3.1,78.05,shopify_payments,2.56,USD
2310,100116,2025-11-13T22:53:32Z,,paid,fulfilled,online_store,US,AZ,34.0,3.4,LOYAL10,5.95,1.84,38.39,paypal,1.83,USD
2311,101178,2025-11-14T01:01:41Z,,paid,fulfilled,online_store,US,FL,34.0,0.0,,5.95,2.04,41.99,shop_pay,1.52,USD
2312,101098,2025-11-14T01:01:51Z,,paid,fulfilled,online_store,US,NY,63.0,0.0,,0.0,3.78,66.78,paypal,2.82,USD
2313,101179,2025-11-14T01:43:36Z,,paid,fulfilled,shop_app,US,TX,116.0,17.4,WELCOME15,0.0,5.92,104.52,shopify_payments,3.33,USD
2314,100339,2025-11-14T09:33:08Z,,paid,fulfilled,online_store,US,MN,68.0,0.0,,0.0,4.08,72.08,shopify_payments,2.39,USD
2315,101180,2025-11-14T10:14:23Z,,paid,fulfilled,online_store,US,TN,28.0,4.2,WELCOME15,5.95,1.43,31.18,paypal,1.58,USD
2316,100753,2025-11-14T11:58:40Z,,paid,fulfilled,online_store,US,TX,88.0,0.0,,0.0,5.28,93.28,shopify_payments,3.01,USD
2317,101181,2025-11-14T12:18:30Z,,partially_refunded,fulfilled,online_store,US,TX,124.0,0.0,,0.0,7.44,131.44,paypal,5.08,USD
2318,100580,2025-11-14T13:27:41Z,,paid,fulfilled,online_store,US,CO,68.0,0.0,,0.0,4.08,72.08,shopify_payments,2.39,USD
2319,100401,2025-11-14T19:30:55Z,,paid,fulfilled,online_store,US,NC,44.0,4.4,LOYAL10,5.95,2.38,47.93,shopify_payments,1.69,USD
2320,101183,2025-11-14T20:31:36Z,,paid,fulfilled,online_store,CA,AB,98.0,0.0,,0.0,4.9,102.9,shopify_payments,3.28,USD
2321,101185,2025-11-15T02:11:47Z,,paid,fulfilled,online_store,US,FL,66.0,0.0,,0.0,3.96,69.96,shopify_payments,2.33,USD
2322,100940,2025-11-15T07:02:24Z,,paid,fulfilled,online_store,US,OR,134.0,0.0,,0.0,0.0,134.0,shopify_payments,4.19,USD
2323,100255,2025-11-15T07:29:52Z,,paid,fulfilled,online_store,US,NY,114.0,0.0,,0.0,6.84,120.84,paypal,4.71,USD
2324,101186,2025-11-15T07:58:37Z,,partially_refunded,fulfilled,online_store,US,IL,128.0,0.0,,0.0,7.68,135.68,paypal,5.23,USD
2325,101187,2025-11-15T12:40:41Z,,paid,fulfilled,online_store,US,IN,34.0,0.0,,5.95,2.04,41.99,shopify_payments,1.52,USD
2326,101188,2025-11-15T13:29:33Z,,partially_refunded,fulfilled,online_store,US,WI,118.0,11.8,AMELIA10,0.0,6.37,112.57,paypal,4.42,USD
2327,101190,2025-11-15T14:56:36Z,,paid,fulfilled,online_store,US,TX,66.0,9.9,WELCOME15,0.0,3.37,59.47,shop_pay,2.02,USD
2328,101191,2025-11-15T16:25:26Z,,paid,fulfilled,online_store,CA,BC,34.0,5.1,WELCOME15,12.95,1.44,43.29,shop_pay,1.56,USD
2329,100132,2025-11-15T16:51:28Z,,paid,fulfilled,online_store,US,NC,96.0,0.0,,0.0,5.76,101.76,shopify_payments,3.25,USD
2330,101192,2025-11-16T02:51:37Z,,paid,fulfilled,online_store,CA,BC,64.0,0.0,,12.95,3.2,80.15,paypal,3.29,USD
2331,100259,2025-11-16T13:43:23Z,,paid,fulfilled,online_store,US,WA,70.0,0.0,,0.0,4.2,74.2,shopify_payments,2.45,USD
2332,100909,2025-11-16T14:00:41Z,,paid,fulfilled,shop_app,US,MA,28.0,4.2,WELCOME15,5.95,1.43,31.18,shopify_payments,1.2,USD
2333,101193,2025-11-16T16:59:32Z,,paid,fulfilled,online_store,US,CA,22.0,3.3,WELCOME15,5.95,1.12,25.77,paypal,1.39,USD
2334,100954,2025-11-16T17:31:03Z,,paid,fulfilled,online_store,US,CO,62.0,0.0,,0.0,3.72,65.72,shopify_payments,2.21,USD
2335,101195,2025-11-16T20:29:55Z,,paid,fulfilled,shop_app,US,NH,168.0,25.2,WELCOME15,0.0,0.0,142.8,shopify_payments,4.44,USD
2336,101196,2025-11-16T20:43:01Z,,paid,fulfilled,online_store,US,CA,34.0,5.1,WELCOME15,5.95,1.73,36.58,shopify_payments,1.36,USD
2337,101197,2025-11-16T21:38:13Z,,paid,fulfilled,online_store,US,CO,32.0,4.8,WELCOME15,5.95,1.63,34.78,shop_pay,1.31,USD
2338,100080,2025-11-16T23:38:02Z,,paid,fulfilled,shop_app,US,MO,139.0,0.0,,0.0,8.34,147.34,shopify_payments,4.57,USD
2339,101198,2025-11-17T01:08:30Z,,paid,fulfilled,online_store,US,CA,29.0,0.0,,5.95,1.74,36.69,paypal,1.77,USD
2340,101199,2025-11-17T02:23:59Z,,partially_refunded,fulfilled,online_store,US,CA,66.0,0.0,,0.0,3.96,69.96,shopify_payments,2.33,USD
2341,100250,2025-11-17T04:30:01Z,,paid,fulfilled,shop_app,US,CA,88.0,0.0,,0.0,5.28,93.28,shop_pay,3.01,USD
2342,100914,2025-11-17T07:23:47Z,,refunded,fulfilled,shop_app,US,PA,84.0,8.4,LOYAL10,0.0,4.54,80.14,shopify_payments,2.62,USD
2343,100525,2025-11-17T09:01:29Z,,paid,fulfilled,online_store,US,NY,34.0,0.0,,5.95,2.04,41.99,shopify_payments,1.52,USD
2344,100932,2025-11-17T11:09:43Z,,paid,fulfilled,online_store,US,IN,94.0,0.0,,0.0,5.64,99.64,shopify_payments,3.19,USD
2345,101200,2025-11-17T13:11:38Z,,paid,fulfilled,online_store,US,WI,34.0,0.0,,5.95,2.04,41.99,shopify_payments,1.52,USD
2346,101024,2025-11-17T21:41:01Z,,paid,fulfilled,online_store,US,NY,63.0,0.0,,0.0,3.78,66.78,shopify_payments,2.24,USD
2347,101203,2025-11-17T22:01:28Z,,partially_refunded,fulfilled,online_store,US,WA,98.0,9.8,DERMDIARY10,0.0,5.29,93.49,shopify_payments,3.01,USD
2348,101204,2025-11-17T22:27:30Z,,paid,fulfilled,online_store,GB,SCT,22.0,0.0,,12.95,4.4,39.35,shopify_payments,1.44,USD
2349,101205,2025-11-17T23:18:59Z,,paid,fulfilled,online_store,US,WI,72.0,0.0,,0.0,4.32,76.32,shopify_payments,2.51,USD
2350,100854,2025-11-18T00:41:15Z,,paid,fulfilled,shop_app,US,MI,44.0,0.0,,5.95,2.64,52.59,paypal,2.33,USD
2351,100903,2025-11-18T02:46:45Z,,paid,fulfilled,online_store,US,CA,26.0,0.0,,5.95,1.56,33.51,shopify_payments,1.27,USD
2352,100649,2025-11-18T03:22:30Z,,paid,fulfilled,online_store,US,TX,70.0,0.0,,0.0,4.2,74.2,shop_pay,2.45,USD
2353,100497,2025-11-18T06:09:57Z,,paid,fulfilled,online_store,US,TX,94.0,0.0,,0.0,5.64,99.64,klarna,6.27,USD
2354,101208,2025-11-18T10:36:33Z,,paid,fulfilled,shop_app,US,VA,94.0,14.1,WELCOME15,0.0,4.79,84.69,shopify_payments,2.76,USD
2355,100209,2025-11-18T11:15:44Z,,paid,fulfilled,online_store,US,IL,22.0,0.0,,5.95,1.32,29.27,shopify_payments,1.15,USD
2356,101209,2025-11-18T13:29:14Z,,paid,fulfilled,online_store,US,CA,22.0,0.0,,5.95,1.32,29.27,klarna,2.05,USD
2357,101211,2025-11-18T17:20:30Z,,paid,fulfilled,online_store,US,FL,30.0,4.5,WELCOME15,5.95,1.53,32.98,shopify_payments,1.26,USD
2358,101210,2025-11-18T17:22:40Z,,paid,fulfilled,online_store,US,TN,84.0,12.6,WELCOME15,0.0,4.28,75.68,shopify_payments,2.49,USD
2359,101212,2025-11-18T18:32:33Z,,paid,fulfilled,online_store,US,NY,32.0,4.8,WELCOME15,5.95,1.63,34.78,paypal,1.7,USD
2360,100130,2025-11-18T20:14:15Z,,paid,fulfilled,online_store,US,CA,29.0,2.9,LOYAL10,5.95,1.57,33.62,shop_pay,1.27,USD
2361,101213,2025-11-18T21:52:09Z,,paid,fulfilled,online_store,US,IN,56.0,8.4,WELCOME15,5.95,2.86,56.41,shopify_payments,1.94,USD
2362,100797,2025-11-19T02:41:03Z,,paid,fulfilled,online_store,US,FL,192.0,19.2,LOYAL10,0.0,10.37,183.17,shopify_payments,5.61,USD
2363,100892,2025-11-19T04:22:55Z,,paid,fulfilled,online_store,US,NJ,160.0,0.0,,0.0,9.6,169.6,shop_pay,5.22,USD
2364,100736,2025-11-19T09:02:02Z,,paid,fulfilled,online_store,US,CA,68.0,0.0,,0.0,4.08,72.08,paypal,3.01,USD
2365,100221,2025-11-19T13:14:53Z,,paid,fulfilled,shop_app,US,TX,32.0,3.2,LOYAL10,5.95,1.73,36.48,shopify_payments,1.36,USD
2366,100655,2025-11-19T13:56:34Z,,paid,fulfilled,online_store,US,CA,44.0,0.0,,5.95,2.64,52.59,shopify_payments,1.83,USD
2367,100946,2025-11-19T14:12:32Z,,paid,fulfilled,online_store,US,NC,86.0,0.0,,0.0,5.16,91.16,paypal,3.67,USD
2368,101215,2025-11-19T18:34:19Z,,paid,fulfilled,online_store,US,GA,34.0,0.0,,5.95,2.04,41.99,shop_pay,1.52,USD
2369,101216,2025-11-19T20:13:17Z,,paid,fulfilled,online_store,US,CA,87.0,13.05,WELCOME15,0.0,4.44,78.39,shopify_payments,2.57,USD
2370,101218,2025-11-20T11:54:52Z,,paid,fulfilled,online_store,US,CA,66.0,6.6,DERMDIARY10,0.0,3.56,62.96,shopify_payments,2.13,USD
2371,101219,2025-11-20T13:38:27Z,,paid,fulfilled,online_store,US,MN,108.0,0.0,,0.0,6.48,114.48,shopify_payments,3.62,USD
2372,100679,2025-11-20T15:21:31Z,,paid,fulfilled,online_store,US,FL,51.0,0.0,,0.0,3.06,54.06,shop_pay,1.87,USD
2373,101220,2025-11-20T15:27:22Z,,refunded,fulfilled,online_store,US,FL,44.0,6.6,WELCOME15,5.95,2.24,45.59,shop_pay,1.62,USD
2374,100541,2025-11-20T18:26:27Z,,paid,fulfilled,online_store,US,TN,84.0,0.0,,0.0,5.04,89.04,shop_pay,2.88,USD
2375,101221,2025-11-20T19:51:37Z,,paid,fulfilled,online_store,US,IL,26.0,0.0,,5.95,1.56,33.51,shopify_payments,1.27,USD
2376,101222,2025-11-20T23:42:48Z,,paid,fulfilled,online_store,US,NJ,54.0,0.0,,0.0,3.24,57.24,shopify_payments,1.96,USD
2377,101223,2025-11-21T00:48:13Z,,paid,fulfilled,online_store,US,AZ,26.0,0.0,,5.95,1.56,33.51,shopify_payments,1.27,USD
2378,100905,2025-11-21T04:32:03Z,,partially_refunded,fulfilled,online_store,US,CA,113.0,11.3,LOYAL10,0.0,6.1,107.8,shop_pay,3.43,USD
2379,101225,2025-11-21T15:46:28Z,,paid,fulfilled,shop_app,US,NY,60.0,0.0,,0.0,3.6,63.6,paypal,2.71,USD
2380,101078,2025-11-21T16:19:53Z,,paid,fulfilled,online_store,US,TX,29.0,4.35,WELCOME15,5.95,1.48,32.08,shopify_payments,1.23,USD
2381,101226,2025-11-21T20:17:21Z,,paid,fulfilled,online_store,GB,SCT,34.0,5.1,WELCOME15,12.95,5.78,47.63,shopify_payments,1.68,USD
2382,101227,2025-11-21T22:57:57Z,,paid,fulfilled,online_store,US,NJ,34.0,0.0,,5.95,2.04,41.99,paypal,1.96,USD
2383,101228,2025-11-22T02:57:25Z,,paid,fulfilled,shop_app,CA,BC,104.0,15.6,WELCOME15,0.0,4.42,92.82,paypal,3.73,USD
2384,100949,2025-11-22T05:59:16Z,,paid,fulfilled,online_store,US,IL,29.0,0.0,,5.95,1.74,36.69,shopify_payments,1.36,USD
2385,101229,2025-11-22T08:40:37Z,,paid,fulfilled,online_store,US,CA,113.0,16.95,WELCOME15,0.0,5.76,101.81,shopify_payments,3.25,USD
2386,101230,2025-11-22T10:49:02Z,,paid,fulfilled,online_store,US,CA,66.0,9.9,WELCOME15,0.0,3.37,59.47,shopify_payments,2.02,USD
2387,101232,2025-11-22T13:21:33Z,,paid,fulfilled,online_store,CA,QC,34.0,5.1,WELCOME15,12.95,1.44,43.29,shop_pay,1.56,USD
2388,101233,2025-11-22T20:31:16Z,,paid,fulfilled,online_store,US,PA,95.0,14.25,WELCOME15,0.0,4.84,85.59,shopify_payments,2.78,USD
2389,100820,2025-11-22T20:35:33Z,,paid,fulfilled,online_store,US,AZ,28.0,0.0,,5.95,1.68,35.63,shopify_payments,1.33,USD
2390,101234,2025-11-22T23:24:25Z,,partially_refunded,fulfilled,online_store,AU,VIC,196.0,29.4,WELCOME15,0.0,16.66,183.26,shopify_payments,5.61,USD
2391,101235,2025-11-22T23:55:48Z,,paid,fulfilled,online_store,US,TX,64.0,0.0,,0.0,3.84,67.84,shopify_payments,2.27,USD
2392,101236,2025-11-23T00:14:38Z,,paid,fulfilled,online_store,US,TX,24.0,3.6,WELCOME15,5.95,1.22,27.57,shopify_payments,1.1,USD
2393,100978,2025-11-23T03:46:33Z,,paid,fulfilled,online_store,US,IL,60.0,6.0,LOYAL10,0.0,3.24,57.24,shop_pay,1.96,USD
2394,100776,2025-11-23T09:39:31Z,,paid,fulfilled,online_store,US,TN,66.0,6.6,LOYAL10,0.0,3.56,62.96,shopify_payments,2.13,USD
2395,100071,2025-11-23T13:10:52Z,,paid,fulfilled,online_store,US,NJ,29.0,2.9,LOYAL10,5.95,1.57,33.62,shopify_payments,1.27,USD
2396,101126,2025-11-23T13:48:56Z,,paid,fulfilled,online_store,CA,ON,32.0,4.8,WELCOME15,12.95,1.36,41.51,shop_pay,1.5,USD
2397,101237,2025-11-23T14:26:37Z,,paid,fulfilled,online_store,US,PA,44.0,0.0,,5.95,2.64,52.59,shopify_payments,1.83,USD
2398,101238,2025-11-23T14:41:11Z,,paid,fulfilled,online_store,US,MI,88.0,0.0,,0.0,5.28,93.28,shopify_payments,3.01,USD
2399,100370,2025-11-23T16:22:26Z,,paid,fulfilled,online_store,US,CA,78.0,0.0,,0.0,4.68,82.68,shopify_payments,2.7,USD
2400,101239,2025-11-23T18:17:01Z,2025-11-24T02:17:01Z,voided,unfulfilled,online_store,US,MA,36.0,5.4,WELCOME15,5.95,1.84,38.39,shopify_payments,0.0,USD
2401,101240,2025-11-23T18:59:42Z,,paid,fulfilled,online_store,US,OR,44.0,0.0,,5.95,0.0,49.95,paypal,2.23,USD
2402,101243,2025-11-24T00:14:19Z,,paid,fulfilled,online_store,US,GA,36.0,10.8,BFCM30,5.95,1.51,32.66,shop_pay,1.25,USD
2403,101242,2025-11-24T00:15:38Z,,partially_refunded,fulfilled,online_store,US,TX,88.0,26.4,BFCM30,0.0,3.7,65.3,shop_pay,2.19,USD
2404,101244,2025-11-24T00:54:35Z,,paid,fulfilled,online_store,US,OH,88.0,26.4,BFCM30,0.0,3.7,65.3,shopify_payments,2.19,USD
2405,101247,2025-11-24T01:29:37Z,,paid,fulfilled,shop_app,US,MA,22.0,3.3,WELCOME15,5.95,1.12,25.77,shopify_payments,1.05,USD
2406,101248,2025-11-24T01:37:12Z,,paid,fulfilled,online_store,US,MI,46.0,13.8,BFCM30,5.95,1.93,40.08,shopify_payments,1.46,USD
2407,101249,2025-11-24T01:40:13Z,,paid,fulfilled,shop_app,US,TX,64.0,19.2,BFCM30,5.95,2.69,53.44,paypal,2.36,USD
2408,101250,2025-11-24T02:00:24Z,,partially_refunded,fulfilled,online_store,US,CA,126.0,37.8,BFCM30,0.0,5.29,93.49,shopify_payments,3.01,USD
2409,101251,2025-11-24T02:10:44Z,,partially_refunded,fulfilled,online_store,US,TX,118.0,35.4,BFCM30,0.0,4.96,87.56,shopify_payments,2.84,USD
2410,101252,2025-11-24T02:31:08Z,,paid,fulfilled,online_store,US,MD,84.0,25.2,BFCM30,0.0,3.53,62.33,shopify_payments,2.11,USD
2411,101253,2025-11-24T02:36:24Z,,paid,fulfilled,online_store,GB,SCT,34.0,10.2,BFCM30,12.95,4.76,41.51,paypal,1.94,USD
2412,101254,2025-11-24T03:53:56Z,,partially_refunded,fulfilled,online_store,AU,QLD,66.0,19.8,BFCM30,12.95,4.62,63.77,shopify_payments,2.15,USD
2413,101255,2025-11-24T03:55:35Z,,paid,fulfilled,online_store,US,FL,88.0,26.4,BFCM30,0.0,3.7,65.3,shopify_payments,2.19,USD
2414,101256,2025-11-24T04:02:30Z,,paid,fulfilled,online_store,US,FL,114.0,34.2,BFCM30,0.0,4.79,84.59,shopify_payments,2.75,USD
2415,101257,2025-11-24T04:12:41Z,,paid,fulfilled,online_store,GB,ENG,118.0,35.4,BFCM30,12.95,16.52,112.07,shopify_payments,3.55,USD
2416,101258,2025-11-24T04:25:10Z,,partially_refunded,fulfilled,shop_app,US,GA,114.0,46.17,"BFCM30,WELCOME15",0.0,4.07,71.9,shopify_payments,2.39,USD
2417,101259,2025-11-24T05:33:04Z,,partially_refunded,fulfilled,online_store,US,NY,194.0,58.2,BFCM30,0.0,8.15,143.95,shop_pay,4.47,USD
2418,100523,2025-11-24T08:09:25Z,,paid,fulfilled,online_store,US,CO,148.0,44.4,BFCM30,0.0,6.22,109.82,shopify_payments,3.48,USD
2419,101260,2025-11-24T08:23:20Z,,paid,fulfilled,online_store,US,WI,118.0,47.79,"BFCM30,WELCOME15",0.0,4.21,74.42,shopify_payments,2.46,USD
2420,101261,2025-11-24T08:29:34Z,,paid,fulfilled,online_store,US,VA,100.0,30.0,BFCM30,0.0,4.2,74.2,shopify_payments,2.45,USD
2421,101262,2025-11-24T08:55:52Z,,paid,fulfilled,online_store,US,IL,55.0,16.5,BFCM30,5.95,2.31,46.76,shopify_payments,1.66,USD
2422,101263,2025-11-24T09:10:30Z,,paid,fulfilled,online_store,US,NY,68.0,20.4,BFCM30,5.95,2.86,56.41,shopify_payments,1.94,USD
2423,101264,2025-11-24T10:51:54Z,,partially_refunded,fulfilled,online_store,US,CA,118.0,35.4,BFCM30,0.0,4.96,87.56,klarna,5.54,USD
2424,101265,2025-11-24T11:03:08Z,,paid,fulfilled,shop_app,US,MI,84.0,34.02,"BFCM30,WELCOME15",5.95,3.0,58.93,shop_pay,2.01,USD
2425,101267,2025-11-24T11:27:15Z,,paid,fulfilled,online_store,US,IL,148.0,44.4,BFCM30,0.0,6.22,109.82,shopify_payments,3.48,USD
2426,101266,2025-11-24T11:29:50Z,,paid,fulfilled,online_store,US,GA,56.0,22.68,"BFCM30,WELCOME15",5.95,2.0,41.27,shop_pay,1.5,USD
2427,101268,2025-11-24T11:31:00Z,,paid,fulfilled,online_store,US,FL,152.0,22.8,WELCOME15,0.0,7.75,136.95,shopify_payments,4.27,USD
2428,101028,2025-11-24T11:37:11Z,,paid,fulfilled,online_store,US,TX,22.0,6.6,BFCM30,5.95,0.92,22.27,shop_pay,0.95,USD
2429,101269,2025-11-24T11:56:09Z,,paid,fulfilled,online_store,US,OR,136.0,55.08,"BFCM30,WELCOME15",0.0,0.0,80.92,shopify_payments,2.65,USD
2430,101270,2025-11-24T12:16:13Z,,paid,fulfilled,online_store,US,GA,22.0,3.3,WELCOME15,5.95,1.12,25.77,klarna,1.84,USD
2431,101271,2025-11-24T12:24:31Z,,paid,fulfilled,online_store,US,CO,149.0,44.7,BFCM30,0.0,6.26,110.56,shopify_payments,3.51,USD
2432,101272,2025-11-24T12:37:06Z,,paid,fulfilled,online_store,US,IL,152.0,45.6,BFCM30,0.0,6.38,112.78,paypal,4.43,USD
2433,101273,2025-11-24T13:53:50Z,,paid,fulfilled,online_store,US,WA,29.0,8.7,BFCM30,5.95,1.22,27.47,shopify_payments,1.1,USD
2434,101274,2025-11-24T13:55:17Z,,paid,fulfilled,online_store,US,VA,106.0,31.8,BFCM30,0.0,4.45,78.65,shopify_payments,2.58,USD
2435,101276,2025-11-24T14:32:00Z,,paid,fulfilled,online_store,US,CA,34.0,10.2,BFCM30,5.95,1.43,31.18,shopify_payments,1.2,USD
2436,101275,2025-11-24T14:32:25Z,,paid,fulfilled,online_store,US,CA,96.0,28.8,BFCM30,0.0,4.03,71.23,shopify_payments,2.37,USD
2437,101277,2025-11-24T14:56:15Z,,paid,fulfilled,online_store,US,PA,58.0,0.0,,0.0,3.48,61.48,shopify_payments,2.08,USD
2438,101278,2025-11-24T15:11:27Z,,partially_refunded,fulfilled,online_store,GB,SCT,82.0,0.0,,12.95,16.4,111.35,shopify_payments,3.53,USD
2439,101279,2025-11-24T15:22:52Z,,paid,fulfilled,online_store,US,CA,60.0,18.0,BFCM30,5.95,2.52,50.47,paypal,2.25,USD
2440,101280,2025-11-24T15:27:41Z,,paid,fulfilled,online_store,CA,BC,32.0,9.6,"BFCM30,FREESHIP",0.0,1.12,23.52,shopify_payments,0.98,USD
2441,101281,2025-11-24T15:45:01Z,,paid,fulfilled,shop_app,US,WA,64.0,0.0,,0.0,3.84,67.84,shopify_payments,2.27,USD
2442,101282,2025-11-24T16:31:03Z,,paid,fulfilled,online_store,US,NH,98.0,29.4,BFCM30,0.0,0.0,68.6,shopify_payments,2.29,USD
2443,101285,2025-11-24T17:12:15Z,,paid,fulfilled,shop_app,US,FL,29.0,8.7,BFCM30,5.95,1.22,27.47,shopify_payments,1.1,USD
2444,101286,2025-11-24T17:21:16Z,,paid,fulfilled,online_store,US,TX,123.0,36.9,BFCM30,0.0,5.17,91.27,shopify_payments,2.95,USD
2445,101287,2025-11-24T17:28:15Z,,paid,fulfilled,online_store,US,VA,78.0,23.4,BFCM30,0.0,3.28,57.88,klarna,3.77,USD
2446,101288,2025-11-24T17:36:27Z,,paid,fulfilled,shop_app,US,MA,97.0,14.55,WELCOME15,0.0,4.95,87.4,shopify_payments,2.83,USD
2447,101289,2025-11-24T18:28:35Z,,paid,fulfilled,online_store,US,WA,58.0,17.4,BFCM30,5.95,2.44,48.99,shopify_payments,1.72,USD
2448,101290,2025-11-24T18:50:03Z,,paid,fulfilled,online_store,US,TX,186.0,55.8,BFCM30,0.0,7.81,138.01,shopify_payments,4.3,USD
2449,101291,2025-11-24T19:03:43Z,,paid,fulfilled,online_store,US,FL,182.0,54.6,BFCM30,0.0,7.64,135.04,shopify_payments,4.22,USD
2450,101292,2025-11-24T19:30:32Z,,paid,fulfilled,online_store,US,CA,84.0,25.2,BFCM30,0.0,3.53,62.33,shopify_payments,2.11,USD
2451,101293,2025-11-24T19:37:33Z,,paid,fulfilled,online_store,US,MI,34.0,10.2,BFCM30,5.95,1.43,31.18,shopify_payments,1.2,USD
2452,101294,2025-11-24T19:44:27Z,,paid,fulfilled,online_store,US,NJ,84.0,25.2,BFCM30,0.0,3.53,62.33,paypal,2.67,USD
2453,100896,2025-11-24T19:46:13Z,,refunded,fulfilled,online_store,US,MI,84.0,25.2,BFCM30,0.0,3.53,62.33,shopify_payments,2.11,USD
2454,101295,2025-11-24T21:11:28Z,,paid,fulfilled,online_store,US,NY,84.0,25.2,BFCM30,0.0,3.53,62.33,shopify_payments,2.11,USD
2455,101296,2025-11-24T21:59:17Z,,paid,fulfilled,online_store,US,NY,84.0,34.02,"BFCM30,WELCOME15",5.95,3.0,58.93,shopify_payments,2.01,USD
2456,101297,2025-11-24T22:45:37Z,,paid,fulfilled,online_store,US,FL,36.0,10.8,BFCM30,5.95,1.51,32.66,shopify_payments,1.25,USD
2457,101298,2025-11-24T22:51:25Z,,paid,fulfilled,online_store,CA,ON,113.0,33.9,BFCM30,12.95,3.96,96.01,shopify_payments,3.08,USD
2458,101299,2025-11-24T22:55:14Z,,paid,fulfilled,online_store,US,OH,125.0,37.5,BFCM30,0.0,5.25,92.75,shopify_payments,2.99,USD
2459,101300,2025-11-24T23:05:42Z,,partially_refunded,fulfilled,shop_app,US,IL,113.0,33.9,BFCM30,0.0,4.75,83.85,shopify_payments,2.73,USD
2460,101301,2025-11-24T23:31:50Z,,paid,fulfilled,online_store,US,TN,28.0,4.2,WELCOME15,5.95,1.43,31.18,shopify_payments,1.2,USD
2461,101302,2025-11-24T23:37:22Z,,partially_refunded,fulfilled,online_store,US,CA,212.0,63.6,BFCM30,0.0,8.9,157.3,shop_pay,4.86,USD
2462,101303,2025-11-25T00:02:50Z,,paid,fulfilled,online_store,US,CO,128.0,38.4,BFCM30,0.0,5.38,94.98,shopify_payments,3.05,USD
2463,101304,2025-11-25T00:13:03Z,2025-11-25T07:13:03Z,voided,unfulfilled,online_store,US,TX,22.0,6.6,BFCM30,5.95,0.92,22.27,shopify_payments,0.0,USD
2464,101305,2025-11-25T00:22:00Z,,paid,fulfilled,online_store,US,IL,84.0,25.2,BFCM30,0.0,3.53,62.33,shopify_payments,2.11,USD
2465,101306,2025-11-25T00:29:55Z,,paid,fulfilled,online_store,US,CO,80.0,24.0,BFCM30,0.0,3.36,59.36,shop_pay,2.02,USD
2466,100849,2025-11-25T00:55:20Z,,paid,fulfilled,online_store,US,TN,102.0,30.6,BFCM30,0.0,4.28,75.68,shopify_payments,2.49,USD
2467,101307,2025-11-25T01:18:59Z,,partially_refunded,fulfilled,online_store,CA,QC,98.0,29.4,BFCM30,12.95,3.43,84.98,shopify_payments,2.76,USD
2468,101309,2025-11-25T01:46:28Z,,paid,fulfilled,shop_app,US,MO,84.0,25.2,BFCM30,0.0,3.53,62.33,shop_pay,2.11,USD
2469,101310,2025-11-25T01:57:54Z,,paid,fulfilled,shop_app,US,TX,56.0,16.8,BFCM30,5.95,2.35,47.5,shop_pay,1.68,USD
2470,101311,2025-11-25T02:13:04Z,,paid,fulfilled,online_store,AU,QLD,58.0,17.4,BFCM30,12.95,4.06,57.61,klarna,3.75,USD
2471,101071,2025-11-25T02:16:30Z,,paid,fulfilled,online_store,US,CA,63.0,18.9,BFCM30,5.95,2.65,52.7,paypal,2.33,USD
2472,101312,2025-11-25T02:16:32Z,,paid,fulfilled,online_store,US,FL,56.0,16.8,BFCM30,5.95,2.35,47.5,shop_pay,1.68,USD
2473,101313,2025-11-25T02:18:27Z,,paid,fulfilled,online_store,GB,ENG,34.0,10.2,BFCM30,12.95,4.76,41.51,shopify_payments,1.5,USD
2474,101314,2025-11-25T02:27:03Z,,paid,fulfilled,online_store,US,CA,34.0,10.2,BFCM30,5.95,1.43,31.18,shopify_payments,1.2,USD
2475,101315,2025-11-25T02:31:25Z,,paid,fulfilled,online_store,US,IN,84.0,34.02,"BFCM30,WELCOME15",5.95,3.0,58.93,shopify_payments,2.01,USD
2476,101316,2025-11-25T02:48:36Z,,paid,fulfilled,online_store,US,OH,132.0,39.6,BFCM30,0.0,5.54,97.94,shopify_payments,3.14,USD
2477,101317,2025-11-25T03:05:12Z,,paid,fulfilled,online_store,US,CA,60.0,9.0,WELCOME15,0.0,3.06,54.06,paypal,2.38,USD
2478,101023,2025-11-25T03:33:53Z,,partially_refunded,fulfilled,online_store,US,CA,128.0,38.4,BFCM30,0.0,5.38,94.98,paypal,3.8,USD
2479,101318,2025-11-25T03:51:11Z,,partially_refunded,fulfilled,shop_app,US,GA,78.0,23.4,BFCM30,0.0,3.28,57.88,shopify_payments,1.98,USD
2480,101319,2025-11-25T03:56:34Z,,paid,fulfilled,online_store,US,IL,120.0,36.0,BFCM30,0.0,5.04,89.04,shopify_payments,2.88,USD
2481,101320,2025-11-25T04:13:26Z,,paid,fulfilled,shop_app,US,CA,86.0,25.8,BFCM30,0.0,3.61,63.81,shopify_payments,2.15,USD
2482,101321,2025-11-25T04:48:38Z,,paid,fulfilled,online_store,US,WA,26.0,7.8,BFCM30,5.95,1.09,25.24,shopify_payments,1.03,USD
2483,101322,2025-11-25T06:21:38Z,,paid,fulfilled,online_store,US,WA,100.0,40.5,"BFCM30,WELCOME15",0.0,3.57,63.07,shopify_payments,2.13,USD
2484,100721,2025-11-25T06:23:55Z,,paid,fulfilled,shop_app,GB,SCT,63.0,18.9,BFCM30,12.95,8.82,65.87,shop_pay,2.21,USD
2485,101323,2025-11-25T07:10:45Z,,paid,fulfilled,online_store,US,CO,34.0,10.2,BFCM30,5.95,1.43,31.18,shopify_payments,1.2,USD
2486,100711,2025-11-25T09:02:24Z,,paid,fulfilled,shop_app,US,TX,34.0,10.2,BFCM30,5.95,1.43,31.18,paypal,1.58,USD
2487,101324,2025-11-25T09:34:22Z,,paid,fulfilled,online_store,US,FL,76.0,22.8,BFCM30,0.0,3.19,56.39,shopify_payments,1.94,USD
2488,101325,2025-11-25T09:51:03Z,,paid,fulfilled,online_store,US,WI,84.0,34.02,"BFCM30,WELCOME15",5.95,3.0,58.93,shopify_payments,2.01,USD
2489,101326,2025-11-25T09:59:26Z,,paid,fulfilled,online_store,US,MA,34.0,10.2,BFCM30,5.95,1.43,31.18,shopify_payments,1.2,USD
2490,101327,2025-11-25T10:10:33Z,,refunded,fulfilled,online_store,US,GA,34.0,10.2,BFCM30,5.95,1.43,31.18,shopify_payments,1.2,USD
2491,101328,2025-11-25T10:23:45Z,,partially_refunded,fulfilled,shop_app,US,IN,100.0,30.0,BFCM30,0.0,4.2,74.2,shopify_payments,2.45,USD
2492,101329,2025-11-25T10:40:00Z,,paid,fulfilled,online_store,US,NC,170.0,51.0,BFCM30,0.0,7.14,126.14,shopify_payments,3.96,USD
2493,101330,2025-11-25T11:05:40Z,,partially_refunded,fulfilled,online_store,US,NY,174.0,52.2,BFCM30,0.0,7.31,129.11,shop_pay,4.04,USD
2494,101331,2025-11-25T11:16:52Z,,paid,fulfilled,online_store,US,PA,30.0,9.0,BFCM30,5.95,1.26,28.21,klarna,1.99,USD
2495,101332,2025-11-25T11:35:46Z,,paid,fulfilled,online_store,US,CA,63.0,18.9,BFCM30,5.95,2.65,52.7,shop_pay,1.83,USD
2496,101333,2025-11-25T11:47:58Z,,partially_refunded,fulfilled,online_store,US,OR,83.0,33.62,"BFCM30,WELCOME15,FREESHIP",0.0,0.0,49.38,shopify_payments,1.73,USD
2497,101334,2025-11-25T12:04:19Z,,paid,fulfilled,online_store,US,PA,44.0,13.2,BFCM30,5.95,1.85,38.6,shop_pay,1.42,USD
2498,101335,2025-11-25T12:21:25Z,,paid,fulfilled,online_store,US,FL,132.0,39.6,BFCM30,0.0,5.54,97.94,paypal,3.91,USD
2499,101336,2025-11-25T12:31:34Z,,paid,fulfilled,online_store,US,CA,146.0,59.13,"BFCM30,WELCOME15",0.0,5.21,92.08,shopify_payments,2.97,USD
2500,101337,2025-11-25T12:37:59Z,,paid,fulfilled,online_store,US,WI,44.0,13.2,BFCM30,5.95,1.85,38.6,shop_pay,1.42,USD
2501,101338,2025-11-25T13:13:55Z,,partially_refunded,fulfilled,online_store,US,CO,118.0,35.4,BFCM30,0.0,4.96,87.56,paypal,3.55,USD
2502,101339,2025-11-25T13:26:24Z,,partially_refunded,fulfilled,online_store,US,CA,80.0,24.0,BFCM30,0.0,3.36,59.36,paypal,2.56,USD
2503,101340,2025-11-25T13:30:08Z,,paid,fulfilled,online_store,GB,SCT,110.0,33.0,BFCM30,12.95,15.4,105.35,shopify_payments,3.36,USD
2504,101341,2025-11-25T13:46:18Z,,paid,fulfilled,online_store,US,FL,84.0,25.2,BFCM30,0.0,3.53,62.33,paypal,2.67,USD
2505,101342,2025-11-25T13:49:39Z,,paid,fulfilled,online_store,US,VA,142.0,42.6,BFCM30,0.0,5.96,105.36,shopify_payments,3.36,USD
2506,101343,2025-11-25T13:54:37Z,,partially_refunded,fulfilled,online_store,US,TX,63.0,18.9,BFCM30,5.95,2.65,52.7,shopify_payments,1.83,USD
2507,101344,2025-11-25T14:10:11Z,,partially_refunded,fulfilled,shop_app,US,GA,128.0,38.4,BFCM30,0.0,5.38,94.98,klarna,5.99,USD
2508,101345,2025-11-25T14:13:27Z,,paid,fulfilled,online_store,CA,BC,48.0,14.4,"BFCM30,FREESHIP",0.0,1.68,35.28,shopify_payments,1.32,USD
2509,101346,2025-11-25T14:14:20Z,,paid,fulfilled,online_store,US,NY,118.0,35.4,BFCM30,0.0,4.96,87.56,shopify_payments,2.84,USD
2510,101347,2025-11-25T14:31:17Z,,partially_refunded,fulfilled,online_store,US,VA,172.0,51.6,BFCM30,0.0,7.22,127.62,shopify_payments,4.0,USD
2511,101348,2025-11-25T14:33:25Z,,paid,fulfilled,online_store,US,CA,108.0,16.2,WELCOME15,0.0,5.51,97.31,paypal,3.89,USD
2512,101349,2025-11-25T14:51:35Z,,paid,fulfilled,online_store,US,CA,44.0,13.2,BFCM30,5.95,1.85,38.6,shopify_payments,1.42,USD
2513,101350,2025-11-25T15:03:08Z,,paid,fulfilled,online_store,US,TX,24.0,7.2,BFCM30,5.95,1.01,23.76,shopify_payments,0.99,USD
2514,101351,2025-11-25T15:17:07Z,,paid,fulfilled,online_store,US,NC,28.0,8.4,BFCM30,5.95,1.18,26.73,shopify_payments,1.08,USD
2515,101352,2025-11-25T15:34:05Z,,paid,fulfilled,online_store,US,MI,51.0,15.3,BFCM30,5.95,2.14,43.79,shopify_payments,1.57,USD
2516,101353,2025-11-25T15:57:04Z,,paid,fulfilled,online_store,US,CA,22.0,6.6,BFCM30,5.95,0.92,22.27,shopify_payments,0.95,USD
2517,101354,2025-11-25T15:59:40Z,,paid,fulfilled,online_store,US,WI,34.0,10.2,BFCM30,5.95,1.43,31.18,shopify_payments,1.2,USD
2518,101355,2025-11-25T16:41:33Z,,paid,fulfilled,online_store,US,CA,168.0,50.4,BFCM30,0.0,7.06,124.66,shopify_payments,3.92,USD
2519,101356,2025-11-25T16:59:36Z,,paid,fulfilled,online_store,US,MN,22.0,0.0,,5.95,1.32,29.27,shopify_payments,1.15,USD
2520,101357,2025-11-25T17:30:07Z,,paid,fulfilled,online_store,US,IL,66.0,19.8,BFCM30,5.95,2.77,54.92,shopify_payments,1.89,USD
2521,101358,2025-11-25T17:42:06Z,2025-11-25T18:42:06Z,voided,unfulfilled,online_store,US,FL,32.0,0.0,,5.95,1.92,39.87,paypal,0.0,USD
2522,101360,2025-11-25T18:02:16Z,,paid,fulfilled,online_store,US,MI,128.0,0.0,,0.0,7.68,135.68,shopify_payments,4.23,USD
2523,101359,2025-11-25T18:02:21Z,,partially_refunded,fulfilled,online_store,US,WI,128.0,38.4,BFCM30,0.0,5.38,94.98,shopify_payments,3.05,USD
2524,101361,2025-11-25T18:55:00Z,,paid,fulfilled,online_store,US,GA,28.0,8.4,BFCM30,5.95,1.18,26.73,shopify_payments,1.08,USD
2525,101362,2025-11-25T19:55:21Z,,refunded,fulfilled,online_store,US,MD,84.0,25.2,BFCM30,0.0,3.53,62.33,shopify_payments,2.11,USD
2526,101363,2025-11-25T20:12:58Z,,paid,fulfilled,shop_app,AU,NSW,152.0,45.6,BFCM30,0.0,10.64,117.04,shopify_payments,3.69,USD
2527,101364,2025-11-25T20:31:24Z,,paid,fulfilled,online_store,US,TX,52.0,21.06,"BFCM30,WELCOME15",5.95,1.86,38.75,shop_pay,1.42,USD
2528,101366,2025-11-25T21:01:26Z,,partially_refunded,fulfilled,online_store,AU,VIC,76.0,22.8,BFCM30,12.95,5.32,71.47,shop_pay,2.37,USD
2529,101367,2025-11-25T21:22:59Z,,paid,fulfilled,online_store,US,PA,26.0,3.9,WELCOME15,5.95,1.33,29.38,paypal,1.52,USD
2530,101368,2025-11-25T21:27:52Z,,paid,fulfilled,shop_app,US,GA,51.0,15.3,BFCM30,5.95,2.14,43.79,shopify_payments,1.57,USD
2531,101370,2025-11-25T21:38:35Z,,paid,fulfilled,online_store,US,IN,60.0,9.0,WELCOME15,0.0,3.06,54.06,shopify_payments,1.87,USD
2532,101371,2025-11-25T21:48:24Z,,paid,fulfilled,online_store,US,MN,30.0,4.5,WELCOME15,5.95,1.53,32.98,shop_pay,1.26,USD
2533,101372,2025-11-25T21:49:45Z,,paid,fulfilled,online_store,US,NC,32.0,9.6,BFCM30,5.95,1.34,29.69,shop_pay,1.16,USD
2534,101373,2025-11-25T22:03:43Z,,paid,fulfilled,online_store,US,WA,56.0,16.8,BFCM30,5.95,2.35,47.5,shopify_payments,1.68,USD
2535,101374,2025-11-25T22:47:59Z,,paid,fulfilled,online_store,CA,BC,24.0,7.2,BFCM30,12.95,0.84,30.59,shop_pay,1.19,USD
2536,101375,2025-11-25T23:04:14Z,,paid,fulfilled,online_store,US,NC,84.0,25.2,BFCM30,0.0,3.53,62.33,shopify_payments,2.11,USD
2537,101376,2025-11-25T23:18:17Z,,paid,fulfilled,online_store,US,CA,90.0,27.0,BFCM30,0.0,3.78,66.78,paypal,2.82,USD
2538,101377,2025-11-25T23:23:23Z,,paid,fulfilled,online_store,US,CA,32.0,9.6,BFCM30,5.95,1.34,29.69,shopify_payments,1.16,USD
2539,101378,2025-11-25T23:40:27Z,,paid,fulfilled,online_store,US,NJ,105.0,31.5,BFCM30,0.0,4.41,77.91,paypal,3.21,USD
2540,101379,2025-11-25T23:47:23Z,,partially_refunded,fulfilled,online_store,CA,BC,127.0,38.1,BFCM30,0.0,4.44,93.34,shopify_payments,3.01,USD
2541,101380,2025-11-26T00:24:59Z,,partially_refunded,fulfilled,online_store,US,TX,66.0,19.8,BFCM30,5.95,2.77,54.92,shopify_payments,1.89,USD
2542,101381,2025-11-26T00:42:17Z,,partially_refunded,fulfilled,online_store,US,CA,59.0,17.7,BFCM30,5.95,2.48,49.73,shopify_payments,1.74,USD
2543,101382,2025-11-26T01:32:31Z,,paid,fulfilled,online_store,US,TX,36.0,10.8,BFCM30,5.95,1.51,32.66,shopify_payments,1.25,USD
2544,101383,2025-11-26T01:32:50Z,,paid,fulfilled,online_store,US,MI,66.0,0.0,,0.0,3.96,69.96,shopify_payments,2.33,USD
2545,101146,2025-11-26T01:57:22Z,,paid,fulfilled,online_store,US,CO,70.0,21.0,BFCM30,5.95,2.94,57.89,paypal,2.51,USD
2546,101384,2025-11-26T02:30:56Z,,paid,fulfilled,online_store,US,NY,22.0,6.6,BFCM30,5.95,0.92,22.27,shopify_payments,0.95,USD
2547,101385,2025-11-26T02:50:40Z,,paid,fulfilled,online_store,US,MN,147.0,44.1,BFCM30,0.0,6.17,109.07,shopify_payments,3.46,USD
2548,101386,2025-11-26T03:22:43Z,,partially_refunded,fulfilled,online_store,AU,NSW,114.0,17.1,WELCOME15,0.0,9.69,106.59,shopify_payments,3.39,USD
2549,101387,2025-11-26T03:35:58Z,,paid,fulfilled,shop_app,US,CA,88.0,26.4,BFCM30,0.0,3.7,65.3,shopify_payments,2.19,USD
2550,101388,2025-11-26T07:05:24Z,,paid,fulfilled,online_store,US,NY,112.0,33.6,BFCM30,0.0,4.7,83.1,shopify_payments,2.71,USD
2551,101389,2025-11-26T09:21:03Z,,paid,fulfilled,online_store,US,MN,55.0,16.5,BFCM30,5.95,2.31,46.76,shopify_payments,1.66,USD
2552,101016,2025-11-26T09:40:19Z,,partially_refunded,fulfilled,online_store,US,VA,157.0,47.1,BFCM30,0.0,6.59,116.49,shopify_payments,3.68,USD
2553,101390,2025-11-26T09:56:33Z,,paid,fulfilled,online_store,CA,AB,85.0,25.5,BFCM30,12.95,2.98,75.43,shopify_payments,2.49,USD
2554,101391,2025-11-26T10:24:52Z,,paid,fulfilled,online_store,AU,QLD,30.0,9.0,BFCM30,12.95,2.1,36.05,shopify_payments,1.35,USD
2555,101392,2025-11-26T10:53:10Z,,paid,fulfilled,online_store,US,NJ,84.0,25.2,BFCM30,0.0,3.53,62.33,shop_pay,2.11,USD
2556,101393,2025-11-26T11:04:28Z,,paid,fulfilled,online_store,US,TN,148.0,22.2,WELCOME15,0.0,7.55,133.35,shopify_payments,4.17,USD
2557,101394,2025-11-26T11:44:51Z,,partially_refunded,fulfilled,shop_app,US,TX,150.0,45.0,BFCM30,0.0,6.3,111.3,shopify_payments,3.53,USD
2558,101395,2025-11-26T11:48:29Z,,paid,fulfilled,shop_app,US,OR,137.0,41.1,BFCM30,0.0,0.0,95.9,shop_pay,3.08,USD
2559,101396,2025-11-26T11:50:19Z,,partially_refunded,fulfilled,online_store,US,TX,112.0,33.6,BFCM30,0.0,4.7,83.1,shop_pay,2.71,USD
2560,101397,2025-11-26T12:10:02Z,,paid,fulfilled,online_store,US,NJ,58.0,8.7,WELCOME15,5.95,2.96,58.21,shopify_payments,1.99,USD
2561,101398,2025-11-26T12:34:27Z,,paid,fulfilled,online_store,US,GA,76.0,22.8,BFCM30,0.0,3.19,56.39,shop_pay,1.94,USD
2562,101400,2025-11-26T12:40:42Z,,paid,fulfilled,shop_app,US,CA,60.0,18.0,BFCM30,5.95,2.52,50.47,paypal,2.25,USD
2563,101399,2025-11-26T12:43:46Z,,paid,fulfilled,shop_app,US,CA,84.0,0.0,,0.0,5.04,89.04,shopify_payments,2.88,USD
2564,101401,2025-11-26T13:00:12Z,,partially_refunded,fulfilled,online_store,US,NY,112.0,33.6,BFCM30,0.0,4.7,83.1,shop_pay,2.71,USD
2565,101402,2025-11-26T13:00:21Z,,paid,fulfilled,online_store,US,NC,118.0,35.4,BFCM30,0.0,4.96,87.56,paypal,3.55,USD
2566,101026,2025-11-26T13:03:45Z,,partially_refunded,fulfilled,online_store,US,TX,58.0,17.4,BFCM30,5.95,2.44,48.99,shopify_payments,1.72,USD
2567,101403,2025-11-26T13:39:49Z,,paid,fulfilled,online_store,US,FL,124.0,50.22,"BFCM30,WELCOME15",0.0,4.43,78.21,paypal,3.22,USD
2568,101404,2025-11-26T13:51:25Z,,paid,fulfilled,online_store,CA,QC,56.0,16.8,BFCM30,12.95,1.96,54.11,shopify_payments,1.87,USD
2569,101405,2025-11-26T14:08:43Z,,paid,fulfilled,online_store,US,NJ,176.0,52.8,BFCM30,0.0,7.39,130.59,shopify_payments,4.09,USD
2570,101406,2025-11-26T15:00:21Z,,paid,fulfilled,online_store,US,TX,66.0,19.8,BFCM30,5.95,2.77,54.92,shopify_payments,1.89,USD
2571,101407,2025-11-26T15:02:11Z,,paid,fulfilled,online_store,AU,VIC,118.0,35.4,BFCM30,12.95,8.26,103.81,shopify_payments,3.31,USD
2572,101408,2025-11-26T15:19:53Z,,paid,fulfilled,online_store,US,MA,94.0,28.2,BFCM30,0.0,3.95,69.75,paypal,2.92,USD
2573,101409,2025-11-26T15:27:46Z,,paid,fulfilled,online_store,US,MO,34.0,10.2,BFCM30,5.95,1.43,31.18,shopify_payments,1.2,USD
2574,101410,2025-11-26T15:39:05Z,,refunded,fulfilled,online_store,US,CO,44.0,13.2,BFCM30,5.95,1.85,38.6,paypal,1.84,USD
2575,101411,2025-11-26T15:47:08Z,,paid,fulfilled,online_store,US,MA,118.0,35.4,BFCM30,0.0,4.96,87.56,paypal,3.55,USD
2576,101412,2025-11-26T16:34:28Z,,refunded,fulfilled,online_store,US,OR,29.0,8.7,BFCM30,5.95,0.0,26.25,shopify_payments,1.06,USD
2577,101413,2025-11-26T16:42:00Z,,paid,fulfilled,online_store,US,TX,118.0,0.0,,0.0,7.08,125.08,paypal,4.86,USD
2578,101414,2025-11-26T16:43:56Z,,paid,fulfilled,online_store,US,VA,72.0,21.6,BFCM30,0.0,3.02,53.42,shopify_payments,1.85,USD
2579,101416,2025-11-26T16:51:50Z,,refunded,fulfilled,shop_app,GB,SCT,34.0,10.2,BFCM30,12.95,4.76,41.51,shopify_payments,1.5,USD
2580,101415,2025-11-26T16:52:26Z,,paid,fulfilled,online_store,US,WA,36.0,10.8,BFCM30,5.95,1.51,32.66,shopify_payments,1.25,USD
2581,101284,2025-11-26T17:05:16Z,,paid,fulfilled,online_store,GB,SCT,152.0,45.6,BFCM30,0.0,21.28,127.68,shopify_payments,4.0,USD
2582,100768,2025-11-26T18:18:26Z,,paid,fulfilled,online_store,US,MA,68.0,20.4,BFCM30,5.95,2.86,56.41,shop_pay,1.94,USD
2583,101417,2025-11-26T19:16:19Z,,paid,fulfilled,shop_app,US,FL,34.0,10.2,BFCM30,5.95,1.43,31.18,shopify_payments,1.2,USD
2584,101418,2025-11-26T19:17:08Z,,paid,fulfilled,online_store,US,CA,142.0,42.6,BFCM30,0.0,5.96,105.36,shopify_payments,3.36,USD
2585,101419,2025-11-26T19:35:04Z,,paid,fulfilled,online_store,US,TX,53.0,15.9,BFCM30,5.95,2.23,45.28,shop_pay,1.61,USD
2586,100061,2025-11-26T19:51:10Z,,paid,fulfilled,online_store,US,WA,52.0,15.6,BFCM30,5.95,2.18,44.53,shopify_payments,1.59,USD
2587,101420,2025-11-26T19:52:33Z,,paid,fulfilled,online_store,CA,BC,90.0,27.0,BFCM30,12.95,3.15,79.1,shopify_payments,2.59,USD
2588,101421,2025-11-26T20:11:03Z,,partially_refunded,fulfilled,online_store,CA,BC,132.0,39.6,BFCM30,0.0,4.62,97.02,shop_pay,3.11,USD
2589,101422,2025-11-26T20:12:01Z,,paid,fulfilled,online_store,US,NY,62.0,18.6,BFCM30,5.95,2.6,51.95,shopify_payments,1.81,USD
2590,101423,2025-11-26T20:51:41Z,,paid,fulfilled,online_store,US,CO,30.0,9.0,"BFCM30,FREESHIP",0.0,1.26,22.26,shopify_payments,0.95,USD
2591,101424,2025-11-26T20:53:18Z,,paid,fulfilled,online_store,CA,ON,24.0,7.2,"BFCM30,FREESHIP",0.0,0.84,17.64,shopify_payments,0.81,USD
2592,101425,2025-11-26T21:07:15Z,,paid,fulfilled,online_store,GB,ENG,84.0,25.2,BFCM30,12.95,11.76,83.51,shopify_payments,2.72,USD
2593,101426,2025-11-26T21:49:24Z,,paid,fulfilled,online_store,US,NC,32.0,9.6,BFCM30,5.95,1.34,29.69,shopify_payments,1.16,USD
2594,101427,2025-11-26T22:05:04Z,,partially_refunded,fulfilled,online_store,GB,SCT,122.0,36.6,BFCM30,0.0,17.08,102.48,shopify_payments,3.27,USD
2595,101428,2025-11-26T22:19:43Z,,paid,fulfilled,online_store,US,AZ,22.0,2.64,GLOWWITHSAM12,5.95,1.16,26.47,shop_pay,1.07,USD
2596,101429,2025-11-26T22:44:06Z,,paid,fulfilled,online_store,US,OH,64.0,19.2,BFCM30,5.95,2.69,53.44,paypal,2.36,USD
2597,101430,2025-11-26T22:57:40Z,,paid,fulfilled,online_store,US,MI,32.0,9.6,BFCM30,5.95,1.34,29.69,shopify_payments,1.16,USD
2598,101431,2025-11-26T23:00:26Z,,paid,fulfilled,online_store,CA,AB,112.0,33.6,BFCM30,12.95,3.92,95.27,shopify_payments,3.06,USD
2599,101432,2025-11-26T23:09:00Z,,paid,fulfilled,online_store,US,NJ,210.0,63.0,BFCM30,0.0,8.82,155.82,shopify_payments,4.82,USD
2600,101433,2025-11-26T23:16:41Z,,paid,fulfilled,online_store,US,NY,70.0,21.0,BFCM30,5.95,2.94,57.89,shop_pay,1.98,USD
2601,101434,2025-11-26T23:53:30Z,,paid,fulfilled,online_store,US,IN,196.0,58.8,BFCM30,0.0,8.23,145.43,shopify_payments,4.52,USD
2602,101184,2025-11-27T00:32:18Z,,paid,fulfilled,online_store,US,OH,36.0,10.8,BFCM30,5.95,1.51,32.66,paypal,1.63,USD
2603,101435,2025-11-27T01:01:24Z,,paid,fulfilled,online_store,US,NY,118.0,47.79,"BFCM30,WELCOME15",0.0,4.21,74.42,paypal,3.09,USD
2604,101436,2025-11-27T01:19:54Z,,paid,fulfilled,online_store,US,MO,90.0,27.0,BFCM30,0.0,3.78,66.78,shopify_payments,2.24,USD
2605,101437,2025-11-27T01:33:46Z,,refunded,fulfilled,shop_app,US,NJ,36.0,10.8,BFCM30,5.95,1.51,32.66,shop_pay,1.25,USD
2606,101438,2025-11-27T01:34:46Z,,paid,fulfilled,online_store,US,PA,84.0,25.2,BFCM30,0.0,3.53,62.33,shop_pay,2.11,USD
2607,101439,2025-11-27T01:43:36Z,,paid,fulfilled,online_store,US,FL,56.0,8.4,WELCOME15,5.95,2.86,56.41,paypal,2.46,USD
2608,101440,2025-11-27T01:44:40Z,,paid,fulfilled,online_store,US,NC,106.0,31.8,BFCM30,0.0,4.45,78.65,shop_pay,2.58,USD
2609,101441,2025-11-27T01:50:48Z,,paid,fulfilled,online_store,US,CA,70.0,21.0,BFCM30,5.95,2.94,57.89,shopify_payments,1.98,USD
2610,101442,2025-11-27T02:13:20Z,,paid,fulfilled,online_store,US,MO,29.0,8.7,BFCM30,5.95,1.22,27.47,shopify_payments,1.1,USD
2611,101443,2025-11-27T02:33:49Z,,partially_refunded,fulfilled,online_store,US,IL,174.0,52.2,BFCM30,0.0,7.31,129.11,shopify_payments,4.04,USD
2612,100958,2025-11-27T02:51:51Z,,paid,fulfilled,online_store,US,NJ,30.0,9.0,BFCM30,5.95,1.26,28.21,shopify_payments,1.12,USD
2613,101444,2025-11-27T05:29:00Z,,paid,fulfilled,online_store,US,NC,118.0,35.4,BFCM30,0.0,4.96,87.56,shopify_payments,2.84,USD
2614,101445,2025-11-27T08:16:45Z,,paid,fulfilled,online_store,US,TN,104.0,31.2,BFCM30,0.0,4.37,77.17,shopify_payments,2.54,USD
2615,101052,2025-11-27T09:57:52Z,,paid,fulfilled,online_store,US,NY,80.0,24.0,BFCM30,0.0,3.36,59.36,shop_pay,2.02,USD
2616,101446,2025-11-27T10:00:58Z,,paid,fulfilled,online_store,US,MA,90.0,27.0,BFCM30,0.0,3.78,66.78,shopify_payments,2.24,USD
2617,101447,2025-11-27T10:37:07Z,,paid,fulfilled,online_store,US,TN,68.0,27.54,"BFCM30,WELCOME15",5.95,2.43,48.84,shopify_payments,1.72,USD
2618,101448,2025-11-27T11:25:31Z,,paid,fulfilled,online_store,US,FL,34.0,10.2,BFCM30,5.95,1.43,31.18,shopify_payments,1.2,USD
2619,100804,2025-11-27T12:02:40Z,,paid,fulfilled,online_store,CA,QC,116.0,34.8,BFCM30,12.95,4.06,98.21,paypal,3.92,USD
2620,101449,2025-11-27T12:07:34Z,,paid,fulfilled,online_store,US,CA,54.0,16.2,BFCM30,5.95,2.27,46.02,shopify_payments,1.63,USD
2621,100412,2025-11-27T12:14:44Z,,paid,fulfilled,online_store,US,MI,22.0,6.6,BFCM30,5.95,0.92,22.27,shopify_payments,0.95,USD
2622,101450,2025-11-27T12:25:18Z,,paid,fulfilled,online_store,US,NC,22.0,6.6,BFCM30,5.95,0.92,22.27,shopify_payments,0.95,USD
2623,101451,2025-11-27T12:27:31Z,,refunded,fulfilled,online_store,US,IL,29.0,8.7,BFCM30,5.95,1.22,27.47,shop_pay,1.1,USD
2624,101452,2025-11-27T12:49:26Z,,paid,fulfilled,online_store,US,DE,88.0,35.64,"BFCM30,WELCOME15",0.0,0.0,52.36,shopify_payments,1.82,USD
2625,101453,2025-11-27T13:03:48Z,,paid,fulfilled,online_store,GB,SCT,84.0,34.02,"BFCM30,WELCOME15",12.95,10.0,72.93,paypal,3.04,USD
2626,101454,2025-11-27T13:14:55Z,,paid,fulfilled,online_store,US,AZ,34.0,10.2,BFCM30,5.95,1.43,31.18,shopify_payments,1.2,USD
2627,101455,2025-11-27T13:15:48Z,,paid,fulfilled,online_store,US,VA,157.0,47.1,BFCM30,0.0,6.59,116.49,shop_pay,3.68,USD
2628,101040,2025-11-27T13:19:42Z,,paid,fulfilled,online_store,US,WA,22.0,6.6,BFCM30,5.95,0.92,22.27,shopify_payments,0.95,USD
2629,101456,2025-11-27T13:37:16Z,,paid,fulfilled,online_store,US,FL,44.0,13.2,BFCM30,5.95,1.85,38.6,shopify_payments,1.42,USD
2630,101457,2025-11-27T13:55:45Z,,paid,fulfilled,shop_app,US,CA,78.0,23.4,BFCM30,0.0,3.28,57.88,shopify_payments,1.98,USD
2631,101458,2025-11-27T14:02:52Z,,partially_refunded,fulfilled,online_store,US,GA,62.0,18.6,BFCM30,5.95,2.6,51.95,shopify_payments,1.81,USD
2632,101459,2025-11-27T14:29:34Z,,paid,fulfilled,online_store,US,TX,132.0,39.6,BFCM30,0.0,5.54,97.94,paypal,3.91,USD
2633,101460,2025-11-27T14:46:31Z,,partially_refunded,fulfilled,online_store,CA,QC,66.0,19.8,BFCM30,12.95,2.31,61.46,shopify_payments,2.08,USD
2634,101462,2025-11-27T14:51:43Z,,paid,fulfilled,online_store,US,NY,85.0,25.5,BFCM30,0.0,3.57,63.07,shopify_payments,2.13,USD
2635,101461,2025-11-27T14:51:43Z,,paid,fulfilled,online_store,US,VA,24.0,7.2,BFCM30,5.95,1.01,23.76,shopify_payments,0.99,USD
2636,101463,2025-11-27T14:55:27Z,,paid,fulfilled,online_store,US,NJ,158.0,47.4,BFCM30,0.0,6.64,117.24,paypal,4.58,USD
2637,101464,2025-11-27T15:19:41Z,,partially_refunded,fulfilled,online_store,US,NY,138.0,41.4,BFCM30,0.0,5.8,102.4,paypal,4.06,USD
2638,101466,2025-11-27T15:41:49Z,,paid,fulfilled,online_store,US,MO,140.0,42.0,BFCM30,0.0,5.88,103.88,shopify_payments,3.31,USD
2639,101467,2025-11-27T15:48:10Z,,paid,fulfilled,online_store,US,TX,56.0,16.8,BFCM30,5.95,2.35,47.5,klarna,3.15,USD
2640,101468,2025-11-27T15:51:22Z,,paid,fulfilled,shop_app,US,CO,30.0,9.0,BFCM30,5.95,1.26,28.21,shop_pay,1.12,USD
2641,101470,2025-11-27T17:23:46Z,,paid,fulfilled,online_store,US,TX,152.0,45.6,BFCM30,0.0,6.38,112.78,shopify_payments,3.57,USD
2642,101471,2025-11-27T17:25:08Z,,paid,fulfilled,online_store,US,MD,62.0,18.6,BFCM30,5.95,2.6,51.95,shop_pay,1.81,USD
2643,101472,2025-11-27T17:39:26Z,,refunded,fulfilled,online_store,US,MA,22.0,3.3,WELCOME15,5.95,1.12,25.77,shopify_payments,1.05,USD
2644,101473,2025-11-27T17:51:51Z,,paid,fulfilled,online_store,US,WI,29.0,8.7,BFCM30,5.95,1.22,27.47,paypal,1.45,USD
2645,101474,2025-11-27T17:53:22Z,,paid,fulfilled,online_store,GB,WLS,66.0,19.8,BFCM30,12.95,9.24,68.39,shopify_payments,2.28,USD
2646,101475,2025-11-27T18:04:33Z,,paid,fulfilled,online_store,US,CA,34.0,0.0,,5.95,2.04,41.99,shopify_payments,1.52,USD
2647,101476,2025-11-27T18:25:09Z,,paid,fulfilled,online_store,US,GA,56.0,16.8,BFCM30,5.95,2.35,47.5,shop_pay,1.68,USD
2648,101477,2025-11-27T19:06:31Z,,partially_refunded,fulfilled,online_store,US,TX,44.0,13.2,BFCM30,5.95,1.85,38.6,shopify_payments,1.42,USD
2649,101478,2025-11-27T19:36:37Z,,paid,fulfilled,online_store,US,VA,100.0,30.0,BFCM30,0.0,4.2,74.2,shopify_payments,2.45,USD
2650,101480,2025-11-27T20:37:33Z,,paid,fulfilled,online_store,US,CA,28.0,8.4,BFCM30,5.95,1.18,26.73,paypal,1.42,USD
2651,101479,2025-11-27T20:38:36Z,,paid,fulfilled,online_store,AU,VIC,64.0,19.2,BFCM30,12.95,4.48,62.23,shop_pay,2.1,USD
2652,101481,2025-11-27T20:39:35Z,,paid,fulfilled,online_store,US,MD,84.0,25.2,BFCM30,0.0,3.53,62.33,klarna,4.03,USD
2653,101482,2025-11-27T21:01:06Z,,paid,fulfilled,online_store,US,IL,118.0,35.4,BFCM30,0.0,4.96,87.56,shopify_payments,2.84,USD
2654,101483,2025-11-27T21:38:18Z,,paid,fulfilled,online_store,AU,NSW,22.0,6.6,BFCM30,12.95,1.54,29.89,shopify_payments,1.17,USD
2655,101484,2025-11-27T21:41:14Z,,paid,fulfilled,online_store,US,AZ,68.0,20.4,BFCM30,5.95,2.86,56.41,shop_pay,1.94,USD
2656,101485,2025-11-27T21:44:13Z,,paid,fulfilled,shop_app,US,WA,36.0,0.0,,5.95,2.16,44.11,shopify_payments,1.58,USD
2657,101486,2025-11-27T21:47:02Z,,paid,fulfilled,online_store,US,CA,113.0,33.9,BFCM30,0.0,4.75,83.85,paypal,3.42,USD
2658,101487,2025-11-27T22:57:17Z,,partially_refunded,fulfilled,online_store,US,NY,104.0,42.12,"BFCM30,WELCOME15",0.0,3.71,65.59,shop_pay,2.2,USD
2659,101488,2025-11-27T23:20:48Z,,paid,fulfilled,online_store,US,WA,24.0,7.2,BFCM30,5.95,1.01,23.76,shop_pay,0.99,USD
2660,101489,2025-11-27T23:25:32Z,,paid,fulfilled,online_store,US,NJ,44.0,13.2,"BFCM30,FREESHIP",0.0,1.85,32.65,shop_pay,1.25,USD
2661,100621,2025-11-28T01:45:01Z,,paid,fulfilled,online_store,US,TX,22.0,2.2,LOYAL10,5.95,1.19,26.94,shopify_payments,1.08,USD
2662,101491,2025-11-28T02:11:45Z,,paid,fulfilled,online_store,US,FL,112.0,33.6,BFCM30,0.0,4.7,83.1,shopify_payments,2.71,USD
2663,101156,2025-11-28T02:21:36Z,,paid,fulfilled,online_store,US,NY,59.0,17.7,BFCM30,5.95,2.48,49.73,paypal,2.23,USD
2664,101493,2025-11-28T02:23:03Z,,paid,fulfilled,online_store,US,CO,44.0,0.0,,5.95,2.64,52.59,shopify_payments,1.83,USD
2665,100010,2025-11-28T02:27:44Z,,paid,fulfilled,online_store,US,NY,57.0,17.1,BFCM30,5.95,2.39,48.24,paypal,2.17,USD
2666,101022,2025-11-28T02:39:11Z,,paid,fulfilled,online_store,CA,AB,64.0,19.2,"BFCM30,FREESHIP",0.0,2.24,47.04,shopify_payments,1.66,USD
2667,101494,2025-11-28T03:05:52Z,,partially_refunded,fulfilled,online_store,AU,VIC,146.0,43.8,BFCM30,0.0,10.22,112.42,shopify_payments,3.56,USD
2668,101495,2025-11-28T03:30:25Z,,paid,fulfilled,online_store,US,TX,119.0,35.7,BFCM30,0.0,5.0,88.3,shopify_payments,2.86,USD
2669,101496,2025-11-28T04:11:34Z,,partially_refunded,fulfilled,shop_app,US,MA,100.0,30.0,BFCM30,0.0,4.2,74.2,shop_pay,2.45,USD
2670,101497,2025-11-28T04:17:33Z,,paid,fulfilled,online_store,US,PA,28.0,4.2,WELCOME15,5.95,1.43,31.18,shop_pay,1.2,USD
2671,100871,2025-11-28T04:50:47Z,,paid,fulfilled,online_store,US,VA,34.0,10.2,BFCM30,5.95,1.43,31.18,shopify_payments,1.2,USD
2672,101498,2025-11-28T04:57:36Z,,paid,fulfilled,online_store,US,CO,142.0,42.6,BFCM30,0.0,5.96,105.36,shopify_payments,3.36,USD
2673,100225,2025-11-28T07:17:30Z,,paid,fulfilled,online_store,US,TX,34.0,10.2,BFCM30,5.95,1.43,31.18,shopify_payments,1.2,USD
2674,101499,2025-11-28T07:24:24Z,,paid,fulfilled,online_store,GB,ENG,58.0,17.4,BFCM30,12.95,8.12,61.67,shopify_payments,2.09,USD
2675,101500,2025-11-28T07:48:45Z,,paid,fulfilled,online_store,AU,NSW,44.0,0.0,,12.95,4.4,61.35,shopify_payments,2.08,USD
2676,101501,2025-11-28T08:15:38Z,,paid,fulfilled,online_store,US,NY,118.0,35.4,BFCM30,0.0,4.96,87.56,paypal,3.55,USD
2677,101502,2025-11-28T10:13:41Z,,paid,fulfilled,online_store,GB,WLS,29.0,8.7,BFCM30,12.95,4.06,37.31,shopify_payments,1.38,USD
2678,101503,2025-11-28T10:26:30Z,,paid,fulfilled,online_store,US,NY,63.0,25.52,"BFCM30,WELCOME15",5.95,2.25,45.68,shopify_payments,1.62,USD
2679,101504,2025-11-28T10:38:21Z,,paid,fulfilled,online_store,US,NY,30.0,9.0,BFCM30,5.95,1.26,28.21,shop_pay,1.12,USD
2680,101505,2025-11-28T10:38:32Z,,paid,fulfilled,online_store,US,CA,52.0,7.8,WELCOME15,5.95,2.65,52.8,paypal,2.33,USD
2681,101506,2025-11-28T11:16:01Z,,paid,fulfilled,online_store,US,NC,56.0,16.8,BFCM30,5.95,2.35,47.5,shopify_payments,1.68,USD
2682,101507,2025-11-28T11:18:35Z,,paid,fulfilled,online_store,US,MI,118.0,35.4,BFCM30,0.0,4.96,87.56,shopify_payments,2.84,USD
2683,101508,2025-11-28T12:12:41Z,,paid,fulfilled,online_store,US,AZ,68.0,20.4,BFCM30,5.95,2.86,56.41,shop_pay,1.94,USD
2684,100195,2025-11-28T12:22:52Z,,paid,fulfilled,shop_app,US,IN,28.0,8.4,BFCM30,5.95,1.18,26.73,paypal,1.42,USD
2685,101509,2025-11-28T12:37:53Z,,paid,fulfilled,online_store,US,VA,118.0,35.4,BFCM30,0.0,4.96,87.56,shopify_payments,2.84,USD
2686,101510,2025-11-28T12:39:42Z,,paid,fulfilled,online_store,US,OH,30.0,9.0,BFCM30,5.95,1.26,28.21,shopify_payments,1.12,USD
2687,101511,2025-11-28T13:14:57Z,,partially_refunded,fulfilled,online_store,US,NJ,138.0,20.7,WELCOME15,0.0,7.04,124.34,shopify_payments,3.91,USD
2688,101512,2025-11-28T13:36:48Z,,paid,fulfilled,online_store,GB,SCT,24.0,7.2,BFCM30,12.95,3.36,33.11,shopify_payments,1.26,USD
2689,101513,2025-11-28T13:42:17Z,2025-11-28T20:42:17Z,voided,unfulfilled,online_store,US,WA,84.0,25.2,BFCM30,0.0,3.53,62.33,paypal,0.0,USD
2690,101514,2025-11-28T13:57:42Z,,refunded,fulfilled,online_store,US,NJ,44.0,13.2,BFCM30,5.95,1.85,38.6,shopify_payments,1.42,USD
2691,101515,2025-11-28T14:06:40Z,,paid,fulfilled,online_store,US,PA,78.0,0.0,,0.0,4.68,82.68,shopify_payments,2.7,USD
2692,101516,2025-11-28T14:13:45Z,,paid,fulfilled,online_store,US,VA,97.0,0.0,,0.0,5.82,102.82,shopify_payments,3.28,USD
2693,101517,2025-11-28T15:38:31Z,,paid,fulfilled,online_store,US,TN,29.0,8.7,BFCM30,5.95,1.22,27.47,paypal,1.45,USD
2694,101518,2025-11-28T15:58:38Z,,paid,fulfilled,online_store,US,CA,60.0,18.0,BFCM30,5.95,2.52,50.47,shopify_payments,1.76,USD
2695,101519,2025-11-28T16:00:08Z,,paid,fulfilled,online_store,CA,QC,84.0,25.2,BFCM30,12.95,2.94,74.69,shop_pay,2.47,USD
2696,101520,2025-11-28T16:06:55Z,,paid,fulfilled,online_store,US,NC,24.0,0.0,,5.95,1.44,31.39,shopify_payments,1.21,USD
2697,101521,2025-11-28T16:54:14Z,,paid,fulfilled,online_store,GB,WLS,154.0,46.2,BFCM30,0.0,21.56,129.36,shopify_payments,4.05,USD
2698,101522,2025-11-28T16:58:38Z,,paid,fulfilled,online_store,US,MA,119.0,35.7,BFCM30,0.0,5.0,88.3,shopify_payments,2.86,USD
2699,101523,2025-11-28T17:58:06Z,,paid,fulfilled,online_store,US,CA,142.0,42.6,BFCM30,0.0,5.96,105.36,shopify_payments,3.36,USD
2700,101524,2025-11-28T18:07:59Z,,partially_refunded,fulfilled,online_store,CA,BC,34.0,10.2,BFCM30,12.95,1.19,37.94,shopify_payments,1.4,USD
2701,101525,2025-11-28T18:41:46Z,,partially_refunded,fulfilled,online_store,US,IL,174.0,52.2,BFCM30,0.0,7.31,129.11,shopify_payments,4.04,USD
2702,101526,2025-11-28T19:09:43Z,,paid,fulfilled,online_store,AU,NSW,76.0,22.8,BFCM30,12.95,5.32,71.47,shop_pay,2.37,USD
2703,101194,2025-11-28T19:10:47Z,,paid,fulfilled,online_store,US,NC,22.0,8.91,"BFCM30,WELCOME15",5.95,0.79,19.83,shopify_payments,0.88,USD
2704,101527,2025-11-28T19:45:11Z,,paid,fulfilled,online_store,US,TN,44.0,13.2,BFCM30,5.95,1.85,38.6,shopify_payments,1.42,USD
2705,101528,2025-11-28T20:04:07Z,,refunded,fulfilled,online_store,CA,BC,44.0,13.2,BFCM30,12.95,1.54,45.29,shopify_payments,1.61,USD
2706,101529,2025-11-28T21:00:53Z,,partially_refunded,fulfilled,online_store,US,WA,63.0,18.9,BFCM30,5.95,2.65,52.7,shopify_payments,1.83,USD
2707,101530,2025-11-28T21:13:52Z,,paid,fulfilled,online_store,US,MD,50.0,15.0,BFCM30,5.95,2.1,43.05,shopify_payments,1.55,USD
2708,100924,2025-11-28T21:30:29Z,,partially_refunded,fulfilled,online_store,US,FL,126.0,37.8,BFCM30,0.0,5.29,93.49,shopify_payments,3.01,USD
2709,101531,2025-11-28T21:37:21Z,,paid,fulfilled,shop_app,CA,AB,88.0,0.0,,0.0,4.4,92.4,shopify_payments,2.98,USD
2710,101532,2025-11-28T22:35:36Z,,partially_refunded,fulfilled,shop_app,US,MI,92.0,27.6,BFCM30,0.0,3.86,68.26,shopify_payments,2.28,USD
2711,101533,2025-11-28T22:40:12Z,,paid,fulfilled,online_store,GB,SCT,178.0,53.4,BFCM30,0.0,24.92,149.52,shopify_payments,4.64,USD
2712,101534,2025-11-28T22:47:39Z,,partially_refunded,fulfilled,online_store,US,OH,174.0,52.2,BFCM30,0.0,7.31,129.11,paypal,5.0,USD
2713,101535,2025-11-28T23:01:03Z,,paid,fulfilled,online_store,US,NJ,28.0,8.4,BFCM30,5.95,1.18,26.73,paypal,1.42,USD
2714,101536,2025-11-28T23:15:27Z,,partially_refunded,fulfilled,online_store,US,GA,122.0,36.6,BFCM30,0.0,5.12,90.52,shopify_payments,2.93,USD
2715,101537,2025-11-29T00:40:21Z,,paid,fulfilled,shop_app,US,AZ,128.0,38.4,BFCM30,0.0,5.38,94.98,klarna,5.99,USD
2716,101538,2025-11-29T01:13:26Z,,paid,fulfilled,online_store,AU,QLD,65.0,19.5,BFCM30,12.95,4.55,63.0,shopify_payments,2.13,USD
2717,101539,2025-11-29T02:42:59Z,,paid,fulfilled,shop_app,US,NJ,32.0,9.6,BFCM30,5.95,1.34,29.69,shopify_payments,1.16,USD
2718,101540,2025-11-29T02:58:23Z,,paid,fulfilled,online_store,US,NH,84.0,25.2,BFCM30,0.0,0.0,58.8,shopify_payments,2.01,USD
2719,100694,2025-11-29T03:03:40Z,,paid,fulfilled,online_store,US,AZ,92.0,27.6,BFCM30,0.0,3.86,68.26,shopify_payments,2.28,USD
2720,101541,2025-11-29T03:26:29Z,,paid,fulfilled,online_store,US,MI,34.0,10.2,BFCM30,5.95,1.43,31.18,paypal,1.58,USD
2721,101542,2025-11-29T03:52:46Z,,paid,fulfilled,online_store,US,IL,51.0,15.3,BFCM30,5.95,2.14,43.79,shopify_payments,1.57,USD
2722,101543,2025-11-29T03:55:11Z,,paid,fulfilled,online_store,US,IN,84.0,0.0,,0.0,5.04,89.04,paypal,3.6,USD
2723,101544,2025-11-29T05:51:10Z,,paid,fulfilled,online_store,US,WA,28.0,8.4,BFCM30,5.95,1.18,26.73,shopify_payments,1.08,USD
2724,101545,2025-11-29T06:22:26Z,,partially_refunded,fulfilled,online_store,CA,ON,92.0,27.6,BFCM30,12.95,3.22,80.57,paypal,3.3,USD
2725,101546,2025-11-29T08:13:43Z,,paid,fulfilled,online_store,US,IN,90.0,27.0,BFCM30,0.0,3.78,66.78,shop_pay,2.24,USD
2726,101547,2025-11-29T08:24:49Z,,partially_refunded,fulfilled,online_store,US,TN,172.0,51.6,BFCM30,0.0,7.22,127.62,paypal,4.94,USD
2727,101548,2025-11-29T08:57:11Z,,paid,fulfilled,online_store,US,MI,34.0,10.2,BFCM30,5.95,1.43,31.18,shop_pay,1.2,USD
2728,101549,2025-11-29T10:06:40Z,,paid,fulfilled,online_store,US,TN,88.0,26.4,BFCM30,0.0,3.7,65.3,shopify_payments,2.19,USD
2729,101550,2025-11-29T10:21:36Z,,paid,fulfilled,online_store,US,CA,22.0,3.3,WELCOME15,5.95,1.12,25.77,paypal,1.39,USD
2730,101551,2025-11-29T11:23:08Z,,paid,fulfilled,online_store,US,WA,34.0,10.2,BFCM30,5.95,1.43,31.18,shopify_payments,1.2,USD
2731,101552,2025-11-29T11:25:08Z,,partially_refunded,fulfilled,online_store,US,VA,154.0,46.2,BFCM30,0.0,6.47,114.27,shop_pay,3.61,USD
2732,101553,2025-11-29T11:31:01Z,,paid,fulfilled,online_store,US,MA,26.0,10.53,"BFCM30,WELCOME15",5.95,0.93,22.35,shopify_payments,0.95,USD
2733,101554,2025-11-29T11:40:33Z,,paid,fulfilled,online_store,US,NY,29.0,8.7,BFCM30,5.95,1.22,27.47,shopify_payments,1.1,USD
2734,101555,2025-11-29T12:23:34Z,,paid,fulfilled,online_store,US,MD,188.0,56.4,BFCM30,0.0,7.9,139.5,shop_pay,4.35,USD
2735,101556,2025-11-29T12:36:32Z,,refunded,fulfilled,online_store,US,MA,88.0,26.4,BFCM30,0.0,3.7,65.3,shopify_payments,2.19,USD
2736,101557,2025-11-29T12:47:53Z,,paid,fulfilled,online_store,US,MI,30.0,9.0,BFCM30,5.95,1.26,28.21,paypal,1.47,USD
2737,101559,2025-11-29T13:20:40Z,,paid,fulfilled,online_store,US,TX,34.0,10.2,BFCM30,5.95,1.43,31.18,shop_pay,1.2,USD
2738,101560,2025-11-29T13:34:56Z,,paid,fulfilled,online_store,US,TX,32.0,9.6,BFCM30,5.95,1.34,29.69,shopify_payments,1.16,USD
2739,101561,2025-11-29T13:46:43Z,,paid,fulfilled,online_store,US,NC,29.0,8.7,BFCM30,5.95,1.22,27.47,shopify_payments,1.1,USD
2740,101562,2025-11-29T13:51:16Z,,paid,fulfilled,online_store,US,NY,99.0,29.7,BFCM30,0.0,4.16,73.46,shop_pay,2.43,USD
2741,101564,2025-11-29T14:08:31Z,,paid,fulfilled,online_store,US,TN,78.0,23.4,BFCM30,0.0,3.28,57.88,shopify_payments,1.98,USD
2742,101565,2025-11-29T14:08:53Z,,partially_refunded,fulfilled,online_store,US,MA,128.0,38.4,BFCM30,0.0,5.38,94.98,shopify_payments,3.05,USD
2743,101563,2025-11-29T14:11:15Z,2025-11-30T04:11:15Z,voided,unfulfilled,online_store,US,NJ,113.0,45.76,"BFCM30,WELCOME15",0.0,4.03,71.27,paypal,0.0,USD
2744,100653,2025-11-29T14:15:27Z,,paid,fulfilled,online_store,US,MI,36.0,10.8,BFCM30,5.95,1.51,32.66,shopify_payments,1.25,USD
2745,101566,2025-11-29T15:05:55Z,,paid,fulfilled,online_store,US,GA,84.0,25.2,BFCM30,0.0,3.53,62.33,paypal,2.67,USD
2746,101567,2025-11-29T15:18:02Z,,paid,fulfilled,online_store,US,OH,68.0,10.2,WELCOME15,0.0,3.47,61.27,shop_pay,2.08,USD
2747,101568,2025-11-29T15:27:43Z,,paid,fulfilled,online_store,US,CA,100.0,30.0,BFCM30,0.0,4.2,74.2,paypal,3.08,USD
2748,101569,2025-11-29T15:32:49Z,,paid,fulfilled,online_store,US,WA,34.0,10.2,BFCM30,5.95,1.43,31.18,shopify_payments,1.2,USD
2749,101570,2025-11-29T15:49:25Z,,paid,fulfilled,online_store,US,TX,84.0,25.2,BFCM30,0.0,3.53,62.33,shopify_payments,2.11,USD
2750,101571,2025-11-29T15:51:49Z,,paid,fulfilled,online_store,US,CA,115.0,0.0,,0.0,6.9,121.9,shopify_payments,3.84,USD
2751,101469,2025-11-29T16:14:44Z,,paid,fulfilled,online_store,US,WA,34.0,10.2,BFCM30,5.95,1.43,31.18,shopify_payments,1.2,USD
2752,101572,2025-11-29T16:19:05Z,,paid,fulfilled,online_store,US,CA,32.0,9.6,BFCM30,5.95,1.34,29.69,paypal,1.53,USD
2753,101573,2025-11-29T16:21:36Z,,paid,fulfilled,shop_app,GB,SCT,162.0,48.6,BFCM30,0.0,22.68,136.08,shop_pay,4.25,USD
2754,101574,2025-11-29T16:34:47Z,,paid,fulfilled,online_store,US,TN,58.0,17.4,"BFCM30,FREESHIP",0.0,2.44,43.04,shopify_payments,1.55,USD
2755,101575,2025-11-29T17:02:07Z,,paid,fulfilled,shop_app,US,TX,29.0,8.7,BFCM30,5.95,1.22,27.47,shop_pay,1.1,USD
2756,100703,2025-11-29T17:20:26Z,,paid,fulfilled,online_store,US,CO,61.0,18.3,BFCM30,5.95,2.56,51.21,shop_pay,1.79,USD
2757,101576,2025-11-29T19:52:49Z,,paid,fulfilled,online_store,US,IL,84.0,0.0,,0.0,5.04,89.04,shopify_payments,2.88,USD
2758,101577,2025-11-29T20:10:22Z,,paid,fulfilled,online_store,US,NY,129.0,38.7,BFCM30,0.0,5.42,95.72,shop_pay,3.08,USD
2759,101578,2025-11-29T20:52:10Z,,paid,fulfilled,online_store,US,MO,84.0,25.2,BFCM30,0.0,3.53,62.33,shop_pay,2.11,USD
2760,101579,2025-11-29T21:39:33Z,,partially_refunded,fulfilled,online_store,AU,VIC,120.0,36.0,BFCM30,12.95,8.4,105.35,paypal,4.17,USD
2761,101580,2025-11-29T21:43:49Z,,paid,fulfilled,online_store,US,FL,84.0,25.2,BFCM30,0.0,3.53,62.33,paypal,2.67,USD
2762,101581,2025-11-29T22:18:26Z,,paid,fulfilled,online_store,AU,WA,78.0,23.4,BFCM30,12.95,5.46,73.01,paypal,3.04,USD
2763,101582,2025-11-29T22:56:53Z,,paid,fulfilled,online_store,US,VA,118.0,47.79,"BFCM30,WELCOME15",0.0,4.21,74.42,shop_pay,2.46,USD
2764,101583,2025-11-29T23:02:16Z,,paid,fulfilled,online_store,GB,WLS,99.0,29.7,BFCM30,12.95,13.86,96.11,shopify_payments,3.09,USD
2765,101073,2025-11-29T23:55:28Z,,paid,fulfilled,online_store,US,NJ,63.0,18.9,BFCM30,5.95,2.65,52.7,shopify_payments,1.83,USD
2766,101584,2025-11-30T00:00:19Z,,partially_refunded,fulfilled,online_store,US,NY,78.0,0.0,,0.0,4.68,82.68,shop_pay,2.7,USD
2767,101490,2025-11-30T00:05:28Z,,paid,fulfilled,shop_app,US,CA,55.0,22.28,"BFCM30,WELCOME15,FREESHIP",0.0,1.96,34.68,shopify_payments,1.31,USD
2768,101585,2025-11-30T00:05:47Z,,paid,fulfilled,online_store,US,NC,90.0,27.0,BFCM30,0.0,3.78,66.78,shop_pay,2.24,USD
2769,101586,2025-11-30T00:13:24Z,,paid,fulfilled,online_store,CA,AB,68.0,20.4,BFCM30,12.95,2.38,62.93,shop_pay,2.12,USD
2770,101587,2025-11-30T00:50:15Z,,partially_refunded,fulfilled,shop_app,US,FL,172.0,69.66,"BFCM30,WELCOME15",0.0,6.14,108.48,paypal,4.28,USD
2771,101113,2025-11-30T01:01:11Z,,paid,fulfilled,online_store,CA,BC,73.0,21.9,BFCM30,12.95,2.56,66.61,shopify_payments,2.23,USD
2772,101589,2025-11-30T01:09:28Z,,paid,fulfilled,online_store,US,MD,36.0,10.8,BFCM30,5.95,1.51,32.66,paypal,1.63,USD
2773,101590,2025-11-30T01:39:30Z,,paid,fulfilled,online_store,US,FL,24.0,7.2,BFCM30,5.95,1.01,23.76,shop_pay,0.99,USD
2774,101492,2025-11-30T02:11:48Z,,paid,fulfilled,online_store,AU,WA,34.0,10.2,BFCM30,12.95,2.38,39.13,shopify_payments,1.43,USD
2775,101591,2025-11-30T02:50:59Z,,paid,fulfilled,online_store,US,WI,55.0,16.5,BFCM30,5.95,2.31,46.76,shopify_payments,1.66,USD
2776,101214,2025-11-30T03:34:16Z,,paid,fulfilled,online_store,US,CA,44.0,17.82,"BFCM30,WELCOME15",5.95,1.57,33.7,shopify_payments,1.28,USD
2777,100899,2025-11-30T04:25:57Z,,paid,fulfilled,online_store,US,MN,68.0,20.4,BFCM30,5.95,2.86,56.41,shopify_payments,1.94,USD
2778,101070,2025-11-30T05:24:10Z,,paid,fulfilled,online_store,US,CA,64.0,19.2,BFCM30,5.95,2.69,53.44,shopify_payments,1.85,USD
2779,101173,2025-11-30T06:03:21Z,,paid,fulfilled,online_store,US,CA,162.0,48.6,BFCM30,0.0,6.8,120.2,shopify_payments,3.79,USD
2780,101593,2025-11-30T09:00:41Z,,paid,fulfilled,online_store,CA,ON,29.0,8.7,BFCM30,12.95,1.02,34.27,shopify_payments,1.29,USD
2781,101594,2025-11-30T09:02:35Z,,paid,fulfilled,online_store,US,MN,84.0,25.2,BFCM30,0.0,3.53,62.33,shopify_payments,2.11,USD
2782,100942,2025-11-30T09:51:40Z,,refunded,fulfilled,online_store,US,TX,44.0,13.2,BFCM30,5.95,1.85,38.6,shop_pay,1.42,USD
2783,101595,2025-11-30T10:03:44Z,,paid,fulfilled,online_store,US,CO,94.0,28.2,BFCM30,0.0,3.95,69.75,shopify_payments,2.32,USD
2784,101596,2025-11-30T10:41:01Z,,paid,fulfilled,online_store,US,NY,24.0,7.2,BFCM30,5.95,1.01,23.76,shopify_payments,0.99,USD
2785,101114,2025-11-30T10:44:05Z,,paid,fulfilled,online_store,US,NC,26.0,7.8,BFCM30,5.95,1.09,25.24,shopify_payments,1.03,USD
2786,101597,2025-11-30T10:47:53Z,,paid,fulfilled,online_store,US,VA,62.0,18.6,BFCM30,5.95,2.6,51.95,shopify_payments,1.81,USD
2787,101598,2025-11-30T10:55:35Z,,paid,fulfilled,online_store,US,AZ,131.0,19.65,WELCOME15,0.0,6.68,118.03,shopify_payments,3.72,USD
2788,101600,2025-11-30T10:57:15Z,,paid,fulfilled,shop_app,US,CA,68.0,20.4,BFCM30,5.95,2.86,56.41,shopify_payments,1.94,USD
2789,101599,2025-11-30T10:59:09Z,,paid,fulfilled,online_store,US,FL,118.0,35.4,BFCM30,0.0,4.96,87.56,shopify_payments,2.84,USD
2790,101601,2025-11-30T11:43:29Z,,paid,fulfilled,online_store,CA,QC,114.0,34.2,BFCM30,12.95,3.99,96.74,paypal,3.87,USD
2791,101602,2025-11-30T12:29:52Z,,paid,fulfilled,shop_app,US,MI,30.0,0.0,FREESHIP,0.0,1.8,31.8,shopify_payments,1.22,USD
2792,100953,2025-11-30T13:29:00Z,,paid,fulfilled,online_store,US,FL,58.0,8.7,WELCOME15,5.95,2.96,58.21,shopify_payments,1.99,USD
2793,101603,2025-11-30T13:57:24Z,,paid,fulfilled,shop_app,US,NJ,26.0,7.8,BFCM30,5.95,1.09,25.24,shopify_payments,1.03,USD
2794,101604,2025-11-30T14:05:56Z,,paid,fulfilled,online_store,US,CA,34.0,5.1,WELCOME15,5.95,1.73,36.58,klarna,2.49,USD
2795,101605,2025-11-30T14:34:58Z,,paid,fulfilled,online_store,US,TX,62.0,18.6,BFCM30,5.95,2.6,51.95,shop_pay,1.81,USD
2796,101607,2025-11-30T14:39:02Z,,partially_refunded,fulfilled,online_store,GB,ENG,51.0,15.3,BFCM30,12.95,7.14,55.79,shopify_payments,1.92,USD
2797,101606,2025-11-30T14:39:31Z,,paid,fulfilled,online_store,US,NC,160.0,48.0,BFCM30,0.0,6.72,118.72,shopify_payments,3.74,USD
2798,101609,2025-11-30T15:09:25Z,,paid,fulfilled,online_store,GB,ENG,34.0,10.2,BFCM30,12.95,4.76,41.51,shopify_payments,1.5,USD
2799,101608,2025-11-30T15:11:52Z,,paid,fulfilled,online_store,US,CA,60.0,18.0,BFCM30,5.95,2.52,50.47,shopify_payments,1.76,USD
2800,101610,2025-11-30T15:52:14Z,,partially_refunded,fulfilled,online_store,US,NY,173.0,51.9,BFCM30,0.0,7.27,128.37,shopify_payments,4.02,USD
2801,101611,2025-11-30T16:19:18Z,,paid,fulfilled,online_store,US,GA,64.0,19.2,BFCM30,5.95,2.69,53.44,shopify_payments,1.85,USD
2802,101612,2025-11-30T16:22:55Z,,paid,fulfilled,online_store,US,CA,36.0,10.8,"BFCM30,FREESHIP",0.0,1.51,26.71,shopify_payments,1.07,USD
2803,101613,2025-11-30T16:32:38Z,,paid,fulfilled,online_store,US,MN,86.0,25.8,BFCM30,0.0,3.61,63.81,shopify_payments,2.15,USD
2804,101614,2025-11-30T16:52:59Z,,paid,fulfilled,online_store,US,WA,72.0,21.6,BFCM30,0.0,3.02,53.42,shop_pay,1.85,USD
2805,101615,2025-11-30T16:59:56Z,,partially_refunded,fulfilled,shop_app,US,WA,104.0,31.2,BFCM30,0.0,4.37,77.17,shopify_payments,2.54,USD
2806,101616,2025-11-30T17:20:54Z,,paid,fulfilled,online_store,US,NH,113.0,33.9,BFCM30,0.0,0.0,79.1,paypal,3.25,USD
2807,101617,2025-11-30T18:01:20Z,,paid,fulfilled,online_store,US,NC,63.0,18.9,BFCM30,5.95,2.65,52.7,shopify_payments,1.83,USD
2808,101618,2025-11-30T19:20:25Z,,paid,fulfilled,online_store,US,CO,34.0,10.2,BFCM30,5.95,1.43,31.18,shopify_payments,1.2,USD
2809,101619,2025-11-30T19:32:02Z,,paid,fulfilled,online_store,US,GA,68.0,20.4,BFCM30,5.95,2.86,56.41,shopify_payments,1.94,USD
2810,101620,2025-11-30T19:47:00Z,,paid,fulfilled,online_store,US,CO,106.0,31.8,BFCM30,0.0,4.45,78.65,shopify_payments,2.58,USD
2811,101621,2025-11-30T20:35:08Z,,paid,fulfilled,online_store,GB,ENG,56.0,16.8,BFCM30,12.95,7.84,59.99,shop_pay,2.04,USD
2812,100636,2025-11-30T20:39:10Z,,paid,fulfilled,online_store,US,CA,34.0,10.2,BFCM30,5.95,1.43,31.18,shopify_payments,1.2,USD
2813,101622,2025-11-30T20:54:25Z,,paid,fulfilled,online_store,US,CO,62.0,0.0,,0.0,3.72,65.72,shop_pay,2.21,USD
2814,101623,2025-11-30T20:59:25Z,,paid,fulfilled,shop_app,US,GA,98.0,29.4,BFCM30,0.0,4.12,72.72,shopify_payments,2.41,USD
2815,101624,2025-11-30T21:03:26Z,,paid,fulfilled,online_store,US,IL,60.0,18.0,BFCM30,5.95,2.52,50.47,shopify_payments,1.76,USD
2816,101625,2025-11-30T21:12:23Z,,paid,fulfilled,online_store,US,TX,110.0,33.0,BFCM30,0.0,4.62,81.62,shopify_payments,2.67,USD
2817,101626,2025-11-30T21:30:15Z,,paid,fulfilled,online_store,US,TX,22.0,6.6,BFCM30,5.95,0.92,22.27,shopify_payments,0.95,USD
2818,100638,2025-11-30T21:30:22Z,,paid,fulfilled,online_store,US,MO,44.0,13.2,BFCM30,5.95,1.85,38.6,shopify_payments,1.42,USD
2819,101627,2025-11-30T21:33:09Z,,paid,fulfilled,online_store,US,NC,63.0,18.9,BFCM30,5.95,2.65,52.7,shopify_payments,1.83,USD
2820,101628,2025-11-30T21:39:48Z,,paid,fulfilled,online_store,US,WA,60.0,18.0,BFCM30,5.95,2.52,50.47,shopify_payments,1.76,USD
2821,101629,2025-11-30T21:53:56Z,,partially_refunded,fulfilled,online_store,GB,SCT,114.0,34.2,BFCM30,12.95,15.96,108.71,shop_pay,3.45,USD
2822,101630,2025-11-30T21:57:29Z,,partially_refunded,fulfilled,online_store,US,VA,110.0,33.0,BFCM30,0.0,4.62,81.62,shopify_payments,2.67,USD
2823,101631,2025-11-30T22:29:41Z,,partially_refunded,fulfilled,online_store,US,NY,82.0,24.6,BFCM30,0.0,3.44,60.84,shopify_payments,2.06,USD
2824,101632,2025-11-30T22:54:37Z,,paid,fulfilled,online_store,CA,BC,86.0,25.8,BFCM30,12.95,3.01,76.16,shop_pay,2.51,USD
2825,101633,2025-11-30T23:00:05Z,,paid,fulfilled,online_store,US,NJ,66.0,19.8,BFCM30,5.95,2.77,54.92,shopify_payments,1.89,USD
2826,101634,2025-11-30T23:09:22Z,,paid,fulfilled,online_store,US,FL,128.0,38.4,BFCM30,0.0,5.38,94.98,shopify_payments,3.05,USD
2827,101635,2025-11-30T23:14:04Z,,partially_refunded,fulfilled,shop_app,US,AZ,102.0,30.6,BFCM30,0.0,4.28,75.68,shopify_payments,2.49,USD
2828,101636,2025-11-30T23:21:39Z,,paid,fulfilled,online_store,US,TX,116.0,34.8,BFCM30,0.0,4.87,86.07,shopify_payments,2.8,USD
2829,101637,2025-12-01T00:28:47Z,,paid,fulfilled,online_store,US,TX,66.0,0.0,,0.0,3.96,69.96,shopify_payments,2.33,USD
2830,101639,2025-12-01T01:12:53Z,,paid,fulfilled,online_store,US,TX,24.0,7.2,BFCM30,5.95,1.01,23.76,shopify_payments,0.99,USD
2831,101640,2025-12-01T01:29:32Z,,paid,fulfilled,online_store,US,WI,32.0,9.6,BFCM30,5.95,1.34,29.69,shop_pay,1.16,USD
2832,101642,2025-12-01T01:44:18Z,,paid,fulfilled,online_store,US,TX,34.0,10.2,BFCM30,5.95,1.43,31.18,paypal,1.58,USD
2833,101643,2025-12-01T01:53:15Z,,paid,fulfilled,online_store,US,CA,113.0,0.0,,0.0,6.78,119.78,shopify_payments,3.77,USD
2834,101644,2025-12-01T02:01:28Z,,paid,fulfilled,online_store,US,MO,34.0,10.2,BFCM30,5.95,1.43,31.18,paypal,1.58,USD
2835,101645,2025-12-01T02:15:47Z,,paid,fulfilled,online_store,US,TX,101.0,30.3,BFCM30,0.0,4.24,74.94,shopify_payments,2.47,USD
2836,100549,2025-12-01T02:40:46Z,,paid,fulfilled,online_store,US,VA,26.0,7.8,BFCM30,5.95,1.09,25.24,shop_pay,1.03,USD
2837,101646,2025-12-01T03:01:41Z,,partially_refunded,fulfilled,online_store,US,NY,114.0,34.2,BFCM30,0.0,4.79,84.59,shop_pay,2.75,USD
2838,101647,2025-12-01T03:05:41Z,,paid,fulfilled,online_store,US,TX,29.0,11.74,"BFCM30,WELCOME15",5.95,1.04,24.25,shopify_payments,1.0,USD
2839,101648,2025-12-01T03:44:51Z,,paid,fulfilled,online_store,US,NC,29.0,8.7,BFCM30,5.95,1.22,27.47,paypal,1.45,USD
2840,101649,2025-12-01T04:27:51Z,,paid,fulfilled,shop_app,US,NJ,135.0,54.68,"BFCM30,WELCOME15",0.0,4.82,85.14,shopify_payments,2.77,USD
2841,101650,2025-12-01T04:50:56Z,,paid,fulfilled,online_store,US,WA,32.0,9.6,BFCM30,5.95,1.34,29.69,shop_pay,1.16,USD
2842,101651,2025-12-01T05:04:57Z,,paid,fulfilled,online_store,US,CO,150.0,45.0,BFCM30,0.0,6.3,111.3,shopify_payments,3.53,USD
2843,101652,2025-12-01T06:42:10Z,,paid,fulfilled,online_store,GB,ENG,32.0,0.0,,12.95,6.4,51.35,shopify_payments,1.79,USD
2844,100826,2025-12-01T08:54:08Z,,paid,fulfilled,online_store,US,NY,63.0,18.9,BFCM30,5.95,2.65,52.7,shopify_payments,1.83,USD
2845,100314,2025-12-01T11:59:26Z,,paid,fulfilled,online_store,US,OH,34.0,10.2,BFCM30,5.95,1.43,31.18,shopify_payments,1.2,USD
2846,101654,2025-12-01T13:07:50Z,,paid,fulfilled,online_store,US,IN,84.0,25.2,BFCM30,0.0,3.53,62.33,shopify_payments,2.11,USD
2847,100850,2025-12-01T13:09:56Z,,paid,fulfilled,online_store,US,OH,78.0,23.4,BFCM30,0.0,3.28,57.88,shopify_payments,1.98,USD
2848,101655,2025-12-01T13:12:57Z,,paid,fulfilled,online_store,US,VA,32.0,9.6,BFCM30,5.95,1.34,29.69,shopify_payments,1.16,USD
2849,101656,2025-12-01T13:53:32Z,,paid,fulfilled,shop_app,US,NJ,104.0,31.2,BFCM30,0.0,4.37,77.17,shopify_payments,2.54,USD
2850,101657,2025-12-01T14:06:07Z,,paid,fulfilled,online_store,US,MA,52.0,15.6,BFCM30,5.95,2.18,44.53,shopify_payments,1.59,USD
2851,101658,2025-12-01T14:12:41Z,,paid,fulfilled,online_store,US,CA,29.0,8.7,BFCM30,5.95,1.22,27.47,shopify_payments,1.1,USD
2852,101659,2025-12-01T14:33:05Z,,paid,fulfilled,online_store,AU,WA,63.0,18.9,BFCM30,12.95,4.41,61.46,shop_pay,2.08,USD
2853,101660,2025-12-01T14:35:39Z,,paid,fulfilled,online_store,US,MI,60.0,18.0,BFCM30,5.95,2.52,50.47,shopify_payments,1.76,USD
2854,101189,2025-12-01T14:51:38Z,,partially_refunded,fulfilled,online_store,CA,BC,160.0,48.0,BFCM30,0.0,5.6,117.6,shopify_payments,3.71,USD
2855,101661,2025-12-01T14:56:41Z,,partially_refunded,fulfilled,online_store,AU,NSW,143.0,42.9,BFCM30,0.0,10.01,110.11,shop_pay,3.49,USD
2856,101662,2025-12-01T15:23:02Z,,paid,fulfilled,online_store,CA,QC,70.0,21.0,BFCM30,12.95,2.45,64.4,paypal,2.74,USD
2857,101663,2025-12-01T15:40:10Z,,paid,fulfilled,online_store,CA,QC,138.0,55.89,"BFCM30,WELCOME15",12.95,4.11,99.17,shop_pay,3.18,USD
2858,101664,2025-12-01T16:38:44Z,,paid,fulfilled,online_store,US,IN,22.0,6.6,BFCM30,5.95,0.92,22.27,paypal,1.27,USD
2859,101665,2025-12-01T19:04:51Z,,paid,fulfilled,online_store,US,VA,29.0,11.74,"BFCM30,WELCOME15",5.95,1.04,24.25,paypal,1.34,USD
2860,101666,2025-12-01T19:14:47Z,,paid,fulfilled,online_store,US,GA,118.0,35.4,BFCM30,0.0,4.96,87.56,paypal,3.55,USD
2861,101667,2025-12-01T19:53:28Z,,paid,fulfilled,online_store,US,TX,142.0,57.51,"BFCM30,WELCOME15",0.0,5.07,89.56,shop_pay,2.9,USD
2862,101668,2025-12-01T20:14:53Z,,partially_refunded,fulfilled,online_store,US,CA,188.0,56.4,BFCM30,0.0,7.9,139.5,shop_pay,4.35,USD
2863,101669,2025-12-01T20:35:40Z,,paid,fulfilled,online_store,CA,AB,29.0,8.7,BFCM30,12.95,1.02,34.27,shopify_payments,1.29,USD
2864,101670,2025-12-01T20:43:41Z,2025-12-01T22:43:41Z,voided,unfulfilled,online_store,US,FL,118.0,0.0,,0.0,7.08,125.08,paypal,0.0,USD
2865,101671,2025-12-01T22:13:15Z,,paid,fulfilled,online_store,US,DE,92.0,27.6,BFCM30,0.0,0.0,64.4,shopify_payments,2.17,USD
2866,101672,2025-12-01T22:15:11Z,,paid,fulfilled,online_store,US,TX,63.0,18.9,BFCM30,5.95,2.65,52.7,shopify_payments,1.83,USD
2867,101673,2025-12-01T23:10:41Z,,paid,fulfilled,online_store,US,VA,118.0,17.7,WELCOME15,0.0,6.02,106.32,paypal,4.2,USD
2868,101674,2025-12-01T23:11:22Z,,paid,fulfilled,shop_app,US,CA,202.0,60.6,BFCM30,0.0,8.48,149.88,shop_pay,4.65,USD
2869,101675,2025-12-01T23:53:59Z,,paid,fulfilled,online_store,US,NH,100.0,30.0,BFCM30,0.0,0.0,70.0,shopify_payments,2.33,USD
2870,101676,2025-12-02T00:26:26Z,,paid,fulfilled,online_store,US,TX,34.0,0.0,,5.95,2.04,41.99,shop_pay,1.52,USD
2871,101677,2025-12-02T04:03:17Z,,paid,fulfilled,online_store,US,VA,22.0,0.0,,5.95,1.32,29.27,paypal,1.51,USD
2872,101678,2025-12-02T04:32:13Z,,paid,fulfilled,online_store,AU,VIC,34.0,3.4,AMELIA10,12.95,3.06,46.61,shopify_payments,1.65,USD
2873,101679,2025-12-02T11:54:47Z,,paid,fulfilled,online_store,US,OR,106.0,15.9,WELCOME15,0.0,0.0,90.1,shopify_payments,2.91,USD
2874,101680,2025-12-02T14:05:14Z,,paid,fulfilled,online_store,US,NH,22.0,0.0,,5.95,0.0,27.95,shopify_payments,1.11,USD
2875,100468,2025-12-02T14:45:41Z,,paid,fulfilled,online_store,US,CA,78.0,0.0,,0.0,4.68,82.68,shop_pay,2.7,USD
2876,101681,2025-12-02T17:32:44Z,,paid,fulfilled,online_store,US,IN,44.0,0.0,,5.95,2.64,52.59,shopify_payments,1.83,USD
2877,100127,2025-12-02T22:41:30Z,,paid,fulfilled,online_store,US,VA,126.0,0.0,,0.0,7.56,133.56,shopify_payments,4.17,USD
2878,100676,2025-12-02T22:59:11Z,,paid,fulfilled,online_store,US,OH,32.0,4.8,HOLIDAY15,5.95,1.63,34.78,shopify_payments,1.31,USD
2879,101683,2025-12-03T01:41:26Z,,paid,fulfilled,online_store,US,VA,34.0,5.1,WELCOME15,5.95,1.73,36.58,shop_pay,1.36,USD
2880,101684,2025-12-03T02:15:55Z,,partially_refunded,fulfilled,online_store,US,MI,26.0,3.9,HOLIDAY15,5.95,1.33,29.38,shopify_payments,1.15,USD
2881,101685,2025-12-03T02:55:35Z,,paid,fulfilled,shop_app,US,CA,86.0,12.9,HOLIDAY15,0.0,4.39,77.49,shop_pay,2.55,USD
2882,101686,2025-12-03T03:01:08Z,,paid,fulfilled,online_store,US,CA,22.0,0.0,,5.95,1.32,29.27,paypal,1.51,USD
2883,101687,2025-12-03T07:17:06Z,,paid,fulfilled,online_store,US,IL,44.0,6.6,HOLIDAY15,5.95,2.24,45.59,shop_pay,1.62,USD
2884,101688,2025-12-03T09:53:33Z,,paid,fulfilled,online_store,US,OR,26.0,3.9,NOURISHED15,5.95,0.0,28.05,shop_pay,1.11,USD
2885,101689,2025-12-03T12:49:51Z,,paid,fulfilled,online_store,AU,QLD,44.0,6.6,HOLIDAY15,12.95,3.74,54.09,shopify_payments,1.87,USD
2886,101690,2025-12-03T14:37:02Z,,paid,fulfilled,online_store,US,CA,84.0,23.31,"HOLIDAY15,WELCOME15",0.0,3.64,64.33,paypal,2.74,USD
2887,101691,2025-12-03T14:41:03Z,,paid,fulfilled,online_store,US,MO,22.0,3.3,HOLIDAY15,5.95,1.12,25.77,shopify_payments,1.05,USD
2888,101692,2025-12-03T14:51:50Z,,paid,fulfilled,online_store,US,NH,196.0,0.0,,0.0,0.0,196.0,shopify_payments,5.98,USD
2889,101693,2025-12-03T16:20:32Z,,paid,fulfilled,online_store,US,NH,191.0,28.65,HOLIDAY15,0.0,0.0,162.35,paypal,6.16,USD
2890,101032,2025-12-03T17:19:36Z,,paid,fulfilled,online_store,US,NY,34.0,5.1,HOLIDAY15,5.95,1.73,36.58,shopify_payments,1.36,USD
2891,100994,2025-12-03T18:09:48Z,,paid,fulfilled,online_store,US,CA,84.0,12.6,WELCOME15,0.0,4.28,75.68,klarna,4.83,USD
2892,101694,2025-12-03T20:08:46Z,,paid,fulfilled,online_store,US,WA,136.0,0.0,,0.0,8.16,144.16,shop_pay,4.48,USD
2893,101695,2025-12-04T00:02:14Z,,paid,fulfilled,online_store,US,MI,100.0,0.0,,0.0,6.0,106.0,paypal,4.19,USD
2894,101696,2025-12-04T00:50:06Z,,paid,fulfilled,shop_app,US,FL,44.0,0.0,,5.95,2.64,52.59,paypal,2.33,USD
2895,101697,2025-12-04T01:11:09Z,,paid,fulfilled,online_store,US,GA,36.0,3.6,DERMDIARY10,5.95,1.94,40.29,paypal,1.9,USD
2896,101700,2025-12-04T01:58:14Z,,paid,fulfilled,online_store,US,VA,34.0,3.4,DERMDIARY10,5.95,1.84,38.39,paypal,1.83,USD
2897,101701,2025-12-04T02:27:54Z,,paid,fulfilled,online_store,US,NH,140.0,21.0,HOLIDAY15,0.0,0.0,119.0,shopify_payments,3.75,USD
2898,101702,2025-12-04T02:55:37Z,,paid,fulfilled,online_store,US,TX,44.0,6.6,WELCOME15,5.95,2.24,45.59,shop_pay,1.62,USD
2899,100758,2025-12-04T04:48:09Z,,paid,fulfilled,online_store,US,NY,92.0,0.0,,0.0,5.52,97.52,shopify_payments,3.13,USD
2900,101063,2025-12-04T05:42:31Z,,paid,fulfilled,online_store,US,CA,58.0,0.0,,0.0,3.48,61.48,paypal,2.64,USD
2901,100696,2025-12-04T09:49:33Z,,paid,fulfilled,online_store,US,IL,29.0,0.0,,5.95,1.74,36.69,shopify_payments,1.36,USD
2902,101703,2025-12-04T11:03:14Z,,paid,fulfilled,online_store,US,MD,118.0,0.0,,0.0,7.08,125.08,shopify_payments,3.93,USD
2903,101704,2025-12-04T14:38:06Z,,paid,fulfilled,online_store,US,CA,29.0,4.35,HOLIDAY15,5.95,1.48,32.08,shopify_payments,1.23,USD
2904,101705,2025-12-04T14:54:57Z,,paid,fulfilled,online_store,US,NJ,91.0,10.92,GLOWWITHSAM12,0.0,4.8,84.88,shopify_payments,2.76,USD
2905,101182,2025-12-04T15:18:18Z,,paid,fulfilled,online_store,US,NC,102.0,0.0,,0.0,6.12,108.12,shopify_payments,3.44,USD
2906,101707,2025-12-04T18:21:58Z,,paid,fulfilled,online_store,AU,VIC,36.0,0.0,,12.95,3.6,52.55,shopify_payments,1.82,USD
2907,101708,2025-12-04T20:00:38Z,,paid,fulfilled,online_store,US,DE,196.0,29.4,HOLIDAY15,0.0,0.0,166.6,shopify_payments,5.13,USD
2908,101710,2025-12-04T21:33:35Z,,paid,fulfilled,online_store,CA,AB,44.0,6.6,HOLIDAY15,12.95,1.87,52.22,shopify_payments,1.81,USD
2909,101711,2025-12-04T23:22:24Z,,paid,fulfilled,online_store,US,NY,22.0,3.3,HOLIDAY15,5.95,1.12,25.77,shopify_payments,1.05,USD
2910,101116,2025-12-05T00:26:05Z,,paid,fulfilled,online_store,US,FL,120.0,12.0,LOYAL10,0.0,6.48,114.48,shopify_payments,3.62,USD
2911,101712,2025-12-05T01:08:39Z,,paid,fulfilled,online_store,US,NY,29.0,4.35,HOLIDAY15,5.95,1.48,32.08,shopify_payments,1.23,USD
2912,101713,2025-12-05T02:18:04Z,,partially_refunded,fulfilled,online_store,US,MI,110.0,0.0,,0.0,6.6,116.6,shopify_payments,3.68,USD
2913,100183,2025-12-05T03:38:57Z,,paid,fulfilled,online_store,US,WA,44.0,6.6,HOLIDAY15,5.95,2.24,45.59,shopify_payments,1.62,USD
2914,100944,2025-12-05T06:23:02Z,,paid,fulfilled,online_store,US,NC,36.0,0.0,,5.95,2.16,44.11,shopify_payments,1.58,USD
2915,100894,2025-12-05T08:12:29Z,,partially_refunded,fulfilled,shop_app,US,GA,90.0,0.0,,0.0,5.4,95.4,shopify_payments,3.07,USD
2916,101715,2025-12-05T14:13:07Z,,paid,fulfilled,online_store,US,MI,24.0,3.6,HOLIDAY15,5.95,1.22,27.57,shop_pay,1.1,USD
2917,101716,2025-12-05T14:24:12Z,,paid,fulfilled,online_store,US,CA,84.0,12.6,HOLIDAY15,0.0,4.28,75.68,shopify_payments,2.49,USD
2918,101717,2025-12-05T17:35:14Z,,paid,fulfilled,online_store,US,OH,44.0,0.0,,5.95,2.64,52.59,shopify_payments,1.83,USD
2919,101718,2025-12-05T20:00:51Z,,refunded,fulfilled,online_store,US,NY,84.0,12.6,HOLIDAY15,0.0,4.28,75.68,paypal,3.13,USD
2920,101720,2025-12-05T23:26:10Z,,paid,fulfilled,online_store,US,PA,56.0,0.0,,0.0,3.36,59.36,shopify_payments,2.02,USD
2921,101722,2025-12-05T23:36:21Z,,paid,fulfilled,online_store,US,TX,170.0,25.5,HOLIDAY15,0.0,8.67,153.17,shopify_payments,4.74,USD
2922,101208,2025-12-06T03:34:51Z,,paid,fulfilled,online_store,US,VA,58.0,0.0,,0.0,3.48,61.48,paypal,2.64,USD
2923,100977,2025-12-06T05:30:14Z,,paid,fulfilled,online_store,US,MO,106.0,10.6,LOYAL10,0.0,5.72,101.12,shopify_payments,3.23,USD
2924,101050,2025-12-06T08:09:48Z,,paid,fulfilled,online_store,US,MO,74.0,11.1,HOLIDAY15,0.0,3.77,66.67,paypal,2.82,USD
2925,100827,2025-12-06T11:40:49Z,,paid,fulfilled,online_store,US,MO,28.0,0.0,,5.95,1.68,35.63,shop_pay,1.33,USD
2926,101724,2025-12-06T13:10:18Z,,paid,fulfilled,shop_app,GB,ENG,63.0,9.45,HOLIDAY15,12.95,10.71,77.21,klarna,4.92,USD
2927,101725,2025-12-06T13:13:37Z,,paid,fulfilled,online_store,US,PA,112.0,16.8,WELCOME15,0.0,5.71,100.91,shop_pay,3.23,USD
2928,101726,2025-12-06T15:07:40Z,,paid,fulfilled,online_store,US,CA,92.0,13.8,HOLIDAY15,0.0,4.69,82.89,shop_pay,2.7,USD
2929,101727,2025-12-06T17:23:40Z,,paid,fulfilled,online_store,GB,ENG,60.0,0.0,,12.95,12.0,84.95,shopify_payments,2.76,USD
2930,101728,2025-12-06T19:15:42Z,,paid,fulfilled,online_store,US,FL,108.0,16.2,HOLIDAY15,0.0,5.51,97.31,shopify_payments,3.12,USD
2931,101729,2025-12-06T20:10:02Z,,paid,fulfilled,online_store,CA,AB,34.0,0.0,,12.95,1.7,48.65,shopify_payments,1.71,USD
2932,101001,2025-12-06T21:34:18Z,2025-12-07T15:34:18Z,voided,unfulfilled,online_store,US,OH,34.0,0.0,,5.95,2.04,41.99,shopify_payments,0.0,USD
2933,100488,2025-12-07T01:49:18Z,,paid,fulfilled,online_store,US,TX,44.0,6.6,HOLIDAY15,5.95,2.24,45.59,shopify_payments,1.62,USD
2934,101730,2025-12-07T02:46:18Z,,paid,fulfilled,online_store,AU,VIC,24.0,0.0,,12.95,2.4,39.35,shopify_payments,1.44,USD
2935,101049,2025-12-07T07:32:43Z,,paid,fulfilled,online_store,US,TX,29.0,0.0,,5.95,1.74,36.69,shop_pay,1.36,USD
2936,101731,2025-12-07T08:46:30Z,,paid,fulfilled,online_store,US,CO,56.0,8.4,WELCOME15,5.95,2.86,56.41,shop_pay,1.94,USD
2937,101732,2025-12-07T10:04:19Z,,paid,fulfilled,online_store,US,NC,24.0,3.6,WELCOME15,5.95,1.22,27.57,shopify_payments,1.1,USD
2938,101733,2025-12-07T11:26:51Z,,paid,fulfilled,online_store,US,IN,84.0,12.6,NOURISHED15,0.0,4.28,75.68,shopify_payments,2.49,USD
2939,101734,2025-12-07T11:49:19Z,,paid,fulfilled,online_store,AU,VIC,22.0,0.0,,12.95,2.2,37.15,paypal,1.79,USD
2940,101081,2025-12-07T13:22:21Z,,paid,fulfilled,online_store,US,CA,34.0,0.0,,5.95,2.04,41.99,shopify_payments,1.52,USD
2941,101735,2025-12-07T14:04:52Z,,paid,fulfilled,online_store,US,PA,32.0,0.0,,5.95,1.92,39.87,paypal,1.88,USD
2942,101736,2025-12-07T16:07:40Z,,paid,fulfilled,online_store,US,AZ,52.0,7.8,WELCOME15,5.95,2.65,52.8,shopify_payments,1.83,USD
2943,101737,2025-12-07T16:19:54Z,,paid,fulfilled,online_store,AU,VIC,32.0,4.8,WELCOME15,12.95,2.72,42.87,shopify_payments,1.54,USD
2944,101738,2025-12-07T19:14:38Z,,paid,fulfilled,online_store,US,MD,68.0,10.2,WELCOME15,0.0,3.47,61.27,paypal,2.63,USD
2945,101739,2025-12-07T20:23:34Z,,paid,fulfilled,online_store,US,FL,85.0,12.75,HOLIDAY15,0.0,4.34,76.59,shopify_payments,2.52,USD
2946,101740,2025-12-07T20:25:28Z,,paid,fulfilled,online_store,US,NH,36.0,5.4,WELCOME15,5.95,0.0,36.55,shop_pay,1.36,USD
2947,101741,2025-12-07T23:26:13Z,,paid,fulfilled,online_store,US,NJ,102.0,15.3,HOLIDAY15,0.0,5.2,91.9,shopify_payments,2.97,USD
2948,100296,2025-12-08T05:18:24Z,,paid,fulfilled,online_store,US,MN,96.0,0.0,,0.0,5.76,101.76,shopify_payments,3.25,USD
2949,101742,2025-12-08T14:25:19Z,,paid,fulfilled,online_store,US,GA,36.0,0.0,,5.95,2.16,44.11,shopify_payments,1.58,USD
2950,101743,2025-12-08T16:21:32Z,,paid,fulfilled,online_store,US,GA,24.0,3.6,HOLIDAY15,5.95,1.22,27.57,shopify_payments,1.1,USD
2951,101745,2025-12-08T19:41:21Z,,paid,fulfilled,online_store,US,WI,74.0,20.54,"HOLIDAY15,WELCOME15",0.0,3.21,56.67,shop_pay,1.94,USD
2952,101746,2025-12-08T22:52:01Z,,paid,fulfilled,online_store,US,VA,36.0,5.4,WELCOME15,5.95,1.84,38.39,shopify_payments,1.41,USD
2953,101747,2025-12-08T23:06:10Z,,paid,fulfilled,online_store,US,WA,68.0,10.2,HOLIDAY15,0.0,3.47,61.27,shopify_payments,2.08,USD
2954,101748,2025-12-09T00:28:48Z,,paid,fulfilled,online_store,US,WI,111.0,0.0,,0.0,6.66,117.66,paypal,4.6,USD
2955,100262,2025-12-09T06:04:58Z,,paid,fulfilled,online_store,US,FL,82.0,8.2,LOYAL10,0.0,4.43,78.23,shopify_payments,2.57,USD
2956,101749,2025-12-09T06:52:35Z,,paid,fulfilled,online_store,US,FL,34.0,0.0,,5.95,2.04,41.99,shopify_payments,1.52,USD
2957,101750,2025-12-09T07:15:31Z,,paid,fulfilled,online_store,US,FL,44.0,6.6,HOLIDAY15,5.95,2.24,45.59,shopify_payments,1.62,USD
2958,101021,2025-12-09T07:26:19Z,,partially_refunded,fulfilled,online_store,US,AZ,68.0,10.2,HOLIDAY15,0.0,3.47,61.27,paypal,2.63,USD
2959,101751,2025-12-09T09:57:07Z,,paid,fulfilled,online_store,US,CO,34.0,5.1,HOLIDAY15,5.95,1.73,36.58,shop_pay,1.36,USD
2960,101752,2025-12-09T10:03:11Z,,paid,fulfilled,online_store,CA,BC,24.0,0.0,,12.95,1.2,38.15,shop_pay,1.41,USD
2961,101249,2025-12-09T10:12:14Z,,paid,fulfilled,online_store,US,TX,63.0,0.0,,0.0,3.78,66.78,shopify_payments,2.24,USD
2962,100730,2025-12-09T11:06:48Z,,paid,fulfilled,online_store,US,NC,106.0,0.0,,0.0,6.36,112.36,shopify_payments,3.56,USD
2963,101753,2025-12-09T13:12:40Z,,paid,fulfilled,online_store,US,NY,112.0,0.0,,0.0,6.72,118.72,shopify_payments,3.74,USD
2964,101754,2025-12-09T13:47:30Z,,paid,fulfilled,online_store,US,IL,28.0,0.0,,5.95,1.68,35.63,shopify_payments,1.33,USD
2965,101756,2025-12-09T14:55:15Z,,paid,fulfilled,online_store,US,FL,24.0,6.66,"HOLIDAY15,WELCOME15",5.95,1.04,24.33,shopify_payments,1.01,USD
2966,101757,2025-12-09T15:43:37Z,,paid,fulfilled,online_store,US,TX,149.0,0.0,,0.0,8.94,157.94,shopify_payments,4.88,USD
2967,101758,2025-12-09T16:11:13Z,,paid,fulfilled,online_store,US,PA,29.0,4.35,HOLIDAY15,5.95,1.48,32.08,shopify_payments,1.23,USD
2968,101759,2025-12-09T16:45:08Z,,refunded,fulfilled,online_store,GB,WLS,84.0,12.6,HOLIDAY15,12.95,14.28,98.63,shopify_payments,3.16,USD
2969,101760,2025-12-09T17:14:13Z,,partially_refunded,fulfilled,online_store,US,MA,72.0,10.8,WELCOME15,0.0,3.67,64.87,shopify_payments,2.18,USD
2970,100880,2025-12-09T18:18:05Z,,paid,fulfilled,online_store,US,CA,116.0,0.0,,0.0,6.96,122.96,shopify_payments,3.87,USD
2971,101761,2025-12-09T23:45:44Z,,paid,fulfilled,online_store,US,TX,78.0,11.7,HOLIDAY15,0.0,3.98,70.28,shopify_payments,2.34,USD
2972,101762,2025-12-10T00:00:29Z,,paid,fulfilled,online_store,US,CA,112.0,16.8,HOLIDAY15,0.0,5.71,100.91,shopify_payments,3.23,USD
2973,101763,2025-12-10T00:48:57Z,,paid,fulfilled,online_store,US,CA,34.0,0.0,,5.95,2.04,41.99,shopify_payments,1.52,USD
2974,101764,2025-12-10T02:20:12Z,,paid,fulfilled,online_store,US,GA,26.0,0.0,,5.95,1.56,33.51,shopify_payments,1.27,USD
2975,101765,2025-12-10T02:34:26Z,,paid,fulfilled,online_store,US,TX,34.0,5.1,HOLIDAY15,5.95,1.73,36.58,shopify_payments,1.36,USD
2976,101766,2025-12-10T02:54:59Z,,paid,fulfilled,online_store,US,CA,24.0,3.6,HOLIDAY15,5.95,1.22,27.57,shopify_payments,1.1,USD
2977,101767,2025-12-10T07:07:52Z,,paid,fulfilled,online_store,US,NY,78.0,0.0,,0.0,4.68,82.68,shopify_payments,2.7,USD
2978,101768,2025-12-10T11:06:28Z,,paid,fulfilled,online_store,US,OH,34.0,5.1,HOLIDAY15,5.95,1.73,36.58,shop_pay,1.36,USD
2979,101769,2025-12-10T12:11:12Z,,paid,fulfilled,online_store,US,CA,24.0,0.0,,5.95,1.44,31.39,shop_pay,1.21,USD
2980,101224,2025-12-10T13:13:37Z,,partially_refunded,fulfilled,online_store,US,FL,95.0,11.4,GLOWWITHSAM12,0.0,5.02,88.62,shop_pay,2.87,USD
2981,101770,2025-12-10T16:01:24Z,,paid,fulfilled,shop_app,US,AZ,30.0,4.5,WELCOME15,5.95,1.53,32.98,shopify_payments,1.26,USD
2982,101771,2025-12-10T17:32:00Z,,paid,fulfilled,online_store,US,MN,44.0,10.34,"DERMDIARY10,WELCOME15",5.95,2.02,41.63,paypal,1.94,USD
2983,101773,2025-12-10T18:28:57Z,,paid,fulfilled,shop_app,CA,BC,34.0,5.1,HOLIDAY15,12.95,1.44,43.29,shop_pay,1.56,USD
2984,101774,2025-12-11T01:23:44Z,,paid,fulfilled,online_store,US,CA,28.0,4.2,WELCOME15,5.95,1.43,31.18,shop_pay,1.2,USD
2985,101107,2025-12-11T01:58:19Z,,paid,fulfilled,online_store,US,VA,84.0,12.6,HOLIDAY15,0.0,4.28,75.68,shopify_payments,2.49,USD
2986,101775,2025-12-11T03:01:22Z,,paid,fulfilled,online_store,US,MA,32.0,4.8,WELCOME15,5.95,1.63,34.78,shopify_payments,1.31,USD
2987,100305,2025-12-11T05:08:13Z,,paid,fulfilled,online_store,US,PA,94.0,14.1,HOLIDAY15,0.0,4.79,84.69,shopify_payments,2.76,USD
2988,100723,2025-12-11T05:48:02Z,,paid,fulfilled,online_store,US,CA,80.0,8.0,LOYAL10,0.0,4.32,76.32,shopify_payments,2.51,USD
2989,101776,2025-12-11T09:07:06Z,,paid,fulfilled,online_store,US,NJ,162.0,0.0,,0.0,9.72,171.72,shopify_payments,5.28,USD
2990,100241,2025-12-11T10:47:12Z,,paid,fulfilled,online_store,US,VA,34.0,3.4,LOYAL10,5.95,1.84,38.39,shopify_payments,1.41,USD
2991,101777,2025-12-11T15:16:15Z,2025-12-12T08:16:15Z,voided,unfulfilled,online_store,US,WI,26.0,3.9,HOLIDAY15,5.95,1.33,29.38,shopify_payments,0.0,USD
2992,101778,2025-12-11T17:14:56Z,,paid,fulfilled,online_store,US,MO,32.0,4.8,HOLIDAY15,5.95,1.63,34.78,shop_pay,1.31,USD
2993,101779,2025-12-11T17:18:54Z,,paid,fulfilled,online_store,US,CA,84.0,12.6,WELCOME15,0.0,4.28,75.68,shopify_payments,2.49,USD
2994,101780,2025-12-11T18:01:20Z,,paid,fulfilled,shop_app,US,MO,85.0,12.75,HOLIDAY15,0.0,4.34,76.59,shopify_payments,2.52,USD
2995,101772,2025-12-11T18:19:37Z,,paid,fulfilled,online_store,US,CA,34.0,0.0,FREESHIP,0.0,2.04,36.04,paypal,1.75,USD
2996,101781,2025-12-11T20:18:42Z,,partially_refunded,fulfilled,online_store,US,CA,164.0,24.6,HOLIDAY15,0.0,8.36,147.76,shopify_payments,4.59,USD
2997,101782,2025-12-12T00:09:10Z,,paid,fulfilled,online_store,US,TX,100.0,15.0,HOLIDAY15,0.0,5.1,90.1,paypal,3.63,USD
2998,101783,2025-12-12T01:45:11Z,,paid,fulfilled,online_store,US,OH,90.0,13.5,HOLIDAY15,0.0,4.59,81.09,shopify_payments,2.65,USD
2999,101784,2025-12-12T01:52:35Z,,paid,fulfilled,shop_app,US,IN,68.0,8.16,GLOWWITHSAM12,0.0,3.59,63.43,paypal,2.7,USD
3000,101785,2025-12-12T04:13:27Z,,paid,fulfilled,online_store,US,FL,84.0,12.6,HOLIDAY15,0.0,4.28,75.68,paypal,3.13,USD
3001,100331,2025-12-12T07:31:55Z,,paid,fulfilled,online_store,US,CA,58.0,0.0,,0.0,3.48,61.48,shopify_payments,2.08,USD
3002,101786,2025-12-12T10:37:00Z,,paid,fulfilled,online_store,US,CA,22.0,3.3,WELCOME15,5.95,1.12,25.77,shopify_payments,1.05,USD
3003,101788,2025-12-12T14:52:50Z,,paid,fulfilled,online_store,US,NC,168.0,25.2,HOLIDAY15,0.0,8.57,151.37,shopify_payments,4.69,USD
3004,101789,2025-12-12T15:39:22Z,,paid,fulfilled,online_store,US,NJ,32.0,4.8,WELCOME15,5.95,1.63,34.78,shopify_payments,1.31,USD
3005,100145,2025-12-12T19:34:20Z,,paid,fulfilled,online_store,US,VA,118.0,0.0,,0.0,7.08,125.08,shopify_payments,3.93,USD
3006,101790,2025-12-12T19:43:26Z,,paid,fulfilled,online_store,US,TX,90.0,13.5,HOLIDAY15,0.0,4.59,81.09,shopify_payments,2.65,USD
3007,101791,2025-12-12T20:56:49Z,,paid,fulfilled,online_store,GB,ENG,132.0,19.8,WELCOME15,0.0,22.44,134.64,paypal,5.19,USD
3008,101792,2025-12-12T21:49:49Z,,paid,fulfilled,online_store,US,CA,77.0,11.55,HOLIDAY15,0.0,3.93,69.38,shopify_payments,2.31,USD
3009,101793,2025-12-12T23:31:13Z,,paid,fulfilled,online_store,US,OH,112.0,0.0,,0.0,6.72,118.72,shopify_payments,3.74,USD
3010,101794,2025-12-13T00:13:11Z,,refunded,fulfilled,online_store,US,MN,36.0,0.0,,5.95,2.16,44.11,shopify_payments,1.58,USD
3011,100760,2025-12-13T00:27:53Z,,paid,fulfilled,online_store,US,NC,61.0,6.1,LOYAL10,0.0,3.29,58.19,shopify_payments,1.99,USD
3012,101795,2025-12-13T00:38:50Z,,paid,fulfilled,online_store,US,FL,34.0,5.1,HOLIDAY15,5.95,1.73,36.58,paypal,1.77,USD
3013,101796,2025-12-13T02:31:58Z,,paid,fulfilled,online_store,US,MN,22.0,3.3,WELCOME15,5.95,1.12,25.77,paypal,1.39,USD
3014,101797,2025-12-13T05:12:02Z,,paid,fulfilled,online_store,CA,QC,29.0,0.0,,12.95,1.45,43.4,shopify_payments,1.56,USD
3015,101118,2025-12-13T06:51:55Z,,paid,fulfilled,online_store,US,CO,84.0,0.0,,0.0,5.04,89.04,shopify_payments,2.88,USD
3016,101798,2025-12-13T07:36:46Z,,paid,fulfilled,online_store,CA,ON,58.0,8.7,WELCOME15,12.95,2.46,64.71,shopify_payments,2.18,USD
3017,101115,2025-12-13T11:44:26Z,,paid,fulfilled,online_store,US,WI,180.0,27.0,HOLIDAY15,0.0,9.18,162.18,shopify_payments,5.0,USD
3018,100453,2025-12-13T12:31:21Z,,paid,fulfilled,online_store,US,MI,22.0,3.3,HOLIDAY15,5.95,1.12,25.77,shopify_payments,1.05,USD
3019,101799,2025-12-13T14:33:44Z,,paid,fulfilled,online_store,CA,AB,34.0,3.4,AMELIA10,12.95,1.53,45.08,shopify_payments,1.61,USD
3020,101800,2025-12-13T15:29:36Z,,partially_refunded,fulfilled,online_store,AU,VIC,34.0,5.1,WELCOME15,12.95,2.89,44.74,shop_pay,1.6,USD
3021,101801,2025-12-13T15:35:14Z,,paid,fulfilled,online_store,US,GA,66.0,0.0,,0.0,3.96,69.96,shopify_payments,2.33,USD
3022,101084,2025-12-13T17:49:58Z,,paid,fulfilled,online_store,AU,NSW,32.0,0.0,,12.95,3.2,48.15,paypal,2.17,USD
3023,101802,2025-12-13T18:10:01Z,,paid,fulfilled,shop_app,US,CA,34.0,0.0,,5.95,2.04,41.99,shopify_payments,1.52,USD
3024,101803,2025-12-13T20:09:02Z,,paid,fulfilled,online_store,US,MI,34.0,0.0,,5.95,2.04,41.99,shopify_payments,1.52,USD
3025,100036,2025-12-13T23:18:11Z,,paid,fulfilled,online_store,US,TX,61.0,0.0,,0.0,3.66,64.66,paypal,2.75,USD
3026,101804,2025-12-14T00:46:26Z,,paid,fulfilled,online_store,US,WA,84.0,12.6,HOLIDAY15,0.0,4.28,75.68,shop_pay,2.49,USD
3027,101806,2025-12-14T02:24:54Z,,paid,fulfilled,online_store,US,CA,92.0,13.8,HOLIDAY15,0.0,4.69,82.89,shopify_payments,2.7,USD
3028,101807,2025-12-14T03:13:57Z,,paid,fulfilled,online_store,US,OR,112.0,0.0,,0.0,0.0,112.0,paypal,4.4,USD
3029,100828,2025-12-14T05:48:18Z,,paid,fulfilled,online_store,US,OH,62.0,6.2,LOYAL10,0.0,3.35,59.15,shop_pay,2.02,USD
3030,100323,2025-12-14T05:49:13Z,,paid,fulfilled,online_store,US,VA,84.0,0.0,,0.0,5.04,89.04,shopify_payments,2.88,USD
3031,101014,2025-12-14T07:59:47Z,,paid,fulfilled,online_store,US,NY,34.0,5.1,HOLIDAY15,5.95,1.73,36.58,shopify_payments,1.36,USD
3032,100332,2025-12-14T13:19:05Z,,paid,fulfilled,online_store,US,WI,56.0,8.4,HOLIDAY15,5.95,2.86,56.41,paypal,2.46,USD
3033,101154,2025-12-14T14:05:23Z,,paid,fulfilled,online_store,US,NC,66.0,9.9,HOLIDAY15,0.0,3.37,59.47,shopify_payments,2.02,USD
3034,100876,2025-12-14T14:18:32Z,,paid,fulfilled,online_store,US,PA,130.0,19.5,HOLIDAY15,0.0,6.63,117.13,shopify_payments,3.7,USD
3035,101808,2025-12-14T16:40:32Z,,paid,fulfilled,online_store,US,TX,61.0,0.0,,0.0,3.66,64.66,shopify_payments,2.18,USD
3036,101809,2025-12-14T16:50:49Z,,paid,fulfilled,online_store,US,MI,53.0,0.0,,0.0,3.18,56.18,paypal,2.45,USD
3037,101810,2025-12-14T21:19:58Z,,paid,fulfilled,online_store,CA,BC,84.0,12.6,SKINBYJORDAN15,12.95,3.57,87.92,paypal,3.56,USD
3038,101216,2025-12-15T01:44:10Z,,paid,fulfilled,online_store,US,CA,65.0,9.75,HOLIDAY15,0.0,3.32,58.57,paypal,2.53,USD
3039,100512,2025-12-15T03:00:31Z,,paid,fulfilled,online_store,US,IN,82.0,0.0,,0.0,4.92,86.92,shopify_payments,2.82,USD
3040,101811,2025-12-15T09:16:28Z,,paid,fulfilled,online_store,US,CO,120.0,18.0,HOLIDAY15,0.0,6.12,108.12,shopify_payments,3.44,USD
3041,101813,2025-12-15T10:40:09Z,,paid,fulfilled,online_store,CA,QC,113.0,16.95,HOLIDAY15,0.0,4.8,100.85,shop_pay,3.22,USD
3042,101814,2025-12-15T10:57:55Z,,paid,fulfilled,online_store,US,WA,32.0,4.8,HOLIDAY15,5.95,1.63,34.78,shopify_payments,1.31,USD
3043,101815,2025-12-15T13:12:09Z,,paid,fulfilled,online_store,US,NJ,106.0,15.9,HOLIDAY15,0.0,5.41,95.51,shopify_payments,3.07,USD
3044,101755,2025-12-15T14:23:37Z,,paid,fulfilled,online_store,AU,VIC,56.0,8.4,WELCOME15,12.95,4.76,65.31,paypal,2.77,USD
3045,101816,2025-12-15T14:27:16Z,,paid,fulfilled,shop_app,US,VA,24.0,0.0,,5.95,1.44,31.39,shop_pay,1.21,USD
3046,101817,2025-12-15T16:46:15Z,,paid,fulfilled,online_store,GB,SCT,36.0,5.4,HOLIDAY15,12.95,6.12,49.67,shopify_payments,1.74,USD
3047,101818,2025-12-15T20:50:25Z,,paid,fulfilled,online_store,US,WA,44.0,0.0,,5.95,2.64,52.59,shop_pay,1.83,USD
3048,101819,2025-12-15T21:07:44Z,,paid,fulfilled,online_store,US,TX,34.0,5.1,HOLIDAY15,5.95,1.73,36.58,shop_pay,1.36,USD
3049,101820,2025-12-15T21:55:06Z,,paid,fulfilled,online_store,US,WA,29.0,4.35,HOLIDAY15,5.95,1.48,32.08,shop_pay,1.23,USD
3050,101821,2025-12-15T23:13:50Z,,paid,fulfilled,online_store,US,WI,34.0,0.0,,5.95,2.04,41.99,shop_pay,1.52,USD
3051,101564,2025-12-15T23:30:53Z,,paid,fulfilled,online_store,US,TN,56.0,5.6,LOYAL10,0.0,3.02,53.42,shopify_payments,1.85,USD
3052,101206,2025-12-16T00:40:18Z,2025-12-16T02:40:18Z,voided,unfulfilled,online_store,US,CA,26.0,3.9,WELCOME15,5.95,1.33,29.38,shopify_payments,0.0,USD
3053,101822,2025-12-16T01:00:28Z,,paid,fulfilled,online_store,US,MO,32.0,0.0,,5.95,1.92,39.87,shopify_payments,1.46,USD
3054,100854,2025-12-16T03:23:31Z,,paid,fulfilled,shop_app,US,MI,78.0,0.0,,0.0,4.68,82.68,shopify_payments,2.7,USD
3055,101207,2025-12-16T03:52:41Z,,paid,fulfilled,online_store,GB,ENG,180.0,0.0,,0.0,36.0,216.0,paypal,8.03,USD
3056,101823,2025-12-16T09:36:30Z,,paid,fulfilled,online_store,US,TX,58.0,0.0,,0.0,3.48,61.48,shopify_payments,2.08,USD
3057,101047,2025-12-16T10:17:48Z,,paid,fulfilled,online_store,US,FL,112.0,0.0,,0.0,6.72,118.72,shop_pay,3.74,USD
3058,101825,2025-12-16T11:34:33Z,,paid,fulfilled,online_store,US,NC,112.0,16.8,WELCOME15,0.0,5.71,100.91,shopify_payments,3.23,USD
3059,100926,2025-12-16T11:42:49Z,,paid,fulfilled,online_store,CA,BC,96.0,0.0,,0.0,4.8,100.8,shopify_payments,3.22,USD
3060,101826,2025-12-16T11:52:37Z,,paid,fulfilled,online_store,US,CA,22.0,3.3,HOLIDAY15,5.95,1.12,25.77,shop_pay,1.05,USD
3061,101827,2025-12-16T12:09:49Z,,paid,fulfilled,online_store,US,TX,110.0,0.0,,0.0,6.6,116.6,shopify_payments,3.68,USD
3062,101829,2025-12-16T12:33:29Z,,paid,fulfilled,shop_app,US,CA,102.0,15.3,WELCOME15,0.0,5.2,91.9,shopify_payments,2.97,USD
3063,101830,2025-12-16T16:56:27Z,,paid,fulfilled,online_store,US,CA,66.0,9.9,HOLIDAY15,0.0,3.37,59.47,shopify_payments,2.02,USD
3064,101831,2025-12-16T16:59:28Z,,paid,fulfilled,online_store,US,TX,154.0,23.1,HOLIDAY15,0.0,7.85,138.75,shopify_payments,4.32,USD
3065,101832,2025-12-16T17:29:46Z,,paid,fulfilled,online_store,US,CA,192.0,0.0,,0.0,11.52,203.52,shop_pay,6.2,USD
3066,101833,2025-12-16T17:38:26Z,,paid,fulfilled,online_store,US,IN,56.0,8.4,WELCOME15,5.95,2.86,56.41,shop_pay,1.94,USD
3067,101834,2025-12-16T18:01:26Z,,paid,fulfilled,online_store,US,FL,34.0,0.0,,5.95,2.04,41.99,shop_pay,1.52,USD
3068,101046,2025-12-16T21:21:38Z,,paid,fulfilled,online_store,US,VA,32.0,0.0,,5.95,1.92,39.87,paypal,1.88,USD
3069,101835,2025-12-16T22:24:35Z,,paid,fulfilled,online_store,US,FL,22.0,3.3,HOLIDAY15,5.95,1.12,25.77,shop_pay,1.05,USD
3070,101836,2025-12-16T22:53:13Z,,paid,fulfilled,online_store,US,NY,28.0,4.2,HOLIDAY15,5.95,1.43,31.18,shopify_payments,1.2,USD
3071,101837,2025-12-16T23:57:13Z,,paid,fulfilled,online_store,AU,WA,51.0,7.65,WELCOME15,12.95,4.34,60.64,paypal,2.61,USD
3072,101155,2025-12-17T00:51:53Z,,paid,fulfilled,online_store,US,NY,44.0,6.6,HOLIDAY15,5.95,2.24,45.59,shopify_payments,1.62,USD
3073,101839,2025-12-17T02:41:07Z,,paid,fulfilled,online_store,US,WA,34.0,5.1,HOLIDAY15,5.95,1.73,36.58,shopify_payments,1.36,USD
3074,101840,2025-12-17T03:31:10Z,,paid,fulfilled,online_store,US,CA,48.0,0.0,,5.95,2.88,56.83,shopify_payments,1.95,USD
3075,100474,2025-12-17T03:31:48Z,,paid,fulfilled,online_store,US,MN,102.0,10.2,LOYAL10,0.0,5.51,97.31,shopify_payments,3.12,USD
3076,101841,2025-12-17T10:10:36Z,,partially_refunded,fulfilled,online_store,US,CA,96.0,14.4,HOLIDAY15,0.0,4.9,86.5,paypal,3.51,USD
3077,101842,2025-12-17T13:04:01Z,,paid,fulfilled,online_store,CA,QC,26.0,0.0,,12.95,1.3,40.25,shopify_payments,1.47,USD
3078,101843,2025-12-17T14:25:45Z,,paid,fulfilled,online_store,US,FL,58.0,0.0,,0.0,3.48,61.48,shopify_payments,2.08,USD
3079,101844,2025-12-17T14:39:58Z,,paid,fulfilled,online_store,US,MA,34.0,0.0,,5.95,2.04,41.99,shopify_payments,1.52,USD
3080,101845,2025-12-17T15:05:40Z,,paid,fulfilled,online_store,US,TN,22.0,3.3,WELCOME15,5.95,1.12,25.77,shopify_payments,1.05,USD
3081,101846,2025-12-17T17:26:52Z,,partially_refunded,fulfilled,online_store,GB,SCT,78.0,11.7,HOLIDAY15,12.95,13.26,92.51,paypal,3.72,USD
3082,100763,2025-12-17T18:46:21Z,,paid,fulfilled,online_store,GB,ENG,173.0,17.3,LOYAL10,0.0,31.14,186.84,shopify_payments,5.72,USD
3083,100862,2025-12-17T19:51:11Z,,paid,fulfilled,online_store,US,CO,55.0,8.25,HOLIDAY15,5.95,2.8,55.5,shopify_payments,1.91,USD
3084,101847,2025-12-17T21:25:49Z,,paid,fulfilled,online_store,CA,QC,153.0,22.95,WELCOME15,0.0,6.5,136.55,shopify_payments,4.26,USD
3085,101848,2025-12-17T22:48:21Z,,paid,fulfilled,online_store,US,CA,34.0,5.1,WELCOME15,5.95,1.73,36.58,shopify_payments,1.36,USD
3086,101849,2025-12-17T23:25:20Z,,paid,fulfilled,online_store,US,OH,56.0,0.0,,0.0,3.36,59.36,shopify_payments,2.02,USD
3087,100858,2025-12-17T23:41:26Z,,paid,fulfilled,online_store,GB,ENG,130.0,19.5,HOLIDAY15,0.0,22.1,132.6,shopify_payments,4.15,USD
3088,101850,2025-12-18T01:26:27Z,,paid,fulfilled,online_store,US,MI,28.0,4.2,HOLIDAY15,5.95,1.43,31.18,shop_pay,1.2,USD
3089,101217,2025-12-18T02:10:22Z,,paid,fulfilled,online_store,US,PA,100.0,15.0,HOLIDAY15,0.0,5.1,90.1,shopify_payments,2.91,USD
3090,101851,2025-12-18T02:34:36Z,,paid,fulfilled,online_store,US,PA,60.0,9.0,WELCOME15,0.0,3.06,54.06,shopify_payments,1.87,USD
3091,101134,2025-12-18T02:36:41Z,,paid,fulfilled,online_store,US,CA,28.0,0.0,,5.95,1.68,35.63,shopify_payments,1.33,USD
3092,101852,2025-12-18T06:25:27Z,2025-12-19T00:25:27Z,voided,unfulfilled,online_store,US,CA,30.0,0.0,,5.95,1.8,37.75,shopify_payments,0.0,USD
3093,100922,2025-12-18T07:14:28Z,,refunded,fulfilled,online_store,US,NJ,30.0,4.5,HOLIDAY15,5.95,1.53,32.98,shop_pay,1.26,USD
3094,101853,2025-12-18T09:09:41Z,,paid,fulfilled,online_store,US,AZ,84.0,12.6,WELCOME15,0.0,4.28,75.68,shopify_payments,2.49,USD
3095,100836,2025-12-18T10:57:42Z,,paid,fulfilled,shop_app,US,FL,24.0,0.0,,5.95,1.44,31.39,shopify_payments,1.21,USD
3096,101854,2025-12-18T13:53:55Z,2025-12-19T07:53:55Z,voided,unfulfilled,shop_app,GB,SCT,104.0,0.0,,0.0,20.8,124.8,shopify_payments,0.0,USD
3097,101855,2025-12-18T18:22:10Z,,paid,fulfilled,online_store,US,FL,57.0,0.0,,0.0,3.42,60.42,paypal,2.6,USD
3098,101856,2025-12-18T18:58:39Z,,paid,fulfilled,online_store,AU,QLD,36.0,5.4,HOLIDAY15,12.95,3.06,46.61,shop_pay,1.65,USD
3099,100830,2025-12-18T21:00:32Z,,partially_refunded,fulfilled,online_store,US,CO,62.0,0.0,,0.0,3.72,65.72,shopify_payments,2.21,USD
3100,101857,2025-12-18T21:33:32Z,,paid,fulfilled,online_store,US,NJ,68.0,10.2,HOLIDAY15,0.0,3.47,61.27,shop_pay,2.08,USD
3101,101858,2025-12-18T21:52:17Z,,paid,fulfilled,online_store,GB,WLS,32.0,4.8,HOLIDAY15,12.95,5.44,45.59,shop_pay,1.62,USD
3102,101859,2025-12-18T22:54:44Z,,paid,fulfilled,online_store,US,FL,34.0,5.1,HOLIDAY15,5.95,1.73,36.58,shopify_payments,1.36,USD
3103,101860,2025-12-18T23:14:02Z,,paid,fulfilled,online_store,US,VA,56.0,0.0,,0.0,3.36,59.36,shopify_payments,2.02,USD
3104,101861,2025-12-18T23:56:06Z,,paid,fulfilled,online_store,US,CA,66.0,0.0,,0.0,3.96,69.96,shopify_payments,2.33,USD
3105,101862,2025-12-19T00:55:11Z,,partially_refunded,fulfilled,online_store,AU,NSW,186.0,27.9,WELCOME15,0.0,15.81,173.91,shop_pay,5.34,USD
3106,101864,2025-12-19T07:19:11Z,,paid,fulfilled,online_store,US,MN,30.0,4.5,HOLIDAY15,5.95,1.53,32.98,shopify_payments,1.26,USD
3107,101622,2025-12-19T08:15:03Z,,paid,fulfilled,online_store,US,CO,84.0,0.0,,0.0,5.04,89.04,shop_pay,2.88,USD
3108,101865,2025-12-19T08:28:53Z,,paid,fulfilled,online_store,US,NY,44.0,0.0,,5.95,2.64,52.59,shop_pay,1.83,USD
3109,101029,2025-12-19T09:27:31Z,,paid,fulfilled,online_store,US,GA,80.0,0.0,,0.0,4.8,84.8,shopify_payments,2.76,USD
3110,101190,2025-12-19T10:56:47Z,,paid,fulfilled,online_store,US,TX,36.0,0.0,,5.95,2.16,44.11,shopify_payments,1.58,USD
3111,100568,2025-12-19T11:44:02Z,,partially_refunded,fulfilled,online_store,US,FL,68.0,10.2,HOLIDAY15,0.0,3.47,61.27,shopify_payments,2.08,USD
3112,101159,2025-12-19T11:58:39Z,,paid,fulfilled,online_store,AU,VIC,29.0,2.9,LOYAL10,12.95,2.61,41.66,paypal,1.94,USD
3113,100238,2025-12-19T12:10:30Z,2025-12-20T00:10:30Z,voided,unfulfilled,online_store,US,MN,34.0,5.1,HOLIDAY15,5.95,1.73,36.58,paypal,0.0,USD
3114,101866,2025-12-19T12:50:29Z,,paid,fulfilled,shop_app,US,CA,34.0,5.1,WELCOME15,5.95,1.73,36.58,paypal,1.77,USD
3115,101312,2025-12-19T13:00:37Z,,paid,fulfilled,online_store,US,FL,64.0,9.6,HOLIDAY15,0.0,3.26,57.66,paypal,2.5,USD
3116,101867,2025-12-19T13:31:13Z,,paid,fulfilled,online_store,US,CA,22.0,0.0,,5.95,1.32,29.27,shopify_payments,1.15,USD
3117,101868,2025-12-19T17:08:48Z,,paid,fulfilled,online_store,US,NY,74.0,11.1,HOLIDAY15,0.0,3.77,66.67,paypal,2.82,USD
3118,101869,2025-12-19T19:55:09Z,,paid,fulfilled,online_store,US,FL,44.0,0.0,,5.95,2.64,52.59,shopify_payments,1.83,USD
3119,101870,2025-12-19T20:18:47Z,,paid,fulfilled,online_store,US,CA,32.0,4.8,HOLIDAY15,5.95,1.63,34.78,shopify_payments,1.31,USD
3120,101871,2025-12-19T20:26:08Z,,paid,fulfilled,online_store,US,NJ,205.0,30.75,HOLIDAY15,0.0,10.46,184.71,paypal,6.94,USD
3121,100995,2025-12-19T21:20:36Z,,paid,fulfilled,online_store,CA,AB,34.0,3.4,LOYAL10,12.95,1.53,45.08,shopify_payments,1.61,USD
3122,101872,2025-12-20T01:37:59Z,,paid,fulfilled,online_store,US,TN,29.0,4.35,HOLIDAY15,5.95,1.48,32.08,shopify_payments,1.23,USD
3123,101873,2025-12-20T04:57:36Z,,partially_refunded,fulfilled,online_store,US,MA,80.0,12.0,SKINBYJORDAN15,0.0,4.08,72.08,shopify_payments,2.39,USD
3124,101519,2025-12-20T07:24:56Z,,paid,fulfilled,online_store,CA,QC,84.0,8.4,LOYAL10,12.95,3.78,92.33,klarna,5.83,USD
3125,101874,2025-12-20T11:08:27Z,,paid,fulfilled,online_store,US,OR,34.0,5.1,HOLIDAY15,5.95,0.0,34.85,shopify_payments,1.31,USD
3126,101332,2025-12-20T11:26:45Z,,paid,fulfilled,online_store,US,CA,34.0,0.0,,5.95,2.04,41.99,shopify_payments,1.52,USD
3127,101875,2025-12-20T12:11:28Z,,paid,fulfilled,online_store,US,FL,32.0,0.0,,5.95,1.92,39.87,shopify_payments,1.46,USD
3128,101149,2025-12-20T12:22:16Z,,refunded,fulfilled,online_store,US,CO,29.0,0.0,,5.95,1.74,36.69,shopify_payments,1.36,USD
3129,101876,2025-12-20T13:37:21Z,,paid,fulfilled,online_store,US,TX,28.0,4.2,WELCOME15,5.95,1.43,31.18,shopify_payments,1.2,USD
3130,101877,2025-12-20T16:40:25Z,,paid,fulfilled,online_store,US,CA,22.0,0.0,,5.95,1.32,29.27,shopify_payments,1.15,USD
3131,101878,2025-12-20T17:31:29Z,,paid,fulfilled,shop_app,CA,AB,28.0,7.77,"HOLIDAY15,WELCOME15",12.95,1.01,34.19,shopify_payments,1.29,USD
3132,101880,2025-12-20T18:19:32Z,,paid,fulfilled,online_store,US,NJ,34.0,5.1,HOLIDAY15,5.95,1.73,36.58,shopify_payments,1.36,USD
3133,101881,2025-12-21T01:08:01Z,,paid,fulfilled,online_store,US,AZ,56.0,8.4,WELCOME15,5.95,2.86,56.41,paypal,2.46,USD
3134,100459,2025-12-21T03:22:43Z,,paid,fulfilled,online_store,US,GA,68.0,6.8,LOYAL10,0.0,3.67,64.87,shopify_payments,2.18,USD
3135,101882,2025-12-21T07:03:39Z,,partially_refunded,fulfilled,online_store,GB,SCT,102.0,15.3,HOLIDAY15,0.0,17.34,104.04,shopify_payments,3.32,USD
3136,101166,2025-12-21T07:04:26Z,,paid,fulfilled,online_store,US,OR,34.0,5.1,HOLIDAY15,5.95,0.0,34.85,shop_pay,1.31,USD
3137,101884,2025-12-21T13:13:28Z,,paid,fulfilled,online_store,US,IL,84.0,12.6,HOLIDAY15,0.0,4.28,75.68,paypal,3.13,USD
3138,101885,2025-12-21T13:46:15Z,,paid,fulfilled,online_store,US,GA,34.0,5.1,WELCOME15,5.95,1.73,36.58,shopify_payments,1.36,USD
3139,101886,2025-12-21T15:31:27Z,,paid,fulfilled,online_store,US,MD,34.0,5.1,HOLIDAY15,5.95,1.73,36.58,shopify_payments,1.36,USD
3140,101887,2025-12-21T16:56:46Z,,paid,fulfilled,online_store,US,TX,104.0,15.6,WELCOME15,0.0,5.3,93.7,shopify_payments,3.02,USD
3141,101888,2025-12-21T20:49:59Z,,paid,fulfilled,online_store,CA,ON,84.0,12.6,HOLIDAY15,12.95,3.57,87.92,shop_pay,2.85,USD
3142,101889,2025-12-21T23:07:33Z,,paid,fulfilled,online_store,US,OH,64.0,9.6,WELCOME15,0.0,3.26,57.66,paypal,2.5,USD
3143,101890,2025-12-22T01:07:58Z,,paid,fulfilled,online_store,AU,QLD,68.0,10.2,WELCOME15,12.95,5.78,76.53,shopify_payments,2.52,USD
3144,101891,2025-12-22T04:12:09Z,,paid,fulfilled,online_store,US,TX,26.0,0.0,,5.95,1.56,33.51,shopify_payments,1.27,USD
3145,101180,2025-12-22T04:22:56Z,,paid,fulfilled,online_store,US,TN,57.0,0.0,,0.0,3.42,60.42,paypal,2.6,USD
3146,101072,2025-12-22T09:37:12Z,,paid,fulfilled,online_store,US,TN,63.0,6.3,LOYAL10,0.0,3.4,60.1,shopify_payments,2.04,USD
3147,101892,2025-12-22T13:13:14Z,,paid,fulfilled,online_store,US,TN,22.0,3.3,WELCOME15,5.95,1.12,25.77,shopify_payments,1.05,USD
3148,101893,2025-12-22T15:00:45Z,,paid,fulfilled,shop_app,US,TX,34.0,4.08,GLOWWITHSAM12,5.95,1.8,37.67,shopify_payments,1.39,USD
3149,101894,2025-12-22T19:17:05Z,,paid,fulfilled,online_store,US,MN,22.0,3.3,SKINBYJORDAN15,5.95,1.12,25.77,shopify_payments,1.05,USD
3150,100953,2025-12-22T23:23:33Z,,paid,fulfilled,online_store,US,FL,101.0,10.1,LOYAL10,0.0,5.45,96.35,shop_pay,3.09,USD
3151,100879,2025-12-23T01:38:58Z,,paid,fulfilled,online_store,US,FL,68.0,0.0,,0.0,4.08,72.08,shopify_payments,2.39,USD
3152,101096,2025-12-23T01:41:23Z,,partially_refunded,fulfilled,online_store,US,TX,157.0,0.0,,0.0,9.42,166.42,shopify_payments,5.13,USD
3153,101895,2025-12-23T06:06:26Z,,paid,fulfilled,shop_app,US,AZ,29.0,0.0,,5.95,1.74,36.69,shop_pay,1.36,USD
3154,100720,2025-12-23T08:56:54Z,,paid,fulfilled,online_store,US,OR,78.0,0.0,,0.0,0.0,78.0,shopify_payments,2.56,USD
3155,100541,2025-12-23T10:24:11Z,,paid,fulfilled,online_store,US,TN,195.0,0.0,,0.0,11.7,206.7,paypal,7.7,USD
3156,101896,2025-12-23T10:25:16Z,,paid,fulfilled,online_store,US,WI,22.0,3.3,WELCOME15,5.95,1.12,25.77,shopify_payments,1.05,USD
3157,101897,2025-12-23T11:13:08Z,,partially_refunded,fulfilled,online_store,CA,ON,110.0,0.0,,0.0,5.5,115.5,shop_pay,3.65,USD
3158,101555,2025-12-23T12:34:20Z,,paid,fulfilled,online_store,US,MD,34.0,0.0,,5.95,2.04,41.99,shopify_payments,1.52,USD
3159,101898,2025-12-23T15:09:16Z,2025-12-23T18:09:16Z,voided,unfulfilled,online_store,CA,QC,117.0,17.55,WELCOME15,0.0,4.97,104.42,paypal,0.0,USD
3160,101899,2025-12-23T17:09:37Z,,paid,fulfilled,online_store,US,WA,34.0,5.1,WELCOME15,5.95,1.73,36.58,shop_pay,1.36,USD
3161,101202,2025-12-23T21:28:55Z,,paid,fulfilled,online_store,US,IN,84.0,0.0,,0.0,5.04,89.04,shop_pay,2.88,USD
3162,101900,2025-12-23T22:11:56Z,,refunded,fulfilled,online_store,US,CA,32.0,4.8,WELCOME15,5.95,1.63,34.78,shopify_payments,1.31,USD
3163,100126,2025-12-23T23:28:20Z,,paid,fulfilled,online_store,US,NY,44.0,4.4,LOYAL10,5.95,2.38,47.93,paypal,2.16,USD
3164,101066,2025-12-24T02:42:36Z,,paid,fulfilled,online_store,US,CA,68.0,6.8,LOYAL10,0.0,3.67,64.87,shopify_payments,2.18,USD
3165,101901,2025-12-24T02:53:54Z,,paid,fulfilled,online_store,US,MN,44.0,6.6,WELCOME15,5.95,2.24,45.59,shopify_payments,1.62,USD
3166,100486,2025-12-24T04:16:33Z,,paid,fulfilled,online_store,US,MN,36.0,3.6,LOYAL10,5.95,1.94,40.29,shop_pay,1.47,USD
3167,100829,2025-12-24T08:16:07Z,,paid,fulfilled,online_store,US,NY,63.0,0.0,,0.0,3.78,66.78,shopify_payments,2.24,USD
3168,101902,2025-12-24T10:20:28Z,,paid,fulfilled,online_store,US,MA,128.0,12.8,LOYAL10,0.0,6.91,122.11,shopify_payments,3.84,USD
3169,101268,2025-12-24T13:38:30Z,,paid,fulfilled,online_store,US,FL,134.0,0.0,,0.0,8.04,142.04,shop_pay,4.42,USD
3170,101904,2025-12-24T14:00:30Z,,paid,fulfilled,online_store,US,OR,56.0,8.4,WELCOME15,5.95,0.0,53.55,shopify_payments,1.85,USD
3171,101905,2025-12-24T22:52:24Z,2025-12-25T04:52:24Z,voided,unfulfilled,online_store,CA,AB,84.0,12.6,WELCOME15,12.95,3.57,87.92,paypal,0.0,USD
3172,101906,2025-12-24T23:15:56Z,,paid,fulfilled,online_store,US,WI,58.0,0.0,,0.0,3.48,61.48,shopify_payments,2.08,USD
3173,101907,2025-12-25T02:14:01Z,,paid,fulfilled,online_store,US,GA,72.0,0.0,,0.0,4.32,76.32,paypal,3.15,USD
3174,101582,2025-12-25T03:12:25Z,,paid,fulfilled,online_store,US,VA,84.0,8.4,LOYAL10,0.0,4.54,80.14,shop_pay,2.62,USD
3175,100549,2025-12-25T08:59:35Z,,paid,fulfilled,online_store,US,VA,86.0,0.0,,0.0,5.16,91.16,shop_pay,2.94,USD
3176,101908,2025-12-25T14:26:52Z,,paid,fulfilled,online_store,GB,WLS,152.0,22.8,WELCOME15,0.0,25.84,155.04,shop_pay,4.8,USD
3177,101386,2025-12-25T14:46:40Z,,paid,fulfilled,online_store,AU,NSW,70.0,0.0,,12.95,7.0,89.95,shopify_payments,2.91,USD
3178,101909,2025-12-25T16:38:32Z,,paid,fulfilled,online_store,US,TX,22.0,3.3,WELCOME15,5.95,1.12,25.77,shopify_payments,1.05,USD
3179,101336,2025-12-25T17:03:10Z,,paid,fulfilled,online_store,US,CA,68.0,0.0,,0.0,4.08,72.08,shopify_payments,2.39,USD
3180,101910,2025-12-26T09:04:51Z,,paid,fulfilled,online_store,US,WA,84.0,0.0,,0.0,5.04,89.04,shopify_payments,2.88,USD
3181,100961,2025-12-26T09:54:33Z,,paid,fulfilled,online_store,GB,WLS,56.0,5.6,LOYAL10,12.95,10.08,73.43,shopify_payments,2.43,USD
3182,101173,2025-12-26T20:50:40Z,,paid,fulfilled,shop_app,US,CA,142.0,0.0,,0.0,8.52,150.52,shopify_payments,4.67,USD
3183,101911,2025-12-26T23:21:43Z,,paid,fulfilled,shop_app,US,TX,66.0,9.9,WELCOME15,0.0,3.37,59.47,shopify_payments,2.02,USD
3184,101912,2025-12-27T00:11:46Z,,paid,fulfilled,online_store,US,CA,68.0,10.2,WELCOME15,0.0,3.47,61.27,shopify_payments,2.08,USD
3185,101913,2025-12-27T00:45:09Z,,paid,fulfilled,online_store,US,CA,100.0,0.0,,0.0,6.0,106.0,shopify_payments,3.37,USD
3186,101163,2025-12-27T02:04:49Z,,paid,fulfilled,online_store,AU,NSW,112.0,11.2,LOYAL10,0.0,10.08,110.88,shopify_payments,3.52,USD
3187,101137,2025-12-27T02:47:41Z,,paid,fulfilled,online_store,CA,BC,128.0,12.8,LOYAL10,0.0,5.76,120.96,paypal,4.71,USD
3188,100398,2025-12-27T07:59:05Z,,paid,fulfilled,online_store,CA,QC,97.0,0.0,,0.0,4.85,101.85,shopify_payments,3.25,USD
3189,101133,2025-12-27T08:31:23Z,,paid,fulfilled,online_store,US,NJ,78.0,0.0,,0.0,4.68,82.68,shop_pay,2.7,USD
3190,101914,2025-12-27T12:05:49Z,,paid,fulfilled,online_store,US,CA,56.0,0.0,,0.0,3.36,59.36,shopify_payments,2.02,USD
3191,101828,2025-12-27T12:16:17Z,,paid,fulfilled,online_store,US,CA,66.0,9.9,WELCOME15,0.0,3.37,59.47,shopify_payments,2.02,USD
3192,101916,2025-12-27T13:45:05Z,,paid,fulfilled,online_store,US,CA,60.0,0.0,,0.0,3.6,63.6,shop_pay,2.14,USD
3193,100952,2025-12-27T14:52:27Z,,paid,fulfilled,online_store,US,WA,34.0,3.4,LOYAL10,5.95,1.84,38.39,shopify_payments,1.41,USD
3194,101095,2025-12-27T15:06:02Z,,paid,fulfilled,online_store,US,VA,51.0,5.1,LOYAL10,5.95,2.75,54.6,paypal,2.4,USD
3195,100855,2025-12-27T17:27:55Z,,paid,fulfilled,online_store,US,TX,62.0,6.2,LOYAL10,0.0,3.35,59.15,shopify_payments,2.02,USD
3196,101918,2025-12-27T18:27:07Z,,paid,fulfilled,online_store,US,IL,34.0,5.1,WELCOME15,5.95,1.73,36.58,shop_pay,1.36,USD
3197,101919,2025-12-27T20:33:31Z,,paid,fulfilled,online_store,US,OH,29.0,0.0,,5.95,1.74,36.69,shopify_payments,1.36,USD
3198,101104,2025-12-27T20:53:24Z,2025-12-28T03:53:24Z,voided,unfulfilled,online_store,US,VA,34.0,0.0,FREESHIP,0.0,2.04,36.04,shopify_payments,0.0,USD
3199,100587,2025-12-27T23:00:12Z,,paid,fulfilled,online_store,US,NY,87.0,0.0,,0.0,5.22,92.22,shopify_payments,2.97,USD
3200,101920,2025-12-28T01:04:31Z,,paid,fulfilled,online_store,US,GA,36.0,5.4,WELCOME15,5.95,1.84,38.39,shopify_payments,1.41,USD
3201,101921,2025-12-28T02:17:58Z,,paid,fulfilled,online_store,US,PA,34.0,0.0,,5.95,2.04,41.99,shop_pay,1.52,USD
3202,101922,2025-12-28T03:06:13Z,,refunded,fulfilled,shop_app,US,NJ,34.0,0.0,,5.95,2.04,41.99,shopify_payments,1.52,USD
3203,101923,2025-12-28T08:44:04Z,,paid,fulfilled,online_store,US,WI,44.0,6.6,WELCOME15,5.95,2.24,45.59,shopify_payments,1.62,USD
3204,101924,2025-12-28T10:04:50Z,,paid,fulfilled,online_store,US,FL,58.0,0.0,,0.0,3.48,61.48,paypal,2.64,USD
3205,101121,2025-12-28T10:43:43Z,,paid,fulfilled,online_store,US,MI,130.0,13.0,LOYAL10,0.0,7.02,124.02,shopify_payments,3.9,USD
3206,101231,2025-12-28T11:36:06Z,,paid,fulfilled,online_store,US,AZ,29.0,0.0,,5.95,1.74,36.69,paypal,1.77,USD
3207,101377,2025-12-28T11:45:35Z,,partially_refunded,fulfilled,online_store,US,CA,54.0,0.0,,0.0,3.24,57.24,shopify_payments,1.96,USD
3208,101925,2025-12-28T12:27:59Z,,paid,fulfilled,online_store,US,NY,118.0,17.7,WELCOME15,0.0,6.02,106.32,paypal,4.2,USD
3209,101680,2025-12-28T13:26:21Z,,paid,fulfilled,online_store,US,NH,54.0,0.0,,0.0,0.0,54.0,shopify_payments,1.87,USD
3210,101926,2025-12-28T13:52:37Z,,paid,fulfilled,online_store,US,IL,131.0,19.65,WELCOME15,0.0,6.68,118.03,paypal,4.61,USD
3211,100841,2025-12-28T13:53:00Z,,paid,fulfilled,online_store,US,MO,32.0,0.0,,5.95,1.92,39.87,shopify_payments,1.46,USD
3212,101927,2025-12-28T14:48:57Z,,paid,fulfilled,online_store,US,CA,76.0,11.4,SKINBYJORDAN15,0.0,3.88,68.48,shopify_payments,2.29,USD
3213,101928,2025-12-28T19:58:50Z,,paid,fulfilled,shop_app,US,NY,36.0,0.0,,5.95,2.16,44.11,shop_pay,1.58,USD
3214,101929,2025-12-28T21:18:41Z,,paid,fulfilled,online_store,US,MD,24.0,0.0,,5.95,1.44,31.39,paypal,1.59,USD
3215,101930,2025-12-28T21:52:00Z,,partially_refunded,fulfilled,online_store,US,CA,62.0,0.0,,0.0,3.72,65.72,shopify_payments,2.21,USD
3216,100421,2025-12-28T23:12:53Z,,paid,fulfilled,online_store,US,CO,72.0,0.0,,0.0,4.32,76.32,shopify_payments,2.51,USD
3217,101931,2025-12-29T05:03:17Z,,paid,fulfilled,online_store,US,FL,32.0,4.8,WELCOME15,5.95,1.63,34.78,shop_pay,1.31,USD
3218,101932,2025-12-29T05:26:13Z,,paid,fulfilled,online_store,US,NY,58.0,0.0,,0.0,3.48,61.48,shopify_payments,2.08,USD
3219,100397,2025-12-29T05:50:42Z,,paid,fulfilled,online_store,US,NJ,116.0,17.4,SKINBYJORDAN15,0.0,5.92,104.52,shopify_payments,3.33,USD
3220,101933,2025-12-29T15:05:50Z,,paid,fulfilled,online_store,US,IN,171.0,25.65,WELCOME15,0.0,8.72,154.07,shopify_payments,4.77,USD
3221,101934,2025-12-29T16:10:46Z,,paid,fulfilled,online_store,US,TN,121.0,12.1,AMELIA10,0.0,6.53,115.43,shopify_payments,3.65,USD
3222,100940,2025-12-29T16:36:53Z,,paid,fulfilled,online_store,US,OR,126.0,0.0,,0.0,0.0,126.0,shopify_payments,3.95,USD
3223,101935,2025-12-29T16:57:10Z,,paid,fulfilled,online_store,GB,ENG,22.0,0.0,,12.95,4.4,39.35,shopify_payments,1.44,USD
3224,101936,2025-12-29T17:40:42Z,,paid,fulfilled,online_store,US,NY,72.0,10.8,SKINBYJORDAN15,0.0,3.67,64.87,shopify_payments,2.18,USD
3225,101937,2025-12-29T20:19:41Z,,paid,fulfilled,shop_app,US,MI,131.0,13.1,DERMDIARY10,0.0,7.07,124.97,paypal,4.85,USD
3226,101938,2025-12-29T21:07:45Z,,paid,fulfilled,online_store,AU,NSW,34.0,5.1,WELCOME15,12.95,2.89,44.74,shop_pay,1.6,USD
3227,101939,2025-12-29T22:34:57Z,,refunded,fulfilled,online_store,US,GA,32.0,4.8,WELCOME15,5.95,1.63,34.78,paypal,1.7,USD
3228,101198,2025-12-29T23:43:56Z,,paid,fulfilled,shop_app,US,CA,80.0,0.0,,0.0,4.8,84.8,shopify_payments,2.76,USD
3229,100875,2025-12-30T05:37:44Z,,paid,fulfilled,online_store,US,MD,36.0,0.0,,5.95,2.16,44.11,shopify_payments,1.58,USD
3230,101940,2025-12-30T07:47:44Z,,paid,fulfilled,online_store,US,MD,36.0,4.32,GLOWWITHSAM12,5.95,1.9,39.53,shopify_payments,1.45,USD
3231,100206,2025-12-30T07:50:46Z,,paid,fulfilled,online_store,US,VA,68.0,0.0,,0.0,4.08,72.08,shopify_payments,2.39,USD
3232,101941,2025-12-30T11:06:56Z,,paid,fulfilled,online_store,CA,QC,110.0,0.0,,0.0,5.5,115.5,shopify_payments,3.65,USD
3233,101942,2025-12-30T13:21:39Z,,paid,fulfilled,shop_app,US,FL,63.0,0.0,,0.0,3.78,66.78,shop_pay,2.24,USD
3234,101943,2025-12-30T15:22:10Z,,paid,fulfilled,shop_app,US,NY,34.0,0.0,,5.95,2.04,41.99,shopify_payments,1.52,USD
3235,101944,2025-12-30T15:23:57Z,,paid,fulfilled,shop_app,US,NJ,34.0,0.0,,5.95,2.04,41.99,shopify_payments,1.52,USD
3236,101945,2025-12-30T20:07:45Z,,paid,fulfilled,online_store,CA,AB,34.0,5.1,WELCOME15,12.95,1.44,43.29,shopify_payments,1.56,USD
3237,100944,2025-12-30T23:00:38Z,,paid,fulfilled,online_store,US,NC,152.0,0.0,,0.0,9.12,161.12,shopify_payments,4.97,USD
3238,101946,2025-12-30T23:09:44Z,,paid,fulfilled,online_store,US,GA,130.0,19.5,WELCOME15,0.0,6.63,117.13,shopify_payments,3.7,USD
3239,101755,2025-12-30T23:11:11Z,,paid,fulfilled,online_store,AU,VIC,22.0,0.0,,12.95,2.2,37.15,shopify_payments,1.38,USD
3240,100123,2025-12-30T23:20:30Z,,paid,fulfilled,online_store,US,TX,52.0,0.0,,0.0,3.12,55.12,paypal,2.41,USD
3241,101040,2025-12-31T03:02:42Z,,paid,fulfilled,online_store,US,WA,22.0,0.0,,5.95,1.32,29.27,shopify_payments,1.15,USD
3242,101484,2025-12-31T04:56:10Z,,paid,fulfilled,online_store,US,AZ,34.0,3.4,LOYAL10,5.95,1.84,38.39,shop_pay,1.41,USD
3243,101947,2025-12-31T05:40:47Z,,paid,fulfilled,online_store,US,CA,73.0,0.0,,0.0,4.38,77.38,shopify_payments,2.54,USD
3244,101694,2025-12-31T06:03:34Z,,paid,fulfilled,online_store,US,WA,74.0,0.0,,0.0,4.44,78.44,shopify_payments,2.57,USD
3245,101116,2025-12-31T13:06:23Z,,paid,fulfilled,online_store,US,FL,22.0,3.3,NOURISHED15,5.95,1.12,25.77,shopify_payments,1.05,USD
3246,101678,2025-12-31T20:34:01Z,,paid,fulfilled,online_store,AU,VIC,78.0,0.0,,12.95,7.8,98.75,shopify_payments,3.16,USD
3247,101948,2025-12-31T23:36:11Z,,paid,fulfilled,online_store,AU,QLD,29.0,2.9,AMELIA10,12.95,2.61,41.66,shopify_payments,1.51,USD
3248,101385,2026-01-01T00:59:17Z,,paid,fulfilled,online_store,US,MN,64.0,0.0,,0.0,3.84,67.84,shopify_payments,2.27,USD
3249,101949,2026-01-01T03:20:28Z,,paid,fulfilled,online_store,US,WI,22.0,3.3,WELCOME15,5.95,1.12,25.77,shopify_payments,1.05,USD
3250,101422,2026-01-01T05:03:00Z,,paid,fulfilled,online_store,US,NY,162.0,0.0,,0.0,9.72,171.72,shopify_payments,5.28,USD
3251,101229,2026-01-01T05:22:27Z,,paid,fulfilled,online_store,US,CA,29.0,2.9,LOYAL10,5.95,1.57,33.62,shopify_payments,1.27,USD
3252,100594,2026-01-01T06:14:18Z,,paid,fulfilled,shop_app,US,OR,29.0,0.0,,5.95,0.0,34.95,paypal,1.71,USD
3253,101951,2026-01-01T08:16:42Z,,paid,fulfilled,online_store,US,CA,58.0,0.0,,0.0,3.48,61.48,shopify_payments,2.08,USD
3254,101667,2026-01-01T15:45:42Z,,paid,fulfilled,online_store,US,TX,22.0,2.2,LOYAL10,5.95,1.19,26.94,paypal,1.43,USD
3255,101635,2026-01-01T15:50:17Z,,paid,fulfilled,online_store,US,AZ,68.0,0.0,,0.0,4.08,72.08,shopify_payments,2.39,USD
3256,101952,2026-01-01T21:01:42Z,,paid,fulfilled,online_store,US,VA,29.0,0.0,,5.95,1.74,36.69,shopify_payments,1.36,USD
3257,101953,2026-01-01T23:29:43Z,,paid,fulfilled,online_store,US,MA,120.0,0.0,,0.0,7.2,127.2,shopify_payments,3.99,USD
3258,100736,2026-01-02T04:50:09Z,,paid,fulfilled,online_store,US,CA,34.0,3.4,LOYAL10,5.95,1.84,38.39,shopify_payments,1.41,USD
3259,101630,2026-01-02T05:19:17Z,,paid,fulfilled,shop_app,US,VA,100.0,10.0,LOYAL10,0.0,5.4,95.4,shopify_payments,3.07,USD
3260,101954,2026-01-02T05:41:44Z,,paid,fulfilled,online_store,US,CA,22.0,4.4,NEWYEAR20,5.95,1.06,24.61,shopify_payments,1.01,USD
3261,101183,2026-01-02T09:33:21Z,,paid,fulfilled,online_store,CA,AB,36.0,0.0,,12.95,1.8,50.75,paypal,2.26,USD
3262,101955,2026-01-02T13:55:15Z,,paid,fulfilled,online_store,US,TX,34.0,5.1,WELCOME15,5.95,1.73,36.58,shopify_payments,1.36,USD
3263,101956,2026-01-02T14:08:09Z,,paid,fulfilled,online_store,CA,QC,56.0,8.4,WELCOME15,12.95,2.38,62.93,shopify_payments,2.12,USD
3264,101957,2026-01-02T16:30:23Z,,paid,fulfilled,online_store,US,FL,36.0,5.4,WELCOME15,5.95,1.84,38.39,shopify_payments,1.41,USD
3265,101958,2026-01-02T16:57:50Z,,paid,fulfilled,online_store,US,VA,118.0,17.7,WELCOME15,0.0,6.02,106.32,shopify_payments,3.38,USD
3266,101959,2026-01-02T17:16:26Z,,partially_refunded,fulfilled,online_store,US,OR,76.0,0.0,,0.0,0.0,76.0,shopify_payments,2.5,USD
3267,101960,2026-01-02T17:22:12Z,,paid,fulfilled,online_store,US,TX,34.0,0.0,,5.95,2.04,41.99,shopify_payments,1.52,USD
3268,101961,2026-01-02T17:22:14Z,,paid,fulfilled,online_store,US,IL,66.0,0.0,,0.0,3.96,69.96,paypal,2.93,USD
3269,101962,2026-01-02T19:30:00Z,,paid,fulfilled,online_store,US,MN,176.0,35.2,NEWYEAR20,0.0,8.45,149.25,shop_pay,4.63,USD
3270,101963,2026-01-02T20:27:23Z,,paid,fulfilled,online_store,CA,BC,32.0,0.0,,12.95,1.6,46.55,paypal,2.11,USD
3271,101093,2026-01-02T20:36:15Z,,paid,fulfilled,online_store,US,WI,44.0,4.4,LOYAL10,5.95,2.38,47.93,shopify_payments,1.69,USD
3272,101289,2026-01-02T21:37:43Z,,paid,fulfilled,online_store,US,WA,60.0,6.0,LOYAL10,0.0,3.24,57.24,shop_pay,1.96,USD
3273,101965,2026-01-02T23:13:05Z,,refunded,fulfilled,online_store,US,CO,29.0,5.8,NEWYEAR20,5.95,1.39,30.54,shopify_payments,1.19,USD
3274,101966,2026-01-03T01:12:21Z,,paid,fulfilled,online_store,US,WA,68.0,0.0,,0.0,4.08,72.08,shopify_payments,2.39,USD
3275,101967,2026-01-03T02:09:56Z,2026-01-03T09:09:56Z,voided,unfulfilled,online_store,US,NY,74.0,0.0,,0.0,4.44,78.44,shopify_payments,0.0,USD
3276,100969,2026-01-03T02:48:40Z,,paid,fulfilled,online_store,US,MD,56.0,11.2,NEWYEAR20,5.95,2.69,53.44,shop_pay,1.85,USD
3277,101968,2026-01-03T03:13:39Z,,paid,fulfilled,online_store,US,CA,98.0,0.0,,0.0,5.88,103.88,shop_pay,3.31,USD
3278,101970,2026-01-03T07:25:46Z,,paid,fulfilled,online_store,US,NJ,112.0,22.4,NEWYEAR20,0.0,5.38,94.98,shopify_payments,3.05,USD
3279,100071,2026-01-03T10:25:09Z,,paid,fulfilled,online_store,US,NJ,29.0,5.8,NEWYEAR20,5.95,1.39,30.54,paypal,1.56,USD
3280,101971,2026-01-03T11:00:44Z,,partially_refunded,fulfilled,online_store,US,WA,44.0,6.6,WELCOME15,5.95,2.24,45.59,shopify_payments,1.62,USD
3281,101972,2026-01-03T14:16:14Z,,paid,fulfilled,online_store,US,IL,32.0,6.4,NEWYEAR20,5.95,1.54,33.09,shopify_payments,1.26,USD
3282,101973,2026-01-03T15:38:56Z,,paid,fulfilled,online_store,US,CA,22.0,4.4,NEWYEAR20,5.95,1.06,24.61,shopify_payments,1.01,USD
3283,101974,2026-01-03T16:10:14Z,,paid,fulfilled,online_store,US,WA,48.0,15.36,"NEWYEAR20,WELCOME15",5.95,1.96,40.55,shop_pay,1.48,USD
3284,101975,2026-01-03T17:59:51Z,,refunded,fulfilled,online_store,US,MI,34.0,5.1,WELCOME15,5.95,1.73,36.58,shopify_payments,1.36,USD
3285,101976,2026-01-03T19:18:43Z,,paid,fulfilled,online_store,US,WI,30.0,0.0,,5.95,1.8,37.75,shopify_payments,1.39,USD
3286,101977,2026-01-03T20:05:23Z,,paid,fulfilled,online_store,US,MA,54.0,10.8,NEWYEAR20,5.95,2.59,51.74,shopify_payments,1.8,USD
3287,101721,2026-01-03T23:25:13Z,,partially_refunded,fulfilled,online_store,CA,QC,118.0,23.6,NEWYEAR20,0.0,4.72,99.12,shop_pay,3.17,USD
3288,101838,2026-01-04T01:12:47Z,,paid,fulfilled,online_store,US,CO,184.0,27.6,WELCOME15,0.0,9.38,165.78,shopify_payments,5.11,USD
3289,101978,2026-01-04T01:17:46Z,,paid,fulfilled,online_store,US,MI,106.0,0.0,,0.0,6.36,112.36,shopify_payments,3.56,USD
3290,101979,2026-01-04T01:52:20Z,,paid,fulfilled,online_store,US,CA,34.0,6.8,NEWYEAR20,5.95,1.63,34.78,shop_pay,1.31,USD
3291,101980,2026-01-04T03:34:35Z,,paid,fulfilled,online_store,US,TX,54.0,8.1,WELCOME15,5.95,2.75,54.6,shopify_payments,1.88,USD
3292,100394,2026-01-04T04:01:44Z,,partially_refunded,fulfilled,online_store,US,CA,135.0,13.5,LOYAL10,0.0,7.29,128.79,shopify_payments,4.03,USD
3293,101981,2026-01-04T10:49:20Z,,paid,fulfilled,online_store,US,MN,32.0,10.24,"NEWYEAR20,WELCOME15",5.95,1.31,29.02,shopify_payments,1.14,USD
3294,100518,2026-01-04T11:07:57Z,,paid,fulfilled,online_store,US,TX,68.0,0.0,,0.0,4.08,72.08,shopify_payments,2.39,USD
3295,101982,2026-01-04T12:28:58Z,,paid,fulfilled,online_store,US,GA,28.0,2.8,AMELIA10,5.95,1.51,32.66,shopify_payments,1.25,USD
3296,101521,2026-01-04T13:11:06Z,,paid,fulfilled,online_store,GB,WLS,68.0,0.0,FREESHIP,0.0,13.6,81.6,shopify_payments,2.67,USD
3297,101983,2026-01-04T14:00:32Z,,paid,fulfilled,online_store,US,MO,34.0,0.0,,5.95,2.04,41.99,shopify_payments,1.52,USD
3298,100563,2026-01-04T14:13:14Z,,paid,fulfilled,shop_app,US,AZ,68.0,0.0,,0.0,4.08,72.08,shopify_payments,2.39,USD
3299,101984,2026-01-04T15:10:53Z,,paid,fulfilled,shop_app,US,CA,84.0,16.8,NEWYEAR20,0.0,4.03,71.23,paypal,2.98,USD
3300,101985,2026-01-04T16:23:38Z,,partially_refunded,fulfilled,online_store,US,IN,128.0,0.0,,0.0,7.68,135.68,paypal,5.23,USD
3301,101986,2026-01-04T20:23:42Z,,paid,fulfilled,online_store,US,IL,44.0,6.6,WELCOME15,5.95,2.24,45.59,paypal,2.08,USD
3302,101987,2026-01-04T21:23:29Z,,paid,fulfilled,online_store,AU,WA,30.0,4.5,WELCOME15,12.95,2.55,41.0,shopify_payments,1.49,USD
3303,101989,2026-01-04T22:32:51Z,,paid,fulfilled,online_store,US,VA,22.0,4.4,"NEWYEAR20,FREESHIP",0.0,1.06,18.66,shopify_payments,0.84,USD
3304,101990,2026-01-04T22:44:43Z,,paid,fulfilled,online_store,AU,QLD,29.0,4.35,WELCOME15,12.95,2.46,40.06,shopify_payments,1.46,USD
3305,100909,2026-01-04T23:07:24Z,,paid,fulfilled,online_store,US,MA,56.0,11.2,NEWYEAR20,5.95,2.69,53.44,klarna,3.5,USD
3306,101991,2026-01-04T23:13:54Z,,paid,fulfilled,online_store,US,MN,84.0,0.0,,0.0,5.04,89.04,shop_pay,2.88,USD
3307,101992,2026-01-04T23:29:24Z,,paid,fulfilled,online_store,US,NY,34.0,6.8,NEWYEAR20,5.95,1.63,34.78,paypal,1.7,USD
3308,101996,2026-01-05T02:28:01Z,,paid,fulfilled,online_store,US,NY,44.0,6.6,SKINBYJORDAN15,5.95,2.24,45.59,shopify_payments,1.62,USD
3309,101000,2026-01-05T03:06:17Z,,paid,fulfilled,online_store,US,CA,56.0,11.2,NEWYEAR20,5.95,2.69,53.44,shopify_payments,1.85,USD
3310,101648,2026-01-05T06:51:27Z,,paid,fulfilled,online_store,US,NC,63.0,0.0,,0.0,3.78,66.78,shopify_payments,2.24,USD
3311,100917,2026-01-05T08:00:21Z,,paid,fulfilled,online_store,US,MN,84.0,16.8,NEWYEAR20,0.0,4.03,71.23,paypal,2.98,USD
3312,101654,2026-01-05T08:42:12Z,,paid,fulfilled,online_store,US,IN,176.0,35.2,NEWYEAR20,0.0,8.45,149.25,klarna,9.24,USD
3313,101275,2026-01-05T10:11:40Z,,paid,fulfilled,online_store,US,CA,98.0,19.6,NEWYEAR20,0.0,4.7,83.1,shopify_payments,2.71,USD
3314,101997,2026-01-05T12:11:02Z,,paid,fulfilled,online_store,CA,QC,66.0,0.0,,12.95,3.3,82.25,shop_pay,2.69,USD
3315,101998,2026-01-05T12:18:15Z,,partially_refunded,fulfilled,online_store,US,NH,114.0,22.8,NEWYEAR20,0.0,0.0,91.2,shopify_payments,2.94,USD
3316,101999,2026-01-05T13:08:32Z,,paid,fulfilled,online_store,US,FL,152.0,22.8,WELCOME15,0.0,7.75,136.95,shopify_payments,4.27,USD
3317,102000,2026-01-05T14:17:38Z,,paid,fulfilled,online_store,US,NY,34.0,6.8,NEWYEAR20,5.95,1.63,34.78,shopify_payments,1.31,USD
3318,102001,2026-01-05T15:30:14Z,,paid,fulfilled,online_store,US,VA,76.0,0.0,,0.0,4.56,80.56,shopify_payments,2.64,USD
3319,102002,2026-01-05T17:08:58Z,,paid,fulfilled,online_store,US,CA,130.0,26.0,NEWYEAR20,0.0,6.24,110.24,shopify_payments,3.5,USD
3320,100816,2026-01-05T20:06:16Z,,paid,fulfilled,online_store,US,GA,63.0,0.0,,0.0,3.78,66.78,shopify_payments,2.24,USD
3321,100037,2026-01-05T20:42:09Z,,paid,fulfilled,online_store,US,CA,30.0,3.0,LOYAL10,5.95,1.62,34.57,shopify_payments,1.3,USD
3322,102003,2026-01-05T21:15:36Z,,paid,fulfilled,online_store,US,FL,26.0,0.0,,5.95,1.56,33.51,shopify_payments,1.27,USD
3323,102004,2026-01-05T22:01:38Z,,paid,fulfilled,online_store,US,FL,26.0,0.0,,5.95,1.56,33.51,shopify_payments,1.27,USD
3324,102005,2026-01-05T23:57:03Z,,partially_refunded,fulfilled,online_store,US,AZ,139.0,27.8,NEWYEAR20,0.0,6.67,117.87,paypal,4.6,USD
3325,102006,2026-01-06T00:29:20Z,,paid,fulfilled,online_store,US,TX,114.0,17.1,SKINBYJORDAN15,0.0,5.81,102.71,paypal,4.07,USD
3326,100267,2026-01-06T01:01:55Z,,paid,fulfilled,online_store,US,FL,88.0,8.8,LOYAL10,0.0,4.75,83.95,shopify_payments,2.73,USD
3327,102007,2026-01-06T01:19:33Z,,paid,fulfilled,online_store,US,WA,84.0,12.6,WELCOME15,0.0,4.28,75.68,shop_pay,2.49,USD
3328,101160,2026-01-06T02:47:19Z,,paid,fulfilled,online_store,CA,QC,56.0,11.2,"NEWYEAR20,FREESHIP",0.0,2.24,47.04,klarna,3.12,USD
3329,102008,2026-01-06T03:17:25Z,,partially_refunded,fulfilled,online_store,US,NJ,107.0,16.05,WELCOME15,0.0,5.46,96.41,shopify_payments,3.1,USD
3330,102009,2026-01-06T04:32:24Z,,paid,fulfilled,online_store,AU,WA,84.0,0.0,,12.95,8.4,105.35,shopify_payments,3.36,USD
3331,101533,2026-01-06T10:54:11Z,,paid,fulfilled,online_store,GB,SCT,32.0,3.2,LOYAL10,12.95,5.76,47.51,shopify_payments,1.68,USD
3332,102010,2026-01-06T11:04:21Z,,paid,fulfilled,online_store,CA,AB,22.0,4.4,NEWYEAR20,12.95,0.88,31.43,shopify_payments,1.21,USD
3333,101442,2026-01-06T11:09:19Z,,paid,fulfilled,online_store,US,MO,30.0,0.0,,5.95,1.8,37.75,shopify_payments,1.39,USD
3334,102011,2026-01-06T11:42:14Z,,paid,fulfilled,online_store,AU,WA,63.0,0.0,,12.95,6.3,82.25,shop_pay,2.69,USD
3335,102012,2026-01-06T15:40:03Z,,paid,fulfilled,online_store,US,CO,36.0,0.0,,5.95,2.16,44.11,paypal,2.03,USD
3336,101047,2026-01-06T17:04:02Z,,paid,fulfilled,online_store,US,FL,44.0,8.8,NEWYEAR20,5.95,2.11,43.26,shopify_payments,1.55,USD
3337,100946,2026-01-06T21:33:42Z,,paid,fulfilled,online_store,US,NC,82.0,8.2,LOYAL10,0.0,4.43,78.23,paypal,3.22,USD
3338,102013,2026-01-06T22:41:43Z,,paid,fulfilled,online_store,US,CA,34.0,0.0,,5.95,2.04,41.99,shop_pay,1.52,USD
3339,102014,2026-01-06T22:55:32Z,,paid,fulfilled,online_store,AU,NSW,29.0,5.8,NEWYEAR20,12.95,2.32,38.47,shopify_payments,1.42,USD
3340,102015,2026-01-07T00:19:49Z,,paid,fulfilled,online_store,US,WI,66.0,13.2,NEWYEAR20,0.0,3.17,55.97,paypal,2.44,USD
3341,102016,2026-01-07T02:56:04Z,,paid,fulfilled,online_store,AU,NSW,60.0,9.0,WELCOME15,12.95,5.1,69.05,paypal,2.9,USD
3342,101822,2026-01-07T08:56:20Z,,paid,fulfilled,online_store,US,MO,62.0,0.0,,0.0,3.72,65.72,shopify_payments,2.21,USD
3343,102017,2026-01-07T10:49:13Z,,paid,fulfilled,shop_app,US,PA,28.0,5.6,NEWYEAR20,5.95,1.34,29.69,shopify_payments,1.16,USD
3344,100259,2026-01-07T11:20:55Z,,partially_refunded,fulfilled,online_store,US,WA,58.0,0.0,,0.0,3.48,61.48,shop_pay,2.08,USD
3345,102018,2026-01-07T11:40:44Z,,partially_refunded,fulfilled,online_store,US,TX,55.0,0.0,,0.0,3.3,58.3,shopify_payments,1.99,USD
3346,102019,2026-01-07T12:45:31Z,,paid,fulfilled,online_store,GB,SCT,86.0,0.0,,0.0,17.2,103.2,shopify_payments,3.29,USD
3347,102020,2026-01-07T14:01:47Z,,refunded,fulfilled,online_store,US,IL,30.0,0.0,,5.95,1.8,37.75,shopify_payments,1.39,USD
3348,102021,2026-01-07T17:51:19Z,,refunded,fulfilled,online_store,US,AZ,120.0,24.0,NEWYEAR20,0.0,5.76,101.76,shopify_payments,3.25,USD
3349,102022,2026-01-07T20:27:52Z,,paid,fulfilled,online_store,CA,ON,22.0,4.4,NEWYEAR20,12.95,0.88,31.43,paypal,1.59,USD
3350,102023,2026-01-07T20:29:28Z,,paid,fulfilled,online_store,US,TN,70.0,14.0,NEWYEAR20,0.0,3.36,59.36,shopify_payments,2.02,USD
3351,102024,2026-01-07T21:02:32Z,,paid,fulfilled,online_store,US,PA,109.0,0.0,,0.0,6.54,115.54,paypal,4.52,USD
3352,102025,2026-01-07T22:33:05Z,,paid,fulfilled,online_store,US,OH,108.0,21.6,NEWYEAR20,0.0,5.18,91.58,shop_pay,2.96,USD
3353,102026,2026-01-07T22:55:52Z,,paid,fulfilled,online_store,US,FL,34.0,6.8,NEWYEAR20,5.95,1.63,34.78,shopify_payments,1.31,USD
3354,101753,2026-01-07T23:46:08Z,,paid,fulfilled,online_store,US,NY,56.0,11.2,NEWYEAR20,5.95,2.69,53.44,shopify_payments,1.85,USD
3355,102027,2026-01-08T00:04:30Z,,paid,fulfilled,online_store,US,WI,140.0,28.0,NEWYEAR20,0.0,6.72,118.72,shop_pay,3.74,USD
3356,101673,2026-01-08T03:33:16Z,,paid,fulfilled,online_store,US,VA,84.0,0.0,,0.0,5.04,89.04,shopify_payments,2.88,USD
3357,102028,2026-01-08T10:15:00Z,,paid,unfulfilled,online_store,US,CA,34.0,34.0,TEST100,0.0,0.0,0.0,bogus,0.0,USD
3358,102029,2026-01-08T10:42:50Z,,paid,fulfilled,online_store,US,NY,84.0,12.6,WELCOME15,0.0,4.28,75.68,shopify_payments,2.49,USD
3359,100957,2026-01-08T12:30:33Z,,paid,fulfilled,online_store,US,CO,54.0,10.8,NEWYEAR20,5.95,2.59,51.74,shopify_payments,1.8,USD
3360,102030,2026-01-08T13:27:35Z,,paid,fulfilled,online_store,US,CA,66.0,0.0,,0.0,3.96,69.96,shopify_payments,2.33,USD
3361,102031,2026-01-08T14:38:18Z,,paid,fulfilled,online_store,US,NY,84.0,0.0,,0.0,5.04,89.04,shopify_payments,2.88,USD
3362,102033,2026-01-08T15:28:53Z,,paid,fulfilled,online_store,US,NY,24.0,4.8,NEWYEAR20,5.95,1.15,26.3,shopify_payments,1.06,USD
3363,101706,2026-01-08T15:39:19Z,,paid,fulfilled,shop_app,US,CA,34.0,5.1,WELCOME15,5.95,1.73,36.58,shopify_payments,1.36,USD
3364,102034,2026-01-08T15:55:05Z,,paid,fulfilled,online_store,US,CA,118.0,17.7,NOURISHED15,0.0,6.02,106.32,shopify_payments,3.38,USD
3365,102035,2026-01-08T17:02:40Z,,paid,fulfilled,online_store,US,TX,36.0,7.2,NEWYEAR20,5.95,1.73,36.48,shopify_payments,1.36,USD
3366,102036,2026-01-08T18:35:12Z,,paid,fulfilled,online_store,US,NY,88.0,13.2,WELCOME15,0.0,4.49,79.29,shopify_payments,2.6,USD
3367,102037,2026-01-08T20:46:39Z,,paid,fulfilled,online_store,US,MO,66.0,0.0,,0.0,3.96,69.96,paypal,2.93,USD
3368,102039,2026-01-08T22:08:26Z,,paid,fulfilled,online_store,US,WA,70.0,0.0,,0.0,4.2,74.2,paypal,3.08,USD
3369,102040,2026-01-09T00:11:18Z,,paid,fulfilled,online_store,AU,NSW,34.0,5.1,WELCOME15,12.95,2.89,44.74,klarna,2.98,USD
3370,102041,2026-01-09T01:42:44Z,,paid,fulfilled,online_store,US,CA,44.0,0.0,,5.95,2.64,52.59,shopify_payments,1.83,USD
3371,101234,2026-01-09T04:42:28Z,,paid,fulfilled,online_store,AU,VIC,84.0,0.0,,12.95,8.4,105.35,shopify_payments,3.36,USD
3372,101621,2026-01-09T06:57:03Z,,paid,fulfilled,online_store,GB,ENG,85.0,0.0,,0.0,17.0,102.0,shopify_payments,3.26,USD
3373,102042,2026-01-09T10:09:10Z,,paid,fulfilled,online_store,US,CO,28.0,4.2,WELCOME15,5.95,1.43,31.18,shopify_payments,1.2,USD
3374,101178,2026-01-09T10:10:59Z,,paid,fulfilled,online_store,US,FL,119.0,23.8,NEWYEAR20,0.0,5.71,100.91,shop_pay,3.23,USD
3375,102043,2026-01-09T11:41:05Z,,paid,fulfilled,online_store,US,MI,56.0,0.0,,0.0,3.36,59.36,paypal,2.56,USD
3376,102044,2026-01-09T12:01:48Z,,paid,fulfilled,online_store,US,CA,58.0,0.0,,0.0,3.48,61.48,shopify_payments,2.08,USD
3377,102045,2026-01-09T12:07:55Z,,paid,fulfilled,online_store,US,CA,34.0,0.0,,5.95,2.04,41.99,paypal,1.96,USD
3378,100108,2026-01-09T13:10:19Z,,partially_refunded,fulfilled,online_store,US,CA,100.0,20.0,NEWYEAR20,0.0,4.8,84.8,shopify_payments,2.76,USD
3379,102046,2026-01-09T13:10:29Z,,paid,fulfilled,online_store,CA,AB,34.0,10.88,"NEWYEAR20,WELCOME15",12.95,1.16,37.23,paypal,1.79,USD
3380,102048,2026-01-09T17:16:06Z,,paid,fulfilled,online_store,US,CA,29.0,9.28,"NEWYEAR20,WELCOME15",5.95,1.18,26.85,shopify_payments,1.08,USD
3381,102050,2026-01-09T22:33:23Z,,paid,fulfilled,online_store,US,CA,56.0,11.2,NEWYEAR20,5.95,2.69,53.44,shop_pay,1.85,USD
3382,102051,2026-01-09T22:36:48Z,,paid,fulfilled,online_store,US,WA,26.0,0.0,,5.95,1.56,33.51,shop_pay,1.27,USD
3383,102052,2026-01-09T23:22:24Z,,paid,fulfilled,online_store,US,FL,142.0,0.0,,0.0,8.52,150.52,shopify_payments,4.67,USD
3384,102053,2026-01-10T00:16:18Z,,paid,fulfilled,online_store,US,NY,26.0,5.2,NEWYEAR20,5.95,1.25,28.0,shopify_payments,1.11,USD
3385,102054,2026-01-10T00:43:25Z,,paid,fulfilled,online_store,AU,NSW,62.0,12.4,NEWYEAR20,12.95,4.96,67.51,shopify_payments,2.26,USD
3386,102055,2026-01-10T02:36:36Z,,paid,fulfilled,shop_app,US,FL,84.0,16.8,NEWYEAR20,0.0,4.03,71.23,shopify_payments,2.37,USD
3387,102056,2026-01-10T11:09:41Z,,paid,fulfilled,online_store,CA,BC,84.0,16.8,NEWYEAR20,12.95,3.36,83.51,shopify_payments,2.72,USD
3388,102057,2026-01-10T14:16:01Z,,paid,fulfilled,online_store,CA,ON,66.0,9.9,WELCOME15,12.95,2.8,71.85,shopify_payments,2.38,USD
3389,102058,2026-01-10T14:42:33Z,,paid,fulfilled,online_store,US,MD,65.0,9.75,WELCOME15,0.0,3.32,58.57,shop_pay,2.0,USD
3390,102059,2026-01-10T14:57:24Z,,paid,fulfilled,online_store,US,CA,94.0,0.0,,0.0,5.64,99.64,shop_pay,3.19,USD
3391,102060,2026-01-10T15:07:37Z,,paid,fulfilled,online_store,US,NJ,29.0,5.8,NEWYEAR20,5.95,1.39,30.54,shopify_payments,1.19,USD
3392,100726,2026-01-10T17:06:46Z,,paid,fulfilled,online_store,US,DE,51.0,10.2,NEWYEAR20,5.95,0.0,46.75,paypal,2.12,USD
3393,101682,2026-01-10T20:09:07Z,,paid,fulfilled,online_store,US,MI,26.0,0.0,,5.95,1.56,33.51,paypal,1.66,USD
3394,100136,2026-01-10T20:12:00Z,,paid,fulfilled,online_store,US,NJ,34.0,3.4,LOYAL10,5.95,1.84,38.39,shop_pay,1.41,USD
3395,101779,2026-01-10T22:06:38Z,,paid,fulfilled,shop_app,US,CA,147.0,29.4,NEWYEAR20,0.0,7.06,124.66,paypal,4.84,USD
3396,101123,2026-01-11T00:27:07Z,,refunded,fulfilled,shop_app,US,WA,68.0,6.8,LOYAL10,0.0,3.67,64.87,shopify_payments,2.18,USD
3397,102062,2026-01-11T01:32:08Z,,paid,fulfilled,online_store,US,MA,178.0,56.96,"NEWYEAR20,WELCOME15",0.0,7.26,128.3,paypal,4.97,USD
3398,101555,2026-01-11T01:43:02Z,,paid,fulfilled,shop_app,US,MD,34.0,6.8,NEWYEAR20,5.95,1.63,34.78,shop_pay,1.31,USD
3399,100471,2026-01-11T04:23:15Z,,paid,fulfilled,online_store,US,MN,34.0,6.8,"NEWYEAR20,FREESHIP",0.0,1.63,28.83,shopify_payments,1.14,USD
3400,102063,2026-01-11T07:49:27Z,,paid,fulfilled,online_store,CA,BC,183.0,36.6,NEWYEAR20,0.0,7.32,153.72,shopify_payments,4.76,USD
3401,101571,2026-01-11T10:45:15Z,,paid,fulfilled,online_store,US,CA,81.0,0.0,,0.0,4.86,85.86,paypal,3.49,USD
3402,102064,2026-01-11T10:56:30Z,,paid,fulfilled,online_store,CA,QC,56.0,0.0,,12.95,2.8,71.75,shopify_payments,2.38,USD
3403,102066,2026-01-11T12:48:43Z,,paid,fulfilled,shop_app,US,CO,136.0,0.0,,0.0,8.16,144.16,shopify_payments,4.48,USD
3404,101737,2026-01-11T14:05:44Z,,paid,fulfilled,online_store,AU,VIC,112.0,22.4,NEWYEAR20,0.0,8.96,98.56,paypal,3.93,USD
3405,102067,2026-01-11T17:14:54Z,,paid,fulfilled,online_store,GB,SCT,126.0,12.6,AMELIA10,0.0,22.68,136.08,paypal,5.24,USD
3406,100955,2026-01-11T19:19:34Z,,paid,fulfilled,online_store,US,FL,36.0,7.2,NEWYEAR20,5.95,1.73,36.48,shop_pay,1.36,USD
3407,102068,2026-01-11T20:15:37Z,,paid,fulfilled,online_store,US,NJ,51.0,10.2,NEWYEAR20,5.95,2.45,49.2,shopify_payments,1.73,USD
3408,102069,2026-01-11T20:39:56Z,,paid,fulfilled,online_store,US,OR,64.0,9.6,WELCOME15,0.0,0.0,54.4,shopify_payments,1.88,USD
3409,102070,2026-01-11T21:57:06Z,,paid,fulfilled,shop_app,US,MA,55.0,8.25,WELCOME15,5.95,2.8,55.5,shopify_payments,1.91,USD
3410,102071,2026-01-11T23:06:47Z,,paid,fulfilled,online_store,US,IL,34.0,0.0,,5.95,2.04,41.99,shopify_payments,1.52,USD
3411,102072,2026-01-12T00:08:15Z,,paid,fulfilled,online_store,US,CA,34.0,6.8,NEWYEAR20,5.95,1.63,34.78,shopify_payments,1.31,USD
3412,102074,2026-01-12T00:57:21Z,,paid,fulfilled,online_store,US,FL,162.0,16.2,DERMDIARY10,0.0,8.75,154.55,paypal,5.88,USD
3413,102075,2026-01-12T02:54:57Z,,paid,fulfilled,online_store,US,OH,78.0,24.96,"NEWYEAR20,WELCOME15",0.0,3.18,56.22,paypal,2.45,USD
3414,101219,2026-01-12T07:00:37Z,,paid,fulfilled,online_store,US,MN,198.0,0.0,,0.0,11.88,209.88,shopify_payments,6.39,USD
3415,101191,2026-01-12T07:41:43Z,,paid,fulfilled,online_store,CA,BC,68.0,0.0,,12.95,3.4,84.35,shopify_payments,2.75,USD
3416,102076,2026-01-12T09:15:24Z,,paid,fulfilled,online_store,US,WA,34.0,6.8,NEWYEAR20,5.95,1.63,34.78,shop_pay,1.31,USD
3417,102077,2026-01-12T10:10:13Z,,paid,fulfilled,online_store,US,OH,34.0,5.1,WELCOME15,5.95,1.73,36.58,shop_pay,1.36,USD
3418,102078,2026-01-12T10:38:02Z,,paid,fulfilled,online_store,US,CA,185.0,27.75,WELCOME15,0.0,9.44,166.69,shop_pay,5.13,USD
3419,102079,2026-01-12T13:24:07Z,,paid,fulfilled,online_store,US,MA,61.0,9.15,WELCOME15,0.0,3.11,54.96,shopify_payments,1.89,USD
3420,101711,2026-01-12T13:36:12Z,,paid,fulfilled,online_store,US,NY,120.0,12.0,LOYAL10,0.0,6.48,114.48,shopify_payments,3.62,USD
3421,102080,2026-01-12T13:44:22Z,,paid,fulfilled,online_store,US,TX,84.0,26.88,"NEWYEAR20,WELCOME15",0.0,3.43,60.55,shopify_payments,2.06,USD
3422,102081,2026-01-12T19:44:27Z,,paid,fulfilled,online_store,US,CA,34.0,6.8,NEWYEAR20,5.95,1.63,34.78,shopify_payments,1.31,USD
3423,101405,2026-01-12T20:32:40Z,,paid,fulfilled,shop_app,US,NJ,118.0,0.0,,0.0,7.08,125.08,shopify_payments,3.93,USD
3424,100975,2026-01-13T02:34:16Z,,paid,fulfilled,online_store,US,CA,24.0,0.0,,5.95,1.44,31.39,shopify_payments,1.21,USD
3425,102082,2026-01-13T03:52:55Z,,paid,fulfilled,online_store,US,IL,32.0,4.8,WELCOME15,5.95,1.63,34.78,paypal,1.7,USD
3426,102083,2026-01-13T10:22:18Z,,paid,fulfilled,online_store,CA,AB,32.0,0.0,,12.95,1.6,46.55,shop_pay,1.65,USD
3427,102084,2026-01-13T13:25:01Z,,paid,fulfilled,online_store,US,CA,142.0,0.0,,0.0,8.52,150.52,paypal,5.74,USD
3428,101748,2026-01-13T18:50:31Z,,paid,fulfilled,online_store,US,WI,72.0,7.2,LOYAL10,0.0,3.89,68.69,paypal,2.89,USD
3429,102086,2026-01-13T21:57:22Z,,paid,fulfilled,online_store,US,MD,26.0,3.9,WELCOME15,5.95,1.33,29.38,shop_pay,1.15,USD
3430,100625,2026-01-14T00:14:54Z,,paid,fulfilled,online_store,US,NY,102.0,0.0,,0.0,6.12,108.12,shopify_payments,3.44,USD
3431,101070,2026-01-14T01:19:58Z,,paid,fulfilled,online_store,US,CA,29.0,2.9,LOYAL10,5.95,1.57,33.62,shopify_payments,1.27,USD
3432,102087,2026-01-14T01:26:02Z,,paid,fulfilled,online_store,GB,SCT,28.0,0.0,,12.95,5.6,46.55,shopify_payments,1.65,USD
3433,102088,2026-01-14T02:52:19Z,,paid,fulfilled,online_store,US,PA,93.0,13.95,WELCOME15,0.0,4.74,83.79,shopify_payments,2.73,USD
3434,101870,2026-01-14T10:34:07Z,,partially_refunded,fulfilled,online_store,US,CA,170.0,0.0,,0.0,10.2,180.2,paypal,6.78,USD
3435,102089,2026-01-14T19:15:48Z,,paid,fulfilled,online_store,US,OR,29.0,0.0,,5.95,0.0,34.95,shop_pay,1.31,USD
3436,101243,2026-01-14T20:16:31Z,,paid,fulfilled,online_store,US,GA,68.0,0.0,,0.0,4.08,72.08,shop_pay,2.39,USD
3437,102090,2026-01-14T22:27:32Z,,paid,fulfilled,online_store,CA,BC,24.0,0.0,,12.95,1.2,38.15,shopify_payments,1.41,USD
3438,102091,2026-01-14T22:51:53Z,,paid,fulfilled,online_store,GB,SCT,34.0,0.0,,12.95,6.8,53.75,shopify_payments,1.86,USD
3439,102092,2026-01-15T04:23:41Z,,paid,fulfilled,online_store,US,TX,38.0,5.7,SKINBYJORDAN15,5.95,1.94,40.19,shop_pay,1.47,USD
3440,101617,2026-01-15T04:38:49Z,,paid,fulfilled,online_store,US,NC,91.0,0.0,,0.0,5.46,96.46,shopify_payments,3.1,USD
3441,102093,2026-01-15T05:28:47Z,,paid,fulfilled,online_store,US,CA,68.0,0.0,,0.0,4.08,72.08,shopify_payments,2.39,USD
3442,100648,2026-01-15T08:49:09Z,,paid,fulfilled,online_store,AU,VIC,58.0,0.0,,12.95,5.8,76.75,shopify_payments,2.53,USD
3443,102094,2026-01-15T18:03:15Z,,paid,fulfilled,shop_app,US,DE,29.0,4.35,WELCOME15,5.95,0.0,30.6,shopify_payments,1.19,USD
3444,102095,2026-01-15T18:03:23Z,,paid,fulfilled,online_store,US,TX,63.0,0.0,,0.0,3.78,66.78,shopify_payments,2.24,USD
3445,102096,2026-01-15T21:19:21Z,,paid,fulfilled,online_store,US,GA,58.0,8.7,WELCOME15,5.95,2.96,58.21,shopify_payments,1.99,USD
3446,102097,2026-01-15T21:36:27Z,,paid,fulfilled,online_store,US,NJ,92.0,9.2,DERMDIARY10,0.0,4.97,87.77,shopify_payments,2.85,USD
3447,102098,2026-01-16T02:55:37Z,,paid,fulfilled,online_store,US,WI,32.0,0.0,,5.95,1.92,39.87,shopify_payments,1.46,USD
3448,101950,2026-01-16T04:11:50Z,,paid,fulfilled,online_store,US,OH,22.0,0.0,,5.95,1.32,29.27,paypal,1.51,USD
3449,100303,2026-01-16T07:37:37Z,,paid,fulfilled,online_store,US,TX,50.0,5.0,LOYAL10,5.95,2.7,53.65,shop_pay,1.86,USD
3450,102100,2026-01-16T08:02:57Z,,paid,fulfilled,online_store,US,NC,44.0,0.0,,5.95,2.64,52.59,shop_pay,1.83,USD
3451,101600,2026-01-16T13:36:56Z,,paid,fulfilled,online_store,US,CA,164.0,0.0,,0.0,9.84,173.84,paypal,6.56,USD
3452,100834,2026-01-16T14:48:19Z,,paid,fulfilled,shop_app,US,NC,22.0,2.2,LOYAL10,5.95,1.19,26.94,shopify_payments,1.08,USD
3453,102102,2026-01-16T15:09:21Z,,paid,fulfilled,online_store,US,NH,72.0,10.8,WELCOME15,0.0,0.0,61.2,shopify_payments,2.07,USD
3454,101662,2026-01-16T18:13:40Z,,paid,fulfilled,online_store,CA,QC,114.0,11.4,LOYAL10,0.0,5.13,107.73,paypal,4.25,USD
3455,100926,2026-01-16T22:57:26Z,,paid,fulfilled,online_store,CA,BC,38.0,0.0,,12.95,1.9,52.85,shopify_payments,1.83,USD
3456,102103,2026-01-17T00:02:34Z,,paid,fulfilled,shop_app,US,PA,24.0,0.0,,5.95,1.44,31.39,shopify_payments,1.21,USD
3457,100942,2026-01-17T00:39:06Z,,paid,fulfilled,online_store,US,TX,108.0,0.0,,0.0,6.48,114.48,shopify_payments,3.62,USD
3458,102104,2026-01-17T00:59:22Z,,paid,fulfilled,online_store,US,CA,58.0,0.0,,0.0,3.48,61.48,shopify_payments,2.08,USD
3459,102105,2026-01-17T01:22:51Z,,paid,fulfilled,online_store,US,NC,68.0,0.0,,0.0,4.08,72.08,shop_pay,2.39,USD
3460,100937,2026-01-17T01:39:23Z,,paid,fulfilled,online_store,US,OH,29.0,0.0,,5.95,1.74,36.69,shopify_payments,1.36,USD
3461,101651,2026-01-17T05:34:30Z,,paid,fulfilled,shop_app,US,CO,32.0,0.0,,5.95,1.92,39.87,shopify_payments,1.46,USD
3462,101196,2026-01-17T06:02:35Z,,paid,fulfilled,online_store,US,CA,68.0,0.0,,0.0,4.08,72.08,shop_pay,2.39,USD
3463,101714,2026-01-17T08:32:14Z,,refunded,fulfilled,online_store,US,MI,38.0,0.0,,5.95,2.28,46.23,shopify_payments,1.64,USD
3464,100174,2026-01-17T08:41:02Z,,paid,fulfilled,online_store,US,FL,142.0,0.0,,0.0,8.52,150.52,shopify_payments,4.67,USD
3465,102108,2026-01-17T12:11:16Z,2026-01-18T00:11:16Z,voided,unfulfilled,online_store,US,WI,29.0,4.35,WELCOME15,5.95,1.48,32.08,shop_pay,0.0,USD
3466,102109,2026-01-17T13:26:15Z,,paid,fulfilled,online_store,US,MO,65.0,0.0,,0.0,3.9,68.9,shopify_payments,2.3,USD
3467,102110,2026-01-17T16:35:34Z,,paid,fulfilled,online_store,US,AZ,90.0,10.8,GLOWWITHSAM12,0.0,4.75,83.95,paypal,3.42,USD
3468,102111,2026-01-17T19:42:25Z,,paid,fulfilled,online_store,US,IN,116.0,13.92,GLOWWITHSAM12,0.0,6.12,108.2,shopify_payments,3.44,USD
3469,101709,2026-01-17T21:31:13Z,,paid,fulfilled,online_store,US,MI,22.0,0.0,,5.95,1.32,29.27,shop_pay,1.15,USD
3470,101894,2026-01-18T00:08:05Z,,refunded,fulfilled,online_store,US,MN,36.0,5.4,SKINBYJORDAN15,5.95,1.84,38.39,shopify_payments,1.41,USD
3471,102112,2026-01-18T01:16:28Z,,paid,fulfilled,shop_app,US,NC,32.0,4.8,WELCOME15,5.95,1.63,34.78,shopify_payments,1.31,USD
3472,101793,2026-01-18T02:24:29Z,,paid,fulfilled,shop_app,US,OH,32.0,3.2,LOYAL10,5.95,1.73,36.48,shopify_payments,1.36,USD
3473,101687,2026-01-18T04:08:13Z,,paid,fulfilled,online_store,US,IL,44.0,0.0,,5.95,2.64,52.59,shop_pay,1.83,USD
3474,102113,2026-01-18T05:52:30Z,,paid,fulfilled,online_store,US,VA,94.0,0.0,,0.0,5.64,99.64,shop_pay,3.19,USD
3475,101128,2026-01-18T08:17:49Z,,paid,fulfilled,online_store,US,DE,99.0,0.0,,0.0,0.0,99.0,shopify_payments,3.17,USD
3476,102114,2026-01-18T12:47:08Z,,paid,fulfilled,online_store,CA,QC,30.0,0.0,,12.95,1.5,44.45,shopify_payments,1.59,USD
3477,102115,2026-01-18T13:13:18Z,,paid,fulfilled,online_store,US,NY,34.0,5.1,WELCOME15,5.95,1.73,36.58,shopify_payments,1.36,USD
3478,102116,2026-01-18T13:45:49Z,,paid,fulfilled,online_store,US,MD,28.0,0.0,,5.95,1.68,35.63,shopify_payments,1.33,USD
3479,102117,2026-01-18T13:48:39Z,,paid,fulfilled,online_store,US,FL,88.0,13.2,WELCOME15,0.0,4.49,79.29,shop_pay,2.6,USD
3480,100940,2026-01-18T14:11:38Z,,partially_refunded,fulfilled,online_store,US,OR,134.0,0.0,,0.0,0.0,134.0,shopify_payments,4.19,USD
3481,102118,2026-01-18T14:37:42Z,,paid,fulfilled,online_store,CA,AB,38.0,0.0,,12.95,1.9,52.85,shopify_payments,1.83,USD
3482,101353,2026-01-18T21:30:44Z,,paid,fulfilled,online_store,US,CA,22.0,2.2,LOYAL10,5.95,1.19,26.94,shopify_payments,1.08,USD
3483,101909,2026-01-18T21:33:19Z,,paid,fulfilled,online_store,US,TX,62.0,0.0,,0.0,3.72,65.72,shopify_payments,2.21,USD
3484,101363,2026-01-18T23:58:16Z,,paid,fulfilled,online_store,AU,NSW,151.0,0.0,,0.0,15.1,166.1,shopify_payments,5.12,USD
3485,102119,2026-01-19T00:19:17Z,,paid,fulfilled,online_store,US,FL,22.0,3.3,"WELCOME15,FREESHIP",0.0,1.12,19.82,shopify_payments,0.87,USD
3486,102121,2026-01-19T02:08:57Z,,paid,fulfilled,online_store,US,FL,82.0,0.0,,0.0,4.92,86.92,shopify_payments,2.82,USD
3487,102122,2026-01-19T02:39:45Z,,paid,fulfilled,online_store,US,MI,38.0,5.7,WELCOME15,5.95,1.94,40.19,shop_pay,1.47,USD
3488,101131,2026-01-19T03:33:43Z,,paid,fulfilled,online_store,US,MI,66.0,0.0,,0.0,3.96,69.96,shopify_payments,2.33,USD
3489,100994,2026-01-19T03:52:16Z,,paid,fulfilled,online_store,US,CA,70.0,0.0,,0.0,4.2,74.2,shopify_payments,2.45,USD
3490,101957,2026-01-19T05:49:07Z,,paid,fulfilled,online_store,US,FL,30.0,0.0,,5.95,1.8,37.75,paypal,1.81,USD
3491,102123,2026-01-19T10:50:50Z,,paid,fulfilled,online_store,US,NH,54.0,0.0,,0.0,0.0,54.0,shop_pay,1.87,USD
3492,102124,2026-01-19T13:12:49Z,,paid,fulfilled,online_store,US,NY,28.0,4.2,WELCOME15,5.95,1.43,31.18,shopify_payments,1.2,USD
3493,102126,2026-01-19T14:37:50Z,,paid,fulfilled,online_store,US,VA,44.0,6.6,WELCOME15,5.95,2.24,45.59,shopify_payments,1.62,USD
3494,100954,2026-01-19T15:04:22Z,,paid,fulfilled,online_store,US,CO,34.0,3.4,"LOYAL10,FREESHIP",0.0,1.84,32.44,paypal,1.62,USD
3495,101129,2026-01-19T15:48:03Z,,paid,fulfilled,online_store,US,CA,102.0,0.0,,0.0,6.12,108.12,paypal,4.26,USD
3496,102127,2026-01-19T15:50:10Z,,refunded,fulfilled,online_store,US,OH,88.0,13.2,WELCOME15,0.0,4.49,79.29,shop_pay,2.6,USD
3497,102128,2026-01-19T16:49:28Z,,paid,fulfilled,online_store,US,GA,22.0,3.3,WELCOME15,5.95,1.12,25.77,paypal,1.39,USD
3498,102129,2026-01-19T17:49:38Z,,paid,fulfilled,online_store,CA,AB,70.0,10.5,WELCOME15,12.95,2.98,75.43,shopify_payments,2.49,USD
3499,101830,2026-01-19T21:06:33Z,,paid,fulfilled,online_store,US,CA,66.0,6.6,LOYAL10,0.0,3.56,62.96,shop_pay,2.13,USD
3500,102130,2026-01-19T21:07:40Z,,paid,fulfilled,online_store,US,NY,22.0,3.3,WELCOME15,5.95,1.12,25.77,shopify_payments,1.05,USD
3501,101649,2026-01-19T21:12:08Z,,paid,fulfilled,online_store,US,NJ,67.0,0.0,,0.0,4.02,71.02,paypal,2.97,USD
3502,102131,2026-01-20T00:41:30Z,,paid,fulfilled,online_store,US,AZ,44.0,0.0,,5.95,2.64,52.59,shopify_payments,1.83,USD
3503,102132,2026-01-20T01:45:17Z,,paid,fulfilled,online_store,CA,AB,111.0,16.65,WELCOME15,0.0,4.72,99.07,shop_pay,3.17,USD
3504,102133,2026-01-20T03:05:34Z,,paid,fulfilled,online_store,US,MI,60.0,0.0,,0.0,3.6,63.6,shopify_payments,2.14,USD
3505,102134,2026-01-20T10:23:16Z,,paid,fulfilled,online_store,US,TX,78.0,0.0,,0.0,4.68,82.68,shopify_payments,2.7,USD
3506,101393,2026-01-20T13:07:35Z,,paid,fulfilled,shop_app,US,TN,74.0,0.0,,0.0,4.44,78.44,shopify_payments,2.57,USD
3507,102135,2026-01-20T15:16:24Z,,paid,fulfilled,online_store,US,TX,22.0,0.0,,5.95,1.32,29.27,shop_pay,1.15,USD
3508,102136,2026-01-20T16:59:13Z,,paid,fulfilled,online_store,US,AZ,38.0,0.0,,5.95,2.28,46.23,shopify_payments,1.64,USD
3509,102004,2026-01-20T18:58:37Z,,paid,fulfilled,online_store,US,FL,34.0,0.0,,5.95,2.04,41.99,shopify_payments,1.52,USD
3510,101784,2026-01-20T22:38:12Z,,paid,fulfilled,online_store,US,IN,44.0,0.0,,5.95,2.64,52.59,shopify_payments,1.83,USD
3511,102137,2026-01-21T01:45:15Z,,refunded,fulfilled,online_store,US,OR,26.0,0.0,,5.95,0.0,31.95,shop_pay,1.23,USD
3512,102138,2026-01-21T07:08:54Z,,paid,fulfilled,online_store,US,IN,146.0,0.0,,0.0,8.76,154.76,shopify_payments,4.79,USD
3513,102139,2026-01-21T10:45:10Z,,paid,fulfilled,online_store,US,CA,26.0,3.9,WELCOME15,5.95,1.33,29.38,shopify_payments,1.15,USD
3514,101604,2026-01-21T11:24:28Z,,paid,fulfilled,online_store,US,CA,70.0,0.0,,0.0,4.2,74.2,shopify_payments,2.45,USD
3515,102140,2026-01-21T12:06:33Z,,paid,fulfilled,online_store,US,NY,89.0,13.35,WELCOME15,0.0,4.54,80.19,shopify_payments,2.63,USD
3516,102141,2026-01-21T13:45:06Z,,paid,fulfilled,online_store,US,MN,144.0,21.6,WELCOME15,0.0,7.34,129.74,shopify_payments,4.06,USD
3517,102142,2026-01-21T13:54:44Z,,paid,fulfilled,online_store,US,CA,30.0,0.0,,5.95,1.8,37.75,paypal,1.81,USD
3518,101029,2026-01-21T19:22:09Z,,paid,fulfilled,online_store,US,GA,38.0,0.0,,5.95,2.28,46.23,shopify_payments,1.64,USD
3519,101199,2026-01-21T20:01:33Z,,paid,fulfilled,online_store,US,CA,76.0,7.6,LOYAL10,0.0,4.1,72.5,shopify_payments,2.4,USD
3520,102143,2026-01-22T00:17:42Z,,paid,fulfilled,online_store,US,CA,26.0,3.9,"WELCOME15,FREESHIP",0.0,1.33,23.43,shopify_payments,0.98,USD
3521,102144,2026-01-22T01:19:58Z,,paid,fulfilled,online_store,CA,BC,22.0,0.0,,12.95,1.1,36.05,shopify_payments,1.35,USD
3522,101042,2026-01-22T03:04:12Z,,paid,fulfilled,online_store,US,NY,38.0,0.0,,5.95,2.28,46.23,shopify_payments,1.64,USD
3523,100676,2026-01-22T03:26:12Z,,paid,fulfilled,online_store,US,OH,22.0,2.2,LOYAL10,5.95,1.19,26.94,shopify_payments,1.08,USD
3524,101632,2026-01-22T03:26:47Z,,paid,fulfilled,online_store,CA,BC,44.0,0.0,,12.95,2.2,59.15,paypal,2.55,USD
3525,102145,2026-01-22T03:46:31Z,,paid,fulfilled,online_store,US,CA,148.0,0.0,,0.0,8.88,156.88,shop_pay,4.85,USD
3526,101980,2026-01-22T06:41:36Z,,paid,fulfilled,online_store,US,TX,146.0,0.0,,0.0,8.76,154.76,shopify_payments,4.79,USD
3527,102146,2026-01-22T09:47:42Z,,paid,fulfilled,online_store,US,AZ,26.0,0.0,,5.95,1.56,33.51,shopify_payments,1.27,USD
3528,101323,2026-01-22T11:55:13Z,,paid,fulfilled,online_store,US,CO,53.0,0.0,,0.0,3.18,56.18,shopify_payments,1.93,USD
3529,102147,2026-01-22T16:49:19Z,,paid,fulfilled,online_store,US,NY,124.0,34.41,"SKINBYJORDAN15,WELCOME15",0.0,5.38,94.97,shopify_payments,3.05,USD
3530,102148,2026-01-22T19:37:00Z,,paid,fulfilled,shop_app,US,GA,68.0,10.2,WELCOME15,0.0,3.47,61.27,shopify_payments,2.08,USD
3531,102149,2026-01-22T21:38:05Z,,paid,fulfilled,online_store,CA,BC,156.0,23.4,WELCOME15,0.0,6.63,139.23,shopify_payments,4.34,USD
3532,101727,2026-01-23T01:56:08Z,,paid,fulfilled,online_store,GB,ENG,68.0,6.8,LOYAL10,12.95,12.24,86.39,shopify_payments,2.81,USD
3533,101135,2026-01-23T06:10:44Z,,paid,fulfilled,online_store,CA,ON,138.0,13.8,LOYAL10,0.0,6.21,130.41,klarna,8.11,USD
3534,101763,2026-01-23T08:58:14Z,,paid,fulfilled,shop_app,US,CA,34.0,0.0,,5.95,2.04,41.99,shopify_payments,1.52,USD
3535,101803,2026-01-23T18:31:14Z,,paid,fulfilled,online_store,US,MI,62.0,6.2,LOYAL10,0.0,3.35,59.15,shopify_payments,2.02,USD
3536,101471,2026-01-23T18:39:40Z,,paid,fulfilled,online_store,US,MD,38.0,0.0,,5.95,2.28,46.23,shopify_payments,1.64,USD
3537,102152,2026-01-23T22:07:47Z,,paid,fulfilled,online_store,US,MN,64.0,0.0,,0.0,3.84,67.84,shopify_payments,2.27,USD
3538,102153,2026-01-23T23:17:40Z,,paid,fulfilled,online_store,US,CO,56.0,0.0,,0.0,3.36,59.36,paypal,2.56,USD
3539,102155,2026-01-24T00:06:42Z,,paid,fulfilled,online_store,US,CA,24.0,3.6,WELCOME15,5.95,1.22,27.57,shop_pay,1.1,USD
3540,102154,2026-01-24T00:08:17Z,,paid,fulfilled,online_store,US,IN,32.0,0.0,,5.95,1.92,39.87,shop_pay,1.46,USD
3541,102156,2026-01-24T01:36:03Z,,paid,fulfilled,online_store,US,OH,38.0,0.0,,5.95,2.28,46.23,shopify_payments,1.64,USD
3542,102157,2026-01-24T03:25:20Z,,partially_refunded,fulfilled,online_store,US,MN,67.0,10.05,WELCOME15,0.0,3.42,60.37,shopify_payments,2.05,USD
3543,102158,2026-01-24T03:36:01Z,,paid,fulfilled,online_store,US,IN,168.0,0.0,,0.0,10.08,178.08,shopify_payments,5.46,USD
3544,101863,2026-01-24T03:44:48Z,,paid,fulfilled,online_store,US,FL,24.0,2.4,AMELIA10,5.95,1.3,28.85,shopify_payments,1.14,USD
3545,102159,2026-01-24T04:07:28Z,,paid,fulfilled,shop_app,US,FL,38.0,0.0,,5.95,2.28,46.23,shop_pay,1.64,USD
3546,101924,2026-01-24T05:14:03Z,,partially_refunded,fulfilled,online_store,US,FL,62.0,6.2,LOYAL10,0.0,3.35,59.15,paypal,2.55,USD
3547,101523,2026-01-24T08:23:49Z,,paid,fulfilled,online_store,US,CA,38.0,0.0,,5.95,2.28,46.23,shop_pay,1.64,USD
3548,102160,2026-01-24T11:19:56Z,,paid,fulfilled,online_store,US,PA,74.0,0.0,,0.0,4.44,78.44,shop_pay,2.57,USD
3549,102107,2026-01-24T11:46:12Z,,paid,fulfilled,online_store,US,AZ,22.0,3.3,WELCOME15,5.95,1.12,25.77,shopify_payments,1.05,USD
3550,102161,2026-01-24T13:17:44Z,,paid,fulfilled,online_store,US,FL,28.0,0.0,,5.95,1.68,35.63,paypal,1.73,USD
3551,102162,2026-01-24T15:25:43Z,,paid,fulfilled,online_store,US,NY,65.0,9.75,WELCOME15,0.0,3.32,58.57,shopify_payments,2.0,USD
3552,102163,2026-01-24T17:38:39Z,,paid,fulfilled,online_store,US,IL,30.0,0.0,,5.95,1.8,37.75,shopify_payments,1.39,USD
3553,102164,2026-01-24T19:17:08Z,,paid,fulfilled,online_store,US,CA,148.0,0.0,,0.0,8.88,156.88,shop_pay,4.85,USD
3554,102165,2026-01-24T21:12:38Z,,paid,fulfilled,online_store,US,CA,26.0,0.0,,5.95,1.56,33.51,shopify_payments,1.27,USD
3555,101988,2026-01-24T21:20:35Z,,paid,fulfilled,online_store,US,IL,53.0,0.0,,0.0,3.18,56.18,shopify_payments,1.93,USD
3556,100894,2026-01-24T21:35:25Z,,paid,fulfilled,online_store,US,GA,107.0,0.0,,0.0,6.42,113.42,shopify_payments,3.59,USD
3557,101449,2026-01-24T22:14:02Z,,paid,fulfilled,online_store,US,CA,44.0,4.4,LOYAL10,5.95,2.38,47.93,paypal,2.16,USD
3558,101869,2026-01-24T23:21:01Z,,paid,fulfilled,online_store,US,FL,66.0,0.0,,0.0,3.96,69.96,shopify_payments,2.33,USD
3559,102166,2026-01-24T23:47:16Z,,partially_refunded,fulfilled,online_store,GB,WLS,67.0,0.0,,12.95,13.4,93.35,shop_pay,3.01,USD
3560,102167,2026-01-25T01:52:56Z,,paid,fulfilled,online_store,US,AZ,88.0,13.2,WELCOME15,0.0,4.49,79.29,shop_pay,2.6,USD
3561,101720,2026-01-25T02:13:36Z,,paid,fulfilled,online_store,US,PA,134.0,0.0,,0.0,8.04,142.04,shopify_payments,4.42,USD
3562,101908,2026-01-25T03:14:29Z,,paid,fulfilled,online_store,GB,WLS,164.0,0.0,,0.0,32.8,196.8,shop_pay,6.01,USD
3563,102168,2026-01-25T06:41:11Z,,paid,fulfilled,online_store,US,NC,38.0,0.0,,5.95,2.28,46.23,shopify_payments,1.64,USD
3564,102169,2026-01-25T06:48:30Z,,paid,fulfilled,shop_app,US,TX,134.0,0.0,,0.0,8.04,142.04,shopify_payments,4.42,USD
3565,100274,2026-01-25T07:10:39Z,2026-01-25T16:10:39Z,voided,unfulfilled,online_store,US,TX,38.0,0.0,,5.95,2.28,46.23,shopify_payments,0.0,USD
3566,101439,2026-01-25T07:39:50Z,,paid,fulfilled,online_store,US,FL,36.0,0.0,,5.95,2.16,44.11,shopify_payments,1.58,USD
3567,102170,2026-01-25T12:28:44Z,,paid,fulfilled,online_store,US,WA,122.0,0.0,,0.0,7.32,129.32,shopify_payments,4.05,USD
3568,102171,2026-01-25T16:04:25Z,,paid,fulfilled,online_store,CA,BC,30.0,4.5,WELCOME15,12.95,1.28,39.73,paypal,1.88,USD
3569,101306,2026-01-25T17:38:48Z,,paid,fulfilled,online_store,US,CO,26.0,2.6,LOYAL10,5.95,1.4,30.75,shopify_payments,1.19,USD
3570,101591,2026-01-25T20:15:20Z,,paid,fulfilled,online_store,US,WI,79.0,7.9,LOYAL10,0.0,4.27,75.37,shopify_payments,2.49,USD
3571,102172,2026-01-25T20:52:35Z,,paid,fulfilled,online_store,US,AZ,94.0,14.1,WELCOME15,0.0,4.79,84.69,shop_pay,2.76,USD
3572,101468,2026-01-25T21:20:27Z,,paid,fulfilled,online_store,US,CO,28.0,0.0,,5.95,1.68,35.63,shopify_payments,1.33,USD
3573,101791,2026-01-25T23:20:00Z,,paid,fulfilled,online_store,GB,ENG,34.0,0.0,,12.95,6.8,53.75,shopify_payments,1.86,USD
3574,102173,2026-01-26T01:13:12Z,,paid,fulfilled,online_store,AU,WA,22.0,3.3,"WELCOME15,FREESHIP",0.0,1.87,20.57,paypal,1.21,USD
3575,102174,2026-01-26T01:31:05Z,,paid,fulfilled,online_store,US,NH,36.0,5.4,WELCOME15,5.95,0.0,36.55,shopify_payments,1.36,USD
3576,101994,2026-01-26T01:40:37Z,,paid,fulfilled,online_store,US,MN,38.0,5.7,WELCOME15,5.95,1.94,40.19,shopify_payments,1.47,USD
3577,102175,2026-01-26T02:29:50Z,,paid,fulfilled,online_store,US,FL,30.0,0.0,,5.95,1.8,37.75,shopify_payments,1.39,USD
3578,102176,2026-01-26T02:48:47Z,,paid,fulfilled,online_store,CA,ON,30.0,0.0,,12.95,1.5,44.45,shopify_payments,1.59,USD
3579,102177,2026-01-26T03:31:12Z,,paid,fulfilled,online_store,US,IL,28.0,0.0,,5.95,1.68,35.63,shopify_payments,1.33,USD
3580,101676,2026-01-26T09:16:53Z,,paid,fulfilled,online_store,US,TX,38.0,0.0,,5.95,2.28,46.23,shopify_payments,1.64,USD
3581,102179,2026-01-26T12:09:39Z,,paid,fulfilled,online_store,US,CA,76.0,0.0,,0.0,4.56,80.56,shopify_payments,2.64,USD
3582,102101,2026-01-26T12:41:09Z,,paid,fulfilled,online_store,US,PA,118.0,0.0,,0.0,7.08,125.08,shop_pay,3.93,USD
3583,102180,2026-01-26T16:05:11Z,,paid,fulfilled,shop_app,US,NY,26.0,0.0,,5.95,1.56,33.51,shopify_payments,1.27,USD
3584,102181,2026-01-26T16:51:19Z,,paid,fulfilled,shop_app,US,CA,32.0,0.0,,5.95,1.92,39.87,paypal,1.88,USD
3585,101939,2026-01-26T17:37:05Z,,paid,fulfilled,online_store,US,GA,38.0,0.0,,5.95,2.28,46.23,shopify_payments,1.64,USD
3586,102182,2026-01-26T18:32:48Z,,paid,fulfilled,online_store,US,CA,38.0,0.0,,5.95,2.28,46.23,paypal,2.1,USD
3587,102183,2026-01-26T20:02:11Z,,paid,fulfilled,online_store,GB,ENG,38.0,5.7,WELCOME15,12.95,6.46,51.71,shop_pay,1.8,USD
3588,102184,2026-01-26T21:26:16Z,,paid,fulfilled,shop_app,US,VA,29.0,4.35,WELCOME15,5.95,1.48,32.08,klarna,2.22,USD
3589,102185,2026-01-26T21:28:38Z,,paid,fulfilled,online_store,US,CA,58.0,0.0,,0.0,3.48,61.48,shopify_payments,2.08,USD
3590,102186,2026-01-26T23:10:11Z,,paid,fulfilled,online_store,US,CA,63.0,0.0,,0.0,3.78,66.78,shopify_payments,2.24,USD
3591,102187,2026-01-27T10:50:51Z,,paid,fulfilled,online_store,US,MA,32.0,4.8,WELCOME15,5.95,1.63,34.78,shopify_payments,1.31,USD
3592,102188,2026-01-27T12:24:06Z,,paid,fulfilled,online_store,US,WA,34.0,0.0,,5.95,2.04,41.99,shop_pay,1.52,USD
3593,100412,2026-01-27T13:44:30Z,,paid,fulfilled,online_store,US,MI,60.0,6.0,LOYAL10,0.0,3.24,57.24,shopify_payments,1.96,USD
3594,101867,2026-01-27T14:50:29Z,,paid,fulfilled,online_store,US,CA,70.0,0.0,,0.0,4.2,74.2,shopify_payments,2.45,USD
3595,100850,2026-01-27T18:30:37Z,,partially_refunded,fulfilled,online_store,US,OH,88.0,0.0,,0.0,5.28,93.28,paypal,3.75,USD
3596,102189,2026-01-27T21:11:59Z,,paid,fulfilled,online_store,US,OH,29.0,4.35,WELCOME15,5.95,1.48,32.08,shopify_payments,1.23,USD
3597,102190,2026-01-27T22:48:54Z,,paid,fulfilled,online_store,US,FL,44.0,0.0,,5.95,2.64,52.59,paypal,2.33,USD
3598,101231,2026-01-28T00:21:47Z,,paid,fulfilled,online_store,US,AZ,53.0,0.0,,0.0,3.18,56.18,shopify_payments,1.93,USD
3599,102191,2026-01-28T03:16:08Z,,refunded,fulfilled,online_store,US,WA,24.0,0.0,,5.95,1.44,31.39,shopify_payments,1.21,USD
3600,101161,2026-01-28T05:59:10Z,,paid,fulfilled,online_store,US,MA,34.0,0.0,,5.95,2.04,41.99,shop_pay,1.52,USD
3601,101118,2026-01-28T06:25:59Z,,paid,fulfilled,online_store,US,CO,120.0,12.0,LOYAL10,0.0,6.48,114.48,shopify_payments,3.62,USD
3602,101766,2026-01-28T07:13:18Z,,paid,fulfilled,online_store,US,CA,144.0,0.0,,0.0,8.64,152.64,shop_pay,4.73,USD
3603,102192,2026-01-28T07:41:22Z,,paid,fulfilled,online_store,US,CA,168.0,25.2,SKINBYJORDAN15,0.0,8.57,151.37,shopify_payments,4.69,USD
3604,102193,2026-01-28T09:27:57Z,,paid,fulfilled,online_store,US,CA,112.0,16.8,SKINBYJORDAN15,0.0,5.71,100.91,shop_pay,3.23,USD
3605,102195,2026-01-28T10:12:31Z,,paid,fulfilled,online_store,CA,QC,29.0,4.35,WELCOME15,12.95,1.23,38.83,shopify_payments,1.43,USD
3606,101388,2026-01-28T13:24:47Z,,paid,fulfilled,online_store,US,NY,28.0,0.0,,5.95,1.68,35.63,shopify_payments,1.33,USD
3607,102196,2026-01-28T15:30:36Z,,paid,fulfilled,online_store,US,FL,26.0,0.0,,5.95,1.56,33.51,shopify_payments,1.27,USD
3608,101703,2026-01-28T16:57:57Z,2026-01-29T10:57:57Z,voided,unfulfilled,online_store,US,MD,34.0,3.4,LOYAL10,5.95,1.84,38.39,shop_pay,0.0,USD
3609,102197,2026-01-28T22:07:33Z,,paid,fulfilled,online_store,US,WA,58.0,8.7,WELCOME15,5.95,2.96,58.21,shopify_payments,1.99,USD
3610,101619,2026-01-28T22:55:11Z,,paid,fulfilled,online_store,US,GA,63.0,0.0,,0.0,3.78,66.78,shop_pay,2.24,USD
3611,102198,2026-01-28T23:49:13Z,,paid,fulfilled,shop_app,US,TX,29.0,0.0,,5.95,1.74,36.69,shopify_payments,1.36,USD
3612,102199,2026-01-29T00:05:41Z,,paid,fulfilled,online_store,US,MI,28.0,4.2,WELCOME15,5.95,1.43,31.18,shop_pay,1.2,USD
3613,101559,2026-01-29T02:36:04Z,,paid,fulfilled,online_store,US,TX,74.0,0.0,,0.0,4.44,78.44,shopify_payments,2.57,USD
3614,102003,2026-01-29T08:40:47Z,,paid,fulfilled,online_store,US,FL,26.0,0.0,,5.95,1.56,33.51,paypal,1.66,USD
3615,101855,2026-01-29T10:47:38Z,,paid,fulfilled,online_store,US,FL,29.0,2.9,LOYAL10,5.95,1.57,33.62,paypal,1.66,USD
3616,102201,2026-01-29T13:49:10Z,,paid,fulfilled,shop_app,US,MD,66.0,0.0,,0.0,3.96,69.96,shopify_payments,2.33,USD
3617,102202,2026-01-29T13:51:20Z,,paid,fulfilled,online_store,US,TX,164.0,0.0,,0.0,9.84,173.84,shop_pay,5.34,USD
3618,102203,2026-01-29T14:53:11Z,,paid,fulfilled,online_store,US,FL,68.0,10.2,WELCOME15,0.0,3.47,61.27,shop_pay,2.08,USD
3619,102204,2026-01-29T14:59:45Z,,paid,fulfilled,online_store,US,WI,50.0,7.5,WELCOME15,5.95,2.55,51.0,shop_pay,1.78,USD
3620,102205,2026-01-29T20:51:22Z,,paid,fulfilled,online_store,US,TX,34.0,0.0,,5.95,2.04,41.99,shop_pay,1.52,USD
3621,101860,2026-01-30T08:33:40Z,,paid,fulfilled,online_store,US,VA,60.0,0.0,,0.0,3.6,63.6,shop_pay,2.14,USD
3622,102207,2026-01-30T10:13:30Z,,paid,fulfilled,online_store,US,IN,85.0,0.0,,0.0,5.1,90.1,shopify_payments,2.91,USD
3623,102208,2026-01-30T10:34:08Z,,paid,fulfilled,online_store,US,TX,67.0,10.05,WELCOME15,0.0,3.42,60.37,shopify_payments,2.05,USD
3624,102209,2026-01-30T11:30:57Z,,paid,fulfilled,online_store,US,TX,44.0,0.0,,5.95,2.64,52.59,paypal,2.33,USD
3625,100434,2026-01-30T14:29:33Z,,paid,fulfilled,online_store,US,CA,63.0,0.0,,0.0,3.78,66.78,paypal,2.82,USD
3626,101120,2026-01-30T16:13:02Z,,paid,fulfilled,online_store,US,MD,44.0,4.4,LOYAL10,5.95,2.38,47.93,shopify_payments,1.69,USD
3627,102210,2026-01-30T16:28:07Z,,paid,fulfilled,online_store,US,IN,66.0,0.0,,0.0,3.96,69.96,shop_pay,2.33,USD
3628,101374,2026-01-30T18:02:20Z,,paid,fulfilled,shop_app,CA,BC,113.0,0.0,,0.0,5.65,118.65,shop_pay,3.74,USD
3629,102211,2026-01-30T21:18:19Z,,paid,fulfilled,online_store,US,TX,26.0,0.0,,5.95,1.56,33.51,paypal,1.66,USD
3630,102212,2026-01-30T23:41:41Z,2026-01-31T17:41:41Z,voided,unfulfilled,online_store,US,CO,191.0,28.65,WELCOME15,0.0,9.74,172.09,shopify_payments,0.0,USD
3631,102213,2026-01-31T00:41:13Z,,paid,fulfilled,online_store,AU,QLD,164.0,0.0,,0.0,16.4,180.4,shopify_payments,5.53,USD
3632,102214,2026-01-31T01:44:41Z,,paid,fulfilled,online_store,US,CA,124.0,0.0,,0.0,7.44,131.44,klarna,8.17,USD
3633,101802,2026-01-31T02:29:02Z,,paid,fulfilled,online_store,US,CA,106.0,0.0,,0.0,6.36,112.36,paypal,4.41,USD
3634,102215,2026-01-31T02:49:10Z,,paid,fulfilled,online_store,US,NJ,26.0,0.0,,5.95,1.56,33.51,paypal,1.66,USD
3635,102216,2026-01-31T02:55:28Z,,paid,fulfilled,online_store,GB,ENG,38.0,0.0,,12.95,7.6,58.55,shopify_payments,2.0,USD
3636,102217,2026-01-31T04:57:52Z,,paid,fulfilled,online_store,US,FL,72.0,0.0,,0.0,4.32,76.32,shopify_payments,2.51,USD
3637,102218,2026-01-31T11:44:35Z,,paid,fulfilled,online_store,US,VA,22.0,0.0,,5.95,1.32,29.27,shop_pay,1.15,USD
3638,102219,2026-01-31T11:45:59Z,,paid,fulfilled,online_store,US,PA,158.0,0.0,,0.0,9.48,167.48,shop_pay,5.16,USD
3639,102220,2026-01-31T12:04:53Z,,paid,fulfilled,shop_app,US,IL,38.0,0.0,,5.95,2.28,46.23,paypal,2.1,USD
3640,102221,2026-01-31T13:07:13Z,,paid,fulfilled,online_store,US,WA,88.0,13.2,WELCOME15,0.0,4.49,79.29,shopify_payments,2.6,USD
3641,102223,2026-01-31T16:04:44Z,2026-02-01T11:04:44Z,voided,unfulfilled,online_store,US,MA,64.0,7.68,GLOWWITHSAM12,0.0,3.38,59.7,shopify_payments,0.0,USD
3642,101724,2026-01-31T21:39:02Z,,paid,fulfilled,online_store,GB,ENG,139.0,0.0,,0.0,27.8,166.8,shopify_payments,5.14,USD
3643,102224,2026-01-31T23:15:31Z,,paid,fulfilled,online_store,US,CA,68.0,0.0,,0.0,4.08,72.08,shopify_payments,2.39,USD
3644,102225,2026-02-01T01:01:17Z,,paid,fulfilled,online_store,US,TX,32.0,4.8,WELCOME15,5.95,1.63,34.78,shopify_payments,1.31,USD
3645,101261,2026-02-01T09:25:10Z,,paid,fulfilled,online_store,US,VA,64.0,6.4,LOYAL10,0.0,3.46,61.06,shopify_payments,2.07,USD
3646,102226,2026-02-01T11:27:35Z,,paid,fulfilled,online_store,US,CO,24.0,3.6,WELCOME15,5.95,1.22,27.57,shopify_payments,1.1,USD
3647,102227,2026-02-01T12:05:24Z,,paid,fulfilled,online_store,US,CA,32.0,4.8,WELCOME15,5.95,1.63,34.78,shopify_payments,1.31,USD
3648,102228,2026-02-01T13:14:38Z,,paid,fulfilled,online_store,US,NC,34.0,0.0,,5.95,2.04,41.99,shopify_payments,1.52,USD
3649,102229,2026-02-01T13:44:14Z,,paid,fulfilled,shop_app,US,CA,88.0,0.0,,0.0,5.28,93.28,shopify_payments,3.01,USD
3650,100205,2026-02-01T13:58:15Z,,paid,fulfilled,online_store,CA,AB,34.0,0.0,,12.95,1.7,48.65,shopify_payments,1.71,USD
3651,102230,2026-02-01T15:26:58Z,,paid,fulfilled,online_store,US,MN,38.0,3.8,DERMDIARY10,5.95,2.05,42.2,shopify_payments,1.52,USD
3652,101325,2026-02-01T16:00:04Z,,paid,fulfilled,online_store,US,WI,88.0,0.0,,0.0,5.28,93.28,shop_pay,3.01,USD
3653,102231,2026-02-01T16:09:58Z,,paid,fulfilled,online_store,US,TX,38.0,0.0,,5.95,2.28,46.23,shop_pay,1.64,USD
3654,101046,2026-02-01T21:55:42Z,,paid,fulfilled,online_store,US,VA,34.0,0.0,,5.95,2.04,41.99,shopify_payments,1.52,USD
3655,102232,2026-02-01T23:36:05Z,,paid,fulfilled,online_store,US,NY,93.0,9.3,AMELIA10,0.0,5.02,88.72,paypal,3.59,USD
3656,102233,2026-02-02T01:30:55Z,,paid,fulfilled,online_store,US,NC,152.0,0.0,,0.0,9.12,161.12,shop_pay,4.97,USD
3657,102234,2026-02-02T01:48:02Z,,paid,fulfilled,online_store,US,MA,36.0,5.4,WELCOME15,5.95,1.84,38.39,paypal,1.83,USD
3658,100953,2026-02-02T02:40:14Z,,paid,fulfilled,online_store,US,FL,107.0,0.0,,0.0,6.42,113.42,paypal,4.45,USD
3659,102093,2026-02-02T03:09:10Z,,paid,fulfilled,online_store,US,CA,80.0,8.0,LOYAL10,0.0,4.32,76.32,shopify_payments,2.51,USD
3660,102235,2026-02-02T03:38:49Z,,paid,fulfilled,online_store,US,CA,30.0,0.0,,5.95,1.8,37.75,shopify_payments,1.39,USD
3661,101796,2026-02-02T09:25:30Z,,paid,fulfilled,online_store,US,MN,110.0,0.0,,0.0,6.6,116.6,shopify_payments,3.68,USD
3662,102236,2026-02-02T10:13:46Z,,paid,fulfilled,online_store,US,TX,28.0,0.0,,5.95,1.68,35.63,shopify_payments,1.33,USD
3663,101628,2026-02-02T10:54:17Z,,paid,fulfilled,online_store,US,WA,60.0,6.0,LOYAL10,0.0,3.24,57.24,shop_pay,1.96,USD
3664,102237,2026-02-02T12:10:50Z,,paid,fulfilled,online_store,US,FL,34.0,0.0,,5.95,2.04,41.99,shop_pay,1.52,USD
3665,102238,2026-02-02T13:15:31Z,,paid,fulfilled,online_store,US,IL,34.0,0.0,,5.95,2.04,41.99,shopify_payments,1.52,USD
3666,102240,2026-02-02T14:17:22Z,,paid,fulfilled,online_store,US,DE,52.0,0.0,,0.0,0.0,52.0,shopify_payments,1.81,USD
3667,102241,2026-02-02T20:17:41Z,,paid,fulfilled,online_store,GB,SCT,34.0,0.0,,12.95,6.8,53.75,shop_pay,1.86,USD
3668,102242,2026-02-02T20:19:20Z,,paid,fulfilled,online_store,US,CA,29.0,0.0,,5.95,1.74,36.69,shopify_payments,1.36,USD
3669,102243,2026-02-02T20:49:54Z,,paid,fulfilled,online_store,US,CO,29.0,0.0,,5.95,1.74,36.69,shopify_payments,1.36,USD
3670,101706,2026-02-02T20:57:00Z,,paid,fulfilled,online_store,US,CA,128.0,0.0,,0.0,7.68,135.68,shopify_payments,4.23,USD
3671,100855,2026-02-02T21:14:40Z,,paid,fulfilled,online_store,US,TX,28.0,0.0,,5.95,1.68,35.63,shopify_payments,1.33,USD
3672,102244,2026-02-02T21:16:05Z,,paid,fulfilled,online_store,US,PA,38.0,5.7,WELCOME15,5.95,1.94,40.19,shop_pay,1.47,USD
3673,102245,2026-02-03T00:30:54Z,,partially_refunded,fulfilled,online_store,CA,QC,94.0,0.0,,0.0,4.7,98.7,shop_pay,3.16,USD
3674,102246,2026-02-03T01:11:59Z,,partially_refunded,fulfilled,online_store,AU,QLD,60.0,9.0,WELCOME15,12.95,5.1,69.05,shopify_payments,2.3,USD
3675,102247,2026-02-03T02:03:15Z,,partially_refunded,fulfilled,online_store,US,NC,186.0,27.9,WELCOME15,0.0,9.49,167.59,shop_pay,5.16,USD
3676,102249,2026-02-03T05:08:09Z,,partially_refunded,fulfilled,online_store,US,MO,62.0,0.0,,0.0,3.72,65.72,shopify_payments,2.21,USD
3677,100995,2026-02-03T05:17:17Z,,paid,fulfilled,online_store,CA,AB,38.0,0.0,,12.95,1.9,52.85,shop_pay,1.83,USD
3678,102250,2026-02-03T10:49:55Z,,partially_refunded,fulfilled,online_store,GB,SCT,128.0,19.2,WELCOME15,0.0,21.76,130.56,shopify_payments,4.09,USD
3679,102251,2026-02-03T11:10:52Z,,paid,fulfilled,online_store,US,GA,38.0,10.55,"SKINBYJORDAN15,WELCOME15",5.95,1.65,35.05,shopify_payments,1.32,USD
3680,102252,2026-02-03T12:23:45Z,,paid,fulfilled,online_store,US,PA,104.0,15.6,WELCOME15,0.0,5.3,93.7,shopify_payments,3.02,USD
3681,102150,2026-02-03T12:29:15Z,,paid,fulfilled,online_store,US,MI,94.0,0.0,,0.0,5.64,99.64,shopify_payments,3.19,USD
3682,102253,2026-02-03T14:54:08Z,,paid,fulfilled,online_store,US,WA,38.0,5.7,WELCOME15,5.95,1.94,40.19,shopify_payments,1.47,USD
3683,102254,2026-02-03T15:17:13Z,,paid,fulfilled,online_store,US,GA,88.0,8.8,AMELIA10,0.0,4.75,83.95,shopify_payments,2.73,USD
3684,102255,2026-02-03T15:52:27Z,,paid,fulfilled,online_store,US,NY,90.0,0.0,,0.0,5.4,95.4,shop_pay,3.07,USD
3685,102257,2026-02-03T21:40:27Z,,partially_refunded,fulfilled,online_store,US,CA,100.0,0.0,,0.0,6.0,106.0,paypal,4.19,USD
3686,102256,2026-02-03T21:41:37Z,,paid,fulfilled,online_store,GB,WLS,26.0,3.9,WELCOME15,12.95,4.42,39.47,shop_pay,1.44,USD
3687,102258,2026-02-03T22:34:29Z,,refunded,fulfilled,online_store,US,WA,88.0,13.2,WELCOME15,0.0,4.49,79.29,shopify_payments,2.6,USD
3688,101402,2026-02-03T23:38:50Z,,paid,fulfilled,online_store,US,NC,32.0,0.0,,5.95,1.92,39.87,shopify_payments,1.46,USD
3689,102260,2026-02-03T23:45:39Z,2026-02-04T10:45:39Z,voided,unfulfilled,online_store,US,IL,34.0,5.1,"WELCOME15,FREESHIP",0.0,1.73,30.63,paypal,0.0,USD
3690,102262,2026-02-04T04:07:10Z,,paid,fulfilled,online_store,US,NY,76.0,0.0,,0.0,4.56,80.56,shop_pay,2.64,USD
3691,102261,2026-02-04T04:07:32Z,,paid,fulfilled,online_store,US,OH,88.0,0.0,,0.0,5.28,93.28,shopify_payments,3.01,USD
3692,101103,2026-02-04T09:16:25Z,,paid,fulfilled,online_store,US,WA,222.0,0.0,,0.0,13.32,235.32,klarna,14.4,USD
3693,102263,2026-02-04T12:57:59Z,,paid,fulfilled,online_store,US,NY,24.0,3.6,WELCOME15,5.95,1.22,27.57,shop_pay,1.1,USD
3694,101268,2026-02-04T14:10:51Z,,paid,fulfilled,shop_app,US,FL,32.0,3.2,LOYAL10,5.95,1.73,36.48,shopify_payments,1.36,USD
3695,102264,2026-02-04T14:44:16Z,,paid,fulfilled,online_store,US,TX,78.0,0.0,,0.0,4.68,82.68,shop_pay,2.7,USD
3696,102265,2026-02-04T15:47:48Z,,paid,fulfilled,online_store,US,PA,148.0,0.0,,0.0,8.88,156.88,shopify_payments,4.85,USD
3697,102266,2026-02-04T17:40:35Z,,paid,fulfilled,online_store,US,FL,38.0,5.7,WELCOME15,5.95,1.94,40.19,shopify_payments,1.47,USD
3698,102267,2026-02-04T19:57:34Z,,paid,fulfilled,online_store,US,IL,34.0,0.0,,5.95,2.04,41.99,shopify_payments,1.52,USD
3699,101001,2026-02-05T00:05:37Z,,paid,fulfilled,online_store,US,OH,152.0,0.0,,0.0,9.12,161.12,shop_pay,4.97,USD
3700,101276,2026-02-05T01:21:25Z,,paid,fulfilled,online_store,US,CA,262.0,0.0,,0.0,15.72,277.72,shop_pay,8.35,USD
3701,102064,2026-02-05T06:45:37Z,,paid,fulfilled,online_store,CA,QC,56.0,0.0,,12.95,2.8,71.75,klarna,4.6,USD
3702,102268,2026-02-05T09:39:11Z,,paid,fulfilled,online_store,US,IN,135.0,13.5,AMELIA10,0.0,7.29,128.79,shop_pay,4.03,USD
3703,102269,2026-02-05T12:40:11Z,,paid,fulfilled,online_store,US,IL,64.0,0.0,,0.0,3.84,67.84,klarna,4.36,USD
3704,102270,2026-02-05T13:50:05Z,,paid,fulfilled,online_store,US,MO,120.0,18.0,WELCOME15,0.0,6.12,108.12,shop_pay,3.44,USD
3705,102271,2026-02-05T13:55:39Z,,paid,fulfilled,online_store,US,WA,26.0,3.12,GLOWWITHSAM12,5.95,1.37,30.2,shopify_payments,1.18,USD
3706,101386,2026-02-05T14:09:38Z,,paid,fulfilled,online_store,AU,NSW,74.0,0.0,,12.95,7.4,94.35,shop_pay,3.04,USD
3707,102272,2026-02-05T14:19:11Z,,paid,fulfilled,online_store,US,IL,88.0,0.0,,0.0,5.28,93.28,shopify_payments,3.01,USD
3708,101914,2026-02-05T15:02:29Z,,paid,fulfilled,online_store,US,CA,70.0,0.0,,0.0,4.2,74.2,shopify_payments,2.45,USD
3709,102273,2026-02-05T15:43:28Z,,paid,fulfilled,shop_app,US,CA,28.0,0.0,,5.95,1.68,35.63,shopify_payments,1.33,USD
3710,102274,2026-02-05T16:50:11Z,,refunded,fulfilled,online_store,US,TX,38.0,0.0,,5.95,2.28,46.23,shopify_payments,1.64,USD
3711,101055,2026-02-05T18:36:42Z,,paid,fulfilled,online_store,US,CA,52.0,5.2,LOYAL10,5.95,2.81,55.56,paypal,2.43,USD
3712,102275,2026-02-06T00:45:59Z,,paid,fulfilled,online_store,US,CA,62.0,0.0,,0.0,3.72,65.72,shopify_payments,2.21,USD
3713,102276,2026-02-06T02:39:00Z,,paid,fulfilled,online_store,US,WA,29.0,0.0,,5.95,1.74,36.69,shopify_payments,1.36,USD
3714,102277,2026-02-06T03:00:49Z,,paid,fulfilled,online_store,US,NY,32.0,0.0,,5.95,1.92,39.87,shopify_payments,1.46,USD
3715,102278,2026-02-06T03:02:22Z,,paid,fulfilled,online_store,US,CA,76.0,0.0,,0.0,4.56,80.56,shopify_payments,2.64,USD
3716,102280,2026-02-06T10:31:59Z,,paid,fulfilled,online_store,US,NJ,72.0,0.0,,0.0,4.32,76.32,paypal,3.15,USD
3717,102281,2026-02-06T11:41:32Z,,paid,fulfilled,online_store,US,PA,62.0,0.0,,0.0,3.72,65.72,shopify_payments,2.21,USD
3718,102282,2026-02-06T12:50:07Z,,paid,fulfilled,online_store,CA,ON,62.0,6.2,"AMELIA10,FREESHIP",0.0,2.79,58.59,paypal,2.53,USD
3719,101446,2026-02-06T13:25:50Z,,paid,fulfilled,online_store,US,MA,28.0,0.0,,5.95,1.68,35.63,shopify_payments,1.33,USD
3720,102105,2026-02-06T13:28:45Z,,paid,fulfilled,online_store,US,NC,36.0,0.0,,5.95,2.16,44.11,shopify_payments,1.58,USD
3721,100209,2026-02-06T14:11:27Z,,paid,fulfilled,online_store,US,IL,114.0,0.0,,0.0,6.84,120.84,shopify_payments,3.8,USD
3722,102284,2026-02-06T16:32:12Z,,paid,fulfilled,online_store,US,FL,88.0,0.0,,0.0,5.28,93.28,shopify_payments,3.01,USD
3723,102285,2026-02-06T16:33:22Z,2026-02-07T02:33:22Z,voided,unfulfilled,shop_app,US,MD,60.0,0.0,,0.0,3.6,63.6,paypal,0.0,USD
3724,102286,2026-02-06T17:46:24Z,,paid,fulfilled,online_store,US,MI,70.0,0.0,,0.0,4.2,74.2,shopify_payments,2.45,USD
3725,100795,2026-02-06T19:57:00Z,,paid,fulfilled,online_store,US,NY,117.0,11.7,LOYAL10,0.0,6.32,111.62,shopify_payments,3.54,USD
3726,102288,2026-02-06T20:23:02Z,,paid,fulfilled,shop_app,US,AZ,82.0,0.0,,0.0,4.92,86.92,shop_pay,2.82,USD
3727,101521,2026-02-06T21:04:31Z,2026-02-07T05:04:31Z,voided,unfulfilled,online_store,GB,WLS,22.0,0.0,,12.95,4.4,39.35,shop_pay,0.0,USD
3728,101978,2026-02-06T22:19:56Z,,paid,fulfilled,online_store,US,MI,210.0,0.0,,0.0,12.6,222.6,paypal,8.26,USD
3729,102291,2026-02-07T00:38:22Z,,paid,fulfilled,online_store,US,CA,34.0,0.0,,5.95,2.04,41.99,shopify_payments,1.52,USD
3730,101768,2026-02-07T02:50:25Z,,paid,fulfilled,online_store,US,OH,38.0,0.0,,5.95,2.28,46.23,shopify_payments,1.64,USD
3731,102292,2026-02-07T03:06:59Z,,paid,fulfilled,online_store,US,VA,36.0,0.0,,5.95,2.16,44.11,shopify_payments,1.58,USD
3732,102293,2026-02-07T03:41:05Z,,partially_refunded,fulfilled,online_store,US,CA,70.0,10.5,WELCOME15,0.0,3.57,63.07,shopify_payments,2.13,USD
3733,102294,2026-02-07T03:48:44Z,,paid,fulfilled,online_store,CA,AB,152.0,22.8,WELCOME15,0.0,6.46,135.66,shopify_payments,4.23,USD
3734,101404,2026-02-07T06:36:03Z,,paid,fulfilled,online_store,CA,QC,58.0,5.8,LOYAL10,12.95,2.61,67.76,shopify_payments,2.27,USD
3735,101957,2026-02-07T09:04:37Z,,paid,fulfilled,online_store,US,FL,98.0,0.0,,0.0,5.88,103.88,shopify_payments,3.31,USD
3736,102194,2026-02-07T09:54:45Z,,paid,fulfilled,online_store,US,CO,126.0,0.0,,0.0,7.56,133.56,paypal,5.15,USD
3737,101968,2026-02-07T10:18:00Z,,paid,fulfilled,online_store,US,CA,24.0,0.0,,5.95,1.44,31.39,shopify_payments,1.21,USD
3738,102295,2026-02-07T11:00:33Z,,paid,fulfilled,online_store,US,NY,88.0,0.0,,0.0,5.28,93.28,shop_pay,3.01,USD
3739,102296,2026-02-07T11:57:19Z,,paid,fulfilled,online_store,US,IN,36.0,0.0,,5.95,2.16,44.11,shop_pay,1.58,USD
3740,102200,2026-02-07T12:09:48Z,,paid,fulfilled,shop_app,AU,QLD,57.0,0.0,,12.95,5.7,75.65,shopify_payments,2.49,USD
3741,101966,2026-02-07T12:16:26Z,,paid,fulfilled,online_store,US,WA,59.0,5.9,LOYAL10,0.0,3.19,56.29,shopify_payments,1.93,USD
3742,102297,2026-02-07T14:41:58Z,,paid,fulfilled,online_store,US,MN,38.0,0.0,,5.95,2.28,46.23,paypal,2.1,USD
3743,100929,2026-02-07T15:43:36Z,,paid,fulfilled,online_store,US,MD,92.0,0.0,,0.0,5.52,97.52,shop_pay,3.13,USD
3744,102298,2026-02-07T16:17:22Z,,paid,fulfilled,online_store,US,NY,86.0,10.32,GLOWWITHSAM12,0.0,4.54,80.22,shopify_payments,2.63,USD
3745,102299,2026-02-07T18:11:20Z,,paid,fulfilled,online_store,US,MI,86.0,12.9,WELCOME15,0.0,4.39,77.49,paypal,3.19,USD
3746,101964,2026-02-07T21:11:41Z,,paid,fulfilled,online_store,US,AZ,94.0,22.09,"DERMDIARY10,WELCOME15",0.0,4.31,76.22,paypal,3.15,USD
3747,102300,2026-02-07T21:32:00Z,,partially_refunded,fulfilled,online_store,US,TX,96.0,0.0,,0.0,5.76,101.76,shop_pay,3.25,USD
3748,102301,2026-02-07T22:44:29Z,,paid,fulfilled,online_store,US,WA,22.0,3.3,WELCOME15,5.95,1.12,25.77,paypal,1.39,USD
3749,102302,2026-02-07T23:39:44Z,,paid,fulfilled,online_store,US,TX,111.0,16.65,WELCOME15,0.0,5.66,100.01,shop_pay,3.2,USD
3750,101993,2026-02-08T00:39:13Z,,paid,fulfilled,online_store,GB,ENG,32.0,4.8,WELCOME15,12.95,5.44,45.59,paypal,2.08,USD
3751,102303,2026-02-08T03:52:31Z,,paid,fulfilled,online_store,US,NJ,22.0,0.0,,5.95,1.32,29.27,shop_pay,1.15,USD
3752,101959,2026-02-08T07:11:47Z,,paid,fulfilled,online_store,US,OR,30.0,0.0,,5.95,0.0,35.95,shop_pay,1.34,USD
3753,101770,2026-02-08T07:55:54Z,,paid,fulfilled,shop_app,US,AZ,97.0,0.0,,0.0,5.82,102.82,shopify_payments,3.28,USD
3754,102304,2026-02-08T08:11:08Z,,paid,fulfilled,online_store,US,MA,126.0,0.0,,0.0,7.56,133.56,shopify_payments,4.17,USD
3755,101776,2026-02-08T10:08:03Z,,paid,fulfilled,online_store,US,NJ,66.0,0.0,,0.0,3.96,69.96,shopify_payments,2.33,USD
3756,101238,2026-02-08T10:28:51Z,,paid,fulfilled,online_store,US,MI,34.0,0.0,,5.95,2.04,41.99,shopify_payments,1.52,USD
3757,102305,2026-02-08T10:29:42Z,,paid,fulfilled,online_store,US,WA,22.0,3.3,WELCOME15,5.95,1.12,25.77,shopify_payments,1.05,USD
3758,102306,2026-02-08T10:42:17Z,,paid,fulfilled,online_store,US,FL,72.0,0.0,,0.0,4.32,76.32,shop_pay,2.51,USD
3759,102307,2026-02-08T11:14:27Z,,paid,fulfilled,online_store,US,IL,22.0,3.3,SKINBYJORDAN15,5.95,1.12,25.77,shopify_payments,1.05,USD
3760,101134,2026-02-08T12:10:47Z,,paid,fulfilled,online_store,US,CA,38.0,0.0,,5.95,2.28,46.23,shop_pay,1.64,USD
3761,102309,2026-02-08T12:51:30Z,,paid,fulfilled,online_store,US,NY,22.0,0.0,,5.95,1.32,29.27,shop_pay,1.15,USD
3762,102310,2026-02-08T14:53:57Z,,paid,fulfilled,online_store,US,TX,22.0,2.2,AMELIA10,5.95,1.19,26.94,shop_pay,1.08,USD
3763,101016,2026-02-08T15:04:38Z,,paid,fulfilled,online_store,US,VA,116.0,11.6,LOYAL10,0.0,6.26,110.66,shop_pay,3.51,USD
3764,102311,2026-02-08T15:24:05Z,,paid,fulfilled,online_store,US,TX,108.0,0.0,,0.0,6.48,114.48,shopify_payments,3.62,USD
3765,102312,2026-02-08T16:43:44Z,,paid,fulfilled,online_store,US,MN,36.0,0.0,,5.95,2.16,44.11,shopify_payments,1.58,USD
3766,102314,2026-02-08T17:46:05Z,,paid,fulfilled,online_store,US,NC,32.0,0.0,,5.95,1.92,39.87,shop_pay,1.46,USD
3767,100551,2026-02-08T19:11:31Z,,paid,fulfilled,online_store,US,NC,56.0,5.6,LOYAL10,0.0,3.02,53.42,paypal,2.35,USD
3768,101667,2026-02-08T22:14:03Z,,paid,fulfilled,online_store,US,TX,117.0,0.0,,0.0,7.02,124.02,shopify_payments,3.9,USD
3769,102315,2026-02-08T22:31:35Z,,paid,fulfilled,online_store,AU,VIC,140.0,21.0,WELCOME15,0.0,11.9,130.9,shopify_payments,4.1,USD
3770,102316,2026-02-08T23:01:20Z,,paid,fulfilled,online_store,US,PA,22.0,0.0,,5.95,1.32,29.27,paypal,1.51,USD
3771,102317,2026-02-08T23:13:45Z,,refunded,fulfilled,online_store,US,GA,44.0,6.6,WELCOME15,5.95,2.24,45.59,shopify_payments,1.62,USD
3772,102318,2026-02-08T23:59:08Z,,paid,fulfilled,online_store,US,MI,30.0,0.0,,5.95,1.8,37.75,shopify_payments,1.39,USD
3773,102319,2026-02-09T02:19:59Z,,paid,fulfilled,online_store,US,IN,34.0,0.0,,5.95,2.04,41.99,shop_pay,1.52,USD
3774,100726,2026-02-09T03:59:40Z,,paid,fulfilled,online_store,US,DE,58.0,0.0,,0.0,0.0,58.0,paypal,2.51,USD
3775,100736,2026-02-09T04:13:58Z,,paid,fulfilled,online_store,US,CA,160.0,0.0,,0.0,9.6,169.6,paypal,6.41,USD
3776,102320,2026-02-09T05:56:54Z,,refunded,fulfilled,online_store,US,IN,26.0,0.0,,5.95,1.56,33.51,paypal,1.66,USD
3777,102321,2026-02-09T09:01:29Z,,paid,fulfilled,online_store,US,DE,38.0,5.7,WELCOME15,5.95,0.0,38.25,shopify_payments,1.41,USD
3778,102103,2026-02-09T09:35:08Z,,paid,fulfilled,online_store,US,PA,24.0,0.0,,5.95,1.44,31.39,shopify_payments,1.21,USD
3779,101071,2026-02-09T09:41:33Z,,paid,fulfilled,shop_app,US,CA,53.0,0.0,,0.0,3.18,56.18,paypal,2.45,USD
3780,102322,2026-02-09T12:43:41Z,,partially_refunded,fulfilled,online_store,US,CA,122.0,0.0,,0.0,7.32,129.32,shopify_payments,4.05,USD
3781,102324,2026-02-09T15:58:27Z,,paid,fulfilled,online_store,US,NH,46.0,6.9,SKINBYJORDAN15,5.95,0.0,45.05,shopify_payments,1.61,USD
3782,102325,2026-02-09T16:19:48Z,,paid,fulfilled,online_store,US,MA,32.0,4.8,WELCOME15,5.95,1.63,34.78,shopify_payments,1.31,USD
3783,102326,2026-02-09T17:18:30Z,,paid,fulfilled,online_store,US,AZ,196.0,29.4,WELCOME15,0.0,10.0,176.6,shopify_payments,5.42,USD
3784,102327,2026-02-09T17:59:38Z,,paid,fulfilled,online_store,US,FL,44.0,0.0,,5.95,2.64,52.59,shopify_payments,1.83,USD
3785,102329,2026-02-09T22:49:20Z,,refunded,fulfilled,online_store,US,AZ,34.0,0.0,,5.95,2.04,41.99,paypal,1.96,USD
3786,101354,2026-02-09T23:37:05Z,,paid,fulfilled,online_store,US,WI,28.0,0.0,,5.95,1.68,35.63,paypal,1.73,USD
3787,102330,2026-02-09T23:37:57Z,,paid,fulfilled,online_store,US,CA,32.0,4.8,WELCOME15,5.95,1.63,34.78,shopify_payments,1.31,USD
3788,102331,2026-02-09T23:42:33Z,,paid,fulfilled,shop_app,US,CA,48.0,0.0,,5.95,2.88,56.83,shopify_payments,1.95,USD
3789,102332,2026-02-10T01:03:03Z,,paid,fulfilled,online_store,US,NY,88.0,13.2,WELCOME15,0.0,4.49,79.29,shop_pay,2.6,USD
3790,102120,2026-02-10T01:38:04Z,,paid,fulfilled,shop_app,CA,ON,44.0,0.0,,12.95,2.2,59.15,shopify_payments,2.02,USD
3791,102334,2026-02-10T05:38:36Z,,paid,fulfilled,online_store,AU,VIC,36.0,0.0,FREESHIP,0.0,3.6,39.6,shopify_payments,1.45,USD
3792,101874,2026-02-10T08:09:08Z,,paid,fulfilled,online_store,US,OR,46.0,4.6,LOYAL10,5.95,0.0,47.35,shopify_payments,1.67,USD
3793,102335,2026-02-10T12:16:56Z,,paid,fulfilled,online_store,US,FL,88.0,0.0,,0.0,5.28,93.28,paypal,3.75,USD
3794,102336,2026-02-10T12:18:06Z,,paid,fulfilled,online_store,US,TX,68.0,10.2,WELCOME15,0.0,3.47,61.27,shopify_payments,2.08,USD
3795,102338,2026-02-10T14:33:51Z,,paid,fulfilled,online_store,US,CA,132.0,0.0,,0.0,7.92,139.92,shop_pay,4.36,USD
3796,102339,2026-02-10T19:12:32Z,,paid,fulfilled,online_store,US,FL,66.0,0.0,,0.0,3.96,69.96,paypal,2.93,USD
3797,100369,2026-02-10T22:52:08Z,,partially_refunded,fulfilled,online_store,US,CA,82.0,8.2,LOYAL10,0.0,4.43,78.23,shopify_payments,2.57,USD
3798,102340,2026-02-11T02:47:58Z,,paid,fulfilled,online_store,US,OH,89.0,0.0,,0.0,5.34,94.34,shopify_payments,3.04,USD
3799,101722,2026-02-11T05:01:18Z,,paid,fulfilled,online_store,US,TX,70.0,0.0,,0.0,4.2,74.2,paypal,3.08,USD
3800,102133,2026-02-11T05:16:33Z,,paid,fulfilled,online_store,US,MI,70.0,0.0,,0.0,4.2,74.2,shop_pay,2.45,USD
3801,101179,2026-02-11T10:38:44Z,,paid,fulfilled,online_store,US,TX,29.0,0.0,,5.95,1.74,36.69,shopify_payments,1.36,USD
3802,102342,2026-02-11T15:12:52Z,,partially_refunded,fulfilled,online_store,US,TX,195.0,29.25,WELCOME15,0.0,9.94,175.69,paypal,6.62,USD
3803,102222,2026-02-11T15:36:26Z,,paid,fulfilled,online_store,US,NY,22.0,0.0,,5.95,1.32,29.27,shopify_payments,1.15,USD
3804,102287,2026-02-11T19:30:21Z,,refunded,fulfilled,online_store,US,NY,44.0,0.0,,5.95,2.64,52.59,paypal,2.33,USD
3805,102344,2026-02-11T22:42:11Z,,paid,fulfilled,online_store,US,MA,98.0,0.0,,0.0,5.88,103.88,shop_pay,3.31,USD
3806,102345,2026-02-11T23:55:43Z,,paid,fulfilled,shop_app,US,GA,44.0,4.4,AMELIA10,5.95,2.38,47.93,shopify_payments,1.69,USD
3807,102346,2026-02-11T23:59:46Z,,paid,fulfilled,online_store,GB,WLS,112.0,0.0,,0.0,22.4,134.4,klarna,8.35,USD
3808,102347,2026-02-12T00:18:37Z,,paid,fulfilled,online_store,US,IL,30.0,0.0,,5.95,1.8,37.75,shopify_payments,1.39,USD
3809,102349,2026-02-12T00:55:09Z,,paid,fulfilled,online_store,US,IN,97.0,0.0,,0.0,5.82,102.82,shopify_payments,3.28,USD
3810,102350,2026-02-12T01:12:53Z,,paid,fulfilled,online_store,US,GA,48.0,0.0,,5.95,2.88,56.83,shopify_payments,1.95,USD
3811,100238,2026-02-12T02:37:52Z,,refunded,fulfilled,online_store,US,MN,38.0,0.0,,5.95,2.28,46.23,shopify_payments,1.64,USD
3812,101162,2026-02-12T02:47:30Z,,paid,fulfilled,online_store,US,NC,24.0,2.4,LOYAL10,5.95,1.3,28.85,shopify_payments,1.14,USD
3813,102352,2026-02-12T03:17:47Z,,paid,fulfilled,online_store,US,CA,38.0,0.0,,5.95,2.28,46.23,shopify_payments,1.64,USD
3814,102353,2026-02-12T06:45:48Z,,paid,fulfilled,online_store,US,IN,72.0,0.0,,0.0,4.32,76.32,shop_pay,2.51,USD
3815,102354,2026-02-12T08:54:37Z,,refunded,fulfilled,online_store,US,CA,88.0,0.0,,0.0,5.28,93.28,paypal,3.75,USD
3816,102355,2026-02-12T11:38:17Z,,paid,fulfilled,online_store,CA,QC,124.0,0.0,,0.0,6.2,130.2,shopify_payments,4.08,USD
3817,102356,2026-02-12T11:56:22Z,,paid,fulfilled,online_store,US,TX,36.0,0.0,,5.95,2.16,44.11,paypal,2.03,USD
3818,102337,2026-02-12T13:22:12Z,,paid,fulfilled,online_store,US,MO,32.0,0.0,,5.95,1.92,39.87,shopify_payments,1.46,USD
3819,101793,2026-02-12T14:02:14Z,,paid,fulfilled,online_store,US,OH,131.0,0.0,,0.0,7.86,138.86,shopify_payments,4.33,USD
3820,102357,2026-02-12T16:09:29Z,,paid,fulfilled,online_store,US,TX,84.0,12.6,WELCOME15,0.0,4.28,75.68,shopify_payments,2.49,USD
3821,102358,2026-02-12T16:48:46Z,,paid,fulfilled,online_store,US,WA,88.0,10.56,GLOWWITHSAM12,0.0,4.65,82.09,shopify_payments,2.68,USD
3822,101310,2026-02-12T19:11:01Z,,paid,fulfilled,online_store,US,TX,166.0,16.6,LOYAL10,0.0,8.96,158.36,shopify_payments,4.89,USD
3823,101098,2026-02-12T20:29:26Z,,paid,fulfilled,shop_app,US,NY,58.0,0.0,,0.0,3.48,61.48,shopify_payments,2.08,USD
3824,100694,2026-02-12T21:12:36Z,,paid,fulfilled,online_store,US,AZ,26.0,2.6,LOYAL10,5.95,1.4,30.75,shop_pay,1.19,USD
3825,102289,2026-02-12T21:32:37Z,,paid,fulfilled,online_store,US,NJ,22.0,0.0,FREESHIP,0.0,1.32,23.32,paypal,1.3,USD
3826,101907,2026-02-13T00:36:22Z,,paid,fulfilled,online_store,US,GA,234.0,0.0,,0.0,14.04,248.04,shopify_payments,7.49,USD
3827,102361,2026-02-13T07:15:25Z,,paid,fulfilled,online_store,US,MO,110.0,16.5,WELCOME15,0.0,5.61,99.11,shopify_payments,3.17,USD
3828,102040,2026-02-13T07:42:54Z,,paid,fulfilled,shop_app,AU,NSW,34.0,3.4,LOYAL10,12.95,3.06,46.61,shopify_payments,1.65,USD
3829,102362,2026-02-13T09:14:19Z,,paid,fulfilled,online_store,US,NJ,26.0,0.0,,5.95,1.56,33.51,shopify_payments,1.27,USD
3830,102363,2026-02-13T09:38:26Z,,paid,fulfilled,online_store,US,NC,28.0,0.0,,5.95,1.68,35.63,shopify_payments,1.33,USD
3831,102364,2026-02-13T10:34:41Z,,paid,fulfilled,online_store,US,NY,132.0,0.0,,0.0,7.92,139.92,shop_pay,4.36,USD
3832,102366,2026-02-13T12:34:34Z,,paid,fulfilled,online_store,US,FL,29.0,4.35,WELCOME15,5.95,1.48,32.08,paypal,1.61,USD
3833,100609,2026-02-13T12:57:43Z,,paid,fulfilled,online_store,US,TX,136.0,0.0,,0.0,8.16,144.16,shopify_payments,4.48,USD
3834,102368,2026-02-13T14:11:32Z,,paid,fulfilled,online_store,US,IN,22.0,3.3,"WELCOME15,FREESHIP",0.0,1.12,19.82,shopify_payments,0.87,USD
3835,102369,2026-02-13T14:49:50Z,,paid,fulfilled,online_store,US,MI,44.0,0.0,,5.95,2.64,52.59,shopify_payments,1.83,USD
3836,102370,2026-02-13T20:29:17Z,,paid,fulfilled,online_store,US,NJ,28.0,0.0,,5.95,1.68,35.63,shop_pay,1.33,USD
3837,102359,2026-02-13T20:32:12Z,,paid,fulfilled,online_store,AU,QLD,82.0,0.0,,12.95,8.2,103.15,paypal,4.09,USD
3838,102371,2026-02-13T20:39:38Z,,paid,fulfilled,online_store,US,IN,64.0,9.6,WELCOME15,0.0,3.26,57.66,shopify_payments,1.97,USD
3839,102372,2026-02-13T21:19:45Z,,paid,fulfilled,online_store,US,CO,96.0,14.4,WELCOME15,0.0,4.9,86.5,paypal,3.51,USD
3840,102373,2026-02-13T21:50:11Z,,paid,fulfilled,online_store,US,IL,38.0,5.7,WELCOME15,5.95,1.94,40.19,shopify_payments,1.47,USD
3841,102079,2026-02-13T21:53:30Z,,paid,fulfilled,online_store,US,MA,26.0,2.6,LOYAL10,5.95,1.4,30.75,shopify_payments,1.19,USD
3842,102374,2026-02-13T23:15:32Z,,paid,fulfilled,online_store,US,OH,64.0,0.0,,0.0,3.84,67.84,shopify_payments,2.27,USD
3843,101938,2026-02-14T03:54:57Z,,paid,fulfilled,online_store,AU,NSW,117.0,11.7,LOYAL10,0.0,10.53,115.83,shopify_payments,3.66,USD
3844,102123,2026-02-14T08:06:00Z,,paid,fulfilled,online_store,US,NH,22.0,2.2,LOYAL10,5.95,0.0,25.75,shopify_payments,1.05,USD
3845,102380,2026-02-14T10:57:09Z,,paid,fulfilled,online_store,US,TN,32.0,4.8,WELCOME15,5.95,1.63,34.78,shop_pay,1.31,USD
3846,102382,2026-02-14T14:11:29Z,,paid,fulfilled,online_store,US,IN,38.0,0.0,,5.95,2.28,46.23,shop_pay,1.64,USD
3847,102383,2026-02-14T17:02:15Z,,partially_refunded,fulfilled,online_store,US,GA,80.0,0.0,,0.0,4.8,84.8,shop_pay,2.76,USD
3848,102384,2026-02-14T17:22:09Z,,paid,fulfilled,online_store,US,NJ,99.0,0.0,,0.0,5.94,104.94,shop_pay,3.34,USD
3849,102386,2026-02-14T18:16:14Z,,paid,fulfilled,online_store,US,NH,94.0,0.0,,0.0,0.0,94.0,shopify_payments,3.03,USD
3850,102343,2026-02-14T19:01:24Z,,paid,fulfilled,online_store,US,TX,76.0,11.4,WELCOME15,0.0,3.88,68.48,shopify_payments,2.29,USD
3851,102387,2026-02-14T20:31:39Z,,paid,fulfilled,online_store,US,TX,32.0,0.0,,5.95,1.92,39.87,klarna,2.69,USD
3852,102388,2026-02-14T21:05:17Z,,paid,fulfilled,online_store,US,WA,177.0,26.55,WELCOME15,0.0,9.03,159.48,paypal,6.06,USD
3853,102389,2026-02-14T22:40:02Z,,paid,fulfilled,online_store,US,IL,66.0,0.0,,0.0,3.96,69.96,shopify_payments,2.33,USD
3854,102390,2026-02-14T23:45:08Z,,paid,fulfilled,online_store,US,FL,56.0,0.0,,0.0,3.36,59.36,paypal,2.56,USD
3855,101983,2026-02-15T00:00:17Z,,paid,fulfilled,shop_app,US,MO,44.0,0.0,,5.95,2.64,52.59,shopify_payments,1.83,USD
3856,102391,2026-02-15T00:46:02Z,,refunded,fulfilled,online_store,US,CO,88.0,13.2,WELCOME15,0.0,4.49,79.29,shopify_payments,2.6,USD
3857,102393,2026-02-15T02:08:24Z,,partially_refunded,fulfilled,online_store,US,MI,32.0,4.8,"WELCOME15,FREESHIP",0.0,1.63,28.83,paypal,1.5,USD
3858,100136,2026-02-15T09:32:54Z,,paid,fulfilled,online_store,US,NJ,112.0,0.0,,0.0,6.72,118.72,shop_pay,3.74,USD
3859,102396,2026-02-15T10:04:08Z,,paid,fulfilled,online_store,US,NY,26.0,3.9,WELCOME15,5.95,1.33,29.38,shopify_payments,1.15,USD
3860,102397,2026-02-15T13:21:21Z,,paid,fulfilled,online_store,US,CA,54.0,8.1,WELCOME15,5.95,2.75,54.6,shopify_payments,1.88,USD
3861,102398,2026-02-15T13:36:36Z,,partially_refunded,fulfilled,online_store,US,FL,72.0,0.0,,0.0,4.32,76.32,shopify_payments,2.51,USD
3862,102399,2026-02-15T13:53:20Z,,partially_refunded,fulfilled,online_store,US,FL,96.0,14.4,WELCOME15,0.0,4.9,86.5,shop_pay,2.81,USD
3863,101207,2026-02-15T17:50:33Z,,paid,fulfilled,shop_app,GB,ENG,28.0,0.0,,12.95,5.6,46.55,shopify_payments,1.65,USD
3864,102400,2026-02-15T20:32:41Z,,paid,fulfilled,online_store,US,FL,29.0,0.0,,5.95,1.74,36.69,shopify_payments,1.36,USD
3865,102401,2026-02-16T00:05:20Z,,paid,fulfilled,online_store,US,CA,26.0,3.9,WELCOME15,5.95,1.33,29.38,shopify_payments,1.15,USD
3866,102402,2026-02-16T01:47:55Z,,paid,fulfilled,shop_app,US,NY,24.0,3.6,WELCOME15,5.95,1.22,27.57,shopify_payments,1.1,USD
3867,102403,2026-02-16T02:07:18Z,,partially_refunded,fulfilled,shop_app,US,WA,58.0,8.7,WELCOME15,5.95,2.96,58.21,shopify_payments,1.99,USD
3868,101395,2026-02-16T02:50:28Z,,paid,fulfilled,online_store,US,OR,117.0,0.0,,0.0,0.0,117.0,shopify_payments,3.69,USD
3869,102404,2026-02-16T03:25:31Z,,paid,fulfilled,online_store,US,MO,22.0,3.3,WELCOME15,5.95,1.12,25.77,shopify_payments,1.05,USD
3870,102405,2026-02-16T05:44:52Z,,paid,fulfilled,online_store,US,FL,22.0,0.0,,5.95,1.32,29.27,shopify_payments,1.15,USD
3871,101257,2026-02-16T07:53:27Z,,paid,fulfilled,online_store,GB,ENG,34.0,0.0,,12.95,6.8,53.75,shopify_payments,1.86,USD
3872,102406,2026-02-16T10:25:56Z,,paid,fulfilled,online_store,US,WA,38.0,0.0,,5.95,2.28,46.23,shopify_payments,1.64,USD
3873,102407,2026-02-16T12:05:11Z,,paid,fulfilled,online_store,US,AZ,142.0,21.3,WELCOME15,0.0,7.24,127.94,shopify_payments,4.01,USD
3874,102408,2026-02-16T14:27:35Z,,paid,fulfilled,online_store,US,OH,26.0,3.9,WELCOME15,5.95,1.33,29.38,shopify_payments,1.15,USD
3875,102409,2026-02-16T14:40:05Z,,paid,fulfilled,online_store,US,MI,184.0,0.0,,0.0,11.04,195.04,paypal,7.3,USD
3876,102061,2026-02-16T15:18:24Z,,paid,fulfilled,online_store,US,FL,34.0,5.1,WELCOME15,5.95,1.73,36.58,shopify_payments,1.36,USD
3877,102410,2026-02-16T16:20:16Z,,paid,fulfilled,online_store,US,NY,88.0,13.2,WELCOME15,0.0,4.49,79.29,shopify_payments,2.6,USD
3878,102411,2026-02-16T17:52:25Z,,paid,fulfilled,online_store,US,MA,34.0,0.0,,5.95,2.04,41.99,shopify_payments,1.52,USD
3879,102412,2026-02-16T19:17:00Z,,paid,fulfilled,online_store,US,FL,60.0,9.0,WELCOME15,0.0,3.06,54.06,shopify_payments,1.87,USD
3880,102413,2026-02-16T19:47:43Z,,paid,fulfilled,online_store,US,WA,106.0,15.9,WELCOME15,0.0,5.41,95.51,shop_pay,3.07,USD
3881,102414,2026-02-16T20:49:31Z,,paid,fulfilled,online_store,US,DE,38.0,0.0,,5.95,0.0,43.95,shopify_payments,1.57,USD
3882,101943,2026-02-17T00:31:27Z,,paid,fulfilled,online_store,US,NY,44.0,0.0,,5.95,2.64,52.59,shop_pay,1.83,USD
3883,102415,2026-02-17T02:26:57Z,,paid,fulfilled,online_store,US,CA,22.0,3.3,WELCOME15,5.95,1.12,25.77,shopify_payments,1.05,USD
3884,102099,2026-02-17T02:54:59Z,,paid,fulfilled,online_store,US,NY,132.0,19.8,WELCOME15,0.0,6.73,118.93,shopify_payments,3.75,USD
3885,102416,2026-02-17T08:46:55Z,,paid,fulfilled,online_store,US,OH,74.0,0.0,,0.0,4.44,78.44,shopify_payments,2.57,USD
3886,102418,2026-02-17T12:29:31Z,,paid,fulfilled,online_store,US,CO,72.0,10.8,WELCOME15,0.0,3.67,64.87,shopify_payments,2.18,USD
3887,102419,2026-02-17T14:52:07Z,,paid,fulfilled,online_store,US,TX,153.0,0.0,,0.0,9.18,162.18,klarna,10.01,USD
3888,101436,2026-02-17T16:43:46Z,,paid,fulfilled,online_store,US,MO,58.0,0.0,,0.0,3.48,61.48,shopify_payments,2.08,USD
3889,102420,2026-02-17T17:07:29Z,,paid,fulfilled,online_store,US,NY,67.0,10.05,WELCOME15,0.0,3.42,60.37,shopify_payments,2.05,USD
3890,102421,2026-02-18T00:25:07Z,,paid,fulfilled,online_store,US,WA,100.0,0.0,,0.0,6.0,106.0,shopify_payments,3.37,USD
3891,102422,2026-02-18T00:46:56Z,,paid,fulfilled,online_store,US,FL,160.0,0.0,,0.0,9.6,169.6,shopify_payments,5.22,USD
3892,102423,2026-02-18T01:20:29Z,,paid,fulfilled,online_store,US,NY,32.0,4.8,WELCOME15,5.95,1.63,34.78,shopify_payments,1.31,USD
3893,101622,2026-02-18T10:21:22Z,,paid,fulfilled,online_store,US,CO,22.0,0.0,,5.95,1.32,29.27,shopify_payments,1.15,USD
3894,102425,2026-02-18T10:48:36Z,,paid,fulfilled,online_store,US,MA,24.0,0.0,,5.95,1.44,31.39,shop_pay,1.21,USD
3895,102427,2026-02-18T15:32:53Z,,paid,fulfilled,online_store,CA,BC,70.0,10.5,WELCOME15,12.95,2.98,75.43,shop_pay,2.49,USD
3896,102428,2026-02-18T15:48:09Z,,paid,fulfilled,online_store,US,TN,105.0,15.75,WELCOME15,0.0,5.36,94.61,shopify_payments,3.04,USD
3897,102429,2026-02-18T15:55:09Z,,paid,fulfilled,online_store,US,MI,30.0,0.0,,5.95,1.8,37.75,shopify_payments,1.39,USD
3898,102430,2026-02-18T18:56:35Z,,paid,fulfilled,online_store,US,CA,22.0,0.0,,5.95,1.32,29.27,shopify_payments,1.15,USD
3899,102432,2026-02-19T01:26:19Z,,paid,fulfilled,online_store,US,NJ,126.0,0.0,,0.0,7.56,133.56,shop_pay,4.17,USD
3900,101047,2026-02-19T03:34:32Z,,paid,fulfilled,online_store,US,FL,44.0,4.4,LOYAL10,5.95,2.38,47.93,shop_pay,1.69,USD
3901,102433,2026-02-19T04:46:52Z,,paid,fulfilled,online_store,US,CA,44.0,6.6,WELCOME15,5.95,2.24,45.59,shop_pay,1.62,USD
3902,102434,2026-02-19T06:23:58Z,,paid,fulfilled,online_store,US,NJ,93.0,13.95,WELCOME15,0.0,4.74,83.79,shopify_payments,2.73,USD
3903,102435,2026-02-19T08:21:20Z,,paid,fulfilled,online_store,US,NJ,48.0,0.0,,5.95,2.88,56.83,shopify_payments,1.95,USD
3904,101820,2026-02-19T09:32:08Z,,paid,fulfilled,online_store,US,WA,29.0,2.9,LOYAL10,5.95,1.57,33.62,klarna,2.31,USD
3905,102436,2026-02-19T13:10:36Z,,paid,fulfilled,online_store,US,GA,124.0,18.6,WELCOME15,0.0,6.32,111.72,shopify_payments,3.54,USD
3906,102437,2026-02-19T15:23:38Z,,paid,fulfilled,online_store,US,CA,38.0,5.7,WELCOME15,5.95,1.94,40.19,shopify_payments,1.47,USD
3907,101695,2026-02-19T15:53:29Z,,paid,fulfilled,online_store,US,MI,110.0,0.0,,0.0,6.6,116.6,shop_pay,3.68,USD
3908,101761,2026-02-19T17:32:01Z,,paid,fulfilled,online_store,US,TX,44.0,0.0,,5.95,2.64,52.59,shopify_payments,1.83,USD
3909,102438,2026-02-19T23:45:30Z,,paid,fulfilled,online_store,US,TX,70.0,0.0,,0.0,4.2,74.2,shopify_payments,2.45,USD
3910,102439,2026-02-20T00:27:54Z,,partially_refunded,fulfilled,online_store,US,IL,56.0,8.4,WELCOME15,5.95,2.86,56.41,shopify_payments,1.94,USD
3911,102440,2026-02-20T02:11:50Z,,paid,fulfilled,online_store,US,NY,70.0,0.0,,0.0,4.2,74.2,shopify_payments,2.45,USD
3912,102441,2026-02-20T02:18:01Z,,paid,fulfilled,shop_app,GB,WLS,126.0,18.9,WELCOME15,0.0,21.42,128.52,shopify_payments,4.03,USD
3913,102442,2026-02-20T03:45:28Z,,paid,fulfilled,online_store,AU,QLD,30.0,0.0,,12.95,3.0,45.95,paypal,2.09,USD
3914,102443,2026-02-20T10:10:38Z,2026-02-20T13:10:38Z,voided,unfulfilled,online_store,US,VA,22.0,3.3,WELCOME15,5.95,1.12,25.77,shopify_payments,0.0,USD
3915,102444,2026-02-20T11:49:04Z,,paid,fulfilled,online_store,US,CA,29.0,0.0,,5.95,1.74,36.69,paypal,1.77,USD
3916,101759,2026-02-20T12:02:23Z,,paid,fulfilled,online_store,GB,WLS,88.0,0.0,,0.0,17.6,105.6,shop_pay,3.36,USD
3917,102445,2026-02-20T12:26:51Z,,paid,fulfilled,online_store,US,MA,72.0,0.0,,0.0,4.32,76.32,shopify_payments,2.51,USD
3918,102446,2026-02-20T13:01:51Z,,paid,fulfilled,online_store,US,TX,32.0,0.0,,5.95,1.92,39.87,shopify_payments,1.46,USD
3919,102447,2026-02-20T13:08:06Z,,paid,fulfilled,online_store,US,TX,32.0,4.8,WELCOME15,5.95,1.63,34.78,shop_pay,1.31,USD
3920,102448,2026-02-20T15:35:55Z,,paid,fulfilled,online_store,US,DE,176.0,0.0,,0.0,0.0,176.0,shopify_payments,5.4,USD
3921,100944,2026-02-20T15:43:21Z,,paid,fulfilled,online_store,US,NC,88.0,8.8,LOYAL10,0.0,4.75,83.95,shopify_payments,2.73,USD
3922,102084,2026-02-20T18:52:58Z,,paid,fulfilled,online_store,US,CA,148.0,0.0,,0.0,8.88,156.88,paypal,5.97,USD
3923,102449,2026-02-20T23:20:24Z,,paid,fulfilled,online_store,US,GA,38.0,5.7,WELCOME15,5.95,1.94,40.19,shopify_payments,1.47,USD
3924,102451,2026-02-21T01:33:19Z,,paid,fulfilled,online_store,US,FL,34.0,0.0,,5.95,2.04,41.99,shopify_payments,1.52,USD
3925,102452,2026-02-21T01:50:31Z,,paid,fulfilled,online_store,US,PA,56.0,8.4,WELCOME15,5.95,2.86,56.41,shopify_payments,1.94,USD
3926,102455,2026-02-21T12:32:40Z,,paid,fulfilled,online_store,US,FL,38.0,5.7,WELCOME15,5.95,1.94,40.19,shopify_payments,1.47,USD
3927,102456,2026-02-21T13:05:29Z,,paid,fulfilled,online_store,US,CA,60.0,0.0,,0.0,3.6,63.6,shop_pay,2.14,USD
3928,102457,2026-02-21T14:15:29Z,,paid,fulfilled,online_store,US,VA,36.0,0.0,,5.95,2.16,44.11,shopify_payments,1.58,USD
3929,102460,2026-02-21T17:10:49Z,,paid,fulfilled,online_store,US,MO,68.0,0.0,,0.0,4.08,72.08,shopify_payments,2.39,USD
3930,102461,2026-02-21T17:32:31Z,,paid,fulfilled,online_store,US,IN,26.0,0.0,,5.95,1.56,33.51,shopify_payments,1.27,USD
3931,102462,2026-02-21T18:24:43Z,,paid,fulfilled,online_store,US,NJ,95.0,0.0,,0.0,5.7,100.7,shop_pay,3.22,USD
3932,102463,2026-02-21T19:20:29Z,,paid,fulfilled,online_store,US,NC,114.0,0.0,,0.0,6.84,120.84,shopify_payments,3.8,USD
3933,102464,2026-02-21T20:19:36Z,,paid,fulfilled,online_store,US,MI,84.0,0.0,,0.0,5.04,89.04,shopify_payments,2.88,USD
3934,102465,2026-02-21T21:12:27Z,,paid,fulfilled,online_store,US,VA,29.0,0.0,,5.95,1.74,36.69,shopify_payments,1.36,USD
3935,102466,2026-02-22T00:35:36Z,,paid,fulfilled,online_store,US,IN,88.0,0.0,,0.0,5.28,93.28,shopify_payments,3.01,USD
3936,102056,2026-02-22T01:21:58Z,,paid,fulfilled,online_store,CA,BC,178.0,0.0,,0.0,8.9,186.9,shop_pay,5.72,USD
3937,101940,2026-02-22T02:55:52Z,,paid,fulfilled,online_store,US,MD,36.0,0.0,,5.95,2.16,44.11,shopify_payments,1.58,USD
3938,101807,2026-02-22T04:58:50Z,,paid,fulfilled,online_store,US,OR,38.0,0.0,,5.95,0.0,43.95,paypal,2.02,USD
3939,102468,2026-02-22T06:32:13Z,,paid,fulfilled,online_store,US,VA,100.0,15.0,WELCOME15,0.0,5.1,90.1,shop_pay,2.91,USD
3940,102469,2026-02-22T07:46:14Z,,paid,fulfilled,online_store,US,IL,30.0,0.0,,5.95,1.8,37.75,shopify_payments,1.39,USD
3941,102470,2026-02-22T10:19:35Z,,paid,fulfilled,online_store,AU,WA,126.0,0.0,,0.0,12.6,138.6,shopify_payments,4.32,USD
3942,100699,2026-02-22T10:36:34Z,,paid,fulfilled,online_store,US,PA,176.0,17.6,LOYAL10,0.0,9.5,167.9,shopify_payments,5.17,USD
3943,102471,2026-02-22T11:43:58Z,,paid,fulfilled,online_store,US,CA,32.0,4.8,WELCOME15,5.95,1.63,34.78,shop_pay,1.31,USD
3944,102472,2026-02-22T12:29:01Z,,paid,fulfilled,online_store,AU,VIC,98.0,0.0,,0.0,9.8,107.8,shopify_payments,3.43,USD
3945,102474,2026-02-22T14:49:11Z,,paid,fulfilled,online_store,US,FL,61.0,0.0,,0.0,3.66,64.66,shopify_payments,2.18,USD
3946,101662,2026-02-22T16:30:20Z,,paid,fulfilled,online_store,CA,QC,44.0,4.4,LOYAL10,12.95,1.98,54.53,paypal,2.39,USD
3947,102475,2026-02-22T19:49:33Z,,paid,fulfilled,online_store,AU,WA,67.0,0.0,,12.95,6.7,86.65,shopify_payments,2.81,USD
3948,101172,2026-02-22T20:37:59Z,,paid,fulfilled,online_store,US,FL,54.0,5.4,LOYAL10,5.95,2.92,57.47,shopify_payments,1.97,USD
3949,102476,2026-02-22T22:58:02Z,,paid,fulfilled,online_store,US,CA,38.0,0.0,,5.95,2.28,46.23,shopify_payments,1.64,USD
3950,102477,2026-02-22T23:43:14Z,,paid,fulfilled,online_store,US,CA,36.0,0.0,,5.95,2.16,44.11,shopify_payments,1.58,USD
3951,102478,2026-02-23T01:14:05Z,,paid,fulfilled,online_store,US,NC,68.0,0.0,,0.0,4.08,72.08,shopify_payments,2.39,USD
3952,102169,2026-02-23T04:11:11Z,,paid,fulfilled,online_store,US,TX,108.0,10.8,LOYAL10,0.0,5.83,103.03,shop_pay,3.29,USD
3953,101071,2026-02-23T06:09:30Z,,paid,fulfilled,online_store,US,CA,46.0,0.0,,5.95,2.76,54.71,shopify_payments,1.89,USD
3954,101813,2026-02-23T06:52:19Z,,paid,fulfilled,online_store,CA,QC,139.0,13.9,LOYAL10,0.0,6.26,131.36,paypal,5.07,USD
3955,102479,2026-02-23T09:21:56Z,,paid,fulfilled,shop_app,US,WA,29.0,0.0,,5.95,1.74,36.69,shopify_payments,1.36,USD
3956,102480,2026-02-23T11:37:34Z,,paid,fulfilled,online_store,US,NJ,110.0,16.5,WELCOME15,0.0,5.61,99.11,shopify_payments,3.17,USD
3957,102481,2026-02-23T12:00:48Z,,paid,fulfilled,online_store,US,CO,24.0,0.0,,5.95,1.44,31.39,shop_pay,1.21,USD
3958,102483,2026-02-23T14:00:33Z,,refunded,fulfilled,online_store,US,CA,38.0,5.7,SKINBYJORDAN15,5.95,1.94,40.19,shopify_payments,1.47,USD
3959,102484,2026-02-23T14:36:37Z,,paid,fulfilled,online_store,US,NY,32.0,0.0,,5.95,1.92,39.87,shop_pay,1.46,USD
3960,102485,2026-02-23T15:05:43Z,,paid,fulfilled,online_store,CA,QC,24.0,0.0,,12.95,1.2,38.15,paypal,1.82,USD
3961,102029,2026-02-23T15:11:26Z,,paid,fulfilled,online_store,US,NY,156.0,15.6,LOYAL10,0.0,8.42,148.82,shopify_payments,4.62,USD
3962,102486,2026-02-23T16:49:02Z,,refunded,fulfilled,online_store,US,FL,29.0,0.0,,5.95,1.74,36.69,shopify_payments,1.36,USD
3963,102085,2026-02-23T20:06:44Z,,paid,fulfilled,online_store,US,MA,44.0,6.6,WELCOME15,5.95,2.24,45.59,shopify_payments,1.62,USD
3964,102487,2026-02-23T22:26:00Z,,paid,fulfilled,online_store,US,CA,88.0,13.2,WELCOME15,0.0,4.49,79.29,shop_pay,2.6,USD
3965,101347,2026-02-23T23:57:19Z,,paid,fulfilled,shop_app,US,VA,28.0,0.0,,5.95,1.68,35.63,shop_pay,1.33,USD
3966,102073,2026-02-24T00:31:57Z,,paid,fulfilled,online_store,US,TX,34.0,5.1,WELCOME15,5.95,1.73,36.58,shopify_payments,1.36,USD
3967,100327,2026-02-24T00:34:03Z,,paid,fulfilled,shop_app,US,CO,73.0,0.0,,0.0,4.38,77.38,shopify_payments,2.54,USD
3968,102488,2026-02-24T02:39:43Z,,paid,fulfilled,online_store,US,AZ,88.0,13.2,WELCOME15,0.0,4.49,79.29,paypal,3.26,USD
3969,101166,2026-02-24T04:44:41Z,,paid,fulfilled,online_store,US,OR,98.0,0.0,,0.0,0.0,98.0,shopify_payments,3.14,USD
3970,100195,2026-02-24T12:21:53Z,,paid,fulfilled,online_store,US,IN,76.0,0.0,,0.0,4.56,80.56,paypal,3.3,USD
3971,102184,2026-02-24T12:26:26Z,,paid,fulfilled,online_store,US,VA,80.0,8.0,LOYAL10,0.0,4.32,76.32,shopify_payments,2.51,USD
3972,102489,2026-02-24T13:07:43Z,,paid,fulfilled,online_store,US,CA,32.0,4.8,WELCOME15,5.95,1.63,34.78,shopify_payments,1.31,USD
3973,102490,2026-02-24T14:58:41Z,,paid,fulfilled,online_store,US,PA,28.0,4.2,WELCOME15,5.95,1.43,31.18,shopify_payments,1.2,USD
3974,102491,2026-02-24T20:34:05Z,,paid,fulfilled,online_store,US,CA,30.0,4.5,WELCOME15,5.95,1.53,32.98,shopify_payments,1.26,USD
3975,102290,2026-02-24T22:56:45Z,,paid,fulfilled,online_store,US,TX,24.0,0.0,,5.95,1.44,31.39,shop_pay,1.21,USD
3976,102492,2026-02-25T02:07:31Z,,paid,fulfilled,online_store,US,GA,38.0,0.0,,5.95,2.28,46.23,shopify_payments,1.64,USD
3977,102082,2026-02-25T05:58:46Z,,paid,fulfilled,online_store,US,IL,61.0,0.0,,0.0,3.66,64.66,paypal,2.75,USD
3978,102493,2026-02-25T08:26:12Z,,paid,fulfilled,online_store,US,NJ,72.0,0.0,,0.0,4.32,76.32,shopify_payments,2.51,USD
3979,102494,2026-02-25T11:45:31Z,,paid,fulfilled,online_store,US,WA,50.0,7.5,WELCOME15,5.95,2.55,51.0,shop_pay,1.78,USD
3980,102495,2026-02-25T13:08:52Z,,paid,fulfilled,online_store,US,CA,28.0,4.2,SKINBYJORDAN15,5.95,1.43,31.18,shopify_payments,1.2,USD
3981,101673,2026-02-25T13:17:40Z,,paid,fulfilled,online_store,US,VA,32.0,0.0,,5.95,1.92,39.87,shopify_payments,1.46,USD
3982,102496,2026-02-25T14:53:51Z,,paid,fulfilled,online_store,GB,ENG,26.0,0.0,,12.95,5.2,44.15,shopify_payments,1.58,USD
3983,102497,2026-02-25T16:37:53Z,2026-02-25T21:37:53Z,voided,unfulfilled,online_store,US,NJ,66.0,0.0,,0.0,3.96,69.96,shop_pay,0.0,USD
3984,102498,2026-02-25T16:48:38Z,,paid,fulfilled,online_store,US,CA,132.0,0.0,,0.0,7.92,139.92,shopify_payments,4.36,USD
3985,101875,2026-02-25T18:30:32Z,,partially_refunded,fulfilled,online_store,US,FL,152.0,0.0,,0.0,9.12,161.12,shopify_payments,4.97,USD
3986,102500,2026-02-25T22:51:42Z,,paid,fulfilled,online_store,US,OH,60.0,9.0,WELCOME15,0.0,3.06,54.06,shopify_payments,1.87,USD
3987,102501,2026-02-25T23:21:08Z,,paid,fulfilled,online_store,US,NY,53.0,0.0,,0.0,3.18,56.18,klarna,3.67,USD
3988,102502,2026-02-26T02:01:24Z,,paid,fulfilled,online_store,US,NY,76.0,0.0,,0.0,4.56,80.56,shopify_payments,2.64,USD
3989,102503,2026-02-26T02:21:03Z,,paid,fulfilled,online_store,US,IL,88.0,0.0,,0.0,5.28,93.28,paypal,3.75,USD
3990,102504,2026-02-26T03:16:20Z,,paid,fulfilled,shop_app,US,OR,38.0,0.0,,5.95,0.0,43.95,shop_pay,1.57,USD
3991,102505,2026-02-26T04:17:00Z,,paid,fulfilled,shop_app,US,TX,44.0,0.0,,5.95,2.64,52.59,shop_pay,1.83,USD
3992,102506,2026-02-26T06:36:58Z,,paid,fulfilled,online_store,CA,QC,80.0,12.0,WELCOME15,12.95,3.4,84.35,shopify_payments,2.75,USD
3993,101960,2026-02-26T08:37:55Z,,paid,fulfilled,online_store,US,TX,95.0,0.0,,0.0,5.7,100.7,paypal,4.0,USD
3994,102507,2026-02-26T12:16:59Z,,paid,fulfilled,shop_app,US,CA,194.0,0.0,,0.0,11.64,205.64,paypal,7.67,USD
3995,102508,2026-02-26T13:14:56Z,,paid,fulfilled,shop_app,US,MO,38.0,0.0,,5.95,2.28,46.23,shopify_payments,1.64,USD
3996,102509,2026-02-26T14:10:46Z,,paid,fulfilled,shop_app,AU,VIC,38.0,0.0,,12.95,3.8,54.75,shopify_payments,1.89,USD
3997,102510,2026-02-26T16:35:38Z,,paid,fulfilled,shop_app,US,MD,67.0,10.05,WELCOME15,0.0,3.42,60.37,shopify_payments,2.05,USD
3998,102511,2026-02-26T18:40:21Z,,paid,fulfilled,online_store,US,WI,76.0,11.4,WELCOME15,0.0,3.88,68.48,paypal,2.88,USD
3999,102328,2026-02-26T20:15:41Z,,refunded,fulfilled,online_store,US,NY,32.0,0.0,,5.95,1.92,39.87,shop_pay,1.46,USD
4000,102513,2026-02-26T23:18:51Z,,partially_refunded,fulfilled,online_store,US,CA,114.0,0.0,,0.0,6.84,120.84,paypal,4.71,USD
4001,102514,2026-02-27T01:29:08Z,,paid,fulfilled,online_store,CA,ON,88.0,13.2,NOURISHED15,12.95,3.74,91.49,shopify_payments,2.95,USD
4002,102515,2026-02-27T01:33:58Z,,paid,fulfilled,online_store,US,NY,90.0,13.5,WELCOME15,0.0,4.59,81.09,paypal,3.32,USD
4003,102516,2026-02-27T03:11:33Z,,paid,fulfilled,online_store,US,MO,32.0,0.0,,5.95,1.92,39.87,shopify_payments,1.46,USD
4004,101276,2026-02-27T05:32:49Z,,paid,fulfilled,online_store,US,CA,64.0,6.4,LOYAL10,0.0,3.46,61.06,shop_pay,2.07,USD
4005,102520,2026-02-27T11:57:41Z,,paid,fulfilled,online_store,US,TX,34.0,5.1,WELCOME15,5.95,1.73,36.58,shopify_payments,1.36,USD
4006,101219,2026-02-27T12:32:21Z,,paid,fulfilled,online_store,US,MN,60.0,0.0,,0.0,3.6,63.6,shopify_payments,2.14,USD
4007,102521,2026-02-27T12:44:05Z,,paid,fulfilled,online_store,US,AZ,126.0,12.6,AMELIA10,0.0,6.8,120.2,shopify_payments,3.79,USD
4008,100847,2026-02-27T13:28:12Z,,paid,fulfilled,online_store,US,IN,60.0,0.0,,0.0,3.6,63.6,shopify_payments,2.14,USD
4009,102522,2026-02-27T14:30:13Z,,paid,fulfilled,online_store,US,TX,38.0,0.0,,5.95,2.28,46.23,shopify_payments,1.64,USD
4010,102523,2026-02-27T14:36:29Z,,paid,fulfilled,online_store,US,WA,34.0,5.1,WELCOME15,5.95,1.73,36.58,paypal,1.77,USD
4011,102524,2026-02-27T14:37:50Z,,paid,fulfilled,online_store,US,NY,28.0,0.0,,5.95,1.68,35.63,shopify_payments,1.33,USD
4012,101583,2026-02-27T15:06:03Z,,paid,fulfilled,online_store,GB,WLS,74.0,0.0,,12.95,14.8,101.75,shopify_payments,3.25,USD
4013,102525,2026-02-27T15:19:12Z,,paid,fulfilled,online_store,US,CA,127.0,15.24,GLOWWITHSAM12,0.0,6.71,118.47,shopify_payments,3.74,USD
4014,102526,2026-02-27T19:47:09Z,,paid,fulfilled,online_store,US,TX,29.0,0.0,,5.95,1.74,36.69,shop_pay,1.36,USD
4015,102527,2026-02-27T21:36:22Z,,paid,fulfilled,shop_app,CA,AB,29.0,4.35,"WELCOME15,FREESHIP",0.0,1.23,25.88,paypal,1.39,USD
4016,101131,2026-02-27T22:22:34Z,,paid,fulfilled,online_store,US,MI,36.0,3.6,LOYAL10,5.95,1.94,40.29,shopify_payments,1.47,USD
4017,100321,2026-02-28T00:52:08Z,,paid,fulfilled,online_store,US,OR,86.0,0.0,,0.0,0.0,86.0,shopify_payments,2.79,USD
4018,102529,2026-02-28T00:58:35Z,,paid,fulfilled,online_store,US,MA,36.0,5.4,SKINBYJORDAN15,5.95,1.84,38.39,shop_pay,1.41,USD
4019,102530,2026-02-28T01:35:51Z,,paid,fulfilled,online_store,US,IN,32.0,0.0,,5.95,1.92,39.87,shop_pay,1.46,USD
4020,102531,2026-02-28T01:47:57Z,,paid,fulfilled,online_store,US,TX,88.0,13.2,WELCOME15,0.0,4.49,79.29,shopify_payments,2.6,USD
4021,102532,2026-02-28T02:12:28Z,,paid,fulfilled,online_store,US,GA,52.0,0.0,,0.0,3.12,55.12,shopify_payments,1.9,USD
4022,102187,2026-02-28T03:38:06Z,,paid,fulfilled,online_store,US,MA,106.0,10.6,LOYAL10,0.0,5.72,101.12,shopify_payments,3.23,USD
4023,102533,2026-02-28T09:22:58Z,,paid,fulfilled,shop_app,US,CA,22.0,0.0,,5.95,1.32,29.27,shopify_payments,1.15,USD
4024,102534,2026-02-28T12:29:45Z,,paid,fulfilled,online_store,US,MD,38.0,5.7,WELCOME15,5.95,1.94,40.19,paypal,1.89,USD
4025,102536,2026-02-28T14:04:54Z,,paid,fulfilled,online_store,US,TX,61.0,0.0,,0.0,3.66,64.66,shopify_payments,2.18,USD
4026,102537,2026-02-28T15:00:08Z,,paid,fulfilled,online_store,CA,AB,64.0,0.0,,12.95,3.2,80.15,paypal,3.29,USD
4027,102538,2026-02-28T16:37:49Z,,paid,fulfilled,online_store,CA,ON,29.0,4.35,WELCOME15,12.95,1.23,38.83,shopify_payments,1.43,USD
4028,102539,2026-02-28T17:20:28Z,,paid,fulfilled,shop_app,US,OH,22.0,3.3,WELCOME15,5.95,1.12,25.77,klarna,1.84,USD
4029,102540,2026-02-28T19:45:47Z,,paid,fulfilled,online_store,US,MA,34.0,0.0,,5.95,2.04,41.99,shopify_payments,1.52,USD
4030,102541,2026-02-28T20:55:10Z,,paid,fulfilled,online_store,US,WI,32.0,3.2,LOYAL10,5.95,1.73,36.48,shopify_payments,1.36,USD
4031,102542,2026-02-28T21:32:51Z,,paid,fulfilled,shop_app,US,TN,56.0,0.0,,0.0,3.36,59.36,shopify_payments,2.02,USD
4032,102543,2026-02-28T21:36:34Z,,paid,fulfilled,online_store,US,TX,62.0,9.3,WELCOME15,0.0,3.16,55.86,shopify_payments,1.92,USD
4033,101232,2026-02-28T23:16:18Z,,paid,fulfilled,online_store,CA,QC,138.0,0.0,,0.0,6.9,144.9,shop_pay,4.5,USD
4034,102544,2026-02-28T23:17:01Z,,paid,fulfilled,online_store,US,OH,96.0,0.0,,0.0,5.76,101.76,shopify_payments,3.25,USD
4035,101874,2026-02-28T23:23:35Z,,paid,fulfilled,online_store,US,OR,26.0,0.0,,5.95,0.0,31.95,shopify_payments,1.23,USD
4036,101135,2026-03-01T00:55:39Z,,paid,fulfilled,online_store,CA,ON,72.0,0.0,,12.95,3.6,88.55,paypal,3.58,USD
4037,101191,2026-03-01T06:14:30Z,,paid,fulfilled,online_store,CA,BC,34.0,0.0,,12.95,1.7,48.65,shopify_payments,1.71,USD
4038,102546,2026-03-01T07:10:43Z,,paid,fulfilled,online_store,US,AZ,64.0,9.6,SKINBYJORDAN15,0.0,3.26,57.66,shopify_payments,1.97,USD
4039,102547,2026-03-01T09:18:24Z,,paid,fulfilled,online_store,US,TX,88.0,10.56,GLOWWITHSAM12,0.0,4.65,82.09,shopify_payments,2.68,USD
4040,102030,2026-03-01T11:57:28Z,,paid,fulfilled,online_store,US,CA,122.0,0.0,,0.0,7.32,129.32,paypal,5.0,USD
4041,102548,2026-03-01T12:03:16Z,,paid,fulfilled,online_store,US,FL,58.0,0.0,,0.0,3.48,61.48,shop_pay,2.08,USD
4042,102549,2026-03-01T13:14:14Z,,paid,fulfilled,online_store,US,CO,122.0,0.0,,0.0,7.32,129.32,paypal,5.0,USD
4043,102550,2026-03-01T13:17:51Z,,refunded,fulfilled,online_store,US,TX,88.0,0.0,,0.0,5.28,93.28,shop_pay,3.01,USD
4044,102551,2026-03-01T14:59:10Z,2026-03-01T19:59:10Z,voided,unfulfilled,online_store,US,CA,32.0,4.8,WELCOME15,5.95,1.63,34.78,shopify_payments,0.0,USD
4045,100703,2026-03-01T19:38:40Z,,partially_refunded,fulfilled,online_store,US,CO,58.0,5.8,LOYAL10,0.0,3.13,55.33,shopify_payments,1.9,USD
4046,100274,2026-03-01T19:44:36Z,,paid,fulfilled,shop_app,US,TX,22.0,0.0,,5.95,1.32,29.27,shop_pay,1.15,USD
4047,101589,2026-03-01T20:23:46Z,,paid,fulfilled,online_store,US,MD,36.0,0.0,,5.95,2.16,44.11,shopify_payments,1.58,USD
4048,101888,2026-03-01T21:05:53Z,,paid,fulfilled,shop_app,CA,ON,166.0,16.6,LOYAL10,0.0,7.47,156.87,shop_pay,4.85,USD
4049,102552,2026-03-01T22:25:55Z,,partially_refunded,fulfilled,online_store,US,NY,68.0,10.2,SKINBYJORDAN15,0.0,3.47,61.27,shopify_payments,2.08,USD
4050,102553,2026-03-01T22:46:36Z,,paid,fulfilled,online_store,US,TN,110.0,0.0,,0.0,6.6,116.6,shopify_payments,3.68,USD
4051,102554,2026-03-01T23:09:22Z,,paid,fulfilled,online_store,US,NJ,36.0,5.4,WELCOME15,5.95,1.84,38.39,paypal,1.83,USD
4052,101231,2026-03-02T00:23:05Z,,paid,fulfilled,online_store,US,AZ,72.0,7.2,LOYAL10,0.0,3.89,68.69,shopify_payments,2.29,USD
4053,101970,2026-03-02T02:34:38Z,,paid,fulfilled,online_store,US,NJ,88.0,8.8,LOYAL10,0.0,4.75,83.95,shop_pay,2.73,USD
4054,102555,2026-03-02T11:59:59Z,,paid,fulfilled,online_store,US,FL,22.0,3.3,WELCOME15,5.95,1.12,25.77,shopify_payments,1.05,USD
4055,102050,2026-03-02T12:17:02Z,,paid,fulfilled,online_store,US,CA,138.0,13.8,LOYAL10,0.0,7.45,131.65,shopify_payments,4.12,USD
4056,102556,2026-03-02T13:22:40Z,,paid,fulfilled,online_store,US,VA,118.0,17.7,WELCOME15,0.0,6.02,106.32,shopify_payments,3.38,USD
4057,102558,2026-03-02T15:19:38Z,,paid,fulfilled,online_store,US,MD,29.0,0.0,,5.95,1.74,36.69,shopify_payments,1.36,USD
4058,101306,2026-03-02T18:25:16Z,,paid,fulfilled,online_store,US,CO,118.0,0.0,,0.0,7.08,125.08,paypal,4.86,USD
4059,100892,2026-03-02T20:25:39Z,,paid,fulfilled,online_store,US,NJ,66.0,0.0,,0.0,3.96,69.96,shopify_payments,2.33,USD
4060,102512,2026-03-02T21:25:32Z,2026-03-03T10:25:32Z,voided,unfulfilled,online_store,US,CA,63.0,0.0,,0.0,3.78,66.78,shop_pay,0.0,USD
4061,102559,2026-03-02T22:39:19Z,,paid,fulfilled,online_store,US,WA,30.0,4.5,WELCOME15,5.95,1.53,32.98,shop_pay,1.26,USD
4062,102560,2026-03-02T22:49:49Z,,paid,fulfilled,online_store,US,FL,26.0,0.0,FREESHIP,0.0,1.56,27.56,shopify_payments,1.1,USD
4063,102561,2026-03-03T01:15:31Z,,paid,fulfilled,shop_app,US,FL,22.0,0.0,,5.95,1.32,29.27,paypal,1.51,USD
4064,102562,2026-03-03T03:16:22Z,,paid,fulfilled,online_store,US,NH,64.0,0.0,,0.0,0.0,64.0,shop_pay,2.16,USD
4065,102563,2026-03-03T09:27:33Z,,paid,fulfilled,online_store,US,CO,22.0,3.3,WELCOME15,5.95,1.12,25.77,shopify_payments,1.05,USD
4066,102564,2026-03-03T11:25:17Z,,paid,fulfilled,online_store,US,FL,79.0,11.85,WELCOME15,0.0,4.03,71.18,paypal,2.97,USD
4067,102565,2026-03-03T12:02:36Z,,paid,fulfilled,online_store,US,MN,29.0,0.0,,5.95,1.74,36.69,paypal,1.77,USD
4068,102308,2026-03-03T12:16:17Z,,paid,fulfilled,online_store,AU,VIC,38.0,0.0,,12.95,3.8,54.75,shop_pay,1.89,USD
4069,102566,2026-03-03T13:50:57Z,,paid,fulfilled,online_store,US,OH,29.0,0.0,,5.95,1.74,36.69,shop_pay,1.36,USD
4070,102567,2026-03-03T13:58:44Z,,paid,fulfilled,online_store,US,NY,32.0,4.8,WELCOME15,5.95,1.63,34.78,shopify_payments,1.31,USD
4071,102568,2026-03-03T21:05:32Z,,paid,fulfilled,online_store,US,NY,60.0,9.0,WELCOME15,0.0,3.06,54.06,shopify_payments,1.87,USD
4072,102569,2026-03-03T23:01:43Z,,paid,fulfilled,online_store,US,GA,34.0,0.0,,5.95,2.04,41.99,paypal,1.96,USD
4073,102570,2026-03-04T00:12:38Z,,paid,fulfilled,online_store,CA,ON,60.0,9.0,NOURISHED15,12.95,2.55,66.5,shop_pay,2.23,USD
4074,100428,2026-03-04T00:15:14Z,,paid,fulfilled,online_store,US,NY,82.0,0.0,,0.0,4.92,86.92,paypal,3.52,USD
4075,102571,2026-03-04T02:13:02Z,,paid,fulfilled,online_store,US,MD,176.0,26.4,WELCOME15,0.0,8.98,158.58,shop_pay,4.9,USD
4076,102572,2026-03-04T02:39:08Z,,paid,fulfilled,online_store,US,NJ,186.0,0.0,,0.0,11.16,197.16,shopify_payments,6.02,USD
4077,101714,2026-03-04T03:44:29Z,,paid,fulfilled,online_store,US,MI,72.0,0.0,,0.0,4.32,76.32,paypal,3.15,USD
4078,102015,2026-03-04T10:03:00Z,,paid,fulfilled,online_store,US,WI,70.0,7.0,LOYAL10,0.0,3.78,66.78,shopify_payments,2.24,USD
4079,102573,2026-03-04T10:06:09Z,,paid,fulfilled,online_store,US,TN,38.0,0.0,,5.95,2.28,46.23,paypal,2.1,USD
4080,100926,2026-03-04T11:15:29Z,,paid,fulfilled,online_store,CA,BC,38.0,0.0,,12.95,1.9,52.85,shopify_payments,1.83,USD
4081,102365,2026-03-04T11:35:59Z,,partially_refunded,fulfilled,online_store,US,MA,70.0,10.5,WELCOME15,0.0,3.57,63.07,shopify_payments,2.13,USD
4082,102574,2026-03-04T12:36:59Z,,paid,fulfilled,online_store,US,NJ,30.0,0.0,,5.95,1.8,37.75,shop_pay,1.39,USD
4083,102575,2026-03-04T13:49:33Z,,paid,fulfilled,online_store,US,CO,22.0,3.3,WELCOME15,5.95,1.12,25.77,shopify_payments,1.05,USD
4084,102576,2026-03-04T21:53:56Z,,paid,fulfilled,online_store,US,MA,126.0,0.0,,0.0,7.56,133.56,shopify_payments,4.17,USD
4085,101697,2026-03-04T22:45:04Z,,paid,fulfilled,shop_app,US,GA,70.0,0.0,,0.0,4.2,74.2,shopify_payments,2.45,USD
4086,101764,2026-03-04T23:54:06Z,,paid,fulfilled,online_store,US,GA,22.0,0.0,,5.95,1.32,29.27,shopify_payments,1.15,USD
4087,102577,2026-03-05T02:24:29Z,,paid,fulfilled,online_store,US,FL,28.0,0.0,,5.95,1.68,35.63,paypal,1.73,USD
4088,101405,2026-03-05T03:14:07Z,2026-03-05T19:14:07Z,voided,unfulfilled,online_store,US,NJ,88.0,0.0,,0.0,5.28,93.28,shopify_payments,0.0,USD
4089,102578,2026-03-05T06:37:35Z,,paid,fulfilled,online_store,US,NY,148.0,22.2,WELCOME15,0.0,7.55,133.35,shopify_payments,4.17,USD
4090,100876,2026-03-05T12:03:20Z,,paid,fulfilled,online_store,US,PA,26.0,0.0,,5.95,1.56,33.51,shop_pay,1.27,USD
4091,102125,2026-03-05T13:24:28Z,2026-03-06T05:24:28Z,voided,unfulfilled,online_store,US,FL,36.0,5.4,NOURISHED15,5.95,1.84,38.39,shopify_payments,0.0,USD
4092,102579,2026-03-05T13:59:45Z,,paid,fulfilled,online_store,US,TX,44.0,6.6,WELCOME15,5.95,2.24,45.59,shopify_payments,1.62,USD
4093,100836,2026-03-05T19:44:09Z,,paid,fulfilled,online_store,US,FL,24.0,0.0,,5.95,1.44,31.39,shopify_payments,1.21,USD
4094,100897,2026-03-05T19:58:27Z,,paid,fulfilled,online_store,US,WI,60.0,0.0,,0.0,3.6,63.6,shopify_payments,2.14,USD
4095,101694,2026-03-05T20:46:22Z,,partially_refunded,fulfilled,online_store,US,WA,110.0,0.0,,0.0,6.6,116.6,shop_pay,3.68,USD
4096,102162,2026-03-05T21:59:58Z,,paid,fulfilled,online_store,US,NY,68.0,0.0,,0.0,4.08,72.08,shopify_payments,2.39,USD
4097,102580,2026-03-05T22:35:10Z,,paid,fulfilled,online_store,US,CO,57.0,0.0,,0.0,3.42,60.42,shopify_payments,2.05,USD
4098,100587,2026-03-05T22:42:47Z,,paid,fulfilled,online_store,US,NY,88.0,0.0,,0.0,5.28,93.28,shopify_payments,3.01,USD
4099,100505,2026-03-06T02:12:28Z,,paid,fulfilled,online_store,CA,ON,88.0,8.8,LOYAL10,12.95,3.96,96.11,paypal,3.84,USD
4100,102426,2026-03-06T14:50:15Z,,partially_refunded,fulfilled,online_store,US,WA,108.0,0.0,,0.0,6.48,114.48,shopify_payments,3.62,USD
4101,102581,2026-03-06T16:15:30Z,,refunded,fulfilled,online_store,US,TX,44.0,6.6,WELCOME15,5.95,2.24,45.59,shopify_payments,1.62,USD
4102,102582,2026-03-06T20:34:13Z,,paid,fulfilled,online_store,US,TX,88.0,13.2,WELCOME15,0.0,4.49,79.29,shopify_payments,2.6,USD
4103,102583,2026-03-06T20:57:21Z,,paid,fulfilled,online_store,US,CA,61.0,9.15,WELCOME15,0.0,3.11,54.96,shop_pay,1.89,USD
4104,102584,2026-03-06T21:43:25Z,,partially_refunded,fulfilled,online_store,US,OR,76.0,0.0,,0.0,0.0,76.0,shopify_payments,2.5,USD
4105,102153,2026-03-06T22:18:09Z,,paid,fulfilled,online_store,US,CO,56.0,5.6,LOYAL10,0.0,3.02,53.42,paypal,2.35,USD
4106,102585,2026-03-07T00:19:00Z,,paid,fulfilled,shop_app,US,FL,132.0,0.0,,0.0,7.92,139.92,shopify_payments,4.36,USD
4107,102586,2026-03-07T01:10:12Z,,paid,fulfilled,online_store,US,NY,22.0,0.0,,5.95,1.32,29.27,shopify_payments,1.15,USD
4108,102587,2026-03-07T01:53:58Z,,paid,fulfilled,online_store,GB,SCT,92.0,0.0,,0.0,18.4,110.4,paypal,4.34,USD
4109,102588,2026-03-07T02:56:21Z,,paid,fulfilled,online_store,US,WA,94.0,14.1,WELCOME15,0.0,4.79,84.69,shopify_payments,2.76,USD
4110,102589,2026-03-07T03:13:10Z,,paid,fulfilled,online_store,US,IN,52.0,7.8,WELCOME15,5.95,2.65,52.8,shopify_payments,1.83,USD
4111,100909,2026-03-07T11:08:04Z,,paid,fulfilled,online_store,US,MA,98.0,0.0,,0.0,5.88,103.88,shopify_payments,3.31,USD
4112,102590,2026-03-07T12:47:55Z,,paid,fulfilled,online_store,CA,BC,62.0,0.0,,12.95,3.1,78.05,paypal,3.21,USD
4113,102367,2026-03-07T13:16:47Z,,paid,fulfilled,shop_app,US,PA,109.0,16.35,WELCOME15,0.0,5.56,98.21,shopify_payments,3.15,USD
4114,102591,2026-03-07T14:16:19Z,,paid,fulfilled,online_store,US,GA,29.0,4.35,WELCOME15,5.95,1.48,32.08,shopify_payments,1.23,USD
4115,102592,2026-03-07T15:14:13Z,,paid,fulfilled,online_store,US,OH,24.0,0.0,,5.95,1.44,31.39,shopify_payments,1.21,USD
4116,102593,2026-03-08T00:35:08Z,,paid,fulfilled,online_store,US,WI,38.0,0.0,,5.95,2.28,46.23,shopify_payments,1.64,USD
4117,102594,2026-03-08T01:53:53Z,,paid,fulfilled,online_store,AU,NSW,81.0,12.15,WELCOME15,12.95,6.88,88.68,shopify_payments,2.87,USD
4118,102595,2026-03-08T01:58:50Z,,paid,fulfilled,online_store,US,GA,29.0,4.35,WELCOME15,5.95,1.48,32.08,shop_pay,1.23,USD
4119,102596,2026-03-08T12:06:29Z,,paid,fulfilled,online_store,US,CO,105.0,15.75,WELCOME15,0.0,5.36,94.61,shopify_payments,3.04,USD
4120,102597,2026-03-08T13:32:22Z,,paid,fulfilled,online_store,CA,AB,78.0,0.0,,12.95,3.9,94.85,shopify_payments,3.05,USD
4121,102598,2026-03-08T14:54:51Z,,refunded,fulfilled,online_store,US,TX,28.0,0.0,,5.95,1.68,35.63,paypal,1.73,USD
4122,102599,2026-03-08T17:56:17Z,,paid,fulfilled,online_store,US,IL,56.0,0.0,,0.0,3.36,59.36,shopify_payments,2.02,USD
4123,100977,2026-03-08T19:52:05Z,,partially_refunded,fulfilled,online_store,US,MO,94.0,0.0,,0.0,5.64,99.64,shopify_payments,3.19,USD
4124,101801,2026-03-08T22:12:08Z,,paid,fulfilled,online_store,US,GA,61.0,0.0,,0.0,3.66,64.66,shop_pay,2.18,USD
4125,102600,2026-03-08T23:45:32Z,,paid,fulfilled,online_store,US,WA,112.0,0.0,,0.0,6.72,118.72,shop_pay,3.74,USD
4126,102312,2026-03-09T02:35:52Z,,partially_refunded,fulfilled,online_store,US,MN,206.0,0.0,,0.0,12.36,218.36,paypal,8.11,USD
4127,102601,2026-03-09T04:08:15Z,,paid,fulfilled,online_store,US,VA,60.0,0.0,,0.0,3.6,63.6,shopify_payments,2.14,USD
4128,102045,2026-03-09T05:40:50Z,,paid,fulfilled,online_store,US,CA,34.0,0.0,,5.95,2.04,41.99,shopify_payments,1.52,USD
4129,101845,2026-03-09T11:05:27Z,,paid,fulfilled,online_store,US,TN,56.0,0.0,,0.0,3.36,59.36,paypal,2.56,USD
4130,102603,2026-03-09T14:17:51Z,,paid,fulfilled,online_store,US,CA,88.0,10.56,GLOWWITHSAM12,0.0,4.65,82.09,shopify_payments,2.68,USD
4131,102158,2026-03-09T14:54:41Z,,paid,fulfilled,online_store,US,IN,34.0,0.0,,5.95,2.04,41.99,shop_pay,1.52,USD
4132,102204,2026-03-09T17:40:54Z,,paid,fulfilled,online_store,US,WI,51.0,0.0,,0.0,3.06,54.06,shopify_payments,1.87,USD
4133,102230,2026-03-09T20:36:45Z,,paid,fulfilled,online_store,US,MN,70.0,7.0,LOYAL10,0.0,3.78,66.78,shopify_payments,2.24,USD
4134,102090,2026-03-09T21:01:23Z,,paid,fulfilled,online_store,CA,BC,24.0,0.0,,12.95,1.2,38.15,shopify_payments,1.41,USD
4135,102224,2026-03-09T23:30:19Z,,paid,fulfilled,online_store,US,CA,68.0,0.0,,0.0,4.08,72.08,shopify_payments,2.39,USD
4136,102606,2026-03-10T01:46:01Z,,paid,fulfilled,online_store,US,MD,44.0,0.0,,5.95,2.64,52.59,shop_pay,1.83,USD
4137,102607,2026-03-10T02:47:48Z,,paid,fulfilled,online_store,US,NY,64.0,9.6,SKINBYJORDAN15,0.0,3.26,57.66,shopify_payments,1.97,USD
4138,101408,2026-03-10T06:47:23Z,,paid,fulfilled,online_store,US,MA,98.0,0.0,,0.0,5.88,103.88,shopify_payments,3.31,USD
4139,102198,2026-03-10T11:30:36Z,,paid,fulfilled,online_store,US,TX,102.0,0.0,,0.0,6.12,108.12,shopify_payments,3.44,USD
4140,102070,2026-03-10T13:56:11Z,,paid,fulfilled,online_store,US,MA,100.0,0.0,,0.0,6.0,106.0,paypal,4.19,USD
4141,102608,2026-03-10T21:33:34Z,,partially_refunded,fulfilled,shop_app,US,WA,117.0,0.0,,0.0,7.02,124.02,shopify_payments,3.9,USD
4142,102609,2026-03-10T21:36:46Z,,paid,fulfilled,online_store,US,WI,58.0,8.7,WELCOME15,5.95,2.96,58.21,shopify_payments,1.99,USD
4143,102610,2026-03-10T23:07:34Z,,paid,fulfilled,online_store,US,NY,34.0,0.0,,5.95,2.04,41.99,paypal,1.96,USD
4144,101472,2026-03-10T23:50:22Z,,paid,fulfilled,online_store,US,MA,98.0,0.0,,0.0,5.88,103.88,shop_pay,3.31,USD
4145,101737,2026-03-11T00:41:19Z,,paid,fulfilled,online_store,AU,VIC,38.0,0.0,,12.95,3.8,54.75,paypal,2.4,USD
4146,102612,2026-03-11T05:39:46Z,,refunded,fulfilled,online_store,US,TX,26.0,3.9,WELCOME15,5.95,1.33,29.38,shopify_payments,1.15,USD
4147,102613,2026-03-11T10:54:08Z,,paid,fulfilled,online_store,US,WA,74.0,0.0,,0.0,4.44,78.44,shop_pay,2.57,USD
4148,101329,2026-03-11T14:07:55Z,,paid,fulfilled,online_store,US,NC,56.0,5.6,LOYAL10,0.0,3.02,53.42,shop_pay,1.85,USD
4149,102614,2026-03-11T14:21:56Z,,paid,fulfilled,online_store,US,CA,22.0,0.0,,5.95,1.32,29.27,shopify_payments,1.15,USD
4150,102616,2026-03-11T16:26:18Z,,paid,fulfilled,online_store,US,WA,36.0,0.0,,5.95,2.16,44.11,shop_pay,1.58,USD
4151,102617,2026-03-11T18:13:35Z,,paid,fulfilled,online_store,US,NY,76.0,11.4,WELCOME15,0.0,3.88,68.48,shop_pay,2.29,USD
4152,102618,2026-03-11T21:32:21Z,,paid,fulfilled,online_store,US,NY,116.0,17.4,WELCOME15,0.0,5.92,104.52,shop_pay,3.33,USD
4153,102619,2026-03-11T23:12:39Z,,paid,fulfilled,online_store,US,MA,76.0,11.4,WELCOME15,0.0,3.88,68.48,shop_pay,2.29,USD
4154,102620,2026-03-12T00:06:12Z,,paid,fulfilled,online_store,US,OR,88.0,13.2,WELCOME15,0.0,0.0,74.8,shopify_payments,2.47,USD
4155,102348,2026-03-12T00:50:41Z,,paid,fulfilled,online_store,US,NY,182.0,27.3,WELCOME15,0.0,9.28,163.98,shopify_payments,5.06,USD
4156,100434,2026-03-12T02:09:08Z,,paid,fulfilled,online_store,US,CA,29.0,2.9,"LOYAL10,FREESHIP",0.0,1.57,27.67,paypal,1.46,USD
4157,102213,2026-03-12T12:58:58Z,,paid,fulfilled,online_store,AU,QLD,38.0,0.0,,12.95,3.8,54.75,shopify_payments,1.89,USD
4158,102319,2026-03-12T13:00:56Z,,paid,fulfilled,online_store,US,IN,44.0,0.0,,5.95,2.64,52.59,shopify_payments,1.83,USD
4159,102036,2026-03-12T14:09:02Z,,paid,fulfilled,online_store,US,NY,82.0,0.0,,0.0,4.92,86.92,shopify_payments,2.82,USD
4160,102621,2026-03-12T14:42:07Z,,paid,fulfilled,online_store,US,WI,38.0,0.0,,5.95,2.28,46.23,shopify_payments,1.64,USD
4161,102622,2026-03-12T15:04:12Z,,paid,fulfilled,online_store,CA,AB,94.0,0.0,,0.0,4.7,98.7,shopify_payments,3.16,USD
4162,102623,2026-03-12T16:33:42Z,,paid,fulfilled,online_store,US,MA,68.0,0.0,,0.0,4.08,72.08,shopify_payments,2.39,USD
4163,102203,2026-03-12T18:02:54Z,,paid,fulfilled,online_store,US,FL,24.0,0.0,,5.95,1.44,31.39,shopify_payments,1.21,USD
4164,102625,2026-03-12T18:38:06Z,,paid,fulfilled,shop_app,AU,NSW,38.0,0.0,,12.95,3.8,54.75,shopify_payments,1.89,USD
4165,101892,2026-03-12T19:00:27Z,,paid,fulfilled,online_store,US,TN,22.0,0.0,,5.95,1.32,29.27,shopify_payments,1.15,USD
4166,102626,2026-03-12T21:15:08Z,,paid,fulfilled,online_store,US,CA,22.0,3.3,WELCOME15,5.95,1.12,25.77,shopify_payments,1.05,USD
4167,102627,2026-03-12T22:46:48Z,,paid,fulfilled,online_store,US,CA,32.0,0.0,,5.95,1.92,39.87,shopify_payments,1.46,USD
4168,102628,2026-03-12T23:20:22Z,,paid,fulfilled,online_store,US,CA,88.0,0.0,,0.0,5.28,93.28,shop_pay,3.01,USD
4169,102629,2026-03-12T23:48:40Z,,paid,fulfilled,online_store,US,NJ,92.0,0.0,,0.0,5.52,97.52,klarna,6.14,USD
4170,101839,2026-03-13T01:28:42Z,,paid,fulfilled,online_store,US,WA,100.0,0.0,,0.0,6.0,106.0,shopify_payments,3.37,USD
4171,102630,2026-03-13T02:11:37Z,,paid,fulfilled,online_store,US,CA,104.0,15.6,WELCOME15,0.0,5.3,93.7,shopify_payments,3.02,USD
4172,102333,2026-03-13T02:24:53Z,,refunded,fulfilled,online_store,US,MN,88.0,10.56,GLOWWITHSAM12,0.0,4.65,82.09,paypal,3.35,USD
4173,101978,2026-03-13T08:43:05Z,,paid,fulfilled,online_store,US,MI,29.0,0.0,,5.95,1.74,36.69,shopify_payments,1.36,USD
4174,102042,2026-03-13T09:24:15Z,,partially_refunded,fulfilled,online_store,US,CO,60.0,0.0,,0.0,3.6,63.6,paypal,2.71,USD
4175,102631,2026-03-13T11:26:21Z,,paid,fulfilled,shop_app,US,CA,76.0,0.0,,0.0,4.56,80.56,shopify_payments,2.64,USD
4176,102632,2026-03-13T13:27:14Z,,paid,fulfilled,online_store,US,MI,38.0,0.0,,5.95,2.28,46.23,shop_pay,1.64,USD
4177,102633,2026-03-13T14:05:45Z,,paid,fulfilled,online_store,US,MD,54.0,6.48,GLOWWITHSAM12,5.95,2.85,56.32,shopify_payments,1.93,USD
4178,102634,2026-03-13T14:35:54Z,,paid,fulfilled,online_store,US,NY,30.0,0.0,,5.95,1.8,37.75,klarna,2.56,USD
4179,102635,2026-03-13T15:44:59Z,,paid,fulfilled,online_store,US,IL,29.0,0.0,,5.95,1.74,36.69,paypal,1.77,USD
4180,102636,2026-03-13T18:02:54Z,,paid,fulfilled,online_store,US,MO,72.0,10.8,WELCOME15,0.0,3.67,64.87,shopify_payments,2.18,USD
4181,101104,2026-03-13T19:46:14Z,,paid,fulfilled,online_store,US,VA,62.0,6.2,LOYAL10,0.0,3.35,59.15,paypal,2.55,USD
4182,101268,2026-03-13T22:09:06Z,,paid,fulfilled,online_store,US,FL,34.0,0.0,,5.95,2.04,41.99,paypal,1.96,USD
4183,102637,2026-03-13T22:38:44Z,,paid,fulfilled,online_store,US,NC,80.0,12.0,WELCOME15,0.0,4.08,72.08,shopify_payments,2.39,USD
4184,102431,2026-03-14T00:18:26Z,,paid,fulfilled,online_store,US,OR,28.0,0.0,,5.95,0.0,33.95,shopify_payments,1.28,USD
4185,102638,2026-03-14T00:57:17Z,,paid,fulfilled,online_store,GB,SCT,76.0,19.0,SPRING25,12.95,11.4,81.35,shopify_payments,2.66,USD
4186,102639,2026-03-14T01:11:39Z,,paid,fulfilled,online_store,US,FL,66.0,23.93,"SPRING25,WELCOME15",5.95,2.52,50.54,shop_pay,1.77,USD
4187,102641,2026-03-14T02:11:03Z,,paid,fulfilled,shop_app,US,FL,38.0,9.5,SPRING25,5.95,1.71,36.16,shop_pay,1.35,USD
4188,102642,2026-03-14T02:14:02Z,,paid,fulfilled,online_store,US,CA,58.0,8.7,WELCOME15,5.95,2.96,58.21,shopify_payments,1.99,USD
4189,102643,2026-03-14T02:16:54Z,,partially_refunded,fulfilled,online_store,US,OH,64.0,9.6,WELCOME15,0.0,3.26,57.66,shopify_payments,1.97,USD
4190,100476,2026-03-14T02:37:38Z,,paid,fulfilled,online_store,CA,ON,88.0,22.0,SPRING25,12.95,3.3,82.25,shopify_payments,2.69,USD
4191,102644,2026-03-14T02:55:28Z,,paid,fulfilled,online_store,US,IL,72.0,18.0,SPRING25,0.0,3.24,57.24,shopify_payments,1.96,USD
4192,102645,2026-03-14T03:00:58Z,,partially_refunded,fulfilled,online_store,US,TX,108.0,27.0,SPRING25,0.0,4.86,85.86,shop_pay,2.79,USD
4193,102646,2026-03-14T03:01:43Z,,paid,fulfilled,shop_app,US,CA,62.0,22.48,"SPRING25,WELCOME15",5.95,2.37,47.84,paypal,2.16,USD
4194,100896,2026-03-14T03:03:04Z,,paid,fulfilled,online_store,US,MI,153.0,38.25,SPRING25,0.0,6.88,121.63,shop_pay,3.83,USD
4195,101521,2026-03-14T04:25:20Z,,paid,fulfilled,online_store,GB,WLS,34.0,3.4,LOYAL10,12.95,6.12,49.67,paypal,2.22,USD
4196,100514,2026-03-14T09:14:13Z,,partially_refunded,fulfilled,online_store,US,CA,104.0,26.0,SPRING25,0.0,4.68,82.68,shopify_payments,2.7,USD
4197,102647,2026-03-14T10:21:33Z,,paid,fulfilled,online_store,US,TX,32.0,0.0,,5.95,1.92,39.87,paypal,1.88,USD
4198,102518,2026-03-14T11:00:27Z,,partially_refunded,fulfilled,online_store,US,MN,82.0,0.0,,0.0,4.92,86.92,shopify_payments,2.82,USD
4199,102649,2026-03-14T11:05:46Z,,partially_refunded,fulfilled,online_store,CA,BC,128.0,32.0,SPRING25,0.0,4.8,100.8,paypal,4.01,USD
4200,102651,2026-03-14T11:11:54Z,,paid,fulfilled,shop_app,CA,QC,32.0,0.0,,12.95,1.6,46.55,shop_pay,1.65,USD
4201,102650,2026-03-14T11:12:22Z,,paid,fulfilled,online_store,US,PA,78.0,19.5,SPRING25,0.0,3.51,62.01,shopify_payments,2.1,USD
4202,102652,2026-03-14T12:16:07Z,,paid,fulfilled,online_store,US,MN,22.0,2.2,AMELIA10,5.95,1.19,26.94,paypal,1.43,USD
4203,101803,2026-03-14T12:19:30Z,,paid,fulfilled,online_store,US,MI,24.0,6.0,SPRING25,5.95,1.08,25.03,shopify_payments,1.03,USD
4204,102653,2026-03-14T13:02:20Z,,partially_refunded,fulfilled,online_store,US,NC,155.0,38.75,SPRING25,0.0,6.98,123.23,paypal,4.79,USD
4205,102654,2026-03-14T14:43:22Z,,paid,fulfilled,online_store,GB,WLS,34.0,8.5,SPRING25,12.95,5.1,43.55,shop_pay,1.56,USD
4206,102655,2026-03-14T14:52:27Z,,paid,fulfilled,shop_app,GB,SCT,118.0,29.5,SPRING25,0.0,17.7,106.2,shopify_payments,3.38,USD
4207,102656,2026-03-14T16:05:18Z,,paid,fulfilled,online_store,US,FL,28.0,4.2,WELCOME15,5.95,1.43,31.18,shop_pay,1.2,USD
4208,101924,2026-03-14T17:28:29Z,,paid,fulfilled,online_store,US,FL,32.0,8.0,SPRING25,5.95,1.44,31.39,shopify_payments,1.21,USD
4209,102657,2026-03-14T17:46:14Z,,paid,fulfilled,online_store,US,IL,128.0,32.0,SPRING25,0.0,5.76,101.76,paypal,4.04,USD
4210,102658,2026-03-14T18:23:35Z,,paid,fulfilled,online_store,CA,BC,66.0,23.93,"SPRING25,WELCOME15",12.95,2.1,57.12,shopify_payments,1.96,USD
4211,102659,2026-03-14T19:25:31Z,,paid,fulfilled,online_store,AU,NSW,158.0,39.5,SPRING25,0.0,11.85,130.35,paypal,5.04,USD
4212,102660,2026-03-14T19:29:44Z,,paid,fulfilled,online_store,US,CA,110.0,16.5,WELCOME15,0.0,5.61,99.11,paypal,3.95,USD
4213,102661,2026-03-14T19:43:26Z,,paid,fulfilled,online_store,US,CA,80.0,20.0,SPRING25,0.0,3.6,63.6,shopify_payments,2.14,USD
4214,102462,2026-03-14T20:04:21Z,,paid,fulfilled,online_store,US,NJ,76.0,0.0,,0.0,4.56,80.56,paypal,3.3,USD
4215,102662,2026-03-14T20:08:47Z,,partially_refunded,fulfilled,online_store,US,PA,110.0,16.5,WELCOME15,0.0,5.61,99.11,shop_pay,3.17,USD
4216,102663,2026-03-14T21:22:04Z,,paid,fulfilled,online_store,US,MO,186.0,0.0,,0.0,11.16,197.16,shop_pay,6.02,USD
4217,102664,2026-03-14T22:31:08Z,,paid,fulfilled,online_store,US,MD,88.0,0.0,,0.0,5.28,93.28,shopify_payments,3.01,USD
4218,102665,2026-03-14T22:58:34Z,,paid,fulfilled,online_store,US,NC,67.0,16.75,SPRING25,0.0,3.01,53.26,shopify_payments,1.84,USD
4219,102666,2026-03-15T00:27:42Z,,paid,fulfilled,online_store,US,WA,90.0,0.0,,0.0,5.4,95.4,shopify_payments,3.07,USD
4220,102667,2026-03-15T01:03:34Z,,refunded,fulfilled,online_store,US,TX,30.0,0.0,,5.95,1.8,37.75,shop_pay,1.39,USD
4221,102668,2026-03-15T01:18:05Z,,paid,fulfilled,online_store,AU,WA,34.0,5.1,WELCOME15,12.95,2.89,44.74,shopify_payments,1.6,USD
4222,102669,2026-03-15T02:07:18Z,,paid,fulfilled,online_store,US,WA,38.0,5.7,WELCOME15,5.95,1.94,40.19,shopify_payments,1.47,USD
4223,102368,2026-03-15T02:16:25Z,,paid,fulfilled,online_store,US,IN,56.0,14.0,SPRING25,5.95,2.52,50.47,paypal,2.25,USD
4224,102670,2026-03-15T02:27:55Z,,paid,fulfilled,shop_app,US,MI,74.0,18.5,SPRING25,0.0,3.33,58.83,shopify_payments,2.01,USD
4225,101779,2026-03-15T03:28:48Z,,paid,fulfilled,online_store,US,CA,132.0,0.0,,0.0,7.92,139.92,shop_pay,4.36,USD
4226,102671,2026-03-15T04:21:51Z,,paid,fulfilled,online_store,US,DE,34.0,8.5,SPRING25,5.95,0.0,31.45,shopify_payments,1.21,USD
4227,102395,2026-03-15T04:24:41Z,,paid,fulfilled,online_store,US,WA,50.0,12.5,SPRING25,5.95,2.25,45.7,paypal,2.08,USD
4228,102672,2026-03-15T09:05:04Z,,paid,fulfilled,online_store,US,IL,88.0,8.8,AMELIA10,0.0,4.75,83.95,shopify_payments,2.73,USD
4229,102673,2026-03-15T11:17:32Z,,paid,fulfilled,online_store,US,NC,22.0,0.0,,5.95,1.32,29.27,shopify_payments,1.15,USD
4230,101921,2026-03-15T12:33:16Z,,paid,fulfilled,online_store,US,PA,128.0,0.0,,0.0,7.68,135.68,shop_pay,4.23,USD
4231,102674,2026-03-15T13:02:50Z,,paid,fulfilled,online_store,US,CA,124.0,31.0,SPRING25,0.0,5.58,98.58,shopify_payments,3.16,USD
4232,102557,2026-03-15T13:42:31Z,,paid,fulfilled,online_store,US,WA,22.0,0.0,,5.95,1.32,29.27,shopify_payments,1.15,USD
4233,102675,2026-03-15T14:55:29Z,,paid,fulfilled,online_store,US,CO,62.0,0.0,,0.0,3.72,65.72,shop_pay,2.21,USD
4234,102676,2026-03-15T15:07:38Z,,paid,fulfilled,online_store,US,FL,34.0,8.5,SPRING25,5.95,1.53,32.98,shopify_payments,1.26,USD
4235,102307,2026-03-15T18:22:09Z,,paid,fulfilled,shop_app,US,IL,46.0,11.5,SPRING25,5.95,2.07,42.52,paypal,1.97,USD
4236,102677,2026-03-15T20:28:29Z,,paid,fulfilled,shop_app,US,MI,34.0,0.0,,5.95,2.04,41.99,shopify_payments,1.52,USD
4237,102678,2026-03-15T20:30:54Z,,paid,fulfilled,online_store,US,AZ,34.0,8.5,SPRING25,5.95,1.53,32.98,shop_pay,1.26,USD
4238,102679,2026-03-15T20:32:06Z,,paid,fulfilled,online_store,US,DE,148.0,53.65,"SPRING25,WELCOME15",0.0,0.0,94.35,shop_pay,3.04,USD
4239,102680,2026-03-15T21:31:29Z,,partially_refunded,fulfilled,online_store,US,CA,214.0,53.5,SPRING25,0.0,9.63,170.13,paypal,6.43,USD
4240,102681,2026-03-15T22:31:27Z,,paid,fulfilled,online_store,US,TX,38.0,0.0,,5.95,2.28,46.23,shop_pay,1.64,USD
4241,102682,2026-03-15T23:23:04Z,,paid,fulfilled,online_store,US,CA,56.0,8.4,WELCOME15,5.95,2.86,56.41,shopify_payments,1.94,USD
4242,102683,2026-03-15T23:30:39Z,,paid,fulfilled,online_store,US,IN,29.0,7.25,"SPRING25,FREESHIP",0.0,1.3,23.05,shop_pay,0.97,USD
4243,102685,2026-03-16T00:01:59Z,,partially_refunded,fulfilled,online_store,AU,VIC,94.0,34.08,"SPRING25,WELCOME15",12.95,5.99,78.86,paypal,3.24,USD
4244,102684,2026-03-16T00:02:55Z,,paid,fulfilled,online_store,US,FL,29.0,0.0,,5.95,1.74,36.69,paypal,1.77,USD
4245,100649,2026-03-16T00:35:52Z,,paid,fulfilled,online_store,US,TX,44.0,4.4,LOYAL10,5.95,2.38,47.93,shop_pay,1.69,USD
4246,102686,2026-03-16T00:40:03Z,,paid,fulfilled,online_store,US,VA,28.0,0.0,,5.95,1.68,35.63,shop_pay,1.33,USD
4247,102467,2026-03-16T00:49:59Z,,paid,fulfilled,online_store,GB,WLS,94.0,23.5,SPRING25,12.95,14.1,97.55,shopify_payments,3.13,USD
4248,102687,2026-03-16T02:34:41Z,,paid,fulfilled,online_store,AU,WA,196.0,49.0,SPRING25,0.0,14.7,161.7,shop_pay,4.99,USD
4249,102688,2026-03-16T02:40:14Z,,paid,fulfilled,online_store,US,FL,22.0,5.5,SPRING25,5.95,0.99,23.44,shopify_payments,0.98,USD
4250,102292,2026-03-16T08:58:30Z,,paid,fulfilled,online_store,US,VA,72.0,18.0,SPRING25,0.0,3.24,57.24,shop_pay,1.96,USD
4251,102279,2026-03-16T09:05:02Z,,paid,fulfilled,shop_app,CA,QC,46.0,11.5,SPRING25,12.95,1.72,49.17,shopify_payments,1.73,USD
4252,102690,2026-03-16T09:25:03Z,,paid,fulfilled,shop_app,US,OH,38.0,9.5,SPRING25,5.95,1.71,36.16,shop_pay,1.35,USD
4253,102691,2026-03-16T10:33:14Z,,partially_refunded,fulfilled,online_store,US,NY,73.0,0.0,,0.0,4.38,77.38,shopify_payments,2.54,USD
4254,102692,2026-03-16T11:32:05Z,,paid,fulfilled,online_store,US,PA,38.0,9.5,SPRING25,5.95,1.71,36.16,shopify_payments,1.35,USD
4255,100768,2026-03-16T11:46:09Z,,paid,fulfilled,online_store,US,MA,68.0,17.0,SPRING25,0.0,3.06,54.06,shop_pay,1.87,USD
4256,102137,2026-03-16T12:11:45Z,,paid,fulfilled,online_store,US,OR,105.0,26.25,SPRING25,0.0,0.0,78.75,shop_pay,2.58,USD
4257,102693,2026-03-16T12:19:21Z,,paid,fulfilled,online_store,US,CA,76.0,19.0,SPRING25,0.0,3.42,60.42,klarna,3.92,USD
4258,102694,2026-03-16T12:35:18Z,,paid,fulfilled,online_store,US,NY,22.0,0.0,,5.95,1.32,29.27,shopify_payments,1.15,USD
4259,102695,2026-03-16T13:09:26Z,,paid,fulfilled,online_store,US,TX,146.0,52.92,"SPRING25,WELCOME15",0.0,5.58,98.66,shop_pay,3.16,USD
4260,102696,2026-03-16T14:25:57Z,,paid,fulfilled,online_store,US,GA,38.0,9.5,SPRING25,5.95,1.71,36.16,shopify_payments,1.35,USD
4261,102697,2026-03-16T14:27:55Z,,paid,fulfilled,online_store,US,FL,44.0,6.6,WELCOME15,5.95,2.24,45.59,shopify_payments,1.62,USD
4262,102698,2026-03-16T14:33:14Z,,paid,fulfilled,online_store,US,VA,54.0,13.5,SPRING25,5.95,2.43,48.88,shopify_payments,1.72,USD
4263,102699,2026-03-16T15:58:08Z,,paid,fulfilled,shop_app,US,CA,54.0,8.1,WELCOME15,5.95,2.75,54.6,paypal,2.4,USD
4264,102700,2026-03-16T18:12:03Z,,paid,fulfilled,online_store,US,MI,156.0,39.0,SPRING25,0.0,7.02,124.02,shop_pay,3.9,USD
4265,102701,2026-03-16T19:11:01Z,,paid,fulfilled,online_store,US,FL,38.0,5.7,WELCOME15,5.95,1.94,40.19,shop_pay,1.47,USD
4266,102702,2026-03-16T19:18:21Z,,paid,fulfilled,online_store,US,NJ,73.0,10.95,WELCOME15,0.0,3.72,65.77,shopify_payments,2.21,USD
4267,101711,2026-03-16T20:29:31Z,,paid,fulfilled,online_store,US,NY,146.0,36.5,SPRING25,0.0,6.57,116.07,shopify_payments,3.67,USD
4268,102703,2026-03-16T20:30:56Z,,refunded,fulfilled,online_store,US,NC,34.0,8.5,SPRING25,5.95,1.53,32.98,paypal,1.64,USD
4269,102344,2026-03-16T20:40:24Z,,paid,fulfilled,online_store,US,MA,32.0,3.2,LOYAL10,5.95,1.73,36.48,shopify_payments,1.36,USD
4270,102704,2026-03-16T21:46:02Z,,paid,fulfilled,online_store,US,OR,88.0,0.0,,0.0,0.0,88.0,shopify_payments,2.85,USD
4271,100834,2026-03-16T23:49:42Z,,paid,fulfilled,online_store,US,NC,52.0,5.2,LOYAL10,5.95,2.81,55.56,shop_pay,1.91,USD
4272,102705,2026-03-17T00:14:26Z,,paid,fulfilled,online_store,US,AZ,22.0,0.0,,5.95,1.32,29.27,paypal,1.51,USD
4273,102706,2026-03-17T00:36:39Z,,paid,fulfilled,online_store,US,VA,38.0,9.5,SPRING25,5.95,1.71,36.16,klarna,2.47,USD
4274,102707,2026-03-17T00:44:30Z,,paid,fulfilled,shop_app,US,NC,117.0,29.25,SPRING25,0.0,5.26,93.01,shop_pay,3.0,USD
4275,102708,2026-03-17T01:13:37Z,,paid,fulfilled,online_store,US,TX,68.0,0.0,,0.0,4.08,72.08,shopify_payments,2.39,USD
4276,102709,2026-03-17T01:30:22Z,,refunded,fulfilled,online_store,US,FL,44.0,11.0,SPRING25,5.95,1.98,40.93,klarna,2.75,USD
4277,102710,2026-03-17T01:44:09Z,,paid,fulfilled,online_store,US,GA,138.0,34.5,SPRING25,0.0,6.21,109.71,shopify_payments,3.48,USD
4278,102711,2026-03-17T01:47:52Z,,paid,fulfilled,online_store,US,OR,38.0,0.0,,5.95,0.0,43.95,shopify_payments,1.57,USD
4279,102712,2026-03-17T02:07:55Z,,paid,fulfilled,online_store,AU,WA,60.0,15.0,SPRING25,12.95,4.5,62.45,shop_pay,2.11,USD
4280,101793,2026-03-17T02:12:07Z,,paid,fulfilled,online_store,US,OH,104.0,26.0,SPRING25,0.0,4.68,82.68,shopify_payments,2.7,USD
4281,102713,2026-03-17T02:12:15Z,,paid,fulfilled,online_store,US,IN,126.0,31.5,SPRING25,0.0,5.67,100.17,shopify_payments,3.2,USD
4282,101471,2026-03-17T02:29:20Z,,paid,fulfilled,online_store,US,MD,34.0,8.5,SPRING25,5.95,1.53,32.98,shop_pay,1.26,USD
4283,102714,2026-03-17T02:58:16Z,,paid,fulfilled,online_store,GB,SCT,99.0,24.75,SPRING25,12.95,14.85,102.05,shopify_payments,3.26,USD
4284,102715,2026-03-17T03:00:25Z,,paid,fulfilled,shop_app,US,PA,88.0,22.0,SPRING25,0.0,3.96,69.96,paypal,2.93,USD
4285,102716,2026-03-17T03:15:30Z,,paid,fulfilled,online_store,GB,WLS,68.0,10.2,WELCOME15,12.95,11.56,82.31,shop_pay,2.69,USD
4286,102717,2026-03-17T03:41:33Z,,paid,fulfilled,online_store,US,FL,126.0,0.0,,0.0,7.56,133.56,paypal,5.15,USD
4287,101993,2026-03-17T03:57:43Z,,paid,fulfilled,shop_app,GB,ENG,32.0,3.2,LOYAL10,12.95,5.76,47.51,shopify_payments,1.68,USD
4288,102284,2026-03-17T07:13:49Z,,paid,fulfilled,online_store,US,FL,145.0,36.25,SPRING25,0.0,6.52,115.27,klarna,7.2,USD
4289,102237,2026-03-17T08:06:29Z,,paid,fulfilled,online_store,US,FL,94.0,0.0,,0.0,5.64,99.64,shop_pay,3.19,USD
4290,102718,2026-03-17T08:37:28Z,,paid,fulfilled,online_store,US,MO,230.0,0.0,,0.0,13.8,243.8,shopify_payments,7.37,USD
4291,102719,2026-03-17T09:12:53Z,,paid,fulfilled,online_store,US,CO,70.0,17.5,SPRING25,0.0,3.15,55.65,shop_pay,1.91,USD
4292,102720,2026-03-17T10:16:26Z,,paid,fulfilled,online_store,US,GA,38.0,5.7,WELCOME15,5.95,1.94,40.19,shopify_payments,1.47,USD
4293,102205,2026-03-17T10:20:41Z,,paid,fulfilled,online_store,US,TX,150.0,37.5,SPRING25,0.0,6.75,119.25,shopify_payments,3.76,USD
4294,102721,2026-03-17T11:57:31Z,,paid,fulfilled,online_store,US,NH,22.0,7.98,"SPRING25,WELCOME15",5.95,0.0,19.97,shopify_payments,0.88,USD
4295,102722,2026-03-17T13:52:19Z,,paid,fulfilled,online_store,US,IL,34.0,8.5,SPRING25,5.95,1.53,32.98,shopify_payments,1.26,USD
4296,102723,2026-03-17T13:55:37Z,,paid,fulfilled,online_store,US,NC,22.0,0.0,,5.95,1.32,29.27,shop_pay,1.15,USD
4297,102724,2026-03-17T14:08:43Z,,paid,fulfilled,online_store,CA,AB,29.0,0.0,,12.95,1.45,43.4,shopify_payments,1.56,USD
4298,102725,2026-03-17T14:11:01Z,,paid,fulfilled,online_store,US,NY,88.0,22.0,SPRING25,0.0,3.96,69.96,shopify_payments,2.33,USD
4299,101984,2026-03-17T15:31:43Z,,paid,fulfilled,online_store,US,CA,34.0,8.5,SPRING25,5.95,1.53,32.98,shop_pay,1.26,USD
4300,102726,2026-03-17T15:35:30Z,,paid,fulfilled,online_store,US,AZ,88.0,0.0,,0.0,5.28,93.28,shopify_payments,3.01,USD
4301,102727,2026-03-17T16:02:03Z,,paid,fulfilled,online_store,US,NY,101.0,25.25,SPRING25,0.0,4.54,80.29,shopify_payments,2.63,USD
4302,102728,2026-03-17T16:18:00Z,,paid,fulfilled,online_store,US,NY,38.0,9.5,SPRING25,5.95,1.71,36.16,shopify_payments,1.35,USD
4303,102729,2026-03-17T16:57:17Z,,paid,fulfilled,online_store,CA,ON,22.0,5.5,SPRING25,12.95,0.82,30.27,shopify_payments,1.18,USD
4304,102385,2026-03-17T17:21:10Z,,paid,fulfilled,online_store,US,MA,126.0,18.9,WELCOME15,0.0,6.43,113.53,shop_pay,3.59,USD
4305,102624,2026-03-17T18:32:23Z,,partially_refunded,fulfilled,online_store,GB,SCT,126.0,31.5,SPRING25,0.0,18.9,113.4,shopify_payments,3.59,USD
4306,102730,2026-03-17T20:25:47Z,,refunded,fulfilled,shop_app,CA,AB,29.0,0.0,FREESHIP,0.0,1.45,30.45,shopify_payments,1.18,USD
4307,102731,2026-03-17T20:38:18Z,,paid,fulfilled,online_store,US,IL,114.0,17.1,WELCOME15,0.0,5.81,102.71,shopify_payments,3.28,USD
4308,102732,2026-03-17T21:01:34Z,,paid,fulfilled,online_store,US,MN,32.0,4.8,WELCOME15,5.95,1.63,34.78,shopify_payments,1.31,USD
4309,102217,2026-03-17T21:52:23Z,,paid,fulfilled,online_store,US,FL,22.0,0.0,,5.95,1.32,29.27,shopify_payments,1.15,USD
4310,102733,2026-03-17T22:35:33Z,,paid,fulfilled,online_store,GB,SCT,66.0,16.5,SPRING25,12.95,9.9,72.35,shopify_payments,2.4,USD
4311,102421,2026-03-17T23:09:59Z,,paid,fulfilled,online_store,US,WA,34.0,8.5,SPRING25,5.95,1.53,32.98,shopify_payments,1.26,USD
4312,102734,2026-03-17T23:55:52Z,,paid,fulfilled,online_store,US,NY,28.0,7.0,SPRING25,5.95,1.26,28.21,shopify_payments,1.12,USD
4313,102735,2026-03-18T00:05:47Z,,partially_refunded,fulfilled,online_store,US,NH,173.0,43.25,SPRING25,0.0,0.0,129.75,shopify_payments,4.06,USD
4314,102736,2026-03-18T00:25:41Z,,paid,fulfilled,online_store,US,TX,58.0,0.0,,0.0,3.48,61.48,shop_pay,2.08,USD
4315,102737,2026-03-18T01:25:45Z,,paid,fulfilled,online_store,US,TX,62.0,15.5,SPRING25,5.95,2.79,55.24,shopify_payments,1.9,USD
4316,102080,2026-03-18T01:28:29Z,,paid,fulfilled,online_store,US,TX,36.0,9.0,SPRING25,5.95,1.62,34.57,paypal,1.7,USD
4317,102738,2026-03-18T01:55:28Z,,partially_refunded,fulfilled,online_store,AU,QLD,124.0,31.0,SPRING25,0.0,9.3,102.3,shop_pay,3.27,USD
4318,102739,2026-03-18T01:55:55Z,,paid,fulfilled,online_store,US,NY,110.0,0.0,,0.0,6.6,116.6,paypal,4.56,USD
4319,102351,2026-03-18T02:03:06Z,,paid,fulfilled,online_store,US,CA,22.0,5.5,SPRING25,5.95,0.99,23.44,paypal,1.31,USD
4320,102545,2026-03-18T05:41:13Z,,paid,fulfilled,shop_app,US,OR,63.0,15.75,SPRING25,5.95,0.0,53.2,shop_pay,1.84,USD
4321,101739,2026-03-18T06:16:22Z,,paid,fulfilled,online_store,US,FL,32.0,8.0,SPRING25,5.95,1.44,31.39,paypal,1.59,USD
4322,102572,2026-03-18T06:54:49Z,,paid,fulfilled,online_store,US,NJ,152.0,38.0,SPRING25,0.0,6.84,120.84,shop_pay,3.8,USD
4323,102740,2026-03-18T08:32:32Z,,paid,fulfilled,online_store,US,AZ,116.0,29.0,SPRING25,0.0,5.22,92.22,paypal,3.71,USD
4324,102741,2026-03-18T09:12:21Z,,partially_refunded,fulfilled,online_store,US,FL,62.0,15.5,SPRING25,5.95,2.79,55.24,shop_pay,1.9,USD
4325,102742,2026-03-18T09:32:46Z,,paid,fulfilled,online_store,US,FL,74.0,18.5,SPRING25,0.0,3.33,58.83,shop_pay,2.01,USD
4326,102743,2026-03-18T10:19:42Z,2026-03-18T16:19:42Z,voided,unfulfilled,online_store,US,MI,38.0,0.0,,5.95,2.28,46.23,shopify_payments,0.0,USD
4327,102744,2026-03-18T10:25:26Z,,paid,fulfilled,online_store,US,WI,110.0,16.5,WELCOME15,0.0,5.61,99.11,shop_pay,3.17,USD
4328,102745,2026-03-18T11:13:40Z,,paid,fulfilled,online_store,CA,BC,22.0,0.0,,12.95,1.1,36.05,shopify_payments,1.35,USD
4329,102746,2026-03-18T11:33:48Z,,paid,fulfilled,online_store,US,AZ,156.0,15.6,AMELIA10,0.0,8.42,148.82,shopify_payments,4.62,USD
4330,102747,2026-03-18T11:47:03Z,,paid,fulfilled,online_store,US,TX,84.0,21.0,SPRING25,0.0,3.78,66.78,paypal,2.82,USD
4331,102748,2026-03-18T12:35:44Z,,paid,fulfilled,online_store,US,GA,36.0,0.0,,5.95,2.16,44.11,shopify_payments,1.58,USD
4332,102749,2026-03-18T12:57:49Z,,paid,fulfilled,online_store,US,CA,63.0,15.75,SPRING25,5.95,2.84,56.04,shopify_payments,1.93,USD
4333,102750,2026-03-18T13:37:33Z,,refunded,fulfilled,online_store,US,NY,34.0,8.5,SPRING25,5.95,1.53,32.98,shopify_payments,1.26,USD
4334,102751,2026-03-18T15:12:39Z,,paid,fulfilled,shop_app,US,MN,38.0,9.5,SPRING25,5.95,1.71,36.16,shopify_payments,1.35,USD
4335,102615,2026-03-18T15:44:39Z,,partially_refunded,fulfilled,online_store,US,PA,166.0,0.0,,0.0,9.96,175.96,shopify_payments,5.4,USD
4336,102753,2026-03-18T16:29:58Z,,paid,fulfilled,online_store,US,OR,148.0,53.65,"SPRING25,WELCOME15",0.0,0.0,94.35,paypal,3.78,USD
4337,102754,2026-03-18T16:33:09Z,,paid,fulfilled,online_store,US,MI,122.0,30.5,SPRING25,0.0,5.49,96.99,paypal,3.87,USD
4338,102755,2026-03-18T17:14:44Z,,paid,fulfilled,online_store,US,IN,34.0,5.1,WELCOME15,5.95,1.73,36.58,shopify_payments,1.36,USD
4339,102756,2026-03-18T20:00:12Z,,paid,fulfilled,online_store,US,CA,38.0,9.5,SPRING25,5.95,1.71,36.16,shop_pay,1.35,USD
4340,102757,2026-03-18T20:35:13Z,,paid,fulfilled,online_store,US,TX,22.0,3.3,WELCOME15,5.95,1.12,25.77,shopify_payments,1.05,USD
4341,102759,2026-03-18T21:15:42Z,,paid,fulfilled,online_store,US,WI,24.0,3.6,WELCOME15,5.95,1.22,27.57,shopify_payments,1.1,USD
4342,102760,2026-03-18T21:59:05Z,,paid,fulfilled,online_store,US,TX,72.0,18.0,SPRING25,0.0,3.24,57.24,shopify_payments,1.96,USD
4343,102761,2026-03-18T22:31:49Z,,paid,fulfilled,online_store,US,TX,34.0,0.0,,5.95,2.04,41.99,shopify_payments,1.52,USD
4344,102762,2026-03-18T23:24:43Z,,paid,fulfilled,online_store,US,MN,36.0,9.0,SPRING25,5.95,1.62,34.57,shop_pay,1.3,USD
4345,102763,2026-03-18T23:38:06Z,,partially_refunded,fulfilled,online_store,US,AZ,62.0,15.5,SPRING25,5.95,2.79,55.24,shopify_payments,1.9,USD
4346,102764,2026-03-18T23:50:33Z,,paid,fulfilled,online_store,US,GA,121.0,30.25,SPRING25,0.0,5.44,96.19,shop_pay,3.09,USD
4347,102765,2026-03-19T00:33:42Z,2026-03-19T19:33:42Z,voided,unfulfilled,online_store,US,IL,29.0,0.0,,5.95,1.74,36.69,shopify_payments,0.0,USD
4348,102766,2026-03-19T00:56:40Z,,paid,fulfilled,shop_app,US,MD,22.0,5.5,SPRING25,5.95,0.99,23.44,paypal,1.31,USD
4349,102767,2026-03-19T02:56:46Z,,paid,fulfilled,online_store,US,FL,122.0,18.3,WELCOME15,0.0,6.22,109.92,shop_pay,3.49,USD
4350,102768,2026-03-19T03:26:26Z,,refunded,fulfilled,online_store,US,TN,28.0,7.0,SPRING25,5.95,1.26,28.21,shop_pay,1.12,USD
4351,102769,2026-03-19T03:51:11Z,,paid,fulfilled,online_store,US,IL,88.0,0.0,,0.0,5.28,93.28,shopify_payments,3.01,USD
4352,102200,2026-03-19T04:55:52Z,,paid,fulfilled,online_store,AU,QLD,56.0,0.0,,12.95,5.6,74.55,shopify_payments,2.46,USD
4353,102569,2026-03-19T07:01:19Z,,paid,fulfilled,online_store,US,GA,34.0,0.0,,5.95,2.04,41.99,shopify_payments,1.52,USD
4354,102179,2026-03-19T07:30:10Z,,paid,fulfilled,online_store,US,CA,32.0,8.0,"SPRING25,FREESHIP",0.0,1.44,25.44,shop_pay,1.04,USD
4355,102771,2026-03-19T10:53:47Z,,paid,fulfilled,online_store,US,IL,56.0,8.4,WELCOME15,5.95,2.86,56.41,shopify_payments,1.94,USD
4356,102772,2026-03-19T11:27:29Z,,paid,fulfilled,online_store,US,CO,22.0,3.3,WELCOME15,5.95,1.12,25.77,shopify_payments,1.05,USD
4357,102774,2026-03-19T13:58:21Z,,paid,fulfilled,shop_app,US,NJ,26.0,6.5,SPRING25,5.95,1.17,26.62,shop_pay,1.07,USD
4358,102775,2026-03-19T14:12:09Z,,paid,fulfilled,shop_app,US,AZ,38.0,9.5,SPRING25,5.95,1.71,36.16,shop_pay,1.35,USD
4359,102776,2026-03-19T15:07:31Z,,paid,fulfilled,online_store,US,NY,34.0,8.5,SPRING25,5.95,1.53,32.98,shopify_payments,1.26,USD
4360,102777,2026-03-19T16:41:38Z,,paid,fulfilled,online_store,US,FL,85.0,21.25,SPRING25,0.0,3.82,67.57,paypal,2.85,USD
4361,101349,2026-03-19T16:45:24Z,,paid,fulfilled,online_store,US,CA,82.0,0.0,,0.0,4.92,86.92,shopify_payments,2.82,USD
4362,102778,2026-03-19T19:55:11Z,,paid,fulfilled,shop_app,US,AZ,116.0,42.05,"SPRING25,WELCOME15",0.0,4.44,78.39,klarna,5.0,USD
4363,102779,2026-03-19T20:30:40Z,,paid,fulfilled,shop_app,GB,ENG,29.0,7.25,SPRING25,12.95,4.35,39.05,shop_pay,1.43,USD
4364,102780,2026-03-19T21:19:36Z,,paid,fulfilled,online_store,US,FL,34.0,8.5,SPRING25,5.95,1.53,32.98,shopify_payments,1.26,USD
4365,102781,2026-03-19T21:27:35Z,,paid,fulfilled,online_store,US,CA,50.0,5.0,AMELIA10,5.95,2.7,53.65,shopify_payments,1.86,USD
4366,102782,2026-03-19T22:09:33Z,,paid,fulfilled,online_store,US,WA,106.0,15.9,WELCOME15,0.0,5.41,95.51,shopify_payments,3.07,USD
4367,102783,2026-03-19T22:47:18Z,,paid,fulfilled,online_store,US,NY,58.0,14.5,SPRING25,5.95,2.61,52.06,shopify_payments,1.81,USD
4368,102784,2026-03-19T23:03:42Z,,paid,fulfilled,online_store,US,NH,116.0,29.0,SPRING25,0.0,0.0,87.0,paypal,3.53,USD
4369,102785,2026-03-19T23:19:29Z,,paid,fulfilled,online_store,US,IL,26.0,6.5,SPRING25,5.95,1.17,26.62,paypal,1.42,USD
4370,102787,2026-03-19T23:50:09Z,,paid,fulfilled,online_store,US,NC,24.0,3.6,WELCOME15,5.95,1.22,27.57,shopify_payments,1.1,USD
4371,101234,2026-03-20T00:10:11Z,,partially_refunded,fulfilled,online_store,AU,VIC,60.0,6.0,LOYAL10,12.95,5.4,72.35,shopify_payments,2.4,USD
4372,102392,2026-03-20T01:00:34Z,,paid,fulfilled,online_store,US,DE,68.0,0.0,,0.0,0.0,68.0,shopify_payments,2.27,USD
4373,101580,2026-03-20T01:44:31Z,,paid,fulfilled,shop_app,US,FL,58.0,14.5,SPRING25,5.95,2.61,52.06,shopify_payments,1.81,USD
4374,102788,2026-03-20T03:50:17Z,,paid,fulfilled,online_store,US,TX,110.0,0.0,,0.0,6.6,116.6,shop_pay,3.68,USD
4375,102790,2026-03-20T04:18:34Z,,paid,fulfilled,online_store,US,CA,22.0,5.5,SPRING25,5.95,0.99,23.44,shopify_payments,0.98,USD
4376,100894,2026-03-20T05:53:51Z,,partially_refunded,fulfilled,online_store,US,GA,66.0,16.5,SPRING25,5.95,2.97,58.42,shopify_payments,1.99,USD
4377,102791,2026-03-20T08:49:52Z,,paid,fulfilled,online_store,US,CA,38.0,5.7,WELCOME15,5.95,1.94,40.19,klarna,2.71,USD
4378,102011,2026-03-20T09:26:29Z,,paid,fulfilled,shop_app,AU,WA,22.0,0.0,,12.95,2.2,37.15,shopify_payments,1.38,USD
4379,102792,2026-03-20T10:16:08Z,,paid,fulfilled,online_store,US,CO,96.0,24.0,SPRING25,0.0,4.32,76.32,shopify_payments,2.51,USD
4380,102795,2026-03-20T11:15:04Z,,partially_refunded,fulfilled,online_store,US,GA,126.0,31.5,SPRING25,0.0,5.67,100.17,paypal,3.99,USD
4381,102796,2026-03-20T11:32:36Z,,paid,fulfilled,online_store,US,MA,142.0,0.0,,0.0,8.52,150.52,shopify_payments,4.67,USD
4382,102797,2026-03-20T11:37:00Z,,paid,fulfilled,online_store,US,OH,126.0,31.5,SPRING25,0.0,5.67,100.17,paypal,3.99,USD
4383,102798,2026-03-20T14:20:45Z,,paid,fulfilled,online_store,US,IL,29.0,0.0,,5.95,1.74,36.69,shopify_payments,1.36,USD
4384,102799,2026-03-20T14:50:10Z,,paid,fulfilled,online_store,US,TX,38.0,0.0,,5.95,2.28,46.23,klarna,3.07,USD
4385,102800,2026-03-20T15:12:54Z,,paid,fulfilled,online_store,GB,SCT,26.0,3.9,WELCOME15,12.95,4.42,39.47,paypal,1.87,USD
4386,102801,2026-03-20T15:42:54Z,,partially_refunded,fulfilled,online_store,US,NY,219.0,54.75,SPRING25,0.0,9.86,174.11,paypal,6.57,USD
4387,102802,2026-03-20T15:43:06Z,,paid,fulfilled,online_store,US,OH,78.0,19.5,SPRING25,0.0,3.51,62.01,paypal,2.65,USD
4388,102803,2026-03-20T16:43:46Z,,paid,fulfilled,online_store,US,AZ,44.0,15.95,"SPRING25,WELCOME15",5.95,1.68,35.68,shopify_payments,1.33,USD
4389,102804,2026-03-20T16:53:37Z,,paid,fulfilled,online_store,CA,ON,36.0,0.0,,12.95,1.8,50.75,shopify_payments,1.77,USD
4390,101468,2026-03-20T18:03:25Z,,paid,fulfilled,online_store,US,CO,68.0,17.0,SPRING25,0.0,3.06,54.06,shopify_payments,1.87,USD
4391,102805,2026-03-20T18:14:16Z,,paid,fulfilled,online_store,CA,QC,83.0,0.0,,12.95,4.15,100.1,shopify_payments,3.2,USD
4392,102408,2026-03-20T20:02:31Z,,paid,fulfilled,online_store,US,OH,68.0,17.0,SPRING25,0.0,3.06,54.06,paypal,2.38,USD
4393,102807,2026-03-20T20:32:42Z,,paid,fulfilled,online_store,US,CA,162.0,40.5,SPRING25,0.0,7.29,128.79,shopify_payments,4.03,USD
4394,102808,2026-03-20T21:02:37Z,,refunded,fulfilled,online_store,US,FL,29.0,7.25,SPRING25,5.95,1.3,29.0,shopify_payments,1.14,USD
4395,102809,2026-03-20T22:24:10Z,,partially_refunded,fulfilled,online_store,CA,QC,46.0,11.5,SPRING25,12.95,1.72,49.17,shop_pay,1.73,USD
4396,102259,2026-03-20T23:15:46Z,,paid,fulfilled,shop_app,US,NY,64.0,16.0,SPRING25,5.95,2.88,56.83,shopify_payments,1.95,USD
4397,102810,2026-03-20T23:24:06Z,,paid,fulfilled,online_store,US,WI,66.0,0.0,,0.0,3.96,69.96,shopify_payments,2.33,USD
4398,102811,2026-03-20T23:41:14Z,,paid,fulfilled,online_store,US,NJ,120.0,30.0,SPRING25,0.0,5.4,95.4,shopify_payments,3.07,USD
4399,102812,2026-03-20T23:54:14Z,,paid,fulfilled,online_store,US,WA,62.0,9.3,WELCOME15,0.0,3.16,55.86,shopify_payments,1.92,USD
4400,102813,2026-03-21T00:30:43Z,,paid,fulfilled,online_store,US,VA,76.0,0.0,,0.0,4.56,80.56,shopify_payments,2.64,USD
4401,102815,2026-03-21T00:55:04Z,,paid,fulfilled,online_store,US,GA,78.0,19.5,SPRING25,0.0,3.51,62.01,shopify_payments,2.1,USD
4402,102814,2026-03-21T00:56:17Z,,paid,fulfilled,online_store,US,MA,98.0,24.5,SPRING25,0.0,4.41,77.91,shopify_payments,2.56,USD
4403,102816,2026-03-21T01:01:38Z,,paid,fulfilled,online_store,US,VA,116.0,29.0,SPRING25,0.0,5.22,92.22,shopify_payments,2.97,USD
4404,102817,2026-03-21T01:06:15Z,,paid,fulfilled,online_store,US,MN,34.0,7.99,"AMELIA10,WELCOME15",5.95,1.56,33.52,shopify_payments,1.27,USD
4405,102818,2026-03-21T01:58:47Z,,paid,fulfilled,online_store,US,TX,131.0,32.75,SPRING25,0.0,5.9,104.15,shopify_payments,3.32,USD
4406,102819,2026-03-21T02:06:16Z,,paid,fulfilled,online_store,US,NY,36.0,5.4,WELCOME15,5.95,1.84,38.39,shopify_payments,1.41,USD
4407,102820,2026-03-21T02:47:01Z,,paid,fulfilled,online_store,US,FL,78.0,19.5,SPRING25,0.0,3.51,62.01,paypal,2.65,USD
4408,102821,2026-03-21T06:51:51Z,,paid,fulfilled,online_store,US,NJ,139.0,20.85,WELCOME15,0.0,7.09,125.24,shopify_payments,3.93,USD
4409,102822,2026-03-21T07:20:25Z,,partially_refunded,fulfilled,online_store,US,CA,148.0,41.07,"NOURISHED15,WELCOME15",0.0,6.42,113.35,shopify_payments,3.59,USD
4410,102823,2026-03-21T09:43:46Z,,paid,fulfilled,online_store,US,IN,29.0,10.51,"SPRING25,WELCOME15",5.95,1.11,25.55,shopify_payments,1.04,USD
4411,101420,2026-03-21T09:53:41Z,,paid,fulfilled,shop_app,CA,BC,22.0,5.5,SPRING25,12.95,0.82,30.27,paypal,1.55,USD
4412,102824,2026-03-21T10:15:29Z,,paid,fulfilled,online_store,GB,ENG,22.0,5.5,SPRING25,12.95,3.3,32.75,paypal,1.63,USD
4413,102825,2026-03-21T10:44:49Z,,paid,fulfilled,online_store,US,MO,142.0,35.5,SPRING25,0.0,6.39,112.89,shop_pay,3.57,USD
4414,102826,2026-03-21T11:19:06Z,,paid,fulfilled,online_store,US,IL,114.0,28.5,SPRING25,0.0,5.13,90.63,shopify_payments,2.93,USD
4415,102827,2026-03-21T11:52:22Z,,paid,fulfilled,online_store,GB,ENG,30.0,7.5,SPRING25,12.95,4.5,39.95,shopify_payments,1.46,USD
4416,102828,2026-03-21T13:43:05Z,,paid,fulfilled,shop_app,US,MI,34.0,0.0,,5.95,2.04,41.99,shopify_payments,1.52,USD
4417,102829,2026-03-21T14:20:06Z,,paid,fulfilled,online_store,US,MI,60.0,15.0,SPRING25,5.95,2.7,53.65,shopify_payments,1.86,USD
4418,102830,2026-03-21T15:12:36Z,,paid,fulfilled,online_store,US,MN,144.0,0.0,,0.0,8.64,152.64,shopify_payments,4.73,USD
4419,100795,2026-03-21T15:27:16Z,,paid,fulfilled,online_store,US,NY,29.0,7.25,SPRING25,5.95,1.3,29.0,klarna,2.04,USD
4420,102831,2026-03-21T15:43:14Z,,paid,fulfilled,online_store,US,MN,22.0,0.0,,5.95,1.32,29.27,shopify_payments,1.15,USD
4421,102832,2026-03-21T16:28:11Z,,paid,fulfilled,online_store,US,NY,120.0,18.0,WELCOME15,0.0,6.12,108.12,shopify_payments,3.44,USD
4422,102833,2026-03-21T18:17:19Z,,paid,fulfilled,online_store,US,IL,200.0,50.0,SPRING25,0.0,9.0,159.0,shopify_payments,4.91,USD
4423,102834,2026-03-21T20:17:44Z,,paid,fulfilled,online_store,US,TN,183.0,45.75,SPRING25,0.0,8.24,145.49,paypal,5.57,USD
4424,102758,2026-03-21T20:38:57Z,,paid,fulfilled,online_store,US,TX,26.0,2.6,AMELIA10,5.95,1.4,30.75,shopify_payments,1.19,USD
4425,102835,2026-03-21T20:53:04Z,,paid,fulfilled,online_store,US,CA,32.0,0.0,,5.95,1.92,39.87,shop_pay,1.46,USD
4426,102836,2026-03-21T21:00:17Z,,paid,fulfilled,online_store,US,CA,34.0,5.1,WELCOME15,5.95,1.73,36.58,shop_pay,1.36,USD
4427,102837,2026-03-21T21:12:03Z,,paid,fulfilled,shop_app,US,TX,34.0,0.0,,5.95,2.04,41.99,shopify_payments,1.52,USD
4428,102838,2026-03-21T21:59:05Z,,paid,fulfilled,shop_app,US,TX,24.0,6.0,SPRING25,5.95,1.08,25.03,shop_pay,1.03,USD
4429,102839,2026-03-21T22:51:13Z,,paid,fulfilled,online_store,US,WA,32.0,0.0,,5.95,1.92,39.87,shopify_payments,1.46,USD
4430,102840,2026-03-21T22:54:40Z,,partially_refunded,fulfilled,online_store,US,GA,151.0,37.75,SPRING25,0.0,6.8,120.05,shopify_payments,3.78,USD
4431,102841,2026-03-21T23:08:48Z,,paid,fulfilled,shop_app,US,FL,30.0,0.0,,5.95,1.8,37.75,paypal,1.81,USD
4432,102842,2026-03-21T23:34:10Z,,paid,fulfilled,online_store,US,CA,106.0,15.9,WELCOME15,0.0,5.41,95.51,shopify_payments,3.07,USD
4433,102031,2026-03-22T00:20:30Z,,paid,fulfilled,online_store,US,NY,34.0,0.0,,5.95,2.04,41.99,shopify_payments,1.52,USD
4434,101173,2026-03-22T01:46:20Z,,paid,fulfilled,online_store,US,CA,34.0,0.0,,5.95,2.04,41.99,shopify_payments,1.52,USD
4435,102845,2026-03-22T02:54:19Z,,paid,fulfilled,online_store,US,TN,183.0,0.0,,0.0,10.98,193.98,paypal,7.26,USD
4436,102844,2026-03-22T02:54:27Z,,paid,fulfilled,online_store,US,IN,64.0,0.0,,0.0,3.84,67.84,paypal,2.86,USD
4437,102846,2026-03-22T08:29:43Z,,paid,fulfilled,online_store,US,NY,116.0,0.0,,0.0,6.96,122.96,shopify_payments,3.87,USD
4438,102164,2026-03-22T11:22:55Z,,paid,fulfilled,online_store,US,CA,120.0,0.0,,0.0,7.2,127.2,shop_pay,3.99,USD
4439,102847,2026-03-22T13:03:48Z,,paid,fulfilled,shop_app,US,MA,70.0,10.5,WELCOME15,0.0,3.57,63.07,shopify_payments,2.13,USD
4440,102848,2026-03-22T15:01:44Z,,paid,fulfilled,online_store,US,VA,26.0,0.0,,5.95,1.56,33.51,shop_pay,1.27,USD
4441,102849,2026-03-22T15:08:57Z,,paid,fulfilled,online_store,US,NJ,93.0,0.0,,0.0,5.58,98.58,shopify_payments,3.16,USD
4442,102850,2026-03-22T15:39:39Z,,paid,fulfilled,online_store,CA,QC,181.0,27.15,WELCOME15,0.0,7.69,161.54,paypal,6.13,USD
4443,102851,2026-03-22T16:36:15Z,,paid,fulfilled,shop_app,US,AZ,26.0,0.0,,5.95,1.56,33.51,paypal,1.66,USD
4444,102852,2026-03-22T17:22:08Z,,paid,fulfilled,online_store,US,WI,120.0,0.0,,0.0,7.2,127.2,shopify_payments,3.99,USD
4445,102853,2026-03-22T18:24:20Z,,paid,fulfilled,online_store,US,NJ,76.0,0.0,,0.0,4.56,80.56,shopify_payments,2.64,USD
4446,101591,2026-03-22T19:39:42Z,,paid,fulfilled,online_store,US,WI,151.0,0.0,,0.0,9.06,160.06,shopify_payments,4.94,USD
4447,102854,2026-03-22T22:22:10Z,,paid,fulfilled,online_store,US,PA,38.0,4.56,"GLOWWITHSAM12,FREESHIP",0.0,2.01,35.45,shopify_payments,1.33,USD
4448,102855,2026-03-22T22:42:03Z,,refunded,fulfilled,online_store,US,MI,67.0,0.0,,0.0,4.02,71.02,shopify_payments,2.36,USD
4449,102856,2026-03-22T23:15:11Z,,paid,fulfilled,online_store,AU,VIC,36.0,5.4,SKINBYJORDAN15,12.95,3.06,46.61,shopify_payments,1.65,USD
4450,102858,2026-03-23T06:51:51Z,,paid,fulfilled,online_store,US,NY,44.0,6.6,WELCOME15,5.95,2.24,45.59,shop_pay,1.62,USD
4451,102859,2026-03-23T11:08:05Z,,paid,fulfilled,online_store,US,FL,148.0,22.2,WELCOME15,0.0,7.55,133.35,shopify_payments,4.17,USD
4452,102860,2026-03-23T11:43:22Z,,paid,fulfilled,online_store,US,CA,56.0,8.4,WELCOME15,5.95,2.86,56.41,shopify_payments,1.94,USD
4453,101213,2026-03-23T12:35:01Z,,paid,fulfilled,shop_app,US,IN,58.0,0.0,,0.0,3.48,61.48,shopify_payments,2.08,USD
4454,102862,2026-03-23T19:07:18Z,,paid,fulfilled,shop_app,US,FL,26.0,0.0,,5.95,1.56,33.51,shopify_payments,1.27,USD
4455,102863,2026-03-23T21:57:00Z,,paid,fulfilled,online_store,US,TX,34.0,0.0,,5.95,2.04,41.99,shop_pay,1.52,USD
4456,102864,2026-03-24T01:02:56Z,,paid,fulfilled,online_store,US,MA,95.0,0.0,,0.0,5.7,100.7,shopify_payments,3.22,USD
4457,102865,2026-03-24T01:23:56Z,,paid,fulfilled,online_store,US,IL,38.0,0.0,,5.95,2.28,46.23,shopify_payments,1.64,USD
4458,102866,2026-03-24T02:30:07Z,,paid,fulfilled,online_store,US,NY,68.0,10.2,WELCOME15,0.0,3.47,61.27,shopify_payments,2.08,USD
4459,102165,2026-03-24T09:10:11Z,,paid,fulfilled,online_store,US,CA,26.0,0.0,,5.95,1.56,33.51,shop_pay,1.27,USD
4460,102226,2026-03-24T10:53:24Z,,paid,fulfilled,online_store,US,CO,53.0,0.0,,0.0,3.18,56.18,shopify_payments,1.93,USD
4461,102867,2026-03-24T13:09:37Z,,paid,fulfilled,online_store,US,MO,32.0,0.0,,5.95,1.92,39.87,shopify_payments,1.46,USD
4462,102868,2026-03-24T13:32:49Z,,paid,fulfilled,shop_app,US,OR,58.0,5.8,AMELIA10,0.0,0.0,52.2,paypal,2.31,USD
4463,100726,2026-03-24T16:47:09Z,,paid,fulfilled,online_store,US,DE,83.0,0.0,,0.0,0.0,83.0,paypal,3.39,USD
4464,102869,2026-03-24T18:13:09Z,,paid,fulfilled,online_store,US,GA,80.0,0.0,,0.0,4.8,84.8,shop_pay,2.76,USD
4465,102416,2026-03-24T20:19:43Z,,paid,fulfilled,shop_app,US,OH,132.0,0.0,,0.0,7.92,139.92,shop_pay,4.36,USD
4466,102871,2026-03-24T21:14:50Z,2026-03-25T16:14:50Z,voided,unfulfilled,online_store,CA,QC,72.0,10.8,WELCOME15,12.95,3.06,77.21,shop_pay,0.0,USD
4467,102528,2026-03-24T21:45:52Z,,paid,fulfilled,online_store,CA,QC,80.0,0.0,,12.95,4.0,96.95,shopify_payments,3.11,USD
4468,102873,2026-03-25T01:16:05Z,,paid,fulfilled,online_store,US,TN,74.0,0.0,,0.0,4.44,78.44,shopify_payments,2.57,USD
4469,102295,2026-03-25T02:29:33Z,,paid,fulfilled,online_store,US,NY,58.0,0.0,,0.0,3.48,61.48,shopify_payments,2.08,USD
4470,102874,2026-03-25T11:27:40Z,,paid,fulfilled,online_store,US,FL,34.0,0.0,,5.95,2.04,41.99,shopify_payments,1.52,USD
4471,102602,2026-03-25T13:07:06Z,,paid,fulfilled,shop_app,US,FL,29.0,0.0,,5.95,1.74,36.69,shopify_payments,1.36,USD
4472,102876,2026-03-25T14:03:49Z,,paid,fulfilled,online_store,US,TX,50.0,0.0,,0.0,3.0,53.0,shop_pay,1.84,USD
4473,102877,2026-03-25T15:10:30Z,,paid,fulfilled,online_store,US,TX,22.0,2.2,DERMDIARY10,5.95,1.19,26.94,paypal,1.43,USD
4474,102220,2026-03-25T16:24:36Z,,paid,fulfilled,online_store,US,IL,76.0,0.0,,0.0,4.56,80.56,shopify_payments,2.64,USD
4475,102878,2026-03-25T18:01:53Z,,paid,fulfilled,online_store,US,CO,36.0,5.4,WELCOME15,5.95,1.84,38.39,shopify_payments,1.41,USD
4476,102879,2026-03-25T19:22:25Z,,paid,fulfilled,shop_app,US,WI,88.0,0.0,,0.0,5.28,93.28,paypal,3.75,USD
4477,102880,2026-03-25T19:53:58Z,,paid,fulfilled,online_store,US,FL,61.0,0.0,,0.0,3.66,64.66,shop_pay,2.18,USD
4478,102881,2026-03-25T21:37:45Z,,paid,fulfilled,online_store,US,FL,86.0,0.0,,0.0,5.16,91.16,shopify_payments,2.94,USD
4479,101909,2026-03-25T21:49:41Z,,paid,fulfilled,online_store,US,TX,84.0,0.0,,0.0,5.04,89.04,shopify_payments,2.88,USD
4480,102303,2026-03-25T23:05:05Z,,paid,fulfilled,online_store,US,NJ,92.0,0.0,,0.0,5.52,97.52,klarna,6.14,USD
4481,102496,2026-03-25T23:28:18Z,,paid,fulfilled,online_store,GB,ENG,26.0,0.0,,12.95,5.2,44.15,shopify_payments,1.58,USD
4482,102882,2026-03-25T23:59:23Z,,paid,fulfilled,online_store,US,CO,44.0,0.0,,5.95,2.64,52.59,shopify_payments,1.83,USD
4483,102884,2026-03-26T06:36:27Z,,paid,fulfilled,online_store,CA,ON,88.0,22.18,"GLOWWITHSAM12,WELCOME15",12.95,3.29,82.06,shopify_payments,2.68,USD
4484,102648,2026-03-26T10:25:32Z,,paid,fulfilled,online_store,US,TN,22.0,0.0,,5.95,1.32,29.27,shopify_payments,1.15,USD
4485,102885,2026-03-26T10:39:39Z,,paid,fulfilled,shop_app,US,FL,32.0,4.8,WELCOME15,5.95,1.63,34.78,shopify_payments,1.31,USD
4486,102886,2026-03-26T12:11:43Z,,paid,fulfilled,online_store,US,CA,51.0,0.0,,0.0,3.06,54.06,paypal,2.38,USD
4487,102887,2026-03-26T12:30:41Z,,paid,fulfilled,online_store,US,NJ,74.0,0.0,,0.0,4.44,78.44,shop_pay,2.57,USD
4488,102888,2026-03-26T13:06:24Z,,paid,fulfilled,online_store,US,CA,34.0,0.0,,5.95,2.04,41.99,shopify_payments,1.52,USD
4489,102890,2026-03-26T13:56:27Z,,paid,fulfilled,online_store,US,FL,66.0,9.9,WELCOME15,0.0,3.37,59.47,shop_pay,2.02,USD
4490,102891,2026-03-26T14:01:49Z,,paid,fulfilled,online_store,US,IL,38.0,3.8,AMELIA10,5.95,2.05,42.2,shop_pay,1.52,USD
4491,102892,2026-03-26T14:22:20Z,,paid,fulfilled,online_store,US,FL,22.0,0.0,,5.95,1.32,29.27,shop_pay,1.15,USD
4492,102893,2026-03-26T14:28:30Z,,paid,fulfilled,online_store,US,GA,100.0,0.0,,0.0,6.0,106.0,shopify_payments,3.37,USD
4493,101401,2026-03-26T16:05:35Z,,paid,fulfilled,online_store,US,NY,117.0,0.0,,0.0,7.02,124.02,shopify_payments,3.9,USD
4494,102894,2026-03-26T23:04:00Z,2026-03-27T08:04:00Z,voided,unfulfilled,online_store,GB,ENG,24.0,0.0,,12.95,4.8,41.75,shopify_payments,0.0,USD
4495,102895,2026-03-27T00:27:54Z,,paid,fulfilled,online_store,US,VA,96.0,0.0,,0.0,5.76,101.76,shopify_payments,3.25,USD
4496,102896,2026-03-27T00:46:53Z,,paid,fulfilled,online_store,US,CA,38.0,0.0,,5.95,2.28,46.23,paypal,2.1,USD
4497,101388,2026-03-27T00:53:14Z,,paid,fulfilled,online_store,US,NY,22.0,0.0,,5.95,1.32,29.27,shopify_payments,1.15,USD
4498,102378,2026-03-27T03:57:16Z,,paid,fulfilled,online_store,US,MD,32.0,4.8,WELCOME15,5.95,1.63,34.78,shop_pay,1.31,USD
4499,101959,2026-03-27T03:59:32Z,,paid,fulfilled,online_store,US,OR,62.0,0.0,,0.0,0.0,62.0,shop_pay,2.1,USD
4500,102262,2026-03-27T18:21:17Z,,paid,fulfilled,online_store,US,NY,30.0,3.0,LOYAL10,5.95,1.62,34.57,shopify_payments,1.3,USD
4501,102897,2026-03-27T18:23:12Z,,paid,fulfilled,online_store,US,CO,67.0,0.0,,0.0,4.02,71.02,shopify_payments,2.36,USD
4502,102898,2026-03-27T18:32:08Z,,paid,fulfilled,online_store,US,FL,24.0,0.0,,5.95,1.44,31.39,shopify_payments,1.21,USD
4503,102069,2026-03-27T18:38:35Z,,paid,fulfilled,online_store,US,OR,76.0,0.0,,0.0,0.0,76.0,shopify_payments,2.5,USD
4504,102899,2026-03-27T19:23:03Z,,paid,fulfilled,online_store,US,CA,88.0,13.2,WELCOME15,0.0,4.49,79.29,shopify_payments,2.6,USD
4505,102197,2026-03-27T22:08:41Z,,paid,fulfilled,online_store,US,WA,58.0,0.0,,0.0,3.48,61.48,shopify_payments,2.08,USD
4506,102901,2026-03-27T22:13:04Z,,paid,fulfilled,online_store,US,MA,56.0,0.0,,0.0,3.36,59.36,paypal,2.56,USD
4507,102375,2026-03-28T00:44:42Z,,paid,fulfilled,online_store,US,CA,122.0,0.0,,0.0,7.32,129.32,shopify_payments,4.05,USD
4508,102074,2026-03-28T00:51:14Z,,paid,fulfilled,online_store,US,FL,199.0,19.9,LOYAL10,0.0,10.75,189.85,paypal,7.12,USD
4509,102322,2026-03-28T02:08:06Z,,partially_refunded,fulfilled,online_store,US,CA,144.0,14.4,LOYAL10,0.0,7.78,137.38,shopify_payments,4.28,USD
4510,102311,2026-03-28T04:53:48Z,,paid,fulfilled,shop_app,US,TX,26.0,2.6,LOYAL10,5.95,1.4,30.75,shopify_payments,1.19,USD
4511,102902,2026-03-28T06:14:29Z,,paid,fulfilled,online_store,US,NH,60.0,9.0,NOURISHED15,0.0,0.0,51.0,shopify_payments,1.78,USD
4512,101678,2026-03-28T06:49:20Z,,paid,fulfilled,shop_app,AU,VIC,38.0,0.0,,12.95,3.8,54.75,shopify_payments,1.89,USD
4513,102544,2026-03-28T08:47:58Z,,paid,fulfilled,online_store,US,OH,44.0,0.0,,5.95,2.64,52.59,paypal,2.33,USD
4514,102141,2026-03-28T11:21:19Z,,paid,fulfilled,online_store,US,MN,154.0,15.4,LOYAL10,0.0,8.32,146.92,shopify_payments,4.56,USD
4515,102903,2026-03-28T12:20:33Z,,paid,fulfilled,online_store,CA,AB,92.0,0.0,,0.0,4.6,96.6,paypal,3.86,USD
4516,102904,2026-03-28T13:59:37Z,,paid,fulfilled,online_store,GB,SCT,48.0,7.2,WELCOME15,12.95,8.16,61.91,shop_pay,2.1,USD
4517,102905,2026-03-28T16:14:56Z,,paid,fulfilled,online_store,US,IL,95.0,14.25,WELCOME15,0.0,4.84,85.59,shop_pay,2.78,USD
4518,102906,2026-03-28T17:24:17Z,,partially_refunded,fulfilled,online_store,US,OH,126.0,18.9,NOURISHED15,0.0,6.43,113.53,shopify_payments,3.59,USD
4519,102907,2026-03-28T17:33:36Z,,paid,fulfilled,online_store,CA,AB,68.0,0.0,,12.95,3.4,84.35,shopify_payments,2.75,USD
4520,102908,2026-03-28T18:51:15Z,,paid,fulfilled,online_store,US,MA,74.0,0.0,,0.0,4.44,78.44,shopify_payments,2.57,USD
4521,102909,2026-03-29T00:03:20Z,,paid,fulfilled,online_store,US,AZ,38.0,0.0,,5.95,2.28,46.23,shopify_payments,1.64,USD
4522,101470,2026-03-29T01:19:05Z,,paid,fulfilled,online_store,US,TX,61.0,0.0,,0.0,3.66,64.66,paypal,2.75,USD
4523,102126,2026-03-29T02:15:51Z,,partially_refunded,fulfilled,online_store,US,VA,268.0,0.0,,0.0,16.08,284.08,paypal,10.4,USD
4524,102911,2026-03-29T02:25:20Z,,paid,fulfilled,online_store,CA,QC,124.0,18.6,WELCOME15,0.0,5.27,110.67,shopify_payments,3.51,USD
4525,102912,2026-03-29T03:08:45Z,,paid,fulfilled,online_store,US,NC,58.0,0.0,,0.0,3.48,61.48,shop_pay,2.08,USD
4526,100398,2026-03-29T04:07:35Z,,paid,fulfilled,online_store,CA,QC,62.0,0.0,,12.95,3.1,78.05,paypal,3.21,USD
4527,102913,2026-03-29T06:35:58Z,,paid,fulfilled,online_store,US,FL,26.0,0.0,,5.95,1.56,33.51,shopify_payments,1.27,USD
4528,102914,2026-03-29T07:49:21Z,,paid,fulfilled,online_store,US,MA,32.0,4.8,WELCOME15,5.95,1.63,34.78,klarna,2.38,USD
4529,102009,2026-03-29T08:08:14Z,,paid,fulfilled,online_store,AU,WA,88.0,0.0,,0.0,8.8,96.8,shopify_payments,3.11,USD
4530,102502,2026-03-29T11:43:51Z,,paid,fulfilled,online_store,US,NY,30.0,3.0,LOYAL10,5.95,1.62,34.57,shopify_payments,1.3,USD
4531,102252,2026-03-29T17:26:40Z,,paid,fulfilled,shop_app,US,PA,52.0,0.0,,0.0,3.12,55.12,shopify_payments,1.9,USD
4532,102915,2026-03-29T18:35:18Z,,paid,fulfilled,online_store,US,NH,44.0,6.6,WELCOME15,5.95,0.0,43.35,shopify_payments,1.56,USD
4533,102353,2026-03-29T20:43:07Z,,partially_refunded,fulfilled,online_store,US,IN,88.0,0.0,,0.0,5.28,93.28,shopify_payments,3.01,USD
4534,102916,2026-03-29T22:39:55Z,,paid,fulfilled,online_store,US,IL,22.0,3.3,WELCOME15,5.95,1.12,25.77,shop_pay,1.05,USD
4535,102254,2026-03-30T00:40:47Z,,paid,fulfilled,online_store,US,GA,88.0,0.0,,0.0,5.28,93.28,shop_pay,3.01,USD
4536,102919,2026-03-30T11:07:47Z,,paid,fulfilled,online_store,US,TX,54.0,0.0,,0.0,3.24,57.24,shop_pay,1.96,USD
4537,102113,2026-03-30T11:15:00Z,,paid,fulfilled,online_store,US,VA,62.0,0.0,,0.0,3.72,65.72,paypal,2.78,USD
4538,102920,2026-03-30T13:59:58Z,,paid,fulfilled,online_store,US,MI,29.0,4.35,WELCOME15,5.95,1.48,32.08,shopify_payments,1.23,USD
4539,102921,2026-03-30T19:42:56Z,,partially_refunded,fulfilled,online_store,US,NY,120.0,18.0,SKINBYJORDAN15,0.0,6.12,108.12,shopify_payments,3.44,USD
4540,101540,2026-03-30T19:59:58Z,,paid,fulfilled,online_store,US,NH,44.0,0.0,,5.95,0.0,49.95,shopify_payments,1.75,USD
4541,102922,2026-03-30T23:04:39Z,,paid,fulfilled,online_store,US,PA,36.0,5.4,WELCOME15,5.95,1.84,38.39,paypal,1.83,USD
4542,102923,2026-03-30T23:37:30Z,,paid,fulfilled,online_store,US,GA,110.0,16.5,WELCOME15,0.0,5.61,99.11,shopify_payments,3.17,USD
4543,102924,2026-03-31T00:42:47Z,,paid,fulfilled,online_store,US,WA,70.0,0.0,,0.0,4.2,74.2,shopify_payments,2.45,USD
4544,102484,2026-03-31T07:20:49Z,,paid,fulfilled,shop_app,US,NY,141.0,0.0,,0.0,8.46,149.46,shopify_payments,4.63,USD
4545,102419,2026-03-31T07:48:42Z,,paid,fulfilled,online_store,US,TX,34.0,0.0,,5.95,2.04,41.99,shopify_payments,1.52,USD
4546,102925,2026-03-31T08:44:30Z,,paid,fulfilled,online_store,GB,SCT,73.0,0.0,,12.95,14.6,100.55,shop_pay,3.22,USD
4547,102318,2026-03-31T10:18:50Z,,paid,fulfilled,online_store,US,MI,60.0,0.0,,0.0,3.6,63.6,shop_pay,2.14,USD
4548,102414,2026-03-31T10:50:25Z,,paid,fulfilled,online_store,US,DE,22.0,2.2,LOYAL10,5.95,0.0,25.75,shopify_payments,1.05,USD
4549,102582,2026-03-31T11:50:53Z,,paid,fulfilled,online_store,US,TX,156.0,0.0,,0.0,9.36,165.36,shopify_payments,5.1,USD
4550,102927,2026-03-31T16:14:37Z,,paid,fulfilled,online_store,US,PA,72.0,10.8,WELCOME15,0.0,3.67,64.87,shopify_payments,2.18,USD
4551,102507,2026-03-31T16:46:59Z,,paid,fulfilled,online_store,US,CA,36.0,3.6,LOYAL10,5.95,1.94,40.29,shopify_payments,1.47,USD
4552,102928,2026-03-31T17:17:43Z,,paid,fulfilled,online_store,US,IN,38.0,0.0,,5.95,2.28,46.23,paypal,2.1,USD
4553,102929,2026-03-31T18:09:55Z,,paid,fulfilled,online_store,US,NJ,38.0,5.7,WELCOME15,5.95,1.94,40.19,shopify_payments,1.47,USD
4554,102930,2026-03-31T19:29:02Z,,paid,fulfilled,online_store,US,WA,24.0,0.0,,5.95,1.44,31.39,shopify_payments,1.21,USD
4555,102931,2026-03-31T20:09:53Z,,paid,fulfilled,online_store,US,CO,34.0,0.0,FREESHIP,0.0,2.04,36.04,paypal,1.75,USD
4556,102932,2026-03-31T20:23:40Z,,paid,fulfilled,online_store,US,AZ,100.0,0.0,,0.0,6.0,106.0,shopify_payments,3.37,USD
4557,102933,2026-03-31T21:31:57Z,,paid,fulfilled,online_store,AU,NSW,146.0,21.9,WELCOME15,0.0,12.41,136.51,shopify_payments,4.26,USD
4558,102934,2026-04-01T00:37:16Z,,paid,fulfilled,online_store,CA,AB,62.0,9.3,WELCOME15,12.95,2.64,68.29,shopify_payments,2.28,USD
4559,102935,2026-04-01T02:09:48Z,,paid,fulfilled,online_store,US,NY,149.0,0.0,,0.0,8.94,157.94,klarna,9.76,USD
4560,102087,2026-04-01T07:05:30Z,,paid,fulfilled,online_store,GB,SCT,56.0,0.0,FREESHIP,0.0,11.2,67.2,shopify_payments,2.25,USD
4561,102936,2026-04-01T14:15:03Z,,partially_refunded,fulfilled,online_store,US,VA,117.0,17.55,WELCOME15,0.0,5.97,105.42,shop_pay,3.36,USD
4562,102937,2026-04-01T16:29:24Z,,paid,fulfilled,online_store,US,AZ,24.0,0.0,,5.95,1.44,31.39,shopify_payments,1.21,USD
4563,102553,2026-04-01T19:03:37Z,,paid,fulfilled,online_store,US,TN,34.0,0.0,,5.95,2.04,41.99,shop_pay,1.52,USD
4564,102938,2026-04-01T19:58:44Z,,paid,fulfilled,online_store,CA,AB,38.0,0.0,FREESHIP,0.0,1.9,39.9,shop_pay,1.46,USD
4565,102939,2026-04-01T22:44:47Z,,paid,fulfilled,online_store,US,TX,34.0,5.1,WELCOME15,5.95,1.73,36.58,shopify_payments,1.36,USD
4566,102940,2026-04-02T01:18:18Z,,paid,fulfilled,online_store,US,WI,70.0,0.0,,0.0,4.2,74.2,shopify_payments,2.45,USD
4567,102942,2026-04-02T02:26:48Z,,paid,fulfilled,online_store,US,NY,32.0,0.0,,5.95,1.92,39.87,paypal,1.88,USD
4568,102943,2026-04-02T03:38:07Z,,paid,fulfilled,shop_app,US,AZ,32.0,0.0,,5.95,1.92,39.87,shop_pay,1.46,USD
4569,101600,2026-04-02T06:26:38Z,,paid,fulfilled,online_store,US,CA,44.0,0.0,,5.95,2.64,52.59,shopify_payments,1.83,USD
4570,102945,2026-04-02T11:01:13Z,,paid,fulfilled,online_store,US,NC,60.0,0.0,,0.0,3.6,63.6,shop_pay,2.14,USD
4571,102498,2026-04-02T11:03:18Z,,paid,fulfilled,online_store,US,CA,44.0,0.0,,5.95,2.64,52.59,klarna,3.45,USD
4572,102946,2026-04-02T13:59:03Z,,paid,fulfilled,online_store,US,CA,38.0,5.7,WELCOME15,5.95,1.94,40.19,shopify_payments,1.47,USD
4573,102947,2026-04-02T14:37:31Z,,paid,fulfilled,online_store,US,IL,22.0,5.17,"AMELIA10,WELCOME15",5.95,1.01,23.79,paypal,1.32,USD
4574,102948,2026-04-02T15:18:21Z,,paid,fulfilled,online_store,US,CA,34.0,0.0,,5.95,2.04,41.99,shopify_payments,1.52,USD
4575,102949,2026-04-02T16:30:35Z,,paid,fulfilled,online_store,US,NC,34.0,5.1,SKINBYJORDAN15,5.95,1.73,36.58,shopify_payments,1.36,USD
4576,101172,2026-04-02T18:03:00Z,,paid,fulfilled,online_store,US,FL,68.0,0.0,,0.0,4.08,72.08,shopify_payments,2.39,USD
4577,101815,2026-04-02T21:15:51Z,,partially_refunded,fulfilled,online_store,US,NJ,111.0,11.1,LOYAL10,0.0,5.99,105.89,shopify_payments,3.37,USD
4578,102950,2026-04-02T21:33:24Z,,paid,fulfilled,online_store,US,GA,38.0,3.8,AMELIA10,5.95,2.05,42.2,shopify_payments,1.52,USD
4579,102951,2026-04-02T23:05:06Z,,paid,fulfilled,online_store,US,CA,30.0,0.0,,5.95,1.8,37.75,shopify_payments,1.39,USD
4580,102952,2026-04-03T00:52:19Z,,paid,fulfilled,online_store,US,OR,34.0,5.1,WELCOME15,5.95,0.0,34.85,shop_pay,1.31,USD
4581,100412,2026-04-03T02:27:16Z,,paid,fulfilled,online_store,US,MI,51.0,5.1,LOYAL10,5.95,2.75,54.6,shopify_payments,1.88,USD
4582,102228,2026-04-03T07:29:02Z,,paid,fulfilled,online_store,US,NC,64.0,6.4,LOYAL10,0.0,3.46,61.06,shopify_payments,2.07,USD
4583,102954,2026-04-03T09:28:30Z,,paid,fulfilled,online_store,US,CO,53.0,7.95,WELCOME15,5.95,2.7,53.7,shopify_payments,1.86,USD
4584,102382,2026-04-03T09:42:20Z,,paid,fulfilled,online_store,US,IN,38.0,0.0,,5.95,2.28,46.23,shopify_payments,1.64,USD
4585,102955,2026-04-03T14:20:44Z,,paid,fulfilled,online_store,CA,ON,26.0,0.0,,12.95,1.3,40.25,shopify_payments,1.47,USD
4586,102957,2026-04-03T15:09:43Z,,paid,fulfilled,online_store,US,TX,44.0,0.0,,5.95,2.64,52.59,shopify_payments,1.83,USD
4587,102956,2026-04-03T15:11:01Z,,paid,fulfilled,online_store,US,TX,66.0,0.0,,0.0,3.96,69.96,shopify_payments,2.33,USD
4588,102960,2026-04-03T16:43:39Z,,paid,fulfilled,online_store,US,AZ,60.0,9.0,WELCOME15,0.0,3.06,54.06,paypal,2.38,USD
4589,102961,2026-04-03T19:21:54Z,,partially_refunded,fulfilled,online_store,US,AZ,96.0,14.4,WELCOME15,0.0,4.9,86.5,paypal,3.51,USD
4590,102962,2026-04-03T21:04:25Z,,paid,fulfilled,online_store,US,TX,68.0,10.2,SKINBYJORDAN15,0.0,3.47,61.27,shop_pay,2.08,USD
4591,101807,2026-04-03T21:08:04Z,,paid,fulfilled,online_store,US,OR,57.0,0.0,,0.0,0.0,57.0,shopify_payments,1.95,USD
4592,100942,2026-04-03T22:45:50Z,,paid,fulfilled,online_store,US,TX,32.0,3.2,LOYAL10,5.95,1.73,36.48,shopify_payments,1.36,USD
4593,102963,2026-04-03T22:59:34Z,,paid,fulfilled,online_store,US,CA,24.0,3.6,WELCOME15,5.95,1.22,27.57,shopify_payments,1.1,USD
4594,102964,2026-04-04T00:23:01Z,,paid,fulfilled,online_store,CA,ON,38.0,0.0,,12.95,1.9,52.85,shopify_payments,1.83,USD
4595,102965,2026-04-04T01:18:49Z,,paid,fulfilled,online_store,US,CA,26.0,2.6,LOYAL10,5.95,1.4,30.75,shopify_payments,1.19,USD
4596,102966,2026-04-04T01:52:47Z,,paid,fulfilled,online_store,US,TX,26.0,3.9,WELCOME15,5.95,1.33,29.38,shopify_payments,1.15,USD
4597,102967,2026-04-04T03:34:03Z,,paid,fulfilled,online_store,US,FL,108.0,16.2,WELCOME15,0.0,5.51,97.31,shopify_payments,3.12,USD
4598,101994,2026-04-04T03:37:56Z,,paid,fulfilled,online_store,US,MN,38.0,0.0,,5.95,2.28,46.23,paypal,2.1,USD
4599,102454,2026-04-04T07:34:46Z,,paid,fulfilled,online_store,GB,ENG,34.0,5.1,WELCOME15,12.95,5.78,47.63,paypal,2.15,USD
4600,102968,2026-04-04T10:42:06Z,2026-04-04T11:42:06Z,voided,unfulfilled,online_store,US,MI,126.0,18.9,WELCOME15,0.0,6.43,113.53,shop_pay,0.0,USD
4601,102442,2026-04-04T10:53:00Z,,paid,fulfilled,online_store,AU,QLD,34.0,3.4,LOYAL10,12.95,3.06,46.61,shopify_payments,1.65,USD
4602,102794,2026-04-04T11:10:59Z,,paid,fulfilled,online_store,US,NY,36.0,0.0,,5.95,2.16,44.11,shopify_payments,1.58,USD
4603,100630,2026-04-04T12:45:48Z,,paid,fulfilled,online_store,US,MA,36.0,0.0,,5.95,2.16,44.11,shopify_payments,1.58,USD
4604,102969,2026-04-04T12:57:17Z,,paid,fulfilled,online_store,US,MA,26.0,0.0,FREESHIP,0.0,1.56,27.56,shopify_payments,1.1,USD
4605,102970,2026-04-04T13:58:33Z,,paid,fulfilled,online_store,US,WI,126.0,18.9,WELCOME15,0.0,6.43,113.53,shop_pay,3.59,USD
4606,102971,2026-04-04T14:04:33Z,,paid,fulfilled,online_store,US,IL,32.0,0.0,,5.95,1.92,39.87,shopify_payments,1.46,USD
4607,102972,2026-04-04T14:41:53Z,,paid,fulfilled,online_store,US,OR,56.0,0.0,,0.0,0.0,56.0,paypal,2.44,USD
4608,102973,2026-04-04T17:19:35Z,,paid,fulfilled,online_store,GB,WLS,63.0,9.45,WELCOME15,12.95,10.71,77.21,klarna,4.92,USD
4609,102401,2026-04-04T19:29:02Z,,paid,fulfilled,online_store,US,CA,22.0,0.0,,5.95,1.32,29.27,shop_pay,1.15,USD
4610,102974,2026-04-04T20:48:25Z,,paid,fulfilled,online_store,US,CA,29.0,0.0,,5.95,1.74,36.69,shopify_payments,1.36,USD
4611,102334,2026-04-05T00:01:55Z,,paid,fulfilled,online_store,AU,VIC,65.0,0.0,,12.95,6.5,84.45,shopify_payments,2.75,USD
4612,102975,2026-04-05T00:10:31Z,,paid,fulfilled,online_store,CA,AB,24.0,0.0,,12.95,1.2,38.15,shopify_payments,1.41,USD
4613,102976,2026-04-05T00:20:17Z,,paid,fulfilled,online_store,GB,WLS,58.0,8.7,NOURISHED15,12.95,9.86,72.11,shopify_payments,2.39,USD
4614,102977,2026-04-05T00:54:49Z,,paid,fulfilled,online_store,US,TN,164.0,24.6,WELCOME15,0.0,8.36,147.76,shopify_payments,4.59,USD
4615,102081,2026-04-05T03:16:52Z,,paid,fulfilled,online_store,US,CA,82.0,0.0,,0.0,4.92,86.92,shopify_payments,2.82,USD
4616,102979,2026-04-05T04:57:01Z,,paid,fulfilled,online_store,US,IN,73.0,0.0,,0.0,4.38,77.38,shopify_payments,2.54,USD
4617,102980,2026-04-05T05:53:48Z,,paid,fulfilled,shop_app,US,TX,34.0,5.1,WELCOME15,5.95,1.73,36.58,paypal,1.77,USD
4618,101260,2026-04-05T09:34:31Z,,paid,fulfilled,online_store,US,WI,140.0,16.8,GLOWWITHSAM12,0.0,7.39,130.59,paypal,5.05,USD
4619,102981,2026-04-05T12:05:48Z,,paid,fulfilled,online_store,US,MN,38.0,5.7,WELCOME15,5.95,1.94,40.19,shopify_payments,1.47,USD
4620,102982,2026-04-05T12:25:50Z,,paid,fulfilled,online_store,US,GA,29.0,0.0,,5.95,1.74,36.69,shopify_payments,1.36,USD
4621,102983,2026-04-05T13:54:49Z,,paid,fulfilled,online_store,US,NC,60.0,0.0,,0.0,3.6,63.6,shopify_payments,2.14,USD
4622,102984,2026-04-05T15:24:35Z,,paid,fulfilled,online_store,US,CO,44.0,0.0,,5.95,2.64,52.59,paypal,2.33,USD
4623,102985,2026-04-05T15:32:05Z,,paid,fulfilled,online_store,US,CA,44.0,0.0,,5.95,2.64,52.59,paypal,2.33,USD
4624,102986,2026-04-05T20:45:29Z,,paid,fulfilled,online_store,US,NC,34.0,0.0,,5.95,2.04,41.99,klarna,2.82,USD
4625,102987,2026-04-05T21:03:12Z,,paid,fulfilled,online_store,US,GA,73.0,0.0,,0.0,4.38,77.38,shopify_payments,2.54,USD
4626,102988,2026-04-05T23:09:00Z,,partially_refunded,fulfilled,online_store,US,IN,64.0,0.0,,0.0,3.84,67.84,shop_pay,2.27,USD
4627,102989,2026-04-06T08:55:11Z,,paid,fulfilled,online_store,US,IL,38.0,0.0,,5.95,2.28,46.23,klarna,3.07,USD
4628,102099,2026-04-06T10:10:48Z,,paid,fulfilled,online_store,US,NY,127.0,0.0,,0.0,7.62,134.62,paypal,5.19,USD
4629,102820,2026-04-06T11:21:51Z,,paid,fulfilled,online_store,US,FL,36.0,0.0,,5.95,2.16,44.11,paypal,2.03,USD
4630,102990,2026-04-06T12:29:00Z,,paid,fulfilled,online_store,US,CA,22.0,0.0,,5.95,1.32,29.27,shopify_payments,1.15,USD
4631,102991,2026-04-06T13:24:18Z,,paid,fulfilled,shop_app,US,MN,38.0,5.7,WELCOME15,5.95,1.94,40.19,shop_pay,1.47,USD
4632,102077,2026-04-06T13:31:00Z,,paid,fulfilled,online_store,US,OH,106.0,0.0,,0.0,6.36,112.36,shopify_payments,3.56,USD
4633,102435,2026-04-06T14:46:39Z,,partially_refunded,fulfilled,online_store,US,NJ,118.0,0.0,,0.0,7.08,125.08,shopify_payments,3.93,USD
4634,102992,2026-04-06T15:44:58Z,,paid,fulfilled,online_store,US,CA,76.0,0.0,,0.0,4.56,80.56,shopify_payments,2.64,USD
4635,101942,2026-04-06T17:29:54Z,,paid,fulfilled,online_store,US,FL,38.0,3.8,LOYAL10,5.95,2.05,42.2,shopify_payments,1.52,USD
4636,102993,2026-04-06T19:15:38Z,,partially_refunded,fulfilled,online_store,US,CO,60.0,0.0,,0.0,3.6,63.6,paypal,2.71,USD
4637,100609,2026-04-06T20:23:20Z,,paid,fulfilled,online_store,US,TX,60.0,0.0,,0.0,3.6,63.6,shopify_payments,2.14,USD
4638,102994,2026-04-06T20:30:27Z,,partially_refunded,fulfilled,online_store,AU,NSW,93.0,0.0,,0.0,9.3,102.3,shopify_payments,3.27,USD
4639,102996,2026-04-06T20:37:48Z,,paid,fulfilled,online_store,US,FL,32.0,0.0,,5.95,1.92,39.87,paypal,1.88,USD
4640,102997,2026-04-06T21:26:32Z,,paid,fulfilled,shop_app,CA,AB,24.0,3.6,WELCOME15,12.95,1.02,34.37,shop_pay,1.3,USD
4641,102998,2026-04-06T22:33:34Z,,paid,fulfilled,online_store,US,CA,44.0,0.0,,5.95,2.64,52.59,shop_pay,1.83,USD
4642,102999,2026-04-06T23:08:50Z,,paid,fulfilled,online_store,US,CO,76.0,0.0,,0.0,4.56,80.56,shopify_payments,2.64,USD
4643,102539,2026-04-07T02:54:35Z,,paid,fulfilled,online_store,US,OH,34.0,3.4,LOYAL10,5.95,1.84,38.39,shopify_payments,1.41,USD
4644,102205,2026-04-07T03:13:37Z,,paid,fulfilled,online_store,US,TX,124.0,0.0,,0.0,7.44,131.44,shop_pay,4.11,USD
4645,102244,2026-04-07T06:00:44Z,,paid,fulfilled,online_store,US,PA,80.0,8.0,LOYAL10,0.0,4.32,76.32,shopify_payments,2.51,USD
4646,102204,2026-04-07T06:46:28Z,,paid,fulfilled,online_store,US,WI,28.0,0.0,,5.95,1.68,35.63,shopify_payments,1.33,USD
4647,102532,2026-04-07T09:40:11Z,,paid,fulfilled,online_store,US,GA,24.0,2.4,LOYAL10,5.95,1.3,28.85,shopify_payments,1.14,USD
4648,103001,2026-04-07T10:40:55Z,,paid,fulfilled,online_store,US,TX,34.0,0.0,,5.95,2.04,41.99,klarna,2.82,USD
4649,102305,2026-04-07T13:48:46Z,,paid,fulfilled,online_store,US,WA,88.0,0.0,,0.0,5.28,93.28,paypal,3.75,USD
4650,103003,2026-04-07T14:23:17Z,,paid,fulfilled,online_store,US,CA,38.0,0.0,,5.95,2.28,46.23,shopify_payments,1.64,USD
4651,103004,2026-04-07T14:55:06Z,,paid,fulfilled,online_store,US,MI,32.0,4.8,WELCOME15,5.95,1.63,34.78,shop_pay,1.31,USD
4652,101753,2026-04-07T14:55:39Z,,paid,fulfilled,online_store,US,NY,88.0,0.0,,0.0,5.28,93.28,shop_pay,3.01,USD
4653,103006,2026-04-07T14:56:36Z,,paid,fulfilled,shop_app,US,IN,121.0,0.0,,0.0,7.26,128.26,shop_pay,4.02,USD
4654,103005,2026-04-07T14:59:59Z,,paid,fulfilled,shop_app,US,AZ,22.0,3.3,WELCOME15,5.95,1.12,25.77,shopify_payments,1.05,USD
4655,102458,2026-04-07T16:06:42Z,,paid,fulfilled,online_store,CA,ON,58.0,0.0,,12.95,2.9,73.85,shopify_payments,2.44,USD
4656,101068,2026-04-07T16:33:14Z,2026-04-08T02:33:14Z,voided,unfulfilled,online_store,AU,NSW,48.0,0.0,,12.95,4.8,65.75,paypal,0.0,USD
4657,102492,2026-04-07T18:06:57Z,,paid,fulfilled,online_store,US,GA,72.0,7.2,LOYAL10,0.0,3.89,68.69,shopify_payments,2.29,USD
4658,102610,2026-04-07T19:05:42Z,,paid,fulfilled,online_store,US,NY,122.0,12.2,LOYAL10,0.0,6.59,116.39,paypal,4.55,USD
4659,103008,2026-04-07T20:21:09Z,,paid,fulfilled,online_store,US,OH,108.0,0.0,,0.0,6.48,114.48,shop_pay,3.62,USD
4660,102995,2026-04-07T20:36:29Z,,paid,fulfilled,online_store,US,FL,80.0,0.0,,0.0,4.8,84.8,shopify_payments,2.76,USD
4661,103009,2026-04-07T20:53:39Z,,paid,fulfilled,online_store,US,NC,56.0,8.4,WELCOME15,5.95,2.86,56.41,paypal,2.46,USD
4662,103010,2026-04-07T21:50:39Z,,paid,fulfilled,shop_app,US,NJ,24.0,0.0,,5.95,1.44,31.39,shopify_payments,1.21,USD
4663,103011,2026-04-07T22:32:56Z,,paid,fulfilled,online_store,US,TX,56.0,0.0,,0.0,3.36,59.36,klarna,3.86,USD
4664,103012,2026-04-07T23:22:00Z,,paid,fulfilled,online_store,US,OR,54.0,8.1,WELCOME15,5.95,0.0,51.85,shopify_payments,1.8,USD
4665,103013,2026-04-08T02:43:17Z,,partially_refunded,fulfilled,online_store,CA,BC,51.0,0.0,,12.95,2.55,66.5,shop_pay,2.23,USD
4666,102565,2026-04-08T06:26:55Z,,paid,fulfilled,online_store,US,MN,29.0,0.0,,5.95,1.74,36.69,shopify_payments,1.36,USD
4667,103014,2026-04-08T07:05:34Z,,paid,fulfilled,online_store,AU,VIC,32.0,4.8,WELCOME15,12.95,2.72,42.87,shopify_payments,1.54,USD
4668,103015,2026-04-08T09:25:11Z,,paid,fulfilled,online_store,CA,AB,24.0,3.6,WELCOME15,12.95,1.02,34.37,shopify_payments,1.3,USD
4669,103016,2026-04-08T10:04:57Z,,paid,fulfilled,online_store,US,TX,124.0,0.0,,0.0,7.44,131.44,shop_pay,4.11,USD
4670,103017,2026-04-08T11:39:53Z,,paid,fulfilled,online_store,US,OR,28.0,4.2,WELCOME15,5.95,0.0,29.75,paypal,1.53,USD
4671,103018,2026-04-08T12:44:03Z,,paid,fulfilled,online_store,US,CA,63.0,9.45,WELCOME15,0.0,3.21,56.76,shopify_payments,1.95,USD
4672,101128,2026-04-08T13:30:35Z,,paid,fulfilled,online_store,US,DE,32.0,0.0,,5.95,0.0,37.95,shopify_payments,1.4,USD
4673,101860,2026-04-08T14:39:05Z,,paid,fulfilled,online_store,US,VA,56.0,0.0,,0.0,3.36,59.36,shopify_payments,2.02,USD
4674,103019,2026-04-08T17:17:06Z,,paid,fulfilled,online_store,US,PA,97.0,0.0,,0.0,5.82,102.82,shopify_payments,3.28,USD
4675,101329,2026-04-08T19:02:54Z,,paid,fulfilled,online_store,US,NC,34.0,3.4,LOYAL10,5.95,1.84,38.39,shopify_payments,1.41,USD
4676,103020,2026-04-08T19:26:16Z,,paid,fulfilled,online_store,US,FL,88.0,13.2,WELCOME15,0.0,4.49,79.29,shop_pay,2.6,USD
4677,103022,2026-04-08T21:30:35Z,,paid,fulfilled,online_store,US,GA,62.0,0.0,,0.0,3.72,65.72,shopify_payments,2.21,USD
4678,103023,2026-04-08T22:16:29Z,,paid,fulfilled,shop_app,US,CA,50.0,7.5,WELCOME15,5.95,2.55,51.0,shopify_payments,1.78,USD
4679,102475,2026-04-08T23:06:41Z,,paid,fulfilled,online_store,AU,WA,67.0,6.7,LOYAL10,12.95,6.03,79.28,shopify_payments,2.6,USD
4680,101347,2026-04-08T23:08:43Z,,paid,fulfilled,online_store,US,VA,26.0,0.0,,5.95,1.56,33.51,shop_pay,1.27,USD
4681,103025,2026-04-08T23:15:33Z,,paid,fulfilled,online_store,CA,BC,36.0,0.0,,12.95,1.8,50.75,shopify_payments,1.77,USD
4682,103026,2026-04-09T01:48:01Z,,paid,fulfilled,online_store,US,MA,38.0,0.0,,5.95,2.28,46.23,shopify_payments,1.64,USD
4683,103027,2026-04-09T01:55:14Z,,paid,fulfilled,online_store,US,FL,22.0,0.0,,5.95,1.32,29.27,shopify_payments,1.15,USD
4684,103028,2026-04-09T02:06:05Z,,paid,fulfilled,online_store,US,MI,30.0,4.5,WELCOME15,5.95,1.53,32.98,shopify_payments,1.26,USD
4685,102255,2026-04-09T03:19:49Z,,paid,fulfilled,online_store,US,NY,54.0,5.4,LOYAL10,5.95,2.92,57.47,shop_pay,1.97,USD
4686,101849,2026-04-09T03:48:42Z,,paid,fulfilled,online_store,US,OH,24.0,0.0,,5.95,1.44,31.39,shop_pay,1.21,USD
4687,100862,2026-04-09T09:39:31Z,,paid,fulfilled,online_store,US,CO,26.0,2.6,LOYAL10,5.95,1.4,30.75,shopify_payments,1.19,USD
4688,103029,2026-04-09T10:20:40Z,,paid,fulfilled,online_store,US,PA,62.0,9.3,SKINBYJORDAN15,0.0,3.16,55.86,shopify_payments,1.92,USD
4689,101784,2026-04-09T10:51:28Z,,paid,fulfilled,online_store,US,IN,172.0,0.0,,0.0,10.32,182.32,paypal,6.85,USD
4690,103030,2026-04-09T12:22:52Z,,paid,fulfilled,online_store,US,MN,94.0,0.0,,0.0,5.64,99.64,shopify_payments,3.19,USD
4691,103031,2026-04-09T14:40:17Z,,paid,fulfilled,online_store,GB,SCT,48.0,0.0,,12.95,9.6,70.55,shopify_payments,2.35,USD
4692,103032,2026-04-09T15:28:49Z,,paid,fulfilled,online_store,US,VA,22.0,3.3,WELCOME15,5.95,1.12,25.77,paypal,1.39,USD
4693,102959,2026-04-09T16:28:01Z,,paid,fulfilled,online_store,US,WA,32.0,4.8,NOURISHED15,5.95,1.63,34.78,shopify_payments,1.31,USD
4694,103033,2026-04-09T17:55:51Z,,paid,fulfilled,online_store,US,FL,58.0,6.96,GLOWWITHSAM12,0.0,3.06,54.1,shopify_payments,1.87,USD
4695,103034,2026-04-09T18:21:15Z,2026-04-10T02:21:15Z,voided,unfulfilled,online_store,US,WI,124.0,18.6,WELCOME15,0.0,6.32,111.72,shopify_payments,0.0,USD
4696,103036,2026-04-09T19:21:09Z,,partially_refunded,fulfilled,online_store,US,TX,80.0,0.0,,0.0,4.8,84.8,paypal,3.45,USD
4697,102256,2026-04-09T19:23:46Z,,paid,fulfilled,online_store,GB,WLS,72.0,0.0,,12.95,14.4,99.35,shopify_payments,3.18,USD
4698,101720,2026-04-09T19:58:52Z,,paid,fulfilled,online_store,US,PA,34.0,0.0,,5.95,2.04,41.99,paypal,1.96,USD
4699,103037,2026-04-09T20:03:37Z,,paid,fulfilled,online_store,US,FL,70.0,10.5,SKINBYJORDAN15,0.0,3.57,63.07,shopify_payments,2.13,USD
4700,103038,2026-04-10T00:38:46Z,,paid,fulfilled,online_store,US,PA,22.0,0.0,,5.95,1.32,29.27,shopify_payments,1.15,USD
4701,103039,2026-04-10T01:04:29Z,,paid,fulfilled,online_store,US,OR,26.0,0.0,,5.95,0.0,31.95,shop_pay,1.23,USD
4702,102918,2026-04-10T04:06:11Z,,paid,fulfilled,online_store,US,CO,53.0,0.0,,0.0,3.18,56.18,shopify_payments,1.93,USD
4703,103041,2026-04-10T09:28:55Z,,paid,fulfilled,online_store,US,AZ,148.0,14.8,AMELIA10,0.0,7.99,141.19,shop_pay,4.39,USD
4704,103042,2026-04-10T09:40:44Z,,refunded,fulfilled,online_store,US,CA,38.0,5.7,WELCOME15,5.95,1.94,40.19,shopify_payments,1.47,USD
4705,102437,2026-04-10T09:55:17Z,,paid,fulfilled,online_store,US,CA,38.0,0.0,,5.95,2.28,46.23,klarna,3.07,USD
4706,103043,2026-04-10T11:51:10Z,,paid,fulfilled,online_store,US,NJ,32.0,0.0,,5.95,1.92,39.87,shopify_payments,1.46,USD
4707,103044,2026-04-10T12:02:51Z,,paid,fulfilled,online_store,US,WI,176.0,26.4,WELCOME15,0.0,8.98,158.58,paypal,6.02,USD
4708,103045,2026-04-10T12:04:46Z,,paid,fulfilled,online_store,CA,BC,38.0,0.0,,12.95,1.9,52.85,shop_pay,1.83,USD
4709,103046,2026-04-10T13:46:42Z,,paid,fulfilled,online_store,US,CA,38.0,0.0,,5.95,2.28,46.23,shopify_payments,1.64,USD
4710,102395,2026-04-10T14:10:49Z,,paid,fulfilled,shop_app,US,WA,88.0,8.8,LOYAL10,0.0,4.75,83.95,paypal,3.42,USD
4711,102534,2026-04-10T14:19:21Z,,paid,fulfilled,online_store,US,MD,44.0,0.0,,5.95,2.64,52.59,shopify_payments,1.83,USD
4712,103047,2026-04-10T14:21:01Z,,paid,fulfilled,online_store,US,WA,32.0,4.8,WELCOME15,5.95,1.63,34.78,shop_pay,1.31,USD
4713,103048,2026-04-10T14:28:25Z,,paid,fulfilled,online_store,US,NY,36.0,0.0,,5.95,2.16,44.11,shopify_payments,1.58,USD
4714,103049,2026-04-10T15:44:35Z,,paid,fulfilled,online_store,US,WA,34.0,5.1,WELCOME15,5.95,1.73,36.58,shopify_payments,1.36,USD
4715,103050,2026-04-10T16:49:00Z,,paid,fulfilled,online_store,US,CA,58.0,0.0,,0.0,3.48,61.48,paypal,2.64,USD
4716,103051,2026-04-10T17:47:14Z,,paid,fulfilled,online_store,US,FL,34.0,5.1,WELCOME15,5.95,1.73,36.58,paypal,1.77,USD
4717,103052,2026-04-10T19:58:08Z,,paid,fulfilled,online_store,US,NY,88.0,0.0,,0.0,5.28,93.28,paypal,3.75,USD
4718,102917,2026-04-11T01:19:50Z,,paid,fulfilled,online_store,US,CA,104.0,0.0,,0.0,6.24,110.24,shop_pay,3.5,USD
4719,103055,2026-04-11T01:23:37Z,,refunded,fulfilled,online_store,US,CA,22.0,2.2,AMELIA10,5.95,1.19,26.94,shopify_payments,1.08,USD
4720,103056,2026-04-11T01:43:37Z,,paid,fulfilled,online_store,US,MD,38.0,0.0,,5.95,2.28,46.23,shopify_payments,1.64,USD
4721,103057,2026-04-11T01:51:03Z,,paid,fulfilled,online_store,GB,SCT,29.0,4.35,WELCOME15,12.95,4.93,42.53,shop_pay,1.53,USD
4722,103058,2026-04-11T04:48:03Z,,paid,fulfilled,online_store,US,MI,68.0,0.0,,0.0,4.08,72.08,shop_pay,2.39,USD
4723,101606,2026-04-11T05:52:43Z,,paid,fulfilled,online_store,US,NC,120.0,0.0,,0.0,7.2,127.2,shopify_payments,3.99,USD
4724,101131,2026-04-11T08:08:29Z,,paid,fulfilled,online_store,US,MI,58.0,0.0,,0.0,3.48,61.48,shopify_payments,2.08,USD
4725,102517,2026-04-11T10:22:40Z,,paid,fulfilled,online_store,US,IL,126.0,0.0,,0.0,7.56,133.56,shopify_payments,4.17,USD
4726,102340,2026-04-11T10:37:15Z,,paid,fulfilled,online_store,US,OH,66.0,0.0,,0.0,3.96,69.96,shopify_payments,2.33,USD
4727,103060,2026-04-11T11:30:45Z,,paid,fulfilled,online_store,US,VA,88.0,0.0,,0.0,5.28,93.28,shopify_payments,3.01,USD
4728,103061,2026-04-11T13:19:47Z,,paid,fulfilled,online_store,US,MD,36.0,5.4,WELCOME15,5.95,1.84,38.39,shopify_payments,1.41,USD
4729,102253,2026-04-11T14:32:15Z,,partially_refunded,fulfilled,online_store,US,WA,70.0,0.0,,0.0,4.2,74.2,shopify_payments,2.45,USD
4730,103062,2026-04-11T16:55:54Z,,paid,fulfilled,online_store,US,MO,64.0,0.0,,0.0,3.84,67.84,shopify_payments,2.27,USD
4731,102869,2026-04-11T17:29:33Z,,paid,fulfilled,online_store,US,GA,36.0,0.0,,5.95,2.16,44.11,shopify_payments,1.58,USD
4732,102605,2026-04-11T19:42:47Z,,paid,fulfilled,online_store,US,TX,48.0,0.0,,5.95,2.88,56.83,shopify_payments,1.95,USD
4733,102647,2026-04-11T21:19:43Z,,paid,fulfilled,online_store,US,TX,61.0,6.1,LOYAL10,0.0,3.29,58.19,shopify_payments,1.99,USD
4734,102240,2026-04-11T23:15:27Z,,paid,fulfilled,shop_app,US,DE,26.0,0.0,,5.95,0.0,31.95,shopify_payments,1.23,USD
4735,102701,2026-04-11T23:31:40Z,,paid,fulfilled,online_store,US,FL,29.0,0.0,,5.95,1.74,36.69,shopify_payments,1.36,USD
4736,103065,2026-04-12T00:49:20Z,,paid,fulfilled,online_store,US,CO,88.0,0.0,,0.0,5.28,93.28,shopify_payments,3.01,USD
4737,103066,2026-04-12T01:31:10Z,,paid,fulfilled,online_store,US,NY,70.0,0.0,,0.0,4.2,74.2,shopify_payments,2.45,USD
4738,103067,2026-04-12T01:54:41Z,,paid,fulfilled,online_store,US,NJ,124.0,18.6,WELCOME15,0.0,6.32,111.72,shop_pay,3.54,USD
4739,103068,2026-04-12T02:52:30Z,,paid,fulfilled,online_store,CA,QC,72.0,10.8,WELCOME15,12.95,3.06,77.21,shop_pay,2.54,USD
4740,102101,2026-04-12T03:07:20Z,,paid,fulfilled,online_store,US,PA,116.0,0.0,,0.0,6.96,122.96,shop_pay,3.87,USD
4741,103069,2026-04-12T09:20:55Z,,paid,fulfilled,online_store,US,MD,94.0,0.0,,0.0,5.64,99.64,shopify_payments,3.19,USD
4742,103070,2026-04-12T12:38:02Z,,partially_refunded,fulfilled,online_store,US,NY,30.0,4.5,WELCOME15,5.95,1.53,32.98,shopify_payments,1.26,USD
4743,103071,2026-04-12T14:59:40Z,,paid,fulfilled,online_store,US,MN,34.0,5.1,WELCOME15,5.95,1.73,36.58,shopify_payments,1.36,USD
4744,103073,2026-04-12T23:56:09Z,,paid,fulfilled,online_store,US,IL,38.0,0.0,FREESHIP,0.0,2.28,40.28,shopify_payments,1.47,USD
4745,103074,2026-04-13T01:34:30Z,,paid,fulfilled,online_store,CA,AB,38.0,5.7,SKINBYJORDAN15,12.95,1.62,46.87,shop_pay,1.66,USD
4746,103076,2026-04-13T02:03:28Z,,partially_refunded,fulfilled,shop_app,US,CA,156.0,23.4,WELCOME15,0.0,7.96,140.56,shop_pay,4.38,USD
4747,100858,2026-04-13T07:38:03Z,,paid,fulfilled,online_store,GB,ENG,34.0,0.0,,12.95,6.8,53.75,shopify_payments,1.86,USD
4748,102636,2026-04-13T13:33:10Z,,paid,fulfilled,online_store,US,MO,58.0,0.0,,0.0,3.48,61.48,shopify_payments,2.08,USD
4749,100926,2026-04-13T15:03:20Z,2026-04-13T19:03:20Z,voided,unfulfilled,online_store,CA,BC,133.0,13.3,LOYAL10,0.0,5.98,125.68,shopify_payments,0.0,USD
4750,103079,2026-04-13T15:16:07Z,,partially_refunded,fulfilled,online_store,US,CA,156.0,23.4,WELCOME15,0.0,7.96,140.56,shop_pay,4.38,USD
4751,102915,2026-04-13T16:21:18Z,,paid,fulfilled,online_store,US,NH,102.0,10.2,LOYAL10,0.0,0.0,91.8,shopify_payments,2.96,USD
4752,103080,2026-04-13T18:43:06Z,,paid,fulfilled,online_store,US,FL,66.0,0.0,,0.0,3.96,69.96,shopify_payments,2.33,USD
4753,101648,2026-04-13T19:44:26Z,,refunded,fulfilled,shop_app,US,NC,38.0,3.8,LOYAL10,5.95,2.05,42.2,shopify_payments,1.52,USD
4754,103081,2026-04-13T22:29:22Z,,paid,fulfilled,online_store,US,IL,29.0,0.0,,5.95,1.74,36.69,shopify_payments,1.36,USD
4755,103082,2026-04-14T00:19:16Z,,paid,fulfilled,online_store,US,MI,82.0,0.0,,0.0,4.92,86.92,paypal,3.52,USD
4756,103083,2026-04-14T01:45:17Z,,paid,fulfilled,online_store,US,MI,193.0,28.95,NOURISHED15,0.0,9.84,173.89,shopify_payments,5.34,USD
4757,103084,2026-04-14T02:48:18Z,,paid,fulfilled,online_store,US,MO,32.0,0.0,,5.95,1.92,39.87,shop_pay,1.46,USD
4758,103085,2026-04-14T03:00:38Z,,partially_refunded,fulfilled,online_store,US,CO,22.0,0.0,,5.95,1.32,29.27,shop_pay,1.15,USD
4759,101153,2026-04-14T09:13:16Z,,paid,fulfilled,online_store,US,CA,92.0,0.0,,0.0,5.52,97.52,paypal,3.89,USD
4760,103086,2026-04-14T11:19:29Z,,paid,fulfilled,online_store,US,NY,44.0,0.0,,5.95,2.64,52.59,shop_pay,1.83,USD
4761,103087,2026-04-14T12:50:22Z,,paid,fulfilled,online_store,US,TX,86.0,0.0,,0.0,5.16,91.16,shopify_payments,2.94,USD
4762,101878,2026-04-14T13:19:37Z,,paid,fulfilled,online_store,CA,AB,28.0,0.0,,12.95,1.4,42.35,shopify_payments,1.53,USD
4763,103088,2026-04-14T13:32:58Z,,paid,fulfilled,online_store,US,FL,188.0,0.0,,0.0,11.28,199.28,shopify_payments,6.08,USD
4764,103089,2026-04-14T13:54:32Z,,paid,fulfilled,online_store,US,FL,53.0,7.95,WELCOME15,5.95,2.7,53.7,shopify_payments,1.86,USD
4765,102312,2026-04-14T15:35:57Z,,paid,fulfilled,shop_app,US,MN,64.0,0.0,,0.0,3.84,67.84,shopify_payments,2.27,USD
4766,103090,2026-04-14T15:38:08Z,,paid,fulfilled,online_store,US,DE,32.0,0.0,,5.95,0.0,37.95,paypal,1.81,USD
4767,103091,2026-04-14T19:22:23Z,,paid,fulfilled,online_store,CA,AB,66.0,9.9,WELCOME15,12.95,2.8,71.85,paypal,3.0,USD
4768,103092,2026-04-14T23:34:02Z,,paid,fulfilled,online_store,US,CA,29.0,4.35,SKINBYJORDAN15,5.95,1.48,32.08,shopify_payments,1.23,USD
4769,103093,2026-04-14T23:58:57Z,,paid,fulfilled,online_store,US,IL,22.0,3.3,WELCOME15,5.95,1.12,25.77,shopify_payments,1.05,USD
4770,103094,2026-04-15T01:34:17Z,,partially_refunded,fulfilled,online_store,US,WA,60.0,9.0,WELCOME15,0.0,3.06,54.06,shopify_payments,1.87,USD
4771,103095,2026-04-15T02:51:33Z,,paid,fulfilled,online_store,US,NJ,60.0,0.0,,0.0,3.6,63.6,shopify_payments,2.14,USD
4772,103077,2026-04-15T04:50:25Z,,paid,fulfilled,online_store,US,MI,58.0,0.0,,0.0,3.48,61.48,shopify_payments,2.08,USD
4773,103096,2026-04-15T06:32:00Z,,paid,fulfilled,online_store,US,CA,66.0,0.0,,0.0,3.96,69.96,shopify_payments,2.33,USD
4774,103097,2026-04-15T10:45:29Z,,partially_refunded,fulfilled,online_store,US,CA,58.0,0.0,,0.0,3.48,61.48,shop_pay,2.08,USD
4775,103098,2026-04-15T12:25:04Z,,paid,fulfilled,online_store,US,WI,56.0,0.0,,0.0,3.36,59.36,paypal,2.56,USD
4776,103099,2026-04-15T13:56:34Z,,paid,fulfilled,online_store,US,OR,67.0,0.0,,0.0,0.0,67.0,shopify_payments,2.24,USD
4777,103102,2026-04-15T16:50:29Z,,partially_refunded,fulfilled,online_store,US,TX,156.0,0.0,,0.0,9.36,165.36,shopify_payments,5.1,USD
4778,100850,2026-04-15T17:46:24Z,,paid,fulfilled,online_store,US,OH,28.0,2.8,LOYAL10,5.95,1.51,32.66,shopify_payments,1.25,USD
4779,103103,2026-04-15T19:40:19Z,,paid,fulfilled,online_store,US,MI,126.0,0.0,,0.0,7.56,133.56,shopify_payments,4.17,USD
4780,102511,2026-04-15T21:42:23Z,,paid,fulfilled,shop_app,US,WI,50.0,0.0,,0.0,3.0,53.0,shopify_payments,1.84,USD
4781,103104,2026-04-15T21:43:50Z,,paid,fulfilled,online_store,GB,SCT,36.0,0.0,,12.95,7.2,56.15,shopify_payments,1.93,USD
4782,103106,2026-04-15T22:27:43Z,,paid,fulfilled,online_store,US,CA,22.0,3.3,WELCOME15,5.95,1.12,25.77,shop_pay,1.05,USD
4783,102208,2026-04-16T02:09:23Z,,paid,fulfilled,online_store,US,TX,29.0,0.0,,5.95,1.74,36.69,paypal,1.77,USD
4784,102488,2026-04-16T02:19:05Z,,paid,fulfilled,online_store,US,AZ,196.0,0.0,,0.0,11.76,207.76,shopify_payments,6.33,USD
4785,103107,2026-04-16T02:23:02Z,,paid,fulfilled,online_store,US,NY,114.0,0.0,,0.0,6.84,120.84,shopify_payments,3.8,USD
4786,103108,2026-04-16T03:30:11Z,,paid,fulfilled,online_store,CA,BC,76.0,0.0,,12.95,3.8,92.75,shopify_payments,2.99,USD
4787,103109,2026-04-16T03:43:17Z,,paid,fulfilled,online_store,US,IL,64.0,9.6,WELCOME15,0.0,3.26,57.66,shopify_payments,1.97,USD
4788,102533,2026-04-16T09:06:37Z,,paid,fulfilled,online_store,US,CA,22.0,2.2,LOYAL10,5.95,1.19,26.94,shopify_payments,1.08,USD
4789,101449,2026-04-16T11:59:20Z,,paid,fulfilled,online_store,US,CA,88.0,0.0,,0.0,5.28,93.28,shopify_payments,3.01,USD
4790,103111,2026-04-16T13:12:49Z,,paid,fulfilled,online_store,CA,BC,68.0,0.0,,12.95,3.4,84.35,shopify_payments,2.75,USD
4791,102829,2026-04-16T14:24:40Z,,paid,fulfilled,online_store,US,MI,76.0,0.0,,0.0,4.56,80.56,shopify_payments,2.64,USD
4792,103112,2026-04-16T15:27:09Z,,paid,fulfilled,online_store,US,OH,44.0,0.0,,5.95,2.64,52.59,shopify_payments,1.83,USD
4793,103114,2026-04-16T15:43:38Z,,paid,fulfilled,shop_app,US,MD,88.0,0.0,,0.0,5.28,93.28,shop_pay,3.01,USD
4794,103115,2026-04-16T16:26:36Z,,paid,fulfilled,online_store,US,CA,30.0,0.0,,5.95,1.8,37.75,shopify_payments,1.39,USD
4795,102359,2026-04-16T17:48:10Z,,paid,fulfilled,online_store,AU,QLD,112.0,11.2,LOYAL10,0.0,10.08,110.88,shopify_payments,3.52,USD
4796,103116,2026-04-16T19:22:41Z,,paid,fulfilled,online_store,US,NC,104.0,0.0,,0.0,6.24,110.24,shopify_payments,3.5,USD
4797,101755,2026-04-16T19:56:46Z,,paid,fulfilled,online_store,AU,VIC,141.0,14.1,LOYAL10,0.0,12.69,139.59,shop_pay,4.35,USD
4798,102900,2026-04-16T20:17:20Z,,paid,fulfilled,online_store,US,DE,72.0,10.8,WELCOME15,0.0,0.0,61.2,paypal,2.63,USD
4799,103117,2026-04-16T21:29:53Z,,paid,fulfilled,online_store,US,MN,34.0,0.0,,5.95,2.04,41.99,shopify_payments,1.52,USD
4800,103118,2026-04-16T22:10:55Z,,paid,fulfilled,online_store,US,NY,54.0,0.0,,0.0,3.24,57.24,shopify_payments,1.96,USD
4801,103119,2026-04-16T22:27:46Z,,partially_refunded,fulfilled,online_store,US,TX,60.0,0.0,,0.0,3.6,63.6,paypal,2.71,USD
4802,103120,2026-04-16T23:19:54Z,,paid,fulfilled,online_store,US,FL,136.0,20.4,WELCOME15,0.0,6.94,122.54,shopify_payments,3.85,USD
4803,103122,2026-04-17T00:07:57Z,,refunded,fulfilled,online_store,US,MI,34.0,3.4,AMELIA10,5.95,1.84,38.39,shopify_payments,1.41,USD
4804,102549,2026-04-17T01:23:39Z,,paid,fulfilled,online_store,US,CO,156.0,0.0,,0.0,9.36,165.36,shopify_payments,5.1,USD
4805,101759,2026-04-17T02:08:25Z,,paid,fulfilled,online_store,GB,WLS,210.0,21.0,LOYAL10,0.0,37.8,226.8,shopify_payments,6.88,USD
4806,102841,2026-04-17T08:59:07Z,,paid,fulfilled,shop_app,US,FL,106.0,0.0,,0.0,6.36,112.36,shopify_payments,3.56,USD
4807,103124,2026-04-17T10:59:08Z,,paid,fulfilled,online_store,US,TN,38.0,0.0,,5.95,2.28,46.23,shopify_payments,1.64,USD
4808,103125,2026-04-17T11:31:32Z,,paid,fulfilled,online_store,US,CA,24.0,0.0,,5.95,1.44,31.39,shopify_payments,1.21,USD
4809,103126,2026-04-17T11:46:09Z,,paid,fulfilled,online_store,AU,NSW,132.0,0.0,,0.0,13.2,145.2,klarna,9.0,USD
4810,102601,2026-04-17T14:22:36Z,,paid,fulfilled,online_store,US,VA,138.0,0.0,,0.0,8.28,146.28,shopify_payments,4.54,USD
4811,103127,2026-04-17T15:48:49Z,,paid,fulfilled,online_store,US,MN,117.0,0.0,,0.0,7.02,124.02,shopify_payments,3.9,USD
4812,103128,2026-04-17T15:54:54Z,,paid,fulfilled,online_store,US,CA,38.0,0.0,,5.95,2.28,46.23,shop_pay,1.64,USD
4813,102478,2026-04-17T16:28:52Z,,paid,fulfilled,shop_app,US,NC,72.0,0.0,,0.0,4.32,76.32,shopify_payments,2.51,USD
4814,103129,2026-04-17T16:54:27Z,,paid,fulfilled,online_store,US,IN,22.0,3.3,WELCOME15,5.95,1.12,25.77,shop_pay,1.05,USD
4815,102093,2026-04-17T18:04:29Z,,paid,fulfilled,online_store,US,CA,80.0,0.0,,0.0,4.8,84.8,paypal,3.45,USD
4816,103130,2026-04-17T18:15:00Z,,paid,fulfilled,online_store,CA,ON,32.0,4.8,WELCOME15,12.95,1.36,41.51,shopify_payments,1.5,USD
4817,103131,2026-04-17T21:08:57Z,,paid,fulfilled,online_store,US,MA,100.0,0.0,,0.0,6.0,106.0,shopify_payments,3.37,USD
4818,102476,2026-04-17T22:35:32Z,,paid,fulfilled,online_store,US,CA,114.0,0.0,,0.0,6.84,120.84,shopify_payments,3.8,USD
4819,103132,2026-04-17T23:01:41Z,,paid,fulfilled,shop_app,US,CA,114.0,0.0,,0.0,6.84,120.84,shop_pay,3.8,USD
4820,103134,2026-04-17T23:41:37Z,,refunded,fulfilled,online_store,US,GA,88.0,13.2,WELCOME15,0.0,4.49,79.29,paypal,3.26,USD
4821,103135,2026-04-18T01:00:42Z,,paid,fulfilled,online_store,US,CA,76.0,0.0,,0.0,4.56,80.56,paypal,3.3,USD
4822,102400,2026-04-18T02:18:03Z,,paid,fulfilled,online_store,US,FL,58.0,0.0,,0.0,3.48,61.48,paypal,2.64,USD
4823,103137,2026-04-18T02:45:16Z,,paid,fulfilled,online_store,US,CA,68.0,0.0,,0.0,4.08,72.08,shop_pay,2.39,USD
4824,103138,2026-04-18T04:33:03Z,,paid,fulfilled,shop_app,US,MA,32.0,4.8,WELCOME15,5.95,1.63,34.78,shop_pay,1.31,USD
4825,103139,2026-04-18T10:14:15Z,,paid,fulfilled,online_store,US,MI,44.0,6.6,WELCOME15,5.95,2.24,45.59,shopify_payments,1.62,USD
4826,103140,2026-04-18T10:54:05Z,,paid,fulfilled,online_store,CA,BC,115.0,17.25,WELCOME15,0.0,4.89,102.64,shop_pay,3.28,USD
4827,101813,2026-04-18T13:07:54Z,,paid,fulfilled,online_store,CA,QC,29.0,2.9,LOYAL10,12.95,1.31,40.36,shopify_payments,1.47,USD
4828,103142,2026-04-18T13:32:11Z,,paid,fulfilled,online_store,US,FL,142.0,21.3,WELCOME15,0.0,7.24,127.94,shopify_payments,4.01,USD
4829,103143,2026-04-18T14:25:06Z,,paid,fulfilled,online_store,GB,WLS,22.0,3.3,WELCOME15,12.95,3.74,35.39,shopify_payments,1.33,USD
4830,103144,2026-04-18T15:32:53Z,,paid,fulfilled,online_store,US,CA,64.0,0.0,,0.0,3.84,67.84,shopify_payments,2.27,USD
4831,103145,2026-04-18T15:36:47Z,,paid,fulfilled,online_store,US,CO,38.0,0.0,,5.95,2.28,46.23,shopify_payments,1.64,USD
4832,103146,2026-04-18T16:16:44Z,,paid,fulfilled,online_store,US,NY,32.0,4.8,WELCOME15,5.95,1.63,34.78,shopify_payments,1.31,USD
4833,103007,2026-04-18T18:03:16Z,,paid,fulfilled,online_store,US,AZ,88.0,0.0,,0.0,5.28,93.28,shopify_payments,3.01,USD
4834,103147,2026-04-18T18:54:37Z,,paid,fulfilled,online_store,US,IL,96.0,14.4,WELCOME15,0.0,4.9,86.5,shopify_payments,2.81,USD
4835,103150,2026-04-18T22:20:05Z,,paid,fulfilled,online_store,AU,QLD,50.0,5.0,LOYAL10,12.95,4.5,62.45,shopify_payments,2.11,USD
4836,103151,2026-04-19T00:59:36Z,,paid,fulfilled,online_store,US,IL,32.0,0.0,,5.95,1.92,39.87,shopify_payments,1.46,USD
4837,103152,2026-04-19T02:42:38Z,,paid,fulfilled,shop_app,US,CA,22.0,2.2,DERMDIARY10,5.95,1.19,26.94,shopify_payments,1.08,USD
4838,103153,2026-04-19T02:50:17Z,,paid,fulfilled,online_store,US,FL,88.0,0.0,,0.0,5.28,93.28,shopify_payments,3.01,USD
4839,102689,2026-04-19T08:37:14Z,,paid,fulfilled,online_store,US,CA,34.0,0.0,,5.95,2.04,41.99,shopify_payments,1.52,USD
4840,103154,2026-04-19T09:48:06Z,,paid,fulfilled,online_store,GB,ENG,24.0,3.6,WELCOME15,12.95,4.08,37.43,shopify_payments,1.39,USD
4841,103155,2026-04-19T11:58:57Z,,paid,fulfilled,online_store,US,OH,126.0,0.0,,0.0,7.56,133.56,shopify_payments,4.17,USD
4842,103156,2026-04-19T12:20:09Z,,paid,fulfilled,online_store,AU,QLD,24.0,3.6,WELCOME15,12.95,2.04,35.39,shopify_payments,1.33,USD
4843,101783,2026-04-19T12:39:58Z,,paid,fulfilled,online_store,US,OH,34.0,3.4,LOYAL10,5.95,1.84,38.39,shopify_payments,1.41,USD
4844,103157,2026-04-19T12:56:28Z,,paid,fulfilled,online_store,GB,ENG,34.0,0.0,,12.95,6.8,53.75,shopify_payments,1.86,USD
4845,103158,2026-04-19T13:14:51Z,,paid,fulfilled,online_store,US,MI,29.0,0.0,,5.95,1.74,36.69,shopify_payments,1.36,USD
4846,101257,2026-04-19T16:38:57Z,,paid,fulfilled,online_store,GB,ENG,67.0,6.7,LOYAL10,12.95,12.06,85.31,shop_pay,2.77,USD
4847,103159,2026-04-19T18:48:02Z,,paid,fulfilled,online_store,US,TN,32.0,4.8,WELCOME15,5.95,1.63,34.78,shopify_payments,1.31,USD
4848,103160,2026-04-19T19:14:51Z,,refunded,fulfilled,shop_app,US,MA,38.0,0.0,,5.95,2.28,46.23,shopify_payments,1.64,USD
4849,103161,2026-04-19T19:34:48Z,,paid,fulfilled,online_store,US,NJ,26.0,3.9,WELCOME15,5.95,1.33,29.38,shop_pay,1.15,USD
4850,102777,2026-04-19T19:42:55Z,,paid,fulfilled,online_store,US,FL,138.0,13.8,LOYAL10,0.0,7.45,131.65,shopify_payments,4.12,USD
4851,103162,2026-04-19T21:44:02Z,,paid,fulfilled,online_store,GB,ENG,34.0,5.1,WELCOME15,12.95,5.78,47.63,shopify_payments,1.68,USD
4852,103149,2026-04-19T22:03:17Z,,paid,fulfilled,online_store,US,OR,30.0,4.5,"WELCOME15,FREESHIP",0.0,0.0,25.5,shopify_payments,1.04,USD
4853,103163,2026-04-19T22:46:27Z,,paid,fulfilled,online_store,AU,WA,44.0,0.0,,12.95,4.4,61.35,klarna,3.97,USD
4854,103164,2026-04-20T00:49:27Z,,paid,fulfilled,online_store,GB,ENG,88.0,13.2,WELCOME15,12.95,14.96,102.71,shopify_payments,3.28,USD
4855,102843,2026-04-20T01:09:49Z,,paid,fulfilled,online_store,AU,NSW,76.0,11.4,WELCOME15,12.95,6.46,84.01,paypal,3.42,USD
4856,103167,2026-04-20T05:38:08Z,,refunded,fulfilled,online_store,CA,BC,38.0,5.7,WELCOME15,12.95,1.62,46.87,paypal,2.13,USD
4857,102071,2026-04-20T06:32:26Z,,paid,fulfilled,online_store,US,IL,68.0,6.8,LOYAL10,0.0,3.67,64.87,shopify_payments,2.18,USD
4858,101222,2026-04-20T07:34:01Z,,paid,fulfilled,online_store,US,NJ,68.0,0.0,,0.0,4.08,72.08,shop_pay,2.39,USD
4859,103168,2026-04-20T08:02:34Z,,paid,fulfilled,online_store,US,NH,60.0,9.0,WELCOME15,0.0,0.0,51.0,shopify_payments,1.78,USD
4860,103169,2026-04-20T12:31:10Z,,paid,fulfilled,online_store,GB,WLS,28.0,4.2,WELCOME15,12.95,4.76,41.51,paypal,1.94,USD
4861,103170,2026-04-20T16:09:25Z,,paid,fulfilled,online_store,CA,ON,34.0,5.1,WELCOME15,12.95,1.44,43.29,klarna,2.89,USD
4862,102654,2026-04-20T16:14:38Z,,paid,fulfilled,online_store,GB,WLS,58.0,0.0,,12.95,11.6,82.55,shopify_payments,2.69,USD
4863,103171,2026-04-20T18:34:38Z,,paid,fulfilled,online_store,US,MN,34.0,5.1,WELCOME15,5.95,1.73,36.58,shopify_payments,1.36,USD
4864,103172,2026-04-20T21:00:18Z,,paid,fulfilled,online_store,US,CA,30.0,0.0,,5.95,1.8,37.75,shop_pay,1.39,USD
4865,102893,2026-04-20T22:01:56Z,,paid,fulfilled,online_store,US,GA,116.0,11.6,LOYAL10,0.0,6.26,110.66,shopify_payments,3.51,USD
4866,103173,2026-04-20T22:41:01Z,,paid,fulfilled,online_store,US,TX,126.0,18.9,WELCOME15,0.0,6.43,113.53,shop_pay,3.59,USD
4867,103174,2026-04-20T22:43:50Z,,paid,fulfilled,online_store,US,AZ,36.0,5.4,WELCOME15,5.95,1.84,38.39,shop_pay,1.41,USD
4868,103064,2026-04-20T22:52:28Z,,paid,fulfilled,online_store,US,CA,56.0,8.4,WELCOME15,5.95,2.86,56.41,shopify_payments,1.94,USD
4869,103175,2026-04-20T23:27:01Z,,paid,fulfilled,online_store,US,GA,36.0,5.4,WELCOME15,5.95,1.84,38.39,shopify_payments,1.41,USD
4870,102883,2026-04-21T00:42:32Z,,paid,fulfilled,online_store,US,NY,38.0,0.0,,5.95,2.28,46.23,shopify_payments,1.64,USD
4871,101163,2026-04-21T01:01:51Z,,paid,fulfilled,online_store,AU,NSW,60.0,0.0,,12.95,6.0,78.95,paypal,3.25,USD
4872,103176,2026-04-21T01:07:27Z,,paid,fulfilled,online_store,US,TX,110.0,0.0,,0.0,6.6,116.6,shop_pay,3.68,USD
4873,103177,2026-04-21T03:39:33Z,,paid,fulfilled,online_store,US,MA,56.0,0.0,,0.0,3.36,59.36,paypal,2.56,USD
4874,103178,2026-04-21T08:56:53Z,,paid,fulfilled,online_store,US,NY,26.0,0.0,,5.95,1.56,33.51,paypal,1.66,USD
4875,103180,2026-04-21T10:18:07Z,,paid,fulfilled,online_store,US,FL,70.0,10.5,WELCOME15,0.0,3.57,63.07,shopify_payments,2.13,USD
4876,103179,2026-04-21T10:18:17Z,,paid,fulfilled,online_store,US,FL,86.0,0.0,,0.0,5.16,91.16,shopify_payments,2.94,USD
4877,101098,2026-04-21T11:09:34Z,,paid,fulfilled,online_store,US,NY,63.0,0.0,,0.0,3.78,66.78,shopify_payments,2.24,USD
4878,102563,2026-04-21T12:19:45Z,,paid,fulfilled,online_store,US,CO,22.0,2.2,LOYAL10,5.95,1.19,26.94,shopify_payments,1.08,USD
4879,103181,2026-04-21T12:37:09Z,,paid,fulfilled,online_store,US,FL,70.0,10.5,WELCOME15,0.0,3.57,63.07,paypal,2.69,USD
4880,103182,2026-04-21T13:10:25Z,,paid,fulfilled,online_store,US,FL,56.0,8.4,WELCOME15,5.95,2.86,56.41,paypal,2.46,USD
4881,102123,2026-04-21T13:25:22Z,,paid,fulfilled,online_store,US,NH,54.0,0.0,,0.0,0.0,54.0,shopify_payments,1.87,USD
4882,101820,2026-04-21T13:56:35Z,,paid,fulfilled,online_store,US,WA,149.0,14.9,LOYAL10,0.0,8.05,142.15,paypal,5.45,USD
4883,103183,2026-04-21T14:37:16Z,,paid,fulfilled,online_store,US,FL,32.0,4.8,WELCOME15,5.95,1.63,34.78,paypal,1.7,USD
4884,103184,2026-04-21T14:53:57Z,,paid,fulfilled,online_store,US,NC,72.0,10.8,WELCOME15,0.0,3.67,64.87,shopify_payments,2.18,USD
4885,101997,2026-04-21T15:08:41Z,,paid,fulfilled,online_store,CA,QC,38.0,3.8,LOYAL10,12.95,1.71,48.86,paypal,2.2,USD
4886,103185,2026-04-21T15:41:37Z,,paid,fulfilled,online_store,US,CA,32.0,4.8,WELCOME15,5.95,1.63,34.78,shop_pay,1.31,USD
4887,103186,2026-04-21T15:48:07Z,,paid,fulfilled,online_store,US,CO,28.0,0.0,,5.95,1.68,35.63,shopify_payments,1.33,USD
4888,103187,2026-04-21T16:40:21Z,,paid,fulfilled,online_store,US,MD,68.0,10.2,WELCOME15,0.0,3.47,61.27,shopify_payments,2.08,USD
4889,101667,2026-04-21T19:48:55Z,,paid,fulfilled,shop_app,US,TX,109.0,0.0,,0.0,6.54,115.54,shop_pay,3.65,USD
4890,101402,2026-04-21T20:48:54Z,,paid,fulfilled,shop_app,US,NC,168.0,0.0,,0.0,10.08,178.08,shopify_payments,5.46,USD
4891,103188,2026-04-21T21:27:07Z,,paid,fulfilled,online_store,US,FL,152.0,0.0,,0.0,9.12,161.12,shop_pay,4.97,USD
4892,103189,2026-04-21T22:09:12Z,,paid,fulfilled,online_store,US,CA,88.0,13.2,WELCOME15,0.0,4.49,79.29,shopify_payments,2.6,USD
4893,103190,2026-04-21T22:49:56Z,,paid,fulfilled,online_store,CA,ON,51.0,7.65,WELCOME15,12.95,2.17,58.47,shop_pay,2.0,USD
4894,102611,2026-04-21T23:39:14Z,,paid,fulfilled,online_store,US,NY,36.0,0.0,,5.95,2.16,44.11,shopify_payments,1.58,USD
4895,103191,2026-04-22T01:32:03Z,,paid,fulfilled,online_store,CA,BC,85.0,12.75,WELCOME15,12.95,3.61,88.81,shopify_payments,2.88,USD
4896,103192,2026-04-22T02:15:32Z,,paid,fulfilled,online_store,CA,BC,88.0,13.2,SKINBYJORDAN15,12.95,3.74,91.49,shopify_payments,2.95,USD
4897,103193,2026-04-22T02:30:27Z,,paid,fulfilled,shop_app,US,TX,29.0,4.35,WELCOME15,5.95,1.48,32.08,shop_pay,1.23,USD
4898,103194,2026-04-22T03:56:34Z,,refunded,fulfilled,online_store,US,NY,44.0,6.6,"WELCOME15,FREESHIP",0.0,2.24,39.64,shopify_payments,1.45,USD
4899,103195,2026-04-22T10:01:11Z,,paid,fulfilled,online_store,US,TX,144.0,0.0,,0.0,8.64,152.64,shopify_payments,4.73,USD
4900,103196,2026-04-22T10:58:11Z,,paid,fulfilled,online_store,US,CO,38.0,5.7,WELCOME15,5.95,1.94,40.19,shopify_payments,1.47,USD
4901,103197,2026-04-22T11:45:45Z,,refunded,fulfilled,online_store,US,MO,26.0,2.6,AMELIA10,5.95,1.4,30.75,shop_pay,1.19,USD
4902,103198,2026-04-22T11:46:57Z,,paid,fulfilled,online_store,US,NY,28.0,4.2,WELCOME15,5.95,1.43,31.18,shopify_payments,1.2,USD
4903,102134,2026-04-22T13:13:50Z,,paid,fulfilled,online_store,US,TX,38.0,0.0,,5.95,2.28,46.23,shopify_payments,1.64,USD
4904,103199,2026-04-22T13:35:34Z,,paid,fulfilled,online_store,US,WI,34.0,0.0,,5.95,2.04,41.99,shopify_payments,1.52,USD
4905,103200,2026-04-22T13:44:29Z,,paid,fulfilled,online_store,US,CO,58.0,0.0,,0.0,3.48,61.48,shopify_payments,2.08,USD
4906,103201,2026-04-22T15:22:15Z,,paid,fulfilled,shop_app,US,CA,44.0,6.6,WELCOME15,5.95,2.24,45.59,shop_pay,1.62,USD
4907,103202,2026-04-22T16:48:00Z,,paid,unfulfilled,online_store,US,CA,38.0,38.0,TEST100,0.0,0.0,0.0,bogus,0.0,USD
4908,103203,2026-04-22T16:56:36Z,,paid,fulfilled,online_store,US,VA,106.0,0.0,,0.0,6.36,112.36,shop_pay,3.56,USD
4909,103204,2026-04-22T18:47:57Z,,paid,fulfilled,online_store,US,FL,34.0,5.1,WELCOME15,5.95,1.73,36.58,shopify_payments,1.36,USD
4910,103205,2026-04-22T21:41:13Z,,paid,fulfilled,shop_app,US,CA,76.0,0.0,,0.0,4.56,80.56,shopify_payments,2.64,USD
4911,103206,2026-04-22T22:19:21Z,,paid,fulfilled,online_store,US,VA,32.0,0.0,,5.95,1.92,39.87,shopify_payments,1.46,USD
4912,103208,2026-04-22T23:54:52Z,,paid,fulfilled,online_store,US,CA,36.0,0.0,,5.95,2.16,44.11,shop_pay,1.58,USD
4913,103209,2026-04-23T00:23:11Z,,refunded,fulfilled,online_store,US,GA,38.0,0.0,,5.95,2.28,46.23,shopify_payments,1.64,USD
4914,103210,2026-04-23T00:28:32Z,,paid,fulfilled,online_store,US,GA,68.0,10.2,WELCOME15,0.0,3.47,61.27,shop_pay,2.08,USD
4915,103211,2026-04-23T00:36:40Z,,paid,fulfilled,online_store,CA,BC,24.0,0.0,,12.95,1.2,38.15,shopify_payments,1.41,USD
4916,103054,2026-04-23T01:18:23Z,,paid,fulfilled,online_store,US,CA,124.0,0.0,,0.0,7.44,131.44,shopify_payments,4.11,USD
4917,102146,2026-04-23T01:30:09Z,,paid,fulfilled,online_store,US,AZ,26.0,0.0,,5.95,1.56,33.51,shop_pay,1.27,USD
4918,103212,2026-04-23T06:23:01Z,,paid,fulfilled,online_store,US,CO,90.0,0.0,,0.0,5.4,95.4,shopify_payments,3.07,USD
4919,103213,2026-04-23T11:37:56Z,,paid,fulfilled,online_store,US,NJ,36.0,5.4,WELCOME15,5.95,1.84,38.39,shopify_payments,1.41,USD
4920,102584,2026-04-23T11:47:31Z,,paid,fulfilled,online_store,US,OR,64.0,0.0,,0.0,0.0,64.0,shopify_payments,2.16,USD
4921,103214,2026-04-23T13:01:15Z,,paid,fulfilled,online_store,US,TX,59.0,0.0,,0.0,3.54,62.54,klarna,4.05,USD
4922,103216,2026-04-23T14:28:57Z,,paid,fulfilled,online_store,US,NJ,26.0,3.9,WELCOME15,5.95,1.33,29.38,klarna,2.06,USD
4923,103217,2026-04-23T14:29:39Z,,paid,fulfilled,online_store,US,TX,38.0,0.0,FREESHIP,0.0,2.28,40.28,shopify_payments,1.47,USD
4924,103218,2026-04-23T15:07:48Z,,paid,fulfilled,online_store,US,TX,34.0,0.0,,5.95,2.04,41.99,shopify_payments,1.52,USD
4925,103219,2026-04-23T15:35:02Z,,paid,fulfilled,shop_app,US,VA,22.0,3.3,WELCOME15,5.95,1.12,25.77,shopify_payments,1.05,USD
4926,101583,2026-04-23T19:56:41Z,,partially_refunded,fulfilled,online_store,GB,WLS,65.0,0.0,,12.95,13.0,90.95,shopify_payments,2.94,USD
4927,103220,2026-04-23T20:38:01Z,,partially_refunded,fulfilled,online_store,US,TN,72.0,10.8,WELCOME15,0.0,3.67,64.87,shopify_payments,2.18,USD
4928,103221,2026-04-23T22:17:09Z,,paid,fulfilled,online_store,US,NC,111.0,0.0,,0.0,6.66,117.66,paypal,4.6,USD
4929,102544,2026-04-23T22:42:16Z,,paid,fulfilled,online_store,US,OH,70.0,0.0,,0.0,4.2,74.2,paypal,3.08,USD
4930,102606,2026-04-23T23:58:28Z,,paid,fulfilled,online_store,US,MD,154.0,0.0,,0.0,9.24,163.24,shop_pay,5.03,USD
4931,103222,2026-04-24T00:41:16Z,,paid,fulfilled,online_store,US,FL,85.0,0.0,,0.0,5.1,90.1,shop_pay,2.91,USD
4932,103224,2026-04-24T01:25:33Z,,paid,fulfilled,online_store,US,WI,92.0,13.8,SKINBYJORDAN15,0.0,4.69,82.89,shopify_payments,2.7,USD
4933,102238,2026-04-24T01:32:25Z,,paid,fulfilled,online_store,US,IL,29.0,0.0,,5.95,1.74,36.69,shopify_payments,1.36,USD
4934,103225,2026-04-24T03:49:47Z,,paid,fulfilled,online_store,US,NY,102.0,15.3,WELCOME15,0.0,5.2,91.9,shop_pay,2.97,USD
4935,103226,2026-04-24T05:29:04Z,,paid,fulfilled,online_store,US,NY,36.0,0.0,,5.95,2.16,44.11,shopify_payments,1.58,USD
4936,103227,2026-04-24T07:00:09Z,,paid,fulfilled,online_store,US,TX,28.0,4.2,WELCOME15,5.95,1.43,31.18,shopify_payments,1.2,USD
4937,102426,2026-04-24T07:12:24Z,,paid,fulfilled,shop_app,US,WA,32.0,0.0,,5.95,1.92,39.87,shopify_payments,1.46,USD
4938,103228,2026-04-24T08:38:10Z,,paid,fulfilled,online_store,GB,ENG,112.0,16.8,WELCOME15,0.0,19.04,114.24,shopify_payments,3.61,USD
4939,102719,2026-04-24T09:17:47Z,,partially_refunded,fulfilled,online_store,US,CO,135.0,0.0,,0.0,8.1,143.1,shop_pay,4.45,USD
4940,103229,2026-04-24T14:15:27Z,,paid,fulfilled,online_store,US,CA,29.0,4.35,WELCOME15,5.95,1.48,32.08,shopify_payments,1.23,USD
4941,102493,2026-04-24T14:16:57Z,,paid,fulfilled,online_store,US,NJ,100.0,0.0,,0.0,6.0,106.0,shopify_payments,3.37,USD
4942,102659,2026-04-24T14:57:35Z,,paid,fulfilled,shop_app,AU,NSW,22.0,0.0,,12.95,2.2,37.15,shopify_payments,1.38,USD
4943,103230,2026-04-24T17:51:51Z,,partially_refunded,fulfilled,online_store,US,CO,120.0,0.0,,0.0,7.2,127.2,shopify_payments,3.99,USD
4944,102800,2026-04-24T19:23:34Z,,paid,fulfilled,online_store,GB,SCT,32.0,0.0,,12.95,6.4,51.35,shopify_payments,1.79,USD
4945,103231,2026-04-25T02:30:55Z,,paid,fulfilled,online_store,CA,ON,28.0,4.2,NOURISHED15,12.95,1.19,37.94,paypal,1.81,USD
4946,103232,2026-04-25T03:49:09Z,,paid,fulfilled,online_store,US,OH,34.0,0.0,,5.95,2.04,41.99,shopify_payments,1.52,USD
4947,103233,2026-04-25T04:17:58Z,,paid,fulfilled,online_store,GB,ENG,82.0,0.0,,12.95,16.4,111.35,shopify_payments,3.53,USD
4948,103234,2026-04-25T08:24:43Z,,partially_refunded,fulfilled,online_store,US,NY,89.0,13.35,WELCOME15,0.0,4.54,80.19,shopify_payments,2.63,USD
4949,103235,2026-04-25T09:53:41Z,,paid,fulfilled,online_store,US,NY,26.0,0.0,,5.95,1.56,33.51,shopify_payments,1.27,USD
4950,103236,2026-04-25T10:05:17Z,,paid,fulfilled,online_store,US,FL,34.0,5.1,WELCOME15,5.95,1.73,36.58,shop_pay,1.36,USD
4951,103237,2026-04-25T12:42:26Z,,paid,fulfilled,online_store,US,IL,110.0,16.5,WELCOME15,0.0,5.61,99.11,shopify_payments,3.17,USD
4952,103238,2026-04-25T14:31:48Z,,refunded,fulfilled,online_store,US,NY,44.0,6.6,WELCOME15,5.95,2.24,45.59,shopify_payments,1.62,USD
4953,102113,2026-04-25T16:14:51Z,,paid,fulfilled,online_store,US,VA,38.0,0.0,,5.95,2.28,46.23,shopify_payments,1.64,USD
4954,102368,2026-04-25T16:17:04Z,,paid,fulfilled,online_store,US,IN,78.0,0.0,,0.0,4.68,82.68,shopify_payments,2.7,USD
4955,103239,2026-04-25T18:42:34Z,,paid,fulfilled,online_store,US,CA,28.0,0.0,,5.95,1.68,35.63,shopify_payments,1.33,USD
4956,101867,2026-04-25T20:19:56Z,,paid,fulfilled,online_store,US,CA,52.0,0.0,,0.0,3.12,55.12,shopify_payments,1.9,USD
4957,103240,2026-04-25T21:51:58Z,,paid,fulfilled,online_store,US,CO,51.0,0.0,,0.0,3.06,54.06,shopify_payments,1.87,USD
4958,103241,2026-04-25T22:18:10Z,,paid,fulfilled,online_store,US,NY,38.0,5.7,WELCOME15,5.95,1.94,40.19,paypal,1.89,USD
4959,102079,2026-04-25T22:54:03Z,,paid,fulfilled,online_store,US,MA,94.0,9.4,LOYAL10,0.0,5.08,89.68,shopify_payments,2.9,USD
4960,102139,2026-04-26T01:03:00Z,,paid,fulfilled,online_store,US,CA,140.0,0.0,,0.0,8.4,148.4,paypal,5.67,USD
4961,103242,2026-04-26T09:27:33Z,,paid,fulfilled,online_store,US,OH,60.0,9.0,SKINBYJORDAN15,0.0,3.06,54.06,shopify_payments,1.87,USD
4962,103243,2026-04-26T10:27:26Z,,paid,fulfilled,online_store,US,CA,68.0,6.8,AMELIA10,0.0,3.67,64.87,shopify_payments,2.18,USD
4963,103244,2026-04-26T11:13:24Z,,paid,fulfilled,online_store,US,NY,100.0,0.0,,0.0,6.0,106.0,paypal,4.19,USD
4964,103245,2026-04-26T12:35:44Z,,paid,fulfilled,online_store,US,TX,58.0,8.7,WELCOME15,5.95,2.96,58.21,shopify_payments,1.99,USD
4965,103246,2026-04-26T13:28:43Z,,paid,fulfilled,online_store,US,PA,29.0,0.0,,5.95,1.74,36.69,shop_pay,1.36,USD
4966,102889,2026-04-26T13:38:19Z,,paid,fulfilled,online_store,US,NY,51.0,6.12,GLOWWITHSAM12,5.95,2.69,53.52,shopify_payments,1.85,USD
4967,103247,2026-04-26T14:26:34Z,,partially_refunded,fulfilled,online_store,AU,WA,160.0,0.0,,0.0,16.0,176.0,paypal,6.63,USD
4968,103248,2026-04-26T15:04:43Z,,paid,fulfilled,online_store,US,MN,54.0,0.0,,0.0,3.24,57.24,paypal,2.49,USD
4969,100929,2026-04-26T15:08:13Z,,partially_refunded,fulfilled,online_store,US,MD,63.0,0.0,,0.0,3.78,66.78,shopify_payments,2.24,USD
4970,103249,2026-04-26T15:51:37Z,,partially_refunded,fulfilled,online_store,US,MO,150.0,22.5,WELCOME15,0.0,7.65,135.15,shopify_payments,4.22,USD
4971,103250,2026-04-26T15:54:03Z,,paid,fulfilled,online_store,US,AZ,54.0,8.1,WELCOME15,5.95,2.75,54.6,paypal,2.4,USD
4972,103251,2026-04-26T16:23:46Z,,paid,fulfilled,online_store,US,GA,60.0,9.0,WELCOME15,0.0,3.06,54.06,shopify_payments,1.87,USD
4973,103252,2026-04-26T16:31:26Z,,paid,fulfilled,online_store,CA,AB,44.0,0.0,,12.95,2.2,59.15,shopify_payments,2.02,USD
4974,103253,2026-04-26T16:44:03Z,,paid,fulfilled,online_store,US,FL,38.0,5.7,WELCOME15,5.95,1.94,40.19,shopify_payments,1.47,USD
4975,103254,2026-04-26T20:47:38Z,,partially_refunded,fulfilled,online_store,US,TX,118.0,17.7,WELCOME15,0.0,6.02,106.32,shopify_payments,3.38,USD
4976,103255,2026-04-26T22:24:14Z,,partially_refunded,fulfilled,online_store,US,PA,118.0,0.0,,0.0,7.08,125.08,shopify_payments,3.93,USD
4977,103256,2026-04-26T23:49:11Z,,paid,fulfilled,online_store,US,CA,38.0,0.0,,5.95,2.28,46.23,shopify_payments,1.64,USD
4978,103257,2026-04-27T01:23:32Z,,paid,fulfilled,online_store,US,DE,29.0,4.35,WELCOME15,5.95,0.0,30.6,shopify_payments,1.19,USD
4979,102876,2026-04-27T06:16:37Z,,paid,fulfilled,online_store,US,TX,24.0,0.0,,5.95,1.44,31.39,paypal,1.59,USD
4980,103258,2026-04-27T11:05:03Z,,paid,fulfilled,online_store,US,GA,72.0,0.0,,0.0,4.32,76.32,shop_pay,2.51,USD
4981,103259,2026-04-27T11:33:05Z,,paid,fulfilled,online_store,US,TX,34.0,5.1,WELCOME15,5.95,1.73,36.58,shopify_payments,1.36,USD
4982,102977,2026-04-27T12:00:31Z,,partially_refunded,fulfilled,online_store,US,TN,126.0,0.0,,0.0,7.56,133.56,shopify_payments,4.17,USD
4983,103261,2026-04-27T15:39:58Z,,paid,fulfilled,online_store,US,VA,38.0,0.0,,5.95,2.28,46.23,shopify_payments,1.64,USD
4984,103262,2026-04-27T15:51:45Z,,paid,fulfilled,online_store,US,DE,22.0,0.0,,5.95,0.0,27.95,shopify_payments,1.11,USD
4985,103263,2026-04-27T19:30:28Z,,paid,fulfilled,online_store,US,PA,22.0,0.0,,5.95,1.32,29.27,shopify_payments,1.15,USD
4986,103264,2026-04-27T20:26:29Z,2026-04-28T07:26:29Z,voided,unfulfilled,online_store,AU,WA,126.0,0.0,,0.0,12.6,138.6,shopify_payments,0.0,USD
4987,103265,2026-04-27T22:21:56Z,,paid,fulfilled,online_store,CA,ON,76.0,0.0,,12.95,3.8,92.75,shopify_payments,2.99,USD
4988,103266,2026-04-27T22:53:52Z,,paid,fulfilled,online_store,US,CA,60.0,0.0,,0.0,3.6,63.6,shopify_payments,2.14,USD
4989,102226,2026-04-27T23:35:42Z,,paid,fulfilled,online_store,US,CO,149.0,14.9,LOYAL10,0.0,8.05,142.15,shopify_payments,4.42,USD
4990,102910,2026-04-28T00:23:23Z,,paid,fulfilled,online_store,US,MI,38.0,0.0,,5.95,2.28,46.23,shopify_payments,1.64,USD
4991,103268,2026-04-28T02:06:47Z,,paid,fulfilled,shop_app,US,CO,32.0,0.0,,5.95,1.92,39.87,shopify_payments,1.46,USD
4992,103269,2026-04-28T02:22:39Z,,paid,fulfilled,online_store,US,CA,38.0,0.0,FREESHIP,0.0,2.28,40.28,paypal,1.9,USD
4993,103270,2026-04-28T04:03:20Z,,paid,fulfilled,online_store,US,NY,64.0,0.0,,0.0,3.84,67.84,shopify_payments,2.27,USD
4994,102717,2026-04-28T04:26:14Z,,paid,fulfilled,online_store,US,FL,131.0,0.0,,0.0,7.86,138.86,shopify_payments,4.33,USD
4995,103271,2026-04-28T12:25:27Z,,paid,fulfilled,online_store,US,CA,88.0,0.0,,0.0,5.28,93.28,paypal,3.75,USD
4996,103272,2026-04-28T12:42:50Z,,paid,fulfilled,online_store,US,FL,38.0,3.8,AMELIA10,5.95,2.05,42.2,shop_pay,1.52,USD
4997,103273,2026-04-28T13:23:29Z,,paid,fulfilled,online_store,US,FL,88.0,0.0,,0.0,5.28,93.28,shopify_payments,3.01,USD
4998,103274,2026-04-28T15:00:33Z,,paid,fulfilled,online_store,US,NC,26.0,3.9,WELCOME15,5.95,1.33,29.38,paypal,1.52,USD
4999,103275,2026-04-28T17:14:50Z,,paid,fulfilled,online_store,US,NY,102.0,0.0,,0.0,6.12,108.12,shop_pay,3.44,USD
5000,103277,2026-04-28T18:04:02Z,,paid,fulfilled,online_store,US,OH,99.0,0.0,,0.0,5.94,104.94,paypal,4.15,USD
5001,101310,2026-04-28T18:23:31Z,,partially_refunded,fulfilled,online_store,US,TX,122.0,0.0,,0.0,7.32,129.32,shopify_payments,4.05,USD
5002,103035,2026-04-28T18:48:18Z,,paid,fulfilled,online_store,US,CA,61.0,9.15,WELCOME15,0.0,3.11,54.96,shop_pay,1.89,USD
5003,103278,2026-04-28T19:15:38Z,,paid,fulfilled,shop_app,US,PA,88.0,13.2,WELCOME15,0.0,4.49,79.29,shopify_payments,2.6,USD
5004,103279,2026-04-28T22:08:51Z,,paid,fulfilled,online_store,US,FL,144.0,0.0,,0.0,8.64,152.64,shopify_payments,4.73,USD
5005,103280,2026-04-28T22:34:51Z,,paid,fulfilled,online_store,AU,QLD,122.0,0.0,,0.0,12.2,134.2,shopify_payments,4.19,USD
5006,103281,2026-04-29T01:47:20Z,,paid,fulfilled,online_store,US,CA,29.0,0.0,,5.95,1.74,36.69,shop_pay,1.36,USD
5007,102890,2026-04-29T04:03:37Z,,paid,fulfilled,online_store,US,FL,29.0,0.0,,5.95,1.74,36.69,shopify_payments,1.36,USD
5008,103282,2026-04-29T11:43:25Z,,paid,fulfilled,online_store,US,WI,38.0,5.7,WELCOME15,5.95,1.94,40.19,shopify_payments,1.47,USD
5009,102370,2026-04-29T13:22:30Z,,paid,fulfilled,online_store,US,NJ,28.0,0.0,FREESHIP,0.0,1.68,29.68,shopify_payments,1.16,USD
5010,103283,2026-04-29T13:44:43Z,,paid,fulfilled,online_store,US,FL,22.0,0.0,,5.95,1.32,29.27,shopify_payments,1.15,USD
5011,102926,2026-04-29T13:52:28Z,,paid,fulfilled,online_store,US,CA,29.0,0.0,,5.95,1.74,36.69,shopify_payments,1.36,USD
5012,103284,2026-04-29T15:12:07Z,,paid,fulfilled,online_store,AU,WA,68.0,10.2,WELCOME15,12.95,5.78,76.53,shopify_payments,2.52,USD
5013,103285,2026-04-29T15:17:56Z,,partially_refunded,fulfilled,online_store,US,MN,158.0,0.0,,0.0,9.48,167.48,shopify_payments,5.16,USD
5014,103286,2026-04-29T16:42:06Z,,paid,fulfilled,online_store,US,IL,82.0,0.0,,0.0,4.92,86.92,shopify_payments,2.82,USD
5015,103287,2026-04-29T19:30:59Z,,paid,fulfilled,online_store,US,TX,62.0,0.0,,0.0,3.72,65.72,shopify_payments,2.21,USD
5016,103288,2026-04-29T21:06:40Z,,paid,fulfilled,online_store,US,MO,34.0,5.1,WELCOME15,5.95,1.73,36.58,paypal,1.77,USD
5017,103289,2026-04-29T23:00:13Z,,paid,fulfilled,online_store,US,PA,38.0,5.7,WELCOME15,5.95,1.94,40.19,shop_pay,1.47,USD
5018,103290,2026-04-29T23:42:00Z,,paid,fulfilled,online_store,US,PA,98.0,0.0,,0.0,5.88,103.88,shopify_payments,3.31,USD
5019,103020,2026-04-30T00:53:19Z,,paid,fulfilled,online_store,US,FL,36.0,0.0,,5.95,2.16,44.11,shop_pay,1.58,USD
5020,103291,2026-04-30T01:22:37Z,,paid,fulfilled,online_store,US,CA,90.0,13.5,WELCOME15,0.0,4.59,81.09,shopify_payments,2.65,USD
5021,102927,2026-04-30T02:32:36Z,,paid,fulfilled,online_store,US,PA,101.0,0.0,,0.0,6.06,107.06,shop_pay,3.4,USD
5022,102481,2026-04-30T04:52:27Z,,paid,fulfilled,online_store,US,CO,32.0,3.2,LOYAL10,5.95,1.73,36.48,shopify_payments,1.36,USD
5023,102873,2026-04-30T05:40:08Z,,paid,fulfilled,online_store,US,TN,44.0,0.0,,5.95,2.64,52.59,shopify_payments,1.83,USD
5024,103292,2026-04-30T05:40:36Z,,paid,fulfilled,online_store,US,CA,54.0,8.1,WELCOME15,5.95,2.75,54.6,shopify_payments,1.88,USD
5025,102403,2026-04-30T05:44:16Z,,paid,fulfilled,online_store,US,WA,24.0,2.4,LOYAL10,5.95,1.3,28.85,shopify_payments,1.14,USD
5026,102509,2026-04-30T09:56:36Z,,paid,fulfilled,online_store,AU,VIC,62.0,0.0,,12.95,6.2,81.15,shopify_payments,2.65,USD
5027,103293,2026-04-30T11:03:47Z,,paid,fulfilled,online_store,US,NJ,106.0,0.0,,0.0,6.36,112.36,shopify_payments,3.56,USD
5028,102884,2026-04-30T16:00:09Z,,paid,fulfilled,online_store,CA,ON,88.0,10.56,GLOWWITHSAM12,12.95,3.87,94.26,shop_pay,3.03,USD
5029,103295,2026-04-30T19:12:11Z,2026-05-01T06:12:11Z,voided,unfulfilled,online_store,US,NY,111.0,16.65,WELCOME15,0.0,5.66,100.01,shopify_payments,0.0,USD
5030,103296,2026-04-30T20:51:41Z,,paid,fulfilled,online_store,US,VA,88.0,0.0,,0.0,5.28,93.28,shopify_payments,3.01,USD
5031,103297,2026-05-01T00:52:50Z,,paid,fulfilled,online_store,US,TX,56.0,5.6,AMELIA10,0.0,3.02,53.42,shopify_payments,1.85,USD
5032,103298,2026-05-01T01:27:34Z,,paid,fulfilled,shop_app,US,CA,166.0,24.9,WELCOME15,0.0,8.47,149.57,shopify_payments,4.64,USD
5033,103299,2026-05-01T02:59:12Z,,partially_refunded,fulfilled,online_store,US,PA,182.0,27.3,WELCOME15,0.0,9.28,163.98,shopify_payments,5.06,USD
5034,101134,2026-05-01T03:18:18Z,,paid,fulfilled,online_store,US,CA,38.0,0.0,,5.95,2.28,46.23,paypal,2.1,USD
5035,103300,2026-05-01T03:45:19Z,,paid,fulfilled,online_store,US,WA,44.0,10.34,"DERMDIARY10,WELCOME15,FREESHIP",0.0,2.02,35.68,paypal,1.74,USD
5036,103301,2026-05-01T04:42:01Z,,paid,fulfilled,online_store,AU,WA,38.0,5.7,NOURISHED15,12.95,3.23,48.48,shopify_payments,1.71,USD
5037,100909,2026-05-01T07:02:19Z,,paid,fulfilled,online_store,US,MA,28.0,0.0,,5.95,1.68,35.63,shopify_payments,1.33,USD
5038,102213,2026-05-01T07:53:55Z,,paid,fulfilled,shop_app,AU,QLD,60.0,0.0,,12.95,6.0,78.95,shopify_payments,2.59,USD
5039,102790,2026-05-01T12:56:05Z,,paid,fulfilled,online_store,US,CA,66.0,0.0,,0.0,3.96,69.96,paypal,2.93,USD
5040,102806,2026-05-01T18:09:20Z,,paid,fulfilled,online_store,US,MI,66.0,9.9,WELCOME15,0.0,3.37,59.47,shop_pay,2.02,USD
5041,103304,2026-05-01T18:21:49Z,,paid,fulfilled,online_store,US,MI,57.0,8.55,WELCOME15,5.95,2.91,57.31,shopify_payments,1.96,USD
5042,101977,2026-05-01T20:34:22Z,,paid,fulfilled,online_store,US,MA,54.0,5.4,LOYAL10,5.95,2.92,57.47,shop_pay,1.97,USD
5043,103305,2026-05-01T20:52:30Z,,paid,fulfilled,online_store,US,MN,32.0,0.0,,5.95,1.92,39.87,shopify_payments,1.46,USD
5044,103307,2026-05-01T23:14:46Z,,paid,fulfilled,online_store,US,NY,150.0,15.0,DERMDIARY10,0.0,8.1,143.1,shopify_payments,4.45,USD
5045,103308,2026-05-02T01:22:29Z,,refunded,fulfilled,online_store,US,NC,26.0,3.12,GLOWWITHSAM12,5.95,1.37,30.2,shopify_payments,1.18,USD
5046,102694,2026-05-02T03:25:20Z,,paid,fulfilled,online_store,US,NY,46.0,0.0,,5.95,2.76,54.71,shopify_payments,1.89,USD
5047,103309,2026-05-02T07:47:43Z,,paid,fulfilled,online_store,GB,ENG,38.0,0.0,,12.95,7.6,58.55,paypal,2.53,USD
5048,102845,2026-05-02T08:24:14Z,,paid,fulfilled,online_store,US,TN,36.0,0.0,,5.95,2.16,44.11,shopify_payments,1.58,USD
5049,103060,2026-05-02T09:03:37Z,,paid,fulfilled,online_store,US,VA,22.0,0.0,,5.95,1.32,29.27,paypal,1.51,USD
5050,102421,2026-05-02T09:10:02Z,,paid,fulfilled,online_store,US,WA,160.0,0.0,,0.0,9.6,169.6,shopify_payments,5.22,USD
5051,103310,2026-05-02T10:09:55Z,,paid,fulfilled,online_store,US,CA,22.0,3.3,WELCOME15,5.95,1.12,25.77,shop_pay,1.05,USD
5052,103311,2026-05-02T10:58:50Z,,paid,fulfilled,online_store,US,OH,24.0,0.0,,5.95,1.44,31.39,paypal,1.59,USD
5053,103312,2026-05-02T11:37:20Z,,paid,fulfilled,online_store,US,NY,164.0,0.0,,0.0,9.84,173.84,klarna,10.71,USD
5054,103313,2026-05-02T12:20:15Z,,paid,fulfilled,online_store,US,TN,38.0,0.0,,5.95,2.28,46.23,shopify_payments,1.64,USD
5055,103314,2026-05-02T12:53:27Z,,paid,fulfilled,online_store,US,OH,36.0,0.0,,5.95,2.16,44.11,shopify_payments,1.58,USD
5056,103315,2026-05-02T12:58:09Z,,paid,fulfilled,online_store,US,IN,24.0,3.6,WELCOME15,5.95,1.22,27.57,shop_pay,1.1,USD
5057,103316,2026-05-02T13:32:38Z,,paid,fulfilled,online_store,US,TN,38.0,0.0,,5.95,2.28,46.23,paypal,2.1,USD
5058,103317,2026-05-02T14:59:22Z,,paid,fulfilled,online_store,US,OR,38.0,0.0,,5.95,0.0,43.95,shopify_payments,1.57,USD
5059,103318,2026-05-02T16:45:21Z,,paid,fulfilled,online_store,US,IL,140.0,21.0,WELCOME15,0.0,7.14,126.14,shopify_payments,3.96,USD
5060,103319,2026-05-02T18:30:54Z,,refunded,fulfilled,online_store,US,MI,38.0,5.7,WELCOME15,5.95,1.94,40.19,paypal,1.89,USD
5061,103320,2026-05-02T21:15:47Z,,paid,fulfilled,online_store,US,NY,38.0,5.7,WELCOME15,5.95,1.94,40.19,shopify_payments,1.47,USD
5062,103322,2026-05-02T22:05:11Z,,paid,fulfilled,online_store,US,CA,152.0,22.8,WELCOME15,0.0,7.75,136.95,shopify_payments,4.27,USD
5063,103323,2026-05-02T23:50:05Z,,paid,fulfilled,online_store,US,OH,62.0,9.3,NOURISHED15,0.0,3.16,55.86,shopify_payments,1.92,USD
5064,103324,2026-05-02T23:52:23Z,,paid,fulfilled,online_store,US,WI,50.0,5.0,DERMDIARY10,5.95,2.7,53.65,shopify_payments,1.86,USD
5065,103325,2026-05-02T23:59:32Z,,paid,fulfilled,online_store,US,WA,38.0,0.0,,5.95,2.28,46.23,shopify_payments,1.64,USD
5066,103326,2026-05-03T01:02:35Z,,paid,fulfilled,online_store,US,FL,26.0,0.0,,5.95,1.56,33.51,shopify_payments,1.27,USD
5067,103327,2026-05-03T01:53:22Z,,paid,fulfilled,online_store,GB,WLS,22.0,3.3,SKINBYJORDAN15,12.95,3.74,35.39,shop_pay,1.33,USD
5068,101207,2026-05-03T03:00:34Z,,paid,fulfilled,online_store,GB,ENG,22.0,0.0,,12.95,4.4,39.35,shopify_payments,1.44,USD
5069,103328,2026-05-03T04:17:18Z,,paid,fulfilled,online_store,US,WI,32.0,3.2,DERMDIARY10,5.95,1.73,36.48,shopify_payments,1.36,USD
5070,103329,2026-05-03T05:02:50Z,,paid,fulfilled,online_store,GB,ENG,38.0,3.8,AMELIA10,12.95,6.84,53.99,shopify_payments,1.87,USD
5071,102304,2026-05-03T08:02:25Z,,paid,fulfilled,online_store,US,MA,28.0,0.0,,5.95,1.68,35.63,shopify_payments,1.33,USD
5072,103330,2026-05-03T11:24:06Z,,paid,fulfilled,online_store,US,GA,34.0,9.44,"SKINBYJORDAN15,WELCOME15",5.95,1.47,31.98,shop_pay,1.23,USD
5073,102255,2026-05-03T12:00:56Z,,paid,fulfilled,online_store,US,NY,64.0,0.0,,0.0,3.84,67.84,shopify_payments,2.27,USD
5074,102773,2026-05-03T13:18:19Z,,paid,fulfilled,online_store,GB,WLS,38.0,5.7,WELCOME15,12.95,6.46,51.71,shopify_payments,1.8,USD
5075,102627,2026-05-03T14:50:09Z,,paid,fulfilled,online_store,US,CA,64.0,0.0,,0.0,3.84,67.84,shopify_payments,2.27,USD
5076,103331,2026-05-03T18:12:45Z,,paid,fulfilled,shop_app,US,IN,124.0,0.0,,0.0,7.44,131.44,shopify_payments,4.11,USD
5077,103332,2026-05-03T19:08:55Z,,paid,fulfilled,online_store,US,MA,56.0,8.4,WELCOME15,5.95,2.86,56.41,paypal,2.46,USD
5078,102306,2026-05-03T23:00:02Z,,paid,fulfilled,shop_app,US,FL,138.0,0.0,,0.0,8.28,146.28,shopify_payments,4.54,USD
5079,103333,2026-05-03T23:26:58Z,,partially_refunded,fulfilled,online_store,CA,QC,70.0,0.0,,12.95,3.5,86.45,shopify_payments,2.81,USD
5080,103334,2026-05-04T01:05:32Z,,paid,fulfilled,online_store,CA,ON,38.0,5.7,MOMS15,12.95,1.62,46.87,shop_pay,1.66,USD
5081,103335,2026-05-04T01:17:31Z,,paid,fulfilled,online_store,US,FL,54.0,8.1,MOMS15,5.95,2.75,54.6,shopify_payments,1.88,USD
5082,103336,2026-05-04T01:52:05Z,,paid,fulfilled,online_store,GB,WLS,132.0,19.8,WELCOME15,0.0,22.44,134.64,shopify_payments,4.2,USD
5083,103337,2026-05-04T05:29:25Z,,paid,fulfilled,online_store,CA,QC,120.0,18.0,MOMS15,0.0,5.1,107.1,shopify_payments,3.41,USD
5084,103338,2026-05-04T07:19:58Z,,paid,fulfilled,online_store,GB,ENG,38.0,5.7,MOMS15,12.95,6.46,51.71,shopify_payments,1.8,USD
5085,103339,2026-05-04T08:04:00Z,,paid,fulfilled,shop_app,US,NC,28.0,4.2,MOMS15,5.95,1.43,31.18,shopify_payments,1.2,USD
5086,103340,2026-05-04T08:22:59Z,,paid,fulfilled,online_store,US,IN,24.0,3.6,WELCOME15,5.95,1.22,27.57,shopify_payments,1.1,USD
5087,103341,2026-05-04T11:12:24Z,,paid,fulfilled,online_store,CA,AB,93.0,25.81,"MOMS15,WELCOME15,FREESHIP",0.0,3.36,70.55,shopify_payments,2.35,USD
5088,103342,2026-05-04T12:14:46Z,,paid,fulfilled,online_store,US,IL,28.0,0.0,,5.95,1.68,35.63,shop_pay,1.33,USD
5089,103343,2026-05-04T12:54:50Z,,paid,fulfilled,online_store,US,VA,66.0,9.9,WELCOME15,0.0,3.37,59.47,shopify_payments,2.02,USD
5090,103344,2026-05-04T13:09:56Z,,paid,fulfilled,online_store,US,TX,96.0,26.64,"MOMS15,WELCOME15",0.0,4.16,73.52,shopify_payments,2.43,USD
5091,103345,2026-05-04T14:13:49Z,,paid,fulfilled,online_store,US,OH,93.0,13.95,MOMS15,0.0,4.74,83.79,shop_pay,2.73,USD
5092,102465,2026-05-04T14:45:04Z,,paid,fulfilled,online_store,US,VA,87.0,8.7,LOYAL10,0.0,4.7,83.0,shopify_payments,2.71,USD
5093,103346,2026-05-04T15:40:41Z,,paid,fulfilled,shop_app,US,CA,38.0,5.7,WELCOME15,5.95,1.94,40.19,paypal,1.89,USD
5094,103347,2026-05-04T16:20:51Z,,paid,fulfilled,online_store,US,MA,32.0,4.8,WELCOME15,5.95,1.63,34.78,paypal,1.7,USD
5095,103348,2026-05-04T17:49:50Z,,paid,fulfilled,online_store,US,WA,24.0,3.6,MOMS15,5.95,1.22,27.57,shop_pay,1.1,USD
5096,102922,2026-05-04T17:58:48Z,,paid,fulfilled,online_store,US,PA,34.0,5.1,MOMS15,5.95,1.73,36.58,shop_pay,1.36,USD
5097,103349,2026-05-04T18:06:54Z,,paid,fulfilled,online_store,US,CA,56.0,0.0,,0.0,3.36,59.36,shopify_payments,2.02,USD
5098,103350,2026-05-04T19:41:48Z,,paid,fulfilled,online_store,CA,ON,50.0,13.88,"MOMS15,WELCOME15",12.95,1.81,50.88,shop_pay,1.78,USD
5099,103351,2026-05-04T19:46:53Z,,paid,fulfilled,online_store,US,CA,34.0,5.1,MOMS15,5.95,1.73,36.58,shopify_payments,1.36,USD
5100,103352,2026-05-04T21:47:55Z,,paid,fulfilled,online_store,US,IL,32.0,4.8,MOMS15,5.95,1.63,34.78,paypal,1.7,USD
5101,103353,2026-05-04T22:04:02Z,,paid,fulfilled,online_store,US,NJ,126.0,18.9,MOMS15,0.0,6.43,113.53,shopify_payments,3.59,USD
5102,103355,2026-05-05T00:36:40Z,,paid,fulfilled,online_store,US,NJ,38.0,0.0,,5.95,2.28,46.23,shopify_payments,1.64,USD
5103,103356,2026-05-05T01:42:02Z,,paid,fulfilled,online_store,US,FL,34.0,5.1,WELCOME15,5.95,1.73,36.58,shopify_payments,1.36,USD
5104,103357,2026-05-05T02:19:15Z,,paid,fulfilled,online_store,US,NY,164.0,24.6,WELCOME15,0.0,8.36,147.76,shopify_payments,4.59,USD
5105,102286,2026-05-05T03:01:15Z,,paid,fulfilled,online_store,US,MI,114.0,0.0,,0.0,6.84,120.84,shop_pay,3.8,USD
5106,103358,2026-05-05T03:55:54Z,,refunded,fulfilled,online_store,US,NY,44.0,6.6,MOMS15,5.95,2.24,45.59,shopify_payments,1.62,USD
5107,102332,2026-05-05T04:27:22Z,,paid,fulfilled,online_store,US,NY,88.0,13.2,MOMS15,0.0,4.49,79.29,shopify_payments,2.6,USD
5108,103359,2026-05-05T07:57:33Z,,paid,fulfilled,online_store,US,GA,38.0,0.0,,5.95,2.28,46.23,shopify_payments,1.64,USD
5109,103360,2026-05-05T10:58:50Z,,paid,fulfilled,online_store,CA,AB,38.0,0.0,,12.95,1.9,52.85,shopify_payments,1.83,USD
5110,103361,2026-05-05T12:15:26Z,,partially_refunded,fulfilled,online_store,GB,WLS,176.0,0.0,,0.0,35.2,211.2,shopify_payments,6.42,USD
5111,103362,2026-05-05T13:04:44Z,,paid,fulfilled,online_store,US,GA,62.0,0.0,,0.0,3.72,65.72,shopify_payments,2.21,USD
5112,103363,2026-05-05T13:08:25Z,,paid,fulfilled,online_store,US,PA,38.0,0.0,,5.95,2.28,46.23,shopify_payments,1.64,USD
5113,103364,2026-05-05T13:25:09Z,,paid,fulfilled,online_store,US,MO,155.0,23.25,WELCOME15,0.0,7.9,139.65,shopify_payments,4.35,USD
5114,103365,2026-05-05T13:46:15Z,,paid,fulfilled,online_store,US,MI,64.0,9.6,WELCOME15,0.0,3.26,57.66,shop_pay,1.97,USD
5115,102586,2026-05-05T13:56:34Z,,paid,fulfilled,online_store,US,NY,96.0,9.6,LOYAL10,0.0,5.18,91.58,shopify_payments,2.96,USD
5116,103366,2026-05-05T15:32:18Z,,paid,fulfilled,online_store,US,MO,28.0,0.0,,5.95,1.68,35.63,shopify_payments,1.33,USD
5117,103367,2026-05-05T16:13:10Z,,paid,fulfilled,online_store,US,TX,100.0,0.0,,0.0,6.0,106.0,shopify_payments,3.37,USD
5118,103368,2026-05-05T19:06:27Z,,refunded,fulfilled,online_store,US,GA,38.0,5.7,MOMS15,5.95,1.94,40.19,shopify_payments,1.47,USD
5119,103369,2026-05-05T21:31:02Z,,paid,fulfilled,online_store,CA,QC,29.0,4.35,WELCOME15,12.95,1.23,38.83,shop_pay,1.43,USD
5120,103370,2026-05-05T22:17:12Z,,paid,fulfilled,online_store,US,NJ,62.0,17.21,"MOMS15,WELCOME15",5.95,2.69,53.43,shop_pay,1.85,USD
5121,103371,2026-05-05T22:24:22Z,,paid,fulfilled,online_store,US,NY,61.0,9.15,MOMS15,0.0,3.11,54.96,shopify_payments,1.89,USD
5122,103207,2026-05-05T22:44:04Z,,partially_refunded,fulfilled,online_store,US,NC,105.0,15.75,MOMS15,0.0,5.36,94.61,shop_pay,3.04,USD
5123,101325,2026-05-05T22:44:51Z,,paid,fulfilled,online_store,US,WI,187.0,0.0,,0.0,11.22,198.22,shopify_payments,6.05,USD
5124,102215,2026-05-05T23:54:54Z,,paid,fulfilled,online_store,US,NJ,72.0,7.2,LOYAL10,0.0,3.89,68.69,shopify_payments,2.29,USD
5125,103372,2026-05-06T00:39:45Z,,paid,fulfilled,online_store,US,AZ,44.0,6.6,WELCOME15,5.95,2.24,45.59,shopify_payments,1.62,USD
5126,103373,2026-05-06T01:27:12Z,,paid,fulfilled,online_store,US,CA,38.0,0.0,,5.95,2.28,46.23,paypal,2.1,USD
5127,103374,2026-05-06T01:57:52Z,,paid,fulfilled,online_store,AU,WA,53.0,7.95,MOMS15,12.95,4.5,62.5,shop_pay,2.11,USD
5128,102308,2026-05-06T06:15:43Z,,paid,fulfilled,online_store,AU,VIC,76.0,0.0,,12.95,7.6,96.55,shopify_payments,3.1,USD
5129,103375,2026-05-06T07:06:30Z,,partially_refunded,fulfilled,online_store,US,CO,80.0,12.0,MOMS15,0.0,4.08,72.08,shop_pay,2.39,USD
5130,102002,2026-05-06T07:53:34Z,,paid,fulfilled,online_store,US,CA,144.0,0.0,,0.0,8.64,152.64,shopify_payments,4.73,USD
5131,103376,2026-05-06T10:33:31Z,,paid,fulfilled,online_store,US,MA,34.0,5.1,MOMS15,5.95,1.73,36.58,paypal,1.77,USD
5132,103377,2026-05-06T10:48:49Z,,paid,fulfilled,shop_app,US,GA,38.0,5.7,MOMS15,5.95,1.94,40.19,shop_pay,1.47,USD
5133,103378,2026-05-06T13:40:18Z,,paid,fulfilled,online_store,US,WA,38.0,10.55,"MOMS15,WELCOME15",5.95,1.65,35.05,shop_pay,1.32,USD
5134,103380,2026-05-06T15:43:06Z,,paid,fulfilled,online_store,US,OH,120.0,18.0,MOMS15,0.0,6.12,108.12,paypal,4.26,USD
5135,102979,2026-05-06T15:54:11Z,,paid,fulfilled,online_store,US,IN,24.0,3.6,MOMS15,5.95,1.22,27.57,paypal,1.45,USD
5136,103381,2026-05-06T16:16:17Z,,paid,fulfilled,online_store,US,PA,88.0,13.2,MOMS15,0.0,4.49,79.29,shopify_payments,2.6,USD
5137,103382,2026-05-06T17:13:33Z,,paid,fulfilled,online_store,US,NJ,88.0,13.2,MOMS15,0.0,4.49,79.29,shopify_payments,2.6,USD
5138,103383,2026-05-06T17:48:27Z,,paid,fulfilled,online_store,US,IL,22.0,2.64,GLOWWITHSAM12,5.95,1.16,26.47,shopify_payments,1.07,USD
5139,103384,2026-05-06T21:11:37Z,,paid,fulfilled,online_store,GB,ENG,56.0,0.0,,12.95,11.2,80.15,shopify_payments,2.62,USD
5140,103385,2026-05-06T21:24:38Z,,paid,fulfilled,online_store,US,FL,36.0,5.4,WELCOME15,5.95,1.84,38.39,shopify_payments,1.41,USD
5141,103386,2026-05-06T21:52:25Z,,partially_refunded,fulfilled,online_store,US,MN,125.0,18.75,MOMS15,0.0,6.38,112.63,shop_pay,3.57,USD
5142,103105,2026-05-06T22:14:55Z,,paid,fulfilled,online_store,US,NY,70.0,19.43,"MOMS15,WELCOME15",0.0,3.03,53.6,shopify_payments,1.85,USD
5143,103387,2026-05-07T00:14:54Z,,paid,fulfilled,online_store,US,FL,102.0,15.3,MOMS15,0.0,5.2,91.9,shopify_payments,2.97,USD
5144,103388,2026-05-07T00:36:07Z,,paid,fulfilled,online_store,US,NY,58.0,8.7,MOMS15,5.95,2.96,58.21,paypal,2.52,USD
5145,103389,2026-05-07T00:42:16Z,,paid,fulfilled,online_store,US,GA,34.0,5.1,MOMS15,5.95,1.73,36.58,shopify_payments,1.36,USD
5146,103390,2026-05-07T00:46:23Z,,paid,fulfilled,online_store,AU,WA,38.0,0.0,,12.95,3.8,54.75,shopify_payments,1.89,USD
5147,103391,2026-05-07T00:50:12Z,,paid,fulfilled,online_store,US,FL,32.0,4.8,MOMS15,5.95,1.63,34.78,paypal,1.7,USD
5148,102388,2026-05-07T01:27:54Z,,paid,fulfilled,online_store,US,WA,145.0,14.5,LOYAL10,0.0,7.83,138.33,klarna,8.59,USD
5149,103392,2026-05-07T01:37:53Z,,paid,fulfilled,online_store,US,CO,55.0,0.0,,0.0,3.3,58.3,shopify_payments,1.99,USD
5150,103393,2026-05-07T02:12:12Z,,paid,fulfilled,online_store,US,CA,26.0,0.0,,5.95,1.56,33.51,paypal,1.66,USD
5151,103395,2026-05-07T03:05:43Z,,partially_refunded,fulfilled,online_store,GB,WLS,44.0,6.6,WELCOME15,12.95,7.48,57.83,shopify_payments,1.98,USD
5152,102712,2026-05-07T04:06:10Z,,paid,fulfilled,online_store,AU,WA,74.0,11.1,MOMS15,12.95,6.29,82.14,shopify_payments,2.68,USD
5153,101748,2026-05-07T08:18:55Z,,paid,fulfilled,online_store,US,WI,141.0,0.0,,0.0,8.46,149.46,shop_pay,4.63,USD
5154,103397,2026-05-07T11:39:43Z,,paid,fulfilled,online_store,US,WI,38.0,0.0,,5.95,2.28,46.23,shopify_payments,1.64,USD
5155,103398,2026-05-07T12:12:37Z,,paid,fulfilled,online_store,CA,BC,29.0,4.35,WELCOME15,12.95,1.23,38.83,shopify_payments,1.43,USD
5156,101979,2026-05-07T12:19:33Z,,paid,fulfilled,online_store,US,CA,118.0,0.0,,0.0,7.08,125.08,paypal,4.86,USD
5157,103399,2026-05-07T12:36:02Z,,paid,fulfilled,online_store,US,NY,30.0,4.5,MOMS15,5.95,1.53,32.98,paypal,1.64,USD
5158,103400,2026-05-07T14:03:43Z,,paid,fulfilled,shop_app,US,NY,66.0,9.9,MOMS15,0.0,3.37,59.47,shopify_payments,2.02,USD
5159,103401,2026-05-07T14:05:57Z,,paid,fulfilled,online_store,US,MN,98.0,27.2,"MOMS15,WELCOME15",0.0,4.25,75.05,paypal,3.11,USD
5160,101161,2026-05-07T14:35:02Z,,paid,fulfilled,online_store,US,MA,182.0,27.3,MOMS15,0.0,9.28,163.98,shopify_payments,5.06,USD
5161,103403,2026-05-07T14:58:42Z,,paid,fulfilled,shop_app,GB,ENG,44.0,0.0,,12.95,8.8,65.75,shopify_payments,2.21,USD
5162,103114,2026-05-07T17:57:59Z,,paid,fulfilled,online_store,US,MD,88.0,13.2,MOMS15,0.0,4.49,79.29,shopify_payments,2.6,USD
5163,103404,2026-05-07T18:11:16Z,,paid,fulfilled,shop_app,US,OR,30.0,4.5,MOMS15,5.95,0.0,31.45,shop_pay,1.21,USD
5164,103405,2026-05-07T23:57:48Z,,paid,fulfilled,shop_app,US,MN,88.0,0.0,,0.0,5.28,93.28,shop_pay,3.01,USD
5165,103406,2026-05-08T00:28:07Z,,paid,fulfilled,online_store,US,GA,50.0,0.0,,0.0,3.0,53.0,shopify_payments,1.84,USD
5166,103407,2026-05-08T00:51:16Z,,paid,fulfilled,online_store,GB,SCT,44.0,6.6,WELCOME15,12.95,7.48,57.83,shopify_payments,1.98,USD
5167,102315,2026-05-08T03:44:31Z,,paid,fulfilled,online_store,AU,VIC,22.0,0.0,,12.95,2.2,37.15,shopify_payments,1.38,USD
5168,103408,2026-05-08T04:41:58Z,,paid,fulfilled,online_store,CA,ON,145.0,21.75,WELCOME15,0.0,6.16,129.41,shopify_payments,4.05,USD
5169,103110,2026-05-08T07:34:09Z,,paid,fulfilled,online_store,US,PA,111.0,16.65,MOMS15,0.0,5.66,100.01,paypal,3.98,USD
5170,101697,2026-05-08T08:18:44Z,,paid,fulfilled,online_store,US,GA,94.0,0.0,,0.0,5.64,99.64,shopify_payments,3.19,USD
5171,103409,2026-05-08T08:30:50Z,,paid,fulfilled,online_store,CA,ON,38.0,5.7,MOMS15,12.95,1.62,46.87,shopify_payments,1.66,USD
5172,103410,2026-05-08T10:38:11Z,,paid,fulfilled,online_store,US,VA,24.0,0.0,,5.95,1.44,31.39,shop_pay,1.21,USD
5173,101940,2026-05-08T11:20:09Z,,paid,fulfilled,online_store,US,MD,58.0,5.8,LOYAL10,0.0,3.13,55.33,shop_pay,1.9,USD
5174,103411,2026-05-08T11:31:12Z,,paid,fulfilled,online_store,US,CA,112.0,16.8,MOMS15,0.0,5.71,100.91,shopify_payments,3.23,USD
5175,103412,2026-05-08T12:03:17Z,,paid,fulfilled,online_store,US,CA,32.0,4.8,MOMS15,5.95,1.63,34.78,shopify_payments,1.31,USD
5176,103413,2026-05-08T12:57:13Z,,paid,fulfilled,online_store,US,NY,48.0,7.2,WELCOME15,5.95,2.45,49.2,paypal,2.21,USD
5177,103414,2026-05-08T13:34:19Z,,paid,fulfilled,online_store,US,MO,122.0,18.3,WELCOME15,0.0,6.22,109.92,paypal,4.33,USD
5178,103415,2026-05-08T13:40:56Z,,paid,fulfilled,online_store,US,MO,88.0,13.2,WELCOME15,0.0,4.49,79.29,shopify_payments,2.6,USD
5179,103416,2026-05-08T13:41:14Z,,paid,fulfilled,shop_app,US,NC,88.0,13.2,WELCOME15,0.0,4.49,79.29,shopify_payments,2.6,USD
5180,103417,2026-05-08T15:11:54Z,,paid,fulfilled,online_store,US,PA,110.0,0.0,,0.0,6.6,116.6,shopify_payments,3.68,USD
5181,102911,2026-05-08T15:39:54Z,,paid,fulfilled,online_store,CA,QC,104.0,10.4,LOYAL10,0.0,4.68,98.28,shopify_payments,3.15,USD
5182,103419,2026-05-08T20:33:53Z,,paid,fulfilled,online_store,US,NC,32.0,4.8,MOMS15,5.95,1.63,34.78,paypal,1.7,USD
5183,103420,2026-05-08T20:58:16Z,,paid,fulfilled,online_store,US,NJ,22.0,0.0,,5.95,1.32,29.27,shopify_payments,1.15,USD
5184,103421,2026-05-08T21:21:52Z,,paid,fulfilled,online_store,GB,ENG,93.0,0.0,,0.0,18.6,111.6,shopify_payments,3.54,USD
5185,103048,2026-05-08T21:27:18Z,,paid,fulfilled,online_store,US,NY,36.0,0.0,,5.95,2.16,44.11,shopify_payments,1.58,USD
5186,103422,2026-05-08T22:04:56Z,,paid,fulfilled,online_store,AU,NSW,60.0,9.0,"MOMS15,FREESHIP",0.0,5.1,56.1,shopify_payments,1.93,USD
5187,103424,2026-05-09T02:36:30Z,,partially_refunded,fulfilled,online_store,US,NY,117.0,17.55,MOMS15,0.0,5.97,105.42,shopify_payments,3.36,USD
5188,101234,2026-05-09T07:22:50Z,,paid,fulfilled,online_store,AU,VIC,58.0,0.0,,12.95,5.8,76.75,shopify_payments,2.53,USD
5189,102133,2026-05-09T10:54:20Z,,paid,fulfilled,online_store,US,MI,32.0,4.8,MOMS15,5.95,1.63,34.78,shopify_payments,1.31,USD
5190,103426,2026-05-09T12:18:34Z,,paid,fulfilled,online_store,US,FL,28.0,4.2,WELCOME15,5.95,1.43,31.18,shopify_payments,1.2,USD
5191,103427,2026-05-09T13:26:11Z,,refunded,fulfilled,online_store,US,PA,88.0,13.2,WELCOME15,0.0,4.49,79.29,shopify_payments,2.6,USD
5192,103428,2026-05-09T14:01:57Z,,paid,fulfilled,online_store,US,PA,34.0,9.44,"MOMS15,WELCOME15",5.95,1.47,31.98,shopify_payments,1.23,USD
5193,103215,2026-05-09T14:10:52Z,,paid,fulfilled,online_store,US,PA,38.0,0.0,,5.95,2.28,46.23,shopify_payments,1.64,USD
5194,103429,2026-05-09T14:12:56Z,,paid,fulfilled,online_store,US,IL,32.0,4.8,WELCOME15,5.95,1.63,34.78,paypal,1.7,USD
5195,102698,2026-05-09T14:35:37Z,,paid,fulfilled,online_store,US,VA,62.0,0.0,,0.0,3.72,65.72,klarna,4.24,USD
5196,103430,2026-05-09T15:09:53Z,,paid,fulfilled,online_store,US,PA,52.0,7.8,MOMS15,5.95,2.65,52.8,shop_pay,1.83,USD
5197,102253,2026-05-09T15:17:52Z,,paid,fulfilled,online_store,US,WA,60.0,0.0,,0.0,3.6,63.6,shopify_payments,2.14,USD
5198,103431,2026-05-09T15:40:01Z,,paid,fulfilled,online_store,US,CA,38.0,0.0,,5.95,2.28,46.23,shopify_payments,1.64,USD
5199,103432,2026-05-09T15:44:52Z,,paid,fulfilled,shop_app,US,FL,24.0,0.0,,5.95,1.44,31.39,shopify_payments,1.21,USD
5200,103434,2026-05-09T15:50:28Z,,paid,fulfilled,online_store,US,TX,29.0,4.35,WELCOME15,5.95,1.48,32.08,klarna,2.22,USD
5201,103433,2026-05-09T15:52:50Z,,paid,fulfilled,online_store,US,CA,114.0,17.1,MOMS15,0.0,5.81,102.71,shopify_payments,3.28,USD
5202,103435,2026-05-09T17:26:11Z,,paid,fulfilled,online_store,US,CA,64.0,9.6,MOMS15,0.0,3.26,57.66,shopify_payments,1.97,USD
5203,102218,2026-05-09T20:08:36Z,,paid,fulfilled,online_store,US,VA,44.0,4.4,LOYAL10,5.95,2.38,47.93,shop_pay,1.69,USD
5204,103436,2026-05-09T23:27:10Z,,paid,fulfilled,online_store,US,MI,22.0,3.3,MOMS15,5.95,1.12,25.77,shopify_payments,1.05,USD
5205,103437,2026-05-09T23:56:37Z,,paid,fulfilled,online_store,US,MA,124.0,34.41,"MOMS15,WELCOME15",0.0,5.38,94.97,shopify_payments,3.05,USD
5206,103438,2026-05-10T00:09:44Z,,paid,fulfilled,online_store,US,MN,28.0,4.2,WELCOME15,5.95,1.43,31.18,shopify_payments,1.2,USD
5207,101179,2026-05-10T01:44:54Z,,paid,fulfilled,online_store,US,TX,154.0,23.1,MOMS15,0.0,7.85,138.75,shopify_payments,4.32,USD
5208,103440,2026-05-10T02:53:56Z,,paid,fulfilled,shop_app,US,FL,22.0,0.0,,5.95,1.32,29.27,paypal,1.51,USD
5209,103441,2026-05-10T03:04:01Z,,paid,fulfilled,online_store,US,MD,32.0,4.8,MOMS15,5.95,1.63,34.78,shopify_payments,1.31,USD
5210,102009,2026-05-10T03:47:32Z,,refunded,fulfilled,online_store,AU,WA,88.0,13.2,MOMS15,12.95,7.48,95.23,shopify_payments,3.06,USD
5211,103442,2026-05-10T10:12:26Z,,paid,fulfilled,online_store,US,PA,34.0,0.0,,5.95,2.04,41.99,shopify_payments,1.52,USD
5212,103443,2026-05-10T10:15:55Z,,paid,fulfilled,online_store,US,NY,76.0,0.0,,0.0,4.56,80.56,shopify_payments,2.64,USD
5213,103445,2026-05-10T12:55:43Z,,paid,fulfilled,online_store,US,FL,44.0,0.0,,5.95,2.64,52.59,shopify_payments,1.83,USD
5214,103446,2026-05-10T16:37:30Z,2026-05-11T05:37:30Z,voided,unfulfilled,online_store,US,MA,104.0,15.6,MOMS15,0.0,5.3,93.7,paypal,0.0,USD
5215,103447,2026-05-10T16:47:56Z,,paid,fulfilled,online_store,US,TN,28.0,4.2,MOMS15,5.95,1.43,31.18,shop_pay,1.2,USD
5216,103448,2026-05-10T16:51:43Z,,paid,fulfilled,online_store,US,OR,34.0,0.0,,5.95,0.0,39.95,shopify_payments,1.46,USD
5217,103449,2026-05-10T16:55:44Z,,paid,fulfilled,online_store,GB,ENG,108.0,0.0,,0.0,21.6,129.6,shopify_payments,4.06,USD
5218,103450,2026-05-10T17:47:37Z,,paid,fulfilled,online_store,US,NY,36.0,5.4,MOMS15,5.95,1.84,38.39,shopify_payments,1.41,USD
5219,103451,2026-05-10T18:41:30Z,,paid,fulfilled,shop_app,US,TX,38.0,5.7,MOMS15,5.95,1.94,40.19,shopify_payments,1.47,USD
5220,103452,2026-05-10T19:14:13Z,,partially_refunded,fulfilled,online_store,US,WI,78.0,11.7,WELCOME15,0.0,3.98,70.28,shopify_payments,2.34,USD
5221,102880,2026-05-10T23:02:17Z,,partially_refunded,fulfilled,shop_app,US,FL,183.0,0.0,,0.0,10.98,193.98,shopify_payments,5.93,USD
5222,103453,2026-05-10T23:48:18Z,,paid,fulfilled,online_store,US,CA,126.0,0.0,,0.0,7.56,133.56,shopify_payments,4.17,USD
5223,103454,2026-05-10T23:53:04Z,,paid,fulfilled,online_store,US,GA,64.0,9.6,MOMS15,0.0,3.26,57.66,paypal,2.5,USD
5224,103455,2026-05-11T00:09:27Z,,paid,fulfilled,online_store,GB,ENG,22.0,0.0,FREESHIP,0.0,4.4,26.4,shop_pay,1.07,USD
5225,103456,2026-05-11T01:15:07Z,,paid,fulfilled,online_store,GB,SCT,110.0,0.0,,0.0,22.0,132.0,shopify_payments,4.13,USD
5226,103080,2026-05-11T05:15:24Z,,paid,fulfilled,online_store,US,FL,142.0,0.0,,0.0,8.52,150.52,shopify_payments,4.67,USD
5227,102406,2026-05-11T09:14:29Z,,paid,fulfilled,online_store,US,WA,38.0,0.0,,5.95,2.28,46.23,shop_pay,1.64,USD
5228,103461,2026-05-11T11:04:20Z,,paid,fulfilled,online_store,US,CA,32.0,4.8,WELCOME15,5.95,1.63,34.78,shopify_payments,1.31,USD
5229,103462,2026-05-11T13:57:11Z,,paid,fulfilled,online_store,US,TN,29.0,0.0,,5.95,1.74,36.69,shop_pay,1.36,USD
5230,102224,2026-05-11T14:13:15Z,,paid,fulfilled,online_store,US,CA,68.0,6.8,LOYAL10,0.0,3.67,64.87,shopify_payments,2.18,USD
5231,102435,2026-05-11T14:47:05Z,,paid,fulfilled,online_store,US,NJ,138.0,0.0,,0.0,8.28,146.28,shop_pay,4.54,USD
5232,103276,2026-05-11T17:26:36Z,,paid,fulfilled,online_store,US,CA,52.0,0.0,,0.0,3.12,55.12,shopify_payments,1.9,USD
5233,103464,2026-05-11T23:47:10Z,,paid,fulfilled,online_store,US,VA,28.0,4.2,WELCOME15,5.95,1.43,31.18,shopify_payments,1.2,USD
5234,103466,2026-05-12T00:30:21Z,,paid,fulfilled,shop_app,US,MA,106.0,0.0,,0.0,6.36,112.36,shopify_payments,3.56,USD
5235,103468,2026-05-12T07:42:40Z,,paid,fulfilled,online_store,US,CA,24.0,0.0,,5.95,1.44,31.39,paypal,1.59,USD
5236,101580,2026-05-12T09:24:11Z,,paid,fulfilled,online_store,US,FL,34.0,0.0,,5.95,2.04,41.99,shop_pay,1.52,USD
5237,102194,2026-05-12T09:45:13Z,,paid,fulfilled,online_store,US,CO,38.0,3.8,"LOYAL10,FREESHIP",0.0,2.05,36.25,shop_pay,1.35,USD
5238,102437,2026-05-12T10:05:01Z,,paid,fulfilled,online_store,US,CA,108.0,0.0,,0.0,6.48,114.48,shop_pay,3.62,USD
5239,103469,2026-05-12T13:06:14Z,,paid,fulfilled,online_store,US,MA,82.0,0.0,,0.0,4.92,86.92,shop_pay,2.82,USD
5240,102448,2026-05-12T13:36:19Z,,paid,fulfilled,shop_app,US,DE,30.0,3.0,LOYAL10,5.95,0.0,32.95,shop_pay,1.26,USD
5241,103470,2026-05-12T13:52:05Z,,paid,fulfilled,online_store,US,CA,68.0,0.0,,0.0,4.08,72.08,paypal,3.01,USD
5242,103471,2026-05-12T14:54:08Z,,partially_refunded,fulfilled,online_store,US,WA,58.0,8.7,WELCOME15,5.95,2.96,58.21,shopify_payments,1.99,USD
5243,103472,2026-05-12T15:56:53Z,,paid,fulfilled,online_store,US,OH,72.0,10.8,WELCOME15,0.0,3.67,64.87,paypal,2.75,USD
5244,102882,2026-05-12T16:10:27Z,,paid,fulfilled,online_store,US,CO,34.0,3.4,LOYAL10,5.95,1.84,38.39,shopify_payments,1.41,USD
5245,103473,2026-05-12T16:57:35Z,,paid,fulfilled,online_store,US,NY,120.0,18.0,WELCOME15,0.0,6.12,108.12,shopify_payments,3.44,USD
5246,102804,2026-05-12T18:04:04Z,,paid,fulfilled,online_store,CA,ON,28.0,0.0,,12.95,1.4,42.35,shop_pay,1.53,USD
5247,103474,2026-05-12T19:05:21Z,,paid,fulfilled,online_store,US,OR,66.0,9.9,WELCOME15,0.0,0.0,56.1,klarna,3.66,USD
5248,102073,2026-05-12T21:35:51Z,,paid,fulfilled,online_store,US,TX,68.0,0.0,,0.0,4.08,72.08,shopify_payments,2.39,USD
5249,102585,2026-05-12T23:13:43Z,2026-05-13T09:13:43Z,voided,unfulfilled,online_store,US,FL,126.0,0.0,,0.0,7.56,133.56,shopify_payments,0.0,USD
5250,101232,2026-05-12T23:39:05Z,,paid,fulfilled,online_store,CA,QC,32.0,0.0,,12.95,1.6,46.55,shopify_payments,1.65,USD
5251,103476,2026-05-12T23:53:08Z,,paid,fulfilled,online_store,CA,BC,80.0,0.0,,12.95,4.0,96.95,paypal,3.87,USD
5252,103477,2026-05-13T01:19:55Z,,paid,fulfilled,online_store,US,TX,63.0,9.45,WELCOME15,0.0,3.21,56.76,shop_pay,1.95,USD
5253,103478,2026-05-13T01:45:20Z,,paid,fulfilled,online_store,AU,NSW,32.0,0.0,,12.95,3.2,48.15,shopify_payments,1.7,USD
5254,102418,2026-05-13T02:18:00Z,,paid,fulfilled,online_store,US,CO,92.0,0.0,,0.0,5.52,97.52,shopify_payments,3.13,USD
5255,103479,2026-05-13T02:58:17Z,,paid,fulfilled,online_store,GB,ENG,122.0,0.0,,0.0,24.4,146.4,shopify_payments,4.55,USD
5256,102953,2026-05-13T03:10:51Z,,paid,fulfilled,online_store,US,VA,44.0,0.0,,5.95,2.64,52.59,shopify_payments,1.83,USD
5257,103480,2026-05-13T06:43:47Z,,partially_refunded,fulfilled,online_store,US,PA,140.0,21.0,WELCOME15,0.0,7.14,126.14,shopify_payments,3.96,USD
5258,101892,2026-05-13T08:10:06Z,,paid,fulfilled,online_store,US,TN,22.0,0.0,,5.95,1.32,29.27,shop_pay,1.15,USD
5259,103481,2026-05-13T09:27:52Z,,paid,fulfilled,online_store,US,CA,140.0,21.0,WELCOME15,0.0,7.14,126.14,shopify_payments,3.96,USD
5260,103482,2026-05-13T10:26:40Z,,paid,fulfilled,online_store,US,NC,148.0,22.2,WELCOME15,0.0,7.55,133.35,shopify_payments,4.17,USD
5261,103483,2026-05-13T10:35:14Z,,paid,fulfilled,online_store,US,FL,34.0,0.0,,5.95,2.04,41.99,shopify_payments,1.52,USD
5262,103484,2026-05-13T11:36:46Z,,paid,fulfilled,online_store,US,CA,114.0,0.0,,0.0,6.84,120.84,shopify_payments,3.8,USD
5263,103485,2026-05-13T12:46:21Z,,paid,fulfilled,online_store,US,MI,154.0,0.0,,0.0,9.24,163.24,shop_pay,5.03,USD
5264,103486,2026-05-13T12:50:02Z,,paid,fulfilled,online_store,CA,AB,38.0,0.0,,12.95,1.9,52.85,shop_pay,1.83,USD
5265,102602,2026-05-13T14:45:09Z,,paid,fulfilled,online_store,US,FL,63.0,0.0,,0.0,3.78,66.78,shopify_payments,2.24,USD
5266,103488,2026-05-13T16:08:22Z,,paid,fulfilled,online_store,US,CO,84.0,12.6,WELCOME15,0.0,4.28,75.68,shopify_payments,2.49,USD
5267,103489,2026-05-13T16:14:43Z,,paid,fulfilled,online_store,US,MD,107.0,0.0,,0.0,6.42,113.42,shop_pay,3.59,USD
5268,100897,2026-05-13T17:26:05Z,,paid,fulfilled,online_store,US,WI,30.0,3.0,LOYAL10,5.95,1.62,34.57,shopify_payments,1.3,USD
5269,103148,2026-05-13T20:00:22Z,,paid,fulfilled,online_store,US,NC,62.0,9.3,WELCOME15,0.0,3.16,55.86,shop_pay,1.92,USD
5270,103490,2026-05-13T22:39:59Z,,refunded,fulfilled,online_store,US,MA,30.0,0.0,,5.95,1.8,37.75,paypal,1.81,USD
5271,103491,2026-05-13T23:58:43Z,2026-05-14T01:58:43Z,voided,unfulfilled,online_store,US,MO,104.0,0.0,,0.0,6.24,110.24,shopify_payments,0.0,USD
5272,103492,2026-05-14T00:27:08Z,,paid,fulfilled,online_store,US,OR,56.0,0.0,,0.0,0.0,56.0,shopify_payments,1.92,USD
5273,103493,2026-05-14T00:36:09Z,,paid,fulfilled,online_store,US,WA,134.0,20.1,WELCOME15,0.0,6.83,120.73,shop_pay,3.8,USD
5274,103494,2026-05-14T00:57:36Z,,paid,fulfilled,online_store,US,WA,24.0,0.0,,5.95,1.44,31.39,shopify_payments,1.21,USD
5275,103495,2026-05-14T01:22:50Z,,paid,fulfilled,online_store,US,WA,160.0,0.0,,0.0,9.6,169.6,shopify_payments,5.22,USD
5276,102569,2026-05-14T01:31:25Z,,paid,fulfilled,online_store,US,GA,58.0,0.0,,0.0,3.48,61.48,shopify_payments,2.08,USD
5277,103026,2026-05-14T01:46:19Z,,paid,fulfilled,online_store,US,MA,91.0,0.0,,0.0,5.46,96.46,shopify_payments,3.1,USD
5278,103496,2026-05-14T02:24:36Z,,paid,fulfilled,online_store,US,IL,38.0,3.8,AMELIA10,5.95,2.05,42.2,paypal,1.96,USD
5279,103497,2026-05-14T03:40:24Z,,paid,fulfilled,online_store,US,IL,32.0,0.0,,5.95,1.92,39.87,shop_pay,1.46,USD
5280,103498,2026-05-14T10:01:46Z,,paid,fulfilled,online_store,US,FL,60.0,9.0,WELCOME15,0.0,3.06,54.06,shopify_payments,1.87,USD
5281,103499,2026-05-14T10:11:37Z,,paid,fulfilled,online_store,US,NY,68.0,10.2,WELCOME15,0.0,3.47,61.27,shop_pay,2.08,USD
5282,103500,2026-05-14T11:12:33Z,,paid,fulfilled,online_store,GB,SCT,88.0,0.0,,0.0,17.6,105.6,shop_pay,3.36,USD
5283,102942,2026-05-14T11:57:31Z,,paid,fulfilled,online_store,US,NY,94.0,9.4,LOYAL10,0.0,5.08,89.68,shopify_payments,2.9,USD
5284,103444,2026-05-14T12:52:38Z,,paid,fulfilled,shop_app,US,CA,34.0,5.1,WELCOME15,5.95,1.73,36.58,shop_pay,1.36,USD
5285,103501,2026-05-14T13:12:05Z,,paid,fulfilled,online_store,US,TX,38.0,5.7,WELCOME15,5.95,1.94,40.19,shopify_payments,1.47,USD
5286,103502,2026-05-14T13:15:08Z,,paid,fulfilled,online_store,US,OR,22.0,0.0,,5.95,0.0,27.95,shopify_payments,1.11,USD
5287,103503,2026-05-14T14:05:35Z,2026-05-15T03:05:35Z,voided,unfulfilled,online_store,US,GA,88.0,0.0,,0.0,5.28,93.28,shopify_payments,0.0,USD
5288,102721,2026-05-14T15:03:12Z,,paid,fulfilled,online_store,US,NH,73.0,0.0,,0.0,0.0,73.0,shop_pay,2.42,USD
5289,103504,2026-05-14T15:29:26Z,,paid,fulfilled,online_store,US,OH,65.0,0.0,,0.0,3.9,68.9,shopify_payments,2.3,USD
5290,103223,2026-05-15T01:13:30Z,,paid,fulfilled,online_store,AU,WA,32.0,0.0,,12.95,3.2,48.15,paypal,2.17,USD
5291,102319,2026-05-15T05:37:46Z,,paid,fulfilled,online_store,US,IN,44.0,4.4,LOYAL10,5.95,2.38,47.93,shopify_payments,1.69,USD
5292,103505,2026-05-15T09:28:13Z,,paid,fulfilled,online_store,US,GA,58.0,8.7,WELCOME15,5.95,2.96,58.21,shopify_payments,1.99,USD
5293,103506,2026-05-15T10:02:46Z,,paid,fulfilled,online_store,US,IL,130.0,0.0,,0.0,7.8,137.8,shopify_payments,4.3,USD
5294,102874,2026-05-15T12:33:09Z,,paid,fulfilled,online_store,US,FL,34.0,3.4,LOYAL10,5.95,1.84,38.39,paypal,1.83,USD
5295,103507,2026-05-15T12:38:59Z,,paid,fulfilled,online_store,US,NY,76.0,7.6,AMELIA10,0.0,4.1,72.5,shopify_payments,2.4,USD
5296,103508,2026-05-15T13:41:39Z,,paid,fulfilled,online_store,US,TX,38.0,5.7,WELCOME15,5.95,1.94,40.19,shopify_payments,1.47,USD
5297,102408,2026-05-15T13:59:25Z,,paid,fulfilled,online_store,US,OH,32.0,0.0,,5.95,1.92,39.87,shop_pay,1.46,USD
5298,103509,2026-05-15T14:21:55Z,,paid,fulfilled,online_store,US,FL,88.0,8.8,AMELIA10,0.0,4.75,83.95,shopify_payments,2.73,USD
5299,102641,2026-05-15T16:34:48Z,,partially_refunded,fulfilled,online_store,US,FL,126.0,12.6,LOYAL10,0.0,6.8,120.2,paypal,4.68,USD
5300,103510,2026-05-15T17:24:59Z,,paid,fulfilled,online_store,US,NC,22.0,0.0,,5.95,1.32,29.27,shopify_payments,1.15,USD
5301,102766,2026-05-15T17:47:03Z,,paid,fulfilled,online_store,US,MD,54.0,0.0,,0.0,3.24,57.24,shop_pay,1.96,USD
5302,103511,2026-05-15T18:01:09Z,,paid,fulfilled,online_store,US,CA,180.0,0.0,,0.0,10.8,190.8,shop_pay,5.83,USD
5303,103512,2026-05-15T18:30:24Z,,paid,fulfilled,online_store,US,VA,130.0,19.5,WELCOME15,0.0,6.63,117.13,shop_pay,3.7,USD
5304,102955,2026-05-16T01:20:11Z,,paid,fulfilled,online_store,CA,ON,32.0,0.0,,12.95,1.6,46.55,shopify_payments,1.65,USD
5305,103457,2026-05-16T01:23:13Z,,paid,fulfilled,online_store,US,PA,86.0,0.0,,0.0,5.16,91.16,shopify_payments,2.94,USD
5306,101909,2026-05-16T01:56:19Z,,paid,fulfilled,online_store,US,TX,110.0,0.0,,0.0,6.6,116.6,shopify_payments,3.68,USD
5307,102852,2026-05-16T03:41:42Z,,paid,fulfilled,online_store,US,WI,182.0,0.0,,0.0,10.92,192.92,shopify_payments,5.89,USD
5308,102202,2026-05-16T05:23:41Z,,partially_refunded,fulfilled,online_store,US,TX,134.0,0.0,,0.0,8.04,142.04,shopify_payments,4.42,USD
5309,103513,2026-05-16T06:12:48Z,,partially_refunded,fulfilled,online_store,US,IN,160.0,0.0,,0.0,9.6,169.6,shop_pay,5.22,USD
5310,103514,2026-05-16T06:38:24Z,,paid,fulfilled,online_store,CA,AB,34.0,5.1,WELCOME15,12.95,1.44,43.29,shopify_payments,1.56,USD
5311,103515,2026-05-16T10:55:44Z,,paid,fulfilled,online_store,US,FL,32.0,4.8,WELCOME15,5.95,1.63,34.78,shop_pay,1.31,USD
5312,103516,2026-05-16T11:31:18Z,,paid,fulfilled,online_store,US,OH,89.0,0.0,,0.0,5.34,94.34,shopify_payments,3.04,USD
5313,103517,2026-05-16T11:36:46Z,,paid,fulfilled,online_store,US,PA,29.0,4.35,WELCOME15,5.95,1.48,32.08,shopify_payments,1.23,USD
5314,103518,2026-05-16T12:09:58Z,,paid,fulfilled,shop_app,US,CO,36.0,0.0,,5.95,2.16,44.11,shopify_payments,1.58,USD
5315,103519,2026-05-16T12:36:28Z,,paid,fulfilled,online_store,US,IN,28.0,0.0,,5.95,1.68,35.63,shopify_payments,1.33,USD
5316,103520,2026-05-16T12:49:28Z,,paid,fulfilled,online_store,US,NY,34.0,3.4,AMELIA10,5.95,1.84,38.39,shopify_payments,1.41,USD
5317,102605,2026-05-16T14:38:06Z,,paid,fulfilled,online_store,US,TX,87.0,0.0,,0.0,5.22,92.22,shopify_payments,2.97,USD
5318,103521,2026-05-16T15:09:26Z,,paid,fulfilled,online_store,US,NC,52.0,0.0,,0.0,3.12,55.12,shopify_payments,1.9,USD
5319,102382,2026-05-16T15:25:53Z,,paid,fulfilled,online_store,US,IN,74.0,0.0,,0.0,4.44,78.44,paypal,3.23,USD
5320,103522,2026-05-16T20:02:33Z,,paid,fulfilled,online_store,AU,WA,44.0,4.4,AMELIA10,12.95,3.96,56.51,shopify_payments,1.94,USD
5321,103523,2026-05-16T22:37:49Z,,paid,fulfilled,online_store,US,CA,44.0,6.6,"WELCOME15,FREESHIP",0.0,2.24,39.64,shop_pay,1.45,USD
5322,103524,2026-05-16T23:41:56Z,,paid,fulfilled,shop_app,US,TX,22.0,0.0,,5.95,1.32,29.27,shop_pay,1.15,USD
5323,103525,2026-05-17T01:25:29Z,,paid,fulfilled,online_store,US,CA,38.0,0.0,,5.95,2.28,46.23,paypal,2.1,USD
5324,103526,2026-05-17T01:26:31Z,,paid,fulfilled,online_store,US,CA,36.0,0.0,,5.95,2.16,44.11,shopify_payments,1.58,USD
5325,103527,2026-05-17T02:29:11Z,,paid,fulfilled,online_store,US,CA,38.0,5.7,WELCOME15,5.95,1.94,40.19,shopify_payments,1.47,USD
5326,103529,2026-05-17T02:53:29Z,,paid,fulfilled,online_store,US,CA,60.0,9.0,WELCOME15,0.0,3.06,54.06,shopify_payments,1.87,USD
5327,103530,2026-05-17T03:22:40Z,,paid,fulfilled,online_store,US,NY,22.0,0.0,FREESHIP,0.0,1.32,23.32,shop_pay,0.98,USD
5328,103019,2026-05-17T07:00:20Z,,paid,fulfilled,shop_app,US,PA,72.0,7.2,LOYAL10,0.0,3.89,68.69,paypal,2.89,USD
5329,103531,2026-05-17T09:22:03Z,,paid,fulfilled,online_store,US,FL,29.0,0.0,,5.95,1.74,36.69,shopify_payments,1.36,USD
5330,103533,2026-05-17T15:18:52Z,,paid,fulfilled,shop_app,US,MI,58.0,0.0,,0.0,3.48,61.48,shop_pay,2.08,USD
5331,103534,2026-05-17T16:19:52Z,,paid,fulfilled,online_store,US,WA,44.0,6.6,WELCOME15,5.95,2.24,45.59,shopify_payments,1.62,USD
5332,103535,2026-05-17T17:58:12Z,,paid,fulfilled,online_store,AU,NSW,88.0,0.0,,0.0,8.8,96.8,shopify_payments,3.11,USD
5333,103536,2026-05-17T19:52:03Z,,paid,fulfilled,online_store,GB,SCT,36.0,0.0,,12.95,7.2,56.15,shopify_payments,1.93,USD
5334,103537,2026-05-17T22:21:06Z,,paid,fulfilled,online_store,US,OH,64.0,9.6,WELCOME15,0.0,3.26,57.66,paypal,2.5,USD
5335,103538,2026-05-17T23:11:45Z,,paid,fulfilled,online_store,US,AZ,36.0,0.0,,5.95,2.16,44.11,shop_pay,1.58,USD
5336,103539,2026-05-17T23:29:12Z,,paid,fulfilled,online_store,US,TN,32.0,4.8,WELCOME15,5.95,1.63,34.78,shopify_payments,1.31,USD
5337,103540,2026-05-18T00:08:41Z,,paid,fulfilled,online_store,US,CA,32.0,0.0,,5.95,1.92,39.87,paypal,1.88,USD
5338,103040,2026-05-18T01:27:55Z,,paid,fulfilled,online_store,US,CA,100.0,15.0,WELCOME15,0.0,5.1,90.1,shopify_payments,2.91,USD
5339,103423,2026-05-18T01:51:58Z,,paid,fulfilled,online_store,US,AZ,97.0,0.0,,0.0,5.82,102.82,shopify_payments,3.28,USD
5340,103541,2026-05-18T02:34:30Z,,paid,fulfilled,shop_app,US,TX,26.0,3.9,WELCOME15,5.95,1.33,29.38,shopify_payments,1.15,USD
5341,102788,2026-05-18T07:35:45Z,,paid,fulfilled,online_store,US,TX,80.0,0.0,,0.0,4.8,84.8,shopify_payments,2.76,USD
5342,103542,2026-05-18T07:50:41Z,,paid,fulfilled,online_store,GB,WLS,118.0,17.7,WELCOME15,0.0,20.06,120.36,paypal,4.69,USD
5343,103543,2026-05-18T10:41:58Z,,paid,fulfilled,online_store,GB,SCT,100.0,15.0,WELCOME15,0.0,17.0,102.0,shopify_payments,3.26,USD
5344,102963,2026-05-18T11:11:27Z,,paid,fulfilled,online_store,US,CA,56.0,0.0,,0.0,3.36,59.36,shopify_payments,2.02,USD
5345,102756,2026-05-18T12:58:15Z,,paid,fulfilled,online_store,US,CA,38.0,0.0,,5.95,2.28,46.23,shopify_payments,1.64,USD
5346,103544,2026-05-18T13:23:06Z,,paid,fulfilled,online_store,US,TX,29.0,4.35,WELCOME15,5.95,1.48,32.08,shopify_payments,1.23,USD
5347,103208,2026-05-18T21:43:52Z,,partially_refunded,fulfilled,online_store,US,CA,88.0,0.0,,0.0,5.28,93.28,shop_pay,3.01,USD
5348,103546,2026-05-18T21:46:10Z,,paid,fulfilled,online_store,US,OH,38.0,0.0,,5.95,2.28,46.23,paypal,2.1,USD
5349,103545,2026-05-18T21:48:38Z,,partially_refunded,fulfilled,online_store,US,PA,73.0,0.0,,0.0,4.38,77.38,shop_pay,2.54,USD
5350,103547,2026-05-18T23:44:32Z,,paid,fulfilled,online_store,US,FL,30.0,0.0,,5.95,1.8,37.75,shopify_payments,1.39,USD
5351,103548,2026-05-19T00:32:15Z,,paid,fulfilled,online_store,US,FL,29.0,0.0,FREESHIP,0.0,1.74,30.74,shopify_payments,1.19,USD
5352,103053,2026-05-19T00:46:43Z,,paid,fulfilled,shop_app,US,WI,64.0,9.6,WELCOME15,0.0,3.26,57.66,shopify_payments,1.97,USD
5353,103549,2026-05-19T02:22:09Z,,paid,fulfilled,online_store,US,NY,51.0,0.0,,0.0,3.06,54.06,paypal,2.38,USD
5354,103550,2026-05-19T07:21:00Z,,paid,fulfilled,online_store,US,FL,88.0,0.0,,0.0,5.28,93.28,shopify_payments,3.01,USD
5355,103551,2026-05-19T08:07:48Z,,paid,fulfilled,online_store,US,IN,64.0,9.6,WELCOME15,0.0,3.26,57.66,shopify_payments,1.97,USD
5356,103131,2026-05-19T10:10:11Z,,paid,fulfilled,online_store,US,MA,66.0,6.6,LOYAL10,0.0,3.56,62.96,shopify_payments,2.13,USD
5357,103552,2026-05-19T10:56:24Z,,paid,fulfilled,online_store,US,CA,64.0,0.0,,0.0,3.84,67.84,shop_pay,2.27,USD
5358,103553,2026-05-19T11:21:08Z,,paid,fulfilled,online_store,US,NC,70.0,0.0,,0.0,4.2,74.2,shopify_payments,2.45,USD
5359,103554,2026-05-19T12:08:07Z,,paid,fulfilled,online_store,GB,ENG,22.0,0.0,,12.95,4.4,39.35,paypal,1.86,USD
5360,103555,2026-05-19T14:24:00Z,,paid,fulfilled,online_store,US,CA,38.0,0.0,,5.95,2.28,46.23,shopify_payments,1.64,USD
5361,102904,2026-05-19T14:25:11Z,,paid,fulfilled,shop_app,GB,SCT,114.0,0.0,,0.0,22.8,136.8,shopify_payments,4.27,USD
5362,103072,2026-05-19T16:34:16Z,,paid,fulfilled,online_store,US,OH,68.0,0.0,,0.0,4.08,72.08,shopify_payments,2.39,USD
5363,103557,2026-05-19T21:54:04Z,,paid,fulfilled,online_store,US,MI,38.0,5.7,WELCOME15,5.95,1.94,40.19,shopify_payments,1.47,USD
5364,103558,2026-05-19T22:40:28Z,,paid,fulfilled,online_store,US,NJ,38.0,5.7,WELCOME15,5.95,1.94,40.19,paypal,1.89,USD
5365,103559,2026-05-20T01:26:53Z,,paid,fulfilled,online_store,US,NJ,140.0,21.0,WELCOME15,0.0,7.14,126.14,shopify_payments,3.96,USD
5366,103560,2026-05-20T02:36:11Z,,paid,fulfilled,online_store,US,TN,32.0,4.8,WELCOME15,5.95,1.63,34.78,shopify_payments,1.31,USD
5367,103104,2026-05-20T02:45:03Z,,paid,fulfilled,online_store,GB,SCT,36.0,0.0,,12.95,7.2,56.15,shopify_payments,1.93,USD
5368,103561,2026-05-20T03:55:11Z,,paid,fulfilled,online_store,US,CA,70.0,10.5,WELCOME15,0.0,3.57,63.07,shop_pay,2.13,USD
5369,102557,2026-05-20T09:00:55Z,,paid,fulfilled,online_store,US,WA,24.0,2.4,LOYAL10,5.95,1.3,28.85,shop_pay,1.14,USD
5370,102208,2026-05-20T09:23:22Z,,paid,fulfilled,online_store,US,TX,61.0,6.1,LOYAL10,0.0,3.29,58.19,shopify_payments,1.99,USD
5371,103562,2026-05-20T10:13:38Z,,paid,fulfilled,online_store,US,CO,117.0,17.55,WELCOME15,0.0,5.97,105.42,paypal,4.17,USD
5372,103047,2026-05-20T14:13:36Z,,partially_refunded,fulfilled,online_store,US,WA,180.0,0.0,,0.0,10.8,190.8,shopify_payments,5.83,USD
5373,103156,2026-05-20T17:20:06Z,,paid,fulfilled,online_store,AU,QLD,46.0,0.0,,12.95,4.6,63.55,shop_pay,2.14,USD
5374,103563,2026-05-20T18:17:55Z,,paid,fulfilled,online_store,US,TN,85.0,12.75,SKINBYJORDAN15,0.0,4.34,76.59,shopify_payments,2.52,USD
5375,103049,2026-05-20T23:28:32Z,,paid,fulfilled,online_store,US,WA,58.0,5.8,LOYAL10,0.0,3.13,55.33,shopify_payments,1.9,USD
5376,103564,2026-05-21T01:13:51Z,,paid,fulfilled,online_store,US,NY,38.0,5.7,WELCOME15,5.95,1.94,40.19,shop_pay,1.47,USD
5377,103565,2026-05-21T02:37:09Z,,paid,fulfilled,online_store,US,GA,22.0,3.3,WELCOME15,5.95,1.12,25.77,shop_pay,1.05,USD
5378,103058,2026-05-21T08:52:41Z,,paid,fulfilled,online_store,US,MI,68.0,6.8,LOYAL10,0.0,3.67,64.87,shopify_payments,2.18,USD
5379,103566,2026-05-21T12:58:48Z,,paid,fulfilled,online_store,US,AZ,32.0,4.8,WELCOME15,5.95,1.63,34.78,paypal,1.7,USD
5380,103567,2026-05-21T14:31:22Z,,paid,fulfilled,online_store,US,FL,64.0,9.6,WELCOME15,0.0,3.26,57.66,paypal,2.5,USD
5381,103568,2026-05-21T16:31:25Z,,partially_refunded,fulfilled,online_store,CA,QC,98.0,9.8,AMELIA10,0.0,4.41,92.61,paypal,3.72,USD
5382,102782,2026-05-21T17:11:45Z,,paid,fulfilled,online_store,US,WA,38.0,0.0,,5.95,2.28,46.23,shopify_payments,1.64,USD
5383,103418,2026-05-21T17:52:58Z,,paid,fulfilled,online_store,US,TX,24.0,3.6,WELCOME15,5.95,1.22,27.57,shop_pay,1.1,USD
5384,103569,2026-05-21T22:08:07Z,,paid,fulfilled,online_store,GB,ENG,132.0,19.8,WELCOME15,0.0,22.44,134.64,paypal,5.19,USD
5385,103571,2026-05-22T01:42:06Z,,paid,fulfilled,online_store,US,VA,22.0,0.0,,5.95,1.32,29.27,shopify_payments,1.15,USD
5386,103572,2026-05-22T01:55:33Z,,paid,fulfilled,online_store,US,WA,26.0,0.0,,5.95,1.56,33.51,shopify_payments,1.27,USD
5387,103528,2026-05-22T02:38:11Z,,paid,fulfilled,online_store,US,TN,28.0,0.0,,5.95,1.68,35.63,paypal,1.73,USD
5388,102705,2026-05-22T02:39:35Z,,partially_refunded,fulfilled,online_store,US,AZ,58.0,0.0,,0.0,3.48,61.48,shopify_payments,2.08,USD
5389,101855,2026-05-22T04:23:54Z,,paid,fulfilled,online_store,US,FL,57.0,0.0,,0.0,3.42,60.42,shopify_payments,2.05,USD
5390,102928,2026-05-22T05:08:13Z,,paid,fulfilled,online_store,US,IN,38.0,3.8,LOYAL10,5.95,2.05,42.2,paypal,1.96,USD
5391,103574,2026-05-22T12:06:08Z,,paid,fulfilled,online_store,US,WA,26.0,3.9,WELCOME15,5.95,1.33,29.38,shopify_payments,1.15,USD
5392,103252,2026-05-22T14:11:41Z,,paid,fulfilled,online_store,CA,AB,29.0,0.0,,12.95,1.45,43.4,klarna,2.9,USD
5393,103575,2026-05-22T14:31:05Z,,paid,fulfilled,online_store,US,MA,29.0,0.0,,5.95,1.74,36.69,shop_pay,1.36,USD
5394,103576,2026-05-22T14:45:06Z,,paid,fulfilled,online_store,AU,WA,48.0,7.2,WELCOME15,12.95,4.08,57.83,shopify_payments,1.98,USD
5395,103379,2026-05-22T14:46:09Z,,paid,fulfilled,online_store,US,TX,116.0,17.4,WELCOME15,0.0,5.92,104.52,shopify_payments,3.33,USD
5396,102019,2026-05-22T16:29:16Z,,paid,fulfilled,online_store,GB,SCT,102.0,0.0,,0.0,20.4,122.4,shopify_payments,3.85,USD
5397,103006,2026-05-22T17:17:54Z,,paid,fulfilled,online_store,US,IN,38.0,0.0,,5.95,2.28,46.23,shopify_payments,1.64,USD
5398,103245,2026-05-22T18:55:58Z,,paid,fulfilled,online_store,US,TX,34.0,0.0,FREESHIP,0.0,2.04,36.04,shop_pay,1.35,USD
5399,103577,2026-05-22T21:32:09Z,,paid,fulfilled,online_store,AU,NSW,34.0,5.1,WELCOME15,12.95,2.89,44.74,shopify_payments,1.6,USD
5400,103578,2026-05-22T21:52:33Z,,paid,fulfilled,online_store,US,CA,184.0,0.0,,0.0,11.04,195.04,shopify_payments,5.96,USD
5401,103579,2026-05-22T22:25:48Z,,paid,fulfilled,online_store,US,TX,72.0,10.8,WELCOME15,0.0,3.67,64.87,paypal,2.75,USD
5402,103580,2026-05-22T22:52:23Z,,paid,fulfilled,online_store,GB,ENG,34.0,0.0,,12.95,6.8,53.75,shopify_payments,1.86,USD
5403,103123,2026-05-23T03:01:05Z,,paid,fulfilled,online_store,US,MO,56.0,0.0,,0.0,3.36,59.36,paypal,2.56,USD
5404,102451,2026-05-23T03:33:05Z,,paid,fulfilled,online_store,US,FL,98.0,0.0,,0.0,5.88,103.88,paypal,4.12,USD
5405,103582,2026-05-23T05:54:42Z,,paid,fulfilled,shop_app,US,MO,73.0,10.95,WELCOME15,0.0,3.72,65.77,shopify_payments,2.21,USD
5406,103583,2026-05-23T07:14:59Z,,paid,fulfilled,online_store,US,PA,44.0,0.0,,5.95,2.64,52.59,shopify_payments,1.83,USD
5407,102896,2026-05-23T08:06:46Z,,paid,fulfilled,shop_app,US,CA,38.0,0.0,,5.95,2.28,46.23,shopify_payments,1.64,USD
5408,103584,2026-05-23T08:20:41Z,,paid,fulfilled,online_store,US,GA,82.0,0.0,,0.0,4.92,86.92,shopify_payments,2.82,USD
5409,102970,2026-05-23T08:29:43Z,,paid,fulfilled,online_store,US,WI,88.0,0.0,,0.0,5.28,93.28,shopify_payments,3.01,USD
5410,103585,2026-05-23T10:41:43Z,,paid,fulfilled,online_store,US,PA,58.0,8.7,WELCOME15,5.95,2.96,58.21,shopify_payments,1.99,USD
5411,103587,2026-05-23T12:58:08Z,,paid,fulfilled,online_store,US,FL,22.0,0.0,,5.95,1.32,29.27,paypal,1.51,USD
5412,103588,2026-05-23T13:27:52Z,,paid,fulfilled,online_store,US,OH,32.0,4.8,WELCOME15,5.95,1.63,34.78,shopify_payments,1.31,USD
5413,103590,2026-05-23T15:10:45Z,,paid,fulfilled,online_store,US,FL,28.0,4.2,WELCOME15,5.95,1.43,31.18,shop_pay,1.2,USD
5414,102889,2026-05-23T17:01:27Z,,paid,fulfilled,online_store,US,NY,119.0,0.0,,0.0,7.14,126.14,shopify_payments,3.96,USD
5415,103591,2026-05-23T19:20:34Z,,paid,fulfilled,online_store,AU,QLD,156.0,0.0,,0.0,15.6,171.6,shopify_payments,5.28,USD
5416,102760,2026-05-23T20:03:53Z,,paid,fulfilled,online_store,US,TX,72.0,0.0,,0.0,4.32,76.32,shopify_payments,2.51,USD
5417,103592,2026-05-23T21:07:17Z,,paid,fulfilled,online_store,US,TX,24.0,3.6,WELCOME15,5.95,1.22,27.57,shopify_payments,1.1,USD
5418,103593,2026-05-23T22:01:10Z,,paid,fulfilled,online_store,US,TX,73.0,0.0,,0.0,4.38,77.38,paypal,3.19,USD
5419,103594,2026-05-23T23:22:14Z,,paid,fulfilled,shop_app,US,VA,24.0,3.6,WELCOME15,5.95,1.22,27.57,shopify_payments,1.1,USD
5420,103153,2026-05-24T01:47:18Z,,paid,fulfilled,online_store,US,FL,29.0,0.0,,5.95,1.74,36.69,shop_pay,1.36,USD
5421,103597,2026-05-24T09:46:37Z,,paid,fulfilled,online_store,US,MI,32.0,0.0,FREESHIP,0.0,1.92,33.92,shopify_payments,1.28,USD
5422,102837,2026-05-24T10:44:20Z,,paid,fulfilled,online_store,US,TX,34.0,0.0,,5.95,2.04,41.99,shopify_payments,1.52,USD
5423,103078,2026-05-24T11:14:42Z,,paid,fulfilled,shop_app,US,NC,162.0,24.3,WELCOME15,0.0,8.26,145.96,shopify_payments,4.53,USD
5424,103598,2026-05-24T11:30:04Z,,paid,fulfilled,online_store,CA,AB,26.0,3.9,"WELCOME15,FREESHIP",0.0,1.11,23.21,shopify_payments,0.97,USD
5425,103599,2026-05-24T12:10:53Z,,paid,fulfilled,online_store,US,IL,44.0,0.0,,5.95,2.64,52.59,paypal,2.33,USD
5426,103600,2026-05-24T13:55:18Z,,paid,fulfilled,online_store,US,CA,32.0,4.8,SKINBYJORDAN15,5.95,1.63,34.78,shopify_payments,1.31,USD
5427,103601,2026-05-24T14:07:38Z,,paid,fulfilled,online_store,CA,AB,100.0,15.0,WELCOME15,0.0,4.25,89.25,shopify_payments,2.89,USD
5428,103602,2026-05-24T14:31:42Z,,paid,fulfilled,online_store,US,MI,24.0,3.6,WELCOME15,5.95,1.22,27.57,shopify_payments,1.1,USD
5429,103603,2026-05-24T16:07:56Z,,paid,fulfilled,online_store,US,NJ,58.0,0.0,,0.0,3.48,61.48,shopify_payments,2.08,USD
5430,103101,2026-05-24T16:48:14Z,,paid,fulfilled,online_store,GB,ENG,24.0,3.6,WELCOME15,12.95,4.08,37.43,shop_pay,1.39,USD
5431,103604,2026-05-24T20:21:24Z,,paid,fulfilled,online_store,US,MD,99.0,9.9,AMELIA10,0.0,5.35,94.45,shopify_payments,3.04,USD
5432,103605,2026-05-24T22:00:15Z,,refunded,fulfilled,online_store,US,MI,44.0,6.6,WELCOME15,5.95,2.24,45.59,shopify_payments,1.62,USD
5433,102559,2026-05-24T22:19:58Z,,paid,fulfilled,online_store,US,WA,22.0,0.0,,5.95,1.32,29.27,shop_pay,1.15,USD
5434,103606,2026-05-25T01:12:43Z,,paid,fulfilled,online_store,US,IL,29.0,0.0,,5.95,1.74,36.69,shopify_payments,1.36,USD
5435,103607,2026-05-25T01:51:09Z,2026-05-25T05:51:09Z,voided,unfulfilled,online_store,US,TX,66.0,0.0,,0.0,3.96,69.96,shopify_payments,0.0,USD
5436,103608,2026-05-25T08:13:57Z,,paid,fulfilled,online_store,US,IL,67.0,0.0,,0.0,4.02,71.02,paypal,2.97,USD
5437,102863,2026-05-25T09:09:19Z,,paid,fulfilled,online_store,US,TX,34.0,0.0,,5.95,2.04,41.99,shopify_payments,1.52,USD
5438,103609,2026-05-25T09:24:36Z,,paid,fulfilled,online_store,US,IN,60.0,9.0,WELCOME15,0.0,3.06,54.06,shopify_payments,1.87,USD
5439,103610,2026-05-25T11:34:13Z,,paid,fulfilled,online_store,US,IN,44.0,6.6,NOURISHED15,5.95,2.24,45.59,paypal,2.08,USD
5440,103611,2026-05-25T12:09:30Z,,paid,fulfilled,online_store,US,CO,28.0,0.0,,5.95,1.68,35.63,shopify_payments,1.33,USD
5441,103612,2026-05-25T13:44:11Z,,paid,fulfilled,online_store,CA,BC,72.0,0.0,,12.95,3.6,88.55,shop_pay,2.87,USD
5442,103613,2026-05-25T14:03:46Z,,paid,fulfilled,online_store,US,FL,104.0,15.6,WELCOME15,0.0,5.3,93.7,paypal,3.76,USD
5443,103487,2026-05-25T14:46:40Z,,paid,fulfilled,online_store,GB,ENG,32.0,4.8,WELCOME15,12.95,5.44,45.59,shopify_payments,1.62,USD
5444,103614,2026-05-25T15:33:04Z,,paid,fulfilled,online_store,US,CA,34.0,0.0,,5.95,2.04,41.99,shopify_payments,1.52,USD
5445,102881,2026-05-25T15:57:21Z,,paid,fulfilled,online_store,US,FL,114.0,11.4,LOYAL10,0.0,6.16,108.76,shop_pay,3.45,USD
5446,103615,2026-05-25T17:07:06Z,,partially_refunded,fulfilled,online_store,US,NC,89.0,0.0,,0.0,5.34,94.34,paypal,3.78,USD
5447,103616,2026-05-25T18:39:21Z,,paid,fulfilled,online_store,US,PA,34.0,5.1,WELCOME15,5.95,1.73,36.58,shopify_payments,1.36,USD
5448,103617,2026-05-25T20:11:04Z,,paid,fulfilled,online_store,CA,AB,38.0,5.7,WELCOME15,12.95,1.62,46.87,shopify_payments,1.66,USD
5449,103618,2026-05-25T23:43:16Z,,paid,fulfilled,online_store,US,NC,30.0,0.0,,5.95,1.8,37.75,shop_pay,1.39,USD
5450,103619,2026-05-26T00:53:45Z,,paid,fulfilled,online_store,US,CA,34.0,0.0,,5.95,2.04,41.99,shop_pay,1.52,USD
5451,103620,2026-05-26T01:21:31Z,,paid,fulfilled,online_store,CA,ON,34.0,5.1,WELCOME15,12.95,1.44,43.29,shop_pay,1.56,USD
5452,103212,2026-05-26T01:21:57Z,,paid,fulfilled,online_store,US,CO,61.0,0.0,,0.0,3.66,64.66,shopify_payments,2.18,USD
5453,103221,2026-05-26T01:43:32Z,,paid,fulfilled,online_store,US,NC,22.0,2.2,LOYAL10,5.95,1.19,26.94,shopify_payments,1.08,USD
5454,103621,2026-05-26T02:00:12Z,,paid,fulfilled,online_store,US,CA,56.0,0.0,,0.0,3.36,59.36,shop_pay,2.02,USD
5455,103622,2026-05-26T03:13:41Z,,paid,fulfilled,online_store,US,MA,24.0,0.0,,5.95,1.44,31.39,paypal,1.59,USD
5456,103623,2026-05-26T08:12:59Z,,paid,fulfilled,online_store,US,CA,38.0,0.0,,5.95,2.28,46.23,paypal,2.1,USD
5457,103624,2026-05-26T09:38:03Z,,paid,fulfilled,online_store,US,OH,38.0,0.0,,5.95,2.28,46.23,shopify_payments,1.64,USD
5458,103625,2026-05-26T11:08:59Z,,paid,fulfilled,online_store,US,CA,29.0,0.0,,5.95,1.74,36.69,shopify_payments,1.36,USD
5459,103626,2026-05-26T12:13:38Z,,paid,fulfilled,online_store,US,CA,68.0,10.2,WELCOME15,0.0,3.47,61.27,shopify_payments,2.08,USD
5460,103629,2026-05-26T15:59:40Z,,paid,fulfilled,online_store,US,NH,76.0,0.0,,0.0,0.0,76.0,shopify_payments,2.5,USD
5461,103630,2026-05-26T16:56:21Z,,paid,fulfilled,shop_app,US,FL,29.0,4.35,WELCOME15,5.95,1.48,32.08,shopify_payments,1.23,USD
5462,102436,2026-05-26T18:53:55Z,,paid,fulfilled,online_store,US,GA,125.0,0.0,,0.0,7.5,132.5,shopify_payments,4.14,USD
5463,103631,2026-05-26T21:58:27Z,,paid,fulfilled,online_store,US,WA,34.0,0.0,,5.95,2.04,41.99,shopify_payments,1.52,USD
5464,103632,2026-05-27T01:08:40Z,,paid,fulfilled,online_store,GB,SCT,26.0,0.0,,12.95,5.2,44.15,shop_pay,1.58,USD
5465,103634,2026-05-27T01:45:28Z,,paid,fulfilled,online_store,US,NY,126.0,18.9,NOURISHED15,0.0,6.43,113.53,shopify_payments,3.59,USD
5466,103635,2026-05-27T01:52:59Z,,paid,fulfilled,online_store,US,TX,28.0,4.2,WELCOME15,5.95,1.43,31.18,shopify_payments,1.2,USD
5467,103636,2026-05-27T03:18:20Z,,paid,fulfilled,shop_app,US,TX,67.0,0.0,,0.0,4.02,71.02,paypal,2.97,USD
5468,103396,2026-05-27T03:45:29Z,,paid,fulfilled,online_store,US,OH,70.0,0.0,,0.0,4.2,74.2,shopify_payments,2.45,USD
5469,103637,2026-05-27T06:38:16Z,,paid,fulfilled,online_store,US,TN,58.0,8.7,WELCOME15,5.95,2.96,58.21,shopify_payments,1.99,USD
5470,102888,2026-05-27T10:17:39Z,,paid,fulfilled,shop_app,US,CA,34.0,3.4,LOYAL10,5.95,1.84,38.39,shop_pay,1.41,USD
5471,103638,2026-05-27T11:28:19Z,,paid,fulfilled,shop_app,US,PA,22.0,0.0,,5.95,1.32,29.27,shop_pay,1.15,USD
5472,103141,2026-05-27T12:09:42Z,,paid,fulfilled,online_store,GB,SCT,148.0,0.0,,0.0,29.6,177.6,shop_pay,5.45,USD
5473,103639,2026-05-27T12:13:02Z,,paid,fulfilled,online_store,US,CA,66.0,9.9,WELCOME15,0.0,3.37,59.47,shopify_payments,2.02,USD
5474,103437,2026-05-27T12:48:48Z,,paid,fulfilled,online_store,US,MA,32.0,0.0,,5.95,1.92,39.87,shop_pay,1.46,USD
5475,103640,2026-05-27T13:22:12Z,,refunded,fulfilled,shop_app,US,MD,88.0,0.0,,0.0,5.28,93.28,shopify_payments,3.01,USD
5476,103641,2026-05-27T14:07:43Z,,paid,fulfilled,online_store,US,GA,67.0,0.0,,0.0,4.02,71.02,shopify_payments,2.36,USD
5477,102841,2026-05-27T14:08:02Z,,paid,fulfilled,online_store,US,FL,89.0,0.0,,0.0,5.34,94.34,shopify_payments,3.04,USD
5478,103642,2026-05-27T14:41:23Z,,paid,fulfilled,shop_app,US,FL,24.0,0.0,,5.95,1.44,31.39,shopify_payments,1.21,USD
5479,103643,2026-05-27T15:42:36Z,,paid,fulfilled,online_store,US,DE,133.0,19.95,WELCOME15,0.0,0.0,113.05,shopify_payments,3.58,USD
5480,103644,2026-05-27T16:00:49Z,,paid,fulfilled,shop_app,US,TX,32.0,0.0,,5.95,1.92,39.87,shopify_payments,1.46,USD
5481,103645,2026-05-27T16:46:56Z,,partially_refunded,fulfilled,online_store,US,VA,66.0,9.9,WELCOME15,0.0,3.37,59.47,shop_pay,2.02,USD
5482,103646,2026-05-27T17:07:01Z,,refunded,fulfilled,online_store,US,TN,88.0,0.0,,0.0,5.28,93.28,paypal,3.75,USD
5483,103647,2026-05-27T17:39:47Z,,paid,fulfilled,online_store,US,AZ,36.0,5.4,WELCOME15,5.95,1.84,38.39,shopify_payments,1.41,USD
5484,103648,2026-05-27T18:38:35Z,,paid,fulfilled,online_store,US,TX,176.0,0.0,,0.0,10.56,186.56,shopify_payments,5.71,USD
5485,103649,2026-05-27T18:59:51Z,,partially_refunded,fulfilled,online_store,US,MI,76.0,11.4,WELCOME15,0.0,3.88,68.48,shopify_payments,2.29,USD
5486,103650,2026-05-27T21:08:46Z,,paid,fulfilled,online_store,AU,VIC,38.0,0.0,,12.95,3.8,54.75,shopify_payments,1.89,USD
5487,103653,2026-05-28T00:41:32Z,,paid,fulfilled,online_store,CA,BC,38.0,5.7,WELCOME15,12.95,1.62,46.87,shopify_payments,1.66,USD
5488,103652,2026-05-28T00:41:56Z,,paid,fulfilled,shop_app,US,GA,26.0,0.0,,5.95,1.56,33.51,shopify_payments,1.27,USD
5489,103654,2026-05-28T01:37:22Z,,paid,fulfilled,online_store,US,GA,26.0,0.0,,5.95,1.56,33.51,shopify_payments,1.27,USD
5490,103655,2026-05-28T01:48:13Z,,paid,fulfilled,online_store,US,MO,66.0,9.9,WELCOME15,0.0,3.37,59.47,shop_pay,2.02,USD
5491,102984,2026-05-28T01:52:45Z,,partially_refunded,fulfilled,online_store,US,CO,174.0,0.0,,0.0,10.44,184.44,shopify_payments,5.65,USD
5492,102395,2026-05-28T04:02:58Z,,paid,fulfilled,online_store,US,WA,62.0,6.2,LOYAL10,0.0,3.35,59.15,paypal,2.55,USD
5493,102126,2026-05-28T07:07:22Z,2026-05-28T18:07:22Z,voided,unfulfilled,online_store,US,VA,105.0,0.0,,0.0,6.3,111.3,shop_pay,0.0,USD
5494,102813,2026-05-28T08:28:11Z,,paid,fulfilled,online_store,US,VA,67.0,0.0,,0.0,4.02,71.02,shopify_payments,2.36,USD
5495,103091,2026-05-28T09:27:12Z,,paid,fulfilled,online_store,CA,AB,154.0,15.4,LOYAL10,0.0,6.93,145.53,paypal,5.57,USD
5496,103656,2026-05-28T10:52:31Z,,paid,fulfilled,online_store,US,TN,34.0,5.1,WELCOME15,5.95,1.73,36.58,shopify_payments,1.36,USD
5497,103657,2026-05-28T10:52:58Z,,paid,fulfilled,online_store,GB,WLS,22.0,0.0,,12.95,4.4,39.35,shop_pay,1.44,USD
5498,103145,2026-05-28T11:32:34Z,,paid,fulfilled,online_store,US,CO,110.0,0.0,,0.0,6.6,116.6,shopify_payments,3.68,USD
5499,102540,2026-05-28T11:47:42Z,,paid,fulfilled,online_store,US,MA,34.0,0.0,,5.95,2.04,41.99,paypal,1.96,USD
5500,103658,2026-05-28T12:32:03Z,,paid,fulfilled,online_store,US,TX,30.0,3.0,"DERMDIARY10,FREESHIP",0.0,1.62,28.62,shopify_payments,1.13,USD
5501,103335,2026-05-28T13:41:44Z,,paid,fulfilled,online_store,US,FL,38.0,0.0,,5.95,2.28,46.23,shopify_payments,1.64,USD
5502,103260,2026-05-28T13:45:11Z,,paid,fulfilled,online_store,US,TN,87.0,13.05,WELCOME15,0.0,4.44,78.39,shop_pay,2.57,USD
5503,103589,2026-05-28T14:28:12Z,,paid,fulfilled,shop_app,US,VA,38.0,5.7,WELCOME15,5.95,1.94,40.19,shopify_payments,1.47,USD
5504,103659,2026-05-28T15:15:46Z,,paid,fulfilled,online_store,CA,ON,82.0,0.0,,12.95,4.1,99.05,shopify_payments,3.17,USD
5505,103660,2026-05-28T19:50:45Z,,paid,fulfilled,online_store,US,OR,24.0,3.6,WELCOME15,5.95,0.0,26.35,paypal,1.41,USD
5506,103662,2026-05-28T21:30:18Z,,paid,fulfilled,online_store,US,CA,98.0,9.8,AMELIA10,0.0,5.29,93.49,klarna,5.9,USD
5507,103663,2026-05-28T22:47:04Z,,paid,fulfilled,online_store,US,CA,38.0,5.7,WELCOME15,5.95,1.94,40.19,shopify_payments,1.47,USD
5508,103664,2026-05-28T23:00:45Z,,paid,fulfilled,online_store,US,CA,34.0,0.0,,5.95,2.04,41.99,shop_pay,1.52,USD
5509,102677,2026-05-29T03:28:11Z,,partially_refunded,fulfilled,online_store,US,MI,160.0,0.0,,0.0,9.6,169.6,shop_pay,5.22,USD
5510,103460,2026-05-29T03:59:50Z,,paid,fulfilled,online_store,US,OH,38.0,5.7,WELCOME15,5.95,1.94,40.19,shopify_payments,1.47,USD
5511,101758,2026-05-29T04:09:19Z,,paid,fulfilled,online_store,US,PA,58.0,0.0,,0.0,3.48,61.48,shopify_payments,2.08,USD
5512,103666,2026-05-29T09:02:02Z,,paid,fulfilled,online_store,US,OR,98.0,0.0,,0.0,0.0,98.0,shop_pay,3.14,USD
5513,101323,2026-05-29T09:29:33Z,,paid,fulfilled,online_store,US,CO,72.0,0.0,,0.0,4.32,76.32,shopify_payments,2.51,USD
5514,103667,2026-05-29T10:44:32Z,,paid,fulfilled,online_store,US,MA,34.0,0.0,,5.95,2.04,41.99,shopify_payments,1.52,USD
5515,103668,2026-05-29T10:50:04Z,,paid,fulfilled,online_store,US,OH,36.0,0.0,,5.95,2.16,44.11,shopify_payments,1.58,USD
5516,102748,2026-05-29T13:50:40Z,,paid,fulfilled,online_store,US,GA,36.0,0.0,,5.95,2.16,44.11,shopify_payments,1.58,USD
5517,103303,2026-05-29T16:06:13Z,,paid,fulfilled,online_store,AU,QLD,88.0,13.2,WELCOME15,12.95,7.48,95.23,shopify_payments,3.06,USD
5518,103671,2026-05-29T17:03:26Z,,paid,fulfilled,online_store,US,NC,76.0,0.0,,0.0,4.56,80.56,shopify_payments,2.64,USD
5519,103672,2026-05-29T17:50:35Z,,paid,fulfilled,online_store,AU,NSW,22.0,0.0,,12.95,2.2,37.15,shopify_payments,1.38,USD
5520,103673,2026-05-29T18:07:47Z,,paid,fulfilled,online_store,US,NH,88.0,0.0,,0.0,0.0,88.0,shopify_payments,2.85,USD
5521,103674,2026-05-29T18:29:56Z,,paid,fulfilled,shop_app,US,FL,29.0,0.0,,5.95,1.74,36.69,shop_pay,1.36,USD
5522,103675,2026-05-29T21:58:14Z,,paid,fulfilled,online_store,US,CA,68.0,0.0,,0.0,4.08,72.08,shopify_payments,2.39,USD
5523,103677,2026-05-29T23:23:42Z,,paid,fulfilled,online_store,US,OH,28.0,0.0,,5.95,1.68,35.63,shop_pay,1.33,USD
5524,103678,2026-05-29T23:36:36Z,,paid,fulfilled,online_store,US,GA,52.0,0.0,,0.0,3.12,55.12,shop_pay,1.9,USD
5525,103679,2026-05-30T01:05:41Z,,paid,fulfilled,online_store,US,WA,44.0,6.6,WELCOME15,5.95,2.24,45.59,shopify_payments,1.62,USD
5526,103077,2026-05-30T05:00:00Z,,paid,fulfilled,shop_app,US,MI,61.0,6.1,LOYAL10,0.0,3.29,58.19,shopify_payments,1.99,USD
5527,103282,2026-05-30T07:45:27Z,,paid,fulfilled,online_store,US,WI,66.0,0.0,,0.0,3.96,69.96,paypal,2.93,USD
5528,103586,2026-05-30T10:46:51Z,,refunded,fulfilled,online_store,US,TN,29.0,4.35,WELCOME15,5.95,1.48,32.08,shop_pay,1.23,USD
5529,102880,2026-05-30T11:16:09Z,,partially_refunded,fulfilled,online_store,US,FL,139.0,0.0,,0.0,8.34,147.34,shop_pay,4.57,USD
5530,103681,2026-05-30T12:33:07Z,,paid,fulfilled,online_store,US,MA,34.0,0.0,,5.95,2.04,41.99,shopify_payments,1.52,USD
5531,102993,2026-05-30T12:38:01Z,,paid,fulfilled,online_store,US,CO,38.0,0.0,,5.95,2.28,46.23,shopify_payments,1.64,USD
5532,103682,2026-05-30T14:35:15Z,,partially_refunded,fulfilled,online_store,US,MD,141.0,0.0,,0.0,8.46,149.46,shopify_payments,4.63,USD
5533,103683,2026-05-30T15:52:14Z,,paid,fulfilled,online_store,GB,SCT,74.0,11.1,WELCOME15,12.95,12.58,88.43,shopify_payments,2.86,USD
5534,102990,2026-05-30T20:20:07Z,,paid,fulfilled,online_store,US,CA,110.0,11.0,LOYAL10,0.0,5.94,104.94,shopify_payments,3.34,USD
5535,103684,2026-05-30T20:39:25Z,,refunded,fulfilled,shop_app,US,CO,88.0,13.2,WELCOME15,0.0,4.49,79.29,shopify_payments,2.6,USD
5536,103685,2026-05-30T23:51:38Z,,paid,fulfilled,online_store,US,NY,44.0,0.0,,5.95,2.64,52.59,shopify_payments,1.83,USD
5537,103686,2026-05-31T02:32:43Z,,paid,fulfilled,online_store,US,NC,44.0,6.6,WELCOME15,5.95,2.24,45.59,paypal,2.08,USD
5538,103687,2026-05-31T08:08:26Z,,partially_refunded,fulfilled,online_store,US,OR,126.0,18.9,WELCOME15,0.0,0.0,107.1,shopify_payments,3.41,USD
5539,103689,2026-05-31T12:24:20Z,,paid,fulfilled,online_store,US,TN,30.0,0.0,,5.95,1.8,37.75,paypal,1.81,USD
5540,103690,2026-05-31T13:30:05Z,,paid,fulfilled,online_store,US,NY,98.0,0.0,,0.0,5.88,103.88,shopify_payments,3.31,USD
5541,103691,2026-05-31T13:36:10Z,,paid,fulfilled,online_store,US,CO,34.0,0.0,,5.95,2.04,41.99,shopify_payments,1.52,USD
5542,103692,2026-05-31T15:29:00Z,,paid,fulfilled,online_store,US,IL,180.0,27.0,WELCOME15,0.0,9.18,162.18,shopify_payments,5.0,USD
5543,103253,2026-05-31T15:29:14Z,,paid,fulfilled,online_store,US,FL,38.0,0.0,,5.95,2.28,46.23,shopify_payments,1.64,USD
5544,103109,2026-05-31T17:24:03Z,,paid,fulfilled,shop_app,US,IL,29.0,0.0,,5.95,1.74,36.69,shopify_payments,1.36,USD
5545,102532,2026-05-31T19:53:45Z,,paid,fulfilled,online_store,US,GA,158.0,15.8,LOYAL10,0.0,8.53,150.73,paypal,5.75,USD
5546,102577,2026-05-31T20:23:46Z,,partially_refunded,fulfilled,online_store,US,FL,84.0,0.0,,0.0,5.04,89.04,klarna,5.63,USD
5547,103465,2026-06-01T00:17:03Z,,paid,fulfilled,online_store,US,CA,24.0,0.0,,5.95,1.44,31.39,shopify_payments,1.21,USD
5548,102898,2026-06-01T02:24:18Z,,paid,fulfilled,online_store,US,FL,50.0,5.0,LOYAL10,5.95,2.7,53.65,shopify_payments,1.86,USD
5549,102790,2026-06-01T02:53:20Z,,paid,fulfilled,shop_app,US,CA,66.0,0.0,,0.0,3.96,69.96,shopify_payments,2.33,USD
5550,103695,2026-06-01T03:38:05Z,,paid,fulfilled,online_store,US,NH,38.0,0.0,,5.95,0.0,43.95,shopify_payments,1.57,USD
5551,103628,2026-06-01T13:56:30Z,,paid,fulfilled,online_store,US,FL,44.0,0.0,,5.95,2.64,52.59,shopify_payments,1.83,USD
5552,103696,2026-06-01T14:24:11Z,,refunded,fulfilled,online_store,CA,AB,88.0,0.0,,0.0,4.4,92.4,shopify_payments,2.98,USD
5553,103314,2026-06-01T17:22:29Z,,paid,fulfilled,online_store,US,OH,34.0,0.0,,5.95,2.04,41.99,paypal,1.96,USD
5554,103698,2026-06-01T17:52:38Z,,paid,fulfilled,online_store,US,FL,44.0,6.6,WELCOME15,5.95,2.24,45.59,shopify_payments,1.62,USD
5555,103361,2026-06-01T18:07:10Z,,paid,fulfilled,online_store,GB,WLS,66.0,0.0,,12.95,13.2,92.15,shopify_payments,2.97,USD
5556,103699,2026-06-01T18:46:37Z,,paid,fulfilled,online_store,US,IN,63.0,9.45,WELCOME15,0.0,3.21,56.76,shop_pay,1.95,USD
5557,103700,2026-06-01T20:35:10Z,,paid,fulfilled,online_store,US,FL,34.0,0.0,,5.95,2.04,41.99,shopify_payments,1.52,USD
5558,103701,2026-06-01T22:53:55Z,,paid,fulfilled,online_store,US,MA,126.0,0.0,,0.0,7.56,133.56,shopify_payments,4.17,USD
5559,103702,2026-06-01T23:04:12Z,,paid,fulfilled,online_store,US,FL,34.0,5.1,WELCOME15,5.95,1.73,36.58,shop_pay,1.36,USD
5560,103703,2026-06-02T00:08:08Z,,paid,fulfilled,online_store,US,MD,38.0,0.0,,5.95,2.28,46.23,shopify_payments,1.64,USD
5561,103704,2026-06-02T02:09:36Z,,paid,fulfilled,online_store,CA,AB,177.0,26.55,WELCOME15,0.0,7.52,157.97,shopify_payments,4.88,USD
5562,103705,2026-06-02T03:44:50Z,,paid,fulfilled,online_store,US,NY,34.0,0.0,,5.95,2.04,41.99,shopify_payments,1.52,USD
5563,103706,2026-06-02T10:07:45Z,,paid,fulfilled,online_store,US,OR,29.0,0.0,,5.95,0.0,34.95,paypal,1.71,USD
5564,103707,2026-06-02T11:05:15Z,,paid,fulfilled,shop_app,US,NY,22.0,3.3,SKINBYJORDAN15,5.95,1.12,25.77,shopify_payments,1.05,USD
5565,103708,2026-06-02T14:10:45Z,,paid,fulfilled,shop_app,US,CA,38.0,4.56,GLOWWITHSAM12,5.95,2.01,41.4,shopify_payments,1.5,USD
5566,103709,2026-06-02T17:13:47Z,,paid,fulfilled,online_store,US,IL,68.0,0.0,,0.0,4.08,72.08,shopify_payments,2.39,USD
5567,103710,2026-06-02T18:36:01Z,,paid,fulfilled,online_store,US,IL,72.0,0.0,,0.0,4.32,76.32,shop_pay,2.51,USD
5568,103711,2026-06-02T20:42:32Z,,paid,fulfilled,online_store,US,AZ,66.0,0.0,,0.0,3.96,69.96,paypal,2.93,USD
5569,103712,2026-06-02T22:12:16Z,,paid,fulfilled,online_store,US,OR,34.0,0.0,,5.95,0.0,39.95,shopify_payments,1.46,USD
5570,103713,2026-06-03T00:09:22Z,,paid,fulfilled,online_store,US,CO,70.0,0.0,,0.0,4.2,74.2,shopify_payments,2.45,USD
5571,103715,2026-06-03T04:30:29Z,,paid,fulfilled,online_store,CA,AB,53.0,0.0,,12.95,2.65,68.6,shopify_payments,2.29,USD
5572,103051,2026-06-03T05:23:47Z,,paid,fulfilled,online_store,US,FL,149.0,14.9,LOYAL10,0.0,8.05,142.15,shop_pay,4.42,USD
5573,102203,2026-06-03T08:55:59Z,,paid,fulfilled,online_store,US,FL,74.0,0.0,,0.0,4.44,78.44,shopify_payments,2.57,USD
5574,103716,2026-06-03T09:00:20Z,,paid,fulfilled,online_store,US,CA,38.0,0.0,,5.95,2.28,46.23,shopify_payments,1.64,USD
5575,103717,2026-06-03T10:44:04Z,,paid,fulfilled,online_store,US,CA,82.0,0.0,,0.0,4.92,86.92,paypal,3.52,USD
5576,103718,2026-06-03T11:29:19Z,,paid,fulfilled,online_store,US,PA,56.0,8.4,WELCOME15,5.95,2.86,56.41,shopify_payments,1.94,USD
5577,103719,2026-06-03T12:48:39Z,,paid,fulfilled,online_store,AU,QLD,122.0,18.3,SKINBYJORDAN15,0.0,10.37,114.07,shop_pay,3.61,USD
5578,103720,2026-06-03T13:41:22Z,,paid,fulfilled,online_store,US,IL,74.0,11.1,WELCOME15,0.0,3.77,66.67,shopify_payments,2.23,USD
5579,103721,2026-06-03T14:16:49Z,,paid,fulfilled,shop_app,CA,AB,22.0,0.0,,12.95,1.1,36.05,shopify_payments,1.35,USD
5580,103722,2026-06-03T14:29:26Z,,paid,fulfilled,online_store,CA,AB,38.0,0.0,,12.95,1.9,52.85,klarna,3.47,USD
5581,103723,2026-06-03T15:14:04Z,,paid,fulfilled,online_store,US,FL,110.0,0.0,,0.0,6.6,116.6,shopify_payments,3.68,USD
5582,103206,2026-06-03T23:24:40Z,,refunded,fulfilled,online_store,US,VA,30.0,3.0,LOYAL10,5.95,1.62,34.57,shopify_payments,1.3,USD
5583,103725,2026-06-03T23:48:02Z,,paid,fulfilled,online_store,US,VA,114.0,0.0,,0.0,6.84,120.84,shopify_payments,3.8,USD
5584,103726,2026-06-04T00:52:29Z,,paid,fulfilled,online_store,US,TX,22.0,0.0,,5.95,1.32,29.27,shop_pay,1.15,USD
5585,103727,2026-06-04T02:54:10Z,,paid,fulfilled,shop_app,US,AZ,44.0,6.6,WELCOME15,5.95,2.24,45.59,paypal,2.08,USD
5586,103135,2026-06-04T04:24:22Z,,paid,fulfilled,online_store,US,CA,76.0,0.0,,0.0,4.56,80.56,shopify_payments,2.64,USD
5587,103728,2026-06-04T05:24:17Z,,paid,fulfilled,online_store,US,CA,58.0,8.7,WELCOME15,5.95,2.96,58.21,shopify_payments,1.99,USD
5588,103116,2026-06-04T06:31:09Z,,paid,fulfilled,online_store,US,NC,26.0,0.0,,5.95,1.56,33.51,shopify_payments,1.27,USD
5589,102689,2026-06-04T06:52:57Z,,paid,fulfilled,online_store,US,CA,34.0,0.0,,5.95,2.04,41.99,shopify_payments,1.52,USD
5590,103729,2026-06-04T09:54:26Z,,paid,fulfilled,online_store,US,CA,62.0,9.3,WELCOME15,0.0,3.16,55.86,shop_pay,1.92,USD
5591,103257,2026-06-04T10:47:59Z,,paid,fulfilled,online_store,US,DE,38.0,0.0,,5.95,0.0,43.95,shopify_payments,1.57,USD
5592,103056,2026-06-04T12:32:38Z,,partially_refunded,fulfilled,online_store,US,MD,135.0,0.0,,0.0,8.1,143.1,shopify_payments,4.45,USD
5593,103730,2026-06-04T12:39:25Z,,paid,fulfilled,online_store,US,MO,120.0,0.0,,0.0,7.2,127.2,shop_pay,3.99,USD
5594,102901,2026-06-04T12:42:27Z,,paid,fulfilled,online_store,US,MA,48.0,0.0,,5.95,2.88,56.83,shop_pay,1.95,USD
5595,103731,2026-06-04T13:18:34Z,,paid,fulfilled,online_store,US,TX,28.0,4.2,WELCOME15,5.95,1.43,31.18,shopify_payments,1.2,USD
5596,103732,2026-06-04T13:29:34Z,,refunded,fulfilled,online_store,CA,QC,32.0,4.8,WELCOME15,12.95,1.36,41.51,shopify_payments,1.5,USD
5597,101815,2026-06-04T13:48:00Z,,paid,fulfilled,online_store,US,NJ,56.0,0.0,,0.0,3.36,59.36,shop_pay,2.02,USD
5598,103733,2026-06-04T14:55:18Z,,paid,fulfilled,shop_app,US,NC,192.0,28.8,WELCOME15,0.0,9.79,172.99,shopify_payments,5.32,USD
5599,103734,2026-06-04T15:42:33Z,,paid,fulfilled,online_store,US,NY,32.0,4.8,WELCOME15,5.95,1.63,34.78,paypal,1.7,USD
5600,103735,2026-06-04T17:01:44Z,,paid,fulfilled,online_store,US,FL,66.0,9.9,WELCOME15,0.0,3.37,59.47,shopify_payments,2.02,USD
5601,103736,2026-06-04T18:08:54Z,,paid,fulfilled,online_store,US,FL,114.0,11.4,DERMDIARY10,0.0,6.16,108.76,shopify_payments,3.45,USD
5602,103737,2026-06-04T18:44:37Z,,paid,fulfilled,online_store,US,CA,88.0,0.0,,0.0,5.28,93.28,klarna,5.89,USD
5603,103738,2026-06-04T20:38:41Z,,paid,fulfilled,online_store,US,CO,65.0,6.5,AMELIA10,0.0,3.51,62.01,shopify_payments,2.1,USD
5604,103739,2026-06-04T21:01:46Z,,paid,fulfilled,online_store,US,CA,28.0,0.0,,5.95,1.68,35.63,shopify_payments,1.33,USD
5605,103740,2026-06-04T22:23:23Z,,paid,fulfilled,online_store,US,AZ,22.0,0.0,,5.95,1.32,29.27,shopify_payments,1.15,USD
5606,103741,2026-06-05T00:14:50Z,,paid,fulfilled,shop_app,US,NY,94.0,0.0,,0.0,5.64,99.64,shopify_payments,3.19,USD
5607,103742,2026-06-05T08:24:26Z,,paid,fulfilled,online_store,CA,AB,62.0,0.0,FREESHIP,0.0,3.1,65.1,shopify_payments,2.19,USD
5608,102064,2026-06-05T09:00:40Z,,paid,fulfilled,shop_app,CA,QC,32.0,0.0,,12.95,1.6,46.55,paypal,2.11,USD
5609,102565,2026-06-05T10:16:58Z,,paid,fulfilled,online_store,US,MN,29.0,0.0,,5.95,1.74,36.69,shopify_payments,1.36,USD
5610,103743,2026-06-05T11:28:59Z,,paid,fulfilled,online_store,US,CO,110.0,16.5,WELCOME15,0.0,5.61,99.11,paypal,3.95,USD
5611,103744,2026-06-05T11:42:39Z,,paid,fulfilled,online_store,US,CA,36.0,5.4,WELCOME15,5.95,1.84,38.39,shopify_payments,1.41,USD
5612,103745,2026-06-05T13:22:09Z,,paid,fulfilled,shop_app,US,IN,38.0,5.7,WELCOME15,5.95,1.94,40.19,shop_pay,1.47,USD
5613,102668,2026-06-05T15:06:15Z,,partially_refunded,fulfilled,online_store,AU,WA,58.0,5.8,LOYAL10,12.95,5.22,70.37,shopify_payments,2.34,USD
5614,103281,2026-06-05T17:46:30Z,,partially_refunded,fulfilled,online_store,US,CA,131.0,13.1,LOYAL10,0.0,7.07,124.97,paypal,4.85,USD
5615,101401,2026-06-05T17:59:46Z,,paid,fulfilled,online_store,US,NY,22.0,2.2,DERMDIARY10,5.95,1.19,26.94,shopify_payments,1.08,USD
5616,101261,2026-06-05T18:15:49Z,,paid,fulfilled,online_store,US,VA,96.0,0.0,,0.0,5.76,101.76,shop_pay,3.25,USD
5617,103241,2026-06-05T21:30:28Z,,paid,fulfilled,online_store,US,NY,104.0,0.0,,0.0,6.24,110.24,shopify_payments,3.5,USD
5618,103651,2026-06-05T22:45:07Z,,paid,fulfilled,online_store,CA,QC,94.0,0.0,,0.0,4.7,98.7,shopify_payments,3.16,USD
5619,103747,2026-06-06T01:41:47Z,,paid,fulfilled,online_store,US,CA,95.0,0.0,,0.0,5.7,100.7,shopify_payments,3.22,USD
5620,103748,2026-06-06T03:43:27Z,,paid,fulfilled,online_store,US,CA,38.0,0.0,,5.95,2.28,46.23,shop_pay,1.64,USD
5621,101115,2026-06-06T05:23:07Z,,paid,fulfilled,online_store,US,WI,88.0,8.8,LOYAL10,0.0,4.75,83.95,shopify_payments,2.73,USD
5622,103749,2026-06-06T09:20:46Z,,paid,fulfilled,shop_app,US,PA,117.0,17.55,WELCOME15,0.0,5.97,105.42,paypal,4.17,USD
5623,103261,2026-06-06T10:08:17Z,,paid,fulfilled,online_store,US,VA,70.0,0.0,,0.0,4.2,74.2,shopify_payments,2.45,USD
5624,102332,2026-06-06T11:55:00Z,,paid,fulfilled,online_store,US,NY,193.0,0.0,,0.0,11.58,204.58,paypal,7.63,USD
5625,103271,2026-06-06T12:37:27Z,,paid,fulfilled,online_store,US,CA,110.0,0.0,,0.0,6.6,116.6,shopify_payments,3.68,USD
5626,103750,2026-06-06T12:48:49Z,,paid,fulfilled,online_store,US,FL,22.0,3.3,WELCOME15,5.95,1.12,25.77,shop_pay,1.05,USD
5627,103444,2026-06-06T13:11:46Z,,paid,fulfilled,online_store,US,CA,88.0,0.0,,0.0,5.28,93.28,shopify_payments,3.01,USD
5628,103070,2026-06-06T14:35:27Z,,paid,fulfilled,online_store,US,NY,38.0,3.8,LOYAL10,5.95,2.05,42.2,shop_pay,1.52,USD
5629,103752,2026-06-06T14:42:18Z,,paid,fulfilled,online_store,CA,AB,88.0,13.2,WELCOME15,12.95,3.74,91.49,shop_pay,2.95,USD
5630,103137,2026-06-06T16:21:26Z,,paid,fulfilled,online_store,US,CA,90.0,0.0,,0.0,5.4,95.4,shopify_payments,3.07,USD
5631,103157,2026-06-06T19:12:24Z,,paid,fulfilled,online_store,GB,ENG,38.0,3.8,LOYAL10,12.95,6.84,53.99,shop_pay,1.87,USD
5632,103754,2026-06-06T19:22:04Z,,paid,fulfilled,online_store,US,MA,60.0,0.0,,0.0,3.6,63.6,shop_pay,2.14,USD
5633,103364,2026-06-06T19:29:04Z,,paid,fulfilled,online_store,US,MO,146.0,0.0,,0.0,8.76,154.76,shopify_payments,4.79,USD
5634,103304,2026-06-06T21:31:41Z,,paid,fulfilled,online_store,US,MI,92.0,9.2,LOYAL10,0.0,4.97,87.77,shopify_payments,2.85,USD
5635,103755,2026-06-06T21:50:01Z,,partially_refunded,fulfilled,shop_app,US,MN,142.0,21.3,WELCOME15,0.0,7.24,127.94,paypal,4.96,USD
5636,103756,2026-06-06T22:06:19Z,,refunded,fulfilled,online_store,GB,SCT,26.0,0.0,,12.95,5.2,44.15,shopify_payments,1.58,USD
5637,103757,2026-06-07T00:28:44Z,,paid,fulfilled,shop_app,US,NY,120.0,18.0,WELCOME15,0.0,6.12,108.12,shopify_payments,3.44,USD
5638,103758,2026-06-07T01:46:39Z,,paid,fulfilled,online_store,US,TX,44.0,6.6,NOURISHED15,5.95,2.24,45.59,shop_pay,1.62,USD
5639,101098,2026-06-07T03:07:56Z,,paid,fulfilled,online_store,US,NY,63.0,0.0,,0.0,3.78,66.78,shopify_payments,2.24,USD
5640,102954,2026-06-07T03:09:52Z,,paid,fulfilled,online_store,US,CO,29.0,0.0,,5.95,1.74,36.69,shopify_payments,1.36,USD
5641,103759,2026-06-07T03:23:23Z,,paid,fulfilled,shop_app,US,AZ,32.0,0.0,,5.95,1.92,39.87,shop_pay,1.46,USD
5642,103760,2026-06-07T04:42:05Z,,paid,fulfilled,online_store,US,MN,70.0,10.5,WELCOME15,0.0,3.57,63.07,shop_pay,2.13,USD
5643,103761,2026-06-07T07:49:00Z,,paid,fulfilled,online_store,US,MO,84.0,0.0,,0.0,5.04,89.04,shopify_payments,2.88,USD
5644,103762,2026-06-07T10:04:59Z,,paid,fulfilled,online_store,US,TX,68.0,0.0,,0.0,4.08,72.08,shop_pay,2.39,USD
5645,103022,2026-06-07T11:35:28Z,,paid,fulfilled,online_store,US,GA,64.0,0.0,,0.0,3.84,67.84,paypal,2.86,USD
5646,103763,2026-06-07T13:00:52Z,,paid,fulfilled,online_store,US,CA,88.0,13.2,WELCOME15,0.0,4.49,79.29,shop_pay,2.6,USD
5647,103764,2026-06-07T13:59:55Z,,paid,fulfilled,online_store,CA,BC,178.0,26.7,WELCOME15,0.0,7.57,158.87,shop_pay,4.91,USD
5648,102292,2026-06-07T15:09:13Z,,paid,fulfilled,online_store,US,VA,65.0,6.5,LOYAL10,0.0,3.51,62.01,shopify_payments,2.1,USD
5649,103765,2026-06-07T15:53:11Z,,paid,fulfilled,online_store,CA,AB,36.0,3.6,AMELIA10,12.95,1.62,46.97,shop_pay,1.66,USD
5650,103409,2026-06-07T16:08:21Z,,paid,fulfilled,online_store,CA,ON,66.0,0.0,,12.95,3.3,82.25,shopify_payments,2.69,USD
5651,103766,2026-06-07T18:33:15Z,,paid,fulfilled,online_store,US,NY,34.0,5.1,WELCOME15,5.95,1.73,36.58,shopify_payments,1.36,USD
5652,103767,2026-06-07T19:47:02Z,,paid,fulfilled,online_store,US,IL,29.0,4.35,WELCOME15,5.95,1.48,32.08,shopify_payments,1.23,USD
5653,103768,2026-06-07T21:12:46Z,,partially_refunded,fulfilled,shop_app,US,IN,116.0,17.4,WELCOME15,0.0,5.92,104.52,shopify_payments,3.33,USD
5654,103769,2026-06-07T23:12:41Z,,paid,fulfilled,online_store,GB,SCT,134.0,0.0,,0.0,26.8,160.8,shop_pay,4.96,USD
5655,103770,2026-06-07T23:25:30Z,,paid,fulfilled,online_store,US,MN,72.0,0.0,,0.0,4.32,76.32,shopify_payments,2.51,USD
5656,103771,2026-06-07T23:36:51Z,,paid,fulfilled,online_store,US,NY,30.0,4.5,WELCOME15,5.95,1.53,32.98,paypal,1.64,USD
5657,102600,2026-06-08T00:27:58Z,,paid,fulfilled,online_store,US,WA,24.0,2.4,LOYAL10,5.95,1.3,28.85,shopify_payments,1.14,USD
5658,103772,2026-06-08T00:41:45Z,,paid,fulfilled,online_store,US,TX,34.0,0.0,,5.95,2.04,41.99,paypal,1.96,USD
5659,103773,2026-06-08T00:58:32Z,,paid,fulfilled,online_store,US,TX,29.0,4.35,WELCOME15,5.95,1.48,32.08,shopify_payments,1.23,USD
5660,103267,2026-06-08T01:45:24Z,,paid,fulfilled,shop_app,US,TX,70.0,10.5,WELCOME15,0.0,3.57,63.07,shopify_payments,2.13,USD
5661,103336,2026-06-08T04:15:04Z,,paid,fulfilled,online_store,GB,WLS,34.0,3.4,LOYAL10,12.95,6.12,49.67,paypal,2.22,USD
5662,103774,2026-06-08T05:31:11Z,,paid,fulfilled,online_store,US,MN,34.0,5.1,"WELCOME15,FREESHIP",0.0,1.73,30.63,shopify_payments,1.19,USD
5663,103775,2026-06-08T08:34:29Z,,paid,fulfilled,online_store,US,OR,26.0,0.0,,5.95,0.0,31.95,shopify_payments,1.23,USD
5664,103776,2026-06-08T09:22:26Z,,paid,fulfilled,online_store,US,FL,72.0,10.8,WELCOME15,0.0,3.67,64.87,shopify_payments,2.18,USD
5665,103020,2026-06-08T10:43:48Z,,partially_refunded,fulfilled,online_store,US,FL,154.0,0.0,,0.0,9.24,163.24,shopify_payments,5.03,USD
5666,102890,2026-06-08T12:16:29Z,,paid,fulfilled,online_store,US,FL,36.0,3.6,LOYAL10,5.95,1.94,40.29,shopify_payments,1.47,USD
5667,103777,2026-06-08T12:36:23Z,,paid,fulfilled,online_store,US,CA,32.0,0.0,,5.95,1.92,39.87,shopify_payments,1.46,USD
5668,103778,2026-06-08T14:29:00Z,,paid,fulfilled,online_store,US,CA,76.0,11.4,WELCOME15,0.0,3.88,68.48,shopify_payments,2.29,USD
5669,103779,2026-06-08T14:57:30Z,,partially_refunded,fulfilled,online_store,US,TN,100.0,15.0,WELCOME15,0.0,5.1,90.1,shop_pay,2.91,USD
5670,103780,2026-06-08T16:18:44Z,,paid,fulfilled,online_store,US,FL,117.0,0.0,,0.0,7.02,124.02,shop_pay,3.9,USD
5671,103781,2026-06-08T18:13:56Z,,paid,fulfilled,online_store,US,MN,26.0,0.0,,5.95,1.56,33.51,shopify_payments,1.27,USD
5672,103782,2026-06-09T00:10:12Z,,paid,fulfilled,shop_app,US,MD,171.0,0.0,,0.0,10.26,181.26,paypal,6.82,USD
5673,103394,2026-06-09T02:41:26Z,,paid,fulfilled,online_store,US,NY,44.0,6.6,WELCOME15,5.95,2.24,45.59,shop_pay,1.62,USD
5674,103372,2026-06-09T05:17:17Z,,paid,fulfilled,online_store,US,AZ,32.0,3.2,LOYAL10,5.95,1.73,36.48,paypal,1.76,USD
5675,103504,2026-06-09T07:22:22Z,,paid,fulfilled,online_store,US,OH,64.0,6.4,LOYAL10,0.0,3.46,61.06,paypal,2.62,USD
5676,103310,2026-06-09T07:28:04Z,,paid,fulfilled,online_store,US,CA,56.0,0.0,,0.0,3.36,59.36,paypal,2.56,USD
5677,103783,2026-06-09T08:01:56Z,,paid,fulfilled,shop_app,GB,ENG,148.0,22.2,WELCOME15,0.0,25.16,150.96,shopify_payments,4.68,USD
5678,102368,2026-06-09T09:52:14Z,,paid,fulfilled,online_store,US,IN,44.0,0.0,,5.95,2.64,52.59,shopify_payments,1.83,USD
5679,103785,2026-06-09T10:05:20Z,,paid,fulfilled,online_store,US,MO,29.0,4.35,WELCOME15,5.95,1.48,32.08,shop_pay,1.23,USD
5680,103784,2026-06-09T10:07:16Z,,partially_refunded,fulfilled,online_store,US,OR,68.0,18.87,"NOURISHED15,WELCOME15",5.95,0.0,55.08,shop_pay,1.9,USD
5681,103787,2026-06-09T12:34:48Z,,paid,fulfilled,online_store,CA,BC,22.0,0.0,,12.95,1.1,36.05,shop_pay,1.35,USD
5682,102042,2026-06-09T14:58:55Z,,paid,fulfilled,online_store,US,CO,60.0,0.0,,0.0,3.6,63.6,paypal,2.71,USD
5683,103788,2026-06-09T15:24:10Z,,paid,fulfilled,online_store,US,TX,30.0,7.05,"AMELIA10,WELCOME15",5.95,1.38,30.28,shopify_payments,1.18,USD
5684,103789,2026-06-09T18:38:00Z,,paid,fulfilled,online_store,US,CA,30.0,0.0,,5.95,1.8,37.75,shopify_payments,1.39,USD
5685,103790,2026-06-09T19:33:25Z,,paid,fulfilled,online_store,US,TX,30.0,3.0,AMELIA10,5.95,1.62,34.57,shopify_payments,1.3,USD
5686,103792,2026-06-09T23:35:07Z,,paid,fulfilled,online_store,US,OH,36.0,0.0,,5.95,2.16,44.11,paypal,2.03,USD
5687,103791,2026-06-09T23:38:34Z,,paid,fulfilled,online_store,US,OR,34.0,3.4,DERMDIARY10,5.95,0.0,36.55,shopify_payments,1.36,USD
5688,103793,2026-06-10T00:15:08Z,,paid,fulfilled,online_store,US,CA,76.0,0.0,,0.0,4.56,80.56,shop_pay,2.64,USD
5689,102712,2026-06-10T00:50:18Z,,paid,fulfilled,online_store,AU,WA,36.0,0.0,,12.95,3.6,52.55,shop_pay,1.82,USD
5690,103222,2026-06-10T00:58:57Z,,paid,fulfilled,online_store,US,FL,92.0,0.0,,0.0,5.52,97.52,shopify_payments,3.13,USD
5691,103794,2026-06-10T02:30:57Z,,paid,fulfilled,online_store,US,TX,29.0,4.35,WELCOME15,5.95,1.48,32.08,shop_pay,1.23,USD
5692,103369,2026-06-10T05:12:33Z,,paid,fulfilled,online_store,CA,QC,51.0,5.1,LOYAL10,12.95,2.3,61.15,shopify_payments,2.07,USD
5693,103795,2026-06-10T09:20:57Z,,paid,fulfilled,online_store,US,CO,88.0,13.2,WELCOME15,0.0,4.49,79.29,shopify_payments,2.6,USD
5694,103796,2026-06-10T10:30:43Z,,partially_refunded,fulfilled,online_store,CA,BC,86.0,0.0,,0.0,4.3,90.3,shopify_payments,2.92,USD
5695,103548,2026-06-10T10:49:56Z,,paid,fulfilled,shop_app,US,FL,58.0,0.0,,0.0,3.48,61.48,shop_pay,2.08,USD
5696,103797,2026-06-10T14:38:45Z,,paid,fulfilled,online_store,US,WA,29.0,4.35,WELCOME15,5.95,1.48,32.08,shopify_payments,1.23,USD
5697,103798,2026-06-10T16:17:06Z,,paid,fulfilled,online_store,US,CO,57.0,0.0,,0.0,3.42,60.42,shopify_payments,2.05,USD
5698,103799,2026-06-10T17:04:19Z,,paid,fulfilled,online_store,US,CA,38.0,0.0,,5.95,2.28,46.23,shopify_payments,1.64,USD
5699,103800,2026-06-10T18:03:41Z,,paid,fulfilled,online_store,US,AZ,122.0,18.3,WELCOME15,0.0,6.22,109.92,shop_pay,3.49,USD
5700,102080,2026-06-10T21:02:08Z,,paid,fulfilled,online_store,US,TX,36.0,0.0,,5.95,2.16,44.11,shopify_payments,1.58,USD
5701,102401,2026-06-10T21:53:24Z,,paid,fulfilled,online_store,US,CA,26.0,2.6,LOYAL10,5.95,1.4,30.75,shopify_payments,1.19,USD
5702,103801,2026-06-10T22:00:49Z,,paid,fulfilled,online_store,US,FL,22.0,0.0,,5.95,1.32,29.27,klarna,2.05,USD
5703,103802,2026-06-10T22:54:32Z,,paid,fulfilled,online_store,US,TX,84.0,12.6,WELCOME15,0.0,4.28,75.68,paypal,3.13,USD
5704,103803,2026-06-10T22:55:05Z,,paid,fulfilled,online_store,CA,ON,86.0,0.0,,0.0,4.3,90.3,shop_pay,2.92,USD
5705,103804,2026-06-10T23:20:19Z,,paid,fulfilled,online_store,US,TX,38.0,5.7,WELCOME15,5.95,1.94,40.19,paypal,1.89,USD
5706,103805,2026-06-10T23:33:00Z,,paid,fulfilled,online_store,US,TX,76.0,11.4,SKINBYJORDAN15,0.0,3.88,68.48,paypal,2.88,USD
5707,103806,2026-06-10T23:45:39Z,,paid,fulfilled,online_store,US,MI,120.0,18.0,WELCOME15,0.0,6.12,108.12,paypal,4.26,USD
5708,103807,2026-06-11T00:00:58Z,,paid,fulfilled,online_store,US,PA,88.0,13.2,WELCOME15,0.0,4.49,79.29,paypal,3.26,USD
5709,103808,2026-06-11T00:47:19Z,,paid,fulfilled,online_store,US,NY,22.0,0.0,,5.95,1.32,29.27,shopify_payments,1.15,USD
5710,103809,2026-06-11T01:58:30Z,,paid,fulfilled,online_store,US,IL,28.0,0.0,,5.95,1.68,35.63,shop_pay,1.33,USD
5711,103810,2026-06-11T02:15:08Z,,paid,fulfilled,online_store,US,CA,48.0,0.0,,5.95,2.88,56.83,shopify_payments,1.95,USD
5712,103811,2026-06-11T02:26:36Z,,paid,fulfilled,online_store,CA,BC,34.0,5.1,WELCOME15,12.95,1.44,43.29,shopify_payments,1.56,USD
5713,103812,2026-06-11T08:38:29Z,,paid,fulfilled,online_store,US,NY,22.0,3.3,WELCOME15,5.95,1.12,25.77,shopify_payments,1.05,USD
5714,103813,2026-06-11T08:51:32Z,,paid,fulfilled,online_store,US,AZ,64.0,0.0,,0.0,3.84,67.84,shopify_payments,2.27,USD
5715,100505,2026-06-11T10:34:23Z,,paid,fulfilled,online_store,CA,ON,38.0,0.0,,12.95,1.9,52.85,shopify_payments,1.83,USD
5716,103814,2026-06-11T10:41:57Z,,paid,fulfilled,online_store,US,OH,29.0,0.0,,5.95,1.74,36.69,shopify_payments,1.36,USD
5717,103815,2026-06-11T10:56:46Z,,paid,fulfilled,online_store,US,CO,32.0,0.0,,5.95,1.92,39.87,shop_pay,1.46,USD
5718,103816,2026-06-11T11:38:46Z,,paid,fulfilled,online_store,US,GA,88.0,0.0,,0.0,5.28,93.28,paypal,3.75,USD
5719,103817,2026-06-11T11:57:25Z,,paid,fulfilled,online_store,US,OH,22.0,3.3,WELCOME15,5.95,1.12,25.77,shopify_payments,1.05,USD
5720,103251,2026-06-11T12:17:40Z,,paid,fulfilled,online_store,US,GA,122.0,0.0,,0.0,7.32,129.32,shopify_payments,4.05,USD
5721,103618,2026-06-11T12:46:16Z,,paid,fulfilled,online_store,US,NC,64.0,0.0,,0.0,3.84,67.84,shopify_payments,2.27,USD
5722,103818,2026-06-11T13:51:24Z,,partially_refunded,fulfilled,online_store,US,TX,54.0,5.4,AMELIA10,5.95,2.92,57.47,shopify_payments,1.97,USD
5723,103349,2026-06-11T14:26:56Z,,paid,fulfilled,online_store,US,CA,52.0,0.0,,0.0,3.12,55.12,paypal,2.41,USD
5724,103184,2026-06-11T14:34:45Z,,paid,fulfilled,online_store,US,NC,58.0,0.0,,0.0,3.48,61.48,paypal,2.64,USD
5725,103819,2026-06-11T14:38:08Z,,paid,fulfilled,online_store,US,TX,34.0,0.0,FREESHIP,0.0,2.04,36.04,shop_pay,1.35,USD
5726,103820,2026-06-11T16:19:40Z,,paid,fulfilled,online_store,US,FL,28.0,0.0,,5.95,1.68,35.63,shopify_payments,1.33,USD
5727,102059,2026-06-11T17:05:11Z,,paid,fulfilled,online_store,US,CA,64.0,0.0,,0.0,3.84,67.84,shopify_payments,2.27,USD
5728,103724,2026-06-11T23:32:50Z,,paid,fulfilled,online_store,US,IN,36.0,0.0,,5.95,2.16,44.11,shopify_payments,1.58,USD
5729,103821,2026-06-12T00:10:05Z,,paid,fulfilled,online_store,AU,WA,34.0,5.1,WELCOME15,12.95,2.89,44.74,shopify_payments,1.6,USD
5730,103822,2026-06-12T04:12:09Z,,paid,fulfilled,online_store,US,VA,30.0,4.5,WELCOME15,5.95,1.53,32.98,paypal,1.64,USD
5731,103823,2026-06-12T04:26:21Z,,paid,fulfilled,online_store,GB,ENG,22.0,3.3,SKINBYJORDAN15,12.95,3.74,35.39,shopify_payments,1.33,USD
5732,103824,2026-06-12T06:48:58Z,2026-06-12T22:48:58Z,voided,unfulfilled,online_store,US,IL,24.0,0.0,,5.95,1.44,31.39,shopify_payments,0.0,USD
5733,103825,2026-06-12T06:52:01Z,,paid,fulfilled,online_store,CA,ON,22.0,2.2,AMELIA10,12.95,0.99,33.74,shopify_payments,1.28,USD
5734,103826,2026-06-12T08:53:02Z,,paid,fulfilled,online_store,US,DE,34.0,0.0,,5.95,0.0,39.95,shop_pay,1.46,USD
5735,102917,2026-06-12T09:01:58Z,,paid,fulfilled,online_store,US,CA,34.0,3.4,LOYAL10,5.95,1.84,38.39,shopify_payments,1.41,USD
5736,102677,2026-06-12T09:49:38Z,,paid,fulfilled,online_store,US,MI,28.0,0.0,,5.95,1.68,35.63,shopify_payments,1.33,USD
5737,103827,2026-06-12T10:58:10Z,,paid,fulfilled,shop_app,US,FL,74.0,0.0,,0.0,4.44,78.44,shopify_payments,2.57,USD
5738,103828,2026-06-12T11:20:01Z,,paid,fulfilled,online_store,GB,SCT,88.0,13.2,WELCOME15,12.95,14.96,102.71,shopify_payments,3.28,USD
5739,103829,2026-06-12T13:40:55Z,,paid,fulfilled,online_store,CA,QC,34.0,0.0,,12.95,1.7,48.65,shopify_payments,1.71,USD
5740,103385,2026-06-12T14:27:10Z,,paid,fulfilled,online_store,US,FL,112.0,0.0,,0.0,6.72,118.72,paypal,4.63,USD
5741,103830,2026-06-12T16:27:16Z,,paid,fulfilled,online_store,US,NY,36.0,0.0,,5.95,2.16,44.11,shopify_payments,1.58,USD
5742,103831,2026-06-12T17:07:56Z,,paid,fulfilled,online_store,US,CA,22.0,0.0,,5.95,1.32,29.27,shopify_payments,1.15,USD
5743,103325,2026-06-12T17:41:51Z,,paid,fulfilled,online_store,US,WA,60.0,0.0,,0.0,3.6,63.6,shopify_payments,2.14,USD
5744,103832,2026-06-12T19:16:27Z,,partially_refunded,fulfilled,online_store,US,OH,78.0,0.0,,0.0,4.68,82.68,shopify_payments,2.7,USD
5745,103833,2026-06-12T19:24:56Z,,paid,fulfilled,shop_app,US,NC,38.0,3.8,LOYAL10,5.95,2.05,42.2,shop_pay,1.52,USD
5746,103154,2026-06-12T19:28:06Z,,paid,fulfilled,online_store,GB,ENG,24.0,0.0,,12.95,4.8,41.75,paypal,1.95,USD
5747,102985,2026-06-12T19:42:52Z,2026-06-13T04:42:52Z,voided,unfulfilled,online_store,US,CA,54.0,0.0,,0.0,3.24,57.24,shop_pay,0.0,USD
5748,103834,2026-06-12T19:58:57Z,,paid,fulfilled,shop_app,US,MA,100.0,15.0,WELCOME15,0.0,5.1,90.1,shopify_payments,2.91,USD
5749,103835,2026-06-12T21:21:55Z,,paid,fulfilled,online_store,US,IN,144.0,21.6,NOURISHED15,0.0,7.34,129.74,shop_pay,4.06,USD
5750,103512,2026-06-12T21:25:28Z,,paid,fulfilled,shop_app,US,VA,36.0,0.0,,5.95,2.16,44.11,shopify_payments,1.58,USD
5751,103836,2026-06-12T22:57:48Z,,paid,fulfilled,online_store,US,CA,34.0,5.1,WELCOME15,5.95,1.73,36.58,shopify_payments,1.36,USD
5752,103837,2026-06-13T01:20:03Z,,paid,fulfilled,online_store,US,MD,105.0,0.0,,0.0,6.3,111.3,shopify_payments,3.53,USD
5753,102073,2026-06-13T03:12:04Z,,paid,fulfilled,shop_app,US,TX,34.0,3.4,LOYAL10,5.95,1.84,38.39,shopify_payments,1.41,USD
5754,101347,2026-06-13T07:08:40Z,,partially_refunded,fulfilled,online_store,US,VA,114.0,0.0,,0.0,6.84,120.84,shop_pay,3.8,USD
5755,103365,2026-06-13T08:29:44Z,,paid,fulfilled,online_store,US,MI,120.0,0.0,,0.0,7.2,127.2,shopify_payments,3.99,USD
5756,102928,2026-06-13T09:16:39Z,,paid,fulfilled,online_store,US,IN,38.0,0.0,,5.95,2.28,46.23,shopify_payments,1.64,USD
5757,103838,2026-06-13T09:39:04Z,,paid,fulfilled,online_store,US,IL,120.0,0.0,,0.0,7.2,127.2,shopify_payments,3.99,USD
5758,103839,2026-06-13T09:40:12Z,,paid,fulfilled,online_store,US,CA,72.0,0.0,,0.0,4.32,76.32,paypal,3.15,USD
5759,103669,2026-06-13T11:42:58Z,,paid,fulfilled,online_store,US,MN,32.0,4.8,WELCOME15,5.95,1.63,34.78,paypal,1.7,USD
5760,103841,2026-06-13T13:54:16Z,,paid,fulfilled,online_store,US,MN,72.0,10.8,WELCOME15,0.0,3.67,64.87,shopify_payments,2.18,USD
5761,103842,2026-06-13T15:37:38Z,,paid,fulfilled,online_store,US,TX,128.0,19.2,WELCOME15,0.0,6.53,115.33,shopify_payments,3.64,USD
5762,103843,2026-06-13T16:09:44Z,,paid,fulfilled,online_store,US,OR,32.0,0.0,,5.95,0.0,37.95,shopify_payments,1.4,USD
5763,103255,2026-06-13T16:48:40Z,,paid,fulfilled,online_store,US,PA,118.0,11.8,LOYAL10,0.0,6.37,112.57,shopify_payments,3.56,USD
5764,103844,2026-06-13T17:30:37Z,,paid,fulfilled,online_store,GB,ENG,66.0,6.6,AMELIA10,12.95,11.88,84.23,shop_pay,2.74,USD
5765,103845,2026-06-13T18:09:33Z,,partially_refunded,fulfilled,online_store,US,WI,59.0,0.0,,0.0,3.54,62.54,shopify_payments,2.11,USD
5766,103846,2026-06-13T22:50:11Z,,paid,fulfilled,online_store,US,PA,38.0,0.0,,5.95,2.28,46.23,shopify_payments,1.64,USD
5767,103847,2026-06-14T00:26:52Z,,paid,fulfilled,online_store,US,FL,88.0,13.2,WELCOME15,0.0,4.49,79.29,shopify_payments,2.6,USD
5768,103848,2026-06-14T02:58:04Z,,paid,fulfilled,shop_app,US,CA,67.0,0.0,,0.0,4.02,71.02,shopify_payments,2.36,USD
5769,103849,2026-06-14T10:26:29Z,,paid,fulfilled,shop_app,US,TN,44.0,0.0,,5.95,2.64,52.59,shopify_payments,1.83,USD
5770,103850,2026-06-14T10:58:35Z,,paid,fulfilled,online_store,US,AZ,44.0,0.0,,5.95,2.64,52.59,shopify_payments,1.83,USD
5771,103851,2026-06-14T12:47:44Z,,paid,fulfilled,online_store,US,PA,62.0,0.0,,0.0,3.72,65.72,shopify_payments,2.21,USD
5772,103852,2026-06-14T13:10:17Z,,paid,fulfilled,online_store,US,NJ,82.0,12.3,WELCOME15,0.0,4.18,73.88,shopify_payments,2.44,USD
5773,102787,2026-06-14T13:31:29Z,,paid,fulfilled,online_store,US,NC,54.0,0.0,,0.0,3.24,57.24,shop_pay,1.96,USD
5774,103853,2026-06-14T14:01:00Z,,paid,fulfilled,online_store,US,TN,132.0,13.2,DERMDIARY10,0.0,7.13,125.93,shopify_payments,3.95,USD
5775,103854,2026-06-14T14:32:59Z,,paid,fulfilled,online_store,US,TN,29.0,0.0,,5.95,1.74,36.69,shopify_payments,1.36,USD
5776,103855,2026-06-14T14:37:15Z,,paid,fulfilled,online_store,US,CA,30.0,0.0,,5.95,1.8,37.75,shop_pay,1.39,USD
5777,102680,2026-06-14T14:57:53Z,,paid,fulfilled,shop_app,US,CA,156.0,0.0,,0.0,9.36,165.36,paypal,6.26,USD
5778,103857,2026-06-14T17:21:20Z,,paid,fulfilled,online_store,CA,AB,29.0,0.0,,12.95,1.45,43.4,paypal,2.0,USD
5779,103858,2026-06-14T17:45:04Z,,paid,fulfilled,online_store,US,TX,56.0,8.4,WELCOME15,5.95,2.86,56.41,shopify_payments,1.94,USD
5780,103860,2026-06-14T20:23:14Z,,paid,fulfilled,online_store,US,AZ,38.0,0.0,,5.95,2.28,46.23,shopify_payments,1.64,USD
5781,103861,2026-06-14T21:47:13Z,,paid,fulfilled,online_store,US,AZ,38.0,0.0,,5.95,2.28,46.23,shopify_payments,1.64,USD
5782,103746,2026-06-14T21:47:36Z,,partially_refunded,fulfilled,online_store,US,AZ,62.0,0.0,,0.0,3.72,65.72,shopify_payments,2.21,USD
5783,103862,2026-06-14T23:15:16Z,,paid,fulfilled,online_store,US,IN,58.0,0.0,,0.0,3.48,61.48,shopify_payments,2.08,USD
5784,103863,2026-06-15T00:08:03Z,,partially_refunded,fulfilled,online_store,US,NY,68.0,0.0,,0.0,4.08,72.08,shopify_payments,2.39,USD
5785,103864,2026-06-15T00:27:26Z,,paid,fulfilled,online_store,US,CA,76.0,11.4,WELCOME15,0.0,3.88,68.48,paypal,2.88,USD
5786,103865,2026-06-15T00:36:45Z,,paid,fulfilled,online_store,US,OH,160.0,24.0,WELCOME15,0.0,8.16,144.16,shopify_payments,4.48,USD
5787,103866,2026-06-15T00:37:11Z,,paid,fulfilled,online_store,US,IN,133.0,0.0,,0.0,7.98,140.98,shop_pay,4.39,USD
5788,103458,2026-06-15T02:01:15Z,,paid,fulfilled,shop_app,US,FL,24.0,3.6,WELCOME15,5.95,1.22,27.57,shop_pay,1.1,USD
5789,103867,2026-06-15T03:02:42Z,,paid,fulfilled,online_store,US,WI,76.0,7.6,LOYAL10,0.0,4.1,72.5,shop_pay,2.4,USD
5790,103382,2026-06-15T03:33:38Z,,paid,fulfilled,online_store,US,NJ,153.0,15.3,LOYAL10,0.0,8.26,145.96,paypal,5.58,USD
5791,103868,2026-06-15T06:24:57Z,,paid,fulfilled,online_store,US,MA,56.0,0.0,,0.0,3.36,59.36,paypal,2.56,USD
5792,103869,2026-06-15T10:02:27Z,,paid,fulfilled,online_store,US,NC,114.0,17.1,WELCOME15,0.0,5.81,102.71,shopify_payments,3.28,USD
5793,103870,2026-06-15T11:15:45Z,,paid,fulfilled,online_store,CA,AB,38.0,5.7,WELCOME15,12.95,1.62,46.87,paypal,2.13,USD
5794,103871,2026-06-15T12:18:15Z,,paid,fulfilled,online_store,US,TX,30.0,4.5,WELCOME15,5.95,1.53,32.98,shopify_payments,1.26,USD
5795,103872,2026-06-15T14:13:47Z,,paid,fulfilled,online_store,US,CA,38.0,0.0,,5.95,2.28,46.23,shopify_payments,1.64,USD
5796,103873,2026-06-15T15:34:25Z,,paid,fulfilled,online_store,CA,QC,38.0,5.7,"WELCOME15,FREESHIP",0.0,1.62,33.92,shop_pay,1.28,USD
5797,102611,2026-06-15T18:41:29Z,,paid,fulfilled,online_store,US,NY,74.0,0.0,,0.0,4.44,78.44,shop_pay,2.57,USD
5798,102788,2026-06-15T21:12:19Z,,paid,fulfilled,online_store,US,TX,38.0,0.0,,5.95,2.28,46.23,shopify_payments,1.64,USD
5799,103874,2026-06-15T22:40:43Z,,refunded,fulfilled,online_store,US,FL,38.0,5.7,WELCOME15,5.95,1.94,40.19,klarna,2.71,USD
5800,103875,2026-06-16T00:45:29Z,,paid,fulfilled,shop_app,US,AZ,70.0,10.5,WELCOME15,0.0,3.57,63.07,shopify_payments,2.13,USD
5801,103876,2026-06-16T01:21:09Z,,paid,fulfilled,online_store,US,FL,80.0,12.0,WELCOME15,0.0,4.08,72.08,shopify_payments,2.39,USD
5802,103531,2026-06-16T01:35:49Z,,paid,fulfilled,online_store,US,FL,29.0,0.0,,5.95,1.74,36.69,shopify_payments,1.36,USD
5803,103877,2026-06-16T02:04:46Z,,paid,fulfilled,online_store,US,AZ,92.0,0.0,,0.0,5.52,97.52,paypal,3.89,USD
5804,103878,2026-06-16T02:25:18Z,,paid,fulfilled,online_store,US,MN,86.0,0.0,,0.0,5.16,91.16,shopify_payments,2.94,USD
5805,102853,2026-06-16T03:07:18Z,,paid,fulfilled,shop_app,US,NJ,32.0,3.2,LOYAL10,5.95,1.73,36.48,shopify_payments,1.36,USD
5806,103879,2026-06-16T03:15:38Z,,paid,fulfilled,online_store,US,TN,70.0,0.0,,0.0,4.2,74.2,shopify_payments,2.45,USD
5807,103880,2026-06-16T03:25:58Z,,paid,fulfilled,online_store,US,CO,22.0,3.3,WELCOME15,5.95,1.12,25.77,paypal,1.39,USD
5808,103881,2026-06-16T09:56:23Z,,paid,fulfilled,online_store,US,TX,122.0,0.0,,0.0,7.32,129.32,paypal,5.0,USD
5809,103688,2026-06-16T11:03:53Z,,paid,fulfilled,online_store,CA,AB,22.0,0.0,,12.95,1.1,36.05,shop_pay,1.35,USD
5810,103882,2026-06-16T11:31:11Z,,paid,fulfilled,online_store,US,WI,44.0,0.0,,5.95,2.64,52.59,shop_pay,1.83,USD
5811,103883,2026-06-16T12:03:41Z,,paid,fulfilled,online_store,US,FL,34.0,0.0,,5.95,2.04,41.99,shopify_payments,1.52,USD
5812,103884,2026-06-16T13:25:12Z,,paid,fulfilled,shop_app,US,WI,29.0,0.0,FREESHIP,0.0,1.74,30.74,shopify_payments,1.19,USD
5813,103886,2026-06-16T15:58:02Z,,paid,fulfilled,online_store,US,NY,34.0,5.1,WELCOME15,5.95,1.73,36.58,shop_pay,1.36,USD
5814,102492,2026-06-16T16:43:49Z,,paid,fulfilled,online_store,US,GA,38.0,0.0,,5.95,2.28,46.23,shopify_payments,1.64,USD
5815,103887,2026-06-16T18:02:55Z,,paid,fulfilled,online_store,CA,QC,170.0,0.0,,0.0,8.5,178.5,shopify_payments,5.48,USD
5816,103888,2026-06-16T18:08:06Z,,paid,fulfilled,online_store,AU,VIC,110.0,0.0,,0.0,11.0,121.0,shopify_payments,3.81,USD
5817,103889,2026-06-16T20:54:21Z,,paid,fulfilled,online_store,US,CA,44.0,0.0,,5.95,2.64,52.59,shopify_payments,1.83,USD
5818,103694,2026-06-16T23:21:17Z,,paid,fulfilled,online_store,CA,BC,158.0,23.7,WELCOME15,0.0,6.72,141.02,shopify_payments,4.39,USD
5819,103354,2026-06-17T00:33:46Z,,paid,fulfilled,online_store,US,CA,120.0,0.0,,0.0,7.2,127.2,paypal,4.93,USD
5820,103431,2026-06-17T01:33:56Z,,paid,fulfilled,online_store,US,CA,126.0,12.6,LOYAL10,0.0,6.8,120.2,paypal,4.68,USD
5821,103891,2026-06-17T02:41:41Z,,paid,fulfilled,online_store,US,AZ,38.0,5.7,WELCOME15,5.95,1.94,40.19,shopify_payments,1.47,USD
5822,103892,2026-06-17T02:54:58Z,,paid,fulfilled,online_store,US,TX,126.0,18.9,WELCOME15,0.0,6.43,113.53,shopify_payments,3.59,USD
5823,103052,2026-06-17T04:40:22Z,,paid,fulfilled,online_store,US,NY,36.0,3.6,LOYAL10,5.95,1.94,40.29,shopify_payments,1.47,USD
5824,103893,2026-06-17T04:50:14Z,,paid,fulfilled,online_store,GB,ENG,72.0,10.8,WELCOME15,12.95,12.24,86.39,shopify_payments,2.81,USD
5825,103894,2026-06-17T11:02:23Z,,partially_refunded,fulfilled,online_store,US,IL,56.0,5.6,DERMDIARY10,0.0,3.02,53.42,shop_pay,1.85,USD
5826,103895,2026-06-17T11:41:30Z,,partially_refunded,fulfilled,online_store,US,PA,38.0,5.7,WELCOME15,5.95,1.94,40.19,shopify_payments,1.47,USD
5827,103896,2026-06-17T11:53:32Z,,paid,fulfilled,online_store,US,WI,58.0,8.7,WELCOME15,5.95,2.96,58.21,shopify_payments,1.99,USD
5828,103532,2026-06-17T12:55:21Z,,paid,fulfilled,online_store,US,TN,38.0,0.0,,5.95,2.28,46.23,shopify_payments,1.64,USD
5829,102123,2026-06-17T14:28:20Z,,paid,fulfilled,online_store,US,NH,88.0,8.8,LOYAL10,0.0,0.0,79.2,shopify_payments,2.6,USD
5830,101349,2026-06-17T17:49:11Z,,paid,fulfilled,online_store,US,CA,36.0,3.6,LOYAL10,5.95,1.94,40.29,shopify_payments,1.47,USD
5831,103897,2026-06-17T18:17:43Z,,paid,fulfilled,shop_app,US,OR,29.0,4.35,WELCOME15,5.95,0.0,30.6,shopify_payments,1.19,USD
5832,103898,2026-06-17T20:40:39Z,,paid,fulfilled,online_store,US,TX,68.0,10.2,WELCOME15,0.0,3.47,61.27,shop_pay,2.08,USD
5833,103899,2026-06-17T23:10:53Z,,paid,fulfilled,online_store,US,MA,66.0,0.0,,0.0,3.96,69.96,shop_pay,2.33,USD
5834,103122,2026-06-18T00:27:29Z,,paid,fulfilled,online_store,US,MI,108.0,0.0,,0.0,6.48,114.48,shop_pay,3.62,USD
5835,103900,2026-06-18T01:26:18Z,,paid,fulfilled,online_store,CA,QC,58.0,8.7,WELCOME15,12.95,2.46,64.71,paypal,2.75,USD
5836,103901,2026-06-18T03:46:37Z,,paid,fulfilled,online_store,US,TX,38.0,0.0,,5.95,2.28,46.23,shopify_payments,1.64,USD
5837,103902,2026-06-18T04:23:05Z,,paid,fulfilled,online_store,US,WA,127.0,0.0,,0.0,7.62,134.62,shopify_payments,4.2,USD
5838,103903,2026-06-18T05:16:47Z,,paid,fulfilled,online_store,US,NY,76.0,11.4,WELCOME15,0.0,3.88,68.48,shopify_payments,2.29,USD
5839,103904,2026-06-18T09:50:01Z,,paid,fulfilled,online_store,CA,BC,38.0,5.7,WELCOME15,12.95,1.62,46.87,shopify_payments,1.66,USD
5840,103447,2026-06-18T09:59:52Z,,paid,fulfilled,online_store,US,TN,28.0,2.8,LOYAL10,5.95,1.51,32.66,shopify_payments,1.25,USD
5841,103786,2026-06-18T10:30:00Z,,paid,fulfilled,shop_app,US,MI,138.0,20.7,WELCOME15,0.0,7.04,124.34,shopify_payments,3.91,USD
5842,103132,2026-06-18T14:42:51Z,,paid,fulfilled,online_store,US,CA,24.0,0.0,,5.95,1.44,31.39,shop_pay,1.21,USD
5843,103905,2026-06-18T15:55:42Z,,paid,fulfilled,online_store,US,FL,44.0,6.6,WELCOME15,5.95,2.24,45.59,shopify_payments,1.62,USD
5844,103591,2026-06-18T20:52:43Z,,paid,fulfilled,online_store,AU,QLD,34.0,3.4,LOYAL10,12.95,3.06,46.61,shop_pay,1.65,USD
5845,103331,2026-06-18T20:52:46Z,,paid,fulfilled,online_store,US,IN,64.0,0.0,,0.0,3.84,67.84,shopify_payments,2.27,USD
5846,103906,2026-06-18T20:58:21Z,,paid,fulfilled,online_store,US,WA,26.0,0.0,,5.95,1.56,33.51,shopify_payments,1.27,USD
5847,103518,2026-06-18T21:55:13Z,,paid,fulfilled,online_store,US,CO,68.0,0.0,,0.0,4.08,72.08,shopify_payments,2.39,USD
5848,103524,2026-06-19T00:09:02Z,,paid,fulfilled,online_store,US,TX,56.0,0.0,,0.0,3.36,59.36,shop_pay,2.02,USD
5849,103907,2026-06-19T03:20:07Z,,paid,fulfilled,online_store,US,MD,38.0,0.0,,5.95,2.28,46.23,shopify_payments,1.64,USD
5850,103908,2026-06-19T03:39:31Z,,paid,fulfilled,online_store,US,TX,38.0,0.0,,5.95,2.28,46.23,shopify_payments,1.64,USD
5851,103909,2026-06-19T05:43:27Z,,paid,fulfilled,online_store,US,FL,48.0,7.2,"WELCOME15,FREESHIP",0.0,2.45,43.25,shopify_payments,1.55,USD
5852,103910,2026-06-19T07:58:03Z,,paid,fulfilled,online_store,US,VA,34.0,5.1,"WELCOME15,FREESHIP",0.0,1.73,30.63,shopify_payments,1.19,USD
5853,102481,2026-06-19T08:29:33Z,,paid,fulfilled,online_store,US,CO,30.0,0.0,,5.95,1.8,37.75,shopify_payments,1.39,USD
5854,103429,2026-06-19T10:21:23Z,,paid,fulfilled,online_store,US,IL,86.0,0.0,,0.0,5.16,91.16,shopify_payments,2.94,USD
5855,103182,2026-06-19T12:31:39Z,,paid,fulfilled,online_store,US,FL,85.0,0.0,,0.0,5.1,90.1,shopify_payments,2.91,USD
5856,102607,2026-06-19T14:12:06Z,,paid,fulfilled,online_store,US,NY,36.0,0.0,,5.95,2.16,44.11,paypal,2.03,USD
5857,103704,2026-06-19T14:28:09Z,,paid,fulfilled,shop_app,CA,AB,168.0,16.8,LOYAL10,0.0,7.56,158.76,shopify_payments,4.9,USD
5858,103911,2026-06-19T14:44:36Z,,paid,fulfilled,shop_app,US,FL,38.0,5.7,WELCOME15,5.95,1.94,40.19,shopify_payments,1.47,USD
5859,103912,2026-06-19T15:03:05Z,,paid,fulfilled,online_store,US,WA,82.0,0.0,,0.0,4.92,86.92,shop_pay,2.82,USD
5860,103913,2026-06-19T15:14:13Z,,paid,fulfilled,online_store,US,TX,34.0,0.0,,5.95,2.04,41.99,shopify_payments,1.52,USD
5861,103914,2026-06-19T15:30:39Z,,paid,fulfilled,online_store,US,IN,84.0,12.6,WELCOME15,0.0,4.28,75.68,shopify_payments,2.49,USD
5862,103915,2026-06-19T15:35:49Z,,paid,fulfilled,online_store,US,WI,22.0,3.3,WELCOME15,5.95,1.12,25.77,paypal,1.39,USD
5863,103916,2026-06-19T17:26:17Z,,paid,fulfilled,online_store,US,TX,152.0,0.0,,0.0,9.12,161.12,shopify_payments,4.97,USD
5864,103917,2026-06-19T18:56:08Z,,paid,fulfilled,online_store,US,PA,127.0,0.0,,0.0,7.62,134.62,shopify_payments,4.2,USD
5865,103918,2026-06-19T19:04:47Z,,paid,fulfilled,online_store,US,IL,155.0,0.0,,0.0,9.3,164.3,shopify_payments,5.06,USD
5866,103026,2026-06-19T19:11:50Z,,paid,fulfilled,online_store,US,MA,78.0,0.0,,0.0,4.68,82.68,shopify_payments,2.7,USD
5867,103600,2026-06-19T19:45:35Z,,paid,fulfilled,shop_app,US,CA,34.0,3.4,LOYAL10,5.95,1.84,38.39,klarna,2.6,USD
5868,103919,2026-06-19T20:56:50Z,,paid,fulfilled,online_store,US,TX,48.0,0.0,,5.95,2.88,56.83,shop_pay,1.95,USD
5869,103920,2026-06-19T22:56:59Z,,paid,fulfilled,shop_app,CA,BC,56.0,0.0,,12.95,2.8,71.75,shopify_payments,2.38,USD
5870,103921,2026-06-19T23:06:08Z,,paid,fulfilled,online_store,US,OH,34.0,0.0,,5.95,2.04,41.99,paypal,1.96,USD
5871,103922,2026-06-19T23:59:43Z,,paid,fulfilled,online_store,US,NC,176.0,0.0,,0.0,10.56,186.56,paypal,7.0,USD
5872,103263,2026-06-20T00:22:40Z,,paid,fulfilled,online_store,US,PA,22.0,2.2,LOYAL10,5.95,1.19,26.94,paypal,1.43,USD
5873,103923,2026-06-20T02:39:23Z,,paid,fulfilled,online_store,CA,BC,61.0,0.0,,12.95,3.05,77.0,shopify_payments,2.53,USD
5874,103472,2026-06-20T07:50:02Z,,paid,fulfilled,online_store,US,OH,106.0,0.0,,0.0,6.36,112.36,paypal,4.41,USD
5875,103924,2026-06-20T12:29:56Z,,paid,fulfilled,online_store,AU,VIC,32.0,0.0,,12.95,3.2,48.15,shopify_payments,1.7,USD
5876,103925,2026-06-20T13:04:04Z,,paid,fulfilled,online_store,US,NY,48.0,7.2,WELCOME15,5.95,2.45,49.2,shopify_payments,1.73,USD
5877,103926,2026-06-20T13:05:41Z,,paid,fulfilled,online_store,US,MO,110.0,16.5,WELCOME15,0.0,5.61,99.11,paypal,3.95,USD
5878,103927,2026-06-20T13:17:57Z,,paid,fulfilled,online_store,US,GA,29.0,0.0,,5.95,1.74,36.69,paypal,1.77,USD
5879,103928,2026-06-20T13:23:25Z,,paid,fulfilled,online_store,US,NC,110.0,16.5,SKINBYJORDAN15,0.0,5.61,99.11,paypal,3.95,USD
5880,103929,2026-06-20T14:39:33Z,,paid,fulfilled,online_store,US,FL,38.0,0.0,,5.95,2.28,46.23,shop_pay,1.64,USD
5881,102927,2026-06-20T15:25:19Z,,paid,fulfilled,online_store,US,PA,111.0,0.0,,0.0,6.66,117.66,shopify_payments,3.71,USD
5882,103930,2026-06-20T15:36:05Z,,paid,fulfilled,online_store,US,VA,44.0,0.0,FREESHIP,0.0,2.64,46.64,shopify_payments,1.65,USD
5883,103931,2026-06-20T16:30:46Z,,paid,fulfilled,online_store,US,CA,22.0,0.0,,5.95,1.32,29.27,shopify_payments,1.15,USD
5884,103932,2026-06-20T16:44:02Z,,paid,fulfilled,online_store,US,NY,61.0,9.15,WELCOME15,0.0,3.11,54.96,shopify_payments,1.89,USD
5885,103933,2026-06-20T22:07:29Z,,paid,fulfilled,shop_app,US,MI,80.0,0.0,,0.0,4.8,84.8,shopify_payments,2.76,USD
5886,103934,2026-06-20T22:18:06Z,,paid,fulfilled,online_store,US,IN,110.0,0.0,,0.0,6.6,116.6,shopify_payments,3.68,USD
5887,103693,2026-06-20T22:39:34Z,,paid,fulfilled,online_store,US,TX,92.0,13.8,WELCOME15,0.0,4.69,82.89,shop_pay,2.7,USD
5888,103935,2026-06-20T23:04:57Z,,paid,fulfilled,online_store,US,CA,118.0,0.0,,0.0,7.08,125.08,shopify_payments,3.93,USD
5889,103936,2026-06-20T23:56:07Z,,paid,fulfilled,online_store,AU,NSW,88.0,0.0,,0.0,8.8,96.8,shopify_payments,3.11,USD
5890,102717,2026-06-21T00:47:34Z,,paid,fulfilled,online_store,US,FL,134.0,0.0,,0.0,8.04,142.04,shopify_payments,4.42,USD
5891,103937,2026-06-21T01:20:21Z,,paid,fulfilled,online_store,CA,BC,38.0,0.0,,12.95,1.9,52.85,shopify_payments,1.83,USD
5892,103596,2026-06-21T02:05:02Z,,paid,fulfilled,online_store,US,CA,24.0,0.0,,5.95,1.44,31.39,shopify_payments,1.21,USD
5893,103665,2026-06-21T02:08:09Z,,paid,fulfilled,online_store,US,NJ,29.0,0.0,,5.95,1.74,36.69,shopify_payments,1.36,USD
5894,103938,2026-06-21T02:19:23Z,,paid,fulfilled,online_store,US,FL,164.0,0.0,,0.0,9.84,173.84,shopify_payments,5.34,USD
5895,103939,2026-06-21T03:03:21Z,,paid,fulfilled,online_store,US,CA,148.0,0.0,,0.0,8.88,156.88,shopify_payments,4.85,USD
5896,103940,2026-06-21T03:32:24Z,,paid,fulfilled,online_store,US,IN,30.0,0.0,,5.95,1.8,37.75,shop_pay,1.39,USD
5897,103941,2026-06-21T03:53:28Z,,paid,fulfilled,online_store,US,CA,64.0,0.0,,0.0,3.84,67.84,shopify_payments,2.27,USD
5898,103464,2026-06-21T10:09:58Z,2026-06-22T03:09:58Z,voided,unfulfilled,online_store,US,VA,28.0,0.0,,5.95,1.68,35.63,paypal,0.0,USD
5899,103942,2026-06-21T10:48:15Z,,paid,fulfilled,shop_app,US,NC,22.0,3.3,WELCOME15,5.95,1.12,25.77,shopify_payments,1.05,USD
5900,103943,2026-06-21T11:57:04Z,,paid,fulfilled,online_store,CA,AB,68.0,0.0,,12.95,3.4,84.35,shop_pay,2.75,USD
5901,103944,2026-06-21T12:13:07Z,,paid,fulfilled,online_store,US,FL,29.0,0.0,,5.95,1.74,36.69,shopify_payments,1.36,USD
5902,103945,2026-06-21T12:40:09Z,,paid,fulfilled,online_store,US,IL,54.0,0.0,,0.0,3.24,57.24,shopify_payments,1.96,USD
5903,103947,2026-06-21T13:49:08Z,,paid,fulfilled,online_store,US,AZ,88.0,0.0,,0.0,5.28,93.28,shopify_payments,3.01,USD
5904,103946,2026-06-21T13:51:33Z,,paid,fulfilled,online_store,US,FL,22.0,0.0,,5.95,1.32,29.27,shop_pay,1.15,USD
5905,103087,2026-06-21T14:16:54Z,,paid,fulfilled,online_store,US,TX,88.0,0.0,,0.0,5.28,93.28,shopify_payments,3.01,USD
5906,103948,2026-06-21T14:51:48Z,,paid,fulfilled,online_store,US,MI,34.0,0.0,,5.95,2.04,41.99,shop_pay,1.52,USD
5907,103949,2026-06-21T15:19:24Z,,paid,fulfilled,online_store,US,OR,30.0,0.0,,5.95,0.0,35.95,shopify_payments,1.34,USD
5908,103950,2026-06-21T15:43:01Z,,paid,fulfilled,online_store,US,TX,29.0,0.0,,5.95,1.74,36.69,shop_pay,1.36,USD
5909,103338,2026-06-21T17:29:50Z,,paid,fulfilled,online_store,GB,ENG,170.0,0.0,,0.0,34.0,204.0,shopify_payments,6.22,USD
5910,103951,2026-06-21T18:20:15Z,,paid,fulfilled,online_store,CA,BC,58.0,0.0,,12.95,2.9,73.85,shop_pay,2.44,USD
5911,103952,2026-06-21T18:45:52Z,,paid,fulfilled,online_store,US,CA,72.0,0.0,,0.0,4.32,76.32,shop_pay,2.51,USD
5912,103953,2026-06-21T20:54:45Z,,paid,fulfilled,online_store,US,OR,38.0,0.0,,5.95,0.0,43.95,shopify_payments,1.57,USD
5913,103954,2026-06-21T21:02:20Z,,paid,fulfilled,online_store,US,NC,110.0,16.5,SKINBYJORDAN15,0.0,5.61,99.11,shopify_payments,3.17,USD
5914,103955,2026-06-21T21:14:31Z,,paid,fulfilled,online_store,US,WI,32.0,4.8,WELCOME15,5.95,1.63,34.78,shopify_payments,1.31,USD
5915,103956,2026-06-21T21:15:10Z,,paid,fulfilled,online_store,US,OH,29.0,0.0,,5.95,1.74,36.69,shopify_payments,1.36,USD
5916,103957,2026-06-21T22:00:55Z,,paid,fulfilled,online_store,US,FL,29.0,4.35,WELCOME15,5.95,1.48,32.08,shopify_payments,1.23,USD
5917,103958,2026-06-21T23:25:33Z,,paid,fulfilled,online_store,US,TX,44.0,6.6,WELCOME15,5.95,2.24,45.59,shop_pay,1.62,USD
5918,103959,2026-06-22T00:37:42Z,,paid,fulfilled,online_store,US,TX,30.0,0.0,,5.95,1.8,37.75,shop_pay,1.39,USD
5919,103960,2026-06-22T01:20:03Z,,paid,fulfilled,online_store,US,CA,70.0,10.5,WELCOME15,0.0,3.57,63.07,shopify_payments,2.13,USD
5920,103961,2026-06-22T02:03:57Z,,paid,fulfilled,online_store,US,FL,38.0,0.0,,5.95,2.28,46.23,shopify_payments,1.64,USD
5921,103459,2026-06-22T02:10:18Z,,paid,fulfilled,shop_app,US,MN,120.0,0.0,,0.0,7.2,127.2,shopify_payments,3.99,USD
5922,103324,2026-06-22T02:14:57Z,,paid,fulfilled,online_store,US,WI,50.0,0.0,,0.0,3.0,53.0,paypal,2.34,USD
5923,103962,2026-06-22T02:32:21Z,,paid,fulfilled,online_store,US,CO,66.0,6.6,AMELIA10,0.0,3.56,62.96,shopify_payments,2.13,USD
5924,102237,2026-06-22T02:37:07Z,,paid,fulfilled,online_store,US,FL,34.0,3.4,LOYAL10,5.95,1.84,38.39,shopify_payments,1.41,USD
5925,103963,2026-06-22T02:56:22Z,,paid,fulfilled,online_store,US,OR,108.0,0.0,,0.0,0.0,108.0,shop_pay,3.43,USD
5926,103964,2026-06-22T03:56:37Z,,paid,fulfilled,online_store,US,IL,36.0,5.4,WELCOME15,5.95,1.84,38.39,shopify_payments,1.41,USD
5927,103965,2026-06-22T11:26:43Z,,paid,fulfilled,online_store,US,WI,44.0,0.0,,5.95,2.64,52.59,shopify_payments,1.83,USD
5928,103966,2026-06-22T12:00:37Z,,paid,fulfilled,online_store,US,TX,92.0,13.8,WELCOME15,0.0,4.69,82.89,klarna,5.27,USD
5929,103492,2026-06-22T12:56:30Z,,paid,fulfilled,online_store,US,OR,32.0,0.0,,5.95,0.0,37.95,shopify_payments,1.4,USD
5930,103967,2026-06-22T14:16:55Z,,paid,fulfilled,online_store,CA,BC,24.0,0.0,FREESHIP,0.0,1.2,25.2,shop_pay,1.03,USD
5931,103968,2026-06-22T14:29:12Z,,paid,fulfilled,online_store,US,NY,51.0,7.65,WELCOME15,5.95,2.6,51.9,shopify_payments,1.81,USD
5932,103342,2026-06-22T16:31:21Z,,paid,fulfilled,online_store,US,IL,38.0,0.0,,5.95,2.28,46.23,shop_pay,1.64,USD
5933,103969,2026-06-22T17:18:54Z,,paid,fulfilled,shop_app,US,MI,36.0,0.0,,5.95,2.16,44.11,shopify_payments,1.58,USD
5934,103970,2026-06-22T18:19:39Z,,paid,fulfilled,online_store,US,GA,32.0,4.8,WELCOME15,5.95,1.63,34.78,shopify_payments,1.31,USD
5935,103695,2026-06-22T21:12:31Z,,paid,fulfilled,shop_app,US,NH,60.0,0.0,,0.0,0.0,60.0,shopify_payments,2.04,USD
5936,103971,2026-06-22T21:17:54Z,,paid,fulfilled,online_store,US,NY,154.0,23.1,WELCOME15,0.0,7.85,138.75,shop_pay,4.32,USD
5937,103972,2026-06-22T23:33:21Z,,paid,fulfilled,online_store,US,GA,55.0,0.0,,0.0,3.3,58.3,paypal,2.52,USD
5938,103973,2026-06-23T00:10:47Z,,paid,fulfilled,online_store,US,TX,88.0,0.0,,0.0,5.28,93.28,shopify_payments,3.01,USD
5939,103359,2026-06-23T00:51:28Z,,paid,fulfilled,online_store,US,GA,76.0,7.6,LOYAL10,0.0,4.1,72.5,shopify_payments,2.4,USD
5940,103974,2026-06-23T01:02:59Z,,paid,fulfilled,online_store,US,VA,29.0,0.0,,5.95,1.74,36.69,paypal,1.77,USD
5941,103975,2026-06-23T02:45:38Z,,paid,fulfilled,online_store,US,MN,22.0,3.3,WELCOME15,5.95,1.12,25.77,shopify_payments,1.05,USD
5942,103680,2026-06-23T06:36:31Z,,paid,fulfilled,online_store,US,WA,26.0,3.9,WELCOME15,5.95,1.33,29.38,shop_pay,1.15,USD
5943,103977,2026-06-23T09:53:04Z,,paid,fulfilled,online_store,US,IL,44.0,6.6,WELCOME15,5.95,2.24,45.59,shopify_payments,1.62,USD
5944,103978,2026-06-23T12:31:52Z,,paid,fulfilled,online_store,US,IL,88.0,0.0,,0.0,5.28,93.28,shopify_payments,3.01,USD
5945,103979,2026-06-23T13:43:58Z,,paid,fulfilled,online_store,US,CA,34.0,0.0,,5.95,2.04,41.99,shopify_payments,1.52,USD
5946,103485,2026-06-23T16:28:25Z,,paid,fulfilled,online_store,US,MI,78.0,0.0,,0.0,4.68,82.68,shopify_payments,2.7,USD
5947,103980,2026-06-23T19:11:59Z,,paid,fulfilled,online_store,US,TN,38.0,0.0,,5.95,2.28,46.23,shopify_payments,1.64,USD
5948,103981,2026-06-23T20:37:39Z,,paid,fulfilled,online_store,US,NY,38.0,0.0,,5.95,2.28,46.23,shopify_payments,1.64,USD
5949,103982,2026-06-23T21:03:57Z,,paid,fulfilled,online_store,US,NC,82.0,0.0,,0.0,4.92,86.92,shop_pay,2.82,USD
5950,103983,2026-06-23T22:43:47Z,,paid,fulfilled,online_store,US,WA,155.0,0.0,,0.0,9.3,164.3,shopify_payments,5.06,USD
5951,103676,2026-06-23T23:09:41Z,,paid,fulfilled,shop_app,US,IL,34.0,0.0,,5.95,2.04,41.99,shopify_payments,1.52,USD
5952,103442,2026-06-23T23:43:48Z,,paid,fulfilled,online_store,US,PA,89.0,0.0,,0.0,5.34,94.34,shopify_payments,3.04,USD
5953,103984,2026-06-24T00:21:25Z,,paid,fulfilled,online_store,US,GA,166.0,0.0,,0.0,9.96,175.96,shopify_payments,5.4,USD
5954,103985,2026-06-24T00:45:32Z,,paid,fulfilled,online_store,US,CA,32.0,0.0,,5.95,1.92,39.87,shop_pay,1.46,USD
5955,103986,2026-06-24T01:01:11Z,,paid,fulfilled,online_store,US,AZ,72.0,0.0,,0.0,4.32,76.32,shopify_payments,2.51,USD
5956,103987,2026-06-24T01:39:55Z,,paid,fulfilled,online_store,US,NY,124.0,0.0,,0.0,7.44,131.44,shopify_payments,4.11,USD
5957,103988,2026-06-24T02:00:06Z,,paid,fulfilled,online_store,US,NC,132.0,0.0,,0.0,7.92,139.92,shopify_payments,4.36,USD
5958,102582,2026-06-24T04:52:25Z,,paid,fulfilled,online_store,US,TX,142.0,0.0,,0.0,8.52,150.52,shopify_payments,4.67,USD
5959,103989,2026-06-24T09:22:04Z,,paid,fulfilled,online_store,CA,AB,38.0,5.7,WELCOME15,12.95,1.62,46.87,paypal,2.13,USD
5960,103990,2026-06-24T09:51:33Z,,paid,fulfilled,online_store,US,MN,38.0,5.7,WELCOME15,5.95,1.94,40.19,shop_pay,1.47,USD
5961,103991,2026-06-24T10:01:04Z,,paid,fulfilled,online_store,US,CA,48.0,4.8,LOYAL10,5.95,2.59,51.74,paypal,2.3,USD
5962,103992,2026-06-24T11:30:10Z,,paid,fulfilled,online_store,US,PA,22.0,3.3,WELCOME15,5.95,1.12,25.77,shopify_payments,1.05,USD
5963,103993,2026-06-24T11:32:37Z,,paid,fulfilled,online_store,US,FL,74.0,0.0,,0.0,4.44,78.44,shopify_payments,2.57,USD
5964,103994,2026-06-24T12:19:45Z,,paid,fulfilled,online_store,US,CA,38.0,0.0,,5.95,2.28,46.23,shopify_payments,1.64,USD
5965,102197,2026-06-24T12:20:37Z,,paid,fulfilled,online_store,US,WA,134.0,0.0,,0.0,8.04,142.04,shop_pay,4.42,USD
5966,103996,2026-06-24T14:00:39Z,,paid,fulfilled,shop_app,US,MD,78.0,0.0,,0.0,4.68,82.68,paypal,3.38,USD
5967,103546,2026-06-24T21:26:19Z,2026-06-25T01:26:19Z,voided,unfulfilled,online_store,US,OH,166.0,16.6,LOYAL10,0.0,8.96,158.36,shop_pay,0.0,USD
5968,101970,2026-06-24T23:00:47Z,,paid,fulfilled,online_store,US,NJ,28.0,0.0,,5.95,1.68,35.63,paypal,1.73,USD
5969,103997,2026-06-24T23:05:45Z,,paid,fulfilled,online_store,US,FL,126.0,0.0,,0.0,7.56,133.56,shopify_payments,4.17,USD
5970,103998,2026-06-25T00:21:17Z,,paid,fulfilled,online_store,US,MI,164.0,16.4,AMELIA10,0.0,8.86,156.46,paypal,5.95,USD
5971,103999,2026-06-25T03:03:01Z,,paid,fulfilled,online_store,US,TX,28.0,0.0,,5.95,1.68,35.63,shopify_payments,1.33,USD
5972,104000,2026-06-25T03:22:14Z,,paid,fulfilled,online_store,US,WA,29.0,4.35,WELCOME15,5.95,1.48,32.08,shop_pay,1.23,USD
5973,104001,2026-06-25T05:09:54Z,,paid,fulfilled,online_store,US,CA,90.0,13.5,WELCOME15,0.0,4.59,81.09,shopify_payments,2.65,USD
5974,104002,2026-06-25T05:28:52Z,,paid,fulfilled,online_store,US,IN,68.0,0.0,,0.0,4.08,72.08,paypal,3.01,USD
5975,104003,2026-06-25T08:02:15Z,,paid,fulfilled,online_store,US,NY,28.0,0.0,FREESHIP,0.0,1.68,29.68,shopify_payments,1.16,USD
5976,104004,2026-06-25T09:39:48Z,,paid,fulfilled,online_store,US,TX,126.0,18.9,WELCOME15,0.0,6.43,113.53,paypal,4.45,USD
5977,104005,2026-06-25T12:29:41Z,,paid,fulfilled,online_store,US,CA,44.0,6.6,WELCOME15,5.95,2.24,45.59,shop_pay,1.62,USD
5978,104006,2026-06-25T12:48:24Z,,paid,fulfilled,shop_app,GB,SCT,44.0,0.0,,12.95,8.8,65.75,shopify_payments,2.21,USD
5979,102204,2026-06-25T12:48:32Z,,paid,fulfilled,online_store,US,WI,73.0,0.0,,0.0,4.38,77.38,shopify_payments,2.54,USD
5980,104007,2026-06-25T13:21:17Z,,paid,fulfilled,online_store,CA,AB,58.0,0.0,,12.95,2.9,73.85,shopify_payments,2.44,USD
5981,104008,2026-06-25T13:30:44Z,,paid,fulfilled,online_store,CA,AB,22.0,0.0,,12.95,1.1,36.05,shopify_payments,1.35,USD
5982,104009,2026-06-25T15:25:26Z,,paid,fulfilled,online_store,US,GA,26.0,3.9,WELCOME15,5.95,1.33,29.38,shopify_payments,1.15,USD
5983,102911,2026-06-25T20:26:23Z,,paid,fulfilled,shop_app,CA,QC,30.0,0.0,,12.95,1.5,44.45,shopify_payments,1.59,USD
5984,103155,2026-06-25T20:48:48Z,,paid,fulfilled,online_store,US,OH,162.0,0.0,,0.0,9.72,171.72,shop_pay,5.28,USD
5985,104010,2026-06-25T21:06:42Z,,paid,fulfilled,shop_app,US,CA,112.0,0.0,,0.0,6.72,118.72,paypal,4.63,USD
5986,103632,2026-06-26T00:38:42Z,,paid,fulfilled,online_store,GB,SCT,26.0,2.6,LOYAL10,12.95,4.68,41.03,shopify_payments,1.49,USD
5987,104011,2026-06-26T03:35:43Z,,paid,fulfilled,shop_app,US,IN,22.0,0.0,,5.95,1.32,29.27,shopify_payments,1.15,USD
5988,104012,2026-06-26T05:16:34Z,,paid,fulfilled,online_store,US,TX,62.0,9.3,WELCOME15,0.0,3.16,55.86,shopify_payments,1.92,USD
5989,104013,2026-06-26T05:28:40Z,,paid,fulfilled,online_store,CA,QC,26.0,0.0,,12.95,1.3,40.25,shopify_payments,1.47,USD
5990,104014,2026-06-26T11:05:07Z,,paid,fulfilled,online_store,US,CA,88.0,13.2,WELCOME15,0.0,4.49,79.29,shopify_payments,2.6,USD
5991,104015,2026-06-26T14:32:10Z,,paid,fulfilled,online_store,US,CA,29.0,0.0,,5.95,1.74,36.69,shop_pay,1.36,USD
5992,104016,2026-06-26T14:34:45Z,,paid,fulfilled,online_store,US,IL,38.0,0.0,,5.95,2.28,46.23,shopify_payments,1.64,USD
5993,104017,2026-06-26T14:42:17Z,,paid,fulfilled,online_store,US,AZ,89.0,13.35,WELCOME15,0.0,4.54,80.19,shopify_payments,2.63,USD
5994,104018,2026-06-26T15:34:45Z,,paid,fulfilled,online_store,US,MI,106.0,0.0,,0.0,6.36,112.36,shopify_payments,3.56,USD
5995,104019,2026-06-26T19:24:29Z,,paid,fulfilled,online_store,US,TX,68.0,0.0,,0.0,4.08,72.08,shopify_payments,2.39,USD
5996,104020,2026-06-26T20:46:31Z,,paid,fulfilled,online_store,US,MD,38.0,0.0,,5.95,2.28,46.23,shopify_payments,1.64,USD
5997,104021,2026-06-26T21:21:29Z,,paid,fulfilled,online_store,CA,ON,22.0,0.0,,12.95,1.1,36.05,shopify_payments,1.35,USD
5998,103584,2026-06-26T23:12:33Z,,paid,fulfilled,online_store,US,GA,38.0,3.8,LOYAL10,5.95,2.05,42.2,shop_pay,1.52,USD
5999,104022,2026-06-27T02:07:59Z,,paid,fulfilled,online_store,US,FL,22.0,0.0,,5.95,1.32,29.27,shopify_payments,1.15,USD
6000,103080,2026-06-27T03:08:14Z,,paid,fulfilled,online_store,US,FL,176.0,0.0,,0.0,10.56,186.56,shopify_payments,5.71,USD
6001,104023,2026-06-27T04:24:55Z,,paid,fulfilled,online_store,US,MA,36.0,8.46,"AMELIA10,WELCOME15",5.95,1.65,35.14,paypal,1.72,USD
6002,103153,2026-06-27T04:40:23Z,,paid,fulfilled,online_store,US,FL,90.0,0.0,,0.0,5.4,95.4,shopify_payments,3.07,USD
6003,104024,2026-06-27T07:26:35Z,,paid,fulfilled,online_store,US,GA,44.0,0.0,,5.95,2.64,52.59,shopify_payments,1.83,USD
6004,104025,2026-06-27T10:34:58Z,,paid,fulfilled,online_store,US,WA,28.0,4.2,WELCOME15,5.95,1.43,31.18,shopify_payments,1.2,USD
6005,104026,2026-06-27T10:36:06Z,,paid,fulfilled,online_store,US,FL,44.0,0.0,,5.95,2.64,52.59,shopify_payments,1.83,USD
6006,103118,2026-06-27T10:51:01Z,,paid,fulfilled,online_store,US,NY,61.0,6.1,LOYAL10,0.0,3.29,58.19,shopify_payments,1.99,USD
6007,104027,2026-06-27T12:32:09Z,,paid,fulfilled,online_store,US,NC,32.0,0.0,,5.95,1.92,39.87,shop_pay,1.46,USD
6008,104028,2026-06-27T12:49:19Z,,paid,fulfilled,online_store,US,MA,74.0,0.0,,0.0,4.44,78.44,shop_pay,2.57,USD
6009,104029,2026-06-27T14:44:19Z,,paid,fulfilled,online_store,US,CA,36.0,5.4,WELCOME15,5.95,1.84,38.39,shop_pay,1.41,USD
6010,104030,2026-06-27T15:38:18Z,,paid,fulfilled,online_store,US,MA,166.0,0.0,,0.0,9.96,175.96,shop_pay,5.4,USD
6011,104031,2026-06-27T16:27:17Z,,paid,fulfilled,shop_app,US,OH,32.0,0.0,,5.95,1.92,39.87,shopify_payments,1.46,USD
6012,103292,2026-06-27T22:22:29Z,,paid,fulfilled,shop_app,US,CA,54.0,0.0,,0.0,3.24,57.24,shop_pay,1.96,USD
6013,104032,2026-06-27T23:19:11Z,,paid,fulfilled,shop_app,US,MI,72.0,8.64,GLOWWITHSAM12,0.0,3.8,67.16,shopify_payments,2.25,USD
6014,103570,2026-06-28T00:08:59Z,,paid,fulfilled,online_store,US,NY,100.0,0.0,,0.0,6.0,106.0,shopify_payments,3.37,USD
6015,104033,2026-06-28T01:07:06Z,,paid,fulfilled,online_store,CA,AB,82.0,0.0,,12.95,4.1,99.05,klarna,6.23,USD
6016,102312,2026-06-28T03:40:12Z,,paid,fulfilled,online_store,US,MN,116.0,0.0,,0.0,6.96,122.96,shopify_payments,3.87,USD
6017,103190,2026-06-28T08:16:31Z,,paid,fulfilled,online_store,CA,ON,22.0,2.2,LOYAL10,12.95,0.99,33.74,shopify_payments,1.28,USD
6018,102455,2026-06-28T08:40:43Z,,paid,fulfilled,shop_app,US,FL,182.0,18.2,LOYAL10,0.0,9.83,173.63,shopify_payments,5.34,USD
6019,104034,2026-06-28T09:41:18Z,,paid,fulfilled,online_store,US,NC,29.0,2.9,DERMDIARY10,5.95,1.57,33.62,paypal,1.66,USD
6020,104035,2026-06-28T11:20:41Z,,paid,fulfilled,online_store,US,OH,85.0,12.75,WELCOME15,0.0,4.34,76.59,shopify_payments,2.52,USD
6021,103298,2026-06-28T11:55:04Z,,paid,fulfilled,online_store,US,CA,110.0,0.0,,0.0,6.6,116.6,shopify_payments,3.68,USD
6022,104036,2026-06-28T12:14:50Z,,paid,fulfilled,online_store,AU,VIC,38.0,3.8,AMELIA10,12.95,3.42,50.57,shop_pay,1.77,USD
6023,104037,2026-06-28T12:43:11Z,,paid,fulfilled,online_store,US,CA,60.0,0.0,,0.0,3.6,63.6,shop_pay,2.14,USD
6024,103782,2026-06-28T14:01:43Z,,paid,fulfilled,online_store,US,MD,29.0,0.0,,5.95,1.74,36.69,shopify_payments,1.36,USD
6025,103367,2026-06-28T15:23:56Z,,paid,fulfilled,online_store,US,TX,108.0,0.0,,0.0,6.48,114.48,paypal,4.49,USD
6026,102912,2026-06-28T15:38:21Z,,paid,fulfilled,online_store,US,NC,130.0,13.0,LOYAL10,0.0,7.02,124.02,shopify_payments,3.9,USD
6027,104038,2026-06-28T15:47:40Z,,paid,fulfilled,online_store,US,MI,88.0,13.2,WELCOME15,0.0,4.49,79.29,shopify_payments,2.6,USD
6028,103697,2026-06-28T16:21:15Z,,paid,fulfilled,online_store,US,MN,22.0,3.3,WELCOME15,5.95,1.12,25.77,paypal,1.39,USD
6029,104039,2026-06-28T16:49:17Z,,paid,fulfilled,online_store,US,OR,38.0,5.7,WELCOME15,5.95,0.0,38.25,shopify_payments,1.41,USD
6030,104040,2026-06-28T19:12:00Z,,paid,fulfilled,online_store,US,NY,88.0,13.2,WELCOME15,0.0,4.49,79.29,shop_pay,2.6,USD
6031,103195,2026-06-28T19:18:25Z,,paid,fulfilled,online_store,US,TX,60.0,0.0,,0.0,3.6,63.6,shopify_payments,2.14,USD
6032,103595,2026-06-29T00:30:34Z,,paid,fulfilled,online_store,US,MD,88.0,0.0,,0.0,5.28,93.28,shopify_payments,3.01,USD
6033,104041,2026-06-29T00:30:54Z,,paid,fulfilled,online_store,US,TN,146.0,0.0,,0.0,8.76,154.76,shopify_payments,4.79,USD
6034,104042,2026-06-29T02:48:11Z,,paid,fulfilled,online_store,US,TX,126.0,18.9,WELCOME15,0.0,6.43,113.53,shop_pay,3.59,USD
6035,104043,2026-06-29T03:09:33Z,,paid,fulfilled,online_store,US,IN,38.0,0.0,,5.95,2.28,46.23,shop_pay,1.64,USD
6036,104044,2026-06-29T03:52:44Z,,paid,fulfilled,online_store,US,WA,38.0,0.0,,5.95,2.28,46.23,shopify_payments,1.64,USD
6037,104045,2026-06-29T04:59:19Z,,paid,fulfilled,online_store,CA,BC,104.0,15.6,WELCOME15,0.0,4.42,92.82,shop_pay,2.99,USD
6038,102888,2026-06-29T09:12:20Z,,paid,fulfilled,online_store,US,CA,30.0,0.0,,5.95,1.8,37.75,shopify_payments,1.39,USD
6039,103885,2026-06-29T14:28:38Z,,paid,fulfilled,online_store,US,MN,155.0,0.0,,0.0,9.3,164.3,shopify_payments,5.06,USD
6040,104046,2026-06-29T14:49:12Z,,paid,fulfilled,online_store,US,MD,72.0,0.0,,0.0,4.32,76.32,paypal,3.15,USD
6041,103856,2026-06-29T14:55:28Z,,paid,fulfilled,online_store,US,IL,105.0,15.75,WELCOME15,0.0,5.36,94.61,shopify_payments,3.04,USD
6042,103564,2026-06-29T15:19:01Z,,paid,fulfilled,online_store,US,NY,38.0,0.0,,5.95,2.28,46.23,shopify_payments,1.64,USD
6043,103653,2026-06-29T16:40:54Z,,paid,fulfilled,online_store,CA,BC,60.0,6.0,LOYAL10,12.95,2.7,69.65,shop_pay,2.32,USD
6044,103221,2026-06-29T17:33:49Z,,paid,fulfilled,online_store,US,NC,166.0,0.0,,0.0,9.96,175.96,shopify_payments,5.4,USD
6045,104047,2026-06-29T17:46:34Z,,paid,fulfilled,online_store,US,WI,32.0,4.8,WELCOME15,5.95,1.63,34.78,shopify_payments,1.31,USD
6046,104048,2026-06-29T19:22:15Z,,paid,fulfilled,online_store,US,CA,48.0,12.1,"GLOWWITHSAM12,WELCOME15",5.95,2.15,44.0,paypal,2.03,USD
6047,104049,2026-06-29T19:46:14Z,,paid,fulfilled,online_store,US,OR,89.0,0.0,,0.0,0.0,89.0,shopify_payments,2.88,USD
6048,104050,2026-06-29T20:53:45Z,,paid,fulfilled,online_store,US,WI,38.0,5.7,WELCOME15,5.95,1.94,40.19,shopify_payments,1.47,USD
6049,103890,2026-06-29T21:22:41Z,,paid,fulfilled,online_store,US,VA,56.0,8.4,WELCOME15,5.95,2.86,56.41,paypal,2.46,USD
6050,104051,2026-06-30T01:06:10Z,,paid,fulfilled,online_store,US,FL,32.0,0.0,,5.95,1.92,39.87,shopify_payments,1.46,USD
6051,104052,2026-06-30T01:32:53Z,,paid,fulfilled,online_store,US,TX,38.0,3.8,DERMDIARY10,5.95,2.05,42.2,shop_pay,1.52,USD
6052,104053,2026-06-30T03:05:57Z,,paid,fulfilled,online_store,US,PA,44.0,0.0,,5.95,2.64,52.59,paypal,2.33,USD
6053,103712,2026-06-30T04:04:56Z,,paid,fulfilled,online_store,US,OR,104.0,0.0,,0.0,0.0,104.0,shopify_payments,3.32,USD
6054,104054,2026-06-30T04:51:06Z,,paid,fulfilled,online_store,US,AZ,26.0,0.0,,5.95,1.56,33.51,shopify_payments,1.27,USD
6055,104055,2026-06-30T04:52:32Z,,paid,fulfilled,online_store,US,OH,38.0,0.0,FREESHIP,0.0,2.28,40.28,shopify_payments,1.47,USD
6056,104056,2026-06-30T05:12:12Z,,paid,fulfilled,online_store,US,NY,89.0,0.0,,0.0,5.34,94.34,shopify_payments,3.04,USD
6057,104057,2026-06-30T05:48:06Z,,paid,fulfilled,online_store,US,FL,22.0,0.0,,5.95,1.32,29.27,shop_pay,1.15,USD
6058,104058,2026-06-30T09:06:09Z,,paid,fulfilled,online_store,US,TX,122.0,18.3,WELCOME15,0.0,6.22,109.92,paypal,4.33,USD
6059,102573,2026-06-30T09:14:21Z,,paid,fulfilled,online_store,US,TN,54.0,0.0,,0.0,3.24,57.24,shop_pay,1.96,USD
6060,104059,2026-06-30T11:09:59Z,,paid,fulfilled,online_store,US,AZ,32.0,4.8,WELCOME15,5.95,1.63,34.78,shopify_payments,1.31,USD
6061,103995,2026-06-30T12:56:17Z,,paid,fulfilled,online_store,US,WA,110.0,0.0,,0.0,6.6,116.6,shop_pay,3.68,USD
6062,104060,2026-06-30T13:24:13Z,,paid,fulfilled,online_store,US,CA,38.0,5.7,WELCOME15,5.95,1.94,40.19,shop_pay,1.47,USD
6063,104061,2026-06-30T14:17:40Z,,paid,fulfilled,online_store,GB,WLS,88.0,0.0,,0.0,17.6,105.6,shopify_payments,3.36,USD
6064,104062,2026-06-30T14:17:46Z,2026-07-01T03:17:46Z,voided,unfulfilled,online_store,US,NC,66.0,0.0,,0.0,3.96,69.96,paypal,0.0,USD
6065,104063,2026-06-30T14:51:17Z,,paid,fulfilled,online_store,US,CA,38.0,4.56,GLOWWITHSAM12,5.95,2.01,41.4,shopify_payments,1.5,USD
6066,104064,2026-06-30T15:39:52Z,,paid,fulfilled,online_store,US,CO,88.0,0.0,,0.0,5.28,93.28,paypal,3.75,USD
6067,104065,2026-06-30T15:53:40Z,,paid,fulfilled,online_store,US,MD,22.0,3.3,WELCOME15,5.95,1.12,25.77,shopify_payments,1.05,USD
6068,104066,2026-06-30T18:14:33Z,,paid,fulfilled,online_store,US,CA,26.0,3.9,WELCOME15,5.95,1.33,29.38,shopify_payments,1.15,USD
6069,104067,2026-06-30T21:03:02Z,,paid,fulfilled,online_store,US,CA,38.0,5.7,WELCOME15,5.95,1.94,40.19,shop_pay,1.47,USD
6070,104068,2026-06-30T21:47:58Z,,paid,fulfilled,online_store,US,WA,38.0,0.0,,5.95,2.28,46.23,shop_pay,1.64,USD
6071,103271,2026-06-30T22:05:26Z,,paid,fulfilled,online_store,US,CA,132.0,0.0,,0.0,7.92,139.92,shopify_payments,4.36,USD
6072,101755,2026-06-30T23:18:25Z,,paid,fulfilled,online_store,AU,VIC,56.0,0.0,,12.95,5.6,74.55,paypal,3.09,USD
6073,103253,2026-06-30T23:53:56Z,,paid,fulfilled,online_store,US,FL,131.0,0.0,,0.0,7.86,138.86,shopify_payments,4.33,USD
