order_item_id,order_id,product_id,sku,quantity,unit_price,line_discount
500001,1001,P10,MS-MSK-CLY100,1,26.0,5.2
500002,1002,P03,MS-SER-VTC30,1,34.0,6.8
500003,1002,P11,MS-BDY-LOT400,1,28.0,5.6
500004,1003,P07,MS-MOI-SPF50,1,32.0,6.4
500005,1004,P03,MS-SER-VTC30,1,34.0,0.0
500006,1004,P11,MS-BDY-LOT400,1,28.0,0.0
500007,1004,P04,MS-SER-HYA30,1,34.0,0.0
500008,1005,P07,MS-MOI-SPF50,2,32.0,12.8
500009,1005,P06,MS-TRT-RET50,1,44.0,8.8
500010,1006,P01,MS-CLN-GEL150,1,22.0,4.4
500011,1007,P05,MS-SER-NIA30,1,29.0,5.8
500012,1008,P04,MS-SER-HYA30,1,34.0,6.8
500013,1009,P01,MS-CLN-GEL150,1,22.0,4.4
500014,1010,P03,MS-SER-VTC30,1,34.0,3.4
500015,1010,P05,MS-SER-NIA30,1,29.0,2.9
500016,1010,P12,MS-SET-RTN3,1,84.0,8.4
500017,1011,P01,MS-CLN-GEL150,1,22.0,4.4
500018,1011,P03,MS-SER-VTC30,1,34.0,6.8
500019,1012,P12,MS-SET-RTN3,1,84.0,16.8
500020,1012,P03,MS-SER-VTC30,1,34.0,6.8
500021,1013,P01,MS-CLN-GEL150,1,22.0,2.2
500022,1013,P07,MS-MOI-SPF50,1,32.0,3.2
500023,1014,P03,MS-SER-VTC30,1,34.0,6.8
500024,1015,P05,MS-SER-NIA30,1,29.0,9.28
500025,1016,P03,MS-SER-VTC30,1,34.0,34.0
500026,1017,P05,MS-SER-NIA30,1,29.0,0.0
500027,1017,P11,MS-BDY-LOT400,1,28.0,0.0
500028,1018,P07,MS-MOI-SPF50,1,32.0,0.0
500029,1019,P07,MS-MOI-SPF50,1,32.0,6.4
500030,1019,P04,MS-SER-HYA30,1,34.0,6.8
500031,1020,P05,MS-SER-NIA30,1,29.0,5.8
500032,1020,P01,MS-CLN-GEL150,1,22.0,4.4
500033,1021,P07,MS-MOI-SPF50,1,32.0,6.4
500034,1022,P01,MS-CLN-GEL150,1,22.0,3.3
500035,1022,P07,MS-MOI-SPF50,1,32.0,4.8
500036,1023,P01,MS-CLN-GEL150,1,22.0,4.4
500037,1023,P03,MS-SER-VTC30,1,34.0,6.8
500038,1024,P04,MS-SER-HYA30,1,34.0,0.0
500039,1025,P03,MS-SER-VTC30,1,34.0,6.8
500040,1026,P05,MS-SER-NIA30,1,29.0,5.8
500041,1027,P01,MS-CLN-GEL150,1,22.0,4.4
500042,1028,P12,MS-SET-RTN3,1,84.0,16.8
500043,1029,P12,MS-SET-RTN3,1,84.0,0.0
500044,1029,P03,MS-SER-VTC30,1,34.0,0.0
500045,1030,P02,MS-CLN-CRM150,1,24.0,4.8
500046,1030,P12,MS-SET-RTN3,1,84.0,16.8
500047,1031,P11,MS-BDY-LOT400,1,28.0,5.6
500048,1031,P04,MS-SER-HYA30,1,34.0,6.8
500049,1032,P03,MS-SER-VTC30,1,34.0,5.1
500050,1033,P02,MS-CLN-CRM150,2,24.0,7.2
500051,1034,P01,MS-CLN-GEL150,1,22.0,0.0
500052,1035,P07,MS-MOI-SPF50,1,32.0,0.0
500053,1036,P06,MS-TRT-RET50,2,44.0,13.2
500054,1037,P03,MS-SER-VTC30,1,34.0,6.8
500055,1038,P11,MS-BDY-LOT400,1,28.0,5.6
500056,1038,P07,MS-MOI-SPF50,1,32.0,6.4
500057,1038,P02,MS-CLN-CRM150,1,24.0,4.8
500058,1039,P03,MS-SER-VTC30,1,34.0,6.8
500059,1040,P04,MS-SER-HYA30,1,34.0,10.88
500060,1041,P05,MS-SER-NIA30,1,29.0,5.8
500061,1042,P03,MS-SER-VTC30,1,34.0,0.0
500062,1043,P12,MS-SET-RTN3,1,84.0,0.0
500063,1044,P04,MS-SER-HYA30,1,34.0,6.8
500064,1044,P01,MS-CLN-GEL150,1,22.0,4.4
500065,1045,P03,MS-SER-VTC30,1,34.0,5.1
500066,1045,P04,MS-SER-HYA30,1,34.0,5.1
500067,1046,P11,MS-BDY-LOT400,1,28.0,5.6
500068,1047,P07,MS-MOI-SPF50,1,32.0,6.4
500069,1047,P04,MS-SER-HYA30,1,34.0,6.8
500070,1048,P11,MS-BDY-LOT400,1,28.0,0.0
500071,1048,P01,MS-CLN-GEL150,2,22.0,0.0
500072,1048,P05,MS-SER-NIA30,1,29.0,0.0
500073,1048,P07,MS-MOI-SPF50,1,32.0,0.0
500074,1049,P02,MS-CLN-CRM150,1,24.0,0.0
500075,1049,P12,MS-SET-RTN3,1,84.0,0.0
500076,1050,P04,MS-SER-HYA30,1,34.0,6.8
500077,1051,P01,MS-CLN-GEL150,1,22.0,4.4
500078,1051,P04,MS-SER-HYA30,1,34.0,6.8
500079,1052,P03,MS-SER-VTC30,1,34.0,0.0
500080,1053,P05,MS-SER-NIA30,1,29.0,0.0
500081,1053,P04,MS-SER-HYA30,2,34.0,0.0
500082,1054,P01,MS-CLN-GEL150,1,22.0,0.0
500083,1054,P10,MS-MSK-CLY100,1,26.0,0.0
500084,1055,P03,MS-SER-VTC30,2,34.0,17.14
500085,1055,P01,MS-CLN-GEL150,1,22.0,5.54
500086,1056,P11,MS-BDY-LOT400,2,28.0,11.2
500087,1057,P01,MS-CLN-GEL150,2,22.0,8.8
500088,1058,P10,MS-MSK-CLY100,1,26.0,5.2
500089,1059,P05,MS-SER-NIA30,1,29.0,0.0
500090,1059,P03,MS-SER-VTC30,1,34.0,0.0
500091,1060,P12,MS-SET-RTN3,1,84.0,16.8
500092,1061,P10,MS-MSK-CLY100,1,26.0,0.0
500093,1061,P12,MS-SET-RTN3,1,84.0,0.0
500094,1062,P04,MS-SER-HYA30,1,34.0,5.1
500095,1062,P03,MS-SER-VTC30,1,34.0,5.1
500096,1063,P01,MS-CLN-GEL150,1,22.0,4.4
500097,1063,P11,MS-BDY-LOT400,1,28.0,5.6
500098,1064,P07,MS-MOI-SPF50,1,32.0,0.0
500099,1065,P07,MS-MOI-SPF50,1,32.0,0.0
500100,1065,P01,MS-CLN-GEL150,1,22.0,0.0
500101,1065,P03,MS-SER-VTC30,2,34.0,0.0
500102,1066,P04,MS-SER-HYA30,1,34.0,6.8
500103,1066,P03,MS-SER-VTC30,1,34.0,6.8
500104,1067,P12,MS-SET-RTN3,1,84.0,26.88
500105,1068,P12,MS-SET-RTN3,1,84.0,16.8
500106,1068,P04,MS-SER-HYA30,1,34.0,6.8
500107,1069,P03,MS-SER-VTC30,1,34.0,6.8
500108,1069,P06,MS-TRT-RET50,1,44.0,8.8
500109,1070,P01,MS-CLN-GEL150,1,22.0,3.3
500110,1071,P07,MS-MOI-SPF50,1,32.0,4.8
500111,1072,P06,MS-TRT-RET50,1,44.0,0.0
500112,1072,P10,MS-MSK-CLY100,1,26.0,0.0
500113,1073,P06,MS-TRT-RET50,1,44.0,8.8
500114,1074,P01,MS-CLN-GEL150,1,22.0,4.4
500115,1074,P12,MS-SET-RTN3,1,84.0,16.8
500116,1075,P02,MS-CLN-CRM150,1,24.0,4.8
500117,1076,P01,MS-CLN-GEL150,2,22.0,8.8
500118,1076,P04,MS-SER-HYA30,1,34.0,6.8
500119,1077,P01,MS-CLN-GEL150,1,22.0,0.0
500120,1077,P12,MS-SET-RTN3,1,84.0,0.0
500121,1078,P04,MS-SER-HYA30,1,34.0,5.1
500122,1079,P03,MS-SER-VTC30,1,34.0,5.1
500123,1079,P02,MS-CLN-CRM150,1,24.0,3.6
500124,1080,P01,MS-CLN-GEL150,1,22.0,0.0
500125,1081,P06,MS-TRT-RET50,1,44.0,0.0
500126,1081,P02,MS-CLN-CRM150,1,24.0,0.0
500127,1081,P03,MS-SER-VTC30,1,34.0,0.0
500128,1081,P01,MS-CLN-GEL150,1,22.0,0.0
500129,1082,P01,MS-CLN-GEL150,2,22.0,8.8
500130,1083,P06,MS-TRT-RET50,1,44.0,0.0
500131,1083,P05,MS-SER-NIA30,1,29.0,0.0
500132,1084,P03,MS-SER-VTC30,1,34.0,10.88
500133,1085,P03,MS-SER-VTC30,1,34.0,6.8
500134,1086,P03,MS-SER-VTC30,1,34.0,5.1
500135,1086,P07,MS-MOI-SPF50,1,32.0,4.8
500136,1087,P02,MS-CLN-CRM150,1,24.0,4.8
500137,1088,P07,MS-MOI-SPF50,1,32.0,4.8
500138,1089,P05,MS-SER-NIA30,1,29.0,0.0
500139,1090,P04,MS-SER-HYA30,1,34.0,0.0
500140,1091,P12,MS-SET-RTN3,1,84.0,16.8
500141,1092,P11,MS-BDY-LOT400,1,28.0,5.6
500142,1093,P05,MS-SER-NIA30,1,29.0,0.0
500143,1094,P01,MS-CLN-GEL150,1,22.0,4.4
500144,1094,P10,MS-MSK-CLY100,1,26.0,5.2
500145,1095,P06,MS-TRT-RET50,1,44.0,8.8
500146,1095,P01,MS-CLN-GEL150,1,22.0,4.4
500147,1096,P03,MS-SER-VTC30,1,34.0,6.8
500148,1097,P03,MS-SER-VTC30,2,34.0,0.0
500149,1098,P03,MS-SER-VTC30,1,34.0,5.1
500150,1099,P02,MS-CLN-CRM150,1,24.0,7.68
500151,1100,P01,MS-CLN-GEL150,1,22.0,0.0
500152,1100,P03,MS-SER-VTC30,1,34.0,0.0
500153,1101,P03,MS-SER-VTC30,1,34.0,6.8
500154,1101,P10,MS-MSK-CLY100,2,26.0,10.4
500155,1102,P07,MS-MOI-SPF50,1,32.0,0.0
500156,1103,P07,MS-MOI-SPF50,1,32.0,0.0
500157,1103,P03,MS-SER-VTC30,1,34.0,0.0
500158,1104,P04,MS-SER-HYA30,1,34.0,10.88
500159,1105,P01,MS-CLN-GEL150,2,22.0,8.8
500160,1105,P12,MS-SET-RTN3,1,84.0,16.8
500161,1106,P05,MS-SER-NIA30,1,29.0,0.0
500162,1106,P04,MS-SER-HYA30,1,34.0,0.0
500163,1107,P04,MS-SER-HYA30,1,34.0,0.0
500164,1108,P05,MS-SER-NIA30,1,29.0,5.8
500165,1109,P03,MS-SER-VTC30,1,34.0,0.0
500166,1110,P03,MS-SER-VTC30,1,34.0,5.1
500167,1111,P11,MS-BDY-LOT400,1,28.0,0.0
500168,1112,P01,MS-CLN-GEL150,1,22.0,4.4
500169,1113,P04,MS-SER-HYA30,1,34.0,0.0
500170,1114,P11,MS-BDY-LOT400,1,28.0,0.0
500171,1114,P03,MS-SER-VTC30,1,34.0,0.0
500172,1115,P03,MS-SER-VTC30,1,34.0,0.0
500173,1116,P03,MS-SER-VTC30,1,34.0,6.8
500174,1117,P10,MS-MSK-CLY100,1,26.0,3.9
500175,1118,P03,MS-SER-VTC30,1,34.0,0.0
500176,1119,P03,MS-SER-VTC30,1,34.0,6.8
500177,1119,P06,MS-TRT-RET50,1,44.0,8.8
500178,1120,P07,MS-MOI-SPF50,1,32.0,6.4
500179,1120,P10,MS-MSK-CLY100,1,26.0,5.2
500180,1121,P07,MS-MOI-SPF50,1,32.0,0.0
500181,1122,P06,MS-TRT-RET50,1,44.0,8.8
500182,1123,P12,MS-SET-RTN3,1,84.0,16.8
500183,1124,P05,MS-SER-NIA30,1,29.0,0.0
500184,1124,P04,MS-SER-HYA30,1,34.0,0.0
500185,1125,P04,MS-SER-HYA30,1,34.0,6.8
500186,1126,P02,MS-CLN-CRM150,1,24.0,4.8
500187,1126,P04,MS-SER-HYA30,1,34.0,6.8
500188,1126,P03,MS-SER-VTC30,1,34.0,6.8
500189,1126,P11,MS-BDY-LOT400,1,28.0,5.6
500190,1127,P01,MS-CLN-GEL150,1,22.0,4.4
500191,1128,P10,MS-MSK-CLY100,1,26.0,5.2
500192,1129,P01,MS-CLN-GEL150,1,22.0,0.0
500193,1130,P04,MS-SER-HYA30,1,34.0,0.0
500194,1130,P06,MS-TRT-RET50,2,44.0,0.0
500195,1131,P01,MS-CLN-GEL150,1,22.0,4.4
500196,1132,P07,MS-MOI-SPF50,1,32.0,6.4
500197,1132,P03,MS-SER-VTC30,1,34.0,6.8
500198,1133,P03,MS-SER-VTC30,2,34.0,13.6
500199,1134,P12,MS-SET-RTN3,1,84.0,12.6
500200,1135,P02,MS-CLN-CRM150,1,24.0,4.8
500201,1136,P04,MS-SER-HYA30,1,34.0,6.8
500202,1137,P10,MS-MSK-CLY100,1,26.0,8.32
500203,1137,P07,MS-MOI-SPF50,1,32.0,10.24
500204,1138,P03,MS-SER-VTC30,2,34.0,13.6
500205,1139,P03,MS-SER-VTC30,1,34.0,6.8
500206,1139,P01,MS-CLN-GEL150,1,22.0,4.4
500207,1140,P05,MS-SER-NIA30,1,29.0,5.8
500208,1140,P06,MS-TRT-RET50,1,44.0,8.8
500209,1141,P05,MS-SER-NIA30,1,29.0,5.8
500210,1141,P01,MS-CLN-GEL150,1,22.0,4.4
500211,1142,P07,MS-MOI-SPF50,1,32.0,10.24
500212,1142,P12,MS-SET-RTN3,1,84.0,26.88
500213,1143,P01,MS-CLN-GEL150,1,22.0,4.4
500214,1144,P03,MS-SER-VTC30,1,34.0,6.8
500215,1145,P06,MS-TRT-RET50,2,44.0,17.6
500216,1146,P06,MS-TRT-RET50,1,44.0,0.0
500217,1146,P01,MS-CLN-GEL150,1,22.0,0.0
500218,1147,P07,MS-MOI-SPF50,1,32.0,6.4
500219,1148,P10,MS-MSK-CLY100,1,26.0,0.0
500220,1149,P06,MS-TRT-RET50,1,44.0,8.8
500221,1150,P11,MS-BDY-LOT400,1,28.0,0.0
500222,1151,P04,MS-SER-HYA30,1,34.0,0.0
500223,1152,P07,MS-MOI-SPF50,1,32.0,6.4
500224,1153,P03,MS-SER-VTC30,1,34.0,5.1
500225,1153,P05,MS-SER-NIA30,2,29.0,8.7
500226,1154,P10,MS-MSK-CLY100,1,26.0,3.9
500227,1155,P06,MS-TRT-RET50,1,44.0,0.0
500228,1156,P12,MS-SET-RTN3,1,84.0,16.8
500229,1157,P05,MS-SER-NIA30,2,29.0,8.7
500230,1157,P11,MS-BDY-LOT400,1,28.0,4.2
500231,1158,P04,MS-SER-HYA30,1,34.0,5.1
500232,1158,P03,MS-SER-VTC30,1,34.0,5.1
500233,1159,P05,MS-SER-NIA30,1,29.0,0.0
500234,1159,P03,MS-SER-VTC30,1,34.0,0.0
500235,1160,P06,MS-TRT-RET50,1,44.0,0.0
500236,1160,P04,MS-SER-HYA30,1,34.0,0.0
500237,1161,P05,MS-SER-NIA30,1,29.0,4.35
500238,1162,P03,MS-SER-VTC30,1,34.0,6.8
500239,1162,P05,MS-SER-NIA30,1,29.0,5.8
500240,1163,P04,MS-SER-HYA30,1,34.0,5.1
500241,1164,P04,MS-SER-HYA30,1,34.0,0.0
500242,1164,P10,MS-MSK-CLY100,1,26.0,0.0
500243,1164,P01,MS-CLN-GEL150,1,22.0,0.0
500244,1165,P07,MS-MOI-SPF50,1,32.0,0.0
500245,1166,P04,MS-SER-HYA30,1,34.0,10.88
500246,1166,P12,MS-SET-RTN3,1,84.0,26.88
500247,1167,P02,MS-CLN-CRM150,1,24.0,3.6
500248,1167,P12,MS-SET-RTN3,1,84.0,12.6
500249,1167,P03,MS-SER-VTC30,1,34.0,5.1
500250,1168,P02,MS-CLN-CRM150,1,24.0,0.0
500251,1169,P02,MS-CLN-CRM150,1,24.0,4.8
500252,1170,P03,MS-SER-VTC30,1,34.0,6.8
500253,1170,P12,MS-SET-RTN3,1,84.0,16.8
500254,1171,P01,MS-CLN-GEL150,1,22.0,3.3
500255,1171,P03,MS-SER-VTC30,1,34.0,5.1
500256,1171,P05,MS-SER-NIA30,1,29.0,4.35
500257,1171,P10,MS-MSK-CLY100,1,26.0,3.9
500258,1172,P06,MS-TRT-RET50,1,44.0,8.8
500259,1173,P03,MS-SER-VTC30,1,34.0,0.0
500260,1174,P12,MS-SET-RTN3,1,84.0,0.0
500261,1174,P06,MS-TRT-RET50,1,44.0,0.0
500262,1175,P06,MS-TRT-RET50,2,44.0,17.6
500263,1175,P03,MS-SER-VTC30,1,34.0,6.8
500264,1176,P04,MS-SER-HYA30,1,34.0,3.4
500265,1177,P06,MS-TRT-RET50,1,44.0,8.8
500266,1178,P03,MS-SER-VTC30,1,34.0,6.8
500267,1179,P03,MS-SER-VTC30,1,34.0,3.4
500268,1180,P05,MS-SER-NIA30,1,29.0,0.0
500269,1181,P10,MS-MSK-CLY100,2,26.0,0.0
500270,1181,P06,MS-TRT-RET50,2,44.0,0.0
500271,1182,P02,MS-CLN-CRM150,2,24.0,7.2
500272,1183,P01,MS-CLN-GEL150,1,22.0,3.3
500273,1184,P02,MS-CLN-CRM150,1,24.0,0.0
500274,1185,P01,MS-CLN-GEL150,1,22.0,4.4
500275,1186,P10,MS-MSK-CLY100,1,26.0,0.0
500276,1187,P07,MS-MOI-SPF50,1,32.0,4.8
500277,1187,P04,MS-SER-HYA30,1,34.0,5.1
500278,1187,P11,MS-BDY-LOT400,1,28.0,4.2
500279,1187,P05,MS-SER-NIA30,1,29.0,4.35
500280,1188,P05,MS-SER-NIA30,2,29.0,11.6
500281,1189,P10,MS-MSK-CLY100,1,26.0,5.2
500282,1190,P07,MS-MOI-SPF50,1,32.0,6.4
500283,1190,P04,MS-SER-HYA30,1,34.0,6.8
500284,1190,P01,MS-CLN-GEL150,1,22.0,4.4
500285,1190,P12,MS-SET-RTN3,1,84.0,16.8
500286,1191,P03,MS-SER-VTC30,2,34.0,13.6
500287,1192,P06,MS-TRT-RET50,2,44.0,17.6
500288,1193,P01,MS-CLN-GEL150,1,22.0,4.4
500289,1193,P05,MS-SER-NIA30,1,29.0,5.8
500290,1194,P06,MS-TRT-RET50,1,44.0,8.8
500291,1195,P12,MS-SET-RTN3,1,84.0,16.8
500292,1196,P07,MS-MOI-SPF50,1,32.0,6.4
500293,1197,P06,MS-TRT-RET50,1,44.0,8.8
500294,1198,P03,MS-SER-VTC30,1,34.0,6.8
500295,1198,P05,MS-SER-NIA30,1,29.0,5.8
500296,1199,P03,MS-SER-VTC30,1,34.0,5.1
500297,1199,P11,MS-BDY-LOT400,1,28.0,4.2
500298,1200,P01,MS-CLN-GEL150,1,22.0,7.04
500299,1200,P10,MS-MSK-CLY100,1,26.0,8.32
500300,1201,P01,MS-CLN-GEL150,1,22.0,4.4
500301,1201,P03,MS-SER-VTC30,1,34.0,6.8
500302,1202,P05,MS-SER-NIA30,2,29.0,8.7
500303,1202,P03,MS-SER-VTC30,1,34.0,5.1
500304,1203,P03,MS-SER-VTC30,1,34.0,0.0
500305,1203,P12,MS-SET-RTN3,1,84.0,0.0
500306,1204,P01,MS-CLN-GEL150,1,22.0,3.3
500307,1205,P10,MS-MSK-CLY100,1,26.0,3.9
500308,1205,P07,MS-MOI-SPF50,1,32.0,4.8
500309,1206,P12,MS-SET-RTN3,1,84.0,12.6
500310,1206,P05,MS-SER-NIA30,1,29.0,4.35
500311,1207,P07,MS-MOI-SPF50,1,32.0,0.0
500312,1208,P03,MS-SER-VTC30,1,34.0,6.8
500313,1208,P11,MS-BDY-LOT400,1,28.0,5.6
500314,1208,P01,MS-CLN-GEL150,1,22.0,4.4
500315,1208,P04,MS-SER-HYA30,1,34.0,6.8
500316,1209,P05,MS-SER-NIA30,1,29.0,2.9
500317,1210,P12,MS-SET-RTN3,1,84.0,12.6
500318,1210,P01,MS-CLN-GEL150,1,22.0,3.3
500319,1211,P05,MS-SER-NIA30,1,29.0,0.0
500320,1212,P12,MS-SET-RTN3,1,84.0,0.0
500321,1213,P04,MS-SER-HYA30,1,34.0,0.0
500322,1213,P10,MS-MSK-CLY100,1,26.0,0.0
500323,1214,P01,MS-CLN-GEL150,2,22.0,0.0
500324,1214,P02,MS-CLN-CRM150,1,24.0,0.0
500325,1214,P12,MS-SET-RTN3,1,84.0,0.0
500326,1215,P01,MS-CLN-GEL150,1,22.0,0.0
500327,1215,P03,MS-SER-VTC30,1,34.0,0.0
500328,1216,P03,MS-SER-VTC30,1,34.0,6.8
500329,1217,P07,MS-MOI-SPF50,1,32.0,0.0
500330,1218,P02,MS-CLN-CRM150,1,24.0,4.8
500331,1219,P11,MS-BDY-LOT400,2,28.0,11.2
500332,1220,P07,MS-MOI-SPF50,1,32.0,6.4
500333,1221,P12,MS-SET-RTN3,1,84.0,16.8
500334,1221,P06,MS-TRT-RET50,1,44.0,8.8
500335,1221,P07,MS-MOI-SPF50,1,32.0,6.4
500336,1222,P01,MS-CLN-GEL150,1,22.0,0.0
500337,1222,P06,MS-TRT-RET50,1,44.0,0.0
500338,1223,P07,MS-MOI-SPF50,1,32.0,4.8
500339,1224,P12,MS-SET-RTN3,1,84.0,0.0
500340,1224,P03,MS-SER-VTC30,1,34.0,0.0
500341,1225,P03,MS-SER-VTC30,1,34.0,5.1
500342,1225,P10,MS-MSK-CLY100,2,26.0,7.8
500343,1226,P04,MS-SER-HYA30,1,34.0,6.8
500344,1227,P02,MS-CLN-CRM150,1,24.0,4.8
500345,1227,P06,MS-TRT-RET50,1,44.0,8.8
500346,1228,P03,MS-SER-VTC30,1,34.0,10.88
500347,1229,P10,MS-MSK-CLY100,1,26.0,3.9
500348,1230,P04,MS-SER-HYA30,1,34.0,6.8
500349,1231,P02,MS-CLN-CRM150,1,24.0,4.8
500350,1232,P03,MS-SER-VTC30,1,34.0,0.0
500351,1232,P11,MS-BDY-LOT400,2,28.0,0.0
500352,1232,P02,MS-CLN-CRM150,1,24.0,0.0
500353,1233,P03,MS-SER-VTC30,1,34.0,6.8
500354,1234,P11,MS-BDY-LOT400,1,28.0,4.2
500355,1235,P03,MS-SER-VTC30,1,34.0,0.0
500356,1236,P05,MS-SER-NIA30,1,29.0,9.28
500357,1236,P11,MS-BDY-LOT400,2,28.0,17.92
500358,1236,P03,MS-SER-VTC30,1,34.0,10.88
500359,1237,P01,MS-CLN-GEL150,1,22.0,3.3
500360,1238,P01,MS-CLN-GEL150,1,22.0,0.0
500361,1238,P02,MS-CLN-CRM150,2,24.0,0.0
500362,1238,P05,MS-SER-NIA30,1,29.0,0.0
500363,1239,P03,MS-SER-VTC30,1,34.0,0.0
500364,1239,P06,MS-TRT-RET50,1,44.0,0.0
500365,1240,P06,MS-TRT-RET50,1,44.0,8.8
500366,1241,P11,MS-BDY-LOT400,1,28.0,5.6
500367,1242,P04,MS-SER-HYA30,1,34.0,6.8
500368,1243,P07,MS-MOI-SPF50,1,32.0,4.8
500369,1244,P07,MS-MOI-SPF50,1,32.0,4.8
500370,1245,P07,MS-MOI-SPF50,1,32.0,6.4
500371,1246,P07,MS-MOI-SPF50,1,32.0,10.24
500372,1246,P03,MS-SER-VTC30,1,34.0,10.88
500373,1247,P11,MS-BDY-LOT400,1,28.0,0.0
500374,1248,P07,MS-MOI-SPF50,1,32.0,6.4
500375,1249,P03,MS-SER-VTC30,1,34.0,6.8
500376,1249,P12,MS-SET-RTN3,1,84.0,16.8
500377,1250,P03,MS-SER-VTC30,1,34.0,6.8
500378,1251,P06,MS-TRT-RET50,1,44.0,0.0
500379,1252,P05,MS-SER-NIA30,1,29.0,4.35
500380,1253,P11,MS-BDY-LOT400,1,28.0,5.6
500381,1254,P05,MS-SER-NIA30,1,29.0,0.0
500382,1255,P04,MS-SER-HYA30,1,34.0,6.8
500383,1256,P04,MS-SER-HYA30,1,34.0,6.8
500384,1256,P05,MS-SER-NIA30,1,29.0,5.8
500385,1257,P03,MS-SER-VTC30,1,34.0,6.8
500386,1257,P04,MS-SER-HYA30,1,34.0,6.8
500387,1258,P03,MS-SER-VTC30,1,34.0,6.8
500388,1258,P07,MS-MOI-SPF50,1,32.0,6.4
500389,1259,P01,MS-CLN-GEL150,1,22.0,4.4
500390,1259,P10,MS-MSK-CLY100,1,26.0,5.2
500391,1260,P03,MS-SER-VTC30,1,34.0,5.1
500392,1261,P12,MS-SET-RTN3,1,84.0,0.0
500393,1261,P04,MS-SER-HYA30,1,34.0,0.0
500394,1261,P05,MS-SER-NIA30,1,29.0,0.0
500395,1262,P06,MS-TRT-RET50,1,44.0,4.4
500396,1262,P03,MS-SER-VTC30,1,34.0,3.4
500397,1262,P12,MS-SET-RTN3,1,84.0,8.4
500398,1263,P03,MS-SER-VTC30,1,34.0,0.0
500399,1264,P01,MS-CLN-GEL150,1,22.0,4.4
500400,1265,P12,MS-SET-RTN3,1,84.0,0.0
500401,1265,P04,MS-SER-HYA30,1,34.0,0.0
500402,1266,P04,MS-SER-HYA30,1,34.0,6.8
500403,1267,P04,MS-SER-HYA30,1,34.0,0.0
500404,1268,P04,MS-SER-HYA30,1,34.0,10.88
500405,1269,P01,MS-CLN-GEL150,1,22.0,4.4
500406,1269,P02,MS-CLN-CRM150,1,24.0,4.8
500407,1269,P04,MS-SER-HYA30,1,34.0,6.8
500408,1270,P10,MS-MSK-CLY100,1,26.0,5.2
500409,1271,P01,MS-CLN-GEL150,2,22.0,8.8
500410,1272,P03,MS-SER-VTC30,1,34.0,10.88
500411,1273,P03,MS-SER-VTC30,1,34.0,0.0
500412,1273,P11,MS-BDY-LOT400,1,28.0,0.0
500413,1273,P02,MS-CLN-CRM150,1,24.0,0.0
500414,1274,P04,MS-SER-HYA30,1,34.0,0.0
500415,1274,P01,MS-CLN-GEL150,1,22.0,0.0
500416,1275,P03,MS-SER-VTC30,1,34.0,6.8
500417,1276,P03,MS-SER-VTC30,1,34.0,10.88
500418,1276,P05,MS-SER-NIA30,2,29.0,18.56
500419,1276,P12,MS-SET-RTN3,1,84.0,26.88
500420,1277,P04,MS-SER-HYA30,1,34.0,0.0
500421,1277,P07,MS-MOI-SPF50,2,32.0,0.0
500422,1278,P07,MS-MOI-SPF50,1,32.0,0.0
500423,1278,P03,MS-SER-VTC30,1,34.0,0.0
500424,1279,P03,MS-SER-VTC30,1,34.0,6.8
500425,1280,P03,MS-SER-VTC30,1,34.0,0.0
500426,1281,P01,MS-CLN-GEL150,1,22.0,4.4
500427,1281,P07,MS-MOI-SPF50,1,32.0,6.4
500428,1282,P06,MS-TRT-RET50,1,44.0,8.8
500429,1282,P03,MS-SER-VTC30,1,34.0,6.8
500430,1283,P03,MS-SER-VTC30,1,34.0,6.8
500431,1284,P04,MS-SER-HYA30,1,34.0,6.8
500432,1285,P06,MS-TRT-RET50,1,44.0,14.08
500433,1285,P01,MS-CLN-GEL150,1,22.0,7.04
500434,1286,P01,MS-CLN-GEL150,1,22.0,0.0
500435,1286,P07,MS-MOI-SPF50,1,32.0,0.0
500436,1286,P06,MS-TRT-RET50,1,44.0,0.0
500437,1287,P04,MS-SER-HYA30,1,34.0,6.8
500438,1288,P10,MS-MSK-CLY100,1,26.0,5.2
500439,1289,P03,MS-SER-VTC30,1,34.0,6.8
500440,1289,P06,MS-TRT-RET50,1,44.0,8.8
500441,1290,P10,MS-MSK-CLY100,1,26.0,5.2
500442,1290,P06,MS-TRT-RET50,1,44.0,8.8
500443,1291,P02,MS-CLN-CRM150,1,24.0,4.8
500444,1292,P12,MS-SET-RTN3,1,84.0,0.0
500445,1292,P03,MS-SER-VTC30,1,34.0,0.0
500446,1292,P04,MS-SER-HYA30,1,34.0,0.0
500447,1293,P12,MS-SET-RTN3,1,84.0,16.8
500448,1293,P07,MS-MOI-SPF50,1,32.0,6.4
500449,1294,P01,MS-CLN-GEL150,1,22.0,4.4
500450,1294,P10,MS-MSK-CLY100,1,26.0,5.2
500451,1294,P05,MS-SER-NIA30,1,29.0,5.8
500452,1295,P04,MS-SER-HYA30,1,34.0,0.0
500453,1296,P05,MS-SER-NIA30,2,29.0,11.6
500454,1297,P11,MS-BDY-LOT400,1,28.0,5.6
500455,1298,P05,MS-SER-NIA30,1,29.0,5.8
500456,1299,P03,MS-SER-VTC30,2,34.0,13.6
500457,1300,P01,MS-CLN-GEL150,1,22.0,7.04
500458,1300,P03,MS-SER-VTC30,1,34.0,10.88
500459,1301,P03,MS-SER-VTC30,1,34.0,6.8
500460,1302,P03,MS-SER-VTC30,1,34.0,0.0
500461,1303,P07,MS-MOI-SPF50,1,32.0,0.0
500462,1303,P04,MS-SER-HYA30,1,34.0,0.0
500463,1304,P07,MS-MOI-SPF50,1,32.0,6.4
500464,1304,P03,MS-SER-VTC30,1,34.0,6.8
500465,1305,P03,MS-SER-VTC30,1,34.0,0.0
500466,1305,P12,MS-SET-RTN3,1,84.0,0.0
500467,1306,P03,MS-SER-VTC30,1,34.0,5.1
500468,1306,P11,MS-BDY-LOT400,1,28.0,4.2
500469,1307,P05,MS-SER-NIA30,1,29.0,4.35
500470,1307,P03,MS-SER-VTC30,2,34.0,10.2
500471,1308,P06,MS-TRT-RET50,1,44.0,0.0
500472,1309,P06,MS-TRT-RET50,1,44.0,0.0
500473,1310,P05,MS-SER-NIA30,1,29.0,0.0
500474,1310,P07,MS-MOI-SPF50,1,32.0,0.0
500475,1310,P03,MS-SER-VTC30,1,34.0,0.0
500476,1311,P03,MS-SER-VTC30,1,34.0,6.8
500477,1312,P06,MS-TRT-RET50,2,44.0,0.0
500478,1312,P05,MS-SER-NIA30,1,29.0,0.0
500479,1313,P05,MS-SER-NIA30,1,29.0,5.8
500480,1314,P03,MS-SER-VTC30,1,34.0,6.8
500481,1314,P07,MS-MOI-SPF50,1,32.0,6.4
500482,1314,P01,MS-CLN-GEL150,1,22.0,4.4
500483,1315,P01,MS-CLN-GEL150,2,22.0,8.8
500484,1315,P03,MS-SER-VTC30,1,34.0,6.8
500485,1316,P06,MS-TRT-RET50,1,44.0,8.8
500486,1317,P04,MS-SER-HYA30,1,34.0,0.0
500487,1317,P02,MS-CLN-CRM150,1,24.0,0.0
500488,1317,P11,MS-BDY-LOT400,1,28.0,0.0
500489,1318,P03,MS-SER-VTC30,1,34.0,5.1
500490,1319,P01,MS-CLN-GEL150,1,22.0,4.4
500491,1320,P04,MS-SER-HYA30,1,34.0,6.8
500492,1321,P04,MS-SER-HYA30,1,34.0,0.0
500493,1322,P03,MS-SER-VTC30,1,34.0,0.0
500494,1322,P01,MS-CLN-GEL150,1,22.0,0.0
500495,1322,P04,MS-SER-HYA30,1,34.0,0.0
500496,1322,P12,MS-SET-RTN3,1,84.0,0.0
500497,1323,P10,MS-MSK-CLY100,1,26.0,5.2
500498,1323,P12,MS-SET-RTN3,1,84.0,16.8
500499,1324,P06,MS-TRT-RET50,1,44.0,6.6
500500,1325,P03,MS-SER-VTC30,1,34.0,5.1
500501,1326,P03,MS-SER-VTC30,1,34.0,5.1
500502,1326,P02,MS-CLN-CRM150,1,24.0,3.6
500503,1327,P01,MS-CLN-GEL150,1,22.0,7.04
500504,1327,P07,MS-MOI-SPF50,1,32.0,10.24
500505,1328,P02,MS-CLN-CRM150,1,24.0,4.8
500506,1329,P10,MS-MSK-CLY100,1,26.0,8.32
500507,1330,P02,MS-CLN-CRM150,1,24.0,0.0
500508,1330,P11,MS-BDY-LOT400,2,28.0,0.0
500509,1330,P01,MS-CLN-GEL150,2,22.0,0.0
500510,1331,P11,MS-BDY-LOT400,1,28.0,5.6
500511,1331,P01,MS-CLN-GEL150,1,22.0,4.4
500512,1331,P04,MS-SER-HYA30,1,34.0,6.8
500513,1332,P03,MS-SER-VTC30,1,34.0,6.8
500514,1332,P01,MS-CLN-GEL150,1,22.0,4.4
500515,1333,P05,MS-SER-NIA30,1,29.0,5.8
500516,1334,P12,MS-SET-RTN3,1,84.0,12.6
500517,1335,P03,MS-SER-VTC30,1,34.0,6.8
500518,1335,P07,MS-MOI-SPF50,1,32.0,6.4
500519,1336,P04,MS-SER-HYA30,1,34.0,0.0
500520,1336,P06,MS-TRT-RET50,1,44.0,0.0
500521,1336,P01,MS-CLN-GEL150,2,22.0,0.0
500522,1337,P05,MS-SER-NIA30,1,29.0,4.35
500523,1338,P10,MS-MSK-CLY100,1,26.0,5.2
500524,1339,P11,MS-BDY-LOT400,1,28.0,4.2
500525,1340,P03,MS-SER-VTC30,1,34.0,6.8
500526,1340,P05,MS-SER-NIA30,1,29.0,5.8
500527,1341,P12,MS-SET-RTN3,1,84.0,12.6
500528,1341,P04,MS-SER-HYA30,1,34.0,5.1
500529,1342,P03,MS-SER-VTC30,1,34.0,0.0
500530,1343,P01,MS-CLN-GEL150,1,22.0,4.4
500531,1344,P06,MS-TRT-RET50,2,44.0,0.0
500532,1345,P11,MS-BDY-LOT400,1,28.0,4.2
500533,1346,P03,MS-SER-VTC30,1,34.0,34.0
500534,1347,P05,MS-SER-NIA30,1,29.0,4.35
500535,1348,P05,MS-SER-NIA30,1,29.0,0.0
500536,1348,P03,MS-SER-VTC30,1,34.0,0.0
500537,1349,P11,MS-BDY-LOT400,2,28.0,0.0
500538,1350,P12,MS-SET-RTN3,1,84.0,12.6
500539,1351,P02,MS-CLN-CRM150,1,24.0,4.8
500540,1351,P06,MS-TRT-RET50,1,44.0,8.8
500541,1352,P06,MS-TRT-RET50,1,44.0,6.6
500542,1353,P01,MS-CLN-GEL150,1,22.0,4.4
500543,1353,P03,MS-SER-VTC30,1,34.0,6.8
500544,1353,P12,MS-SET-RTN3,1,84.0,16.8
500545,1353,P06,MS-TRT-RET50,1,44.0,8.8
500546,1354,P03,MS-SER-VTC30,2,34.0,13.6
500547,1355,P04,MS-SER-HYA30,1,34.0,0.0
500548,1356,P03,MS-SER-VTC30,1,34.0,10.88
500549,1356,P06,MS-TRT-RET50,1,44.0,14.08
500550,1357,P02,MS-CLN-CRM150,1,24.0,3.6
500551,1357,P03,MS-SER-VTC30,1,34.0,5.1
500552,1357,P01,MS-CLN-GEL150,1,22.0,3.3
500553,1358,P05,MS-SER-NIA30,1,29.0,0.0
500554,1359,P10,MS-MSK-CLY100,1,26.0,0.0
500555,1360,P03,MS-SER-VTC30,1,34.0,0.0
500556,1361,P03,MS-SER-VTC30,2,34.0,0.0
500557,1362,P01,MS-CLN-GEL150,1,22.0,0.0
500558,1363,P03,MS-SER-VTC30,1,34.0,0.0
500559,1364,P12,MS-SET-RTN3,1,84.0,12.6
500560,1364,P07,MS-MOI-SPF50,1,32.0,4.8
500561,1364,P10,MS-MSK-CLY100,1,26.0,3.9
500562,1365,P11,MS-BDY-LOT400,1,28.0,4.2
500563,1366,P07,MS-MOI-SPF50,1,32.0,4.8
500564,1366,P01,MS-CLN-GEL150,1,22.0,3.3
500565,1367,P04,MS-SER-HYA30,1,34.0,5.1
500566,1367,P01,MS-CLN-GEL150,1,22.0,3.3
500567,1368,P05,MS-SER-NIA30,1,29.0,4.35
500568,1369,P02,MS-CLN-CRM150,1,24.0,0.0
500569,1370,P03,MS-SER-VTC30,1,34.0,5.1
500570,1370,P02,MS-CLN-CRM150,1,24.0,3.6
500571,1371,P01,MS-CLN-GEL150,1,22.0,0.0
500572,1371,P05,MS-SER-NIA30,1,29.0,0.0
500573,1371,P04,MS-SER-HYA30,1,34.0,0.0
500574,1371,P06,MS-TRT-RET50,1,44.0,0.0
500575,1372,P04,MS-SER-HYA30,1,34.0,5.1
500576,1372,P01,MS-CLN-GEL150,1,22.0,3.3
500577,1372,P05,MS-SER-NIA30,1,29.0,4.35
500578,1372,P10,MS-MSK-CLY100,1,26.0,3.9
500579,1373,P04,MS-SER-HYA30,1,34.0,0.0
500580,1374,P03,MS-SER-VTC30,1,34.0,0.0
500581,1375,P06,MS-TRT-RET50,1,44.0,0.0
500582,1376,P03,MS-SER-VTC30,1,34.0,0.0
500583,1376,P04,MS-SER-HYA30,1,34.0,0.0
500584,1377,P02,MS-CLN-CRM150,1,24.0,0.0
500585,1377,P04,MS-SER-HYA30,2,34.0,0.0
500586,1378,P02,MS-CLN-CRM150,1,24.0,0.0
500587,1378,P06,MS-TRT-RET50,1,44.0,0.0
500588,1378,P03,MS-SER-VTC30,1,34.0,0.0
500589,1379,P12,MS-SET-RTN3,1,84.0,12.6
500590,1380,P02,MS-CLN-CRM150,1,24.0,0.0
500591,1380,P04,MS-SER-HYA30,1,34.0,0.0
500592,1381,P05,MS-SER-NIA30,1,29.0,0.0
500593,1382,P03,MS-SER-VTC30,1,34.0,0.0
500594,1382,P06,MS-TRT-RET50,1,44.0,0.0
500595,1383,P01,MS-CLN-GEL150,2,22.0,0.0
500596,1384,P03,MS-SER-VTC30,1,34.0,5.1
500597,1385,P03,MS-SER-VTC30,1,34.0,5.1
500598,1386,P04,MS-SER-HYA30,1,34.0,0.0
500599,1386,P07,MS-MOI-SPF50,1,32.0,0.0
500600,1387,P12,MS-SET-RTN3,1,84.0,8.4
500601,1387,P04,MS-SER-HYA30,1,34.0,3.4
500602,1388,P01,MS-CLN-GEL150,1,22.0,5.17
500603,1389,P03,MS-SER-VTC30,1,34.0,0.0
500604,1390,P03,MS-SER-VTC30,1,34.0,5.1
500605,1390,P01,MS-CLN-GEL150,1,22.0,3.3
500606,1391,P12,MS-SET-RTN3,1,84.0,12.6
500607,1392,P03,MS-SER-VTC30,1,34.0,0.0
500608,1393,P03,MS-SER-VTC30,2,34.0,0.0
500609,1394,P01,MS-CLN-GEL150,1,22.0,3.3
500610,1394,P05,MS-SER-NIA30,2,29.0,8.7
500611,1395,P06,MS-TRT-RET50,1,44.0,0.0
500612,1396,P05,MS-SER-NIA30,1,29.0,4.35
500613,1396,P07,MS-MOI-SPF50,1,32.0,4.8
500614,1397,P03,MS-SER-VTC30,2,34.0,0.0
500615,1397,P07,MS-MOI-SPF50,1,32.0,0.0
500616,1398,P01,MS-CLN-GEL150,1,22.0,0.0
500617,1398,P07,MS-MOI-SPF50,1,32.0,0.0
500618,1399,P03,MS-SER-VTC30,1,34.0,0.0
500619,1399,P01,MS-CLN-GEL150,1,22.0,0.0
500620,1400,P06,MS-TRT-RET50,1,44.0,0.0
500621,1401,P02,MS-CLN-CRM150,1,24.0,2.88
500622,1401,P11,MS-BDY-LOT400,1,28.0,3.36
500623,1402,P04,MS-SER-HYA30,1,34.0,0.0
500624,1403,P07,MS-MOI-SPF50,1,32.0,0.0
500625,1403,P01,MS-CLN-GEL150,1,22.0,0.0
500626,1404,P04,MS-SER-HYA30,1,34.0,3.4
500627,1404,P07,MS-MOI-SPF50,1,32.0,3.2
500628,1405,P04,MS-SER-HYA30,2,34.0,0.0
500629,1405,P11,MS-BDY-LOT400,1,28.0,0.0
500630,1405,P03,MS-SER-VTC30,1,34.0,0.0
500631,1406,P03,MS-SER-VTC30,1,34.0,0.0
500632,1406,P07,MS-MOI-SPF50,1,32.0,0.0
500633,1406,P04,MS-SER-HYA30,1,34.0,0.0
500634,1407,P03,MS-SER-VTC30,1,34.0,3.4
500635,1408,P03,MS-SER-VTC30,1,34.0,0.0
500636,1409,P04,MS-SER-HYA30,1,34.0,3.4
500637,1410,P12,MS-SET-RTN3,1,84.0,0.0
500638,1410,P07,MS-MOI-SPF50,1,32.0,0.0
500639,1411,P10,MS-MSK-CLY100,1,26.0,0.0
500640,1412,P05,MS-SER-NIA30,1,29.0,0.0
500641,1413,P12,MS-SET-RTN3,1,84.0,0.0
500642,1414,P07,MS-MOI-SPF50,1,32.0,4.8
500643,1415,P02,MS-CLN-CRM150,1,24.0,0.0
500644,1415,P07,MS-MOI-SPF50,1,32.0,0.0
500645,1416,P11,MS-BDY-LOT400,1,28.0,4.2
500646,1417,P02,MS-CLN-CRM150,1,24.0,0.0
500647,1417,P03,MS-SER-VTC30,1,34.0,0.0
500648,1418,P11,MS-BDY-LOT400,1,28.0,2.8
500649,1419,P12,MS-SET-RTN3,1,84.0,12.6
500650,1420,P02,MS-CLN-CRM150,1,24.0,0.0
500651,1421,P02,MS-CLN-CRM150,2,24.0,0.0
500652,1422,P01,MS-CLN-GEL150,1,22.0,3.3
500653,1423,P11,MS-BDY-LOT400,1,28.0,0.0
500654,1423,P05,MS-SER-NIA30,2,29.0,0.0
500655,1424,P05,MS-SER-NIA30,1,29.0,4.35
500656,1425,P03,MS-SER-VTC30,1,34.0,0.0
500657,1426,P02,MS-CLN-CRM150,2,24.0,0.0
500658,1426,P05,MS-SER-NIA30,1,29.0,0.0
500659,1426,P01,MS-CLN-GEL150,1,22.0,0.0
500660,1427,P10,MS-MSK-CLY100,1,26.0,3.9
500661,1428,P07,MS-MOI-SPF50,1,32.0,0.0
500662,1429,P03,MS-SER-VTC30,1,34.0,5.1
500663,1430,P10,MS-MSK-CLY100,1,26.0,0.0
500664,1431,P04,MS-SER-HYA30,1,34.0,5.1
500665,1432,P01,MS-CLN-GEL150,1,22.0,0.0
500666,1433,P06,MS-TRT-RET50,1,44.0,6.6
500667,1434,P06,MS-TRT-RET50,1,44.0,0.0
500668,1435,P05,MS-SER-NIA30,1,29.0,0.0
500669,1436,P12,MS-SET-RTN3,1,84.0,12.6
500670,1437,P05,MS-SER-NIA30,2,29.0,5.8
500671,1438,P03,MS-SER-VTC30,1,34.0,5.1
500672,1439,P11,MS-BDY-LOT400,1,28.0,4.2
500673,1439,P06,MS-TRT-RET50,1,44.0,6.6
500674,1440,P11,MS-BDY-LOT400,1,28.0,4.2
500675,1441,P05,MS-SER-NIA30,1,29.0,0.0
500676,1442,P05,MS-SER-NIA30,1,29.0,0.0
500677,1443,P06,MS-TRT-RET50,2,44.0,0.0
500678,1443,P12,MS-SET-RTN3,1,84.0,0.0
500679,1444,P07,MS-MOI-SPF50,1,32.0,4.8
500680,1445,P12,MS-SET-RTN3,1,84.0,0.0
500681,1446,P02,MS-CLN-CRM150,1,24.0,0.0
500682,1446,P12,MS-SET-RTN3,1,84.0,0.0
500683,1447,P04,MS-SER-HYA30,1,34.0,0.0
500684,1447,P06,MS-TRT-RET50,1,44.0,0.0
500685,1448,P03,MS-SER-VTC30,1,34.0,4.08
500686,1449,P07,MS-MOI-SPF50,2,32.0,6.4
500687,1450,P03,MS-SER-VTC30,1,34.0,3.4
500688,1451,P01,MS-CLN-GEL150,1,22.0,2.2
500689,1452,P03,MS-SER-VTC30,1,34.0,5.1
500690,1453,P10,MS-MSK-CLY100,1,26.0,0.0
500691,1453,P04,MS-SER-HYA30,1,34.0,0.0
500692,1454,P10,MS-MSK-CLY100,1,26.0,3.9
500693,1454,P04,MS-SER-HYA30,1,34.0,5.1
500694,1454,P11,MS-BDY-LOT400,1,28.0,4.2
500695,1455,P04,MS-SER-HYA30,1,34.0,0.0
500696,1456,P07,MS-MOI-SPF50,1,32.0,3.84
500697,1456,P03,MS-SER-VTC30,1,34.0,4.08
500698,1457,P01,MS-CLN-GEL150,1,22.0,0.0
500699,1458,P01,MS-CLN-GEL150,1,22.0,3.3
500700,1459,P10,MS-MSK-CLY100,1,26.0,2.6
500701,1459,P03,MS-SER-VTC30,2,34.0,6.8
500702,1460,P03,MS-SER-VTC30,1,34.0,5.1
500703,1461,P03,MS-SER-VTC30,1,34.0,0.0
500704,1462,P06,MS-TRT-RET50,1,44.0,4.4
500705,1463,P03,MS-SER-VTC30,1,34.0,5.1
500706,1464,P01,MS-CLN-GEL150,1,22.0,3.3
500707,1465,P05,MS-SER-NIA30,1,29.0,4.35
500708,1465,P06,MS-TRT-RET50,1,44.0,6.6
500709,1466,P03,MS-SER-VTC30,1,34.0,5.1
500710,1467,P01,MS-CLN-GEL150,1,22.0,3.3
500711,1468,P05,MS-SER-NIA30,2,29.0,8.7
500712,1468,P04,MS-SER-HYA30,2,34.0,10.2
500713,1469,P04,MS-SER-HYA30,1,34.0,5.1
500714,1469,P05,MS-SER-NIA30,1,29.0,4.35
500715,1469,P12,MS-SET-RTN3,1,84.0,12.6
500716,1469,P03,MS-SER-VTC30,1,34.0,5.1
500717,1470,P03,MS-SER-VTC30,1,34.0,5.1
500718,1470,P06,MS-TRT-RET50,1,44.0,6.6
500719,1471,P01,MS-CLN-GEL150,1,22.0,3.3
500720,1471,P03,MS-SER-VTC30,1,34.0,5.1
500721,1471,P02,MS-CLN-CRM150,1,24.0,3.6
500722,1472,P12,MS-SET-RTN3,1,84.0,8.4
500723,1473,P04,MS-SER-HYA30,1,34.0,5.1
500724,1474,P02,MS-CLN-CRM150,1,24.0,3.6
500725,1475,P06,MS-TRT-RET50,1,44.0,0.0
500726,1475,P04,MS-SER-HYA30,1,34.0,0.0
500727,1476,P01,MS-CLN-GEL150,2,22.0,6.6
500728,1477,P03,MS-SER-VTC30,1,34.0,9.44
500729,1478,P10,MS-MSK-CLY100,1,26.0,2.6
500730,1478,P01,MS-CLN-GEL150,1,22.0,2.2
500731,1478,P05,MS-SER-NIA30,1,29.0,2.9
500732,1479,P03,MS-SER-VTC30,1,34.0,3.4
500733,1480,P05,MS-SER-NIA30,1,29.0,4.35
500734,1480,P07,MS-MOI-SPF50,1,32.0,4.8
500735,1481,P03,MS-SER-VTC30,1,34.0,5.1
500736,1482,P12,MS-SET-RTN3,1,84.0,12.6
500737,1483,P01,MS-CLN-GEL150,1,22.0,0.0
500738,1483,P03,MS-SER-VTC30,1,34.0,0.0
500739,1484,P07,MS-MOI-SPF50,1,32.0,0.0
500740,1484,P12,MS-SET-RTN3,1,84.0,0.0
600002,1484,P07,MS-MOI-SPF50,1,32.0,0.0
500741,1485,P07,MS-MOI-SPF50,1,32.0,8.88
500742,1485,P01,MS-CLN-GEL150,1,22.0,6.11
500743,1486,P11,MS-BDY-LOT400,1,28.0,7.06
500744,1487,P04,MS-SER-HYA30,1,34.0,5.1
500745,1488,P03,MS-SER-VTC30,2,34.0,0.0
500746,1489,P07,MS-MOI-SPF50,1,32.0,4.8
500747,1490,P04,MS-SER-HYA30,1,34.0,5.1
500748,1491,P03,MS-SER-VTC30,1,34.0,5.1
500749,1491,P12,MS-SET-RTN3,1,84.0,12.6
500750,1492,P01,MS-CLN-GEL150,1,22.0,3.3
500751,1493,P04,MS-SER-HYA30,1,34.0,5.1
500752,1494,P10,MS-MSK-CLY100,1,26.0,3.9
500753,1494,P04,MS-SER-HYA30,1,34.0,5.1
500754,1495,P03,MS-SER-VTC30,1,34.0,0.0
500755,1496,P06,MS-TRT-RET50,1,44.0,6.6
500756,1497,P10,MS-MSK-CLY100,1,26.0,3.9
500757,1498,P06,MS-TRT-RET50,1,44.0,6.6
500758,1498,P04,MS-SER-HYA30,1,34.0,5.1
500759,1499,P04,MS-SER-HYA30,1,34.0,5.1
500760,1500,P12,MS-SET-RTN3,1,84.0,12.6
500761,1501,P01,MS-CLN-GEL150,1,22.0,3.3
500762,1501,P04,MS-SER-HYA30,1,34.0,5.1
500763,1502,P03,MS-SER-VTC30,1,34.0,5.1
500764,1502,P02,MS-CLN-CRM150,1,24.0,3.6
500765,1503,P06,MS-TRT-RET50,1,44.0,6.6
500766,1504,P04,MS-SER-HYA30,1,34.0,5.1
500767,1504,P06,MS-TRT-RET50,1,44.0,6.6
500768,1505,P03,MS-SER-VTC30,1,34.0,5.1
500769,1505,P04,MS-SER-HYA30,1,34.0,5.1
500770,1506,P01,MS-CLN-GEL150,1,22.0,0.0
500771,1507,P10,MS-MSK-CLY100,1,26.0,0.0
500772,1507,P12,MS-SET-RTN3,1,84.0,0.0
500773,1507,P03,MS-SER-VTC30,1,34.0,0.0
500774,1508,P05,MS-SER-NIA30,2,29.0,8.7
500775,1509,P11,MS-BDY-LOT400,1,28.0,0.0
500776,1510,P01,MS-CLN-GEL150,1,22.0,0.0
500777,1511,P07,MS-MOI-SPF50,1,32.0,0.0
500778,1511,P12,MS-SET-RTN3,1,84.0,0.0
500779,1512,P12,MS-SET-RTN3,1,84.0,0.0
500780,1512,P07,MS-MOI-SPF50,1,32.0,0.0
500781,1513,P04,MS-SER-HYA30,1,34.0,0.0
500782,1514,P11,MS-BDY-LOT400,1,28.0,4.2
500783,1515,P03,MS-SER-VTC30,1,34.0,5.1
500784,1516,P12,MS-SET-RTN3,1,84.0,12.6
500785,1517,P03,MS-SER-VTC30,1,34.0,5.1
500786,1518,P12,MS-SET-RTN3,1,84.0,0.0
500787,1518,P04,MS-SER-HYA30,1,34.0,0.0
500788,1518,P10,MS-MSK-CLY100,1,26.0,0.0
500789,1519,P07,MS-MOI-SPF50,1,32.0,0.0
500790,1519,P03,MS-SER-VTC30,1,34.0,0.0
500791,1520,P03,MS-SER-VTC30,2,34.0,10.2
500792,1520,P06,MS-TRT-RET50,1,44.0,6.6
500793,1521,P01,MS-CLN-GEL150,1,22.0,0.0
500794,1521,P02,MS-CLN-CRM150,1,24.0,0.0
500795,1521,P07,MS-MOI-SPF50,1,32.0,0.0
500796,1522,P03,MS-SER-VTC30,2,34.0,0.0
500797,1523,P05,MS-SER-NIA30,1,29.0,0.0
500798,1524,P03,MS-SER-VTC30,1,34.0,0.0
500799,1525,P04,MS-SER-HYA30,1,34.0,5.1
500800,1526,P07,MS-MOI-SPF50,1,32.0,4.8
500801,1526,P12,MS-SET-RTN3,1,84.0,12.6
500802,1526,P03,MS-SER-VTC30,1,34.0,5.1
500803,1526,P01,MS-CLN-GEL150,1,22.0,3.3
500804,1527,P04,MS-SER-HYA30,1,34.0,5.1
500805,1527,P06,MS-TRT-RET50,1,44.0,6.6
500806,1527,P10,MS-MSK-CLY100,1,26.0,3.9
500807,1528,P10,MS-MSK-CLY100,1,26.0,0.0
500808,1529,P04,MS-SER-HYA30,1,34.0,0.0
500809,1529,P05,MS-SER-NIA30,2,29.0,0.0
500810,1530,P07,MS-MOI-SPF50,1,32.0,0.0
500811,1531,P10,MS-MSK-CLY100,1,26.0,0.0
500812,1532,P12,MS-SET-RTN3,1,84.0,0.0
500813,1533,P03,MS-SER-VTC30,1,34.0,0.0
500814,1533,P06,MS-TRT-RET50,1,44.0,0.0
500815,1534,P04,MS-SER-HYA30,1,34.0,0.0
500816,1534,P10,MS-MSK-CLY100,1,26.0,0.0
500817,1535,P11,MS-BDY-LOT400,1,28.0,0.0
500818,1536,P02,MS-CLN-CRM150,1,24.0,0.0
500819,1536,P05,MS-SER-NIA30,1,29.0,0.0
500820,1537,P04,MS-SER-HYA30,1,34.0,5.1
500821,1538,P12,MS-SET-RTN3,1,84.0,12.6
500822,1539,P03,MS-SER-VTC30,1,34.0,5.1
500823,1540,P01,MS-CLN-GEL150,1,22.0,0.0
500824,1541,P01,MS-CLN-GEL150,2,22.0,6.6
500825,1541,P04,MS-SER-HYA30,1,34.0,5.1
500826,1542,P02,MS-CLN-CRM150,1,24.0,3.6
500827,1542,P03,MS-SER-VTC30,1,34.0,5.1
500828,1543,P02,MS-CLN-CRM150,1,24.0,2.4
500829,1543,P04,MS-SER-HYA30,1,34.0,3.4
500830,1544,P06,MS-TRT-RET50,1,44.0,0.0
500831,1545,P11,MS-BDY-LOT400,1,28.0,0.0
500832,1545,P05,MS-SER-NIA30,1,29.0,0.0
500833,1546,P06,MS-TRT-RET50,1,44.0,0.0
500834,1547,P03,MS-SER-VTC30,1,34.0,0.0
500835,1547,P10,MS-MSK-CLY100,1,26.0,0.0
500836,1548,P03,MS-SER-VTC30,1,34.0,0.0
500837,1549,P07,MS-MOI-SPF50,1,32.0,0.0
500838,1549,P12,MS-SET-RTN3,1,84.0,0.0
500839,1549,P03,MS-SER-VTC30,1,34.0,0.0
500840,1549,P05,MS-SER-NIA30,1,29.0,0.0
500841,1550,P01,MS-CLN-GEL150,1,22.0,3.3
500842,1550,P04,MS-SER-HYA30,1,34.0,5.1
500843,1551,P07,MS-MOI-SPF50,1,32.0,4.8
500844,1552,P05,MS-SER-NIA30,1,29.0,0.0
500845,1553,P02,MS-CLN-CRM150,1,24.0,0.0
500846,1554,P07,MS-MOI-SPF50,1,32.0,4.8
500847,1555,P05,MS-SER-NIA30,1,29.0,0.0
500848,1556,P01,MS-CLN-GEL150,1,22.0,3.3
500849,1556,P06,MS-TRT-RET50,1,44.0,6.6
500850,1557,P05,MS-SER-NIA30,1,29.0,2.9
500851,1557,P01,MS-CLN-GEL150,1,22.0,2.2
500852,1558,P10,MS-MSK-CLY100,1,26.0,0.0
500853,1559,P03,MS-SER-VTC30,1,34.0,0.0
500854,1559,P02,MS-CLN-CRM150,1,24.0,0.0
500855,1559,P06,MS-TRT-RET50,1,44.0,0.0
500856,1560,P06,MS-TRT-RET50,1,44.0,0.0
500857,1561,P03,MS-SER-VTC30,1,34.0,0.0
500858,1561,P01,MS-CLN-GEL150,1,22.0,0.0
500859,1562,P01,MS-CLN-GEL150,1,22.0,0.0
500860,1562,P04,MS-SER-HYA30,1,34.0,0.0
500861,1562,P11,MS-BDY-LOT400,1,28.0,0.0
500862,1562,P03,MS-SER-VTC30,1,34.0,0.0
500863,1563,P04,MS-SER-HYA30,2,34.0,0.0
500864,1564,P02,MS-CLN-CRM150,1,24.0,0.0
500865,1564,P01,MS-CLN-GEL150,2,22.0,0.0
500866,1564,P07,MS-MOI-SPF50,1,32.0,0.0
500867,1565,P03,MS-SER-VTC30,1,34.0,0.0
500868,1565,P07,MS-MOI-SPF50,1,32.0,0.0
500869,1565,P04,MS-SER-HYA30,1,34.0,0.0
500870,1566,P04,MS-SER-HYA30,1,34.0,5.1
500871,1567,P03,MS-SER-VTC30,1,34.0,0.0
500872,1567,P11,MS-BDY-LOT400,1,28.0,0.0
500873,1567,P10,MS-MSK-CLY100,1,26.0,0.0
500874,1568,P01,MS-CLN-GEL150,1,22.0,0.0
500875,1569,P04,MS-SER-HYA30,1,34.0,0.0
500876,1570,P12,MS-SET-RTN3,1,84.0,10.08
500877,1570,P07,MS-MOI-SPF50,1,32.0,3.84
500878,1571,P06,MS-TRT-RET50,2,44.0,0.0
500879,1572,P01,MS-CLN-GEL150,1,22.0,2.2
500880,1572,P05,MS-SER-NIA30,1,29.0,2.9
500881,1572,P03,MS-SER-VTC30,1,34.0,3.4
500882,1572,P06,MS-TRT-RET50,1,44.0,4.4
500883,1573,P03,MS-SER-VTC30,1,34.0,0.0
500884,1574,P03,MS-SER-VTC30,1,34.0,34.0
500885,1575,P05,MS-SER-NIA30,1,29.0,0.0
500886,1576,P05,MS-SER-NIA30,2,29.0,0.0
500887,1576,P12,MS-SET-RTN3,1,84.0,0.0
500888,1576,P02,MS-CLN-CRM150,1,24.0,0.0
500889,1577,P03,MS-SER-VTC30,1,34.0,0.0
500890,1578,P11,MS-BDY-LOT400,1,28.0,4.2
500891,1579,P04,MS-SER-HYA30,1,34.0,0.0
500892,1579,P11,MS-BDY-LOT400,1,28.0,0.0
500893,1580,P02,MS-CLN-CRM150,1,24.0,0.0
500894,1580,P04,MS-SER-HYA30,1,34.0,0.0
500895,1580,P03,MS-SER-VTC30,1,34.0,0.0
500896,1581,P06,MS-TRT-RET50,1,44.0,6.6
500897,1582,P05,MS-SER-NIA30,1,29.0,4.35
500898,1583,P04,MS-SER-HYA30,2,34.0,0.0
500899,1584,P03,MS-SER-VTC30,1,34.0,0.0
500900,1584,P07,MS-MOI-SPF50,1,32.0,0.0
500901,1584,P06,MS-TRT-RET50,1,44.0,0.0
500902,1585,P01,MS-CLN-GEL150,1,22.0,0.0
500903,1586,P03,MS-SER-VTC30,2,34.0,0.0
500904,1586,P02,MS-CLN-CRM150,1,24.0,0.0
500905,1587,P07,MS-MOI-SPF50,1,32.0,3.84
500906,1587,P03,MS-SER-VTC30,1,34.0,4.08
500907,1588,P04,MS-SER-HYA30,1,34.0,5.1
500908,1589,P04,MS-SER-HYA30,1,34.0,7.99
500909,1589,P03,MS-SER-VTC30,1,34.0,7.99
500910,1590,P02,MS-CLN-CRM150,1,24.0,0.0
500911,1591,P06,MS-TRT-RET50,1,44.0,4.4
500912,1592,P03,MS-SER-VTC30,1,34.0,0.0
500913,1592,P10,MS-MSK-CLY100,1,26.0,0.0
500914,1592,P04,MS-SER-HYA30,1,34.0,0.0
500915,1593,P03,MS-SER-VTC30,1,34.0,0.0
500916,1593,P10,MS-MSK-CLY100,1,26.0,0.0
500917,1593,P01,MS-CLN-GEL150,1,22.0,0.0
500918,1593,P02,MS-CLN-CRM150,1,24.0,0.0
500919,1594,P01,MS-CLN-GEL150,1,22.0,0.0
500920,1594,P02,MS-CLN-CRM150,2,24.0,0.0
500921,1594,P05,MS-SER-NIA30,1,29.0,0.0
500922,1594,P07,MS-MOI-SPF50,1,32.0,0.0
500923,1595,P02,MS-CLN-CRM150,2,24.0,7.2
500924,1596,P07,MS-MOI-SPF50,2,32.0,0.0
500925,1597,P04,MS-SER-HYA30,2,34.0,8.16
500926,1597,P01,MS-CLN-GEL150,2,22.0,5.28
500927,1597,P10,MS-MSK-CLY100,1,26.0,3.12
500928,1597,P03,MS-SER-VTC30,1,34.0,4.08
500929,1598,P01,MS-CLN-GEL150,1,22.0,0.0
500930,1599,P02,MS-CLN-CRM150,1,24.0,0.0
500931,1600,P01,MS-CLN-GEL150,1,22.0,0.0
500932,1600,P06,MS-TRT-RET50,1,44.0,0.0
500933,1600,P11,MS-BDY-LOT400,1,28.0,0.0
500934,1600,P04,MS-SER-HYA30,1,34.0,0.0
500935,1601,P01,MS-CLN-GEL150,1,22.0,0.0
500936,1601,P03,MS-SER-VTC30,1,34.0,0.0
500937,1602,P05,MS-SER-NIA30,1,29.0,0.0
500938,1602,P03,MS-SER-VTC30,1,34.0,0.0
500939,1603,P11,MS-BDY-LOT400,1,28.0,0.0
500940,1603,P06,MS-TRT-RET50,1,44.0,0.0
500941,1604,P05,MS-SER-NIA30,2,29.0,0.0
500942,1604,P03,MS-SER-VTC30,2,34.0,0.0
500943,1605,P06,MS-TRT-RET50,1,44.0,4.4
500944,1606,P07,MS-MOI-SPF50,1,32.0,0.0
500945,1607,P06,MS-TRT-RET50,1,44.0,0.0
500946,1607,P05,MS-SER-NIA30,1,29.0,0.0
500947,1608,P01,MS-CLN-GEL150,1,22.0,0.0
500948,1609,P03,MS-SER-VTC30,1,34.0,0.0
500949,1609,P12,MS-SET-RTN3,1,84.0,0.0
500950,1609,P11,MS-BDY-LOT400,1,28.0,0.0
500951,1610,P12,MS-SET-RTN3,1,84.0,0.0
500952,1611,P01,MS-CLN-GEL150,1,22.0,3.3
500953,1612,P12,MS-SET-RTN3,1,84.0,0.0
500954,1612,P06,MS-TRT-RET50,1,44.0,0.0
500955,1613,P07,MS-MOI-SPF50,1,32.0,4.8
500956,1614,P05,MS-SER-NIA30,1,29.0,4.35
500957,1614,P08,MS-MOI-BAR50,1,36.0,5.4
500958,1615,P06,MS-TRT-RET50,2,44.0,13.2
500959,1615,P05,MS-SER-NIA30,1,29.0,4.35
500960,1616,P01,MS-CLN-GEL150,1,22.0,3.3
500961,1617,P06,MS-TRT-RET50,1,44.0,0.0
500962,1617,P03,MS-SER-VTC30,1,34.0,0.0
500963,1618,P03,MS-SER-VTC30,1,34.0,0.0
500964,1619,P11,MS-BDY-LOT400,1,28.0,4.2
500965,1619,P01,MS-CLN-GEL150,1,22.0,3.3
500966,1620,P07,MS-MOI-SPF50,1,32.0,4.8
500967,1620,P03,MS-SER-VTC30,1,34.0,5.1
500968,1621,P04,MS-SER-HYA30,1,34.0,5.1
500969,1622,P05,MS-SER-NIA30,1,29.0,0.0
500970,1623,P04,MS-SER-HYA30,2,34.0,0.0
500971,1623,P07,MS-MOI-SPF50,2,32.0,0.0
500972,1623,P01,MS-CLN-GEL150,2,22.0,0.0
500973,1624,P05,MS-SER-NIA30,1,29.0,2.9
500974,1625,P01,MS-CLN-GEL150,1,22.0,2.64
500975,1625,P10,MS-MSK-CLY100,1,26.0,3.12
500976,1625,P07,MS-MOI-SPF50,1,32.0,3.84
500977,1626,P08,MS-MOI-BAR50,1,36.0,5.4
500978,1626,P10,MS-MSK-CLY100,1,26.0,3.9
500979,1627,P03,MS-SER-VTC30,1,34.0,5.1
500980,1627,P07,MS-MOI-SPF50,1,32.0,4.8
500981,1628,P08,MS-MOI-BAR50,1,36.0,0.0
500982,1629,P03,MS-SER-VTC30,1,34.0,5.1
500983,1630,P06,MS-TRT-RET50,1,44.0,0.0
500984,1631,P01,MS-CLN-GEL150,1,22.0,0.0
500985,1632,P04,MS-SER-HYA30,1,34.0,0.0
500986,1633,P02,MS-CLN-CRM150,1,24.0,3.6
500987,1634,P10,MS-MSK-CLY100,1,26.0,0.0
500988,1635,P07,MS-MOI-SPF50,1,32.0,4.8
500989,1636,P12,MS-SET-RTN3,1,84.0,12.6
500990,1636,P04,MS-SER-HYA30,1,34.0,5.1
500991,1636,P03,MS-SER-VTC30,1,34.0,5.1
500992,1637,P04,MS-SER-HYA30,1,34.0,0.0
500993,1637,P11,MS-BDY-LOT400,1,28.0,0.0
500994,1637,P05,MS-SER-NIA30,2,29.0,0.0
500995,1637,P10,MS-MSK-CLY100,1,26.0,0.0
500996,1638,P06,MS-TRT-RET50,1,44.0,0.0
500997,1638,P04,MS-SER-HYA30,1,34.0,0.0
500998,1639,P06,MS-TRT-RET50,1,44.0,4.4
500999,1640,P12,MS-SET-RTN3,1,84.0,12.6
501000,1640,P03,MS-SER-VTC30,1,34.0,5.1
501001,1641,P03,MS-SER-VTC30,1,34.0,5.1
501002,1641,P01,MS-CLN-GEL150,1,22.0,3.3
501003,1641,P08,MS-MOI-BAR50,1,36.0,5.4
501004,1641,P04,MS-SER-HYA30,1,34.0,5.1
501005,1642,P03,MS-SER-VTC30,1,34.0,5.1
501006,1643,P03,MS-SER-VTC30,1,34.0,3.4
501007,1643,P06,MS-TRT-RET50,1,44.0,4.4
501008,1644,P03,MS-SER-VTC30,1,34.0,0.0
501009,1644,P10,MS-MSK-CLY100,1,26.0,0.0
501010,1644,P06,MS-TRT-RET50,1,44.0,0.0
501011,1644,P05,MS-SER-NIA30,1,29.0,0.0
501012,1645,P01,MS-CLN-GEL150,1,22.0,0.0
501013,1645,P05,MS-SER-NIA30,2,29.0,0.0
501014,1645,P04,MS-SER-HYA30,1,34.0,0.0
501015,1646,P07,MS-MOI-SPF50,1,32.0,0.0
501016,1647,P07,MS-MOI-SPF50,1,32.0,4.8
501017,1647,P01,MS-CLN-GEL150,1,22.0,3.3
501018,1648,P03,MS-SER-VTC30,1,34.0,5.1
501019,1649,P12,MS-SET-RTN3,1,84.0,12.6
501020,1649,P04,MS-SER-HYA30,1,34.0,5.1
501021,1650,P06,MS-TRT-RET50,1,44.0,6.6
501022,1651,P03,MS-SER-VTC30,1,34.0,5.1
501023,1652,P07,MS-MOI-SPF50,1,32.0,4.8
501024,1653,P10,MS-MSK-CLY100,1,26.0,3.9
501025,1654,P07,MS-MOI-SPF50,2,32.0,0.0
501026,1654,P10,MS-MSK-CLY100,1,26.0,0.0
501027,1655,P03,MS-SER-VTC30,1,34.0,0.0
501028,1656,P04,MS-SER-HYA30,1,34.0,0.0
501029,1657,P03,MS-SER-VTC30,1,34.0,3.4
501030,1658,P01,MS-CLN-GEL150,1,22.0,0.0
501031,1658,P08,MS-MOI-BAR50,2,36.0,0.0
501032,1659,P10,MS-MSK-CLY100,1,26.0,0.0
501033,1660,P02,MS-CLN-CRM150,1,24.0,0.0
501034,1660,P03,MS-SER-VTC30,1,34.0,0.0
501035,1660,P07,MS-MOI-SPF50,1,32.0,0.0
501036,1661,P05,MS-SER-NIA30,1,29.0,0.0
501037,1661,P10,MS-MSK-CLY100,1,26.0,0.0
501038,1661,P12,MS-SET-RTN3,1,84.0,0.0
501039,1661,P08,MS-MOI-BAR50,1,36.0,0.0
501040,1662,P02,MS-CLN-CRM150,1,24.0,0.0
501041,1662,P07,MS-MOI-SPF50,1,32.0,0.0
501042,1663,P03,MS-SER-VTC30,1,34.0,0.0
501043,1664,P01,MS-CLN-GEL150,1,22.0,0.0
501044,1664,P03,MS-SER-VTC30,2,34.0,0.0
501045,1665,P08,MS-MOI-BAR50,1,36.0,3.6
501046,1666,P04,MS-SER-HYA30,1,34.0,0.0
501047,1667,P03,MS-SER-VTC30,2,34.0,0.0
501048,1667,P01,MS-CLN-GEL150,1,22.0,0.0
501049,1667,P06,MS-TRT-RET50,1,44.0,0.0
501050,1668,P07,MS-MOI-SPF50,2,32.0,0.0
501051,1668,P02,MS-CLN-CRM150,1,24.0,0.0
501052,1669,P05,MS-SER-NIA30,1,29.0,4.35
501053,1670,P03,MS-SER-VTC30,1,34.0,0.0
501054,1671,P06,MS-TRT-RET50,1,44.0,0.0
501055,1672,P02,MS-CLN-CRM150,1,24.0,0.0
501056,1672,P03,MS-SER-VTC30,1,34.0,0.0
501057,1673,P04,MS-SER-HYA30,1,34.0,0.0
501058,1673,P08,MS-MOI-BAR50,1,36.0,0.0
501059,1674,P12,MS-SET-RTN3,1,84.0,0.0
501060,1675,P03,MS-SER-VTC30,1,34.0,0.0
501061,1676,P03,MS-SER-VTC30,1,34.0,5.1
501062,1677,P01,MS-CLN-GEL150,2,22.0,0.0
501063,1677,P05,MS-SER-NIA30,1,29.0,0.0
501064,1677,P03,MS-SER-VTC30,2,34.0,0.0
501065,1677,P06,MS-TRT-RET50,1,44.0,0.0
501066,1678,P01,MS-CLN-GEL150,2,22.0,0.0
501067,1678,P05,MS-SER-NIA30,1,29.0,0.0
501068,1679,P03,MS-SER-VTC30,1,34.0,0.0
501069,1679,P07,MS-MOI-SPF50,1,32.0,0.0
501070,1679,P11,MS-BDY-LOT400,1,28.0,0.0
501071,1679,P04,MS-SER-HYA30,1,34.0,0.0
501072,1680,P03,MS-SER-VTC30,2,34.0,0.0
501073,1680,P12,MS-SET-RTN3,1,84.0,0.0
501074,1681,P04,MS-SER-HYA30,1,34.0,5.1
501075,1682,P01,MS-CLN-GEL150,1,22.0,3.3
501076,1682,P07,MS-MOI-SPF50,1,32.0,4.8
501077,1683,P03,MS-SER-VTC30,1,34.0,0.0
501078,1684,P03,MS-SER-VTC30,1,34.0,3.4
501079,1685,P01,MS-CLN-GEL150,1,22.0,0.0
501080,1685,P03,MS-SER-VTC30,1,34.0,0.0
501081,1686,P05,MS-SER-NIA30,2,29.0,0.0
501082,1687,P04,MS-SER-HYA30,1,34.0,0.0
501083,1688,P03,MS-SER-VTC30,1,34.0,0.0
501084,1688,P05,MS-SER-NIA30,1,29.0,0.0
501085,1689,P01,MS-CLN-GEL150,1,22.0,3.3
501086,1690,P02,MS-CLN-CRM150,1,24.0,3.6
501087,1690,P01,MS-CLN-GEL150,1,22.0,3.3
501088,1691,P03,MS-SER-VTC30,1,34.0,5.1
501089,1691,P05,MS-SER-NIA30,2,29.0,8.7
501090,1692,P03,MS-SER-VTC30,2,34.0,0.0
501091,1693,P05,MS-SER-NIA30,1,29.0,0.0
501092,1693,P03,MS-SER-VTC30,1,34.0,0.0
501093,1693,P07,MS-MOI-SPF50,1,32.0,0.0
501094,1694,P03,MS-SER-VTC30,1,34.0,0.0
501095,1694,P12,MS-SET-RTN3,1,84.0,0.0
501096,1695,P11,MS-BDY-LOT400,1,28.0,3.36
501097,1696,P05,MS-SER-NIA30,1,29.0,4.35
501098,1697,P01,MS-CLN-GEL150,1,22.0,3.3
501099,1697,P06,MS-TRT-RET50,1,44.0,6.6
501100,1698,P07,MS-MOI-SPF50,1,32.0,4.8
501101,1699,P08,MS-MOI-BAR50,1,36.0,0.0
501102,1700,P05,MS-SER-NIA30,1,29.0,4.35
501103,1701,P05,MS-SER-NIA30,1,29.0,4.35
501104,1701,P07,MS-MOI-SPF50,1,32.0,4.8
501105,1702,P03,MS-SER-VTC30,1,34.0,0.0
501106,1703,P04,MS-SER-HYA30,1,34.0,3.4
501107,1703,P05,MS-SER-NIA30,1,29.0,2.9
501108,1703,P03,MS-SER-VTC30,1,34.0,3.4
501109,1704,P11,MS-BDY-LOT400,1,28.0,4.2
501110,1705,P06,MS-TRT-RET50,1,44.0,0.0
501111,1705,P03,MS-SER-VTC30,1,34.0,0.0
501112,1705,P01,MS-CLN-GEL150,2,22.0,0.0
501113,1706,P01,MS-CLN-GEL150,2,22.0,0.0
501114,1707,P05,MS-SER-NIA30,1,29.0,0.0
501115,1707,P08,MS-MOI-BAR50,1,36.0,0.0
501116,1707,P04,MS-SER-HYA30,1,34.0,0.0
501117,1707,P06,MS-TRT-RET50,2,44.0,0.0
501118,1708,P10,MS-MSK-CLY100,2,26.0,7.8
501119,1708,P07,MS-MOI-SPF50,1,32.0,4.8
501120,1709,P07,MS-MOI-SPF50,1,32.0,0.0
501121,1710,P02,MS-CLN-CRM150,1,24.0,0.0
501122,1711,P07,MS-MOI-SPF50,1,32.0,4.8
501123,1712,P12,MS-SET-RTN3,1,84.0,12.6
501124,1713,P07,MS-MOI-SPF50,1,32.0,0.0
501125,1713,P03,MS-SER-VTC30,1,34.0,0.0
501126,1714,P10,MS-MSK-CLY100,1,26.0,0.0
501127,1714,P03,MS-SER-VTC30,1,34.0,0.0
501128,1714,P07,MS-MOI-SPF50,1,32.0,0.0
501129,1715,P01,MS-CLN-GEL150,1,22.0,0.0
501130,1715,P06,MS-TRT-RET50,1,44.0,0.0
501131,1716,P05,MS-SER-NIA30,1,29.0,4.35
501132,1717,P08,MS-MOI-BAR50,1,36.0,0.0
501133,1718,P12,MS-SET-RTN3,1,84.0,0.0
501134,1718,P03,MS-SER-VTC30,1,34.0,0.0
501135,1718,P07,MS-MOI-SPF50,1,32.0,0.0
501136,1719,P03,MS-SER-VTC30,1,34.0,0.0
501137,1719,P10,MS-MSK-CLY100,1,26.0,0.0
501138,1719,P11,MS-BDY-LOT400,1,28.0,0.0
501139,1720,P05,MS-SER-NIA30,1,29.0,0.0
501140,1720,P11,MS-BDY-LOT400,2,28.0,0.0
501141,1721,P04,MS-SER-HYA30,1,34.0,5.1
501142,1722,P04,MS-SER-HYA30,1,34.0,0.0
501143,1723,P10,MS-MSK-CLY100,1,26.0,0.0
501144,1724,P03,MS-SER-VTC30,1,34.0,0.0
501145,1724,P01,MS-CLN-GEL150,1,22.0,0.0
501146,1725,P10,MS-MSK-CLY100,1,26.0,0.0
501147,1726,P01,MS-CLN-GEL150,1,22.0,0.0
501148,1726,P02,MS-CLN-CRM150,1,24.0,0.0
501149,1727,P03,MS-SER-VTC30,1,34.0,5.1
501150,1728,P06,MS-TRT-RET50,1,44.0,0.0
501151,1728,P01,MS-CLN-GEL150,1,22.0,0.0
501152,1729,P01,MS-CLN-GEL150,1,22.0,0.0
501153,1730,P02,MS-CLN-CRM150,1,24.0,0.0
501154,1730,P01,MS-CLN-GEL150,1,22.0,0.0
501155,1731,P02,MS-CLN-CRM150,2,24.0,0.0
501156,1732,P05,MS-SER-NIA30,1,29.0,0.0
501157,1732,P06,MS-TRT-RET50,1,44.0,0.0
501158,1732,P04,MS-SER-HYA30,1,34.0,0.0
501159,1733,P04,MS-SER-HYA30,1,34.0,5.1
501160,1734,P05,MS-SER-NIA30,1,29.0,4.35
501161,1734,P12,MS-SET-RTN3,1,84.0,12.6
501162,1735,P12,MS-SET-RTN3,1,84.0,0.0
501163,1735,P01,MS-CLN-GEL150,1,22.0,0.0
501164,1735,P03,MS-SER-VTC30,1,34.0,0.0
501165,1736,P01,MS-CLN-GEL150,1,22.0,0.0
501166,1736,P03,MS-SER-VTC30,1,34.0,0.0
501167,1737,P03,MS-SER-VTC30,2,34.0,10.2
501168,1737,P06,MS-TRT-RET50,1,44.0,6.6
501169,1738,P05,MS-SER-NIA30,1,29.0,0.0
501170,1739,P04,MS-SER-HYA30,1,34.0,0.0
501171,1740,P07,MS-MOI-SPF50,1,32.0,0.0
501172,1741,P03,MS-SER-VTC30,1,34.0,0.0
501173,1741,P08,MS-MOI-BAR50,1,36.0,0.0
501174,1741,P05,MS-SER-NIA30,1,29.0,0.0
501175,1742,P03,MS-SER-VTC30,1,34.0,5.1
501176,1742,P02,MS-CLN-CRM150,1,24.0,3.6
501177,1743,P07,MS-MOI-SPF50,1,32.0,4.8
501178,1743,P06,MS-TRT-RET50,1,44.0,6.6
501179,1744,P03,MS-SER-VTC30,1,34.0,0.0
501180,1744,P01,MS-CLN-GEL150,1,22.0,0.0
501181,1745,P06,MS-TRT-RET50,1,44.0,0.0
501182,1745,P03,MS-SER-VTC30,1,34.0,0.0
501183,1746,P05,MS-SER-NIA30,1,29.0,0.0
501184,1747,P05,MS-SER-NIA30,1,29.0,4.35
501185,1747,P03,MS-SER-VTC30,1,34.0,5.1
501186,1747,P08,MS-MOI-BAR50,1,36.0,5.4
501187,1748,P11,MS-BDY-LOT400,1,28.0,0.0
501188,1749,P03,MS-SER-VTC30,2,34.0,6.8
501189,1749,P06,MS-TRT-RET50,2,44.0,8.8
501190,1750,P06,MS-TRT-RET50,1,44.0,6.6
501191,1751,P02,MS-CLN-CRM150,1,24.0,0.0
501192,1752,P06,MS-TRT-RET50,1,44.0,4.4
501193,1752,P11,MS-BDY-LOT400,1,28.0,2.8
501194,1752,P01,MS-CLN-GEL150,1,22.0,2.2
501195,1753,P03,MS-SER-VTC30,1,34.0,0.0
501196,1754,P03,MS-SER-VTC30,1,34.0,0.0
501197,1755,P06,MS-TRT-RET50,1,44.0,0.0
501198,1756,P03,MS-SER-VTC30,1,34.0,0.0
501199,1757,P04,MS-SER-HYA30,1,34.0,3.4
501200,1757,P07,MS-MOI-SPF50,1,32.0,3.2
501201,1758,P01,MS-CLN-GEL150,1,22.0,3.3
501202,1758,P03,MS-SER-VTC30,1,34.0,5.1
501203,1759,P12,MS-SET-RTN3,1,84.0,12.6
501204,1760,P01,MS-CLN-GEL150,1,22.0,0.0
501205,1761,P03,MS-SER-VTC30,1,34.0,5.1
501206,1762,P05,MS-SER-NIA30,1,29.0,0.0
501207,1762,P04,MS-SER-HYA30,1,34.0,0.0
501208,1763,P01,MS-CLN-GEL150,2,22.0,0.0
501209,1764,P06,MS-TRT-RET50,1,44.0,4.4
501210,1765,P03,MS-SER-VTC30,1,34.0,5.1
501211,1766,P02,MS-CLN-CRM150,1,24.0,3.6
501212,1766,P06,MS-TRT-RET50,1,44.0,6.6
501213,1766,P05,MS-SER-NIA30,1,29.0,4.35
501214,1767,P08,MS-MOI-BAR50,1,36.0,0.0
501215,1767,P03,MS-SER-VTC30,2,34.0,0.0
501216,1768,P12,MS-SET-RTN3,1,84.0,12.6
501217,1769,P06,MS-TRT-RET50,1,44.0,0.0
501218,1770,P03,MS-SER-VTC30,1,34.0,0.0
501219,1771,P10,MS-MSK-CLY100,1,26.0,0.0
501220,1772,P04,MS-SER-HYA30,1,34.0,5.1
501221,1773,P06,MS-TRT-RET50,1,44.0,0.0
501222,1774,P08,MS-MOI-BAR50,1,36.0,0.0
501223,1775,P07,MS-MOI-SPF50,1,32.0,4.8
501224,1775,P10,MS-MSK-CLY100,1,26.0,3.9
501225,1775,P03,MS-SER-VTC30,1,34.0,5.1
501226,1776,P06,MS-TRT-RET50,1,44.0,0.0
501227,1776,P01,MS-CLN-GEL150,2,22.0,0.0
501228,1777,P03,MS-SER-VTC30,1,34.0,5.1
501229,1778,P03,MS-SER-VTC30,1,34.0,5.1
501230,1779,P10,MS-MSK-CLY100,1,26.0,0.0
501231,1779,P07,MS-MOI-SPF50,1,32.0,0.0
501232,1780,P08,MS-MOI-BAR50,1,36.0,0.0
501233,1781,P04,MS-SER-HYA30,1,34.0,0.0
501234,1781,P05,MS-SER-NIA30,1,29.0,0.0
501235,1782,P07,MS-MOI-SPF50,1,32.0,0.0
501236,1783,P08,MS-MOI-BAR50,1,36.0,0.0
501237,1784,P05,MS-SER-NIA30,1,29.0,4.35
501238,1784,P08,MS-MOI-BAR50,1,36.0,5.4
501239,1785,P05,MS-SER-NIA30,2,29.0,0.0
501240,1786,P10,MS-MSK-CLY100,1,26.0,0.0
501241,1786,P08,MS-MOI-BAR50,2,36.0,0.0
501242,1787,P08,MS-MOI-BAR50,1,36.0,0.0
501243,1788,P04,MS-SER-HYA30,1,34.0,0.0
501244,1788,P03,MS-SER-VTC30,1,34.0,0.0
501245,1789,P05,MS-SER-NIA30,1,29.0,2.9
501246,1790,P10,MS-MSK-CLY100,1,26.0,0.0
501247,1791,P12,MS-SET-RTN3,1,84.0,0.0
501248,1792,P10,MS-MSK-CLY100,1,26.0,3.9
501249,1793,P08,MS-MOI-BAR50,1,36.0,0.0
501250,1794,P01,MS-CLN-GEL150,2,22.0,6.6
501251,1795,P07,MS-MOI-SPF50,1,32.0,4.8
501252,1795,P02,MS-CLN-CRM150,2,24.0,7.2
501253,1796,P01,MS-CLN-GEL150,1,22.0,0.0
501254,1796,P06,MS-TRT-RET50,1,44.0,0.0
501255,1797,P12,MS-SET-RTN3,1,84.0,0.0
501256,1798,P03,MS-SER-VTC30,1,34.0,0.0
501257,1799,P06,MS-TRT-RET50,1,44.0,6.6
501258,1800,P12,MS-SET-RTN3,1,84.0,0.0
501259,1801,P01,MS-CLN-GEL150,1,22.0,0.0
501260,1802,P03,MS-SER-VTC30,1,34.0,0.0
501261,1802,P07,MS-MOI-SPF50,1,32.0,0.0
501262,1803,P03,MS-SER-VTC30,1,34.0,0.0
501263,1803,P10,MS-MSK-CLY100,1,26.0,0.0
501264,1803,P01,MS-CLN-GEL150,1,22.0,0.0
501265,1804,P01,MS-CLN-GEL150,1,22.0,0.0
501266,1804,P12,MS-SET-RTN3,1,84.0,0.0
501267,1805,P04,MS-SER-HYA30,1,34.0,3.4
501268,1805,P01,MS-CLN-GEL150,1,22.0,2.2
501269,1805,P07,MS-MOI-SPF50,1,32.0,3.2
501270,1805,P06,MS-TRT-RET50,1,44.0,4.4
501271,1806,P01,MS-CLN-GEL150,1,22.0,2.2
501272,1806,P12,MS-SET-RTN3,1,84.0,8.4
501273,1807,P11,MS-BDY-LOT400,1,28.0,4.2
501274,1808,P08,MS-MOI-BAR50,1,36.0,0.0
501275,1808,P05,MS-SER-NIA30,1,29.0,0.0
501276,1809,P04,MS-SER-HYA30,2,34.0,6.8
501277,1809,P05,MS-SER-NIA30,1,29.0,2.9
501278,1810,P12,MS-SET-RTN3,1,84.0,0.0
501279,1811,P08,MS-MOI-BAR50,1,36.0,0.0
501280,1812,P12,MS-SET-RTN3,1,84.0,0.0
501281,1813,P03,MS-SER-VTC30,1,34.0,3.4
501282,1813,P04,MS-SER-HYA30,1,34.0,3.4
501283,1814,P01,MS-CLN-GEL150,1,22.0,0.0
501284,1814,P04,MS-SER-HYA30,1,34.0,0.0
501285,1814,P03,MS-SER-VTC30,1,34.0,0.0
501286,1814,P08,MS-MOI-BAR50,1,36.0,0.0
501287,1815,P04,MS-SER-HYA30,1,34.0,0.0
501288,1815,P03,MS-SER-VTC30,1,34.0,0.0
501289,1816,P03,MS-SER-VTC30,1,34.0,0.0
501290,1816,P01,MS-CLN-GEL150,1,22.0,0.0
501291,1817,P01,MS-CLN-GEL150,1,22.0,0.0
501292,1818,P12,MS-SET-RTN3,1,84.0,0.0
501293,1818,P03,MS-SER-VTC30,1,34.0,0.0
501294,1818,P02,MS-CLN-CRM150,1,24.0,0.0
501295,1819,P03,MS-SER-VTC30,1,34.0,0.0
501296,1820,P10,MS-MSK-CLY100,1,26.0,0.0
501297,1821,P11,MS-BDY-LOT400,1,28.0,4.2
501298,1822,P02,MS-CLN-CRM150,1,24.0,3.6
501299,1823,P04,MS-SER-HYA30,1,34.0,3.4
501300,1823,P02,MS-CLN-CRM150,2,24.0,4.8
501301,1823,P05,MS-SER-NIA30,1,29.0,2.9
501302,1823,P01,MS-CLN-GEL150,1,22.0,2.2
501303,1824,P03,MS-SER-VTC30,1,34.0,0.0
501304,1824,P01,MS-CLN-GEL150,1,22.0,0.0
501305,1825,P11,MS-BDY-LOT400,1,28.0,0.0
501306,1826,P12,MS-SET-RTN3,1,84.0,12.6
501307,1827,P04,MS-SER-HYA30,1,34.0,5.1
501308,1827,P03,MS-SER-VTC30,2,34.0,10.2
501309,1827,P08,MS-MOI-BAR50,1,36.0,5.4
501310,1828,P03,MS-SER-VTC30,1,34.0,3.4
501311,1829,P03,MS-SER-VTC30,1,34.0,3.4
501312,1830,P04,MS-SER-HYA30,1,34.0,0.0
501313,1830,P03,MS-SER-VTC30,1,34.0,0.0
501314,1831,P08,MS-MOI-BAR50,1,36.0,0.0
501315,1831,P10,MS-MSK-CLY100,1,26.0,0.0
501316,1831,P06,MS-TRT-RET50,1,44.0,0.0
501317,1831,P07,MS-MOI-SPF50,1,32.0,0.0
501318,1832,P05,MS-SER-NIA30,1,29.0,0.0
501319,1833,P06,MS-TRT-RET50,1,44.0,4.4
501320,1833,P03,MS-SER-VTC30,1,34.0,3.4
501321,1834,P06,MS-TRT-RET50,1,44.0,6.6
501322,1835,P10,MS-MSK-CLY100,1,26.0,0.0
501323,1836,P02,MS-CLN-CRM150,1,24.0,0.0
501324,1836,P01,MS-CLN-GEL150,1,22.0,0.0
501325,1837,P11,MS-BDY-LOT400,1,28.0,0.0
501326,1838,P03,MS-SER-VTC30,1,34.0,0.0
501327,1839,P04,MS-SER-HYA30,1,34.0,0.0
501328,1840,P04,MS-SER-HYA30,1,34.0,0.0
501329,1841,P02,MS-CLN-CRM150,1,24.0,0.0
501330,1842,P05,MS-SER-NIA30,1,29.0,0.0
501331,1843,P01,MS-CLN-GEL150,1,22.0,0.0
501332,1844,P03,MS-SER-VTC30,1,34.0,0.0
501333,1845,P03,MS-SER-VTC30,1,34.0,0.0
501334,1846,P06,MS-TRT-RET50,1,44.0,0.0
501335,1847,P03,MS-SER-VTC30,1,34.0,5.1
501336,1848,P06,MS-TRT-RET50,1,44.0,6.6
501337,1849,P04,MS-SER-HYA30,1,34.0,0.0
501338,1850,P03,MS-SER-VTC30,1,34.0,3.4
501339,1850,P05,MS-SER-NIA30,2,29.0,5.8
501340,1851,P03,MS-SER-VTC30,1,34.0,0.0
501341,1852,P04,MS-SER-HYA30,1,34.0,0.0
501342,1852,P02,MS-CLN-CRM150,1,24.0,0.0
501343,1852,P03,MS-SER-VTC30,1,34.0,0.0
501344,1852,P01,MS-CLN-GEL150,1,22.0,0.0
501345,1853,P03,MS-SER-VTC30,1,34.0,3.4
501346,1853,P10,MS-MSK-CLY100,1,26.0,2.6
501347,1854,P03,MS-SER-VTC30,1,34.0,5.1
501348,1855,P07,MS-MOI-SPF50,1,32.0,0.0
501349,1856,P03,MS-SER-VTC30,1,34.0,0.0
501350,1856,P06,MS-TRT-RET50,1,44.0,0.0
501351,1857,P06,MS-TRT-RET50,1,44.0,6.6
501352,1857,P10,MS-MSK-CLY100,1,26.0,3.9
501353,1858,P05,MS-SER-NIA30,1,29.0,0.0
501354,1858,P07,MS-MOI-SPF50,1,32.0,0.0
501355,1859,P03,MS-SER-VTC30,1,34.0,5.1
501356,1859,P04,MS-SER-HYA30,1,34.0,5.1
501357,1860,P03,MS-SER-VTC30,1,34.0,0.0
501358,1861,P01,MS-CLN-GEL150,1,22.0,0.0
501359,1861,P07,MS-MOI-SPF50,1,32.0,0.0
501360,1862,P06,MS-TRT-RET50,1,44.0,4.4
501361,1862,P03,MS-SER-VTC30,1,34.0,3.4
501362,1863,P07,MS-MOI-SPF50,2,32.0,0.0
501363,1863,P11,MS-BDY-LOT400,1,28.0,0.0
501364,1864,P01,MS-CLN-GEL150,1,22.0,0.0
501365,1865,P12,MS-SET-RTN3,1,84.0,0.0
501366,1865,P07,MS-MOI-SPF50,1,32.0,0.0
501367,1866,P06,MS-TRT-RET50,1,44.0,4.4
501368,1866,P08,MS-MOI-BAR50,1,36.0,3.6
501369,1866,P10,MS-MSK-CLY100,1,26.0,2.6
501370,1866,P04,MS-SER-HYA30,1,34.0,3.4
501371,1867,P05,MS-SER-NIA30,1,29.0,0.0
501372,1868,P11,MS-BDY-LOT400,1,28.0,4.2
501373,1869,P03,MS-SER-VTC30,1,34.0,5.1
501374,1869,P04,MS-SER-HYA30,1,34.0,5.1
501375,1870,P02,MS-CLN-CRM150,1,24.0,0.0
501376,1870,P06,MS-TRT-RET50,1,44.0,0.0
501377,1870,P03,MS-SER-VTC30,1,34.0,0.0
501378,1871,P04,MS-SER-HYA30,1,34.0,0.0
501379,1871,P03,MS-SER-VTC30,1,34.0,0.0
501380,1872,P04,MS-SER-HYA30,1,34.0,0.0
501381,1873,P07,MS-MOI-SPF50,1,32.0,0.0
501382,1874,P03,MS-SER-VTC30,1,34.0,0.0
501383,1874,P08,MS-MOI-BAR50,1,36.0,0.0
501384,1875,P03,MS-SER-VTC30,1,34.0,0.0
501385,1876,P11,MS-BDY-LOT400,1,28.0,7.77
501386,1876,P12,MS-SET-RTN3,1,84.0,23.31
501387,1876,P04,MS-SER-HYA30,1,34.0,9.44
501388,1877,P05,MS-SER-NIA30,1,29.0,4.35
501389,1878,P02,MS-CLN-CRM150,1,24.0,0.0
501390,1879,P07,MS-MOI-SPF50,1,32.0,0.0
501391,1880,P04,MS-SER-HYA30,1,34.0,5.1
501392,1881,P12,MS-SET-RTN3,1,84.0,0.0
501393,1882,P01,MS-CLN-GEL150,1,22.0,0.0
501394,1882,P06,MS-TRT-RET50,1,44.0,0.0
501395,1883,P08,MS-MOI-BAR50,1,36.0,0.0
501396,1884,P08,MS-MOI-BAR50,1,36.0,0.0
501397,1884,P04,MS-SER-HYA30,1,34.0,0.0
501398,1885,P03,MS-SER-VTC30,1,34.0,5.1
501399,1886,P01,MS-CLN-GEL150,1,22.0,0.0
501400,1887,P03,MS-SER-VTC30,1,34.0,0.0
501401,1888,P02,MS-CLN-CRM150,2,24.0,7.2
501402,1889,P11,MS-BDY-LOT400,1,28.0,0.0
501403,1889,P03,MS-SER-VTC30,1,34.0,0.0
501404,1889,P05,MS-SER-NIA30,1,29.0,0.0
501405,1890,P04,MS-SER-HYA30,2,34.0,6.8
501406,1891,P02,MS-CLN-CRM150,1,24.0,3.6
501407,1892,P02,MS-CLN-CRM150,1,24.0,0.0
501408,1893,P10,MS-MSK-CLY100,1,26.0,3.9
501409,1893,P12,MS-SET-RTN3,1,84.0,12.6
501410,1894,P04,MS-SER-HYA30,1,34.0,5.1
501411,1895,P03,MS-SER-VTC30,1,34.0,5.1
501412,1896,P07,MS-MOI-SPF50,1,32.0,3.84
501413,1896,P03,MS-SER-VTC30,1,34.0,4.08
501414,1897,P05,MS-SER-NIA30,1,29.0,2.9
501415,1897,P01,MS-CLN-GEL150,1,22.0,2.2
501416,1898,P04,MS-SER-HYA30,1,34.0,0.0
501417,1898,P07,MS-MOI-SPF50,1,32.0,0.0
501418,1899,P03,MS-SER-VTC30,1,34.0,0.0
501419,1899,P11,MS-BDY-LOT400,1,28.0,0.0
501420,1900,P03,MS-SER-VTC30,1,34.0,0.0
501421,1901,P07,MS-MOI-SPF50,1,32.0,4.8
501422,1901,P04,MS-SER-HYA30,1,34.0,5.1
501423,1902,P08,MS-MOI-BAR50,1,36.0,5.4
501424,1902,P03,MS-SER-VTC30,2,34.0,10.2
501425,1903,P05,MS-SER-NIA30,1,29.0,4.35
501426,1904,P03,MS-SER-VTC30,1,34.0,5.1
501427,1905,P02,MS-CLN-CRM150,1,24.0,3.6
501428,1905,P06,MS-TRT-RET50,1,44.0,6.6
501429,1906,P02,MS-CLN-CRM150,1,24.0,3.6
501430,1907,P04,MS-SER-HYA30,1,34.0,0.0
501431,1908,P03,MS-SER-VTC30,1,34.0,0.0
501432,1909,P03,MS-SER-VTC30,1,34.0,5.1
501433,1909,P07,MS-MOI-SPF50,1,32.0,4.8
501434,1910,P02,MS-CLN-CRM150,1,24.0,3.6
501435,1911,P11,MS-BDY-LOT400,1,28.0,0.0
501436,1911,P03,MS-SER-VTC30,2,34.0,0.0
501437,1912,P01,MS-CLN-GEL150,1,22.0,3.3
501438,1912,P10,MS-MSK-CLY100,1,26.0,3.9
501439,1913,P07,MS-MOI-SPF50,1,32.0,8.07
501440,1913,P10,MS-MSK-CLY100,1,26.0,6.55
501441,1914,P07,MS-MOI-SPF50,1,32.0,0.0
501442,1914,P01,MS-CLN-GEL150,1,22.0,0.0
501443,1915,P10,MS-MSK-CLY100,1,26.0,0.0
501444,1915,P03,MS-SER-VTC30,1,34.0,0.0
501445,1916,P07,MS-MOI-SPF50,1,32.0,0.0
501446,1916,P03,MS-SER-VTC30,1,34.0,0.0
501447,1916,P02,MS-CLN-CRM150,2,24.0,0.0
501448,1916,P12,MS-SET-RTN3,1,84.0,0.0
501449,1917,P08,MS-MOI-BAR50,1,36.0,0.0
501450,1918,P11,MS-BDY-LOT400,1,28.0,4.2
501451,1918,P10,MS-MSK-CLY100,1,26.0,3.9
501452,1919,P03,MS-SER-VTC30,1,34.0,0.0
501453,1919,P06,MS-TRT-RET50,1,44.0,0.0
501454,1920,P04,MS-SER-HYA30,1,34.0,0.0
501455,1921,P03,MS-SER-VTC30,1,34.0,0.0
501456,1922,P06,MS-TRT-RET50,1,44.0,6.6
501457,1922,P02,MS-CLN-CRM150,1,24.0,3.6
501458,1923,P03,MS-SER-VTC30,1,34.0,5.1
501459,1923,P11,MS-BDY-LOT400,1,28.0,4.2
501460,1923,P01,MS-CLN-GEL150,1,22.0,3.3
501461,1924,P08,MS-MOI-BAR50,1,36.0,0.0
501462,1924,P05,MS-SER-NIA30,2,29.0,0.0
501463,1924,P07,MS-MOI-SPF50,1,32.0,0.0
501464,1924,P03,MS-SER-VTC30,1,34.0,0.0
501465,1925,P02,MS-CLN-CRM150,1,24.0,0.0
501466,1926,P10,MS-MSK-CLY100,1,26.0,0.0
501467,1927,P03,MS-SER-VTC30,1,34.0,5.1
501468,1928,P10,MS-MSK-CLY100,1,26.0,3.9
501469,1928,P01,MS-CLN-GEL150,1,22.0,3.3
501470,1929,P03,MS-SER-VTC30,1,34.0,0.0
501471,1930,P01,MS-CLN-GEL150,1,22.0,0.0
501472,1930,P04,MS-SER-HYA30,1,34.0,0.0
501473,1930,P10,MS-MSK-CLY100,1,26.0,0.0
501474,1931,P11,MS-BDY-LOT400,1,28.0,4.2
501475,1931,P01,MS-CLN-GEL150,1,22.0,3.3
501476,1932,P01,MS-CLN-GEL150,1,22.0,3.3
501477,1933,P07,MS-MOI-SPF50,1,32.0,0.0
501478,1933,P05,MS-SER-NIA30,1,29.0,0.0
501479,1933,P11,MS-BDY-LOT400,1,28.0,0.0
501480,1934,P04,MS-SER-HYA30,2,34.0,0.0
501481,1934,P02,MS-CLN-CRM150,1,24.0,0.0
501482,1934,P11,MS-BDY-LOT400,1,28.0,0.0
501483,1935,P08,MS-MOI-BAR50,1,36.0,0.0
501484,1936,P07,MS-MOI-SPF50,1,32.0,0.0
501485,1936,P08,MS-MOI-BAR50,1,36.0,0.0
501486,1937,P01,MS-CLN-GEL150,1,22.0,3.3
501487,1937,P10,MS-MSK-CLY100,1,26.0,3.9
501488,1938,P06,MS-TRT-RET50,1,44.0,0.0
501489,1938,P02,MS-CLN-CRM150,1,24.0,0.0
501490,1939,P07,MS-MOI-SPF50,1,32.0,0.0
501491,1940,P12,MS-SET-RTN3,1,84.0,0.0
501492,1940,P05,MS-SER-NIA30,1,29.0,0.0
501493,1940,P02,MS-CLN-CRM150,1,24.0,0.0
501494,1941,P07,MS-MOI-SPF50,1,32.0,0.0
501495,1942,P10,MS-MSK-CLY100,1,26.0,0.0
501496,1943,P04,MS-SER-HYA30,1,34.0,0.0
501497,1944,P12,MS-SET-RTN3,1,84.0,0.0
501498,1945,P03,MS-SER-VTC30,1,34.0,0.0
501499,1946,P08,MS-MOI-BAR50,1,36.0,0.0
501500,1946,P07,MS-MOI-SPF50,2,32.0,0.0
501501,1947,P06,MS-TRT-RET50,1,44.0,0.0
501502,1948,P12,MS-SET-RTN3,1,84.0,0.0
501503,1948,P08,MS-MOI-BAR50,1,36.0,0.0
501504,1949,P05,MS-SER-NIA30,1,29.0,0.0
501505,1950,P02,MS-CLN-CRM150,1,24.0,0.0
501506,1951,P07,MS-MOI-SPF50,1,32.0,0.0
501507,1951,P04,MS-SER-HYA30,1,34.0,0.0
501508,1952,P05,MS-SER-NIA30,1,29.0,0.0
501509,1952,P03,MS-SER-VTC30,1,34.0,0.0
501510,1953,P03,MS-SER-VTC30,1,34.0,5.1
501511,1954,P02,MS-CLN-CRM150,1,24.0,0.0
501512,1954,P10,MS-MSK-CLY100,1,26.0,0.0
501513,1955,P12,MS-SET-RTN3,1,84.0,12.6
501514,1955,P05,MS-SER-NIA30,1,29.0,4.35
501515,1955,P04,MS-SER-HYA30,1,34.0,5.1
501516,1955,P07,MS-MOI-SPF50,2,32.0,9.6
501517,1956,P12,MS-SET-RTN3,1,84.0,0.0
501518,1957,P02,MS-CLN-CRM150,1,24.0,0.0
501519,1958,P02,MS-CLN-CRM150,1,24.0,0.0
501520,1958,P03,MS-SER-VTC30,1,34.0,0.0
501521,1959,P02,MS-CLN-CRM150,1,24.0,0.0
501522,1959,P07,MS-MOI-SPF50,1,32.0,0.0
501523,1960,P03,MS-SER-VTC30,1,34.0,0.0
501524,1960,P02,MS-CLN-CRM150,1,24.0,0.0
501525,1960,P01,MS-CLN-GEL150,1,22.0,0.0
501526,1961,P12,MS-SET-RTN3,1,84.0,0.0
501527,1962,P01,MS-CLN-GEL150,2,22.0,0.0
501528,1962,P02,MS-CLN-CRM150,2,24.0,0.0
501529,1962,P06,MS-TRT-RET50,1,44.0,0.0
501530,1963,P02,MS-CLN-CRM150,1,24.0,3.6
501531,1963,P06,MS-TRT-RET50,1,44.0,6.6
501532,1964,P04,MS-SER-HYA30,1,34.0,0.0
501533,1965,P07,MS-MOI-SPF50,1,32.0,0.0
501534,1965,P03,MS-SER-VTC30,1,34.0,0.0
501535,1966,P05,MS-SER-NIA30,1,29.0,4.35
501536,1967,P11,MS-BDY-LOT400,2,28.0,5.6
501537,1967,P07,MS-MOI-SPF50,1,32.0,3.2
501538,1968,P03,MS-SER-VTC30,1,34.0,0.0
501539,1969,P12,MS-SET-RTN3,1,84.0,12.6
501540,1970,P04,MS-SER-HYA30,1,34.0,0.0
501541,1971,P06,MS-TRT-RET50,2,44.0,13.2
501542,1972,P03,MS-SER-VTC30,2,34.0,10.2
501543,1972,P12,MS-SET-RTN3,1,84.0,12.6
501544,1973,P12,MS-SET-RTN3,1,84.0,0.0
501545,1973,P02,MS-CLN-CRM150,1,24.0,0.0
501546,1974,P04,MS-SER-HYA30,1,34.0,3.4
501547,1974,P03,MS-SER-VTC30,1,34.0,3.4
501548,1975,P12,MS-SET-RTN3,1,84.0,12.6
501549,1975,P07,MS-MOI-SPF50,1,32.0,4.8
501550,1976,P12,MS-SET-RTN3,1,84.0,12.6
501551,1976,P06,MS-TRT-RET50,1,44.0,6.6
501552,1977,P12,MS-SET-RTN3,1,84.0,12.6
501553,1978,P12,MS-SET-RTN3,1,84.0,12.6
501554,1978,P03,MS-SER-VTC30,1,34.0,5.1
501555,1979,P06,MS-TRT-RET50,1,44.0,0.0
501556,1979,P10,MS-MSK-CLY100,1,26.0,0.0
501557,1980,P06,MS-TRT-RET50,2,44.0,8.8
501558,1980,P04,MS-SER-HYA30,1,34.0,3.4
501559,1980,P01,MS-CLN-GEL150,1,22.0,2.2
501560,1981,P07,MS-MOI-SPF50,1,32.0,0.0
501561,1982,P06,MS-TRT-RET50,1,44.0,0.0
501562,1983,P10,MS-MSK-CLY100,1,26.0,0.0
501563,1983,P03,MS-SER-VTC30,1,34.0,0.0
501564,1984,P11,MS-BDY-LOT400,1,28.0,0.0
501565,1984,P03,MS-SER-VTC30,2,34.0,0.0
501566,1985,P04,MS-SER-HYA30,1,34.0,0.0
501567,1986,P02,MS-CLN-CRM150,1,24.0,0.0
501568,1987,P08,MS-MOI-BAR50,1,36.0,0.0
501569,1987,P01,MS-CLN-GEL150,1,22.0,0.0
501570,1988,P12,MS-SET-RTN3,1,84.0,0.0
501571,1988,P01,MS-CLN-GEL150,1,22.0,0.0
501572,1989,P08,MS-MOI-BAR50,1,36.0,0.0
501573,1990,P11,MS-BDY-LOT400,2,28.0,0.0
501574,1991,P01,MS-CLN-GEL150,1,22.0,0.0
501575,1992,P04,MS-SER-HYA30,1,34.0,5.1
501576,1993,P12,MS-SET-RTN3,1,84.0,10.08
501577,1994,P07,MS-MOI-SPF50,1,32.0,4.8
501578,1995,P04,MS-SER-HYA30,2,34.0,0.0
501579,1996,P12,MS-SET-RTN3,1,84.0,12.6
501580,1996,P03,MS-SER-VTC30,1,34.0,5.1
501581,1996,P07,MS-MOI-SPF50,1,32.0,4.8
501582,1996,P01,MS-CLN-GEL150,1,22.0,3.3
501583,1997,P03,MS-SER-VTC30,1,34.0,5.1
501584,1998,P03,MS-SER-VTC30,1,34.0,5.1
501585,1998,P04,MS-SER-HYA30,1,34.0,5.1
501586,1998,P06,MS-TRT-RET50,1,44.0,6.6
501587,1999,P04,MS-SER-HYA30,1,34.0,0.0
501588,1999,P03,MS-SER-VTC30,1,34.0,0.0
501589,2000,P03,MS-SER-VTC30,1,34.0,0.0
501590,2001,P08,MS-MOI-BAR50,1,36.0,0.0
501591,2001,P06,MS-TRT-RET50,1,44.0,0.0
501592,2002,P03,MS-SER-VTC30,1,34.0,4.08
501593,2003,P11,MS-BDY-LOT400,1,28.0,4.2
501594,2004,P04,MS-SER-HYA30,1,34.0,0.0
501595,2005,P01,MS-CLN-GEL150,1,22.0,3.3
501596,2006,P07,MS-MOI-SPF50,2,32.0,0.0
501597,2006,P12,MS-SET-RTN3,1,84.0,0.0
501598,2007,P10,MS-MSK-CLY100,1,26.0,0.0
501599,2008,P03,MS-SER-VTC30,1,34.0,0.0
501600,2009,P03,MS-SER-VTC30,1,34.0,0.0
501601,2010,P05,MS-SER-NIA30,1,29.0,0.0
501602,2011,P04,MS-SER-HYA30,1,34.0,3.4
501603,2012,P04,MS-SER-HYA30,1,34.0,5.1
501604,2013,P07,MS-MOI-SPF50,1,32.0,0.0
501605,2013,P01,MS-CLN-GEL150,1,22.0,0.0
501606,2014,P12,MS-SET-RTN3,1,84.0,0.0
501607,2014,P04,MS-SER-HYA30,1,34.0,0.0
501608,2014,P06,MS-TRT-RET50,1,44.0,0.0
501609,2015,P07,MS-MOI-SPF50,1,32.0,0.0
501610,2016,P06,MS-TRT-RET50,2,44.0,13.2
501611,2017,P01,MS-CLN-GEL150,1,22.0,0.0
501612,2018,P03,MS-SER-VTC30,1,34.0,0.0
501613,2018,P04,MS-SER-HYA30,2,34.0,0.0
501614,2018,P12,MS-SET-RTN3,1,84.0,0.0
501615,2018,P08,MS-MOI-BAR50,1,36.0,0.0
501616,2019,P09,MS-EYE-015,1,30.0,0.0
501617,2019,P03,MS-SER-VTC30,1,34.0,0.0
501618,2019,P08,MS-MOI-BAR50,1,36.0,0.0
501619,2020,P01,MS-CLN-GEL150,1,22.0,0.0
501620,2021,P08,MS-MOI-BAR50,1,36.0,5.4
501621,2022,P06,MS-TRT-RET50,1,44.0,6.6
501622,2022,P03,MS-SER-VTC30,1,34.0,5.1
501623,2023,P04,MS-SER-HYA30,1,34.0,0.0
501624,2023,P11,MS-BDY-LOT400,1,28.0,0.0
501625,2023,P12,MS-SET-RTN3,1,84.0,0.0
501626,2023,P01,MS-CLN-GEL150,1,22.0,0.0
501627,2024,P01,MS-CLN-GEL150,1,22.0,3.3
501628,2024,P11,MS-BDY-LOT400,1,28.0,4.2
501629,2025,P06,MS-TRT-RET50,1,44.0,6.6
501630,2026,P01,MS-CLN-GEL150,1,22.0,3.3
501631,2027,P10,MS-MSK-CLY100,1,26.0,0.0
501632,2027,P11,MS-BDY-LOT400,1,28.0,0.0
501633,2028,P09,MS-EYE-015,1,30.0,4.5
501634,2028,P03,MS-SER-VTC30,1,34.0,5.1
501635,2029,P06,MS-TRT-RET50,1,44.0,4.4
501636,2030,P11,MS-BDY-LOT400,1,28.0,4.2
501637,2031,P06,MS-TRT-RET50,1,44.0,0.0
501638,2032,P05,MS-SER-NIA30,1,29.0,4.35
501639,2032,P06,MS-TRT-RET50,1,44.0,6.6
501640,2033,P06,MS-TRT-RET50,1,44.0,0.0
501641,2034,P03,MS-SER-VTC30,1,34.0,0.0
501642,2034,P07,MS-MOI-SPF50,1,32.0,0.0
501643,2035,P03,MS-SER-VTC30,1,34.0,0.0
501644,2036,P10,MS-MSK-CLY100,1,26.0,0.0
501645,2037,P07,MS-MOI-SPF50,1,32.0,0.0
501646,2038,P12,MS-SET-RTN3,1,84.0,0.0
501647,2039,P07,MS-MOI-SPF50,1,32.0,0.0
501648,2039,P05,MS-SER-NIA30,1,29.0,0.0
501649,2040,P03,MS-SER-VTC30,1,34.0,0.0
501650,2040,P01,MS-CLN-GEL150,1,22.0,0.0
501651,2041,P07,MS-MOI-SPF50,1,32.0,4.8
501652,2042,P02,MS-CLN-CRM150,1,24.0,3.6
501653,2043,P04,MS-SER-HYA30,1,34.0,3.4
501654,2044,P09,MS-EYE-015,1,30.0,0.0
501655,2044,P11,MS-BDY-LOT400,1,28.0,0.0
501656,2044,P01,MS-CLN-GEL150,1,22.0,0.0
501657,2045,P11,MS-BDY-LOT400,1,28.0,0.0
501658,2046,P07,MS-MOI-SPF50,1,32.0,4.8
501659,2047,P03,MS-SER-VTC30,2,34.0,0.0
501660,2048,P06,MS-TRT-RET50,1,44.0,6.6
501661,2048,P03,MS-SER-VTC30,1,34.0,5.1
501662,2049,P06,MS-TRT-RET50,1,44.0,6.6
501663,2050,P07,MS-MOI-SPF50,2,32.0,9.6
501664,2050,P03,MS-SER-VTC30,1,34.0,5.1
501665,2051,P02,MS-CLN-CRM150,1,24.0,0.0
501666,2051,P04,MS-SER-HYA30,2,34.0,0.0
501667,2051,P12,MS-SET-RTN3,1,84.0,0.0
501668,2052,P05,MS-SER-NIA30,2,29.0,0.0
501669,2053,P01,MS-CLN-GEL150,1,22.0,3.3
501670,2054,P07,MS-MOI-SPF50,1,32.0,0.0
501671,2055,P08,MS-MOI-BAR50,1,36.0,5.4
501672,2055,P02,MS-CLN-CRM150,1,24.0,3.6
501673,2056,P05,MS-SER-NIA30,1,29.0,0.0
501674,2057,P11,MS-BDY-LOT400,1,28.0,4.2
501675,2058,P09,MS-EYE-015,1,30.0,0.0
501676,2059,P03,MS-SER-VTC30,2,34.0,0.0
501677,2059,P05,MS-SER-NIA30,1,29.0,0.0
501678,2060,P06,MS-TRT-RET50,1,44.0,0.0
501679,2061,P01,MS-CLN-GEL150,1,22.0,3.3
501680,2062,P09,MS-EYE-015,1,30.0,3.0
501681,2063,P03,MS-SER-VTC30,1,34.0,0.0
501682,2063,P05,MS-SER-NIA30,1,29.0,0.0
501683,2064,P01,MS-CLN-GEL150,1,22.0,0.0
501684,2064,P07,MS-MOI-SPF50,2,32.0,0.0
501685,2065,P10,MS-MSK-CLY100,1,26.0,3.9
501686,2066,P02,MS-CLN-CRM150,1,24.0,0.0
501687,2067,P09,MS-EYE-015,1,30.0,4.5
501688,2067,P03,MS-SER-VTC30,1,34.0,5.1
501689,2068,P08,MS-MOI-BAR50,2,36.0,0.0
501690,2068,P01,MS-CLN-GEL150,1,22.0,0.0
501691,2069,P01,MS-CLN-GEL150,1,22.0,3.3
501692,2070,P05,MS-SER-NIA30,1,29.0,0.0
501693,2070,P10,MS-MSK-CLY100,2,26.0,0.0
501694,2071,P12,MS-SET-RTN3,1,84.0,0.0
501695,2071,P10,MS-MSK-CLY100,1,26.0,0.0
501696,2072,P04,MS-SER-HYA30,2,34.0,0.0
501697,2073,P12,MS-SET-RTN3,1,84.0,0.0
501698,2073,P06,MS-TRT-RET50,2,44.0,0.0
501699,2074,P01,MS-CLN-GEL150,1,22.0,0.0
501700,2074,P02,MS-CLN-CRM150,1,24.0,0.0
501701,2075,P02,MS-CLN-CRM150,1,24.0,0.0
501702,2076,P11,MS-BDY-LOT400,1,28.0,3.36
501703,2076,P03,MS-SER-VTC30,1,34.0,4.08
501704,2077,P07,MS-MOI-SPF50,1,32.0,0.0
501705,2077,P03,MS-SER-VTC30,1,34.0,0.0
501706,2078,P07,MS-MOI-SPF50,1,32.0,0.0
501707,2079,P03,MS-SER-VTC30,1,34.0,0.0
501708,2079,P07,MS-MOI-SPF50,2,32.0,0.0
501709,2080,P04,MS-SER-HYA30,2,34.0,0.0
501710,2080,P03,MS-SER-VTC30,1,34.0,0.0
501711,2081,P02,MS-CLN-CRM150,1,24.0,2.4
501712,2081,P07,MS-MOI-SPF50,1,32.0,3.2
501713,2082,P10,MS-MSK-CLY100,1,26.0,0.0
501714,2082,P07,MS-MOI-SPF50,1,32.0,0.0
501715,2083,P03,MS-SER-VTC30,1,34.0,0.0
501716,2084,P03,MS-SER-VTC30,1,34.0,0.0
501717,2085,P03,MS-SER-VTC30,1,34.0,5.1
501718,2085,P08,MS-MOI-BAR50,1,36.0,5.4
501719,2086,P04,MS-SER-HYA30,1,34.0,5.1
501720,2087,P03,MS-SER-VTC30,1,34.0,5.1
501721,2088,P11,MS-BDY-LOT400,1,28.0,0.0
501722,2089,P06,MS-TRT-RET50,1,44.0,0.0
501723,2090,P12,MS-SET-RTN3,1,84.0,8.4
501724,2090,P06,MS-TRT-RET50,1,44.0,4.4
501725,2091,P04,MS-SER-HYA30,2,34.0,0.0
501726,2091,P03,MS-SER-VTC30,2,34.0,0.0
501727,2092,P06,MS-TRT-RET50,2,44.0,0.0
501728,2093,P06,MS-TRT-RET50,1,44.0,0.0
501729,2093,P04,MS-SER-HYA30,1,34.0,0.0
501730,2094,P08,MS-MOI-BAR50,1,36.0,0.0
501731,2095,P05,MS-SER-NIA30,1,29.0,0.0
501732,2096,P07,MS-MOI-SPF50,1,32.0,3.2
501733,2096,P12,MS-SET-RTN3,1,84.0,8.4
501734,2097,P05,MS-SER-NIA30,2,29.0,5.8
501735,2097,P04,MS-SER-HYA30,1,34.0,3.4
501736,2098,P05,MS-SER-NIA30,1,29.0,0.0
501737,2099,P05,MS-SER-NIA30,1,29.0,0.0
501738,2099,P08,MS-MOI-BAR50,1,36.0,0.0
501739,2100,P03,MS-SER-VTC30,1,34.0,5.1
501740,2101,P03,MS-SER-VTC30,1,34.0,5.1
501741,2102,P07,MS-MOI-SPF50,1,32.0,4.8
501742,2103,P08,MS-MOI-BAR50,1,36.0,5.4
501743,2104,P09,MS-EYE-015,1,30.0,0.0
501744,2105,P10,MS-MSK-CLY100,1,26.0,0.0
501745,2106,P01,MS-CLN-GEL150,1,22.0,0.0
501746,2106,P05,MS-SER-NIA30,1,29.0,0.0
501747,2106,P06,MS-TRT-RET50,1,44.0,0.0
501748,2107,P01,MS-CLN-GEL150,1,22.0,0.0
501749,2107,P09,MS-EYE-015,1,30.0,0.0
501750,2108,P10,MS-MSK-CLY100,1,26.0,0.0
501751,2108,P11,MS-BDY-LOT400,1,28.0,0.0
501752,2109,P03,MS-SER-VTC30,1,34.0,5.1
501753,2110,P04,MS-SER-HYA30,1,34.0,3.4
501754,2110,P10,MS-MSK-CLY100,1,26.0,2.6
501755,2111,P07,MS-MOI-SPF50,1,32.0,0.0
501756,2112,P11,MS-BDY-LOT400,1,28.0,2.8
501757,2112,P07,MS-MOI-SPF50,1,32.0,3.2
501758,2112,P03,MS-SER-VTC30,1,34.0,3.4
501759,2113,P03,MS-SER-VTC30,1,34.0,0.0
501760,2114,P03,MS-SER-VTC30,1,34.0,5.1
501761,2115,P04,MS-SER-HYA30,1,34.0,0.0
501762,2116,P05,MS-SER-NIA30,1,29.0,4.35
501763,2117,P03,MS-SER-VTC30,1,34.0,0.0
501764,2117,P01,MS-CLN-GEL150,1,22.0,0.0
501765,2118,P10,MS-MSK-CLY100,1,26.0,0.0
501766,2118,P11,MS-BDY-LOT400,1,28.0,0.0
501767,2118,P05,MS-SER-NIA30,1,29.0,0.0
501768,2118,P03,MS-SER-VTC30,1,34.0,0.0
501769,2119,P03,MS-SER-VTC30,1,34.0,0.0
501770,2119,P02,MS-CLN-CRM150,2,24.0,0.0
501771,2120,P11,MS-BDY-LOT400,1,28.0,0.0
501772,2121,P12,MS-SET-RTN3,1,84.0,0.0
501773,2122,P12,MS-SET-RTN3,1,84.0,12.6
501774,2123,P02,MS-CLN-CRM150,1,24.0,2.4
501775,2124,P02,MS-CLN-CRM150,1,24.0,0.0
501776,2125,P07,MS-MOI-SPF50,2,32.0,0.0
501777,2126,P03,MS-SER-VTC30,1,34.0,5.1
501778,2126,P10,MS-MSK-CLY100,1,26.0,3.9
501779,2127,P03,MS-SER-VTC30,1,34.0,0.0
501780,2128,P06,MS-TRT-RET50,1,44.0,0.0
501781,2129,P06,MS-TRT-RET50,1,44.0,0.0
501782,2129,P11,MS-BDY-LOT400,1,28.0,0.0
501783,2129,P05,MS-SER-NIA30,1,29.0,0.0
501784,2129,P03,MS-SER-VTC30,1,34.0,0.0
501785,2130,P11,MS-BDY-LOT400,2,28.0,0.0
501786,2130,P08,MS-MOI-BAR50,1,36.0,0.0
501787,2130,P09,MS-EYE-015,1,30.0,0.0
501788,2130,P10,MS-MSK-CLY100,1,26.0,0.0
501789,2131,P06,MS-TRT-RET50,1,44.0,6.6
501790,2131,P03,MS-SER-VTC30,2,34.0,10.2
501791,2132,P02,MS-CLN-CRM150,1,24.0,0.0
501792,2132,P07,MS-MOI-SPF50,1,32.0,0.0
501793,2133,P06,MS-TRT-RET50,1,44.0,0.0
501794,2133,P07,MS-MOI-SPF50,1,32.0,0.0
501795,2133,P05,MS-SER-NIA30,1,29.0,0.0
501796,2134,P01,MS-CLN-GEL150,2,22.0,0.0
501797,2135,P02,MS-CLN-CRM150,1,24.0,0.0
501798,2136,P04,MS-SER-HYA30,1,34.0,3.4
501799,2136,P11,MS-BDY-LOT400,1,28.0,2.8
501800,2136,P03,MS-SER-VTC30,1,34.0,3.4
501801,2136,P07,MS-MOI-SPF50,1,32.0,3.2
501802,2137,P05,MS-SER-NIA30,1,29.0,0.0
501803,2138,P03,MS-SER-VTC30,1,34.0,3.4
501804,2138,P12,MS-SET-RTN3,1,84.0,8.4
501805,2139,P04,MS-SER-HYA30,1,34.0,0.0
501806,2139,P11,MS-BDY-LOT400,1,28.0,0.0
501807,2140,P02,MS-CLN-CRM150,1,24.0,0.0
501808,2140,P03,MS-SER-VTC30,1,34.0,0.0
501809,2140,P10,MS-MSK-CLY100,1,26.0,0.0
501810,2140,P12,MS-SET-RTN3,1,84.0,0.0
501811,2141,P09,MS-EYE-015,1,30.0,4.5
501812,2142,P07,MS-MOI-SPF50,1,32.0,4.8
501813,2142,P05,MS-SER-NIA30,1,29.0,4.35
501814,2143,P01,MS-CLN-GEL150,1,22.0,0.0
501815,2143,P07,MS-MOI-SPF50,1,32.0,0.0
501816,2144,P07,MS-MOI-SPF50,1,32.0,0.0
501817,2144,P04,MS-SER-HYA30,1,34.0,0.0
501818,2145,P03,MS-SER-VTC30,1,34.0,0.0
501819,2146,P03,MS-SER-VTC30,1,34.0,0.0
501820,2146,P08,MS-MOI-BAR50,1,36.0,0.0
501821,2146,P06,MS-TRT-RET50,1,44.0,0.0
501822,2146,P01,MS-CLN-GEL150,1,22.0,0.0
501823,2147,P04,MS-SER-HYA30,1,34.0,0.0
501824,2148,P01,MS-CLN-GEL150,1,22.0,0.0
501825,2149,P04,MS-SER-HYA30,1,34.0,0.0
501826,2150,P11,MS-BDY-LOT400,1,28.0,4.2
501827,2151,P03,MS-SER-VTC30,2,34.0,0.0
501828,2152,P06,MS-TRT-RET50,2,44.0,0.0
501829,2152,P01,MS-CLN-GEL150,1,22.0,0.0
501830,2152,P08,MS-MOI-BAR50,1,36.0,0.0
501831,2153,P06,MS-TRT-RET50,1,44.0,6.6
501832,2153,P12,MS-SET-RTN3,1,84.0,12.6
501833,2154,P02,MS-CLN-CRM150,2,24.0,0.0
501834,2154,P04,MS-SER-HYA30,1,34.0,0.0
501835,2155,P03,MS-SER-VTC30,1,34.0,0.0
501836,2155,P06,MS-TRT-RET50,2,44.0,0.0
501837,2155,P04,MS-SER-HYA30,1,34.0,0.0
501838,2155,P05,MS-SER-NIA30,1,29.0,0.0
501839,2156,P03,MS-SER-VTC30,1,34.0,0.0
501840,2157,P01,MS-CLN-GEL150,2,22.0,0.0
501841,2158,P03,MS-SER-VTC30,1,34.0,5.1
501842,2158,P05,MS-SER-NIA30,1,29.0,4.35
501843,2158,P01,MS-CLN-GEL150,1,22.0,3.3
501844,2159,P10,MS-MSK-CLY100,1,26.0,0.0
501845,2159,P07,MS-MOI-SPF50,1,32.0,0.0
501846,2160,P03,MS-SER-VTC30,1,34.0,0.0
501847,2161,P11,MS-BDY-LOT400,1,28.0,2.8
501848,2162,P10,MS-MSK-CLY100,1,26.0,0.0
501849,2163,P07,MS-MOI-SPF50,1,32.0,3.2
501850,2163,P01,MS-CLN-GEL150,1,22.0,2.2
501851,2163,P04,MS-SER-HYA30,1,34.0,3.4
501852,2164,P01,MS-CLN-GEL150,1,22.0,0.0
501853,2165,P09,MS-EYE-015,1,30.0,0.0
501854,2166,P03,MS-SER-VTC30,1,34.0,0.0
501855,2166,P09,MS-EYE-015,1,30.0,0.0
501856,2167,P05,MS-SER-NIA30,1,29.0,0.0
501857,2168,P03,MS-SER-VTC30,1,34.0,0.0
501858,2169,P07,MS-MOI-SPF50,1,32.0,4.8
501859,2170,P02,MS-CLN-CRM150,1,24.0,2.4
501860,2170,P11,MS-BDY-LOT400,2,28.0,5.6
501861,2171,P03,MS-SER-VTC30,2,34.0,0.0
501862,2171,P05,MS-SER-NIA30,1,29.0,0.0
501863,2172,P03,MS-SER-VTC30,1,34.0,0.0
501864,2172,P12,MS-SET-RTN3,1,84.0,0.0
501865,2173,P06,MS-TRT-RET50,1,44.0,0.0
501866,2173,P07,MS-MOI-SPF50,1,32.0,0.0
501867,2174,P05,MS-SER-NIA30,1,29.0,0.0
501868,2175,P04,MS-SER-HYA30,1,34.0,0.0
501869,2176,P08,MS-MOI-BAR50,1,36.0,0.0
501870,2177,P08,MS-MOI-BAR50,1,36.0,3.6
501871,2177,P07,MS-MOI-SPF50,1,32.0,3.2
501872,2178,P09,MS-EYE-015,1,30.0,0.0
501873,2179,P06,MS-TRT-RET50,2,44.0,24.42
501874,2179,P12,MS-SET-RTN3,1,84.0,23.31
501875,2180,P03,MS-SER-VTC30,1,34.0,0.0
501876,2180,P05,MS-SER-NIA30,1,29.0,0.0
501877,2180,P02,MS-CLN-CRM150,1,24.0,0.0
501878,2181,P03,MS-SER-VTC30,1,34.0,0.0
501879,2182,P12,MS-SET-RTN3,1,84.0,12.6
501880,2183,P10,MS-MSK-CLY100,1,26.0,3.9
501881,2184,P05,MS-SER-NIA30,1,29.0,4.35
501882,2185,P02,MS-CLN-CRM150,1,24.0,0.0
501883,2186,P02,MS-CLN-CRM150,1,24.0,0.0
501884,2187,P12,MS-SET-RTN3,1,84.0,0.0
501885,2187,P03,MS-SER-VTC30,1,34.0,0.0
501886,2188,P05,MS-SER-NIA30,1,29.0,0.0
501887,2189,P07,MS-MOI-SPF50,1,32.0,4.8
501888,2189,P02,MS-CLN-CRM150,1,24.0,3.6
501889,2189,P12,MS-SET-RTN3,1,84.0,12.6
501890,2190,P12,MS-SET-RTN3,1,84.0,0.0
501891,2190,P03,MS-SER-VTC30,2,34.0,0.0
501892,2191,P04,MS-SER-HYA30,1,34.0,0.0
501893,2191,P03,MS-SER-VTC30,1,34.0,0.0
501894,2192,P05,MS-SER-NIA30,1,29.0,0.0
501895,2192,P03,MS-SER-VTC30,1,34.0,0.0
501896,2192,P12,MS-SET-RTN3,1,84.0,0.0
501897,2192,P01,MS-CLN-GEL150,1,22.0,0.0
501898,2193,P04,MS-SER-HYA30,1,34.0,0.0
501899,2194,P01,MS-CLN-GEL150,1,22.0,0.0
501900,2195,P01,MS-CLN-GEL150,1,22.0,0.0
501901,2196,P12,MS-SET-RTN3,1,84.0,0.0
501902,2197,P04,MS-SER-HYA30,1,34.0,5.1
501903,2198,P05,MS-SER-NIA30,1,29.0,0.0
501904,2199,P09,MS-EYE-015,1,30.0,0.0
501905,2200,P10,MS-MSK-CLY100,1,26.0,0.0
501906,2200,P04,MS-SER-HYA30,2,34.0,0.0
501907,2201,P06,MS-TRT-RET50,1,44.0,6.6
501908,2202,P12,MS-SET-RTN3,1,84.0,12.6
501909,2202,P04,MS-SER-HYA30,1,34.0,5.1
501910,2202,P02,MS-CLN-CRM150,2,24.0,7.2
501911,2202,P01,MS-CLN-GEL150,1,22.0,3.3
501912,2203,P11,MS-BDY-LOT400,2,28.0,0.0
501913,2203,P03,MS-SER-VTC30,1,34.0,0.0
501914,2203,P01,MS-CLN-GEL150,2,22.0,0.0
501915,2204,P11,MS-BDY-LOT400,1,28.0,0.0
501916,2204,P05,MS-SER-NIA30,1,29.0,0.0
501917,2205,P03,MS-SER-VTC30,2,34.0,0.0
501918,2205,P09,MS-EYE-015,1,30.0,0.0
501919,2205,P01,MS-CLN-GEL150,1,22.0,0.0
501920,2206,P01,MS-CLN-GEL150,1,22.0,0.0
501921,2206,P07,MS-MOI-SPF50,1,32.0,0.0
501922,2207,P05,MS-SER-NIA30,1,29.0,4.35
501923,2208,P03,MS-SER-VTC30,1,34.0,5.1
501924,2209,P12,MS-SET-RTN3,1,84.0,0.0
501925,2209,P10,MS-MSK-CLY100,1,26.0,0.0
501926,2210,P02,MS-CLN-CRM150,1,24.0,3.6
501927,2210,P11,MS-BDY-LOT400,1,28.0,4.2
501928,2210,P06,MS-TRT-RET50,1,44.0,6.6
501929,2210,P05,MS-SER-NIA30,1,29.0,4.35
501930,2211,P03,MS-SER-VTC30,1,34.0,34.0
501931,2212,P03,MS-SER-VTC30,1,34.0,0.0
501932,2212,P02,MS-CLN-CRM150,1,24.0,0.0
501933,2212,P10,MS-MSK-CLY100,1,26.0,0.0
501934,2213,P03,MS-SER-VTC30,1,34.0,0.0
501935,2213,P06,MS-TRT-RET50,1,44.0,0.0
501936,2214,P08,MS-MOI-BAR50,1,36.0,0.0
501937,2215,P02,MS-CLN-CRM150,1,24.0,3.6
501938,2216,P05,MS-SER-NIA30,1,29.0,0.0
501939,2217,P04,MS-SER-HYA30,1,34.0,0.0
501940,2217,P03,MS-SER-VTC30,1,34.0,0.0
501941,2217,P01,MS-CLN-GEL150,1,22.0,0.0
501942,2218,P03,MS-SER-VTC30,1,34.0,5.1
501943,2219,P03,MS-SER-VTC30,1,34.0,5.1
501944,2220,P06,MS-TRT-RET50,2,44.0,0.0
501945,2220,P03,MS-SER-VTC30,1,34.0,0.0
501946,2221,P01,MS-CLN-GEL150,2,22.0,0.0
501947,2222,P10,MS-MSK-CLY100,1,26.0,2.6
501948,2223,P11,MS-BDY-LOT400,2,28.0,0.0
501949,2224,P08,MS-MOI-BAR50,1,36.0,3.6
501950,2224,P12,MS-SET-RTN3,1,84.0,8.4
501951,2224,P01,MS-CLN-GEL150,1,22.0,2.2
501952,2225,P04,MS-SER-HYA30,1,34.0,0.0
501953,2226,P12,MS-SET-RTN3,1,84.0,8.4
501954,2226,P07,MS-MOI-SPF50,1,32.0,3.2
501955,2226,P03,MS-SER-VTC30,1,34.0,3.4
501956,2226,P11,MS-BDY-LOT400,1,28.0,2.8
501957,2227,P12,MS-SET-RTN3,1,84.0,0.0
501958,2227,P11,MS-BDY-LOT400,1,28.0,0.0
501959,2228,P06,MS-TRT-RET50,1,44.0,6.6
501960,2229,P08,MS-MOI-BAR50,1,36.0,0.0
501961,2229,P07,MS-MOI-SPF50,1,32.0,0.0
501962,2230,P10,MS-MSK-CLY100,1,26.0,0.0
501963,2230,P12,MS-SET-RTN3,1,84.0,0.0
501964,2230,P01,MS-CLN-GEL150,1,22.0,0.0
501965,2231,P05,MS-SER-NIA30,1,29.0,0.0
501966,2232,P12,MS-SET-RTN3,1,84.0,0.0
501967,2232,P06,MS-TRT-RET50,1,44.0,0.0
501968,2233,P06,MS-TRT-RET50,1,44.0,0.0
501969,2234,P10,MS-MSK-CLY100,1,26.0,3.9
501970,2235,P05,MS-SER-NIA30,1,29.0,2.9
501971,2235,P04,MS-SER-HYA30,1,34.0,3.4
501972,2236,P05,MS-SER-NIA30,1,29.0,0.0
501973,2236,P01,MS-CLN-GEL150,2,22.0,0.0
501974,2236,P09,MS-EYE-015,1,30.0,0.0
501975,2237,P07,MS-MOI-SPF50,1,32.0,3.2
501976,2238,P01,MS-CLN-GEL150,1,22.0,0.0
501977,2238,P08,MS-MOI-BAR50,2,36.0,0.0
501978,2239,P03,MS-SER-VTC30,1,34.0,5.1
501979,2239,P01,MS-CLN-GEL150,1,22.0,3.3
501980,2239,P05,MS-SER-NIA30,1,29.0,4.35
501981,2240,P04,MS-SER-HYA30,1,34.0,0.0
501982,2240,P03,MS-SER-VTC30,1,34.0,0.0
501983,2240,P09,MS-EYE-015,1,30.0,0.0
501984,2240,P05,MS-SER-NIA30,1,29.0,0.0
501985,2241,P01,MS-CLN-GEL150,1,22.0,2.2
501986,2241,P03,MS-SER-VTC30,2,34.0,6.8
501987,2242,P01,MS-CLN-GEL150,1,22.0,0.0
501988,2242,P11,MS-BDY-LOT400,1,28.0,0.0
501989,2243,P03,MS-SER-VTC30,1,34.0,5.1
501990,2243,P02,MS-CLN-CRM150,2,24.0,7.2
501991,2243,P01,MS-CLN-GEL150,1,22.0,3.3
501992,2244,P06,MS-TRT-RET50,2,44.0,13.2
501993,2244,P05,MS-SER-NIA30,1,29.0,4.35
501994,2244,P12,MS-SET-RTN3,1,84.0,12.6
501995,2245,P03,MS-SER-VTC30,1,34.0,5.1
501996,2246,P07,MS-MOI-SPF50,1,32.0,0.0
501997,2247,P05,MS-SER-NIA30,1,29.0,0.0
501998,2247,P09,MS-EYE-015,2,30.0,0.0
501999,2248,P06,MS-TRT-RET50,1,44.0,6.6
502000,2249,P01,MS-CLN-GEL150,1,22.0,0.0
502001,2250,P09,MS-EYE-015,1,30.0,0.0
502002,2251,P02,MS-CLN-CRM150,1,24.0,0.0
502003,2251,P01,MS-CLN-GEL150,1,22.0,0.0
502004,2252,P03,MS-SER-VTC30,1,34.0,5.1
502005,2252,P11,MS-BDY-LOT400,1,28.0,4.2
502006,2253,P03,MS-SER-VTC30,1,34.0,0.0
502007,2253,P01,MS-CLN-GEL150,1,22.0,0.0
502008,2254,P01,MS-CLN-GEL150,1,22.0,0.0
502009,2254,P12,MS-SET-RTN3,1,84.0,0.0
502010,2254,P09,MS-EYE-015,1,30.0,0.0
502011,2255,P04,MS-SER-HYA30,1,34.0,3.4
502012,2256,P06,MS-TRT-RET50,2,44.0,0.0
502013,2256,P05,MS-SER-NIA30,1,29.0,0.0
502014,2256,P07,MS-MOI-SPF50,1,32.0,0.0
502015,2257,P03,MS-SER-VTC30,1,34.0,0.0
502016,2257,P07,MS-MOI-SPF50,1,32.0,0.0
502017,2258,P05,MS-SER-NIA30,1,29.0,0.0
502018,2258,P12,MS-SET-RTN3,1,84.0,0.0
502019,2259,P04,MS-SER-HYA30,2,34.0,0.0
502020,2259,P08,MS-MOI-BAR50,1,36.0,0.0
502021,2260,P02,MS-CLN-CRM150,1,24.0,0.0
502022,2260,P07,MS-MOI-SPF50,1,32.0,0.0
502023,2261,P10,MS-MSK-CLY100,1,26.0,0.0
502024,2261,P03,MS-SER-VTC30,1,34.0,0.0
502025,2261,P04,MS-SER-HYA30,1,34.0,0.0
502026,2262,P07,MS-MOI-SPF50,1,32.0,4.8
502027,2263,P04,MS-SER-HYA30,1,34.0,3.4
502028,2264,P03,MS-SER-VTC30,1,34.0,0.0
502029,2265,P04,MS-SER-HYA30,1,34.0,0.0
502030,2265,P03,MS-SER-VTC30,1,34.0,0.0
600009,2265,P04,MS-SER-HYA30,1,34.0,0.0
502031,2266,P04,MS-SER-HYA30,1,34.0,0.0
502032,2266,P11,MS-BDY-LOT400,1,28.0,0.0
502033,2267,P03,MS-SER-VTC30,1,34.0,5.1
502034,2268,P05,MS-SER-NIA30,1,29.0,4.35
502035,2268,P04,MS-SER-HYA30,1,34.0,5.1
502036,2268,P06,MS-TRT-RET50,1,44.0,6.6
502037,2269,P05,MS-SER-NIA30,1,29.0,4.35
502038,2269,P04,MS-SER-HYA30,1,34.0,5.1
502039,2270,P12,MS-SET-RTN3,1,84.0,12.6
502040,2270,P06,MS-TRT-RET50,1,44.0,6.6
502041,2271,P07,MS-MOI-SPF50,1,32.0,4.8
502042,2272,P07,MS-MOI-SPF50,1,32.0,0.0
502043,2273,P07,MS-MOI-SPF50,2,32.0,0.0
502044,2274,P05,MS-SER-NIA30,1,29.0,0.0
502045,2274,P01,MS-CLN-GEL150,1,22.0,0.0
502046,2275,P04,MS-SER-HYA30,1,34.0,0.0
502047,2275,P01,MS-CLN-GEL150,1,22.0,0.0
502048,2275,P08,MS-MOI-BAR50,1,36.0,0.0
502049,2275,P05,MS-SER-NIA30,1,29.0,0.0
502050,2276,P03,MS-SER-VTC30,1,34.0,5.1
502051,2276,P07,MS-MOI-SPF50,1,32.0,4.8
502052,2277,P03,MS-SER-VTC30,1,34.0,3.4
502053,2278,P06,MS-TRT-RET50,1,44.0,4.4
502054,2278,P11,MS-BDY-LOT400,1,28.0,2.8
502055,2279,P07,MS-MOI-SPF50,1,32.0,0.0
502056,2279,P05,MS-SER-NIA30,1,29.0,0.0
502057,2279,P03,MS-SER-VTC30,2,34.0,0.0
502058,2280,P06,MS-TRT-RET50,1,44.0,0.0
502059,2280,P04,MS-SER-HYA30,1,34.0,0.0
502060,2280,P05,MS-SER-NIA30,1,29.0,0.0
502061,2281,P01,MS-CLN-GEL150,1,22.0,3.3
502062,2281,P12,MS-SET-RTN3,1,84.0,12.6
502063,2281,P03,MS-SER-VTC30,1,34.0,5.1
502064,2282,P07,MS-MOI-SPF50,1,32.0,4.8
502065,2282,P02,MS-CLN-CRM150,1,24.0,3.6
502066,2283,P03,MS-SER-VTC30,1,34.0,5.1
502067,2283,P04,MS-SER-HYA30,1,34.0,5.1
502068,2284,P01,MS-CLN-GEL150,1,22.0,0.0
502069,2285,P05,MS-SER-NIA30,2,29.0,5.8
502070,2285,P03,MS-SER-VTC30,1,34.0,3.4
502071,2286,P09,MS-EYE-015,1,30.0,4.5
502072,2286,P03,MS-SER-VTC30,1,34.0,5.1
502073,2286,P06,MS-TRT-RET50,1,44.0,6.6
502074,2287,P08,MS-MOI-BAR50,1,36.0,0.0
502075,2288,P01,MS-CLN-GEL150,2,22.0,0.0
502076,2288,P08,MS-MOI-BAR50,1,36.0,0.0
502077,2289,P07,MS-MOI-SPF50,1,32.0,4.8
502078,2290,P03,MS-SER-VTC30,2,34.0,0.0
502079,2290,P07,MS-MOI-SPF50,1,32.0,0.0
502080,2291,P06,MS-TRT-RET50,1,44.0,6.6
502081,2291,P01,MS-CLN-GEL150,1,22.0,3.3
502082,2292,P10,MS-MSK-CLY100,1,26.0,2.6
502083,2293,P06,MS-TRT-RET50,1,44.0,0.0
502084,2294,P11,MS-BDY-LOT400,1,28.0,4.2
502085,2295,P03,MS-SER-VTC30,1,34.0,0.0
502086,2296,P05,MS-SER-NIA30,1,29.0,0.0
502087,2297,P03,MS-SER-VTC30,1,34.0,0.0
502088,2297,P10,MS-MSK-CLY100,1,26.0,0.0
502089,2298,P03,MS-SER-VTC30,1,34.0,0.0
502090,2298,P01,MS-CLN-GEL150,2,22.0,0.0
502091,2298,P07,MS-MOI-SPF50,1,32.0,0.0
502092,2298,P02,MS-CLN-CRM150,1,24.0,0.0
502093,2299,P02,MS-CLN-CRM150,1,24.0,0.0
502094,2299,P12,MS-SET-RTN3,1,84.0,0.0
502095,2299,P04,MS-SER-HYA30,2,34.0,0.0
502096,2300,P01,MS-CLN-GEL150,1,22.0,2.64
502097,2300,P03,MS-SER-VTC30,1,34.0,4.08
502098,2301,P08,MS-MOI-BAR50,1,36.0,0.0
502099,2301,P12,MS-SET-RTN3,1,84.0,0.0
502100,2302,P11,MS-BDY-LOT400,1,28.0,0.0
502101,2302,P06,MS-TRT-RET50,1,44.0,0.0
502102,2303,P12,MS-SET-RTN3,1,84.0,0.0
502103,2304,P03,MS-SER-VTC30,1,34.0,5.1
502104,2305,P03,MS-SER-VTC30,1,34.0,4.08
502105,2305,P07,MS-MOI-SPF50,1,32.0,3.84
502106,2306,P03,MS-SER-VTC30,1,34.0,5.1
502107,2307,P03,MS-SER-VTC30,1,34.0,5.1
502108,2308,P01,MS-CLN-GEL150,1,22.0,0.0
502109,2309,P07,MS-MOI-SPF50,1,32.0,0.0
502110,2309,P09,MS-EYE-015,1,30.0,0.0
502111,2310,P03,MS-SER-VTC30,1,34.0,3.4
502112,2311,P03,MS-SER-VTC30,1,34.0,0.0
502113,2312,P05,MS-SER-NIA30,1,29.0,0.0
502114,2312,P04,MS-SER-HYA30,1,34.0,0.0
502115,2313,P07,MS-MOI-SPF50,1,32.0,4.8
502116,2313,P12,MS-SET-RTN3,1,84.0,12.6
502117,2314,P04,MS-SER-HYA30,1,34.0,0.0
502118,2314,P03,MS-SER-VTC30,1,34.0,0.0
502119,2315,P11,MS-BDY-LOT400,1,28.0,4.2
502120,2316,P04,MS-SER-HYA30,1,34.0,0.0
502121,2316,P01,MS-CLN-GEL150,1,22.0,0.0
502122,2316,P07,MS-MOI-SPF50,1,32.0,0.0
502123,2317,P07,MS-MOI-SPF50,1,32.0,0.0
502124,2317,P06,MS-TRT-RET50,1,44.0,0.0
502125,2317,P02,MS-CLN-CRM150,2,24.0,0.0
502126,2318,P04,MS-SER-HYA30,1,34.0,0.0
502127,2318,P03,MS-SER-VTC30,1,34.0,0.0
502128,2319,P06,MS-TRT-RET50,1,44.0,4.4
502129,2320,P08,MS-MOI-BAR50,2,36.0,0.0
502130,2320,P10,MS-MSK-CLY100,1,26.0,0.0
502131,2321,P07,MS-MOI-SPF50,1,32.0,0.0
502132,2321,P03,MS-SER-VTC30,1,34.0,0.0
502133,2322,P04,MS-SER-HYA30,1,34.0,0.0
502134,2322,P08,MS-MOI-BAR50,1,36.0,0.0
502135,2322,P07,MS-MOI-SPF50,2,32.0,0.0
502136,2323,P04,MS-SER-HYA30,1,34.0,0.0
502137,2323,P07,MS-MOI-SPF50,1,32.0,0.0
502138,2323,P02,MS-CLN-CRM150,2,24.0,0.0
502139,2324,P12,MS-SET-RTN3,1,84.0,0.0
502140,2324,P06,MS-TRT-RET50,1,44.0,0.0
502141,2325,P03,MS-SER-VTC30,1,34.0,0.0
502142,2326,P12,MS-SET-RTN3,1,84.0,8.4
502143,2326,P04,MS-SER-HYA30,1,34.0,3.4
502144,2327,P07,MS-MOI-SPF50,1,32.0,4.8
502145,2327,P03,MS-SER-VTC30,1,34.0,5.1
502146,2328,P04,MS-SER-HYA30,1,34.0,5.1
502147,2329,P04,MS-SER-HYA30,1,34.0,0.0
502148,2329,P09,MS-EYE-015,1,30.0,0.0
502149,2329,P07,MS-MOI-SPF50,1,32.0,0.0
502150,2330,P03,MS-SER-VTC30,1,34.0,0.0
502151,2330,P09,MS-EYE-015,1,30.0,0.0
502152,2331,P10,MS-MSK-CLY100,1,26.0,0.0
502153,2331,P06,MS-TRT-RET50,1,44.0,0.0
502154,2332,P11,MS-BDY-LOT400,1,28.0,4.2
502155,2333,P01,MS-CLN-GEL150,1,22.0,3.3
502156,2334,P11,MS-BDY-LOT400,1,28.0,0.0
502157,2334,P04,MS-SER-HYA30,1,34.0,0.0
502158,2335,P05,MS-SER-NIA30,2,29.0,8.7
502159,2335,P06,MS-TRT-RET50,1,44.0,6.6
502160,2335,P07,MS-MOI-SPF50,1,32.0,4.8
502161,2335,P04,MS-SER-HYA30,1,34.0,5.1
502162,2336,P04,MS-SER-HYA30,1,34.0,5.1
502163,2337,P07,MS-MOI-SPF50,1,32.0,4.8
502164,2338,P12,MS-SET-RTN3,1,84.0,0.0
502165,2338,P05,MS-SER-NIA30,1,29.0,0.0
502166,2338,P10,MS-MSK-CLY100,1,26.0,0.0
502167,2339,P05,MS-SER-NIA30,1,29.0,0.0
502168,2340,P03,MS-SER-VTC30,1,34.0,0.0
502169,2340,P07,MS-MOI-SPF50,1,32.0,0.0
502170,2341,P03,MS-SER-VTC30,1,34.0,0.0
502171,2341,P07,MS-MOI-SPF50,1,32.0,0.0
502172,2341,P01,MS-CLN-GEL150,1,22.0,0.0
502173,2342,P12,MS-SET-RTN3,1,84.0,8.4
502174,2343,P03,MS-SER-VTC30,1,34.0,0.0
502175,2344,P01,MS-CLN-GEL150,1,22.0,0.0
502176,2344,P08,MS-MOI-BAR50,2,36.0,0.0
502177,2345,P04,MS-SER-HYA30,1,34.0,0.0
502178,2346,P05,MS-SER-NIA30,1,29.0,0.0
502179,2346,P03,MS-SER-VTC30,1,34.0,0.0
502180,2347,P08,MS-MOI-BAR50,1,36.0,3.6
502181,2347,P07,MS-MOI-SPF50,1,32.0,3.2
502182,2347,P09,MS-EYE-015,1,30.0,3.0
502183,2348,P01,MS-CLN-GEL150,1,22.0,0.0
502184,2349,P11,MS-BDY-LOT400,1,28.0,0.0
502185,2349,P06,MS-TRT-RET50,1,44.0,0.0
502186,2350,P06,MS-TRT-RET50,1,44.0,0.0
502187,2351,P10,MS-MSK-CLY100,1,26.0,0.0
502188,2352,P10,MS-MSK-CLY100,1,26.0,0.0
502189,2352,P06,MS-TRT-RET50,1,44.0,0.0
502190,2353,P03,MS-SER-VTC30,1,34.0,0.0
502191,2353,P10,MS-MSK-CLY100,1,26.0,0.0
502192,2353,P04,MS-SER-HYA30,1,34.0,0.0
502193,2354,P01,MS-CLN-GEL150,1,22.0,3.3
502194,2354,P08,MS-MOI-BAR50,2,36.0,10.8
502195,2355,P01,MS-CLN-GEL150,1,22.0,0.0
502196,2356,P01,MS-CLN-GEL150,1,22.0,0.0
502197,2357,P09,MS-EYE-015,1,30.0,4.5
502198,2358,P12,MS-SET-RTN3,1,84.0,12.6
502199,2359,P07,MS-MOI-SPF50,1,32.0,4.8
502200,2360,P05,MS-SER-NIA30,1,29.0,2.9
502201,2361,P11,MS-BDY-LOT400,2,28.0,8.4
502202,2362,P04,MS-SER-HYA30,2,34.0,6.8
502203,2362,P03,MS-SER-VTC30,1,34.0,3.4
502204,2362,P07,MS-MOI-SPF50,1,32.0,3.2
502205,2362,P05,MS-SER-NIA30,2,29.0,5.8
502206,2363,P09,MS-EYE-015,2,30.0,0.0
502207,2363,P03,MS-SER-VTC30,1,34.0,0.0
502208,2363,P01,MS-CLN-GEL150,1,22.0,0.0
502209,2363,P06,MS-TRT-RET50,1,44.0,0.0
502210,2364,P04,MS-SER-HYA30,2,34.0,0.0
502211,2365,P07,MS-MOI-SPF50,1,32.0,3.2
502212,2366,P01,MS-CLN-GEL150,2,22.0,0.0
502213,2367,P11,MS-BDY-LOT400,1,28.0,0.0
502214,2367,P03,MS-SER-VTC30,1,34.0,0.0
502215,2367,P02,MS-CLN-CRM150,1,24.0,0.0
502216,2368,P04,MS-SER-HYA30,1,34.0,0.0
502217,2369,P04,MS-SER-HYA30,1,34.0,5.1
502218,2369,P02,MS-CLN-CRM150,1,24.0,3.6
502219,2369,P05,MS-SER-NIA30,1,29.0,4.35
502220,2370,P03,MS-SER-VTC30,1,34.0,3.4
502221,2370,P07,MS-MOI-SPF50,1,32.0,3.2
502222,2371,P12,MS-SET-RTN3,1,84.0,0.0
502223,2371,P02,MS-CLN-CRM150,1,24.0,0.0
502224,2372,P01,MS-CLN-GEL150,1,22.0,0.0
502225,2372,P05,MS-SER-NIA30,1,29.0,0.0
502226,2373,P06,MS-TRT-RET50,1,44.0,6.6
502227,2374,P12,MS-SET-RTN3,1,84.0,0.0
502228,2375,P10,MS-MSK-CLY100,1,26.0,0.0
502229,2376,P07,MS-MOI-SPF50,1,32.0,0.0
502230,2376,P01,MS-CLN-GEL150,1,22.0,0.0
502231,2377,P10,MS-MSK-CLY100,1,26.0,0.0
502232,2378,P12,MS-SET-RTN3,1,84.0,8.4
502233,2378,P05,MS-SER-NIA30,1,29.0,2.9
502234,2379,P09,MS-EYE-015,2,30.0,0.0
502235,2380,P05,MS-SER-NIA30,1,29.0,4.35
502236,2381,P04,MS-SER-HYA30,1,34.0,5.1
502237,2382,P03,MS-SER-VTC30,1,34.0,0.0
502238,2383,P08,MS-MOI-BAR50,1,36.0,5.4
502239,2383,P04,MS-SER-HYA30,1,34.0,5.1
502240,2383,P03,MS-SER-VTC30,1,34.0,5.1
502241,2384,P05,MS-SER-NIA30,1,29.0,0.0
502242,2385,P05,MS-SER-NIA30,1,29.0,4.35
502243,2385,P12,MS-SET-RTN3,1,84.0,12.6
502244,2386,P07,MS-MOI-SPF50,1,32.0,4.8
502245,2386,P04,MS-SER-HYA30,1,34.0,5.1
502246,2387,P04,MS-SER-HYA30,1,34.0,5.1
502247,2388,P06,MS-TRT-RET50,1,44.0,6.6
502248,2388,P01,MS-CLN-GEL150,1,22.0,3.3
502249,2388,P05,MS-SER-NIA30,1,29.0,4.35
502250,2389,P11,MS-BDY-LOT400,1,28.0,0.0
502251,2390,P03,MS-SER-VTC30,1,34.0,5.1
502252,2390,P09,MS-EYE-015,1,30.0,4.5
502253,2390,P02,MS-CLN-CRM150,2,24.0,7.2
502254,2390,P12,MS-SET-RTN3,1,84.0,12.6
502255,2391,P03,MS-SER-VTC30,1,34.0,0.0
502256,2391,P09,MS-EYE-015,1,30.0,0.0
502257,2392,P02,MS-CLN-CRM150,1,24.0,3.6
502258,2393,P11,MS-BDY-LOT400,1,28.0,2.8
502259,2393,P07,MS-MOI-SPF50,1,32.0,3.2
502260,2394,P03,MS-SER-VTC30,1,34.0,3.4
502261,2394,P07,MS-MOI-SPF50,1,32.0,3.2
502262,2395,P05,MS-SER-NIA30,1,29.0,2.9
502263,2396,P07,MS-MOI-SPF50,1,32.0,4.8
502264,2397,P06,MS-TRT-RET50,1,44.0,0.0
502265,2398,P06,MS-TRT-RET50,1,44.0,0.0
502266,2398,P01,MS-CLN-GEL150,2,22.0,0.0
502267,2399,P06,MS-TRT-RET50,1,44.0,0.0
502268,2399,P03,MS-SER-VTC30,1,34.0,0.0
502269,2400,P08,MS-MOI-BAR50,1,36.0,5.4
502270,2401,P06,MS-TRT-RET50,1,44.0,0.0
502271,2402,P08,MS-MOI-BAR50,1,36.0,10.8
502272,2403,P06,MS-TRT-RET50,2,44.0,26.4
502273,2403,P13,MS-GIFT-SACHET,1,0.0,0.0
502274,2404,P01,MS-CLN-GEL150,1,22.0,6.6
502275,2404,P03,MS-SER-VTC30,1,34.0,10.2
502276,2404,P07,MS-MOI-SPF50,1,32.0,9.6
502277,2405,P01,MS-CLN-GEL150,1,22.0,3.3
502278,2406,P01,MS-CLN-GEL150,1,22.0,6.6
502279,2406,P02,MS-CLN-CRM150,1,24.0,7.2
502280,2407,P04,MS-SER-HYA30,1,34.0,10.2
502281,2407,P09,MS-EYE-015,1,30.0,9.0
502282,2408,P03,MS-SER-VTC30,1,34.0,10.2
502283,2408,P06,MS-TRT-RET50,1,44.0,13.2
502284,2408,P02,MS-CLN-CRM150,2,24.0,14.4
502285,2408,P13,MS-GIFT-SACHET,1,0.0,0.0
502286,2409,P12,MS-SET-RTN3,1,84.0,25.2
502287,2409,P03,MS-SER-VTC30,1,34.0,10.2
502288,2409,P13,MS-GIFT-SACHET,1,0.0,0.0
502289,2410,P12,MS-SET-RTN3,1,84.0,25.2
502290,2411,P04,MS-SER-HYA30,1,34.0,10.2
502291,2412,P07,MS-MOI-SPF50,1,32.0,9.6
502292,2412,P03,MS-SER-VTC30,1,34.0,10.2
502293,2413,P02,MS-CLN-CRM150,1,24.0,7.2
502294,2413,P07,MS-MOI-SPF50,2,32.0,19.2
502295,2414,P12,MS-SET-RTN3,1,84.0,25.2
502296,2414,P09,MS-EYE-015,1,30.0,9.0
502297,2414,P13,MS-GIFT-SACHET,1,0.0,0.0
502298,2415,P04,MS-SER-HYA30,1,34.0,10.2
502299,2415,P12,MS-SET-RTN3,1,84.0,25.2
502300,2416,P12,MS-SET-RTN3,1,84.0,34.02
502301,2416,P09,MS-EYE-015,1,30.0,12.15
502302,2416,P13,MS-GIFT-SACHET,1,0.0,0.0
502303,2417,P07,MS-MOI-SPF50,1,32.0,9.6
502304,2417,P12,MS-SET-RTN3,1,84.0,25.2
502305,2417,P04,MS-SER-HYA30,1,34.0,10.2
502306,2417,P06,MS-TRT-RET50,1,44.0,13.2
502307,2417,P13,MS-GIFT-SACHET,1,0.0,0.0
502308,2418,P04,MS-SER-HYA30,1,34.0,10.2
502309,2418,P06,MS-TRT-RET50,1,44.0,13.2
502310,2418,P08,MS-MOI-BAR50,1,36.0,10.8
502311,2418,P03,MS-SER-VTC30,1,34.0,10.2
502312,2418,P13,MS-GIFT-SACHET,1,0.0,0.0
502313,2419,P04,MS-SER-HYA30,1,34.0,13.77
502314,2419,P12,MS-SET-RTN3,1,84.0,34.02
502315,2419,P13,MS-GIFT-SACHET,1,0.0,0.0
502316,2420,P04,MS-SER-HYA30,2,34.0,20.4
502317,2420,P07,MS-MOI-SPF50,1,32.0,9.6
502318,2420,P13,MS-GIFT-SACHET,1,0.0,0.0
502319,2421,P05,MS-SER-NIA30,1,29.0,8.7
502320,2421,P10,MS-MSK-CLY100,1,26.0,7.8
502321,2422,P04,MS-SER-HYA30,1,34.0,10.2
502322,2422,P03,MS-SER-VTC30,1,34.0,10.2
502323,2423,P04,MS-SER-HYA30,1,34.0,10.2
502324,2423,P12,MS-SET-RTN3,1,84.0,25.2
502325,2423,P13,MS-GIFT-SACHET,1,0.0,0.0
502326,2424,P12,MS-SET-RTN3,1,84.0,34.02
502327,2424,P13,MS-GIFT-SACHET,1,0.0,0.0
502328,2425,P03,MS-SER-VTC30,1,34.0,10.2
502329,2425,P09,MS-EYE-015,1,30.0,9.0
502330,2425,P12,MS-SET-RTN3,1,84.0,25.2
502331,2425,P13,MS-GIFT-SACHET,1,0.0,0.0
502332,2426,P04,MS-SER-HYA30,1,34.0,13.77
502333,2426,P01,MS-CLN-GEL150,1,22.0,8.91
502334,2427,P04,MS-SER-HYA30,1,34.0,5.1
502335,2427,P03,MS-SER-VTC30,1,34.0,5.1
502336,2427,P12,MS-SET-RTN3,1,84.0,12.6
502337,2427,P13,MS-GIFT-SACHET,1,0.0,0.0
502338,2428,P01,MS-CLN-GEL150,1,22.0,6.6
502339,2429,P12,MS-SET-RTN3,1,84.0,34.02
502340,2429,P10,MS-MSK-CLY100,2,26.0,21.06
502341,2429,P13,MS-GIFT-SACHET,1,0.0,0.0
502342,2430,P01,MS-CLN-GEL150,1,22.0,3.3
502343,2431,P05,MS-SER-NIA30,1,29.0,8.7
502344,2431,P03,MS-SER-VTC30,1,34.0,10.2
502345,2431,P07,MS-MOI-SPF50,2,32.0,19.2
502346,2431,P01,MS-CLN-GEL150,1,22.0,6.6
502347,2431,P13,MS-GIFT-SACHET,1,0.0,0.0
502348,2432,P12,MS-SET-RTN3,1,84.0,25.2
502349,2432,P03,MS-SER-VTC30,1,34.0,10.2
502350,2432,P04,MS-SER-HYA30,1,34.0,10.2
502351,2433,P05,MS-SER-NIA30,1,29.0,8.7
502352,2434,P01,MS-CLN-GEL150,1,22.0,6.6
502353,2434,P12,MS-SET-RTN3,1,84.0,25.2
502354,2434,P13,MS-GIFT-SACHET,1,0.0,0.0
502355,2435,P04,MS-SER-HYA30,1,34.0,10.2
502356,2436,P04,MS-SER-HYA30,1,34.0,10.2
502357,2436,P07,MS-MOI-SPF50,1,32.0,9.6
502358,2436,P09,MS-EYE-015,1,30.0,9.0
502359,2436,P13,MS-GIFT-SACHET,1,0.0,0.0
502360,2437,P08,MS-MOI-BAR50,1,36.0,0.0
502361,2437,P01,MS-CLN-GEL150,1,22.0,0.0
502362,2438,P03,MS-SER-VTC30,1,34.0,0.0
502363,2438,P01,MS-CLN-GEL150,1,22.0,0.0
502364,2438,P10,MS-MSK-CLY100,1,26.0,0.0
502365,2438,P13,MS-GIFT-SACHET,1,0.0,0.0
502366,2439,P04,MS-SER-HYA30,1,34.0,10.2
502367,2439,P10,MS-MSK-CLY100,1,26.0,7.8
502368,2440,P07,MS-MOI-SPF50,1,32.0,9.6
502369,2441,P03,MS-SER-VTC30,1,34.0,0.0
502370,2441,P09,MS-EYE-015,1,30.0,0.0
502371,2442,P03,MS-SER-VTC30,2,34.0,20.4
502372,2442,P09,MS-EYE-015,1,30.0,9.0
502373,2443,P05,MS-SER-NIA30,1,29.0,8.7
502374,2444,P08,MS-MOI-BAR50,1,36.0,10.8
502375,2444,P05,MS-SER-NIA30,1,29.0,8.7
502376,2444,P07,MS-MOI-SPF50,1,32.0,9.6
502377,2444,P10,MS-MSK-CLY100,1,26.0,7.8
502378,2445,P06,MS-TRT-RET50,1,44.0,13.2
502379,2445,P03,MS-SER-VTC30,1,34.0,10.2
502380,2445,P13,MS-GIFT-SACHET,1,0.0,0.0
502381,2446,P06,MS-TRT-RET50,1,44.0,6.6
502382,2446,P02,MS-CLN-CRM150,1,24.0,3.6
502383,2446,P05,MS-SER-NIA30,1,29.0,4.35
502384,2446,P13,MS-GIFT-SACHET,1,0.0,0.0
502385,2447,P11,MS-BDY-LOT400,1,28.0,8.4
502386,2447,P09,MS-EYE-015,1,30.0,9.0
502387,2448,P03,MS-SER-VTC30,2,34.0,20.4
502388,2448,P04,MS-SER-HYA30,1,34.0,10.2
502389,2448,P12,MS-SET-RTN3,1,84.0,25.2
502390,2448,P13,MS-GIFT-SACHET,1,0.0,0.0
502391,2449,P12,MS-SET-RTN3,1,84.0,25.2
502392,2449,P03,MS-SER-VTC30,1,34.0,10.2
502393,2449,P09,MS-EYE-015,1,30.0,9.0
502394,2449,P04,MS-SER-HYA30,1,34.0,10.2
502395,2450,P12,MS-SET-RTN3,1,84.0,25.2
502396,2450,P13,MS-GIFT-SACHET,1,0.0,0.0
502397,2451,P04,MS-SER-HYA30,1,34.0,10.2
502398,2452,P12,MS-SET-RTN3,1,84.0,25.2
502399,2452,P13,MS-GIFT-SACHET,1,0.0,0.0
502400,2453,P12,MS-SET-RTN3,1,84.0,25.2
502401,2453,P13,MS-GIFT-SACHET,1,0.0,0.0
502402,2454,P12,MS-SET-RTN3,1,84.0,25.2
502403,2454,P13,MS-GIFT-SACHET,1,0.0,0.0
502404,2455,P12,MS-SET-RTN3,1,84.0,34.02
502405,2455,P13,MS-GIFT-SACHET,1,0.0,0.0
502406,2456,P08,MS-MOI-BAR50,1,36.0,10.8
502407,2457,P12,MS-SET-RTN3,1,84.0,25.2
502408,2457,P05,MS-SER-NIA30,1,29.0,8.7
502409,2457,P13,MS-GIFT-SACHET,1,0.0,0.0
502410,2458,P04,MS-SER-HYA30,1,34.0,10.2
502411,2458,P05,MS-SER-NIA30,1,29.0,8.7
502412,2458,P03,MS-SER-VTC30,1,34.0,10.2
502413,2458,P11,MS-BDY-LOT400,1,28.0,8.4
502414,2459,P12,MS-SET-RTN3,1,84.0,25.2
502415,2459,P05,MS-SER-NIA30,1,29.0,8.7
502416,2460,P11,MS-BDY-LOT400,1,28.0,4.2
502417,2461,P10,MS-MSK-CLY100,1,26.0,7.8
502418,2461,P12,MS-SET-RTN3,1,84.0,25.2
502419,2461,P05,MS-SER-NIA30,2,29.0,17.4
502420,2461,P06,MS-TRT-RET50,1,44.0,13.2
502421,2461,P13,MS-GIFT-SACHET,1,0.0,0.0
502422,2462,P06,MS-TRT-RET50,1,44.0,13.2
502423,2462,P12,MS-SET-RTN3,1,84.0,25.2
502424,2462,P13,MS-GIFT-SACHET,1,0.0,0.0
502425,2463,P01,MS-CLN-GEL150,1,22.0,6.6
502426,2464,P12,MS-SET-RTN3,1,84.0,25.2
502427,2464,P13,MS-GIFT-SACHET,1,0.0,0.0
502428,2465,P01,MS-CLN-GEL150,1,22.0,6.6
502429,2465,P10,MS-MSK-CLY100,1,26.0,7.8
502430,2465,P07,MS-MOI-SPF50,1,32.0,9.6
502431,2465,P13,MS-GIFT-SACHET,1,0.0,0.0
502432,2466,P05,MS-SER-NIA30,2,29.0,17.4
502433,2466,P06,MS-TRT-RET50,1,44.0,13.2
502434,2466,P13,MS-GIFT-SACHET,1,0.0,0.0
502435,2467,P06,MS-TRT-RET50,1,44.0,13.2
502436,2467,P07,MS-MOI-SPF50,1,32.0,9.6
502437,2467,P01,MS-CLN-GEL150,1,22.0,6.6
502438,2467,P13,MS-GIFT-SACHET,1,0.0,0.0
502439,2468,P12,MS-SET-RTN3,1,84.0,25.2
502440,2468,P13,MS-GIFT-SACHET,1,0.0,0.0
502441,2469,P04,MS-SER-HYA30,1,34.0,10.2
502442,2469,P01,MS-CLN-GEL150,1,22.0,6.6
502443,2470,P10,MS-MSK-CLY100,1,26.0,7.8
502444,2470,P07,MS-MOI-SPF50,1,32.0,9.6
502445,2471,P03,MS-SER-VTC30,1,34.0,10.2
502446,2471,P05,MS-SER-NIA30,1,29.0,8.7
502447,2472,P07,MS-MOI-SPF50,1,32.0,9.6
502448,2472,P02,MS-CLN-CRM150,1,24.0,7.2
502449,2473,P03,MS-SER-VTC30,1,34.0,10.2
502450,2474,P03,MS-SER-VTC30,1,34.0,10.2
502451,2475,P12,MS-SET-RTN3,1,84.0,34.02
502452,2475,P13,MS-GIFT-SACHET,1,0.0,0.0
502453,2476,P04,MS-SER-HYA30,1,34.0,10.2
502454,2476,P03,MS-SER-VTC30,1,34.0,10.2
502455,2476,P07,MS-MOI-SPF50,2,32.0,19.2
502456,2476,P13,MS-GIFT-SACHET,1,0.0,0.0
502457,2477,P09,MS-EYE-015,2,30.0,9.0
502458,2478,P12,MS-SET-RTN3,1,84.0,25.2
502459,2478,P06,MS-TRT-RET50,1,44.0,13.2
502460,2478,P13,MS-GIFT-SACHET,1,0.0,0.0
502461,2479,P06,MS-TRT-RET50,1,44.0,13.2
502462,2479,P03,MS-SER-VTC30,1,34.0,10.2
502463,2479,P13,MS-GIFT-SACHET,1,0.0,0.0
502464,2480,P08,MS-MOI-BAR50,1,36.0,10.8
502465,2480,P12,MS-SET-RTN3,1,84.0,25.2
502466,2480,P13,MS-GIFT-SACHET,1,0.0,0.0
502467,2481,P03,MS-SER-VTC30,1,34.0,10.2
502468,2481,P11,MS-BDY-LOT400,1,28.0,8.4
502469,2481,P02,MS-CLN-CRM150,1,24.0,7.2
502470,2481,P13,MS-GIFT-SACHET,1,0.0,0.0
502471,2482,P10,MS-MSK-CLY100,1,26.0,7.8
502472,2483,P07,MS-MOI-SPF50,1,32.0,12.96
502473,2483,P03,MS-SER-VTC30,2,34.0,27.54
502474,2483,P13,MS-GIFT-SACHET,1,0.0,0.0
502475,2484,P05,MS-SER-NIA30,1,29.0,8.7
502476,2484,P03,MS-SER-VTC30,1,34.0,10.2
502477,2485,P03,MS-SER-VTC30,1,34.0,10.2
502478,2486,P04,MS-SER-HYA30,1,34.0,10.2
502479,2487,P07,MS-MOI-SPF50,1,32.0,9.6
502480,2487,P06,MS-TRT-RET50,1,44.0,13.2
502481,2487,P13,MS-GIFT-SACHET,1,0.0,0.0
502482,2488,P12,MS-SET-RTN3,1,84.0,34.02
502483,2489,P03,MS-SER-VTC30,1,34.0,10.2
502484,2490,P03,MS-SER-VTC30,1,34.0,10.2
502485,2491,P07,MS-MOI-SPF50,1,32.0,9.6
502486,2491,P06,MS-TRT-RET50,1,44.0,13.2
502487,2491,P02,MS-CLN-CRM150,1,24.0,7.2
502488,2491,P13,MS-GIFT-SACHET,1,0.0,0.0
502489,2492,P12,MS-SET-RTN3,1,84.0,25.2
502490,2492,P10,MS-MSK-CLY100,1,26.0,7.8
502491,2492,P09,MS-EYE-015,2,30.0,18.0
502492,2492,P13,MS-GIFT-SACHET,1,0.0,0.0
502493,2493,P01,MS-CLN-GEL150,1,22.0,6.6
502494,2493,P06,MS-TRT-RET50,1,44.0,13.2
502495,2493,P12,MS-SET-RTN3,1,84.0,25.2
502496,2493,P02,MS-CLN-CRM150,1,24.0,7.2
502497,2493,P13,MS-GIFT-SACHET,1,0.0,0.0
502498,2494,P09,MS-EYE-015,1,30.0,9.0
502499,2495,P03,MS-SER-VTC30,1,34.0,10.2
502500,2495,P05,MS-SER-NIA30,1,29.0,8.7
502501,2496,P01,MS-CLN-GEL150,1,22.0,8.91
502502,2496,P07,MS-MOI-SPF50,1,32.0,12.97
502503,2496,P05,MS-SER-NIA30,1,29.0,11.74
502504,2496,P13,MS-GIFT-SACHET,1,0.0,0.0
502505,2497,P06,MS-TRT-RET50,1,44.0,13.2
502506,2498,P04,MS-SER-HYA30,1,34.0,10.2
502507,2498,P08,MS-MOI-BAR50,2,36.0,21.6
502508,2498,P10,MS-MSK-CLY100,1,26.0,7.8
502509,2498,P13,MS-GIFT-SACHET,1,0.0,0.0
502510,2499,P12,MS-SET-RTN3,1,84.0,34.02
502511,2499,P11,MS-BDY-LOT400,1,28.0,11.34
502512,2499,P04,MS-SER-HYA30,1,34.0,13.77
502513,2499,P13,MS-GIFT-SACHET,1,0.0,0.0
502514,2500,P01,MS-CLN-GEL150,2,22.0,13.2
502515,2501,P03,MS-SER-VTC30,1,34.0,10.2
502516,2501,P12,MS-SET-RTN3,1,84.0,25.2
502517,2502,P08,MS-MOI-BAR50,1,36.0,10.8
502518,2502,P06,MS-TRT-RET50,1,44.0,13.2
502519,2502,P13,MS-GIFT-SACHET,1,0.0,0.0
502520,2503,P12,MS-SET-RTN3,1,84.0,25.2
502521,2503,P10,MS-MSK-CLY100,1,26.0,7.8
502522,2503,P13,MS-GIFT-SACHET,1,0.0,0.0
502523,2504,P12,MS-SET-RTN3,1,84.0,25.2
502524,2504,P13,MS-GIFT-SACHET,1,0.0,0.0
502525,2505,P02,MS-CLN-CRM150,1,24.0,7.2
502526,2505,P04,MS-SER-HYA30,1,34.0,10.2
502527,2505,P12,MS-SET-RTN3,1,84.0,25.2
502528,2506,P04,MS-SER-HYA30,1,34.0,10.2
502529,2506,P05,MS-SER-NIA30,1,29.0,8.7
502530,2507,P06,MS-TRT-RET50,1,44.0,13.2
502531,2507,P12,MS-SET-RTN3,1,84.0,25.2
502532,2507,P13,MS-GIFT-SACHET,1,0.0,0.0
502533,2508,P01,MS-CLN-GEL150,1,22.0,6.6
502534,2508,P10,MS-MSK-CLY100,1,26.0,7.8
502535,2509,P04,MS-SER-HYA30,1,34.0,10.2
502536,2509,P12,MS-SET-RTN3,1,84.0,25.2
502537,2509,P13,MS-GIFT-SACHET,1,0.0,0.0
502538,2510,P07,MS-MOI-SPF50,1,32.0,9.6
502539,2510,P11,MS-BDY-LOT400,2,28.0,16.8
502540,2510,P12,MS-SET-RTN3,1,84.0,25.2
502541,2510,P13,MS-GIFT-SACHET,1,0.0,0.0
502542,2511,P03,MS-SER-VTC30,1,34.0,5.1
502543,2511,P09,MS-EYE-015,1,30.0,4.5
502544,2511,P06,MS-TRT-RET50,1,44.0,6.6
502545,2512,P06,MS-TRT-RET50,1,44.0,13.2
502546,2513,P02,MS-CLN-CRM150,1,24.0,7.2
502547,2514,P11,MS-BDY-LOT400,1,28.0,8.4
502548,2515,P01,MS-CLN-GEL150,1,22.0,6.6
502549,2515,P05,MS-SER-NIA30,1,29.0,8.7
502550,2516,P01,MS-CLN-GEL150,1,22.0,6.6
502551,2517,P03,MS-SER-VTC30,1,34.0,10.2
502552,2518,P11,MS-BDY-LOT400,1,28.0,8.4
502553,2518,P03,MS-SER-VTC30,2,34.0,20.4
502554,2518,P08,MS-MOI-BAR50,2,36.0,21.6
502555,2518,P13,MS-GIFT-SACHET,1,0.0,0.0
502556,2519,P01,MS-CLN-GEL150,1,22.0,0.0
502557,2520,P07,MS-MOI-SPF50,1,32.0,9.6
502558,2520,P04,MS-SER-HYA30,1,34.0,10.2
502559,2521,P07,MS-MOI-SPF50,1,32.0,0.0
502560,2522,P03,MS-SER-VTC30,1,34.0,0.0
502561,2522,P04,MS-SER-HYA30,1,34.0,0.0
502562,2522,P07,MS-MOI-SPF50,1,32.0,0.0
502563,2522,P11,MS-BDY-LOT400,1,28.0,0.0
502564,2522,P13,MS-GIFT-SACHET,1,0.0,0.0
502565,2523,P06,MS-TRT-RET50,1,44.0,13.2
502566,2523,P12,MS-SET-RTN3,1,84.0,25.2
502567,2523,P13,MS-GIFT-SACHET,1,0.0,0.0
502568,2524,P11,MS-BDY-LOT400,1,28.0,8.4
502569,2525,P12,MS-SET-RTN3,1,84.0,25.2
502570,2525,P13,MS-GIFT-SACHET,1,0.0,0.0
502571,2526,P04,MS-SER-HYA30,1,34.0,10.2
502572,2526,P12,MS-SET-RTN3,1,84.0,25.2
502573,2526,P03,MS-SER-VTC30,1,34.0,10.2
502574,2526,P13,MS-GIFT-SACHET,1,0.0,0.0
502575,2527,P01,MS-CLN-GEL150,1,22.0,8.91
502576,2527,P09,MS-EYE-015,1,30.0,12.15
502577,2528,P06,MS-TRT-RET50,1,44.0,13.2
502578,2528,P07,MS-MOI-SPF50,1,32.0,9.6
502579,2528,P13,MS-GIFT-SACHET,1,0.0,0.0
502580,2529,P10,MS-MSK-CLY100,1,26.0,3.9
502581,2530,P05,MS-SER-NIA30,1,29.0,8.7
502582,2530,P01,MS-CLN-GEL150,1,22.0,6.6
502583,2531,P09,MS-EYE-015,2,30.0,9.0
502584,2532,P09,MS-EYE-015,1,30.0,4.5
502585,2533,P07,MS-MOI-SPF50,1,32.0,9.6
502586,2534,P10,MS-MSK-CLY100,1,26.0,7.8
502587,2534,P09,MS-EYE-015,1,30.0,9.0
502588,2535,P02,MS-CLN-CRM150,1,24.0,7.2
502589,2536,P12,MS-SET-RTN3,1,84.0,25.2
502590,2536,P13,MS-GIFT-SACHET,1,0.0,0.0
502591,2537,P07,MS-MOI-SPF50,1,32.0,9.6
502592,2537,P08,MS-MOI-BAR50,1,36.0,10.8
502593,2537,P01,MS-CLN-GEL150,1,22.0,6.6
502594,2537,P13,MS-GIFT-SACHET,1,0.0,0.0
502595,2538,P07,MS-MOI-SPF50,1,32.0,9.6
502596,2539,P06,MS-TRT-RET50,1,44.0,13.2
502597,2539,P07,MS-MOI-SPF50,1,32.0,9.6
502598,2539,P05,MS-SER-NIA30,1,29.0,8.7
502599,2540,P09,MS-EYE-015,1,30.0,9.0
502600,2540,P05,MS-SER-NIA30,1,29.0,8.7
502601,2540,P03,MS-SER-VTC30,1,34.0,10.2
502602,2540,P04,MS-SER-HYA30,1,34.0,10.2
502603,2540,P13,MS-GIFT-SACHET,1,0.0,0.0
502604,2541,P03,MS-SER-VTC30,1,34.0,10.2
502605,2541,P07,MS-MOI-SPF50,1,32.0,9.6
502606,2542,P09,MS-EYE-015,1,30.0,9.0
502607,2542,P05,MS-SER-NIA30,1,29.0,8.7
502608,2543,P08,MS-MOI-BAR50,1,36.0,10.8
502609,2544,P03,MS-SER-VTC30,1,34.0,0.0
502610,2544,P07,MS-MOI-SPF50,1,32.0,0.0
502611,2545,P06,MS-TRT-RET50,1,44.0,13.2
502612,2545,P10,MS-MSK-CLY100,1,26.0,7.8
502613,2546,P01,MS-CLN-GEL150,1,22.0,6.6
502614,2547,P12,MS-SET-RTN3,1,84.0,25.2
502615,2547,P05,MS-SER-NIA30,1,29.0,8.7
502616,2547,P04,MS-SER-HYA30,1,34.0,10.2
502617,2547,P13,MS-GIFT-SACHET,1,0.0,0.0
502618,2548,P08,MS-MOI-BAR50,1,36.0,5.4
502619,2548,P06,MS-TRT-RET50,1,44.0,6.6
502620,2548,P03,MS-SER-VTC30,1,34.0,5.1
502621,2549,P07,MS-MOI-SPF50,1,32.0,9.6
502622,2549,P04,MS-SER-HYA30,1,34.0,10.2
502623,2549,P01,MS-CLN-GEL150,1,22.0,6.6
502624,2549,P13,MS-GIFT-SACHET,1,0.0,0.0
502625,2550,P11,MS-BDY-LOT400,1,28.0,8.4
502626,2550,P12,MS-SET-RTN3,1,84.0,25.2
502627,2550,P13,MS-GIFT-SACHET,1,0.0,0.0
502628,2551,P10,MS-MSK-CLY100,1,26.0,7.8
502629,2551,P05,MS-SER-NIA30,1,29.0,8.7
502630,2552,P05,MS-SER-NIA30,1,29.0,8.7
502631,2552,P03,MS-SER-VTC30,1,34.0,10.2
502632,2552,P04,MS-SER-HYA30,1,34.0,10.2
502633,2552,P09,MS-EYE-015,2,30.0,18.0
502634,2552,P13,MS-GIFT-SACHET,1,0.0,0.0
502635,2553,P01,MS-CLN-GEL150,1,22.0,6.6
502636,2553,P03,MS-SER-VTC30,1,34.0,10.2
502637,2553,P05,MS-SER-NIA30,1,29.0,8.7
502638,2553,P13,MS-GIFT-SACHET,1,0.0,0.0
502639,2554,P09,MS-EYE-015,1,30.0,9.0
502640,2555,P12,MS-SET-RTN3,1,84.0,25.2
502641,2555,P13,MS-GIFT-SACHET,1,0.0,0.0
502642,2556,P03,MS-SER-VTC30,1,34.0,5.1
502643,2556,P06,MS-TRT-RET50,1,44.0,6.6
502644,2556,P04,MS-SER-HYA30,1,34.0,5.1
502645,2556,P08,MS-MOI-BAR50,1,36.0,5.4
502646,2556,P13,MS-GIFT-SACHET,1,0.0,0.0
502647,2557,P09,MS-EYE-015,1,30.0,9.0
502648,2557,P07,MS-MOI-SPF50,1,32.0,9.6
502649,2557,P06,MS-TRT-RET50,2,44.0,26.4
502650,2557,P13,MS-GIFT-SACHET,1,0.0,0.0
502651,2558,P05,MS-SER-NIA30,1,29.0,8.7
502652,2558,P12,MS-SET-RTN3,1,84.0,25.2
502653,2558,P02,MS-CLN-CRM150,1,24.0,7.2
502654,2558,P13,MS-GIFT-SACHET,1,0.0,0.0
502655,2559,P03,MS-SER-VTC30,1,34.0,10.2
502656,2559,P06,MS-TRT-RET50,1,44.0,13.2
502657,2559,P04,MS-SER-HYA30,1,34.0,10.2
502658,2559,P13,MS-GIFT-SACHET,1,0.0,0.0
502659,2560,P02,MS-CLN-CRM150,1,24.0,3.6
502660,2560,P03,MS-SER-VTC30,1,34.0,5.1
502661,2561,P07,MS-MOI-SPF50,1,32.0,9.6
502662,2561,P06,MS-TRT-RET50,1,44.0,13.2
502663,2562,P04,MS-SER-HYA30,1,34.0,10.2
502664,2562,P10,MS-MSK-CLY100,1,26.0,7.8
502665,2563,P12,MS-SET-RTN3,1,84.0,0.0
502666,2563,P13,MS-GIFT-SACHET,1,0.0,0.0
502667,2564,P12,MS-SET-RTN3,1,84.0,25.2
502668,2564,P11,MS-BDY-LOT400,1,28.0,8.4
502669,2564,P13,MS-GIFT-SACHET,1,0.0,0.0
502670,2565,P12,MS-SET-RTN3,1,84.0,25.2
502671,2565,P04,MS-SER-HYA30,1,34.0,10.2
502672,2566,P02,MS-CLN-CRM150,1,24.0,7.2
502673,2566,P03,MS-SER-VTC30,1,34.0,10.2
502674,2567,P01,MS-CLN-GEL150,1,22.0,8.91
502675,2567,P04,MS-SER-HYA30,1,34.0,13.77
502676,2567,P03,MS-SER-VTC30,2,34.0,27.54
502677,2567,P13,MS-GIFT-SACHET,1,0.0,0.0
502678,2568,P02,MS-CLN-CRM150,1,24.0,7.2
502679,2568,P07,MS-MOI-SPF50,1,32.0,9.6
502680,2569,P03,MS-SER-VTC30,1,34.0,10.2
502681,2569,P12,MS-SET-RTN3,1,84.0,25.2
502682,2569,P05,MS-SER-NIA30,2,29.0,17.4
502683,2569,P13,MS-GIFT-SACHET,1,0.0,0.0
502684,2570,P07,MS-MOI-SPF50,1,32.0,9.6
502685,2570,P03,MS-SER-VTC30,1,34.0,10.2
502686,2571,P12,MS-SET-RTN3,1,84.0,25.2
502687,2571,P03,MS-SER-VTC30,1,34.0,10.2
502688,2572,P10,MS-MSK-CLY100,1,26.0,7.8
502689,2572,P03,MS-SER-VTC30,2,34.0,20.4
502690,2572,P13,MS-GIFT-SACHET,1,0.0,0.0
502691,2573,P03,MS-SER-VTC30,1,34.0,10.2
502692,2574,P06,MS-TRT-RET50,1,44.0,13.2
502693,2575,P12,MS-SET-RTN3,1,84.0,25.2
502694,2575,P04,MS-SER-HYA30,1,34.0,10.2
502695,2575,P13,MS-GIFT-SACHET,1,0.0,0.0
502696,2576,P05,MS-SER-NIA30,1,29.0,8.7
502697,2577,P04,MS-SER-HYA30,1,34.0,0.0
502698,2577,P12,MS-SET-RTN3,1,84.0,0.0
502699,2578,P11,MS-BDY-LOT400,1,28.0,8.4
502700,2578,P06,MS-TRT-RET50,1,44.0,13.2
502701,2579,P03,MS-SER-VTC30,1,34.0,10.2
502702,2580,P08,MS-MOI-BAR50,1,36.0,10.8
502703,2581,P04,MS-SER-HYA30,1,34.0,10.2
502704,2581,P12,MS-SET-RTN3,1,84.0,25.2
502705,2581,P03,MS-SER-VTC30,1,34.0,10.2
502706,2582,P04,MS-SER-HYA30,1,34.0,10.2
502707,2582,P03,MS-SER-VTC30,1,34.0,10.2
502708,2583,P03,MS-SER-VTC30,1,34.0,10.2
502709,2584,P10,MS-MSK-CLY100,1,26.0,7.8
502710,2584,P07,MS-MOI-SPF50,1,32.0,9.6
502711,2584,P12,MS-SET-RTN3,1,84.0,25.2
502712,2584,P13,MS-GIFT-SACHET,1,0.0,0.0
502713,2585,P02,MS-CLN-CRM150,1,24.0,7.2
502714,2585,P05,MS-SER-NIA30,1,29.0,8.7
502715,2586,P09,MS-EYE-015,1,30.0,9.0
502716,2586,P01,MS-CLN-GEL150,1,22.0,6.6
502717,2587,P03,MS-SER-VTC30,2,34.0,20.4
502718,2587,P01,MS-CLN-GEL150,1,22.0,6.6
502719,2587,P13,MS-GIFT-SACHET,1,0.0,0.0
502720,2588,P01,MS-CLN-GEL150,1,22.0,6.6
502721,2588,P08,MS-MOI-BAR50,1,36.0,10.8
502722,2588,P09,MS-EYE-015,1,30.0,9.0
502723,2588,P06,MS-TRT-RET50,1,44.0,13.2
502724,2588,P13,MS-GIFT-SACHET,1,0.0,0.0
502725,2589,P09,MS-EYE-015,1,30.0,9.0
502726,2589,P07,MS-MOI-SPF50,1,32.0,9.6
502727,2590,P09,MS-EYE-015,1,30.0,9.0
502728,2591,P02,MS-CLN-CRM150,1,24.0,7.2
502729,2592,P12,MS-SET-RTN3,1,84.0,25.2
502730,2593,P07,MS-MOI-SPF50,1,32.0,9.6
502731,2594,P04,MS-SER-HYA30,1,34.0,10.2
502732,2594,P01,MS-CLN-GEL150,1,22.0,6.6
502733,2594,P07,MS-MOI-SPF50,1,32.0,9.6
502734,2594,P03,MS-SER-VTC30,1,34.0,10.2
502735,2594,P13,MS-GIFT-SACHET,1,0.0,0.0
502736,2595,P01,MS-CLN-GEL150,1,22.0,2.64
502737,2596,P07,MS-MOI-SPF50,2,32.0,19.2
502738,2597,P07,MS-MOI-SPF50,1,32.0,9.6
502739,2598,P06,MS-TRT-RET50,1,44.0,13.2
502740,2598,P03,MS-SER-VTC30,2,34.0,20.4
502741,2598,P13,MS-GIFT-SACHET,1,0.0,0.0
502742,2599,P12,MS-SET-RTN3,1,84.0,25.2
502743,2599,P07,MS-MOI-SPF50,1,32.0,9.6
502744,2599,P04,MS-SER-HYA30,1,34.0,10.2
502745,2599,P09,MS-EYE-015,2,30.0,18.0
502746,2599,P13,MS-GIFT-SACHET,1,0.0,0.0
502747,2600,P08,MS-MOI-BAR50,1,36.0,10.8
502748,2600,P03,MS-SER-VTC30,1,34.0,10.2
502749,2601,P03,MS-SER-VTC30,1,34.0,10.2
502750,2601,P06,MS-TRT-RET50,1,44.0,13.2
502751,2601,P12,MS-SET-RTN3,1,84.0,25.2
502752,2601,P04,MS-SER-HYA30,1,34.0,10.2
502753,2601,P13,MS-GIFT-SACHET,1,0.0,0.0
502754,2602,P08,MS-MOI-BAR50,1,36.0,10.8
502755,2603,P03,MS-SER-VTC30,1,34.0,13.77
502756,2603,P12,MS-SET-RTN3,1,84.0,34.02
502757,2603,P13,MS-GIFT-SACHET,1,0.0,0.0
502758,2604,P07,MS-MOI-SPF50,1,32.0,9.6
502759,2604,P02,MS-CLN-CRM150,1,24.0,7.2
502760,2604,P04,MS-SER-HYA30,1,34.0,10.2
502761,2604,P13,MS-GIFT-SACHET,1,0.0,0.0
502762,2605,P08,MS-MOI-BAR50,1,36.0,10.8
502763,2606,P12,MS-SET-RTN3,1,84.0,25.2
502764,2606,P13,MS-GIFT-SACHET,1,0.0,0.0
502765,2607,P01,MS-CLN-GEL150,1,22.0,3.3
502766,2607,P03,MS-SER-VTC30,1,34.0,5.1
502767,2608,P12,MS-SET-RTN3,1,84.0,25.2
502768,2608,P01,MS-CLN-GEL150,1,22.0,6.6
502769,2609,P06,MS-TRT-RET50,1,44.0,13.2
502770,2609,P10,MS-MSK-CLY100,1,26.0,7.8
502771,2610,P05,MS-SER-NIA30,1,29.0,8.7
502772,2611,P02,MS-CLN-CRM150,1,24.0,7.2
502773,2611,P10,MS-MSK-CLY100,1,26.0,7.8
502774,2611,P03,MS-SER-VTC30,2,34.0,20.4
502775,2611,P11,MS-BDY-LOT400,2,28.0,16.8
502776,2611,P13,MS-GIFT-SACHET,1,0.0,0.0
502777,2612,P09,MS-EYE-015,1,30.0,9.0
502778,2613,P12,MS-SET-RTN3,1,84.0,25.2
502779,2613,P03,MS-SER-VTC30,1,34.0,10.2
502780,2613,P13,MS-GIFT-SACHET,1,0.0,0.0
502781,2614,P03,MS-SER-VTC30,1,34.0,10.2
502782,2614,P08,MS-MOI-BAR50,1,36.0,10.8
502783,2614,P04,MS-SER-HYA30,1,34.0,10.2
502784,2614,P13,MS-GIFT-SACHET,1,0.0,0.0
502785,2615,P06,MS-TRT-RET50,1,44.0,13.2
502786,2615,P08,MS-MOI-BAR50,1,36.0,10.8
502787,2616,P03,MS-SER-VTC30,1,34.0,10.2
502788,2616,P11,MS-BDY-LOT400,2,28.0,16.8
502789,2616,P13,MS-GIFT-SACHET,1,0.0,0.0
502790,2617,P08,MS-MOI-BAR50,1,36.0,14.58
502791,2617,P07,MS-MOI-SPF50,1,32.0,12.96
502792,2618,P04,MS-SER-HYA30,1,34.0,10.2
502793,2619,P03,MS-SER-VTC30,1,34.0,10.2
502794,2619,P10,MS-MSK-CLY100,1,26.0,7.8
502795,2619,P04,MS-SER-HYA30,1,34.0,10.2
502796,2619,P01,MS-CLN-GEL150,1,22.0,6.6
502797,2620,P01,MS-CLN-GEL150,1,22.0,6.6
502798,2620,P07,MS-MOI-SPF50,1,32.0,9.6
502799,2621,P01,MS-CLN-GEL150,1,22.0,6.6
502800,2622,P01,MS-CLN-GEL150,1,22.0,6.6
502801,2623,P05,MS-SER-NIA30,1,29.0,8.7
502802,2624,P10,MS-MSK-CLY100,2,26.0,21.06
502803,2624,P08,MS-MOI-BAR50,1,36.0,14.58
502804,2624,P13,MS-GIFT-SACHET,1,0.0,0.0
502805,2625,P12,MS-SET-RTN3,1,84.0,34.02
502806,2626,P03,MS-SER-VTC30,1,34.0,10.2
502807,2627,P11,MS-BDY-LOT400,1,28.0,8.4
502808,2627,P05,MS-SER-NIA30,1,29.0,8.7
502809,2627,P04,MS-SER-HYA30,2,34.0,20.4
502810,2627,P07,MS-MOI-SPF50,1,32.0,9.6
502811,2627,P13,MS-GIFT-SACHET,1,0.0,0.0
502812,2628,P01,MS-CLN-GEL150,1,22.0,6.6
502813,2629,P06,MS-TRT-RET50,1,44.0,13.2
502814,2630,P04,MS-SER-HYA30,1,34.0,10.2
502815,2630,P06,MS-TRT-RET50,1,44.0,13.2
502816,2630,P13,MS-GIFT-SACHET,1,0.0,0.0
502817,2631,P11,MS-BDY-LOT400,1,28.0,8.4
502818,2631,P03,MS-SER-VTC30,1,34.0,10.2
502819,2632,P01,MS-CLN-GEL150,1,22.0,6.6
502820,2632,P10,MS-MSK-CLY100,1,26.0,7.8
502821,2632,P12,MS-SET-RTN3,1,84.0,25.2
502822,2632,P13,MS-GIFT-SACHET,1,0.0,0.0
502823,2633,P01,MS-CLN-GEL150,1,22.0,6.6
502824,2633,P06,MS-TRT-RET50,1,44.0,13.2
502825,2634,P04,MS-SER-HYA30,1,34.0,10.2
502826,2634,P05,MS-SER-NIA30,1,29.0,8.7
502827,2634,P01,MS-CLN-GEL150,1,22.0,6.6
502828,2634,P13,MS-GIFT-SACHET,1,0.0,0.0
502829,2635,P02,MS-CLN-CRM150,1,24.0,7.2
502830,2636,P12,MS-SET-RTN3,1,84.0,25.2
502831,2636,P06,MS-TRT-RET50,1,44.0,13.2
502832,2636,P09,MS-EYE-015,1,30.0,9.0
502833,2637,P03,MS-SER-VTC30,1,34.0,10.2
502834,2637,P04,MS-SER-HYA30,1,34.0,10.2
502835,2637,P06,MS-TRT-RET50,1,44.0,13.2
502836,2637,P10,MS-MSK-CLY100,1,26.0,7.8
502837,2637,P13,MS-GIFT-SACHET,1,0.0,0.0
502838,2638,P06,MS-TRT-RET50,1,44.0,13.2
502839,2638,P10,MS-MSK-CLY100,1,26.0,7.8
502840,2638,P04,MS-SER-HYA30,1,34.0,10.2
502841,2638,P08,MS-MOI-BAR50,1,36.0,10.8
502842,2638,P13,MS-GIFT-SACHET,1,0.0,0.0
502843,2639,P11,MS-BDY-LOT400,2,28.0,16.8
502844,2640,P09,MS-EYE-015,1,30.0,9.0
502845,2641,P04,MS-SER-HYA30,2,34.0,20.4
502846,2641,P08,MS-MOI-BAR50,1,36.0,10.8
502847,2641,P02,MS-CLN-CRM150,2,24.0,14.4
502848,2641,P13,MS-GIFT-SACHET,1,0.0,0.0
502849,2642,P11,MS-BDY-LOT400,1,28.0,8.4
502850,2642,P03,MS-SER-VTC30,1,34.0,10.2
502851,2643,P01,MS-CLN-GEL150,1,22.0,3.3
502852,2644,P05,MS-SER-NIA30,1,29.0,8.7
502853,2645,P03,MS-SER-VTC30,1,34.0,10.2
502854,2645,P07,MS-MOI-SPF50,1,32.0,9.6
502855,2646,P03,MS-SER-VTC30,1,34.0,0.0
502856,2647,P04,MS-SER-HYA30,1,34.0,10.2
502857,2647,P01,MS-CLN-GEL150,1,22.0,6.6
502858,2648,P06,MS-TRT-RET50,1,44.0,13.2
502859,2649,P07,MS-MOI-SPF50,2,32.0,19.2
502860,2649,P08,MS-MOI-BAR50,1,36.0,10.8
502861,2649,P13,MS-GIFT-SACHET,1,0.0,0.0
502862,2650,P11,MS-BDY-LOT400,1,28.0,8.4
502863,2651,P09,MS-EYE-015,1,30.0,9.0
502864,2651,P04,MS-SER-HYA30,1,34.0,10.2
502865,2652,P12,MS-SET-RTN3,1,84.0,25.2
502866,2652,P13,MS-GIFT-SACHET,1,0.0,0.0
502867,2653,P03,MS-SER-VTC30,1,34.0,10.2
502868,2653,P12,MS-SET-RTN3,1,84.0,25.2
502869,2653,P13,MS-GIFT-SACHET,1,0.0,0.0
502870,2654,P01,MS-CLN-GEL150,1,22.0,6.6
502871,2655,P03,MS-SER-VTC30,2,34.0,20.4
502872,2656,P08,MS-MOI-BAR50,1,36.0,0.0
502873,2657,P05,MS-SER-NIA30,1,29.0,8.7
502874,2657,P12,MS-SET-RTN3,1,84.0,25.2
502875,2657,P13,MS-GIFT-SACHET,1,0.0,0.0
502876,2658,P08,MS-MOI-BAR50,1,36.0,14.58
502877,2658,P06,MS-TRT-RET50,1,44.0,17.82
502878,2658,P02,MS-CLN-CRM150,1,24.0,9.72
502879,2658,P13,MS-GIFT-SACHET,1,0.0,0.0
502880,2659,P02,MS-CLN-CRM150,1,24.0,7.2
502881,2660,P06,MS-TRT-RET50,1,44.0,13.2
502882,2661,P01,MS-CLN-GEL150,1,22.0,2.2
502883,2662,P11,MS-BDY-LOT400,1,28.0,8.4
502884,2662,P10,MS-MSK-CLY100,1,26.0,7.8
502885,2662,P03,MS-SER-VTC30,1,34.0,10.2
502886,2662,P02,MS-CLN-CRM150,1,24.0,7.2
502887,2662,P13,MS-GIFT-SACHET,1,0.0,0.0
502888,2663,P05,MS-SER-NIA30,1,29.0,8.7
502889,2663,P09,MS-EYE-015,1,30.0,9.0
502890,2664,P06,MS-TRT-RET50,1,44.0,0.0
502891,2665,P11,MS-BDY-LOT400,1,28.0,8.4
502892,2665,P05,MS-SER-NIA30,1,29.0,8.7
502893,2666,P07,MS-MOI-SPF50,2,32.0,19.2
502894,2667,P03,MS-SER-VTC30,2,34.0,20.4
502895,2667,P04,MS-SER-HYA30,1,34.0,10.2
502896,2667,P06,MS-TRT-RET50,1,44.0,13.2
502897,2667,P13,MS-GIFT-SACHET,1,0.0,0.0
502898,2668,P03,MS-SER-VTC30,2,34.0,20.4
502899,2668,P01,MS-CLN-GEL150,1,22.0,6.6
502900,2668,P05,MS-SER-NIA30,1,29.0,8.7
502901,2668,P13,MS-GIFT-SACHET,1,0.0,0.0
502902,2669,P01,MS-CLN-GEL150,1,22.0,6.6
502903,2669,P03,MS-SER-VTC30,1,34.0,10.2
502904,2669,P06,MS-TRT-RET50,1,44.0,13.2
502905,2669,P13,MS-GIFT-SACHET,1,0.0,0.0
502906,2670,P11,MS-BDY-LOT400,1,28.0,4.2
502907,2671,P03,MS-SER-VTC30,1,34.0,10.2
502908,2672,P07,MS-MOI-SPF50,1,32.0,9.6
502909,2672,P10,MS-MSK-CLY100,1,26.0,7.8
502910,2672,P12,MS-SET-RTN3,1,84.0,25.2
502911,2672,P13,MS-GIFT-SACHET,1,0.0,0.0
502912,2673,P04,MS-SER-HYA30,1,34.0,10.2
502913,2674,P08,MS-MOI-BAR50,1,36.0,10.8
502914,2674,P01,MS-CLN-GEL150,1,22.0,6.6
502915,2675,P01,MS-CLN-GEL150,2,22.0,0.0
502916,2676,P03,MS-SER-VTC30,1,34.0,10.2
502917,2676,P07,MS-MOI-SPF50,1,32.0,9.6
502918,2676,P10,MS-MSK-CLY100,2,26.0,15.6
502919,2676,P13,MS-GIFT-SACHET,1,0.0,0.0
502920,2677,P05,MS-SER-NIA30,1,29.0,8.7
502921,2678,P05,MS-SER-NIA30,1,29.0,11.74
502922,2678,P04,MS-SER-HYA30,1,34.0,13.78
502923,2679,P09,MS-EYE-015,1,30.0,9.0
502924,2680,P10,MS-MSK-CLY100,2,26.0,7.8
502925,2681,P03,MS-SER-VTC30,1,34.0,10.2
502926,2681,P01,MS-CLN-GEL150,1,22.0,6.6
502927,2682,P12,MS-SET-RTN3,1,84.0,25.2
502928,2682,P03,MS-SER-VTC30,1,34.0,10.2
502929,2682,P13,MS-GIFT-SACHET,1,0.0,0.0
502930,2683,P04,MS-SER-HYA30,2,34.0,20.4
502931,2684,P11,MS-BDY-LOT400,1,28.0,8.4
502932,2685,P04,MS-SER-HYA30,1,34.0,10.2
502933,2685,P12,MS-SET-RTN3,1,84.0,25.2
502934,2686,P09,MS-EYE-015,1,30.0,9.0
502935,2687,P06,MS-TRT-RET50,1,44.0,6.6
502936,2687,P10,MS-MSK-CLY100,1,26.0,3.9
502937,2687,P03,MS-SER-VTC30,2,34.0,10.2
502938,2687,P13,MS-GIFT-SACHET,1,0.0,0.0
502939,2688,P02,MS-CLN-CRM150,1,24.0,7.2
502940,2689,P12,MS-SET-RTN3,1,84.0,25.2
502941,2689,P13,MS-GIFT-SACHET,1,0.0,0.0
502942,2690,P06,MS-TRT-RET50,1,44.0,13.2
502943,2691,P06,MS-TRT-RET50,1,44.0,0.0
502944,2691,P03,MS-SER-VTC30,1,34.0,0.0
502945,2691,P13,MS-GIFT-SACHET,1,0.0,0.0
502946,2692,P05,MS-SER-NIA30,1,29.0,0.0
502947,2692,P03,MS-SER-VTC30,2,34.0,0.0
502948,2692,P13,MS-GIFT-SACHET,1,0.0,0.0
502949,2693,P05,MS-SER-NIA30,1,29.0,8.7
502950,2694,P10,MS-MSK-CLY100,1,26.0,7.8
502951,2694,P04,MS-SER-HYA30,1,34.0,10.2
502952,2695,P12,MS-SET-RTN3,1,84.0,25.2
502953,2695,P13,MS-GIFT-SACHET,1,0.0,0.0
502954,2696,P02,MS-CLN-CRM150,1,24.0,0.0
502955,2697,P08,MS-MOI-BAR50,1,36.0,10.8
502956,2697,P12,MS-SET-RTN3,1,84.0,25.2
502957,2697,P03,MS-SER-VTC30,1,34.0,10.2
502958,2697,P13,MS-GIFT-SACHET,1,0.0,0.0
502959,2698,P01,MS-CLN-GEL150,1,22.0,6.6
502960,2698,P05,MS-SER-NIA30,1,29.0,8.7
502961,2698,P04,MS-SER-HYA30,2,34.0,20.4
502962,2698,P13,MS-GIFT-SACHET,1,0.0,0.0
502963,2699,P08,MS-MOI-BAR50,1,36.0,10.8
502964,2699,P01,MS-CLN-GEL150,1,22.0,6.6
502965,2699,P12,MS-SET-RTN3,1,84.0,25.2
502966,2699,P13,MS-GIFT-SACHET,1,0.0,0.0
502967,2700,P03,MS-SER-VTC30,1,34.0,10.2
502968,2701,P10,MS-MSK-CLY100,1,26.0,7.8
502969,2701,P07,MS-MOI-SPF50,2,32.0,19.2
502970,2701,P12,MS-SET-RTN3,1,84.0,25.2
502971,2701,P13,MS-GIFT-SACHET,1,0.0,0.0
502972,2702,P06,MS-TRT-RET50,1,44.0,13.2
502973,2702,P07,MS-MOI-SPF50,1,32.0,9.6
502974,2703,P01,MS-CLN-GEL150,1,22.0,8.91
502975,2704,P06,MS-TRT-RET50,1,44.0,13.2
502976,2705,P06,MS-TRT-RET50,1,44.0,13.2
502977,2706,P05,MS-SER-NIA30,1,29.0,8.7
502978,2706,P04,MS-SER-HYA30,1,34.0,10.2
502979,2707,P11,MS-BDY-LOT400,1,28.0,8.4
502980,2707,P01,MS-CLN-GEL150,1,22.0,6.6
502981,2708,P04,MS-SER-HYA30,1,34.0,10.2
502982,2708,P01,MS-CLN-GEL150,1,22.0,6.6
502983,2708,P08,MS-MOI-BAR50,1,36.0,10.8
502984,2708,P03,MS-SER-VTC30,1,34.0,10.2
502985,2708,P13,MS-GIFT-SACHET,1,0.0,0.0
502986,2709,P06,MS-TRT-RET50,2,44.0,0.0
502987,2709,P13,MS-GIFT-SACHET,1,0.0,0.0
502988,2710,P03,MS-SER-VTC30,1,34.0,10.2
502989,2710,P07,MS-MOI-SPF50,1,32.0,9.6
502990,2710,P10,MS-MSK-CLY100,1,26.0,7.8
502991,2710,P13,MS-GIFT-SACHET,1,0.0,0.0
502992,2711,P03,MS-SER-VTC30,1,34.0,10.2
502993,2711,P12,MS-SET-RTN3,1,84.0,25.2
502994,2711,P07,MS-MOI-SPF50,1,32.0,9.6
502995,2711,P11,MS-BDY-LOT400,1,28.0,8.4
502996,2711,P13,MS-GIFT-SACHET,1,0.0,0.0
502997,2712,P04,MS-SER-HYA30,1,34.0,10.2
502998,2712,P03,MS-SER-VTC30,1,34.0,10.2
502999,2712,P01,MS-CLN-GEL150,1,22.0,6.6
503000,2712,P12,MS-SET-RTN3,1,84.0,25.2
503001,2713,P11,MS-BDY-LOT400,1,28.0,8.4
503002,2714,P02,MS-CLN-CRM150,1,24.0,7.2
503003,2714,P07,MS-MOI-SPF50,2,32.0,19.2
503004,2714,P04,MS-SER-HYA30,1,34.0,10.2
503005,2715,P09,MS-EYE-015,2,30.0,18.0
503006,2715,P04,MS-SER-HYA30,2,34.0,20.4
503007,2715,P13,MS-GIFT-SACHET,1,0.0,0.0
503008,2716,P08,MS-MOI-BAR50,1,36.0,10.8
503009,2716,P05,MS-SER-NIA30,1,29.0,8.7
503010,2717,P07,MS-MOI-SPF50,1,32.0,9.6
503011,2718,P12,MS-SET-RTN3,1,84.0,25.2
503012,2718,P13,MS-GIFT-SACHET,1,0.0,0.0
503013,2719,P03,MS-SER-VTC30,1,34.0,10.2
503014,2719,P07,MS-MOI-SPF50,1,32.0,9.6
503015,2719,P10,MS-MSK-CLY100,1,26.0,7.8
503016,2720,P04,MS-SER-HYA30,1,34.0,10.2
503017,2721,P05,MS-SER-NIA30,1,29.0,8.7
503018,2721,P01,MS-CLN-GEL150,1,22.0,6.6
503019,2722,P12,MS-SET-RTN3,1,84.0,0.0
503020,2723,P11,MS-BDY-LOT400,1,28.0,8.4
503021,2724,P01,MS-CLN-GEL150,1,22.0,6.6
503022,2724,P08,MS-MOI-BAR50,1,36.0,10.8
503023,2724,P03,MS-SER-VTC30,1,34.0,10.2
503024,2724,P13,MS-GIFT-SACHET,1,0.0,0.0
503025,2725,P04,MS-SER-HYA30,1,34.0,10.2
503026,2725,P01,MS-CLN-GEL150,1,22.0,6.6
503027,2725,P03,MS-SER-VTC30,1,34.0,10.2
503028,2725,P13,MS-GIFT-SACHET,1,0.0,0.0
503029,2726,P06,MS-TRT-RET50,2,44.0,26.4
503030,2726,P12,MS-SET-RTN3,1,84.0,25.2
503031,2726,P13,MS-GIFT-SACHET,1,0.0,0.0
503032,2727,P03,MS-SER-VTC30,1,34.0,10.2
503033,2728,P01,MS-CLN-GEL150,2,22.0,13.2
503034,2728,P06,MS-TRT-RET50,1,44.0,13.2
503035,2728,P13,MS-GIFT-SACHET,1,0.0,0.0
503036,2729,P01,MS-CLN-GEL150,1,22.0,3.3
503037,2730,P04,MS-SER-HYA30,1,34.0,10.2
503038,2731,P07,MS-MOI-SPF50,1,32.0,9.6
503039,2731,P06,MS-TRT-RET50,2,44.0,26.4
503040,2731,P04,MS-SER-HYA30,1,34.0,10.2
503041,2732,P10,MS-MSK-CLY100,1,26.0,10.53
503042,2733,P05,MS-SER-NIA30,1,29.0,8.7
503043,2734,P07,MS-MOI-SPF50,1,32.0,9.6
503044,2734,P06,MS-TRT-RET50,2,44.0,26.4
503045,2734,P04,MS-SER-HYA30,1,34.0,10.2
503046,2734,P03,MS-SER-VTC30,1,34.0,10.2
503047,2734,P13,MS-GIFT-SACHET,1,0.0,0.0
503048,2735,P06,MS-TRT-RET50,2,44.0,26.4
503049,2735,P13,MS-GIFT-SACHET,1,0.0,0.0
503050,2736,P09,MS-EYE-015,1,30.0,9.0
503051,2737,P04,MS-SER-HYA30,1,34.0,10.2
503052,2738,P07,MS-MOI-SPF50,1,32.0,9.6
503053,2739,P05,MS-SER-NIA30,1,29.0,8.7
503054,2740,P08,MS-MOI-BAR50,1,36.0,10.8
503055,2740,P04,MS-SER-HYA30,1,34.0,10.2
503056,2740,P05,MS-SER-NIA30,1,29.0,8.7
503057,2740,P13,MS-GIFT-SACHET,1,0.0,0.0
503058,2741,P03,MS-SER-VTC30,1,34.0,10.2
503059,2741,P06,MS-TRT-RET50,1,44.0,13.2
503060,2741,P13,MS-GIFT-SACHET,1,0.0,0.0
503061,2742,P12,MS-SET-RTN3,1,84.0,25.2
503062,2742,P06,MS-TRT-RET50,1,44.0,13.2
503063,2742,P13,MS-GIFT-SACHET,1,0.0,0.0
503064,2743,P12,MS-SET-RTN3,1,84.0,34.02
503065,2743,P05,MS-SER-NIA30,1,29.0,11.74
503066,2743,P13,MS-GIFT-SACHET,1,0.0,0.0
503067,2744,P08,MS-MOI-BAR50,1,36.0,10.8
503068,2745,P12,MS-SET-RTN3,1,84.0,25.2
503069,2745,P13,MS-GIFT-SACHET,1,0.0,0.0
503070,2746,P08,MS-MOI-BAR50,1,36.0,5.4
503071,2746,P07,MS-MOI-SPF50,1,32.0,4.8
503072,2747,P01,MS-CLN-GEL150,1,22.0,6.6
503073,2747,P03,MS-SER-VTC30,1,34.0,10.2
503074,2747,P06,MS-TRT-RET50,1,44.0,13.2
503075,2747,P13,MS-GIFT-SACHET,1,0.0,0.0
503076,2748,P04,MS-SER-HYA30,1,34.0,10.2
503077,2749,P12,MS-SET-RTN3,1,84.0,25.2
503078,2749,P13,MS-GIFT-SACHET,1,0.0,0.0
503079,2750,P05,MS-SER-NIA30,1,29.0,0.0
503080,2750,P01,MS-CLN-GEL150,1,22.0,0.0
503081,2750,P04,MS-SER-HYA30,1,34.0,0.0
503082,2750,P09,MS-EYE-015,1,30.0,0.0
503083,2750,P13,MS-GIFT-SACHET,1,0.0,0.0
503084,2751,P04,MS-SER-HYA30,1,34.0,10.2
503085,2752,P07,MS-MOI-SPF50,1,32.0,9.6
503086,2753,P12,MS-SET-RTN3,1,84.0,25.2
503087,2753,P06,MS-TRT-RET50,1,44.0,13.2
503088,2753,P03,MS-SER-VTC30,1,34.0,10.2
503089,2754,P08,MS-MOI-BAR50,1,36.0,10.8
503090,2754,P01,MS-CLN-GEL150,1,22.0,6.6
503091,2755,P05,MS-SER-NIA30,1,29.0,8.7
503092,2756,P07,MS-MOI-SPF50,1,32.0,9.6
503093,2756,P05,MS-SER-NIA30,1,29.0,8.7
503094,2757,P12,MS-SET-RTN3,1,84.0,0.0
503095,2757,P13,MS-GIFT-SACHET,1,0.0,0.0
503096,2758,P07,MS-MOI-SPF50,1,32.0,9.6
503097,2758,P02,MS-CLN-CRM150,1,24.0,7.2
503098,2758,P05,MS-SER-NIA30,1,29.0,8.7
503099,2758,P06,MS-TRT-RET50,1,44.0,13.2
503100,2758,P13,MS-GIFT-SACHET,1,0.0,0.0
503101,2759,P08,MS-MOI-BAR50,1,36.0,10.8
503102,2759,P01,MS-CLN-GEL150,1,22.0,6.6
503103,2759,P10,MS-MSK-CLY100,1,26.0,7.8
503104,2759,P13,MS-GIFT-SACHET,1,0.0,0.0
503105,2760,P03,MS-SER-VTC30,1,34.0,10.2
503106,2760,P07,MS-MOI-SPF50,2,32.0,19.2
503107,2760,P01,MS-CLN-GEL150,1,22.0,6.6
503108,2760,P13,MS-GIFT-SACHET,1,0.0,0.0
503109,2761,P12,MS-SET-RTN3,1,84.0,25.2
503110,2761,P13,MS-GIFT-SACHET,1,0.0,0.0
503111,2762,P06,MS-TRT-RET50,1,44.0,13.2
503112,2762,P04,MS-SER-HYA30,1,34.0,10.2
503113,2762,P13,MS-GIFT-SACHET,1,0.0,0.0
503114,2763,P12,MS-SET-RTN3,1,84.0,34.02
503115,2763,P03,MS-SER-VTC30,1,34.0,13.77
503116,2764,P05,MS-SER-NIA30,1,29.0,8.7
503117,2764,P08,MS-MOI-BAR50,1,36.0,10.8
503118,2764,P03,MS-SER-VTC30,1,34.0,10.2
503119,2764,P13,MS-GIFT-SACHET,1,0.0,0.0
503120,2765,P05,MS-SER-NIA30,1,29.0,8.7
503121,2765,P03,MS-SER-VTC30,1,34.0,10.2
503122,2766,P04,MS-SER-HYA30,1,34.0,0.0
503123,2766,P06,MS-TRT-RET50,1,44.0,0.0
600007,2766,P04,MS-SER-HYA30,1,34.0,0.0
503124,2767,P10,MS-MSK-CLY100,1,26.0,10.53
503125,2767,P05,MS-SER-NIA30,1,29.0,11.75
503126,2768,P01,MS-CLN-GEL150,1,22.0,6.6
503127,2768,P03,MS-SER-VTC30,2,34.0,20.4
503128,2768,P13,MS-GIFT-SACHET,1,0.0,0.0
503129,2769,P02,MS-CLN-CRM150,1,24.0,7.2
503130,2769,P06,MS-TRT-RET50,1,44.0,13.2
503131,2770,P07,MS-MOI-SPF50,1,32.0,12.96
503132,2770,P12,MS-SET-RTN3,1,84.0,34.02
503133,2770,P03,MS-SER-VTC30,1,34.0,13.77
503134,2770,P01,MS-CLN-GEL150,1,22.0,8.91
503135,2770,P13,MS-GIFT-SACHET,1,0.0,0.0
503136,2771,P05,MS-SER-NIA30,1,29.0,8.7
503137,2771,P01,MS-CLN-GEL150,2,22.0,13.2
503138,2772,P08,MS-MOI-BAR50,1,36.0,10.8
503139,2773,P02,MS-CLN-CRM150,1,24.0,7.2
503140,2774,P03,MS-SER-VTC30,1,34.0,10.2
503141,2775,P05,MS-SER-NIA30,1,29.0,8.7
503142,2775,P10,MS-MSK-CLY100,1,26.0,7.8
503143,2776,P01,MS-CLN-GEL150,2,22.0,17.82
503144,2777,P03,MS-SER-VTC30,1,34.0,10.2
503145,2777,P04,MS-SER-HYA30,1,34.0,10.2
503146,2778,P09,MS-EYE-015,1,30.0,9.0
503147,2778,P03,MS-SER-VTC30,1,34.0,10.2
503148,2779,P04,MS-SER-HYA30,1,34.0,10.2
503149,2779,P12,MS-SET-RTN3,1,84.0,25.2
503150,2779,P01,MS-CLN-GEL150,2,22.0,13.2
503151,2779,P13,MS-GIFT-SACHET,1,0.0,0.0
503152,2780,P05,MS-SER-NIA30,1,29.0,8.7
503153,2781,P12,MS-SET-RTN3,1,84.0,25.2
503154,2781,P13,MS-GIFT-SACHET,1,0.0,0.0
503155,2782,P06,MS-TRT-RET50,1,44.0,13.2
503156,2783,P08,MS-MOI-BAR50,1,36.0,10.8
503157,2783,P03,MS-SER-VTC30,1,34.0,10.2
503158,2783,P02,MS-CLN-CRM150,1,24.0,7.2
503159,2783,P13,MS-GIFT-SACHET,1,0.0,0.0
503160,2784,P02,MS-CLN-CRM150,1,24.0,7.2
503161,2785,P10,MS-MSK-CLY100,1,26.0,7.8
503162,2786,P07,MS-MOI-SPF50,1,32.0,9.6
503163,2786,P09,MS-EYE-015,1,30.0,9.0
503164,2787,P01,MS-CLN-GEL150,1,22.0,3.3
503165,2787,P06,MS-TRT-RET50,1,44.0,6.6
503166,2787,P05,MS-SER-NIA30,1,29.0,4.35
503167,2787,P08,MS-MOI-BAR50,1,36.0,5.4
503168,2787,P13,MS-GIFT-SACHET,1,0.0,0.0
503169,2788,P04,MS-SER-HYA30,1,34.0,10.2
503170,2788,P03,MS-SER-VTC30,1,34.0,10.2
503171,2789,P03,MS-SER-VTC30,1,34.0,10.2
503172,2789,P12,MS-SET-RTN3,1,84.0,25.2
503173,2789,P13,MS-GIFT-SACHET,1,0.0,0.0
503174,2790,P11,MS-BDY-LOT400,2,28.0,16.8
503175,2790,P10,MS-MSK-CLY100,1,26.0,7.8
503176,2790,P07,MS-MOI-SPF50,1,32.0,9.6
503177,2790,P13,MS-GIFT-SACHET,1,0.0,0.0
503178,2791,P09,MS-EYE-015,1,30.0,0.0
503179,2792,P05,MS-SER-NIA30,2,29.0,8.7
503180,2793,P10,MS-MSK-CLY100,1,26.0,7.8
503181,2794,P03,MS-SER-VTC30,1,34.0,5.1
503182,2795,P04,MS-SER-HYA30,1,34.0,10.2
503183,2795,P11,MS-BDY-LOT400,1,28.0,8.4
503184,2796,P01,MS-CLN-GEL150,1,22.0,6.6
503185,2796,P05,MS-SER-NIA30,1,29.0,8.7
503186,2797,P06,MS-TRT-RET50,1,44.0,13.2
503187,2797,P12,MS-SET-RTN3,1,84.0,25.2
503188,2797,P07,MS-MOI-SPF50,1,32.0,9.6
503189,2797,P13,MS-GIFT-SACHET,1,0.0,0.0
503190,2798,P03,MS-SER-VTC30,1,34.0,10.2
503191,2799,P10,MS-MSK-CLY100,1,26.0,7.8
503192,2799,P03,MS-SER-VTC30,1,34.0,10.2
503193,2800,P10,MS-MSK-CLY100,1,26.0,7.8
503194,2800,P03,MS-SER-VTC30,1,34.0,10.2
503195,2800,P12,MS-SET-RTN3,1,84.0,25.2
503196,2800,P05,MS-SER-NIA30,1,29.0,8.7
503197,2801,P07,MS-MOI-SPF50,2,32.0,19.2
503198,2802,P08,MS-MOI-BAR50,1,36.0,10.8
503199,2803,P07,MS-MOI-SPF50,2,32.0,19.2
503200,2803,P01,MS-CLN-GEL150,1,22.0,6.6
503201,2803,P13,MS-GIFT-SACHET,1,0.0,0.0
503202,2804,P11,MS-BDY-LOT400,1,28.0,8.4
503203,2804,P06,MS-TRT-RET50,1,44.0,13.2
503204,2805,P03,MS-SER-VTC30,1,34.0,10.2
503205,2805,P06,MS-TRT-RET50,1,44.0,13.2
503206,2805,P10,MS-MSK-CLY100,1,26.0,7.8
503207,2805,P13,MS-GIFT-SACHET,1,0.0,0.0
503208,2806,P12,MS-SET-RTN3,1,84.0,25.2
503209,2806,P05,MS-SER-NIA30,1,29.0,8.7
503210,2806,P13,MS-GIFT-SACHET,1,0.0,0.0
503211,2807,P04,MS-SER-HYA30,1,34.0,10.2
503212,2807,P05,MS-SER-NIA30,1,29.0,8.7
503213,2808,P03,MS-SER-VTC30,1,34.0,10.2
503214,2809,P04,MS-SER-HYA30,2,34.0,20.4
503215,2810,P01,MS-CLN-GEL150,1,22.0,6.6
503216,2810,P12,MS-SET-RTN3,1,84.0,25.2
503217,2810,P13,MS-GIFT-SACHET,1,0.0,0.0
503218,2811,P01,MS-CLN-GEL150,1,22.0,6.6
503219,2811,P03,MS-SER-VTC30,1,34.0,10.2
503220,2812,P03,MS-SER-VTC30,1,34.0,10.2
503221,2813,P10,MS-MSK-CLY100,1,26.0,0.0
503222,2813,P08,MS-MOI-BAR50,1,36.0,0.0
503223,2814,P10,MS-MSK-CLY100,1,26.0,7.8
503224,2814,P08,MS-MOI-BAR50,2,36.0,21.6
503225,2814,P13,MS-GIFT-SACHET,1,0.0,0.0
503226,2815,P03,MS-SER-VTC30,1,34.0,10.2
503227,2815,P10,MS-MSK-CLY100,1,26.0,7.8
503228,2816,P12,MS-SET-RTN3,1,84.0,25.2
503229,2816,P10,MS-MSK-CLY100,1,26.0,7.8
503230,2816,P13,MS-GIFT-SACHET,1,0.0,0.0
503231,2817,P01,MS-CLN-GEL150,1,22.0,6.6
503232,2818,P06,MS-TRT-RET50,1,44.0,13.2
503233,2819,P05,MS-SER-NIA30,1,29.0,8.7
503234,2819,P03,MS-SER-VTC30,1,34.0,10.2
503235,2820,P02,MS-CLN-CRM150,1,24.0,7.2
503236,2820,P08,MS-MOI-BAR50,1,36.0,10.8
503237,2821,P10,MS-MSK-CLY100,1,26.0,7.8
503238,2821,P06,MS-TRT-RET50,2,44.0,26.4
503239,2821,P13,MS-GIFT-SACHET,1,0.0,0.0
503240,2822,P04,MS-SER-HYA30,1,34.0,10.2
503241,2822,P06,MS-TRT-RET50,1,44.0,13.2
503242,2822,P07,MS-MOI-SPF50,1,32.0,9.6
503243,2822,P13,MS-GIFT-SACHET,1,0.0,0.0
503244,2823,P01,MS-CLN-GEL150,1,22.0,6.6
503245,2823,P03,MS-SER-VTC30,1,34.0,10.2
503246,2823,P10,MS-MSK-CLY100,1,26.0,7.8
503247,2824,P01,MS-CLN-GEL150,1,22.0,6.6
503248,2824,P07,MS-MOI-SPF50,2,32.0,19.2
503249,2824,P13,MS-GIFT-SACHET,1,0.0,0.0
503250,2825,P06,MS-TRT-RET50,1,44.0,13.2
503251,2825,P01,MS-CLN-GEL150,1,22.0,6.6
503252,2826,P12,MS-SET-RTN3,1,84.0,25.2
503253,2826,P06,MS-TRT-RET50,1,44.0,13.2
503254,2826,P13,MS-GIFT-SACHET,1,0.0,0.0
503255,2827,P04,MS-SER-HYA30,1,34.0,10.2
503256,2827,P03,MS-SER-VTC30,2,34.0,20.4
503257,2828,P12,MS-SET-RTN3,1,84.0,25.2
503258,2828,P07,MS-MOI-SPF50,1,32.0,9.6
503259,2829,P01,MS-CLN-GEL150,1,22.0,0.0
503260,2829,P06,MS-TRT-RET50,1,44.0,0.0
503261,2830,P02,MS-CLN-CRM150,1,24.0,7.2
503262,2831,P07,MS-MOI-SPF50,1,32.0,9.6
503263,2832,P03,MS-SER-VTC30,1,34.0,10.2
503264,2833,P12,MS-SET-RTN3,1,84.0,0.0
503265,2833,P05,MS-SER-NIA30,1,29.0,0.0
503266,2833,P13,MS-GIFT-SACHET,1,0.0,0.0
503267,2834,P04,MS-SER-HYA30,1,34.0,10.2
503268,2835,P05,MS-SER-NIA30,1,29.0,8.7
503269,2835,P11,MS-BDY-LOT400,1,28.0,8.4
503270,2835,P06,MS-TRT-RET50,1,44.0,13.2
503271,2836,P10,MS-MSK-CLY100,1,26.0,7.8
503272,2837,P06,MS-TRT-RET50,1,44.0,13.2
503273,2837,P08,MS-MOI-BAR50,1,36.0,10.8
503274,2837,P03,MS-SER-VTC30,1,34.0,10.2
503275,2837,P13,MS-GIFT-SACHET,1,0.0,0.0
503276,2838,P05,MS-SER-NIA30,1,29.0,11.74
503277,2839,P05,MS-SER-NIA30,1,29.0,8.7
503278,2840,P03,MS-SER-VTC30,1,34.0,13.77
503279,2840,P11,MS-BDY-LOT400,1,28.0,11.34
503280,2840,P01,MS-CLN-GEL150,2,22.0,17.830000000000002
503281,2840,P05,MS-SER-NIA30,1,29.0,11.74
503282,2840,P13,MS-GIFT-SACHET,1,0.0,0.0
503283,2841,P07,MS-MOI-SPF50,1,32.0,9.6
503284,2842,P07,MS-MOI-SPF50,1,32.0,9.6
503285,2842,P03,MS-SER-VTC30,1,34.0,10.2
503286,2842,P12,MS-SET-RTN3,1,84.0,25.2
503287,2843,P07,MS-MOI-SPF50,1,32.0,0.0
503288,2844,P05,MS-SER-NIA30,1,29.0,8.7
503289,2844,P03,MS-SER-VTC30,1,34.0,10.2
503290,2845,P03,MS-SER-VTC30,1,34.0,10.2
503291,2846,P12,MS-SET-RTN3,1,84.0,25.2
503292,2846,P13,MS-GIFT-SACHET,1,0.0,0.0
503293,2847,P04,MS-SER-HYA30,1,34.0,10.2
503294,2847,P06,MS-TRT-RET50,1,44.0,13.2
503295,2847,P13,MS-GIFT-SACHET,1,0.0,0.0
503296,2848,P07,MS-MOI-SPF50,1,32.0,9.6
503297,2849,P04,MS-SER-HYA30,1,34.0,10.2
503298,2849,P03,MS-SER-VTC30,1,34.0,10.2
503299,2849,P08,MS-MOI-BAR50,1,36.0,10.8
503300,2849,P13,MS-GIFT-SACHET,1,0.0,0.0
503301,2850,P01,MS-CLN-GEL150,1,22.0,6.6
503302,2850,P09,MS-EYE-015,1,30.0,9.0
503303,2851,P05,MS-SER-NIA30,1,29.0,8.7
503304,2852,P05,MS-SER-NIA30,1,29.0,8.7
503305,2852,P03,MS-SER-VTC30,1,34.0,10.2
503306,2853,P04,MS-SER-HYA30,1,34.0,10.2
503307,2853,P10,MS-MSK-CLY100,1,26.0,7.8
503308,2854,P12,MS-SET-RTN3,1,84.0,25.2
503309,2854,P07,MS-MOI-SPF50,1,32.0,9.6
503310,2854,P06,MS-TRT-RET50,1,44.0,13.2
503311,2855,P06,MS-TRT-RET50,1,44.0,13.2
503312,2855,P10,MS-MSK-CLY100,1,26.0,7.8
503313,2855,P05,MS-SER-NIA30,1,29.0,8.7
503314,2855,P01,MS-CLN-GEL150,2,22.0,13.2
503315,2855,P13,MS-GIFT-SACHET,1,0.0,0.0
503316,2856,P01,MS-CLN-GEL150,2,22.0,13.2
503317,2856,P10,MS-MSK-CLY100,1,26.0,7.8
503318,2857,P12,MS-SET-RTN3,1,84.0,34.02
503319,2857,P01,MS-CLN-GEL150,1,22.0,8.91
503320,2857,P07,MS-MOI-SPF50,1,32.0,12.96
503321,2858,P01,MS-CLN-GEL150,1,22.0,6.6
503322,2859,P05,MS-SER-NIA30,1,29.0,11.74
503323,2860,P12,MS-SET-RTN3,1,84.0,25.2
503324,2860,P04,MS-SER-HYA30,1,34.0,10.2
503325,2861,P12,MS-SET-RTN3,1,84.0,34.02
503326,2861,P08,MS-MOI-BAR50,1,36.0,14.58
503327,2861,P01,MS-CLN-GEL150,1,22.0,8.91
503328,2861,P13,MS-GIFT-SACHET,1,0.0,0.0
503329,2862,P10,MS-MSK-CLY100,1,26.0,7.8
503330,2862,P06,MS-TRT-RET50,1,44.0,13.2
503331,2862,P03,MS-SER-VTC30,1,34.0,10.2
503332,2862,P12,MS-SET-RTN3,1,84.0,25.2
503333,2862,P13,MS-GIFT-SACHET,1,0.0,0.0
503334,2863,P05,MS-SER-NIA30,1,29.0,8.7
503335,2864,P04,MS-SER-HYA30,1,34.0,0.0
503336,2864,P12,MS-SET-RTN3,1,84.0,0.0
503337,2864,P13,MS-GIFT-SACHET,1,0.0,0.0
503338,2865,P02,MS-CLN-CRM150,1,24.0,7.2
503339,2865,P03,MS-SER-VTC30,2,34.0,20.4
503340,2865,P13,MS-GIFT-SACHET,1,0.0,0.0
503341,2866,P05,MS-SER-NIA30,1,29.0,8.7
503342,2866,P03,MS-SER-VTC30,1,34.0,10.2
503343,2867,P12,MS-SET-RTN3,1,84.0,12.6
503344,2867,P03,MS-SER-VTC30,1,34.0,5.1
503345,2867,P13,MS-GIFT-SACHET,1,0.0,0.0
503346,2868,P12,MS-SET-RTN3,1,84.0,25.2
503347,2868,P06,MS-TRT-RET50,2,44.0,26.4
503348,2868,P09,MS-EYE-015,1,30.0,9.0
503349,2868,P13,MS-GIFT-SACHET,1,0.0,0.0
503350,2869,P07,MS-MOI-SPF50,1,32.0,9.6
503351,2869,P06,MS-TRT-RET50,1,44.0,13.2
503352,2869,P02,MS-CLN-CRM150,1,24.0,7.2
503353,2869,P13,MS-GIFT-SACHET,1,0.0,0.0
503354,2870,P03,MS-SER-VTC30,1,34.0,0.0
503355,2871,P01,MS-CLN-GEL150,1,22.0,0.0
503356,2872,P04,MS-SER-HYA30,1,34.0,3.4
503357,2873,P01,MS-CLN-GEL150,1,22.0,3.3
503358,2873,P12,MS-SET-RTN3,1,84.0,12.6
503359,2873,P13,MS-GIFT-SACHET,1,0.0,0.0
503360,2874,P01,MS-CLN-GEL150,1,22.0,0.0
503361,2875,P03,MS-SER-VTC30,1,34.0,0.0
503362,2875,P06,MS-TRT-RET50,1,44.0,0.0
503363,2875,P13,MS-GIFT-SACHET,1,0.0,0.0
503364,2876,P06,MS-TRT-RET50,1,44.0,0.0
503365,2877,P01,MS-CLN-GEL150,1,22.0,0.0
503366,2877,P10,MS-MSK-CLY100,1,26.0,0.0
503367,2877,P03,MS-SER-VTC30,1,34.0,0.0
503368,2877,P06,MS-TRT-RET50,1,44.0,0.0
503369,2877,P13,MS-GIFT-SACHET,1,0.0,0.0
503370,2878,P07,MS-MOI-SPF50,1,32.0,4.8
503371,2879,P04,MS-SER-HYA30,1,34.0,5.1
503372,2880,P10,MS-MSK-CLY100,1,26.0,3.9
503373,2881,P03,MS-SER-VTC30,1,34.0,5.1
503374,2881,P01,MS-CLN-GEL150,1,22.0,3.3
503375,2881,P09,MS-EYE-015,1,30.0,4.5
503376,2882,P01,MS-CLN-GEL150,1,22.0,0.0
503377,2883,P06,MS-TRT-RET50,1,44.0,6.6
503378,2884,P10,MS-MSK-CLY100,1,26.0,3.9
503379,2885,P06,MS-TRT-RET50,1,44.0,6.6
503380,2886,P12,MS-SET-RTN3,1,84.0,23.31
503381,2886,P13,MS-GIFT-SACHET,1,0.0,0.0
503382,2887,P01,MS-CLN-GEL150,1,22.0,3.3
503383,2888,P04,MS-SER-HYA30,1,34.0,0.0
503384,2888,P06,MS-TRT-RET50,1,44.0,0.0
503385,2888,P03,MS-SER-VTC30,1,34.0,0.0
503386,2888,P12,MS-SET-RTN3,1,84.0,0.0
503387,2889,P06,MS-TRT-RET50,1,44.0,6.6
503388,2889,P04,MS-SER-HYA30,1,34.0,5.1
503389,2889,P12,MS-SET-RTN3,1,84.0,12.6
503390,2889,P05,MS-SER-NIA30,1,29.0,4.35
503391,2890,P03,MS-SER-VTC30,1,34.0,5.1
503392,2891,P12,MS-SET-RTN3,1,84.0,12.6
503393,2891,P13,MS-GIFT-SACHET,1,0.0,0.0
503394,2892,P11,MS-BDY-LOT400,1,28.0,0.0
503395,2892,P12,MS-SET-RTN3,1,84.0,0.0
503396,2892,P02,MS-CLN-CRM150,1,24.0,0.0
503397,2892,P13,MS-GIFT-SACHET,1,0.0,0.0
503398,2893,P06,MS-TRT-RET50,1,44.0,0.0
503399,2893,P03,MS-SER-VTC30,1,34.0,0.0
503400,2893,P01,MS-CLN-GEL150,1,22.0,0.0
503401,2893,P13,MS-GIFT-SACHET,1,0.0,0.0
503402,2894,P06,MS-TRT-RET50,1,44.0,0.0
503403,2895,P08,MS-MOI-BAR50,1,36.0,3.6
503404,2896,P03,MS-SER-VTC30,1,34.0,3.4
503405,2897,P01,MS-CLN-GEL150,1,22.0,3.3
503406,2897,P04,MS-SER-HYA30,1,34.0,5.1
503407,2897,P12,MS-SET-RTN3,1,84.0,12.6
503408,2897,P13,MS-GIFT-SACHET,1,0.0,0.0
503409,2898,P01,MS-CLN-GEL150,2,22.0,6.6
503410,2899,P01,MS-CLN-GEL150,1,22.0,0.0
503411,2899,P08,MS-MOI-BAR50,1,36.0,0.0
503412,2899,P03,MS-SER-VTC30,1,34.0,0.0
503413,2899,P13,MS-GIFT-SACHET,1,0.0,0.0
503414,2900,P05,MS-SER-NIA30,2,29.0,0.0
503415,2901,P05,MS-SER-NIA30,1,29.0,0.0
503416,2902,P12,MS-SET-RTN3,1,84.0,0.0
503417,2902,P04,MS-SER-HYA30,1,34.0,0.0
503418,2902,P13,MS-GIFT-SACHET,1,0.0,0.0
503419,2903,P05,MS-SER-NIA30,1,29.0,4.35
503420,2904,P07,MS-MOI-SPF50,1,32.0,3.84
503421,2904,P09,MS-EYE-015,1,30.0,3.6
503422,2904,P05,MS-SER-NIA30,1,29.0,3.48
503423,2904,P13,MS-GIFT-SACHET,1,0.0,0.0
503424,2905,P07,MS-MOI-SPF50,1,32.0,0.0
503425,2905,P10,MS-MSK-CLY100,1,26.0,0.0
503426,2905,P01,MS-CLN-GEL150,2,22.0,0.0
503427,2905,P13,MS-GIFT-SACHET,1,0.0,0.0
503428,2906,P08,MS-MOI-BAR50,1,36.0,0.0
503429,2907,P06,MS-TRT-RET50,1,44.0,6.6
503430,2907,P03,MS-SER-VTC30,2,34.0,10.2
503431,2907,P12,MS-SET-RTN3,1,84.0,12.6
503432,2907,P13,MS-GIFT-SACHET,1,0.0,0.0
503433,2908,P06,MS-TRT-RET50,1,44.0,6.6
503434,2909,P01,MS-CLN-GEL150,1,22.0,3.3
503435,2910,P08,MS-MOI-BAR50,1,36.0,3.6
503436,2910,P12,MS-SET-RTN3,1,84.0,8.4
503437,2910,P13,MS-GIFT-SACHET,1,0.0,0.0
503438,2911,P05,MS-SER-NIA30,1,29.0,4.35
503439,2912,P07,MS-MOI-SPF50,1,32.0,0.0
503440,2912,P-03,MS-SER-VTC30,1,34.0,0.0
503441,2912,P06,MS-TRT-RET50,1,44.0,0.0
503442,2912,P13,MS-GIFT-SACHET,1,0.0,0.0
503443,2913,P06,MS-TRT-RET50,1,44.0,6.6
503444,2914,P08,MS-MOI-BAR50,1,36.0,0.0
503445,2915,P07,MS-MOI-SPF50,1,32.0,0.0
503446,2915,P05,MS-SER-NIA30,2,29.0,0.0
503447,2916,P02,MS-CLN-CRM150,1,24.0,3.6
503448,2917,P12,MS-SET-RTN3,1,84.0,12.6
503449,2917,P13,MS-GIFT-SACHET,1,0.0,0.0
503450,2918,P06,MS-TRT-RET50,1,44.0,0.0
503451,2919,P12,MS-SET-RTN3,1,84.0,12.6
503452,2920,P04,MS-SER-HYA30,1,34.0,0.0
503453,2920,P01,MS-CLN-GEL150,1,22.0,0.0
503454,2921,P07,MS-MOI-SPF50,1,32.0,4.8
503455,2921,P03,MS-SER-VTC30,2,34.0,10.2
503456,2921,P01,MS-CLN-GEL150,2,22.0,6.6
503457,2921,P10,MS-MSK-CLY100,1,26.0,3.9
503458,2921,P13,MS-GIFT-SACHET,1,0.0,0.0
503459,2922,P03,MS-SER-VTC30,1,34.0,0.0
503460,2922,P02,MS-CLN-CRM150,1,24.0,0.0
503461,2923,P03,MS-SER-VTC30,1,34.0,3.4
503462,2923,P08,MS-MOI-BAR50,2,36.0,7.2
503463,2924,P09,MS-EYE-015,1,30.0,4.5
503464,2924,P06,MS-TRT-RET50,1,44.0,6.6
503465,2925,P11,MS-BDY-LOT400,1,28.0,0.0
503466,2926,P05,MS-SER-NIA30,1,29.0,4.35
503467,2926,P03,MS-SER-VTC30,1,34.0,5.1
503468,2927,P04,MS-SER-HYA30,1,34.0,5.1
503469,2927,P06,MS-TRT-RET50,1,44.0,6.6
503470,2927,P03,MS-SER-VTC30,1,34.0,5.1
503471,2927,P13,MS-GIFT-SACHET,1,0.0,0.0
503472,2928,P03,MS-SER-VTC30,2,34.0,10.2
503473,2928,P02,MS-CLN-CRM150,1,24.0,3.6
503474,2928,P13,MS-GIFT-SACHET,1,0.0,0.0
503475,2929,P04,MS-SER-HYA30,1,34.0,0.0
503476,2929,P10,MS-MSK-CLY100,1,26.0,0.0
503477,2930,P12,MS-SET-RTN3,1,84.0,12.6
503478,2930,P02,MS-CLN-CRM150,1,24.0,3.6
503479,2931,P04,MS-SER-HYA30,1,34.0,0.0
503480,2932,P04,MS-SER-HYA30,1,34.0,0.0
503481,2933,P06,MS-TRT-RET50,1,44.0,6.6
503482,2934,P02,MS-CLN-CRM150,1,24.0,0.0
503483,2935,P05,MS-SER-NIA30,1,29.0,0.0
503484,2936,P04,MS-SER-HYA30,1,34.0,5.1
503485,2936,P01,MS-CLN-GEL150,1,22.0,3.3
503486,2937,P02,MS-CLN-CRM150,1,24.0,3.6
503487,2938,P12,MS-SET-RTN3,1,84.0,12.6
503488,2938,P13,MS-GIFT-SACHET,1,0.0,0.0
503489,2939,P01,MS-CLN-GEL150,1,22.0,0.0
503490,2940,P03,MS-SER-VTC30,1,34.0,0.0
503491,2941,P07,MS-MOI-SPF50,1,32.0,0.0
503492,2942,P02,MS-CLN-CRM150,1,24.0,3.6
503493,2942,P11,MS-BDY-LOT400,1,28.0,4.2
503494,2943,P07,MS-MOI-SPF50,1,32.0,4.8
503495,2944,P04,MS-SER-HYA30,1,34.0,5.1
503496,2944,P03,MS-SER-VTC30,1,34.0,5.1
503497,2945,P03,MS-SER-VTC30,1,34.0,5.1
503498,2945,P05,MS-SER-NIA30,1,29.0,4.35
503499,2945,P01,MS-CLN-GEL150,1,22.0,3.3
503500,2945,P13,MS-GIFT-SACHET,1,0.0,0.0
503501,2946,P08,MS-MOI-BAR50,1,36.0,5.4
503502,2947,P08,MS-MOI-BAR50,1,36.0,5.4
503503,2947,P03,MS-SER-VTC30,1,34.0,5.1
503504,2947,P07,MS-MOI-SPF50,1,32.0,4.8
503505,2947,P13,MS-GIFT-SACHET,1,0.0,0.0
503506,2948,P11,MS-BDY-LOT400,1,28.0,0.0
503507,2948,P04,MS-SER-HYA30,1,34.0,0.0
503508,2948,P03,MS-SER-VTC30,1,34.0,0.0
503509,2948,P13,MS-GIFT-SACHET,1,0.0,0.0
503510,2949,P08,MS-MOI-BAR50,1,36.0,0.0
503511,2950,P02,MS-CLN-CRM150,1,24.0,3.6
503512,2951,P09,MS-EYE-015,1,30.0,8.33
503513,2951,P06,MS-TRT-RET50,1,44.0,12.21
503514,2952,P08,MS-MOI-BAR50,1,36.0,5.4
503515,2953,P04,MS-SER-HYA30,1,34.0,5.1
503516,2953,P03,MS-SER-VTC30,1,34.0,5.1
503517,2954,P01,MS-CLN-GEL150,1,22.0,0.0
503518,2954,P05,MS-SER-NIA30,1,29.0,0.0
503519,2954,P08,MS-MOI-BAR50,1,36.0,0.0
503520,2954,P02,MS-CLN-CRM150,1,24.0,0.0
503521,2954,P13,MS-GIFT-SACHET,1,0.0,0.0
503522,2955,P09,MS-EYE-015,2,30.0,6.0
503523,2955,P01,MS-CLN-GEL150,1,22.0,2.2
503524,2955,P13,MS-GIFT-SACHET,1,0.0,0.0
503525,2956,P03,MS-SER-VTC30,1,34.0,0.0
503526,2957,P06,MS-TRT-RET50,1,44.0,6.6
503527,2958,P03,MS-SER-VTC30,1,34.0,5.1
503528,2958,P04,MS-SER-HYA30,1,34.0,5.1
503529,2959,P03,MS-SER-VTC30,1,34.0,5.1
503530,2960,P02,MS-CLN-CRM150,1,24.0,0.0
503531,2961,P03,MS-SER-VTC30,1,34.0,0.0
503532,2961,P05,MS-SER-NIA30,1,29.0,0.0
503533,2962,P03,MS-SER-VTC30,1,34.0,0.0
503534,2962,P08,MS-MOI-BAR50,2,36.0,0.0
503535,2962,P13,MS-GIFT-SACHET,1,0.0,0.0
503536,2963,P12,MS-SET-RTN3,1,84.0,0.0
503537,2963,P11,MS-BDY-LOT400,1,28.0,0.0
503538,2963,P13,MS-GIFT-SACHET,1,0.0,0.0
503539,2964,P11,MS-BDY-LOT400,1,28.0,0.0
503540,2965,P02,MS-CLN-CRM150,1,24.0,6.66
503541,2966,P12,MS-SET-RTN3,1,84.0,0.0
503542,2966,P05,MS-SER-NIA30,1,29.0,0.0
503543,2966,P08,MS-MOI-BAR50,1,36.0,0.0
503544,2966,P13,MS-GIFT-SACHET,1,0.0,0.0
503545,2967,P05,MS-SER-NIA30,1,29.0,4.35
503546,2968,P12,MS-SET-RTN3,1,84.0,12.6
503547,2968,P13,MS-GIFT-SACHET,1,0.0,0.0
503548,2969,P08,MS-MOI-BAR50,2,36.0,10.8
503549,2970,P03,MS-SER-VTC30,1,34.0,0.0
503550,2970,P11,MS-BDY-LOT400,1,28.0,0.0
503551,2970,P01,MS-CLN-GEL150,1,22.0,0.0
503552,2970,P07,MS-MOI-SPF50,1,32.0,0.0
503553,2971,P06,MS-TRT-RET50,1,44.0,6.6
503554,2971,P03,MS-SER-VTC30,1,34.0,5.1
503555,2971,P13,MS-GIFT-SACHET,1,0.0,0.0
503556,2972,P03,MS-SER-VTC30,1,34.0,5.1
503557,2972,P06,MS-TRT-RET50,1,44.0,6.6
503558,2972,P04,MS-SER-HYA30,1,34.0,5.1
503559,2973,P04,MS-SER-HYA30,1,34.0,0.0
503560,2974,P10,MS-MSK-CLY100,1,26.0,0.0
503561,2975,P04,MS-SER-HYA30,1,34.0,5.1
503562,2976,P02,MS-CLN-CRM150,1,24.0,3.6
503563,2977,P01,MS-CLN-GEL150,2,22.0,0.0
503564,2977,P03,MS-SER-VTC30,1,34.0,0.0
503565,2977,P13,MS-GIFT-SACHET,1,0.0,0.0
503566,2978,P03,MS-SER-VTC30,1,34.0,5.1
503567,2979,P02,MS-CLN-CRM150,1,24.0,0.0
503568,2980,P05,MS-SER-NIA30,1,29.0,3.48
503569,2980,P06,MS-TRT-RET50,1,44.0,5.28
503570,2980,P01,MS-CLN-GEL150,1,22.0,2.64
503571,2980,P13,MS-GIFT-SACHET,1,0.0,0.0
503572,2981,P09,MS-EYE-015,1,30.0,4.5
503573,2982,P06,MS-TRT-RET50,1,44.0,10.34
503574,2983,P04,MS-SER-HYA30,1,34.0,5.1
503575,2984,P11,MS-BDY-LOT400,1,28.0,4.2
503576,2985,P12,MS-SET-RTN3,1,84.0,12.6
503577,2985,P13,MS-GIFT-SACHET,1,0.0,0.0
503578,2986,P07,MS-MOI-SPF50,1,32.0,4.8
503579,2987,P01,MS-CLN-GEL150,1,22.0,3.3
503580,2987,P08,MS-MOI-BAR50,2,36.0,10.8
503581,2987,P13,MS-GIFT-SACHET,1,0.0,0.0
503582,2988,P01,MS-CLN-GEL150,1,22.0,2.2
503583,2988,P05,MS-SER-NIA30,2,29.0,5.8
503584,2988,P13,MS-GIFT-SACHET,1,0.0,0.0
503585,2989,P06,MS-TRT-RET50,1,44.0,0.0
503586,2989,P12,MS-SET-RTN3,1,84.0,0.0
503587,2989,P03,MS-SER-VTC30,1,34.0,0.0
503588,2989,P13,MS-GIFT-SACHET,1,0.0,0.0
503589,2990,P04,MS-SER-HYA30,1,34.0,3.4
503590,2991,P10,MS-MSK-CLY100,1,26.0,3.9
503591,2992,P07,MS-MOI-SPF50,1,32.0,4.8
503592,2993,P12,MS-SET-RTN3,1,84.0,12.6
503593,2993,P13,MS-GIFT-SACHET,1,0.0,0.0
503594,2994,P02,MS-CLN-CRM150,1,24.0,3.6
503595,2994,P07,MS-MOI-SPF50,1,32.0,4.8
503596,2994,P05,MS-SER-NIA30,1,29.0,4.35
503597,2994,P13,MS-GIFT-SACHET,1,0.0,0.0
503598,2995,P03,MS-SER-VTC30,1,34.0,0.0
503599,2996,P08,MS-MOI-BAR50,1,36.0,5.4
503600,2996,P06,MS-TRT-RET50,1,44.0,6.6
503601,2996,P12,MS-SET-RTN3,1,84.0,12.6
503602,2996,P13,MS-GIFT-SACHET,1,0.0,0.0
503603,2997,P01,MS-CLN-GEL150,1,22.0,3.3
503604,2997,P04,MS-SER-HYA30,1,34.0,5.1
503605,2997,P06,MS-TRT-RET50,1,44.0,6.6
503606,2997,P13,MS-GIFT-SACHET,1,0.0,0.0
503607,2998,P07,MS-MOI-SPF50,1,32.0,4.8
503608,2998,P04,MS-SER-HYA30,1,34.0,5.1
503609,2998,P02,MS-CLN-CRM150,1,24.0,3.6
503610,2999,P06,MS-TRT-RET50,1,44.0,5.28
503611,2999,P02,MS-CLN-CRM150,1,24.0,2.88
503612,3000,P12,MS-SET-RTN3,1,84.0,12.6
503613,3001,P05,MS-SER-NIA30,2,29.0,0.0
503614,3002,P01,MS-CLN-GEL150,1,22.0,3.3
503615,3003,P02,MS-CLN-CRM150,1,24.0,3.6
503616,3003,P05,MS-SER-NIA30,2,29.0,8.7
503617,3003,P10,MS-MSK-CLY100,2,26.0,7.8
503618,3003,P04,MS-SER-HYA30,1,34.0,5.1
503619,3003,P13,MS-GIFT-SACHET,1,0.0,0.0
503620,3004,P07,MS-MOI-SPF50,1,32.0,4.8
503621,3005,P04,MS-SER-HYA30,1,34.0,0.0
503622,3005,P12,MS-SET-RTN3,1,84.0,0.0
503623,3005,P13,MS-GIFT-SACHET,1,0.0,0.0
503624,3006,P04,MS-SER-HYA30,1,34.0,5.1
503625,3006,P02,MS-CLN-CRM150,1,24.0,3.6
503626,3006,P07,MS-MOI-SPF50,1,32.0,4.8
503627,3006,P13,MS-GIFT-SACHET,1,0.0,0.0
503628,3007,P04,MS-SER-HYA30,2,34.0,10.2
503629,3007,P07,MS-MOI-SPF50,2,32.0,9.6
503630,3007,P13,MS-GIFT-SACHET,1,0.0,0.0
503631,3008,P02,MS-CLN-CRM150,2,24.0,7.2
503632,3008,P05,MS-SER-NIA30,1,29.0,4.35
503633,3009,P06,MS-TRT-RET50,1,44.0,0.0
503634,3009,P03,MS-SER-VTC30,2,34.0,0.0
503635,3009,P13,MS-GIFT-SACHET,1,0.0,0.0
503636,3010,P08,MS-MOI-BAR50,1,36.0,0.0
503637,3011,P07,MS-MOI-SPF50,1,32.0,3.2
503638,3011,P05,MS-SER-NIA30,1,29.0,2.9
503639,3012,P03,MS-SER-VTC30,1,34.0,5.1
503640,3013,P01,MS-CLN-GEL150,1,22.0,3.3
503641,3014,P05,MS-SER-NIA30,1,29.0,0.0
503642,3015,P12,MS-SET-RTN3,1,84.0,0.0
503643,3015,P13,MS-GIFT-SACHET,1,0.0,0.0
503644,3016,P07,MS-MOI-SPF50,1,32.0,4.8
503645,3016,P10,MS-MSK-CLY100,1,26.0,3.9
503646,3017,P12,MS-SET-RTN3,1,84.0,12.6
503647,3017,P04,MS-SER-HYA30,2,34.0,10.2
503648,3017,P11,MS-BDY-LOT400,1,28.0,4.2
503649,3017,P13,MS-GIFT-SACHET,1,0.0,0.0
503650,3018,P01,MS-CLN-GEL150,1,22.0,3.3
503651,3019,P03,MS-SER-VTC30,1,34.0,3.4
503652,3020,P03,MS-SER-VTC30,1,34.0,5.1
503653,3021,P03,MS-SER-VTC30,1,34.0,0.0
503654,3021,P07,MS-MOI-SPF50,1,32.0,0.0
503655,3022,P07,MS-MOI-SPF50,1,32.0,0.0
503656,3023,P03,MS-SER-VTC30,1,34.0,0.0
503657,3024,P03,MS-SER-VTC30,1,34.0,0.0
503658,3025,P07,MS-MOI-SPF50,1,32.0,0.0
503659,3025,P05,MS-SER-NIA30,1,29.0,0.0
503660,3026,P12,MS-SET-RTN3,1,84.0,12.6
503661,3026,P13,MS-GIFT-SACHET,1,0.0,0.0
503662,3027,P02,MS-CLN-CRM150,1,24.0,3.6
503663,3027,P03,MS-SER-VTC30,2,34.0,10.2
503664,3028,P11,MS-BDY-LOT400,1,28.0,0.0
503665,3028,P12,MS-SET-RTN3,1,84.0,0.0
503666,3028,P13,MS-GIFT-SACHET,1,0.0,0.0
503667,3029,P11,MS-BDY-LOT400,1,28.0,2.8
503668,3029,P03,MS-SER-VTC30,1,34.0,3.4
503669,3030,P12,MS-SET-RTN3,1,84.0,0.0
503670,3030,P13,MS-GIFT-SACHET,1,0.0,0.0
503671,3031,P04,MS-SER-HYA30,1,34.0,5.1
503672,3032,P02,MS-CLN-CRM150,1,24.0,3.6
503673,3032,P07,MS-MOI-SPF50,1,32.0,4.8
503674,3033,P07,MS-MOI-SPF50,1,32.0,4.8
503675,3033,P03,MS-SER-VTC30,1,34.0,5.1
503676,3034,P11,MS-BDY-LOT400,1,28.0,4.2
503677,3034,P10,MS-MSK-CLY100,1,26.0,3.9
503678,3034,P07,MS-MOI-SPF50,1,32.0,4.8
503679,3034,P01,MS-CLN-GEL150,2,22.0,6.6
503680,3034,P13,MS-GIFT-SACHET,1,0.0,0.0
503681,3035,P07,MS-MOI-SPF50,1,32.0,0.0
503682,3035,P05,MS-SER-NIA30,1,29.0,0.0
503683,3036,P05,MS-SER-NIA30,1,29.0,0.0
503684,3036,P02,MS-CLN-CRM150,1,24.0,0.0
503685,3037,P12,MS-SET-RTN3,1,84.0,12.6
503686,3037,P13,MS-GIFT-SACHET,1,0.0,0.0
503687,3038,P08,MS-MOI-BAR50,1,36.0,5.4
503688,3038,P05,MS-SER-NIA30,1,29.0,4.35
503689,3039,P01,MS-CLN-GEL150,1,22.0,0.0
503690,3039,P09,MS-EYE-015,2,30.0,0.0
503691,3039,P13,MS-GIFT-SACHET,1,0.0,0.0
503692,3040,P06,MS-TRT-RET50,2,44.0,13.2
503693,3040,P07,MS-MOI-SPF50,1,32.0,4.8
503694,3040,P13,MS-GIFT-SACHET,1,0.0,0.0
503695,3041,P05,MS-SER-NIA30,1,29.0,4.35
503696,3041,P12,MS-SET-RTN3,1,84.0,12.6
503697,3041,P13,MS-GIFT-SACHET,1,0.0,0.0
503698,3042,P07,MS-MOI-SPF50,1,32.0,4.8
503699,3043,P12,MS-SET-RTN3,1,84.0,12.6
503700,3043,P01,MS-CLN-GEL150,1,22.0,3.3
503701,3043,P13,MS-GIFT-SACHET,1,0.0,0.0
503702,3044,P04,MS-SER-HYA30,1,34.0,5.1
503703,3044,P01,MS-CLN-GEL150,1,22.0,3.3
503704,3045,P02,MS-CLN-CRM150,1,24.0,0.0
503705,3046,P08,MS-MOI-BAR50,1,36.0,5.4
503706,3047,P06,MS-TRT-RET50,1,44.0,0.0
503707,3048,P03,MS-SER-VTC30,1,34.0,5.1
503708,3049,P05,MS-SER-NIA30,1,29.0,4.35
503709,3050,P03,MS-SER-VTC30,1,34.0,0.0
503710,3051,P01,MS-CLN-GEL150,1,22.0,2.2
503711,3051,P03,MS-SER-VTC30,1,34.0,3.4
503712,3052,P10,MS-MSK-CLY100,1,26.0,3.9
503713,3053,P07,MS-MOI-SPF50,1,32.0,0.0
503714,3054,P06,MS-TRT-RET50,1,44.0,0.0
503715,3054,P03,MS-SER-VTC30,1,34.0,0.0
503716,3055,P03,MS-SER-VTC30,1,34.0,0.0
503717,3055,P12,MS-SET-RTN3,1,84.0,0.0
503718,3055,P04,MS-SER-HYA30,1,34.0,0.0
503719,3055,P11,MS-BDY-LOT400,1,28.0,0.0
503720,3055,P13,MS-GIFT-SACHET,1,0.0,0.0
503721,3056,P05,MS-SER-NIA30,2,29.0,0.0
503722,3057,P07,MS-MOI-SPF50,1,32.0,0.0
503723,3057,P05,MS-SER-NIA30,2,29.0,0.0
503724,3057,P01,MS-CLN-GEL150,1,22.0,0.0
503725,3058,P11,MS-BDY-LOT400,1,28.0,4.2
503726,3058,P12,MS-SET-RTN3,1,84.0,12.6
503727,3058,P13,MS-GIFT-SACHET,1,0.0,0.0
503728,3059,P11,MS-BDY-LOT400,1,28.0,0.0
503729,3059,P03,MS-SER-VTC30,2,34.0,0.0
503730,3059,P13,MS-GIFT-SACHET,1,0.0,0.0
503731,3060,P01,MS-CLN-GEL150,1,22.0,3.3
503732,3061,P07,MS-MOI-SPF50,1,32.0,0.0
503733,3061,P06,MS-TRT-RET50,1,44.0,0.0
503734,3061,P03,MS-SER-VTC30,1,34.0,0.0
503735,3061,P13,MS-GIFT-SACHET,1,0.0,0.0
503736,3062,P06,MS-TRT-RET50,1,44.0,6.6
503737,3062,P04,MS-SER-HYA30,1,34.0,5.1
503738,3062,P02,MS-CLN-CRM150,1,24.0,3.6
503739,3063,P03,MS-SER-VTC30,1,34.0,5.1
503740,3063,p07,MS-MOI-SPF50,1,32.0,4.8
503741,3064,P07,MS-MOI-SPF50,1,32.0,4.8
503742,3064,P06,MS-TRT-RET50,2,44.0,13.2
503743,3064,P04,MS-SER-HYA30,1,34.0,5.1
503744,3064,P13,MS-GIFT-SACHET,1,0.0,0.0
503745,3065,P04,MS-SER-HYA30,1,34.0,0.0
503746,3065,P06,MS-TRT-RET50,2,44.0,0.0
503747,3065,P03,MS-SER-VTC30,1,34.0,0.0
503748,3065,P08,MS-MOI-BAR50,1,36.0,0.0
503749,3065,P13,MS-GIFT-SACHET,1,0.0,0.0
503750,3066,P03,MS-SER-VTC30,1,34.0,5.1
503751,3066,P01,MS-CLN-GEL150,1,22.0,3.3
503752,3067,P03,MS-SER-VTC30,1,34.0,0.0
503753,3068,P07,MS-MOI-SPF50,1,32.0,0.0
503754,3069,P01,MS-CLN-GEL150,1,22.0,3.3
503755,3070,P11,MS-BDY-LOT400,1,28.0,4.2
503756,3071,P05,MS-SER-NIA30,1,29.0,4.35
503757,3071,P01,MS-CLN-GEL150,1,22.0,3.3
503758,3072,P06,MS-TRT-RET50,1,44.0,6.6
503759,3073,P03,MS-SER-VTC30,1,34.0,5.1
503760,3074,P01,MS-CLN-GEL150,1,22.0,0.0
503761,3074,P10,MS-MSK-CLY100,1,26.0,0.0
503762,3075,P05,MS-SER-NIA30,2,29.0,5.8
503763,3075,P06,MS-TRT-RET50,1,44.0,4.4
503764,3075,P13,MS-GIFT-SACHET,1,0.0,0.0
503765,3076,P06,MS-TRT-RET50,1,44.0,6.6
503766,3076,P10,MS-MSK-CLY100,2,26.0,7.8
503767,3077,P10,MS-MSK-CLY100,1,26.0,0.0
503768,3078,P03,MS-SER-VTC30,1,34.0,0.0
503769,3078,P02,MS-CLN-CRM150,1,24.0,0.0
503770,3079,P04,MS-SER-HYA30,1,34.0,0.0
503771,3080,P01,MS-CLN-GEL150,1,22.0,3.3
503772,3081,P06,MS-TRT-RET50,1,44.0,6.6
503773,3081,P03,MS-SER-VTC30,1,34.0,5.1
503774,3081,P13,MS-GIFT-SACHET,1,0.0,0.0
503775,3082,P06,MS-TRT-RET50,2,44.0,8.8
503776,3082,P05,MS-SER-NIA30,1,29.0,2.9
503777,3082,P09,MS-EYE-015,1,30.0,3.0
503778,3082,P10,MS-MSK-CLY100,1,26.0,2.6
503779,3082,P13,MS-GIFT-SACHET,1,0.0,0.0
503780,3083,P05,MS-SER-NIA30,1,29.0,4.35
503781,3083,P10,MS-MSK-CLY100,1,26.0,3.9
503782,3084,P05,MS-SER-NIA30,1,29.0,4.35
503783,3084,P01,MS-CLN-GEL150,1,22.0,3.3
503784,3084,P04,MS-SER-HYA30,2,34.0,10.2
503785,3084,P03,MS-SER-VTC30,1,34.0,5.1
503786,3085,P03,MS-SER-VTC30,1,34.0,5.1
503787,3086,P01,MS-CLN-GEL150,1,22.0,0.0
503788,3086,P03,MS-SER-VTC30,1,34.0,0.0
503789,3087,P11,MS-BDY-LOT400,1,28.0,4.2
503790,3087,P04,MS-SER-HYA30,2,34.0,10.2
503791,3087,P03,MS-SER-VTC30,1,34.0,5.1
503792,3087,P13,MS-GIFT-SACHET,1,0.0,0.0
503793,3088,P11,MS-BDY-LOT400,1,28.0,4.2
503794,3089,P07,MS-MOI-SPF50,1,32.0,4.8
503795,3089,P06,MS-TRT-RET50,1,44.0,6.6
503796,3089,P02,MS-CLN-CRM150,1,24.0,3.6
503797,3090,P10,MS-MSK-CLY100,1,26.0,3.9
503798,3090,P04,MS-SER-HYA30,1,34.0,5.1
503799,3091,P11,MS-BDY-LOT400,1,28.0,0.0
503800,3092,P09,MS-EYE-015,1,30.0,0.0
503801,3093,P09,MS-EYE-015,1,30.0,4.5
503802,3094,P12,MS-SET-RTN3,1,84.0,12.6
503803,3094,P13,MS-GIFT-SACHET,1,0.0,0.0
503804,3095,P02,MS-CLN-CRM150,1,24.0,0.0
503805,3096,P06,MS-TRT-RET50,1,44.0,0.0
503806,3096,P04,MS-SER-HYA30,1,34.0,0.0
503807,3096,P10,MS-MSK-CLY100,1,26.0,0.0
503808,3096,P13,MS-GIFT-SACHET,1,0.0,0.0
503809,3097,P05,MS-SER-NIA30,1,29.0,0.0
503810,3097,P11,MS-BDY-LOT400,1,28.0,0.0
503811,3098,P08,MS-MOI-BAR50,1,36.0,5.4
503812,3099,P11,MS-BDY-LOT400,1,28.0,0.0
503813,3099,P04,MS-SER-HYA30,1,34.0,0.0
503814,3100,P03,MS-SER-VTC30,1,34.0,5.1
503815,3100,P04,MS-SER-HYA30,1,34.0,5.1
503816,3101,P07,MS-MOI-SPF50,1,32.0,4.8
503817,3102,P03,MS-SER-VTC30,1,34.0,5.1
503818,3103,P01,MS-CLN-GEL150,1,22.0,0.0
503819,3103,P03,MS-SER-VTC30,1,34.0,0.0
503820,3104,P07,MS-MOI-SPF50,1,32.0,0.0
503821,3104,P03,MS-SER-VTC30,1,34.0,0.0
503822,3105,P12,MS-SET-RTN3,1,84.0,12.6
503823,3105,P04,MS-SER-HYA30,2,34.0,10.2
503824,3105,P03,MS-SER-VTC30,1,34.0,5.1
503825,3105,P13,MS-GIFT-SACHET,1,0.0,0.0
503826,3106,P09,MS-EYE-015,1,30.0,4.5
503827,3107,P10,MS-MSK-CLY100,1,26.0,0.0
503828,3107,P08,MS-MOI-BAR50,1,36.0,0.0
503829,3107,P01,MS-CLN-GEL150,1,22.0,0.0
503830,3107,P13,MS-GIFT-SACHET,1,0.0,0.0
503831,3108,P01,MS-CLN-GEL150,2,22.0,0.0
503832,3109,P03,MS-SER-VTC30,1,34.0,0.0
503833,3109,P01,MS-CLN-GEL150,1,22.0,0.0
503834,3109,P02,MS-CLN-CRM150,1,24.0,0.0
503835,3109,P13,MS-GIFT-SACHET,1,0.0,0.0
503836,3110,P08,MS-MOI-BAR50,1,36.0,0.0
503837,3111,P04,MS-SER-HYA30,2,34.0,10.2
503838,3112,P05,MS-SER-NIA30,1,29.0,2.9
503839,3113,P03,MS-SER-VTC30,1,34.0,5.1
503840,3114,P03,MS-SER-VTC30,1,34.0,5.1
503841,3115,P07,MS-MOI-SPF50,2,32.0,9.6
503842,3116,P01,MS-CLN-GEL150,1,22.0,0.0
503843,3117,P09,MS-EYE-015,1,30.0,4.5
503844,3117,P06,MS-TRT-RET50,1,44.0,6.6
503845,3118,P06,MS-TRT-RET50,1,44.0,0.0
503846,3119,P07,MS-MOI-SPF50,1,32.0,4.8
503847,3120,P01,MS-CLN-GEL150,2,22.0,6.6
503848,3120,P07,MS-MOI-SPF50,2,32.0,9.6
503849,3120,P04,MS-SER-HYA30,2,34.0,10.2
503850,3120,P05,MS-SER-NIA30,1,29.0,4.35
503851,3121,P04,MS-SER-HYA30,1,34.0,3.4
503852,3122,P05,MS-SER-NIA30,1,29.0,4.35
503853,3123,P06,MS-TRT-RET50,1,44.0,6.6
503854,3123,P08,MS-MOI-BAR50,1,36.0,5.4
503855,3123,P13,MS-GIFT-SACHET,1,0.0,0.0
503856,3124,P12,MS-SET-RTN3,1,84.0,8.4
503857,3124,P13,MS-GIFT-SACHET,1,0.0,0.0
503858,3125,P03,MS-SER-VTC30,1,34.0,5.1
503859,3126,P03,MS-SER-VTC30,1,34.0,0.0
503860,3127,P07,MS-MOI-SPF50,1,32.0,0.0
503861,3128,P05,MS-SER-NIA30,1,29.0,0.0
503862,3129,P11,MS-BDY-LOT400,1,28.0,4.2
503863,3130,P01,MS-CLN-GEL150,1,22.0,0.0
503864,3131,P11,MS-BDY-LOT400,1,28.0,7.77
503865,3132,P04,MS-SER-HYA30,1,34.0,5.1
503866,3133,P03,MS-SER-VTC30,1,34.0,5.1
503867,3133,P01,MS-CLN-GEL150,1,22.0,3.3
503868,3134,P07,MS-MOI-SPF50,1,32.0,3.2
503869,3134,P08,MS-MOI-BAR50,1,36.0,3.6
503870,3135,P10,MS-MSK-CLY100,1,26.0,3.9
503871,3135,P06,MS-TRT-RET50,1,44.0,6.6
503872,3135,P07,MS-MOI-SPF50,1,32.0,4.8
503873,3136,P03,MS-SER-VTC30,1,34.0,5.1
503874,3137,P12,MS-SET-RTN3,1,84.0,12.6
503875,3137,P13,MS-GIFT-SACHET,1,0.0,0.0
503876,3138,P03,MS-SER-VTC30,1,34.0,5.1
503877,3139,P03,MS-SER-VTC30,1,34.0,5.1
503878,3140,P03,MS-SER-VTC30,2,34.0,10.2
503879,3140,P08,MS-MOI-BAR50,1,36.0,5.4
503880,3141,P12,MS-SET-RTN3,1,84.0,12.6
503881,3141,P13,MS-GIFT-SACHET,1,0.0,0.0
503882,3142,P07,MS-MOI-SPF50,2,32.0,9.6
503883,3143,P08,MS-MOI-BAR50,1,36.0,5.4
503884,3143,P07,MS-MOI-SPF50,1,32.0,4.8
503885,3144,P10,MS-MSK-CLY100,1,26.0,0.0
503886,3145,P11,MS-BDY-LOT400,1,28.0,0.0
503887,3145,P05,MS-SER-NIA30,1,29.0,0.0
503888,3146,P05,MS-SER-NIA30,1,29.0,2.9
503889,3146,P03,MS-SER-VTC30,1,34.0,3.4
503890,3147,P01,MS-CLN-GEL150,1,22.0,3.3
503891,3148,P03,MS-SER-VTC30,1,34.0,4.08
503892,3149,P01,MS-CLN-GEL150,1,22.0,3.3
503893,3150,P05,MS-SER-NIA30,1,29.0,2.9
503894,3150,P08,MS-MOI-BAR50,2,36.0,7.2
503895,3150,P13,MS-GIFT-SACHET,1,0.0,0.0
503896,3151,P06,MS-TRT-RET50,1,44.0,0.0
503897,3151,P02,MS-CLN-CRM150,1,24.0,0.0
503898,3152,P05,MS-SER-NIA30,1,29.0,0.0
503899,3152,P08,MS-MOI-BAR50,2,36.0,0.0
503900,3152,P11,MS-BDY-LOT400,2,28.0,0.0
503901,3153,P05,MS-SER-NIA30,1,29.0,0.0
503902,3154,P03,MS-SER-VTC30,1,34.0,0.0
503903,3154,P06,MS-TRT-RET50,1,44.0,0.0
503904,3155,P03,MS-SER-VTC30,1,34.0,0.0
503905,3155,P12,MS-SET-RTN3,1,84.0,0.0
503906,3155,P05,MS-SER-NIA30,1,29.0,0.0
503907,3155,P02,MS-CLN-CRM150,2,24.0,0.0
503908,3155,P13,MS-GIFT-SACHET,1,0.0,0.0
503909,3156,P01,MS-CLN-GEL150,1,22.0,3.3
503910,3157,P04,MS-SER-HYA30,1,34.0,0.0
503911,3157,P07,MS-MOI-SPF50,1,32.0,0.0
503912,3157,P06,MS-TRT-RET50,1,44.0,0.0
503913,3157,P13,MS-GIFT-SACHET,1,0.0,0.0
503914,3158,P04,MS-SER-HYA30,1,34.0,0.0
503915,3159,P04,MS-SER-HYA30,1,34.0,5.1
503916,3159,P05,MS-SER-NIA30,1,29.0,4.35
503917,3159,P01,MS-CLN-GEL150,1,22.0,3.3
503918,3159,P07,MS-MOI-SPF50,1,32.0,4.8
503919,3159,P13,MS-GIFT-SACHET,1,0.0,0.0
503920,3160,P04,MS-SER-HYA30,1,34.0,5.1
503921,3161,P12,MS-SET-RTN3,1,84.0,0.0
503922,3162,P07,MS-MOI-SPF50,1,32.0,4.8
503923,3163,P06,MS-TRT-RET50,1,44.0,4.4
503924,3164,P03,MS-SER-VTC30,1,34.0,3.4
503925,3164,P04,MS-SER-HYA30,1,34.0,3.4
503926,3165,P01,MS-CLN-GEL150,2,22.0,6.6
503927,3166,P08,MS-MOI-BAR50,1,36.0,3.6
503928,3167,P04,MS-SER-HYA30,1,34.0,0.0
503929,3167,P05,MS-SER-NIA30,1,29.0,0.0
503930,3168,P10,MS-MSK-CLY100,1,26.0,2.6
503931,3168,P03,MS-SER-VTC30,1,34.0,3.4
503932,3168,P04,MS-SER-HYA30,2,34.0,6.8
503933,3168,P13,MS-GIFT-SACHET,1,0.0,0.0
503934,3169,P03,MS-SER-VTC30,1,34.0,0.0
503935,3169,P07,MS-MOI-SPF50,1,32.0,0.0
503936,3169,P04,MS-SER-HYA30,2,34.0,0.0
503937,3169,P13,MS-GIFT-SACHET,1,0.0,0.0
503938,3170,P03,MS-SER-VTC30,1,34.0,5.1
503939,3170,P01,MS-CLN-GEL150,1,22.0,3.3
503940,3171,P12,MS-SET-RTN3,1,84.0,12.6
503941,3171,P13,MS-GIFT-SACHET,1,0.0,0.0
503942,3172,P02,MS-CLN-CRM150,1,24.0,0.0
503943,3172,P03,MS-SER-VTC30,1,34.0,0.0
503944,3173,P08,MS-MOI-BAR50,2,36.0,0.0
503945,3174,P12,MS-SET-RTN3,1,84.0,8.4
503946,3174,P13,MS-GIFT-SACHET,1,0.0,0.0
503947,3175,P03,MS-SER-VTC30,1,34.0,0.0
503948,3175,P10,MS-MSK-CLY100,2,26.0,0.0
503949,3175,P13,MS-GIFT-SACHET,1,0.0,0.0
503950,3176,P12,MS-SET-RTN3,1,84.0,12.6
503951,3176,P03,MS-SER-VTC30,2,34.0,10.2
503952,3176,P13,MS-GIFT-SACHET,1,0.0,0.0
503953,3177,P03,MS-SER-VTC30,1,34.0,0.0
503954,3177,P08,MS-MOI-BAR50,1,36.0,0.0
503955,3178,P01,MS-CLN-GEL150,1,22.0,3.3
503956,3179,P03,MS-SER-VTC30,2,34.0,0.0
503957,3180,P12,MS-SET-RTN3,1,84.0,0.0
503958,3180,P13,MS-GIFT-SACHET,1,0.0,0.0
503959,3181,P11,MS-BDY-LOT400,2,28.0,5.6
503960,3182,P12,MS-SET-RTN3,1,84.0,0.0
503961,3182,P05,MS-SER-NIA30,2,29.0,0.0
503962,3183,P08,MS-MOI-BAR50,1,36.0,5.4
503963,3183,P09,MS-EYE-015,1,30.0,4.5
503964,3184,P04,MS-SER-HYA30,2,34.0,10.2
503965,3185,P07,MS-MOI-SPF50,2,32.0,0.0
503966,3185,P08,MS-MOI-BAR50,1,36.0,0.0
503967,3185,P13,MS-GIFT-SACHET,1,0.0,0.0
503968,3186,P06,MS-TRT-RET50,2,44.0,8.8
503969,3186,P02,MS-CLN-CRM150,1,24.0,2.4
503970,3186,P13,MS-GIFT-SACHET,1,0.0,0.0
503971,3187,P04,MS-SER-HYA30,2,34.0,6.8
503972,3187,P08,MS-MOI-BAR50,1,36.0,3.6
503973,3187,P02,MS-CLN-CRM150,1,24.0,2.4
503974,3187,P13,MS-GIFT-SACHET,1,0.0,0.0
503975,3188,P04,MS-SER-HYA30,2,34.0,0.0
503976,3188,P05,MS-SER-NIA30,1,29.0,0.0
503977,3189,P01,MS-CLN-GEL150,1,22.0,0.0
503978,3189,P02,MS-CLN-CRM150,1,24.0,0.0
503979,3189,P07,MS-MOI-SPF50,1,32.0,0.0
503980,3189,P13,MS-GIFT-SACHET,1,0.0,0.0
503981,3190,P01,MS-CLN-GEL150,1,22.0,0.0
503982,3190,P04,MS-SER-HYA30,1,34.0,0.0
503983,3191,P03,MS-SER-VTC30,1,34.0,5.1
503984,3191,P07,MS-MOI-SPF50,1,32.0,4.8
503985,3192,P09,MS-EYE-015,2,30.0,0.0
503986,3193,P04,MS-SER-HYA30,1,34.0,3.4
503987,3194,P01,MS-CLN-GEL150,1,22.0,2.2
503988,3194,P05,MS-SER-NIA30,1,29.0,2.9
503989,3195,P09,MS-EYE-015,1,30.0,3.0
503990,3195,P07,MS-MOI-SPF50,1,32.0,3.2
503991,3196,P03,MS-SER-VTC30,1,34.0,5.1
503992,3197,P05,MS-SER-NIA30,1,29.0,0.0
503993,3198,P03,MS-SER-VTC30,1,34.0,0.0
503994,3199,P08,MS-MOI-BAR50,1,36.0,0.0
503995,3199,P05,MS-SER-NIA30,1,29.0,0.0
503996,3199,P01,MS-CLN-GEL150,1,22.0,0.0
503997,3199,P13,MS-GIFT-SACHET,1,0.0,0.0
503998,3200,P08,MS-MOI-BAR50,1,36.0,5.4
503999,3201,P03,MS-SER-VTC30,1,34.0,0.0
504000,3202,P03,MS-SER-VTC30,1,34.0,0.0
504001,3203,P06,MS-TRT-RET50,1,44.0,6.6
504002,3204,P08,MS-MOI-BAR50,1,36.0,0.0
504003,3204,P01,MS-CLN-GEL150,1,22.0,0.0
504004,3205,P08,MS-MOI-BAR50,1,36.0,3.6
504005,3205,P10,MS-MSK-CLY100,1,26.0,2.6
504006,3205,P03,MS-SER-VTC30,1,34.0,3.4
504007,3205,P04,MS-SER-HYA30,1,34.0,3.4
504008,3206,P05,MS-SER-NIA30,1,29.0,0.0
504009,3207,P01,MS-CLN-GEL150,1,22.0,0.0
504010,3207,P07,MS-MOI-SPF50,1,32.0,0.0
504011,3208,P04,MS-SER-HYA30,1,34.0,5.1
504012,3208,P12,MS-SET-RTN3,1,84.0,12.6
504013,3209,P07,MS-MOI-SPF50,1,32.0,0.0
504014,3209,P01,MS-CLN-GEL150,1,22.0,0.0
504015,3210,P09,MS-EYE-015,1,30.0,4.5
504016,3210,P08,MS-MOI-BAR50,2,36.0,10.8
504017,3210,P05,MS-SER-NIA30,1,29.0,4.35
504018,3210,P13,MS-GIFT-SACHET,1,0.0,0.0
504019,3211,P07,MS-MOI-SPF50,1,32.0,0.0
504020,3212,P07,MS-MOI-SPF50,1,32.0,4.8
504021,3212,P06,MS-TRT-RET50,1,44.0,6.6
504022,3212,P13,MS-GIFT-SACHET,1,0.0,0.0
504023,3213,P08,MS-MOI-BAR50,1,36.0,0.0
504024,3214,P02,MS-CLN-CRM150,1,24.0,0.0
504025,3215,P11,MS-BDY-LOT400,1,28.0,0.0
504026,3215,P03,MS-SER-VTC30,1,34.0,0.0
504027,3216,P08,MS-MOI-BAR50,2,36.0,0.0
504028,3217,P07,MS-MOI-SPF50,1,32.0,4.8
504029,3218,P02,MS-CLN-CRM150,1,24.0,0.0
504030,3218,P03,MS-SER-VTC30,1,34.0,0.0
504031,3219,P06,MS-TRT-RET50,1,44.0,6.6
504032,3219,P08,MS-MOI-BAR50,2,36.0,10.8
504033,3219,P13,MS-GIFT-SACHET,1,0.0,0.0
504034,3220,P05,MS-SER-NIA30,1,29.0,4.35
504035,3220,P07,MS-MOI-SPF50,1,32.0,4.8
504036,3220,P12,MS-SET-RTN3,1,84.0,12.6
504037,3220,P10,MS-MSK-CLY100,1,26.0,3.9
504038,3220,P13,MS-GIFT-SACHET,1,0.0,0.0
504039,3221,P05,MS-SER-NIA30,1,29.0,2.9
504040,3221,P07,MS-MOI-SPF50,2,32.0,6.4
504041,3221,P11,MS-BDY-LOT400,1,28.0,2.8
504042,3221,P13,MS-GIFT-SACHET,1,0.0,0.0
504043,3222,P07,MS-MOI-SPF50,1,32.0,0.0
504044,3222,P02,MS-CLN-CRM150,1,24.0,0.0
504045,3222,P08,MS-MOI-BAR50,1,36.0,0.0
504046,3222,P04,MS-SER-HYA30,1,34.0,0.0
504047,3223,P01,MS-CLN-GEL150,1,22.0,0.0
504048,3224,P08,MS-MOI-BAR50,2,36.0,10.8
504049,3225,P05,MS-SER-NIA30,1,29.0,2.9
504050,3225,P03,MS-SER-VTC30,1,34.0,3.4
504051,3225,P04,MS-SER-HYA30,2,34.0,6.8
504052,3225,P13,MS-GIFT-SACHET,1,0.0,0.0
504053,3226,P03,MS-SER-VTC30,1,34.0,5.1
504054,3227,P07,MS-MOI-SPF50,1,32.0,4.8
504055,3228,P05,MS-SER-NIA30,2,29.0,0.0
504056,3228,P01,MS-CLN-GEL150,1,22.0,0.0
504057,3228,P13,MS-GIFT-SACHET,1,0.0,0.0
504058,3229,P08,MS-MOI-BAR50,1,36.0,0.0
504059,3230,P08,MS-MOI-BAR50,1,36.0,4.32
504060,3231,P02,MS-CLN-CRM150,1,24.0,0.0
504061,3231,P06,MS-TRT-RET50,1,44.0,0.0
504062,3232,P06,MS-TRT-RET50,2,44.0,0.0
504063,3232,P01,MS-CLN-GEL150,1,22.0,0.0
504064,3232,P13,MS-GIFT-SACHET,1,0.0,0.0
504065,3233,P03,MS-SER-VTC30,1,34.0,0.0
504066,3233,P05,MS-SER-NIA30,1,29.0,0.0
504067,3234,P03,MS-SER-VTC30,1,34.0,0.0
504068,3235,P03,MS-SER-VTC30,1,34.0,0.0
504069,3236,P03,MS-SER-VTC30,1,34.0,5.1
504070,3237,P07,MS-MOI-SPF50,1,32.0,0.0
504071,3237,P08,MS-MOI-BAR50,1,36.0,0.0
504072,3237,P12,MS-SET-RTN3,1,84.0,0.0
504073,3237,P13,MS-GIFT-SACHET,1,0.0,0.0
504074,3238,P08,MS-MOI-BAR50,1,36.0,5.4
504075,3238,P03,MS-SER-VTC30,1,34.0,5.1
504076,3238,P07,MS-MOI-SPF50,1,32.0,4.8
504077,3238,P11,MS-BDY-LOT400,1,28.0,4.2
504078,3239,P01,MS-CLN-GEL150,1,22.0,0.0
504079,3240,P01,MS-CLN-GEL150,1,22.0,0.0
504080,3240,P09,MS-EYE-015,1,30.0,0.0
504081,3241,P01,MS-CLN-GEL150,1,22.0,0.0
504082,3242,P03,MS-SER-VTC30,1,34.0,3.4
504083,3243,P06,MS-TRT-RET50,1,44.0,0.0
504084,3243,P05,MS-SER-NIA30,1,29.0,0.0
504085,3244,P11,MS-BDY-LOT400,1,28.0,0.0
504086,3244,P02,MS-CLN-CRM150,1,24.0,0.0
504087,3244,P01,MS-CLN-GEL150,1,22.0,0.0
504088,3245,P01,MS-CLN-GEL150,1,22.0,3.3
504089,3246,P03,MS-SER-VTC30,1,34.0,0.0
504090,3246,P01,MS-CLN-GEL150,2,22.0,0.0
504091,3246,P13,MS-GIFT-SACHET,1,0.0,0.0
504092,3247,P05,MS-SER-NIA30,1,29.0,2.9
504093,3248,P07,MS-MOI-SPF50,2,32.0,0.0
504094,3249,P01,MS-CLN-GEL150,1,22.0,3.3
504095,3250,P09,MS-EYE-015,1,30.0,0.0
504096,3250,P07,MS-MOI-SPF50,2,32.0,0.0
504097,3250,P03,MS-SER-VTC30,2,34.0,0.0
504098,3251,P05,MS-SER-NIA30,1,29.0,2.9
504099,3252,P05,MS-SER-NIA30,1,29.0,0.0
504100,3253,P05,MS-SER-NIA30,2,29.0,0.0
504101,3254,P01,MS-CLN-GEL150,1,22.0,2.2
504102,3255,P03,MS-SER-VTC30,1,34.0,0.0
504103,3255,P04,MS-SER-HYA30,1,34.0,0.0
504104,3256,P05,MS-SER-NIA30,1,29.0,0.0
504105,3257,P08,MS-MOI-BAR50,1,36.0,0.0
504106,3257,P12,MS-SET-RTN3,1,84.0,0.0
504107,3258,P04,MS-SER-HYA30,1,34.0,3.4
504108,3259,P01,MS-CLN-GEL150,1,22.0,2.2
504109,3259,P04,MS-SER-HYA30,1,34.0,3.4
504110,3259,P06,MS-TRT-RET50,1,44.0,4.4
504111,3260,P01,MS-CLN-GEL150,1,22.0,4.4
504112,3261,P08,MS-MOI-BAR50,1,36.0,0.0
504113,3262,P03,MS-SER-VTC30,1,34.0,5.1
504114,3263,P04,MS-SER-HYA30,1,34.0,5.1
504115,3263,P01,MS-CLN-GEL150,1,22.0,3.3
504116,3264,P08,MS-MOI-BAR50,1,36.0,5.4
504117,3265,P12,MS-SET-RTN3,1,84.0,12.6
504118,3265,P03,MS-SER-VTC30,1,34.0,5.1
504119,3266,P09,MS-EYE-015,1,30.0,0.0
504120,3266,P01,MS-CLN-GEL150,1,22.0,0.0
504121,3266,P02,MS-CLN-CRM150,1,24.0,0.0
504122,3267,P03,MS-SER-VTC30,1,34.0,0.0
504123,3268,P04,MS-SER-HYA30,1,34.0,0.0
504124,3268,P07,MS-MOI-SPF50,1,32.0,0.0
504125,3269,P05,MS-SER-NIA30,2,29.0,11.6
504126,3269,P03,MS-SER-VTC30,1,34.0,6.8
504127,3269,P12,MS-SET-RTN3,1,84.0,16.8
504128,3270,P07,MS-MOI-SPF50,1,32.0,0.0
504129,3271,P01,MS-CLN-GEL150,2,22.0,4.4
504130,3272,P11,MS-BDY-LOT400,1,28.0,2.8
504131,3272,P07,MS-MOI-SPF50,1,32.0,3.2
504132,3273,P05,MS-SER-NIA30,1,29.0,5.8
504133,3274,P03,MS-SER-VTC30,1,34.0,0.0
504134,3274,P04,MS-SER-HYA30,1,34.0,0.0
504135,3275,P06,MS-TRT-RET50,1,44.0,0.0
504136,3275,P09,MS-EYE-015,1,30.0,0.0
504137,3276,P03,MS-SER-VTC30,1,34.0,6.8
504138,3276,P01,MS-CLN-GEL150,1,22.0,4.4
504139,3277,P07,MS-MOI-SPF50,2,32.0,0.0
504140,3277,P04,MS-SER-HYA30,1,34.0,0.0
504141,3278,P12,MS-SET-RTN3,1,84.0,16.8
504142,3278,P11,MS-BDY-LOT400,1,28.0,5.6
504143,3279,P05,MS-SER-NIA30,1,29.0,5.8
504144,3280,P06,MS-TRT-RET50,1,44.0,6.6
504145,3281,P07,MS-MOI-SPF50,1,32.0,6.4
504146,3282,P01,MS-CLN-GEL150,1,22.0,4.4
504147,3283,P10,MS-MSK-CLY100,1,26.0,8.32
504148,3283,P01,MS-CLN-GEL150,1,22.0,7.04
504149,3284,P04,MS-SER-HYA30,1,34.0,5.1
504150,3285,P09,MS-EYE-015,1,30.0,0.0
504151,3286,P01,MS-CLN-GEL150,1,22.0,4.4
504152,3286,P07,MS-MOI-SPF50,1,32.0,6.4
504153,3287,P12,MS-SET-RTN3,1,84.0,16.8
504154,3287,P03,MS-SER-VTC30,1,34.0,6.8
504155,3288,P12,MS-SET-RTN3,1,84.0,12.6
504156,3288,P04,MS-SER-HYA30,1,34.0,5.1
504157,3288,P03,MS-SER-VTC30,1,34.0,5.1
504158,3288,P07,MS-MOI-SPF50,1,32.0,4.8
504159,3289,P01,MS-CLN-GEL150,1,22.0,0.0
504160,3289,P12,MS-SET-RTN3,1,84.0,0.0
504161,3290,P03,MS-SER-VTC30,1,34.0,6.8
504162,3291,P07,MS-MOI-SPF50,1,32.0,4.8
504163,3291,P01,MS-CLN-GEL150,1,22.0,3.3
504164,3292,P11,MS-BDY-LOT400,1,28.0,2.8
504165,3292,P05,MS-SER-NIA30,1,29.0,2.9
504166,3292,P01,MS-CLN-GEL150,2,22.0,4.4
504167,3292,P03,MS-SER-VTC30,1,34.0,3.4
504168,3293,P07,MS-MOI-SPF50,1,32.0,10.24
504169,3294,P04,MS-SER-HYA30,2,34.0,0.0
504170,3295,P11,MS-BDY-LOT400,1,28.0,2.8
504171,3296,P04,MS-SER-HYA30,2,34.0,0.0
504172,3297,P04,MS-SER-HYA30,1,34.0,0.0
504173,3298,P04,MS-SER-HYA30,1,34.0,0.0
504174,3298,P03,MS-SER-VTC30,1,34.0,0.0
504175,3299,P12,MS-SET-RTN3,1,84.0,16.8
504176,3300,P08,MS-MOI-BAR50,1,36.0,0.0
504177,3300,P11,MS-BDY-LOT400,1,28.0,0.0
504178,3300,P07,MS-MOI-SPF50,2,32.0,0.0
504179,3301,P06,MS-TRT-RET50,1,44.0,6.6
504180,3302,P09,MS-EYE-015,1,30.0,4.5
504181,3303,P01,MS-CLN-GEL150,1,22.0,4.4
504182,3304,P05,MS-SER-NIA30,1,29.0,4.35
504183,3305,P11,MS-BDY-LOT400,2,28.0,11.2
504184,3306,P12,MS-SET-RTN3,1,84.0,0.0
504185,3307,P03,MS-SER-VTC30,1,34.0,6.8
504186,3308,P06,MS-TRT-RET50,1,44.0,6.6
504187,3309,P02,MS-CLN-CRM150,1,24.0,4.8
504188,3309,P07,MS-MOI-SPF50,1,32.0,6.4
504189,3310,P03,MS-SER-VTC30,1,34.0,0.0
504190,3310,P05,MS-SER-NIA30,1,29.0,0.0
504191,3311,P12,MS-SET-RTN3,1,84.0,16.8
504192,3312,P02,MS-CLN-CRM150,1,24.0,4.8
504193,3312,P04,MS-SER-HYA30,2,34.0,13.6
504194,3312,P12,MS-SET-RTN3,1,84.0,16.8
504195,3313,P03,MS-SER-VTC30,1,34.0,6.8
504196,3313,P09,MS-EYE-015,1,30.0,6.0
504197,3313,P04,MS-SER-HYA30,1,34.0,6.8
504198,3314,P09,MS-EYE-015,1,30.0,0.0
504199,3314,P08,MS-MOI-BAR50,1,36.0,0.0
504200,3315,P09,MS-EYE-015,1,30.0,6.0
504201,3315,P12,MS-SET-RTN3,1,84.0,16.8
504202,3316,P04,MS-SER-HYA30,2,34.0,10.2
504203,3316,P07,MS-MOI-SPF50,1,32.0,4.8
504204,3316,P10,MS-MSK-CLY100,2,26.0,7.8
504205,3317,P04,MS-SER-HYA30,1,34.0,6.8
504206,3318,P10,MS-MSK-CLY100,1,26.0,0.0
504207,3318,P11,MS-BDY-LOT400,1,28.0,0.0
504208,3318,P01,MS-CLN-GEL150,1,22.0,0.0
504209,3319,P12,MS-SET-RTN3,1,84.0,16.8
504210,3319,P01,MS-CLN-GEL150,1,22.0,4.4
504211,3319,P02,MS-CLN-CRM150,1,24.0,4.8
504212,3320,P04,MS-SER-HYA30,1,34.0,0.0
504213,3320,P05,MS-SER-NIA30,1,29.0,0.0
504214,3321,P09,MS-EYE-015,1,30.0,3.0
504215,3322,P10,MS-MSK-CLY100,1,26.0,0.0
504216,3323,P10,MS-MSK-CLY100,1,26.0,0.0
504217,3324,P04,MS-SER-HYA30,1,34.0,6.8
504218,3324,P07,MS-MOI-SPF50,1,32.0,6.4
504219,3324,P05,MS-SER-NIA30,1,29.0,5.8
504220,3324,P06,MS-TRT-RET50,1,44.0,8.8
504221,3325,P09,MS-EYE-015,1,30.0,4.5
504222,3325,P12,MS-SET-RTN3,1,84.0,12.6
504223,3326,P01,MS-CLN-GEL150,1,22.0,2.2
504224,3326,P04,MS-SER-HYA30,1,34.0,3.4
504225,3326,P07,MS-MOI-SPF50,1,32.0,3.2
504226,3327,P12,MS-SET-RTN3,1,84.0,12.6
504227,3328,P03,MS-SER-VTC30,1,34.0,6.8
504228,3328,P01,MS-CLN-GEL150,1,22.0,4.4
504229,3329,P06,MS-TRT-RET50,1,44.0,6.6
504230,3329,P04,MS-SER-HYA30,1,34.0,5.1
504231,3329,P05,MS-SER-NIA30,1,29.0,4.35
504232,3330,P12,MS-SET-RTN3,1,84.0,0.0
504233,3331,P07,MS-MOI-SPF50,1,32.0,3.2
504234,3332,P01,MS-CLN-GEL150,1,22.0,4.4
504235,3333,P09,MS-EYE-015,1,30.0,0.0
504236,3334,P05,MS-SER-NIA30,1,29.0,0.0
504237,3334,P03,MS-SER-VTC30,1,34.0,0.0
504238,3335,P08,MS-MOI-BAR50,1,36.0,0.0
504239,3336,P06,MS-TRT-RET50,1,44.0,8.8
600004,3336,P06,MS-TRT-RET50,1,44.0,8.8
504240,3337,P03,MS-SER-VTC30,1,34.0,3.4
504241,3337,P02,MS-CLN-CRM150,2,24.0,4.8
504242,3338,P03,MS-SER-VTC30,1,34.0,0.0
504243,3339,P05,MS-SER-NIA30,1,29.0,5.8
504244,3340,P07,MS-MOI-SPF50,1,32.0,6.4
504245,3340,P03,MS-SER-VTC30,1,34.0,6.8
504246,3341,P09,MS-EYE-015,2,30.0,9.0
504247,3342,P09,MS-EYE-015,1,30.0,0.0
504248,3342,P07,MS-MOI-SPF50,1,32.0,0.0
504249,3343,P11,MS-BDY-LOT400,1,28.0,5.6
504250,3344,P05,MS-SER-NIA30,2,29.0,0.0
504251,3345,P05,MS-SER-NIA30,1,29.0,0.0
504252,3345,P10,MS-MSK-CLY100,1,26.0,0.0
504253,3346,P07,MS-MOI-SPF50,2,32.0,0.0
504254,3346,P01,MS-CLN-GEL150,1,22.0,0.0
504255,3347,P09,MS-EYE-015,1,30.0,0.0
504256,3348,P08,MS-MOI-BAR50,1,36.0,7.2
504257,3348,P12,MS-SET-RTN3,1,84.0,16.8
504258,3349,P01,MS-CLN-GEL150,1,22.0,4.4
504259,3350,P03,MS-SER-VTC30,1,34.0,6.8
504260,3350,P08,MS-MOI-BAR50,1,36.0,7.2
504261,3351,P05,MS-SER-NIA30,1,29.0,0.0
504262,3351,P06,MS-TRT-RET50,1,44.0,0.0
504263,3351,P08,MS-MOI-BAR50,1,36.0,0.0
504264,3352,P02,MS-CLN-CRM150,1,24.0,4.8
504265,3352,P12,MS-SET-RTN3,1,84.0,16.8
504266,3353,P04,MS-SER-HYA30,1,34.0,6.8
504267,3354,P11,MS-BDY-LOT400,2,28.0,11.2
504268,3355,P12,MS-SET-RTN3,1,84.0,16.8
504269,3355,P01,MS-CLN-GEL150,1,22.0,4.4
504270,3355,P04,MS-SER-HYA30,1,34.0,6.8
504271,3356,P12,MS-SET-RTN3,1,84.0,0.0
504272,3357,P03,MS-SER-VTC30,1,34.0,34.0
504273,3358,P12,MS-SET-RTN3,1,84.0,12.6
504274,3359,P01,MS-CLN-GEL150,1,22.0,4.4
504275,3359,P07,MS-MOI-SPF50,1,32.0,6.4
504276,3360,P04,MS-SER-HYA30,1,34.0,0.0
504277,3360,P07,MS-MOI-SPF50,1,32.0,0.0
504278,3361,P12,MS-SET-RTN3,1,84.0,0.0
504279,3362,P02,MS-CLN-CRM150,1,24.0,4.8
504280,3363,P03,MS-SER-VTC30,1,34.0,5.1
504281,3364,P12,MS-SET-RTN3,1,84.0,12.6
504282,3364,P03,MS-SER-VTC30,1,34.0,5.1
504283,3365,P08,MS-MOI-BAR50,1,36.0,7.2
504284,3366,P06,MS-TRT-RET50,2,44.0,13.2
504285,3367,P07,MS-MOI-SPF50,1,32.0,0.0
504286,3367,P04,MS-SER-HYA30,1,34.0,0.0
504287,3368,P03,MS-SER-VTC30,1,34.0,0.0
504288,3368,P08,MS-MOI-BAR50,1,36.0,0.0
504289,3369,P03,MS-SER-VTC30,1,34.0,5.1
504290,3370,P06,MS-TRT-RET50,1,44.0,0.0
504291,3371,P12,MS-SET-RTN3,1,84.0,0.0
504292,3372,P05,MS-SER-NIA30,1,29.0,0.0
504293,3372,P03,MS-SER-VTC30,1,34.0,0.0
504294,3372,P01,MS-CLN-GEL150,1,22.0,0.0
504295,3373,P11,MS-BDY-LOT400,1,28.0,4.2
504296,3374,P03,MS-SER-VTC30,1,34.0,6.8
504297,3374,P01,MS-CLN-GEL150,1,22.0,4.4
504298,3374,P04,MS-SER-HYA30,1,34.0,6.8
504299,3374,P05,MS-SER-NIA30,1,29.0,5.8
504300,3375,P07,MS-MOI-SPF50,1,32.0,0.0
504301,3375,P02,MS-CLN-CRM150,1,24.0,0.0
504302,3376,P05,MS-SER-NIA30,2,29.0,0.0
504303,3377,P04,MS-SER-HYA30,1,34.0,0.0
504304,3378,P06,MS-TRT-RET50,1,44.0,8.8
504305,3378,P01,MS-CLN-GEL150,1,22.0,4.4
504306,3378,P03,MS-SER-VTC30,1,34.0,6.8
504307,3379,P04,MS-SER-HYA30,1,34.0,10.88
504308,3380,P05,MS-SER-NIA30,1,29.0,9.28
504309,3381,P01,MS-CLN-GEL150,1,22.0,4.4
504310,3381,P04,MS-SER-HYA30,1,34.0,6.8
504311,3382,P10,MS-MSK-CLY100,1,26.0,0.0
504312,3383,P03,MS-SER-VTC30,1,34.0,0.0
504313,3383,P12,MS-SET-RTN3,1,84.0,0.0
504314,3383,P02,MS-CLN-CRM150,1,24.0,0.0
504315,3384,P10,MS-MSK-CLY100,1,26.0,5.2
504316,3385,P03,MS-SER-VTC30,1,34.0,6.8
504317,3385,P11,MS-BDY-LOT400,1,28.0,5.6
504318,3386,P12,MS-SET-RTN3,1,84.0,16.8
504319,3387,P12,MS-SET-RTN3,1,84.0,16.8
504320,3388,P03,MS-SER-VTC30,1,34.0,5.1
504321,3388,P07,MS-MOI-SPF50,1,32.0,4.8
504322,3389,P08,MS-MOI-BAR50,1,36.0,5.4
504323,3389,P05,MS-SER-NIA30,1,29.0,4.35
600003,3389,P08,MS-MOI-BAR50,1,36.0,5.4
504324,3390,P10,MS-MSK-CLY100,1,26.0,0.0
504325,3390,P03,MS-SER-VTC30,2,34.0,0.0
504326,3391,P05,MS-SER-NIA30,1,29.0,5.8
504327,3392,P05,MS-SER-NIA30,1,29.0,5.8
504328,3392,P01,MS-CLN-GEL150,1,22.0,4.4
504329,3393,P10,MS-MSK-CLY100,1,26.0,0.0
504330,3394,P03,MS-SER-VTC30,1,34.0,3.4
504331,3395,P12,MS-SET-RTN3,1,84.0,16.8
504332,3395,P05,MS-SER-NIA30,1,29.0,5.8
504333,3395,P03,MS-SER-VTC30,1,34.0,6.8
504334,3396,P04,MS-SER-HYA30,2,34.0,6.8
504335,3397,P07,MS-MOI-SPF50,1,32.0,10.24
504336,3397,P03,MS-SER-VTC30,1,34.0,10.88
504337,3397,P06,MS-TRT-RET50,1,44.0,14.08
504338,3397,P04,MS-SER-HYA30,2,34.0,21.76
504339,3398,P04,MS-SER-HYA30,1,34.0,6.8
504340,3399,P03,MS-SER-VTC30,1,34.0,6.8
504341,3400,P05,MS-SER-NIA30,1,29.0,5.8
504342,3400,P07,MS-MOI-SPF50,1,32.0,6.4
504343,3400,P03,MS-SER-VTC30,1,34.0,6.8
504344,3400,P06,MS-TRT-RET50,2,44.0,17.6
504345,3401,P01,MS-CLN-GEL150,1,22.0,0.0
504346,3401,P09,MS-EYE-015,1,30.0,0.0
504347,3401,P05,MS-SER-NIA30,1,29.0,0.0
504348,3402,P11,MS-BDY-LOT400,2,28.0,0.0
504349,3403,P04,MS-SER-HYA30,1,34.0,0.0
504350,3403,P06,MS-TRT-RET50,1,44.0,0.0
504351,3403,P02,MS-CLN-CRM150,1,24.0,0.0
504352,3403,P03,MS-SER-VTC30,1,34.0,0.0
504353,3404,P06,MS-TRT-RET50,1,44.0,8.8
504354,3404,P03,MS-SER-VTC30,2,34.0,13.6
504355,3405,P10,MS-MSK-CLY100,1,26.0,2.6
504356,3405,P03,MS-SER-VTC30,1,34.0,3.4
504357,3405,P07,MS-MOI-SPF50,1,32.0,3.2
504358,3405,P04,MS-SER-HYA30,1,34.0,3.4
504359,3406,P08,MS-MOI-BAR50,1,36.0,7.2
504360,3407,P05,MS-SER-NIA30,1,29.0,5.8
504361,3407,P01,MS-CLN-GEL150,1,22.0,4.4
504362,3408,P09,MS-EYE-015,1,30.0,4.5
504363,3408,P04,MS-SER-HYA30,1,34.0,5.1
504364,3409,P05,MS-SER-NIA30,1,29.0,4.35
504365,3409,P10,MS-MSK-CLY100,1,26.0,3.9
504366,3410,P04,MS-SER-HYA30,1,34.0,0.0
504367,3411,P04,MS-SER-HYA30,1,34.0,6.8
504368,3412,P06,MS-TRT-RET50,1,44.0,4.4
504369,3412,P03,MS-SER-VTC30,1,34.0,3.4
504370,3412,P12,MS-SET-RTN3,1,84.0,8.4
504371,3413,P06,MS-TRT-RET50,1,44.0,14.08
504372,3413,P04,MS-SER-HYA30,1,34.0,10.88
504373,3414,P01,MS-CLN-GEL150,1,22.0,0.0
504374,3414,P04,MS-SER-HYA30,2,34.0,0.0
504375,3414,P02,MS-CLN-CRM150,1,24.0,0.0
504376,3414,P12,MS-SET-RTN3,1,84.0,0.0
504377,3415,P03,MS-SER-VTC30,2,34.0,0.0
504378,3416,P04,MS-SER-HYA30,1,34.0,6.8
504379,3417,P03,MS-SER-VTC30,1,34.0,5.1
504380,3418,P06,MS-TRT-RET50,2,44.0,13.2
504381,3418,P08,MS-MOI-BAR50,1,36.0,5.4
504382,3418,P07,MS-MOI-SPF50,1,32.0,4.8
504383,3418,P05,MS-SER-NIA30,1,29.0,4.35
504384,3419,P05,MS-SER-NIA30,1,29.0,4.35
504385,3419,P07,MS-MOI-SPF50,1,32.0,4.8
504386,3420,P01,MS-CLN-GEL150,1,22.0,2.2
504387,3420,P03,MS-SER-VTC30,2,34.0,6.8
504388,3420,P09,MS-EYE-015,1,30.0,3.0
504389,3421,P12,MS-SET-RTN3,1,84.0,26.88
504390,3422,P03,MS-SER-VTC30,1,34.0,6.8
504391,3423,P12,MS-SET-RTN3,1,84.0,0.0
504392,3423,P03,MS-SER-VTC30,1,34.0,0.0
504393,3424,P02,MS-CLN-CRM150,1,24.0,0.0
504394,3425,P07,MS-MOI-SPF50,1,32.0,4.8
504395,3426,P07,MS-MOI-SPF50,1,32.0,0.0
504396,3427,P06,MS-TRT-RET50,1,44.0,0.0
504397,3427,P03,MS-SER-VTC30,1,34.0,0.0
504398,3427,P07,MS-MOI-SPF50,2,32.0,0.0
504399,3428,P08,MS-MOI-BAR50,2,36.0,7.2
504400,3429,P10,MS-MSK-CLY100,1,26.0,3.9
504401,3430,P04,MS-SER-HYA30,2,34.0,0.0
504402,3430,P03,MS-SER-VTC30,1,34.0,0.0
504403,3431,P05,MS-SER-NIA30,1,29.0,2.9
504404,3432,P11,MS-BDY-LOT400,1,28.0,0.0
504405,3433,P03,MS-SER-VTC30,1,34.0,5.1
504406,3433,P09,MS-EYE-015,1,30.0,4.5
504407,3433,P05,MS-SER-NIA30,1,29.0,4.35
504408,3434,P07,MS-MOI-SPF50,1,32.0,0.0
504409,3434,P03,MS-SER-VTC30,2,34.0,0.0
504410,3434,P04,MS-SER-HYA30,1,34.0,0.0
504411,3434,P08,MS-MOI-BAR50,1,36.0,0.0
504412,3435,P05,MS-SER-NIA30,1,29.0,0.0
504413,3436,P07,MS-MOI-SPF50,1,32.0,0.0
504414,3436,P08,MS-MOI-BAR50,1,36.0,0.0
504415,3437,P02,MS-CLN-CRM150,1,24.0,0.0
504416,3438,P03,MS-SER-VTC30,1,34.0,0.0
504417,3439,P03,MS-SER-VTC30,1,38.0,5.7
504418,3440,P04,MS-SER-HYA30,1,34.0,0.0
504419,3440,P11,MS-BDY-LOT400,1,28.0,0.0
504420,3440,P05,MS-SER-NIA30,1,29.0,0.0
504421,3441,P04,MS-SER-HYA30,2,34.0,0.0
504422,3442,P10,MS-MSK-CLY100,1,26.0,0.0
504423,3442,P07,MS-MOI-SPF50,1,32.0,0.0
504424,3443,P05,MS-SER-NIA30,1,29.0,4.35
504425,3444,P05,MS-SER-NIA30,1,29.0,0.0
504426,3444,P04,MS-SER-HYA30,1,34.0,0.0
504427,3445,P08,MS-MOI-BAR50,1,36.0,5.4
504428,3445,P01,MS-CLN-GEL150,1,22.0,3.3
504429,3446,P04,MS-SER-HYA30,1,34.0,3.4
504430,3446,P07,MS-MOI-SPF50,1,32.0,3.2
504431,3446,P10,MS-MSK-CLY100,1,26.0,2.6
504432,3447,P07,MS-MOI-SPF50,1,32.0,0.0
504433,3448,P01,MS-CLN-GEL150,1,22.0,0.0
504434,3449,P02,MS-CLN-CRM150,1,24.0,2.4
504435,3449,P10,MS-MSK-CLY100,1,26.0,2.6
504436,3450,P01,MS-CLN-GEL150,2,22.0,0.0
504437,3451,P03,MS-SER-VTC30,2,38.0,0.0
504438,3451,P06,MS-TRT-RET50,2,44.0,0.0
504439,3452,P01,MS-CLN-GEL150,1,22.0,2.2
504440,3453,P04,MS-SER-HYA30,1,34.0,5.1
504441,3453,P03,MS-SER-VTC30,1,38.0,5.7
504442,3454,P10,MS-MSK-CLY100,1,26.0,2.6
504443,3454,P01,MS-CLN-GEL150,2,22.0,4.4
504444,3454,P06,MS-TRT-RET50,1,44.0,4.4
504445,3455,P03,MS-SER-VTC30,1,38.0,0.0
504446,3456,P02,MS-CLN-CRM150,1,24.0,0.0
504447,3457,P06,MS-TRT-RET50,1,44.0,0.0
504448,3457,P07,MS-MOI-SPF50,2,32.0,0.0
504449,3458,P05,MS-SER-NIA30,2,29.0,0.0
504450,3459,P04,MS-SER-HYA30,2,34.0,0.0
504451,3460,P05,MS-SER-NIA30,1,29.0,0.0
504452,3461,P07,MS-MOI-SPF50,1,32.0,0.0
504453,3462,P04,MS-SER-HYA30,2,34.0,0.0
504454,3463,P03,MS-SER-VTC30,1,38.0,0.0
504455,3464,P07,MS-MOI-SPF50,1,32.0,0.0
504456,3464,P12,MS-SET-RTN3,1,88.0,0.0
504457,3464,P01,MS-CLN-GEL150,1,22.0,0.0
504458,3465,P05,MS-SER-NIA30,1,29.0,4.35
504459,3466,P05,MS-SER-NIA30,1,29.0,0.0
504460,3466,P08,MS-MOI-BAR50,1,36.0,0.0
504461,3467,P07,MS-MOI-SPF50,1,32.0,3.84
504462,3467,P01,MS-CLN-GEL150,1,22.0,2.64
504463,3467,P08,MS-MOI-BAR50,1,36.0,4.32
504464,3468,P11,MS-BDY-LOT400,1,28.0,3.36
504465,3468,P12,MS-SET-RTN3,1,88.0,10.56
504466,3469,P01,MS-CLN-GEL150,1,22.0,0.0
504467,3470,P08,MS-MOI-BAR50,1,36.0,5.4
504468,3471,P07,MS-MOI-SPF50,1,32.0,4.8
504469,3472,P07,MS-MOI-SPF50,1,32.0,3.2
504470,3473,P06,MS-TRT-RET50,1,44.0,0.0
504471,3474,P03,MS-SER-VTC30,1,38.0,0.0
504472,3474,P07,MS-MOI-SPF50,1,32.0,0.0
504473,3474,P02,MS-CLN-CRM150,1,24.0,0.0
504474,3475,P03,MS-SER-VTC30,1,38.0,0.0
504475,3475,P07,MS-MOI-SPF50,1,32.0,0.0
504476,3475,P05,MS-SER-NIA30,1,29.0,0.0
504477,3476,P09,MS-EYE-015,1,30.0,0.0
504478,3477,P04,MS-SER-HYA30,1,34.0,5.1
504479,3478,P11,MS-BDY-LOT400,1,28.0,0.0
504480,3479,P06,MS-TRT-RET50,2,44.0,13.2
504481,3480,P06,MS-TRT-RET50,1,44.0,0.0
504482,3480,P04,MS-SER-HYA30,1,34.0,0.0
504483,3480,P02,MS-CLN-CRM150,1,24.0,0.0
504484,3480,P07,MS-MOI-SPF50,1,32.0,0.0
504485,3481,P03,MS-SER-VTC30,1,38.0,0.0
504486,3482,P01,MS-CLN-GEL150,1,22.0,2.2
504487,3483,P03,MS-SER-VTC30,1,38.0,0.0
504488,3483,P02,MS-CLN-CRM150,1,24.0,0.0
504489,3484,P05,MS-SER-NIA30,1,29.0,0.0
504490,3484,P12,MS-SET-RTN3,1,88.0,0.0
504491,3484,P04,MS-SER-HYA30,1,34.0,0.0
504492,3485,P01,MS-CLN-GEL150,1,22.0,3.3
504493,3486,P03,MS-SER-VTC30,1,38.0,0.0
504494,3486,P06,MS-TRT-RET50,1,44.0,0.0
504495,3487,P03,MS-SER-VTC30,1,38.0,5.7
504496,3488,P06,MS-TRT-RET50,1,44.0,0.0
504497,3488,P01,MS-CLN-GEL150,1,22.0,0.0
504498,3489,P07,MS-MOI-SPF50,1,32.0,0.0
504499,3489,P03,MS-SER-VTC30,1,38.0,0.0
504500,3490,P09,MS-EYE-015,1,30.0,0.0
504501,3491,P07,MS-MOI-SPF50,1,32.0,0.0
504502,3491,P01,MS-CLN-GEL150,1,22.0,0.0
600001,3491,P07,MS-MOI-SPF50,1,32.0,0.0
504503,3492,P11,MS-BDY-LOT400,1,28.0,4.2
504504,3493,P06,MS-TRT-RET50,1,44.0,6.6
504505,3494,P04,MS-SER-HYA30,1,34.0,3.4
504506,3495,P03,MS-SER-VTC30,1,38.0,0.0
504507,3495,P07,MS-MOI-SPF50,2,32.0,0.0
504508,3496,P06,MS-TRT-RET50,2,44.0,13.2
504509,3497,P01,MS-CLN-GEL150,1,22.0,3.3
504510,3498,P04,MS-SER-HYA30,1,34.0,5.1
504511,3498,P08,MS-MOI-BAR50,1,36.0,5.4
504512,3499,P04,MS-SER-HYA30,1,34.0,3.4
504513,3499,P07,MS-MOI-SPF50,1,32.0,3.2
504514,3500,P01,MS-CLN-GEL150,1,22.0,3.3
504515,3501,P05,MS-SER-NIA30,1,29.0,0.0
504516,3501,P03,MS-SER-VTC30,1,38.0,0.0
504517,3502,P06,MS-TRT-RET50,1,44.0,0.0
504518,3503,P03,MS-SER-VTC30,1,38.0,5.7
504519,3503,P05,MS-SER-NIA30,1,29.0,4.35
504520,3503,P06,MS-TRT-RET50,1,44.0,6.6
504521,3504,P08,MS-MOI-BAR50,1,36.0,0.0
504522,3504,P02,MS-CLN-CRM150,1,24.0,0.0
504523,3505,P06,MS-TRT-RET50,1,44.0,0.0
504524,3505,P04,MS-SER-HYA30,1,34.0,0.0
504525,3506,P09,MS-EYE-015,1,30.0,0.0
504526,3506,P06,MS-TRT-RET50,1,44.0,0.0
504527,3507,P01,MS-CLN-GEL150,1,22.0,0.0
504528,3508,P03,MS-SER-VTC30,1,38.0,0.0
504529,3509,P04,MS-SER-HYA30,1,34.0,0.0
504530,3510,P06,MS-TRT-RET50,1,44.0,0.0
504531,3511,P10,MS-MSK-CLY100,1,26.0,0.0
504532,3512,P12,MS-SET-RTN3,1,88.0,0.0
504533,3512,P01,MS-CLN-GEL150,1,22.0,0.0
504534,3512,P08,MS-MOI-BAR50,1,36.0,0.0
504535,3513,P10,MS-MSK-CLY100,1,26.0,3.9
504536,3514,P03,MS-SER-VTC30,1,38.0,0.0
504537,3514,P07,MS-MOI-SPF50,1,32.0,0.0
504538,3515,P03,MS-SER-VTC30,1,38.0,5.7
504539,3515,P05,MS-SER-NIA30,1,29.0,4.35
504540,3515,P01,MS-CLN-GEL150,1,22.0,3.3
504541,3516,P01,MS-CLN-GEL150,1,22.0,3.3
504542,3516,P04,MS-SER-HYA30,1,34.0,5.1
504543,3516,P12,MS-SET-RTN3,1,88.0,13.2
504544,3517,P09,MS-EYE-015,1,30.0,0.0
504545,3518,P03,MS-SER-VTC30,1,38.0,0.0
504546,3519,P03,MS-SER-VTC30,2,38.0,7.6
504547,3520,P10,MS-MSK-CLY100,1,26.0,3.9
504548,3521,P01,MS-CLN-GEL150,1,22.0,0.0
504549,3522,P03,MS-SER-VTC30,1,38.0,0.0
504550,3523,P01,MS-CLN-GEL150,1,22.0,2.2
504551,3524,P01,MS-CLN-GEL150,2,22.0,0.0
504552,3525,P07,MS-MOI-SPF50,2,32.0,0.0
504553,3525,P01,MS-CLN-GEL150,1,22.0,0.0
504554,3525,P03,MS-SER-VTC30,1,38.0,0.0
504555,3525,P02,MS-CLN-CRM150,1,24.0,0.0
504556,3526,P10,MS-MSK-CLY100,1,26.0,0.0
504557,3526,P04,MS-SER-HYA30,1,34.0,0.0
504558,3526,P03,MS-SER-VTC30,1,38.0,0.0
504559,3526,P02,MS-CLN-CRM150,2,24.0,0.0
504560,3527,P10,MS-MSK-CLY100,1,26.0,0.0
504561,3528,P05,MS-SER-NIA30,1,29.0,0.0
504562,3528,P02,MS-CLN-CRM150,1,24.0,0.0
504563,3529,P08,MS-MOI-BAR50,1,36.0,9.99
504564,3529,P12,MS-SET-RTN3,1,88.0,24.42
504565,3530,P04,MS-SER-HYA30,2,34.0,10.2
504566,3531,P05,MS-SER-NIA30,2,29.0,8.7
504567,3531,P04,MS-SER-HYA30,1,34.0,5.1
504568,3531,P03,MS-SER-VTC30,1,38.0,5.7
504569,3531,P10,MS-MSK-CLY100,1,26.0,3.9
504570,3532,P03,MS-SER-VTC30,1,38.0,3.8
504571,3532,P09,MS-EYE-015,1,30.0,3.0
504572,3533,P03,MS-SER-VTC30,1,38.0,3.8
504573,3533,P07,MS-MOI-SPF50,1,32.0,3.2
504574,3533,P04,MS-SER-HYA30,2,34.0,6.8
504575,3534,P04,MS-SER-HYA30,1,34.0,0.0
504576,3535,P02,MS-CLN-CRM150,1,24.0,2.4
504577,3535,P03,MS-SER-VTC30,1,38.0,3.8
504578,3536,P03,MS-SER-VTC30,1,38.0,0.0
504579,3537,P07,MS-MOI-SPF50,2,32.0,0.0
504580,3538,P01,MS-CLN-GEL150,1,22.0,0.0
504581,3538,P04,MS-SER-HYA30,1,34.0,0.0
504582,3539,P02,MS-CLN-CRM150,1,24.0,3.6
504583,3540,P07,MS-MOI-SPF50,1,32.0,0.0
504584,3541,P03,MS-SER-VTC30,1,38.0,0.0
504585,3542,P03,MS-SER-VTC30,1,38.0,5.7
504586,3542,P05,MS-SER-NIA30,1,29.0,4.35
504587,3543,P03,MS-SER-VTC30,1,38.0,0.0
504588,3543,P08,MS-MOI-BAR50,2,36.0,0.0
504589,3543,P05,MS-SER-NIA30,2,29.0,0.0
504590,3544,P02,MS-CLN-CRM150,1,24.0,2.4
504591,3545,P03,MS-SER-VTC30,1,38.0,0.0
504592,3546,P09,MS-EYE-015,1,30.0,3.0
504593,3546,P07,MS-MOI-SPF50,1,32.0,3.2
504594,3547,P03,MS-SER-VTC30,1,38.0,0.0
504595,3548,P01,MS-CLN-GEL150,1,22.0,0.0
504596,3548,P10,MS-MSK-CLY100,2,26.0,0.0
504597,3549,P01,MS-CLN-GEL150,1,22.0,3.3
504598,3550,P11,MS-BDY-LOT400,1,28.0,0.0
504599,3551,P08,MS-MOI-BAR50,1,36.0,5.4
504600,3551,P05,MS-SER-NIA30,1,29.0,4.35
504601,3552,P09,MS-EYE-015,1,30.0,0.0
504602,3553,P01,MS-CLN-GEL150,1,22.0,0.0
504603,3553,P12,MS-SET-RTN3,1,88.0,0.0
504604,3553,P03,MS-SER-VTC30,1,38.0,0.0
504605,3554,P10,MS-MSK-CLY100,1,26.0,0.0
504606,3555,P02,MS-CLN-CRM150,1,24.0,0.0
504607,3555,P05,MS-SER-NIA30,1,29.0,0.0
504608,3556,P01,MS-CLN-GEL150,2,22.0,0.0
504609,3556,P04,MS-SER-HYA30,1,34.0,0.0
504610,3556,P05,MS-SER-NIA30,1,29.0,0.0
504611,3557,P06,MS-TRT-RET50,1,44.0,4.4
504612,3558,P06,MS-TRT-RET50,1,44.0,0.0
504613,3558,P01,MS-CLN-GEL150,1,22.0,0.0
504614,3559,P03,MS-SER-VTC30,1,38.0,0.0
504615,3559,P05,MS-SER-NIA30,1,29.0,0.0
504616,3560,P12,MS-SET-RTN3,1,88.0,13.2
504617,3561,P12,MS-SET-RTN3,1,88.0,0.0
504618,3561,P01,MS-CLN-GEL150,1,22.0,0.0
504619,3561,P02,MS-CLN-CRM150,1,24.0,0.0
504620,3562,P12,MS-SET-RTN3,1,88.0,0.0
504621,3562,P03,MS-SER-VTC30,2,38.0,0.0
504622,3563,P03,MS-SER-VTC30,1,38.0,0.0
504623,3564,P08,MS-MOI-BAR50,2,36.0,0.0
504624,3564,P03,MS-SER-VTC30,1,38.0,0.0
504625,3564,P02,MS-CLN-CRM150,1,24.0,0.0
504626,3565,P03,MS-SER-VTC30,1,38.0,0.0
504627,3566,P08,MS-MOI-BAR50,1,36.0,0.0
504628,3567,P12,MS-SET-RTN3,1,88.0,0.0
504629,3567,P04,MS-SER-HYA30,1,34.0,0.0
504630,3568,P09,MS-EYE-015,1,30.0,4.5
504631,3569,P10,MS-MSK-CLY100,1,26.0,2.6
504632,3570,P05,MS-SER-NIA30,1,29.0,2.9
504633,3570,P02,MS-CLN-CRM150,1,24.0,2.4
504634,3570,P10,MS-MSK-CLY100,1,26.0,2.6
504635,3571,P11,MS-BDY-LOT400,1,28.0,4.2
504636,3571,P06,MS-TRT-RET50,1,44.0,6.6
504637,3571,P01,MS-CLN-GEL150,1,22.0,3.3
504638,3572,P11,MS-BDY-LOT400,1,28.0,0.0
504639,3573,P04,MS-SER-HYA30,1,34.0,0.0
504640,3574,P01,MS-CLN-GEL150,1,22.0,3.3
504641,3575,P08,MS-MOI-BAR50,1,36.0,5.4
504642,3576,P03,MS-SER-VTC30,1,38.0,5.7
504643,3577,P09,MS-EYE-015,1,30.0,0.0
504644,3578,P09,MS-EYE-015,1,30.0,0.0
504645,3579,P11,MS-BDY-LOT400,1,28.0,0.0
504646,3580,P03,MS-SER-VTC30,1,38.0,0.0
504647,3581,P01,MS-CLN-GEL150,2,22.0,0.0
504648,3581,P07,MS-MOI-SPF50,1,32.0,0.0
504649,3582,P01,MS-CLN-GEL150,1,22.0,0.0
504650,3582,P03,MS-SER-VTC30,1,38.0,0.0
504651,3582,P05,MS-SER-NIA30,2,29.0,0.0
504652,3583,P10,MS-MSK-CLY100,1,26.0,0.0
504653,3584,P07,MS-MOI-SPF50,1,32.0,0.0
504654,3585,P03,MS-SER-VTC30,1,38.0,0.0
504655,3586,P03,MS-SER-VTC30,1,38.0,0.0
504656,3587,P03,MS-SER-VTC30,1,38.0,5.7
504657,3588,P05,MS-SER-NIA30,1,29.0,4.35
504658,3589,P10,MS-MSK-CLY100,1,26.0,0.0
504659,3589,P07,MS-MOI-SPF50,1,32.0,0.0
504660,3590,P04,MS-SER-HYA30,1,34.0,0.0
504661,3590,P05,MS-SER-NIA30,1,29.0,0.0
504662,3591,P07,MS-MOI-SPF50,1,32.0,4.8
504663,3592,P04,MS-SER-HYA30,1,34.0,0.0
504664,3593,P03,MS-SER-VTC30,1,38.0,3.8
504665,3593,P01,MS-CLN-GEL150,1,22.0,2.2
504666,3594,P08,MS-MOI-BAR50,1,36.0,0.0
504667,3594,P04,MS-SER-HYA30,1,34.0,0.0
504668,3595,P06,MS-TRT-RET50,2,44.0,0.0
504669,3596,P05,MS-SER-NIA30,1,29.0,4.35
504670,3597,P06,MS-TRT-RET50,1,44.0,0.0
504671,3598,P05,MS-SER-NIA30,1,29.0,0.0
504672,3598,P02,MS-CLN-CRM150,1,24.0,0.0
504673,3599,P02,MS-CLN-CRM150,1,24.0,0.0
504674,3600,P04,MS-SER-HYA30,1,34.0,0.0
504675,3601,P12,MS-SET-RTN3,1,88.0,8.8
504676,3601,P07,MS-MOI-SPF50,1,32.0,3.2
504677,3602,P03,MS-SER-VTC30,2,38.0,0.0
504678,3602,P04,MS-SER-HYA30,2,34.0,0.0
504679,3603,P06,MS-TRT-RET50,1,44.0,6.6
504680,3603,P02,MS-CLN-CRM150,1,24.0,3.6
504681,3603,P04,MS-SER-HYA30,2,34.0,10.2
504682,3603,P07,MS-MOI-SPF50,1,32.0,4.8
504683,3604,P01,MS-CLN-GEL150,2,22.0,6.6
504684,3604,P06,MS-TRT-RET50,1,44.0,6.6
504685,3604,P02,MS-CLN-CRM150,1,24.0,3.6
504686,3605,P05,MS-SER-NIA30,1,29.0,4.35
504687,3606,P11,MS-BDY-LOT400,1,28.0,0.0
504688,3607,P10,MS-MSK-CLY100,1,26.0,0.0
504689,3608,P04,MS-SER-HYA30,1,34.0,3.4
504690,3609,P08,MS-MOI-BAR50,1,36.0,5.4
504691,3609,P01,MS-CLN-GEL150,1,22.0,3.3
504692,3610,P05,MS-SER-NIA30,1,29.0,0.0
504693,3610,P04,MS-SER-HYA30,1,34.0,0.0
504694,3611,P05,MS-SER-NIA30,1,29.0,0.0
504695,3612,P11,MS-BDY-LOT400,1,28.0,4.2
504696,3613,P09,MS-EYE-015,1,30.0,0.0
504697,3613,P01,MS-CLN-GEL150,2,22.0,0.0
504698,3614,P10,MS-MSK-CLY100,1,26.0,0.0
504699,3615,P05,MS-SER-NIA30,1,29.0,2.9
504700,3616,P08,MS-MOI-BAR50,1,36.0,0.0
504701,3616,P09,MS-EYE-015,1,30.0,0.0
504702,3617,P07,MS-MOI-SPF50,1,32.0,0.0
504703,3617,P06,MS-TRT-RET50,1,44.0,0.0
504704,3617,P12,MS-SET-RTN3,1,88.0,0.0
504705,3618,P02,MS-CLN-CRM150,1,24.0,3.6
504706,3618,P06,MS-TRT-RET50,1,44.0,6.6
504707,3619,P11,MS-BDY-LOT400,1,28.0,4.2
504708,3619,P01,MS-CLN-GEL150,1,22.0,3.3
504709,3620,P04,MS-SER-HYA30,1,34.0,0.0
504710,3621,P03,MS-SER-VTC30,1,38.0,0.0
504711,3621,P01,MS-CLN-GEL150,1,22.0,0.0
504712,3622,P09,MS-EYE-015,1,30.0,0.0
504713,3622,P05,MS-SER-NIA30,1,29.0,0.0
504714,3622,P10,MS-MSK-CLY100,1,26.0,0.0
504715,3623,P03,MS-SER-VTC30,1,38.0,5.7
504716,3623,P05,MS-SER-NIA30,1,29.0,4.35
504717,3624,P06,MS-TRT-RET50,1,44.0,0.0
504718,3625,P04,MS-SER-HYA30,1,34.0,0.0
504719,3625,P05,MS-SER-NIA30,1,29.0,0.0
504720,3626,P06,MS-TRT-RET50,1,44.0,4.4
504721,3627,P07,MS-MOI-SPF50,1,32.0,0.0
504722,3627,P04,MS-SER-HYA30,1,34.0,0.0
504723,3628,P02,MS-CLN-CRM150,1,24.0,0.0
504724,3628,P01,MS-CLN-GEL150,1,22.0,0.0
504725,3628,P03,MS-SER-VTC30,1,38.0,0.0
504726,3628,P05,MS-SER-NIA30,1,29.0,0.0
504727,3629,P10,MS-MSK-CLY100,1,26.0,0.0
504728,3630,P06,MS-TRT-RET50,1,44.0,6.6
504729,3630,P09,MS-EYE-015,1,30.0,4.5
504730,3630,P05,MS-SER-NIA30,1,29.0,4.35
504731,3630,P12,MS-SET-RTN3,1,88.0,13.2
504732,3631,P01,MS-CLN-GEL150,1,22.0,0.0
504733,3631,P04,MS-SER-HYA30,1,34.0,0.0
504734,3631,P07,MS-MOI-SPF50,1,32.0,0.0
504735,3631,P03,MS-SER-VTC30,2,38.0,0.0
504736,3632,P01,MS-CLN-GEL150,1,22.0,0.0
504737,3632,P03,MS-SER-VTC30,1,38.0,0.0
504738,3632,P08,MS-MOI-BAR50,1,36.0,0.0
504739,3632,P11,MS-BDY-LOT400,1,28.0,0.0
504740,3633,P03,MS-SER-VTC30,1,38.0,0.0
504741,3633,P04,MS-SER-HYA30,2,34.0,0.0
504742,3634,P10,MS-MSK-CLY100,1,26.0,0.0
504743,3635,P03,MS-SER-VTC30,1,38.0,0.0
504744,3636,P08,MS-MOI-BAR50,2,36.0,0.0
504745,3637,P01,MS-CLN-GEL150,1,22.0,0.0
504746,3638,P12,MS-SET-RTN3,1,88.0,0.0
504747,3638,P07,MS-MOI-SPF50,1,32.0,0.0
504748,3638,P03,MS-SER-VTC30,1,38.0,0.0
504749,3639,P03,MS-SER-VTC30,1,38.0,0.0
504750,3640,P06,MS-TRT-RET50,2,44.0,13.2
504751,3641,P07,MS-MOI-SPF50,2,32.0,7.68
504752,3642,P11,MS-BDY-LOT400,1,28.0,0.0
504753,3642,P03,MS-SER-VTC30,1,38.0,0.0
504754,3642,P05,MS-SER-NIA30,1,29.0,0.0
504755,3642,P06,MS-TRT-RET50,1,44.0,0.0
504756,3643,P07,MS-MOI-SPF50,1,32.0,0.0
504757,3643,P08,MS-MOI-BAR50,1,36.0,0.0
504758,3644,P07,MS-MOI-SPF50,1,32.0,4.8
504759,3645,P07,MS-MOI-SPF50,2,32.0,6.4
504760,3646,P02,MS-CLN-CRM150,1,24.0,3.6
504761,3647,P07,MS-MOI-SPF50,1,32.0,4.8
504762,3648,P04,MS-SER-HYA30,1,34.0,0.0
504763,3649,P06,MS-TRT-RET50,2,44.0,0.0
504764,3650,P04,MS-SER-HYA30,1,34.0,0.0
504765,3651,P03,MS-SER-VTC30,1,38.0,3.8
504766,3652,P12,MS-SET-RTN3,1,88.0,0.0
504767,3653,P03,MS-SER-VTC30,1,38.0,0.0
504768,3654,P04,MS-SER-HYA30,1,34.0,0.0
504769,3655,P10,MS-MSK-CLY100,1,26.0,2.6
504770,3655,P03,MS-SER-VTC30,1,38.0,3.8
504771,3655,P05,MS-SER-NIA30,1,29.0,2.9
504772,3656,P03,MS-SER-VTC30,1,38.0,0.0
504773,3656,P07,MS-MOI-SPF50,2,32.0,0.0
504774,3656,P10,MS-MSK-CLY100,1,26.0,0.0
504775,3656,P02,MS-CLN-CRM150,1,24.0,0.0
504776,3657,P08,MS-MOI-BAR50,1,36.0,5.4
504777,3658,P06,MS-TRT-RET50,1,44.0,0.0
504778,3658,P05,MS-SER-NIA30,1,29.0,0.0
504779,3658,P04,MS-SER-HYA30,1,34.0,0.0
504780,3659,P04,MS-SER-HYA30,1,34.0,3.4
504781,3659,P01,MS-CLN-GEL150,1,22.0,2.2
504782,3659,P02,MS-CLN-CRM150,1,24.0,2.4
504783,3660,P09,MS-EYE-015,1,30.0,0.0
504784,3661,P01,MS-CLN-GEL150,1,22.0,0.0
504785,3661,P12,MS-SET-RTN3,1,88.0,0.0
504786,3662,P11,MS-BDY-LOT400,1,28.0,0.0
504787,3663,P02,MS-CLN-CRM150,1,24.0,2.4
504788,3663,P08,MS-MOI-BAR50,1,36.0,3.6
504789,3664,P04,MS-SER-HYA30,1,34.0,0.0
504790,3665,P04,MS-SER-HYA30,1,34.0,0.0
504791,3666,P10,MS-MSK-CLY100,2,26.0,0.0
504792,3667,P04,MS-SER-HYA30,1,34.0,0.0
504793,3668,P05,MS-SER-NIA30,1,29.0,0.0
504794,3669,P05,MS-SER-NIA30,1,29.0,0.0
504795,3670,P03,MS-SER-VTC30,1,38.0,0.0
504796,3670,P01,MS-CLN-GEL150,1,22.0,0.0
504797,3670,P04,MS-SER-HYA30,2,34.0,0.0
504798,3671,P11,MS-BDY-LOT400,1,28.0,0.0
504799,3672,P03,MS-SER-VTC30,1,38.0,5.7
504800,3673,P02,MS-CLN-CRM150,1,24.0,0.0
504801,3673,P06,MS-TRT-RET50,1,44.0,0.0
504802,3673,P10,MS-MSK-CLY100,1,26.0,0.0
504803,3674,P09,MS-EYE-015,2,30.0,9.0
504804,3675,P12,MS-SET-RTN3,1,88.0,13.2
504805,3675,P01,MS-CLN-GEL150,1,22.0,3.3
504806,3675,P02,MS-CLN-CRM150,1,24.0,3.6
504807,3675,P10,MS-MSK-CLY100,2,26.0,7.8
504808,3676,P03,MS-SER-VTC30,1,38.0,0.0
504809,3676,P02,MS-CLN-CRM150,1,24.0,0.0
504810,3677,P03,MS-SER-VTC30,1,38.0,0.0
504811,3678,P02,MS-CLN-CRM150,1,24.0,3.6
504812,3678,P03,MS-SER-VTC30,1,38.0,5.7
504813,3678,P04,MS-SER-HYA30,1,34.0,5.1
504814,3678,P07,MS-MOI-SPF50,1,32.0,4.8
504815,3679,P03,MS-SER-VTC30,1,38.0,10.55
504816,3680,P11,MS-BDY-LOT400,1,28.0,4.2
504817,3680,P03,MS-SER-VTC30,2,38.0,11.4
504818,3681,P10,MS-MSK-CLY100,1,26.0,0.0
504819,3681,P03,MS-SER-VTC30,1,38.0,0.0
504820,3681,P09,MS-EYE-015,1,30.0,0.0
504821,3682,P03,MS-SER-VTC30,1,38.0,5.7
504822,3683,P12,MS-SET-RTN3,1,88.0,8.8
504823,3684,P01,MS-CLN-GEL150,1,22.0,0.0
504824,3684,P08,MS-MOI-BAR50,1,36.0,0.0
504825,3684,P07,MS-MOI-SPF50,1,32.0,0.0
504826,3685,P11,MS-BDY-LOT400,1,28.0,0.0
504827,3685,P04,MS-SER-HYA30,1,34.0,0.0
504828,3685,P03,MS-SER-VTC30,1,38.0,0.0
504829,3686,P10,MS-MSK-CLY100,1,26.0,3.9
504830,3687,P12,MS-SET-RTN3,1,88.0,13.2
504831,3688,P07,MS-MOI-SPF50,1,32.0,0.0
504832,3689,P04,MS-SER-HYA30,1,34.0,5.1
504833,3690,P03,MS-SER-VTC30,2,38.0,0.0
504834,3691,P12,MS-SET-RTN3,1,88.0,0.0
504835,3692,P12,MS-SET-RTN3,1,88.0,0.0
504836,3692,P03,MS-SER-VTC30,2,38.0,0.0
504837,3692,P05,MS-SER-NIA30,2,29.0,0.0
504838,3693,P02,MS-CLN-CRM150,1,24.0,3.6
504839,3694,P07,MS-MOI-SPF50,1,32.0,3.2
504840,3695,P06,MS-TRT-RET50,1,44.0,0.0
504841,3695,P04,MS-SER-HYA30,1,34.0,0.0
504842,3696,P01,MS-CLN-GEL150,1,22.0,0.0
504843,3696,P02,MS-CLN-CRM150,2,24.0,0.0
504844,3696,P04,MS-SER-HYA30,1,34.0,0.0
504845,3696,P06,MS-TRT-RET50,1,44.0,0.0
504846,3697,P03,MS-SER-VTC30,1,38.0,5.7
504847,3698,P04,MS-SER-HYA30,1,34.0,0.0
504848,3699,P03,MS-SER-VTC30,1,38.0,0.0
504849,3699,P08,MS-MOI-BAR50,1,36.0,0.0
504850,3699,P04,MS-SER-HYA30,1,34.0,0.0
504851,3699,P06,MS-TRT-RET50,1,44.0,0.0
504852,3700,P06,MS-TRT-RET50,2,44.0,0.0
504853,3700,P11,MS-BDY-LOT400,2,28.0,0.0
504854,3700,P09,MS-EYE-015,1,30.0,0.0
504855,3700,P12,MS-SET-RTN3,1,88.0,0.0
504856,3701,P11,MS-BDY-LOT400,2,28.0,0.0
504857,3702,P07,MS-MOI-SPF50,1,32.0,3.2
504858,3702,P03,MS-SER-VTC30,1,38.0,3.8
504859,3702,P08,MS-MOI-BAR50,1,36.0,3.6
504860,3702,P05,MS-SER-NIA30,1,29.0,2.9
504861,3703,P03,MS-SER-VTC30,1,38.0,0.0
504862,3703,P10,MS-MSK-CLY100,1,26.0,0.0
504863,3704,P07,MS-MOI-SPF50,1,32.0,4.8
504864,3704,P12,MS-SET-RTN3,1,88.0,13.2
504865,3705,P10,MS-MSK-CLY100,1,26.0,3.12
504866,3706,P08,MS-MOI-BAR50,1,36.0,0.0
504867,3706,P03,MS-SER-VTC30,1,38.0,0.0
504868,3707,P12,MS-SET-RTN3,1,88.0,0.0
504869,3708,P08,MS-MOI-BAR50,1,36.0,0.0
504870,3708,P04,MS-SER-HYA30,1,34.0,0.0
504871,3709,P11,MS-BDY-LOT400,1,28.0,0.0
504872,3710,P03,MS-SER-VTC30,1,38.0,0.0
504873,3711,P10,MS-MSK-CLY100,2,26.0,5.2
504874,3712,P03,MS-SER-VTC30,1,38.0,0.0
504875,3712,P02,MS-CLN-CRM150,1,24.0,0.0
504876,3713,P05,MS-SER-NIA30,1,29.0,0.0
504877,3714,P07,MS-MOI-SPF50,1,32.0,0.0
504878,3715,P03,MS-SER-VTC30,2,38.0,0.0
504879,3716,P11,MS-BDY-LOT400,1,28.0,0.0
504880,3716,P06,MS-TRT-RET50,1,44.0,0.0
504881,3717,P03,MS-SER-VTC30,1,38.0,0.0
504882,3717,P02,MS-CLN-CRM150,1,24.0,0.0
504883,3718,P03,MS-SER-VTC30,1,38.0,3.8
504884,3718,P02,MS-CLN-CRM150,1,24.0,2.4
504885,3719,P11,MS-BDY-LOT400,1,28.0,0.0
504886,3720,P08,MS-MOI-BAR50,1,36.0,0.0
504887,3721,P07,MS-MOI-SPF50,1,32.0,0.0
504888,3721,P01,MS-CLN-GEL150,2,22.0,0.0
504889,3721,P03,MS-SER-VTC30,1,38.0,0.0
504890,3722,P12,MS-SET-RTN3,1,88.0,0.0
504891,3723,P09,MS-EYE-015,2,30.0,0.0
504892,3724,P03,MS-SER-VTC30,1,38.0,0.0
504893,3724,P07,MS-MOI-SPF50,1,32.0,0.0
504894,3725,P12,MS-SET-RTN3,1,88.0,8.8
504895,3725,P05,MS-SER-NIA30,1,29.0,2.9
504896,3726,P03,MS-SER-VTC30,1,38.0,0.0
504897,3726,P06,MS-TRT-RET50,1,44.0,0.0
504898,3727,P01,MS-CLN-GEL150,1,22.0,0.0
504899,3728,P12,MS-SET-RTN3,1,88.0,0.0
504900,3728,P03,MS-SER-VTC30,2,38.0,0.0
504901,3728,P02,MS-CLN-CRM150,1,24.0,0.0
504902,3728,P01,MS-CLN-GEL150,1,22.0,0.0
504903,3729,P04,MS-SER-HYA30,1,34.0,0.0
504904,3730,P03,MS-SER-VTC30,1,38.0,0.0
504905,3731,P08,MS-MOI-BAR50,1,36.0,0.0
504906,3732,P07,MS-MOI-SPF50,1,32.0,4.8
504907,3732,P03,MS-SER-VTC30,1,38.0,5.7
504908,3733,P03,MS-SER-VTC30,1,38.0,5.7
504909,3733,P01,MS-CLN-GEL150,1,22.0,3.3
504910,3733,P04,MS-SER-HYA30,2,34.0,10.2
504911,3733,P02,MS-CLN-CRM150,1,24.0,3.6
504912,3734,P05,MS-SER-NIA30,2,29.0,5.8
504913,3735,P09,MS-EYE-015,1,30.0,0.0
504914,3735,P04,MS-SER-HYA30,2,34.0,0.0
504915,3736,P12,MS-SET-RTN3,1,88.0,0.0
504916,3736,P03,MS-SER-VTC30,1,38.0,0.0
504917,3737,P02,MS-CLN-CRM150,1,24.0,0.0
504918,3738,P12,MS-SET-RTN3,1,88.0,0.0
504919,3739,P08,MS-MOI-BAR50,1,36.0,0.0
504920,3740,P11,MS-BDY-LOT400,1,28.0,0.0
504921,3740,P05,MS-SER-NIA30,1,29.0,0.0
504922,3741,P09,MS-EYE-015,1,30.0,3.0
504923,3741,P05,MS-SER-NIA30,1,29.0,2.9
504924,3742,P03,MS-SER-VTC30,1,38.0,0.0
504925,3743,P02,MS-CLN-CRM150,1,24.0,0.0
504926,3743,P04,MS-SER-HYA30,2,34.0,0.0
504927,3744,P04,MS-SER-HYA30,1,34.0,4.08
504928,3744,P09,MS-EYE-015,1,30.0,3.6
504929,3744,P01,MS-CLN-GEL150,1,22.0,2.64
504930,3745,P01,MS-CLN-GEL150,1,22.0,3.3
504931,3745,P07,MS-MOI-SPF50,2,32.0,9.6
504932,3746,P04,MS-SER-HYA30,1,34.0,7.99
504933,3746,P01,MS-CLN-GEL150,1,22.0,5.17
504934,3746,P03,MS-SER-VTC30,1,38.0,8.93
504935,3747,P03,MS-SER-VTC30,1,38.0,0.0
504936,3747,P05,MS-SER-NIA30,2,29.0,0.0
504937,3748,P01,MS-CLN-GEL150,1,22.0,3.3
504938,3749,P03,MS-SER-VTC30,1,38.0,5.7
504939,3749,P06,MS-TRT-RET50,1,44.0,6.6
504940,3749,P05,MS-SER-NIA30,1,29.0,4.35
504941,3750,P07,MS-MOI-SPF50,1,32.0,4.8
504942,3751,P01,MS-CLN-GEL150,1,22.0,0.0
504943,3752,P09,MS-EYE-015,1,30.0,0.0
504944,3753,P09,MS-EYE-015,1,30.0,0.0
504945,3753,P03,MS-SER-VTC30,1,38.0,0.0
504946,3753,P05,MS-SER-NIA30,1,29.0,0.0
504947,3754,P03,MS-SER-VTC30,1,38.0,0.0
504948,3754,P12,MS-SET-RTN3,1,88.0,0.0
504949,3755,P06,MS-TRT-RET50,1,44.0,0.0
504950,3755,P01,MS-CLN-GEL150,1,22.0,0.0
504951,3756,P04,MS-SER-HYA30,1,34.0,0.0
504952,3757,P01,MS-CLN-GEL150,1,22.0,3.3
504953,3758,P04,MS-SER-HYA30,1,34.0,0.0
504954,3758,P03,MS-SER-VTC30,1,38.0,0.0
504955,3759,P01,MS-CLN-GEL150,1,22.0,3.3
504956,3760,P03,MS-SER-VTC30,1,38.0,0.0
504957,3761,P01,MS-CLN-GEL150,1,22.0,0.0
504958,3762,P01,MS-CLN-GEL150,1,22.0,2.2
504959,3763,P04,MS-SER-HYA30,1,34.0,3.4
504960,3763,P03,MS-SER-VTC30,1,38.0,3.8
504961,3763,P06,MS-TRT-RET50,1,44.0,4.4
504962,3764,P03,MS-SER-VTC30,1,38.0,0.0
504963,3764,P10,MS-MSK-CLY100,1,26.0,0.0
504964,3764,P01,MS-CLN-GEL150,2,22.0,0.0
504965,3765,P08,MS-MOI-BAR50,1,36.0,0.0
504966,3766,P07,MS-MOI-SPF50,1,32.0,0.0
504967,3767,P04,MS-SER-HYA30,1,34.0,3.4
504968,3767,P01,MS-CLN-GEL150,1,22.0,2.2
504969,3768,P12,MS-SET-RTN3,1,88.0,0.0
504970,3768,P05,MS-SER-NIA30,1,29.0,0.0
504971,3769,P01,MS-CLN-GEL150,1,22.0,3.3
504972,3769,P12,MS-SET-RTN3,1,88.0,13.2
504973,3769,P09,MS-EYE-015,1,30.0,4.5
504974,3770,P01,MS-CLN-GEL150,1,22.0,0.0
504975,3771,P06,MS-TRT-RET50,1,44.0,6.6
504976,3772,P09,MS-EYE-015,1,30.0,0.0
504977,3773,P04,MS-SER-HYA30,1,34.0,0.0
504978,3774,P05,MS-SER-NIA30,2,29.0,0.0
504979,3775,P03,MS-SER-VTC30,1,38.0,0.0
504980,3775,P04,MS-SER-HYA30,1,34.0,0.0
504981,3775,P12,MS-SET-RTN3,1,88.0,0.0
504982,3776,P10,MS-MSK-CLY100,1,26.0,0.0
504983,3777,P03,MS-SER-VTC30,1,38.0,5.7
504984,3778,P02,MS-CLN-CRM150,1,24.0,0.0
504985,3779,P02,MS-CLN-CRM150,1,24.0,0.0
504986,3779,P05,MS-SER-NIA30,1,29.0,0.0
504987,3780,P12,MS-SET-RTN3,1,88.0,0.0
504988,3780,P04,MS-SER-HYA30,1,34.0,0.0
504989,3781,P01,MS-CLN-GEL150,1,22.0,3.3
504990,3781,P02,MS-CLN-CRM150,1,24.0,3.6
504991,3782,P07,MS-MOI-SPF50,1,32.0,4.8
504992,3783,P03,MS-SER-VTC30,2,38.0,11.4
504993,3783,P12,MS-SET-RTN3,1,88.0,13.2
504994,3783,P07,MS-MOI-SPF50,1,32.0,4.8
504995,3784,P01,MS-CLN-GEL150,2,22.0,0.0
504996,3785,P04,MS-SER-HYA30,1,34.0,0.0
504997,3786,P11,MS-BDY-LOT400,1,28.0,0.0
504998,3787,P07,MS-MOI-SPF50,1,32.0,4.8
504999,3788,P01,MS-CLN-GEL150,1,22.0,0.0
505000,3788,P10,MS-MSK-CLY100,1,26.0,0.0
505001,3789,P12,MS-SET-RTN3,1,88.0,13.2
505002,3790,P06,MS-TRT-RET50,1,44.0,0.0
505003,3791,P08,MS-MOI-BAR50,1,36.0,0.0
505004,3792,P01,MS-CLN-GEL150,1,22.0,2.2
505005,3792,P02,MS-CLN-CRM150,1,24.0,2.4
505006,3793,P12,MS-SET-RTN3,1,88.0,0.0
505007,3794,P04,MS-SER-HYA30,2,34.0,10.2
505008,3795,P03,MS-SER-VTC30,1,38.0,0.0
505009,3795,P06,MS-TRT-RET50,1,44.0,0.0
505010,3795,P02,MS-CLN-CRM150,1,24.0,0.0
505011,3795,P10,MS-MSK-CLY100,1,26.0,0.0
505012,3796,P07,MS-MOI-SPF50,1,32.0,0.0
505013,3796,P04,MS-SER-HYA30,1,34.0,0.0
505014,3797,P03,MS-SER-VTC30,1,38.0,3.8
505015,3797,P06,MS-TRT-RET50,1,44.0,4.4
505016,3798,P04,MS-SER-HYA30,1,34.0,0.0
505017,3798,P05,MS-SER-NIA30,1,29.0,0.0
505018,3798,P10,MS-MSK-CLY100,1,26.0,0.0
505019,3799,P07,MS-MOI-SPF50,1,32.0,0.0
505020,3799,P03,MS-SER-VTC30,1,38.0,0.0
505021,3800,P04,MS-SER-HYA30,1,34.0,0.0
505022,3800,P08,MS-MOI-BAR50,1,36.0,0.0
505023,3801,P05,MS-SER-NIA30,1,29.0,0.0
505024,3802,P03,MS-SER-VTC30,2,38.0,11.4
505025,3802,P07,MS-MOI-SPF50,2,32.0,9.6
505026,3802,P05,MS-SER-NIA30,1,29.0,4.35
505027,3802,P10,MS-MSK-CLY100,1,26.0,3.9
505028,3803,P01,MS-CLN-GEL150,1,22.0,0.0
505029,3804,P06,MS-TRT-RET50,1,44.0,0.0
505030,3805,P01,MS-CLN-GEL150,1,22.0,0.0
505031,3805,P06,MS-TRT-RET50,1,44.0,0.0
505032,3805,P07,MS-MOI-SPF50,1,32.0,0.0
505033,3806,P06,MS-TRT-RET50,1,44.0,4.4
505034,3807,P02,MS-CLN-CRM150,1,24.0,0.0
505035,3807,P12,MS-SET-RTN3,1,88.0,0.0
505036,3808,P09,MS-EYE-015,1,30.0,0.0
505037,3809,P06,MS-TRT-RET50,1,44.0,0.0
505038,3809,P02,MS-CLN-CRM150,1,24.0,0.0
505039,3809,P05,MS-SER-NIA30,1,29.0,0.0
505040,3810,P02,MS-CLN-CRM150,2,24.0,0.0
505041,3811,P03,MS-SER-VTC30,1,38.0,0.0
505042,3812,P02,MS-CLN-CRM150,1,24.0,2.4
505043,3813,P03,MS-SER-VTC30,1,38.0,0.0
505044,3814,P06,MS-TRT-RET50,1,44.0,0.0
505045,3814,P11,MS-BDY-LOT400,1,28.0,0.0
505046,3815,P12,MS-SET-RTN3,1,88.0,0.0
505047,3816,P08,MS-MOI-BAR50,1,36.0,0.0
505048,3816,P12,MS-SET-RTN3,1,88.0,0.0
505049,3817,P08,MS-MOI-BAR50,1,36.0,0.0
505050,3818,P07,MS-MOI-SPF50,1,32.0,0.0
505051,3819,P08,MS-MOI-BAR50,1,36.0,0.0
505052,3819,P11,MS-BDY-LOT400,1,28.0,0.0
505053,3819,P03,MS-SER-VTC30,1,38.0,0.0
505054,3819,P05,MS-SER-NIA30,1,29.0,0.0
505055,3820,P01,MS-CLN-GEL150,1,22.0,3.3
505056,3820,P03,MS-SER-VTC30,1,38.0,5.7
505057,3820,P02,MS-CLN-CRM150,1,24.0,3.6
505058,3821,P12,MS-SET-RTN3,1,88.0,10.56
505059,3822,P12,MS-SET-RTN3,1,88.0,8.8
505060,3822,P06,MS-TRT-RET50,1,44.0,4.4
505061,3822,P04,MS-SER-HYA30,1,34.0,3.4
505062,3823,P05,MS-SER-NIA30,2,29.0,0.0
505063,3824,P10,MS-MSK-CLY100,1,26.0,2.6
505064,3825,P01,MS-CLN-GEL150,1,22.0,0.0
505065,3826,P08,MS-MOI-BAR50,1,36.0,0.0
505066,3826,P06,MS-TRT-RET50,2,44.0,0.0
505067,3826,P01,MS-CLN-GEL150,1,22.0,0.0
505068,3826,P12,MS-SET-RTN3,1,88.0,0.0
505069,3827,P08,MS-MOI-BAR50,2,36.0,10.8
505070,3827,P03,MS-SER-VTC30,1,38.0,5.7
505071,3828,P04,MS-SER-HYA30,1,34.0,3.4
505072,3829,P10,MS-MSK-CLY100,1,26.0,0.0
505073,3830,P11,MS-BDY-LOT400,1,28.0,0.0
505074,3831,P06,MS-TRT-RET50,1,44.0,0.0
505075,3831,P12,MS-SET-RTN3,1,88.0,0.0
505076,3832,P05,MS-SER-NIA30,1,29.0,4.35
505077,3833,P03,MS-SER-VTC30,1,38.0,0.0
505078,3833,P07,MS-MOI-SPF50,2,32.0,0.0
505079,3833,P04,MS-SER-HYA30,1,34.0,0.0
505080,3834,P01,MS-CLN-GEL150,1,22.0,3.3
505081,3835,P06,MS-TRT-RET50,1,44.0,0.0
505082,3836,P11,MS-BDY-LOT400,1,28.0,0.0
505083,3837,P02,MS-CLN-CRM150,2,24.0,0.0
505084,3837,P04,MS-SER-HYA30,1,34.0,0.0
505085,3838,P10,MS-MSK-CLY100,1,26.0,3.9
505086,3838,P03,MS-SER-VTC30,1,38.0,5.7
505087,3839,P04,MS-SER-HYA30,1,34.0,5.1
505088,3839,P03,MS-SER-VTC30,1,38.0,5.7
505089,3839,P02,MS-CLN-CRM150,1,24.0,3.6
505090,3840,P03,MS-SER-VTC30,1,38.0,5.7
505091,3841,P10,MS-MSK-CLY100,1,26.0,2.6
505092,3842,P03,MS-SER-VTC30,1,38.0,0.0
505093,3842,P10,MS-MSK-CLY100,1,26.0,0.0
505094,3843,P06,MS-TRT-RET50,2,44.0,8.8
505095,3843,P05,MS-SER-NIA30,1,29.0,2.9
505096,3844,P01,MS-CLN-GEL150,1,22.0,2.2
505097,3845,P07,MS-MOI-SPF50,1,32.0,4.8
505098,3846,P03,MS-SER-VTC30,1,38.0,0.0
505099,3847,P07,MS-MOI-SPF50,1,32.0,0.0
505100,3847,P02,MS-CLN-CRM150,2,24.0,0.0
505101,3848,P04,MS-SER-HYA30,1,34.0,0.0
505102,3848,P08,MS-MOI-BAR50,1,36.0,0.0
505103,3848,P05,MS-SER-NIA30,1,29.0,0.0
505104,3849,P05,MS-SER-NIA30,2,29.0,0.0
505105,3849,P08,MS-MOI-BAR50,1,36.0,0.0
505106,3850,P07,MS-MOI-SPF50,1,32.0,4.8
505107,3850,P06,MS-TRT-RET50,1,44.0,6.6
505108,3851,P07,MS-MOI-SPF50,1,32.0,0.0
505109,3852,P01,MS-CLN-GEL150,1,22.0,3.3
505110,3852,P05,MS-SER-NIA30,1,29.0,4.35
505111,3852,P03,MS-SER-VTC30,1,38.0,5.7
505112,3852,P12,MS-SET-RTN3,1,88.0,13.2
505113,3853,P07,MS-MOI-SPF50,1,32.0,0.0
505114,3853,P04,MS-SER-HYA30,1,34.0,0.0
505115,3854,P02,MS-CLN-CRM150,1,24.0,0.0
505116,3854,P07,MS-MOI-SPF50,1,32.0,0.0
505117,3855,P01,MS-CLN-GEL150,2,22.0,0.0
505118,3856,P12,MS-SET-RTN3,1,88.0,13.2
505119,3857,P07,MS-MOI-SPF50,1,32.0,4.8
505120,3858,P07,MS-MOI-SPF50,1,32.0,0.0
505121,3858,P01,MS-CLN-GEL150,1,22.0,0.0
505122,3858,P04,MS-SER-HYA30,1,34.0,0.0
505123,3858,P02,MS-CLN-CRM150,1,24.0,0.0
505124,3859,P10,MS-MSK-CLY100,1,26.0,3.9
505125,3860,P01,MS-CLN-GEL150,1,22.0,3.3
505126,3860,P07,MS-MOI-SPF50,1,32.0,4.8
505127,3861,P11,MS-BDY-LOT400,1,28.0,0.0
505128,3861,P06,MS-TRT-RET50,1,44.0,0.0
505129,3862,P03,MS-SER-VTC30,1,38.0,5.7
505130,3862,P01,MS-CLN-GEL150,1,22.0,3.3
505131,3862,P08,MS-MOI-BAR50,1,36.0,5.4
505132,3863,P11,MS-BDY-LOT400,1,28.0,0.0
505133,3864,P05,MS-SER-NIA30,1,29.0,0.0
505134,3865,P10,MS-MSK-CLY100,1,26.0,3.9
505135,3866,P02,MS-CLN-CRM150,1,24.0,3.6
505136,3867,P02,MS-CLN-CRM150,1,24.0,3.6
505137,3867,P04,MS-SER-HYA30,1,34.0,5.1
505138,3868,P05,MS-SER-NIA30,1,29.0,0.0
505139,3868,P12,MS-SET-RTN3,1,88.0,0.0
505140,3869,P01,MS-CLN-GEL150,1,22.0,3.3
505141,3870,P01,MS-CLN-GEL150,1,22.0,0.0
505142,3871,P04,MS-SER-HYA30,1,34.0,0.0
505143,3872,P03,MS-SER-VTC30,1,38.0,0.0
505144,3873,P10,MS-MSK-CLY100,2,26.0,7.8
505145,3873,P03,MS-SER-VTC30,1,38.0,5.7
505146,3873,P01,MS-CLN-GEL150,1,22.0,3.3
505147,3873,P09,MS-EYE-015,1,30.0,4.5
505148,3874,P10,MS-MSK-CLY100,1,26.0,3.9
505149,3875,P12,MS-SET-RTN3,1,88.0,0.0
505150,3875,P02,MS-CLN-CRM150,1,24.0,0.0
505151,3875,P04,MS-SER-HYA30,1,34.0,0.0
505152,3875,P03,MS-SER-VTC30,1,38.0,0.0
505153,3876,P04,MS-SER-HYA30,1,34.0,5.1
505154,3877,P12,MS-SET-RTN3,1,88.0,13.2
505155,3878,P04,MS-SER-HYA30,1,34.0,0.0
505156,3879,P10,MS-MSK-CLY100,1,26.0,3.9
505157,3879,P04,MS-SER-HYA30,1,34.0,5.1
505158,3880,P03,MS-SER-VTC30,1,38.0,5.7
505159,3880,P04,MS-SER-HYA30,2,34.0,10.2
505160,3881,P03,MS-SER-VTC30,1,38.0,0.0
505161,3882,P01,MS-CLN-GEL150,2,22.0,0.0
505162,3883,P01,MS-CLN-GEL150,1,22.0,3.3
505163,3884,P04,MS-SER-HYA30,2,34.0,10.2
505164,3884,P07,MS-MOI-SPF50,2,32.0,9.6
505165,3885,P03,MS-SER-VTC30,1,38.0,0.0
505166,3885,P08,MS-MOI-BAR50,1,36.0,0.0
505167,3886,P08,MS-MOI-BAR50,2,36.0,10.8
505168,3887,P05,MS-SER-NIA30,1,29.0,0.0
505169,3887,P08,MS-MOI-BAR50,1,36.0,0.0
505170,3887,P12,MS-SET-RTN3,1,88.0,0.0
505171,3888,P02,MS-CLN-CRM150,1,24.0,0.0
505172,3888,P04,MS-SER-HYA30,1,34.0,0.0
505173,3889,P05,MS-SER-NIA30,1,29.0,4.35
505174,3889,P03,MS-SER-VTC30,1,38.0,5.7
505175,3890,P04,MS-SER-HYA30,2,34.0,0.0
505176,3890,P07,MS-MOI-SPF50,1,32.0,0.0
505177,3891,P03,MS-SER-VTC30,1,38.0,0.0
505178,3891,P07,MS-MOI-SPF50,1,32.0,0.0
505179,3891,P04,MS-SER-HYA30,2,34.0,0.0
505180,3891,P01,MS-CLN-GEL150,1,22.0,0.0
505181,3892,P07,MS-MOI-SPF50,1,32.0,4.8
505182,3893,P01,MS-CLN-GEL150,1,22.0,0.0
505183,3894,P02,MS-CLN-CRM150,1,24.0,0.0
505184,3895,P03,MS-SER-VTC30,1,38.0,5.7
505185,3895,P07,MS-MOI-SPF50,1,32.0,4.8
505186,3896,P03,MS-SER-VTC30,2,38.0,11.4
505187,3896,P05,MS-SER-NIA30,1,29.0,4.35
505188,3897,P09,MS-EYE-015,1,30.0,0.0
505189,3898,P01,MS-CLN-GEL150,1,22.0,0.0
505190,3899,P03,MS-SER-VTC30,1,38.0,0.0
505191,3899,P04,MS-SER-HYA30,1,34.0,0.0
505192,3899,P09,MS-EYE-015,1,30.0,0.0
505193,3899,P02,MS-CLN-CRM150,1,24.0,0.0
505194,3900,P06,MS-TRT-RET50,1,44.0,4.4
505195,3901,P06,MS-TRT-RET50,1,44.0,6.6
505196,3902,P07,MS-MOI-SPF50,2,32.0,9.6
505197,3902,P05,MS-SER-NIA30,1,29.0,4.35
505198,3903,P01,MS-CLN-GEL150,1,22.0,0.0
505199,3903,P10,MS-MSK-CLY100,1,26.0,0.0
505200,3904,P05,MS-SER-NIA30,1,29.0,2.9
505201,3905,P01,MS-CLN-GEL150,1,22.0,3.3
505202,3905,P10,MS-MSK-CLY100,1,26.0,3.9
505203,3905,P03,MS-SER-VTC30,2,38.0,11.4
505204,3906,P03,MS-SER-VTC30,1,38.0,5.7
505205,3907,P01,MS-CLN-GEL150,1,22.0,0.0
505206,3907,P12,MS-SET-RTN3,1,88.0,0.0
505207,3908,P06,MS-TRT-RET50,1,44.0,0.0
505208,3909,P07,MS-MOI-SPF50,1,32.0,0.0
505209,3909,P03,MS-SER-VTC30,1,38.0,0.0
505210,3910,P04,MS-SER-HYA30,1,34.0,5.1
505211,3910,P01,MS-CLN-GEL150,1,22.0,3.3
505212,3911,P07,MS-MOI-SPF50,1,32.0,0.0
505213,3911,P03,MS-SER-VTC30,1,38.0,0.0
505214,3912,P03,MS-SER-VTC30,1,38.0,5.7
505215,3912,P12,MS-SET-RTN3,1,88.0,13.2
505216,3913,P09,MS-EYE-015,1,30.0,0.0
505217,3914,P01,MS-CLN-GEL150,1,22.0,3.3
505218,3915,P05,MS-SER-NIA30,1,29.0,0.0
505219,3916,P12,MS-SET-RTN3,1,88.0,0.0
505220,3917,P08,MS-MOI-BAR50,2,36.0,0.0
505221,3918,P07,MS-MOI-SPF50,1,32.0,0.0
505222,3919,P07,MS-MOI-SPF50,1,32.0,4.8
505223,3920,P09,MS-EYE-015,2,30.0,0.0
505224,3920,P03,MS-SER-VTC30,1,38.0,0.0
505225,3920,P04,MS-SER-HYA30,1,34.0,0.0
505226,3920,P06,MS-TRT-RET50,1,44.0,0.0
505227,3921,P12,MS-SET-RTN3,1,88.0,8.8
505228,3922,P03,MS-SER-VTC30,1,38.0,0.0
505229,3922,P07,MS-MOI-SPF50,1,32.0,0.0
505230,3922,P06,MS-TRT-RET50,1,44.0,0.0
505231,3922,P04,MS-SER-HYA30,1,34.0,0.0
505232,3923,P03,MS-SER-VTC30,1,38.0,5.7
505233,3924,P04,MS-SER-HYA30,1,34.0,0.0
505234,3925,P07,MS-MOI-SPF50,1,32.0,4.8
505235,3925,P02,MS-CLN-CRM150,1,24.0,3.6
505236,3926,P03,MS-SER-VTC30,1,38.0,5.7
505237,3927,P03,MS-SER-VTC30,1,38.0,0.0
505238,3927,P01,MS-CLN-GEL150,1,22.0,0.0
505239,3928,P08,MS-MOI-BAR50,1,36.0,0.0
505240,3929,P04,MS-SER-HYA30,2,34.0,0.0
505241,3930,P10,MS-MSK-CLY100,1,26.0,0.0
505242,3931,P04,MS-SER-HYA30,1,34.0,0.0
505243,3931,P05,MS-SER-NIA30,1,29.0,0.0
505244,3931,P07,MS-MOI-SPF50,1,32.0,0.0
505245,3932,P06,MS-TRT-RET50,2,44.0,0.0
505246,3932,P10,MS-MSK-CLY100,1,26.0,0.0
505247,3933,P09,MS-EYE-015,1,30.0,0.0
505248,3933,P07,MS-MOI-SPF50,1,32.0,0.0
505249,3933,P01,MS-CLN-GEL150,1,22.0,0.0
505250,3934,P05,MS-SER-NIA30,1,29.0,0.0
505251,3935,P06,MS-TRT-RET50,2,44.0,0.0
505252,3936,P12,MS-SET-RTN3,1,88.0,0.0
505253,3936,P10,MS-MSK-CLY100,1,26.0,0.0
505254,3936,P07,MS-MOI-SPF50,2,32.0,0.0
505255,3937,P08,MS-MOI-BAR50,1,36.0,0.0
505256,3938,P03,MS-SER-VTC30,1,38.0,0.0
505257,3939,P03,MS-SER-VTC30,1,38.0,5.7
505258,3939,P08,MS-MOI-BAR50,1,36.0,5.4
505259,3939,P10,MS-MSK-CLY100,1,26.0,3.9
505260,3940,P09,MS-EYE-015,1,30.0,0.0
505261,3941,P03,MS-SER-VTC30,1,38.0,0.0
505262,3941,P12,MS-SET-RTN3,1,88.0,0.0
505263,3942,P01,MS-CLN-GEL150,1,22.0,2.2
505264,3942,P03,MS-SER-VTC30,1,38.0,3.8
505265,3942,P11,MS-BDY-LOT400,1,28.0,2.8
505266,3942,P12,MS-SET-RTN3,1,88.0,8.8
505267,3943,P07,MS-MOI-SPF50,1,32.0,4.8
505268,3944,P03,MS-SER-VTC30,1,38.0,0.0
505269,3944,P08,MS-MOI-BAR50,1,36.0,0.0
505270,3944,P02,MS-CLN-CRM150,1,24.0,0.0
505271,3945,P05,MS-SER-NIA30,1,29.0,0.0
505272,3945,p07,MS-MOI-SPF50,1,32.0,0.0
505273,3946,P06,MS-TRT-RET50,1,44.0,4.4
505274,3947,P03,MS-SER-VTC30,1,38.0,0.0
505275,3947,P05,MS-SER-NIA30,1,29.0,0.0
505276,3948,P01,MS-CLN-GEL150,1,22.0,2.2
505277,3948,P07,MS-MOI-SPF50,1,32.0,3.2
505278,3949,P03,MS-SER-VTC30,1,38.0,0.0
505279,3950,P08,MS-MOI-BAR50,1,36.0,0.0
505280,3951,P04,MS-SER-HYA30,2,34.0,0.0
505281,3952,P03,MS-SER-VTC30,1,38.0,3.8
505282,3952,P04,MS-SER-HYA30,1,34.0,3.4
505283,3952,P08,MS-MOI-BAR50,1,36.0,3.6
505284,3953,P01,MS-CLN-GEL150,1,22.0,0.0
505285,3953,P02,MS-CLN-CRM150,1,24.0,0.0
505286,3954,P12,MS-SET-RTN3,1,88.0,8.8
505287,3954,P05,MS-SER-NIA30,1,29.0,2.9
505288,3954,P01,MS-CLN-GEL150,1,22.0,2.2
505289,3955,P05,MS-SER-NIA30,1,29.0,0.0
505290,3956,P01,MS-CLN-GEL150,1,22.0,3.3
505291,3956,P06,MS-TRT-RET50,2,44.0,13.2
505292,3957,P02,MS-CLN-CRM150,1,24.0,0.0
505293,3958,P03,MS-SER-VTC30,1,38.0,5.7
505294,3959,P07,MS-MOI-SPF50,1,32.0,0.0
505295,3960,P02,MS-CLN-CRM150,1,24.0,0.0
505296,3961,P04,MS-SER-HYA30,2,34.0,6.8
505297,3961,P12,MS-SET-RTN3,1,88.0,8.8
505298,3962,P05,MS-SER-NIA30,1,29.0,0.0
505299,3963,P06,MS-TRT-RET50,1,44.0,6.6
505300,3964,P12,MS-SET-RTN3,1,88.0,13.2
505301,3965,P11,MS-BDY-LOT400,1,28.0,0.0
505302,3966,P04,MS-SER-HYA30,1,34.0,5.1
505303,3967,P06,MS-TRT-RET50,1,44.0,0.0
505304,3967,P05,MS-SER-NIA30,1,29.0,0.0
505305,3968,P12,MS-SET-RTN3,1,88.0,13.2
505306,3969,P03,MS-SER-VTC30,2,38.0,0.0
505307,3969,P01,MS-CLN-GEL150,1,22.0,0.0
505308,3970,P06,MS-TRT-RET50,1,44.0,0.0
505309,3970,P07,MS-MOI-SPF50,1,32.0,0.0
505310,3971,P05,MS-SER-NIA30,2,29.0,5.8
505311,3971,P01,MS-CLN-GEL150,1,22.0,2.2
505312,3972,P07,MS-MOI-SPF50,1,32.0,4.8
505313,3973,P11,MS-BDY-LOT400,1,28.0,4.2
505314,3974,P09,MS-EYE-015,1,30.0,4.5
505315,3975,P02,MS-CLN-CRM150,1,24.0,0.0
505316,3976,P03,MS-SER-VTC30,1,38.0,0.0
505317,3977,P07,MS-MOI-SPF50,1,32.0,0.0
505318,3977,P05,MS-SER-NIA30,1,29.0,0.0
505319,3978,P03,MS-SER-VTC30,1,38.0,0.0
505320,3978,P04,MS-SER-HYA30,1,34.0,0.0
505321,3979,P10,MS-MSK-CLY100,1,26.0,3.9
505322,3979,P02,MS-CLN-CRM150,1,24.0,3.6
505323,3980,P11,MS-BDY-LOT400,1,28.0,4.2
505324,3981,P07,MS-MOI-SPF50,1,32.0,0.0
505325,3982,P10,MS-MSK-CLY100,1,26.0,0.0
505326,3983,P06,MS-TRT-RET50,1,44.0,0.0
505327,3983,P01,MS-CLN-GEL150,1,22.0,0.0
505328,3984,P06,MS-TRT-RET50,1,44.0,0.0
505329,3984,P12,MS-SET-RTN3,1,88.0,0.0
505330,3985,P07,MS-MOI-SPF50,1,32.0,0.0
505331,3985,P02,MS-CLN-CRM150,1,24.0,0.0
505332,3985,P05,MS-SER-NIA30,2,29.0,0.0
505333,3985,P03,MS-SER-VTC30,1,38.0,0.0
505334,3986,P03,MS-SER-VTC30,1,38.0,5.7
505335,3986,P01,MS-CLN-GEL150,1,22.0,3.3
505336,3987,P02,MS-CLN-CRM150,1,24.0,0.0
505337,3987,P05,MS-SER-NIA30,1,29.0,0.0
505338,3988,P03,MS-SER-VTC30,2,38.0,0.0
505339,3989,P12,MS-SET-RTN3,1,88.0,0.0
505340,3990,P03,MS-SER-VTC30,1,38.0,0.0
505341,3991,P06,MS-TRT-RET50,1,44.0,0.0
505342,3992,P06,MS-TRT-RET50,1,44.0,6.6
505343,3992,P08,MS-MOI-BAR50,1,36.0,5.4
505344,3993,P04,MS-SER-HYA30,1,34.0,0.0
505345,3993,P05,MS-SER-NIA30,1,29.0,0.0
505346,3993,P07,MS-MOI-SPF50,1,32.0,0.0
505347,3994,P08,MS-MOI-BAR50,2,36.0,0.0
505348,3994,P04,MS-SER-HYA30,1,34.0,0.0
505349,3994,P12,MS-SET-RTN3,1,88.0,0.0
505350,3995,P03,MS-SER-VTC30,1,38.0,0.0
505351,3996,P03,MS-SER-VTC30,1,38.0,0.0
505352,3997,P05,MS-SER-NIA30,1,29.0,4.35
505353,3997,P03,MS-SER-VTC30,1,38.0,5.7
505354,3998,P03,MS-SER-VTC30,2,38.0,11.4
505355,3999,P07,MS-MOI-SPF50,1,32.0,0.0
505356,4000,P07,MS-MOI-SPF50,1,32.0,0.0
505357,4000,P06,MS-TRT-RET50,1,44.0,0.0
505358,4000,P03,MS-SER-VTC30,1,38.0,0.0
505359,4001,P12,MS-SET-RTN3,1,88.0,13.2
505360,4002,P03,MS-SER-VTC30,1,38.0,5.7
505361,4002,P11,MS-BDY-LOT400,1,28.0,4.2
505362,4002,P02,MS-CLN-CRM150,1,24.0,3.6
505363,4003,P07,MS-MOI-SPF50,1,32.0,0.0
505364,4004,P11,MS-BDY-LOT400,1,28.0,2.8
505365,4004,P08,MS-MOI-BAR50,1,36.0,3.6
505366,4005,P04,MS-SER-HYA30,1,34.0,5.1
505367,4006,P03,MS-SER-VTC30,1,38.0,0.0
505368,4006,P01,MS-CLN-GEL150,1,22.0,0.0
505369,4007,P03,MS-SER-VTC30,1,38.0,3.8
505370,4007,P04,MS-SER-HYA30,1,34.0,3.4
505371,4007,P11,MS-BDY-LOT400,1,28.0,2.8
505372,4007,P10,MS-MSK-CLY100,1,26.0,2.6
505373,4008,P03,MS-SER-VTC30,1,38.0,0.0
505374,4008,P01,MS-CLN-GEL150,1,22.0,0.0
505375,4009,P03,MS-SER-VTC30,1,38.0,0.0
505376,4010,P04,MS-SER-HYA30,1,34.0,5.1
505377,4011,P11,MS-BDY-LOT400,1,28.0,0.0
505378,4012,P03,MS-SER-VTC30,1,38.0,0.0
505379,4012,P08,MS-MOI-BAR50,1,36.0,0.0
505380,4013,P09,MS-EYE-015,2,30.0,7.2
505381,4013,P03,MS-SER-VTC30,1,38.0,4.56
505382,4013,P05,MS-SER-NIA30,1,29.0,3.48
505383,4014,P05,MS-SER-NIA30,1,29.0,0.0
505384,4015,P05,MS-SER-NIA30,1,29.0,4.35
505385,4016,P08,MS-MOI-BAR50,1,36.0,3.6
505386,4017,P07,MS-MOI-SPF50,2,32.0,0.0
505387,4017,P01,MS-CLN-GEL150,1,22.0,0.0
505388,4018,P08,MS-MOI-BAR50,1,36.0,5.4
505389,4019,P07,MS-MOI-SPF50,1,32.0,0.0
505390,4020,P11,MS-BDY-LOT400,1,28.0,4.2
505391,4020,P09,MS-EYE-015,2,30.0,9.0
505392,4021,P11,MS-BDY-LOT400,1,28.0,0.0
505393,4021,P02,MS-CLN-CRM150,1,24.0,0.0
505394,4022,P07,MS-MOI-SPF50,1,32.0,3.2
505395,4022,P03,MS-SER-VTC30,1,38.0,3.8
505396,4022,P08,MS-MOI-BAR50,1,36.0,3.6
505397,4023,P01,MS-CLN-GEL150,1,22.0,0.0
505398,4024,P03,MS-SER-VTC30,1,38.0,5.7
505399,4025,P05,MS-SER-NIA30,1,29.0,0.0
505400,4025,P07,MS-MOI-SPF50,1,32.0,0.0
505401,4026,P07,MS-MOI-SPF50,2,32.0,0.0
505402,4027,P05,MS-SER-NIA30,1,29.0,4.35
505403,4028,P01,MS-CLN-GEL150,1,22.0,3.3
505404,4029,P04,MS-SER-HYA30,1,34.0,0.0
505405,4030,P07,MS-MOI-SPF50,1,32.0,3.2
505406,4031,P01,MS-CLN-GEL150,1,22.0,0.0
505407,4031,P04,MS-SER-HYA30,1,34.0,0.0
505408,4032,P02,MS-CLN-CRM150,1,24.0,3.6
505409,4032,P03,MS-SER-VTC30,1,38.0,5.7
505410,4033,P10,MS-MSK-CLY100,1,26.0,0.0
505411,4033,P04,MS-SER-HYA30,2,34.0,0.0
505412,4033,P06,MS-TRT-RET50,1,44.0,0.0
505413,4034,P01,MS-CLN-GEL150,1,22.0,0.0
505414,4034,P03,MS-SER-VTC30,1,38.0,0.0
505415,4034,P08,MS-MOI-BAR50,1,36.0,0.0
505416,4035,P10,MS-MSK-CLY100,1,26.0,0.0
505417,4036,P04,MS-SER-HYA30,1,34.0,0.0
505418,4036,P03,MS-SER-VTC30,1,38.0,0.0
505419,4037,P04,MS-SER-HYA30,1,34.0,0.0
505420,4038,P07,MS-MOI-SPF50,2,32.0,9.6
505421,4039,P12,MS-SET-RTN3,1,88.0,10.56
505422,4040,P04,MS-SER-HYA30,1,34.0,0.0
505423,4040,P12,MS-SET-RTN3,1,88.0,0.0
505424,4041,P05,MS-SER-NIA30,2,29.0,0.0
505425,4042,P04,MS-SER-HYA30,1,34.0,0.0
505426,4042,P12,MS-SET-RTN3,1,88.0,0.0
505427,4043,P12,MS-SET-RTN3,1,88.0,0.0
505428,4044,P07,MS-MOI-SPF50,1,32.0,4.8
505429,4045,P07,MS-MOI-SPF50,1,32.0,3.2
505430,4045,P10,MS-MSK-CLY100,1,26.0,2.6
505431,4046,P01,MS-CLN-GEL150,1,22.0,0.0
505432,4047,P08,MS-MOI-BAR50,1,36.0,0.0
505433,4048,P12,MS-SET-RTN3,1,88.0,8.8
505434,4048,P06,MS-TRT-RET50,1,44.0,4.4
505435,4048,P04,MS-SER-HYA30,1,34.0,3.4
505436,4049,P07,MS-MOI-SPF50,1,32.0,4.8
505437,4049,P08,MS-MOI-BAR50,1,36.0,5.4
505438,4050,P12,MS-SET-RTN3,1,88.0,0.0
505439,4050,P01,MS-CLN-GEL150,1,22.0,0.0
505440,4051,P08,MS-MOI-BAR50,1,36.0,5.4
505441,4052,P08,MS-MOI-BAR50,2,36.0,7.2
505442,4053,P12,MS-SET-RTN3,1,88.0,8.8
505443,4054,P01,MS-CLN-GEL150,1,22.0,3.3
505444,4055,P04,MS-SER-HYA30,1,34.0,3.4
505445,4055,P01,MS-CLN-GEL150,1,22.0,2.2
505446,4055,P03,MS-SER-VTC30,1,38.0,3.8
505447,4055,P06,MS-TRT-RET50,1,44.0,4.4
505448,4056,P12,MS-SET-RTN3,1,88.0,13.2
505449,4056,P09,MS-EYE-015,1,30.0,4.5
505450,4057,P05,MS-SER-NIA30,1,29.0,0.0
505451,4058,P10,MS-MSK-CLY100,1,26.0,0.0
505452,4058,P07,MS-MOI-SPF50,1,32.0,0.0
505453,4058,p03,MS-SER-VTC30,1,38.0,0.0
505454,4058,P01,MS-CLN-GEL150,1,22.0,0.0
505455,4059,P01,MS-CLN-GEL150,1,22.0,0.0
505456,4059,P06,MS-TRT-RET50,1,44.0,0.0
505457,4060,P04,MS-SER-HYA30,1,34.0,0.0
505458,4060,P05,MS-SER-NIA30,1,29.0,0.0
505459,4061,P09,MS-EYE-015,1,30.0,4.5
505460,4062,P10,MS-MSK-CLY100,1,26.0,0.0
505461,4063,P01,MS-CLN-GEL150,1,22.0,0.0
505462,4064,P03,MS-SER-VTC30,1,38.0,0.0
505463,4064,P10,MS-MSK-CLY100,1,26.0,0.0
505464,4065,P01,MS-CLN-GEL150,1,22.0,3.3
505465,4066,P10,MS-MSK-CLY100,1,26.0,3.9
505466,4066,P02,MS-CLN-CRM150,1,24.0,3.6
505467,4066,P05,MS-SER-NIA30,1,29.0,4.35
505468,4067,P05,MS-SER-NIA30,1,29.0,0.0
505469,4068,P03,MS-SER-VTC30,1,38.0,0.0
505470,4069,P05,MS-SER-NIA30,1,29.0,0.0
505471,4070,P07,MS-MOI-SPF50,1,32.0,4.8
505472,4071,P03,MS-SER-VTC30,1,38.0,5.7
505473,4071,P01,MS-CLN-GEL150,1,22.0,3.3
505474,4072,P04,MS-SER-HYA30,1,34.0,0.0
505475,4073,P01,MS-CLN-GEL150,1,22.0,3.3
505476,4073,P03,MS-SER-VTC30,1,38.0,5.7
505477,4074,P08,MS-MOI-BAR50,1,36.0,0.0
505478,4074,P02,MS-CLN-CRM150,1,24.0,0.0
505479,4074,P01,MS-CLN-GEL150,1,22.0,0.0
505480,4075,P06,MS-TRT-RET50,2,44.0,13.2
505481,4075,P12,MS-SET-RTN3,1,88.0,13.2
505482,4076,P04,MS-SER-HYA30,1,34.0,0.0
505483,4076,P07,MS-MOI-SPF50,2,32.0,0.0
505484,4076,P12,MS-SET-RTN3,1,88.0,0.0
505485,4077,P03,MS-SER-VTC30,1,38.0,0.0
505486,4077,P04,MS-SER-HYA30,1,34.0,0.0
505487,4078,P07,MS-MOI-SPF50,1,32.0,3.2
505488,4078,P03,MS-SER-VTC30,1,38.0,3.8
505489,4079,P03,MS-SER-VTC30,1,38.0,0.0
505490,4080,P03,MS-SER-VTC30,1,38.0,0.0
505491,4081,P07,MS-MOI-SPF50,1,32.0,4.8
505492,4081,P03,MS-SER-VTC30,1,38.0,5.7
505493,4082,P09,MS-EYE-015,1,30.0,0.0
505494,4083,P01,MS-CLN-GEL150,1,22.0,3.3
505495,4084,P03,MS-SER-VTC30,1,38.0,0.0
505496,4084,P12,MS-SET-RTN3,1,88.0,0.0
505497,4085,P04,MS-SER-HYA30,1,34.0,0.0
505498,4085,P08,MS-MOI-BAR50,1,36.0,0.0
505499,4086,P01,MS-CLN-GEL150,1,22.0,0.0
505500,4087,P11,MS-BDY-LOT400,1,28.0,0.0
505501,4088,P12,MS-SET-RTN3,1,88.0,0.0
505502,4089,P12,MS-SET-RTN3,1,88.0,13.2
505503,4089,P11,MS-BDY-LOT400,1,28.0,4.2
505504,4089,P07,MS-MOI-SPF50,1,32.0,4.8
505505,4090,P10,MS-MSK-CLY100,1,26.0,0.0
505506,4091,P08,MS-MOI-BAR50,1,36.0,5.4
505507,4092,P06,MS-TRT-RET50,1,44.0,6.6
505508,4093,P02,MS-CLN-CRM150,1,24.0,0.0
505509,4094,P09,MS-EYE-015,2,30.0,0.0
505510,4095,P12,MS-SET-RTN3,1,88.0,0.0
505511,4095,P01,MS-CLN-GEL150,1,22.0,0.0
505512,4096,P07,MS-MOI-SPF50,1,32.0,0.0
505513,4096,P08,MS-MOI-BAR50,1,36.0,0.0
505514,4097,P05,MS-SER-NIA30,1,29.0,0.0
505515,4097,P11,MS-BDY-LOT400,1,28.0,0.0
505516,4098,P12,MS-SET-RTN3,1,88.0,0.0
505517,4099,P12,MS-SET-RTN3,1,88.0,8.8
505518,4100,P06,MS-TRT-RET50,1,44.0,0.0
505519,4100,P03,MS-SER-VTC30,1,38.0,0.0
505520,4100,P10,MS-MSK-CLY100,1,26.0,0.0
505521,4101,P06,MS-TRT-RET50,1,44.0,6.6
505522,4102,P12,MS-SET-RTN3,1,88.0,13.2
505523,4103,P05,MS-SER-NIA30,1,29.0,4.35
505524,4103,P07,MS-MOI-SPF50,1,32.0,4.8
505525,4104,P07,MS-MOI-SPF50,1,32.0,0.0
505526,4104,P01,MS-CLN-GEL150,2,22.0,0.0
505527,4105,P04,MS-SER-HYA30,1,34.0,3.4
505528,4105,P01,MS-CLN-GEL150,1,22.0,2.2
505529,4106,P06,MS-TRT-RET50,1,44.0,0.0
505530,4106,P12,MS-SET-RTN3,1,88.0,0.0
505531,4107,P01,MS-CLN-GEL150,1,22.0,0.0
505532,4108,P01,MS-CLN-GEL150,1,22.0,0.0
505533,4108,P08,MS-MOI-BAR50,1,36.0,0.0
505534,4108,P04,MS-SER-HYA30,1,34.0,0.0
505535,4109,P03,MS-SER-VTC30,1,38.0,5.7
505536,4109,P11,MS-BDY-LOT400,2,28.0,8.4
505537,4110,P01,MS-CLN-GEL150,1,22.0,3.3
505538,4110,P09,MS-EYE-015,1,30.0,4.5
505539,4111,P11,MS-BDY-LOT400,1,28.0,0.0
505540,4111,P03,MS-SER-VTC30,1,38.0,0.0
505541,4111,P07,MS-MOI-SPF50,1,32.0,0.0
505542,4112,P10,MS-MSK-CLY100,1,26.0,0.0
505543,4112,P08,MS-MOI-BAR50,1,36.0,0.0
505544,4113,P05,MS-SER-NIA30,1,29.0,4.35
505545,4113,P06,MS-TRT-RET50,1,44.0,6.6
505546,4113,P08,MS-MOI-BAR50,1,36.0,5.4
505547,4114,P05,MS-SER-NIA30,1,29.0,4.35
505548,4115,P02,MS-CLN-CRM150,1,24.0,0.0
505549,4116,P03,MS-SER-VTC30,1,38.0,0.0
505550,4117,P10,MS-MSK-CLY100,2,26.0,7.8
505551,4117,P05,MS-SER-NIA30,1,29.0,4.35
505552,4118,P05,MS-SER-NIA30,1,29.0,4.35
505553,4119,P05,MS-SER-NIA30,1,29.0,4.35
505554,4119,P03,MS-SER-VTC30,2,38.0,11.4
505555,4120,P04,MS-SER-HYA30,1,34.0,0.0
505556,4120,P06,MS-TRT-RET50,1,44.0,0.0
505557,4121,P11,MS-BDY-LOT400,1,28.0,0.0
505558,4122,P10,MS-MSK-CLY100,1,26.0,0.0
505559,4122,P09,MS-EYE-015,1,30.0,0.0
505560,4123,P03,MS-SER-VTC30,1,38.0,0.0
505561,4123,P09,MS-EYE-015,1,30.0,0.0
505562,4123,P10,MS-MSK-CLY100,1,26.0,0.0
505563,4124,P05,MS-SER-NIA30,1,29.0,0.0
505564,4124,P07,MS-MOI-SPF50,1,32.0,0.0
505565,4125,P12,MS-SET-RTN3,1,88.0,0.0
505566,4125,P02,MS-CLN-CRM150,1,24.0,0.0
505567,4126,P08,MS-MOI-BAR50,1,36.0,0.0
505568,4126,P06,MS-TRT-RET50,1,44.0,0.0
505569,4126,P03,MS-SER-VTC30,1,38.0,0.0
505570,4126,P12,MS-SET-RTN3,1,88.0,0.0
505571,4127,P11,MS-BDY-LOT400,1,28.0,0.0
505572,4127,P07,MS-MOI-SPF50,1,32.0,0.0
505573,4128,P04,MS-SER-HYA30,1,34.0,0.0
505574,4129,P01,MS-CLN-GEL150,1,22.0,0.0
505575,4129,P04,MS-SER-HYA30,1,34.0,0.0
505576,4130,P12,MS-SET-RTN3,1,88.0,10.56
505577,4131,P04,MS-SER-HYA30,1,34.0,0.0
505578,4132,P01,MS-CLN-GEL150,1,22.0,0.0
505579,4132,P05,MS-SER-NIA30,1,29.0,0.0
505580,4133,P07,MS-MOI-SPF50,1,32.0,3.2
505581,4133,P03,MS-SER-VTC30,1,38.0,3.8
505582,4134,P02,MS-CLN-CRM150,1,24.0,0.0
505583,4135,P08,MS-MOI-BAR50,1,36.0,0.0
505584,4135,P07,MS-MOI-SPF50,1,32.0,0.0
505585,4136,P06,MS-TRT-RET50,1,44.0,0.0
505586,4137,P11,MS-BDY-LOT400,1,28.0,4.2
505587,4137,P08,MS-MOI-BAR50,1,36.0,5.4
505588,4138,P03,MS-SER-VTC30,1,38.0,0.0
505589,4138,P10,MS-MSK-CLY100,1,26.0,0.0
505590,4138,P04,MS-SER-HYA30,1,34.0,0.0
505591,4139,P05,MS-SER-NIA30,2,29.0,0.0
505592,4139,P06,MS-TRT-RET50,1,44.0,0.0
505593,4140,P03,MS-SER-VTC30,1,38.0,0.0
505594,4140,P11,MS-BDY-LOT400,1,28.0,0.0
505595,4140,P04,MS-SER-HYA30,1,34.0,0.0
505596,4141,P12,MS-SET-RTN3,1,88.0,0.0
505597,4141,P05,MS-SER-NIA30,1,29.0,0.0
505598,4142,P01,MS-CLN-GEL150,1,22.0,3.3
505599,4142,P08,MS-MOI-BAR50,1,36.0,5.4
505600,4143,P04,MS-SER-HYA30,1,34.0,0.0
505601,4144,P03,MS-SER-VTC30,2,38.0,0.0
505602,4144,P01,MS-CLN-GEL150,1,22.0,0.0
505603,4145,P03,MS-SER-VTC30,1,38.0,0.0
505604,4146,P10,MS-MSK-CLY100,1,26.0,3.9
505605,4147,P08,MS-MOI-BAR50,1,36.0,0.0
505606,4147,P03,MS-SER-VTC30,1,38.0,0.0
505607,4148,P09,MS-EYE-015,1,30.0,3.0
505608,4148,P10,MS-MSK-CLY100,1,26.0,2.6
505609,4149,P01,MS-CLN-GEL150,1,22.0,0.0
505610,4150,P08,MS-MOI-BAR50,1,36.0,0.0
505611,4151,P03,MS-SER-VTC30,2,38.0,11.4
505612,4152,P04,MS-SER-HYA30,1,34.0,5.1
505613,4152,P03,MS-SER-VTC30,1,38.0,5.7
505614,4152,P06,MS-TRT-RET50,1,44.0,6.6
505615,4153,P03,MS-SER-VTC30,2,38.0,11.4
505616,4154,P12,MS-SET-RTN3,1,88.0,13.2
505617,4155,P04,MS-SER-HYA30,1,34.0,5.1
505618,4155,P06,MS-TRT-RET50,2,44.0,13.2
505619,4155,P03,MS-SER-VTC30,1,38.0,5.7
505620,4155,P01,MS-CLN-GEL150,1,22.0,3.3
505621,4156,P05,MS-SER-NIA30,1,29.0,2.9
505622,4157,P03,MS-SER-VTC30,1,38.0,0.0
505623,4158,P06,MS-TRT-RET50,1,44.0,0.0
505624,4159,P06,MS-TRT-RET50,1,44.0,0.0
505625,4159,P03,MS-SER-VTC30,1,38.0,0.0
505626,4160,P03,MS-SER-VTC30,1,38.0,0.0
505627,4161,P03,MS-SER-VTC30,1,38.0,0.0
505628,4161,P04,MS-SER-HYA30,1,34.0,0.0
505629,4161,P01,MS-CLN-GEL150,1,22.0,0.0
505630,4162,P03,MS-SER-VTC30,1,38.0,0.0
505631,4162,P09,MS-EYE-015,1,30.0,0.0
505632,4163,P02,MS-CLN-CRM150,1,24.0,0.0
505633,4164,P03,MS-SER-VTC30,1,38.0,0.0
505634,4165,P01,MS-CLN-GEL150,1,22.0,0.0
505635,4166,P01,MS-CLN-GEL150,1,22.0,3.3
505636,4167,P07,MS-MOI-SPF50,1,32.0,0.0
505637,4168,P06,MS-TRT-RET50,2,44.0,0.0
505638,4169,P04,MS-SER-HYA30,1,34.0,0.0
505639,4169,P10,MS-MSK-CLY100,1,26.0,0.0
505640,4169,P07,MS-MOI-SPF50,1,32.0,0.0
505641,4170,P03,MS-SER-VTC30,2,38.0,0.0
505642,4170,P02,MS-CLN-CRM150,1,24.0,0.0
505643,4171,P11,MS-BDY-LOT400,1,28.0,4.2
505644,4171,P06,MS-TRT-RET50,1,44.0,6.6
505645,4171,P07,MS-MOI-SPF50,1,32.0,4.8
505646,4172,P12,MS-SET-RTN3,1,88.0,10.56
505647,4173,P05,MS-SER-NIA30,1,29.0,0.0
505648,4174,P11,MS-BDY-LOT400,1,28.0,0.0
505649,4174,P07,MS-MOI-SPF50,1,32.0,0.0
505650,4175,P03,MS-SER-VTC30,2,38.0,0.0
505651,4176,P03,MS-SER-VTC30,1,38.0,0.0
505652,4177,P02,MS-CLN-CRM150,1,24.0,2.88
505653,4177,P09,MS-EYE-015,1,30.0,3.6
505654,4178,P09,MS-EYE-015,1,30.0,0.0
505655,4179,P05,MS-SER-NIA30,1,29.0,0.0
505656,4180,P04,MS-SER-HYA30,1,34.0,5.1
505657,4180,P03,MS-SER-VTC30,1,38.0,5.7
505658,4181,P02,MS-CLN-CRM150,1,24.0,2.4
505659,4181,P03,MS-SER-VTC30,1,38.0,3.8
505660,4182,P04,MS-SER-HYA30,1,34.0,0.0
505661,4183,P08,MS-MOI-BAR50,1,36.0,5.4
505662,4183,P06,MS-TRT-RET50,1,44.0,6.6
505663,4184,P11,MS-BDY-LOT400,1,28.0,0.0
505664,4185,P03,MS-SER-VTC30,2,38.0,19.0
505665,4186,P06,MS-TRT-RET50,1,44.0,15.95
505666,4186,P01,MS-CLN-GEL150,1,22.0,7.98
505667,4187,P03,MS-SER-VTC30,1,38.0,9.5
505668,4188,P01,MS-CLN-GEL150,1,22.0,3.3
505669,4188,P08,MS-MOI-BAR50,1,36.0,5.4
505670,4189,P10,MS-MSK-CLY100,1,26.0,3.9
505671,4189,P03,MS-SER-VTC30,1,38.0,5.7
505672,4190,P12,MS-SET-RTN3,1,88.0,22.0
505673,4191,P11,MS-BDY-LOT400,1,28.0,7.0
505674,4191,P06,MS-TRT-RET50,1,44.0,11.0
505675,4192,P10,MS-MSK-CLY100,2,26.0,13.0
505676,4192,P04,MS-SER-HYA30,1,34.0,8.5
505677,4192,P01,MS-CLN-GEL150,1,22.0,5.5
505678,4193,P02,MS-CLN-CRM150,1,24.0,8.7
505679,4193,P03,MS-SER-VTC30,1,38.0,13.78
505680,4194,P08,MS-MOI-BAR50,1,36.0,9.0
505681,4194,P12,MS-SET-RTN3,1,88.0,22.0
505682,4194,P05,MS-SER-NIA30,1,29.0,7.25
505683,4195,P04,MS-SER-HYA30,1,34.0,3.4
505684,4196,P03,MS-SER-VTC30,1,38.0,9.5
505685,4196,P07,MS-MOI-SPF50,1,32.0,8.0
505686,4196,P04,MS-SER-HYA30,1,34.0,8.5
505687,4197,P07,MS-MOI-SPF50,1,32.0,0.0
505688,4198,P06,MS-TRT-RET50,1,44.0,0.0
505689,4198,P03,MS-SER-VTC30,1,38.0,0.0
505690,4199,P09,MS-EYE-015,1,30.0,7.5
505691,4199,P08,MS-MOI-BAR50,1,36.0,9.0
505692,4199,P02,MS-CLN-CRM150,1,24.0,6.0
505693,4199,P03,MS-SER-VTC30,1,38.0,9.5
505694,4200,P07,MS-MOI-SPF50,1,32.0,0.0
505695,4201,P04,MS-SER-HYA30,1,34.0,8.5
505696,4201,P06,MS-TRT-RET50,1,44.0,11.0
505697,4202,P01,MS-CLN-GEL150,1,22.0,2.2
505698,4203,P02,MS-CLN-CRM150,1,24.0,6.0
505699,4204,P03,MS-SER-VTC30,1,38.0,9.5
505700,4204,P07,MS-MOI-SPF50,2,32.0,16.0
505701,4204,P05,MS-SER-NIA30,1,29.0,7.25
505702,4204,P02,MS-CLN-CRM150,1,24.0,6.0
505703,4205,P04,MS-SER-HYA30,1,34.0,8.5
505704,4206,P03,MS-SER-VTC30,1,38.0,9.5
505705,4206,P06,MS-TRT-RET50,1,44.0,11.0
505706,4206,P08,MS-MOI-BAR50,1,36.0,9.0
505707,4207,P11,MS-BDY-LOT400,1,28.0,4.2
505708,4208,P07,MS-MOI-SPF50,1,32.0,8.0
505709,4209,P03,MS-SER-VTC30,1,38.0,9.5
505710,4209,P05,MS-SER-NIA30,2,29.0,14.5
505711,4209,P07,MS-MOI-SPF50,1,32.0,8.0
505712,4210,P03,MS-SER-VTC30,1,38.0,13.78
505713,4210,P11,MS-BDY-LOT400,1,28.0,10.15
505714,4211,P01,MS-CLN-GEL150,2,22.0,11.0
505715,4211,P12,MS-SET-RTN3,1,88.0,22.0
505716,4211,P10,MS-MSK-CLY100,1,26.0,6.5
505717,4212,P08,MS-MOI-BAR50,2,36.0,10.8
505718,4212,P03,MS-SER-VTC30,1,38.0,5.7
505719,4213,P01,MS-CLN-GEL150,2,22.0,11.0
505720,4213,P08,MS-MOI-BAR50,1,36.0,9.0
505721,4214,P07,MS-MOI-SPF50,1,32.0,0.0
505722,4214,P06,MS-TRT-RET50,1,44.0,0.0
505723,4215,P01,MS-CLN-GEL150,1,22.0,3.3
505724,4215,P12,MS-SET-RTN3,1,88.0,13.2
505725,4216,P12,MS-SET-RTN3,1,88.0,0.0
505726,4216,P01,MS-CLN-GEL150,1,22.0,0.0
505727,4216,P07,MS-MOI-SPF50,1,32.0,0.0
505728,4216,P06,MS-TRT-RET50,1,44.0,0.0
505729,4217,P12,MS-SET-RTN3,1,88.0,0.0
505730,4218,P03,MS-SER-VTC30,1,38.0,9.5
505731,4218,P05,MS-SER-NIA30,1,29.0,7.25
505732,4219,P10,MS-MSK-CLY100,1,26.0,0.0
505733,4219,P04,MS-SER-HYA30,1,34.0,0.0
505734,4219,P09,MS-EYE-015,1,30.0,0.0
505735,4220,P09,MS-EYE-015,1,30.0,0.0
505736,4221,P04,MS-SER-HYA30,1,34.0,5.1
505737,4222,P03,MS-SER-VTC30,1,38.0,5.7
505738,4223,P01,MS-CLN-GEL150,1,22.0,5.5
505739,4223,P04,MS-SER-HYA30,1,34.0,8.5
505740,4224,P08,MS-MOI-BAR50,1,36.0,9.0
505741,4224,P03,MS-SER-VTC30,1,38.0,9.5
505742,4225,P12,MS-SET-RTN3,1,88.0,0.0
505743,4225,P06,MS-TRT-RET50,1,44.0,0.0
505744,4226,P04,MS-SER-HYA30,1,34.0,8.5
505745,4227,P02,MS-CLN-CRM150,1,24.0,6.0
505746,4227,P10,MS-MSK-CLY100,1,26.0,6.5
505747,4228,P12,MS-SET-RTN3,1,88.0,8.8
505748,4229,P01,MS-CLN-GEL150,1,22.0,0.0
505749,4230,P03,MS-SER-VTC30,2,38.0,0.0
505750,4230,P10,MS-MSK-CLY100,2,26.0,0.0
505751,4231,P12,MS-SET-RTN3,1,88.0,22.0
505752,4231,P08,MS-MOI-BAR50,1,36.0,9.0
505753,4232,P01,MS-CLN-GEL150,1,22.0,0.0
505754,4233,P03,MS-SER-VTC30,1,38.0,0.0
505755,4233,P02,MS-CLN-CRM150,1,24.0,0.0
505756,4234,P04,MS-SER-HYA30,1,34.0,8.5
505757,4235,P02,MS-CLN-CRM150,1,24.0,6.0
505758,4235,P01,MS-CLN-GEL150,1,22.0,5.5
505759,4236,P04,MS-SER-HYA30,1,34.0,0.0
505760,4237,P04,MS-SER-HYA30,1,34.0,8.5
505761,4238,P02,MS-CLN-CRM150,1,24.0,8.7
505762,4238,P12,MS-SET-RTN3,1,88.0,31.9
505763,4238,P08,MS-MOI-BAR50,1,36.0,13.05
505764,4239,P03,MS-SER-VTC30,1,38.0,9.5
505765,4239,P12,MS-SET-RTN3,1,88.0,22.0
505766,4239,P06,MS-TRT-RET50,2,44.0,22.0
505767,4240,P03,MS-SER-VTC30,1,38.0,0.0
505768,4241,P09,MS-EYE-015,1,30.0,4.5
505769,4241,P10,MS-MSK-CLY100,1,26.0,3.9
505770,4242,P05,MS-SER-NIA30,1,29.0,7.25
505771,4243,P09,MS-EYE-015,1,30.0,10.88
505772,4243,P10,MS-MSK-CLY100,1,26.0,9.43
505773,4243,P03,MS-SER-VTC30,1,38.0,13.77
505774,4244,P05,MS-SER-NIA30,1,29.0,0.0
505775,4245,P06,MS-TRT-RET50,1,44.0,4.4
505776,4246,P11,MS-BDY-LOT400,1,28.0,0.0
505777,4247,P11,MS-BDY-LOT400,1,28.0,7.0
505778,4247,P01,MS-CLN-GEL150,1,22.0,5.5
505779,4247,P06,MS-TRT-RET50,1,44.0,11.0
505780,4248,P12,MS-SET-RTN3,1,88.0,22.0
505781,4248,P10,MS-MSK-CLY100,1,26.0,6.5
505782,4248,P01,MS-CLN-GEL150,1,22.0,5.5
505783,4248,P09,MS-EYE-015,2,30.0,15.0
505784,4249,P01,MS-CLN-GEL150,1,22.0,5.5
505785,4250,P08,MS-MOI-BAR50,2,36.0,18.0
505786,4251,P02,MS-CLN-CRM150,1,24.0,6.0
505787,4251,P01,MS-CLN-GEL150,1,22.0,5.5
505788,4252,P03,MS-SER-VTC30,1,38.0,9.5
505789,4253,P05,MS-SER-NIA30,1,29.0,0.0
505790,4253,P06,MS-TRT-RET50,1,44.0,0.0
505791,4254,P03,MS-SER-VTC30,1,38.0,9.5
505792,4255,P04,MS-SER-HYA30,2,34.0,17.0
505793,4256,P03,MS-SER-VTC30,2,38.0,19.0
505794,4256,P05,MS-SER-NIA30,1,29.0,7.25
505795,4257,P03,MS-SER-VTC30,2,38.0,19.0
505796,4258,P01,MS-CLN-GEL150,1,22.0,0.0
505797,4259,P01,MS-CLN-GEL150,1,22.0,7.98
505798,4259,P08,MS-MOI-BAR50,1,36.0,13.05
505799,4259,P12,MS-SET-RTN3,1,88.0,31.889999999999997
505800,4260,P03,MS-SER-VTC30,1,38.0,9.5
505801,4261,P01,MS-CLN-GEL150,2,22.0,6.6
505802,4262,P01,MS-CLN-GEL150,1,22.0,5.5
505803,4262,P07,MS-MOI-SPF50,1,32.0,8.0
505804,4263,P01,MS-CLN-GEL150,1,22.0,3.3
505805,4263,P07,MS-MOI-SPF50,1,32.0,4.8
505806,4264,P08,MS-MOI-BAR50,1,36.0,9.0
505807,4264,P07,MS-MOI-SPF50,1,32.0,8.0
505808,4264,P12,MS-SET-RTN3,1,88.0,22.0
505809,4265,P03,MS-SER-VTC30,1,38.0,5.7
505810,4266,P05,MS-SER-NIA30,1,29.0,4.35
505811,4266,P06,MS-TRT-RET50,1,44.0,6.6
505812,4267,P08,MS-MOI-BAR50,1,36.0,9.0
505813,4267,P12,MS-SET-RTN3,1,88.0,22.0
505814,4267,P01,MS-CLN-GEL150,1,22.0,5.5
505815,4268,P04,MS-SER-HYA30,1,34.0,8.5
505816,4269,P07,MS-MOI-SPF50,1,32.0,3.2
505817,4270,P12,MS-SET-RTN3,1,88.0,0.0
505818,4271,P09,MS-EYE-015,1,30.0,3.0
505819,4271,P01,MS-CLN-GEL150,1,22.0,2.2
505820,4272,P01,MS-CLN-GEL150,1,22.0,0.0
505821,4273,P03,MS-SER-VTC30,1,38.0,9.5
505822,4274,P12,MS-SET-RTN3,1,88.0,22.0
505823,4274,P05,MS-SER-NIA30,1,29.0,7.25
505824,4275,P07,MS-MOI-SPF50,1,32.0,0.0
505825,4275,P08,MS-MOI-BAR50,1,36.0,0.0
505826,4276,P06,MS-TRT-RET50,1,44.0,11.0
505827,4277,P12,MS-SET-RTN3,1,88.0,22.0
505828,4277,P02,MS-CLN-CRM150,1,24.0,6.0
505829,4277,P10,MS-MSK-CLY100,1,26.0,6.5
505830,4278,P03,MS-SER-VTC30,1,38.0,0.0
505831,4279,P01,MS-CLN-GEL150,1,22.0,5.5
505832,4279,P03,MS-SER-VTC30,1,38.0,9.5
505833,4280,P08,MS-MOI-BAR50,2,36.0,18.0
505834,4280,P07,MS-MOI-SPF50,1,32.0,8.0
505835,4281,P07,MS-MOI-SPF50,1,32.0,8.0
505836,4281,P09,MS-EYE-015,2,30.0,15.0
505837,4281,P04,MS-SER-HYA30,1,34.0,8.5
505838,4282,P04,MS-SER-HYA30,1,34.0,8.5
505839,4283,P05,MS-SER-NIA30,1,29.0,7.25
505840,4283,P04,MS-SER-HYA30,1,34.0,8.5
505841,4283,P08,MS-MOI-BAR50,1,36.0,9.0
505842,4284,P12,MS-SET-RTN3,1,88.0,22.0
505843,4285,P02,MS-CLN-CRM150,1,24.0,3.6
505844,4285,P06,MS-TRT-RET50,1,44.0,6.6
505845,4286,P02,MS-CLN-CRM150,2,24.0,0.0
505846,4286,P06,MS-TRT-RET50,1,44.0,0.0
505847,4286,P04,MS-SER-HYA30,1,34.0,0.0
505848,4287,P07,MS-MOI-SPF50,1,32.0,3.2
505849,4288,P11,MS-BDY-LOT400,1,28.0,7.0
505850,4288,P05,MS-SER-NIA30,1,29.0,7.25
505851,4288,P12,MS-SET-RTN3,1,88.0,22.0
505852,4289,P04,MS-SER-HYA30,1,34.0,0.0
505853,4289,P03,MS-SER-VTC30,1,38.0,0.0
505854,4289,P01,MS-CLN-GEL150,1,22.0,0.0
505855,4290,P12,MS-SET-RTN3,1,88.0,0.0
505856,4290,P08,MS-MOI-BAR50,1,36.0,0.0
505857,4290,P04,MS-SER-HYA30,2,34.0,0.0
505858,4290,P03,MS-SER-VTC30,1,38.0,0.0
505859,4291,P07,MS-MOI-SPF50,1,32.0,8.0
505860,4291,P03,MS-SER-VTC30,1,38.0,9.5
505861,4292,P03,MS-SER-VTC30,1,38.0,5.7
505862,4293,P04,MS-SER-HYA30,1,34.0,8.5
505863,4293,P08,MS-MOI-BAR50,2,36.0,18.0
505864,4293,P06,MS-TRT-RET50,1,44.0,11.0
505865,4294,P01,MS-CLN-GEL150,1,22.0,7.98
505866,4295,P04,MS-SER-HYA30,1,34.0,8.5
505867,4296,P01,MS-CLN-GEL150,1,22.0,0.0
505868,4297,P05,MS-SER-NIA30,1,29.0,0.0
505869,4298,P12,MS-SET-RTN3,1,88.0,22.0
505870,4299,P04,MS-SER-HYA30,1,34.0,8.5
505871,4300,P12,MS-SET-RTN3,1,88.0,0.0
505872,4301,P08,MS-MOI-BAR50,2,36.0,18.0
505873,4301,P05,MS-SER-NIA30,1,29.0,7.25
505874,4302,P03,MS-SER-VTC30,1,38.0,9.5
505875,4303,P01,MS-CLN-GEL150,1,22.0,5.5
505876,4304,P07,MS-MOI-SPF50,1,32.0,4.8
505877,4304,P03,MS-SER-VTC30,1,38.0,5.7
505878,4304,P11,MS-BDY-LOT400,2,28.0,8.4
505879,4305,P12,MS-SET-RTN3,1,88.0,22.0
505880,4305,P03,MS-SER-VTC30,1,38.0,9.5
505881,4306,P05,MS-SER-NIA30,1,29.0,0.0
505882,4307,P06,MS-TRT-RET50,1,44.0,6.6
505883,4307,P01,MS-CLN-GEL150,2,22.0,6.6
505884,4307,P10,MS-MSK-CLY100,1,26.0,3.9
505885,4308,P07,MS-MOI-SPF50,1,32.0,4.8
505886,4309,P01,MS-CLN-GEL150,1,22.0,0.0
505887,4310,P01,MS-CLN-GEL150,1,22.0,5.5
505888,4310,P06,MS-TRT-RET50,1,44.0,11.0
505889,4311,P04,MS-SER-HYA30,1,34.0,8.5
505890,4312,P11,MS-BDY-LOT400,1,28.0,7.0
505891,4313,P09,MS-EYE-015,1,30.0,7.5
505892,4313,P12,MS-SET-RTN3,1,88.0,22.0
505893,4313,P05,MS-SER-NIA30,1,29.0,7.25
505894,4313,P10,MS-MSK-CLY100,1,26.0,6.5
505895,4314,P04,MS-SER-HYA30,1,34.0,0.0
505896,4314,P02,MS-CLN-CRM150,1,24.0,0.0
505897,4315,P03,MS-SER-VTC30,1,38.0,9.5
505898,4315,P02,MS-CLN-CRM150,1,24.0,6.0
505899,4316,P08,MS-MOI-BAR50,1,36.0,9.0
505900,4317,P12,MS-SET-RTN3,1,88.0,22.0
505901,4317,P08,MS-MOI-BAR50,1,36.0,9.0
505902,4318,P12,MS-SET-RTN3,1,88.0,0.0
505903,4318,P01,MS-CLN-GEL150,1,22.0,0.0
505904,4319,P01,MS-CLN-GEL150,1,22.0,5.5
505905,4320,P04,MS-SER-HYA30,1,34.0,8.5
505906,4320,P05,MS-SER-NIA30,1,29.0,7.25
505907,4321,P07,MS-MOI-SPF50,1,32.0,8.0
505908,4322,P12,MS-SET-RTN3,1,88.0,22.0
505909,4322,P07,MS-MOI-SPF50,2,32.0,16.0
505910,4323,P12,MS-SET-RTN3,1,88.0,22.0
505911,4323,P11,MS-BDY-LOT400,1,28.0,7.0
505912,4324,P02,MS-CLN-CRM150,1,24.0,6.0
505913,4324,P03,MS-SER-VTC30,1,38.0,9.5
505914,4325,P09,MS-EYE-015,1,30.0,7.5
505915,4325,P06,MS-TRT-RET50,1,44.0,11.0
505916,4326,P03,MS-SER-VTC30,1,38.0,0.0
505917,4327,P01,MS-CLN-GEL150,1,22.0,3.3
505918,4327,P12,MS-SET-RTN3,1,88.0,13.2
505919,4328,P01,MS-CLN-GEL150,1,22.0,0.0
505920,4329,P09,MS-EYE-015,1,30.0,3.0
505921,4329,P03,MS-SER-VTC30,1,38.0,3.8
505922,4329,P12,MS-SET-RTN3,1,88.0,8.8
505923,4330,P02,MS-CLN-CRM150,1,24.0,6.0
505924,4330,P03,MS-SER-VTC30,1,38.0,9.5
505925,4330,P01,MS-CLN-GEL150,1,22.0,5.5
505926,4331,P08,MS-MOI-BAR50,1,36.0,0.0
505927,4332,P05,MS-SER-NIA30,1,29.0,7.25
505928,4332,P04,MS-SER-HYA30,1,34.0,8.5
505929,4333,P04,MS-SER-HYA30,1,34.0,8.5
505930,4334,P03,MS-SER-VTC30,1,38.0,9.5
505931,4335,P08,MS-MOI-BAR50,2,36.0,0.0
505932,4335,P09,MS-EYE-015,1,30.0,0.0
505933,4335,P07,MS-MOI-SPF50,2,32.0,0.0
505934,4336,P07,MS-MOI-SPF50,1,32.0,11.6
505935,4336,P03,MS-SER-VTC30,1,38.0,13.78
505936,4336,P06,MS-TRT-RET50,1,44.0,15.95
505937,4336,P04,MS-SER-HYA30,1,34.0,12.32
505938,4337,P04,MS-SER-HYA30,1,34.0,8.5
505939,4337,P12,MS-SET-RTN3,1,88.0,22.0
505940,4338,P04,MS-SER-HYA30,1,34.0,5.1
505941,4339,P03,MS-SER-VTC30,1,38.0,9.5
505942,4340,P01,MS-CLN-GEL150,1,22.0,3.3
505943,4341,P02,MS-CLN-CRM150,1,24.0,3.6
505944,4342,P04,MS-SER-HYA30,1,34.0,8.5
505945,4342,P03,MS-SER-VTC30,1,38.0,9.5
505946,4343,P04,MS-SER-HYA30,1,34.0,0.0
505947,4344,P08,MS-MOI-BAR50,1,36.0,9.0
505948,4345,P07,MS-MOI-SPF50,1,32.0,8.0
505949,4345,P09,MS-EYE-015,1,30.0,7.5
505950,4346,P01,MS-CLN-GEL150,1,22.0,5.5
505951,4346,P05,MS-SER-NIA30,1,29.0,7.25
505952,4346,P03,MS-SER-VTC30,1,38.0,9.5
505953,4346,P07,MS-MOI-SPF50,1,32.0,8.0
505954,4347,P05,MS-SER-NIA30,1,29.0,0.0
505955,4348,P01,MS-CLN-GEL150,1,22.0,5.5
505956,4349,P12,MS-SET-RTN3,1,88.0,13.2
505957,4349,P04,MS-SER-HYA30,1,34.0,5.1
505958,4350,P11,MS-BDY-LOT400,1,28.0,7.0
505959,4351,P12,MS-SET-RTN3,1,88.0,0.0
505960,4352,P11,MS-BDY-LOT400,2,28.0,0.0
505961,4353,P04,MS-SER-HYA30,1,34.0,0.0
505962,4354,P07,MS-MOI-SPF50,1,32.0,8.0
505963,4355,P11,MS-BDY-LOT400,2,28.0,8.4
505964,4356,P01,MS-CLN-GEL150,1,22.0,3.3
505965,4357,P10,MS-MSK-CLY100,1,26.0,6.5
505966,4358,P03,MS-SER-VTC30,1,38.0,9.5
505967,4359,P04,MS-SER-HYA30,1,34.0,8.5
505968,4360,P05,MS-SER-NIA30,1,29.0,7.25
505969,4360,P11,MS-BDY-LOT400,2,28.0,14.0
505970,4361,P06,MS-TRT-RET50,1,44.0,0.0
505971,4361,P03,MS-SER-VTC30,1,38.0,0.0
505972,4362,P06,MS-TRT-RET50,1,44.0,15.95
505973,4362,P04,MS-SER-HYA30,1,34.0,12.32
505974,4362,P03,MS-SER-VTC30,1,38.0,13.78
505975,4363,P05,MS-SER-NIA30,1,29.0,7.25
505976,4364,P04,MS-SER-HYA30,1,34.0,8.5
505977,4365,P11,MS-BDY-LOT400,1,28.0,2.8
505978,4365,P01,MS-CLN-GEL150,1,22.0,2.2
505979,4366,P04,MS-SER-HYA30,2,34.0,10.2
505980,4366,P03,MS-SER-VTC30,1,38.0,5.7
505981,4367,P02,MS-CLN-CRM150,1,24.0,6.0
505982,4367,P04,MS-SER-HYA30,1,34.0,8.5
505983,4368,P12,MS-SET-RTN3,1,88.0,22.0
505984,4368,P11,MS-BDY-LOT400,1,28.0,7.0
505985,4369,P10,MS-MSK-CLY100,1,26.0,6.5
505986,4370,P02,MS-CLN-CRM150,1,24.0,3.6
505987,4371,P09,MS-EYE-015,2,30.0,6.0
505988,4372,P03,MS-SER-VTC30,1,38.0,0.0
505989,4372,P09,MS-EYE-015,1,30.0,0.0
505990,4373,P04,MS-SER-HYA30,1,34.0,8.5
505991,4373,P02,MS-CLN-CRM150,1,24.0,6.0
505992,4374,P04,MS-SER-HYA30,1,34.0,0.0
505993,4374,P06,MS-TRT-RET50,1,44.0,0.0
505994,4374,P07,MS-MOI-SPF50,1,32.0,0.0
505995,4375,P01,MS-CLN-GEL150,1,22.0,5.5
505996,4376,P04,MS-SER-HYA30,1,34.0,8.5
505997,4376,P07,MS-MOI-SPF50,1,32.0,8.0
505998,4377,P03,MS-SER-VTC30,1,38.0,5.7
505999,4378,P01,MS-CLN-GEL150,1,22.0,0.0
506000,4379,P04,MS-SER-HYA30,1,34.0,8.5
506001,4379,P03,MS-SER-VTC30,1,38.0,9.5
506002,4379,P02,MS-CLN-CRM150,1,24.0,6.0
506003,4380,P03,MS-SER-VTC30,1,38.0,9.5
506004,4380,P12,MS-SET-RTN3,1,88.0,22.0
506005,4381,P12,MS-SET-RTN3,1,88.0,0.0
506006,4381,P07,MS-MOI-SPF50,1,32.0,0.0
506007,4381,P01,MS-CLN-GEL150,1,22.0,0.0
506008,4382,P03,MS-SER-VTC30,1,38.0,9.5
506009,4382,P06,MS-TRT-RET50,2,44.0,22.0
506010,4383,P05,MS-SER-NIA30,1,29.0,0.0
506011,4384,P03,MS-SER-VTC30,1,38.0,0.0
506012,4385,P10,MS-MSK-CLY100,1,26.0,3.9
506013,4386,P10,MS-MSK-CLY100,1,26.0,6.5
506014,4386,P12,MS-SET-RTN3,1,88.0,22.0
506015,4386,P03,MS-SER-VTC30,2,38.0,19.0
506016,4386,P05,MS-SER-NIA30,1,29.0,7.25
506017,4387,P04,MS-SER-HYA30,1,34.0,8.5
506018,4387,P01,MS-CLN-GEL150,2,22.0,11.0
506019,4388,P06,MS-TRT-RET50,1,44.0,15.95
506020,4389,P08,MS-MOI-BAR50,1,36.0,0.0
506021,4390,P09,MS-EYE-015,1,30.0,7.5
506022,4390,P03,MS-SER-VTC30,1,38.0,9.5
506023,4391,P05,MS-SER-NIA30,1,29.0,0.0
506024,4391,P07,MS-MOI-SPF50,1,32.0,0.0
506025,4391,P01,MS-CLN-GEL150,1,22.0,0.0
506026,4392,P07,MS-MOI-SPF50,1,32.0,8.0
506027,4392,P08,MS-MOI-BAR50,1,36.0,9.0
506028,4393,P12,MS-SET-RTN3,1,88.0,22.0
506029,4393,P03,MS-SER-VTC30,1,38.0,9.5
506030,4393,P08,MS-MOI-BAR50,1,36.0,9.0
506031,4394,P05,MS-SER-NIA30,1,29.0,7.25
506032,4395,P02,MS-CLN-CRM150,1,24.0,6.0
506033,4395,P01,MS-CLN-GEL150,1,22.0,5.5
506034,4396,P03,MS-SER-VTC30,1,38.0,9.5
506035,4396,P10,MS-MSK-CLY100,1,26.0,6.5
506036,4397,P07,MS-MOI-SPF50,1,32.0,0.0
506037,4397,P04,MS-SER-HYA30,1,34.0,0.0
506038,4398,P07,MS-MOI-SPF50,1,32.0,8.0
506039,4398,P12,MS-SET-RTN3,1,88.0,22.0
506040,4399,P03,MS-SER-VTC30,1,38.0,5.7
506041,4399,P02,MS-CLN-CRM150,1,24.0,3.6
506042,4400,P03,MS-SER-VTC30,2,38.0,0.0
506043,4401,P04,MS-SER-HYA30,1,34.0,8.5
506044,4401,P06,MS-TRT-RET50,1,44.0,11.0
506045,4402,P01,MS-CLN-GEL150,1,22.0,5.5
506046,4402,P03,MS-SER-VTC30,2,38.0,19.0
506047,4403,P08,MS-MOI-BAR50,2,36.0,18.0
506048,4403,P06,MS-TRT-RET50,1,44.0,11.0
506049,4404,P04,MS-SER-HYA30,1,34.0,7.99
506050,4405,P05,MS-SER-NIA30,1,29.0,7.25
506051,4405,P04,MS-SER-HYA30,1,34.0,8.5
506052,4405,P03,MS-SER-VTC30,1,38.0,9.5
506053,4405,P09,MS-EYE-015,1,30.0,7.5
506054,4406,P08,MS-MOI-BAR50,1,36.0,5.4
506055,4407,P04,MS-SER-HYA30,1,34.0,8.5
506056,4407,P06,MS-TRT-RET50,1,44.0,11.0
506057,4408,P09,MS-EYE-015,2,30.0,9.0
506058,4408,P05,MS-SER-NIA30,1,29.0,4.35
506059,4408,P01,MS-CLN-GEL150,1,22.0,3.3
506060,4408,P11,MS-BDY-LOT400,1,28.0,4.2
506061,4409,P12,MS-SET-RTN3,1,88.0,24.41
506062,4409,P03,MS-SER-VTC30,1,38.0,10.55
506063,4409,P01,MS-CLN-GEL150,1,22.0,6.11
506064,4410,P05,MS-SER-NIA30,1,29.0,10.51
506065,4411,P01,MS-CLN-GEL150,1,22.0,5.5
506066,4412,P01,MS-CLN-GEL150,1,22.0,5.5
506067,4413,P12,MS-SET-RTN3,1,88.0,22.0
506068,4413,P01,MS-CLN-GEL150,1,22.0,5.5
506069,4413,P07,MS-MOI-SPF50,1,32.0,8.0
506070,4414,P12,MS-SET-RTN3,1,88.0,22.0
506071,4414,P10,MS-MSK-CLY100,1,26.0,6.5
506072,4415,P09,MS-EYE-015,1,30.0,7.5
506073,4416,P04,MS-SER-HYA30,1,34.0,0.0
506074,4417,P03,MS-SER-VTC30,1,38.0,9.5
506075,4417,P01,MS-CLN-GEL150,1,22.0,5.5
506076,4418,P06,MS-TRT-RET50,1,44.0,0.0
506077,4418,P03,MS-SER-VTC30,2,38.0,0.0
506078,4418,P02,MS-CLN-CRM150,1,24.0,0.0
506079,4419,P05,MS-SER-NIA30,1,29.0,7.25
506080,4420,P01,MS-CLN-GEL150,1,22.0,0.0
506081,4421,P07,MS-MOI-SPF50,1,32.0,4.8
506082,4421,P12,MS-SET-RTN3,1,88.0,13.2
506083,4422,P04,MS-SER-HYA30,2,34.0,17.0
506084,4422,P12,MS-SET-RTN3,1,88.0,22.0
506085,4422,P06,MS-TRT-RET50,1,44.0,11.0
506086,4423,P04,MS-SER-HYA30,1,34.0,8.5
506087,4423,P12,MS-SET-RTN3,1,88.0,22.0
506088,4423,P07,MS-MOI-SPF50,1,32.0,8.0
506089,4423,P05,MS-SER-NIA30,1,29.0,7.25
506090,4424,P10,MS-MSK-CLY100,1,26.0,2.6
506091,4425,P07,MS-MOI-SPF50,1,32.0,0.0
506092,4426,P04,MS-SER-HYA30,1,34.0,5.1
506093,4427,P04,MS-SER-HYA30,1,34.0,0.0
506094,4428,P02,MS-CLN-CRM150,1,24.0,6.0
506095,4429,P07,MS-MOI-SPF50,1,32.0,0.0
506096,4430,P06,MS-TRT-RET50,2,44.0,22.0
506097,4430,P05,MS-SER-NIA30,1,29.0,7.25
506098,4430,P04,MS-SER-HYA30,1,34.0,8.5
506099,4431,P09,MS-EYE-015,1,30.0,0.0
506100,4432,P03,MS-SER-VTC30,1,38.0,5.7
506101,4432,P08,MS-MOI-BAR50,1,36.0,5.4
506102,4432,P07,MS-MOI-SPF50,1,32.0,4.8
506103,4433,P04,MS-SER-HYA30,1,34.0,0.0
506104,4434,P04,MS-SER-HYA30,1,34.0,0.0
506105,4435,P05,MS-SER-NIA30,1,29.0,0.0
506106,4435,P12,MS-SET-RTN3,1,88.0,0.0
506107,4435,P08,MS-MOI-BAR50,1,36.0,0.0
506108,4435,P09,MS-EYE-015,1,30.0,0.0
506109,4436,P04,MS-SER-HYA30,1,34.0,0.0
506110,4436,P09,MS-EYE-015,1,30.0,0.0
506111,4437,P11,MS-BDY-LOT400,1,28.0,0.0
506112,4437,P12,MS-SET-RTN3,1,88.0,0.0
506113,4438,P06,MS-TRT-RET50,2,44.0,0.0
506114,4438,P07,MS-MOI-SPF50,1,32.0,0.0
506115,4439,P03,MS-SER-VTC30,1,38.0,5.7
506116,4439,P07,MS-MOI-SPF50,1,32.0,4.8
506117,4440,P10,MS-MSK-CLY100,1,26.0,0.0
506118,4441,P07,MS-MOI-SPF50,2,32.0,0.0
506119,4441,P05,MS-SER-NIA30,1,29.0,0.0
506120,4442,P08,MS-MOI-BAR50,1,36.0,5.4
506121,4442,P11,MS-BDY-LOT400,1,28.0,4.2
506122,4442,P05,MS-SER-NIA30,1,29.0,4.35
506123,4442,P12,MS-SET-RTN3,1,88.0,13.2
506124,4443,P10,MS-MSK-CLY100,1,26.0,0.0
506125,4444,P12,MS-SET-RTN3,1,88.0,0.0
506126,4444,P07,MS-MOI-SPF50,1,32.0,0.0
506127,4445,P06,MS-TRT-RET50,1,44.0,0.0
506128,4445,P07,MS-MOI-SPF50,1,32.0,0.0
506129,4446,P08,MS-MOI-BAR50,2,36.0,0.0
506130,4446,P05,MS-SER-NIA30,1,29.0,0.0
506131,4446,P02,MS-CLN-CRM150,1,24.0,0.0
506132,4446,P10,MS-MSK-CLY100,1,26.0,0.0
506133,4447,P03,MS-SER-VTC30,1,38.0,4.56
506134,4448,P03,MS-SER-VTC30,1,38.0,0.0
506135,4448,P05,MS-SER-NIA30,1,29.0,0.0
506136,4449,P08,MS-MOI-BAR50,1,36.0,5.4
506137,4450,P06,MS-TRT-RET50,1,44.0,6.6
506138,4451,P10,MS-MSK-CLY100,1,26.0,3.9
506139,4451,P12,MS-SET-RTN3,1,88.0,13.2
506140,4451,P04,MS-SER-HYA30,1,34.0,5.1
506141,4452,P04,MS-SER-HYA30,1,34.0,5.1
506142,4452,P01,MS-CLN-GEL150,1,22.0,3.3
506143,4453,P04,MS-SER-HYA30,1,34.0,0.0
506144,4453,P02,MS-CLN-CRM150,1,24.0,0.0
506145,4454,P10,MS-MSK-CLY100,1,26.0,0.0
506146,4455,P04,MS-SER-HYA30,1,34.0,0.0
506147,4456,P01,MS-CLN-GEL150,1,22.0,0.0
506148,4456,P05,MS-SER-NIA30,1,29.0,0.0
506149,4456,P06,MS-TRT-RET50,1,44.0,0.0
506150,4457,P03,MS-SER-VTC30,1,38.0,0.0
506151,4458,P04,MS-SER-HYA30,2,34.0,10.2
506152,4459,P10,MS-MSK-CLY100,1,26.0,0.0
506153,4460,P02,MS-CLN-CRM150,1,24.0,0.0
506154,4460,P05,MS-SER-NIA30,1,29.0,0.0
506155,4461,P07,MS-MOI-SPF50,1,32.0,0.0
506156,4462,P05,MS-SER-NIA30,2,29.0,5.8
506157,4463,P01,MS-CLN-GEL150,1,22.0,0.0
506158,4463,P05,MS-SER-NIA30,1,29.0,0.0
506159,4463,P07,MS-MOI-SPF50,1,32.0,0.0
506160,4464,P08,MS-MOI-BAR50,1,36.0,0.0
506161,4464,P06,MS-TRT-RET50,1,44.0,0.0
506162,4465,P03,MS-SER-VTC30,1,38.0,0.0
506163,4465,P08,MS-MOI-BAR50,1,36.0,0.0
506164,4465,P04,MS-SER-HYA30,1,34.0,0.0
506165,4465,P02,MS-CLN-CRM150,1,24.0,0.0
506166,4466,P03,MS-SER-VTC30,1,38.0,5.7
506167,4466,P04,MS-SER-HYA30,1,34.0,5.1
506168,4467,P08,MS-MOI-BAR50,1,36.0,0.0
506169,4467,P06,MS-TRT-RET50,1,44.0,0.0
600006,4467,P08,MS-MOI-BAR50,1,36.0,0.0
506170,4468,P09,MS-EYE-015,1,30.0,0.0
506171,4468,P06,MS-TRT-RET50,1,44.0,0.0
506172,4469,P05,MS-SER-NIA30,2,29.0,0.0
506173,4470,P04,MS-SER-HYA30,1,34.0,0.0
506174,4471,P05,MS-SER-NIA30,1,29.0,0.0
506175,4472,P10,MS-MSK-CLY100,1,26.0,0.0
506176,4472,P02,MS-CLN-CRM150,1,24.0,0.0
506177,4473,P01,MS-CLN-GEL150,1,22.0,2.2
506178,4474,P03,MS-SER-VTC30,2,38.0,0.0
506179,4475,P08,MS-MOI-BAR50,1,36.0,5.4
506180,4476,P12,MS-SET-RTN3,1,88.0,0.0
506181,4477,P07,MS-MOI-SPF50,1,32.0,0.0
506182,4477,P05,MS-SER-NIA30,1,29.0,0.0
506183,4478,P01,MS-CLN-GEL150,1,22.0,0.0
506184,4478,P04,MS-SER-HYA30,1,34.0,0.0
506185,4478,P09,MS-EYE-015,1,30.0,0.0
506186,4479,P02,MS-CLN-CRM150,1,24.0,0.0
506187,4479,P01,MS-CLN-GEL150,1,22.0,0.0
506188,4479,P03,MS-SER-VTC30,1,38.0,0.0
506189,4480,P03,MS-SER-VTC30,1,38.0,0.0
506190,4480,P07,MS-MOI-SPF50,1,32.0,0.0
506191,4480,P01,MS-CLN-GEL150,1,22.0,0.0
506192,4481,P10,MS-MSK-CLY100,1,26.0,0.0
506193,4482,P06,MS-TRT-RET50,1,44.0,0.0
506194,4483,P06,MS-TRT-RET50,2,44.0,22.18
506195,4484,P01,MS-CLN-GEL150,1,22.0,0.0
506196,4485,P07,MS-MOI-SPF50,1,32.0,4.8
506197,4486,P01,MS-CLN-GEL150,1,22.0,0.0
506198,4486,P05,MS-SER-NIA30,1,29.0,0.0
506199,4487,P08,MS-MOI-BAR50,1,36.0,0.0
506200,4487,P03,MS-SER-VTC30,1,38.0,0.0
506201,4488,P04,MS-SER-HYA30,1,34.0,0.0
506202,4489,P06,MS-TRT-RET50,1,44.0,6.6
506203,4489,P01,MS-CLN-GEL150,1,22.0,3.3
506204,4490,P03,MS-SER-VTC30,1,38.0,3.8
506205,4491,P01,MS-CLN-GEL150,1,22.0,0.0
506206,4492,P06,MS-TRT-RET50,1,44.0,0.0
506207,4492,P11,MS-BDY-LOT400,2,28.0,0.0
506208,4493,P12,MS-SET-RTN3,1,88.0,0.0
506209,4493,P05,MS-SER-NIA30,1,29.0,0.0
506210,4494,P02,MS-CLN-CRM150,1,24.0,0.0
506211,4495,P10,MS-MSK-CLY100,1,26.0,0.0
506212,4495,P07,MS-MOI-SPF50,1,32.0,0.0
506213,4495,P03,MS-SER-VTC30,1,38.0,0.0
506214,4496,P03,MS-SER-VTC30,1,38.0,0.0
506215,4497,P01,MS-CLN-GEL150,1,22.0,0.0
506216,4498,P07,MS-MOI-SPF50,1,32.0,4.8
506217,4499,P02,MS-CLN-CRM150,1,24.0,0.0
506218,4499,P03,MS-SER-VTC30,1,38.0,0.0
506219,4500,P09,MS-EYE-015,1,30.0,3.0
506220,4501,P05,MS-SER-NIA30,1,29.0,0.0
506221,4501,P03,MS-SER-VTC30,1,38.0,0.0
506222,4502,P02,MS-CLN-CRM150,1,24.0,0.0
506223,4503,P02,MS-CLN-CRM150,2,24.0,0.0
506224,4503,P11,MS-BDY-LOT400,1,28.0,0.0
506225,4504,P12,MS-SET-RTN3,1,88.0,13.2
506226,4505,P01,MS-CLN-GEL150,1,22.0,0.0
506227,4505,P08,MS-MOI-BAR50,1,36.0,0.0
506228,4506,P04,MS-SER-HYA30,1,34.0,0.0
506229,4506,P01,MS-CLN-GEL150,1,22.0,0.0
506230,4507,P04,MS-SER-HYA30,1,34.0,0.0
506231,4507,P12,MS-SET-RTN3,1,88.0,0.0
506232,4508,P06,MS-TRT-RET50,1,44.0,4.4
506233,4508,P12,MS-SET-RTN3,1,88.0,8.8
506234,4508,P03,MS-SER-VTC30,1,38.0,3.8
506235,4508,P05,MS-SER-NIA30,1,29.0,2.9
506236,4509,P01,MS-CLN-GEL150,2,22.0,4.4
506237,4509,P07,MS-MOI-SPF50,1,32.0,3.2
506238,4509,P04,MS-SER-HYA30,2,34.0,6.8
506239,4510,P10,MS-MSK-CLY100,1,26.0,2.6
506240,4511,P03,MS-SER-VTC30,1,38.0,5.7
506241,4511,P01,MS-CLN-GEL150,1,22.0,3.3
506242,4512,P03,MS-SER-VTC30,1,38.0,0.0
506243,4513,P01,MS-CLN-GEL150,2,22.0,0.0
506244,4514,P04,MS-SER-HYA30,1,34.0,3.4
506245,4514,P12,MS-SET-RTN3,1,88.0,8.8
506246,4514,P07,MS-MOI-SPF50,1,32.0,3.2
506247,4515,P02,MS-CLN-CRM150,1,24.0,0.0
506248,4515,P04,MS-SER-HYA30,2,34.0,0.0
506249,4516,P10,MS-MSK-CLY100,1,26.0,3.9
506250,4516,P01,MS-CLN-GEL150,1,22.0,3.3
506251,4517,P05,MS-SER-NIA30,1,29.0,4.35
506252,4517,P03,MS-SER-VTC30,1,38.0,5.7
506253,4517,P11,MS-BDY-LOT400,1,28.0,4.2
506254,4518,P03,MS-SER-VTC30,1,38.0,5.7
506255,4518,P12,MS-SET-RTN3,1,88.0,13.2
506256,4519,P07,MS-MOI-SPF50,1,32.0,0.0
506257,4519,P08,MS-MOI-BAR50,1,36.0,0.0
506258,4520,P08,MS-MOI-BAR50,1,36.0,0.0
506259,4520,P03,MS-SER-VTC30,1,38.0,0.0
506260,4521,P03,MS-SER-VTC30,1,38.0,0.0
506261,4522,P07,MS-MOI-SPF50,1,32.0,0.0
506262,4522,P05,MS-SER-NIA30,1,29.0,0.0
506263,4523,P05,MS-SER-NIA30,2,29.0,0.0
506264,4523,P06,MS-TRT-RET50,2,44.0,0.0
506265,4523,P04,MS-SER-HYA30,1,34.0,0.0
506266,4523,P12,MS-SET-RTN3,1,88.0,0.0
506267,4524,P10,MS-MSK-CLY100,1,26.0,3.9
506268,4524,P09,MS-EYE-015,2,30.0,9.0
506269,4524,P03,MS-SER-VTC30,1,38.0,5.7
506270,4525,P07,MS-MOI-SPF50,1,32.0,0.0
506271,4525,P10,MS-MSK-CLY100,1,26.0,0.0
506272,4526,P02,MS-CLN-CRM150,1,24.0,0.0
506273,4526,P03,MS-SER-VTC30,1,38.0,0.0
506274,4527,P10,MS-MSK-CLY100,1,26.0,0.0
506275,4528,P07,MS-MOI-SPF50,1,32.0,4.8
506276,4529,P12,MS-SET-RTN3,1,88.0,0.0
506277,4530,P09,MS-EYE-015,1,30.0,3.0
506278,4531,P11,MS-BDY-LOT400,1,28.0,0.0
506279,4531,P02,MS-CLN-CRM150,1,24.0,0.0
506280,4532,P06,MS-TRT-RET50,1,44.0,6.6
506281,4533,P06,MS-TRT-RET50,2,44.0,0.0
506282,4534,P01,MS-CLN-GEL150,1,22.0,3.3
506283,4535,P12,MS-SET-RTN3,1,88.0,0.0
506284,4536,P07,MS-MOI-SPF50,1,32.0,0.0
506285,4536,P01,MS-CLN-GEL150,1,22.0,0.0
506286,4537,P03,MS-SER-VTC30,1,38.0,0.0
506287,4537,P02,MS-CLN-CRM150,1,24.0,0.0
506288,4538,P05,MS-SER-NIA30,1,29.0,4.35
506289,4539,P07,MS-MOI-SPF50,1,32.0,4.8
506290,4539,P06,MS-TRT-RET50,2,44.0,13.2
506291,4540,P06,MS-TRT-RET50,1,44.0,0.0
506292,4541,P08,MS-MOI-BAR50,1,36.0,5.4
506293,4542,P03,MS-SER-VTC30,2,38.0,11.4
506294,4542,P04,MS-SER-HYA30,1,34.0,5.1
506295,4543,P03,MS-SER-VTC30,1,38.0,0.0
506296,4543,P07,MS-MOI-SPF50,1,32.0,0.0
506297,4544,P07,MS-MOI-SPF50,1,32.0,0.0
506298,4544,P05,MS-SER-NIA30,1,29.0,0.0
506299,4544,P08,MS-MOI-BAR50,1,36.0,0.0
506300,4544,P06,MS-TRT-RET50,1,44.0,0.0
506301,4545,P04,MS-SER-HYA30,1,34.0,0.0
506302,4546,P06,MS-TRT-RET50,1,44.0,0.0
506303,4546,P05,MS-SER-NIA30,1,29.0,0.0
506304,4547,P09,MS-EYE-015,2,30.0,0.0
506305,4548,P01,MS-CLN-GEL150,1,22.0,2.2
506306,4549,P12,MS-SET-RTN3,1,88.0,0.0
506307,4549,P04,MS-SER-HYA30,2,34.0,0.0
506308,4550,P03,MS-SER-VTC30,1,38.0,5.7
506309,4550,P04,MS-SER-HYA30,1,34.0,5.1
506310,4551,P08,MS-MOI-BAR50,1,36.0,3.6
506311,4552,P03,MS-SER-VTC30,1,38.0,0.0
506312,4553,P03,MS-SER-VTC30,1,38.0,5.7
506313,4554,P02,MS-CLN-CRM150,1,24.0,0.0
506314,4555,P04,MS-SER-HYA30,1,34.0,0.0
506315,4556,P11,MS-BDY-LOT400,1,28.0,0.0
506316,4556,P03,MS-SER-VTC30,1,38.0,0.0
506317,4556,P04,MS-SER-HYA30,1,34.0,0.0
506318,4557,P05,MS-SER-NIA30,2,29.0,8.7
506319,4557,P12,MS-SET-RTN3,1,88.0,13.2
506320,4558,P02,MS-CLN-CRM150,1,24.0,3.6
506321,4558,P03,MS-SER-VTC30,1,38.0,5.7
506322,4559,P05,MS-SER-NIA30,1,29.0,0.0
506323,4559,P11,MS-BDY-LOT400,1,28.0,0.0
506324,4559,P02,MS-CLN-CRM150,1,24.0,0.0
506325,4559,P04,MS-SER-HYA30,2,34.0,0.0
506326,4560,P11,MS-BDY-LOT400,2,28.0,0.0
506327,4561,P06,MS-TRT-RET50,2,44.0,13.2
506328,4561,P05,MS-SER-NIA30,1,29.0,4.35
506329,4562,P02,MS-CLN-CRM150,1,24.0,0.0
506330,4563,P04,MS-SER-HYA30,1,34.0,0.0
506331,4564,P03,MS-SER-VTC30,1,38.0,0.0
506332,4565,P04,MS-SER-HYA30,1,34.0,5.1
506333,4566,P07,MS-MOI-SPF50,1,32.0,0.0
506334,4566,P03,MS-SER-VTC30,1,38.0,0.0
506335,4567,P07,MS-MOI-SPF50,1,32.0,0.0
506336,4568,P07,MS-MOI-SPF50,1,32.0,0.0
506337,4569,P06,MS-TRT-RET50,1,44.0,0.0
506338,4570,P01,MS-CLN-GEL150,1,22.0,0.0
506339,4570,P03,MS-SER-VTC30,1,38.0,0.0
506340,4571,P06,MS-TRT-RET50,1,44.0,0.0
506341,4572,P03,MS-SER-VTC30,1,38.0,5.7
506342,4573,P01,MS-CLN-GEL150,1,22.0,5.17
506343,4574,P04,MS-SER-HYA30,1,34.0,0.0
506344,4575,P04,MS-SER-HYA30,1,34.0,5.1
506345,4576,P04,MS-SER-HYA30,2,34.0,0.0
506346,4577,P01,MS-CLN-GEL150,2,22.0,4.4
506347,4577,P05,MS-SER-NIA30,1,29.0,2.9
506348,4577,P03,MS-SER-VTC30,1,38.0,3.8
506349,4578,P03,MS-SER-VTC30,1,38.0,3.8
506350,4579,P09,MS-EYE-015,1,30.0,0.0
506351,4580,P04,MS-SER-HYA30,1,34.0,5.1
506352,4581,P05,MS-SER-NIA30,1,29.0,2.9
506353,4581,P01,MS-CLN-GEL150,1,22.0,2.2
506354,4582,P09,MS-EYE-015,1,30.0,3.0
506355,4582,P04,MS-SER-HYA30,1,34.0,3.4
506356,4583,P02,MS-CLN-CRM150,1,24.0,3.6
506357,4583,P05,MS-SER-NIA30,1,29.0,4.35
506358,4584,P03,MS-SER-VTC30,1,38.0,0.0
506359,4585,P10,MS-MSK-CLY100,1,26.0,0.0
506360,4586,P06,MS-TRT-RET50,1,44.0,0.0
506361,4587,P06,MS-TRT-RET50,1,44.0,0.0
506362,4587,P01,MS-CLN-GEL150,1,22.0,0.0
506363,4588,P09,MS-EYE-015,2,30.0,9.0
506364,4589,P03,MS-SER-VTC30,1,38.0,5.7
506365,4589,P05,MS-SER-NIA30,2,29.0,8.7
506366,4590,P04,MS-SER-HYA30,2,34.0,10.2
506367,4591,P11,MS-BDY-LOT400,1,28.0,0.0
506368,4591,P05,MS-SER-NIA30,1,29.0,0.0
506369,4592,P07,MS-MOI-SPF50,1,32.0,3.2
506370,4593,P02,MS-CLN-CRM150,1,24.0,3.6
506371,4594,P03,MS-SER-VTC30,1,38.0,0.0
506372,4595,P10,MS-MSK-CLY100,1,26.0,2.6
506373,4596,P10,MS-MSK-CLY100,1,26.0,3.9
506374,4597,P10,MS-MSK-CLY100,1,26.0,3.9
506375,4597,P06,MS-TRT-RET50,1,44.0,6.6
506376,4597,P03,MS-SER-VTC30,1,38.0,5.7
506377,4598,P03,MS-SER-VTC30,1,38.0,0.0
506378,4599,P04,MS-SER-HYA30,1,34.0,5.1
506379,4600,P12,MS-SET-RTN3,1,88.0,13.2
506380,4600,P03,MS-SER-VTC30,1,38.0,5.7
506381,4601,P04,MS-SER-HYA30,1,34.0,3.4
506382,4602,P08,MS-MOI-BAR50,1,36.0,0.0
506383,4603,P08,MS-MOI-BAR50,1,36.0,0.0
506384,4604,P10,MS-MSK-CLY100,1,26.0,0.0
506385,4605,P12,MS-SET-RTN3,1,88.0,13.2
506386,4605,P03,MS-SER-VTC30,1,38.0,5.7
506387,4606,P07,MS-MOI-SPF50,1,32.0,0.0
506388,4607,P11,MS-BDY-LOT400,2,28.0,0.0
506389,4608,P05,MS-SER-NIA30,1,29.0,4.35
506390,4608,P04,MS-SER-HYA30,1,34.0,5.1
506391,4609,P01,MS-CLN-GEL150,1,22.0,0.0
506392,4610,P05,MS-SER-NIA30,1,29.0,0.0
506393,4611,P08,MS-MOI-BAR50,1,36.0,0.0
506394,4611,P05,MS-SER-NIA30,1,29.0,0.0
506395,4612,P02,MS-CLN-CRM150,1,24.0,0.0
506396,4613,P08,MS-MOI-BAR50,1,36.0,5.4
506397,4613,P01,MS-CLN-GEL150,1,22.0,3.3
506398,4614,P12,MS-SET-RTN3,1,88.0,13.2
506399,4614,P03,MS-SER-VTC30,2,38.0,11.4
506400,4615,P06,MS-TRT-RET50,1,44.0,0.0
506401,4615,P03,MS-SER-VTC30,1,38.0,0.0
506402,4616,P06,MS-TRT-RET50,1,44.0,0.0
506403,4616,P05,MS-SER-NIA30,1,29.0,0.0
506404,4617,P04,MS-SER-HYA30,1,34.0,5.1
506405,4618,P09,MS-EYE-015,1,30.0,3.6
506406,4618,P04,MS-SER-HYA30,1,34.0,4.08
506407,4618,P03,MS-SER-VTC30,2,38.0,9.12
506408,4619,P03,MS-SER-VTC30,1,38.0,5.7
506409,4620,P05,MS-SER-NIA30,1,29.0,0.0
506410,4621,P01,MS-CLN-GEL150,1,22.0,0.0
506411,4621,P03,MS-SER-VTC30,1,38.0,0.0
506412,4622,P06,MS-TRT-RET50,1,44.0,0.0
506413,4623,P01,MS-CLN-GEL150,2,22.0,0.0
506414,4624,P04,MS-SER-HYA30,1,34.0,0.0
506415,4625,P05,MS-SER-NIA30,1,29.0,0.0
506416,4625,P06,MS-TRT-RET50,1,44.0,0.0
506417,4626,P07,MS-MOI-SPF50,2,32.0,0.0
506418,4627,P03,MS-SER-VTC30,1,38.0,0.0
506419,4628,P04,MS-SER-HYA30,1,34.0,0.0
506420,4628,P05,MS-SER-NIA30,1,29.0,0.0
506421,4628,P07,MS-MOI-SPF50,2,32.0,0.0
506422,4629,P08,MS-MOI-BAR50,1,36.0,0.0
506423,4630,P01,MS-CLN-GEL150,1,22.0,0.0
506424,4631,P03,MS-SER-VTC30,1,38.0,5.7
506425,4632,P02,MS-CLN-CRM150,1,24.0,0.0
506426,4632,P03,MS-SER-VTC30,1,38.0,0.0
506427,4632,P01,MS-CLN-GEL150,2,22.0,0.0
506428,4633,P08,MS-MOI-BAR50,1,36.0,0.0
506429,4633,P09,MS-EYE-015,2,30.0,0.0
506430,4633,P01,MS-CLN-GEL150,1,22.0,0.0
506431,4634,P03,MS-SER-VTC30,2,38.0,0.0
506432,4635,P03,MS-SER-VTC30,1,38.0,3.8
506433,4636,P09,MS-EYE-015,2,30.0,0.0
506434,4637,P03,MS-SER-VTC30,1,38.0,0.0
506435,4637,P01,MS-CLN-GEL150,1,22.0,0.0
506436,4638,P07,MS-MOI-SPF50,2,32.0,0.0
506437,4638,P05,MS-SER-NIA30,1,29.0,0.0
506438,4639,P07,MS-MOI-SPF50,1,32.0,0.0
506439,4640,P02,MS-CLN-CRM150,1,24.0,3.6
506440,4641,P06,MS-TRT-RET50,1,44.0,0.0
506441,4642,P06,MS-TRT-RET50,1,44.0,0.0
506442,4642,P07,MS-MOI-SPF50,1,32.0,0.0
506443,4643,P04,MS-SER-HYA30,1,34.0,3.4
506444,4644,P06,MS-TRT-RET50,2,44.0,0.0
506445,4644,P08,MS-MOI-BAR50,1,36.0,0.0
506446,4645,P07,MS-MOI-SPF50,1,32.0,3.2
506447,4645,P02,MS-CLN-CRM150,2,24.0,4.8
506448,4646,P11,MS-BDY-LOT400,1,28.0,0.0
506449,4647,P02,MS-CLN-CRM150,1,24.0,2.4
506450,4648,P04,MS-SER-HYA30,1,34.0,0.0
506451,4649,P01,MS-CLN-GEL150,2,22.0,0.0
506452,4649,P06,MS-TRT-RET50,1,44.0,0.0
506453,4650,P03,MS-SER-VTC30,1,38.0,0.0
506454,4651,P07,MS-MOI-SPF50,1,32.0,4.8
506455,4652,P12,MS-SET-RTN3,1,88.0,0.0
506456,4653,P03,MS-SER-VTC30,1,38.0,0.0
506457,4653,P07,MS-MOI-SPF50,1,32.0,0.0
506458,4653,P01,MS-CLN-GEL150,1,22.0,0.0
506459,4653,P05,MS-SER-NIA30,1,29.0,0.0
506460,4654,P01,MS-CLN-GEL150,1,22.0,3.3
506461,4655,P04,MS-SER-HYA30,1,34.0,0.0
506462,4655,P02,MS-CLN-CRM150,1,24.0,0.0
506463,4656,P02,MS-CLN-CRM150,2,24.0,0.0
506464,4657,P08,MS-MOI-BAR50,2,36.0,7.2
506465,4658,P04,MS-SER-HYA30,2,34.0,6.8
506466,4658,P01,MS-CLN-GEL150,1,22.0,2.2
506467,4658,P07,MS-MOI-SPF50,1,32.0,3.2
506468,4659,P03,MS-SER-VTC30,2,38.0,0.0
506469,4659,P07,MS-MOI-SPF50,1,32.0,0.0
506470,4660,P08,MS-MOI-BAR50,1,36.0,0.0
506471,4660,P06,MS-TRT-RET50,1,44.0,0.0
506472,4661,P01,MS-CLN-GEL150,1,22.0,3.3
506473,4661,P04,MS-SER-HYA30,1,34.0,5.1
506474,4662,P02,MS-CLN-CRM150,1,24.0,0.0
506475,4663,P01,MS-CLN-GEL150,1,22.0,0.0
506476,4663,P04,MS-SER-HYA30,1,34.0,0.0
506477,4664,P01,MS-CLN-GEL150,1,22.0,3.3
506478,4664,P07,MS-MOI-SPF50,1,32.0,4.8
506479,4665,P01,MS-CLN-GEL150,1,22.0,0.0
506480,4665,P05,MS-SER-NIA30,1,29.0,0.0
506481,4666,P05,MS-SER-NIA30,1,29.0,0.0
506482,4667,P07,MS-MOI-SPF50,1,32.0,4.8
506483,4668,P02,MS-CLN-CRM150,1,24.0,3.6
506484,4669,P07,MS-MOI-SPF50,1,32.0,0.0
506485,4669,P04,MS-SER-HYA30,2,34.0,0.0
506486,4669,P02,MS-CLN-CRM150,1,24.0,0.0
506487,4670,P11,MS-BDY-LOT400,1,28.0,4.2
506488,4671,P05,MS-SER-NIA30,1,29.0,4.35
506489,4671,P04,MS-SER-HYA30,1,34.0,5.1
506490,4672,P07,MS-MOI-SPF50,1,32.0,0.0
506491,4673,P11,MS-BDY-LOT400,2,28.0,0.0
506492,4674,P05,MS-SER-NIA30,1,29.0,0.0
506493,4674,P09,MS-EYE-015,1,30.0,0.0
506494,4674,P03,MS-SER-VTC30,1,38.0,0.0
506495,4675,P04,MS-SER-HYA30,1,34.0,3.4
506496,4676,P12,MS-SET-RTN3,1,88.0,13.2
506497,4677,P09,MS-EYE-015,1,30.0,0.0
506498,4677,P07,MS-MOI-SPF50,1,32.0,0.0
506499,4678,P01,MS-CLN-GEL150,1,22.0,3.3
506500,4678,P11,MS-BDY-LOT400,1,28.0,4.2
506501,4679,P03,MS-SER-VTC30,1,38.0,3.8
506502,4679,P05,MS-SER-NIA30,1,29.0,2.9
506503,4680,P10,MS-MSK-CLY100,1,26.0,0.0
506504,4681,P08,MS-MOI-BAR50,1,36.0,0.0
506505,4682,P03,MS-SER-VTC30,1,38.0,0.0
506506,4683,P01,MS-CLN-GEL150,1,22.0,0.0
506507,4684,P09,MS-EYE-015,1,30.0,4.5
506508,4685,P07,MS-MOI-SPF50,1,32.0,3.2
506509,4685,P01,MS-CLN-GEL150,1,22.0,2.2
506510,4686,P02,MS-CLN-CRM150,1,24.0,0.0
506511,4687,P10,MS-MSK-CLY100,1,26.0,2.6
506512,4688,P09,MS-EYE-015,1,30.0,4.5
506513,4688,P07,MS-MOI-SPF50,1,32.0,4.8
506514,4689,P02,MS-CLN-CRM150,1,24.0,0.0
506515,4689,P06,MS-TRT-RET50,2,44.0,0.0
506516,4689,P04,MS-SER-HYA30,1,34.0,0.0
506517,4689,P10,MS-MSK-CLY100,1,26.0,0.0
506518,4690,P08,MS-MOI-BAR50,2,36.0,0.0
506519,4690,P01,MS-CLN-GEL150,1,22.0,0.0
506520,4691,P02,MS-CLN-CRM150,2,24.0,0.0
506521,4692,P01,MS-CLN-GEL150,1,22.0,3.3
506522,4693,P07,MS-MOI-SPF50,1,32.0,4.8
506523,4694,P07,MS-MOI-SPF50,1,32.0,3.84
506524,4694,P10,MS-MSK-CLY100,1,26.0,3.12
600011,4694,P10,MS-MSK-CLY100,1,26.0,3.12
506525,4695,P04,MS-SER-HYA30,1,34.0,5.1
506526,4695,P03,MS-SER-VTC30,1,38.0,5.7
506527,4695,P10,MS-MSK-CLY100,2,26.0,7.8
506528,4696,P01,MS-CLN-GEL150,1,22.0,0.0
506529,4696,P07,MS-MOI-SPF50,1,32.0,0.0
506530,4696,P10,MS-MSK-CLY100,1,26.0,0.0
506531,4697,P08,MS-MOI-BAR50,2,36.0,0.0
506532,4698,P04,MS-SER-HYA30,1,34.0,0.0
506533,4699,P04,MS-SER-HYA30,1,34.0,5.1
506534,4699,P08,MS-MOI-BAR50,1,36.0,5.4
506535,4700,P01,MS-CLN-GEL150,1,22.0,0.0
506536,4701,P10,MS-MSK-CLY100,1,26.0,0.0
506537,4702,P05,MS-SER-NIA30,1,29.0,0.0
506538,4702,P02,MS-CLN-CRM150,1,24.0,0.0
506539,4703,P11,MS-BDY-LOT400,1,28.0,2.8
506540,4703,P07,MS-MOI-SPF50,1,32.0,3.2
506541,4703,P12,MS-SET-RTN3,1,88.0,8.8
506542,4704,P03,MS-SER-VTC30,1,38.0,5.7
506543,4705,P03,MS-SER-VTC30,1,38.0,0.0
506544,4706,P07,MS-MOI-SPF50,1,32.0,0.0
506545,4707,P03,MS-SER-VTC30,1,38.0,5.7
506546,4707,P11,MS-BDY-LOT400,1,28.0,4.2
506547,4707,P12,MS-SET-RTN3,1,88.0,13.2
506548,4707,P01,MS-CLN-GEL150,1,22.0,3.3
506549,4708,P03,MS-SER-VTC30,1,38.0,0.0
506550,4709,P03,MS-SER-VTC30,1,38.0,0.0
506551,4710,P07,MS-MOI-SPF50,2,32.0,6.4
506552,4710,P02,MS-CLN-CRM150,1,24.0,2.4
506553,4711,P06,MS-TRT-RET50,1,44.0,0.0
506554,4712,P07,MS-MOI-SPF50,1,32.0,4.8
506555,4713,P08,MS-MOI-BAR50,1,36.0,0.0
506556,4714,P04,MS-SER-HYA30,1,34.0,5.1
506557,4715,P04,MS-SER-HYA30,1,34.0,0.0
506558,4715,P02,MS-CLN-CRM150,1,24.0,0.0
506559,4716,P04,MS-SER-HYA30,1,34.0,5.1
506560,4717,P12,MS-SET-RTN3,1,88.0,0.0
506561,4718,P10,MS-MSK-CLY100,1,26.0,0.0
506562,4718,P04,MS-SER-HYA30,1,34.0,0.0
506563,4718,P06,MS-TRT-RET50,1,44.0,0.0
506564,4719,P01,MS-CLN-GEL150,1,22.0,2.2
506565,4720,P03,MS-SER-VTC30,1,38.0,0.0
506566,4721,P05,MS-SER-NIA30,1,29.0,4.35
506567,4722,P04,MS-SER-HYA30,2,34.0,0.0
506568,4723,P07,MS-MOI-SPF50,1,32.0,0.0
506569,4723,P12,MS-SET-RTN3,1,88.0,0.0
506570,4724,P09,MS-EYE-015,1,30.0,0.0
506571,4724,P11,MS-BDY-LOT400,1,28.0,0.0
506572,4725,P03,MS-SER-VTC30,1,38.0,0.0
506573,4725,P12,MS-SET-RTN3,1,88.0,0.0
506574,4726,P07,MS-MOI-SPF50,1,32.0,0.0
506575,4726,P04,MS-SER-HYA30,1,34.0,0.0
506576,4727,P12,MS-SET-RTN3,1,88.0,0.0
506577,4728,P08,MS-MOI-BAR50,1,36.0,5.4
506578,4729,P03,MS-SER-VTC30,1,38.0,0.0
506579,4729,P07,MS-MOI-SPF50,1,32.0,0.0
506580,4730,P03,MS-SER-VTC30,1,38.0,0.0
506581,4730,P10,MS-MSK-CLY100,1,26.0,0.0
506582,4731,P08,MS-MOI-BAR50,1,36.0,0.0
506583,4732,P02,MS-CLN-CRM150,2,24.0,0.0
506584,4733,P05,MS-SER-NIA30,1,29.0,2.9
506585,4733,P07,MS-MOI-SPF50,1,32.0,3.2
506586,4734,P10,MS-MSK-CLY100,1,26.0,0.0
506587,4735,P05,MS-SER-NIA30,1,29.0,0.0
506588,4736,P12,MS-SET-RTN3,1,88.0,0.0
506589,4737,P04,MS-SER-HYA30,1,34.0,0.0
506590,4737,P08,MS-MOI-BAR50,1,36.0,0.0
506591,4738,P12,MS-SET-RTN3,1,88.0,13.2
506592,4738,P08,MS-MOI-BAR50,1,36.0,5.4
506593,4739,P08,MS-MOI-BAR50,2,36.0,10.8
506594,4740,P02,MS-CLN-CRM150,1,24.0,0.0
506595,4740,P04,MS-SER-HYA30,1,34.0,0.0
506596,4740,P05,MS-SER-NIA30,2,29.0,0.0
506597,4741,P04,MS-SER-HYA30,1,34.0,0.0
506598,4741,P09,MS-EYE-015,2,30.0,0.0
506599,4742,P09,MS-EYE-015,1,30.0,4.5
506600,4743,P04,MS-SER-HYA30,1,34.0,5.1
506601,4744,P03,MS-SER-VTC30,1,38.0,0.0
506602,4745,P03,MS-SER-VTC30,1,38.0,5.7
506603,4746,P07,MS-MOI-SPF50,1,32.0,4.8
506604,4746,P08,MS-MOI-BAR50,1,36.0,5.4
506605,4746,P06,MS-TRT-RET50,2,44.0,13.2
506606,4747,P04,MS-SER-HYA30,1,34.0,0.0
506607,4748,P04,MS-SER-HYA30,1,34.0,0.0
506608,4748,P02,MS-CLN-CRM150,1,24.0,0.0
506609,4749,P03,MS-SER-VTC30,2,38.0,7.6
506610,4749,P05,MS-SER-NIA30,1,29.0,2.9
506611,4749,P11,MS-BDY-LOT400,1,28.0,2.8
506612,4750,P09,MS-EYE-015,1,30.0,4.5
506613,4750,P12,MS-SET-RTN3,1,88.0,13.2
506614,4750,P03,MS-SER-VTC30,1,38.0,5.7
506615,4751,P03,MS-SER-VTC30,1,38.0,3.8
506616,4751,P07,MS-MOI-SPF50,2,32.0,6.4
506617,4752,P07,MS-MOI-SPF50,1,32.0,0.0
506618,4752,P04,MS-SER-HYA30,1,34.0,0.0
506619,4753,P03,MS-SER-VTC30,1,38.0,3.8
506620,4754,P05,MS-SER-NIA30,1,29.0,0.0
506621,4755,P01,MS-CLN-GEL150,1,22.0,0.0
506622,4755,P09,MS-EYE-015,2,30.0,0.0
506623,4756,P05,MS-SER-NIA30,1,29.0,4.35
506624,4756,P03,MS-SER-VTC30,2,38.0,11.4
506625,4756,P12,MS-SET-RTN3,1,88.0,13.2
506626,4757,P07,MS-MOI-SPF50,1,32.0,0.0
506627,4758,P01,MS-CLN-GEL150,1,22.0,0.0
506628,4759,P04,MS-SER-HYA30,1,34.0,0.0
506629,4759,P08,MS-MOI-BAR50,1,36.0,0.0
506630,4759,P01,MS-CLN-GEL150,1,22.0,0.0
506631,4760,P06,MS-TRT-RET50,1,44.0,0.0
506632,4761,P04,MS-SER-HYA30,1,34.0,0.0
506633,4761,P10,MS-MSK-CLY100,2,26.0,0.0
506634,4762,P11,MS-BDY-LOT400,1,28.0,0.0
506635,4763,P02,MS-CLN-CRM150,1,24.0,0.0
506636,4763,P03,MS-SER-VTC30,2,38.0,0.0
506637,4763,P12,MS-SET-RTN3,1,88.0,0.0
506638,4764,P02,MS-CLN-CRM150,1,24.0,3.6
506639,4764,P05,MS-SER-NIA30,1,29.0,4.35
506640,4765,P07,MS-MOI-SPF50,2,32.0,0.0
506641,4766,P07,MS-MOI-SPF50,1,32.0,0.0
506642,4767,P08,MS-MOI-BAR50,1,36.0,5.4
506643,4767,P09,MS-EYE-015,1,30.0,4.5
506644,4768,P05,MS-SER-NIA30,1,29.0,4.35
506645,4769,P01,MS-CLN-GEL150,1,22.0,3.3
506646,4770,P04,MS-SER-HYA30,1,34.0,5.1
506647,4770,P10,MS-MSK-CLY100,1,26.0,3.9
506648,4771,P01,MS-CLN-GEL150,1,22.0,0.0
506649,4771,P03,MS-SER-VTC30,1,38.0,0.0
506650,4772,P05,MS-SER-NIA30,2,29.0,0.0
506651,4773,P03,MS-SER-VTC30,1,38.0,0.0
506652,4773,P11,MS-BDY-LOT400,1,28.0,0.0
506653,4774,P10,MS-MSK-CLY100,1,26.0,0.0
506654,4774,P07,MS-MOI-SPF50,1,32.0,0.0
506655,4775,P02,MS-CLN-CRM150,1,24.0,0.0
506656,4775,P07,MS-MOI-SPF50,1,32.0,0.0
506657,4776,P03,MS-SER-VTC30,1,38.0,0.0
506658,4776,P05,MS-SER-NIA30,1,29.0,0.0
506659,4777,P04,MS-SER-HYA30,2,34.0,0.0
506660,4777,P12,MS-SET-RTN3,1,88.0,0.0
506661,4778,P11,MS-BDY-LOT400,1,28.0,2.8
506662,4779,P03,MS-SER-VTC30,1,38.0,0.0
506663,4779,P11,MS-BDY-LOT400,2,28.0,0.0
506664,4779,P07,MS-MOI-SPF50,1,32.0,0.0
506665,4780,P11,MS-BDY-LOT400,1,28.0,0.0
506666,4780,P01,MS-CLN-GEL150,1,22.0,0.0
506667,4781,P08,MS-MOI-BAR50,1,36.0,0.0
506668,4782,P01,MS-CLN-GEL150,1,22.0,3.3
506669,4783,P05,MS-SER-NIA30,1,29.0,0.0
506670,4784,P12,MS-SET-RTN3,1,88.0,0.0
506671,4784,P03,MS-SER-VTC30,2,38.0,0.0
506672,4784,P07,MS-MOI-SPF50,1,32.0,0.0
506673,4785,P10,MS-MSK-CLY100,1,26.0,0.0
506674,4785,P12,MS-SET-RTN3,1,88.0,0.0
506675,4786,P03,MS-SER-VTC30,2,38.0,0.0
506676,4787,P07,MS-MOI-SPF50,2,32.0,9.6
506677,4788,P01,MS-CLN-GEL150,1,22.0,2.2
506678,4789,P06,MS-TRT-RET50,1,44.0,0.0
506679,4789,P01,MS-CLN-GEL150,2,22.0,0.0
506680,4790,P03,MS-SER-VTC30,1,38.0,0.0
506681,4790,P09,MS-EYE-015,1,30.0,0.0
506682,4791,P03,MS-SER-VTC30,2,38.0,0.0
506683,4792,P06,MS-TRT-RET50,1,44.0,0.0
506684,4793,P06,MS-TRT-RET50,2,44.0,0.0
506685,4794,P09,MS-EYE-015,1,30.0,0.0
506686,4795,P04,MS-SER-HYA30,2,34.0,6.8
506687,4795,P06,MS-TRT-RET50,1,44.0,4.4
506688,4796,P04,MS-SER-HYA30,1,34.0,0.0
506689,4796,P10,MS-MSK-CLY100,1,26.0,0.0
506690,4796,P06,MS-TRT-RET50,1,44.0,0.0
506691,4797,P01,MS-CLN-GEL150,2,22.0,4.4
506692,4797,P04,MS-SER-HYA30,2,34.0,6.8
506693,4797,P05,MS-SER-NIA30,1,29.0,2.9
506694,4798,P04,MS-SER-HYA30,1,34.0,5.1
506695,4798,P03,MS-SER-VTC30,1,38.0,5.7
506696,4799,P04,MS-SER-HYA30,1,34.0,0.0
506697,4800,P01,MS-CLN-GEL150,1,22.0,0.0
506698,4800,P07,MS-MOI-SPF50,1,32.0,0.0
506699,4801,P02,MS-CLN-CRM150,1,24.0,0.0
506700,4801,P08,MS-MOI-BAR50,1,36.0,0.0
506701,4802,P04,MS-SER-HYA30,1,34.0,5.1
506702,4802,P09,MS-EYE-015,1,30.0,4.5
506703,4802,P08,MS-MOI-BAR50,2,36.0,10.8
506704,4803,P04,MS-SER-HYA30,1,34.0,3.4
506705,4804,P12,MS-SET-RTN3,1,88.0,0.0
506706,4804,P04,MS-SER-HYA30,2,34.0,0.0
506707,4805,P12,MS-SET-RTN3,1,88.0,8.8
506708,4805,P04,MS-SER-HYA30,2,34.0,6.8
506709,4805,P02,MS-CLN-CRM150,1,24.0,2.4
506710,4805,P09,MS-EYE-015,1,30.0,3.0
506711,4806,P09,MS-EYE-015,1,30.0,0.0
506712,4806,P03,MS-SER-VTC30,2,38.0,0.0
506713,4807,P03,MS-SER-VTC30,1,38.0,0.0
506714,4808,P02,MS-CLN-CRM150,1,24.0,0.0
506715,4809,P06,MS-TRT-RET50,1,44.0,0.0
506716,4809,P12,MS-SET-RTN3,1,88.0,0.0
506717,4810,P04,MS-SER-HYA30,1,34.0,0.0
506718,4810,P06,MS-TRT-RET50,1,44.0,0.0
506719,4810,P07,MS-MOI-SPF50,1,32.0,0.0
506720,4810,P11,MS-BDY-LOT400,1,28.0,0.0
506721,4811,P05,MS-SER-NIA30,1,29.0,0.0
506722,4811,P12,MS-SET-RTN3,1,88.0,0.0
506723,4812,P03,MS-SER-VTC30,1,38.0,0.0
506724,4813,P04,MS-SER-HYA30,1,34.0,0.0
506725,4813,P03,MS-SER-VTC30,1,38.0,0.0
506726,4814,P01,MS-CLN-GEL150,1,22.0,3.3
506727,4815,P01,MS-CLN-GEL150,1,22.0,0.0
506728,4815,P04,MS-SER-HYA30,1,34.0,0.0
506729,4815,P02,MS-CLN-CRM150,1,24.0,0.0
506730,4816,P07,MS-MOI-SPF50,1,32.0,4.8
506731,4817,P07,MS-MOI-SPF50,1,32.0,0.0
506732,4817,P04,MS-SER-HYA30,2,34.0,0.0
506733,4818,P01,MS-CLN-GEL150,2,22.0,0.0
506734,4818,P07,MS-MOI-SPF50,1,32.0,0.0
506735,4818,P03,MS-SER-VTC30,1,38.0,0.0
506736,4819,P10,MS-MSK-CLY100,1,26.0,0.0
506737,4819,P06,MS-TRT-RET50,2,44.0,0.0
506738,4820,P12,MS-SET-RTN3,1,88.0,13.2
506739,4821,P03,MS-SER-VTC30,2,38.0,0.0
506740,4822,P05,MS-SER-NIA30,2,29.0,0.0
506741,4823,P09,MS-EYE-015,1,30.0,0.0
506742,4823,P03,MS-SER-VTC30,1,38.0,0.0
506743,4824,P07,MS-MOI-SPF50,1,32.0,4.8
506744,4825,P06,MS-TRT-RET50,1,44.0,6.6
506745,4826,P05,MS-SER-NIA30,1,29.0,4.35
506746,4826,P08,MS-MOI-BAR50,1,36.0,5.4
506747,4826,P11,MS-BDY-LOT400,1,28.0,4.2
506748,4826,P01,MS-CLN-GEL150,1,22.0,3.3
506749,4827,P05,MS-SER-NIA30,1,29.0,2.9
506750,4828,P03,MS-SER-VTC30,2,38.0,11.4
506751,4828,P04,MS-SER-HYA30,1,34.0,5.1
506752,4828,P07,MS-MOI-SPF50,1,32.0,4.8
506753,4829,P01,MS-CLN-GEL150,1,22.0,3.3
506754,4830,P07,MS-MOI-SPF50,2,32.0,0.0
506755,4831,P03,MS-SER-VTC30,1,38.0,0.0
506756,4832,P07,MS-MOI-SPF50,1,32.0,4.8
506757,4833,P12,MS-SET-RTN3,1,88.0,0.0
506758,4834,P01,MS-CLN-GEL150,1,22.0,3.3
506759,4834,P08,MS-MOI-BAR50,1,36.0,5.4
506760,4834,P03,MS-SER-VTC30,1,38.0,5.7
506761,4835,P01,MS-CLN-GEL150,1,22.0,2.2
506762,4835,P11,MS-BDY-LOT400,1,28.0,2.8
506763,4836,P07,MS-MOI-SPF50,1,32.0,0.0
506764,4837,P01,MS-CLN-GEL150,1,22.0,2.2
506765,4838,P12,MS-SET-RTN3,1,88.0,0.0
506766,4839,P04,MS-SER-HYA30,1,34.0,0.0
506767,4840,P02,MS-CLN-CRM150,1,24.0,3.6
506768,4841,P03,MS-SER-VTC30,1,38.0,0.0
506769,4841,P12,MS-SET-RTN3,1,88.0,0.0
506770,4842,P02,MS-CLN-CRM150,1,24.0,3.6
506771,4843,P04,MS-SER-HYA30,1,34.0,3.4
506772,4844,P04,MS-SER-HYA30,1,34.0,0.0
506773,4845,P05,MS-SER-NIA30,1,29.0,0.0
506774,4846,P05,MS-SER-NIA30,1,29.0,2.9
506775,4846,P03,MS-SER-VTC30,1,38.0,3.8
506776,4847,P07,MS-MOI-SPF50,1,32.0,4.8
506777,4848,P03,MS-SER-VTC30,1,38.0,0.0
506778,4849,P10,MS-MSK-CLY100,1,26.0,3.9
506779,4850,P09,MS-EYE-015,2,30.0,6.0
506780,4850,P01,MS-CLN-GEL150,1,22.0,2.2
506781,4850,P11,MS-BDY-LOT400,2,28.0,5.6
506782,4851,P04,MS-SER-HYA30,1,34.0,5.1
506783,4852,P09,MS-EYE-015,1,30.0,4.5
506784,4853,P06,MS-TRT-RET50,1,44.0,0.0
506785,4854,P12,MS-SET-RTN3,1,88.0,13.2
506786,4855,P03,MS-SER-VTC30,2,38.0,11.4
506787,4856,P03,MS-SER-VTC30,1,38.0,5.7
506788,4857,P04,MS-SER-HYA30,2,34.0,6.8
506789,4858,P04,MS-SER-HYA30,2,34.0,0.0
506790,4859,P07,MS-MOI-SPF50,1,32.0,4.8
506791,4859,P11,MS-BDY-LOT400,1,28.0,4.2
506792,4860,P11,MS-BDY-LOT400,1,28.0,4.2
506793,4861,P04,MS-SER-HYA30,1,34.0,5.1
506794,4862,P04,MS-SER-HYA30,1,34.0,0.0
506795,4862,P02,MS-CLN-CRM150,1,24.0,0.0
506796,4863,P04,MS-SER-HYA30,1,34.0,5.1
506797,4864,P09,MS-EYE-015,1,30.0,0.0
506798,4865,P11,MS-BDY-LOT400,1,28.0,2.8
506799,4865,P06,MS-TRT-RET50,2,44.0,8.8
506800,4866,P03,MS-SER-VTC30,1,38.0,5.7
506801,4866,P12,MS-SET-RTN3,1,88.0,13.2
506802,4867,P08,MS-MOI-BAR50,1,36.0,5.4
506803,4868,P07,MS-MOI-SPF50,1,32.0,4.8
506804,4868,P02,MS-CLN-CRM150,1,24.0,3.6
506805,4869,P08,MS-MOI-BAR50,1,36.0,5.4
506806,4870,P03,MS-SER-VTC30,1,38.0,0.0
506807,4871,P11,MS-BDY-LOT400,1,28.0,0.0
506808,4871,P07,MS-MOI-SPF50,1,32.0,0.0
506809,4872,P03,MS-SER-VTC30,2,38.0,0.0
506810,4872,P04,MS-SER-HYA30,1,34.0,0.0
506811,4873,P01,MS-CLN-GEL150,1,22.0,0.0
506812,4873,P04,MS-SER-HYA30,1,34.0,0.0
506813,4874,P10,MS-MSK-CLY100,1,26.0,0.0
506814,4875,P03,MS-SER-VTC30,1,38.0,5.7
506815,4875,P07,MS-MOI-SPF50,1,32.0,4.8
506816,4876,P01,MS-CLN-GEL150,1,22.0,0.0
506817,4876,P09,MS-EYE-015,1,30.0,0.0
506818,4876,P04,MS-SER-HYA30,1,34.0,0.0
506819,4877,P04,MS-SER-HYA30,1,34.0,0.0
506820,4877,P05,MS-SER-NIA30,1,29.0,0.0
506821,4878,P01,MS-CLN-GEL150,1,22.0,2.2
506822,4879,P03,MS-SER-VTC30,1,38.0,5.7
506823,4879,P07,MS-MOI-SPF50,1,32.0,4.8
506824,4880,P11,MS-BDY-LOT400,2,28.0,8.4
506825,4881,P01,MS-CLN-GEL150,1,22.0,0.0
506826,4881,P07,MS-MOI-SPF50,1,32.0,0.0
506827,4882,P05,MS-SER-NIA30,1,29.0,2.9
506828,4882,P03,MS-SER-VTC30,2,38.0,7.6
506829,4882,P06,MS-TRT-RET50,1,44.0,4.4
506830,4883,P07,MS-MOI-SPF50,1,32.0,4.8
506831,4884,P08,MS-MOI-BAR50,2,36.0,10.8
506832,4885,P03,MS-SER-VTC30,1,38.0,3.8
506833,4886,P07,MS-MOI-SPF50,1,32.0,4.8
506834,4887,P11,MS-BDY-LOT400,1,28.0,0.0
506835,4888,P04,MS-SER-HYA30,2,34.0,10.2
506836,4889,P08,MS-MOI-BAR50,1,36.0,0.0
506837,4889,P05,MS-SER-NIA30,1,29.0,0.0
506838,4889,P06,MS-TRT-RET50,1,44.0,0.0
506839,4890,P02,MS-CLN-CRM150,2,24.0,0.0
506840,4890,P12,MS-SET-RTN3,1,88.0,0.0
506841,4890,P07,MS-MOI-SPF50,1,32.0,0.0
506842,4891,P12,MS-SET-RTN3,1,88.0,0.0
506843,4891,P07,MS-MOI-SPF50,2,32.0,0.0
506844,4892,P12,MS-SET-RTN3,1,88.0,13.2
506845,4893,P05,MS-SER-NIA30,1,29.0,4.35
506846,4893,P01,MS-CLN-GEL150,1,22.0,3.3
506847,4894,P08,MS-MOI-BAR50,1,36.0,0.0
506848,4895,P04,MS-SER-HYA30,1,34.0,5.1
506849,4895,P01,MS-CLN-GEL150,1,22.0,3.3
506850,4895,P05,MS-SER-NIA30,1,29.0,4.35
506851,4896,P12,MS-SET-RTN3,1,88.0,13.2
506852,4897,P05,MS-SER-NIA30,1,29.0,4.35
506853,4898,P06,MS-TRT-RET50,1,44.0,6.6
506854,4899,P04,MS-SER-HYA30,1,34.0,0.0
506855,4899,P08,MS-MOI-BAR50,2,36.0,0.0
506856,4899,P03,MS-SER-VTC30,1,38.0,0.0
506857,4900,P03,MS-SER-VTC30,1,38.0,5.7
506858,4901,P10,MS-MSK-CLY100,1,26.0,2.6
506859,4902,P11,MS-BDY-LOT400,1,28.0,4.2
506860,4903,P03,MS-SER-VTC30,1,38.0,0.0
506861,4904,P04,MS-SER-HYA30,1,34.0,0.0
506862,4905,P07,MS-MOI-SPF50,1,32.0,0.0
506863,4905,P10,MS-MSK-CLY100,1,26.0,0.0
506864,4906,P06,MS-TRT-RET50,1,44.0,6.6
506865,4907,P03,MS-SER-VTC30,1,38.0,38.0
506866,4908,P09,MS-EYE-015,1,30.0,0.0
506867,4908,P07,MS-MOI-SPF50,1,32.0,0.0
506868,4908,P06,MS-TRT-RET50,1,44.0,0.0
506869,4909,P04,MS-SER-HYA30,1,34.0,5.1
506870,4910,P03,MS-SER-VTC30,2,38.0,0.0
506871,4911,P07,MS-MOI-SPF50,1,32.0,0.0
506872,4912,P08,MS-MOI-BAR50,1,36.0,0.0
506873,4913,P03,MS-SER-VTC30,1,38.0,0.0
506874,4914,P06,MS-TRT-RET50,1,44.0,6.6
506875,4914,P02,MS-CLN-CRM150,1,24.0,3.6
506876,4915,P02,MS-CLN-CRM150,1,24.0,0.0
506877,4916,P08,MS-MOI-BAR50,1,36.0,0.0
506878,4916,P12,MS-SET-RTN3,1,88.0,0.0
506879,4917,P10,MS-MSK-CLY100,1,26.0,0.0
506880,4918,P05,MS-SER-NIA30,2,29.0,0.0
506881,4918,P07,MS-MOI-SPF50,1,32.0,0.0
506882,4919,P08,MS-MOI-BAR50,1,36.0,5.4
506883,4920,P07,MS-MOI-SPF50,2,32.0,0.0
506884,4921,P09,MS-EYE-015,1,30.0,0.0
506885,4921,P05,MS-SER-NIA30,1,29.0,0.0
506886,4922,P10,MS-MSK-CLY100,1,26.0,3.9
506887,4923,P03,MS-SER-VTC30,1,38.0,0.0
506888,4924,P04,MS-SER-HYA30,1,34.0,0.0
506889,4925,P01,MS-CLN-GEL150,1,22.0,3.3
506890,4926,P05,MS-SER-NIA30,1,29.0,0.0
506891,4926,P08,MS-MOI-BAR50,1,36.0,0.0
506892,4927,P03,MS-SER-VTC30,1,38.0,5.7
506893,4927,P04,MS-SER-HYA30,1,34.0,5.1
506894,4928,P01,MS-CLN-GEL150,2,22.0,0.0
506895,4928,P03,MS-SER-VTC30,1,38.0,0.0
506896,4928,P05,MS-SER-NIA30,1,29.0,0.0
506897,4929,P07,MS-MOI-SPF50,1,32.0,0.0
506898,4929,P03,MS-SER-VTC30,1,38.0,0.0
506899,4930,P06,MS-TRT-RET50,1,44.0,0.0
506900,4930,P12,MS-SET-RTN3,1,88.0,0.0
506901,4930,P01,MS-CLN-GEL150,1,22.0,0.0
506902,4931,P05,MS-SER-NIA30,1,29.0,0.0
506903,4931,P01,MS-CLN-GEL150,1,22.0,0.0
506904,4931,P04,MS-SER-HYA30,1,34.0,0.0
506905,4932,P10,MS-MSK-CLY100,1,26.0,3.9
506906,4932,P06,MS-TRT-RET50,1,44.0,6.6
506907,4932,P01,MS-CLN-GEL150,1,22.0,3.3
506908,4933,P05,MS-SER-NIA30,1,29.0,0.0
506909,4934,P06,MS-TRT-RET50,1,44.0,6.6
506910,4934,P10,MS-MSK-CLY100,1,26.0,3.9
506911,4934,P07,MS-MOI-SPF50,1,32.0,4.8
506912,4935,P08,MS-MOI-BAR50,1,36.0,0.0
506913,4936,P11,MS-BDY-LOT400,1,28.0,4.2
506914,4937,P07,MS-MOI-SPF50,1,32.0,0.0
506915,4938,P12,MS-SET-RTN3,1,88.0,13.2
506916,4938,P02,MS-CLN-CRM150,1,24.0,3.6
506917,4939,P05,MS-SER-NIA30,1,29.0,0.0
506918,4939,P07,MS-MOI-SPF50,1,32.0,0.0
506919,4939,P03,MS-SER-VTC30,1,38.0,0.0
506920,4939,P08,MS-MOI-BAR50,1,36.0,0.0
506921,4940,P05,MS-SER-NIA30,1,29.0,4.35
506922,4941,P04,MS-SER-HYA30,1,34.0,0.0
506923,4941,P11,MS-BDY-LOT400,1,28.0,0.0
506924,4941,P03,MS-SER-VTC30,1,38.0,0.0
506925,4942,P01,MS-CLN-GEL150,1,22.0,0.0
506926,4943,P12,MS-SET-RTN3,1,88.0,0.0
506927,4943,P07,MS-MOI-SPF50,1,32.0,0.0
506928,4944,P07,MS-MOI-SPF50,1,32.0,0.0
506929,4945,P11,MS-BDY-LOT400,1,28.0,4.2
506930,4946,P04,MS-SER-HYA30,1,34.0,0.0
506931,4947,P03,MS-SER-VTC30,1,38.0,0.0
506932,4947,P06,MS-TRT-RET50,1,44.0,0.0
506933,4948,P05,MS-SER-NIA30,1,29.0,4.35
506934,4948,P09,MS-EYE-015,2,30.0,9.0
506935,4949,P10,MS-MSK-CLY100,1,26.0,0.0
506936,4950,P04,MS-SER-HYA30,1,34.0,5.1
506937,4951,P03,MS-SER-VTC30,2,38.0,11.4
506938,4951,P04,MS-SER-HYA30,1,34.0,5.1
506939,4952,P06,MS-TRT-RET50,1,44.0,6.6
506940,4953,P03,MS-SER-VTC30,1,38.0,0.0
506941,4954,P04,MS-SER-HYA30,1,34.0,0.0
506942,4954,P01,MS-CLN-GEL150,2,22.0,0.0
506943,4955,P11,MS-BDY-LOT400,1,28.0,0.0
506944,4956,P10,MS-MSK-CLY100,2,26.0,0.0
506945,4957,P01,MS-CLN-GEL150,1,22.0,0.0
506946,4957,P05,MS-SER-NIA30,1,29.0,0.0
506947,4958,P03,MS-SER-VTC30,1,38.0,5.7
506948,4959,P10,MS-MSK-CLY100,1,26.0,2.6
506949,4959,P02,MS-CLN-CRM150,1,24.0,2.4
506950,4959,P01,MS-CLN-GEL150,2,22.0,4.4
506951,4960,P06,MS-TRT-RET50,1,44.0,0.0
506952,4960,P10,MS-MSK-CLY100,1,26.0,0.0
506953,4960,P03,MS-SER-VTC30,1,38.0,0.0
506954,4960,P07,MS-MOI-SPF50,1,32.0,0.0
506955,4961,P01,MS-CLN-GEL150,1,22.0,3.3
506956,4961,P03,MS-SER-VTC30,1,38.0,5.7
506957,4962,P03,MS-SER-VTC30,1,38.0,3.8
506958,4962,P09,MS-EYE-015,1,30.0,3.0
506959,4963,P08,MS-MOI-BAR50,1,36.0,0.0
506960,4963,P10,MS-MSK-CLY100,1,26.0,0.0
506961,4963,P03,MS-SER-VTC30,1,38.0,0.0
506962,4964,P07,MS-MOI-SPF50,1,32.0,4.8
506963,4964,P10,MS-MSK-CLY100,1,26.0,3.9
506964,4965,P05,MS-SER-NIA30,1,29.0,0.0
506965,4966,P05,MS-SER-NIA30,1,29.0,3.48
506966,4966,P01,MS-CLN-GEL150,1,22.0,2.64
506967,4967,P03,MS-SER-VTC30,1,38.0,0.0
506968,4967,P12,MS-SET-RTN3,1,88.0,0.0
506969,4967,P04,MS-SER-HYA30,1,34.0,0.0
506970,4968,P01,MS-CLN-GEL150,1,22.0,0.0
506971,4968,P07,MS-MOI-SPF50,1,32.0,0.0
506972,4969,P04,MS-SER-HYA30,1,34.0,0.0
506973,4969,P05,MS-SER-NIA30,1,29.0,0.0
506974,4970,P06,MS-TRT-RET50,1,44.0,6.6
506975,4970,P03,MS-SER-VTC30,1,38.0,5.7
506976,4970,P07,MS-MOI-SPF50,1,32.0,4.8
506977,4970,P08,MS-MOI-BAR50,1,36.0,5.4
506978,4971,P01,MS-CLN-GEL150,1,22.0,3.3
506979,4971,P07,MS-MOI-SPF50,1,32.0,4.8
506980,4972,P07,MS-MOI-SPF50,1,32.0,4.8
506981,4972,P11,MS-BDY-LOT400,1,28.0,4.2
506982,4973,P06,MS-TRT-RET50,1,44.0,0.0
506983,4974,P03,MS-SER-VTC30,1,38.0,5.7
506984,4975,P03,MS-SER-VTC30,1,38.0,5.7
506985,4975,P04,MS-SER-HYA30,1,34.0,5.1
506986,4975,P01,MS-CLN-GEL150,1,22.0,3.3
506987,4975,P02,MS-CLN-CRM150,1,24.0,3.6
506988,4976,P12,MS-SET-RTN3,1,88.0,0.0
506989,4976,P09,MS-EYE-015,1,30.0,0.0
506990,4977,P03,MS-SER-VTC30,1,38.0,0.0
506991,4978,P05,MS-SER-NIA30,1,29.0,4.35
506992,4979,P02,MS-CLN-CRM150,1,24.0,0.0
506993,4980,P10,MS-MSK-CLY100,1,26.0,0.0
506994,4980,P01,MS-CLN-GEL150,1,22.0,0.0
506995,4980,P02,MS-CLN-CRM150,1,24.0,0.0
506996,4981,P04,MS-SER-HYA30,1,34.0,5.1
506997,4982,P03,MS-SER-VTC30,1,38.0,0.0
506998,4982,P12,MS-SET-RTN3,1,88.0,0.0
506999,4983,P03,MS-SER-VTC30,1,38.0,0.0
507000,4984,P01,MS-CLN-GEL150,1,22.0,0.0
507001,4985,P01,MS-CLN-GEL150,1,22.0,0.0
507002,4986,P03,MS-SER-VTC30,1,38.0,0.0
507003,4986,P12,MS-SET-RTN3,1,88.0,0.0
507004,4987,P03,MS-SER-VTC30,2,38.0,0.0
507005,4988,P09,MS-EYE-015,2,30.0,0.0
507006,4989,P02,MS-CLN-CRM150,1,24.0,2.4
507007,4989,P05,MS-SER-NIA30,1,29.0,2.9
507008,4989,P01,MS-CLN-GEL150,2,22.0,4.4
507009,4989,P10,MS-MSK-CLY100,2,26.0,5.2
507010,4990,P03,MS-SER-VTC30,1,38.0,0.0
507011,4991,P07,MS-MOI-SPF50,1,32.0,0.0
507012,4992,P03,MS-SER-VTC30,1,38.0,0.0
507013,4993,P07,MS-MOI-SPF50,2,32.0,0.0
507014,4994,P04,MS-SER-HYA30,1,34.0,0.0
507015,4994,P05,MS-SER-NIA30,1,29.0,0.0
507016,4994,P06,MS-TRT-RET50,1,44.0,0.0
507017,4994,P02,MS-CLN-CRM150,1,24.0,0.0
507018,4995,P06,MS-TRT-RET50,2,44.0,0.0
507019,4996,P03,MS-SER-VTC30,1,38.0,3.8
507020,4997,P12,MS-SET-RTN3,1,88.0,0.0
507021,4998,P10,MS-MSK-CLY100,1,26.0,3.9
507022,4999,P03,MS-SER-VTC30,2,38.0,0.0
507023,4999,P10,MS-MSK-CLY100,1,26.0,0.0
507024,5000,P04,MS-SER-HYA30,1,34.0,0.0
507025,5000,P05,MS-SER-NIA30,1,29.0,0.0
507026,5000,P08,MS-MOI-BAR50,1,36.0,0.0
507027,5001,P12,MS-SET-RTN3,1,88.0,0.0
507028,5001,P04,MS-SER-HYA30,1,34.0,0.0
507029,5002,P07,MS-MOI-SPF50,1,32.0,4.8
507030,5002,P05,MS-SER-NIA30,1,29.0,4.35
507031,5003,P12,MS-SET-RTN3,1,88.0,13.2
507032,5004,P03,MS-SER-VTC30,2,38.0,0.0
507033,5004,P04,MS-SER-HYA30,2,34.0,0.0
507034,5005,P08,MS-MOI-BAR50,1,36.0,0.0
507035,5005,P01,MS-CLN-GEL150,1,22.0,0.0
507036,5005,P07,MS-MOI-SPF50,2,32.0,0.0
507037,5006,P05,MS-SER-NIA30,1,29.0,0.0
507038,5007,P05,MS-SER-NIA30,1,29.0,0.0
507039,5008,P03,MS-SER-VTC30,1,38.0,5.7
507040,5009,P11,MS-BDY-LOT400,1,28.0,0.0
507041,5010,P01,MS-CLN-GEL150,1,22.0,0.0
507042,5011,P05,MS-SER-NIA30,1,29.0,0.0
507043,5012,P07,MS-MOI-SPF50,1,32.0,4.8
507044,5012,P08,MS-MOI-BAR50,1,36.0,5.4
507045,5013,P04,MS-SER-HYA30,1,34.0,0.0
507046,5013,P03,MS-SER-VTC30,2,38.0,0.0
507047,5013,P10,MS-MSK-CLY100,1,26.0,0.0
507048,5013,P01,MS-CLN-GEL150,1,22.0,0.0
507049,5014,P03,MS-SER-VTC30,1,38.0,0.0
507050,5014,P06,MS-TRT-RET50,1,44.0,0.0
507051,5015,P03,MS-SER-VTC30,1,38.0,0.0
507052,5015,P02,MS-CLN-CRM150,1,24.0,0.0
507053,5016,P04,MS-SER-HYA30,1,34.0,5.1
507054,5017,P-03,MS-SER-VTC30,1,38.0,5.7
507055,5018,P09,MS-EYE-015,1,30.0,0.0
507056,5018,P07,MS-MOI-SPF50,1,32.0,0.0
507057,5018,P08,MS-MOI-BAR50,1,36.0,0.0
507058,5019,P08,MS-MOI-BAR50,1,36.0,0.0
507059,5020,P09,MS-EYE-015,1,30.0,4.5
507060,5020,P11,MS-BDY-LOT400,1,28.0,4.2
507061,5020,P07,MS-MOI-SPF50,1,32.0,4.8
507062,5021,P03,MS-SER-VTC30,1,38.0,0.0
507063,5021,P04,MS-SER-HYA30,1,34.0,0.0
507064,5021,P05,MS-SER-NIA30,1,29.0,0.0
507065,5022,P07,MS-MOI-SPF50,1,32.0,3.2
507066,5023,P06,MS-TRT-RET50,1,44.0,0.0
507067,5024,P07,MS-MOI-SPF50,1,32.0,4.8
507068,5024,P01,MS-CLN-GEL150,1,22.0,3.3
507069,5025,P02,MS-CLN-CRM150,1,24.0,2.4
507070,5026,P02,MS-CLN-CRM150,1,24.0,0.0
507071,5026,P03,MS-SER-VTC30,1,38.0,0.0
507072,5027,P08,MS-MOI-BAR50,1,36.0,0.0
507073,5027,P07,MS-MOI-SPF50,1,32.0,0.0
507074,5027,P03,MS-SER-VTC30,1,38.0,0.0
507075,5028,P06,MS-TRT-RET50,2,44.0,10.56
507076,5029,P03,MS-SER-VTC30,1,38.0,5.7
507077,5029,P05,MS-SER-NIA30,1,29.0,4.35
507078,5029,P06,MS-TRT-RET50,1,44.0,6.6
507079,5030,P12,MS-SET-RTN3,1,88.0,0.0
507080,5031,P07,MS-MOI-SPF50,1,32.0,3.2
507081,5031,P02,MS-CLN-CRM150,1,24.0,2.4
507082,5032,P01,MS-CLN-GEL150,1,22.0,3.3
507083,5032,P07,MS-MOI-SPF50,1,32.0,4.8
507084,5032,P02,MS-CLN-CRM150,1,24.0,3.6
507085,5032,P12,MS-SET-RTN3,1,88.0,13.2
507086,5033,P08,MS-MOI-BAR50,1,36.0,5.4
507087,5033,P06,MS-TRT-RET50,1,44.0,6.6
507088,5033,P07,MS-MOI-SPF50,2,32.0,9.6
507089,5033,P03,MS-SER-VTC30,1,38.0,5.7
507090,5034,P03,MS-SER-VTC30,1,38.0,0.0
507091,5035,P06,MS-TRT-RET50,1,44.0,10.34
507092,5036,P03,MS-SER-VTC30,1,38.0,5.7
507093,5037,P11,MS-BDY-LOT400,1,28.0,0.0
507094,5038,P01,MS-CLN-GEL150,1,22.0,0.0
507095,5038,P03,MS-SER-VTC30,1,38.0,0.0
507096,5039,P01,MS-CLN-GEL150,1,22.0,0.0
507097,5039,P06,MS-TRT-RET50,1,44.0,0.0
507098,5040,P01,MS-CLN-GEL150,1,22.0,3.3
507099,5040,P06,MS-TRT-RET50,1,44.0,6.6
507100,5041,P05,MS-SER-NIA30,1,29.0,4.35
507101,5041,P11,MS-BDY-LOT400,1,28.0,4.2
507102,5042,P01,MS-CLN-GEL150,1,22.0,2.2
507103,5042,P07,MS-MOI-SPF50,1,32.0,3.2
507104,5043,P07,MS-MOI-SPF50,1,32.0,0.0
507105,5044,P02,MS-CLN-CRM150,1,24.0,2.4
507106,5044,P03,MS-SER-VTC30,1,38.0,3.8
507107,5044,P08,MS-MOI-BAR50,1,36.0,3.6
507108,5044,P10,MS-MSK-CLY100,2,26.0,5.2
507109,5045,P10,MS-MSK-CLY100,1,26.0,3.12
507110,5046,P02,MS-CLN-CRM150,1,24.0,0.0
507111,5046,P01,MS-CLN-GEL150,1,22.0,0.0
507112,5047,P03,MS-SER-VTC30,1,38.0,0.0
507113,5048,P08,MS-MOI-BAR50,1,36.0,0.0
507114,5049,P01,MS-CLN-GEL150,1,22.0,0.0
507115,5050,P07,MS-MOI-SPF50,1,32.0,0.0
507116,5050,P01,MS-CLN-GEL150,1,22.0,0.0
507117,5050,P04,MS-SER-HYA30,2,34.0,0.0
507118,5050,P03,MS-SER-VTC30,1,38.0,0.0
507119,5051,P01,MS-CLN-GEL150,1,22.0,3.3
507120,5052,P02,MS-CLN-CRM150,1,24.0,0.0
507121,5053,P06,MS-TRT-RET50,1,44.0,0.0
507122,5053,P07,MS-MOI-SPF50,1,32.0,0.0
507123,5053,P12,MS-SET-RTN3,1,88.0,0.0
507124,5054,P03,MS-SER-VTC30,1,38.0,0.0
507125,5055,P08,MS-MOI-BAR50,1,36.0,0.0
507126,5056,P02,MS-CLN-CRM150,1,24.0,3.6
507127,5057,P03,MS-SER-VTC30,1,38.0,0.0
507128,5058,P03,MS-SER-VTC30,1,38.0,0.0
507129,5059,P08,MS-MOI-BAR50,1,36.0,5.4
507130,5059,P03,MS-SER-VTC30,1,38.0,5.7
507131,5059,P01,MS-CLN-GEL150,1,22.0,3.3
507132,5059,P06,MS-TRT-RET50,1,44.0,6.6
507133,5060,P03,MS-SER-VTC30,1,38.0,5.7
507134,5061,P03,MS-SER-VTC30,1,38.0,5.7
507135,5062,P09,MS-EYE-015,1,30.0,4.5
507136,5062,P04,MS-SER-HYA30,1,34.0,5.1
507137,5062,P12,MS-SET-RTN3,1,88.0,13.2
507138,5063,P02,MS-CLN-CRM150,1,24.0,3.6
507139,5063,P03,MS-SER-VTC30,1,38.0,5.7
507140,5064,P02,MS-CLN-CRM150,1,24.0,2.4
507141,5064,P10,MS-MSK-CLY100,1,26.0,2.6
507142,5065,P03,MS-SER-VTC30,1,38.0,0.0
507143,5066,P10,MS-MSK-CLY100,1,26.0,0.0
507144,5067,P01,MS-CLN-GEL150,1,22.0,3.3
507145,5068,P01,MS-CLN-GEL150,1,22.0,0.0
507146,5069,P07,MS-MOI-SPF50,1,32.0,3.2
507147,5070,P03,MS-SER-VTC30,1,38.0,3.8
507148,5071,P11,MS-BDY-LOT400,1,28.0,0.0
507149,5072,P04,MS-SER-HYA30,1,34.0,9.44
507150,5073,P07,MS-MOI-SPF50,2,32.0,0.0
507151,5074,P03,MS-SER-VTC30,1,38.0,5.7
507152,5075,P07,MS-MOI-SPF50,2,32.0,0.0
507153,5076,P08,MS-MOI-BAR50,1,36.0,0.0
507154,5076,P12,MS-SET-RTN3,1,88.0,0.0
507155,5077,P10,MS-MSK-CLY100,1,26.0,3.9
507156,5077,P09,MS-EYE-015,1,30.0,4.5
507157,5078,P03,MS-SER-VTC30,1,38.0,0.0
507158,5078,P04,MS-SER-HYA30,1,34.0,0.0
507159,5078,P01,MS-CLN-GEL150,1,22.0,0.0
507160,5078,P06,MS-TRT-RET50,1,44.0,0.0
507161,5079,P08,MS-MOI-BAR50,1,36.0,0.0
507162,5079,P04,MS-SER-HYA30,1,34.0,0.0
507163,5080,P03,MS-SER-VTC30,1,38.0,5.7
507164,5081,P07,MS-MOI-SPF50,1,32.0,4.8
507165,5081,P01,MS-CLN-GEL150,1,22.0,3.3
507166,5082,P03,MS-SER-VTC30,1,38.0,5.7
507167,5082,P08,MS-MOI-BAR50,1,36.0,5.4
507168,5082,P10,MS-MSK-CLY100,1,26.0,3.9
507169,5082,P07,MS-MOI-SPF50,1,32.0,4.8
507170,5083,P07,MS-MOI-SPF50,1,32.0,4.8
507171,5083,P12,MS-SET-RTN3,1,88.0,13.2
507172,5084,P03,MS-SER-VTC30,1,38.0,5.7
507173,5085,P11,MS-BDY-LOT400,1,28.0,4.2
507174,5086,P02,MS-CLN-CRM150,1,24.0,3.6
507175,5087,P04,MS-SER-HYA30,1,34.0,9.43
507176,5087,P09,MS-EYE-015,1,30.0,8.33
507177,5087,P05,MS-SER-NIA30,1,29.0,8.05
507178,5088,P11,MS-BDY-LOT400,1,28.0,0.0
507179,5089,P01,MS-CLN-GEL150,1,22.0,3.3
507180,5089,P06,MS-TRT-RET50,1,44.0,6.6
507181,5090,P08,MS-MOI-BAR50,1,36.0,9.99
507182,5090,P11,MS-BDY-LOT400,1,28.0,7.77
507183,5090,P07,MS-MOI-SPF50,1,32.0,8.88
507184,5091,P07,MS-MOI-SPF50,2,32.0,9.6
507185,5091,P05,MS-SER-NIA30,1,29.0,4.35
507186,5092,P05,MS-SER-NIA30,1,29.0,2.9
507187,5092,P04,MS-SER-HYA30,1,34.0,3.4
507188,5092,P02,MS-CLN-CRM150,1,24.0,2.4
507189,5093,P03,MS-SER-VTC30,1,38.0,5.7
507190,5094,P07,MS-MOI-SPF50,1,32.0,4.8
507191,5095,P02,MS-CLN-CRM150,1,24.0,3.6
507192,5096,P04,MS-SER-HYA30,1,34.0,5.1
507193,5097,P11,MS-BDY-LOT400,2,28.0,0.0
507194,5098,P11,MS-BDY-LOT400,1,28.0,7.77
507195,5098,P01,MS-CLN-GEL150,1,22.0,6.11
507196,5099,P04,MS-SER-HYA30,1,34.0,5.1
507197,5100,P07,MS-MOI-SPF50,1,32.0,4.8
507198,5101,P03,MS-SER-VTC30,1,38.0,5.7
507199,5101,P12,MS-SET-RTN3,1,88.0,13.2
507200,5102,P03,MS-SER-VTC30,1,38.0,0.0
507201,5103,P04,MS-SER-HYA30,1,34.0,5.1
507202,5104,P12,MS-SET-RTN3,1,88.0,13.2
507203,5104,P03,MS-SER-VTC30,2,38.0,11.4
507204,5105,P03,MS-SER-VTC30,1,38.0,0.0
507205,5105,P07,MS-MOI-SPF50,1,32.0,0.0
507206,5105,P06,MS-TRT-RET50,1,44.0,0.0
507207,5106,P06,MS-TRT-RET50,1,44.0,6.6
507208,5107,P12,MS-SET-RTN3,1,88.0,13.2
507209,5108,P03,MS-SER-VTC30,1,38.0,0.0
507210,5109,P03,MS-SER-VTC30,1,38.0,0.0
507211,5110,P10,MS-MSK-CLY100,1,26.0,0.0
507212,5110,P09,MS-EYE-015,1,30.0,0.0
507213,5110,P06,MS-TRT-RET50,1,44.0,0.0
507214,5110,P03,MS-SER-VTC30,2,38.0,0.0
507215,5111,P03,MS-SER-VTC30,1,38.0,0.0
507216,5111,P02,MS-CLN-CRM150,1,24.0,0.0
507217,5112,P03,MS-SER-VTC30,1,38.0,0.0
507218,5113,P03,MS-SER-VTC30,1,38.0,5.7
507219,5113,P12,MS-SET-RTN3,1,88.0,13.2
507220,5113,P05,MS-SER-NIA30,1,29.0,4.35
507221,5114,P07,MS-MOI-SPF50,2,32.0,9.6
507222,5115,P03,MS-SER-VTC30,1,38.0,3.8
507223,5115,P01,MS-CLN-GEL150,1,22.0,2.2
507224,5115,P08,MS-MOI-BAR50,1,36.0,3.6
507225,5116,P11,MS-BDY-LOT400,1,28.0,0.0
507226,5117,P08,MS-MOI-BAR50,1,36.0,0.0
507227,5117,P07,MS-MOI-SPF50,2,32.0,0.0
507228,5118,P03,MS-SER-VTC30,1,38.0,5.7
507229,5119,P05,MS-SER-NIA30,1,29.0,4.35
507230,5120,P07,MS-MOI-SPF50,1,32.0,8.88
507231,5120,P09,MS-EYE-015,1,30.0,8.33
507232,5121,P05,MS-SER-NIA30,1,29.0,4.35
507233,5121,P07,MS-MOI-SPF50,1,32.0,4.8
507234,5122,P06,MS-TRT-RET50,1,44.0,6.6
507235,5122,P05,MS-SER-NIA30,1,29.0,4.35
507236,5122,P07,MS-MOI-SPF50,1,32.0,4.8
507237,5123,P12,MS-SET-RTN3,1,88.0,0.0
507238,5123,P07,MS-MOI-SPF50,1,32.0,0.0
507239,5123,P03,MS-SER-VTC30,1,38.0,0.0
507240,5123,P05,MS-SER-NIA30,1,29.0,0.0
507241,5124,P10,MS-MSK-CLY100,1,26.0,2.6
507242,5124,P01,MS-CLN-GEL150,1,22.0,2.2
507243,5124,P02,MS-CLN-CRM150,1,24.0,2.4
507244,5125,P06,MS-TRT-RET50,1,44.0,6.6
507245,5126,P03,MS-SER-VTC30,1,38.0,0.0
507246,5127,P05,MS-SER-NIA30,1,29.0,4.35
507247,5127,P02,MS-CLN-CRM150,1,24.0,3.6
507248,5128,P03,MS-SER-VTC30,2,38.0,0.0
507249,5129,P06,MS-TRT-RET50,1,44.0,6.6
507250,5129,P08,MS-MOI-BAR50,1,36.0,5.4
507251,5130,P12,MS-SET-RTN3,1,88.0,0.0
507252,5130,P07,MS-MOI-SPF50,1,32.0,0.0
507253,5130,P02,MS-CLN-CRM150,1,24.0,0.0
507254,5131,P04,MS-SER-HYA30,1,34.0,5.1
507255,5132,P03,MS-SER-VTC30,1,38.0,5.7
507256,5133,P03,MS-SER-VTC30,1,38.0,10.55
507257,5134,P07,MS-MOI-SPF50,1,32.0,4.8
507258,5134,P12,MS-SET-RTN3,1,88.0,13.2
507259,5135,P02,MS-CLN-CRM150,1,24.0,3.6
507260,5136,P06,MS-TRT-RET50,2,44.0,13.2
507261,5137,P12,MS-SET-RTN3,1,88.0,13.2
507262,5138,P01,MS-CLN-GEL150,1,22.0,2.64
507263,5139,P07,MS-MOI-SPF50,1,32.0,0.0
507264,5139,P02,MS-CLN-CRM150,1,24.0,0.0
507265,5140,P08,MS-MOI-BAR50,1,36.0,5.4
507266,5141,P10,MS-MSK-CLY100,1,26.0,3.9
507267,5141,P03,MS-SER-VTC30,1,38.0,5.7
507268,5141,P05,MS-SER-NIA30,1,29.0,4.35
507269,5141,P07,MS-MOI-SPF50,1,32.0,4.8
507270,5142,P03,MS-SER-VTC30,1,38.0,10.55
507271,5142,P07,MS-MOI-SPF50,1,32.0,8.88
507272,5143,P07,MS-MOI-SPF50,1,32.0,4.8
507273,5143,P06,MS-TRT-RET50,1,44.0,6.6
507274,5143,P10,MS-MSK-CLY100,1,26.0,3.9
507275,5144,P05,MS-SER-NIA30,2,29.0,8.7
507276,5145,P04,MS-SER-HYA30,1,34.0,5.1
507277,5146,P03,MS-SER-VTC30,1,38.0,0.0
507278,5147,P07,MS-MOI-SPF50,1,32.0,4.8
507279,5148,P05,MS-SER-NIA30,1,29.0,2.9
507280,5148,P04,MS-SER-HYA30,1,34.0,3.4
507281,5148,P01,MS-CLN-GEL150,2,22.0,4.4
507282,5148,P03,MS-SER-VTC30,1,38.0,3.8
507283,5149,P10,MS-MSK-CLY100,1,26.0,0.0
507284,5149,P05,MS-SER-NIA30,1,29.0,0.0
507285,5150,P10,MS-MSK-CLY100,1,26.0,0.0
507286,5151,P06,MS-TRT-RET50,1,44.0,6.6
507287,5152,P03,MS-SER-VTC30,1,38.0,5.7
507288,5152,P08,MS-MOI-BAR50,1,36.0,5.4
507289,5153,P08,MS-MOI-BAR50,1,36.0,0.0
507290,5153,P05,MS-SER-NIA30,1,29.0,0.0
507291,5153,P03,MS-SER-VTC30,2,38.0,0.0
507292,5154,P03,MS-SER-VTC30,1,38.0,0.0
507293,5155,P05,MS-SER-NIA30,1,29.0,4.35
507294,5156,P09,MS-EYE-015,1,30.0,0.0
507295,5156,P12,MS-SET-RTN3,1,88.0,0.0
507296,5157,P09,MS-EYE-015,1,30.0,4.5
507297,5158,P07,MS-MOI-SPF50,1,32.0,4.8
507298,5158,P04,MS-SER-HYA30,1,34.0,5.1
507299,5159,P03,MS-SER-VTC30,1,38.0,10.55
507300,5159,P09,MS-EYE-015,2,30.0,16.65
507301,5160,P01,MS-CLN-GEL150,1,22.0,3.3
507302,5160,P12,MS-SET-RTN3,1,88.0,13.2
507303,5160,P04,MS-SER-HYA30,1,34.0,5.1
507304,5160,P03,MS-SER-VTC30,1,38.0,5.7
507305,5161,P06,MS-TRT-RET50,1,44.0,0.0
507306,5162,P06,MS-TRT-RET50,2,44.0,13.2
507307,5163,P09,MS-EYE-015,1,30.0,4.5
507308,5164,P12,MS-SET-RTN3,1,88.0,0.0
507309,5165,P11,MS-BDY-LOT400,1,28.0,0.0
507310,5165,P01,MS-CLN-GEL150,1,22.0,0.0
507311,5166,P06,MS-TRT-RET50,1,44.0,6.6
507312,5167,P01,MS-CLN-GEL150,1,22.0,0.0
507313,5168,P03,MS-SER-VTC30,1,38.0,5.7
507314,5168,P05,MS-SER-NIA30,1,29.0,4.35
507315,5168,P04,MS-SER-HYA30,1,34.0,5.1
507316,5168,P01,MS-CLN-GEL150,2,22.0,6.6
507317,5169,P04,MS-SER-HYA30,1,34.0,5.1
507318,5169,P10,MS-MSK-CLY100,1,26.0,3.9
507319,5169,P01,MS-CLN-GEL150,1,22.0,3.3
507320,5169,P05,MS-SER-NIA30,1,29.0,4.35
507321,5170,P02,MS-CLN-CRM150,1,24.0,0.0
507322,5170,P08,MS-MOI-BAR50,1,36.0,0.0
507323,5170,P04,MS-SER-HYA30,1,34.0,0.0
507324,5171,P03,MS-SER-VTC30,1,38.0,5.7
507325,5172,P02,MS-CLN-CRM150,1,24.0,0.0
507326,5173,P08,MS-MOI-BAR50,1,36.0,3.6
507327,5173,P01,MS-CLN-GEL150,1,22.0,2.2
507328,5174,P08,MS-MOI-BAR50,1,36.0,5.4
507329,5174,P07,MS-MOI-SPF50,1,32.0,4.8
507330,5174,P01,MS-CLN-GEL150,2,22.0,6.6
507331,5175,P07,MS-MOI-SPF50,1,32.0,4.8
507332,5176,P02,MS-CLN-CRM150,2,24.0,7.2
507333,5177,P10,MS-MSK-CLY100,2,26.0,7.8
507334,5177,P03,MS-SER-VTC30,1,38.0,5.7
507335,5177,P07,MS-MOI-SPF50,1,32.0,4.8
507336,5178,P12,MS-SET-RTN3,1,88.0,13.2
507337,5179,P12,MS-SET-RTN3,1,88.0,13.2
507338,5180,P12,MS-SET-RTN3,1,88.0,0.0
507339,5180,P01,MS-CLN-GEL150,1,22.0,0.0
507340,5181,P09,MS-EYE-015,2,30.0,6.0
507341,5181,P01,MS-CLN-GEL150,2,22.0,4.4
507342,5182,P07,MS-MOI-SPF50,1,32.0,4.8
507343,5183,P01,MS-CLN-GEL150,1,22.0,0.0
507344,5184,P05,MS-SER-NIA30,1,29.0,0.0
507345,5184,P10,MS-MSK-CLY100,1,26.0,0.0
507346,5184,P03,MS-SER-VTC30,1,38.0,0.0
507347,5185,P08,MS-MOI-BAR50,1,36.0,0.0
507348,5186,P01,MS-CLN-GEL150,1,22.0,3.3
507349,5186,P03,MS-SER-VTC30,1,38.0,5.7
507350,5187,P03,MS-SER-VTC30,1,38.0,5.7
507351,5187,P01,MS-CLN-GEL150,1,22.0,3.3
507352,5187,P05,MS-SER-NIA30,1,29.0,4.35
507353,5187,P11,MS-BDY-LOT400,1,28.0,4.2
507354,5188,P05,MS-SER-NIA30,2,29.0,0.0
507355,5189,P07,MS-MOI-SPF50,1,32.0,4.8
507356,5190,P11,MS-BDY-LOT400,1,28.0,4.2
507357,5191,P12,MS-SET-RTN3,1,88.0,13.2
507358,5192,P04,MS-SER-HYA30,1,34.0,9.44
507359,5193,P03,MS-SER-VTC30,1,38.0,0.0
507360,5194,P07,MS-MOI-SPF50,1,32.0,4.8
507361,5195,P07,MS-MOI-SPF50,1,32.0,0.0
507362,5195,P09,MS-EYE-015,1,30.0,0.0
507363,5196,P02,MS-CLN-CRM150,1,24.0,3.6
507364,5196,P11,MS-BDY-LOT400,1,28.0,4.2
507365,5197,P03,MS-SER-VTC30,1,38.0,0.0
507366,5197,P01,MS-CLN-GEL150,1,22.0,0.0
507367,5198,P03,MS-SER-VTC30,1,38.0,0.0
507368,5199,P02,MS-CLN-CRM150,1,24.0,0.0
507369,5200,P05,MS-SER-NIA30,1,29.0,4.35
507370,5201,P12,MS-SET-RTN3,1,88.0,13.2
507371,5201,P10,MS-MSK-CLY100,1,26.0,3.9
507372,5202,P07,MS-MOI-SPF50,2,32.0,9.6
507373,5203,P01,MS-CLN-GEL150,2,22.0,4.4
507374,5204,P01,MS-CLN-GEL150,1,22.0,3.3
507375,5205,P12,MS-SET-RTN3,1,88.0,24.42
507376,5205,P08,MS-MOI-BAR50,1,36.0,9.99
507377,5206,P11,MS-BDY-LOT400,1,28.0,4.2
507378,5207,P01,MS-CLN-GEL150,1,22.0,3.3
507379,5207,P12,MS-SET-RTN3,1,88.0,13.2
507380,5207,P06,MS-TRT-RET50,1,44.0,6.6
507381,5208,P01,MS-CLN-GEL150,1,22.0,0.0
507382,5209,P07,MS-MOI-SPF50,1,32.0,4.8
507383,5210,P12,MS-SET-RTN3,1,88.0,13.2
507384,5211,P04,MS-SER-HYA30,1,34.0,0.0
507385,5212,P03,MS-SER-VTC30,2,38.0,0.0
507386,5213,P06,MS-TRT-RET50,1,44.0,0.0
507387,5214,P01,MS-CLN-GEL150,1,22.0,3.3
507388,5214,P06,MS-TRT-RET50,1,44.0,6.6
507389,5214,P03,MS-SER-VTC30,1,38.0,5.7
507390,5215,P11,MS-BDY-LOT400,1,28.0,4.2
507391,5216,P04,MS-SER-HYA30,1,34.0,0.0
507392,5217,P04,MS-SER-HYA30,1,34.0,0.0
507393,5217,P06,MS-TRT-RET50,1,44.0,0.0
507394,5217,P09,MS-EYE-015,1,30.0,0.0
507395,5218,P08,MS-MOI-BAR50,1,36.0,5.4
507396,5219,P03,MS-SER-VTC30,1,38.0,5.7
507397,5220,P02,MS-CLN-CRM150,2,24.0,7.2
507398,5220,P09,MS-EYE-015,1,30.0,4.5
507399,5221,P06,MS-TRT-RET50,2,44.0,0.0
507400,5221,P07,MS-MOI-SPF50,1,32.0,0.0
507401,5221,P05,MS-SER-NIA30,1,29.0,0.0
507402,5221,P04,MS-SER-HYA30,1,34.0,0.0
507403,5222,P03,MS-SER-VTC30,1,38.0,0.0
507404,5222,P12,MS-SET-RTN3,1,88.0,0.0
507405,5223,P09,MS-EYE-015,1,30.0,4.5
507406,5223,P04,MS-SER-HYA30,1,34.0,5.1
507407,5224,P01,MS-CLN-GEL150,1,22.0,0.0
507408,5225,P03,MS-SER-VTC30,2,38.0,0.0
507409,5225,P04,MS-SER-HYA30,1,34.0,0.0
507410,5226,P03,MS-SER-VTC30,2,38.0,0.0
507411,5226,P07,MS-MOI-SPF50,1,32.0,0.0
507412,5226,P04,MS-SER-HYA30,1,34.0,0.0
507413,5227,P03,MS-SER-VTC30,1,38.0,0.0
507414,5228,P07,MS-MOI-SPF50,1,32.0,4.8
507415,5229,P05,MS-SER-NIA30,1,29.0,0.0
507416,5230,P07,MS-MOI-SPF50,1,32.0,3.2
507417,5230,P08,MS-MOI-BAR50,1,36.0,3.6
507418,5231,P03,MS-SER-VTC30,2,38.0,0.0
507419,5231,P08,MS-MOI-BAR50,1,36.0,0.0
507420,5231,P10,MS-MSK-CLY100,1,26.0,0.0
507421,5232,P10,MS-MSK-CLY100,2,26.0,0.0
507422,5233,P11,MS-BDY-LOT400,1,28.0,4.2
507423,5234,P08,MS-MOI-BAR50,2,36.0,0.0
507424,5234,P04,MS-SER-HYA30,1,34.0,0.0
507425,5235,P02,MS-CLN-CRM150,1,24.0,0.0
507426,5236,P04,MS-SER-HYA30,1,34.0,0.0
507427,5237,P03,MS-SER-VTC30,1,38.0,3.8
507428,5238,P04,MS-SER-HYA30,1,34.0,0.0
507429,5238,P08,MS-MOI-BAR50,1,36.0,0.0
507430,5238,P03,MS-SER-VTC30,1,38.0,0.0
507431,5239,P06,MS-TRT-RET50,1,44.0,0.0
507432,5239,P03,MS-SER-VTC30,1,38.0,0.0
507433,5240,P09,MS-EYE-015,1,30.0,3.0
507434,5241,P08,MS-MOI-BAR50,1,36.0,0.0
507435,5241,P07,MS-MOI-SPF50,1,32.0,0.0
507436,5242,P09,MS-EYE-015,1,30.0,4.5
507437,5242,P11,MS-BDY-LOT400,1,28.0,4.2
507438,5243,P06,MS-TRT-RET50,1,44.0,6.6
507439,5243,P11,MS-BDY-LOT400,1,28.0,4.2
507440,5244,P04,MS-SER-HYA30,1,34.0,3.4
507441,5245,P12,MS-SET-RTN3,1,88.0,13.2
507442,5245,P07,MS-MOI-SPF50,1,32.0,4.8
507443,5246,P11,MS-BDY-LOT400,1,28.0,0.0
507444,5247,P03,MS-SER-VTC30,1,38.0,5.7
507445,5247,P11,MS-BDY-LOT400,1,28.0,4.2
507446,5248,P04,MS-SER-HYA30,2,34.0,0.0
507447,5249,P03,MS-SER-VTC30,1,38.0,0.0
507448,5249,P12,MS-SET-RTN3,1,88.0,0.0
507449,5250,P07,MS-MOI-SPF50,1,32.0,0.0
507450,5251,P01,MS-CLN-GEL150,1,22.0,0.0
507451,5251,P02,MS-CLN-CRM150,1,24.0,0.0
507452,5251,P04,MS-SER-HYA30,1,34.0,0.0
507453,5252,P04,MS-SER-HYA30,1,34.0,5.1
507454,5252,P05,MS-SER-NIA30,1,29.0,4.35
507455,5253,P07,MS-MOI-SPF50,1,32.0,0.0
507456,5254,P08,MS-MOI-BAR50,1,36.0,0.0
507457,5254,P07,MS-MOI-SPF50,1,32.0,0.0
507458,5254,P02,MS-CLN-CRM150,1,24.0,0.0
507459,5255,P04,MS-SER-HYA30,1,34.0,0.0
507460,5255,P12,MS-SET-RTN3,1,88.0,0.0
507461,5256,P06,MS-TRT-RET50,1,44.0,0.0
507462,5257,P07,MS-MOI-SPF50,1,32.0,4.8
507463,5257,P06,MS-TRT-RET50,1,44.0,6.6
507464,5257,P03,MS-SER-VTC30,1,38.0,5.7
507465,5257,P10,MS-MSK-CLY100,1,26.0,3.9
507466,5258,P01,MS-CLN-GEL150,1,22.0,0.0
507467,5259,P08,MS-MOI-BAR50,2,36.0,10.8
507468,5259,P04,MS-SER-HYA30,2,34.0,10.2
507469,5260,P12,MS-SET-RTN3,1,88.0,13.2
507470,5260,P03,MS-SER-VTC30,1,38.0,5.7
507471,5260,P01,MS-CLN-GEL150,1,22.0,3.3
507472,5261,P04,MS-SER-HYA30,1,34.0,0.0
507473,5262,P10,MS-MSK-CLY100,1,26.0,0.0
507474,5262,P12,MS-SET-RTN3,1,88.0,0.0
507475,5263,P09,MS-EYE-015,2,30.0,0.0
507476,5263,P04,MS-SER-HYA30,1,34.0,0.0
507477,5263,P03,MS-SER-VTC30,1,38.0,0.0
507478,5263,P01,MS-CLN-GEL150,1,22.0,0.0
507479,5264,P03,MS-SER-VTC30,1,38.0,0.0
507480,5265,P05,MS-SER-NIA30,1,29.0,0.0
507481,5265,P04,MS-SER-HYA30,1,34.0,0.0
507482,5266,P02,MS-CLN-CRM150,1,24.0,3.6
507483,5266,P01,MS-CLN-GEL150,1,22.0,3.3
507484,5266,P03,MS-SER-VTC30,1,38.0,5.7
507485,5267,P04,MS-SER-HYA30,1,34.0,0.0
507486,5267,P05,MS-SER-NIA30,1,29.0,0.0
507487,5267,P06,MS-TRT-RET50,1,44.0,0.0
507488,5268,P09,MS-EYE-015,1,30.0,3.0
507489,5269,P02,MS-CLN-CRM150,1,24.0,3.6
507490,5269,P03,MS-SER-VTC30,1,38.0,5.7
507491,5270,P09,MS-EYE-015,1,30.0,0.0
507492,5271,P11,MS-BDY-LOT400,1,28.0,0.0
507493,5271,P03,MS-SER-VTC30,2,38.0,0.0
507494,5272,P01,MS-CLN-GEL150,1,22.0,0.0
507495,5272,P04,MS-SER-HYA30,1,34.0,0.0
507496,5273,P01,MS-CLN-GEL150,1,22.0,3.3
507497,5273,P04,MS-SER-HYA30,2,34.0,10.2
507498,5273,P06,MS-TRT-RET50,1,44.0,6.6
507499,5274,P02,MS-CLN-CRM150,1,24.0,0.0
507500,5275,P12,MS-SET-RTN3,1,88.0,0.0
507501,5275,P03,MS-SER-VTC30,1,38.0,0.0
507502,5275,P04,MS-SER-HYA30,1,34.0,0.0
507503,5276,P04,MS-SER-HYA30,1,34.0,0.0
507504,5276,P02,MS-CLN-CRM150,1,24.0,0.0
507505,5277,P05,MS-SER-NIA30,1,29.0,0.0
507506,5277,P03,MS-SER-VTC30,1,38.0,0.0
507507,5277,P02,MS-CLN-CRM150,1,24.0,0.0
507508,5278,P03,MS-SER-VTC30,1,38.0,3.8
507509,5279,P07,MS-MOI-SPF50,1,32.0,0.0
507510,5280,P01,MS-CLN-GEL150,1,22.0,3.3
507511,5280,P03,MS-SER-VTC30,1,38.0,5.7
507512,5281,P06,MS-TRT-RET50,1,44.0,6.6
507513,5281,P02,MS-CLN-CRM150,1,24.0,3.6
507514,5282,P12,MS-SET-RTN3,1,88.0,0.0
507515,5283,P07,MS-MOI-SPF50,1,32.0,3.2
507516,5283,P03,MS-SER-VTC30,1,38.0,3.8
507517,5283,P02,MS-CLN-CRM150,1,24.0,2.4
507518,5284,P04,MS-SER-HYA30,1,34.0,5.1
507519,5285,P03,MS-SER-VTC30,1,38.0,5.7
507520,5286,P01,MS-CLN-GEL150,1,22.0,0.0
507521,5287,P12,MS-SET-RTN3,1,88.0,0.0
507522,5288,P01,MS-CLN-GEL150,2,22.0,0.0
507523,5288,P05,MS-SER-NIA30,1,29.0,0.0
507524,5289,P05,MS-SER-NIA30,1,29.0,0.0
507525,5289,P08,MS-MOI-BAR50,1,36.0,0.0
507526,5290,P07,MS-MOI-SPF50,1,32.0,0.0
507527,5291,P06,MS-TRT-RET50,1,44.0,4.4
507528,5292,P04,MS-SER-HYA30,1,34.0,5.1
507529,5292,P02,MS-CLN-CRM150,1,24.0,3.6
507530,5293,P02,MS-CLN-CRM150,2,24.0,0.0
507531,5293,P03,MS-SER-VTC30,1,38.0,0.0
507532,5293,P06,MS-TRT-RET50,1,44.0,0.0
507533,5294,P04,MS-SER-HYA30,1,34.0,3.4
507534,5295,P03,MS-SER-VTC30,2,38.0,7.6
507535,5296,P03,MS-SER-VTC30,1,38.0,5.7
507536,5297,P07,MS-MOI-SPF50,1,32.0,0.0
507537,5298,P06,MS-TRT-RET50,2,44.0,8.8
507538,5299,P12,MS-SET-RTN3,1,88.0,8.8
507539,5299,P03,MS-SER-VTC30,1,38.0,3.8
507540,5300,P01,MS-CLN-GEL150,1,22.0,0.0
507541,5301,P01,MS-CLN-GEL150,1,22.0,0.0
507542,5301,P07,MS-MOI-SPF50,1,32.0,0.0
507543,5302,P09,MS-EYE-015,2,30.0,0.0
507544,5302,P01,MS-CLN-GEL150,2,22.0,0.0
507545,5302,P03,MS-SER-VTC30,2,38.0,0.0
507546,5303,P03,MS-SER-VTC30,1,38.0,5.7
507547,5303,P02,MS-CLN-CRM150,2,24.0,7.2
507548,5303,P06,MS-TRT-RET50,1,44.0,6.6
507549,5304,P07,MS-MOI-SPF50,1,32.0,0.0
507550,5305,P01,MS-CLN-GEL150,1,22.0,0.0
507551,5305,P07,MS-MOI-SPF50,2,32.0,0.0
507552,5306,P03,MS-SER-VTC30,1,38.0,0.0
507553,5306,P08,MS-MOI-BAR50,2,36.0,0.0
507554,5307,P07,MS-MOI-SPF50,1,32.0,0.0
507555,5307,P12,MS-SET-RTN3,1,88.0,0.0
507556,5307,P03,MS-SER-VTC30,1,38.0,0.0
507557,5307,P02,MS-CLN-CRM150,1,24.0,0.0
507558,5308,P07,MS-MOI-SPF50,1,32.0,0.0
507559,5308,P06,MS-TRT-RET50,1,44.0,0.0
507560,5308,P04,MS-SER-HYA30,1,34.0,0.0
507561,5308,P02,MS-CLN-CRM150,1,24.0,0.0
507562,5309,P12,MS-SET-RTN3,1,88.0,0.0
507563,5309,P04,MS-SER-HYA30,1,34.0,0.0
507564,5309,P03,MS-SER-VTC30,1,38.0,0.0
507565,5310,P04,MS-SER-HYA30,1,34.0,5.1
507566,5311,P07,MS-MOI-SPF50,1,32.0,4.8
507567,5312,P03,MS-SER-VTC30,1,38.0,0.0
507568,5312,P05,MS-SER-NIA30,1,29.0,0.0
507569,5312,P01,MS-CLN-GEL150,1,22.0,0.0
507570,5313,P05,MS-SER-NIA30,1,29.0,4.35
507571,5314,P08,MS-MOI-BAR50,1,36.0,0.0
507572,5315,P11,MS-BDY-LOT400,1,28.0,0.0
507573,5316,P04,MS-SER-HYA30,1,34.0,3.4
507574,5317,P04,MS-SER-HYA30,1,34.0,0.0
507575,5317,P02,MS-CLN-CRM150,1,24.0,0.0
507576,5317,P05,MS-SER-NIA30,1,29.0,0.0
507577,5318,P11,MS-BDY-LOT400,1,28.0,0.0
507578,5318,P02,MS-CLN-CRM150,1,24.0,0.0
507579,5319,P08,MS-MOI-BAR50,1,36.0,0.0
507580,5319,P03,MS-SER-VTC30,1,38.0,0.0
507581,5320,P06,MS-TRT-RET50,1,44.0,4.4
507582,5321,P06,MS-TRT-RET50,1,44.0,6.6
507583,5322,P01,MS-CLN-GEL150,1,22.0,0.0
507584,5323,P03,MS-SER-VTC30,1,38.0,0.0
507585,5324,P08,MS-MOI-BAR50,1,36.0,0.0
507586,5325,P03,MS-SER-VTC30,1,38.0,5.7
507587,5326,P08,MS-MOI-BAR50,1,36.0,5.4
507588,5326,P02,MS-CLN-CRM150,1,24.0,3.6
507589,5327,P01,MS-CLN-GEL150,1,22.0,0.0
507590,5328,P03,MS-SER-VTC30,1,38.0,3.8
507591,5328,P04,MS-SER-HYA30,1,34.0,3.4
507592,5329,P05,MS-SER-NIA30,1,29.0,0.0
507593,5330,P01,MS-CLN-GEL150,1,22.0,0.0
507594,5330,P08,MS-MOI-BAR50,1,36.0,0.0
507595,5331,P06,MS-TRT-RET50,1,44.0,6.6
507596,5332,P12,MS-SET-RTN3,1,88.0,0.0
507597,5333,P08,MS-MOI-BAR50,1,36.0,0.0
507598,5334,P07,MS-MOI-SPF50,2,32.0,9.6
507599,5335,P08,MS-MOI-BAR50,1,36.0,0.0
507600,5336,P07,MS-MOI-SPF50,1,32.0,4.8
507601,5337,P07,MS-MOI-SPF50,1,32.0,0.0
507602,5338,P07,MS-MOI-SPF50,1,32.0,4.8
507603,5338,P04,MS-SER-HYA30,2,34.0,10.2
507604,5339,P05,MS-SER-NIA30,1,29.0,0.0
507605,5339,P09,MS-EYE-015,1,30.0,0.0
507606,5339,P03,MS-SER-VTC30,1,38.0,0.0
507607,5340,P10,MS-MSK-CLY100,1,26.0,3.9
507608,5341,P06,MS-TRT-RET50,1,44.0,0.0
507609,5341,P08,MS-MOI-BAR50,1,36.0,0.0
507610,5342,P03,MS-SER-VTC30,1,38.0,5.7
507611,5342,P08,MS-MOI-BAR50,1,36.0,5.4
507612,5342,P06,MS-TRT-RET50,1,44.0,6.6
507613,5343,P09,MS-EYE-015,1,30.0,4.5
507614,5343,P07,MS-MOI-SPF50,1,32.0,4.8
507615,5343,P03,MS-SER-VTC30,1,38.0,5.7
507616,5344,P02,MS-CLN-CRM150,1,24.0,0.0
507617,5344,P07,MS-MOI-SPF50,1,32.0,0.0
507618,5345,P03,MS-SER-VTC30,1,38.0,0.0
507619,5346,P05,MS-SER-NIA30,1,29.0,4.35
507620,5347,P12,MS-SET-RTN3,1,88.0,0.0
507621,5348,P03,MS-SER-VTC30,1,38.0,0.0
507622,5349,P06,MS-TRT-RET50,1,44.0,0.0
507623,5349,P05,MS-SER-NIA30,1,29.0,0.0
507624,5350,P09,MS-EYE-015,1,30.0,0.0
507625,5351,P05,MS-SER-NIA30,1,29.0,0.0
507626,5352,P04,MS-SER-HYA30,1,34.0,5.1
507627,5352,P09,MS-EYE-015,1,30.0,4.5
507628,5353,P01,MS-CLN-GEL150,1,22.0,0.0
507629,5353,P05,MS-SER-NIA30,1,29.0,0.0
507630,5354,P06,MS-TRT-RET50,2,44.0,0.0
507631,5355,P03,MS-SER-VTC30,1,38.0,5.7
507632,5355,P10,MS-MSK-CLY100,1,26.0,3.9
507633,5356,P07,MS-MOI-SPF50,1,32.0,3.2
507634,5356,P04,MS-SER-HYA30,1,34.0,3.4
507635,5357,P07,MS-MOI-SPF50,2,32.0,0.0
507636,5358,P03,MS-SER-VTC30,1,38.0,0.0
507637,5358,P07,MS-MOI-SPF50,1,32.0,0.0
507638,5359,P01,MS-CLN-GEL150,1,22.0,0.0
507639,5360,P03,MS-SER-VTC30,1,38.0,0.0
507640,5361,P09,MS-EYE-015,1,30.0,0.0
507641,5361,P10,MS-MSK-CLY100,2,26.0,0.0
507642,5361,P07,MS-MOI-SPF50,1,32.0,0.0
507643,5362,P07,MS-MOI-SPF50,1,32.0,0.0
507644,5362,P08,MS-MOI-BAR50,1,36.0,0.0
507645,5363,P03,MS-SER-VTC30,1,38.0,5.7
507646,5364,P03,MS-SER-VTC30,1,38.0,5.7
507647,5365,P08,MS-MOI-BAR50,1,36.0,5.4
507648,5365,P07,MS-MOI-SPF50,1,32.0,4.8
507649,5365,P04,MS-SER-HYA30,1,34.0,5.1
507650,5365,P03,MS-SER-VTC30,1,38.0,5.7
507651,5366,P07,MS-MOI-SPF50,1,32.0,4.8
507652,5367,P08,MS-MOI-BAR50,1,36.0,0.0
507653,5368,P03,MS-SER-VTC30,1,38.0,5.7
507654,5368,P07,MS-MOI-SPF50,1,32.0,4.8
507655,5369,P02,MS-CLN-CRM150,1,24.0,2.4
507656,5370,P07,MS-MOI-SPF50,1,32.0,3.2
507657,5370,P05,MS-SER-NIA30,1,29.0,2.9
507658,5371,P06,MS-TRT-RET50,2,44.0,13.2
507659,5371,P05,MS-SER-NIA30,1,29.0,4.35
507660,5372,P07,MS-MOI-SPF50,2,32.0,0.0
507661,5372,P08,MS-MOI-BAR50,1,36.0,0.0
507662,5372,P01,MS-CLN-GEL150,1,22.0,0.0
507663,5372,P05,MS-SER-NIA30,2,29.0,0.0
507664,5373,P01,MS-CLN-GEL150,1,22.0,0.0
507665,5373,P02,MS-CLN-CRM150,1,24.0,0.0
507666,5374,P05,MS-SER-NIA30,1,29.0,4.35
507667,5374,P04,MS-SER-HYA30,1,34.0,5.1
507668,5374,P01,MS-CLN-GEL150,1,22.0,3.3
507669,5375,P04,MS-SER-HYA30,1,34.0,3.4
507670,5375,P02,MS-CLN-CRM150,1,24.0,2.4
507671,5376,P03,MS-SER-VTC30,1,38.0,5.7
507672,5377,P01,MS-CLN-GEL150,1,22.0,3.3
507673,5378,P04,MS-SER-HYA30,2,34.0,6.8
507674,5379,P07,MS-MOI-SPF50,1,32.0,4.8
507675,5380,P03,MS-SER-VTC30,1,38.0,5.7
507676,5380,P10,MS-MSK-CLY100,1,26.0,3.9
507677,5381,P04,MS-SER-HYA30,1,34.0,3.4
507678,5381,P07,MS-MOI-SPF50,2,32.0,6.4
507679,5382,P03,MS-SER-VTC30,1,38.0,0.0
507680,5383,P02,MS-CLN-CRM150,1,24.0,3.6
507681,5384,P12,MS-SET-RTN3,1,88.0,13.2
507682,5384,P06,MS-TRT-RET50,1,44.0,6.6
507683,5385,P01,MS-CLN-GEL150,1,22.0,0.0
507684,5386,P10,MS-MSK-CLY100,1,26.0,0.0
507685,5387,P11,MS-BDY-LOT400,1,28.0,0.0
507686,5388,P02,MS-CLN-CRM150,1,24.0,0.0
507687,5388,P04,MS-SER-HYA30,1,34.0,0.0
507688,5389,P05,MS-SER-NIA30,1,29.0,0.0
507689,5389,P11,MS-BDY-LOT400,1,28.0,0.0
507690,5390,P03,MS-SER-VTC30,1,38.0,3.8
507691,5391,P10,MS-MSK-CLY100,1,26.0,3.9
507692,5392,P05,MS-SER-NIA30,1,29.0,0.0
507693,5393,P05,MS-SER-NIA30,1,29.0,0.0
507694,5394,P02,MS-CLN-CRM150,2,24.0,7.2
507695,5395,P11,MS-BDY-LOT400,1,28.0,4.2
507696,5395,P06,MS-TRT-RET50,2,44.0,13.2
507697,5396,P01,MS-CLN-GEL150,1,22.0,0.0
507698,5396,P08,MS-MOI-BAR50,1,36.0,0.0
507699,5396,P06,MS-TRT-RET50,1,44.0,0.0
507700,5397,P03,MS-SER-VTC30,1,38.0,0.0
507701,5398,P04,MS-SER-HYA30,1,34.0,0.0
507702,5399,P04,MS-SER-HYA30,1,34.0,5.1
507703,5400,P02,MS-CLN-CRM150,1,24.0,0.0
507704,5400,P04,MS-SER-HYA30,1,34.0,0.0
507705,5400,P03,MS-SER-VTC30,1,38.0,0.0
507706,5400,P12,MS-SET-RTN3,1,88.0,0.0
507707,5401,P04,MS-SER-HYA30,1,34.0,5.1
507708,5401,P03,MS-SER-VTC30,1,38.0,5.7
507709,5402,P04,MS-SER-HYA30,1,34.0,0.0
507710,5403,P01,MS-CLN-GEL150,1,22.0,0.0
507711,5403,P04,MS-SER-HYA30,1,34.0,0.0
507712,5404,P07,MS-MOI-SPF50,2,32.0,0.0
507713,5404,P04,MS-SER-HYA30,1,34.0,0.0
507714,5405,P06,MS-TRT-RET50,1,44.0,6.6
507715,5405,P05,MS-SER-NIA30,1,29.0,4.35
507716,5406,P06,MS-TRT-RET50,1,44.0,0.0
507717,5407,P03,MS-SER-VTC30,1,38.0,0.0
507718,5408,P06,MS-TRT-RET50,1,44.0,0.0
507719,5408,P03,MS-SER-VTC30,1,38.0,0.0
507720,5409,P12,MS-SET-RTN3,1,88.0,0.0
507721,5410,P01,MS-CLN-GEL150,1,22.0,3.3
507722,5410,P08,MS-MOI-BAR50,1,36.0,5.4
507723,5411,P01,MS-CLN-GEL150,1,22.0,0.0
507724,5412,P07,MS-MOI-SPF50,1,32.0,4.8
507725,5413,P11,MS-BDY-LOT400,1,28.0,4.2
507726,5414,P05,MS-SER-NIA30,1,29.0,0.0
507727,5414,P01,MS-CLN-GEL150,1,22.0,0.0
507728,5414,P09,MS-EYE-015,1,30.0,0.0
507729,5414,P03,MS-SER-VTC30,1,38.0,0.0
507730,5415,P04,MS-SER-HYA30,1,34.0,0.0
507731,5415,P08,MS-MOI-BAR50,1,36.0,0.0
507732,5415,P01,MS-CLN-GEL150,1,22.0,0.0
507733,5415,P07,MS-MOI-SPF50,2,32.0,0.0
507734,5416,P03,MS-SER-VTC30,1,38.0,0.0
507735,5416,P04,MS-SER-HYA30,1,34.0,0.0
507736,5417,P02,MS-CLN-CRM150,1,24.0,3.6
507737,5418,P05,MS-SER-NIA30,1,29.0,0.0
507738,5418,P01,MS-CLN-GEL150,2,22.0,0.0
507739,5419,P02,MS-CLN-CRM150,1,24.0,3.6
507740,5420,P05,MS-SER-NIA30,1,29.0,0.0
507741,5421,P07,MS-MOI-SPF50,1,32.0,0.0
507742,5422,P04,MS-SER-HYA30,1,34.0,0.0
507743,5423,P09,MS-EYE-015,1,30.0,4.5
507744,5423,P12,MS-SET-RTN3,1,88.0,13.2
507745,5423,P06,MS-TRT-RET50,1,44.0,6.6
507746,5424,P10,MS-MSK-CLY100,1,26.0,3.9
507747,5425,P06,MS-TRT-RET50,1,44.0,0.0
507748,5426,P07,MS-MOI-SPF50,1,32.0,4.8
507749,5427,P03,MS-SER-VTC30,1,38.0,5.7
507750,5427,P04,MS-SER-HYA30,1,34.0,5.1
507751,5427,P11,MS-BDY-LOT400,1,28.0,4.2
507752,5428,P02,MS-CLN-CRM150,1,24.0,3.6
507753,5429,P02,MS-CLN-CRM150,1,24.0,0.0
507754,5429,P04,MS-SER-HYA30,1,34.0,0.0
507755,5430,P02,MS-CLN-CRM150,1,24.0,3.6
507756,5431,P03,MS-SER-VTC30,1,38.0,3.8
507757,5431,P05,MS-SER-NIA30,1,29.0,2.9
507758,5431,P07,MS-MOI-SPF50,1,32.0,3.2
507759,5432,P06,MS-TRT-RET50,1,44.0,6.6
507760,5433,P01,MS-CLN-GEL150,1,22.0,0.0
507761,5434,P05,MS-SER-NIA30,1,29.0,0.0
507762,5435,P09,MS-EYE-015,1,30.0,0.0
507763,5435,P08,MS-MOI-BAR50,1,36.0,0.0
507764,5436,P03,MS-SER-VTC30,1,38.0,0.0
507765,5436,P05,MS-SER-NIA30,1,29.0,0.0
507766,5437,P04,MS-SER-HYA30,1,34.0,0.0
507767,5438,P03,MS-SER-VTC30,1,38.0,5.7
507768,5438,P01,MS-CLN-GEL150,1,22.0,3.3
507769,5439,P06,MS-TRT-RET50,1,44.0,6.6
507770,5440,P11,MS-BDY-LOT400,1,28.0,0.0
507771,5441,P04,MS-SER-HYA30,1,34.0,0.0
507772,5441,P03,MS-SER-VTC30,1,38.0,0.0
507773,5442,P03,MS-SER-VTC30,1,38.0,5.7
507774,5442,P06,MS-TRT-RET50,1,44.0,6.6
507775,5442,P01,MS-CLN-GEL150,1,22.0,3.3
507776,5443,P07,MS-MOI-SPF50,1,32.0,4.8
507777,5444,P04,MS-SER-HYA30,1,34.0,0.0
507778,5445,P10,MS-MSK-CLY100,2,26.0,5.2
507779,5445,P07,MS-MOI-SPF50,1,32.0,3.2
507780,5445,P09,MS-EYE-015,1,30.0,3.0
507781,5446,P04,MS-SER-HYA30,1,34.0,0.0
507782,5446,P10,MS-MSK-CLY100,1,26.0,0.0
507783,5446,P05,MS-SER-NIA30,1,29.0,0.0
507784,5447,P04,MS-SER-HYA30,1,34.0,5.1
507785,5448,P03,MS-SER-VTC30,1,38.0,5.7
507786,5449,P09,MS-EYE-015,1,30.0,0.0
507787,5450,P04,MS-SER-HYA30,1,34.0,0.0
507788,5451,P04,MS-SER-HYA30,1,34.0,5.1
507789,5452,P07,MS-MOI-SPF50,1,32.0,0.0
507790,5452,P05,MS-SER-NIA30,1,29.0,0.0
507791,5453,P01,MS-CLN-GEL150,1,22.0,2.2
507792,5454,P01,MS-CLN-GEL150,1,22.0,0.0
507793,5454,P04,MS-SER-HYA30,1,34.0,0.0
507794,5455,P02,MS-CLN-CRM150,1,24.0,0.0
507795,5456,P03,MS-SER-VTC30,1,38.0,0.0
507796,5457,P03,MS-SER-VTC30,1,38.0,0.0
507797,5458,P05,MS-SER-NIA30,1,29.0,0.0
507798,5459,P07,MS-MOI-SPF50,1,32.0,4.8
507799,5459,P08,MS-MOI-BAR50,1,36.0,5.4
507800,5460,P03,MS-SER-VTC30,2,38.0,0.0
507801,5461,P05,MS-SER-NIA30,1,29.0,4.35
507802,5462,P01,MS-CLN-GEL150,1,22.0,0.0
507803,5462,P08,MS-MOI-BAR50,1,36.0,0.0
507804,5462,P05,MS-SER-NIA30,1,29.0,0.0
507805,5462,P03,MS-SER-VTC30,1,38.0,0.0
507806,5463,P04,MS-SER-HYA30,1,34.0,0.0
507807,5464,P10,MS-MSK-CLY100,1,26.0,0.0
507808,5465,P07,MS-MOI-SPF50,1,32.0,4.8
507809,5465,P03,MS-SER-VTC30,1,38.0,5.7
507810,5465,P01,MS-CLN-GEL150,1,22.0,3.3
507811,5465,P04,MS-SER-HYA30,1,34.0,5.1
507812,5466,P11,MS-BDY-LOT400,1,28.0,4.2
507813,5467,P05,MS-SER-NIA30,1,29.0,0.0
507814,5467,P03,MS-SER-VTC30,1,38.0,0.0
507815,5468,P03,MS-SER-VTC30,1,38.0,0.0
507816,5468,P07,MS-MOI-SPF50,1,32.0,0.0
507817,5469,P02,MS-CLN-CRM150,1,24.0,3.6
507818,5469,P04,MS-SER-HYA30,1,34.0,5.1
507819,5470,P04,MS-SER-HYA30,1,34.0,3.4
507820,5471,P01,MS-CLN-GEL150,1,22.0,0.0
507821,5472,P08,MS-MOI-BAR50,1,36.0,0.0
507822,5472,P02,MS-CLN-CRM150,1,24.0,0.0
507823,5472,P12,MS-SET-RTN3,1,88.0,0.0
507824,5473,P03,MS-SER-VTC30,1,38.0,5.7
507825,5473,P11,MS-BDY-LOT400,1,28.0,4.2
507826,5474,P07,MS-MOI-SPF50,1,32.0,0.0
507827,5475,P12,MS-SET-RTN3,1,88.0,0.0
507828,5476,P05,MS-SER-NIA30,1,29.0,0.0
507829,5476,P03,MS-SER-VTC30,1,38.0,0.0
507830,5477,P05,MS-SER-NIA30,1,29.0,0.0
507831,5477,P09,MS-EYE-015,2,30.0,0.0
507832,5478,P02,MS-CLN-CRM150,1,24.0,0.0
507833,5479,P05,MS-SER-NIA30,1,29.0,4.35
507834,5479,P07,MS-MOI-SPF50,1,32.0,4.8
507835,5479,P03,MS-SER-VTC30,1,38.0,5.7
507836,5479,P04,MS-SER-HYA30,1,34.0,5.1
507837,5480,P07,MS-MOI-SPF50,1,32.0,0.0
507838,5481,P04,MS-SER-HYA30,1,34.0,5.1
507839,5481,P07,MS-MOI-SPF50,1,32.0,4.8
507840,5482,P12,MS-SET-RTN3,1,88.0,0.0
507841,5483,P08,MS-MOI-BAR50,1,36.0,5.4
507842,5484,P12,MS-SET-RTN3,1,88.0,0.0
507843,5484,P06,MS-TRT-RET50,2,44.0,0.0
507844,5485,P01,MS-CLN-GEL150,1,22.0,3.3
507845,5485,P11,MS-BDY-LOT400,1,28.0,4.2
507846,5485,P10,MS-MSK-CLY100,1,26.0,3.9
507847,5486,P03,MS-SER-VTC30,1,38.0,0.0
507848,5487,P03,MS-SER-VTC30,1,38.0,5.7
507849,5488,P10,MS-MSK-CLY100,1,26.0,0.0
507850,5489,P10,MS-MSK-CLY100,1,26.0,0.0
507851,5490,P07,MS-MOI-SPF50,1,32.0,4.8
507852,5490,P04,MS-SER-HYA30,1,34.0,5.1
507853,5491,P04,MS-SER-HYA30,2,34.0,0.0
507854,5491,P09,MS-EYE-015,1,30.0,0.0
507855,5491,P06,MS-TRT-RET50,1,44.0,0.0
507856,5491,P07,MS-MOI-SPF50,1,32.0,0.0
507857,5492,P02,MS-CLN-CRM150,1,24.0,2.4
507858,5492,P03,MS-SER-VTC30,1,38.0,3.8
507859,5493,P05,MS-SER-NIA30,1,29.0,0.0
507860,5493,P03,MS-SER-VTC30,2,38.0,0.0
507861,5494,P05,MS-SER-NIA30,1,29.0,0.0
507862,5494,P03,MS-SER-VTC30,1,38.0,0.0
507863,5495,P08,MS-MOI-BAR50,1,36.0,3.6
507864,5495,P09,MS-EYE-015,1,30.0,3.0
507865,5495,P12,MS-SET-RTN3,1,88.0,8.8
507866,5496,P04,MS-SER-HYA30,1,34.0,5.1
507867,5497,P01,MS-CLN-GEL150,1,22.0,0.0
507868,5498,P03,MS-SER-VTC30,1,38.0,0.0
507869,5498,P08,MS-MOI-BAR50,2,36.0,0.0
507870,5499,P04,MS-SER-HYA30,1,34.0,0.0
507871,5500,P09,MS-EYE-015,1,30.0,3.0
507872,5501,P03,MS-SER-VTC30,1,38.0,0.0
507873,5502,P02,MS-CLN-CRM150,1,24.0,3.6
507874,5502,P05,MS-SER-NIA30,1,29.0,4.35
507875,5502,P04,MS-SER-HYA30,1,34.0,5.1
507876,5503,P03,MS-SER-VTC30,1,38.0,5.7
507877,5504,P06,MS-TRT-RET50,1,44.0,0.0
507878,5504,P03,MS-SER-VTC30,1,38.0,0.0
507879,5505,P02,MS-CLN-CRM150,1,24.0,3.6
507880,5506,P07,MS-MOI-SPF50,1,32.0,3.2
507881,5506,P06,MS-TRT-RET50,1,44.0,4.4
507882,5506,P01,MS-CLN-GEL150,1,22.0,2.2
507883,5507,P03,MS-SER-VTC30,1,38.0,5.7
507884,5508,P04,MS-SER-HYA30,1,34.0,0.0
600005,5508,P04,MS-SER-HYA30,1,34.0,0.0
507885,5509,P04,MS-SER-HYA30,1,34.0,0.0
507886,5509,P03,MS-SER-VTC30,2,38.0,0.0
507887,5509,P11,MS-BDY-LOT400,1,28.0,0.0
507888,5509,P01,MS-CLN-GEL150,1,22.0,0.0
507889,5510,P03,MS-SER-VTC30,1,38.0,5.7
507890,5511,P05,MS-SER-NIA30,2,29.0,0.0
507891,5512,P07,MS-MOI-SPF50,1,32.0,0.0
507892,5512,P06,MS-TRT-RET50,1,44.0,0.0
507893,5512,P01,MS-CLN-GEL150,1,22.0,0.0
507894,5513,P08,MS-MOI-BAR50,2,36.0,0.0
507895,5514,P04,MS-SER-HYA30,1,34.0,0.0
507896,5515,P08,MS-MOI-BAR50,1,36.0,0.0
507897,5516,P08,MS-MOI-BAR50,1,36.0,0.0
507898,5517,P12,MS-SET-RTN3,1,88.0,13.2
507899,5518,P03,MS-SER-VTC30,2,38.0,0.0
507900,5519,P01,MS-CLN-GEL150,1,22.0,0.0
507901,5520,P12,MS-SET-RTN3,1,88.0,0.0
507902,5521,P05,MS-SER-NIA30,1,29.0,0.0
507903,5522,P02,MS-CLN-CRM150,1,24.0,0.0
507904,5522,P06,MS-TRT-RET50,1,44.0,0.0
507905,5523,P11,MS-BDY-LOT400,1,28.0,0.0
507906,5524,P02,MS-CLN-CRM150,1,24.0,0.0
507907,5524,P11,MS-BDY-LOT400,1,28.0,0.0
507908,5525,P06,MS-TRT-RET50,1,44.0,6.6
507909,5526,P07,MS-MOI-SPF50,1,32.0,3.2
507910,5526,P05,MS-SER-NIA30,1,29.0,2.9
507911,5527,P07,MS-MOI-SPF50,1,32.0,0.0
507912,5527,P04,MS-SER-HYA30,1,34.0,0.0
507913,5528,P05,MS-SER-NIA30,1,29.0,4.35
507914,5529,P06,MS-TRT-RET50,2,44.0,0.0
507915,5529,P05,MS-SER-NIA30,1,29.0,0.0
507916,5529,P01,MS-CLN-GEL150,1,22.0,0.0
507917,5530,P04,MS-SER-HYA30,1,34.0,0.0
507918,5531,P03,MS-SER-VTC30,1,38.0,0.0
507919,5532,P05,MS-SER-NIA30,1,29.0,0.0
507920,5532,P02,MS-CLN-CRM150,1,24.0,0.0
507921,5532,P12,MS-SET-RTN3,1,88.0,0.0
507922,5533,P03,MS-SER-VTC30,1,38.0,5.7
507923,5533,P08,MS-MOI-BAR50,1,36.0,5.4
507924,5534,P01,MS-CLN-GEL150,1,22.0,2.2
507925,5534,P12,MS-SET-RTN3,1,88.0,8.8
507926,5535,P12,MS-SET-RTN3,1,88.0,13.2
507927,5536,P06,MS-TRT-RET50,1,44.0,0.0
507928,5537,P06,MS-TRT-RET50,1,44.0,6.6
507929,5538,P03,MS-SER-VTC30,1,38.0,5.7
507930,5538,P12,MS-SET-RTN3,1,88.0,13.2
507931,5539,P09,MS-EYE-015,1,30.0,0.0
507932,5540,P01,MS-CLN-GEL150,1,22.0,0.0
507933,5540,P06,MS-TRT-RET50,1,44.0,0.0
507934,5540,P07,MS-MOI-SPF50,1,32.0,0.0
507935,5541,P04,MS-SER-HYA30,1,34.0,0.0
507936,5542,P04,MS-SER-HYA30,1,34.0,5.1
507937,5542,P10,MS-MSK-CLY100,1,26.0,3.9
507938,5542,P07,MS-MOI-SPF50,1,32.0,4.8
507939,5542,P12,MS-SET-RTN3,1,88.0,13.2
507940,5543,P03,MS-SER-VTC30,1,38.0,0.0
507941,5544,P05,MS-SER-NIA30,1,29.0,0.0
507942,5545,P03,MS-SER-VTC30,1,38.0,3.8
507943,5545,P07,MS-MOI-SPF50,1,32.0,3.2
507944,5545,P06,MS-TRT-RET50,2,44.0,8.8
507945,5546,P11,MS-BDY-LOT400,1,28.0,0.0
507946,5546,P01,MS-CLN-GEL150,1,22.0,0.0
507947,5546,P04,MS-SER-HYA30,1,34.0,0.0
507948,5547,P02,MS-CLN-CRM150,1,24.0,0.0
507949,5548,P10,MS-MSK-CLY100,1,26.0,2.6
507950,5548,P02,MS-CLN-CRM150,1,24.0,2.4
507951,5549,P06,MS-TRT-RET50,1,44.0,0.0
507952,5549,P01,MS-CLN-GEL150,1,22.0,0.0
507953,5550,P03,MS-SER-VTC30,1,38.0,0.0
507954,5551,P06,MS-TRT-RET50,1,44.0,0.0
507955,5552,P12,MS-SET-RTN3,1,88.0,0.0
507956,5553,P04,MS-SER-HYA30,1,34.0,0.0
507957,5554,P06,MS-TRT-RET50,1,44.0,6.6
507958,5555,P06,MS-TRT-RET50,1,44.0,0.0
507959,5555,P01,MS-CLN-GEL150,1,22.0,0.0
507960,5556,P05,MS-SER-NIA30,1,29.0,4.35
507961,5556,P04,MS-SER-HYA30,1,34.0,5.1
507962,5557,P04,MS-SER-HYA30,1,34.0,0.0
507963,5558,P01,MS-CLN-GEL150,1,22.0,0.0
507964,5558,P03,MS-SER-VTC30,1,38.0,0.0
507965,5558,P07,MS-MOI-SPF50,1,32.0,0.0
507966,5558,P04,MS-SER-HYA30,1,34.0,0.0
507967,5559,P04,MS-SER-HYA30,1,34.0,5.1
507968,5560,P03,MS-SER-VTC30,1,38.0,0.0
507969,5561,P01,MS-CLN-GEL150,1,22.0,3.3
507970,5561,P12,MS-SET-RTN3,1,88.0,13.2
507971,5561,P05,MS-SER-NIA30,1,29.0,4.35
507972,5561,P03,MS-SER-VTC30,1,38.0,5.7
507973,5562,P04,MS-SER-HYA30,1,34.0,0.0
507974,5563,P05,MS-SER-NIA30,1,29.0,0.0
507975,5564,P01,MS-CLN-GEL150,1,22.0,3.3
507976,5565,P03,MS-SER-VTC30,1,38.0,4.56
507977,5566,P04,MS-SER-HYA30,2,34.0,0.0
507978,5567,P08,MS-MOI-BAR50,2,36.0,0.0
507979,5568,P04,MS-SER-HYA30,1,34.0,0.0
507980,5568,P07,MS-MOI-SPF50,1,32.0,0.0
507981,5569,P04,MS-SER-HYA30,1,34.0,0.0
507982,5570,P04,MS-SER-HYA30,1,34.0,0.0
507983,5570,P08,MS-MOI-BAR50,1,36.0,0.0
507984,5571,P02,MS-CLN-CRM150,1,24.0,0.0
507985,5571,P05,MS-SER-NIA30,1,29.0,0.0
507986,5572,P04,MS-SER-HYA30,1,34.0,3.4
507987,5572,P03,MS-SER-VTC30,1,38.0,3.8
507988,5572,P02,MS-CLN-CRM150,2,24.0,4.8
507989,5572,P05,MS-SER-NIA30,1,29.0,2.9
507990,5573,P06,MS-TRT-RET50,1,44.0,0.0
507991,5573,P09,MS-EYE-015,1,30.0,0.0
507992,5574,P03,MS-SER-VTC30,1,38.0,0.0
507993,5575,P03,MS-SER-VTC30,1,38.0,0.0
507994,5575,P06,MS-TRT-RET50,1,44.0,0.0
507995,5576,P09,MS-EYE-015,1,30.0,4.5
507996,5576,P10,MS-MSK-CLY100,1,26.0,3.9
507997,5577,P12,MS-SET-RTN3,1,88.0,13.2
507998,5577,P04,MS-SER-HYA30,1,34.0,5.1
507999,5578,P03,MS-SER-VTC30,1,38.0,5.7
508000,5578,P08,MS-MOI-BAR50,1,36.0,5.4
508001,5579,P01,MS-CLN-GEL150,1,22.0,0.0
508002,5580,P03,MS-SER-VTC30,1,38.0,0.0
508003,5581,P12,MS-SET-RTN3,1,88.0,0.0
508004,5581,P01,MS-CLN-GEL150,1,22.0,0.0
508005,5582,P09,MS-EYE-015,1,30.0,3.0
508006,5583,P12,MS-SET-RTN3,1,88.0,0.0
508007,5583,P10,MS-MSK-CLY100,1,26.0,0.0
508008,5584,P01,MS-CLN-GEL150,1,22.0,0.0
508009,5585,P06,MS-TRT-RET50,1,44.0,6.6
508010,5586,P03,MS-SER-VTC30,2,38.0,0.0
508011,5587,P02,MS-CLN-CRM150,1,24.0,3.6
508012,5587,P04,MS-SER-HYA30,1,34.0,5.1
508013,5588,P10,MS-MSK-CLY100,1,26.0,0.0
508014,5589,P04,MS-SER-HYA30,1,34.0,0.0
508015,5590,P11,MS-BDY-LOT400,1,28.0,4.2
508016,5590,P04,MS-SER-HYA30,1,34.0,5.1
508017,5591,P03,MS-SER-VTC30,1,38.0,0.0
508018,5592,P03,MS-SER-VTC30,1,38.0,0.0
508019,5592,P07,MS-MOI-SPF50,1,32.0,0.0
508020,5592,P05,MS-SER-NIA30,1,29.0,0.0
508021,5592,P08,MS-MOI-BAR50,1,36.0,0.0
508022,5593,P07,MS-MOI-SPF50,1,32.0,0.0
508023,5593,P12,MS-SET-RTN3,1,88.0,0.0
508024,5594,P02,MS-CLN-CRM150,2,24.0,0.0
508025,5595,P11,MS-BDY-LOT400,1,28.0,4.2
508026,5596,P07,MS-MOI-SPF50,1,32.0,4.8
508027,5597,P01,MS-CLN-GEL150,1,22.0,0.0
508028,5597,P04,MS-SER-HYA30,1,34.0,0.0
508029,5598,P06,MS-TRT-RET50,2,44.0,13.2
508030,5598,P07,MS-MOI-SPF50,1,32.0,4.8
508031,5598,P03,MS-SER-VTC30,1,38.0,5.7
508032,5598,P04,MS-SER-HYA30,1,34.0,5.1
508033,5599,P07,MS-MOI-SPF50,1,32.0,4.8
508034,5600,P06,MS-TRT-RET50,1,44.0,6.6
508035,5600,P01,MS-CLN-GEL150,1,22.0,3.3
508036,5601,P04,MS-SER-HYA30,1,34.0,3.4
508037,5601,P02,MS-CLN-CRM150,2,24.0,4.8
508038,5601,P07,MS-MOI-SPF50,1,32.0,3.2
508039,5602,P12,MS-SET-RTN3,1,88.0,0.0
508040,5603,P08,MS-MOI-BAR50,1,36.0,3.6
508041,5603,P05,MS-SER-NIA30,1,29.0,2.9
508042,5604,P11,MS-BDY-LOT400,1,28.0,0.0
508043,5605,P01,MS-CLN-GEL150,1,22.0,0.0
508044,5606,P04,MS-SER-HYA30,1,34.0,0.0
508045,5606,P01,MS-CLN-GEL150,1,22.0,0.0
508046,5606,P03,MS-SER-VTC30,1,38.0,0.0
508047,5607,P11,MS-BDY-LOT400,1,28.0,0.0
508048,5607,P04,MS-SER-HYA30,1,34.0,0.0
508049,5608,P07,MS-MOI-SPF50,1,32.0,0.0
508050,5609,P05,MS-SER-NIA30,1,29.0,0.0
508051,5610,P06,MS-TRT-RET50,1,44.0,6.6
508052,5610,P03,MS-SER-VTC30,1,38.0,5.7
508053,5610,P11,MS-BDY-LOT400,1,28.0,4.2
508054,5611,P08,MS-MOI-BAR50,1,36.0,5.4
508055,5612,P03,MS-SER-VTC30,1,38.0,5.7
508056,5613,P02,MS-CLN-CRM150,1,24.0,2.4
508057,5613,P04,MS-SER-HYA30,1,34.0,3.4
508058,5614,P05,MS-SER-NIA30,1,29.0,2.9
508059,5614,P10,MS-MSK-CLY100,1,26.0,2.6
508060,5614,P03,MS-SER-VTC30,2,38.0,7.6
508061,5615,P01,MS-CLN-GEL150,1,22.0,2.2
508062,5616,P11,MS-BDY-LOT400,1,28.0,0.0
508063,5616,P04,MS-SER-HYA30,2,34.0,0.0
508064,5617,P03,MS-SER-VTC30,2,38.0,0.0
508065,5617,P11,MS-BDY-LOT400,1,28.0,0.0
508066,5618,P04,MS-SER-HYA30,1,34.0,0.0
508067,5618,P01,MS-CLN-GEL150,1,22.0,0.0
508068,5618,P03,MS-SER-VTC30,1,38.0,0.0
508069,5619,P05,MS-SER-NIA30,1,29.0,0.0
508070,5619,P06,MS-TRT-RET50,1,44.0,0.0
508071,5619,P01,MS-CLN-GEL150,1,22.0,0.0
508072,5620,P03,MS-SER-VTC30,1,38.0,0.0
508073,5621,P12,MS-SET-RTN3,1,88.0,8.8
508074,5622,P05,MS-SER-NIA30,1,29.0,4.35
508075,5622,P12,MS-SET-RTN3,1,88.0,13.2
508076,5623,P04,MS-SER-HYA30,1,34.0,0.0
508077,5623,P08,MS-MOI-BAR50,1,36.0,0.0
508078,5624,P05,MS-SER-NIA30,1,29.0,0.0
508079,5624,P06,MS-TRT-RET50,1,44.0,0.0
508080,5624,P12,MS-SET-RTN3,1,88.0,0.0
508081,5624,P07,MS-MOI-SPF50,1,32.0,0.0
508082,5625,P01,MS-CLN-GEL150,1,22.0,0.0
508083,5625,P06,MS-TRT-RET50,2,44.0,0.0
508084,5626,P01,MS-CLN-GEL150,1,22.0,3.3
508085,5627,P06,MS-TRT-RET50,2,44.0,0.0
508086,5628,P03,MS-SER-VTC30,1,38.0,3.8
508087,5629,P10,MS-MSK-CLY100,1,26.0,3.9
508088,5629,P11,MS-BDY-LOT400,1,28.0,4.2
508089,5629,P04,MS-SER-HYA30,1,34.0,5.1
508090,5630,P08,MS-MOI-BAR50,1,36.0,0.0
508091,5630,P02,MS-CLN-CRM150,1,24.0,0.0
508092,5630,P09,MS-EYE-015,1,30.0,0.0
508093,5631,P03,MS-SER-VTC30,1,38.0,3.8
508094,5632,P03,MS-SER-VTC30,1,38.0,0.0
508095,5632,P01,MS-CLN-GEL150,1,22.0,0.0
508096,5633,P07,MS-MOI-SPF50,1,32.0,0.0
508097,5633,P12,MS-SET-RTN3,1,88.0,0.0
508098,5633,P10,MS-MSK-CLY100,1,26.0,0.0
508099,5634,P04,MS-SER-HYA30,1,34.0,3.4
508100,5634,P05,MS-SER-NIA30,2,29.0,5.8
508101,5635,P11,MS-BDY-LOT400,1,28.0,4.2
508102,5635,P12,MS-SET-RTN3,1,88.0,13.2
508103,5635,P10,MS-MSK-CLY100,1,26.0,3.9
508104,5636,P10,MS-MSK-CLY100,1,26.0,0.0
508105,5637,P12,MS-SET-RTN3,1,88.0,13.2
508106,5637,P07,MS-MOI-SPF50,1,32.0,4.8
508107,5638,P06,MS-TRT-RET50,1,44.0,6.6
508108,5639,P04,MS-SER-HYA30,1,34.0,0.0
508109,5639,P05,MS-SER-NIA30,1,29.0,0.0
508110,5640,P05,MS-SER-NIA30,1,29.0,0.0
508111,5641,P07,MS-MOI-SPF50,1,32.0,0.0
508112,5642,P04,MS-SER-HYA30,1,34.0,5.1
508113,5642,P08,MS-MOI-BAR50,1,36.0,5.4
508114,5643,P09,MS-EYE-015,2,30.0,0.0
508115,5643,P02,MS-CLN-CRM150,1,24.0,0.0
508116,5644,P02,MS-CLN-CRM150,1,24.0,0.0
508117,5644,P06,MS-TRT-RET50,1,44.0,0.0
508118,5645,P04,MS-SER-HYA30,1,34.0,0.0
508119,5645,P09,MS-EYE-015,1,30.0,0.0
508120,5646,P12,MS-SET-RTN3,1,88.0,13.2
508121,5647,P12,MS-SET-RTN3,1,88.0,13.2
508122,5647,P04,MS-SER-HYA30,1,34.0,5.1
508123,5647,P11,MS-BDY-LOT400,2,28.0,8.4
508124,5648,P08,MS-MOI-BAR50,1,36.0,3.6
508125,5648,P05,MS-SER-NIA30,1,29.0,2.9
508126,5649,P08,MS-MOI-BAR50,1,36.0,3.6
508127,5650,P03,MS-SER-VTC30,1,38.0,0.0
508128,5650,P11,MS-BDY-LOT400,1,28.0,0.0
508129,5651,P04,MS-SER-HYA30,1,34.0,5.1
508130,5652,P05,MS-SER-NIA30,1,29.0,4.35
508131,5653,P10,MS-MSK-CLY100,1,26.0,3.9
508132,5653,P02,MS-CLN-CRM150,1,24.0,3.6
508133,5653,P01,MS-CLN-GEL150,1,22.0,3.3
508134,5653,P06,MS-TRT-RET50,1,44.0,6.6
508135,5654,P04,MS-SER-HYA30,1,34.0,0.0
508136,5654,P03,MS-SER-VTC30,2,38.0,0.0
508137,5654,P02,MS-CLN-CRM150,1,24.0,0.0
508138,5655,P04,MS-SER-HYA30,1,34.0,0.0
508139,5655,P03,MS-SER-VTC30,1,38.0,0.0
508140,5656,P09,MS-EYE-015,1,30.0,4.5
508141,5657,P02,MS-CLN-CRM150,1,24.0,2.4
508142,5658,P04,MS-SER-HYA30,1,34.0,0.0
508143,5659,P05,MS-SER-NIA30,1,29.0,4.35
508144,5660,P04,MS-SER-HYA30,1,34.0,5.1
508145,5660,P08,MS-MOI-BAR50,1,36.0,5.4
508146,5661,P04,MS-SER-HYA30,1,34.0,3.4
508147,5662,P04,MS-SER-HYA30,1,34.0,5.1
508148,5663,P10,MS-MSK-CLY100,1,26.0,0.0
508149,5664,P04,MS-SER-HYA30,1,34.0,5.1
508150,5664,P03,MS-SER-VTC30,1,38.0,5.7
508151,5665,P09,MS-EYE-015,1,30.0,0.0
508152,5665,P12,MS-SET-RTN3,1,88.0,0.0
508153,5665,P08,MS-MOI-BAR50,1,36.0,0.0
508154,5666,P08,MS-MOI-BAR50,1,36.0,3.6
508155,5667,P07,MS-MOI-SPF50,1,32.0,0.0
508156,5668,P03,MS-SER-VTC30,2,38.0,11.4
508157,5669,P11,MS-BDY-LOT400,1,28.0,4.2
508158,5669,P08,MS-MOI-BAR50,2,36.0,10.8
508159,5670,P05,MS-SER-NIA30,1,29.0,0.0
508160,5670,P12,MS-SET-RTN3,1,88.0,0.0
508161,5671,P10,MS-MSK-CLY100,1,26.0,0.0
508162,5672,P04,MS-SER-HYA30,1,34.0,0.0
508163,5672,P07,MS-MOI-SPF50,1,32.0,0.0
508164,5672,P05,MS-SER-NIA30,1,29.0,0.0
508165,5672,P03,MS-SER-VTC30,2,38.0,0.0
508166,5673,P06,MS-TRT-RET50,1,44.0,6.6
508167,5674,P07,MS-MOI-SPF50,1,32.0,3.2
508168,5675,P07,MS-MOI-SPF50,2,32.0,6.4
508169,5676,P01,MS-CLN-GEL150,1,22.0,0.0
508170,5676,P04,MS-SER-HYA30,1,34.0,0.0
508171,5677,P03,MS-SER-VTC30,1,38.0,5.7
508172,5677,P12,MS-SET-RTN3,1,88.0,13.2
508173,5677,P01,MS-CLN-GEL150,1,22.0,3.3
508174,5678,P01,MS-CLN-GEL150,2,22.0,0.0
508175,5679,P05,MS-SER-NIA30,1,29.0,4.35
508176,5680,P02,MS-CLN-CRM150,1,24.0,6.66
508177,5680,P06,MS-TRT-RET50,1,44.0,12.21
508178,5681,P01,MS-CLN-GEL150,1,22.0,0.0
508179,5682,P11,MS-BDY-LOT400,1,28.0,0.0
508180,5682,P07,MS-MOI-SPF50,1,32.0,0.0
508181,5683,P09,MS-EYE-015,1,30.0,7.05
508182,5684,P09,MS-EYE-015,1,30.0,0.0
508183,5685,P09,MS-EYE-015,1,30.0,3.0
508184,5686,P08,MS-MOI-BAR50,1,36.0,0.0
508185,5687,P04,MS-SER-HYA30,1,34.0,3.4
508186,5688,P02,MS-CLN-CRM150,2,24.0,0.0
508187,5688,P11,MS-BDY-LOT400,1,28.0,0.0
508188,5689,P08,MS-MOI-BAR50,1,36.0,0.0
508189,5690,P05,MS-SER-NIA30,2,29.0,0.0
508190,5690,P04,MS-SER-HYA30,1,34.0,0.0
508191,5691,P05,MS-SER-NIA30,1,29.0,4.35
508192,5692,P05,MS-SER-NIA30,1,29.0,2.9
508193,5692,P01,MS-CLN-GEL150,1,22.0,2.2
508194,5693,P12,MS-SET-RTN3,1,88.0,13.2
508195,5694,P03,MS-SER-VTC30,1,38.0,0.0
508196,5694,P02,MS-CLN-CRM150,2,24.0,0.0
508197,5695,P05,MS-SER-NIA30,2,29.0,0.0
508198,5696,P05,MS-SER-NIA30,1,29.0,4.35
508199,5697,P05,MS-SER-NIA30,1,29.0,0.0
508200,5697,P11,MS-BDY-LOT400,1,28.0,0.0
508201,5698,P03,MS-SER-VTC30,1,38.0,0.0
508202,5699,P07,MS-MOI-SPF50,2,32.0,9.6
508203,5699,P01,MS-CLN-GEL150,1,22.0,3.3
508204,5699,P08,MS-MOI-BAR50,1,36.0,5.4
508205,5700,P08,MS-MOI-BAR50,1,36.0,0.0
508206,5701,P10,MS-MSK-CLY100,1,26.0,2.6
508207,5702,P01,MS-CLN-GEL150,1,22.0,0.0
508208,5703,P02,MS-CLN-CRM150,2,24.0,7.2
508209,5703,P08,MS-MOI-BAR50,1,36.0,5.4
508210,5704,P09,MS-EYE-015,1,30.0,0.0
508211,5704,P11,MS-BDY-LOT400,2,28.0,0.0
600010,5704,P09,MS-EYE-015,1,30.0,0.0
508212,5705,P03,MS-SER-VTC30,1,38.0,5.7
508213,5706,P03,MS-SER-VTC30,2,38.0,11.4
508214,5707,P12,MS-SET-RTN3,1,88.0,13.2
508215,5707,P07,MS-MOI-SPF50,1,32.0,4.8
508216,5708,P12,MS-SET-RTN3,1,88.0,13.2
508217,5709,P01,MS-CLN-GEL150,1,22.0,0.0
508218,5710,P11,MS-BDY-LOT400,1,28.0,0.0
508219,5711,P02,MS-CLN-CRM150,2,24.0,0.0
508220,5712,P04,MS-SER-HYA30,1,34.0,5.1
508221,5713,P01,MS-CLN-GEL150,1,22.0,3.3
508222,5714,P10,MS-MSK-CLY100,1,26.0,0.0
508223,5714,P03,MS-SER-VTC30,1,38.0,0.0
508224,5715,P03,MS-SER-VTC30,1,38.0,0.0
508225,5716,P05,MS-SER-NIA30,1,29.0,0.0
508226,5717,P07,MS-MOI-SPF50,1,32.0,0.0
508227,5718,P12,MS-SET-RTN3,1,88.0,0.0
508228,5719,P01,MS-CLN-GEL150,1,22.0,3.3
508229,5720,P07,MS-MOI-SPF50,1,32.0,0.0
508230,5720,P11,MS-BDY-LOT400,1,28.0,0.0
508231,5720,P08,MS-MOI-BAR50,1,36.0,0.0
508232,5720,P10,MS-MSK-CLY100,1,26.0,0.0
508233,5721,P04,MS-SER-HYA30,1,34.0,0.0
508234,5721,P09,MS-EYE-015,1,30.0,0.0
508235,5722,P10,MS-MSK-CLY100,1,26.0,2.6
508236,5722,P11,MS-BDY-LOT400,1,28.0,2.8
508237,5723,P11,MS-BDY-LOT400,1,28.0,0.0
508238,5723,P02,MS-CLN-CRM150,1,24.0,0.0
508239,5724,P08,MS-MOI-BAR50,1,36.0,0.0
508240,5724,P01,MS-CLN-GEL150,1,22.0,0.0
508241,5725,P04,MS-SER-HYA30,1,34.0,0.0
508242,5726,P11,MS-BDY-LOT400,1,28.0,0.0
508243,5727,P10,MS-MSK-CLY100,1,26.0,0.0
508244,5727,P03,MS-SER-VTC30,1,38.0,0.0
508245,5728,P08,MS-MOI-BAR50,1,36.0,0.0
508246,5729,P04,MS-SER-HYA30,1,34.0,5.1
508247,5730,P09,MS-EYE-015,1,30.0,4.5
508248,5731,P01,MS-CLN-GEL150,1,22.0,3.3
508249,5732,P02,MS-CLN-CRM150,1,24.0,0.0
508250,5733,P01,MS-CLN-GEL150,1,22.0,2.2
508251,5734,P04,MS-SER-HYA30,1,34.0,0.0
508252,5735,P04,MS-SER-HYA30,1,34.0,3.4
508253,5736,P11,MS-BDY-LOT400,1,28.0,0.0
508254,5737,P08,MS-MOI-BAR50,1,36.0,0.0
508255,5737,P03,MS-SER-VTC30,1,38.0,0.0
508256,5738,P12,MS-SET-RTN3,1,88.0,13.2
508257,5739,P04,MS-SER-HYA30,1,34.0,0.0
508258,5740,P08,MS-MOI-BAR50,1,36.0,0.0
508259,5740,P07,MS-MOI-SPF50,1,32.0,0.0
508260,5740,P06,MS-TRT-RET50,1,44.0,0.0
508261,5741,P08,MS-MOI-BAR50,1,36.0,0.0
508262,5742,P01,MS-CLN-GEL150,1,22.0,0.0
508263,5743,P03,MS-SER-VTC30,1,38.0,0.0
508264,5743,P01,MS-CLN-GEL150,1,22.0,0.0
508265,5744,P04,MS-SER-HYA30,1,34.0,0.0
508266,5744,P06,MS-TRT-RET50,1,44.0,0.0
508267,5745,P03,MS-SER-VTC30,1,38.0,3.8
508268,5746,P02,MS-CLN-CRM150,1,24.0,0.0
508269,5747,P01,MS-CLN-GEL150,1,22.0,0.0
508270,5747,P07,MS-MOI-SPF50,1,32.0,0.0
508271,5748,P07,MS-MOI-SPF50,1,32.0,4.8
508272,5748,P02,MS-CLN-CRM150,1,24.0,3.6
508273,5748,P01,MS-CLN-GEL150,2,22.0,6.6
508274,5749,P08,MS-MOI-BAR50,2,36.0,10.8
508275,5749,P04,MS-SER-HYA30,1,34.0,5.1
508276,5749,P03,MS-SER-VTC30,1,38.0,5.7
508277,5750,P08,MS-MOI-BAR50,1,36.0,0.0
508278,5751,P04,MS-SER-HYA30,1,34.0,5.1
508279,5752,P01,MS-CLN-GEL150,2,22.0,0.0
508280,5752,P05,MS-SER-NIA30,1,29.0,0.0
508281,5752,P07,MS-MOI-SPF50,1,32.0,0.0
508282,5753,P04,MS-SER-HYA30,1,34.0,3.4
508283,5754,P11,MS-BDY-LOT400,2,28.0,0.0
508284,5754,P07,MS-MOI-SPF50,1,32.0,0.0
508285,5754,P10,MS-MSK-CLY100,1,26.0,0.0
508286,5755,P07,MS-MOI-SPF50,1,32.0,0.0
508287,5755,P12,MS-SET-RTN3,1,88.0,0.0
508288,5756,P03,MS-SER-VTC30,1,38.0,0.0
508289,5757,P12,MS-SET-RTN3,1,88.0,0.0
508290,5757,P07,MS-MOI-SPF50,1,32.0,0.0
508291,5758,P03,MS-SER-VTC30,1,38.0,0.0
508292,5758,P04,MS-SER-HYA30,1,34.0,0.0
508293,5759,P07,MS-MOI-SPF50,1,32.0,4.8
508294,5760,P11,MS-BDY-LOT400,1,28.0,4.2
508295,5760,P06,MS-TRT-RET50,1,44.0,6.6
508296,5761,P07,MS-MOI-SPF50,1,32.0,4.8
508297,5761,P11,MS-BDY-LOT400,1,28.0,4.2
508298,5761,P09,MS-EYE-015,1,30.0,4.5
508299,5761,P03,MS-SER-VTC30,1,38.0,5.7
508300,5762,P07,MS-MOI-SPF50,1,32.0,0.0
508301,5763,P12,MS-SET-RTN3,1,88.0,8.8
508302,5763,P09,MS-EYE-015,1,30.0,3.0
508303,5764,P08,MS-MOI-BAR50,1,36.0,3.6
508304,5764,P09,MS-EYE-015,1,30.0,3.0
508305,5765,P05,MS-SER-NIA30,1,29.0,0.0
508306,5765,P09,MS-EYE-015,1,30.0,0.0
508307,5766,P03,MS-SER-VTC30,1,38.0,0.0
508308,5767,P12,MS-SET-RTN3,1,88.0,13.2
508309,5768,P03,MS-SER-VTC30,1,38.0,0.0
508310,5768,P05,MS-SER-NIA30,1,29.0,0.0
508311,5769,P06,MS-TRT-RET50,1,44.0,0.0
508312,5770,P06,MS-TRT-RET50,1,44.0,0.0
508313,5771,P10,MS-MSK-CLY100,1,26.0,0.0
508314,5771,P08,MS-MOI-BAR50,1,36.0,0.0
508315,5772,P03,MS-SER-VTC30,1,38.0,5.7
508316,5772,P06,MS-TRT-RET50,1,44.0,6.6
508317,5773,P02,MS-CLN-CRM150,1,24.0,0.0
508318,5773,P09,MS-EYE-015,1,30.0,0.0
508319,5774,P01,MS-CLN-GEL150,2,22.0,4.4
508320,5774,P12,MS-SET-RTN3,1,88.0,8.8
508321,5775,P05,MS-SER-NIA30,1,29.0,0.0
508322,5776,P09,MS-EYE-015,1,30.0,0.0
508323,5777,P12,MS-SET-RTN3,1,88.0,0.0
508324,5777,P06,MS-TRT-RET50,1,44.0,0.0
508325,5777,P02,MS-CLN-CRM150,1,24.0,0.0
508326,5778,P05,MS-SER-NIA30,1,29.0,0.0
508327,5779,P04,MS-SER-HYA30,1,34.0,5.1
508328,5779,P01,MS-CLN-GEL150,1,22.0,3.3
508329,5780,P03,MS-SER-VTC30,1,38.0,0.0
508330,5781,P03,MS-SER-VTC30,1,38.0,0.0
508331,5782,P07,MS-MOI-SPF50,1,32.0,0.0
508332,5782,P09,MS-EYE-015,1,30.0,0.0
508333,5783,P08,MS-MOI-BAR50,1,36.0,0.0
508334,5783,P01,MS-CLN-GEL150,1,22.0,0.0
508335,5784,P02,MS-CLN-CRM150,1,24.0,0.0
508336,5784,P06,MS-TRT-RET50,1,44.0,0.0
508337,5785,P07,MS-MOI-SPF50,1,32.0,4.8
508338,5785,P06,MS-TRT-RET50,1,44.0,6.6
508339,5786,P03,MS-SER-VTC30,1,38.0,5.7
508340,5786,P12,MS-SET-RTN3,1,88.0,13.2
508341,5786,P04,MS-SER-HYA30,1,34.0,5.1
508342,5787,P05,MS-SER-NIA30,1,29.0,0.0
508343,5787,P04,MS-SER-HYA30,1,34.0,0.0
508344,5787,P07,MS-MOI-SPF50,1,32.0,0.0
508345,5787,P03,MS-SER-VTC30,1,38.0,0.0
508346,5788,P02,MS-CLN-CRM150,1,24.0,3.6
508347,5789,P07,MS-MOI-SPF50,1,32.0,3.2
508348,5789,P06,MS-TRT-RET50,1,44.0,4.4
508349,5790,P05,MS-SER-NIA30,1,29.0,2.9
508350,5790,P08,MS-MOI-BAR50,1,36.0,3.6
508351,5790,P12,MS-SET-RTN3,1,88.0,8.8
508352,5791,P01,MS-CLN-GEL150,1,22.0,0.0
508353,5791,P04,MS-SER-HYA30,1,34.0,0.0
508354,5792,P12,MS-SET-RTN3,1,88.0,13.2
508355,5792,P10,MS-MSK-CLY100,1,26.0,3.9
508356,5793,P03,MS-SER-VTC30,1,38.0,5.7
508357,5794,P09,MS-EYE-015,1,30.0,4.5
508358,5795,P03,MS-SER-VTC30,1,38.0,0.0
508359,5796,P03,MS-SER-VTC30,1,38.0,5.7
508360,5797,P08,MS-MOI-BAR50,1,36.0,0.0
508361,5797,P03,MS-SER-VTC30,1,38.0,0.0
508362,5798,P03,MS-SER-VTC30,1,38.0,0.0
508363,5799,P03,MS-SER-VTC30,1,38.0,5.7
508364,5800,P04,MS-SER-HYA30,1,34.0,5.1
508365,5800,P08,MS-MOI-BAR50,1,36.0,5.4
508366,5801,P08,MS-MOI-BAR50,1,36.0,5.4
508367,5801,P06,MS-TRT-RET50,1,44.0,6.6
508368,5802,P05,MS-SER-NIA30,1,29.0,0.0
508369,5803,P04,MS-SER-HYA30,2,34.0,0.0
508370,5803,P02,MS-CLN-CRM150,1,24.0,0.0
508371,5804,P07,MS-MOI-SPF50,2,32.0,0.0
508372,5804,P01,MS-CLN-GEL150,1,22.0,0.0
508373,5805,P07,MS-MOI-SPF50,1,32.0,3.2
508374,5806,P08,MS-MOI-BAR50,1,36.0,0.0
508375,5806,P04,MS-SER-HYA30,1,34.0,0.0
508376,5807,P01,MS-CLN-GEL150,1,22.0,3.3
508377,5808,P07,MS-MOI-SPF50,1,32.0,0.0
508378,5808,P01,MS-CLN-GEL150,1,22.0,0.0
508379,5808,P09,MS-EYE-015,1,30.0,0.0
508380,5808,P03,MS-SER-VTC30,1,38.0,0.0
508381,5809,P01,MS-CLN-GEL150,1,22.0,0.0
508382,5810,P06,MS-TRT-RET50,1,44.0,0.0
508383,5811,P04,MS-SER-HYA30,1,34.0,0.0
508384,5812,P05,MS-SER-NIA30,1,29.0,0.0
508385,5813,P04,MS-SER-HYA30,1,34.0,5.1
508386,5814,P03,MS-SER-VTC30,1,38.0,0.0
508387,5815,P06,MS-TRT-RET50,1,44.0,0.0
508388,5815,P03,MS-SER-VTC30,1,38.0,0.0
508389,5815,P12,MS-SET-RTN3,1,88.0,0.0
508390,5816,P09,MS-EYE-015,1,30.0,0.0
508391,5816,P08,MS-MOI-BAR50,1,36.0,0.0
508392,5816,P06,MS-TRT-RET50,1,44.0,0.0
508393,5817,P06,MS-TRT-RET50,1,44.0,0.0
508394,5818,P07,MS-MOI-SPF50,1,32.0,4.8
508395,5818,P03,MS-SER-VTC30,1,38.0,5.7
508396,5818,P12,MS-SET-RTN3,1,88.0,13.2
508397,5819,P07,MS-MOI-SPF50,1,32.0,0.0
508398,5819,P12,MS-SET-RTN3,1,88.0,0.0
508399,5820,P03,MS-SER-VTC30,1,38.0,3.8
508400,5820,P12,MS-SET-RTN3,1,88.0,8.8
508401,5821,P03,MS-SER-VTC30,1,38.0,5.7
508402,5822,P08,MS-MOI-BAR50,1,36.0,5.4
508403,5822,P05,MS-SER-NIA30,2,29.0,8.7
508404,5822,P07,MS-MOI-SPF50,1,32.0,4.8
508405,5823,P08,MS-MOI-BAR50,1,36.0,3.6
508406,5824,P03,MS-SER-VTC30,1,38.0,5.7
508407,5824,P04,MS-SER-HYA30,1,34.0,5.1
508408,5825,P04,MS-SER-HYA30,1,34.0,3.4
508409,5825,P01,MS-CLN-GEL150,1,22.0,2.2
508410,5826,P03,MS-SER-VTC30,1,38.0,5.7
508411,5827,P05,MS-SER-NIA30,2,29.0,8.7
508412,5828,P03,MS-SER-VTC30,1,38.0,0.0
508413,5829,P01,MS-CLN-GEL150,1,22.0,2.2
508414,5829,P07,MS-MOI-SPF50,1,32.0,3.2
508415,5829,P04,MS-SER-HYA30,1,34.0,3.4
508416,5830,P08,MS-MOI-BAR50,1,36.0,3.6
508417,5831,P05,MS-SER-NIA30,1,29.0,4.35
508418,5832,P04,MS-SER-HYA30,2,34.0,10.2
508419,5833,P03,MS-SER-VTC30,1,38.0,0.0
508420,5833,P11,MS-BDY-LOT400,1,28.0,0.0
508421,5834,P03,MS-SER-VTC30,2,38.0,0.0
508422,5834,P07,MS-MOI-SPF50,1,32.0,0.0
508423,5835,P09,MS-EYE-015,1,30.0,4.5
508424,5835,P11,MS-BDY-LOT400,1,28.0,4.2
508425,5836,P03,MS-SER-VTC30,1,38.0,0.0
508426,5837,P07,MS-MOI-SPF50,1,32.0,0.0
508427,5837,P05,MS-SER-NIA30,1,29.0,0.0
508428,5837,P06,MS-TRT-RET50,1,44.0,0.0
508429,5837,P01,MS-CLN-GEL150,1,22.0,0.0
508430,5838,P03,MS-SER-VTC30,2,38.0,11.4
508431,5839,P03,MS-SER-VTC30,1,38.0,5.7
508432,5840,P11,MS-BDY-LOT400,1,28.0,2.8
508433,5841,P03,MS-SER-VTC30,2,38.0,11.4
508434,5841,P09,MS-EYE-015,1,30.0,4.5
508435,5841,P07,MS-MOI-SPF50,1,32.0,4.8
508436,5842,P02,MS-CLN-CRM150,1,24.0,0.0
508437,5843,P06,MS-TRT-RET50,1,44.0,6.6
508438,5844,P04,MS-SER-HYA30,1,34.0,3.4
508439,5845,P04,MS-SER-HYA30,1,34.0,0.0
508440,5845,P09,MS-EYE-015,1,30.0,0.0
508441,5846,P10,MS-MSK-CLY100,1,26.0,0.0
508442,5847,P03,MS-SER-VTC30,1,38.0,0.0
508443,5847,P09,MS-EYE-015,1,30.0,0.0
508444,5848,P01,MS-CLN-GEL150,1,22.0,0.0
508445,5848,P04,MS-SER-HYA30,1,34.0,0.0
508446,5849,P03,MS-SER-VTC30,1,38.0,0.0
508447,5850,P03,MS-SER-VTC30,1,38.0,0.0
508448,5851,P01,MS-CLN-GEL150,1,22.0,3.3
508449,5851,P10,MS-MSK-CLY100,1,26.0,3.9
508450,5852,P04,MS-SER-HYA30,1,34.0,5.1
508451,5853,P09,MS-EYE-015,1,30.0,0.0
508452,5854,P07,MS-MOI-SPF50,2,32.0,0.0
508453,5854,P01,MS-CLN-GEL150,1,22.0,0.0
508454,5855,P11,MS-BDY-LOT400,2,28.0,0.0
508455,5855,P05,MS-SER-NIA30,1,29.0,0.0
508456,5856,P08,MS-MOI-BAR50,1,36.0,0.0
508457,5857,P04,MS-SER-HYA30,1,34.0,3.4
508458,5857,P03,MS-SER-VTC30,2,38.0,7.6
508459,5857,P05,MS-SER-NIA30,2,29.0,5.8
508460,5858,P03,MS-SER-VTC30,1,38.0,5.7
508461,5859,P03,MS-SER-VTC30,1,38.0,0.0
508462,5859,P06,MS-TRT-RET50,1,44.0,0.0
508463,5860,P04,MS-SER-HYA30,1,34.0,0.0
508464,5861,P02,MS-CLN-CRM150,2,24.0,7.2
508465,5861,P08,MS-MOI-BAR50,1,36.0,5.4
508466,5862,P01,MS-CLN-GEL150,1,22.0,3.3
508467,5863,P03,MS-SER-VTC30,1,38.0,0.0
508468,5863,P12,MS-SET-RTN3,1,88.0,0.0
508469,5863,P10,MS-MSK-CLY100,1,26.0,0.0
508470,5864,P07,MS-MOI-SPF50,1,32.0,0.0
508471,5864,P01,MS-CLN-GEL150,1,22.0,0.0
508472,5864,P06,MS-TRT-RET50,1,44.0,0.0
508473,5864,P05,MS-SER-NIA30,1,29.0,0.0
508474,5865,P03,MS-SER-VTC30,1,38.0,0.0
508475,5865,P05,MS-SER-NIA30,1,29.0,0.0
508476,5865,P12,MS-SET-RTN3,1,88.0,0.0
508477,5866,P01,MS-CLN-GEL150,1,22.0,0.0
508478,5866,P07,MS-MOI-SPF50,1,32.0,0.0
508479,5866,P02,MS-CLN-CRM150,1,24.0,0.0
508480,5867,P04,MS-SER-HYA30,1,34.0,3.4
508481,5868,P02,MS-CLN-CRM150,2,24.0,0.0
508482,5869,P10,MS-MSK-CLY100,1,26.0,0.0
508483,5869,P09,MS-EYE-015,1,30.0,0.0
508484,5870,P04,MS-SER-HYA30,1,34.0,0.0
508485,5871,P04,MS-SER-HYA30,2,34.0,0.0
508486,5871,P02,MS-CLN-CRM150,2,24.0,0.0
508487,5871,P01,MS-CLN-GEL150,1,22.0,0.0
508488,5871,P03,MS-SER-VTC30,1,38.0,0.0
508489,5872,P01,MS-CLN-GEL150,1,22.0,2.2
508490,5873,P07,MS-MOI-SPF50,1,32.0,0.0
508491,5873,P05,MS-SER-NIA30,1,29.0,0.0
508492,5874,P11,MS-BDY-LOT400,1,28.0,0.0
508493,5874,P06,MS-TRT-RET50,1,44.0,0.0
508494,5874,P04,MS-SER-HYA30,1,34.0,0.0
508495,5875,P07,MS-MOI-SPF50,1,32.0,0.0
508496,5876,P02,MS-CLN-CRM150,2,24.0,7.2
508497,5877,P01,MS-CLN-GEL150,1,22.0,3.3
508498,5877,P06,MS-TRT-RET50,2,44.0,13.2
508499,5878,P05,MS-SER-NIA30,1,29.0,0.0
508500,5879,P06,MS-TRT-RET50,2,44.0,13.2
508501,5879,P01,MS-CLN-GEL150,1,22.0,3.3
508502,5880,P03,MS-SER-VTC30,1,38.0,0.0
508503,5881,P05,MS-SER-NIA30,1,29.0,0.0
508504,5881,P06,MS-TRT-RET50,1,44.0,0.0
508505,5881,P03,MS-SER-VTC30,1,38.0,0.0
508506,5882,P01,MS-CLN-GEL150,2,22.0,0.0
508507,5883,P01,MS-CLN-GEL150,1,22.0,0.0
508508,5884,P05,MS-SER-NIA30,1,29.0,4.35
508509,5884,P07,MS-MOI-SPF50,1,32.0,4.8
508510,5885,P09,MS-EYE-015,1,30.0,0.0
508511,5885,P01,MS-CLN-GEL150,1,22.0,0.0
508512,5885,P11,MS-BDY-LOT400,1,28.0,0.0
508513,5886,P01,MS-CLN-GEL150,1,22.0,0.0
508514,5886,P12,MS-SET-RTN3,1,88.0,0.0
508515,5887,P04,MS-SER-HYA30,1,34.0,5.1
508516,5887,P05,MS-SER-NIA30,2,29.0,8.7
508517,5888,P04,MS-SER-HYA30,1,34.0,0.0
508518,5888,P10,MS-MSK-CLY100,2,26.0,0.0
508519,5888,P07,MS-MOI-SPF50,1,32.0,0.0
508520,5889,P06,MS-TRT-RET50,2,44.0,0.0
508521,5890,P01,MS-CLN-GEL150,1,22.0,0.0
508522,5890,P02,MS-CLN-CRM150,1,24.0,0.0
508523,5890,P12,MS-SET-RTN3,1,88.0,0.0
508524,5891,P03,MS-SER-VTC30,1,38.0,0.0
508525,5892,P02,MS-CLN-CRM150,1,24.0,0.0
508526,5893,P05,MS-SER-NIA30,1,29.0,0.0
508527,5894,P12,MS-SET-RTN3,1,88.0,0.0
508528,5894,P06,MS-TRT-RET50,1,44.0,0.0
508529,5894,P07,MS-MOI-SPF50,1,32.0,0.0
508530,5895,P01,MS-CLN-GEL150,1,22.0,0.0
508531,5895,P03,MS-SER-VTC30,1,38.0,0.0
508532,5895,P12,MS-SET-RTN3,1,88.0,0.0
508533,5896,P09,MS-EYE-015,1,30.0,0.0
508534,5897,P03,MS-SER-VTC30,1,38.0,0.0
508535,5897,P10,MS-MSK-CLY100,1,26.0,0.0
508536,5898,P11,MS-BDY-LOT400,1,28.0,0.0
508537,5899,P01,MS-CLN-GEL150,1,22.0,3.3
508538,5900,P04,MS-SER-HYA30,2,34.0,0.0
508539,5901,P05,MS-SER-NIA30,1,29.0,0.0
508540,5902,P07,MS-MOI-SPF50,1,32.0,0.0
508541,5902,P01,MS-CLN-GEL150,1,22.0,0.0
508542,5903,P12,MS-SET-RTN3,1,88.0,0.0
508543,5904,P01,MS-CLN-GEL150,1,22.0,0.0
508544,5905,P10,MS-MSK-CLY100,1,26.0,0.0
508545,5905,P04,MS-SER-HYA30,1,34.0,0.0
508546,5905,P11,MS-BDY-LOT400,1,28.0,0.0
508547,5906,P04,MS-SER-HYA30,1,34.0,0.0
508548,5907,P09,MS-EYE-015,1,30.0,0.0
508549,5908,P05,MS-SER-NIA30,1,29.0,0.0
508550,5909,P03,MS-SER-VTC30,1,38.0,0.0
508551,5909,P01,MS-CLN-GEL150,2,22.0,0.0
508552,5909,P06,MS-TRT-RET50,2,44.0,0.0
508553,5910,P02,MS-CLN-CRM150,1,24.0,0.0
508554,5910,P04,MS-SER-HYA30,1,34.0,0.0
508555,5911,P08,MS-MOI-BAR50,2,36.0,0.0
508556,5912,P03,MS-SER-VTC30,1,38.0,0.0
508557,5913,P12,MS-SET-RTN3,1,88.0,13.2
508558,5913,P01,MS-CLN-GEL150,1,22.0,3.3
508559,5914,P07,MS-MOI-SPF50,1,32.0,4.8
508560,5915,P05,MS-SER-NIA30,1,29.0,0.0
508561,5916,P05,MS-SER-NIA30,1,29.0,4.35
508562,5917,P06,MS-TRT-RET50,1,44.0,6.6
508563,5918,P09,MS-EYE-015,1,30.0,0.0
508564,5919,P04,MS-SER-HYA30,1,34.0,5.1
508565,5919,P08,MS-MOI-BAR50,1,36.0,5.4
508566,5920,P03,MS-SER-VTC30,1,38.0,0.0
508567,5921,P04,MS-SER-HYA30,1,34.0,0.0
508568,5921,P07,MS-MOI-SPF50,2,32.0,0.0
508569,5921,P01,MS-CLN-GEL150,1,22.0,0.0
508570,5922,P02,MS-CLN-CRM150,1,24.0,0.0
508571,5922,P10,MS-MSK-CLY100,1,26.0,0.0
508572,5923,P06,MS-TRT-RET50,1,44.0,4.4
508573,5923,P01,MS-CLN-GEL150,1,22.0,2.2
508574,5924,P04,MS-SER-HYA30,1,34.0,3.4
508575,5925,P07,MS-MOI-SPF50,1,32.0,0.0
508576,5925,P03,MS-SER-VTC30,2,38.0,0.0
508577,5926,P08,MS-MOI-BAR50,1,36.0,5.4
508578,5927,P06,MS-TRT-RET50,1,44.0,0.0
508579,5928,P03,MS-SER-VTC30,1,38.0,5.7
508580,5928,P01,MS-CLN-GEL150,1,22.0,3.3
508581,5928,P07,MS-MOI-SPF50,1,32.0,4.8
508582,5929,P07,MS-MOI-SPF50,1,32.0,0.0
508583,5930,P02,MS-CLN-CRM150,1,24.0,0.0
508584,5931,P01,MS-CLN-GEL150,1,22.0,3.3
508585,5931,P05,MS-SER-NIA30,1,29.0,4.35
508586,5932,P03,MS-SER-VTC30,1,38.0,0.0
508587,5933,P08,MS-MOI-BAR50,1,36.0,0.0
508588,5934,P07,MS-MOI-SPF50,1,32.0,4.8
508589,5935,P04,MS-SER-HYA30,1,34.0,0.0
508590,5935,P10,MS-MSK-CLY100,1,26.0,0.0
508591,5936,P03,MS-SER-VTC30,1,38.0,5.7
508592,5936,P02,MS-CLN-CRM150,2,24.0,7.2
508593,5936,P07,MS-MOI-SPF50,1,32.0,4.8
508594,5936,P08,MS-MOI-BAR50,1,36.0,5.4
508595,5937,P10,MS-MSK-CLY100,1,26.0,0.0
508596,5937,P05,MS-SER-NIA30,1,29.0,0.0
508597,5938,P12,MS-SET-RTN3,1,88.0,0.0
508598,5939,P03,MS-SER-VTC30,2,38.0,7.6
508599,5940,P05,MS-SER-NIA30,1,29.0,0.0
508600,5941,P01,MS-CLN-GEL150,1,22.0,3.3
508601,5942,P10,MS-MSK-CLY100,1,26.0,3.9
508602,5943,P06,MS-TRT-RET50,1,44.0,6.6
508603,5944,P12,MS-SET-RTN3,1,88.0,0.0
508604,5945,P04,MS-SER-HYA30,1,34.0,0.0
508605,5946,P04,MS-SER-HYA30,1,34.0,0.0
508606,5946,P06,MS-TRT-RET50,1,44.0,0.0
508607,5947,P03,MS-SER-VTC30,1,38.0,0.0
508608,5948,P03,MS-SER-VTC30,1,38.0,0.0
508609,5949,P01,MS-CLN-GEL150,2,22.0,0.0
508610,5949,P03,MS-SER-VTC30,1,38.0,0.0
508611,5950,P06,MS-TRT-RET50,1,44.0,0.0
508612,5950,P05,MS-SER-NIA30,1,29.0,0.0
508613,5950,P01,MS-CLN-GEL150,2,22.0,0.0
508614,5950,P03,MS-SER-VTC30,1,38.0,0.0
508615,5951,P04,MS-SER-HYA30,1,34.0,0.0
508616,5952,P04,MS-SER-HYA30,1,34.0,0.0
508617,5952,P05,MS-SER-NIA30,1,29.0,0.0
508618,5952,P10,MS-MSK-CLY100,1,26.0,0.0
508619,5953,P05,MS-SER-NIA30,2,29.0,0.0
508620,5953,P03,MS-SER-VTC30,2,38.0,0.0
508621,5953,P07,MS-MOI-SPF50,1,32.0,0.0
508622,5954,P07,MS-MOI-SPF50,1,32.0,0.0
508623,5955,P04,MS-SER-HYA30,1,34.0,0.0
508624,5955,P03,MS-SER-VTC30,1,38.0,0.0
508625,5956,P12,MS-SET-RTN3,1,88.0,0.0
508626,5956,P08,MS-MOI-BAR50,1,36.0,0.0
508627,5957,P03,MS-SER-VTC30,1,38.0,0.0
508628,5957,P05,MS-SER-NIA30,2,29.0,0.0
508629,5957,P08,MS-MOI-BAR50,1,36.0,0.0
508630,5958,P12,MS-SET-RTN3,1,88.0,0.0
508631,5958,P02,MS-CLN-CRM150,1,24.0,0.0
508632,5958,P09,MS-EYE-015,1,30.0,0.0
508633,5959,P03,MS-SER-VTC30,1,38.0,5.7
508634,5960,P03,MS-SER-VTC30,1,38.0,5.7
508635,5961,P02,MS-CLN-CRM150,2,24.0,4.8
508636,5962,P01,MS-CLN-GEL150,1,22.0,3.3
508637,5963,P06,MS-TRT-RET50,1,44.0,0.0
508638,5963,P09,MS-EYE-015,1,30.0,0.0
508639,5964,P03,MS-SER-VTC30,1,38.0,0.0
508640,5965,P08,MS-MOI-BAR50,2,36.0,0.0
508641,5965,P03,MS-SER-VTC30,1,38.0,0.0
508642,5965,P02,MS-CLN-CRM150,1,24.0,0.0
508643,5966,P04,MS-SER-HYA30,1,34.0,0.0
508644,5966,P06,MS-TRT-RET50,1,44.0,0.0
508645,5967,P03,MS-SER-VTC30,2,38.0,7.6
508646,5967,P02,MS-CLN-CRM150,1,24.0,2.4
508647,5967,P07,MS-MOI-SPF50,1,32.0,3.2
508648,5967,P04,MS-SER-HYA30,1,34.0,3.4
508649,5968,P11,MS-BDY-LOT400,1,28.0,0.0
508650,5969,P03,MS-SER-VTC30,1,38.0,0.0
508651,5969,P06,MS-TRT-RET50,2,44.0,0.0
508652,5970,P07,MS-MOI-SPF50,1,32.0,3.2
508653,5970,P09,MS-EYE-015,2,30.0,6.0
508654,5970,P04,MS-SER-HYA30,1,34.0,3.4
508655,5970,P03,MS-SER-VTC30,1,38.0,3.8
508656,5971,P11,MS-BDY-LOT400,1,28.0,0.0
508657,5972,P05,MS-SER-NIA30,1,29.0,4.35
508658,5973,P07,MS-MOI-SPF50,2,32.0,9.6
508659,5973,P10,MS-MSK-CLY100,1,26.0,3.9
508660,5974,P04,MS-SER-HYA30,2,34.0,0.0
508661,5975,P11,MS-BDY-LOT400,1,28.0,0.0
508662,5976,P06,MS-TRT-RET50,2,44.0,13.2
508663,5976,P03,MS-SER-VTC30,1,38.0,5.7
508664,5977,P06,MS-TRT-RET50,1,44.0,6.6
508665,5978,P06,MS-TRT-RET50,1,44.0,0.0
508666,5979,P06,MS-TRT-RET50,1,44.0,0.0
508667,5979,P05,MS-SER-NIA30,1,29.0,0.0
508668,5980,P02,MS-CLN-CRM150,1,24.0,0.0
508669,5980,P04,MS-SER-HYA30,1,34.0,0.0
508670,5981,P01,MS-CLN-GEL150,1,22.0,0.0
508671,5982,P10,MS-MSK-CLY100,1,26.0,3.9
508672,5983,P09,MS-EYE-015,1,30.0,0.0
508673,5984,P03,MS-SER-VTC30,1,38.0,0.0
508674,5984,P12,MS-SET-RTN3,1,88.0,0.0
508675,5984,P08,MS-MOI-BAR50,1,36.0,0.0
508676,5985,P06,MS-TRT-RET50,1,44.0,0.0
508677,5985,P04,MS-SER-HYA30,2,34.0,0.0
508678,5986,P10,MS-MSK-CLY100,1,26.0,2.6
508679,5987,P01,MS-CLN-GEL150,1,22.0,0.0
508680,5988,P02,MS-CLN-CRM150,1,24.0,3.6
508681,5988,P03,MS-SER-VTC30,1,38.0,5.7
508682,5989,P10,MS-MSK-CLY100,1,26.0,0.0
508683,5990,P12,MS-SET-RTN3,1,88.0,13.2
508684,5991,P05,MS-SER-NIA30,1,29.0,0.0
508685,5992,P03,MS-SER-VTC30,1,38.0,0.0
508686,5993,P04,MS-SER-HYA30,1,34.0,5.1
508687,5993,P05,MS-SER-NIA30,1,29.0,4.35
508688,5993,P10,MS-MSK-CLY100,1,26.0,3.9
508689,5994,P06,MS-TRT-RET50,1,44.0,0.0
508690,5994,P03,MS-SER-VTC30,1,38.0,0.0
508691,5994,P02,MS-CLN-CRM150,1,24.0,0.0
508692,5995,P03,MS-SER-VTC30,1,38.0,0.0
508693,5995,P09,MS-EYE-015,1,30.0,0.0
508694,5996,P03,MS-SER-VTC30,1,38.0,0.0
508695,5997,P01,MS-CLN-GEL150,1,22.0,0.0
508696,5998,P03,MS-SER-VTC30,1,38.0,3.8
508697,5999,P01,MS-CLN-GEL150,1,22.0,0.0
508698,6000,P07,MS-MOI-SPF50,1,32.0,0.0
508699,6000,P04,MS-SER-HYA30,2,34.0,0.0
508700,6000,P03,MS-SER-VTC30,2,38.0,0.0
508701,6001,P08,MS-MOI-BAR50,1,36.0,8.46
508702,6002,P05,MS-SER-NIA30,2,29.0,0.0
508703,6002,P07,MS-MOI-SPF50,1,32.0,0.0
508704,6003,P06,MS-TRT-RET50,1,44.0,0.0
508705,6004,P11,MS-BDY-LOT400,1,28.0,4.2
508706,6005,P06,MS-TRT-RET50,1,44.0,0.0
508707,6006,P07,MS-MOI-SPF50,1,32.0,3.2
508708,6006,P05,MS-SER-NIA30,1,29.0,2.9
508709,6007,P07,MS-MOI-SPF50,1,32.0,0.0
508710,6008,P06,MS-TRT-RET50,1,44.0,0.0
508711,6008,P09,MS-EYE-015,1,30.0,0.0
508712,6009,P08,MS-MOI-BAR50,1,36.0,5.4
508713,6010,P12,MS-SET-RTN3,1,88.0,0.0
508714,6010,P04,MS-SER-HYA30,1,34.0,0.0
508715,6010,P06,MS-TRT-RET50,1,44.0,0.0
508716,6011,P07,MS-MOI-SPF50,1,32.0,0.0
508717,6012,P07,MS-MOI-SPF50,1,32.0,0.0
508718,6012,P01,MS-CLN-GEL150,1,22.0,0.0
508719,6013,P08,MS-MOI-BAR50,2,36.0,8.64
508720,6014,P04,MS-SER-HYA30,1,34.0,0.0
508721,6014,P03,MS-SER-VTC30,1,38.0,0.0
508722,6014,P11,MS-BDY-LOT400,1,28.0,0.0
508723,6015,P06,MS-TRT-RET50,1,44.0,0.0
508724,6015,P03,MS-SER-VTC30,1,38.0,0.0
508725,6016,P11,MS-BDY-LOT400,1,28.0,0.0
508726,6016,P12,MS-SET-RTN3,1,88.0,0.0
508727,6017,P01,MS-CLN-GEL150,1,22.0,2.2
508728,6018,P03,MS-SER-VTC30,1,38.0,3.8
508729,6018,P01,MS-CLN-GEL150,1,22.0,2.2
508730,6018,P12,MS-SET-RTN3,1,88.0,8.8
508731,6018,P04,MS-SER-HYA30,1,34.0,3.4
508732,6019,P05,MS-SER-NIA30,1,29.0,2.9
508733,6020,P05,MS-SER-NIA30,1,29.0,4.35
508734,6020,P04,MS-SER-HYA30,1,34.0,5.1
508735,6020,P01,MS-CLN-GEL150,1,22.0,3.3
508736,6021,P01,MS-CLN-GEL150,1,22.0,0.0
508737,6021,P12,MS-SET-RTN3,1,88.0,0.0
508738,6022,P03,MS-SER-VTC30,1,38.0,3.8
508739,6023,P01,MS-CLN-GEL150,1,22.0,0.0
508740,6023,P03,MS-SER-VTC30,1,38.0,0.0
508741,6024,P05,MS-SER-NIA30,1,29.0,0.0
508742,6025,P07,MS-MOI-SPF50,2,32.0,0.0
508743,6025,P06,MS-TRT-RET50,1,44.0,0.0
508744,6026,P03,MS-SER-VTC30,2,38.0,7.6
508745,6026,P10,MS-MSK-CLY100,1,26.0,2.6
508746,6026,P11,MS-BDY-LOT400,1,28.0,2.8
508747,6027,P12,MS-SET-RTN3,1,88.0,13.2
508748,6028,P01,MS-CLN-GEL150,1,22.0,3.3
508749,6029,P03,MS-SER-VTC30,1,38.0,5.7
508750,6030,P12,MS-SET-RTN3,1,88.0,13.2
508751,6031,P08,MS-MOI-BAR50,1,36.0,0.0
508752,6031,P02,MS-CLN-CRM150,1,24.0,0.0
508753,6032,P12,MS-SET-RTN3,1,88.0,0.0
508754,6033,P03,MS-SER-VTC30,1,38.0,0.0
508755,6033,P07,MS-MOI-SPF50,2,32.0,0.0
508756,6033,P06,MS-TRT-RET50,1,44.0,0.0
508757,6034,P04,MS-SER-HYA30,2,34.0,10.2
508758,6034,P08,MS-MOI-BAR50,1,36.0,5.4
508759,6034,P01,MS-CLN-GEL150,1,22.0,3.3
508760,6035,P03,MS-SER-VTC30,1,38.0,0.0
508761,6036,P03,MS-SER-VTC30,1,38.0,0.0
508762,6037,P09,MS-EYE-015,2,30.0,9.0
508763,6037,P06,MS-TRT-RET50,1,44.0,6.6
508764,6038,P09,MS-EYE-015,1,30.0,0.0
508765,6039,P12,MS-SET-RTN3,1,88.0,0.0
508766,6039,P03,MS-SER-VTC30,1,38.0,0.0
508767,6039,P05,MS-SER-NIA30,1,29.0,0.0
508768,6040,P03,MS-SER-VTC30,1,38.0,0.0
508769,6040,P04,MS-SER-HYA30,1,34.0,0.0
508770,6041,P05,MS-SER-NIA30,1,29.0,4.35
508771,6041,P03,MS-SER-VTC30,2,38.0,11.4
508772,6042,P03,MS-SER-VTC30,1,38.0,0.0
508773,6043,P03,MS-SER-VTC30,1,38.0,3.8
508774,6043,P01,MS-CLN-GEL150,1,22.0,2.2
508775,6044,P05,MS-SER-NIA30,2,29.0,0.0
508776,6044,P03,MS-SER-VTC30,2,38.0,0.0
508777,6044,P07,MS-MOI-SPF50,1,32.0,0.0
508778,6045,P07,MS-MOI-SPF50,1,32.0,4.8
508779,6046,P01,MS-CLN-GEL150,1,22.0,5.54
508780,6046,P10,MS-MSK-CLY100,1,26.0,6.56
508781,6047,P05,MS-SER-NIA30,1,29.0,0.0
508782,6047,P01,MS-CLN-GEL150,1,22.0,0.0
508783,6047,P03,MS-SER-VTC30,1,38.0,0.0
508784,6048,P03,MS-SER-VTC30,1,38.0,5.7
508785,6049,P01,MS-CLN-GEL150,1,22.0,3.3
508786,6049,P04,MS-SER-HYA30,1,34.0,5.1
508787,6050,P07,MS-MOI-SPF50,1,32.0,0.0
508788,6051,P03,MS-SER-VTC30,1,38.0,3.8
508789,6052,P06,MS-TRT-RET50,1,44.0,0.0
508790,6053,P04,MS-SER-HYA30,1,34.0,0.0
508791,6053,P01,MS-CLN-GEL150,1,22.0,0.0
508792,6053,P02,MS-CLN-CRM150,2,24.0,0.0
508793,6054,P10,MS-MSK-CLY100,1,26.0,0.0
508794,6055,P03,MS-SER-VTC30,1,38.0,0.0
508795,6056,P05,MS-SER-NIA30,1,29.0,0.0
508796,6056,P03,MS-SER-VTC30,1,38.0,0.0
508797,6056,P01,MS-CLN-GEL150,1,22.0,0.0
508798,6057,P01,MS-CLN-GEL150,1,22.0,0.0
508799,6058,P11,MS-BDY-LOT400,1,28.0,4.2
508800,6058,P10,MS-MSK-CLY100,1,26.0,3.9
508801,6058,P04,MS-SER-HYA30,2,34.0,10.2
508802,6059,P01,MS-CLN-GEL150,1,22.0,0.0
508803,6059,P07,MS-MOI-SPF50,1,32.0,0.0
600008,6059,P01,MS-CLN-GEL150,1,22.0,0.0
508804,6060,P07,MS-MOI-SPF50,1,32.0,4.8
508805,6061,P01,MS-CLN-GEL150,1,22.0,0.0
508806,6061,P12,MS-SET-RTN3,1,88.0,0.0
508807,6062,P03,MS-SER-VTC30,1,38.0,5.7
508808,6063,P12,MS-SET-RTN3,1,88.0,0.0
508809,6064,P11,MS-BDY-LOT400,1,28.0,0.0
508810,6064,P03,MS-SER-VTC30,1,38.0,0.0
508811,6065,P03,MS-SER-VTC30,1,38.0,4.56
508812,6066,P12,MS-SET-RTN3,1,88.0,0.0
508813,6067,P01,MS-CLN-GEL150,1,22.0,3.3
508814,6068,P10,MS-MSK-CLY100,1,26.0,3.9
508815,6069,P03,MS-SER-VTC30,1,38.0,5.7
508816,6070,P03,MS-SER-VTC30,1,38.0,0.0
508817,6071,P06,MS-TRT-RET50,1,44.0,0.0
508818,6071,P12,MS-SET-RTN3,1,88.0,0.0
508819,6072,P01,MS-CLN-GEL150,1,22.0,0.0
508820,6072,P04,MS-SER-HYA30,1,34.0,0.0
508821,6073,P03,MS-SER-VTC30,1,38.0,0.0
508822,6073,P05,MS-SER-NIA30,1,29.0,0.0
508823,6073,P08,MS-MOI-BAR50,1,36.0,0.0
508824,6073,P11,MS-BDY-LOT400,1,28.0,0.0
